method,parameter_space,test_index,seed,layer,error_l2,owner_error_dot,owner_error_cosine,owner_gradient_l2,quality_error_dot,quality_error_cosine,quality_gradient_l2,ownership_score,image_mse
fixed_ptq_w8_c1.0_test,quantized,0,3459,conv_in.weight,0.0837320263089241,-6.235649145738643e-05,-0.008426432578193076,0.08837843763232488,4.490651929964932e-07,0.03267117506522393,0.0001641545928341082,0.05988333374261856,3.705482185978326e-06
fixed_ptq_w8_c1.0_test,quantized,0,3459,up_blocks.0.resnets.0.conv1.weight,1.1918811636973365,-3.982736787787662e-06,-0.00012969894341260789,0.02576393596934197,4.0972633660870726e-07,0.005943850953512615,5.783530280360255e-05,0.05988333374261856,3.705482185978326e-06
fixed_ptq_w8_c1.0_test,quantized,0,3459,up_blocks.0.resnets.0.conv2.weight,0.8195175184916672,-2.8457364909464206e-05,-0.0009052339573137311,0.03835973552381386,1.3053854154040946e-07,0.0018547909682169784,8.58787158878856e-05,0.05988333374261856,3.705482185978326e-06
fixed_ptq_w8_c1.0_test,quantized,0,3459,up_blocks.0.resnets.1.conv1.weight,1.2024793667778395,2.2952196599165387e-06,6.671269428067883e-05,0.028611336264822616,3.443367890935499e-07,0.004159304847383096,6.884700307671164e-05,0.05988333374261856,3.705482185978326e-06
fixed_ptq_w8_c1.0_test,quantized,0,3459,up_blocks.0.resnets.1.conv2.weight,0.76366091380036,2.259279735727645e-05,0.0006559436410537923,0.04510273914897843,1.488005395542957e-07,0.0018637113564638709,0.00010455030198329718,0.05988333374261856,3.705482185978326e-06
fixed_ptq_w8_c1.0_test,quantized,0,3459,up_blocks.0.resnets.2.conv1.weight,1.258696229445508,9.332323315638901e-06,0.0002567012067715982,0.02888290919274935,3.849661843386573e-07,0.00452708036406265,6.755903649477112e-05,0.05988333374261856,3.705482185978326e-06
fixed_ptq_w8_c1.0_test,quantized,0,3459,up_blocks.0.resnets.2.conv2.weight,0.7679976490921732,1.3717048764324461e-05,0.00039158362615312304,0.045611700946987216,9.598905698355779e-08,0.0013633787332546843,9.167381801137312e-05,0.05988333374261856,3.705482185978326e-06
fixed_ptq_w8_c1.0_test,quantized,0,3459,up_blocks.0.upsamplers.0.conv.weight,0.4598796936225145,-1.032263811891712e-05,-0.00016375019182517564,0.1370770191430192,6.724118579354888e-07,0.00549848923004395,0.0002659180096499003,0.05988333374261856,3.705482185978326e-06
fixed_ptq_w8_c1.0_test,quantized,0,3459,up_blocks.1.resnets.0.conv1.weight,1.1605746129245327,3.250400060261236e-05,0.0008128191118742253,0.03445639555175453,2.417546170090089e-07,0.0025985105085321604,8.016360384373636e-05,0.05988333374261856,3.705482185978326e-06
fixed_ptq_w8_c1.0_test,quantized,0,3459,up_blocks.1.resnets.0.conv2.weight,1.1144503949102627,-9.826948571051626e-06,-0.0002523977789537444,0.03493593829564842,2.2650313296179596e-07,0.00268108138107476,7.580598136203804e-05,0.05988333374261856,3.705482185978326e-06
fixed_ptq_w8_c1.0_test,quantized,0,3459,up_blocks.1.resnets.1.conv1.weight,1.1838596364530638,-3.7635105589548784e-05,-0.0009145593426599362,0.034760101394939215,3.4945770121865137e-07,0.004054770876032315,7.279944756219436e-05,0.05988333374261856,3.705482185978326e-06
fixed_ptq_w8_c1.0_test,quantized,0,3459,up_blocks.1.resnets.1.conv2.weight,1.0681922737846614,-4.435286066140949e-06,-0.0001155915635461642,0.03592080538353921,2.530235649341256e-07,0.003292650278495112,7.193925441208644e-05,0.05988333374261856,3.705482185978326e-06
fixed_ptq_w8_c1.0_test,quantized,0,3459,up_blocks.1.resnets.2.conv1.weight,1.1443847282752029,-1.4693173242630678e-05,-0.00031812481762764997,0.04035952023367101,2.7024445109830264e-07,0.003161218859465109,7.47016453664491e-05,0.05988333374261856,3.705482185978326e-06
fixed_ptq_w8_c1.0_test,quantized,0,3459,up_blocks.1.resnets.2.conv2.weight,0.9794177813243862,1.1693773393203508e-05,0.0003383193485084424,0.03529066592434617,9.003301227765372e-08,0.0014276664584465676,6.438831204119816e-05,0.05988333374261856,3.705482185978326e-06
fixed_ptq_w8_c1.0_test,quantized,0,3459,up_blocks.1.upsamplers.0.conv.weight,0.5073170002166529,6.92033922584654e-05,0.0011217274557468982,0.12160757208415016,2.751503354098087e-07,0.0029308956793884407,0.00018505050306691617,0.05988333374261856,3.705482185978326e-06
fixed_ptq_w8_c1.0_test,quantized,0,3459,up_blocks.2.resnets.0.conv1.weight,0.7521863972157539,-2.4400078453184152e-05,-0.0009008806282475971,0.036007958480245836,1.5294955911579898e-07,0.0030240846591728823,6.724017098745549e-05,0.05988333374261856,3.705482185978326e-06
fixed_ptq_w8_c1.0_test,quantized,0,3459,up_blocks.2.resnets.0.conv2.weight,0.6131526755805556,-2.3555586135892928e-05,-0.001276239537145654,0.03010184345814916,9.910337547862002e-08,0.003334106913910245,4.84775091557125e-05,0.05988333374261856,3.705482185978326e-06
fixed_ptq_w8_c1.0_test,quantized,0,3459,up_blocks.2.resnets.0.conv_shortcut.weight,0.052282203692116065,4.4408942262123876e-05,0.002625531664223829,0.3235186220441877,2.117081012898882e-07,0.008932879268439373,0.00045330668950603175,0.05988333374261856,3.705482185978326e-06
fixed_ptq_w8_c1.0_test,quantized,0,3459,up_blocks.2.resnets.1.conv1.weight,0.4851332093365615,-2.6456189998045338e-05,-0.001434587237851771,0.038013629099573724,1.1111134534361055e-07,0.0029516471885343352,7.759486043982417e-05,0.05988333374261856,3.705482185978326e-06
fixed_ptq_w8_c1.0_test,quantized,0,3459,up_blocks.2.resnets.1.conv2.weight,0.6572459861136889,-2.83997530145224e-05,-0.001279230646736312,0.03377829819207653,1.3219455253312022e-07,0.004747182245595994,4.236914615076924e-05,0.05988333374261856,3.705482185978326e-06
fixed_ptq_w8_c1.0_test,quantized,0,3459,up_blocks.2.resnets.2.conv1.weight,0.5146227831899781,-2.949207751115718e-05,-0.001395374367165937,0.04107008641377078,1.892710841708162e-07,0.006592220384217534,5.579092253715821e-05,0.05988333374261856,3.705482185978326e-06
fixed_ptq_w8_c1.0_test,quantized,0,3459,up_blocks.2.resnets.2.conv2.weight,0.6015476376614555,1.132828524243549e-05,0.0006372885779036586,0.02955003608463189,2.050247334764628e-08,0.0011140465038256308,3.0593763868047744e-05,0.05988333374261856,3.705482185978326e-06
fixed_ptq_w8_c1.0_test,quantized,0,3459,up_blocks.2.upsamplers.0.conv.weight,0.27824634041281426,1.4890722007126152e-05,0.000329646299859922,0.16234469049066644,1.7853689869798395e-07,0.003908077553027746,0.00016418570875796547,0.05988333374261856,3.705482185978326e-06
fixed_ptq_w8_c1.0_test,quantized,0,3459,up_blocks.3.resnets.0.conv1.weight,0.3478885727279285,-6.036692211302699e-05,-0.0042469506720826,0.04085842797023437,1.0408626109370117e-07,0.00758944751033485,3.942240209305296e-05,0.05988333374261856,3.705482185978326e-06
fixed_ptq_w8_c1.0_test,quantized,0,3459,up_blocks.3.resnets.0.conv2.weight,0.373706320770526,2.5738483833390612e-05,0.0028394101980406695,0.0242562901663866,4.1631348396280343e-08,0.008353816751186249,1.3335370602081997e-05,0.05988333374261856,3.705482185978326e-06
fixed_ptq_w8_c1.0_test,quantized,0,3459,up_blocks.3.resnets.0.conv_shortcut.weight,0.04200119050094848,-4.9065386068699076e-05,-0.0036074905456843455,0.32382354170359695,8.536400192925336e-08,0.00994498969570995,0.00020436608675942084,0.05988333374261856,3.705482185978326e-06
fixed_ptq_w8_c1.0_test,quantized,0,3459,up_blocks.3.resnets.1.conv1.weight,0.24075198500202138,-3.550186814040378e-05,-0.0027112736198645847,0.05438861272880795,3.1423531294794356e-08,0.00594399466561278,2.1958703809509942e-05,0.05988333374261856,3.705482185978326e-06
fixed_ptq_w8_c1.0_test,quantized,0,3459,up_blocks.3.resnets.1.conv2.weight,0.3872260557515659,3.661198723521004e-05,0.0032857756642758742,0.028775363667363277,1.1806992873087142e-08,0.0023842737059859773,1.2788470888862003e-05,0.05988333374261856,3.705482185978326e-06
fixed_ptq_w8_c1.0_test,quantized,0,3459,up_blocks.3.resnets.2.conv1.weight,0.25206567958705234,3.8372274609306206e-05,0.0025911778813585908,0.05874982784972991,3.053175210098766e-08,0.005120342570550147,2.3655873655042475e-05,0.05988333374261856,3.705482185978326e-06
fixed_ptq_w8_c1.0_test,quantized,0,3459,up_blocks.3.resnets.2.conv2.weight,0.3666501936315225,-1.694075985618406e-06,-0.00034835553474490955,0.013263503379577435,1.903985918976125e-11,5.306799417981923e-06,9.785412563260422e-06,0.05988333374261856,3.705482185978326e-06
fixed_ptq_w8_c1.0_test,quantized,0,3459,mid_block.attentions.0.to_q.weight,0.23078628195619744,2.1104114236802363e-06,0.0013733751416092012,0.006658370479740945,-1.7877754834105074e-10,-4.952170006276919e-05,1.564254601764438e-05,0.05988333374261856,3.705482185978326e-06
fixed_ptq_w8_c1.0_test,quantized,0,3459,mid_block.attentions.0.to_k.weight,0.23743591046848972,4.031389128146709e-07,0.00022418771308391439,0.007573497911204632,8.058651985465075e-10,0.00017487060688216706,1.940882214502021e-05,0.05988333374261856,3.705482185978326e-06
fixed_ptq_w8_c1.0_test,quantized,0,3459,mid_block.attentions.0.to_v.weight,0.15740808941460843,2.0362373602905824e-06,0.0003491309546073134,0.03705211454870497,-4.610733740523909e-09,-0.0003101612594590507,9.443988385849698e-05,0.05988333374261856,3.705482185978326e-06
fixed_ptq_w8_c1.0_test,quantized,0,3459,mid_block.attentions.0.to_out.0.weight,0.14889375094583934,9.945379919366716e-06,0.0015708448875118093,0.042521796462303404,4.8328808235585605e-08,0.0033243497937147327,9.763890499406549e-05,0.05988333374261856,3.705482185978326e-06
fixed_ptq_w8_c1.0_test,quantized,0,3459,mid_block.resnets.0.conv1.weight,1.1884465818355672,-6.25450997122028e-05,-0.0016802115641972712,0.03132201216460603,5.701969526501548e-07,0.005167687497518575,9.28429610731942e-05,0.05988333374261856,3.705482185978326e-06
fixed_ptq_w8_c1.0_test,quantized,0,3459,mid_block.resnets.0.conv2.weight,0.7352252030401639,-4.343970386167358e-06,-0.0001024617312934243,0.05766400200669696,4.4622628275099345e-07,0.004109980566094346,0.0001476709240112584,0.05988333374261856,3.705482185978326e-06
fixed_ptq_w8_c1.0_test,quantized,0,3459,mid_block.resnets.1.conv1.weight,1.1190719629553045,-1.743045798237798e-05,-0.0006850442091278933,0.022736948792279648,1.265012099802579e-07,0.0020959624170426975,5.3932825521501714e-05,0.05988333374261856,3.705482185978326e-06
fixed_ptq_w8_c1.0_test,quantized,0,3459,mid_block.resnets.1.conv2.weight,0.7529255505498338,1.2226972872237402e-05,0.0004149246049655067,0.03913791847566517,6.10555693909337e-08,0.0009669036916740158,8.386679220868231e-05,0.05988333374261856,3.705482185978326e-06
fixed_ptq_w8_c1.0_test,quantized,0,3459,conv_out.weight,0.007964138539927095,8.925054282213678e-05,0.021334887322191003,0.5252689223934018,3.498856419260446e-07,0.057035272527288634,0.0007702714369003206,0.05988333374261856,3.705482185978326e-06
fixed_ptq_w8_c1.0_test,quantized,1,3460,conv_in.weight,0.0837320263089241,-0.00017533547045431126,-0.012363816461601534,0.16936576664338956,7.0455394678617e-07,0.05682847678949541,0.00014806644023043124,0.07565683871507645,2.5755416572792456e-06
fixed_ptq_w8_c1.0_test,quantized,1,3460,up_blocks.0.resnets.0.conv1.weight,1.1918811636973365,1.9317715992806993e-05,0.00045852471351923944,0.035347611437495124,1.8948641916330183e-07,0.006862241962711103,2.3167496453891997e-05,0.07565683871507645,2.5755416572792456e-06
fixed_ptq_w8_c1.0_test,quantized,1,3460,up_blocks.0.resnets.0.conv2.weight,0.8195175184916672,1.5517356962452077e-05,0.00033822258012932896,0.05598309580581017,1.0372041296563458e-07,0.0024509335374598056,5.16386001890112e-05,0.07565683871507645,2.5755416572792456e-06
fixed_ptq_w8_c1.0_test,quantized,1,3460,up_blocks.0.resnets.1.conv1.weight,1.2024793667778395,-2.7040815219946285e-05,-0.0005398190190719468,0.04165757315797852,1.7888571025623105e-07,0.005952987070867487,2.498981708229623e-05,0.07565683871507645,2.5755416572792456e-06
fixed_ptq_w8_c1.0_test,quantized,1,3460,up_blocks.0.resnets.1.conv2.weight,0.76366091380036,-3.7663925719084033e-06,-7.48599994814513e-05,0.0658832784316089,9.995511140627224e-08,0.001993145714021429,6.566975479170819e-05,0.07565683871507645,2.5755416572792456e-06
fixed_ptq_w8_c1.0_test,quantized,1,3460,up_blocks.0.resnets.2.conv1.weight,1.258696229445508,-4.954360272256021e-05,-0.0008661231893361936,0.04544509199022468,3.2814937999152343e-07,0.009902408053977393,2.6327513142284222e-05,0.07565683871507645,2.5755416572792456e-06
fixed_ptq_w8_c1.0_test,quantized,1,3460,up_blocks.0.resnets.2.conv2.weight,0.7679976490921732,-5.560397828190639e-05,-0.001001504343227846,0.07229248230753584,7.973582415074025e-08,0.00156762079822841,6.622966831258925e-05,0.07565683871507645,2.5755416572792456e-06
fixed_ptq_w8_c1.0_test,quantized,1,3460,up_blocks.0.upsamplers.0.conv.weight,0.4598796936225145,-0.0001015206007009239,-0.0009048700089867276,0.2439628798224337,4.0914341615458804e-07,0.0052158508670732346,0.00017057138199776605,0.07565683871507645,2.5755416572792456e-06
fixed_ptq_w8_c1.0_test,quantized,1,3460,up_blocks.1.resnets.0.conv1.weight,1.1605746129245327,-4.1919534266350226e-05,-0.000746638537029517,0.048376336969730975,1.8620673836688168e-07,0.006239026587752216,2.571612276012531e-05,0.07565683871507645,2.5755416572792456e-06
fixed_ptq_w8_c1.0_test,quantized,1,3460,up_blocks.1.resnets.0.conv2.weight,1.1144503949102627,-3.6246209851813788e-06,-5.7818190826131184e-05,0.056251921226913935,1.1833557257406068e-07,0.0026718474636157775,3.974137723607838e-05,0.07565683871507645,2.5755416572792456e-06
fixed_ptq_w8_c1.0_test,quantized,1,3460,up_blocks.1.resnets.1.conv1.weight,1.1838596364530638,1.6773577658409012e-05,0.00026634345904766,0.053196548392971096,1.7840772167486123e-07,0.006250540216660753,2.4109926130136687e-05,0.07565683871507645,2.5755416572792456e-06
fixed_ptq_w8_c1.0_test,quantized,1,3460,up_blocks.1.resnets.1.conv2.weight,1.0681922737846614,2.685977230686472e-05,0.0004381320222925286,0.05739154261811113,1.1317621633213731e-07,0.002596324018373851,4.0808144399607404e-05,0.07565683871507645,2.5755416572792456e-06
fixed_ptq_w8_c1.0_test,quantized,1,3460,up_blocks.1.resnets.2.conv1.weight,1.1443847282752029,0.0001406080932489882,0.0020951877687416607,0.058642883315504477,2.1676830648442854e-07,0.007159549302805702,2.645684463663419e-05,0.07565683871507645,2.5755416572792456e-06
fixed_ptq_w8_c1.0_test,quantized,1,3460,up_blocks.1.resnets.2.conv2.weight,0.9794177813243862,-8.59633560929836e-06,-0.00015817160667046574,0.05549027178616695,8.056077055738589e-08,0.0017698679524120401,4.647450382059361e-05,0.07565683871507645,2.5755416572792456e-06
fixed_ptq_w8_c1.0_test,quantized,1,3460,up_blocks.1.upsamplers.0.conv.weight,0.5073170002166529,9.046959461831484e-05,0.0007751332360255961,0.23006304819372791,1.895890310585416e-07,0.0023277549903635295,0.00016054490401587893,0.07565683871507645,2.5755416572792456e-06
fixed_ptq_w8_c1.0_test,quantized,1,3460,up_blocks.2.resnets.0.conv1.weight,0.7521863972157539,-2.7371578143932514e-06,-5.4154991215106004e-05,0.06719483208278447,1.0591855038876349e-07,0.005078899693585498,2.7725342341579008e-05,0.07565683871507645,2.5755416572792456e-06
fixed_ptq_w8_c1.0_test,quantized,1,3460,up_blocks.2.resnets.0.conv2.weight,0.6131526755805556,-1.8924493255372897e-05,-0.0005933750015235195,0.05201473444529963,4.092522257762128e-08,0.0023665122382725548,2.8204192333898733e-05,0.07565683871507645,2.5755416572792456e-06
fixed_ptq_w8_c1.0_test,quantized,1,3460,up_blocks.2.resnets.0.conv_shortcut.weight,0.052282203692116065,8.07873657776735e-05,0.0024620117828935643,0.6276238455131938,8.982913202265455e-08,0.004320793474710876,0.00039764892262706254,0.07565683871507645,2.5755416572792456e-06
fixed_ptq_w8_c1.0_test,quantized,1,3460,up_blocks.2.resnets.1.conv1.weight,0.4851332093365615,2.3596496975028986e-05,0.0007616918327614149,0.06385681166728249,1.0104635875723523e-07,0.009626512309652351,2.1636683525349576e-05,0.07565683871507645,2.5755416572792456e-06
fixed_ptq_w8_c1.0_test,quantized,1,3460,up_blocks.2.resnets.1.conv2.weight,0.6572459861136889,-5.708536053903101e-05,-0.00149345925219323,0.05815719183108272,4.9061646728103254e-08,0.002533419823813258,2.946503857074285e-05,0.07565683871507645,2.5755416572792456e-06
fixed_ptq_w8_c1.0_test,quantized,1,3460,up_blocks.2.resnets.2.conv1.weight,0.5146227831899781,2.7055309983124548e-05,0.0008125383221726095,0.06470229001306706,8.234044582105017e-08,0.007417377245997397,2.1571176741121278e-05,0.07565683871507645,2.5755416572792456e-06
fixed_ptq_w8_c1.0_test,quantized,1,3460,up_blocks.2.resnets.2.conv2.weight,0.6015476376614555,-1.9573919453054502e-05,-0.0006170309183828514,0.052735230049935154,2.528799979269508e-08,0.0014900503840347156,2.8212625235398825e-05,0.07565683871507645,2.5755416572792456e-06
fixed_ptq_w8_c1.0_test,quantized,1,3460,up_blocks.2.upsamplers.0.conv.weight,0.27824634041281426,6.343271378346678e-06,6.894537200333476e-05,0.3306577540464773,1.5376145639286961e-07,0.002924604790862339,0.00018895171397090453,0.07565683871507645,2.5755416572792456e-06
fixed_ptq_w8_c1.0_test,quantized,1,3460,up_blocks.3.resnets.0.conv1.weight,0.3478885727279285,-2.432106329764337e-05,-0.0010160260171063983,0.06880778308915458,7.119489537149823e-08,0.0074212119270705545,2.757616434993201e-05,0.07565683871507645,2.5755416572792456e-06
fixed_ptq_w8_c1.0_test,quantized,1,3460,up_blocks.3.resnets.0.conv2.weight,0.373706320770526,5.5541411295640824e-05,0.003728933381223311,0.03985674635431568,2.6347270183237848e-08,0.0052451131783276695,1.3441579895421986e-05,0.07565683871507645,2.5755416572792456e-06
fixed_ptq_w8_c1.0_test,quantized,1,3460,up_blocks.3.resnets.0.conv_shortcut.weight,0.04200119050094848,7.185872415352636e-05,0.002945357262505553,0.5808713021945596,1.0421349304677046e-07,0.008837574036328209,0.00028075615586547136,0.07565683871507645,2.5755416572792456e-06
fixed_ptq_w8_c1.0_test,quantized,1,3460,up_blocks.3.resnets.1.conv1.weight,0.24075198500202138,-6.092377646040771e-05,-0.0029602255844115477,0.08548543610426383,3.5720533779723354e-08,0.004571117958597008,3.245828991054267e-05,0.07565683871507645,2.5755416572792456e-06
fixed_ptq_w8_c1.0_test,quantized,1,3460,up_blocks.3.resnets.1.conv2.weight,0.3872260557515659,5.2995522178516725e-05,0.002814209726638413,0.04863155355048359,5.9831199373330035e-09,0.0009959755218692697,1.551366722399916e-05,0.07565683871507645,2.5755416572792456e-06
fixed_ptq_w8_c1.0_test,quantized,1,3460,up_blocks.3.resnets.2.conv1.weight,0.25206567958705234,6.0146952584307404e-05,0.0023175931171470375,0.10295862124563221,3.376974881880059e-08,0.002954145777641672,4.535051154322634e-05,0.07565683871507645,2.5755416572792456e-06
fixed_ptq_w8_c1.0_test,quantized,1,3460,up_blocks.3.resnets.2.conv2.weight,0.3666501936315225,1.2102149928849755e-05,0.0014371876341685223,0.022966622840880496,2.022184508602865e-09,0.0003800527149468505,1.451192486110635e-05,0.07565683871507645,2.5755416572792456e-06
fixed_ptq_w8_c1.0_test,quantized,1,3460,mid_block.attentions.0.to_q.weight,0.23078628195619744,5.189647830617556e-06,0.0023384628102587754,0.009616065869300224,-1.9851553088829064e-10,-0.00010722203545230488,8.022328683395966e-06,0.07565683871507645,2.5755416572792456e-06
fixed_ptq_w8_c1.0_test,quantized,1,3460,mid_block.attentions.0.to_k.weight,0.23743591046848972,-3.632159363554957e-06,-0.001253098684708224,0.012207682277378543,3.0973296957960332e-09,0.0017939428241463048,7.271641099349569e-06,0.07565683871507645,2.5755416572792456e-06
fixed_ptq_w8_c1.0_test,quantized,1,3460,mid_block.attentions.0.to_v.weight,0.15740808941460843,1.4440597684179117e-06,0.00012757945894860254,0.0719080257203115,2.708842140730623e-08,0.004526403036364964,3.8019239726671365e-05,0.07565683871507645,2.5755416572792456e-06
fixed_ptq_w8_c1.0_test,quantized,1,3460,mid_block.attentions.0.to_out.0.weight,0.14889375094583934,2.4096886085108957e-05,0.0018144297035601789,0.08919577981135716,1.2843783415952902e-08,0.0013208694935470196,6.530652761375251e-05,0.07565683871507645,2.5755416572792456e-06
fixed_ptq_w8_c1.0_test,quantized,1,3460,mid_block.resnets.0.conv1.weight,1.1884465818355672,3.3987025270484366e-05,0.0005179626209494495,0.055212202067870954,1.9170389397040805e-07,0.005845278161609113,2.7595996787735884e-05,0.07565683871507645,2.5755416572792456e-06
fixed_ptq_w8_c1.0_test,quantized,1,3460,mid_block.resnets.0.conv2.weight,0.7352252030401639,8.852296127369522e-06,0.00013853113635776024,0.08691368243028141,1.7533967814301831e-07,0.0033713598199553306,7.073831530370425e-05,0.07565683871507645,2.5755416572792456e-06
fixed_ptq_w8_c1.0_test,quantized,1,3460,mid_block.resnets.1.conv1.weight,1.1190719629553045,4.005715692195312e-05,0.0011345681638388469,0.03154942973163004,7.706588983792289e-08,0.0036223810423849897,1.9011222727703446e-05,0.07565683871507645,2.5755416572792456e-06
fixed_ptq_w8_c1.0_test,quantized,1,3460,mid_block.resnets.1.conv2.weight,0.7529255505498338,-6.04883247475472e-05,-0.0013126453550698258,0.06120291612503317,8.824860831639427e-08,0.0022241357540144307,5.269804918109366e-05,0.07565683871507645,2.5755416572792456e-06
fixed_ptq_w8_c1.0_test,quantized,1,3460,conv_out.weight,0.007964138539927095,0.000270345741390248,0.041927661550915485,0.8096178703388706,4.498734859670664e-07,0.05995140331893528,0.0009422198264327545,0.07565683871507645,2.5755416572792456e-06
fixed_ptq_w8_c1.0_test,quantized,2,3461,conv_in.weight,0.0837320263089241,-4.669321816874922e-06,-0.0005205857030590931,0.1071198532779217,1.084723701656236e-06,0.05104285458953531,0.00025380055887033655,0.06345941126346588,4.316567355999723e-06
fixed_ptq_w8_c1.0_test,quantized,2,3461,up_blocks.0.resnets.0.conv1.weight,1.1918811636973365,-7.440437916705597e-06,-0.00018896147997177564,0.03303636526507407,3.829820723645652e-07,0.008558305308059013,3.7545484512873846e-05,0.06345941126346588,4.316567355999723e-06
fixed_ptq_w8_c1.0_test,quantized,2,3461,up_blocks.0.resnets.0.conv2.weight,0.8195175184916672,1.961184182351208e-05,0.0005251996034046381,0.04556545912349594,9.783591482248212e-08,0.001713071821817398,6.968904242497117e-05,0.06345941126346588,4.316567355999723e-06
fixed_ptq_w8_c1.0_test,quantized,2,3461,up_blocks.0.resnets.1.conv1.weight,1.2024793667778395,-3.3427594465230734e-05,-0.0006814808124863403,0.04079189294337396,3.956296570824428e-07,0.007704509756932989,4.2703768000240024e-05,0.06345941126346588,4.316567355999723e-06
fixed_ptq_w8_c1.0_test,quantized,2,3461,up_blocks.0.resnets.1.conv2.weight,0.76366091380036,-7.3490484085223895e-06,-0.00018590927299165903,0.05176419835918842,1.5763091077857546e-07,0.002519511315221032,8.19265202343857e-05,0.06345941126346588,4.316567355999723e-06
fixed_ptq_w8_c1.0_test,quantized,2,3461,up_blocks.0.resnets.2.conv1.weight,1.258696229445508,-7.86481560034571e-06,-0.00014144989749752027,0.0441738219392171,4.4966108891236073e-07,0.008892236307149252,4.017476834852074e-05,0.06345941126346588,4.316567355999723e-06
fixed_ptq_w8_c1.0_test,quantized,2,3461,up_blocks.0.resnets.2.conv2.weight,0.7679976490921732,-1.0796567859639034e-06,-2.689611756211462e-05,0.05226804228391762,1.594996859030552e-07,0.0024167702722197463,8.593390973312726e-05,0.06345941126346588,4.316567355999723e-06
fixed_ptq_w8_c1.0_test,quantized,2,3461,up_blocks.0.upsamplers.0.conv.weight,0.4598796936225145,-2.9651033852063728e-05,-0.00031573022428239687,0.20421114913355645,8.504405124654299e-07,0.006292797953561507,0.00029387045089569156,0.06345941126346588,4.316567355999723e-06
fixed_ptq_w8_c1.0_test,quantized,2,3461,up_blocks.1.resnets.0.conv1.weight,1.1605746129245327,-3.108622849529517e-05,-0.0005898959238758841,0.04540666165952652,2.960482556712619e-07,0.006883954606588873,3.705539459444758e-05,0.06345941126346588,4.316567355999723e-06
fixed_ptq_w8_c1.0_test,quantized,2,3461,up_blocks.1.resnets.0.conv2.weight,1.1144503949102627,6.660993914346114e-05,0.0013297928884521408,0.044946335408193684,2.2349291021342236e-07,0.004046060143051199,4.956449369356214e-05,0.06345941126346588,4.316567355999723e-06
fixed_ptq_w8_c1.0_test,quantized,2,3461,up_blocks.1.resnets.1.conv1.weight,1.1838596364530638,-6.79960740575526e-05,-0.0012165738870386158,0.04721121031809151,3.0522832376090896e-07,0.007852296026961908,3.2834314534362204e-05,0.06345941126346588,4.316567355999723e-06
fixed_ptq_w8_c1.0_test,quantized,2,3461,up_blocks.1.resnets.1.conv2.weight,1.0681922737846614,-2.1730516182029063e-05,-0.0004515850762155274,0.04504857202925541,1.7858491841618056e-07,0.0032932088721151736,5.076636530687523e-05,0.06345941126346588,4.316567355999723e-06
fixed_ptq_w8_c1.0_test,quantized,2,3461,up_blocks.1.resnets.2.conv1.weight,1.1443847282752029,1.7223751495519806e-05,0.0002770203383572118,0.05433054254472004,4.081972579512725e-07,0.01011295691035727,3.527117053321965e-05,0.06345941126346588,4.316567355999723e-06
fixed_ptq_w8_c1.0_test,quantized,2,3461,up_blocks.1.resnets.2.conv2.weight,0.9794177813243862,-4.3670775577645005e-06,-0.00010312927528182157,0.043235546682392455,1.2380703317999805e-07,0.0023816602695493753,5.307591872024775e-05,0.06345941126346588,4.316567355999723e-06
fixed_ptq_w8_c1.0_test,quantized,2,3461,up_blocks.1.upsamplers.0.conv.weight,0.5073170002166529,0.00013772558101595917,0.0015086412745508343,0.17994890657741172,4.502546331284803e-07,0.003163204885496458,0.000280576602400307,0.06345941126346588,4.316567355999723e-06
fixed_ptq_w8_c1.0_test,quantized,2,3461,up_blocks.2.resnets.0.conv1.weight,0.7521863972157539,4.682898533774406e-05,0.0011523656646235832,0.05402552089171162,1.9281064949903763e-07,0.007862778083639166,3.2600895065772306e-05,0.06345941126346588,4.316567355999723e-06
fixed_ptq_w8_c1.0_test,quantized,2,3461,up_blocks.2.resnets.0.conv2.weight,0.6131526755805556,-1.4718337531099686e-06,-5.952398932600871e-05,0.0403272029064619,1.6570307369757423e-07,0.005975634081991027,4.5224933934327e-05,0.06345941126346588,4.316567355999723e-06
fixed_ptq_w8_c1.0_test,quantized,2,3461,up_blocks.2.resnets.0.conv_shortcut.weight,0.052282203692116065,-8.327363136793998e-06,-0.0003500353016864581,0.4550318255987549,2.436550091328918e-07,0.006774289736775985,0.0006879512939996536,0.06345941126346588,4.316567355999723e-06
fixed_ptq_w8_c1.0_test,quantized,2,3461,up_blocks.2.resnets.1.conv1.weight,0.4851332093365615,2.5875000408048343e-05,0.0009434979525068706,0.056529923587245685,1.345245340791396e-07,0.01151681147470904,2.4077324946325723e-05,0.06345941126346588,4.316567355999723e-06
fixed_ptq_w8_c1.0_test,quantized,2,3461,up_blocks.2.resnets.1.conv2.weight,0.6572459861136889,-1.0714128906926348e-05,-0.0003592241457145547,0.04537988637570229,1.1135741953695295e-07,0.003809770924896707,4.447258286522842e-05,0.06345941126346588,4.316567355999723e-06
fixed_ptq_w8_c1.0_test,quantized,2,3461,up_blocks.2.resnets.2.conv1.weight,0.5146227831899781,1.4510369801848911e-05,0.0005158806997871077,0.05465629531387464,1.2693649573013985e-07,0.011095891217864768,2.2229787195168046e-05,0.06345941126346588,4.316567355999723e-06
fixed_ptq_w8_c1.0_test,quantized,2,3461,up_blocks.2.resnets.2.conv2.weight,0.6015476376614555,1.6390583093186457e-05,0.0007416058358421661,0.03674102258360286,7.489717716882512e-09,0.0002970623376927431,4.191291144048982e-05,0.06345941126346588,4.316567355999723e-06
fixed_ptq_w8_c1.0_test,quantized,2,3461,up_blocks.2.upsamplers.0.conv.weight,0.27824634041281426,2.887070666956752e-05,0.0005142690150966029,0.2017611731644215,2.2922669923500674e-07,0.002378495659214083,0.0003463645025274639,0.06345941126346588,4.316567355999723e-06
fixed_ptq_w8_c1.0_test,quantized,2,3461,up_blocks.3.resnets.0.conv1.weight,0.3478885727279285,-3.672901271633918e-06,-0.00021154072433005915,0.04990856741905481,7.743871371032403e-08,0.007954238134436487,2.7984617695093396e-05,0.06345941126346588,4.316567355999723e-06
fixed_ptq_w8_c1.0_test,quantized,2,3461,up_blocks.3.resnets.0.conv2.weight,0.373706320770526,3.2968936871040084e-05,0.003155758860018149,0.027955720469076656,8.007718090156542e-10,0.00010953210697855024,1.956306464979773e-05,0.06345941126346588,4.316567355999723e-06
fixed_ptq_w8_c1.0_test,quantized,2,3461,up_blocks.3.resnets.0.conv_shortcut.weight,0.04200119050094848,-6.424633958948368e-05,-0.003981443913802225,0.3841901148041473,7.811610666632201e-08,0.004492635537776693,0.0004139785139206961,0.06345941126346588,4.316567355999723e-06
fixed_ptq_w8_c1.0_test,quantized,2,3461,up_blocks.3.resnets.1.conv1.weight,0.24075198500202138,-1.042358375124374e-06,-6.976077491893155e-05,0.06206344626211373,3.144061759397282e-08,0.0035608769050090787,3.667450247075441e-05,0.06345941126346588,4.316567355999723e-06
fixed_ptq_w8_c1.0_test,quantized,2,3461,up_blocks.3.resnets.1.conv2.weight,0.3872260557515659,6.510681228897798e-06,0.000533735767676733,0.031501813224821304,4.1269939100199394e-08,0.0043105239575723766,2.4725164646774494e-05,0.06345941126346588,4.316567355999723e-06
fixed_ptq_w8_c1.0_test,quantized,2,3461,up_blocks.3.resnets.2.conv1.weight,0.25206567958705234,5.938253974672772e-05,0.003397907861214072,0.0693319559243252,7.777404003949489e-08,0.006016218379027121,5.1285825418802144e-05,0.06345941126346588,4.316567355999723e-06
fixed_ptq_w8_c1.0_test,quantized,2,3461,up_blocks.3.resnets.2.conv2.weight,0.3666501936315225,1.5137429565807625e-05,0.002674785899468243,0.015435161986903267,1.5871818101576052e-08,0.00212477460562996,2.0373323991613645e-05,0.06345941126346588,4.316567355999723e-06
fixed_ptq_w8_c1.0_test,quantized,2,3461,mid_block.attentions.0.to_q.weight,0.23078628195619744,7.843926324532396e-06,0.0034064222065844914,0.009977575895075181,3.998386516437309e-09,0.0009850506054821862,1.758799126908386e-05,0.06345941126346588,4.316567355999723e-06
fixed_ptq_w8_c1.0_test,quantized,2,3461,mid_block.attentions.0.to_k.weight,0.23743591046848972,-1.1070690258402412e-06,-0.0005144883393661336,0.009062598927937352,2.5271596852137244e-10,6.06466898296036e-05,1.7550083205206678e-05,0.06345941126346588,4.316567355999723e-06
fixed_ptq_w8_c1.0_test,quantized,2,3461,mid_block.attentions.0.to_v.weight,0.15740808941460843,-3.199922406074244e-08,-3.4539506475704056e-06,0.05885674929832944,1.1707863344479588e-07,0.0069481918359324615,0.00010704805886195762,0.06345941126346588,4.316567355999723e-06
fixed_ptq_w8_c1.0_test,quantized,2,3461,mid_block.attentions.0.to_out.0.weight,0.14889375094583934,8.494028928450319e-06,0.0007376846342773306,0.07733329725555048,6.984623502090401e-08,0.0025816215552598443,0.00018170795953122309,0.06345941126346588,4.316567355999723e-06
fixed_ptq_w8_c1.0_test,quantized,2,3461,mid_block.resnets.0.conv1.weight,1.1884465818355672,-8.413932646432774e-05,-0.0019339189366809997,0.03660842960435224,6.218408554471506e-07,0.006700378575707024,7.809086706463489e-05,0.06345941126346588,4.316567355999723e-06
fixed_ptq_w8_c1.0_test,quantized,2,3461,mid_block.resnets.0.conv2.weight,0.7352252030401639,9.623412568054262e-06,0.00018547708273309097,0.0705697310832877,1.9805665969900845e-07,0.0020047528917221838,0.00013437182500338138,0.06345941126346588,4.316567355999723e-06
fixed_ptq_w8_c1.0_test,quantized,2,3461,mid_block.resnets.1.conv1.weight,1.1190719629553045,6.817370984770638e-05,0.0021848620939243085,0.027882703642609363,2.0737955712473339e-07,0.004145005247460257,4.470775299571071e-05,0.06345941126346588,4.316567355999723e-06
fixed_ptq_w8_c1.0_test,quantized,2,3461,mid_block.resnets.1.conv2.weight,0.7529255505498338,-1.2461410227388237e-05,-0.0003646383696371141,0.045389227560871374,5.561173162913439e-08,0.0009050295160897896,8.161155255639726e-05,0.06345941126346588,4.316567355999723e-06
fixed_ptq_w8_c1.0_test,quantized,2,3461,conv_out.weight,0.007964138539927095,0.00031773670401473897,0.05634546055865049,0.7080593252487332,2.535666147396029e-07,0.03392688853946955,0.0009384458852422993,0.06345941126346588,4.316567355999723e-06
fixed_ptq_w8_c1.0_test,quantized,3,3462,conv_in.weight,0.0837320263089241,-2.802411090113294e-06,-0.0021332144509636744,0.01568937793557408,1.6376479614942218e-07,0.03320046467056526,5.890942525824204e-05,0.00268130493350327,6.896938202771707e-07
fixed_ptq_w8_c1.0_test,quantized,3,3462,up_blocks.0.resnets.0.conv1.weight,1.1918811636973365,3.5289450276465646e-07,8.909884369181167e-05,0.003323072901883871,4.9474510044337245e-08,0.006593497388026291,6.295535934652259e-06,0.00268130493350327,6.896938202771707e-07
fixed_ptq_w8_c1.0_test,quantized,3,3462,up_blocks.0.resnets.0.conv2.weight,0.8195175184916672,-2.7833676485415872e-06,-0.0004957278269200419,0.006851237698261193,2.4602371738691014e-08,0.001169086931040865,2.5678634688994033e-05,0.00268130493350327,6.896938202771707e-07
fixed_ptq_w8_c1.0_test,quantized,3,3462,up_blocks.0.resnets.1.conv1.weight,1.2024793667778395,-3.979894524987475e-06,-0.0010582021536180207,0.003127701428195057,5.455537743233138e-08,0.007899353078508996,5.743391295483592e-06,0.00268130493350327,6.896938202771707e-07
fixed_ptq_w8_c1.0_test,quantized,3,3462,up_blocks.0.resnets.1.conv2.weight,0.76366091380036,2.0369433745352875e-06,0.0003475688405878916,0.0076742785420942875,2.332855916506981e-08,0.0010943358271964514,2.7914942388455656e-05,0.00268130493350327,6.896938202771707e-07
fixed_ptq_w8_c1.0_test,quantized,3,3462,up_blocks.0.resnets.2.conv1.weight,1.258696229445508,5.812825991816368e-07,0.00011845902035612274,0.0038985064265740694,6.45755302774877e-08,0.007746828728659572,6.622517208957446e-06,0.00268130493350327,6.896938202771707e-07
fixed_ptq_w8_c1.0_test,quantized,3,3462,up_blocks.0.resnets.2.conv2.weight,0.7679976490921732,-2.6043447506396387e-06,-0.0004108670272184914,0.008253483608534598,-2.876827499919925e-10,-1.2441545969907403e-05,3.0107838816922804e-05,0.00268130493350327,6.896938202771707e-07
fixed_ptq_w8_c1.0_test,quantized,3,3462,up_blocks.0.upsamplers.0.conv.weight,0.4598796936225145,-1.0646139438274611e-05,-0.0009168107830246797,0.025250396616708953,1.503025447307854e-07,0.004325186956069111,7.556439605864548e-05,0.00268130493350327,6.896938202771707e-07
fixed_ptq_w8_c1.0_test,quantized,3,3462,up_blocks.1.resnets.0.conv1.weight,1.1605746129245327,-4.5847926519775593e-07,-9.256661906679636e-05,0.004267683771051745,4.052846915972565e-08,0.0054231052772831636,6.4393065140368595e-06,0.00268130493350327,6.896938202771707e-07
fixed_ptq_w8_c1.0_test,quantized,3,3462,up_blocks.1.resnets.0.conv2.weight,1.1144503949102627,-1.494822460490739e-08,-2.520154267270556e-06,0.00532232935609222,3.808757597797427e-08,0.0023435245893926077,1.4583208209715627e-05,0.00268130493350327,6.896938202771707e-07
fixed_ptq_w8_c1.0_test,quantized,3,3462,up_blocks.1.resnets.1.conv1.weight,1.1838596364530638,-3.17531336759171e-06,-0.0006316435659775246,0.004246335469842359,4.622471751999173e-08,0.006394567041754185,6.106085867457845e-06,0.00268130493350327,6.896938202771707e-07
fixed_ptq_w8_c1.0_test,quantized,3,3462,up_blocks.1.resnets.1.conv2.weight,1.0681922737846614,2.6675646050842958e-06,0.00040867616006877406,0.006110633122445095,3.060055053972241e-08,0.00166944670284435,1.7159603512374752e-05,0.00268130493350327,6.896938202771707e-07
fixed_ptq_w8_c1.0_test,quantized,3,3462,up_blocks.1.resnets.2.conv1.weight,1.1443847282752029,8.918560032111438e-06,0.0015128666696601247,0.0051513615432175,6.566559729381907e-08,0.0075802987326945865,7.569714924753149e-06,0.00268130493350327,6.896938202771707e-07
fixed_ptq_w8_c1.0_test,quantized,3,3462,up_blocks.1.resnets.2.conv2.weight,0.9794177813243862,1.0126844620120522e-06,0.00017187928405901047,0.0060156509103900385,1.5680071836218608e-08,0.0008398993224218265,1.9061313874326096e-05,0.00268130493350327,6.896938202771707e-07
fixed_ptq_w8_c1.0_test,quantized,3,3462,up_blocks.1.upsamplers.0.conv.weight,0.5073170002166529,1.0573842940386675e-05,0.0009445713968350697,0.022065747753595308,7.420250695712676e-08,0.0020136747270628193,7.26356526456144e-05,0.00268130493350327,6.896938202771707e-07
fixed_ptq_w8_c1.0_test,quantized,3,3462,up_blocks.2.resnets.0.conv1.weight,0.7521863972157539,-2.6185896473139494e-06,-0.0006562675923425942,0.005304702256654695,3.769294081770453e-08,0.006478582182061816,7.734897716366053e-06,0.00268130493350327,6.896938202771707e-07
fixed_ptq_w8_c1.0_test,quantized,3,3462,up_blocks.2.resnets.0.conv2.weight,0.6131526755805556,-5.641458651164005e-06,-0.0018749674935552025,0.004907146670828561,2.4473156551998554e-08,0.0037426254046145136,1.0664610522875717e-05,0.00268130493350327,6.896938202771707e-07
fixed_ptq_w8_c1.0_test,quantized,3,3462,up_blocks.2.resnets.0.conv_shortcut.weight,0.052282203692116065,4.732337593251776e-06,0.001783247552908159,0.05075866568030769,-6.68451583263002e-09,-0.0006941020843632696,0.0001842013135781556,0.00268130493350327,6.896938202771707e-07
fixed_ptq_w8_c1.0_test,quantized,3,3462,up_blocks.2.resnets.1.conv1.weight,0.4851332093365615,3.205842811843546e-06,0.0011329457655403338,0.00583273303138648,1.8621635035732507e-08,0.006535401935947896,5.873331359353404e-06,0.00268130493350327,6.896938202771707e-07
fixed_ptq_w8_c1.0_test,quantized,3,3462,up_blocks.2.resnets.1.conv2.weight,0.6572459861136889,-3.4837712958588526e-06,-0.0009115144503272255,0.005815112700796711,2.6400536818696198e-08,0.0036370869321152542,1.1044120430330889e-05,0.00268130493350327,6.896938202771707e-07
fixed_ptq_w8_c1.0_test,quantized,3,3462,up_blocks.2.resnets.2.conv1.weight,0.5146227831899781,-8.377096527889933e-07,-0.00028295673788571423,0.0057528688124218975,2.2020871216802706e-08,0.006626761044877771,6.457199095257001e-06,0.00268130493350327,6.896938202771707e-07
fixed_ptq_w8_c1.0_test,quantized,3,3462,up_blocks.2.resnets.2.conv2.weight,0.6015476376614555,1.1024821208659018e-06,0.00036450873679673646,0.005027980530267156,7.62229155532722e-09,0.0012121568744594318,1.0453379136518692e-05,0.00268130493350327,6.896938202771707e-07
fixed_ptq_w8_c1.0_test,quantized,3,3462,up_blocks.2.upsamplers.0.conv.weight,0.27824634041281426,1.2112478590142533e-05,0.001662636995038333,0.02618219913472361,6.537654405201872e-08,0.0025281358311491533,9.293773716037515e-05,0.00268130493350327,6.896938202771707e-07
fixed_ptq_w8_c1.0_test,quantized,3,3462,up_blocks.3.resnets.0.conv1.weight,0.3478885727279285,-1.1827099568269265e-06,-0.0005417013996027905,0.00627593059086157,2.1948632537898786e-08,0.005785820176022939,1.090441502615644e-05,0.00268130493350327,6.896938202771707e-07
fixed_ptq_w8_c1.0_test,quantized,3,3462,up_blocks.3.resnets.0.conv2.weight,0.373706320770526,-2.0482843485000585e-06,-0.0015463401725056378,0.0035444982346782977,7.324119875574692e-09,0.0037268578116739443,5.258745782360097e-06,0.00268130493350327,6.896938202771707e-07
fixed_ptq_w8_c1.0_test,quantized,3,3462,up_blocks.3.resnets.0.conv_shortcut.weight,0.04200119050094848,-8.59296463604982e-06,-0.004259708423893617,0.04802877958306487,2.102418529093365e-08,0.003926922348326854,0.00012746920038362775,0.00268130493350327,6.896938202771707e-07
fixed_ptq_w8_c1.0_test,quantized,3,3462,up_blocks.3.resnets.1.conv1.weight,0.24075198500202138,-5.6250258168751875e-06,-0.003376425410147574,0.006919862794846856,1.5087089495806524e-08,0.005355622265780816,1.1701071995751905e-05,0.00268130493350327,6.896938202771707e-07
fixed_ptq_w8_c1.0_test,quantized,3,3462,up_blocks.3.resnets.1.conv2.weight,0.3872260557515659,4.976698966413526e-06,0.0024805442438357453,0.005181193612941415,9.754318583347173e-10,0.000408435921941121,6.167489688385359e-06,0.00268130493350327,6.896938202771707e-07
fixed_ptq_w8_c1.0_test,quantized,3,3462,up_blocks.3.resnets.2.conv1.weight,0.25206567958705234,-4.269047529909484e-06,-0.00141028163393845,0.012009126576611297,9.20718063018012e-09,0.0033889822412523753,1.077813583642924e-05,0.00268130493350327,6.896938202771707e-07
fixed_ptq_w8_c1.0_test,quantized,3,3462,up_blocks.3.resnets.2.conv2.weight,0.3666501936315225,-1.2972027379295966e-06,-0.0015491943343743026,0.00228375776977621,-9.157461090269402e-11,-4.894881026965979e-05,5.102476613615128e-06,0.00268130493350327,6.896938202771707e-07
fixed_ptq_w8_c1.0_test,quantized,3,3462,mid_block.attentions.0.to_q.weight,0.23078628195619744,1.9048267241924732e-07,0.0012384278476907764,0.0006664610542085157,8.223023092989862e-10,0.002938793052889644,1.2124183890261739e-06,0.00268130493350327,6.896938202771707e-07
fixed_ptq_w8_c1.0_test,quantized,3,3462,mid_block.attentions.0.to_k.weight,0.23743591046848972,2.0548979419539924e-07,0.0012320280771676328,0.0007024626673563427,8.842569961429558e-11,0.00031403975113889843,1.185898382108822e-06,0.00268130493350327,6.896938202771707e-07
fixed_ptq_w8_c1.0_test,quantized,3,3462,mid_block.attentions.0.to_v.weight,0.15740808941460843,-8.946870019403419e-07,-0.0008395884650777733,0.00676982772429999,1.0994739178778805e-08,0.004310135183464117,1.6205670041309578e-05,0.00268130493350327,6.896938202771707e-07
fixed_ptq_w8_c1.0_test,quantized,3,3462,mid_block.attentions.0.to_out.0.weight,0.14889375094583934,-1.6298660669931125e-06,-0.0012311797522355354,0.008891069041198523,7.945220618306318e-09,0.0015084503318716054,3.5375165080205954e-05,0.00268130493350327,6.896938202771707e-07
fixed_ptq_w8_c1.0_test,quantized,3,3462,mid_block.resnets.0.conv1.weight,1.1884465818355672,-4.256916187885638e-06,-0.0007595526427387442,0.004715823634111996,3.286736246498027e-08,0.0035541398510341242,7.781273415126662e-06,0.00268130493350327,6.896938202771707e-07
fixed_ptq_w8_c1.0_test,quantized,3,3462,mid_block.resnets.0.conv2.weight,0.7352252030401639,-1.4842298804810792e-06,-0.00020808736175494143,0.009701414947632856,5.343873410408499e-08,0.002343038826027526,3.1021035482570366e-05,0.00268130493350327,6.896938202771707e-07
fixed_ptq_w8_c1.0_test,quantized,3,3462,mid_block.resnets.1.conv1.weight,1.1190719629553045,2.672093467270947e-06,0.0007334607778826738,0.003255492771804944,2.9669454829903464e-08,0.004178150507294648,6.3455237058063605e-06,0.00268130493350327,6.896938202771707e-07
fixed_ptq_w8_c1.0_test,quantized,3,3462,mid_block.resnets.1.conv2.weight,0.7529255505498338,3.487787835267708e-06,0.0006578791635874975,0.00704128449469264,6.506700331939487e-09,0.0004016882747969611,2.151392327646233e-05,0.00268130493350327,6.896938202771707e-07
fixed_ptq_w8_c1.0_test,quantized,3,3462,conv_out.weight,0.007964138539927095,1.3343523839626086e-05,0.022223412424864884,0.07539125687772565,1.1820676206699372e-07,0.036956200474133394,0.00040162080355607747,0.00268130493350327,6.896938202771707e-07
reconstruction_w8_c1.0_test,quantized,0,3459,conv_in.weight,0.08429477374687758,-1.2164180977032196e-05,-0.0016476134822756634,0.08758442567574516,1.767597188272086e-07,0.016445616455213138,0.00012750655008894252,0.05952698364853859,3.368683564985986e-06
reconstruction_w8_c1.0_test,quantized,0,3459,up_blocks.0.resnets.0.conv1.weight,1.1919275634872675,-6.593378968490835e-06,-0.00021618126901097018,0.025588222213961367,3.3765147934819034e-07,0.006152130348222206,4.604614378642107e-05,0.05952698364853859,3.368683564985986e-06
reconstruction_w8_c1.0_test,quantized,0,3459,up_blocks.0.resnets.0.conv2.weight,0.8195223634334764,-2.188085427627329e-05,-0.0007004804580061637,0.03811601074351968,9.343492569152197e-08,0.0017288918005831078,6.594480990039983e-05,0.05952698364853859,3.368683564985986e-06
reconstruction_w8_c1.0_test,quantized,0,3459,up_blocks.0.resnets.1.conv1.weight,1.2025102901307194,2.454510601941849e-05,0.0007185326134245621,0.02840727829008562,2.884297536638139e-07,0.004495181658128293,5.335854893719625e-05,0.05952698364853859,3.368683564985986e-06
reconstruction_w8_c1.0_test,quantized,0,3459,up_blocks.0.resnets.1.conv2.weight,0.76366323872887,2.6171120213815963e-05,0.0007646699217360308,0.044817375401367265,1.2793147960468605e-07,0.0020737226868388693,8.07839080149229e-05,0.05952698364853859,3.368683564985986e-06
reconstruction_w8_c1.0_test,quantized,0,3459,up_blocks.0.resnets.2.conv1.weight,1.2587317377637697,1.2350406091619203e-05,0.000342368961267769,0.02865851415102695,3.233241713317e-07,0.004952430901052798,5.186645501964221e-05,0.05952698364853859,3.368683564985986e-06
reconstruction_w8_c1.0_test,quantized,0,3459,up_blocks.0.resnets.2.conv2.weight,0.7680002758044642,2.0091722518067315e-05,0.0005777252448053493,0.045282922754340926,1.0243351285046795e-07,0.0018718000568278426,7.125596640115625e-05,0.05952698364853859,3.368683564985986e-06
reconstruction_w8_c1.0_test,quantized,0,3459,up_blocks.0.upsamplers.0.conv.weight,0.4598980176213337,-8.942898883904623e-06,-0.00014271805603952733,0.13625042359777823,4.166741955750756e-07,0.004254877763995819,0.000212935455027975,0.05952698364853859,3.368683564985986e-06
reconstruction_w8_c1.0_test,quantized,0,3459,up_blocks.1.resnets.0.conv1.weight,1.1605855651594508,3.271410457715083e-05,0.0008234728506580409,0.03423013308101679,2.0521890132156332e-07,0.0027313367995982878,6.473884358740708e-05,0.05952698364853859,3.368683564985986e-06
reconstruction_w8_c1.0_test,quantized,0,3459,up_blocks.1.resnets.0.conv2.weight,1.114471556323369,-7.720518385819172e-06,-0.0001996406569451161,0.03469992070849002,1.9280929870025504e-07,0.002803634876690138,6.170744037602056e-05,0.05952698364853859,3.368683564985986e-06
reconstruction_w8_c1.0_test,quantized,0,3459,up_blocks.1.resnets.1.conv1.weight,1.1838709414500639,-3.032838904657954e-05,-0.0007420256871317324,0.03452439222981645,3.168768709500544e-07,0.0044136306408861905,6.064432886051226e-05,0.05952698364853859,3.368683564985986e-06
reconstruction_w8_c1.0_test,quantized,0,3459,up_blocks.1.resnets.1.conv2.weight,1.0681988859861908,-3.0576315886351375e-06,-8.017105885245904e-05,0.03570388016688362,2.2820919896897968e-07,0.0035753327214518497,5.975366697070336e-05,0.05952698364853859,3.368683564985986e-06
reconstruction_w8_c1.0_test,quantized,0,3459,up_blocks.1.resnets.2.conv1.weight,1.144404513852476,-1.8006898731779776e-05,-0.0003929245639907955,0.040045173545749824,2.501123668914013e-07,0.0034153265581014294,6.399165888136627e-05,0.05952698364853859,3.368683564985986e-06
reconstruction_w8_c1.0_test,quantized,0,3459,up_blocks.1.resnets.2.conv2.weight,0.979421053071917,1.398139192973816e-05,0.000406401796682517,0.03512572975754211,6.399266143048154e-08,0.0012367100586979257,5.283148820435944e-05,0.05952698364853859,3.368683564985986e-06
reconstruction_w8_c1.0_test,quantized,0,3459,up_blocks.1.upsamplers.0.conv.weight,0.5073282417245192,2.4194410180119656e-05,0.00039432782416786875,0.12093961386929641,2.038777013768183e-07,0.0025958553879622164,0.0001548104220420859,0.05952698364853859,3.368683564985986e-06
reconstruction_w8_c1.0_test,quantized,0,3459,up_blocks.2.resnets.0.conv1.weight,0.7522019216624766,-3.8753385066689004e-05,-0.0014382654599509085,0.03582087202321904,1.272909332513222e-07,0.00286830940189528,5.899796549293103e-05,0.05952698364853859,3.368683564985986e-06
reconstruction_w8_c1.0_test,quantized,0,3459,up_blocks.2.resnets.0.conv2.weight,0.6131877889202283,-2.6691027630893585e-05,-0.0014513149549474904,0.029992324534152005,6.479899882485315e-08,0.0025503049817932094,4.1436463172884196e-05,0.05952698364853859,3.368683564985986e-06
reconstruction_w8_c1.0_test,quantized,0,3459,up_blocks.2.resnets.0.conv_shortcut.weight,0.05241242797153738,-7.010136036691964e-05,-0.004157350334686596,0.32171813598856236,1.99005758011599e-07,0.009686970257419466,0.0003919614878587123,0.05952698364853859,3.368683564985986e-06
reconstruction_w8_c1.0_test,quantized,0,3459,up_blocks.2.resnets.1.conv1.weight,0.4851522403919649,-3.571549796896735e-05,-0.0019451911880272238,0.03784568540791446,1.0261654313896272e-07,0.003115315205453355,6.789492991016428e-05,0.05952698364853859,3.368683564985986e-06
reconstruction_w8_c1.0_test,quantized,0,3459,up_blocks.2.resnets.1.conv2.weight,0.6572931764755053,-3.554013673373699e-05,-0.0016058700827578187,0.03367049981607066,1.1014820463461187e-07,0.00472736553524515,3.544860215331824e-05,0.05952698364853859,3.368683564985986e-06
reconstruction_w8_c1.0_test,quantized,0,3459,up_blocks.2.resnets.2.conv1.weight,0.514662924503917,-3.603362698095269e-05,-0.0017141801651839276,0.04084403403078496,1.568449988382093e-07,0.005719153888906125,5.328635445059737e-05,0.05952698364853859,3.368683564985986e-06
reconstruction_w8_c1.0_test,quantized,0,3459,up_blocks.2.resnets.2.conv2.weight,0.6015685836660783,4.419287914199714e-06,0.00024949577958859205,0.02944448382630032,3.283651493677654e-08,0.0019789305317564183,2.758299120722337e-05,0.05952698364853859,3.368683564985986e-06
reconstruction_w8_c1.0_test,quantized,0,3459,up_blocks.2.upsamplers.0.conv.weight,0.27833785122363747,-2.273128255940948e-05,-0.0005049288987744241,0.1617414911790056,2.461440286767277e-07,0.006047603255684201,0.000146229078158648,0.05952698364853859,3.368683564985986e-06
reconstruction_w8_c1.0_test,quantized,0,3459,up_blocks.3.resnets.0.conv1.weight,0.3480925819570931,-7.794143104764275e-05,-0.005496204934246417,0.040739030489156364,9.977048398798948e-08,0.00837324302829863,3.42305292634061e-05,0.05952698364853859,3.368683564985986e-06
reconstruction_w8_c1.0_test,quantized,0,3459,up_blocks.3.resnets.0.conv2.weight,0.373897609488764,5.59672958894823e-06,0.0006182956445915761,0.024209479280013272,3.158901898085762e-08,0.0038285323737241982,2.2067397930021305e-05,0.05952698364853859,3.368683564985986e-06
reconstruction_w8_c1.0_test,quantized,0,3459,up_blocks.3.resnets.0.conv_shortcut.weight,0.04225414522638453,-0.00017342468641993287,-0.012717366655020445,0.3227337651166308,4.1905837337574934e-07,0.03649693546798851,0.00027173701636471343,0.05952698364853859,3.368683564985986e-06
reconstruction_w8_c1.0_test,quantized,0,3459,up_blocks.3.resnets.1.conv1.weight,0.2408168085440204,-3.472370760853558e-05,-0.0026652525320321465,0.05410045646492953,3.651477007020554e-08,0.005005875104105007,3.0290173706254387e-05,0.05952698364853859,3.368683564985986e-06
reconstruction_w8_c1.0_test,quantized,0,3459,up_blocks.3.resnets.1.conv2.weight,0.3873807877736245,2.0594840647739316e-06,0.00018521096297703825,0.028704743349100184,2.4918244782111416e-08,0.004316021417753603,1.4903757606580856e-05,0.05952698364853859,3.368683564985986e-06
reconstruction_w8_c1.0_test,quantized,0,3459,up_blocks.3.resnets.2.conv1.weight,0.2522173692296532,1.8355925637505785e-05,0.0012387054030964307,0.05875343549865397,3.58635274518616e-07,0.013260337006318968,0.00010723176402198122,0.05952698364853859,3.368683564985986e-06
reconstruction_w8_c1.0_test,quantized,0,3459,up_blocks.3.resnets.2.conv2.weight,0.36666929742212134,-1.109690335100408e-06,-0.00022840985521367278,0.01324989444953104,1.765147078453919e-08,0.002174932850132555,2.213403023891261e-05,0.05952698364853859,3.368683564985986e-06
reconstruction_w8_c1.0_test,quantized,0,3459,mid_block.attentions.0.to_q.weight,0.23078656276716855,1.824628273747823e-06,0.0011962598382419057,0.006609039670537157,-5.634686643998836e-10,-0.00018445132529955249,1.32366312416223e-05,0.05952698364853859,3.368683564985986e-06
reconstruction_w8_c1.0_test,quantized,0,3459,mid_block.attentions.0.to_k.weight,0.2374363717987212,8.11969878901869e-07,0.0004567387758522136,0.007487292297280925,-3.2238662194439527e-09,-0.0008917651968486029,1.5225769306427865e-05,0.05952698364853859,3.368683564985986e-06
reconstruction_w8_c1.0_test,quantized,0,3459,mid_block.attentions.0.to_v.weight,0.15741139137339286,-2.2393497543499802e-07,-3.875250380842903e-05,0.03671013690401933,-5.409065946792694e-09,-0.00046869912849065957,7.331485376568537e-05,0.05952698364853859,3.368683564985986e-06
reconstruction_w8_c1.0_test,quantized,0,3459,mid_block.attentions.0.to_out.0.weight,0.14889739652986286,1.0341548378478697e-05,0.0016453548655090539,0.042212287169050185,4.2615082279260034e-08,0.0038682858578609233,7.398738315265589e-05,0.05952698364853859,3.368683564985986e-06
reconstruction_w8_c1.0_test,quantized,0,3459,mid_block.resnets.0.conv1.weight,1.188518104698683,-5.356422486845333e-05,-0.0014513267782032655,0.031053017956008986,2.8639995028969824e-07,0.0034808291528094786,6.922842144819914e-05,0.05952698364853859,3.368683564985986e-06
reconstruction_w8_c1.0_test,quantized,0,3459,mid_block.resnets.0.conv2.weight,0.7352327860633766,6.4577233105421935e-06,0.0001535874620376879,0.057187196167751815,3.9188285712809253e-07,0.0046593353065898764,0.00011439510339764885,0.05952698364853859,3.368683564985986e-06
reconstruction_w8_c1.0_test,quantized,0,3459,mid_block.resnets.1.conv1.weight,1.1191026063623346,-2.39335279163976e-05,-0.0009471304429201924,0.022580160115101586,9.972226028937532e-08,0.0021162583641766274,4.210692422736451e-05,0.05952698364853859,3.368683564985986e-06
reconstruction_w8_c1.0_test,quantized,0,3459,mid_block.resnets.1.conv2.weight,0.7529285932274971,1.8873258975564887e-05,0.0006446521339193161,0.03888370901420186,5.943065919634798e-08,0.0012195099653216376,6.472490231472008e-05,0.05952698364853859,3.368683564985986e-06
reconstruction_w8_c1.0_test,quantized,0,3459,conv_out.weight,0.00819840641586426,6.788984507933465e-05,0.015843259839107192,0.5226739182586385,5.032893733164092e-07,0.0748646692363836,0.0008199953825665552,0.05952698364853859,3.368683564985986e-06
reconstruction_w8_c1.0_test,quantized,1,3460,conv_in.weight,0.08429477374687758,-4.146728621679354e-05,-0.002912622727557639,0.16889653153750206,2.3065656363325057e-07,0.0286937512359104,9.536254644056454e-05,0.07514538615942001,2.7929079351451946e-06
reconstruction_w8_c1.0_test,quantized,1,3460,up_blocks.0.resnets.0.conv1.weight,1.1919275634872675,2.1950692308759655e-05,0.0005236936433534045,0.03516584493158304,1.3034641274983074e-07,0.004544973213855438,2.4061233764284292e-05,0.07514538615942001,2.7929079351451946e-06
reconstruction_w8_c1.0_test,quantized,1,3460,up_blocks.0.resnets.0.conv2.weight,0.8195223634334764,1.9624578738350128e-05,0.00043072246103865715,0.05559580385257252,6.927104066022748e-08,0.002249914268959615,3.7568593211178276e-05,0.07514538615942001,2.7929079351451946e-06
reconstruction_w8_c1.0_test,quantized,1,3460,up_blocks.0.resnets.1.conv1.weight,1.2025102901307194,1.4619322798401046e-05,0.0002929196378446223,0.0415040010710661,1.5314956159334606e-07,0.005002186578923217,2.5460508305888795e-05,0.07514538615942001,2.7929079351451946e-06
reconstruction_w8_c1.0_test,quantized,1,3460,up_blocks.0.resnets.1.conv2.weight,0.76366323872887,1.0943261869572274e-06,2.1888110596618585e-05,0.0654691394507785,8.023362688647835e-08,0.002240146420648025,4.690057140064679e-05,0.07514538615942001,2.7929079351451946e-06
reconstruction_w8_c1.0_test,quantized,1,3460,up_blocks.0.resnets.2.conv1.weight,1.2587317377637697,-4.5741506150322075e-05,-0.0008043324083541467,0.04517953016818393,2.3649958147052097e-07,0.008476276225196285,2.2166243144820922e-05,0.07514538615942001,2.7929079351451946e-06
reconstruction_w8_c1.0_test,quantized,1,3460,up_blocks.0.resnets.2.conv2.weight,0.7680002758044642,-4.312835293410908e-05,-0.0007812428300525247,0.07188122210201037,9.979279043518195e-08,0.0027303438151116536,4.759052022303775e-05,0.07514538615942001,2.7929079351451946e-06
reconstruction_w8_c1.0_test,quantized,1,3460,up_blocks.0.upsamplers.0.conv.weight,0.4598980176213337,-7.291281327086907e-05,-0.0006519507381466132,0.2431798221224506,1.7717848519951344e-07,0.0028569247906496866,0.00013484990323832464,0.07514538615942001,2.7929079351451946e-06
reconstruction_w8_c1.0_test,quantized,1,3460,up_blocks.1.resnets.0.conv1.weight,1.1605855651594508,-2.192502896136703e-05,-0.0003917807985502641,0.04821918480430631,1.612369297131847e-07,0.005754662799103637,2.4141679178951836e-05,0.07514538615942001,2.7929079351451946e-06
reconstruction_w8_c1.0_test,quantized,1,3460,up_blocks.1.resnets.0.conv2.weight,1.114471556323369,-3.468606406539e-06,-5.5534108965294165e-05,0.056043625842371644,9.517454075588507e-08,0.0026299802478655324,3.247127294598553e-05,0.07514538615942001,2.7929079351451946e-06
reconstruction_w8_c1.0_test,quantized,1,3460,up_blocks.1.resnets.1.conv1.weight,1.1838709414500639,2.173696477512274e-05,0.0003467035036226659,0.05295857740232213,1.6305565188542014e-07,0.006243326244812489,2.206050585351394e-05,0.07514538615942001,2.7929079351451946e-06
reconstruction_w8_c1.0_test,quantized,1,3460,up_blocks.1.resnets.1.conv2.weight,1.0681988859861908,2.560883199330858e-05,0.00041913364612952426,0.05719856388128195,8.93315236926701e-08,0.00269538098875371,3.102647664618667e-05,0.07514538615942001,2.7929079351451946e-06
reconstruction_w8_c1.0_test,quantized,1,3460,up_blocks.1.resnets.2.conv1.weight,1.144404513852476,0.00015802753092878781,0.0023661546575224125,0.05835929875126325,2.0465624831462327e-07,0.007091953685994905,2.521619507910568e-05,0.07514538615942001,2.7929079351451946e-06
reconstruction_w8_c1.0_test,quantized,1,3460,up_blocks.1.resnets.2.conv2.weight,0.979421053071917,-6.506067105591339e-06,-0.000120107911772487,0.05530666700870727,4.497889368613396e-08,0.0014483953483955595,3.170678536176848e-05,0.07514538615942001,2.7929079351451946e-06
reconstruction_w8_c1.0_test,quantized,1,3460,up_blocks.1.upsamplers.0.conv.weight,0.5073282417245192,4.692122347827234e-05,0.00040337447220693086,0.22928301219899572,1.6121536313333908e-07,0.0024140086563083914,0.00013163717806471438,0.07514538615942001,2.7929079351451946e-06
reconstruction_w8_c1.0_test,quantized,1,3460,up_blocks.2.resnets.0.conv1.weight,0.7522019216624766,-1.4405632004277051e-05,-0.00028550127162030363,0.06707950217981887,9.804076031623112e-08,0.004757169073208698,2.739830179583587e-05,0.07514538615942001,2.7929079351451946e-06
reconstruction_w8_c1.0_test,quantized,1,3460,up_blocks.2.resnets.0.conv2.weight,0.6131877889202283,-2.9880942065161352e-05,-0.000938803908665237,0.05190699634792539,5.267120004322002e-08,0.0034348024705553636,2.500794174489356e-05,0.07514538615942001,2.7929079351451946e-06
reconstruction_w8_c1.0_test,quantized,1,3460,up_blocks.2.resnets.0.conv_shortcut.weight,0.05241242797153738,-0.00010809136675422827,-0.00329606010110569,0.6256934484835481,9.479582984905741e-08,0.005100854388002834,0.00035457819763117855,0.07514538615942001,2.7929079351451946e-06
reconstruction_w8_c1.0_test,quantized,1,3460,up_blocks.2.resnets.1.conv1.weight,0.4851522403919649,1.2043261319856785e-05,0.00038949996460874327,0.06373216123161544,8.980515425824676e-08,0.006168375475866622,3.0009061951704858e-05,0.07514538615942001,2.7929079351451946e-06
reconstruction_w8_c1.0_test,quantized,1,3460,up_blocks.2.resnets.1.conv2.weight,0.6572931764755053,-7.664301388645576e-05,-0.0020075398756843063,0.058083030840179364,6.475227895262571e-08,0.00397331732004479,2.479377660362602e-05,0.07514538615942001,2.7929079351451946e-06
reconstruction_w8_c1.0_test,quantized,1,3460,up_blocks.2.resnets.2.conv1.weight,0.514662924503917,1.6666997147365952e-05,0.000501334141380673,0.06459623354838165,3.4213221623412124e-08,0.001793965419703927,3.705587048189078e-05,0.07514538615942001,2.7929079351451946e-06
reconstruction_w8_c1.0_test,quantized,1,3460,up_blocks.2.resnets.2.conv2.weight,0.6015685836660783,-3.3153382361276036e-05,-0.0010454406292970577,0.052716105763922855,3.50873445317188e-08,0.0021477714085328787,2.7156718910300714e-05,0.07514538615942001,2.7929079351451946e-06
reconstruction_w8_c1.0_test,quantized,1,3460,up_blocks.2.upsamplers.0.conv.weight,0.27833785122363747,1.5303689723399826e-05,0.00016669690259881105,0.32983470624136285,3.743858467306363e-07,0.007281500171226611,0.00018472526068643558,0.07514538615942001,2.7929079351451946e-06
reconstruction_w8_c1.0_test,quantized,1,3460,up_blocks.3.resnets.0.conv1.weight,0.3480925819570931,-6.42443177358369e-05,-0.0026835009553077683,0.06877620350426028,1.7874615337784372e-07,0.016648194299813582,3.084429160694474e-05,0.07514538615942001,2.7929079351451946e-06
reconstruction_w8_c1.0_test,quantized,1,3460,up_blocks.3.resnets.0.conv2.weight,0.373897609488764,1.3870084838545949e-05,0.0009293156624225619,0.03991748514275181,4.7443548778609824e-08,0.00488642347358474,2.5967693509771095e-05,0.07514538615942001,2.7929079351451946e-06
reconstruction_w8_c1.0_test,quantized,1,3460,up_blocks.3.resnets.0.conv_shortcut.weight,0.04225414522638453,-4.157656884873275e-05,-0.001699627352274367,0.5789294113593716,6.715285712166113e-07,0.04422769601807751,0.00035933610708825735,0.07514538615942001,2.7929079351451946e-06
reconstruction_w8_c1.0_test,quantized,1,3460,up_blocks.3.resnets.1.conv1.weight,0.2408168085440204,-5.120093017493027e-05,-0.002490448462209595,0.08537161468915687,6.443453725554494e-08,0.00631003046114374,4.240337860839469e-05,0.07514538615942001,2.7929079351451946e-06
reconstruction_w8_c1.0_test,quantized,1,3460,up_blocks.3.resnets.1.conv2.weight,0.3873807877736245,2.78006042855341e-05,0.0014762771483726514,0.048612534096453414,3.466465648896643e-08,0.004019803255060767,2.226096697580215e-05,0.07514538615942001,2.7929079351451946e-06
reconstruction_w8_c1.0_test,quantized,1,3460,up_blocks.3.resnets.2.conv1.weight,0.2522173692296532,4.386937210464812e-05,0.001687521130962764,0.10307117032736028,4.961166118091769e-07,0.013145203561885643,0.00014963785074996463,0.07514538615942001,2.7929079351451946e-06
reconstruction_w8_c1.0_test,quantized,1,3460,up_blocks.3.resnets.2.conv2.weight,0.36666929742212134,1.220995480443149e-05,0.0014475870814716265,0.02300354724613688,5.10118498130444e-08,0.004403948007602606,3.1590343108101725e-05,0.07514538615942001,2.7929079351451946e-06
reconstruction_w8_c1.0_test,quantized,1,3460,mid_block.attentions.0.to_q.weight,0.23078656276716855,4.499982289574937e-06,0.0020383383298070634,0.00956585986321302,8.357867661205123e-10,0.0005525682815340683,6.553888057790706e-06,0.07514538615942001,2.7929079351451946e-06
reconstruction_w8_c1.0_test,quantized,1,3460,mid_block.attentions.0.to_k.weight,0.2374363717987212,-3.2472716403536903e-06,-0.0011336715736081713,0.012063799632076938,2.4120804208505365e-09,0.0016452629004502655,6.174605726730733e-06,0.07514538615942001,2.7929079351451946e-06
reconstruction_w8_c1.0_test,quantized,1,3460,mid_block.attentions.0.to_v.weight,0.15741139137339286,-2.8127546020939955e-06,-0.0002490971450128504,0.07173431181697704,2.6449356929831154e-08,0.004511733584406938,3.724221584485789e-05,0.07514538615942001,2.7929079351451946e-06
reconstruction_w8_c1.0_test,quantized,1,3460,mid_block.attentions.0.to_out.0.weight,0.14889739652986286,2.18696709341864e-05,0.0016512076081532608,0.0889515383327513,2.686230790803737e-08,0.002731442517794338,6.604868163748958e-05,0.07514538615942001,2.7929079351451946e-06
reconstruction_w8_c1.0_test,quantized,1,3460,mid_block.resnets.0.conv1.weight,1.188518104698683,-2.8260726889918744e-05,-0.00043101882988894324,0.05516724329084113,1.674613271285239e-07,0.005276339708850157,2.6703978999423147e-05,0.07514538615942001,2.7929079351451946e-06
reconstruction_w8_c1.0_test,quantized,1,3460,mid_block.resnets.0.conv2.weight,0.7352327860633766,1.258612218857802e-05,0.00019833836110821348,0.08630984926837958,9.443437321725163e-08,0.0021575160191719366,5.953210073940914e-05,0.07514538615942001,2.7929079351451946e-06
reconstruction_w8_c1.0_test,quantized,1,3460,mid_block.resnets.1.conv1.weight,1.1191026063623346,3.220046578882302e-05,0.0009153413452276591,0.031434688941618064,4.28355205021254e-08,0.0019551113056467495,1.9577744398339684e-05,0.07514538615942001,2.7929079351451946e-06
reconstruction_w8_c1.0_test,quantized,1,3460,mid_block.resnets.1.conv2.weight,0.7529285932274971,-5.369879067560822e-05,-0.0011721022382524687,0.06084784752143702,6.162951326531582e-08,0.0020656307865831733,3.962618381531776e-05,0.07514538615942001,2.7929079351451946e-06
reconstruction_w8_c1.0_test,quantized,1,3460,conv_out.weight,0.00819840641586426,6.837512886279123e-05,0.010267858323361002,0.8122483665124517,8.194383366712518e-07,0.10432617403869848,0.0009580618651983397,0.07514538615942001,2.7929079351451946e-06
reconstruction_w8_c1.0_test,quantized,2,3461,conv_in.weight,0.08429477374687758,-3.0814988124031505e-05,-0.003421284159753605,0.1068494297568563,5.057517300289329e-07,0.02634680386530548,0.0002277239924821356,0.0631575807929039,4.378589892439777e-06
reconstruction_w8_c1.0_test,quantized,2,3461,up_blocks.0.resnets.0.conv1.weight,1.1919275634872675,9.317592854417952e-06,0.00023695395715394845,0.032990576178586535,2.687919384439917e-07,0.006343119137587258,3.5551956659253347e-05,0.0631575807929039,4.378589892439777e-06
reconstruction_w8_c1.0_test,quantized,2,3461,up_blocks.0.resnets.0.conv2.weight,0.8195223634334764,1.530475796668598e-05,0.0004098290564377993,0.045568308782304834,1.1780348462882917e-07,0.0026003076830368684,5.528057970262338e-05,0.0631575807929039,4.378589892439777e-06
reconstruction_w8_c1.0_test,quantized,2,3461,up_blocks.0.resnets.1.conv1.weight,1.2025102901307194,-1.123185271381867e-05,-0.00022897988569899633,0.04079108564848993,3.439481221072041e-07,0.00736422501853493,3.8839809491806755e-05,0.0631575807929039,4.378589892439777e-06
reconstruction_w8_c1.0_test,quantized,2,3461,up_blocks.0.resnets.1.conv2.weight,0.76366323872887,-2.512688256931838e-06,-6.359146722550543e-05,0.05174136474871522,1.2453691845401344e-07,0.0025724677707419665,6.339372738743976e-05,0.0631575807929039,4.378589892439777e-06
reconstruction_w8_c1.0_test,quantized,2,3461,up_blocks.0.resnets.2.conv1.weight,1.2587317377637697,1.034814479713695e-06,1.8622837567817157e-05,0.04414519698108716,3.352446667865456e-07,0.0072340065191843,3.6817118823713e-05,0.0631575807929039,4.378589892439777e-06
reconstruction_w8_c1.0_test,quantized,2,3461,up_blocks.0.resnets.2.conv2.weight,0.7680002758044642,-3.8099038402440735e-07,-9.49841356540512e-06,0.0522277796844346,1.0522662052613366e-07,0.0021276268792378124,6.439746599493517e-05,0.0631575807929039,4.378589892439777e-06
reconstruction_w8_c1.0_test,quantized,2,3461,up_blocks.0.upsamplers.0.conv.weight,0.4598980176213337,-1.61616928416318e-05,-0.00017256684881904058,0.20364227604006208,5.236301781898488e-07,0.004554975777978879,0.00024996376571511893,0.0631575807929039,4.378589892439777e-06
reconstruction_w8_c1.0_test,quantized,2,3461,up_blocks.1.resnets.0.conv1.weight,1.1605855651594508,-1.9438255161557782e-05,-0.00036947530563913815,0.04533093708693326,2.367708502899804e-07,0.006285551417386925,3.245694844736721e-05,0.0631575807929039,4.378589892439777e-06
reconstruction_w8_c1.0_test,quantized,2,3461,up_blocks.1.resnets.0.conv2.weight,1.114471556323369,7.422702556622189e-05,0.001484134809174624,0.04487657642270538,2.4184778932718393e-07,0.005212348291163311,4.1633191619880254e-05,0.0631575807929039,4.378589892439777e-06
reconstruction_w8_c1.0_test,quantized,2,3461,up_blocks.1.resnets.1.conv1.weight,1.1838709414500639,-6.377951437207915e-05,-0.0011403091007811336,0.047244826334841936,2.759358331456466e-07,0.007882184745235271,2.9570395367659886e-05,0.0631575807929039,4.378589892439777e-06
reconstruction_w8_c1.0_test,quantized,2,3461,up_blocks.1.resnets.1.conv2.weight,1.0681988859861908,-2.6549113377873363e-05,-0.00055258289651516,0.04497803342914404,1.847654771958607e-07,0.004185131865031907,4.132944382900369e-05,0.0631575807929039,4.378589892439777e-06
reconstruction_w8_c1.0_test,quantized,2,3461,up_blocks.1.resnets.2.conv1.weight,1.144404513852476,3.5136197552798e-05,0.0005655182634112888,0.05429109025709113,3.7696854946123464e-07,0.010267917398163993,3.20806522867042e-05,0.0631575807929039,4.378589892439777e-06
reconstruction_w8_c1.0_test,quantized,2,3461,up_blocks.1.resnets.2.conv2.weight,0.979421053071917,-6.751450181750515e-06,-0.000159868331804368,0.04311865337341387,1.2228089879279217e-07,0.002975756007939817,4.195578662105984e-05,0.0631575807929039,4.378589892439777e-06
reconstruction_w8_c1.0_test,quantized,2,3461,up_blocks.1.upsamplers.0.conv.weight,0.5073282417245192,0.0001083044907577942,0.0011921867549094098,0.1790660002574556,3.125672492215807e-07,0.0026574393833248434,0.00023184143948758973,0.0631575807929039,4.378589892439777e-06
reconstruction_w8_c1.0_test,quantized,2,3461,up_blocks.2.resnets.0.conv1.weight,0.7522019216624766,3.444437881151103e-05,0.0008501702933319072,0.05386144400486012,2.2949771179366142e-07,0.007778681924564564,3.922273808731317e-05,0.0631575807929039,4.378589892439777e-06
reconstruction_w8_c1.0_test,quantized,2,3461,up_blocks.2.resnets.0.conv2.weight,0.6131877889202283,-1.7909859305323716e-05,-0.0007248558724827692,0.04029461538456029,1.9433001950775198e-07,0.007417334642542843,4.272661854290698e-05,0.0631575807929039,4.378589892439777e-06
reconstruction_w8_c1.0_test,quantized,2,3461,up_blocks.2.resnets.0.conv_shortcut.weight,0.05241242797153738,-6.841269502984036e-05,-0.0028817899702921635,0.4529393944548593,2.2359695467138447e-08,0.0006840058182672262,0.0006236943499453293,0.0631575807929039,4.378589892439777e-06
reconstruction_w8_c1.0_test,quantized,2,3461,up_blocks.2.resnets.1.conv1.weight,0.4851522403919649,1.645276776037452e-05,0.0006023763435753412,0.056298006675729276,1.6858164858151233e-07,0.01062790967818659,3.269523026948054e-05,0.0631575807929039,4.378589892439777e-06
reconstruction_w8_c1.0_test,quantized,2,3461,up_blocks.2.resnets.1.conv2.weight,0.6572931764755053,-2.990692056509137e-05,-0.0010034063582646585,0.04534565972385599,9.576684836906629e-08,0.003353536003166428,4.344633016637845e-05,0.0631575807929039,4.378589892439777e-06
reconstruction_w8_c1.0_test,quantized,2,3461,up_blocks.2.resnets.2.conv1.weight,0.514662924503917,-1.7724813880242059e-06,-6.324030177842543e-05,0.054458398602459684,1.0988816852589503e-07,0.005744353222136995,3.716951674680782e-05,0.0631575807929039,4.378589892439777e-06
reconstruction_w8_c1.0_test,quantized,2,3461,up_blocks.2.resnets.2.conv2.weight,0.6015685836660783,4.697258480039728e-06,0.00021259168175518915,0.036729333198504646,6.63088298188534e-08,0.0026358139761661807,4.1818789723855414e-05,0.0631575807929039,4.378589892439777e-06
reconstruction_w8_c1.0_test,quantized,2,3461,up_blocks.2.upsamplers.0.conv.weight,0.27833785122363747,4.035823744120033e-05,0.0007229337424495339,0.20056789906968286,3.506807941304044e-07,0.003540247904186768,0.0003558820117065226,0.0631575807929039,4.378589892439777e-06
reconstruction_w8_c1.0_test,quantized,2,3461,up_blocks.3.resnets.0.conv1.weight,0.3480925819570931,-2.3222698534846945e-05,-0.001339167591872667,0.049817621116652375,2.3048136271219208e-07,0.012175015154739927,5.438404846022363e-05,0.0631575807929039,4.378589892439777e-06
reconstruction_w8_c1.0_test,quantized,2,3461,up_blocks.3.resnets.0.conv2.weight,0.373897609488764,1.0372147542210323e-05,0.0009900922177758294,0.028018207705037254,3.419870717309436e-08,0.0025705858845478367,3.558155153756233e-05,0.0631575807929039,4.378589892439777e-06
reconstruction_w8_c1.0_test,quantized,2,3461,up_blocks.3.resnets.0.conv_shortcut.weight,0.04225414522638453,-9.164514718833054e-05,-0.00565825915139771,0.3833163269153362,7.067371924933545e-07,0.0258490063370178,0.0006470603276030385,0.0631575807929039,4.378589892439777e-06
reconstruction_w8_c1.0_test,quantized,2,3461,up_blocks.3.resnets.1.conv1.weight,0.2408168085440204,3.28338886217068e-05,0.0022032075477944842,0.06188424735624021,7.632311243058451e-08,0.004813809609686417,6.583856648395413e-05,0.0631575807929039,4.378589892439777e-06
reconstruction_w8_c1.0_test,quantized,2,3461,up_blocks.3.resnets.1.conv2.weight,0.3873807877736245,-9.904376459197053e-06,-0.0008112547692768534,0.031516051266917026,2.825009883767776e-08,0.002640827155180857,2.761480090890905e-05,0.0631575807929039,4.378589892439777e-06
reconstruction_w8_c1.0_test,quantized,2,3461,up_blocks.3.resnets.2.conv1.weight,0.2522173692296532,3.94600867046963e-05,0.002256344947957437,0.06933899597604878,4.369386199683846e-07,0.009474165634787804,0.00018285400124547246,0.0631575807929039,4.378589892439777e-06
reconstruction_w8_c1.0_test,quantized,2,3461,up_blocks.3.resnets.2.conv2.weight,0.36666929742212134,1.4123230456082178e-05,0.0024987685740185304,0.015414642751865052,1.0768183542478706e-07,0.008325286893065761,3.527513582277361e-05,0.0631575807929039,4.378589892439777e-06
reconstruction_w8_c1.0_test,quantized,2,3461,mid_block.attentions.0.to_q.weight,0.23078656276716855,7.255904996423657e-06,0.003139675937605388,0.010013738457691785,3.827633852393437e-09,0.0007918691500893064,2.0944328648361737e-05,0.0631575807929039,4.378589892439777e-06
reconstruction_w8_c1.0_test,quantized,2,3461,mid_block.attentions.0.to_k.weight,0.2374363717987212,-1.735135130775539e-06,-0.0008077501884155863,0.009047091602519318,3.186281935645776e-09,0.000785493761532343,1.70841829638637e-05,0.0631575807929039,4.378589892439777e-06
reconstruction_w8_c1.0_test,quantized,2,3461,mid_block.attentions.0.to_v.weight,0.15741139137339286,-1.6509010693479028e-06,-0.00017753958113506465,0.05907309158442422,9.717805295658969e-08,0.00623097143290854,9.907778195354044e-05,0.0631575807929039,4.378589892439777e-06
reconstruction_w8_c1.0_test,quantized,2,3461,mid_block.attentions.0.to_out.0.weight,0.14889739652986286,1.7274433296206851e-06,0.0001503072405344963,0.07718569214201065,5.527518935773885e-08,0.0025792523512379057,0.00014392932867470377,0.0631575807929039,4.378589892439777e-06
reconstruction_w8_c1.0_test,quantized,2,3461,mid_block.resnets.0.conv1.weight,1.188518104698683,-5.940482985925488e-05,-0.0013575403017127483,0.036818256854049804,3.1015190806062627e-07,0.004602933415897403,5.6693590564978e-05,0.0631575807929039,4.378589892439777e-06
reconstruction_w8_c1.0_test,quantized,2,3461,mid_block.resnets.0.conv2.weight,0.7352327860633766,1.0675129502053431e-05,0.00020571960811587367,0.07057852837513391,1.7672946792274006e-07,0.002102805155402099,0.00011431022290663185,0.0631575807929039,4.378589892439777e-06
reconstruction_w8_c1.0_test,quantized,2,3461,mid_block.resnets.1.conv1.weight,1.1191026063623346,5.874830159670809e-05,0.0018828171461801719,0.02788157249455731,1.9863857381753677e-07,0.0040530386237726335,4.379383107138594e-05,0.0631575807929039,4.378589892439777e-06
reconstruction_w8_c1.0_test,quantized,2,3461,mid_block.resnets.1.conv2.weight,0.7529285932274971,-1.4822579270869009e-05,-0.000434238528355472,0.04533583690269352,6.599265474774286e-08,0.0013008188276579615,6.737906732780112e-05,0.0631575807929039,4.378589892439777e-06
reconstruction_w8_c1.0_test,quantized,2,3461,conv_out.weight,0.00819840641586426,0.00015526497844893706,0.026818284737990396,0.7061761831801587,9.357363081071993e-07,0.08063006310511793,0.0014155559443643608,0.0631575807929039,4.378589892439777e-06
reconstruction_w8_c1.0_test,quantized,3,3462,conv_in.weight,0.08429477374687758,-1.6811247113851118e-06,-0.0012859155851635757,0.015509108089141795,1.0683890290858609e-07,0.03226765915375782,3.927908022634811e-05,0.0026543994899839163,5.951564503448026e-07
reconstruction_w8_c1.0_test,quantized,3,3462,up_blocks.0.resnets.0.conv1.weight,1.1919275634872675,1.371065972799349e-06,0.0003496906228198948,0.0032894591919393535,3.319039808091213e-08,0.004902673480086192,5.679755336491572e-06,0.0026543994899839163,5.951564503448026e-07
reconstruction_w8_c1.0_test,quantized,3,3462,up_blocks.0.resnets.0.conv2.weight,0.8195223634334764,-1.4413500843047996e-06,-0.0002594085279360777,0.006779917657517785,1.7392721192257576e-08,0.0011357558088930543,1.8686232975949205e-05,0.0026543994899839163,5.951564503448026e-07
reconstruction_w8_c1.0_test,quantized,3,3462,up_blocks.0.resnets.1.conv1.weight,1.2025102901307194,-1.5829643543957565e-06,-0.00042487098446844263,0.003098312798402901,4.7175427660830016e-08,0.0071482715877703145,5.4881503428174705e-06,0.0026543994899839163,5.951564503448026e-07
reconstruction_w8_c1.0_test,quantized,3,3462,up_blocks.0.resnets.1.conv2.weight,0.76366323872887,2.635938102082155e-06,0.0004540932769692967,0.0076013066090931366,2.0813952109592923e-08,0.001134032296076268,2.4034065640763482e-05,0.0026543994899839163,5.951564503448026e-07
reconstruction_w8_c1.0_test,quantized,3,3462,up_blocks.0.resnets.2.conv1.weight,1.2587317377637697,9.02260046655584e-07,0.00018562283170928427,0.0038615987953133763,5.1313476629734715e-08,0.006632332049940001,6.146558175347691e-06,0.0026543994899839163,5.951564503448026e-07
reconstruction_w8_c1.0_test,quantized,3,3462,up_blocks.0.resnets.2.conv2.weight,0.7680002758044642,-1.7126700831410466e-06,-0.0002730730939174549,0.00816645220483864,7.911867589081854e-09,0.00039345581574098856,2.618313622905092e-05,0.0026543994899839163,5.951564503448026e-07
reconstruction_w8_c1.0_test,quantized,3,3462,up_blocks.0.upsamplers.0.conv.weight,0.4598980176213337,-5.227565626188354e-06,-0.000454713850418781,0.02499768396615662,1.0154320776543197e-07,0.0030200273332339515,7.311028342473669e-05,0.0026543994899839163,5.951564503448026e-07
reconstruction_w8_c1.0_test,quantized,3,3462,up_blocks.1.resnets.0.conv1.weight,1.1605855651594508,-3.938014811239689e-07,-8.023306584210948e-05,0.0042290886886151595,4.248910165877749e-08,0.006269559773855674,5.839334270193115e-06,0.0026543994899839163,5.951564503448026e-07
reconstruction_w8_c1.0_test,quantized,3,3462,up_blocks.1.resnets.0.conv2.weight,1.114471556323369,3.579126017279421e-07,6.090795323771804e-05,0.005272711329719783,2.785905708147123e-08,0.001997184883394168,1.2516391936167987e-05,0.0026543994899839163,5.951564503448026e-07
reconstruction_w8_c1.0_test,quantized,3,3462,up_blocks.1.resnets.1.conv1.weight,1.1838709414500639,-3.0333482682864547e-06,-0.0006091786920367015,0.00420603818366141,4.210642064420066e-08,0.0070879970696999745,5.017881888842807e-06,0.0026543994899839163,5.951564503448026e-07
reconstruction_w8_c1.0_test,quantized,3,3462,up_blocks.1.resnets.1.conv2.weight,1.0681988859861908,2.286694023463186e-06,0.0003537898572862,0.006050768786844221,2.8529739603283137e-08,0.001677495085786144,1.592151647198091e-05,0.0026543994899839163,5.951564503448026e-07
reconstruction_w8_c1.0_test,quantized,3,3462,up_blocks.1.resnets.2.conv1.weight,1.144404513852476,9.894078417687275e-06,0.001694665277215682,0.005101664032076243,5.773747524399631e-08,0.008629294574814138,5.84659394345637e-06,0.0026543994899839163,5.951564503448026e-07
reconstruction_w8_c1.0_test,quantized,3,3462,up_blocks.1.resnets.2.conv2.weight,0.979421053071917,1.2334692055013704e-06,0.0002114289745221614,0.005956544257523839,1.3405231072191438e-08,0.00076315745821163,1.793455959557193e-05,0.0026543994899839163,5.951564503448026e-07
reconstruction_w8_c1.0_test,quantized,3,3462,up_blocks.1.upsamplers.0.conv.weight,0.5073282417245192,7.41822837559295e-06,0.0006698693083922489,0.02182835861464592,6.96168508509907e-08,0.00198015841736016,6.929874961728491e-05,0.0026543994899839163,5.951564503448026e-07
reconstruction_w8_c1.0_test,quantized,3,3462,up_blocks.2.resnets.0.conv1.weight,0.7522019216624766,-3.4385847095610877e-06,-0.0008705483020569567,0.005251125722295067,4.199402189206301e-08,0.007106977552711547,7.85539608582709e-06,0.0026543994899839163,5.951564503448026e-07
reconstruction_w8_c1.0_test,quantized,3,3462,up_blocks.2.resnets.0.conv2.weight,0.6131877889202283,-6.3778845692980215e-06,-0.002140961254611262,0.004858188362335428,3.142438253648872e-08,0.0037380690888379827,1.3709636224964131e-05,0.0026543994899839163,5.951564503448026e-07
reconstruction_w8_c1.0_test,quantized,3,3462,up_blocks.2.resnets.0.conv_shortcut.weight,0.05241242797153738,-7.426849983368033e-07,-0.00028234117676277117,0.05018756817235275,1.1724668773533942e-07,0.012642181342371574,0.00017694744183590394,0.0026543994899839163,5.951564503448026e-07
reconstruction_w8_c1.0_test,quantized,3,3462,up_blocks.2.resnets.1.conv1.weight,0.4851522403919649,2.9134245170217287e-06,0.0010409088634287884,0.005769165831750039,2.1136101760047085e-08,0.006567611579730523,6.6334489315383865e-06,0.0026543994899839163,5.951564503448026e-07
reconstruction_w8_c1.0_test,quantized,3,3462,up_blocks.2.resnets.1.conv2.weight,0.6572931764755053,-4.303974537959731e-06,-0.001137529955812281,0.005756357093442836,2.70002029685432e-08,0.003028246600272888,1.35649021951198e-05,0.0026543994899839163,5.951564503448026e-07
reconstruction_w8_c1.0_test,quantized,3,3462,up_blocks.2.resnets.2.conv1.weight,0.514662924503917,-8.907223834029596e-07,-0.0003039585949895011,0.005693837313856396,3.118755217976849e-08,0.007045509702677845,8.60094140051917e-06,0.0026543994899839163,5.951564503448026e-07
reconstruction_w8_c1.0_test,quantized,3,3462,up_blocks.2.resnets.2.conv2.weight,0.6015685836660783,5.126907162854835e-07,0.00017144099680254133,0.0049711357478442846,6.560443299468195e-10,8.424762606110035e-05,1.2944651617023083e-05,0.0026543994899839163,5.951564503448026e-07
reconstruction_w8_c1.0_test,quantized,3,3462,up_blocks.2.upsamplers.0.conv.weight,0.27833785122363747,1.2374011683861354e-05,0.001717866819630234,0.025879075653375015,5.558802093226582e-08,0.002267926321395239,8.806026758541626e-05,0.0026543994899839163,5.951564503448026e-07
reconstruction_w8_c1.0_test,quantized,3,3462,up_blocks.3.resnets.0.conv1.weight,0.3480925819570931,-3.738607394696136e-06,-0.001728203814177302,0.006214699485918822,2.064706362714541e-08,0.00613495484950279,9.66834539608908e-06,0.0026543994899839163,5.951564503448026e-07
reconstruction_w8_c1.0_test,quantized,3,3462,up_blocks.3.resnets.0.conv2.weight,0.373897609488764,-3.7522927188191458e-06,-0.0028650831978796953,0.0035027309867747334,1.8804169019133328e-08,0.00549334673283531,9.155128526961151e-06,0.0026543994899839163,5.951564503448026e-07
reconstruction_w8_c1.0_test,quantized,3,3462,up_blocks.3.resnets.0.conv_shortcut.weight,0.04225414522638453,-1.2694630190141523e-05,-0.006341198698884981,0.0473782888533288,9.457828825640831e-08,0.014304139054959971,0.00015648056500880558,0.0026543994899839163,5.951564503448026e-07
reconstruction_w8_c1.0_test,quantized,3,3462,up_blocks.3.resnets.1.conv1.weight,0.2408168085440204,-2.2068025804177328e-06,-0.0013443310183424697,0.006816641702526988,2.5627093202067738e-08,0.007753752849982272,1.3724628508451597e-05,0.0026543994899839163,5.951564503448026e-07
reconstruction_w8_c1.0_test,quantized,3,3462,up_blocks.3.resnets.1.conv2.weight,0.3873807877736245,2.8340994810153773e-06,0.0014311273790196275,0.005112092720444884,2.2459322075141316e-09,0.0007561539364843639,7.66740401131423e-06,0.0026543994899839163,5.951564503448026e-07
reconstruction_w8_c1.0_test,quantized,3,3462,up_blocks.3.resnets.2.conv1.weight,0.2522173692296532,-1.184973810600701e-05,-0.003956753732785888,0.011873936985674276,1.057380592527644e-08,0.0016109151578193072,2.6024576775628028e-05,0.0026543994899839163,5.951564503448026e-07
reconstruction_w8_c1.0_test,quantized,3,3462,up_blocks.3.resnets.2.conv2.weight,0.36666929742212134,-1.915026596418341e-06,-0.0023118321536964677,0.0022591442583114597,4.641249437026074e-09,0.0014831330295508153,8.53454271491206e-06,0.0026543994899839163,5.951564503448026e-07
reconstruction_w8_c1.0_test,quantized,3,3462,mid_block.attentions.0.to_q.weight,0.23078656276716855,2.1386102675791365e-07,0.0013974757511599288,0.0006630966712430203,7.1759440060268e-10,0.0021020141796540197,1.4792203772391063e-06,0.0026543994899839163,5.951564503448026e-07
reconstruction_w8_c1.0_test,quantized,3,3462,mid_block.attentions.0.to_k.weight,0.2374363717987212,1.8877395989063495e-07,0.0011435528058065692,0.0006952461857817136,4.588388503287316e-10,0.0016367258904871485,1.1806929859459796e-06,0.0026543994899839163,5.951564503448026e-07
reconstruction_w8_c1.0_test,quantized,3,3462,mid_block.attentions.0.to_v.weight,0.15741139137339286,-1.136470366218444e-06,-0.001074638728853142,0.0067183011931978565,3.0251277388068326e-09,0.0016446529906437677,1.1685122807239149e-05,0.0026543994899839163,5.951564503448026e-07
reconstruction_w8_c1.0_test,quantized,3,3462,mid_block.attentions.0.to_out.0.weight,0.14889739652986286,-2.254931997847199e-06,-0.0017228857248033972,0.008790020189003806,-7.032041034430921e-10,-0.0001828737394111297,2.5825155588942945e-05,0.0026543994899839163,5.951564503448026e-07
reconstruction_w8_c1.0_test,quantized,3,3462,mid_block.resnets.0.conv1.weight,1.188518104698683,-3.602422332072691e-06,-0.0006488391832603237,0.004671450545846109,2.1269388293330555e-08,0.0027460524481541875,6.516889696683434e-06,0.0026543994899839163,5.951564503448026e-07
reconstruction_w8_c1.0_test,quantized,3,3462,mid_block.resnets.0.conv2.weight,0.7352327860633766,9.758535620033523e-07,0.00013808512019353292,0.009611981011788584,1.9494775902160377e-08,0.0008484330893895636,3.125185381014587e-05,0.0026543994899839163,5.951564503448026e-07
reconstruction_w8_c1.0_test,quantized,3,3462,mid_block.resnets.1.conv1.weight,1.1191026063623346,3.7170723925422842e-06,0.0010284893226293933,0.0032294705223031815,2.2465175466680805e-08,0.003470084349987644,5.784953550559185e-06,0.0026543994899839163,5.951564503448026e-07
reconstruction_w8_c1.0_test,quantized,3,3462,mid_block.resnets.1.conv2.weight,0.7529285932274971,4.877238892896151e-06,0.0009291229285624389,0.006971834362757995,2.8726287189947768e-08,0.0019655673936957814,1.9410546750846426e-05,0.0026543994899839163,5.951564503448026e-07
reconstruction_w8_c1.0_test,quantized,3,3462,conv_out.weight,0.00819840641586426,-8.394210318714767e-06,-0.01370525417712263,0.07470734602574791,-8.57663372283631e-08,-0.03228969954998215,0.0003239838901029549,0.0026543994899839163,5.951564503448026e-07
natural_residual_qat_w8_c1.0_test,quantized,0,3459,conv_in.weight,0.08641980060768097,-0.0001535019536066201,-0.028072511263195085,0.06327313927664648,1.2381307739193417e-05,0.09537070915467828,0.0015022362800131072,0.0418722964823246,0.00031632205354981124
natural_residual_qat_w8_c1.0_test,quantized,0,3459,up_blocks.0.resnets.0.conv1.weight,1.1996622111432063,-0.0003439276652361815,-0.014591193551431231,0.01964795316018795,1.7216878993953483e-05,0.027111050618298913,0.0005293575361753224,0.0418722964823246,0.00031632205354981124
natural_residual_qat_w8_c1.0_test,quantized,0,3459,up_blocks.0.resnets.0.conv2.weight,0.8219539607441838,-0.00018496599329736405,-0.007870877439503725,0.0285904668288252,9.289632340121204e-06,0.013833004412935427,0.0008170234430921521,0.0418722964823246,0.00031632205354981124
natural_residual_qat_w8_c1.0_test,quantized,0,3459,up_blocks.0.resnets.1.conv1.weight,1.2092263353148922,-0.0004599407220954267,-0.016877170205451444,0.022536923758972073,1.895132803365617e-05,0.02771867476835146,0.0005654049277761607,0.0418722964823246,0.00031632205354981124
natural_residual_qat_w8_c1.0_test,quantized,0,3459,up_blocks.0.resnets.1.conv2.weight,0.7659946743403209,-0.00019556604078489363,-0.007659146255280233,0.033333992299713525,9.7737711150519e-06,0.01403749943075576,0.0009089639570047353,0.0418722964823246,0.00031632205354981124
natural_residual_qat_w8_c1.0_test,quantized,0,3459,up_blocks.0.resnets.2.conv1.weight,1.2684854421376877,-0.0003048436736242076,-0.011171244374471548,0.021512463525261576,2.1374942736752604e-05,0.02956809950918805,0.0005698965940236214,0.0418722964823246,0.00031632205354981124
natural_residual_qat_w8_c1.0_test,quantized,0,3459,up_blocks.0.resnets.2.conv2.weight,0.7714403817657295,-0.00023559726141632987,-0.009236016089112434,0.0330661162644378,1.1224481719961189e-05,0.01687655032697371,0.0008621448722026416,0.0418722964823246,0.00031632205354981124
natural_residual_qat_w8_c1.0_test,quantized,0,3459,up_blocks.0.upsamplers.0.conv.weight,0.4637261700641396,-0.0007271673090994619,-0.015228877735217191,0.10296860774881386,3.273629941582054e-05,0.02668745448402987,0.002645214087057989,0.0418722964823246,0.00031632205354981124
natural_residual_qat_w8_c1.0_test,quantized,0,3459,up_blocks.1.resnets.0.conv1.weight,1.1695781778341303,-0.0004296793877835233,-0.014511631504961105,0.025316229394705826,1.9674287770839593e-05,0.025645594628049228,0.0006559292374717592,0.0418722964823246,0.00031632205354981124
natural_residual_qat_w8_c1.0_test,quantized,0,3459,up_blocks.1.resnets.0.conv2.weight,1.1231600680297178,-0.0004370865775541838,-0.014960876038329395,0.02601170326214456,1.9998913875644407e-05,0.02537572235361328,0.0007016917037107626,0.0418722964823246,0.00031632205354981124
natural_residual_qat_w8_c1.0_test,quantized,0,3459,up_blocks.1.resnets.1.conv1.weight,1.193947226489057,-0.0007498716456347135,-0.024515620758797752,0.025618807283936208,2.059218791907153e-05,0.02765393424354142,0.0006236780161365738,0.0418722964823246,0.00031632205354981124
natural_residual_qat_w8_c1.0_test,quantized,0,3459,up_blocks.1.resnets.1.conv2.weight,1.0762617051732568,-0.0004171592565891328,-0.014545270226467701,0.026647851711529596,1.5232677295136253e-05,0.019444096960539944,0.0007278980832842022,0.0418722964823246,0.00031632205354981124
natural_residual_qat_w8_c1.0_test,quantized,0,3459,up_blocks.1.resnets.2.conv1.weight,1.1579345625501636,-0.0007090500898325232,-0.02090185155096734,0.029295987406740047,2.842507884845447e-05,0.03449512656723846,0.0007116392907028892,0.0418722964823246,0.00031632205354981124
natural_residual_qat_w8_c1.0_test,quantized,0,3459,up_blocks.1.resnets.2.conv2.weight,0.9867812704385885,-0.00045254604632862384,-0.0173251245237012,0.02647070526565859,1.5650602368522075e-05,0.022151739605524964,0.0007159823593888358,0.0418722964823246,0.00031632205354981124
natural_residual_qat_w8_c1.0_test,quantized,0,3459,up_blocks.1.upsamplers.0.conv.weight,0.511983421823434,-0.0007507053293829938,-0.01628065998134973,0.09006200146783071,2.8830867658010184e-05,0.02953451167650075,0.001906654572635523,0.0418722964823246,0.00031632205354981124
natural_residual_qat_w8_c1.0_test,quantized,0,3459,up_blocks.2.resnets.0.conv1.weight,0.7641877625283333,-0.0006393359408505354,-0.030954533373020954,0.027027431731935177,2.3453879099017466e-05,0.04438441234985427,0.0006914871741994399,0.0418722964823246,0.00031632205354981124
natural_residual_qat_w8_c1.0_test,quantized,0,3459,up_blocks.2.resnets.0.conv2.weight,0.6290275658078275,-0.000712906739516267,-0.048826091467963836,0.023211920908359673,1.930210932957769e-05,0.06172266656791954,0.0004971533989135421,0.0418722964823246,0.00031632205354981124
natural_residual_qat_w8_c1.0_test,quantized,0,3459,up_blocks.2.resnets.0.conv_shortcut.weight,0.05503999391810435,-0.0007277632857287833,-0.05450908972668098,0.24257321018222222,1.7766067925461323e-05,0.06978208004606792,0.004625610182411945,0.0418722964823246,0.00031632205354981124
natural_residual_qat_w8_c1.0_test,quantized,0,3459,up_blocks.2.resnets.1.conv1.weight,0.49873009477666164,-0.00065027787914812,-0.04409272446047789,0.02957103127844508,1.568445650332652e-05,0.04552741718705575,0.0006907658924535209,0.0418722964823246,0.00031632205354981124
natural_residual_qat_w8_c1.0_test,quantized,0,3459,up_blocks.2.resnets.1.conv2.weight,0.6796427659425498,-0.0008276940154650371,-0.047928081653942585,0.025409672640262587,1.714315922388477e-05,0.05700823464572177,0.0004424585253947109,0.0418722964823246,0.00031632205354981124
natural_residual_qat_w8_c1.0_test,quantized,0,3459,up_blocks.2.resnets.2.conv1.weight,0.5312629501338643,-0.0007706994045984858,-0.04668440041445054,0.031074468451796535,1.6012169711817355e-05,0.05482650943729849,0.0005497307844500613,0.0418722964823246,0.00031632205354981124
natural_residual_qat_w8_c1.0_test,quantized,0,3459,up_blocks.2.resnets.2.conv2.weight,0.6149052856014247,-0.0005965531050842709,-0.04256773107326394,0.02279084262145067,1.3343741377568652e-05,0.052986193114152626,0.00040954975636930973,0.0418722964823246,0.00031632205354981124
natural_residual_qat_w8_c1.0_test,quantized,0,3459,up_blocks.2.upsamplers.0.conv.weight,0.2863534969740772,-0.0011044077953202276,-0.03197064141419019,0.12063563729003494,2.113332082827252e-05,0.04989546700325831,0.001479122567280576,0.0418722964823246,0.00031632205354981124
natural_residual_qat_w8_c1.0_test,quantized,0,3459,up_blocks.3.resnets.0.conv1.weight,0.36110786555128743,-0.0006735815588890622,-0.060795059639105094,0.030682090855329157,9.927123434578095e-06,0.06951749457214233,0.00039545071226810066,0.0418722964823246,0.00031632205354981124
natural_residual_qat_w8_c1.0_test,quantized,0,3459,up_blocks.3.resnets.0.conv2.weight,0.38885826989443384,-0.00046072656811383945,-0.06431664872149748,0.01842164930225158,7.333244315523105e-06,0.09932558599106935,0.0001898644601359144,0.0418722964823246,0.00031632205354981124
natural_residual_qat_w8_c1.0_test,quantized,0,3459,up_blocks.3.resnets.0.conv_shortcut.weight,0.04523346539132734,-0.0007043623360422563,-0.06401893967293106,0.243235963402657,1.0789086241326942e-05,0.10019977046096004,0.0023804445917094247,0.0418722964823246,0.00031632205354981124
natural_residual_qat_w8_c1.0_test,quantized,0,3459,up_blocks.3.resnets.1.conv1.weight,0.25101704416400206,-0.00035265328474077536,-0.03547725192352767,0.03959996027011842,6.6807021755436675e-06,0.07625902343344251,0.0003490017950605111,0.0418722964823246,0.00031632205354981124
natural_residual_qat_w8_c1.0_test,quantized,0,3459,up_blocks.3.resnets.1.conv2.weight,0.4036632388473987,-0.0004384892245784053,-0.04849279683985337,0.02240074653668297,7.950326672721063e-06,0.09432657574560561,0.00020880058178883486,0.0418722964823246,0.00031632205354981124
natural_residual_qat_w8_c1.0_test,quantized,0,3459,up_blocks.3.resnets.2.conv1.weight,0.2635041102387006,-0.0004992836994071605,-0.042960195227699303,0.04410560129940276,8.589405015498578e-06,0.07060971900450652,0.0004616482614716655,0.0418722964823246,0.00031632205354981124
natural_residual_qat_w8_c1.0_test,quantized,0,3459,up_blocks.3.resnets.2.conv2.weight,0.37561741899994167,-0.0002952355425097329,-0.07578828091776901,0.010371005374220208,3.315566702986677e-06,0.06785624592716294,0.00013008350084070804,0.0418722964823246,0.00031632205354981124
natural_residual_qat_w8_c1.0_test,quantized,0,3459,mid_block.attentions.0.to_q.weight,0.23113815912154015,3.596546756366172e-06,0.0029752774163440206,0.005229818232688153,4.243482302222062e-08,0.0015213646551650657,0.00012067503204975431,0.0418722964823246,0.00031632205354981124
natural_residual_qat_w8_c1.0_test,quantized,0,3459,mid_block.attentions.0.to_k.weight,0.23785366140349776,2.9773236874724126e-06,0.0022501447583193686,0.005562957642036513,2.0178691684547985e-07,0.006500292102685515,0.00013051195362687976,0.0418722964823246,0.00031632205354981124
natural_residual_qat_w8_c1.0_test,quantized,0,3459,mid_block.attentions.0.to_v.weight,0.1587068896692387,-4.4663740182057386e-05,-0.009914179580309735,0.02838589074052332,3.179764341682927e-06,0.027727164851755116,0.0007225928997268257,0.0418722964823246,0.00031632205354981124
natural_residual_qat_w8_c1.0_test,quantized,0,3459,mid_block.attentions.0.to_out.0.weight,0.14981157715481566,-3.682065806412396e-05,-0.007787905238191898,0.031559165538518986,2.4874093402579585e-06,0.019431888174363605,0.0008544504485764315,0.0418722964823246,0.00031632205354981124
natural_residual_qat_w8_c1.0_test,quantized,0,3459,mid_block.resnets.0.conv1.weight,1.1974420424384276,-0.00031154413974951174,-0.01117979839726547,0.023271860884687058,4.189783208473726e-05,0.04627819168316547,0.0007560676723418325,0.0418722964823246,0.00031632205354981124
natural_residual_qat_w8_c1.0_test,quantized,0,3459,mid_block.resnets.0.conv2.weight,0.7383266095664162,-0.00028720218114129556,-0.009158699939951402,0.04247226110171651,1.8110580567230054e-05,0.021436363514302375,0.0011442811365413607,0.0418722964823246,0.00031632205354981124
natural_residual_qat_w8_c1.0_test,quantized,0,3459,mid_block.resnets.1.conv1.weight,1.1233651607906963,-9.648520109177451e-05,-0.005023374319394634,0.017097956759254938,7.937069697725885e-06,0.01470276752593634,0.00048055173847637994,0.0418722964823246,0.00031632205354981124
natural_residual_qat_w8_c1.0_test,quantized,0,3459,mid_block.resnets.1.conv2.weight,0.7549825016852345,-0.0001509961082609819,-0.006872220066222316,0.02910260130709959,9.783778539767239e-06,0.017268779652703483,0.0007504263576921799,0.0418722964823246,0.00031632205354981124
natural_residual_qat_w8_c1.0_test,quantized,0,3459,conv_out.weight,0.008811632937953982,-0.00021812236968450532,-0.06286059276300554,0.3937905931805438,5.6200595013568306e-06,0.13490589154929503,0.0047277401617585495,0.0418722964823246,0.00031632205354981124
natural_residual_qat_w8_c1.0_test,quantized,1,3460,conv_in.weight,0.08641980060768097,-0.00024943666617099127,-0.02097944960133932,0.1375792517618779,7.184509979638869e-06,0.07215529864155733,0.0011521676148564203,0.05053750053048134,0.00020144961308687925
natural_residual_qat_w8_c1.0_test,quantized,1,3460,up_blocks.0.resnets.0.conv1.weight,1.1996622111432063,-0.00048138592934454335,-0.01397949238907767,0.028704038969257516,9.146849873422358e-06,0.029581791859593094,0.000257743721631312,0.05053750053048134,0.00020144961308687925
natural_residual_qat_w8_c1.0_test,quantized,1,3460,up_blocks.0.resnets.0.conv2.weight,0.8219539607441838,-0.00015919204544536817,-0.004292253664703326,0.04512201549802342,4.678984139475605e-06,0.01453825797865902,0.00039155404012287433,0.05053750053048134,0.00020144961308687925
natural_residual_qat_w8_c1.0_test,quantized,1,3460,up_blocks.0.resnets.1.conv1.weight,1.2092263353148922,-0.0005032657068802441,-0.012614614066493415,0.03299254159707154,9.69132608208244e-06,0.02878235798725425,0.0002784512930402287,0.05053750053048134,0.00020144961308687925
natural_residual_qat_w8_c1.0_test,quantized,1,3460,up_blocks.0.resnets.1.conv2.weight,0.7659946743403209,-0.00023388109723817353,-0.005748038534565695,0.05311897687724597,5.100682153638919e-06,0.0142526377476124,0.0004672047659375823,0.05053750053048134,0.00020144961308687925
natural_residual_qat_w8_c1.0_test,quantized,1,3460,up_blocks.0.resnets.2.conv1.weight,1.2684854421376877,-0.00037107578108342494,-0.008262195900061324,0.03540638886292702,1.1823377776119608e-05,0.03167924368570312,0.00029422615353404157,0.05053750053048134,0.00020144961308687925
natural_residual_qat_w8_c1.0_test,quantized,1,3460,up_blocks.0.resnets.2.conv2.weight,0.7714403817657295,-0.00036149707803680446,-0.008047441362128134,0.05822970658230972,7.1969920766161076e-06,0.018405540201411035,0.0005068740847964192,0.05053750053048134,0.00020144961308687925
natural_residual_qat_w8_c1.0_test,quantized,1,3460,up_blocks.0.upsamplers.0.conv.weight,0.4637261700641396,-0.0006602511360850607,-0.006969216455550724,0.20429775679476486,1.889253836951312e-05,0.028207081907170105,0.0014443436871769775,0.05053750053048134,0.00020144961308687925
natural_residual_qat_w8_c1.0_test,quantized,1,3460,up_blocks.1.resnets.0.conv1.weight,1.1695781778341303,-0.0004862433695335761,-0.010533926531353217,0.039467003180385866,1.1370563380713359e-05,0.031729892129744496,0.00030639673361241546,0.05053750053048134,0.00020144961308687925
natural_residual_qat_w8_c1.0_test,quantized,1,3460,up_blocks.1.resnets.0.conv2.weight,1.1231600680297178,-0.00059721156133302,-0.01155503490955886,0.04601668085935541,1.087258344487575e-05,0.02742414918473144,0.00035298636681797027,0.05053750053048134,0.00020144961308687925
natural_residual_qat_w8_c1.0_test,quantized,1,3460,up_blocks.1.resnets.1.conv1.weight,1.193947226489057,-0.0007269971530358575,-0.014375348176010536,0.042357391481424346,1.265589939926822e-05,0.03787151467191345,0.0002798950435166939,0.05053750053048134,0.00020144961308687925
natural_residual_qat_w8_c1.0_test,quantized,1,3460,up_blocks.1.resnets.1.conv2.weight,1.0762617051732568,-0.0003447541557751117,-0.006775413444857883,0.04727764340606139,9.175084563383605e-06,0.02315039692121712,0.0003682423609750656,0.05053750053048134,0.00020144961308687925
natural_residual_qat_w8_c1.0_test,quantized,1,3460,up_blocks.1.resnets.2.conv1.weight,1.1579345625501636,-0.0007248049973542249,-0.013771336264571641,0.04545284574072773,1.7558991326647652e-05,0.04185195238340495,0.00036232627125037297,0.05053750053048134,0.00020144961308687925
natural_residual_qat_w8_c1.0_test,quantized,1,3460,up_blocks.1.resnets.2.conv2.weight,0.9867812704385885,-0.0005617543121982034,-0.01247982292021451,0.045615988873414455,1.0717791138759263e-05,0.027665968526286406,0.000392589349239224,0.05053750053048134,0.00020144961308687925
natural_residual_qat_w8_c1.0_test,quantized,1,3460,up_blocks.1.upsamplers.0.conv.weight,0.511983421823434,-0.0010637990109868317,-0.010820737940194121,0.19202014986560995,1.9003550518508158e-05,0.03128983277650667,0.0011862483161480368,0.05053750053048134,0.00020144961308687925
natural_residual_qat_w8_c1.0_test,quantized,1,3460,up_blocks.2.resnets.0.conv1.weight,0.7641877625283333,-0.0010661078120959642,-0.026260747092815145,0.0531243916502941,1.6014622714822174e-05,0.05664905203371029,0.00036993377660528596,0.05053750053048134,0.00020144961308687925
natural_residual_qat_w8_c1.0_test,quantized,1,3460,up_blocks.2.resnets.0.conv2.weight,0.6290275658078275,-0.0009012920794513634,-0.03441172874153648,0.04163795445326336,1.2342259103190334e-05,0.06547779893984976,0.00029966147264856027,0.05053750053048134,0.00020144961308687925
natural_residual_qat_w8_c1.0_test,quantized,1,3460,up_blocks.2.resnets.0.conv_shortcut.weight,0.05503999391810435,-0.0006800177035967521,-0.02435858806143811,0.5072122467237432,1.1264729872871638e-05,0.06986525769319839,0.002929416607556628,0.05053750053048134,0.00020144961308687925
natural_residual_qat_w8_c1.0_test,quantized,1,3460,up_blocks.2.resnets.1.conv1.weight,0.49873009477666164,-0.0007511579934934077,-0.02976526282718481,0.0506006383730018,9.956860818484456e-06,0.07129370049601608,0.0002800307370720239,0.05053750053048134,0.00020144961308687925
natural_residual_qat_w8_c1.0_test,quantized,1,3460,up_blocks.2.resnets.1.conv2.weight,0.6796427659425498,-0.001202734952312339,-0.03818405421617556,0.0463454598184534,1.2638196003401452e-05,0.06444436372868642,0.0002885489163370757,0.05053750053048134,0.00020144961308687925
natural_residual_qat_w8_c1.0_test,quantized,1,3460,up_blocks.2.resnets.2.conv1.weight,0.5312629501338643,-0.0010069754194651915,-0.03698161425018218,0.05125349383506139,1.1738554974069026e-05,0.08274966464356193,0.0002670169717100472,0.05053750053048134,0.00020144961308687925
natural_residual_qat_w8_c1.0_test,quantized,1,3460,up_blocks.2.resnets.2.conv2.weight,0.6149052856014247,-0.0010738602970045198,-0.04010937743764976,0.043540522719394785,9.130872863063687e-06,0.053245448013168634,0.0002788827061701882,0.05053750053048134,0.00020144961308687925
natural_residual_qat_w8_c1.0_test,quantized,1,3460,up_blocks.2.upsamplers.0.conv.weight,0.2863534969740772,-0.0018089949458063876,-0.022651976639413443,0.2788873125286183,1.445272578580524e-05,0.04546989343923669,0.0011100009111174557,0.05053750053048134,0.00020144961308687925
natural_residual_qat_w8_c1.0_test,quantized,1,3460,up_blocks.3.resnets.0.conv1.weight,0.36110786555128743,-0.0009163873642386655,-0.04616981473302768,0.05496471901506924,7.74091260212681e-06,0.08674428005638905,0.00024712368367474656,0.05053750053048134,0.00020144961308687925
natural_residual_qat_w8_c1.0_test,quantized,1,3460,up_blocks.3.resnets.0.conv2.weight,0.38885826989443384,-0.0009024846880406774,-0.07124597883464125,0.032575279079118925,5.113468078085581e-06,0.10318425335428619,0.00012744147331932558,0.05053750053048134,0.00020144961308687925
natural_residual_qat_w8_c1.0_test,quantized,1,3460,up_blocks.3.resnets.0.conv_shortcut.weight,0.04523346539132734,-0.0010337263328830289,-0.047583044985767806,0.48027887893514887,8.432535790040149e-06,0.11267803694465385,0.001654470622698226,0.05053750053048134,0.00020144961308687925
natural_residual_qat_w8_c1.0_test,quantized,1,3460,up_blocks.3.resnets.1.conv1.weight,0.25101704416400206,-0.0004335378102116262,-0.026287307122658712,0.06570186071993171,4.707651549534082e-06,0.09070418789248048,0.00020676344484556454,0.05053750053048134,0.00020144961308687925
natural_residual_qat_w8_c1.0_test,quantized,1,3460,up_blocks.3.resnets.1.conv2.weight,0.4036632388473987,-0.0009084139041436342,-0.05565766077226712,0.040433340479419544,5.8899402472184745e-06,0.09210100557065926,0.00015842631350566623,0.05053750053048134,0.00020144961308687925
natural_residual_qat_w8_c1.0_test,quantized,1,3460,up_blocks.3.resnets.2.conv1.weight,0.2635041102387006,-0.0010115240199796657,-0.04556007205283662,0.0842566919404825,6.63573959049242e-06,0.08325038627163932,0.00030249324672494145,0.05053750053048134,0.00020144961308687925
natural_residual_qat_w8_c1.0_test,quantized,1,3460,up_blocks.3.resnets.2.conv2.weight,0.37561741899994167,-0.0005554936640205569,-0.07962763855240389,0.018572465023322115,2.680274771837736e-06,0.07002232921152687,0.00010190536325691914,0.05053750053048134,0.00020144961308687925
natural_residual_qat_w8_c1.0_test,quantized,1,3460,mid_block.attentions.0.to_q.weight,0.23113815912154015,-6.702615676419578e-06,-0.003823609235429253,0.007584014697460022,1.7120487605221694e-07,0.011030978259677988,6.714759322665397e-05,0.05053750053048134,0.00020144961308687925
natural_residual_qat_w8_c1.0_test,quantized,1,3460,mid_block.attentions.0.to_k.weight,0.23785366140349776,-5.5544065478090595e-06,-0.002446379455752726,0.009545616934196208,1.3973729217186143e-07,0.007605108709947448,7.724974521979807e-05,0.05053750053048134,0.00020144961308687925
natural_residual_qat_w8_c1.0_test,quantized,1,3460,mid_block.attentions.0.to_v.weight,0.1587068896692387,-0.0001007372579751692,-0.011535266578570735,0.0550258436038225,1.845239922438131e-06,0.03069544838087212,0.0003787765464928527,0.05053750053048134,0.00020144961308687925
natural_residual_qat_w8_c1.0_test,quantized,1,3460,mid_block.attentions.0.to_out.0.weight,0.14981157715481566,-3.010813019025511e-05,-0.0026683801163507872,0.07531660118558511,1.555106828244367e-06,0.019773822077379308,0.000524957603067481,0.05053750053048134,0.00020144961308687925
natural_residual_qat_w8_c1.0_test,quantized,1,3460,mid_block.resnets.0.conv1.weight,1.1974420424384276,-0.0006718041748373283,-0.013601664083628506,0.04124735942878237,2.1350418115144535e-05,0.044807120834842624,0.00039792831579043636,0.05053750053048134,0.00020144961308687925
natural_residual_qat_w8_c1.0_test,quantized,1,3460,mid_block.resnets.0.conv2.weight,0.7383266095664162,-0.0003409696005931222,-0.006591389411115608,0.0700632324354397,1.0938185946745971e-05,0.023119518869428125,0.0006407933398983943,0.05053750053048134,0.00020144961308687925
natural_residual_qat_w8_c1.0_test,quantized,1,3460,mid_block.resnets.1.conv1.weight,1.1233651607906963,-0.00021976634776635747,-0.007541370764789121,0.025941193127179532,6.152746997279145e-06,0.022784767000057708,0.00024038286914266564,0.05053750053048134,0.00020144961308687925
natural_residual_qat_w8_c1.0_test,quantized,1,3460,mid_block.resnets.1.conv2.weight,0.7549825016852345,-0.0002738523656189546,-0.007260657480196698,0.04995784098231979,5.715295372274527e-06,0.01761117869292255,0.00042984647572212126,0.05053750053048134,0.00020144961308687925
natural_residual_qat_w8_c1.0_test,quantized,1,3460,conv_out.weight,0.008811632937953982,-0.0003374457047520266,-0.061929361622570844,0.6183735479764196,4.180156006230946e-06,0.12930349261094973,0.0036688152012959068,0.05053750053048134,0.00020144961308687925
natural_residual_qat_w8_c1.0_test,quantized,2,3461,conv_in.weight,0.08641980060768097,5.157628338791823e-06,0.0006189615715394557,0.09642132540457801,8.898272228616021e-06,0.08257152325246563,0.0012469875912069735,0.05048514902591705,0.0002245796931674704
natural_residual_qat_w8_c1.0_test,quantized,2,3461,up_blocks.0.resnets.0.conv1.weight,1.1996622111432063,-0.00035488117478690157,-0.010584344822911467,0.02794859645771435,1.0552436444849874e-05,0.03115697440256823,0.0002823179479741172,0.05048514902591705,0.0002245796931674704
natural_residual_qat_w8_c1.0_test,quantized,2,3461,up_blocks.0.resnets.0.conv2.weight,0.8219539607441838,-6.282284423873434e-05,-0.0018767053495828598,0.04072621130528037,4.885467808569623e-06,0.016327696850516375,0.0003640271160138452,0.05048514902591705,0.0002245796931674704
natural_residual_qat_w8_c1.0_test,quantized,2,3461,up_blocks.0.resnets.1.conv1.weight,1.2092263353148922,-0.00032735740330748383,-0.007960155767261992,0.034008932791953855,1.0952142484862877e-05,0.029844568573798125,0.00030347728009989057,0.05048514902591705,0.0002245796931674704
natural_residual_qat_w8_c1.0_test,quantized,2,3461,up_blocks.0.resnets.1.conv2.weight,0.7659946743403209,-0.00015379167111457637,-0.004206611897683204,0.04772815210285554,5.461368233666106e-06,0.016975605449698054,0.00042000110888152715,0.05048514902591705,0.0002245796931674704
natural_residual_qat_w8_c1.0_test,quantized,2,3461,up_blocks.0.resnets.2.conv1.weight,1.2684854421376877,-0.00037221573981538914,-0.00786197892973244,0.03732307101731106,1.3568760076873283e-05,0.033667485509602156,0.00031771959046454526,0.05048514902591705,0.0002245796931674704
natural_residual_qat_w8_c1.0_test,quantized,2,3461,up_blocks.0.resnets.2.conv2.weight,0.7714403817657295,-0.00022189227438937617,-0.005911454582515639,0.048657014253884634,7.637183714537369e-06,0.021540784024803035,0.0004595887219056657,0.05048514902591705,0.0002245796931674704
natural_residual_qat_w8_c1.0_test,quantized,2,3461,up_blocks.0.upsamplers.0.conv.weight,0.4637261700641396,-0.0004332512937072952,-0.0051157278519439724,0.18262945782741838,2.1571992062824265e-05,0.028944180960618168,0.0016071905914417845,0.05048514902591705,0.0002245796931674704
natural_residual_qat_w8_c1.0_test,quantized,2,3461,up_blocks.1.resnets.0.conv1.weight,1.1695781778341303,-0.00033624298895750757,-0.00729342932779954,0.03941778369280642,1.10091368431828e-05,0.03178178118999646,0.0002961732153089673,0.05048514902591705,0.0002245796931674704
natural_residual_qat_w8_c1.0_test,quantized,2,3461,up_blocks.1.resnets.0.conv2.weight,1.1231600680297178,-0.00040306702638443485,-0.008722338248620457,0.041143638213084165,1.1393466004109413e-05,0.03156844472930423,0.00032133721112361,0.05048514902591705,0.0002245796931674704
natural_residual_qat_w8_c1.0_test,quantized,2,3461,up_blocks.1.resnets.1.conv1.weight,1.193947226489057,-0.0004951323901132332,-0.009583890834733834,0.04327074257715742,1.3307620890522667e-05,0.039510307562943325,0.0002821011643669925,0.05048514902591705,0.0002245796931674704
natural_residual_qat_w8_c1.0_test,quantized,2,3461,up_blocks.1.resnets.1.conv2.weight,1.0762617051732568,-0.00036112429912617933,-0.007956553238150883,0.042170995301088816,9.997780037841844e-06,0.029783759457111165,0.00031189339235050635,0.05048514902591705,0.0002245796931674704
natural_residual_qat_w8_c1.0_test,quantized,2,3461,up_blocks.1.resnets.2.conv1.weight,1.1579345625501636,-0.0007512527809689987,-0.012927748854845903,0.050185605570810546,1.8404331335462433e-05,0.04578973912904025,0.00034711058449945104,0.05048514902591705,0.0002245796931674704
natural_residual_qat_w8_c1.0_test,quantized,2,3461,up_blocks.1.resnets.2.conv2.weight,0.9867812704385885,-0.0003102182084664737,-0.0078387149282607,0.0401052766937406,1.0407499817634354e-05,0.03473294185091805,0.00030365745297057965,0.05048514902591705,0.0002245796931674704
natural_residual_qat_w8_c1.0_test,quantized,2,3461,up_blocks.1.upsamplers.0.conv.weight,0.511983421823434,-0.0004997693381744498,-0.006045418654879022,0.16146832025152727,1.9594434314301553e-05,0.027686003008673188,0.0013823453936085983,0.05048514902591705,0.0002245796931674704
natural_residual_qat_w8_c1.0_test,quantized,2,3461,up_blocks.2.resnets.0.conv1.weight,0.7641877625283333,-0.0006480955741991815,-0.01765999972103654,0.048022889156942423,1.8157328217904233e-05,0.06128010308379556,0.0003877326542524938,0.05048514902591705,0.0002245796931674704
natural_residual_qat_w8_c1.0_test,quantized,2,3461,up_blocks.2.resnets.0.conv2.weight,0.6290275658078275,-0.0007345181277240434,-0.03197840062318844,0.036515403297716784,1.7739741016515666e-05,0.0967704516637323,0.0002914303844937315,0.05048514902591705,0.0002245796931674704
natural_residual_qat_w8_c1.0_test,quantized,2,3461,up_blocks.2.resnets.0.conv_shortcut.weight,0.05503999391810435,-0.00044479043843214863,-0.020275346756482585,0.3985738255686699,1.228057912217968e-05,0.06398513841120594,0.003487075548373019,0.05048514902591705,0.0002245796931674704
natural_residual_qat_w8_c1.0_test,quantized,2,3461,up_blocks.2.resnets.1.conv1.weight,0.49873009477666164,-0.0006673044073840133,-0.026244958960441264,0.05098148948119924,1.4850185938673822e-05,0.08872490350242468,0.0003355990944013932,0.05048514902591705,0.0002245796931674704
natural_residual_qat_w8_c1.0_test,quantized,2,3461,up_blocks.2.resnets.1.conv2.weight,0.6796427659425498,-0.0010561191017896287,-0.03816212962379401,0.04071923372730277,1.9284627760139597e-05,0.10713812717244918,0.0002648417880214013,0.05048514902591705,0.0002245796931674704
natural_residual_qat_w8_c1.0_test,quantized,2,3461,up_blocks.2.resnets.2.conv1.weight,0.5312629501338643,-0.0005933019744340177,-0.02315670603799881,0.04822691497652425,1.470896697237714e-05,0.09082276020980432,0.0003048442071668891,0.05048514902591705,0.0002245796931674704
natural_residual_qat_w8_c1.0_test,quantized,2,3461,up_blocks.2.resnets.2.conv2.weight,0.6149052856014247,-0.0007974441223460487,-0.038642274111647945,0.03356057231483508,9.732908280046899e-06,0.07776238508738653,0.00020354705911328463,0.05048514902591705,0.0002245796931674704
natural_residual_qat_w8_c1.0_test,quantized,2,3461,up_blocks.2.upsamplers.0.conv.weight,0.2863534969740772,-0.0008160918814812484,-0.01598210098269715,0.17832108417510276,1.3852007347769146e-05,0.034277991515416203,0.001411220430443174,0.05048514902591705,0.0002245796931674704
natural_residual_qat_w8_c1.0_test,quantized,2,3461,up_blocks.3.resnets.0.conv1.weight,0.36110786555128743,-0.000663256629108735,-0.04215114989817736,0.043574782126264255,8.748558863923373e-06,0.0947383882709766,0.000255725230074432,0.05048514902591705,0.0002245796931674704
natural_residual_qat_w8_c1.0_test,quantized,2,3461,up_blocks.3.resnets.0.conv2.weight,0.38885826989443384,-0.0005988813878427899,-0.06133689036119594,0.02510890202899402,4.950404879679772e-06,0.10217995100839757,0.00012459014475381153,0.05048514902591705,0.0002245796931674704
natural_residual_qat_w8_c1.0_test,quantized,2,3461,up_blocks.3.resnets.0.conv_shortcut.weight,0.04523346539132734,-0.0007570130464651826,-0.04977258885232005,0.3362430162594272,7.907631928741503e-06,0.0738396490354312,0.0023675380180215363,0.05048514902591705,0.0002245796931674704
natural_residual_qat_w8_c1.0_test,quantized,2,3461,up_blocks.3.resnets.1.conv1.weight,0.25101704416400206,-0.00014923633630268423,-0.01150441010309599,0.05167815648243162,4.948411006058947e-06,0.07389147284508585,0.0002667891907331758,0.05048514902591705,0.0002245796931674704
natural_residual_qat_w8_c1.0_test,quantized,2,3461,up_blocks.3.resnets.1.conv2.weight,0.4036632388473987,-0.0006910328565087652,-0.06003612222507177,0.02851457241881886,4.903574648598146e-06,0.09824933991756321,0.00012364141006000542,0.05048514902591705,0.0002245796931674704
natural_residual_qat_w8_c1.0_test,quantized,2,3461,up_blocks.3.resnets.2.conv1.weight,0.2635041102387006,-0.00041496154014321936,-0.026372174008122782,0.05971377403446144,6.887157588074122e-06,0.0658735962954935,0.0003967722155689551,0.05048514902591705,0.0002245796931674704
natural_residual_qat_w8_c1.0_test,quantized,2,3461,up_blocks.3.resnets.2.conv2.weight,0.37561741899994167,-0.00034235319251633446,-0.06760259143174291,0.013482341200678956,1.8800405109479628e-06,0.05123351016356047,9.769388298347747e-05,0.05048514902591705,0.0002245796931674704
natural_residual_qat_w8_c1.0_test,quantized,2,3461,mid_block.attentions.0.to_q.weight,0.23113815912154015,-5.122329034378076e-07,-0.00028664883570128814,0.007731177420792735,2.5309190004952465e-07,0.008274906192106496,0.00013232549188506128,0.05048514902591705,0.0002245796931674704
natural_residual_qat_w8_c1.0_test,quantized,2,3461,mid_block.attentions.0.to_k.weight,0.23785366140349776,-9.487585737239979e-06,-0.0050334028390924285,0.00792472467525887,8.755089134038137e-08,0.003983375627859155,9.240585057514982e-05,0.05048514902591705,0.0002245796931674704
natural_residual_qat_w8_c1.0_test,quantized,2,3461,mid_block.attentions.0.to_v.weight,0.1587068896692387,1.0550941949519051e-05,0.0012598002402504178,0.052770810719653484,2.4117982951678326e-06,0.02985032724572339,0.00050909180576174,0.05048514902591705,0.0002245796931674704
natural_residual_qat_w8_c1.0_test,quantized,2,3461,mid_block.attentions.0.to_out.0.weight,0.14981157715481566,3.4302802611518928e-06,0.00033340744111919117,0.06867662428443368,2.10871884033422e-06,0.018288973151752177,0.0007696335295994171,0.05048514902591705,0.0002245796931674704
natural_residual_qat_w8_c1.0_test,quantized,2,3461,mid_block.resnets.0.conv1.weight,1.1974420424384276,-0.00010649179536253941,-0.0027270884925309283,0.03261087230813368,2.841669757430743e-05,0.05135620034981648,0.00046208962597596063,0.05048514902591705,0.0002245796931674704
natural_residual_qat_w8_c1.0_test,quantized,2,3461,mid_block.resnets.0.conv2.weight,0.7383266095664162,-0.00017300252911009873,-0.003656745413625822,0.0640780380347483,1.3011700402148708e-05,0.026111961672896603,0.000674910266491067,0.05048514902591705,0.0002245796931674704
natural_residual_qat_w8_c1.0_test,quantized,2,3461,mid_block.resnets.1.conv1.weight,1.1233651607906963,-9.199011622751103e-05,-0.0032858617620898424,0.024921313486204008,5.512618838903474e-06,0.020533744598551614,0.00023898401776910357,0.05048514902591705,0.0002245796931674704
natural_residual_qat_w8_c1.0_test,quantized,2,3461,mid_block.resnets.1.conv2.weight,0.7549825016852345,-0.00015903449641196604,-0.005125858081602867,0.041094894906445585,6.167854185453391e-06,0.019911094546787984,0.00041030052941523853,0.05048514902591705,0.0002245796931674704
natural_residual_qat_w8_c1.0_test,quantized,2,3461,conv_out.weight,0.008811632937953982,-0.0003009343145588435,-0.05911954902629303,0.5776758360599565,1.2254949945926213e-06,0.03230826865405898,0.004304685808771939,0.05048514902591705,0.0002245796931674704
natural_residual_qat_w8_c1.0_test,quantized,3,3462,conv_in.weight,0.08641980060768097,-1.0295679220048304e-05,-0.022971463257787438,0.005186245640550261,2.4277407211901626e-06,0.06245161350972108,0.0004498268550439004,0.0008364964742213488,3.0254461307777092e-05
natural_residual_qat_w8_c1.0_test,quantized,3,3462,up_blocks.0.resnets.0.conv1.weight,1.1996622111432063,-2.519143962599455e-05,-0.017604742639337853,0.0011927909283316232,1.1764812909477794e-06,0.02009379868399409,4.8804964293573054e-05,0.0008364964742213488,3.0254461307777092e-05
natural_residual_qat_w8_c1.0_test,quantized,3,3462,up_blocks.0.resnets.0.conv2.weight,0.8219539607441838,-1.3326515500333347e-05,-0.006774552496010284,0.0023932524036274667,8.876258209031536e-07,0.005541270229485944,0.0001948826179096835,0.0008364964742213488,3.0254461307777092e-05
natural_residual_qat_w8_c1.0_test,quantized,3,3462,up_blocks.0.resnets.1.conv1.weight,1.2092263353148922,-2.3460020120833018e-05,-0.017015148843733386,0.0011402104861905108,1.0704994987894862e-06,0.019525931046646443,4.533849711740372e-05,0.0008364964742213488,3.0254461307777092e-05
natural_residual_qat_w8_c1.0_test,quantized,3,3462,up_blocks.0.resnets.1.conv2.weight,0.7659946743403209,-1.3826060358035369e-05,-0.006589653899808924,0.00273911390769412,8.551919999330382e-07,0.005182175026897982,0.0002154397330414517,0.0008364964742213488,3.0254461307777092e-05
natural_residual_qat_w8_c1.0_test,quantized,3,3462,up_blocks.0.resnets.2.conv1.weight,1.2684854421376877,-2.7073299402348074e-05,-0.015110489692617534,0.001412463259131397,1.4988895848754345e-06,0.021626680091596184,5.463793767879258e-05,0.0008364964742213488,3.0254461307777092e-05
natural_residual_qat_w8_c1.0_test,quantized,3,3462,up_blocks.0.resnets.2.conv2.weight,0.7714403817657295,-2.2434464013944912e-05,-0.010034908471667377,0.0028980102277370444,1.0162132455848108e-06,0.005644778693380929,0.0002333649148518646,0.0008364964742213488,3.0254461307777092e-05
natural_residual_qat_w8_c1.0_test,quantized,3,3462,up_blocks.0.upsamplers.0.conv.weight,0.4637261700641396,-5.308658021766536e-05,-0.012973550632635038,0.008823975480316243,3.8509634158040935e-06,0.011648206688579275,0.0007129330020171485,0.0008364964742213488,3.0254461307777092e-05
natural_residual_qat_w8_c1.0_test,quantized,3,3462,up_blocks.1.resnets.0.conv1.weight,1.1695781778341303,-1.7515891245549652e-05,-0.009711025103089072,0.0015421900851946139,1.327651728590011e-06,0.02161218247886,5.25238174106169e-05,0.0008364964742213488,3.0254461307777092e-05
natural_residual_qat_w8_c1.0_test,quantized,3,3462,up_blocks.1.resnets.0.conv2.weight,1.1231600680297178,-1.866552363346501e-05,-0.008615716051153395,0.001928888598337147,1.3909262669949438e-06,0.010585182970146498,0.00011699413336992305,0.0008364964742213488,3.0254461307777092e-05
natural_residual_qat_w8_c1.0_test,quantized,3,3462,up_blocks.1.resnets.1.conv1.weight,1.193947226489057,-2.512432077615641e-05,-0.013781734613403405,0.0015268814394648336,1.7513488425083868e-06,0.029294259761445295,5.007316009305856e-05,0.0008364964742213488,3.0254461307777092e-05
natural_residual_qat_w8_c1.0_test,quantized,3,3462,up_blocks.1.resnets.1.conv2.weight,1.0762617051732568,-1.3633452128461128e-05,-0.005793099287329889,0.002186638436738001,1.2687810337824437e-06,0.007878593910821054,0.0001496304817491277,0.0008364964742213488,3.0254461307777092e-05
natural_residual_qat_w8_c1.0_test,quantized,3,3462,up_blocks.1.resnets.2.conv1.weight,1.1579345625501636,-2.2843736831568197e-05,-0.010721465039897174,0.0018400473435658045,2.3141249189193124e-06,0.03220402093386141,6.205727216579995e-05,0.0008364964742213488,3.0254461307777092e-05
natural_residual_qat_w8_c1.0_test,quantized,3,3462,up_blocks.1.resnets.2.conv2.weight,0.9867812704385885,-1.0548590334435176e-05,-0.004956667635259408,0.002156670162519168,1.2517731627115664e-06,0.007451701944394923,0.00017023515989732322,0.0008364964742213488,3.0254461307777092e-05
natural_residual_qat_w8_c1.0_test,quantized,3,3462,up_blocks.1.upsamplers.0.conv.weight,0.511983421823434,-3.9361582869426605e-05,-0.010012134936427738,0.007678739985591191,2.6312816673266796e-06,0.007441537724084244,0.0006906352701017754,0.0008364964742213488,3.0254461307777092e-05
natural_residual_qat_w8_c1.0_test,quantized,3,3462,up_blocks.2.resnets.0.conv1.weight,0.7641877625283333,-4.2449517985064265e-05,-0.029097149282741524,0.001909071711051356,1.984943188042167e-06,0.03526729762180931,7.365052034898688e-05,0.0008364964742213488,3.0254461307777092e-05
natural_residual_qat_w8_c1.0_test,quantized,3,3462,up_blocks.2.resnets.0.conv2.weight,0.6290275658078275,-3.747028015284699e-05,-0.03366363304629416,0.0017695232700496119,2.0912972699122197e-06,0.026757942632692596,0.00012424913510409964,0.0008364964742213488,3.0254461307777092e-05
natural_residual_qat_w8_c1.0_test,quantized,3,3462,up_blocks.2.resnets.0.conv_shortcut.weight,0.05503999391810435,-2.415357526453452e-05,-0.024621014830113485,0.017823668577948815,1.7372408867259658e-06,0.018070143802572287,0.0017467069818222077,0.0008364964742213488,3.0254461307777092e-05
natural_residual_qat_w8_c1.0_test,quantized,3,3462,up_blocks.2.resnets.1.conv1.weight,0.49873009477666164,-3.983122711330321e-05,-0.03881695890068747,0.002057484645987877,1.7777639172270857e-06,0.057865811669116515,6.160081561447683e-05,0.0008364964742213488,3.0254461307777092e-05
natural_residual_qat_w8_c1.0_test,quantized,3,3462,up_blocks.2.resnets.1.conv2.weight,0.6796427659425498,-5.608326957012601e-05,-0.04063067321407609,0.0020309470812179945,2.7208949774338972e-06,0.030050350356428654,0.00013322371516228518,0.0008364964742213488,3.0254461307777092e-05
natural_residual_qat_w8_c1.0_test,quantized,3,3462,up_blocks.2.resnets.2.conv1.weight,0.5312629501338643,-4.088491754020473e-05,-0.03740805753670638,0.00205725648071923,2.334758492663691e-06,0.06772841076096493,6.488757579061619e-05,0.0008364964742213488,3.0254461307777092e-05
natural_residual_qat_w8_c1.0_test,quantized,3,3462,up_blocks.2.resnets.2.conv2.weight,0.6149052856014247,-4.1241906477018854e-05,-0.03785179925644344,0.0017719194638377495,1.1949877219796707e-06,0.014968923626069724,0.00012982688721433985,0.0008364964742213488,3.0254461307777092e-05
natural_residual_qat_w8_c1.0_test,quantized,3,3462,up_blocks.2.upsamplers.0.conv.weight,0.2863534969740772,-5.059984746018114e-05,-0.019870285452839493,0.00889288365140638,1.4131044897995107e-06,0.006381971451498416,0.0007732446574070223,0.0008364964742213488,3.0254461307777092e-05
natural_residual_qat_w8_c1.0_test,quantized,3,3462,up_blocks.3.resnets.0.conv1.weight,0.36110786555128743,-2.6955033978614117e-05,-0.03406032356980511,0.0021915640412766466,1.2741464802221973e-06,0.06027056971644901,5.854328848539733e-05,0.0008364964742213488,3.0254461307777092e-05
natural_residual_qat_w8_c1.0_test,quantized,3,3462,up_blocks.3.resnets.0.conv2.weight,0.38885826989443384,-2.5714124350847505e-05,-0.052429955680839004,0.0012612492168900375,9.254905166000368e-07,0.049919581389222596,4.76770854356097e-05,0.0008364964742213488,3.0254461307777092e-05
natural_residual_qat_w8_c1.0_test,quantized,3,3462,up_blocks.3.resnets.0.conv_shortcut.weight,0.04523346539132734,-3.472823048988438e-05,-0.04609044841762377,0.016657578207074218,1.8927774243182974e-06,0.04388709048630679,0.0009534609185931377,0.0008364964742213488,3.0254461307777092e-05
natural_residual_qat_w8_c1.0_test,quantized,3,3462,up_blocks.3.resnets.1.conv1.weight,0.25101704416400206,-1.392129586458211e-05,-0.02260851521521167,0.002453038761111105,8.727693549389951e-07,0.040897792586787746,8.501516643380543e-05,0.0008364964742213488,3.0254461307777092e-05
natural_residual_qat_w8_c1.0_test,quantized,3,3462,up_blocks.3.resnets.1.conv2.weight,0.4036632388473987,-3.373830227085367e-05,-0.046324476006226016,0.0018042366844541818,9.494499997558731e-07,0.03701496707070425,6.354414358099728e-05,0.0008364964742213488,3.0254461307777092e-05
natural_residual_qat_w8_c1.0_test,quantized,3,3462,up_blocks.3.resnets.2.conv1.weight,0.2635041102387006,-4.129761243437417e-05,-0.03683183247900522,0.004255143626439509,7.608511138954966e-07,0.02318986032023742,0.00012451284433086056,0.0008364964742213488,3.0254461307777092e-05
natural_residual_qat_w8_c1.0_test,quantized,3,3462,up_blocks.3.resnets.2.conv2.weight,0.37561741899994167,-1.947234574281857e-05,-0.062475562039556475,0.0008297788788837854,3.432800740819339e-07,0.018602316424862757,4.9128764623607805e-05,0.0008364964742213488,3.0254461307777092e-05
natural_residual_qat_w8_c1.0_test,quantized,3,3462,mid_block.attentions.0.to_q.weight,0.23113815912154015,1.2203899646158794e-07,0.0021700736727832577,0.0002433058210804419,-4.809886552955485e-10,-0.00022517928220189192,9.241335827385904e-06,0.0008364964742213488,3.0254461307777092e-05
natural_residual_qat_w8_c1.0_test,quantized,3,3462,mid_block.attentions.0.to_k.weight,0.23785366140349776,3.5570978694155366e-08,0.0006132357431855258,0.00024387007567319466,9.658864440552616e-09,0.005451144415702501,7.449524314012041e-06,0.0008364964742213488,3.0254461307777092e-05
natural_residual_qat_w8_c1.0_test,quantized,3,3462,mid_block.attentions.0.to_v.weight,0.1587068896692387,-5.061328934133511e-06,-0.013678813232536885,0.0023314191672668995,2.696686687035195e-07,0.016307083475475413,0.00010419776805212332,0.0008364964742213488,3.0254461307777092e-05
natural_residual_qat_w8_c1.0_test,quantized,3,3462,mid_block.attentions.0.to_out.0.weight,0.14981157715481566,-5.743967627423887e-06,-0.01245711793719953,0.0030778612032541187,3.015789410034572e-07,0.006242993457979059,0.00032245027814747885,0.0008364964742213488,3.0254461307777092e-05
natural_residual_qat_w8_c1.0_test,quantized,3,3462,mid_block.resnets.0.conv1.weight,1.1974420424384276,-4.267470001022729e-05,-0.022337613239897074,0.0015954353388534363,2.0113037898418523e-06,0.028749520184873794,5.842417234516434e-05,0.0008364964742213488,3.0254461307777092e-05
natural_residual_qat_w8_c1.0_test,quantized,3,3462,mid_block.resnets.0.conv2.weight,0.7383266095664162,-2.785181632938214e-05,-0.011223093321856717,0.003361185083455119,1.283665682473436e-06,0.006566356560952186,0.00026477620204584846,0.0008364964742213488,3.0254461307777092e-05
natural_residual_qat_w8_c1.0_test,quantized,3,3462,mid_block.resnets.1.conv1.weight,1.1233651607906963,-1.91412281602341e-05,-0.014515723357643204,0.0011738434105880884,7.136393342565866e-07,0.014046490407063395,4.5226189863378936e-05,0.0008364964742213488,3.0254461307777092e-05
natural_residual_qat_w8_c1.0_test,quantized,3,3462,mid_block.resnets.1.conv2.weight,0.7549825016852345,-1.6951822133518796e-05,-0.00906990279459221,0.0024755794462198977,1.2745801413017105e-06,0.00862149376193892,0.00019581580541645454,0.0008364964742213488,3.0254461307777092e-05
natural_residual_qat_w8_c1.0_test,quantized,3,3462,conv_out.weight,0.008811632937953982,-1.2835759898933744e-05,-0.053426167441873715,0.02726535559702185,1.0232954194662362e-06,0.05214100742309559,0.0022272307524736196,0.0008364964742213488,3.0254461307777092e-05
natural_residual_w4_c1.0_test,quantized,0,3459,conv_in.weight,1.4816866171558685,-5.898744821884206e-06,-0.0006004652808453172,0.006630027800535703,6.187277199790363e-05,0.025333213371881262,0.0016483632909571264,0.002793737221509218,0.0020275486167520285
natural_residual_w4_c1.0_test,quantized,0,3459,up_blocks.0.resnets.0.conv1.weight,19.347996154577363,-2.092509603157779e-05,-0.0004965421333971983,0.0021780876951106014,3.84827404286546e-05,0.002784528922751639,0.0007142960783508367,0.002793737221509218,0.0020275486167520285
natural_residual_w4_c1.0_test,quantized,0,3459,up_blocks.0.resnets.0.conv2.weight,14.204034602954382,-1.0284072596567379e-05,-0.00022950923863886895,0.0031546649445730606,3.5971633108539564e-05,0.0023013281727071832,0.0011004488970195539,0.002793737221509218,0.0020275486167520285
natural_residual_w4_c1.0_test,quantized,0,3459,up_blocks.0.resnets.1.conv1.weight,19.59640507296881,3.532677434316748e-05,0.0007553868649748927,0.002386481913283124,3.778450951884278e-05,0.002433190220834549,0.0007924307477233388,0.002793737221509218,0.0020275486167520285
natural_residual_w4_c1.0_test,quantized,0,3459,up_blocks.0.resnets.1.conv2.weight,13.299715580688224,3.603862117631469e-05,0.0007894336269071222,0.003432497198097787,4.633256108849959e-05,0.002739773778377174,0.0012715377219531443,0.002793737221509218,0.0020275486167520285
natural_residual_w4_c1.0_test,quantized,0,3459,up_blocks.0.resnets.2.conv1.weight,20.419843209793196,-8.351977277066404e-05,-0.001748492657768575,0.0023392308778937662,9.100703454504555e-05,0.005748869787685889,0.0007752469889018882,0.002793737221509218,0.0020275486167520285
natural_residual_w4_c1.0_test,quantized,0,3459,up_blocks.0.resnets.2.conv2.weight,13.215609401893715,4.111783371921004e-06,8.981470424001001e-05,0.0034641412145581794,4.158245738674283e-05,0.0025334179714593917,0.0012419843113158073,0.002793737221509218,0.0020275486167520285
natural_residual_w4_c1.0_test,quantized,0,3459,up_blocks.0.upsamplers.0.conv.weight,8.166772996497562,-0.00027044038264436004,-0.003000999528762046,0.01103456279313337,0.0001597401332671657,0.005572029440234638,0.0035103478652677616,0.002793737221509218,0.0020275486167520285
natural_residual_w4_c1.0_test,quantized,0,3459,up_blocks.1.resnets.0.conv1.weight,19.044381266207335,-0.00017831177659067936,-0.003110123033480903,0.0030104789164684,0.00012517208172339807,0.006511924632331067,0.0010093254919315525,0.002793737221509218,0.0020275486167520285
natural_residual_w4_c1.0_test,quantized,0,3459,up_blocks.1.resnets.0.conv2.weight,18.914955322904333,-0.0004694024078313137,-0.007804973663639009,0.0031795711755407264,0.00011649180369603169,0.0061188827478869294,0.0010065095934798163,0.002793737221509218,0.0020275486167520285
natural_residual_w4_c1.0_test,quantized,0,3459,up_blocks.1.resnets.1.conv1.weight,19.659490477668445,-0.00021320093888039886,-0.003699453408190915,0.00293142841279384,0.00011932297586756161,0.0061945287508520415,0.0009798137846487981,0.002793737221509218,0.0020275486167520285
natural_residual_w4_c1.0_test,quantized,0,3459,up_blocks.1.resnets.1.conv2.weight,18.469999116581718,-0.0005151210369898872,-0.008938774543564561,0.003120070650089297,0.00012710464787325147,0.00713477025837516,0.0009645273876085553,0.002793737221509218,0.0020275486167520285
natural_residual_w4_c1.0_test,quantized,0,3459,up_blocks.1.resnets.2.conv1.weight,19.168083592591767,-0.0005913937738336437,-0.008759657079800635,0.0035221751478944183,0.00011441511521380198,0.006250063304951542,0.0009550372068104103,0.002793737221509218,0.0020275486167520285
natural_residual_w4_c1.0_test,quantized,0,3459,up_blocks.1.resnets.2.conv2.weight,16.997927269610447,-0.0006273921314269317,-0.01212377839314255,0.0030444238217226024,0.0001262821932772658,0.008563082271775884,0.0008675929870520973,0.002793737221509218,0.0020275486167520285
natural_residual_w4_c1.0_test,quantized,0,3459,up_blocks.1.upsamplers.0.conv.weight,8.97566571146355,-0.0008088760425381961,-0.009693960785964533,0.009296383786865743,0.00014353531355312216,0.007066505187847367,0.00226301488646272,0.002793737221509218,0.0020275486167520285
natural_residual_w4_c1.0_test,quantized,0,3459,up_blocks.2.resnets.0.conv1.weight,12.53958285303093,-0.0009796274476085434,-0.022547284946787597,0.0034648433324369625,0.00012743698669284074,0.011965377529960087,0.000849348645513535,0.002793737221509218,0.0020275486167520285
natural_residual_w4_c1.0_test,quantized,0,3459,up_blocks.2.resnets.0.conv2.weight,10.417781316844279,-0.0008438878917497086,-0.029000448481835205,0.0027932178238537484,8.782267021518804e-05,0.014280386792329123,0.0005903253456092246,0.002793737221509218,0.0020275486167520285
natural_residual_w4_c1.0_test,quantized,0,3459,up_blocks.2.resnets.0.conv_shortcut.weight,0.9272004061313239,-0.0005587003705062421,-0.02241084378179517,0.02688729659256092,9.032463378939775e-05,0.017858770641099104,0.005454827691916163,0.002793737221509218,0.0020275486167520285
natural_residual_w4_c1.0_test,quantized,0,3459,up_blocks.2.resnets.1.conv1.weight,8.302947829144937,-0.000871744363389125,-0.02895398368272733,0.003626172947231008,9.436225767202898e-05,0.013438996287846207,0.0008456666034371783,0.002793737221509218,0.0020275486167520285
natural_residual_w4_c1.0_test,quantized,0,3459,up_blocks.2.resnets.1.conv2.weight,11.214528258543108,-0.0008371958250722666,-0.027339189323364644,0.0027306146242582607,6.901307370027102e-05,0.01230200440553254,0.0005002354697163336,0.002793737221509218,0.0020275486167520285
natural_residual_w4_c1.0_test,quantized,0,3459,up_blocks.2.resnets.2.conv1.weight,8.79532836347994,-0.0009657140030231142,-0.028345195627650994,0.0038736199796888466,6.320444798778072e-05,0.009952666277577047,0.0007220314962851887,0.002793737221509218,0.0020275486167520285
natural_residual_w4_c1.0_test,quantized,0,3459,up_blocks.2.resnets.2.conv2.weight,10.521501273497401,-0.0006421497063172693,-0.025529418645346365,0.0023906590967397853,5.4896104331561644e-05,0.010203696432084271,0.0005113358995638221,0.002793737221509218,0.0020275486167520285
natural_residual_w4_c1.0_test,quantized,0,3459,up_blocks.2.upsamplers.0.conv.weight,4.941671524801211,-0.0009406508748508872,-0.01831125925426404,0.010395284459282924,5.60682518244899e-05,0.005524928140018529,0.002053603081077241,0.002793737221509218,0.0020275486167520285
natural_residual_w4_c1.0_test,quantized,0,3459,up_blocks.3.resnets.0.conv1.weight,5.90954769144721,-0.0006451525095265902,-0.033775723970759196,0.0032322391206162826,2.571552873120078e-05,0.008312127526936344,0.0005235148660181827,0.002793737221509218,0.0020275486167520285
natural_residual_w4_c1.0_test,quantized,0,3459,up_blocks.3.resnets.0.conv2.weight,6.314536142616219,-0.0003955611635912185,-0.03825957591974391,0.0016373142457903017,1.3557060908636085e-05,0.006953898763776573,0.00030874201199239057,0.002793737221509218,0.0020275486167520285
natural_residual_w4_c1.0_test,quantized,0,3459,up_blocks.3.resnets.0.conv_shortcut.weight,0.7365213351830432,-0.0005287691129417879,-0.033782552867845594,0.021251436017821135,2.670901691026887e-05,0.010262518105498082,0.003533610159933986,0.002793737221509218,0.0020275486167520285
natural_residual_w4_c1.0_test,quantized,0,3459,up_blocks.3.resnets.1.conv1.weight,4.204052372083871,-0.00032232255500518276,-0.02338866752976466,0.0032780615134888344,1.4571791547933735e-05,0.006303892430015825,0.0005498396299467591,0.002793737221509218,0.0020275486167520285
natural_residual_w4_c1.0_test,quantized,0,3459,up_blocks.3.resnets.1.conv2.weight,6.525758363181865,-0.00030485759761503337,-0.02746111309361089,0.0017011707137686246,7.2486398622045164e-06,0.0028323764645209475,0.0003921701708696984,0.002793737221509218,0.0020275486167520285
natural_residual_w4_c1.0_test,quantized,0,3459,up_blocks.3.resnets.2.conv1.weight,4.429343900063133,-0.0004214072718795954,-0.02522856648982163,0.0037711173809998593,3.044177620970937e-06,0.0008254048546939802,0.0008326520761635462,0.002793737221509218,0.0020275486167520285
natural_residual_w4_c1.0_test,quantized,0,3459,up_blocks.3.resnets.2.conv2.weight,6.331804556878103,-0.0001850449482671783,-0.025688022445770786,0.00113767721486764,9.09136436067016e-06,0.007046608813272303,0.00020376115789255185,0.002793737221509218,0.0020275486167520285
natural_residual_w4_c1.0_test,quantized,0,3459,mid_block.attentions.0.to_q.weight,4.036814602520491,-3.777235050830705e-06,-0.0014853250768474063,0.0006299610432808876,2.1790072572679366e-06,0.003470910165530469,0.00015551650914719258,0.002793737221509218,0.0020275486167520285
natural_residual_w4_c1.0_test,quantized,0,3459,mid_block.attentions.0.to_k.weight,4.126584066579269,-9.729988118444412e-06,-0.0036726341565302845,0.0006420131802182802,3.819834283105592e-06,0.005535247649011534,0.00016723099320538877,0.002793737221509218,0.0020275486167520285
natural_residual_w4_c1.0_test,quantized,0,3459,mid_block.attentions.0.to_v.weight,2.758773053324866,1.1273002933385653e-05,0.0013491476056643917,0.003028755234638246,1.6903909779032723e-05,0.005725645781118975,0.0010701550716806121,0.002793737221509218,0.0020275486167520285
natural_residual_w4_c1.0_test,quantized,0,3459,mid_block.attentions.0.to_out.0.weight,2.5925785257257044,1.4075058684873016e-06,0.0002020754137873056,0.002686611182325196,8.617504040218152e-06,0.0029014935630067235,0.0011455867049810788,0.002793737221509218,0.0020275486167520285
natural_residual_w4_c1.0_test,quantized,0,3459,mid_block.resnets.0.conv1.weight,19.112733335949418,-2.035949080203958e-05,-0.0004283018059838385,0.0024871054879182153,4.92162573881535e-05,0.00335740954238668,0.0007669754521130304,0.002793737221509218,0.0020275486167520285
natural_residual_w4_c1.0_test,quantized,0,3459,mid_block.resnets.0.conv2.weight,12.696287138287666,-5.45887991421504e-05,-0.0009371907321110425,0.004587740236751211,6.67838778601538e-05,0.0033460000716479207,0.001572059398551036,0.002793737221509218,0.0020275486167520285
natural_residual_w4_c1.0_test,quantized,0,3459,mid_block.resnets.1.conv1.weight,18.313909566193075,3.2864259315058984e-05,0.000988988102963489,0.0018144780386461644,3.539602543013667e-05,0.00294665413870121,0.0006559100257839687,0.002793737221509218,0.0020275486167520285
natural_residual_w4_c1.0_test,quantized,0,3459,mid_block.resnets.1.conv2.weight,12.981189288167759,6.198683073622627e-05,0.0016371089413683348,0.002916804820719036,4.52084389100338e-05,0.0032314443864087153,0.0010777259544115098,0.002793737221509218,0.0020275486167520285
natural_residual_w4_c1.0_test,quantized,0,3459,conv_out.weight,0.14378473184732457,-0.00028997791839328033,-0.04456575654906966,0.04525336438822385,2.212872117929492e-05,0.01687382852318214,0.009120736594663949,0.002793737221509218,0.0020275486167520285
natural_residual_w4_c1.0_test,quantized,1,3460,conv_in.weight,1.4816866171558685,8.920563502699175e-05,0.007266617941427278,0.008285211591328166,3.9508859111443134e-05,0.0243000773599434,0.0010973128736705723,0.0023474423214793205,0.001322256401181221
natural_residual_w4_c1.0_test,quantized,1,3460,up_blocks.0.resnets.0.conv1.weight,19.347996154577363,-2.6137187430532443e-05,-0.0006541566019391339,0.0020651002108579178,2.321245440913349e-05,0.004112642196776024,0.00029171861580645943,0.0023474423214793205,0.001322256401181221
natural_residual_w4_c1.0_test,quantized,1,3460,up_blocks.0.resnets.0.conv2.weight,14.204034602954382,2.5144726685097013e-05,0.000539068693989001,0.003283908792411104,2.121671946643278e-05,0.003267342436682999,0.0004571638262978454,0.0023474423214793205,0.001322256401181221
natural_residual_w4_c1.0_test,quantized,1,3460,up_blocks.0.resnets.1.conv1.weight,19.59640507296881,-4.860368107388925e-06,-0.00010840786993898454,0.002287873158436336,2.33639134208791e-05,0.0038721526788736992,0.00030790497558895485,0.0023474423214793205,0.001322256401181221
natural_residual_w4_c1.0_test,quantized,1,3460,up_blocks.0.resnets.1.conv2.weight,13.299715580688224,-1.3041929022741548e-05,-0.00026070269932600897,0.0037614383743186327,2.9112550747379595e-05,0.004022304459246639,0.0005442055475733759,0.0023474423214793205,0.001322256401181221
natural_residual_w4_c1.0_test,quantized,1,3460,up_blocks.0.resnets.2.conv1.weight,20.419843209793196,-4.930678023626938e-05,-0.0009928916622632422,0.002431937317299969,5.244310516432771e-05,0.007815588301820147,0.0003286051163934405,0.0023474423214793205,0.001322256401181221
natural_residual_w4_c1.0_test,quantized,1,3460,up_blocks.0.resnets.2.conv2.weight,13.215609401893715,-5.0191928669343005e-05,-0.0009795522293740652,0.003877207931940496,2.9559179874691167e-05,0.004157231386033068,0.0005380231819412199,0.0023474423214793205,0.001322256401181221
natural_residual_w4_c1.0_test,quantized,1,3460,up_blocks.0.upsamplers.0.conv.weight,8.166772996497562,-0.0002890223590348533,-0.002704693965368823,0.013084671544616453,6.656041999543136e-05,0.005039447369991568,0.0016172704656863867,0.0023474423214793205,0.001322256401181221
natural_residual_w4_c1.0_test,quantized,1,3460,up_blocks.1.resnets.0.conv1.weight,19.044381266207335,-0.00014292552226707406,-0.0025713736796178885,0.0029186211564719575,5.6076985301616165e-05,0.008249028299001322,0.0003569562553640692,0.0023474423214793205,0.001322256401181221
natural_residual_w4_c1.0_test,quantized,1,3460,up_blocks.1.resnets.0.conv2.weight,18.914955322904333,-0.0005024370836489187,-0.007476564867347872,0.003552828636291595,8.355563954599053e-05,0.011058285348543067,0.0003994686074073003,0.0023474423214793205,0.001322256401181221
natural_residual_w4_c1.0_test,quantized,1,3460,up_blocks.1.resnets.1.conv1.weight,19.659490477668445,-0.000310810976361989,-0.0053267677637190034,0.0029679756044775495,6.769772640798213e-05,0.01082933081094308,0.0003179802927963808,0.0023474423214793205,0.001322256401181221
natural_residual_w4_c1.0_test,quantized,1,3460,up_blocks.1.resnets.1.conv2.weight,18.469999116581718,-0.00046243949421325337,-0.007088695714520878,0.003532008242313697,8.254939499283663e-05,0.01169368882252046,0.00038220422821337395,0.0023474423214793205,0.001322256401181221
natural_residual_w4_c1.0_test,quantized,1,3460,up_blocks.1.resnets.2.conv1.weight,19.168083592591767,-0.000751286119898852,-0.010571287746495453,0.003707650392747322,8.932895925885676e-05,0.01277723664679346,0.0003647343288460952,0.0023474423214793205,0.001322256401181221
natural_residual_w4_c1.0_test,quantized,1,3460,up_blocks.1.resnets.2.conv2.weight,16.997927269610447,-0.0005748650784741585,-0.009409602869312373,0.003594170423637459,9.286302492061875e-05,0.014069253367015902,0.00038830752685961226,0.0023474423214793205,0.001322256401181221
natural_residual_w4_c1.0_test,quantized,1,3460,up_blocks.1.upsamplers.0.conv.weight,8.97566571146355,-0.0008965676340315792,-0.007624201763559467,0.013101529729584291,0.00010747003835422203,0.008519635207283613,0.0014053993064060562,0.0023474423214793205,0.001322256401181221
natural_residual_w4_c1.0_test,quantized,1,3460,up_blocks.2.resnets.0.conv1.weight,12.53958285303093,-0.0009798730797997625,-0.018483812445043574,0.0042276126037538745,8.655372029746936e-05,0.018296396516151343,0.0003772568087790333,0.0023474423214793205,0.001322256401181221
natural_residual_w4_c1.0_test,quantized,1,3460,up_blocks.2.resnets.0.conv2.weight,10.417781316844279,-0.0007721761075140045,-0.0221906962908442,0.0033401824769227263,5.7107970539372984e-05,0.018601239510228327,0.00029469963995033436,0.0023474423214793205,0.001322256401181221
natural_residual_w4_c1.0_test,quantized,1,3460,up_blocks.2.resnets.0.conv_shortcut.weight,0.9272004061313239,-0.0005835895079826424,-0.01753185930869867,0.03590094540800419,5.4180755168634656e-05,0.016135741827646956,0.0036214500896931527,0.0023474423214793205,0.001322256401181221
natural_residual_w4_c1.0_test,quantized,1,3460,up_blocks.2.resnets.1.conv1.weight,8.302947829144937,-0.0006707293115428959,-0.019802521497089054,0.004079383015322386,5.237631866095334e-05,0.019858648797175135,0.0003176530032996201,0.0023474423214793205,0.001322256401181221
natural_residual_w4_c1.0_test,quantized,1,3460,up_blocks.2.resnets.1.conv2.weight,11.214528258543108,-0.0008614532887188666,-0.02192428846926533,0.003503686308322554,6.199620082468172e-05,0.018515082286042296,0.00029857842326502034,0.0023474423214793205,0.001322256401181221
natural_residual_w4_c1.0_test,quantized,1,3460,up_blocks.2.resnets.2.conv1.weight,8.79532836347994,-0.0008996821933509347,-0.022110008057575587,0.0046264531232404465,4.394946757289591e-05,0.014380672836057058,0.00034747403229701946,0.0023474423214793205,0.001322256401181221
natural_residual_w4_c1.0_test,quantized,1,3460,up_blocks.2.resnets.2.conv2.weight,10.521501273497401,-0.000613416362983587,-0.018619324631517463,0.0031312209971138616,4.877850070027894e-05,0.01567971577321774,0.00029567360010774734,0.0023474423214793205,0.001322256401181221
natural_residual_w4_c1.0_test,quantized,1,3460,up_blocks.2.upsamplers.0.conv.weight,4.941671524801211,-0.000845825838622976,-0.011336143051247256,0.01509877648540561,7.235969559851994e-05,0.00789950875411484,0.0018536288159004166,0.0023474423214793205,0.001322256401181221
natural_residual_w4_c1.0_test,quantized,1,3460,up_blocks.3.resnets.0.conv1.weight,5.90954769144721,-0.0005658298090717033,-0.025449464223216815,0.0037622957990312796,2.503256069667558e-05,0.012257091404420467,0.00034559194483856754,0.0023474423214793205,0.001322256401181221
natural_residual_w4_c1.0_test,quantized,1,3460,up_blocks.3.resnets.0.conv2.weight,6.314536142616219,-0.00028777733319375294,-0.024593757867386098,0.001853063225101039,1.1376653061580253e-05,0.008429914017108877,0.00021372233770314988,0.0023474423214793205,0.001322256401181221
natural_residual_w4_c1.0_test,quantized,1,3460,up_blocks.3.resnets.0.conv_shortcut.weight,0.7365213351830432,-0.00045092994366002917,-0.022554934083542765,0.027144520930066966,4.1431613750127533e-05,0.01718228312671162,0.0032739017834577297,0.0023474423214793205,0.001322256401181221
natural_residual_w4_c1.0_test,quantized,1,3460,up_blocks.3.resnets.1.conv1.weight,4.204052372083871,-0.00023357007005173617,-0.013669045658316583,0.004064535108078667,8.962970731672566e-06,0.005194039829595602,0.00041046731925526505,0.0023474423214793205,0.001322256401181221
natural_residual_w4_c1.0_test,quantized,1,3460,up_blocks.3.resnets.1.conv2.weight,6.525758363181865,-0.00033723754981419406,-0.023827194454773836,0.002168862538665591,1.6127069799707115e-05,0.00934803475441678,0.0002643651226283034,0.0023474423214793205,0.001322256401181221
natural_residual_w4_c1.0_test,quantized,1,3460,up_blocks.3.resnets.2.conv1.weight,4.429343900063133,-0.00028457811031396354,-0.012790667370053427,0.005023066010286039,2.9688045791615635e-05,0.010804346258633296,0.0006203598986826497,0.0023474423214793205,0.001322256401181221
natural_residual_w4_c1.0_test,quantized,1,3460,up_blocks.3.resnets.2.conv2.weight,6.331804556878103,-0.00014140774194182495,-0.016318913236013043,0.001368530411879439,1.2856510600663127e-05,0.013131667725419037,0.0001546235806374382,0.0023474423214793205,0.001322256401181221
natural_residual_w4_c1.0_test,quantized,1,3460,mid_block.attentions.0.to_q.weight,4.036814602520491,-2.3464209533482e-06,-0.0009173585555696911,0.000633618732456554,1.7958973229362872e-06,0.0051693839297065735,8.606050903127422e-05,0.0023474423214793205,0.001322256401181221
natural_residual_w4_c1.0_test,quantized,1,3460,mid_block.attentions.0.to_k.weight,4.126584066579269,6.842694852715136e-06,0.0027497312658521433,0.0006030401448590002,8.176229730582697e-07,0.002390675815362922,8.28784652911561e-05,0.0023474423214793205,0.001322256401181221
natural_residual_w4_c1.0_test,quantized,1,3460,mid_block.attentions.0.to_v.weight,2.758773053324866,-3.361859297120537e-05,-0.0035871018114488084,0.003397190136725401,4.239920899340628e-06,0.0033077694611532257,0.00046462924910858607,0.0023474423214793205,0.001322256401181221
natural_residual_w4_c1.0_test,quantized,1,3460,mid_block.attentions.0.to_out.0.weight,2.5925785257257044,1.824584799774787e-05,0.001737422226555257,0.004050669034475753,1.4864679910424805e-06,0.0008936574421439944,0.0006415825832899871,0.0023474423214793205,0.001322256401181221
natural_residual_w4_c1.0_test,quantized,1,3460,mid_block.resnets.0.conv1.weight,19.112733335949418,-4.3553630958344946e-05,-0.0008611521422033354,0.0026461939985155127,3.266341016708586e-05,0.004703501099164874,0.000363343565977512,0.0023474423214793205,0.001322256401181221
natural_residual_w4_c1.0_test,quantized,1,3460,mid_block.resnets.0.conv2.weight,12.696287138287666,-5.527880698745277e-05,-0.0009386680281627482,0.004638418179236004,3.1038515637296936e-05,0.0036121469212357254,0.0006767975864658165,0.0023474423214793205,0.001322256401181221
natural_residual_w4_c1.0_test,quantized,1,3460,mid_block.resnets.1.conv1.weight,18.313909566193075,0.00012343870464790092,0.003579749955001205,0.0018828581303916773,2.3270166775275216e-05,0.005297726079613836,0.00023984404020054115,0.0023474423214793205,0.001322256401181221
natural_residual_w4_c1.0_test,quantized,1,3460,mid_block.resnets.1.conv2.weight,12.981189288167759,2.3093986178564162e-05,0.0005352894215420338,0.003323500572687053,2.699916617459692e-05,0.004324688572958918,0.00048092907153363286,0.0023474423214793205,0.001322256401181221
natural_residual_w4_c1.0_test,quantized,1,3460,conv_out.weight,0.14378473184732457,-0.00029733801151697424,-0.042814179256376074,0.048300323312040934,4.4343353442466665e-05,0.03262449072573006,0.009453051425662617,0.0023474423214793205,0.001322256401181221
natural_residual_w4_c1.0_test,quantized,2,3461,conv_in.weight,1.4816866171558685,5.026371957512948e-05,0.006079144738701738,0.005580277313030667,4.5385004462111195e-05,0.016727887075317558,0.001831112115624506,0.0020339437760412693,0.002246301621198654
natural_residual_w4_c1.0_test,quantized,2,3461,up_blocks.0.resnets.0.conv1.weight,19.347996154577363,-2.6363645126848472e-05,-0.0007684575289548605,0.0017731668146449531,2.256324855429323e-05,0.0030225712958427053,0.00038582385983190466,0.0020339437760412693,0.002246301621198654
natural_residual_w4_c1.0_test,quantized,2,3461,up_blocks.0.resnets.0.conv2.weight,14.204034602954382,-5.770725175049557e-06,-0.00015488745922251427,0.002623024908339203,2.686239429436142e-05,0.0024738014734754545,0.0007644835662554102,0.0020339437760412693,0.002246301621198654
natural_residual_w4_c1.0_test,quantized,2,3461,up_blocks.0.resnets.1.conv1.weight,19.59640507296881,-1.671628993513375e-05,-0.0004412289186695301,0.0019333011896357118,2.1302167539079442e-05,0.0028012838847034003,0.00038805230289305905,0.0020339437760412693,0.002246301621198654
natural_residual_w4_c1.0_test,quantized,2,3461,up_blocks.0.resnets.1.conv2.weight,13.299715580688224,2.106657681633937e-06,5.521892090194672e-05,0.002868558442710676,2.5747596430065014e-05,0.0020998467668698327,0.0009219486567788703,0.0020339437760412693,0.002246301621198654
natural_residual_w4_c1.0_test,quantized,2,3461,up_blocks.0.resnets.2.conv1.weight,20.419843209793196,-6.121460978210071e-05,-0.0014155246274091431,0.002117801505129267,3.475150497723668e-05,0.004002189791964613,0.00042522964535169857,0.0020339437760412693,0.002246301621198654
natural_residual_w4_c1.0_test,quantized,2,3461,up_blocks.0.resnets.2.conv2.weight,13.215609401893715,-3.578700586307741e-05,-0.000913132545883668,0.002965543835791496,1.4632286116713541e-05,0.0011334433704843613,0.0009768438886241645,0.0020339437760412693,0.002246301621198654
natural_residual_w4_c1.0_test,quantized,2,3461,up_blocks.0.upsamplers.0.conv.weight,8.166772996497562,-0.0001665066261982582,-0.0017629758548951414,0.011564708025574001,7.699246674298027e-05,0.00306722155140708,0.0030736371940315293,0.0020339437760412693,0.002246301621198654
natural_residual_w4_c1.0_test,quantized,2,3461,up_blocks.1.resnets.0.conv1.weight,19.044381266207335,-0.00010057000322383374,-0.0018836122155602869,0.0028035615709542444,9.936837828852579e-05,0.01080376017721662,0.00048295470300592123,0.0020339437760412693,0.002246301621198654
natural_residual_w4_c1.0_test,quantized,2,3461,up_blocks.1.resnets.0.conv2.weight,18.914955322904333,-0.00037951148151171854,-0.005973252961065703,0.003358989857051205,0.00011035180575440963,0.00918290487230089,0.0006353222114945826,0.0020339437760412693,0.002246301621198654
natural_residual_w4_c1.0_test,quantized,2,3461,up_blocks.1.resnets.1.conv1.weight,19.659490477668445,-0.00022143368233793937,-0.003743347627987005,0.0030089243186312933,0.00010449905629379138,0.01214854257976004,0.00043753815423430167,0.0020339437760412693,0.002246301621198654
natural_residual_w4_c1.0_test,quantized,2,3461,up_blocks.1.resnets.1.conv2.weight,18.469999116581718,-0.00036014214120592465,-0.005499532242293156,0.003545531229953426,0.00014025610171479865,0.011284346858879205,0.0006729432824433187,0.0020339437760412693,0.002246301621198654
natural_residual_w4_c1.0_test,quantized,2,3461,up_blocks.1.resnets.2.conv1.weight,19.168083592591767,-0.000405485778882293,-0.0054728632210548295,0.003865292271103254,0.00012855481892933436,0.01357000952060265,0.0004942304668049208,0.0020339437760412693,0.002246301621198654
natural_residual_w4_c1.0_test,quantized,2,3461,up_blocks.1.resnets.2.conv2.weight,16.997927269610447,-0.0004514931304907551,-0.007350761380407898,0.0036134567025938144,0.00015324327152961716,0.01311272869302663,0.0006875311392211262,0.0020339437760412693,0.002246301621198654
natural_residual_w4_c1.0_test,quantized,2,3461,up_blocks.1.upsamplers.0.conv.weight,8.97566571146355,-0.0006497356463942682,-0.005580277982855232,0.012972216574464988,0.0001963535892209091,0.007570695013394323,0.0028895913194901678,0.0020339437760412693,0.002246301621198654
natural_residual_w4_c1.0_test,quantized,2,3461,up_blocks.2.resnets.0.conv1.weight,12.53958285303093,-0.0006901622730193359,-0.011063889320208412,0.004974624489036904,0.00013388972772279835,0.017525649752622958,0.0006092422886880952,0.0020339437760412693,0.002246301621198654
natural_residual_w4_c1.0_test,quantized,2,3461,up_blocks.2.resnets.0.conv2.weight,10.417781316844279,-0.0007726232049983619,-0.019789682952643012,0.0037476038320066107,8.129191962550158e-05,0.013742758106567846,0.0005678037284954556,0.0020339437760412693,0.002246301621198654
natural_residual_w4_c1.0_test,quantized,2,3461,up_blocks.2.resnets.0.conv_shortcut.weight,0.9272004061313239,-0.0004435583747754336,-0.01279786429629356,0.03738003206418701,3.761239421239644e-05,0.006350292588330164,0.00638798121436632,0.0020339437760412693,0.002246301621198654
natural_residual_w4_c1.0_test,quantized,2,3461,up_blocks.2.resnets.1.conv1.weight,8.302947829144937,-0.0006874685490409489,-0.01440243912080954,0.0057488963320335654,8.303231792582949e-05,0.01962177222551019,0.0005096553913798273,0.0020339437760412693,0.002246301621198654
natural_residual_w4_c1.0_test,quantized,2,3461,up_blocks.2.resnets.1.conv2.weight,11.214528258543108,-0.0007854065807891219,-0.013966922425293942,0.005014328766015886,7.367647791842962e-05,0.010237034890593884,0.0006417615052437116,0.0020339437760412693,0.002246301621198654
natural_residual_w4_c1.0_test,quantized,2,3461,up_blocks.2.resnets.2.conv1.weight,8.79532836347994,-0.0008479602265843908,-0.013419019148573776,0.007184600954156107,5.5120351853305356e-05,0.011805400037938278,0.0005308590371350539,0.0020339437760412693,0.002246301621198654
natural_residual_w4_c1.0_test,quantized,2,3461,up_blocks.2.resnets.2.conv2.weight,10.521501273497401,-0.0005314840936534587,-0.012746247497742674,0.0039630560282354135,5.063373812168181e-05,0.007833440197617584,0.0006143413486007196,0.0020339437760412693,0.002246301621198654
natural_residual_w4_c1.0_test,quantized,2,3461,up_blocks.2.upsamplers.0.conv.weight,4.941671524801211,-0.0006317240488592634,-0.008682791202006147,0.014722927666326872,8.598961464945113e-05,0.00493252403241668,0.0035277915735173744,0.0020339437760412693,0.002246301621198654
natural_residual_w4_c1.0_test,quantized,2,3461,up_blocks.3.resnets.0.conv1.weight,5.90954769144721,-0.0007311012699295746,-0.02389721235354266,0.0051769748317821995,3.436104966839103e-05,0.008986559484729128,0.0006470215221648956,0.0020339437760412693,0.002246301621198654
natural_residual_w4_c1.0_test,quantized,2,3461,up_blocks.3.resnets.0.conv2.weight,6.314536142616219,-0.00031513305331558875,-0.020915439439430375,0.002386082800896757,1.9866405384697103e-05,0.007153424161882208,0.0004398087471531335,0.0020339437760412693,0.002246301621198654
natural_residual_w4_c1.0_test,quantized,2,3461,up_blocks.3.resnets.0.conv_shortcut.weight,0.7365213351830432,-0.00034721586069535055,-0.0157399828701971,0.029950906281981445,9.682300870608702e-05,0.021857700129479865,0.006014351118048148,0.0020339437760412693,0.002246301621198654
natural_residual_w4_c1.0_test,quantized,2,3461,up_blocks.3.resnets.1.conv1.weight,4.204052372083871,-0.0002635904525378246,-0.01461907520647446,0.004288857905055708,3.4287699964268734e-06,0.0013001792485326934,0.0006272880375369216,0.0020339437760412693,0.002246301621198654
natural_residual_w4_c1.0_test,quantized,2,3461,up_blocks.3.resnets.1.conv2.weight,6.525758363181865,-0.0002896487592153879,-0.018840907434633083,0.0023558024435478622,4.3862023308762575e-06,0.0011239905950272068,0.0005979914787480572,0.0020339437760412693,0.002246301621198654
natural_residual_w4_c1.0_test,quantized,2,3461,up_blocks.3.resnets.2.conv1.weight,4.429343900063133,-0.0002333819984262634,-0.01161695632205504,0.004535608881790662,1.6415584434847784e-05,0.0033603397975179765,0.0011028939465909076,0.0020339437760412693,0.002246301621198654
natural_residual_w4_c1.0_test,quantized,2,3461,up_blocks.3.resnets.2.conv2.weight,6.331804556878103,-0.00010513599556813313,-0.014165303643212397,0.001172190081031505,1.8042405369942137e-05,0.0088689024496391,0.00032128988790259633,0.0020339437760412693,0.002246301621198654
natural_residual_w4_c1.0_test,quantized,2,3461,mid_block.attentions.0.to_q.weight,4.036814602520491,9.575103988269201e-07,0.00044334291801879797,0.0005350137204230588,5.004462178056807e-06,0.007341342640673789,0.00016886634867828318,0.0020339437760412693,0.002246301621198654
natural_residual_w4_c1.0_test,quantized,2,3461,mid_block.attentions.0.to_k.weight,4.126584066579269,1.2058357961970763e-05,0.00520634749467897,0.0005612602994767862,4.462143926847649e-06,0.00729972355678344,0.00014813117368189967,0.0020339437760412693,0.002246301621198654
natural_residual_w4_c1.0_test,quantized,2,3461,mid_block.attentions.0.to_v.weight,2.758773053324866,2.7453701463700788e-05,0.003088301819596995,0.003222294233828306,3.4994982827455224e-06,0.0013910264034013055,0.0009119151605775973,0.0020339437760412693,0.002246301621198654
natural_residual_w4_c1.0_test,quantized,2,3461,mid_block.attentions.0.to_out.0.weight,2.5925785257257044,-9.091184185914169e-06,-0.001047572060879611,0.0033473770174857168,-8.148188250309227e-06,-0.002187077824700302,0.0014370268986327907,0.0020339437760412693,0.002246301621198654
natural_residual_w4_c1.0_test,quantized,2,3461,mid_block.resnets.0.conv1.weight,19.112733335949418,-2.4472833882279232e-05,-0.000627864820643289,0.0020393666438030178,2.4723726986064992e-05,0.0024184406467936547,0.0005348791945770687,0.0020339437760412693,0.002246301621198654
natural_residual_w4_c1.0_test,quantized,2,3461,mid_block.resnets.0.conv2.weight,12.696287138287666,1.641076976801997e-05,0.00033801797848078617,0.003823951863870669,2.205588786632732e-05,0.0012968011814128494,0.0013395977573246824,0.0020339437760412693,0.002246301621198654
natural_residual_w4_c1.0_test,quantized,2,3461,mid_block.resnets.1.conv1.weight,18.313909566193075,2.5839583610078505e-05,0.0009295649298677686,0.0015178355314534886,3.128354773297518e-05,0.004153738333091713,0.0004112404246039579,0.0020339437760412693,0.002246301621198654
natural_residual_w4_c1.0_test,quantized,2,3461,mid_block.resnets.1.conv2.weight,12.981189288167759,9.885618537153717e-06,0.00031629951240572443,0.0024076360799983325,1.61454081522781e-05,0.001480209822501347,0.0008402553064044359,0.0020339437760412693,0.002246301621198654
natural_residual_w4_c1.0_test,quantized,2,3461,conv_out.weight,0.14378473184732457,-0.0003193471141341243,-0.04324105948237656,0.05136341579483902,1.0534120646711322e-05,0.006506116177860397,0.011260656275266463,0.0020339437760412693,0.002246301621198654
natural_residual_w4_c1.0_test,quantized,3,3462,conv_in.weight,1.4816866171558685,1.6448792805416711e-06,0.008166994814927485,0.00013593002349839543,1.2047061891633594e-05,0.012262439770284544,0.0006630524681154924,1.8656874090083875e-05,0.00023524642165284604
natural_residual_w4_c1.0_test,quantized,3,3462,up_blocks.0.resnets.0.conv1.weight,19.347996154577363,-1.2791899375558e-06,-0.0019346975145909683,3.41732251816236e-05,3.2307558313436815e-06,0.0016061738633893225,0.00010396223080354981,1.8656874090083875e-05,0.00023524642165284604
natural_residual_w4_c1.0_test,quantized,3,3462,up_blocks.0.resnets.0.conv2.weight,14.204034602954382,5.224154820019477e-07,0.0005719860988104617,6.430116525737135e-05,3.8733149694758295e-06,0.0005453514855324324,0.0005000283086006653,1.8656874090083875e-05,0.00023524642165284604
natural_residual_w4_c1.0_test,quantized,3,3462,up_blocks.0.resnets.1.conv1.weight,19.59640507296881,-7.782567598879694e-07,-0.0013062087296708657,3.0404223169221203e-05,3.9695458279785765e-06,0.0023906258299336894,8.473304321305983e-05,1.8656874090083875e-05,0.00023524642165284604
natural_residual_w4_c1.0_test,quantized,3,3462,up_blocks.0.resnets.1.conv2.weight,13.299715580688224,-7.21162707556103e-07,-0.0007530051191728947,7.201002776695483e-05,4.1705183274027974e-06,0.0005229408530081287,0.0005996462327195976,1.8656874090083875e-05,0.00023524642165284604
natural_residual_w4_c1.0_test,quantized,3,3462,up_blocks.0.resnets.2.conv1.weight,20.419843209793196,-2.0031994385193756e-06,-0.002723587382320269,3.6018902290338283e-05,3.4388357896658815e-06,0.0018089028657314735,9.309873674974828e-05,1.8656874090083875e-05,0.00023524642165284604
natural_residual_w4_c1.0_test,quantized,3,3462,up_blocks.0.resnets.2.conv2.weight,13.215609401893715,-1.1914180844744537e-06,-0.0011989051393128782,7.519555547220994e-05,-3.395317692440518e-06,-0.00039184513535410367,0.0006556601108070313,1.8656874090083875e-05,0.00023524642165284604
natural_residual_w4_c1.0_test,quantized,3,3462,up_blocks.0.upsamplers.0.conv.weight,8.166772996497562,-4.6015806073131555e-06,-0.0026165847259172017,0.00021533853200588778,2.7465253706192304e-05,0.00205040113044866,0.0016401905235959322,1.8656874090083875e-05,0.00023524642165284604
natural_residual_w4_c1.0_test,quantized,3,3462,up_blocks.1.resnets.0.conv1.weight,19.044381266207335,-1.3277389814638588e-06,-0.0015985396103383818,4.361365024198248e-05,5.5168633033805304e-06,0.003259009704709853,8.888729745483033e-05,1.8656874090083875e-05,0.00023524642165284604
natural_residual_w4_c1.0_test,quantized,3,3462,up_blocks.1.resnets.0.conv2.weight,18.914955322904333,-9.472326254028697e-07,-0.0009290958688213641,5.3900252433493436e-05,7.418643427700028e-06,0.0012365422119783242,0.00031718324006057706,1.8656874090083875e-05,0.00023524642165284604
natural_residual_w4_c1.0_test,quantized,3,3462,up_blocks.1.resnets.1.conv1.weight,19.659490477668445,-8.827550712580415e-07,-0.0010789022714141107,4.161844560967724e-05,6.795035829657765e-06,0.0046044523339496,7.506569532288549e-05,1.8656874090083875e-05,0.00023524642165284604
natural_residual_w4_c1.0_test,quantized,3,3462,up_blocks.1.resnets.1.conv2.weight,18.469999116581718,1.8261861439144763e-07,0.00017754329512042712,5.568957360713115e-05,7.2891614327638826e-06,0.0010590155177311318,0.00037265621629113574,1.8656874090083875e-05,0.00023524642165284604
natural_residual_w4_c1.0_test,quantized,3,3462,up_blocks.1.resnets.2.conv1.weight,19.168083592591767,-1.3513788941271962e-06,-0.0014323327272978315,4.9221463443730944e-05,1.1685647269619233e-05,0.007303402983662046,8.34735365427286e-05,1.8656874090083875e-05,0.00023524642165284604
natural_residual_w4_c1.0_test,quantized,3,3462,up_blocks.1.resnets.2.conv2.weight,16.997927269610447,-5.357195931557957e-07,-0.0006048253191627196,5.21088633971793e-05,1.4079014371860507e-05,0.001953919433108061,0.0004239060680045981,1.8656874090083875e-05,0.00023524642165284604
natural_residual_w4_c1.0_test,quantized,3,3462,up_blocks.1.upsamplers.0.conv.weight,8.97566571146355,-5.018357441918943e-06,-0.0028797260925747434,0.00019415283687795784,2.6865657901694296e-05,0.0018878153879158064,0.001585518409884938,1.8656874090083875e-05,0.00023524642165284604
natural_residual_w4_c1.0_test,quantized,3,3462,up_blocks.2.resnets.0.conv1.weight,12.53958285303093,-5.113833159985159e-06,-0.007411450295702623,5.502502711727461e-05,9.476053647008956e-06,0.005594040146214487,0.00013508864409279226,1.8656874090083875e-05,0.00023524642165284604
natural_residual_w4_c1.0_test,quantized,3,3462,up_blocks.2.resnets.0.conv2.weight,10.417781316844279,-5.327476304219017e-06,-0.01114944040864717,4.58662484572248e-05,2.0255387899582127e-06,0.000554925994614609,0.0003503726990029877,1.8656874090083875e-05,0.00023524642165284604
natural_residual_w4_c1.0_test,quantized,3,3462,up_blocks.2.resnets.0.conv_shortcut.weight,0.9272004061313239,-4.364824712163992e-06,-0.010385396615772372,0.0004532837055468005,1.6416161097181002e-05,0.004498969812138767,0.003935364041726247,1.8656874090083875e-05,0.00023524642165284604
natural_residual_w4_c1.0_test,quantized,3,3462,up_blocks.2.resnets.1.conv1.weight,8.302947829144937,-5.095723556763869e-06,-0.01221455610393413,5.02453483741193e-05,2.854676840562907e-06,0.0035757330835606517,9.615227182093216e-05,1.8656874090083875e-05,0.00023524642165284604
natural_residual_w4_c1.0_test,quantized,3,3462,up_blocks.2.resnets.1.conv2.weight,11.214528258543108,-6.49866919201884e-06,-0.01188740208610986,4.874796243938511e-05,2.9349446841306975e-06,0.0007542741430587863,0.0003469682140387955,1.8656874090083875e-05,0.00023524642165284604
natural_residual_w4_c1.0_test,quantized,3,3462,up_blocks.2.resnets.2.conv1.weight,8.79532836347994,-7.879134185432665e-06,-0.015846093374621634,5.6533285805030266e-05,3.1834125040337995e-06,0.0029387995759489554,0.00012316034344575863,1.8656874090083875e-05,0.00023524642165284604
natural_residual_w4_c1.0_test,quantized,3,3462,up_blocks.2.resnets.2.conv2.weight,10.521501273497401,-3.6319886068964074e-06,-0.008654363328380118,3.988702465241347e-05,3.508776921263848e-07,9.29173217180949e-05,0.00035890653218047946,1.8656874090083875e-05,0.00023524642165284604
natural_residual_w4_c1.0_test,quantized,3,3462,up_blocks.2.upsamplers.0.conv.weight,4.941671524801211,-4.537547371462088e-06,-0.0046622515262368545,0.00019694801045893072,-1.0837513020353336e-05,-0.001159813974444161,0.0018908950318679177,1.8656874090083875e-05,0.00023524642165284604
natural_residual_w4_c1.0_test,quantized,3,3462,up_blocks.3.resnets.0.conv1.weight,5.90954769144721,-3.949292888265993e-06,-0.014381970871703953,4.6467220622119316e-05,3.3488398908872684e-06,0.004745568180846195,0.00011941308683281788,1.8656874090083875e-05,0.00023524642165284604
natural_residual_w4_c1.0_test,quantized,3,3462,up_blocks.3.resnets.0.conv2.weight,6.314536142616219,-1.3790629234684521e-06,-0.008540476936554721,2.5571753235970985e-05,4.055315602748887e-06,0.0052772066477526445,0.00012169678478555092,1.8656874090083875e-05,0.00023524642165284604
natural_residual_w4_c1.0_test,quantized,3,3462,up_blocks.3.resnets.0.conv_shortcut.weight,0.7365213351830432,-2.894756275578137e-06,-0.010870889096358272,0.000361544373444668,4.843339207651785e-06,0.0030857382714266825,0.002131083505019709,1.8656874090083875e-05,0.00023524642165284604
natural_residual_w4_c1.0_test,quantized,3,3462,up_blocks.3.resnets.1.conv1.weight,4.204052372083871,-3.2086311302388143e-06,-0.01212157695589445,6.296403506064678e-05,6.412409154688903e-08,8.124154228554972e-05,0.0001877478396402849,1.8656874090083875e-05,0.00023524642165284604
natural_residual_w4_c1.0_test,quantized,3,3462,up_blocks.3.resnets.1.conv2.weight,6.525758363181865,-1.6152672368302792e-06,-0.007794262343310622,3.175692008401207e-05,2.459775701380205e-06,0.0024099618742317547,0.00015640633747254017,1.8656874090083875e-05,0.00023524642165284604
natural_residual_w4_c1.0_test,quantized,3,3462,up_blocks.3.resnets.2.conv1.weight,4.429343900063133,-5.501362437380448e-07,-0.001610187858794136,7.713550184485464e-05,3.7377155371726577e-07,0.00037164227152451966,0.00022706057807576294,1.8656874090083875e-05,0.00023524642165284604
natural_residual_w4_c1.0_test,quantized,3,3462,up_blocks.3.resnets.2.conv2.weight,6.331804556878103,-1.1996330333835761e-06,-0.010018773544331163,1.8910645557198996e-05,5.369966949417331e-07,0.0006715586834985101,0.00012628743504280413,1.8656874090083875e-05,0.00023524642165284604
natural_residual_w4_c1.0_test,quantized,3,3462,mid_block.attentions.0.to_q.weight,4.036814602520491,1.3121385388201162e-07,0.0025332635073112833,1.2831000449674013e-05,2.1197910273507755e-07,0.001911436918933899,2.747225287034442e-05,1.8656874090083875e-05,0.00023524642165284604
natural_residual_w4_c1.0_test,quantized,3,3462,mid_block.attentions.0.to_k.weight,4.126584066579269,1.4492419662449524e-07,0.004368533893819126,8.039230761626108e-06,3.617022346172319e-11,5.259202894378296e-07,1.6666352732782174e-05,1.8656874090083875e-05,0.00023524642165284604
natural_residual_w4_c1.0_test,quantized,3,3462,mid_block.attentions.0.to_v.weight,2.758773053324866,-1.266826005328945e-06,-0.007324524081641238,6.269336538573555e-05,1.4294762908223212e-06,0.001912243038016552,0.0002709679294880099,1.8656874090083875e-05,0.00023524642165284604
natural_residual_w4_c1.0_test,quantized,3,3462,mid_block.attentions.0.to_out.0.weight,2.5925785257257044,-1.14980853577654e-06,-0.006003761126207408,7.387035811397262e-05,4.870571115192435e-06,0.0027311146428517924,0.0006878726445433114,1.8656874090083875e-05,0.00023524642165284604
natural_residual_w4_c1.0_test,quantized,3,3462,mid_block.resnets.0.conv1.weight,19.112733335949418,-9.190484823486312e-07,-0.0010758364416639178,4.469607331605938e-05,2.2600827367794056e-06,0.0009218402699552015,0.00012827613365617313,1.8656874090083875e-05,0.00023524642165284604
natural_residual_w4_c1.0_test,quantized,3,3462,mid_block.resnets.0.conv2.weight,12.696287138287666,-1.3982975378120633e-06,-0.0011931116594116372,9.23085156278453e-05,6.534114215489983e-07,7.48473255125978e-05,0.000687596566359994,1.8656874090083875e-05,0.00023524642165284604
natural_residual_w4_c1.0_test,quantized,3,3462,mid_block.resnets.1.conv1.weight,18.313909566193075,5.795806983501554e-07,0.0009193934953713682,3.4421629179146616e-05,1.4192854369800874e-06,0.000777465114546421,9.967994053895715e-05,1.8656874090083875e-05,0.00023524642165284604
natural_residual_w4_c1.0_test,quantized,3,3462,mid_block.resnets.1.conv2.weight,12.981189288167759,-5.958553739487449e-07,-0.0007367745659091795,6.230053162214412e-05,6.398572523853498e-06,0.0009837119800940805,0.0005010725983681812,1.8656874090083875e-05,0.00023524642165284604
natural_residual_w4_c1.0_test,quantized,3,3462,conv_out.weight,0.14378473184732457,-7.368211278151965e-07,-0.006492885276322559,0.0007892445094322417,6.739890528019588e-06,0.009443857450637727,0.004963529961321766,1.8656874090083875e-05,0.00023524642165284604
natural_residual_qat_w4_c1.0_test,quantized,0,3459,conv_in.weight,1.4664111959726709,-3.7618329512370573e-07,-2.259474443721036e-05,0.011353670990374713,5.2229368028688366e-05,0.021628343206787158,0.0016467806323272403,0.005382015835493803,0.0018236925825476646
natural_residual_qat_w4_c1.0_test,quantized,0,3459,up_blocks.0.resnets.0.conv1.weight,19.286772829687244,-6.757177905046272e-05,-0.0009623049492692127,0.0036407685313198644,3.6113953455393113e-05,0.0024022042611158145,0.0007794810039216934,0.005382015835493803,0.0018236925825476646
natural_residual_qat_w4_c1.0_test,quantized,0,3459,up_blocks.0.resnets.0.conv2.weight,14.164236350419417,-4.725695376277576e-06,-6.302833089242882e-05,0.00529342484901436,3.3523101155350546e-05,0.0020969906809418003,0.0011286376198267221,0.005382015835493803,0.0018236925825476646
natural_residual_qat_w4_c1.0_test,quantized,0,3459,up_blocks.0.resnets.1.conv1.weight,19.529661951850322,-1.5173146274156387e-06,-1.979759499968408e-05,0.003924356770521144,4.154554939972758e-05,0.002512641713724383,0.0008466408420699364,0.005382015835493803,0.0018236925825476646
natural_residual_qat_w4_c1.0_test,quantized,0,3459,up_blocks.0.resnets.1.conv2.weight,13.265199102791914,-3.3047411074675395e-05,-0.00043098971252668593,0.005780385006194495,4.8513334060784265e-05,0.002800203274763338,0.0013060439458172561,0.005382015835493803,0.0018236925825476646
natural_residual_qat_w4_c1.0_test,quantized,0,3459,up_blocks.0.resnets.2.conv1.weight,20.348863377771604,-0.00020964439177651017,-0.0026463575749066325,0.0038930911093059315,0.00010432336821553472,0.0060330131989070595,0.0008497812981497593,0.005382015835493803,0.0018236925825476646
natural_residual_qat_w4_c1.0_test,quantized,0,3459,up_blocks.0.resnets.2.conv2.weight,13.18778993492184,-5.194120149161954e-05,-0.0006800523255441577,0.005791587746161903,5.130857395663276e-05,0.003120691445962997,0.0012467147365241508,0.005382015835493803,0.0018236925825476646
natural_residual_qat_w4_c1.0_test,quantized,0,3459,up_blocks.0.upsamplers.0.conv.weight,8.128777391726718,-0.0003476811247686414,-0.0023153956262397493,0.018472712659604342,0.00016040687101870997,0.0052289679931313724,0.003773824966909424,0.005382015835493803,0.0018236925825476646
natural_residual_qat_w4_c1.0_test,quantized,0,3459,up_blocks.1.resnets.0.conv1.weight,18.97736998195412,-0.00019615607692625794,-0.002088776136518783,0.004948503084279491,0.0001252458113849133,0.005792274753057439,0.001139404766100756,0.005382015835493803,0.0018236925825476646
natural_residual_qat_w4_c1.0_test,quantized,0,3459,up_blocks.1.resnets.0.conv2.weight,18.84353120656159,-0.0005191080835759982,-0.005256681910050622,0.005240633667579874,9.598901201994016e-05,0.00455034124780703,0.001119477226394085,0.005382015835493803,0.0018236925825476646
natural_residual_qat_w4_c1.0_test,quantized,0,3459,up_blocks.1.resnets.1.conv1.weight,19.589649761865193,-0.0003316834501689052,-0.003471020047532374,0.0048779799269397526,0.00012495186802567943,0.006039425855534424,0.0010561374138545584,0.005382015835493803,0.0018236925825476646
natural_residual_qat_w4_c1.0_test,quantized,0,3459,up_blocks.1.resnets.1.conv2.weight,18.401879169525053,-0.0006769354233523543,-0.007064831442619865,0.005206948251824342,0.00012382502541545852,0.006716078459933856,0.0010019141034239827,0.005382015835493803,0.0018236925825476646
natural_residual_qat_w4_c1.0_test,quantized,0,3459,up_blocks.1.resnets.2.conv1.weight,19.094544308293827,-0.0008903019057113232,-0.008168487097748126,0.00570803171133154,0.00011259978686314575,0.0058731476153855555,0.0010040546540488018,0.005382015835493803,0.0018236925825476646
natural_residual_qat_w4_c1.0_test,quantized,0,3459,up_blocks.1.resnets.2.conv2.weight,16.95585651349908,-0.0008548980751154557,-0.010149368762156805,0.004967702440640564,0.00011110641125628662,0.007586365057424865,0.0008637452063399112,0.005382015835493803,0.0018236925825476646
natural_residual_qat_w4_c1.0_test,quantized,0,3459,up_blocks.1.upsamplers.0.conv.weight,8.940966719520787,-0.001202353300496051,-0.008484059319308774,0.015850534989160975,0.00012491203276029402,0.006063616616072118,0.002304029647830397,0.005382015835493803,0.0018236925825476646
natural_residual_qat_w4_c1.0_test,quantized,0,3459,up_blocks.2.resnets.0.conv1.weight,12.482058773686228,-0.0013308645670927688,-0.018582989974076404,0.005737623501804398,0.00010828631364658939,0.00978522391804613,0.0008865772400900716,0.005382015835493803,0.0018236925825476646
natural_residual_qat_w4_c1.0_test,quantized,0,3459,up_blocks.2.resnets.0.conv2.weight,10.362034272055194,-0.0011506499508096022,-0.023899634692663537,0.004646296666412397,8.435652319583761e-05,0.013579849252574269,0.0005994855211372699,0.005382015835493803,0.0018236925825476646
natural_residual_qat_w4_c1.0_test,quantized,0,3459,up_blocks.2.resnets.0.conv_shortcut.weight,0.9187212090882846,-0.0007291313341364991,-0.017556859376171196,0.045203825451749974,0.00010312323646136342,0.02011615711570464,0.00557991744096141,0.005382015835493803,0.0018236925825476646
natural_residual_qat_w4_c1.0_test,quantized,0,3459,up_blocks.2.resnets.1.conv1.weight,8.252579788261306,-0.0012793391426067233,-0.025008881831045052,0.006198715174524904,9.1009477573442e-05,0.0117346518484605,0.0009397810429421069,0.005382015835493803,0.0018236925825476646
natural_residual_qat_w4_c1.0_test,quantized,0,3459,up_blocks.2.resnets.1.conv2.weight,11.142803018165143,-0.0012316062871831558,-0.023959974086527933,0.004613081209616923,7.353474256113569e-05,0.013642740311470078,0.0004837227472437159,0.005382015835493803,0.0018236925825476646
natural_residual_qat_w4_c1.0_test,quantized,0,3459,up_blocks.2.resnets.2.conv1.weight,8.742968741527994,-0.0012824202602119768,-0.023434522900999243,0.006259149555515003,7.110398781056635e-05,0.010756522924849889,0.0007560719490642815,0.005382015835493803,0.0018236925825476646
natural_residual_qat_w4_c1.0_test,quantized,0,3459,up_blocks.2.resnets.2.conv2.weight,10.491981241790617,-0.0009970479463527727,-0.023956028120043035,0.003966831229682673,6.212112207383605e-05,0.012817777513838375,0.00046192243637382637,0.005382015835493803,0.0018236925825476646
natural_residual_qat_w4_c1.0_test,quantized,0,3459,up_blocks.2.upsamplers.0.conv.weight,4.914786916356423,-0.0013501962955284141,-0.015155667692349455,0.018126633103418863,6.350764024398703e-05,0.006551576040654412,0.00197231145223696,0.005382015835493803,0.0018236925825476646
natural_residual_qat_w4_c1.0_test,quantized,0,3459,up_blocks.3.resnets.0.conv1.weight,5.879940027451862,-0.0008980679572115867,-0.02834838917003079,0.005387755990910552,2.3856964380486065e-05,0.0076046376485225,0.0005335360391284628,0.005382015835493803,0.0018236925825476646
natural_residual_qat_w4_c1.0_test,quantized,0,3459,up_blocks.3.resnets.0.conv2.weight,6.286394271758886,-0.0005441089210020038,-0.030444356670754496,0.0028430037300046554,1.417387751190563e-05,0.007567859278211047,0.0002979298457123691,0.005382015835493803,0.0018236925825476646
natural_residual_qat_w4_c1.0_test,quantized,0,3459,up_blocks.3.resnets.0.conv_shortcut.weight,0.7317318861663817,-0.0008129687915272698,-0.030007359871806503,0.03702491814014294,1.5715693073606462e-05,0.00628306428634711,0.003418299053724258,0.005382015835493803,0.0018236925825476646
natural_residual_qat_w4_c1.0_test,quantized,0,3459,up_blocks.3.resnets.1.conv1.weight,4.181693722849398,-0.000572990189383271,-0.02532608034785421,0.005410370231554247,1.5942878198297327e-05,0.006904110317649885,0.0005522132017593344,0.005382015835493803,0.0018236925825476646
natural_residual_qat_w4_c1.0_test,quantized,0,3459,up_blocks.3.resnets.1.conv2.weight,6.495573514097896,-0.00045224648029226257,-0.0230218922497322,0.003024242945876169,1.1898312634285088e-05,0.005163995542680172,0.0003547170100145307,0.005382015835493803,0.0018236925825476646
natural_residual_qat_w4_c1.0_test,quantized,0,3459,up_blocks.3.resnets.2.conv1.weight,4.403856240154279,-0.0006126438372382762,-0.021792268373653723,0.00638370040954524,4.299714980949615e-06,0.0011712764632288042,0.0008335796782084691,0.005382015835493803,0.0018236925825476646
natural_residual_qat_w4_c1.0_test,quantized,0,3459,up_blocks.3.resnets.2.conv2.weight,6.322567592520925,-0.0002737445885896828,-0.02349387667483136,0.0018428813589900484,8.114956492209964e-06,0.006909790861381474,0.0001857495678340198,0.005382015835493803,0.0018236925825476646
natural_residual_qat_w4_c1.0_test,quantized,0,3459,mid_block.attentions.0.to_q.weight,4.027229145449115,-1.420974249417725e-06,-0.00032900823312726315,0.0010724402387304072,2.9584826654591213e-06,0.004602878777627698,0.00015960009677419925,0.005382015835493803,0.0018236925825476646
natural_residual_qat_w4_c1.0_test,quantized,0,3459,mid_block.attentions.0.to_k.weight,4.115694050785841,-9.10236002574627e-06,-0.0019987073688156527,0.0011065262280549333,2.368550329296732e-06,0.002976928673866257,0.00019331747108035805,0.005382015835493803,0.0018236925825476646
natural_residual_qat_w4_c1.0_test,quantized,0,3459,mid_block.attentions.0.to_v.weight,2.748508982473707,-1.4697238141713404e-05,-0.0010228909136032031,0.005227683061793644,1.3747436847134674e-05,0.004418091635216815,0.0011321131980409696,0.005382015835493803,0.0018236925825476646
natural_residual_qat_w4_c1.0_test,quantized,0,3459,mid_block.attentions.0.to_out.0.weight,2.5830007285933227,8.818395769294515e-06,0.0007195244556926785,0.004744817335480643,5.302538435986409e-06,0.0016682204306114072,0.0012305686899026628,0.005382015835493803,0.0018236925825476646
natural_residual_qat_w4_c1.0_test,quantized,0,3459,mid_block.resnets.0.conv1.weight,19.063384849660114,-3.555743084511066e-05,-0.00045323497576260554,0.0041153515656944814,4.854322334532704e-05,0.003320764961726432,0.0007668147485315989,0.005382015835493803,0.0018236925825476646
natural_residual_qat_w4_c1.0_test,quantized,0,3459,mid_block.resnets.0.conv2.weight,12.662253922978628,-9.009943300342095e-05,-0.0009389138496892919,0.007578535586655627,6.94363872625619e-05,0.0033936123121392475,0.0016158977321268013,0.005382015835493803,0.0018236925825476646
natural_residual_qat_w4_c1.0_test,quantized,0,3459,mid_block.resnets.1.conv1.weight,18.269953478603554,2.3872349039694735e-05,0.0004409742760893383,0.002963087376200151,3.0935596421854315e-05,0.002426533236458545,0.0006978061739902296,0.005382015835493803,0.0018236925825476646
natural_residual_qat_w4_c1.0_test,quantized,0,3459,mid_block.resnets.1.conv2.weight,12.952607337049388,6.63271303556796e-05,0.0010486957320953352,0.004882975075231194,3.889707805484192e-05,0.002746633428996018,0.0010933496668380394,0.005382015835493803,0.0018236925825476646
natural_residual_qat_w4_c1.0_test,quantized,0,3459,conv_out.weight,0.14220752547905155,-0.00036794247423153914,-0.03582359521952997,0.07222510401445499,1.784767628407642e-05,0.01713120917674837,0.007326070317882203,0.005382015835493803,0.0018236925825476646
natural_residual_qat_w4_c1.0_test,quantized,1,3460,conv_in.weight,1.4664111959726709,0.00012149618640748738,0.0054356605311117745,0.015242442037812777,4.606438247962653e-05,0.030472308604995633,0.0010308705381218983,0.004550267476588488,0.001163755776360631
natural_residual_qat_w4_c1.0_test,quantized,1,3460,up_blocks.0.resnets.0.conv1.weight,19.286772829687244,-7.862952816836622e-05,-0.00119808466005699,0.0034028170237182204,2.2967151837683674e-05,0.004318025218206679,0.000275779768078927,0.004550267476588488,0.001163755776360631
natural_residual_qat_w4_c1.0_test,quantized,1,3460,up_blocks.0.resnets.0.conv2.weight,14.164236350419417,3.541369044642015e-05,0.0004575800667313359,0.005464002941831548,1.8348033489222234e-05,0.002925569004179676,0.00044277797841502846,0.004550267476588488,0.001163755776360631
natural_residual_qat_w4_c1.0_test,quantized,1,3460,up_blocks.0.resnets.1.conv1.weight,19.529661951850322,-3.594045694444025e-05,-0.00048075918014060006,0.003827906159447926,2.316617385140814e-05,0.004065316955571434,0.0002917864860606573,0.004550267476588488,0.001163755776360631
natural_residual_qat_w4_c1.0_test,quantized,1,3460,up_blocks.0.resnets.1.conv2.weight,13.265199102791914,-8.360777003248675e-05,-0.0009769301338547647,0.0064516286449389365,2.649881336700552e-05,0.0038313317009388186,0.0005213902438656028,0.004550267476588488,0.001163755776360631
natural_residual_qat_w4_c1.0_test,quantized,1,3460,up_blocks.0.resnets.2.conv1.weight,20.348863377771604,-0.0001381157638984366,-0.001645868606422813,0.004123898165021328,4.910162939465907e-05,0.007765063194764154,0.0003107497254316721,0.004550267476588488,0.001163755776360631
natural_residual_qat_w4_c1.0_test,quantized,1,3460,up_blocks.0.resnets.2.conv2.weight,13.18778993492184,-0.00013614926649019668,-0.0015266281738002406,0.006762542572553908,3.085936986155982e-05,0.004511330991403456,0.0005186929449433938,0.004550267476588488,0.001163755776360631
natural_residual_qat_w4_c1.0_test,quantized,1,3460,up_blocks.0.upsamplers.0.conv.weight,8.128777391726718,-0.0002983157954102785,-0.00161900505304725,0.022667457731827528,8.080301414186601e-05,0.0065988280427737404,0.0015063833939722737,0.004550267476588488,0.001163755776360631
natural_residual_qat_w4_c1.0_test,quantized,1,3460,up_blocks.1.resnets.0.conv1.weight,18.97736998195412,-0.0001754505080831881,-0.0018886656632131171,0.004895122008289232,5.153404228412161e-05,0.007863207258882246,0.00034534920598434596,0.004550267476588488,0.001163755776360631
natural_residual_qat_w4_c1.0_test,quantized,1,3460,up_blocks.1.resnets.0.conv2.weight,18.84353120656159,-0.0006812400053880443,-0.006148299579991177,0.005880074544222948,7.117134933843557e-05,0.009559794962929578,0.0003950884473243755,0.004550267476588488,0.001163755776360631
natural_residual_qat_w4_c1.0_test,quantized,1,3460,up_blocks.1.resnets.1.conv1.weight,19.589649761865193,-0.0004414847245302291,-0.004439708485437007,0.005076151263652031,6.82475024688468e-05,0.011107404939372281,0.0003136515848887622,0.004550267476588488,0.001163755776360631
natural_residual_qat_w4_c1.0_test,quantized,1,3460,up_blocks.1.resnets.1.conv2.weight,18.401879169525053,-0.0006760928465095446,-0.006141944912625292,0.00598188761194651,7.790161543795805e-05,0.011068479038042058,0.00038246908958206185,0.004550267476588488,0.001163755776360631
natural_residual_qat_w4_c1.0_test,quantized,1,3460,up_blocks.1.resnets.2.conv1.weight,19.094544308293827,-0.001074115672842344,-0.00914836443488262,0.006148912292310607,8.994335404327475e-05,0.01269112774968907,0.0003711586312649378,0.004550267476588488,0.001163755776360631
natural_residual_qat_w4_c1.0_test,quantized,1,3460,up_blocks.1.resnets.2.conv2.weight,16.95585651349908,-0.0008725781434978613,-0.008604755981366707,0.00598061765941142,7.516697185117297e-05,0.0115845021295646,0.00038267487436061896,0.004550267476588488,0.001163755776360631
natural_residual_qat_w4_c1.0_test,quantized,1,3460,up_blocks.1.upsamplers.0.conv.weight,8.940966719520787,-0.001336076035722708,-0.006608839052837251,0.022611091143622,0.00010947828822827768,0.009655610573278984,0.0012681300046742119,0.004550267476588488,0.001163755776360631
natural_residual_qat_w4_c1.0_test,quantized,1,3460,up_blocks.2.resnets.0.conv1.weight,12.482058773686228,-0.0014509109482605412,-0.01592751711168609,0.007298043611425233,6.88824024907277e-05,0.014876631851780868,0.0003709517695513081,0.004550267476588488,0.001163755776360631
natural_residual_qat_w4_c1.0_test,quantized,1,3460,up_blocks.2.resnets.0.conv2.weight,10.362034272055194,-0.0011493311996541582,-0.01976372985811139,0.005612175748443113,5.357096807969752e-05,0.01825628188794508,0.00028318623355615114,0.004550267476588488,0.001163755776360631
natural_residual_qat_w4_c1.0_test,quantized,1,3460,up_blocks.2.resnets.0.conv_shortcut.weight,0.9187212090882846,-0.0008551006283984131,-0.015317521326641067,0.060763808944292945,4.157212219290808e-05,0.014520488478127515,0.003116285408878174,0.004550267476588488,0.001163755776360631
natural_residual_qat_w4_c1.0_test,quantized,1,3460,up_blocks.2.resnets.1.conv1.weight,8.252579788261306,-0.0011281386828056771,-0.019540922352154936,0.006995643991274171,5.112715226400782e-05,0.01997849787338568,0.0003100980533444083,0.004550267476588488,0.001163755776360631
natural_residual_qat_w4_c1.0_test,quantized,1,3460,up_blocks.2.resnets.1.conv2.weight,11.142803018165143,-0.0013217026779324139,-0.019378992248468462,0.0061207991377481615,5.694112597786347e-05,0.018280186652772538,0.0002795445127558595,0.004550267476588488,0.001163755776360631
natural_residual_qat_w4_c1.0_test,quantized,1,3460,up_blocks.2.resnets.2.conv1.weight,8.742968741527994,-0.0012955279514058132,-0.019610279965086113,0.007556210847124005,4.5147885930404524e-05,0.01667388361282252,0.00030970037250206944,0.004550267476588488,0.001163755776360631
natural_residual_qat_w4_c1.0_test,quantized,1,3460,up_blocks.2.resnets.2.conv2.weight,10.491981241790617,-0.0009626958243054378,-0.01731203188887459,0.005300093598385636,4.8596392079832367e-05,0.017826137271443564,0.0002598299892500524,0.004550267476588488,0.001163755776360631
natural_residual_qat_w4_c1.0_test,quantized,1,3460,up_blocks.2.upsamplers.0.conv.weight,4.914786916356423,-0.001383412462386697,-0.010631217535141147,0.02647670797862648,6.264799926542278e-05,0.008795409717308399,0.0014492604392897857,0.004550267476588488,0.001163755776360631
natural_residual_qat_w4_c1.0_test,quantized,1,3460,up_blocks.3.resnets.0.conv1.weight,5.879940027451862,-0.0007771928570122664,-0.021373619325752442,0.006184118939699551,2.346068351116981e-05,0.015105677165173123,0.0002641359810164246,0.004550267476588488,0.001163755776360631
natural_residual_qat_w4_c1.0_test,quantized,1,3460,up_blocks.3.resnets.0.conv2.weight,6.286394271758886,-0.00041618742837227173,-0.02074899463611372,0.0031907316725264807,1.4969559444899876e-05,0.013370874761825783,0.0001780933004832694,0.004550267476588488,0.001163755776360631
natural_residual_qat_w4_c1.0_test,quantized,1,3460,up_blocks.3.resnets.0.conv_shortcut.weight,0.7317318861663817,-0.0007147205999919958,-0.02137101789662153,0.0457045156935536,2.9241553954598735e-05,0.01721733262628796,0.0023210398556119142,0.004550267476588488,0.001163755776360631
natural_residual_qat_w4_c1.0_test,quantized,1,3460,up_blocks.3.resnets.1.conv1.weight,4.181693722849398,-0.0003771467596678068,-0.014241336591031507,0.006332969680657164,1.254388354196612e-05,0.00890281674832671,0.0003369398345837881,0.004550267476588488,0.001163755776360631
natural_residual_qat_w4_c1.0_test,quantized,1,3460,up_blocks.3.resnets.1.conv2.weight,6.495573514097896,-0.0005083644233402674,-0.020432426239110953,0.0038303433690344635,1.7479020189973655e-05,0.013085018099666472,0.00020564836168588744,0.004550267476588488,0.001163755776360631
natural_residual_qat_w4_c1.0_test,quantized,1,3460,up_blocks.3.resnets.2.conv1.weight,4.403856240154279,-0.0004935686329419635,-0.012537462689572575,0.008939325781121084,2.0353163844118658e-05,0.009256497615012772,0.0004992891191895405,0.004550267476588488,0.001163755776360631
natural_residual_qat_w4_c1.0_test,quantized,1,3460,up_blocks.3.resnets.2.conv2.weight,6.322567592520925,-0.00024937915083363967,-0.01690199234009286,0.0023336125960116377,8.927814813889191e-06,0.011704078594751002,0.00012064642651676355,0.004550267476588488,0.001163755776360631
natural_residual_qat_w4_c1.0_test,quantized,1,3460,mid_block.attentions.0.to_q.weight,4.027229145449115,-1.0443307300588662e-05,-0.0027107687324151794,0.0009566195425621663,1.2427669177093443e-06,0.004163917277376124,7.411075704557507e-05,0.004550267476588488,0.001163755776360631
natural_residual_qat_w4_c1.0_test,quantized,1,3460,mid_block.attentions.0.to_k.weight,4.115694050785841,9.59959663784481e-06,0.00258234289155011,0.0009032250903049003,5.297016404419223e-07,0.001733146130792229,7.42596764928153e-05,0.004550267476588488,0.001163755776360631
natural_residual_qat_w4_c1.0_test,quantized,1,3460,mid_block.attentions.0.to_v.weight,2.748508982473707,-2.878405049630683e-05,-0.0017972738936564057,0.005826939128889955,4.878968951703739e-06,0.004526570283799828,0.00039215849368060733,0.004550267476588488,0.001163755776360631
natural_residual_qat_w4_c1.0_test,quantized,1,3460,mid_block.attentions.0.to_out.0.weight,2.5830007285933227,2.2231982910888644e-05,0.0011597046039390575,0.007421749467428011,8.44982998599986e-07,0.0005499716884951034,0.0005948166391242347,0.004550267476588488,0.001163755776360631
natural_residual_qat_w4_c1.0_test,quantized,1,3460,mid_block.resnets.0.conv1.weight,19.063384849660114,-9.862760766591767e-05,-0.0010243841434944161,0.005050514660144089,3.277778018173683e-05,0.005070647152453125,0.0003390908978720782,0.004550267476588488,0.001163755776360631
natural_residual_qat_w4_c1.0_test,quantized,1,3460,mid_block.resnets.0.conv2.weight,12.662253922978628,-8.795846100622353e-05,-0.0008612805390269169,0.008065326799641115,2.8277113185979507e-05,0.0035298264818083343,0.0006326604629528126,0.004550267476588488,0.001163755776360631
natural_residual_qat_w4_c1.0_test,quantized,1,3460,mid_block.resnets.1.conv1.weight,18.269953478603554,0.00013472034933876284,0.0023532691376806554,0.00313346003234411,2.1947330536056626e-05,0.005397256036461589,0.00022257236581647036,0.004550267476588488,0.001163755776360631
natural_residual_qat_w4_c1.0_test,quantized,1,3460,mid_block.resnets.1.conv2.weight,12.952607337049388,3.723597849250019e-05,0.0005016288349643582,0.0057309032660009486,2.3920514061796597e-05,0.004125051631305161,0.0004476967275166863,0.004550267476588488,0.001163755776360631
natural_residual_qat_w4_c1.0_test,quantized,1,3460,conv_out.weight,0.14220752547905155,-0.0003707699911115605,-0.03273273678311044,0.07965254909429852,2.7858080515818903e-05,0.033748825179727444,0.0058045686309841785,0.004550267476588488,0.001163755776360631
natural_residual_qat_w4_c1.0_test,quantized,2,3461,conv_in.weight,1.4664111959726709,0.00011047904715953783,0.006804952203090494,0.011071311573641267,6.398056852712286e-05,0.023983008693573084,0.0018192344113009374,0.004380975849926472,0.0019942154176533222
natural_residual_qat_w4_c1.0_test,quantized,2,3461,up_blocks.0.resnets.0.conv1.weight,19.286772829687244,-0.0001675568370217801,-0.0025408722968618524,0.0034191625676589523,2.2627982511857095e-05,0.002924666231120987,0.000401152920748652,0.004380975849926472,0.0019942154176533222
natural_residual_qat_w4_c1.0_test,quantized,2,3461,up_blocks.0.resnets.0.conv2.weight,14.164236350419417,-3.2166952830545127e-05,-0.0004552132837827463,0.004988865900129121,2.538266987116001e-05,0.002120171854015483,0.0008452264352597781,0.004380975849926472,0.0019942154176533222
natural_residual_qat_w4_c1.0_test,quantized,2,3461,up_blocks.0.resnets.1.conv1.weight,19.529661951850322,-6.59879645671126e-05,-0.0008815338528453586,0.0038329310932061177,3.05299252945984e-05,0.003826030186134729,0.0004085851926459439,0.004380975849926472,0.0019942154176533222
natural_residual_qat_w4_c1.0_test,quantized,2,3461,up_blocks.0.resnets.1.conv2.weight,13.265199102791914,-4.850894817463127e-05,-0.0006618523106437688,0.005525187181861153,3.0531451469583014e-05,0.0022026138697421316,0.001044949514947008,0.004380975849926472,0.0019942154176533222
natural_residual_qat_w4_c1.0_test,quantized,2,3461,up_blocks.0.resnets.2.conv1.weight,20.348863377771604,-7.933888719517413e-05,-0.0009812388113002535,0.00397348182766561,4.553609200477746e-05,0.005033265663760381,0.0004445961997572332,0.004380975849926472,0.0019942154176533222
natural_residual_qat_w4_c1.0_test,quantized,2,3461,up_blocks.0.resnets.2.conv2.weight,13.18778993492184,-0.00013000329806489471,-0.0017543064135838945,0.0056192311607742235,2.269877469310792e-05,0.001565344891298249,0.0010995635965021086,0.004380975849926472,0.0019942154176533222
natural_residual_qat_w4_c1.0_test,quantized,2,3461,up_blocks.0.upsamplers.0.conv.weight,8.128777391726718,-0.00028845929750072655,-0.001721478954352336,0.02061377794147229,9.153518652100446e-05,0.0033762330747394466,0.003335265570381093,0.004380975849926472,0.0019942154176533222
natural_residual_qat_w4_c1.0_test,quantized,2,3461,up_blocks.1.resnets.0.conv1.weight,18.97736998195412,-0.00015702320823840577,-0.0016368964326224258,0.00505483075937349,0.00010728486308795714,0.011250839476737181,0.0005024785166016332,0.004380975849926472,0.0019942154176533222
natural_residual_qat_w4_c1.0_test,quantized,2,3461,up_blocks.1.resnets.0.conv2.weight,18.84353120656159,-0.0005339149615924527,-0.004858643852655053,0.005831694086835004,0.00010699608281682988,0.00789748608418384,0.0007189798476426819,0.004380975849926472,0.0019942154176533222
natural_residual_qat_w4_c1.0_test,quantized,2,3461,up_blocks.1.resnets.1.conv1.weight,19.589649761865193,-0.0003237548711630355,-0.0029869110694041765,0.005533085072859317,0.00010861776847033112,0.011587908940577785,0.00047848588490490305,0.004380975849926472,0.0019942154176533222
natural_residual_qat_w4_c1.0_test,quantized,2,3461,up_blocks.1.resnets.1.conv2.weight,18.401879169525053,-0.000487222382760293,-0.004387551826838371,0.006034520919264649,0.00014950021695696268,0.010516953879979888,0.0007724843306399049,0.004380975849926472,0.0019942154176533222
natural_residual_qat_w4_c1.0_test,quantized,2,3461,up_blocks.1.resnets.2.conv1.weight,19.094544308293827,-0.0006755717808850408,-0.005305018475382602,0.006669223954157296,0.00014418852064659155,0.0140547892715497,0.0005372755151018633,0.004380975849926472,0.0019942154176533222
natural_residual_qat_w4_c1.0_test,quantized,2,3461,up_blocks.1.resnets.2.conv2.weight,16.95585651349908,-0.0007276654064624205,-0.0072906693911018085,0.005886329802143178,0.00014535966887769804,0.010878163584245381,0.0007880769165918281,0.004380975849926472,0.0019942154176533222
natural_residual_qat_w4_c1.0_test,quantized,2,3461,up_blocks.1.upsamplers.0.conv.weight,8.940966719520787,-0.0010927777572662764,-0.005805373745359877,0.021053154802961035,0.00018644965990487254,0.006974782626933885,0.0029898296197845594,0.004380975849926472,0.0019942154176533222
natural_residual_qat_w4_c1.0_test,quantized,2,3461,up_blocks.2.resnets.0.conv1.weight,12.482058773686228,-0.0011828754968083257,-0.011880550419650847,0.00797657128161098,0.00012483620273622329,0.01613919964449766,0.0006196869247422737,0.004380975849926472,0.0019942154176533222
natural_residual_qat_w4_c1.0_test,quantized,2,3461,up_blocks.2.resnets.0.conv2.weight,10.362034272055194,-0.0012183183817269993,-0.02044456742127102,0.005750926889387439,9.381069663090042e-05,0.01422295605835776,0.0006365279353914198,0.004380975849926472,0.0019942154176533222
natural_residual_qat_w4_c1.0_test,quantized,2,3461,up_blocks.2.resnets.0.conv_shortcut.weight,0.9187212090882846,-0.0007513591117658356,-0.014436099405249269,0.056651831038311305,5.367103636360676e-05,0.008628961750387241,0.006770140710227854,0.004380975849926472,0.0019942154176533222
natural_residual_qat_w4_c1.0_test,quantized,2,3461,up_blocks.2.resnets.1.conv1.weight,8.252579788261306,-0.0012623326787569683,-0.01755183724549007,0.0087148819810348,9.358538737858066e-05,0.020986033720722348,0.0005403659114621033,0.004380975849926472,0.0019942154176533222
natural_residual_qat_w4_c1.0_test,quantized,2,3461,up_blocks.2.resnets.1.conv2.weight,11.142803018165143,-0.0013863725649834475,-0.018168790384908404,0.0068479327688878875,8.553734497748792e-05,0.01100086013837477,0.0006978059520885232,0.004380975849926472,0.0019942154176533222
natural_residual_qat_w4_c1.0_test,quantized,2,3461,up_blocks.2.resnets.2.conv1.weight,8.742968741527994,-0.0013556396386424224,-0.016738640350255442,0.009263287755931672,5.959699245474601e-05,0.012626264948177281,0.0005398716470292053,0.004380975849926472,0.0019942154176533222
natural_residual_qat_w4_c1.0_test,quantized,2,3461,up_blocks.2.resnets.2.conv2.weight,10.491981241790617,-0.0008571721030005814,-0.015538336560995002,0.005257823447130734,5.211840149254704e-05,0.0071216973493891545,0.0006975094054292055,0.004380975849926472,0.0019942154176533222
natural_residual_qat_w4_c1.0_test,quantized,2,3461,up_blocks.2.upsamplers.0.conv.weight,4.914786916356423,-0.0011549186579968948,-0.011359825225780442,0.020685930174657908,4.908527828508148e-05,0.0029042059170139036,0.0034388969199360283,0.004380975849926472,0.0019942154176533222
natural_residual_qat_w4_c1.0_test,quantized,2,3461,up_blocks.3.resnets.0.conv1.weight,5.879940027451862,-0.0008557132639596629,-0.021788440484341785,0.006679273401630469,2.2736077044490014e-05,0.006375005162832049,0.0006065436982358907,0.004380975849926472,0.0019942154176533222
natural_residual_qat_w4_c1.0_test,quantized,2,3461,up_blocks.3.resnets.0.conv2.weight,6.286394271758886,-0.00044919032203144586,-0.02154407908053182,0.0033166591393881434,1.639633660509338e-05,0.006264696899234437,0.00041633713192891345,0.004380975849926472,0.0019942154176533222
natural_residual_qat_w4_c1.0_test,quantized,2,3461,up_blocks.3.resnets.0.conv_shortcut.weight,0.7317318861663817,-0.0005912981447652248,-0.019331911280712533,0.04180033309953676,6.123894093930378e-05,0.01494088730611593,0.005601435003992309,0.004380975849926472,0.0019942154176533222
natural_residual_qat_w4_c1.0_test,quantized,2,3461,up_blocks.3.resnets.1.conv1.weight,4.181693722849398,-0.0004225469081521939,-0.01677959460613281,0.0060220068233385726,9.84373518477754e-06,0.0038748082475137547,0.0006075156714938046,0.004380975849926472,0.0019942154176533222
natural_residual_qat_w4_c1.0_test,quantized,2,3461,up_blocks.3.resnets.1.conv2.weight,6.495573514097896,-0.00047941598367611844,-0.020675689939912388,0.0035697269357242607,4.720558234608946e-06,0.0012757545856562408,0.0005696508100235252,0.004380975849926472,0.0019942154176533222
natural_residual_qat_w4_c1.0_test,quantized,2,3461,up_blocks.3.resnets.2.conv1.weight,4.403856240154279,-0.0003281273105786113,-0.011770182775236235,0.006330325456193646,8.343437293504816e-06,0.0017585923338276715,0.0010773248988790974,0.004380975849926472,0.0019942154176533222
natural_residual_qat_w4_c1.0_test,quantized,2,3461,up_blocks.3.resnets.2.conv2.weight,6.322567592520925,-0.00022949112677506594,-0.020919939498128943,0.0017350499941139925,1.591514015034627e-05,0.008475604856589325,0.00029699304925082754,0.004380975849926472,0.0019942154176533222
natural_residual_qat_w4_c1.0_test,quantized,2,3461,mid_block.attentions.0.to_q.weight,4.027229145449115,1.7914360203220543e-06,0.00040619838776279093,0.0010951075313675254,3.833696194371802e-06,0.0053979932765967995,0.00017635144119824967,0.004380975849926472,0.0019942154176533222
natural_residual_qat_w4_c1.0_test,quantized,2,3461,mid_block.attentions.0.to_k.weight,4.115694050785841,-1.5980981462537188e-06,-0.00037688194659073925,0.0010302794330837438,1.6439670786895874e-06,0.002856030061276905,0.0001398579824513117,0.004380975849926472,0.0019942154176533222
natural_residual_qat_w4_c1.0_test,quantized,2,3461,mid_block.attentions.0.to_v.weight,2.748508982473707,3.761468538719988e-05,0.0023019964556744554,0.00594505151800763,7.935075478401938e-06,0.0031311846881025424,0.000922030350390439,0.004380975849926472,0.0019942154176533222
natural_residual_qat_w4_c1.0_test,quantized,2,3461,mid_block.attentions.0.to_out.0.weight,2.5830007285933227,-1.0402595920130516e-05,-0.0005845532033917011,0.006889586474191315,-2.8668990654828845e-06,-0.00073795386830303,0.0015040374866985798,0.004380975849926472,0.0019942154176533222
natural_residual_qat_w4_c1.0_test,quantized,2,3461,mid_block.resnets.0.conv1.weight,19.063384849660114,-0.00014689474262497048,-0.0017890508430348422,0.0043070861068455245,4.0115908809109204e-05,0.0038674180568750095,0.0005441210147889124,0.004380975849926472,0.0019942154176533222
natural_residual_qat_w4_c1.0_test,quantized,2,3461,mid_block.resnets.0.conv2.weight,12.662253922978628,-0.00011722826863018045,-0.0012782085935767152,0.00724301858196994,3.6812283251424254e-05,0.00203501194820839,0.0014286135769872833,0.004380975849926472,0.0019942154176533222
natural_residual_qat_w4_c1.0_test,quantized,2,3461,mid_block.resnets.1.conv1.weight,18.269953478603554,-4.974596238246161e-05,-0.0009159853150092528,0.002972568590078703,3.8688493311152256e-05,0.00516000075471345,0.0004103879593169778,0.004380975849926472,0.0019942154176533222
natural_residual_qat_w4_c1.0_test,quantized,2,3461,mid_block.resnets.1.conv2.weight,12.952607337049388,2.917650839664459e-05,0.00048532022268696253,0.004641386446942029,1.7092107513259822e-05,0.0014432133649887676,0.0009143403254027448,0.004380975849926472,0.0019942154176533222
natural_residual_qat_w4_c1.0_test,quantized,2,3461,conv_out.weight,0.14220752547905155,-0.00046349614154278946,-0.041851687165326175,0.07787724390433741,1.0378451254450671e-05,0.007419417422428993,0.009836490229587942,0.004380975849926472,0.0019942154176533222
natural_residual_qat_w4_c1.0_test,quantized,3,3462,conv_in.weight,1.4664111959726709,5.374226136015949e-06,0.010422400096570184,0.0003516352687392904,7.251956908512099e-06,0.010141420773189243,0.0004876414846606684,4.907844777335413e-05,0.0002157013805117458
natural_residual_qat_w4_c1.0_test,quantized,3,3462,up_blocks.0.resnets.0.conv1.weight,19.286772829687244,-3.2205866698562914e-06,-0.0019996968066237387,8.35047678167428e-05,1.5262381478010148e-06,0.0015253820522322132,5.1878105392506856e-05,4.907844777335413e-05,0.0002157013805117458
natural_residual_qat_w4_c1.0_test,quantized,3,3462,up_blocks.0.resnets.0.conv2.weight,14.164236350419417,1.3864197109297526e-06,0.0005996543887517632,0.00016323021124365364,4.409491635311745e-07,0.00016506782626403118,0.0001885961947755502,4.907844777335413e-05,0.0002157013805117458
natural_residual_qat_w4_c1.0_test,quantized,3,3462,up_blocks.0.resnets.1.conv1.weight,19.529661951850322,-1.7195154938368577e-06,-0.0011130355809637088,7.910470578735775e-05,3.855873615889637e-06,0.0038439591775013887,5.136287177343774e-05,4.907844777335413e-05,0.0002157013805117458
natural_residual_qat_w4_c1.0_test,quantized,3,3462,up_blocks.0.resnets.1.conv2.weight,13.265199102791914,-1.2727446934774178e-06,-0.0005261877198338056,0.0001823420419036744,2.0302555921023636e-06,0.0007494926713749835,0.0002042064953406711,4.907844777335413e-05,0.0002157013805117458
natural_residual_qat_w4_c1.0_test,quantized,3,3462,up_blocks.0.resnets.2.conv1.weight,20.348863377771604,-5.7021944796276686e-06,-0.002988721269937498,9.375975309857564e-05,4.877829082402402e-06,0.0039016414472818144,6.143828251186902e-05,4.907844777335413e-05,0.0002157013805117458
natural_residual_qat_w4_c1.0_test,quantized,3,3462,up_blocks.0.resnets.2.conv2.weight,13.18778993492184,-2.403545146914463e-06,-0.000948367078490284,0.00019217805507641987,2.4320484191363606e-06,0.0008170645937513819,0.000225706364106542,4.907844777335413e-05,0.0002157013805117458
natural_residual_qat_w4_c1.0_test,quantized,3,3462,up_blocks.0.upsamplers.0.conv.weight,8.128777391726718,-9.61536731039736e-06,-0.0021214542569142235,0.0005575797293614083,1.2654503521421484e-05,0.0021591659298486605,0.0007209976709201777,4.907844777335413e-05,0.0002157013805117458
natural_residual_qat_w4_c1.0_test,quantized,3,3462,up_blocks.1.resnets.0.conv1.weight,18.97736998195412,-3.415317351104609e-06,-0.001653345914381625,0.000108850721822234,7.705920131581506e-06,0.00585284329479822,6.937796906630596e-05,4.907844777335413e-05,0.0002157013805117458
natural_residual_qat_w4_c1.0_test,quantized,3,3462,up_blocks.1.resnets.0.conv2.weight,18.84353120656159,-1.7032313798138772e-06,-0.0006701923631049127,0.00013486892127038724,7.3196429014890885e-06,0.003000369904932722,0.0001294651271131277,4.907844777335413e-05,0.0002157013805117458
natural_residual_qat_w4_c1.0_test,quantized,3,3462,up_blocks.1.resnets.1.conv1.weight,19.589649761865193,-3.5927155867972807e-06,-0.001728717280130833,0.00010608944892953242,7.453649003310569e-06,0.006398586725832915,5.946455943198068e-05,4.907844777335413e-05,0.0002157013805117458
natural_residual_qat_w4_c1.0_test,quantized,3,3462,up_blocks.1.resnets.1.conv2.weight,18.401879169525053,-1.5614236398046522e-06,-0.000595038014365651,0.00014259814098347852,1.1511201042800102e-05,0.004607416910919237,0.00013576910409615723,4.907844777335413e-05,0.0002157013805117458
natural_residual_qat_w4_c1.0_test,quantized,3,3462,up_blocks.1.resnets.2.conv1.weight,19.094544308293827,-3.1643147218605235e-06,-0.0013115003442718384,0.0001263577734115311,1.2544167085934566e-05,0.00859230906195866,7.64579486258069e-05,4.907844777335413e-05,0.0002157013805117458
natural_residual_qat_w4_c1.0_test,quantized,3,3462,up_blocks.1.resnets.2.conv2.weight,16.95585651349908,-2.03937027062352e-06,-0.0009039055236881085,0.00013306177450998075,1.1981049240297401e-05,0.0046586318825370355,0.000151675950687437,4.907844777335413e-05,0.0002157013805117458
natural_residual_qat_w4_c1.0_test,quantized,3,3462,up_blocks.1.upsamplers.0.conv.weight,8.940966719520787,-1.2531966552687765e-05,-0.0028265962989431808,0.0004958735719730993,1.5676840234748346e-05,0.00223186791513399,0.0007856073991625043,4.907844777335413e-05,0.0002157013805117458
natural_residual_qat_w4_c1.0_test,quantized,3,3462,up_blocks.2.resnets.0.conv1.weight,12.482058773686228,-1.3095627829980034e-05,-0.00733386716879283,0.00014305632403511216,1.0049651302464084e-05,0.008696233053275512,9.25835011010403e-05,4.907844777335413e-05,0.0002157013805117458
natural_residual_qat_w4_c1.0_test,quantized,3,3462,up_blocks.2.resnets.0.conv2.weight,10.362034272055194,-1.3894761153916127e-05,-0.011559201124156744,0.00011600540940985972,5.821008200769706e-06,0.004347363133666079,0.000129219265641046,4.907844777335413e-05,0.0002157013805117458
natural_residual_qat_w4_c1.0_test,quantized,3,3462,up_blocks.2.resnets.0.conv_shortcut.weight,0.9187212090882846,-1.1938647183593119e-05,-0.011562422012713318,0.001123886770448874,1.275472422698184e-05,0.006908658017423271,0.002009526026240186,4.907844777335413e-05,0.0002157013805117458
natural_residual_qat_w4_c1.0_test,quantized,3,3462,up_blocks.2.resnets.1.conv1.weight,8.252579788261306,-1.4902818774071333e-05,-0.013685639835602002,0.00013195127221096113,8.971267682201492e-06,0.013168568975062134,8.255160102051212e-05,4.907844777335413e-05,0.0002157013805117458
natural_residual_qat_w4_c1.0_test,quantized,3,3462,up_blocks.2.resnets.1.conv2.weight,11.142803018165143,-1.585152078066602e-05,-0.011455865134638267,0.00012417912318188137,7.629364785403887e-06,0.005276287111291809,0.00012976737138028287,4.907844777335413e-05,0.0002157013805117458
natural_residual_qat_w4_c1.0_test,quantized,3,3462,up_blocks.2.resnets.2.conv1.weight,8.742968741527994,-1.9567760085624345e-05,-0.01670326894840436,0.00013399256946897449,6.800348069450677e-06,0.008162773023364878,9.528718476538505e-05,4.907844777335413e-05,0.0002157013805117458
natural_residual_qat_w4_c1.0_test,quantized,3,3462,up_blocks.2.resnets.2.conv2.weight,10.491981241790617,-8.704433661477246e-06,-0.00823020112535773,0.00010080279309044797,7.29819221293069e-06,0.0053903796135001715,0.00012904418545194802,4.907844777335413e-05,0.0002157013805117458
natural_residual_qat_w4_c1.0_test,quantized,3,3462,up_blocks.2.upsamplers.0.conv.weight,4.914786916356423,-1.0704979544362326e-05,-0.004250106363678341,0.0005124852252851156,-6.384178370644435e-06,-0.0012326168021301385,0.001053834071384265,4.907844777335413e-05,0.0002157013805117458
natural_residual_qat_w4_c1.0_test,quantized,3,3462,up_blocks.3.resnets.0.conv1.weight,5.879940027451862,-7.329789849641231e-06,-0.010095816760469247,0.0001234744690315048,1.005007135857157e-06,0.0015211090302514527,0.00011236625437494158,4.907844777335413e-05,0.0002157013805117458
natural_residual_qat_w4_c1.0_test,quantized,3,3462,up_blocks.3.resnets.0.conv2.weight,6.286394271758886,-3.1550410109394592e-06,-0.007062825402511041,7.105995411642988e-05,4.480973110132816e-06,0.008333455614602681,8.55353418452579e-05,4.907844777335413e-05,0.0002157013805117458
natural_residual_qat_w4_c1.0_test,quantized,3,3462,up_blocks.3.resnets.0.conv_shortcut.weight,0.7317318861663817,-8.633335291648128e-06,-0.012208072776935898,0.0009664502836588091,3.2797103028770073e-06,0.0025969407003267058,0.0017259232169375954,4.907844777335413e-05,0.0002157013805117458
natural_residual_qat_w4_c1.0_test,quantized,3,3462,up_blocks.3.resnets.1.conv1.weight,4.181693722849398,-6.911403404932686e-06,-0.010662293194934367,0.00015501131517999133,1.2236426645777796e-06,0.001875314739555957,0.00015603722678097837,4.907844777335413e-05,0.0002157013805117458
natural_residual_qat_w4_c1.0_test,quantized,3,3462,up_blocks.3.resnets.1.conv2.weight,6.495573514097896,-4.668540548108853e-06,-0.008085318902384751,8.889277803857603e-05,1.0655681370723664e-06,0.0017203588289333416,9.535526616102448e-05,4.907844777335413e-05,0.0002157013805117458
natural_residual_qat_w4_c1.0_test,quantized,3,3462,up_blocks.3.resnets.2.conv1.weight,4.403856240154279,-3.8121856241327204e-06,-0.004166050382820621,0.00020778605038008303,2.040865639285336e-06,0.002049019227947403,0.0002261701294457242,4.907844777335413e-05,0.0002157013805117458
natural_residual_qat_w4_c1.0_test,quantized,3,3462,up_blocks.3.resnets.2.conv2.weight,6.322567592520925,-2.3357961321804236e-06,-0.007977177238664951,4.63118588176591e-05,-2.876206531004212e-06,-0.0054866890613138874,8.291177989044104e-05,4.907844777335413e-05,0.0002157013805117458
natural_residual_qat_w4_c1.0_test,quantized,3,3462,mid_block.attentions.0.to_q.weight,4.027229145449115,2.53261591669392e-07,0.0026223246381341762,2.3981510565940098e-05,1.3957954119476793e-07,0.0017402097154131959,1.9916537404196322e-05,4.907844777335413e-05,0.0002157013805117458
natural_residual_qat_w4_c1.0_test,quantized,3,3462,mid_block.attentions.0.to_k.weight,4.115694050785841,2.25674422280153e-07,0.0033772268736198285,1.623599914870576e-05,1.57184192619433e-07,0.0027780105001127624,1.3747758759193942e-05,4.907844777335413e-05,0.0002157013805117458
natural_residual_qat_w4_c1.0_test,quantized,3,3462,mid_block.attentions.0.to_v.weight,2.748508982473707,-1.2645260517764006e-06,-0.0028205575790061816,0.0001631156573397102,1.6877540824194362e-06,0.004112518119969832,0.000149315255599976,4.907844777335413e-05,0.0002157013805117458
natural_residual_qat_w4_c1.0_test,quantized,3,3462,mid_block.attentions.0.to_out.0.weight,2.5830007285933227,-2.248175356727174e-06,-0.004417592089509044,0.00019702441319953393,1.1754212238929288e-06,0.001288468533702487,0.00035317925219439803,4.907844777335413e-05,0.0002157013805117458
natural_residual_qat_w4_c1.0_test,quantized,3,3462,mid_block.resnets.0.conv1.weight,19.063384849660114,-3.837189127331421e-06,-0.0017768051975200192,0.00011328525167642494,2.0265180412948934e-06,0.001312835543916761,8.097298186149173e-05,4.907844777335413e-05,0.0002157013805117458
natural_residual_qat_w4_c1.0_test,quantized,3,3462,mid_block.resnets.0.conv2.weight,12.662253922978628,-1.553686005581004e-06,-0.000532644318407,0.00023036417278751888,5.546629741862053e-06,0.0015952335121613343,0.0002745958017399071,4.907844777335413e-05,0.0002157013805117458
natural_residual_qat_w4_c1.0_test,quantized,3,3462,mid_block.resnets.1.conv1.weight,18.269953478603554,1.4529174570028617e-06,0.000922096746446782,8.624362663441872e-05,1.3035090849585468e-06,0.0011122096358053219,6.414901135508905e-05,4.907844777335413e-05,0.0002157013805117458
natural_residual_qat_w4_c1.0_test,quantized,3,3462,mid_block.resnets.1.conv2.weight,12.952607337049388,-2.5735173924939146e-06,-0.0012585203605522011,0.0001578736543051331,1.529697679296317e-06,0.0006282373524784686,0.00018798563063107709,4.907844777335413e-05,0.0002157013805117458
natural_residual_qat_w4_c1.0_test,quantized,3,3462,conv_out.weight,0.14220752547905155,-2.3826237498105812e-07,-0.0009868564593912199,0.001697770170933537,1.3642904829937033e-05,0.02647211754466076,0.003624061738640424,4.907844777335413e-05,0.0002157013805117458
natural_full_finetune_fp32_test,fp32,0,3459,conv_in.weight,0.4838293607599673,-4.023547903253772e-05,-0.07174044712426005,0.0011591853333864522,0.00010795629474417645,0.13604062713171786,0.0016401634339736672,0.000314235599944368,0.0024952723179012537
natural_full_finetune_fp32_test,fp32,0,3459,conv_in.bias,0.057959614330406674,-1.5874700022672362e-06,-0.27614229148228187,9.918525541150604e-05,-5.989106469046558e-06,-0.42512507125773,0.00024306354572926314,0.000314235599944368,0.0024952723179012537
natural_full_finetune_fp32_test,fp32,0,3459,up_blocks.0.resnets.0.norm1.weight,0.12415182228513413,-7.230003534349447e-07,-0.12339709155940214,4.719331532372176e-05,-3.910366394122071e-08,-0.004939405855951257,6.376606846871365e-05,0.000314235599944368,0.0024952723179012537
natural_full_finetune_fp32_test,fp32,0,3459,up_blocks.0.resnets.0.norm1.bias,0.08203590745743453,-7.124477230078015e-07,-0.18749941368113462,4.6317925760019124e-05,3.2396648554483877e-07,0.05622716281412713,7.023440834255162e-05,0.000314235599944368,0.0024952723179012537
natural_full_finetune_fp32_test,fp32,0,3459,up_blocks.0.resnets.0.conv1.weight,7.676581991623456,4.311549404776203e-06,0.0014371470648011158,0.00039080873473913886,3.4644421392026114e-05,0.010127781944803389,0.000445606048661165,0.000314235599944368,0.0024952723179012537
natural_full_finetune_fp32_test,fp32,0,3459,up_blocks.0.resnets.0.conv1.bias,0.040979441245831146,-2.509159094443274e-09,-0.0037226872782197607,1.6447716481073313e-05,-5.386366618689825e-08,-0.052376981770005056,2.5095127639350508e-05,0.000314235599944368,0.0024952723179012537
natural_full_finetune_fp32_test,fp32,0,3459,up_blocks.0.resnets.0.norm2.weight,0.2018774757182376,-6.220910723172758e-07,-0.06486196775599551,4.7509010275659076e-05,2.1653268128013384e-07,0.01714966767421339,6.254316850982481e-05,0.000314235599944368,0.0024952723179012537
natural_full_finetune_fp32_test,fp32,0,3459,up_blocks.0.resnets.0.norm2.bias,0.0548517223647673,-3.2976395965599485e-07,-0.053092493773399876,0.00011323476818957641,8.508139785855232e-07,0.09170715909577708,0.00016913796747489282,0.000314235599944368,0.0024952723179012537
natural_full_finetune_fp32_test,fp32,0,3459,up_blocks.0.resnets.0.conv2.weight,8.153646494316698,-1.3305676484074622e-06,-0.00029859016239946134,0.0005465244379618085,6.028388228127654e-05,0.010056034269396174,0.0007352289342315244,0.000314235599944368,0.0024952723179012537
natural_full_finetune_fp32_test,fp32,0,3459,up_blocks.0.resnets.0.conv2.bias,0.03588624640396148,2.1394397789761277e-07,0.07511581926632055,7.93671203703377e-05,1.0974375921932737e-07,0.019046604171393252,0.00016055884729563924,0.000314235599944368,0.0024952723179012537
natural_full_finetune_fp32_test,fp32,0,3459,up_blocks.0.resnets.1.norm1.weight,0.12178566035023404,7.653981365981248e-07,0.09523205957714709,6.599454946968567e-05,-1.0634456879705042e-06,-0.0895648362568986,9.749483824131311e-05,0.000314235599944368,0.0024952723179012537
natural_full_finetune_fp32_test,fp32,0,3459,up_blocks.0.resnets.1.norm1.bias,0.0602154472115295,4.1216654307707325e-07,0.0858787625511453,7.970380259107108e-05,3.129595749539746e-08,0.00468544304651447,0.00011092505785612146,0.000314235599944368,0.0024952723179012537
natural_full_finetune_fp32_test,fp32,0,3459,up_blocks.0.resnets.1.conv1.weight,7.785339290836023,8.130507853571061e-06,0.002586343458024619,0.00040378848719079403,5.4256514842107244e-05,0.014397217095192457,0.000484056209762724,0.000314235599944368,0.0024952723179012537
natural_full_finetune_fp32_test,fp32,0,3459,up_blocks.0.resnets.1.conv1.bias,0.043017259845464964,2.531888175315736e-08,0.027454345426865895,2.1438316786527102e-05,-4.947850928518345e-08,-0.033410448765437216,3.4426395568008035e-05,0.000314235599944368,0.0024952723179012537
natural_full_finetune_fp32_test,fp32,0,3459,up_blocks.0.resnets.1.norm2.weight,0.20115452527291713,-1.7475917414053082e-06,-0.1403316084307902,6.19091260981041e-05,-5.090986214758049e-07,-0.027186094694720206,9.309477114473265e-05,0.000314235599944368,0.0024952723179012537
natural_full_finetune_fp32_test,fp32,0,3459,up_blocks.0.resnets.1.norm2.bias,0.056127421520633894,-3.142602291886083e-07,-0.04542938036215882,0.0001232473296415805,-1.2907317288275015e-06,-0.12085325207795009,0.0001902841231303157,0.000314235599944368,0.0024952723179012537
natural_full_finetune_fp32_test,fp32,0,3459,up_blocks.0.resnets.1.conv2.weight,8.01848397942619,-1.0045568016341054e-05,-0.0020321032271610065,0.0006165048068756129,8.822132932973047e-05,0.012708386676389386,0.0008657468321065216,0.000314235599944368,0.0024952723179012537
natural_full_finetune_fp32_test,fp32,0,3459,up_blocks.0.resnets.1.conv2.bias,0.03825715318374747,4.245253698471094e-08,0.015933205449694104,6.964466327609084e-05,1.8045139199779747e-07,0.032130609760636725,0.00014680086654814378,0.000314235599944368,0.0024952723179012537
natural_full_finetune_fp32_test,fp32,0,3459,up_blocks.0.resnets.2.norm1.weight,0.1330055247286358,4.887571010537311e-07,0.0589763403559486,6.230825368671058e-05,-1.3438848804822512e-06,-0.0904432901285438,0.00011171616900435677,0.000314235599944368,0.0024952723179012537
natural_full_finetune_fp32_test,fp32,0,3459,up_blocks.0.resnets.2.norm1.bias,0.07070541680219142,3.4228378643917413e-07,0.07362232145598809,6.57542961612012e-05,-1.91685312552737e-06,-0.2028022999362625,0.00013367902664207233,0.000314235599944368,0.0024952723179012537
natural_full_finetune_fp32_test,fp32,0,3459,up_blocks.0.resnets.2.conv1.weight,8.3636503256331,-1.9624008673611925e-05,-0.005174595281298016,0.0004534354512155699,5.424752754152092e-05,0.01246175972318185,0.0005204807940302839,0.000314235599944368,0.0024952723179012537
natural_full_finetune_fp32_test,fp32,0,3459,up_blocks.0.resnets.2.conv1.bias,0.09296771128706632,-5.81942088244937e-08,-0.031794517421716254,1.9687718497850158e-05,-1.4205794882691555e-07,-0.046502990000611415,3.2858862309128165e-05,0.000314235599944368,0.0024952723179012537
natural_full_finetune_fp32_test,fp32,0,3459,up_blocks.0.resnets.2.norm2.weight,0.16667758914838668,-2.1607146479359877e-06,-0.16641082297198045,7.790021164843059e-05,1.9802756887299224e-06,0.09927447745053872,0.00011967703911032693,0.000314235599944368,0.0024952723179012537
natural_full_finetune_fp32_test,fp32,0,3459,up_blocks.0.resnets.2.norm2.bias,0.07243260415039496,-1.8538348762660025e-06,-0.19084788629477534,0.00013410642781482317,1.8210975013220162e-07,0.012548325606730863,0.00020036105951677581,0.000314235599944368,0.0024952723179012537
natural_full_finetune_fp32_test,fp32,0,3459,up_blocks.0.resnets.2.conv2.weight,7.500907647159965,-1.1724912564524687e-05,-0.0023489465141297494,0.0006654610891151627,8.471925736517557e-05,0.012848276380181744,0.0008790699847648468,0.000314235599944368,0.0024952723179012537
natural_full_finetune_fp32_test,fp32,0,3459,up_blocks.0.resnets.2.conv2.bias,0.041976049368971924,-6.070486918133299e-08,-0.02205403711740136,6.557433037556597e-05,9.090161603205327e-08,0.015315788868767772,0.00014139389923902126,0.000314235599944368,0.0024952723179012537
natural_full_finetune_fp32_test,fp32,0,3459,up_blocks.0.upsamplers.0.conv.weight,8.290816806198281,-0.00010418566392071637,-0.006139571701662892,0.002046786617830421,0.000319339924956707,0.017171949188341872,0.00224303631584355,0.000314235599944368,0.0024952723179012537
natural_full_finetune_fp32_test,fp32,0,3459,up_blocks.0.upsamplers.0.conv.bias,0.043987201387727014,5.740871096629585e-08,0.0457993322287568,2.8496552210287733e-05,5.679940493034409e-09,0.003561467479136817,3.6256716534940295e-05,0.000314235599944368,0.0024952723179012537
natural_full_finetune_fp32_test,fp32,0,3459,up_blocks.1.resnets.0.norm1.weight,0.13518271396516646,5.325692150617631e-07,0.057564982079313945,6.843787616664783e-05,-3.1911861814985165e-08,-0.0027618208931397357,8.547428386168566e-05,0.000314235599944368,0.0024952723179012537
natural_full_finetune_fp32_test,fp32,0,3459,up_blocks.1.resnets.0.norm1.bias,0.10247028978329578,-5.900267497244586e-09,-0.0008701960675019757,6.616931225563794e-05,2.2104871324751904e-07,0.030633842762480715,7.041878830597897e-05,0.000314235599944368,0.0024952723179012537
natural_full_finetune_fp32_test,fp32,0,3459,up_blocks.1.resnets.0.conv1.weight,7.959256558295824,-1.4433666372425582e-05,-0.0034071158923292405,0.0005322519391193721,6.320019430230145e-05,0.014606196422475777,0.0005436367066257942,0.000314235599944368,0.0024952723179012537
natural_full_finetune_fp32_test,fp32,0,3459,up_blocks.1.resnets.0.conv1.bias,0.04970828130856062,-6.638889279291729e-08,-0.055882575262304474,2.3899579871859978e-05,9.994474660582049e-09,0.008508658669956062,2.3630348236054528e-05,0.000314235599944368,0.0024952723179012537
natural_full_finetune_fp32_test,fp32,0,3459,up_blocks.1.resnets.0.norm2.weight,0.10416027088105707,1.1688694000823004e-07,0.01594881695416319,7.036155276334948e-05,3.8846879403546056e-07,0.050438943707098984,7.394146546357719e-05,0.000314235599944368,0.0024952723179012537
natural_full_finetune_fp32_test,fp32,0,3459,up_blocks.1.resnets.0.norm2.bias,0.09437863872953117,1.396749619637378e-07,0.021085150787974037,7.018885238592469e-05,1.582343751215847e-07,0.023320777765015434,7.18925845678907e-05,0.000314235599944368,0.0024952723179012537
natural_full_finetune_fp32_test,fp32,0,3459,up_blocks.1.resnets.0.conv2.weight,8.170418095340652,-8.047805765537301e-05,-0.015811484624643112,0.0006229605645797192,0.00011378344532555997,0.023993958182227045,0.0005804073474202278,0.000314235599944368,0.0024952723179012537
natural_full_finetune_fp32_test,fp32,0,3459,up_blocks.1.resnets.0.conv2.bias,0.04078143238228454,-5.3532399378119535e-08,-0.0523530465817815,2.5073344864045306e-05,3.597030190206346e-08,0.025042219073905442,3.522157697999124e-05,0.000314235599944368,0.0024952723179012537
natural_full_finetune_fp32_test,fp32,0,3459,up_blocks.1.resnets.1.norm1.weight,0.11490710042867609,4.316006227757861e-07,0.05620365931796207,6.682986814788128e-05,3.7905790689962393e-07,0.04633469241371949,7.119547797434703e-05,0.000314235599944368,0.0024952723179012537
natural_full_finetune_fp32_test,fp32,0,3459,up_blocks.1.resnets.1.norm1.bias,0.07809590227115702,2.3756897042043724e-07,0.047964576503245884,6.342213451620121e-05,1.1430482025538882e-07,0.02224779576888101,6.578839769557215e-05,0.000314235599944368,0.0024952723179012537
natural_full_finetune_fp32_test,fp32,0,3459,up_blocks.1.resnets.1.conv1.weight,8.51380946088566,-5.4386577053287536e-05,-0.011792751220215796,0.0005416923010901595,7.32717122843685e-05,0.01651947305496921,0.0005209742094753267,0.000314235599944368,0.0024952723179012537
natural_full_finetune_fp32_test,fp32,0,3459,up_blocks.1.resnets.1.conv1.bias,0.06812539295912536,-4.406389799203162e-08,-0.026298324619106632,2.4594942463743717e-05,6.27613193296301e-08,0.035738272045535105,2.5778016282540684e-05,0.000314235599944368,0.0024952723179012537
natural_full_finetune_fp32_test,fp32,0,3459,up_blocks.1.resnets.1.norm2.weight,0.11923986831345862,1.1135719709109025e-07,0.014154192848616094,6.59799063505338e-05,-1.250405936339562e-07,-0.013583419377951524,7.720055627486292e-05,0.000314235599944368,0.0024952723179012537
natural_full_finetune_fp32_test,fp32,0,3459,up_blocks.1.resnets.1.norm2.bias,0.12399909782158909,1.1618788872900986e-07,0.01603571512203695,5.8432437395711304e-05,-7.040372607563873e-08,-0.009065668651567282,6.262925959830557e-05,0.000314235599944368,0.0024952723179012537
natural_full_finetune_fp32_test,fp32,0,3459,up_blocks.1.resnets.1.conv2.weight,8.204764497606984,-9.671111311800605e-05,-0.019296466185607354,0.0006108470476876261,9.885308822463936e-05,0.021209031818751067,0.0005680718616269949,0.000314235599944368,0.0024952723179012537
natural_full_finetune_fp32_test,fp32,0,3459,up_blocks.1.resnets.1.conv2.bias,0.04716058593335951,-8.548877931165e-08,-0.08984996024007513,2.0174929899201095e-05,-1.6000380376664414e-08,-0.010418449377152122,3.256477105064851e-05,0.000314235599944368,0.0024952723179012537
natural_full_finetune_fp32_test,fp32,0,3459,up_blocks.1.resnets.2.norm1.weight,0.11895167701298856,1.6572927073696413e-07,0.01632906822977093,8.532322187409764e-05,-1.1411457581359117e-07,-0.009094336761287472,0.00010548714030677419,0.000314235599944368,0.0024952723179012537
natural_full_finetune_fp32_test,fp32,0,3459,up_blocks.1.resnets.2.norm1.bias,0.07076661359357202,-1.3403628780931418e-07,-0.022758128241328564,8.322569629418301e-05,-2.7557957180133993e-07,-0.040142315155933216,9.700992995523266e-05,0.000314235599944368,0.0024952723179012537
natural_full_finetune_fp32_test,fp32,0,3459,up_blocks.1.resnets.2.conv1.weight,8.413692364304731,-0.00013196051098451667,-0.02174718853782258,0.000721197546181224,8.487305810069541e-05,0.0176223070900481,0.0005724274572260849,0.000314235599944368,0.0024952723179012537
natural_full_finetune_fp32_test,fp32,0,3459,up_blocks.1.resnets.2.conv1.bias,0.06040662566898422,-1.805068246935727e-07,-0.1064943808724992,2.805965693702417e-05,-8.790658424372247e-08,-0.0487417314954277,2.9856292415151656e-05,0.000314235599944368,0.0024952723179012537
natural_full_finetune_fp32_test,fp32,0,3459,up_blocks.1.resnets.2.norm2.weight,0.11496978088372457,1.034320542032902e-06,0.09981117664324603,9.013475259363653e-05,2.6527952385382405e-07,0.0234801774875732,9.826947826006606e-05,0.000314235599944368,0.0024952723179012537
natural_full_finetune_fp32_test,fp32,0,3459,up_blocks.1.resnets.2.norm2.bias,0.10393327026206563,3.54627841847469e-07,0.05009828823380672,6.810756435271336e-05,-5.5617063946666155e-08,-0.007480016531953445,7.154032490590655e-05,0.000314235599944368,0.0024952723179012537
natural_full_finetune_fp32_test,fp32,0,3459,up_blocks.1.resnets.2.conv2.weight,7.899871608589099,-0.00014488409740057062,-0.03028330835327145,0.0006056160382052925,0.00011466517951107152,0.026588688851897135,0.0005459018931584268,0.000314235599944368,0.0024952723179012537
natural_full_finetune_fp32_test,fp32,0,3459,up_blocks.1.resnets.2.conv2.bias,0.049541924292328746,-4.4480151588150843e-08,-0.055606773075338276,1.6146027734053668e-05,1.9314161867503502e-08,0.012934201024937135,3.0141397815683314e-05,0.000314235599944368,0.0024952723179012537
natural_full_finetune_fp32_test,fp32,0,3459,up_blocks.1.upsamplers.0.conv.weight,8.156103637170963,-0.00030928024390612966,-0.02034970262385176,0.0018634226774435862,0.0003314185882248758,0.024189494635122332,0.0016798377325751423,0.000314235599944368,0.0024952723179012537
natural_full_finetune_fp32_test,fp32,0,3459,up_blocks.1.upsamplers.0.conv.bias,0.04785960138339828,-3.0268198394109947e-09,-0.010866417577457065,5.8201088168336975e-06,5.4104241191639216e-09,0.015365000588286248,7.357489519550192e-06,0.000314235599944368,0.0024952723179012537
natural_full_finetune_fp32_test,fp32,0,3459,up_blocks.2.resnets.0.norm1.weight,0.13070620287019324,-6.401661318361551e-07,-0.05396732506348075,9.075396396956586e-05,7.587293496343153e-07,0.06035495713632481,9.617844252521794e-05,0.000314235599944368,0.0024952723179012537
natural_full_finetune_fp32_test,fp32,0,3459,up_blocks.2.resnets.0.norm1.bias,0.10592679150909548,-1.058820030635981e-07,-0.015145564688405224,6.599801301818824e-05,-7.81855801736112e-08,-0.012927705900005764,5.7095171502535157e-05,0.000314235599944368,0.0024952723179012537
natural_full_finetune_fp32_test,fp32,0,3459,up_blocks.2.resnets.0.conv1.weight,5.710922217967181,-0.00015988262908610891,-0.04536756621208591,0.0006170914855935093,7.448413690379472e-05,0.02688072602379516,0.0004851952606636511,0.000314235599944368,0.0024952723179012537
natural_full_finetune_fp32_test,fp32,0,3459,up_blocks.2.resnets.0.conv1.bias,0.045720706489949844,-6.802522625393405e-08,-0.08111782242008644,1.8341750379148747e-05,2.734433415812532e-08,0.04036650840670894,1.4816077269183604e-05,0.000314235599944368,0.0024952723179012537
natural_full_finetune_fp32_test,fp32,0,3459,up_blocks.2.resnets.0.norm2.weight,0.10042149193319325,-2.3693701508274297e-08,-0.003612316180107808,6.5316136395934e-05,-3.63570509695282e-07,-0.04836391925092973,7.48583917207479e-05,0.000314235599944368,0.0024952723179012537
natural_full_finetune_fp32_test,fp32,0,3459,up_blocks.2.resnets.0.norm2.bias,0.0586280795829186,-2.2907452062626885e-07,-0.07385635388173709,5.290335977445703e-05,2.8395541117383513e-07,0.11748599724017679,4.122478248997064e-05,0.000314235599944368,0.0024952723179012537
natural_full_finetune_fp32_test,fp32,0,3459,up_blocks.2.resnets.0.conv2.weight,3.637316898110244,-0.00012361613787636723,-0.06523649174635741,0.0005209588652377559,2.1846858632906743e-05,0.01598205196036571,0.0003758160468066943,0.000314235599944368,0.0024952723179012537
natural_full_finetune_fp32_test,fp32,0,3459,up_blocks.2.resnets.0.conv2.bias,0.03743236522836216,-4.3934507144958434e-08,-0.11360038332251086,1.0331864275392348e-05,3.6365679663818235e-08,0.07029184608466944,1.3821000726158793e-05,0.000314235599944368,0.0024952723179012537
natural_full_finetune_fp32_test,fp32,0,3459,up_blocks.2.resnets.0.conv_shortcut.weight,1.4022284863272219,-0.00048744033597528466,-0.059698131134064886,0.005822935013887381,0.00022109450408358978,0.03683829702885575,0.004280156178324336,0.000314235599944368,0.0024952723179012537
natural_full_finetune_fp32_test,fp32,0,3459,up_blocks.2.resnets.0.conv_shortcut.bias,0.03743229178164276,-4.3934174496112317e-08,-0.11359974609661666,1.0331864275392348e-05,3.6366196449346954e-08,0.07029298291141392,1.3821000726158793e-05,0.000314235599944368,0.0024952723179012537
natural_full_finetune_fp32_test,fp32,0,3459,up_blocks.2.resnets.1.norm1.weight,0.10137719283480426,-9.47874142627419e-08,-0.01751306488091859,5.3388566275586235e-05,-1.0630055605023249e-07,-0.020850422176232796,5.0289859472834956e-05,0.000314235599944368,0.0024952723179012537
natural_full_finetune_fp32_test,fp32,0,3459,up_blocks.2.resnets.1.norm1.bias,0.07136913139827901,-6.065631192676763e-08,-0.0209012568917547,4.066241666101233e-05,4.69753164050735e-08,0.01980011303484515,3.324234353111266e-05,0.000314235599944368,0.0024952723179012537
natural_full_finetune_fp32_test,fp32,0,3459,up_blocks.2.resnets.1.conv1.weight,3.9201820992803884,-0.00014107515908022322,-0.06195375328950721,0.0005808669749256778,3.523255606180849e-05,0.019203862771505077,0.0004680037322712225,0.000314235599944368,0.0024952723179012537
natural_full_finetune_fp32_test,fp32,0,3459,up_blocks.2.resnets.1.conv1.bias,0.04994600020545879,-2.0436196579079985e-07,-0.14826698228210544,2.759655741944398e-05,1.4833961032703982e-08,0.015928218452211772,1.8646151815564647e-05,0.000314235599944368,0.0024952723179012537
natural_full_finetune_fp32_test,fp32,0,3459,up_blocks.2.resnets.1.norm2.weight,0.09103789350264976,9.021156351924085e-08,0.025535328404383596,3.880597166075615e-05,4.6015414716143766e-07,0.14697681812120714,3.43900097655979e-05,0.000314235599944368,0.0024952723179012537
natural_full_finetune_fp32_test,fp32,0,3459,up_blocks.2.resnets.1.norm2.bias,0.07744902041765019,-2.0680664446821674e-07,-0.08723157634398436,3.0610811169991556e-05,1.7288874967574554e-07,0.10166818938816082,2.1956631600047986e-05,0.000314235599944368,0.0024952723179012537
natural_full_finetune_fp32_test,fp32,0,3459,up_blocks.2.resnets.1.conv2.weight,3.640805160611897,-0.00012716201753796002,-0.06650582153149286,0.0005251704834295909,2.146625581645812e-05,0.016679384516716647,0.0003534913913154424,0.000314235599944368,0.0024952723179012537
natural_full_finetune_fp32_test,fp32,0,3459,up_blocks.2.resnets.1.conv2.bias,0.03211510622932235,-3.7210755056864283e-09,-0.01294668028546232,8.94953964598022e-06,7.33319605477537e-08,0.17063055370703104,1.3382188195543218e-05,0.000314235599944368,0.0024952723179012537
natural_full_finetune_fp32_test,fp32,0,3459,up_blocks.2.resnets.2.norm1.weight,0.10196200129045419,-2.8237445517687066e-07,-0.03781342757504283,7.323876449727044e-05,-4.435346786012071e-07,-0.04777130731247069,9.105883803057607e-05,0.000314235599944368,0.0024952723179012537
natural_full_finetune_fp32_test,fp32,0,3459,up_blocks.2.resnets.2.norm1.bias,0.06797081414810012,-2.6952195134660507e-07,-0.059663845285329205,6.646001432461426e-05,4.936619368601986e-07,0.14044887518575033,5.1711710747420344e-05,0.000314235599944368,0.0024952723179012537
natural_full_finetune_fp32_test,fp32,0,3459,up_blocks.2.resnets.2.conv1.weight,3.8989328829668355,-0.0001819488691477224,-0.06715937440809339,0.0006948594359506573,-7.363976881603479e-07,-0.00033495173513957665,0.0005638770581753156,0.000314235599944368,0.0024952723179012537
natural_full_finetune_fp32_test,fp32,0,3459,up_blocks.2.resnets.2.conv1.bias,0.04784656405480108,-1.3835113422330798e-07,-0.08634312975824185,3.348915436009831e-05,1.7870750707305802e-07,0.17449718402590794,2.140442757742469e-05,0.000314235599944368,0.0024952723179012537
natural_full_finetune_fp32_test,fp32,0,3459,up_blocks.2.resnets.2.norm2.weight,0.09614545215138932,-7.675070245033052e-07,-0.09989592364886751,7.991086763213714e-05,-4.749574017977472e-06,-0.10885193098051074,0.0004538264212165051,0.000314235599944368,0.0024952723179012537
natural_full_finetune_fp32_test,fp32,0,3459,up_blocks.2.resnets.2.norm2.bias,0.06617087886654142,-7.454091000683934e-08,-0.026927292545977175,4.183454971496567e-05,3.3666763980918685e-07,0.11571016496101189,4.397065740308188e-05,0.000314235599944368,0.0024952723179012537
natural_full_finetune_fp32_test,fp32,0,3459,up_blocks.2.resnets.2.conv2.weight,3.5245210952532378,-0.00010312340691921955,-0.0605244626952614,0.0004834217603914323,-5.47655468382658e-05,-0.0369092266485509,0.00042099057063386833,0.000314235599944368,0.0024952723179012537
natural_full_finetune_fp32_test,fp32,0,3459,up_blocks.2.resnets.2.conv2.bias,0.04015284228929246,5.318783041908395e-08,0.20199779380277563,6.557666953837669e-06,8.481822877101652e-08,0.15853445331696747,1.332444862448653e-05,0.000314235599944368,0.0024952723179012537
natural_full_finetune_fp32_test,fp32,0,3459,up_blocks.2.upsamplers.0.conv.weight,3.1497242677598667,-0.0002739163253837805,-0.040685507239164066,0.0021374976479037887,0.00010580965586454025,0.017080743275722836,0.001966735695099624,0.000314235599944368,0.0024952723179012537
natural_full_finetune_fp32_test,fp32,0,3459,up_blocks.2.upsamplers.0.conv.bias,0.04323422083291591,-5.672641711007602e-09,-0.044961027725970645,2.9182432364545327e-06,1.2705928764524467e-08,0.05181801781372624,5.6715006167597965e-06,0.000314235599944368,0.0024952723179012537
natural_full_finetune_fp32_test,fp32,0,3459,up_blocks.3.resnets.0.norm1.weight,0.1017451356731104,-1.3206043087459714e-06,-0.150198894395105,8.641563365393492e-05,-1.3679123838015352e-06,-0.116049902117073,0.00011585101618431756,0.000314235599944368,0.0024952723179012537
natural_full_finetune_fp32_test,fp32,0,3459,up_blocks.3.resnets.0.norm1.bias,0.06305415653706767,-2.988186124638726e-07,-0.07472685889314523,6.341867979247534e-05,-3.029836818864274e-07,-0.05935859289180579,8.095094462208333e-05,0.000314235599944368,0.0024952723179012537
natural_full_finetune_fp32_test,fp32,0,3459,up_blocks.3.resnets.0.conv1.weight,2.376884431660537,-8.115978272843637e-05,-0.0630357538290283,0.0005416838141927637,-9.634514401631486e-06,-0.010122899967645576,0.0004004209751267395,0.000314235599944368,0.0024952723179012537
natural_full_finetune_fp32_test,fp32,0,3459,up_blocks.3.resnets.0.conv1.bias,0.03460039461811153,4.128375279822792e-08,0.05233645472097493,2.2797846059777558e-05,6.638996513995719e-08,0.09271516438364627,2.0695247089614378e-05,0.000314235599944368,0.0024952723179012537
natural_full_finetune_fp32_test,fp32,0,3459,up_blocks.3.resnets.0.norm2.weight,0.10985645258790538,-1.032456344106342e-06,-0.2337276709824833,4.021017792096514e-05,-7.044830910964921e-06,-0.5550353718568609,0.00011553786593868855,0.000314235599944368,0.0024952723179012537
natural_full_finetune_fp32_test,fp32,0,3459,up_blocks.3.resnets.0.norm2.bias,0.053040619294590995,4.684486446065842e-08,0.027181244418964454,3.2492570109522904e-05,-4.851586410321629e-07,-0.22971706632963176,3.9818227477288346e-05,0.000314235599944368,0.0024952723179012537
natural_full_finetune_fp32_test,fp32,0,3459,up_blocks.3.resnets.0.conv2.weight,1.7525138117658166,-5.016743413274874e-05,-0.12508680235595307,0.0002288489631714382,-7.148405939614246e-05,-0.16563962454378287,0.00024625412846914657,0.000314235599944368,0.0024952723179012537
natural_full_finetune_fp32_test,fp32,0,3459,up_blocks.3.resnets.0.conv2.bias,0.02813451516455344,-3.294977012236928e-08,-0.23165982370647686,5.0554780845797016e-06,-2.708634199294009e-08,-0.10895357179866266,8.836279609121966e-06,0.000314235599944368,0.0024952723179012537
natural_full_finetune_fp32_test,fp32,0,3459,up_blocks.3.resnets.0.conv_shortcut.weight,0.5474171796116315,-0.00019384579416177898,-0.09042411975485398,0.003916099069988166,-0.00010145556606113069,-0.049186489018189415,0.0037680064042359593,0.000314235599944368,0.0024952723179012537
natural_full_finetune_fp32_test,fp32,0,3459,up_blocks.3.resnets.0.conv_shortcut.bias,0.028134515270177858,-3.2949652388973585e-08,-0.2316589950890295,5.0554780845797016e-06,-2.7086764722288804e-08,-0.10895527179908623,8.836279609121966e-06,0.000314235599944368,0.0024952723179012537
natural_full_finetune_fp32_test,fp32,0,3459,up_blocks.3.resnets.1.norm1.weight,0.08339620531314991,-2.9375954243411755e-08,-0.005396155317920269,6.527716004410745e-05,-9.813775595800448e-07,-0.09696776820564543,0.00012135632969006792,0.000314235599944368,0.0024952723179012537
natural_full_finetune_fp32_test,fp32,0,3459,up_blocks.3.resnets.1.norm1.bias,0.041440331190849396,4.5060506059541626e-07,0.1021370267684021,0.00010646077807308549,-3.5190012479534053e-07,-0.08990713843672596,9.445001430944658e-05,0.000314235599944368,0.0024952723179012537
natural_full_finetune_fp32_test,fp32,0,3459,up_blocks.3.resnets.1.conv1.weight,1.6761058390239751,-4.316509419117661e-05,-0.0455395688874706,0.0005655126693076725,-2.9150302923347102e-05,-0.03628825587977392,0.0004792648054102973,0.000314235599944368,0.0024952723179012537
natural_full_finetune_fp32_test,fp32,0,3459,up_blocks.3.resnets.1.conv1.bias,0.039285949573958076,7.593060916787058e-08,0.02443601550745918,7.909503765946595e-05,-1.1497958599629175e-07,-0.059655211087789074,4.9060853461847325e-05,0.000314235599944368,0.0024952723179012537
natural_full_finetune_fp32_test,fp32,0,3459,up_blocks.3.resnets.1.norm2.weight,0.10790245511985112,-7.317747521908234e-07,-0.1877944339533328,3.6112984285313664e-05,-2.7193027933065266e-06,-0.4902617958035796,5.140415101158548e-05,0.000314235599944368,0.0024952723179012537
natural_full_finetune_fp32_test,fp32,0,3459,up_blocks.3.resnets.1.norm2.bias,0.06589799879612172,-8.386482832172768e-08,-0.048901080764824106,2.6024906544773714e-05,-4.930433520561095e-07,-0.29002424192668635,2.57975570190696e-05,0.000314235599944368,0.0024952723179012537
natural_full_finetune_fp32_test,fp32,0,3459,up_blocks.3.resnets.1.conv2.weight,1.6378429691523646,-4.5387821224864835e-05,-0.10539571104600849,0.00026293241883707804,-6.71120150148971e-05,-0.145195831029354,0.0002822109567320938,0.000314235599944368,0.0024952723179012537
natural_full_finetune_fp32_test,fp32,0,3459,up_blocks.3.resnets.1.conv2.bias,0.024383418758141498,-3.0901292324811414e-08,-0.26213670674803585,4.834529406013382e-06,-3.314083994935397e-08,-0.15255558259159174,8.90924309919927e-06,0.000314235599944368,0.0024952723179012537
natural_full_finetune_fp32_test,fp32,0,3459,up_blocks.3.resnets.2.norm1.weight,0.05731266985355789,-1.1091553508469749e-06,-0.14778343899929403,0.0001309531561518921,-3.299737399634922e-06,-0.19499500692074792,0.00029526043017750683,0.000314235599944368,0.0024952723179012537
natural_full_finetune_fp32_test,fp32,0,3459,up_blocks.3.resnets.2.norm1.bias,0.03461981557462031,-2.1657542180462487e-06,-0.2949163409232886,0.00021212193591485978,-1.0870516547912248e-05,-0.5088182020125475,0.0006171102962554897,0.000314235599944368,0.0024952723179012537
natural_full_finetune_fp32_test,fp32,0,3459,up_blocks.3.resnets.2.conv1.weight,1.6395615270099564,-7.660429711123083e-05,-0.06541332666857996,0.0007142646831292547,-6.80032127450731e-05,-0.04872479679105172,0.0008512393189758677,0.000314235599944368,0.0024952723179012537
natural_full_finetune_fp32_test,fp32,0,3459,up_blocks.3.resnets.2.conv1.bias,0.038005289768969996,-4.236483775232818e-07,-0.1166854681863901,9.553108851137693e-05,-1.8446660029375397e-06,-0.29345066895236005,0.0001654011755287783,0.000314235599944368,0.0024952723179012537
natural_full_finetune_fp32_test,fp32,0,3459,up_blocks.3.resnets.2.norm2.weight,0.10977134706723064,-1.311243196187627e-06,-0.24658848399458455,4.844193285931768e-05,-4.3170990083585875e-06,-0.4483272260745847,8.7721874137462e-05,0.000314235599944368,0.0024952723179012537
natural_full_finetune_fp32_test,fp32,0,3459,up_blocks.3.resnets.2.norm2.bias,0.0723461949951043,-6.544242580444914e-07,-0.24935576189802772,3.6276408748732015e-05,-3.3549185538316882e-06,-0.617769897238927,7.506535532519636e-05,0.000314235599944368,0.0024952723179012537
natural_full_finetune_fp32_test,fp32,0,3459,up_blocks.3.resnets.2.conv2.weight,1.7914762185357263,-4.0474398857941696e-05,-0.1083080153394417,0.00020859733803756984,-5.499109725245889e-05,-0.17074525551781597,0.00017977640566448793,0.000314235599944368,0.0024952723179012537
natural_full_finetune_fp32_test,fp32,0,3459,up_blocks.3.resnets.2.conv2.bias,0.03974688217133242,-1.4289647589079716e-08,-0.13742258713993105,2.616136081668888e-06,-9.48982860923568e-08,-0.3010986327578636,7.929513048784937e-06,0.000314235599944368,0.0024952723179012537
natural_full_finetune_fp32_test,fp32,0,3459,mid_block.attentions.0.group_norm.weight,0.3606373148114723,7.527081934438197e-07,0.03562904651939971,5.858032577113639e-05,-1.6779190032627372e-06,-0.0623054556283246,7.467483224232727e-05,0.000314235599944368,0.0024952723179012537
natural_full_finetune_fp32_test,fp32,0,3459,mid_block.attentions.0.group_norm.bias,0.06696109923231726,2.0593807774785268e-07,0.04373376916178541,7.032296475854566e-05,7.66728114924446e-07,0.09317718609612305,0.0001228879284575429,0.000314235599944368,0.0024952723179012537
natural_full_finetune_fp32_test,fp32,0,3459,mid_block.attentions.0.to_q.weight,2.5270231867469803,4.658438929154065e-06,0.013129929144208297,0.00014040054613959578,6.249620166949972e-06,0.019315109337000338,0.00012804045988151994,0.000314235599944368,0.0024952723179012537
natural_full_finetune_fp32_test,fp32,0,3459,mid_block.attentions.0.to_q.bias,0.10437004197813875,1.2265792573351942e-07,0.1794998547696828,6.547200734067874e-06,3.96530723736652e-07,0.3344792185359505,1.1358784095113809e-05,0.000314235599944368,0.0024952723179012537
natural_full_finetune_fp32_test,fp32,0,3459,mid_block.attentions.0.to_k.weight,2.514919303206551,-3.3675166888204805e-06,-0.009499316429834285,0.00014095917451711277,4.079133018739002e-06,0.013270160036391433,0.00012222714089027347,0.000314235599944368,0.0024952723179012537
natural_full_finetune_fp32_test,fp32,0,3459,mid_block.attentions.0.to_k.bias,4.9869490576747045e-05,1.8335533612034177e-18,0.004918694072280896,7.474958917415943e-12,-9.185250229860859e-17,-0.3024336822796075,6.090120742039452e-12,0.000314235599944368,0.0024952723179012537
natural_full_finetune_fp32_test,fp32,0,3459,mid_block.attentions.0.to_v.weight,1.9434071562760704,4.978617947303845e-07,0.0005841534921978553,0.00043854889937514893,1.8839790573415503e-05,0.016462854655673514,0.0005888533216373366,0.000314235599944368,0.0024952723179012537
natural_full_finetune_fp32_test,fp32,0,3459,mid_block.attentions.0.to_v.bias,0.03443790775537747,8.893813705824257e-08,0.056593933035417536,4.563324925863835e-05,2.0809879591625083e-07,0.0833351678427453,7.251110016956489e-05,0.000314235599944368,0.0024952723179012537
natural_full_finetune_fp32_test,fp32,0,3459,mid_block.attentions.0.to_out.0.weight,2.531877821623644,2.568973672326501e-06,0.002413757106056675,0.00042036189737492324,3.073167078500275e-05,0.014519608902890592,0.0008359657974401692,0.000314235599944368,0.0024952723179012537
natural_full_finetune_fp32_test,fp32,0,3459,mid_block.attentions.0.to_out.0.bias,0.046564251217227924,-1.864460097457881e-07,-0.04951203578000425,8.087041765506308e-05,-1.5276103497296779e-07,-0.019730924005172075,0.0001662694823223056,0.000314235599944368,0.0024952723179012537
natural_full_finetune_fp32_test,fp32,0,3459,mid_block.resnets.0.norm1.weight,0.09190160729441713,-2.4697236525774847e-07,-0.06190008431422223,4.341442100781975e-05,-1.780488993028796e-06,-0.16808901942652146,0.00011525952954421634,0.000314235599944368,0.0024952723179012537
natural_full_finetune_fp32_test,fp32,0,3459,mid_block.resnets.0.norm1.bias,0.0791678892697856,-7.246386325905103e-07,-0.22328359638816533,4.0993556568935374e-05,-2.728768476598957e-06,-0.2578665278579184,0.00013366652284151694,0.000314235599944368,0.0024952723179012537
natural_full_finetune_fp32_test,fp32,0,3459,mid_block.resnets.0.conv1.weight,7.126851505146524,1.3178891190051143e-05,0.004400915630629205,0.00042018265365008887,3.576542057702485e-05,0.0086423877002742,0.00058067333251635,0.000314235599944368,0.0024952723179012537
natural_full_finetune_fp32_test,fp32,0,3459,mid_block.resnets.0.conv1.bias,0.05238238625480685,4.445583048477183e-10,0.0007670407664513803,1.1064327005345758e-05,3.389368826664574e-08,0.03025961280352409,2.1383076297522372e-05,0.000314235599944368,0.0024952723179012537
natural_full_finetune_fp32_test,fp32,0,3459,mid_block.resnets.0.norm2.weight,0.18650248461967495,2.2612904153778761e-07,0.01185630366329203,0.00010226391292152347,-1.7157141465872537e-06,-0.04583923001869877,0.00020068873535417496,0.000314235599944368,0.0024952723179012537
natural_full_finetune_fp32_test,fp32,0,3459,mid_block.resnets.0.norm2.bias,0.059097946026763604,-1.5524256881461396e-06,-0.1580965755961828,0.00016615597769599008,-2.827736635965443e-06,-0.15820510318523978,0.00030244477297396985,0.000314235599944368,0.0024952723179012537
natural_full_finetune_fp32_test,fp32,0,3459,mid_block.resnets.0.conv2.weight,7.929291233829619,-2.713603015939479e-05,-0.0039126046202371395,0.0008746735234513301,0.00012113514304538132,0.013151968337104018,0.0011615690521961143,0.000314235599944368,0.0024952723179012537
natural_full_finetune_fp32_test,fp32,0,3459,mid_block.resnets.0.conv2.bias,0.03910952467110126,-3.317661926316325e-07,-0.1009089860712125,8.406587713773085e-05,-3.0482237441839826e-07,-0.045461923511391764,0.0001714417128766812,0.000314235599944368,0.0024952723179012537
natural_full_finetune_fp32_test,fp32,0,3459,mid_block.resnets.1.norm1.weight,0.135511938531452,2.926875813367249e-07,0.055768006819309504,3.8729475450223965e-05,-4.2846226960512853e-07,-0.05244365041129755,6.028955970521596e-05,0.000314235599944368,0.0024952723179012537
natural_full_finetune_fp32_test,fp32,0,3459,mid_block.resnets.1.norm1.bias,0.09029825142919626,3.5933161885535994e-07,0.09352965769051849,4.2546784988573664e-05,2.587679172129463e-07,0.04978694915064372,5.755930950042602e-05,0.000314235599944368,0.0024952723179012537
natural_full_finetune_fp32_test,fp32,0,3459,mid_block.resnets.1.conv1.weight,7.730070159529456,7.355916198814036e-06,0.002923447572608974,0.0003255052723560747,3.937538297006022e-05,0.012962636707810754,0.00039295969272685035,0.000314235599944368,0.0024952723179012537
natural_full_finetune_fp32_test,fp32,0,3459,mid_block.resnets.1.conv1.bias,0.054323513728997075,2.7030790251973126e-08,0.03881622857945955,1.2819100516608651e-05,6.474041151982558e-09,0.00715455581083273,1.6657312245799024e-05,0.000314235599944368,0.0024952723179012537
natural_full_finetune_fp32_test,fp32,0,3459,mid_block.resnets.1.norm2.weight,0.1773935278849168,-8.445458365905357e-07,-0.08378592504056401,5.682172130041993e-05,-1.154635429642132e-06,-0.083714026304307,7.775151831075839e-05,0.000314235599944368,0.0024952723179012537
natural_full_finetune_fp32_test,fp32,0,3459,mid_block.resnets.1.norm2.bias,0.05439995884116133,-6.561756829418246e-07,-0.08286581070821462,0.00014556138434267384,-6.411434575405152e-07,-0.061939084231346364,0.0001902794396419939,0.000314235599944368,0.0024952723179012537
natural_full_finetune_fp32_test,fp32,0,3459,mid_block.resnets.1.conv2.weight,8.106219538859941,1.0014958013802226e-05,0.0024522189058017196,0.0005038155122325989,7.530988122478574e-05,0.01330354428602346,0.0006983389113055477,0.000314235599944368,0.0024952723179012537
natural_full_finetune_fp32_test,fp32,0,3459,mid_block.resnets.1.conv2.bias,0.0390196170570074,-1.1517170437138757e-07,-0.03806495365905784,7.754208698501387e-05,-3.093736104196498e-07,-0.050077742146933085,0.00015832719698694563,0.000314235599944368,0.0024952723179012537
natural_full_finetune_fp32_test,fp32,0,3459,conv_norm_out.weight,0.1309617329720699,-4.607958017461328e-06,-0.17017378909610512,0.0002067623365489721,-1.5353910101959978e-05,-0.11180582834392466,0.0010486006838343685,0.000314235599944368,0.0024952723179012537
natural_full_finetune_fp32_test,fp32,0,3459,conv_norm_out.bias,0.042285336602511006,-8.968304814131869e-07,-0.11002237827522116,0.00019277004112580002,-5.14174160342724e-06,-0.11552567414428645,0.0010525480814880467,0.000314235599944368,0.0024952723179012537
natural_full_finetune_fp32_test,fp32,0,3459,conv_out.weight,0.10061902053033986,-0.00018404384555569935,-0.1481838608504917,0.012343556460236126,-7.121002831539768e-05,-0.06262625487863013,0.011300681422202183,0.000314235599944368,0.0024952723179012537
natural_full_finetune_fp32_test,fp32,0,3459,conv_out.bias,0.0020736331801071,2.622608714548144e-09,0.011897619697267457,0.00010630201181913389,8.355551284097403e-07,0.1924986043841668,0.0020932234458004243,0.000314235599944368,0.0024952723179012537
natural_full_finetune_fp32_test,fp32,1,3460,conv_in.weight,0.4838293607599673,-4.325208318138947e-05,-0.04459664661516121,0.002004530211662087,0.00010715594325213649,0.18683546508220872,0.0011853994640016292,0.00040536152664572,0.0015911164227873087
natural_full_finetune_fp32_test,fp32,1,3460,conv_in.bias,0.057959614330406674,-5.8919710617746155e-06,-0.47817672892958246,0.0002125918843373743,-2.0319637685478855e-06,-0.18529569855373546,0.0001892017439580498,0.00040536152664572,0.0015911164227873087
natural_full_finetune_fp32_test,fp32,1,3460,up_blocks.0.resnets.0.norm1.weight,0.12415182228513413,-4.611145139939893e-07,-0.05350100642089508,6.9421459840664e-05,-3.964504523536879e-08,-0.007917798668543072,4.033029185279194e-05,0.00040536152664572,0.0015911164227873087
natural_full_finetune_fp32_test,fp32,1,3460,up_blocks.0.resnets.0.norm1.bias,0.08203590745743453,-5.038631422775997e-07,-0.08473929273274876,7.2480932045417e-05,-2.267874821031484e-07,-0.062354442528812226,4.4335099959634484e-05,0.00040536152664572,0.0015911164227873087
natural_full_finetune_fp32_test,fp32,1,3460,up_blocks.0.resnets.0.conv1.weight,7.676581991623456,1.8612192849130935e-05,0.005439958507324783,0.0004456912046775569,2.5731280311981832e-05,0.014666790994069555,0.00022853798812975175,0.00040536152664572,0.0015911164227873087
natural_full_finetune_fp32_test,fp32,1,3460,up_blocks.0.resnets.0.conv1.bias,0.040979441245831146,-6.316698658897533e-08,-0.06380169081574064,2.415972232492399e-05,-6.237764815690867e-08,-0.10182900291365032,1.4948288552620184e-05,0.00040536152664572,0.0015911164227873087
natural_full_finetune_fp32_test,fp32,1,3460,up_blocks.0.resnets.0.norm2.weight,0.2018774757182376,-1.6240381344160008e-06,-0.12783894590165903,6.292818069590461e-05,-5.036522581655989e-07,-0.06178375488592939,4.0380214441412235e-05,0.00040536152664572,0.0015911164227873087
natural_full_finetune_fp32_test,fp32,1,3460,up_blocks.0.resnets.0.norm2.bias,0.0548517223647673,6.456571517629449e-07,0.07239870974025871,0.00016258514788127155,4.273886086543394e-07,0.07185828829572784,0.00010843158486402141,0.00040536152664572,0.0015911164227873087
natural_full_finetune_fp32_test,fp32,1,3460,up_blocks.0.resnets.0.conv2.weight,8.153646494316698,9.280938210803568e-06,0.0016489993957844102,0.0006902708066526084,3.8922079286476816e-05,0.009538418686574904,0.0005004581576182525,0.00040536152664572,0.0015911164227873087
natural_full_finetune_fp32_test,fp32,1,3460,up_blocks.0.resnets.0.conv2.bias,0.03588624640396148,-1.2845957344743643e-07,-0.02773772115724255,0.00012905286869973373,-1.717704963071071e-07,-0.028431962515052023,0.00016835022370714002,0.00040536152664572,0.0015911164227873087
natural_full_finetune_fp32_test,fp32,1,3460,up_blocks.0.resnets.1.norm1.weight,0.12178566035023404,-5.420191117384645e-07,-0.055982650273083745,7.949960856201303e-05,-9.617438131189585e-08,-0.015489545410127661,5.098290450484529e-05,0.00040536152664572,0.0015911164227873087
natural_full_finetune_fp32_test,fp32,1,3460,up_blocks.0.resnets.1.norm1.bias,0.0602154472115295,-1.8326458719498315e-07,-0.032541066800110326,9.352739763090211e-05,-1.3640797695254488e-07,-0.03865664417622622,5.860136094557309e-05,0.00040536152664572,0.0015911164227873087
natural_full_finetune_fp32_test,fp32,1,3460,up_blocks.0.resnets.1.conv1.weight,7.785339290836023,-1.464053873161298e-05,-0.0038385982120964107,0.0004898993429500759,1.782729244755834e-05,0.009701466147572634,0.00023603177487795045,0.00040536152664572,0.0015911164227873087
natural_full_finetune_fp32_test,fp32,1,3460,up_blocks.0.resnets.1.conv1.bias,0.043017259845464964,-8.596610169767583e-08,-0.06810077771973325,2.9344885465285725e-05,-7.942977511568862e-08,-0.10201699396869056,1.809956209877718e-05,0.00040536152664572,0.0015911164227873087
natural_full_finetune_fp32_test,fp32,1,3460,up_blocks.0.resnets.1.norm2.weight,0.20115452527291713,-2.0648759897482932e-07,-0.013185589270565998,7.785107678635083e-05,-3.683553187035753e-08,-0.0035381926056400974,5.17553997523996e-05,0.00040536152664572,0.0015911164227873087
natural_full_finetune_fp32_test,fp32,1,3460,up_blocks.0.resnets.1.norm2.bias,0.056127421520633894,-4.726849675573586e-07,-0.04794546304588878,0.00017565041587840933,-9.243035322696215e-07,-0.14943112163854397,0.00011020428091063598,0.00040536152664572,0.0015911164227873087
natural_full_finetune_fp32_test,fp32,1,3460,up_blocks.0.resnets.1.conv2.weight,8.01848397942619,-6.935104007361314e-06,-0.0010998961993160998,0.0007863375435671513,3.411703687503513e-05,0.0066244925867859515,0.0006422829902373314,0.00040536152664572,0.0015911164227873087
natural_full_finetune_fp32_test,fp32,1,3460,up_blocks.0.resnets.1.conv2.bias,0.03825715318374747,1.1821367149616919e-07,0.025284594652403042,0.00012220783782227864,-2.873025323315438e-08,-0.004515371398529082,0.00016631572998871108,0.00040536152664572,0.0015911164227873087
natural_full_finetune_fp32_test,fp32,1,3460,up_blocks.0.resnets.2.norm1.weight,0.1330055247286358,-7.996501510162252e-07,-0.07721488469431992,7.786267419047833e-05,-1.7126038715057981e-07,-0.026152813593051594,4.923441955740676e-05,0.00040536152664572,0.0015911164227873087
natural_full_finetune_fp32_test,fp32,1,3460,up_blocks.0.resnets.2.norm1.bias,0.07070541680219142,-1.0159370032947266e-06,-0.16140040790057458,8.9024483800419e-05,-9.050876615028087e-07,-0.19924674029994666,6.424609457830896e-05,0.00040536152664572,0.0015911164227873087
natural_full_finetune_fp32_test,fp32,1,3460,up_blocks.0.resnets.2.conv1.weight,8.3636503256331,-1.2381173892253684e-05,-0.0026306166413217775,0.000562740786123655,1.4432659797775875e-05,0.0071628187050005515,0.0002409165018121744,0.00040536152664572,0.0015911164227873087
natural_full_finetune_fp32_test,fp32,1,3460,up_blocks.0.resnets.2.conv1.bias,0.09296771128706632,-8.803059496492536e-08,-0.0336894523429804,2.8106550390992417e-05,-1.2715867310395835e-07,-0.07617315223092763,1.7956096048843743e-05,0.00040536152664572,0.0015911164227873087
natural_full_finetune_fp32_test,fp32,1,3460,up_blocks.0.resnets.2.norm2.weight,0.16667758914838668,-1.993983584207095e-06,-0.10681704194575202,0.00011199633771664129,5.05437536811846e-07,0.040334186063270605,7.518253836526492e-05,0.00040536152664572,0.0015911164227873087
natural_full_finetune_fp32_test,fp32,1,3460,up_blocks.0.resnets.2.norm2.bias,0.07243260415039496,-1.4985734712099671e-06,-0.1081791449156209,0.00019124953869369078,-1.60090202859277e-06,-0.16218059419571187,0.00013627988804954455,0.00040536152664572,0.0015911164227873087
natural_full_finetune_fp32_test,fp32,1,3460,up_blocks.0.resnets.2.conv2.weight,7.500907647159965,7.545287723828108e-06,0.0011771279593910946,0.0008545516394394967,4.253599281578431e-05,0.009385356177578595,0.000604215687278759,0.00040536152664572,0.0015911164227873087
natural_full_finetune_fp32_test,fp32,1,3460,up_blocks.0.resnets.2.conv2.bias,0.041976049368971924,1.4034042367117874e-07,0.02744346553139308,0.00012182664059137994,-7.241628160390617e-08,-0.010359445538756118,0.0001665321724432028,0.00040536152664572,0.0015911164227873087
natural_full_finetune_fp32_test,fp32,1,3460,up_blocks.0.upsamplers.0.conv.weight,8.290816806198281,-0.00016709936408232785,-0.006620018975872718,0.0030445158805696435,0.00022240982827930703,0.016758045832573672,0.0016007860162297605,0.00040536152664572,0.0015911164227873087
natural_full_finetune_fp32_test,fp32,1,3460,up_blocks.0.upsamplers.0.conv.bias,0.043987201387727014,-1.6126658214764814e-07,-0.08776402130310751,4.177356460845057e-05,3.2770397015450846e-08,0.019592392491264685,3.802488409771855e-05,0.00040536152664572,0.0015911164227873087
natural_full_finetune_fp32_test,fp32,1,3460,up_blocks.1.resnets.0.norm1.weight,0.13518271396516646,-1.3231503021509007e-07,-0.010985495159892434,8.909808751311452e-05,-2.322500214540761e-08,-0.003603278558190039,4.7680056812055776e-05,0.00040536152664572,0.0015911164227873087
natural_full_finetune_fp32_test,fp32,1,3460,up_blocks.1.resnets.0.norm1.bias,0.10247028978329578,3.3928423530755847e-07,0.038062765130266456,8.698920890629041e-05,1.7610328092909994e-07,0.03897853240137003,4.409039601284242e-05,0.00040536152664572,0.0015911164227873087
natural_full_finetune_fp32_test,fp32,1,3460,up_blocks.1.resnets.0.conv1.weight,7.959256558295824,-1.1990532532849315e-05,-0.0022004490424849255,0.0006846279922481339,4.630497851971336e-05,0.02299494626856512,0.0002530013182251292,0.00040536152664572,0.0015911164227873087
natural_full_finetune_fp32_test,fp32,1,3460,up_blocks.1.resnets.0.conv1.bias,0.04970828130856062,-9.17071548609198e-08,-0.06215577046449988,2.9681990270538817e-05,1.1212298027441744e-09,0.0015263244755435404,1.477811415839484e-05,0.00040536152664572,0.0015911164227873087
natural_full_finetune_fp32_test,fp32,1,3460,up_blocks.1.resnets.0.norm2.weight,0.10416027088105707,-6.060560755480945e-07,-0.06152927564348801,9.456466888929291e-05,4.1888094813789966e-07,0.08225655545108569,4.8889769314734664e-05,0.00040536152664572,0.0015911164227873087
natural_full_finetune_fp32_test,fp32,1,3460,up_blocks.1.resnets.0.norm2.bias,0.09437863872953117,-1.8898222625312978e-07,-0.02151083564702206,9.308720053192128e-05,5.0662265850867905e-08,0.010643280006869225,5.0435393396762486e-05,0.00040536152664572,0.0015911164227873087
natural_full_finetune_fp32_test,fp32,1,3460,up_blocks.1.resnets.0.conv2.weight,8.170418095340652,-9.217815576897893e-05,-0.01249614246172559,0.0009028337099571643,6.537600466403678e-05,0.0209281869023784,0.00038233362104200737,0.00040536152664572,0.0015911164227873087
natural_full_finetune_fp32_test,fp32,1,3460,up_blocks.1.resnets.0.conv2.bias,0.04078143238228454,-1.5160260952886783e-07,-0.09494509352514782,3.915359774014483e-05,-4.991564062294581e-09,-0.003201047054272067,3.823685071715964e-05,0.00040536152664572,0.0015911164227873087
natural_full_finetune_fp32_test,fp32,1,3460,up_blocks.1.resnets.1.norm1.weight,0.11490710042867609,-6.836450924602772e-07,-0.061175591719365305,9.725359319949293e-05,2.1248584217286584e-07,0.037979017846689216,4.868995837125411e-05,0.00040536152664572,0.0015911164227873087
natural_full_finetune_fp32_test,fp32,1,3460,up_blocks.1.resnets.1.norm1.bias,0.07809590227115702,-1.0524872005357405e-06,-0.1316100243880844,0.00010239991746009567,-5.850621288395279e-07,-0.1496504734662906,5.006055325854335e-05,0.00040536152664572,0.0015911164227873087
natural_full_finetune_fp32_test,fp32,1,3460,up_blocks.1.resnets.1.conv1.weight,8.51380946088566,-8.480665600296429e-05,-0.013449957731990573,0.0007406023623191132,3.696780893968973e-05,0.019048133922969508,0.0002279540689416826,0.00040536152664572,0.0015911164227873087
natural_full_finetune_fp32_test,fp32,1,3460,up_blocks.1.resnets.1.conv1.bias,0.06812539295912536,-2.5001330242445934e-07,-0.09802604718747825,3.743799706451476e-05,-7.29259722317559e-08,-0.07031454851738429,1.5223973342429604e-05,0.00040536152664572,0.0015911164227873087
natural_full_finetune_fp32_test,fp32,1,3460,up_blocks.1.resnets.1.norm2.weight,0.11923986831345862,-1.9887710656341458e-07,-0.017255908743233603,9.665525473629583e-05,-7.217030415893708e-08,-0.014596974050544342,4.1464287960198236e-05,0.00040536152664572,0.0015911164227873087
natural_full_finetune_fp32_test,fp32,1,3460,up_blocks.1.resnets.1.norm2.bias,0.12399909782158909,-5.57777188346936e-07,-0.04995154525711478,9.005198610346789e-05,-7.721198273169261e-08,-0.015816912815705617,3.9368100321063705e-05,0.00040536152664572,0.0015911164227873087
natural_full_finetune_fp32_test,fp32,1,3460,up_blocks.1.resnets.1.conv2.weight,8.204764497606984,-8.744352006477007e-05,-0.012303917241038036,0.0008661998629596703,6.283337219478931e-05,0.019503550771363763,0.0003926544857400585,0.00040536152664572,0.0015911164227873087
natural_full_finetune_fp32_test,fp32,1,3460,up_blocks.1.resnets.1.conv2.bias,0.04716058593335951,-1.3099081272731725e-07,-0.07793385580414434,3.563981826797668e-05,8.067419643582641e-09,0.004606155175427474,3.7137861421592525e-05,0.00040536152664572,0.0015911164227873087
natural_full_finetune_fp32_test,fp32,1,3460,up_blocks.1.resnets.2.norm1.weight,0.11895167701298856,3.839100361987472e-07,0.025896657485201223,0.0001246278731673043,3.4297514562234855e-07,0.04944255593474883,5.831646180014949e-05,0.00040536152664572,0.0015911164227873087
natural_full_finetune_fp32_test,fp32,1,3460,up_blocks.1.resnets.2.norm1.bias,0.07076661359357202,-6.343219894126548e-07,-0.06963052337505032,0.000128730570410477,2.79974218584223e-08,0.006595102983337427,5.998850598488453e-05,0.00040536152664572,0.0015911164227873087
natural_full_finetune_fp32_test,fp32,1,3460,up_blocks.1.resnets.2.conv1.weight,8.413692364304731,-0.0001464472276352364,-0.017252250978546296,0.00100890147864064,6.609708118949229e-05,0.028697855894617052,0.00027374500455359203,0.00040536152664572,0.0015911164227873087
natural_full_finetune_fp32_test,fp32,1,3460,up_blocks.1.resnets.2.conv1.bias,0.06040662566898422,-4.770266950097512e-07,-0.17296563437051768,4.565604449234937e-05,-4.7135427383722103e-08,-0.04042042261636999,1.930465402511719e-05,0.00040536152664572,0.0015911164227873087
natural_full_finetune_fp32_test,fp32,1,3460,up_blocks.1.resnets.2.norm2.weight,0.11496978088372457,-1.6488886191199364e-08,-0.0011091656156360045,0.00012930377937197114,5.384476847071638e-07,0.08343991267580188,5.612882739048741e-05,0.00040536152664572,0.0015911164227873087
natural_full_finetune_fp32_test,fp32,1,3460,up_blocks.1.resnets.2.norm2.bias,0.10393327026206563,-1.413437332343113e-07,-0.012385611251558635,0.00010980055130168289,1.522081335374525e-07,0.031918246952854,4.588220038222939e-05,0.00040536152664572,0.0015911164227873087
natural_full_finetune_fp32_test,fp32,1,3460,up_blocks.1.resnets.2.conv2.weight,7.899871608589099,-0.00013804566563941408,-0.019503652401712125,0.0008959562304924032,8.335996535399688e-05,0.026152265766679228,0.00040348572225974,0.00040536152664572,0.0015911164227873087
natural_full_finetune_fp32_test,fp32,1,3460,up_blocks.1.resnets.2.conv2.bias,0.049541924292328746,-1.0526627623723222e-07,-0.06868162796394718,3.093682980740378e-05,4.1619398825632526e-08,0.0228135481701521,3.682392653556914e-05,0.00040536152664572,0.0015911164227873087
natural_full_finetune_fp32_test,fp32,1,3460,up_blocks.1.upsamplers.0.conv.weight,8.156103637170963,-0.00042473166531546735,-0.015588105318600125,0.0033407084339063618,0.000277682453199454,0.024959698249173986,0.0013640376921713702,0.00040536152664572,0.0015911164227873087
natural_full_finetune_fp32_test,fp32,1,3460,up_blocks.1.upsamplers.0.conv.bias,0.04785960138339828,-1.7852399370212602e-09,-0.003684021396571008,1.0125241086183864e-05,2.6020562109906857e-08,0.06160674897037634,8.82509330388025e-06,0.00040536152664572,0.0015911164227873087
natural_full_finetune_fp32_test,fp32,1,3460,up_blocks.2.resnets.0.norm1.weight,0.13070620287019324,-1.6382809377994227e-06,-0.08630940440497077,0.00014522255059871105,-4.0460354562658114e-07,-0.04272037587352581,7.246001521701566e-05,0.00040536152664572,0.0015911164227873087
natural_full_finetune_fp32_test,fp32,1,3460,up_blocks.2.resnets.0.norm1.bias,0.10592679150909548,-7.650304138551744e-07,-0.06531484699693703,0.00011057602383824471,-3.6279562493813415e-07,-0.06946657105981925,4.930379637769904e-05,0.00040536152664572,0.0015911164227873087
natural_full_finetune_fp32_test,fp32,1,3460,up_blocks.2.resnets.0.conv1.weight,5.710922217967181,-0.00019406529889067013,-0.033236888747476184,0.001022401026646541,4.789175567667689e-05,0.02910917615239836,0.00028808762208231564,0.00040536152664572,0.0015911164227873087
natural_full_finetune_fp32_test,fp32,1,3460,up_blocks.2.resnets.0.conv1.bias,0.045720706489949844,-1.585419996175618e-07,-0.1123057360276737,3.087659919855806e-05,2.2089284178805702e-08,0.03777395741225557,1.2790167247678458e-05,0.00040536152664572,0.0015911164227873087
natural_full_finetune_fp32_test,fp32,1,3460,up_blocks.2.resnets.0.norm2.weight,0.10042149193319325,-4.252921415499863e-07,-0.045665171743470574,9.274181551188773e-05,-1.1549031312057589e-07,-0.02137113650760398,5.3813503957980376e-05,0.00040536152664572,0.0015911164227873087
natural_full_finetune_fp32_test,fp32,1,3460,up_blocks.2.resnets.0.norm2.bias,0.0586280795829186,-4.0037425677454737e-07,-0.08649749570127187,7.895087415586534e-05,6.002016072917504e-08,0.029897855353851272,3.424139494992807e-05,0.00040536152664572,0.0015911164227873087
natural_full_finetune_fp32_test,fp32,1,3460,up_blocks.2.resnets.0.conv2.weight,3.637316898110244,-0.00013258371055717254,-0.04675476983964445,0.0007796202401992903,2.6887600413666568e-05,0.0235976357088265,0.00031325817444474767,0.00040536152664572,0.0015911164227873087
natural_full_finetune_fp32_test,fp32,1,3460,up_blocks.2.resnets.0.conv2.bias,0.03743236522836216,-3.296065744333601e-08,-0.051434573129228014,1.7119593813316877e-05,2.6902989450501328e-08,0.041394980109239095,1.7362233533020556e-05,0.00040536152664572,0.0015911164227873087
natural_full_finetune_fp32_test,fp32,1,3460,up_blocks.2.resnets.0.conv_shortcut.weight,1.4022284863272219,-0.000533910676025606,-0.038731820979631425,0.009830642516691083,0.00015824193372715437,0.030989337134167093,0.0036415854830386795,0.00040536152664572,0.0015911164227873087
natural_full_finetune_fp32_test,fp32,1,3460,up_blocks.2.resnets.0.conv_shortcut.bias,0.03743229178164276,-3.296082647830048e-08,-0.051434937826977424,1.7119593813316877e-05,2.690322242443437e-08,0.04139541980330341,1.7362233533020556e-05,0.00040536152664572,0.0015911164227873087
natural_full_finetune_fp32_test,fp32,1,3460,up_blocks.2.resnets.1.norm1.weight,0.10137719283480426,-1.1549006829877214e-06,-0.14406332806904587,7.907713631986546e-05,-4.2210966621866565e-08,-0.014719335497334259,2.828764752810981e-05,0.00040536152664572,0.0015911164227873087
natural_full_finetune_fp32_test,fp32,1,3460,up_blocks.2.resnets.1.norm1.bias,0.07136913139827901,-5.201018861625713e-07,-0.10598990814640959,6.875645894151743e-05,3.0744837690876513e-08,0.01868990958941636,2.304913294776868e-05,0.00040536152664572,0.0015911164227873087
natural_full_finetune_fp32_test,fp32,1,3460,up_blocks.2.resnets.1.conv1.weight,3.9201820992803884,-0.00015355551621435145,-0.047213521666790666,0.0008296459268309069,1.999693865723821e-05,0.023021842511920996,0.00022157318192500176,0.00040536152664572,0.0015911164227873087
natural_full_finetune_fp32_test,fp32,1,3460,up_blocks.2.resnets.1.conv1.bias,0.04994600020545879,-3.4659987745754546e-07,-0.16050686055211513,4.323486328441444e-05,-2.1754784300180687e-08,-0.030741003665314084,1.416889638149655e-05,0.00040536152664572,0.0015911164227873087
natural_full_finetune_fp32_test,fp32,1,3460,up_blocks.2.resnets.1.norm2.weight,0.09103789350264976,9.128649140981036e-09,0.0018891414044635878,5.307864756256507e-05,1.068857114856685e-07,0.049872037335557284,2.3541836667187575e-05,0.00040536152664572,0.0015911164227873087
natural_full_finetune_fp32_test,fp32,1,3460,up_blocks.2.resnets.1.norm2.bias,0.07744902041765019,-4.18738108960866e-07,-0.1188367458873543,4.549627154064417e-05,5.2784964634223166e-08,0.04303277061876592,1.5837805208647908e-05,0.00040536152664572,0.0015911164227873087
natural_full_finetune_fp32_test,fp32,1,3460,up_blocks.2.resnets.1.conv2.weight,3.640805160611897,-0.00013325414774781417,-0.047651758171858745,0.0007680763074752052,1.2881281439817312e-05,0.010689682590400982,0.0003309762424820212,0.00040536152664572,0.0015911164227873087
natural_full_finetune_fp32_test,fp32,1,3460,up_blocks.2.resnets.1.conv2.bias,0.03211510622932235,-7.3380451802162655e-09,-0.015048709516132163,1.5183495299574868e-05,5.537543387027348e-08,0.09921922794850856,1.73784858941305e-05,0.00040536152664572,0.0015911164227873087
natural_full_finetune_fp32_test,fp32,1,3460,up_blocks.2.resnets.2.norm1.weight,0.10196200129045419,-4.5699495896414897e-07,-0.04415425395628549,0.00010150805519257546,-4.1182026218648086e-07,-0.06512883471124468,6.201490058247328e-05,0.00040536152664572,0.0015911164227873087
natural_full_finetune_fp32_test,fp32,1,3460,up_blocks.2.resnets.2.norm1.bias,0.06797081414810012,-1.6500181689953796e-07,-0.02437321183503644,9.959865907704231e-05,1.5862416685778455e-07,0.05779900218794135,4.0376302094645e-05,0.00040536152664572,0.0015911164227873087
natural_full_finetune_fp32_test,fp32,1,3460,up_blocks.2.resnets.2.conv1.weight,3.8989328829668355,-0.00020120733291098102,-0.05224151271330744,0.0009878302042565191,-1.106281811744677e-05,-0.007944675923829308,0.0003571443851224961,0.00040536152664572,0.0015911164227873087
natural_full_finetune_fp32_test,fp32,1,3460,up_blocks.2.resnets.2.conv1.bias,0.04784656405480108,7.664580269328593e-09,0.0030287943995971943,5.288930102047595e-05,8.064156278071288e-08,0.0916041078028155,1.8398958107541203e-05,0.00040536152664572,0.0015911164227873087
natural_full_finetune_fp32_test,fp32,1,3460,up_blocks.2.resnets.2.norm2.weight,0.09614545215138932,-1.5904549143843615e-06,-0.12401266427839187,0.00013339101533274848,-3.4595439665201643e-06,-0.11570009632542558,0.00031099713459656797,0.00040536152664572,0.0015911164227873087
natural_full_finetune_fp32_test,fp32,1,3460,up_blocks.2.resnets.2.norm2.bias,0.06617087886654142,-6.825224245212366e-08,-0.016080170996257685,6.414449040676748e-05,1.671357381429711e-07,0.07384671986882747,3.420355215166368e-05,0.00040536152664572,0.0015911164227873087
natural_full_finetune_fp32_test,fp32,1,3460,up_blocks.2.resnets.2.conv2.weight,3.5245210952532378,-0.00011198413136995325,-0.043396184366122345,0.000732158023016157,-3.728010458061719e-05,-0.028312592921965755,0.0003735918238285129,0.00040536152664572,0.0015911164227873087
natural_full_finetune_fp32_test,fp32,1,3460,up_blocks.2.resnets.2.conv2.bias,0.04015284228929246,8.713960521272599e-08,0.18229848558215137,1.1904639107912382e-05,7.016719058336806e-08,0.1003407761714453,1.7415676102544456e-05,0.00040536152664572,0.0015911164227873087
natural_full_finetune_fp32_test,fp32,1,3460,up_blocks.2.upsamplers.0.conv.weight,3.1497242677598667,-0.000283497406327617,-0.025267999012714218,0.0035620966760460462,5.883701489644529e-05,0.009885123194331286,0.0018897136839637664,0.00040536152664572,0.0015911164227873087
natural_full_finetune_fp32_test,fp32,1,3460,up_blocks.2.upsamplers.0.conv.bias,0.04323422083291591,-1.8690562647707567e-08,-0.08120668183505948,5.323570054889679e-06,8.283790577382339e-09,0.030540198942569867,6.2737847273467865e-06,0.00040536152664572,0.0015911164227873087
natural_full_finetune_fp32_test,fp32,1,3460,up_blocks.3.resnets.0.norm1.weight,0.1017451356731104,-2.012876373654025e-06,-0.18070803773952462,0.0001094777787082303,-7.579638136067537e-07,-0.07026211218565387,0.00010602630236455998,0.00040536152664572,0.0015911164227873087
natural_full_finetune_fp32_test,fp32,1,3460,up_blocks.3.resnets.0.norm1.bias,0.06305415653706767,-5.516405475927714e-07,-0.09199169206100509,9.510292034874085e-05,-7.035977016545799e-07,-0.14821541082530498,7.528653844112385e-05,0.00040536152664572,0.0015911164227873087
natural_full_finetune_fp32_test,fp32,1,3460,up_blocks.3.resnets.0.conv1.weight,2.376884431660537,-9.061191887552869e-05,-0.047267486135264755,0.0008065192840733627,2.224079490406307e-06,0.0032622074229768814,0.00028683402523517704,0.00040536152664572,0.0015911164227873087
natural_full_finetune_fp32_test,fp32,1,3460,up_blocks.3.resnets.0.conv1.bias,0.03460039461811153,6.379726991609076e-08,0.05296787460037917,3.48103584753648e-05,-1.5823396678209708e-08,-0.02577983724424711,1.773938226606713e-05,0.00040536152664572,0.0015911164227873087
natural_full_finetune_fp32_test,fp32,1,3460,up_blocks.3.resnets.0.norm2.weight,0.10985645258790538,-2.248246665310938e-06,-0.3061599177878909,6.684517342400236e-05,-4.944064540128436e-06,-0.5690247860566242,7.90910563909024e-05,0.00040536152664572,0.0015911164227873087
natural_full_finetune_fp32_test,fp32,1,3460,up_blocks.3.resnets.0.norm2.bias,0.053040619294590995,-1.6040170871915602e-07,-0.05721941622018899,5.285145909801154e-05,-4.722537893788425e-07,-0.22847940401553712,3.8969049050172994e-05,0.00040536152664572,0.0015911164227873087
natural_full_finetune_fp32_test,fp32,1,3460,up_blocks.3.resnets.0.conv2.weight,1.7525138117658166,-6.929163691302805e-05,-0.11903352415147461,0.00033216210185613555,-3.8753244036218784e-05,-0.11118979369036547,0.00019887568539696707,0.00040536152664572,0.0015911164227873087
natural_full_finetune_fp32_test,fp32,1,3460,up_blocks.3.resnets.0.conv2.bias,0.02813451516455344,-5.16291550615672e-08,-0.21080914162832773,8.704947220901287e-06,-1.86942273509221e-08,-0.07421341442383068,8.953352255869072e-06,0.00040536152664572,0.0015911164227873087
natural_full_finetune_fp32_test,fp32,1,3460,up_blocks.3.resnets.0.conv_shortcut.weight,0.5474171796116315,-0.00019698453279655184,-0.060601678380483026,0.005937847666728657,-3.4974814685868816e-05,-0.017521878564527006,0.003646333044108853,0.00040536152664572,0.0015911164227873087
natural_full_finetune_fp32_test,fp32,1,3460,up_blocks.3.resnets.0.conv_shortcut.bias,0.028134515270177858,-5.162886497036286e-08,-0.21080795635348623,8.704947220901287e-06,-1.8694495770668047e-08,-0.0742144797332907,8.953352255869072e-06,0.00040536152664572,0.0015911164227873087
natural_full_finetune_fp32_test,fp32,1,3460,up_blocks.3.resnets.1.norm1.weight,0.08339620531314991,-3.289186026268903e-07,-0.04346131119374454,9.074847219805574e-05,-7.571206526178676e-07,-0.09482210270919843,9.574348278084549e-05,0.00040536152664572,0.0015911164227873087
natural_full_finetune_fp32_test,fp32,1,3460,up_blocks.3.resnets.1.norm1.bias,0.041440331190849396,-8.205151007563602e-07,-0.1506372163487821,0.00013144106790510538,-1.1254630416606435e-06,-0.29879904924603795,9.089265912343245e-05,0.00040536152664572,0.0015911164227873087
natural_full_finetune_fp32_test,fp32,1,3460,up_blocks.3.resnets.1.conv1.weight,1.6761058390239751,-3.676025281846793e-05,-0.023602288503365383,0.0009292293868224973,-1.71005353126735e-05,-0.02763224219378422,0.0003692258847899546,0.00040536152664572,0.0015911164227873087
natural_full_finetune_fp32_test,fp32,1,3460,up_blocks.3.resnets.1.conv1.bias,0.039285949573958076,-6.521343846079343e-07,-0.13214455762330826,0.0001256176207021932,-3.0101361211104866e-07,-0.17683394193958898,4.3329457559204845e-05,0.00040536152664572,0.0015911164227873087
natural_full_finetune_fp32_test,fp32,1,3460,up_blocks.3.resnets.1.norm2.weight,0.10790245511985112,-1.2103989224564478e-06,-0.22293011435741486,5.03185900206257e-05,-2.457947154912881e-06,-0.45204767140784174,5.03914643199428e-05,0.00040536152664572,0.0015911164227873087
natural_full_finetune_fp32_test,fp32,1,3460,up_blocks.3.resnets.1.norm2.bias,0.06589799879612172,-2.604017880192292e-07,-0.09495773710933805,4.161418363326262e-05,-5.596954804222231e-07,-0.2803900640192439,3.0291233177444305e-05,0.00040536152664572,0.0015911164227873087
natural_full_finetune_fp32_test,fp32,1,3460,up_blocks.3.resnets.1.conv2.weight,1.6378429691523646,-7.781843203674963e-05,-0.11193836971625994,0.00042445459329740773,-3.137419527022753e-05,-0.0838061010766211,0.00022857287879769932,0.00040536152664572,0.0015911164227873087
natural_full_finetune_fp32_test,fp32,1,3460,up_blocks.3.resnets.1.conv2.bias,0.024383418758141498,-4.358731767676137e-08,-0.20740642396828046,8.618731333212347e-06,-3.123474278206898e-08,-0.1394136774213921,9.188358964343348e-06,0.00040536152664572,0.0015911164227873087
natural_full_finetune_fp32_test,fp32,1,3460,up_blocks.3.resnets.2.norm1.weight,0.05731266985355789,-1.7016262049623913e-06,-0.14698225612138105,0.0002019987191323145,-3.189293743933819e-06,-0.19340780602914798,0.0002877198879081147,0.00040536152664572,0.0015911164227873087
natural_full_finetune_fp32_test,fp32,1,3460,up_blocks.3.resnets.2.norm1.bias,0.03461981557462031,-4.467773937692965e-06,-0.3500835581462765,0.0003686334374597907,-8.99760769410265e-06,-0.49206969931306516,0.0005281723726974815,0.00040536152664572,0.0015911164227873087
natural_full_finetune_fp32_test,fp32,1,3460,up_blocks.3.resnets.2.conv1.weight,1.6395615270099564,-6.0631441586125355e-05,-0.031910357551096065,0.001158880098960074,-3.482101939722054e-05,-0.030703887455309574,0.0006917041745539086,0.00040536152664572,0.0015911164227873087
natural_full_finetune_fp32_test,fp32,1,3460,up_blocks.3.resnets.2.conv1.bias,0.038005289768969996,-9.953795198033635e-07,-0.1594101323813286,0.00016429665829275966,-1.46648696024062e-06,-0.27760512865146464,0.00013899739857787678,0.00040536152664572,0.0015911164227873087
natural_full_finetune_fp32_test,fp32,1,3460,up_blocks.3.resnets.2.norm2.weight,0.10977134706723064,-1.686716226152107e-06,-0.24011865641620259,6.399221229143525e-05,-4.288906762058504e-06,-0.5737622223737315,6.809663649775922e-05,0.00040536152664572,0.0015911164227873087
natural_full_finetune_fp32_test,fp32,1,3460,up_blocks.3.resnets.2.norm2.bias,0.0723461949951043,-1.3727585646310114e-06,-0.2854527776307792,6.647283387395111e-05,-3.515860615271914e-06,-0.6847208100892286,7.097451403108795e-05,0.00040536152664572,0.0015911164227873087
natural_full_finetune_fp32_test,fp32,1,3460,up_blocks.3.resnets.2.conv2.weight,1.7914762185357263,-3.638669966531882e-05,-0.07654205455380093,0.00026535758333099064,-4.0697938535063285e-05,-0.1307220467767231,0.00017378509473470316,0.00040536152664572,0.0015911164227873087
natural_full_finetune_fp32_test,fp32,1,3460,up_blocks.3.resnets.2.conv2.bias,0.03974688217133242,-2.5312620358461178e-08,-0.1308845852005093,4.865702338524774e-06,-8.042430319736898e-08,-0.20446299544381366,9.896224079220599e-06,0.00040536152664572,0.0015911164227873087
natural_full_finetune_fp32_test,fp32,1,3460,mid_block.attentions.0.group_norm.weight,0.3606373148114723,-1.468432079672469e-06,-0.047809267542405276,8.516695355338956e-05,-1.9606019442047238e-08,-0.001142760333768332,4.757333647355362e-05,0.00040536152664572,0.0015911164227873087
natural_full_finetune_fp32_test,fp32,1,3460,mid_block.attentions.0.group_norm.bias,0.06696109923231726,6.385929218131831e-07,0.08113845929797124,0.00011753704536360706,3.308740897390635e-07,0.06625506405012557,7.457978155294471e-05,0.00040536152664572,0.0015911164227873087
natural_full_finetune_fp32_test,fp32,1,3460,mid_block.attentions.0.to_q.weight,2.5270231867469803,-4.156930952937668e-06,-0.007092756043034259,0.0002319255320821394,3.4764973042545512e-06,0.016589823259510528,8.292603695123436e-05,0.00040536152664572,0.0015911164227873087
natural_full_finetune_fp32_test,fp32,1,3460,mid_block.attentions.0.to_q.bias,0.10437004197813875,5.440063087096779e-07,0.49839951059175375,1.0458044146937801e-05,2.595324441920922e-07,0.3801193604780399,6.541778102314894e-06,0.00040536152664572,0.0015911164227873087
natural_full_finetune_fp32_test,fp32,1,3460,mid_block.attentions.0.to_k.weight,2.514919303206551,-1.4555002821602515e-06,-0.0027197429711549874,0.00021279448914621651,9.241397324422423e-07,0.004431548000309782,8.291977799330098e-05,0.00040536152664572,0.0015911164227873087
natural_full_finetune_fp32_test,fp32,1,3460,mid_block.attentions.0.to_k.bias,4.9869490576747045e-05,9.172586787446435e-18,0.016457416004935634,1.1176227935254623e-11,-1.2138735354480157e-16,-0.4337122920573859,5.6122470508755145e-12,0.00040536152664572,0.0015911164227873087
natural_full_finetune_fp32_test,fp32,1,3460,mid_block.attentions.0.to_v.weight,1.9434071562760704,-1.2954846366538935e-05,-0.009571081600591978,0.000696478076571356,2.0939252173372462e-05,0.028733593924912575,0.0003749794085466614,0.00040536152664572,0.0015911164227873087
natural_full_finetune_fp32_test,fp32,1,3460,mid_block.attentions.0.to_v.bias,0.03443790775537747,1.832302806197908e-08,0.00724458733144679,7.344239588145192e-05,1.3044885278215742e-07,0.07700918333774881,4.91882065283889e-05,0.00040536152664572,0.0015911164227873087
natural_full_finetune_fp32_test,fp32,1,3460,mid_block.attentions.0.to_out.0.weight,2.531877821623644,1.7473699003328554e-05,0.007706960828660388,0.0008954863170221982,4.926783142612352e-05,0.02838230404283789,0.0006856035444993101,0.00040536152664572,0.0015911164227873087
natural_full_finetune_fp32_test,fp32,1,3460,mid_block.attentions.0.to_out.0.bias,0.046564251217227924,-8.352057862023865e-07,-0.12864775205870974,0.00013942436296902511,-4.8964029339898725e-08,-0.006169944434192869,0.0001704289125972617,0.00040536152664572,0.0015911164227873087
natural_full_finetune_fp32_test,fp32,1,3460,mid_block.resnets.0.norm1.weight,0.09190160729441713,-1.0622455491829296e-06,-0.12492959887689452,9.252017968775662e-05,-1.5553742342735763e-06,-0.3184453363411797,5.314677306005806e-05,0.00040536152664572,0.0015911164227873087
natural_full_finetune_fp32_test,fp32,1,3460,mid_block.resnets.0.norm1.bias,0.0791678892697856,-3.022882002185235e-06,-0.3263771891270126,0.00011699096705516398,-1.7431754617682791e-06,-0.3728484055797403,5.905541794166027e-05,0.00040536152664572,0.0015911164227873087
natural_full_finetune_fp32_test,fp32,1,3460,mid_block.resnets.0.conv1.weight,7.126851505146524,1.85598212630377e-05,0.004418224248468082,0.0005894246912923999,2.892075342536309e-05,0.012641447627116146,0.0003210074288172385,0.00040536152664572,0.0015911164227873087
natural_full_finetune_fp32_test,fp32,1,3460,mid_block.resnets.0.conv1.bias,0.05238238625480685,9.33910311713155e-09,0.008908891375744821,2.001226422654388e-05,-4.255705596747288e-09,-0.00634814871922674,1.2797914528228176e-05,0.00040536152664572,0.0015911164227873087
natural_full_finetune_fp32_test,fp32,1,3460,mid_block.resnets.0.norm2.weight,0.18650248461967495,9.634488878437964e-08,0.0022663427476464584,0.000227938910080052,-4.530677391034382e-07,-0.021672703314156563,0.00011208962891812781,0.00040536152664572,0.0015911164227873087
natural_full_finetune_fp32_test,fp32,1,3460,mid_block.resnets.0.norm2.bias,0.059097946026763604,-3.2253290553996195e-06,-0.18396293373210237,0.00029666841754377103,-7.185695922306196e-07,-0.06523852765058098,0.00018637699151760362,0.00040536152664572,0.0015911164227873087
natural_full_finetune_fp32_test,fp32,1,3460,mid_block.resnets.0.conv2.weight,7.929291233829619,-6.616288317514804e-05,-0.007425117565866225,0.0011237681482745708,6.311463559673362e-05,0.010562113023339094,0.0007536069574745176,0.00040536152664572,0.0015911164227873087
natural_full_finetune_fp32_test,fp32,1,3460,mid_block.resnets.0.conv2.bias,0.03910952467110126,-9.057187284807375e-07,-0.1572428941904665,0.0001472786456266691,-2.8229923618849227e-07,-0.0413832273762171,0.00017442262099624494,0.00040536152664572,0.0015911164227873087
natural_full_finetune_fp32_test,fp32,1,3460,mid_block.resnets.1.norm1.weight,0.135511938531452,-2.2429983019627462e-07,-0.03148366287075908,5.257340836490136e-05,1.1573386517837506e-07,0.026696483647448782,3.199107528981675e-05,0.00040536152664572,0.0015911164227873087
natural_full_finetune_fp32_test,fp32,1,3460,mid_block.resnets.1.norm1.bias,0.09029825142919626,-2.5457792705177165e-08,-0.00467508842202419,6.0304757584063927e-05,1.971823065360723e-07,0.06524683817169662,3.346795150946677e-05,0.00040536152664572,0.0015911164227873087
natural_full_finetune_fp32_test,fp32,1,3460,mid_block.resnets.1.conv1.weight,7.730070159529456,1.858736895776673e-05,0.0062379007912440115,0.0003854748256577803,3.0169318824633048e-05,0.019819046325370734,0.00019692430261493256,0.00040536152664572,0.0015911164227873087
natural_full_finetune_fp32_test,fp32,1,3460,mid_block.resnets.1.conv1.bias,0.054323513728997075,-5.3400418453950377e-08,-0.05800991034389752,1.6945508785252672e-05,9.071783146044035e-09,0.016840288989559825,9.916428096802673e-06,0.00040536152664572,0.0015911164227873087
natural_full_finetune_fp32_test,fp32,1,3460,mid_block.resnets.1.norm2.weight,0.1773935278849168,-1.2674440473594498e-06,-0.09933910317321158,7.19234962162907e-05,-2.2642639930019293e-08,-0.0031953865814347096,3.9945317962185984e-05,0.00040536152664572,0.0015911164227873087
natural_full_finetune_fp32_test,fp32,1,3460,mid_block.resnets.1.norm2.bias,0.05439995884116133,-1.422579395814155e-06,-0.129935132510283,0.00020125716440786177,4.9342031711962e-08,0.007832268993063345,0.00011580594701456326,0.00040536152664572,0.0015911164227873087
natural_full_finetune_fp32_test,fp32,1,3460,mid_block.resnets.1.conv2.weight,8.106219538859941,2.792723914607141e-05,0.005081085284259321,0.0006780366321886369,4.8096357266304805e-05,0.010849832387791443,0.0005468532460334273,0.00040536152664572,0.0015911164227873087
natural_full_finetune_fp32_test,fp32,1,3460,mid_block.resnets.1.conv2.bias,0.0390196170570074,-4.618011181156108e-07,-0.09132285388706093,0.0001295962700866865,-2.014662420912387e-07,-0.030661681191327003,0.00016839272275695708,0.00040536152664572,0.0015911164227873087
natural_full_finetune_fp32_test,fp32,1,3460,conv_norm_out.weight,0.1309617329720699,-7.528787750438703e-06,-0.1894709770361612,0.00030341562776662484,-9.631337078123663e-06,-0.08131375915964748,0.0009044366030856744,0.00040536152664572,0.0015911164227873087
natural_full_finetune_fp32_test,fp32,1,3460,conv_norm_out.bias,0.042285336602511006,-1.9460580302890245e-06,-0.1457026884564395,0.00031586276238822745,-1.3934297371036758e-06,-0.025426222506592974,0.0012960251798017695,0.00040536152664572,0.0015911164227873087
natural_full_finetune_fp32_test,fp32,1,3460,conv_out.weight,0.10061902053033986,-0.0001753411045517444,-0.11851252073178024,0.01470413282396683,-5.0234590795214075e-05,-0.04000834984505741,0.012478780463863946,0.00040536152664572,0.0015911164227873087
natural_full_finetune_fp32_test,fp32,1,3460,conv_out.bias,0.0020736331801071,1.8011733722514292e-07,0.49801500575575913,0.00017441392510988195,1.750709900724917e-06,0.3031741602056854,0.0027847747417152967,0.00040536152664572,0.0015911164227873087
natural_full_finetune_fp32_test,fp32,2,3461,conv_in.weight,0.4838293607599673,-6.889905023579892e-05,-0.08378782908867552,0.001699573995465445,-1.1736751982635538e-05,-0.014158619466428867,0.0017133054567609234,0.0004284620808903128,0.002467765938490629
natural_full_finetune_fp32_test,fp32,2,3461,conv_in.bias,0.057959614330406674,-1.0255696819790991e-07,-0.011339594017586512,0.00015604224164308814,-7.1894919031959944e-06,-0.4101681147550863,0.0003024202133138727,0.0004284620808903128,0.002467765938490629
natural_full_finetune_fp32_test,fp32,2,3461,up_blocks.0.resnets.0.norm1.weight,0.12415182228513413,-9.526655783603118e-07,-0.09755193760275378,7.865955320832954e-05,-8.871847872072301e-07,-0.10839866779415097,6.592301216141212e-05,0.0004284620808903128,0.002467765938490629
natural_full_finetune_fp32_test,fp32,2,3461,up_blocks.0.resnets.0.norm1.bias,0.08203590745743453,-1.4683484953870179e-06,-0.22396719464350234,7.991728951414948e-05,-3.7128569109151045e-07,-0.05993610789809061,7.551195049100191e-05,0.0004284620808903128,0.002467765938490629
natural_full_finetune_fp32_test,fp32,2,3461,up_blocks.0.resnets.0.conv1.weight,7.676581991623456,-1.3130279882345613e-05,-0.003213405791602577,0.0005322804539119728,2.0068423793636636e-05,0.009382944907771671,0.00027861609719289623,0.0004284620808903128,0.002467765938490629
natural_full_finetune_fp32_test,fp32,2,3461,up_blocks.0.resnets.0.conv1.bias,0.040979441245831146,-1.2183638426010714e-07,-0.11383406209777534,2.6117928931191304e-05,-1.3534698889530534e-07,-0.16155067061899595,2.044437322404359e-05,0.0004284620808903128,0.002467765938490629
natural_full_finetune_fp32_test,fp32,2,3461,up_blocks.0.resnets.0.norm2.weight,0.2018774757182376,-2.8544813642138377e-07,-0.022077815811636016,6.404470661443775e-05,-1.3130917458711943e-06,-0.0967844803848363,6.720498413763167e-05,0.0004284620808903128,0.002467765938490629
natural_full_finetune_fp32_test,fp32,2,3461,up_blocks.0.resnets.0.norm2.bias,0.0548517223647673,-1.1897770141367347e-07,-0.012575679464727273,0.00017248202641707806,-2.619496020335998e-07,-0.026364404368269742,0.0001811379756057659,0.0004284620808903128,0.002467765938490629
natural_full_finetune_fp32_test,fp32,2,3461,up_blocks.0.resnets.0.conv2.weight,8.153646494316698,7.536290601051757e-06,0.001259593511147945,0.0007337960057790295,3.959674784804841e-05,0.008846358153666413,0.0005489630597134855,0.0004284620808903128,0.002467765938490629
natural_full_finetune_fp32_test,fp32,2,3461,up_blocks.0.resnets.0.conv2.bias,0.03588624640396148,-1.4712487101561606e-08,-0.003429109072997612,0.00011955748232390448,-1.723737854025216e-07,-0.024238979486524512,0.00019816586763424674,0.0004284620808903128,0.002467765938490629
natural_full_finetune_fp32_test,fp32,2,3461,up_blocks.0.resnets.1.norm1.weight,0.12178566035023404,-3.852273853003245e-07,-0.03744685514235228,8.447061321452932e-05,2.9253571765912697e-07,0.03606916614057302,6.65957695851386e-05,0.0004284620808903128,0.002467765938490629
natural_full_finetune_fp32_test,fp32,2,3461,up_blocks.0.resnets.1.norm1.bias,0.0602154472115295,-1.8154002854843966e-07,-0.028516033967593026,0.00010572443183014447,-2.6735026744422165e-07,-0.051581785187513086,8.607486262274788e-05,0.0004284620808903128,0.002467765938490629
natural_full_finetune_fp32_test,fp32,2,3461,up_blocks.0.resnets.1.conv1.weight,7.785339290836023,2.082184015956254e-05,0.0047616856223354894,0.000561669505056055,2.705204919064643e-05,0.012603124095283441,0.00027570485367740165,0.0004284620808903128,0.002467765938490629
natural_full_finetune_fp32_test,fp32,2,3461,up_blocks.0.resnets.1.conv1.bias,0.043017259845464964,-3.71928686782455e-08,-0.02661496176356967,3.2485614572225e-05,-9.72052410902384e-08,-0.09587150230361727,2.3569881882390397e-05,0.0004284620808903128,0.002467765938490629
natural_full_finetune_fp32_test,fp32,2,3461,up_blocks.0.resnets.1.norm2.weight,0.20115452527291713,-1.2240167573767763e-06,-0.07058947171805896,8.62020560873072e-05,-1.2054310529368937e-06,-0.08910312294920443,6.72542357933268e-05,0.0004284620808903128,0.002467765938490629
natural_full_finetune_fp32_test,fp32,2,3461,up_blocks.0.resnets.1.norm2.bias,0.056127421520633894,1.0150899641307457e-06,0.08904333644796038,0.0002031084622741006,-1.5342154525508808e-06,-0.16918003299142337,0.0001615705323863693,0.0004284620808903128,0.002467765938490629
natural_full_finetune_fp32_test,fp32,2,3461,up_blocks.0.resnets.1.conv2.weight,8.01848397942619,-5.6794942035465995e-06,-0.0008869735368659145,0.0007985584914303888,5.3139196884857315e-05,0.009321085027781046,0.0007109781448910663,0.0004284620808903128,0.002467765938490629
natural_full_finetune_fp32_test,fp32,2,3461,up_blocks.0.resnets.1.conv2.bias,0.03825715318374747,1.39524977742839e-07,0.03381569298219149,0.00010785021624147853,8.072819382631892e-08,0.010709533735529148,0.00019703438505099612,0.0004284620808903128,0.002467765938490629
natural_full_finetune_fp32_test,fp32,2,3461,up_blocks.0.resnets.2.norm1.weight,0.1330055247286358,4.237254294612556e-07,0.02987392427517551,0.00010664059801779079,-6.892683727196246e-07,-0.06634628713093092,7.810917422298316e-05,0.0004284620808903128,0.002467765938490629
natural_full_finetune_fp32_test,fp32,2,3461,up_blocks.0.resnets.2.norm1.bias,0.07070541680219142,1.2997177878693193e-06,0.15661043229256366,0.00011737502225504208,-2.3560631428915247e-06,-0.2991780579103763,0.00011137930408676576,0.0004284620808903128,0.002467765938490629
natural_full_finetune_fp32_test,fp32,2,3461,up_blocks.0.resnets.2.conv1.weight,8.3636503256331,-8.817769746442395e-06,-0.0015805150852713258,0.0006670589901065624,-1.7231657741972756e-05,-0.007057225054538805,0.0002919424346825046,0.0004284620808903128,0.002467765938490629
natural_full_finetune_fp32_test,fp32,2,3461,up_blocks.0.resnets.2.conv1.bias,0.09296771128706632,5.3303606052658456e-08,0.016563402341261926,3.4615841980525984e-05,-3.0488618945841764e-07,-0.12977316901499683,2.5270899631393456e-05,0.0004284620808903128,0.002467765938490629
natural_full_finetune_fp32_test,fp32,2,3461,up_blocks.0.resnets.2.norm2.weight,0.16667758914838668,-2.5514659857189817e-06,-0.12734082165702915,0.00012021119795367658,-1.0844869450349536e-07,-0.006594949608537153,9.865875638129717e-05,0.0004284620808903128,0.002467765938490629
natural_full_finetune_fp32_test,fp32,2,3461,up_blocks.0.resnets.2.norm2.bias,0.07243260415039496,-1.2279118467798928e-06,-0.08433654944926192,0.00020100981393560767,-1.7306584831165226e-06,-0.12666622544383419,0.00018863246795231255,0.0004284620808903128,0.002467765938490629
natural_full_finetune_fp32_test,fp32,2,3461,up_blocks.0.resnets.2.conv2.weight,7.500907647159965,-1.0272875638647253e-05,-0.0016185868340814814,0.0008461399663196299,4.833582630571298e-05,0.00890811593741116,0.0007233849487323582,0.0004284620808903128,0.002467765938490629
natural_full_finetune_fp32_test,fp32,2,3461,up_blocks.0.resnets.2.conv2.bias,0.041976049368971924,2.66299604821977e-07,0.0581648266944683,0.0001090708057772942,1.215415844881419e-07,0.01460645772141507,0.000198234128489465,0.0004284620808903128,0.002467765938490629
natural_full_finetune_fp32_test,fp32,2,3461,up_blocks.0.upsamplers.0.conv.weight,8.290816806198281,-0.00017066996958115205,-0.00659507521571139,0.003121332533601793,5.5480944022995996e-05,0.0028451873020975344,0.0023519910306311373,0.0004284620808903128,0.002467765938490629
natural_full_finetune_fp32_test,fp32,2,3461,up_blocks.0.upsamplers.0.conv.bias,0.043987201387727014,-9.661209933940974e-08,-0.05392492681789964,4.0730113776921754e-05,-1.273764677419311e-07,-0.06321375039036276,4.580905286738867e-05,0.0004284620808903128,0.002467765938490629
natural_full_finetune_fp32_test,fp32,2,3461,up_blocks.1.resnets.0.norm1.weight,0.13518271396516646,1.0409324554257685e-07,0.007016812140903586,0.00010973913662249458,-4.5499957522783707e-07,-0.04958508927432518,6.787951498470438e-05,0.0004284620808903128,0.002467765938490629
natural_full_finetune_fp32_test,fp32,2,3461,up_blocks.1.resnets.0.norm1.bias,0.10247028978329578,5.157987370706455e-07,0.05289472112700831,9.516340616949606e-05,6.609720803857819e-07,0.10979747826400071,5.8747959265978274e-05,0.0004284620808903128,0.002467765938490629
natural_full_finetune_fp32_test,fp32,2,3461,up_blocks.1.resnets.0.conv1.weight,7.959256558295824,1.3080983628609384e-05,0.002188995047302215,0.0007507980209994571,6.637140956929275e-05,0.02841918700678859,0.0002934248473597359,0.0004284620808903128,0.002467765938490629
natural_full_finetune_fp32_test,fp32,2,3461,up_blocks.1.resnets.0.conv1.bias,0.04970828130856062,-7.611238078360475e-08,-0.04557956750525562,3.359358551228796e-05,8.107039909444882e-08,0.08406820161766428,1.9400003417467217e-05,0.0004284620808903128,0.002467765938490629
natural_full_finetune_fp32_test,fp32,2,3461,up_blocks.1.resnets.0.norm2.weight,0.10416027088105707,4.5259130718325027e-07,0.0404056519090802,0.00010753800850798841,5.509531558207702e-07,0.07049440607129236,7.503396882123968e-05,0.0004284620808903128,0.002467765938490629
natural_full_finetune_fp32_test,fp32,2,3461,up_blocks.1.resnets.0.norm2.bias,0.09437863872953117,-9.301749015577148e-07,-0.09474457908930398,0.00010402471562941438,5.750764593709751e-07,0.08370778811292824,7.279239603998298e-05,0.0004284620808903128,0.002467765938490629
natural_full_finetune_fp32_test,fp32,2,3461,up_blocks.1.resnets.0.conv2.weight,8.170418095340652,-7.105748566776048e-05,-0.009602274314992417,0.00090571476311109,7.350633865454982e-05,0.0200211242807509,0.0004493575560470012,0.0004284620808903128,0.002467765938490629
natural_full_finetune_fp32_test,fp32,2,3461,up_blocks.1.resnets.0.conv2.bias,0.04078143238228454,-1.9839201915432849e-07,-0.1256568873776916,3.8714657742174015e-05,-8.319936729800256e-08,-0.04435219300707904,4.5998370767494806e-05,0.0004284620808903128,0.002467765938490629
natural_full_finetune_fp32_test,fp32,2,3461,up_blocks.1.resnets.1.norm1.weight,0.11490710042867609,3.019865634346353e-07,0.024554452153128098,0.00010703122728382617,-3.2721497834120497e-07,-0.04827351878498767,5.898985827373652e-05,0.0004284620808903128,0.002467765938490629
natural_full_finetune_fp32_test,fp32,2,3461,up_blocks.1.resnets.1.norm1.bias,0.07809590227115702,-2.3654488389697724e-07,-0.026015010651340063,0.00011642903676169772,-7.981386802259378e-07,-0.16268268313954687,6.282156988860026e-05,0.0004284620808903128,0.002467765938490629
natural_full_finetune_fp32_test,fp32,2,3461,up_blocks.1.resnets.1.conv1.weight,8.51380946088566,-7.520393439170097e-05,-0.01052693831735271,0.0008391016155216169,5.9239879911430956e-05,0.026499533552655104,0.0002625741773583417,0.0004284620808903128,0.002467765938490629
natural_full_finetune_fp32_test,fp32,2,3461,up_blocks.1.resnets.1.conv1.bias,0.06812539295912536,-2.4354195510387485e-07,-0.0859833818368209,4.157672196843797e-05,-8.560544980406903e-08,-0.057590839332237936,2.1819208139876762e-05,0.0004284620808903128,0.002467765938490629
natural_full_finetune_fp32_test,fp32,2,3461,up_blocks.1.resnets.1.norm2.weight,0.11923986831345862,2.9704432683627795e-07,0.02188519490627944,0.00011382806569846209,-6.462508329386506e-07,-0.09273341184182367,5.844446527578119e-05,0.0004284620808903128,0.002467765938490629
natural_full_finetune_fp32_test,fp32,2,3461,up_blocks.1.resnets.1.norm2.bias,0.12399909782158909,9.649249199866013e-08,0.008027242786062894,9.694124626332538e-05,-5.347483313217696e-07,-0.07457921716835149,5.782466058174753e-05,0.0004284620808903128,0.002467765938490629
natural_full_finetune_fp32_test,fp32,2,3461,up_blocks.1.resnets.1.conv2.weight,8.204764497606984,-9.999210999296854e-05,-0.013424593402475184,0.0009078173360544779,9.99777190161105e-05,0.026681400758910144,0.00045669733580713145,0.0004284620808903128,0.002467765938490629
natural_full_finetune_fp32_test,fp32,2,3461,up_blocks.1.resnets.1.conv2.bias,0.04716058593335951,-1.879092899999681e-07,-0.11450362450621838,3.4797642764657647e-05,-3.35048812498356e-08,-0.016207186498481713,4.3835025260166134e-05,0.0004284620808903128,0.002467765938490629
natural_full_finetune_fp32_test,fp32,2,3461,up_blocks.1.resnets.2.norm1.weight,0.11895167701298856,7.582863450938319e-07,0.041778264740302516,0.00015258514988781058,3.658508042431525e-07,0.032071734242132305,9.589832028505731e-05,0.0004284620808903128,0.002467765938490629
natural_full_finetune_fp32_test,fp32,2,3461,up_blocks.1.resnets.2.norm1.bias,0.07076661359357202,-8.755538960522498e-07,-0.08033096015365254,0.00015401801195578463,-1.42387481867015e-07,-0.020255473949062887,9.933470041359134e-05,0.0004284620808903128,0.002467765938490629
natural_full_finetune_fp32_test,fp32,2,3461,up_blocks.1.resnets.2.conv1.weight,8.413692364304731,-0.00013984958830174697,-0.014771084515434392,0.0011252840952548468,9.683461099179327e-05,0.034587808142190105,0.00033275220526651013,0.0004284620808903128,0.002467765938490629
natural_full_finetune_fp32_test,fp32,2,3461,up_blocks.1.resnets.2.conv1.bias,0.06040662566898422,-6.685177809450158e-07,-0.20501808554211184,5.398041419111197e-05,-1.5158703194735714e-07,-0.08237719914099936,3.0462844341960146e-05,0.0004284620808903128,0.002467765938490629
natural_full_finetune_fp32_test,fp32,2,3461,up_blocks.1.resnets.2.norm2.weight,0.11496978088372457,1.0886361018307691e-07,0.006480209962799205,0.00014612009682479952,-3.140652321239157e-07,-0.028945935785185888,9.437317439715184e-05,0.0004284620808903128,0.002467765938490629
natural_full_finetune_fp32_test,fp32,2,3461,up_blocks.1.resnets.2.norm2.bias,0.10393327026206563,-1.0547478586955913e-06,-0.08457172598517289,0.00011999657925651845,-2.3724151538656304e-07,-0.02708939759853774,8.426296743913701e-05,0.0004284620808903128,0.002467765938490629
natural_full_finetune_fp32_test,fp32,2,3461,up_blocks.1.resnets.2.conv2.weight,7.899871608589099,-0.00013883190861459704,-0.019445931163277114,0.0009037337828595805,0.00013400832377558124,0.034463930221032626,0.0004922060409213996,0.0004284620808903128,0.002467765938490629
natural_full_finetune_fp32_test,fp32,2,3461,up_blocks.1.resnets.2.conv2.bias,0.049541924292328746,-6.586330960904187e-08,-0.048232436302244816,2.756331696688118e-05,-6.167457587101701e-08,-0.02845958755858079,4.3742610576807656e-05,0.0004284620808903128,0.002467765938490629
natural_full_finetune_fp32_test,fp32,2,3461,up_blocks.1.upsamplers.0.conv.weight,8.156103637170963,-0.00033838370365880125,-0.013593342328553186,0.0030521118834997826,0.0002665084282211342,0.01508012377229875,0.002166822348809387,0.0004284620808903128,0.002467765938490629
natural_full_finetune_fp32_test,fp32,2,3461,up_blocks.1.upsamplers.0.conv.bias,0.04785960138339828,-3.938559074726773e-08,-0.09206109972915177,8.939065679272737e-06,1.543237334604826e-08,0.029990370524680697,1.0751815736218158e-05,0.0004284620808903128,0.002467765938490629
natural_full_finetune_fp32_test,fp32,2,3461,up_blocks.2.resnets.0.norm1.weight,0.13070620287019324,3.5269334578698713e-07,0.018881053213639688,0.00014291402525004013,-4.242835448746529e-07,-0.034553540512159864,9.39436514895735e-05,0.0004284620808903128,0.002467765938490629
natural_full_finetune_fp32_test,fp32,2,3461,up_blocks.2.resnets.0.norm1.bias,0.10592679150909548,-6.034312571640831e-07,-0.056857945585493806,0.00010019148672961507,8.080515702783335e-08,0.00996363838256074,7.65623585604818e-05,0.0004284620808903128,0.002467765938490629
natural_full_finetune_fp32_test,fp32,2,3461,up_blocks.2.resnets.0.conv1.weight,5.710922217967181,-0.00020661711105065866,-0.03388707935846564,0.0010676426141708543,5.215224754490712e-05,0.02537147364582447,0.00035993252351891147,0.0004284620808903128,0.002467765938490629
natural_full_finetune_fp32_test,fp32,2,3461,up_blocks.2.resnets.0.conv1.bias,0.045720706489949844,-2.3128483646027607e-07,-0.16977578876418714,2.979603467054907e-05,4.7842072571245395e-08,0.05874750777670789,1.7811791610765043e-05,0.0004284620808903128,0.002467765938490629
natural_full_finetune_fp32_test,fp32,2,3461,up_blocks.2.resnets.0.norm2.weight,0.10042149193319325,-1.6003087843403572e-07,-0.018041802140253672,8.832775742405696e-05,-3.945054742708436e-07,-0.05255989051094463,7.474323878719152e-05,0.0004284620808903128,0.002467765938490629
natural_full_finetune_fp32_test,fp32,2,3461,up_blocks.2.resnets.0.norm2.bias,0.0586280795829186,-5.77183510259167e-07,-0.13842680198447482,7.111939617853457e-05,1.7139365660576678e-07,0.05081873690946982,5.7526136720820854e-05,0.0004284620808903128,0.002467765938490629
natural_full_finetune_fp32_test,fp32,2,3461,up_blocks.2.resnets.0.conv2.weight,3.637316898110244,-0.0001342907600270416,-0.049717200256812394,0.0007426057838472214,1.3393396358841781e-05,0.010324161948855435,0.00035666030176642095,0.0004284620808903128,0.002467765938490629
natural_full_finetune_fp32_test,fp32,2,3461,up_blocks.2.resnets.0.conv2.bias,0.03743236522836216,-9.084488700995448e-08,-0.1397093981716856,1.737111108894348e-05,6.798972022047372e-08,0.09663316428310512,1.8796188144579476e-05,0.0004284620808903128,0.002467765938490629
natural_full_finetune_fp32_test,fp32,2,3461,up_blocks.2.resnets.0.conv_shortcut.weight,1.4022284863272219,-0.0005832804146066018,-0.04763644088747321,0.00873211209678939,0.0001564163425960644,0.02138867496884905,0.005215301981126936,0.0004284620808903128,0.002467765938490629
natural_full_finetune_fp32_test,fp32,2,3461,up_blocks.2.resnets.0.conv_shortcut.bias,0.03743229178164276,-9.084472096789333e-08,-0.13970941694371114,1.737111108894348e-05,6.799045840843233e-08,0.09663440307097047,1.8796188144579476e-05,0.0004284620808903128,0.002467765938490629
natural_full_finetune_fp32_test,fp32,2,3461,up_blocks.2.resnets.1.norm1.weight,0.10137719283480426,-4.704458400070628e-07,-0.05168011546698007,8.97937059267149e-05,-2.2170993433842414e-07,-0.061582204725200686,3.551318787130356e-05,0.0004284620808903128,0.002467765938490629
natural_full_finetune_fp32_test,fp32,2,3461,up_blocks.2.resnets.1.norm1.bias,0.07136913139827901,-6.849604299883836e-07,-0.1359554046279721,7.059250531232566e-05,-1.414017296174161e-07,-0.05875346521419054,3.372180592856215e-05,0.0004284620808903128,0.002467765938490629
natural_full_finetune_fp32_test,fp32,2,3461,up_blocks.2.resnets.1.conv1.weight,3.9201820992803884,-0.00020795950375056672,-0.051777246723498,0.001024550992270292,2.7393833158655253e-05,0.026182994235083065,0.00026688689867579603,0.0004284620808903128,0.002467765938490629
natural_full_finetune_fp32_test,fp32,2,3461,up_blocks.2.resnets.1.conv1.bias,0.04994600020545879,-4.84581330882622e-07,-0.21040527248077573,4.611151011869416e-05,-7.843426017864117e-08,-0.07470843249888666,2.1020133287481098e-05,0.0004284620808903128,0.002467765938490629
natural_full_finetune_fp32_test,fp32,2,3461,up_blocks.2.resnets.1.norm2.weight,0.09103789350264976,-1.2182329029896026e-07,-0.019030150359679254,7.03179020858148e-05,-1.5356998720034285e-07,-0.05903176541713901,2.857579860269348e-05,0.0004284620808903128,0.002467765938490629
natural_full_finetune_fp32_test,fp32,2,3461,up_blocks.2.resnets.1.norm2.bias,0.07744902041765019,-6.362992924701e-07,-0.14297454537006468,5.746280037354846e-05,-3.3192675241766983e-08,-0.015739571832616785,2.7229107950601914e-05,0.0004284620808903128,0.002467765938490629
natural_full_finetune_fp32_test,fp32,2,3461,up_blocks.2.resnets.1.conv2.weight,3.640805160611897,-0.00017538102245866723,-0.052608432525378286,0.0009156506276483557,4.599178793593418e-06,0.0031843386370145168,0.00039670128632427924,0.0004284620808903128,0.002467765938490629
natural_full_finetune_fp32_test,fp32,2,3461,up_blocks.2.resnets.1.conv2.bias,0.03211510622932235,-4.4185250150268464e-08,-0.09102858935246066,1.5114373235760245e-05,8.831029161889788e-08,0.1446821608069506,1.9005835662553782e-05,0.0004284620808903128,0.002467765938490629
natural_full_finetune_fp32_test,fp32,2,3461,up_blocks.2.resnets.2.norm1.weight,0.10196200129045419,5.343360890990467e-07,0.04416743100651842,0.00011865171420771962,-2.4963725418466477e-07,-0.03901660521579648,6.275113227692458e-05,0.0004284620808903128,0.002467765938490629
natural_full_finetune_fp32_test,fp32,2,3461,up_blocks.2.resnets.2.norm1.bias,0.06797081414810012,1.9414015696339632e-07,0.02663300672089576,0.00010724392637852389,5.463451395276383e-07,0.15032979821806475,5.346868920014237e-05,0.0004284620808903128,0.002467765938490629
natural_full_finetune_fp32_test,fp32,2,3461,up_blocks.2.resnets.2.conv1.weight,3.8989328829668355,-0.0002440033484830451,-0.05440333404055407,0.0011503354702009341,3.697114010440296e-05,0.030211458831620668,0.0003138668056925969,0.0004284620808903128,0.002467765938490629
natural_full_finetune_fp32_test,fp32,2,3461,up_blocks.2.resnets.2.conv1.bias,0.04784656405480108,-2.1398457995046936e-07,-0.07946901845222307,5.627738041943365e-05,2.2484865880724475e-07,0.1975565674688262,2.3787460158274906e-05,0.0004284620808903128,0.002467765938490629
natural_full_finetune_fp32_test,fp32,2,3461,up_blocks.2.resnets.2.norm2.weight,0.09614545215138932,-7.29934579530034e-07,-0.08111946631886312,9.359014221451739e-05,-1.6674691454572086e-06,-0.10566807629520171,0.00016412897575502123,0.0004284620808903128,0.002467765938490629
natural_full_finetune_fp32_test,fp32,2,3461,up_blocks.2.resnets.2.norm2.bias,0.06617087886654142,-4.1513858000781227e-07,-0.0889462592724729,7.053399853954181e-05,4.024605770998335e-07,0.1649776169563051,3.686645821417696e-05,0.0004284620808903128,0.002467765938490629
natural_full_finetune_fp32_test,fp32,2,3461,up_blocks.2.resnets.2.conv2.weight,3.5245210952532378,-0.00014595491170161918,-0.0503065348561026,0.0008231788363745064,-1.1364103285149745e-05,-0.007734932021040772,0.00041684880107809664,0.0004284620808903128,0.002467765938490629
natural_full_finetune_fp32_test,fp32,2,3461,up_blocks.2.resnets.2.conv2.bias,0.04015284228929246,2.6618461016720257e-08,0.060095114317768,1.103132002396073e-05,1.199235571900165e-07,0.15936541155013284,1.874105954497423e-05,0.0004284620808903128,0.002467765938490629
natural_full_finetune_fp32_test,fp32,2,3461,up_blocks.2.upsamplers.0.conv.weight,3.1497242677598667,-0.0003233219165968284,-0.030296607152444473,0.00338819667870623,8.966926454569409e-05,0.009499424777738234,0.002996910429354603,0.0004284620808903128,0.002467765938490629
natural_full_finetune_fp32_test,fp32,2,3461,up_blocks.2.upsamplers.0.conv.bias,0.04323422083291591,-4.0136383567234456e-08,-0.1753729748449988,5.293561133094711e-06,2.138843334576662e-09,0.006083990295950597,8.131353192673959e-06,0.0004284620808903128,0.002467765938490629
natural_full_finetune_fp32_test,fp32,2,3461,up_blocks.3.resnets.0.norm1.weight,0.1017451356731104,-1.7799233941990672e-06,-0.16011457957898143,0.0001092588881290383,-1.6583106707673335e-07,-0.016914851626126142,9.635717247442339e-05,0.0004284620808903128,0.002467765938490629
natural_full_finetune_fp32_test,fp32,2,3461,up_blocks.3.resnets.0.norm1.bias,0.06305415653706767,-5.916459532956526e-07,-0.10375502294161852,9.043552144582379e-05,7.254323387921478e-07,0.1089332392267597,0.00010561431178433646,0.0004284620808903128,0.002467765938490629
natural_full_finetune_fp32_test,fp32,2,3461,up_blocks.3.resnets.0.conv1.weight,2.376884431660537,-0.00010413129570189962,-0.04788008936619642,0.0009149940162434544,1.5336996791260684e-05,0.013078192349031383,0.000493383407578113,0.0004284620808903128,0.002467765938490629
natural_full_finetune_fp32_test,fp32,2,3461,up_blocks.3.resnets.0.conv1.bias,0.03460039461811153,-8.611268361192535e-08,-0.06800540266898963,3.6596761465799655e-05,3.941003033180382e-07,0.33948495787116517,3.3550977760598204e-05,0.0004284620808903128,0.002467765938490629
natural_full_finetune_fp32_test,fp32,2,3461,up_blocks.3.resnets.0.norm2.weight,0.10985645258790538,4.515367687150307e-07,0.049873799929997444,8.241287995723374e-05,-1.2632464748758256e-06,-0.18670458921524224,6.158962090844246e-05,0.0004284620808903128,0.002467765938490629
natural_full_finetune_fp32_test,fp32,2,3461,up_blocks.3.resnets.0.norm2.bias,0.053040619294590995,2.9859988748155867e-08,0.010453157516109023,5.3855933597795384e-05,3.861044876449307e-07,0.12385007562914566,5.877599462149562e-05,0.0004284620808903128,0.002467765938490629
natural_full_finetune_fp32_test,fp32,2,3461,up_blocks.3.resnets.0.conv2.weight,1.7525138117658166,-4.962866830477032e-05,-0.07384197111724931,0.0003835022279878482,-2.473985255141351e-05,-0.05080366923348371,0.000277869306861315,0.0004284620808903128,0.002467765938490629
natural_full_finetune_fp32_test,fp32,2,3461,up_blocks.3.resnets.0.conv2.bias,0.02813451516455344,-5.8039360778076687e-08,-0.24300144572309942,8.489347823855236e-06,-1.4402417455145027e-08,-0.03738233029195857,1.3693976838553443e-05,0.0004284620808903128,0.002467765938490629
natural_full_finetune_fp32_test,fp32,2,3461,up_blocks.3.resnets.0.conv_shortcut.weight,0.5474171796116315,-0.00019389599385260788,-0.057835297188695026,0.006124313893049937,5.48965665510879e-05,0.018793001650591584,0.005336181687695459,0.0004284620808903128,0.002467765938490629
natural_full_finetune_fp32_test,fp32,2,3461,up_blocks.3.resnets.0.conv_shortcut.bias,0.028134515270177858,-5.803853033624038e-08,-0.24299796788474667,8.489347823855236e-06,-1.440288367105986e-08,-0.037383540242720205,1.3693976838553443e-05,0.0004284620808903128,0.002467765938490629
natural_full_finetune_fp32_test,fp32,2,3461,up_blocks.3.resnets.1.norm1.weight,0.08339620531314991,-9.792955809636203e-08,-0.014695713945131831,7.990552608222038e-05,-1.0692639268805006e-07,-0.023515769943232585,5.4522959703836296e-05,0.0004284620808903128,0.002467765938490629
natural_full_finetune_fp32_test,fp32,2,3461,up_blocks.3.resnets.1.norm1.bias,0.041440331190849396,6.256359513006526e-08,0.01093765530697704,0.0001380302410821554,4.054447315448412e-07,0.09657037240652282,0.00010131285119163075,0.0004284620808903128,0.002467765938490629
natural_full_finetune_fp32_test,fp32,2,3461,up_blocks.3.resnets.1.conv1.weight,1.6761058390239751,-3.09308816771099e-05,-0.021292346380955198,0.0008666970892366289,1.5376163058906868e-05,0.0215954556727752,0.00042479966403250195,0.0004284620808903128,0.002467765938490629
natural_full_finetune_fp32_test,fp32,2,3461,up_blocks.3.resnets.1.conv1.bias,0.039285949573958076,-3.926872105116333e-07,-0.09512702390136102,0.00010507649849808861,2.9466861690230803e-07,0.14244335515739726,5.265679660772537e-05,0.0004284620808903128,0.002467765938490629
natural_full_finetune_fp32_test,fp32,2,3461,up_blocks.3.resnets.1.norm2.weight,0.10790245511985112,-5.742551279905481e-08,-0.012778680319132535,4.1647367008888655e-05,-8.963096706949047e-07,-0.14593461645771325,5.692046441528467e-05,0.0004284620808903128,0.002467765938490629
natural_full_finetune_fp32_test,fp32,2,3461,up_blocks.3.resnets.1.norm2.bias,0.06589799879612172,2.4709213106972444e-08,0.009713064478534511,3.8603832025395077e-05,4.510202022165338e-08,0.014219534187427657,4.813249779065739e-05,0.0004284620808903128,0.002467765938490629
natural_full_finetune_fp32_test,fp32,2,3461,up_blocks.3.resnets.1.conv2.weight,1.6378429691523646,-6.88544348781843e-05,-0.08863673084823047,0.00047429214011935657,-4.818661756889991e-05,-0.07852183736990487,0.00037468277518378174,0.0004284620808903128,0.002467765938490629
natural_full_finetune_fp32_test,fp32,2,3461,up_blocks.3.resnets.1.conv2.bias,0.024383418758141498,-3.729853156080075e-08,-0.19115402237173704,8.002279122182899e-06,-4.683180737305698e-08,-0.13639344103820153,1.408162696506815e-05,0.0004284620808903128,0.002467765938490629
natural_full_finetune_fp32_test,fp32,2,3461,up_blocks.3.resnets.2.norm1.weight,0.05731266985355789,-7.854458207409767e-07,-0.11945462853239612,0.00011472620053600317,-2.8117284782504696e-06,-0.240446208965411,0.00020403506252196046,0.0004284620808903128,0.002467765938490629
natural_full_finetune_fp32_test,fp32,2,3461,up_blocks.3.resnets.2.norm1.bias,0.03461981557462031,-2.045655838613362e-06,-0.21613220168416342,0.0002733935990531897,-4.492133644317874e-06,-0.2630789928747428,0.0004932212139352897,0.0004284620808903128,0.002467765938490629
natural_full_finetune_fp32_test,fp32,2,3461,up_blocks.3.resnets.2.conv1.weight,1.6395615270099564,-4.411263654120432e-05,-0.026395282803549122,0.001019316319212382,-1.1507872847502016e-05,-0.007482852003003754,0.0009379942584276206,0.0004284620808903128,0.002467765938490629
natural_full_finetune_fp32_test,fp32,2,3461,up_blocks.3.resnets.2.conv1.bias,0.038005289768969996,-3.3620573601385816e-07,-0.05743485334501673,0.0001540229914583431,-6.201088621803028e-07,-0.0968589325186589,0.0001684551184961709,0.0004284620808903128,0.002467765938490629
natural_full_finetune_fp32_test,fp32,2,3461,up_blocks.3.resnets.2.norm2.weight,0.10977134706723064,-2.677448274267759e-07,-0.03203158613487254,7.614714961275562e-05,-1.305373177284406e-06,-0.12864848259995273,9.243597421885246e-05,0.0004284620808903128,0.002467765938490629
natural_full_finetune_fp32_test,fp32,2,3461,up_blocks.3.resnets.2.norm2.bias,0.0723461949951043,-1.5956622873467362e-07,-0.03875938189214391,5.690474003399925e-05,-7.88665596227744e-07,-0.14163008855606884,7.697003336502384e-05,0.0004284620808903128,0.002467765938490629
natural_full_finetune_fp32_test,fp32,2,3461,up_blocks.3.resnets.2.conv2.weight,1.7914762185357263,-2.1072752116257367e-05,-0.04711467660670268,0.0002496628918340816,-1.4217360455928893e-05,-0.03237126583729593,0.0002451592277631269,0.0004284620808903128,0.002467765938490629
natural_full_finetune_fp32_test,fp32,2,3461,up_blocks.3.resnets.2.conv2.bias,0.03974688217133242,-1.0939729559582986e-08,-0.06363610674596702,4.32513748305946e-06,-6.328488088168307e-08,-0.14810126794858092,1.075073416023981e-05,0.0004284620808903128,0.002467765938490629
natural_full_finetune_fp32_test,fp32,2,3461,mid_block.attentions.0.group_norm.weight,0.3606373148114723,2.2308398974514873e-06,0.06735576709002365,9.183811385846497e-05,1.4076770831536694e-06,0.040347006617377626,9.674333622603492e-05,0.0004284620808903128,0.002467765938490629
natural_full_finetune_fp32_test,fp32,2,3461,mid_block.attentions.0.group_norm.bias,0.06696109923231726,-9.044721394056424e-07,-0.11402614627049926,0.00011845903012960913,5.794138069895502e-07,0.07859212569541245,0.0001100999774720699,0.0004284620808903128,0.002467765938490629
natural_full_finetune_fp32_test,fp32,2,3461,mid_block.attentions.0.to_q.weight,2.5270231867469803,-8.38157134557683e-06,-0.015144672185546736,0.00021900616588660328,8.464161448427892e-06,0.018642743527680465,0.0001796655813108999,0.0004284620808903128,0.002467765938490629
natural_full_finetune_fp32_test,fp32,2,3461,mid_block.attentions.0.to_q.bias,0.10437004197813875,-3.306394921279964e-07,-0.21650029574808677,1.4632562004671108e-05,2.669988914385153e-07,0.2705389566382664,9.455919999678936e-06,0.0004284620808903128,0.002467765938490629
natural_full_finetune_fp32_test,fp32,2,3461,mid_block.attentions.0.to_k.weight,2.514919303206551,1.4683848491712732e-06,0.0028650587920918133,0.0002037897338888879,8.230783826964153e-06,0.021654426588755372,0.00015113688019995428,0.0004284620808903128,0.002467765938490629
natural_full_finetune_fp32_test,fp32,2,3461,mid_block.attentions.0.to_k.bias,4.9869490576747045e-05,-3.7880623572584534e-16,-0.2881945857934094,2.635702387954134e-11,-1.3336186380020717e-16,-0.26000701819449,1.028517424727007e-11,0.0004284620808903128,0.002467765938490629
natural_full_finetune_fp32_test,fp32,2,3461,mid_block.attentions.0.to_v.weight,1.9434071562760704,-2.3073995215045524e-05,-0.014921867939084033,0.0007956751753714697,5.345395897358853e-07,0.0004213149146213926,0.0006528437411759401,0.0004284620808903128,0.002467765938490629
natural_full_finetune_fp32_test,fp32,2,3461,mid_block.attentions.0.to_v.bias,0.03443790775537747,-1.8573074342165753e-07,-0.07029721031452085,7.672006249321294e-05,-2.9652663369066654e-08,-0.011911983829319605,7.228411259305484e-05,0.0004284620808903128,0.002467765938490629
natural_full_finetune_fp32_test,fp32,2,3461,mid_block.attentions.0.to_out.0.weight,2.531877821623644,-3.3307587000089986e-05,-0.013422462278382135,0.000980095136937124,-2.975543355612321e-05,-0.009743530654055395,0.0012061662778784195,0.0004284620808903128,0.002467765938490629
natural_full_finetune_fp32_test,fp32,2,3461,mid_block.attentions.0.to_out.0.bias,0.046564251217227924,-5.70520110785282e-07,-0.10317718362534259,0.00011875028627531995,-5.440444199140288e-07,-0.054794022400098334,0.00021323012116565123,0.0004284620808903128,0.002467765938490629
natural_full_finetune_fp32_test,fp32,2,3461,mid_block.resnets.0.norm1.weight,0.09190160729441713,-2.0726386968435643e-07,-0.03367854811187555,6.69648861236188e-05,-1.2697894980843259e-06,-0.12640067397456223,0.00010930983387786649,0.0004284620808903128,0.002467765938490629
natural_full_finetune_fp32_test,fp32,2,3461,mid_block.resnets.0.norm1.bias,0.0791678892697856,-5.83518106476981e-07,-0.10493972447949419,7.0236902544996e-05,-4.261323596526906e-06,-0.36991468493262747,0.00014551034700434126,0.0004284620808903128,0.002467765938490629
natural_full_finetune_fp32_test,fp32,2,3461,mid_block.resnets.0.conv1.weight,7.126851505146524,3.6366923887012986e-07,8.92408409988759e-05,0.0005718013854177593,2.0742805563042988e-05,0.005832932332001551,0.0004989796663396742,0.0004284620808903128,0.002467765938490629
natural_full_finetune_fp32_test,fp32,2,3461,mid_block.resnets.0.conv1.bias,0.05238238625480685,1.459222520872052e-08,0.017630137834464082,1.5800853170476054e-05,-4.377714802633455e-08,-0.037396754418233626,2.2347465420348882e-05,0.0004284620808903128,0.002467765938490629
natural_full_finetune_fp32_test,fp32,2,3461,mid_block.resnets.0.norm2.weight,0.18650248461967495,-2.2446951694658673e-07,-0.007548526109250381,0.0001594448838538911,5.104380639119091e-07,0.011104861230967338,0.0002464593478225503,0.0004284620808903128,0.002467765938490629
natural_full_finetune_fp32_test,fp32,2,3461,mid_block.resnets.0.norm2.bias,0.059097946026763604,-1.4056134689575092e-06,-0.11161591261946106,0.0002130921289713704,-4.741082408930304e-06,-0.23244543179593397,0.000345131104808101,0.0004284620808903128,0.002467765938490629
natural_full_finetune_fp32_test,fp32,2,3461,mid_block.resnets.0.conv2.weight,7.929291233829619,-0.00012040881181555348,-0.012922715393279856,0.0011750872711745318,-4.7683941811795514e-05,-0.0057391505881317275,0.0010478283868903982,0.0004284620808903128,0.002467765938490629
natural_full_finetune_fp32_test,fp32,2,3461,mid_block.resnets.0.conv2.bias,0.03910952467110126,-7.405787310122357e-07,-0.1456446192651461,0.0001300152373008689,-9.634550990677055e-07,-0.1098360893796894,0.00022428688541079123,0.0004284620808903128,0.002467765938490629
natural_full_finetune_fp32_test,fp32,2,3461,mid_block.resnets.1.norm1.weight,0.135511938531452,2.3145589885195567e-07,0.029001122777551718,5.889465522051906e-05,5.646411331225886e-08,0.006477518061281399,6.432596675464439e-05,0.0004284620808903128,0.002467765938490629
natural_full_finetune_fp32_test,fp32,2,3461,mid_block.resnets.1.norm1.bias,0.09029825142919626,1.530175457107332e-07,0.029224821938753434,5.798424645810646e-05,4.437852481172343e-07,0.06860072278020338,7.164152628875888e-05,0.0004284620808903128,0.002467765938490629
natural_full_finetune_fp32_test,fp32,2,3461,mid_block.resnets.1.conv1.weight,7.730070159529456,-1.3684042262156346e-05,-0.004151924452284518,0.00042636498233828297,6.514259233446421e-06,0.0027510092031845282,0.0003063300193006484,0.0004284620808903128,0.002467765938490629
natural_full_finetune_fp32_test,fp32,2,3461,mid_block.resnets.1.conv1.bias,0.054323513728997075,-2.1952730097278542e-08,-0.025376770919166753,1.5924445749308038e-05,-2.5047579560616706e-08,-0.025650351005209834,1.7975649827462016e-05,0.0004284620808903128,0.002467765938490629
natural_full_finetune_fp32_test,fp32,2,3461,mid_block.resnets.1.norm2.weight,0.1773935278849168,-1.470039148935043e-06,-0.13468140504613724,6.152951495010342e-05,-7.785368042114187e-07,-0.045195215121783754,9.710663822661553e-05,0.0004284620808903128,0.002467765938490629
natural_full_finetune_fp32_test,fp32,2,3461,mid_block.resnets.1.norm2.bias,0.05439995884116133,-1.3345553789798558e-06,-0.13122596154933944,0.00018694689882509712,-1.8013324516231978e-06,-0.14206685827851098,0.00023307866693444035,0.0004284620808903128,0.002467765938490629
natural_full_finetune_fp32_test,fp32,2,3461,mid_block.resnets.1.conv2.weight,8.106219538859941,3.709127871491274e-06,0.0006825005782683099,0.000670425339609622,2.5396612484402875e-05,0.005342087464108703,0.0005864708578056426,0.0004284620808903128,0.002467765938490629
natural_full_finetune_fp32_test,fp32,2,3461,mid_block.resnets.1.conv2.bias,0.0390196170570074,-2.871683447870137e-07,-0.06396854408873043,0.00011505012522619786,-4.914983581837389e-07,-0.06264119340871314,0.00020108470830851566,0.0004284620808903128,0.002467765938490629
natural_full_finetune_fp32_test,fp32,2,3461,conv_norm_out.weight,0.1309617329720699,-1.4320484052908819e-06,-0.037485362858078464,0.00029171016674745876,-8.513985446064639e-06,-0.09018236149160071,0.0007208864902176047,0.0004284620808903128,0.002467765938490629
natural_full_finetune_fp32_test,fp32,2,3461,conv_norm_out.bias,0.042285336602511006,-1.8532917243516476e-07,-0.013210588463672679,0.00033176596495837447,-5.8800805457106495e-06,-0.14445182338223747,0.0009626545211557397,0.0004284620808903128,0.002467765938490629
natural_full_finetune_fp32_test,fp32,2,3461,conv_out.weight,0.10061902053033986,-9.547668154489511e-05,-0.06391677909971097,0.014845757037506737,7.949169865984508e-05,0.0650162011579977,0.01215122609327891,0.0004284620808903128,0.002467765938490629
natural_full_finetune_fp32_test,fp32,2,3461,conv_out.bias,0.0020736331801071,4.0822154216940253e-07,0.2883857949422226,0.0006826374671071111,-4.680996624196543e-06,-0.8525639677630705,0.002647764899693806,0.0004284620808903128,0.002467765938490629
natural_full_finetune_fp32_test,fp32,3,3462,conv_in.weight,0.4838293607599673,-4.939441304802545e-07,-0.043130381674558675,2.3670220744989025e-05,0.00012848934412605824,0.2293384336862313,0.0011579719797161845,2.77091362477222e-06,0.00029373326105996966
natural_full_finetune_fp32_test,fp32,3,3462,conv_in.bias,0.057959614330406674,-9.846287341301577e-08,-0.49872340141780125,3.406334330791055e-06,1.0129725517427856e-06,0.10667103573054039,0.0001638421652217157,2.77091362477222e-06,0.00029373326105996966
natural_full_finetune_fp32_test,fp32,3,3462,up_blocks.0.resnets.0.norm1.weight,0.12415182228513413,-1.4352712695901812e-08,-0.12353098173068243,9.35847318194674e-07,-9.060633302488763e-09,-0.006022843039423363,1.2117245599777868e-05,2.77091362477222e-06,0.00029373326105996966
natural_full_finetune_fp32_test,fp32,3,3462,up_blocks.0.resnets.0.norm1.bias,0.08203590745743453,-2.634144623965039e-09,-0.03622121285174623,8.864875501098549e-07,3.638868030819275e-08,0.031477954668024895,1.4091454199038958e-05,2.77091362477222e-06,0.00029373326105996966
natural_full_finetune_fp32_test,fp32,3,3462,up_blocks.0.resnets.0.conv1.weight,7.676581991623456,3.063648625599649e-08,0.0005538981196729146,7.205119202304192e-06,4.319221877523642e-06,0.00611204102833244,9.205584323219575e-05,2.77091362477222e-06,0.00029373326105996966
natural_full_finetune_fp32_test,fp32,3,3462,up_blocks.0.resnets.0.conv1.bias,0.040979441245831146,-1.3304777506260221e-09,-0.12385399250136912,2.6213896050769215e-07,7.796449293634642e-09,0.03674219549846921,5.17804383354367e-06,2.77091362477222e-06,0.00029373326105996966
natural_full_finetune_fp32_test,fp32,3,3462,up_blocks.0.resnets.0.norm2.weight,0.2018774757182376,-2.207376012001372e-08,-0.1308034145462872,8.359289612353672e-07,1.5331014045227416e-07,0.03949636757275104,1.9227634582801092e-05,2.77091362477222e-06,0.00029373326105996966
natural_full_finetune_fp32_test,fp32,3,3462,up_blocks.0.resnets.0.norm2.bias,0.0548517223647673,3.815338155834872e-09,0.03229154082267395,2.154041163462904e-06,6.673259727700976e-07,0.23022570551611918,5.284378860537733e-05,2.77091362477222e-06,0.00029373326105996966
natural_full_finetune_fp32_test,fp32,3,3462,up_blocks.0.resnets.0.conv2.weight,8.153646494316698,-1.1755077718752907e-08,-0.00015215664571694004,9.475075967259865e-06,-1.3614363812914085e-06,-0.0003250193692793917,0.0005137315408458058,2.77091362477222e-06,0.00029373326105996966
natural_full_finetune_fp32_test,fp32,3,3462,up_blocks.0.resnets.0.conv2.bias,0.03588624640396148,-3.924113663600339e-10,-0.006125042585563615,1.7852721539603469e-06,-2.1368370170957723e-07,-0.03882730058662772,0.0001533579045608551,2.77091362477222e-06,0.00029373326105996966
natural_full_finetune_fp32_test,fp32,3,3462,up_blocks.0.resnets.1.norm1.weight,0.12178566035023404,6.5002653535975455e-09,0.061421858049400965,8.689844007863936e-07,-2.213427124506229e-07,-0.1213976122459092,1.497127982224816e-05,2.77091362477222e-06,0.00029373326105996966
natural_full_finetune_fp32_test,fp32,3,3462,up_blocks.0.resnets.1.norm1.bias,0.0602154472115295,-4.529565512826819e-10,-0.0075283745774993045,9.9918846053004e-07,-1.459483110995e-07,-0.13799368737055528,1.7564344147552212e-05,2.77091362477222e-06,0.00029373326105996966
natural_full_finetune_fp32_test,fp32,3,3462,up_blocks.0.resnets.1.conv1.weight,7.785339290836023,-2.0320497832871167e-08,-0.00037246600680269204,7.007613755496857e-06,1.51999580248633e-06,0.0020389773830503935,9.575301022873053e-05,2.77091362477222e-06,0.00029373326105996966
natural_full_finetune_fp32_test,fp32,3,3462,up_blocks.0.resnets.1.conv1.bias,0.043017259845464964,-1.3104073085622154e-09,-0.10668369991813928,2.8553903974040067e-07,-9.401230539730671e-09,-0.039229886451375415,5.5708941767257365e-06,2.77091362477222e-06,0.00029373326105996966
natural_full_finetune_fp32_test,fp32,3,3462,up_blocks.0.resnets.1.norm2.weight,0.20115452527291713,1.4038535974322827e-09,0.006167525818017254,1.131568986288497e-06,-2.012845867284221e-09,-0.0005500978041451831,1.8190339377876323e-05,2.77091362477222e-06,0.00029373326105996966
natural_full_finetune_fp32_test,fp32,3,3462,up_blocks.0.resnets.1.norm2.bias,0.056127421520633894,1.218211864324712e-09,0.010140742744092112,2.1403163450755494e-06,-1.1744315509491655e-07,-0.043603159623267614,4.798822184935764e-05,2.77091362477222e-06,0.00029373326105996966
natural_full_finetune_fp32_test,fp32,3,3462,up_blocks.0.resnets.1.conv2.weight,8.01848397942619,2.4545708683422464e-07,0.002852575260638322,1.0731148340441965e-05,1.257599902827587e-07,2.40861616424729e-05,0.0006511523806719473,2.77091362477222e-06,0.00029373326105996966
natural_full_finetune_fp32_test,fp32,3,3462,up_blocks.0.resnets.1.conv2.bias,0.03825715318374747,1.172504722381788e-09,0.01778001043188237,1.7237327744301996e-06,-1.8645871169789244e-07,-0.031837577743079805,0.00015308407377315824,2.77091362477222e-06,0.00029373326105996966
natural_full_finetune_fp32_test,fp32,3,3462,up_blocks.0.resnets.2.norm1.weight,0.1330055247286358,4.947449819400526e-09,0.03479596420994755,1.069012643155052e-06,-3.1017002595085527e-07,-0.10613863023400846,2.1971346182825624e-05,2.77091362477222e-06,0.00029373326105996966
natural_full_finetune_fp32_test,fp32,3,3462,up_blocks.0.resnets.2.norm1.bias,0.07070541680219142,-1.079594431668627e-08,-0.1451510665836521,1.0519321237372609e-06,-3.561490391536229e-07,-0.24105604545967813,2.089589910435137e-05,2.77091362477222e-06,0.00029373326105996966
natural_full_finetune_fp32_test,fp32,3,3462,up_blocks.0.resnets.2.conv1.weight,8.3636503256331,-5.250159723974506e-07,-0.007099450599045918,8.842028436654626e-06,-2.724075776405662e-06,-0.0026382100284505303,0.00012345649708075812,2.77091362477222e-06,0.00029373326105996966
natural_full_finetune_fp32_test,fp32,3,3462,up_blocks.0.resnets.2.conv1.bias,0.09296771128706632,-2.508990490438131e-09,-0.1018165620683935,2.6506259606185983e-07,-1.097069996692771e-08,-0.017203306750082133,6.85946532645927e-06,2.77091362477222e-06,0.00029373326105996966
natural_full_finetune_fp32_test,fp32,3,3462,up_blocks.0.resnets.2.norm2.weight,0.16667758914838668,2.4283067807202485e-09,0.009812478540742329,1.484730473905207e-06,-1.4049117951671895e-07,-0.02313474071207716,3.643403004884861e-05,2.77091362477222e-06,0.00029373326105996966
natural_full_finetune_fp32_test,fp32,3,3462,up_blocks.0.resnets.2.norm2.bias,0.07243260415039496,-1.89922674693348e-08,-0.12697447731100378,2.065029616034409e-06,-4.698731245632025e-08,-0.012575406434260864,5.1585123602406266e-05,2.77091362477222e-06,0.00029373326105996966
natural_full_finetune_fp32_test,fp32,3,3462,up_blocks.0.resnets.2.conv2.weight,7.500907647159965,-1.1899254707338435e-07,-0.0013352551335907561,1.188069060259824e-05,-1.3993835578276527e-05,-0.003030074885809106,0.0006157006138714866,2.77091362477222e-06,0.00029373326105996966
natural_full_finetune_fp32_test,fp32,3,3462,up_blocks.0.resnets.2.conv2.bias,0.041976049368971924,-1.0369427604224774e-09,-0.01418118087809203,1.7419706181635495e-06,-1.7122331563840206e-07,-0.026651662586310552,0.00015305130404523722,2.77091362477222e-06,0.00029373326105996966
natural_full_finetune_fp32_test,fp32,3,3462,up_blocks.0.upsamplers.0.conv.weight,8.290816806198281,-3.9729873355364726e-07,-0.0012825420920741849,3.736355873110876e-05,8.261132678794085e-05,0.005028028677989939,0.0019817302198873966,2.77091362477222e-06,0.00029373326105996966
natural_full_finetune_fp32_test,fp32,3,3462,up_blocks.0.upsamplers.0.conv.bias,0.043987201387727014,-1.6062994872200543e-09,-0.07920230384964722,4.6106523236095663e-07,5.557134716295355e-09,0.0037825646704207627,3.3399366667741684e-05,2.77091362477222e-06,0.00029373326105996966
natural_full_finetune_fp32_test,fp32,3,3462,up_blocks.1.resnets.0.norm1.weight,0.13518271396516646,1.0655646641511918e-08,0.062170597183815964,1.267866742301297e-06,1.3369691038121885e-07,0.05492868125002296,1.800532801346673e-05,2.77091362477222e-06,0.00029373326105996966
natural_full_finetune_fp32_test,fp32,3,3462,up_blocks.1.resnets.0.norm1.bias,0.10247028978329578,9.865068582088014e-10,0.009868282211969798,9.75574822423579e-07,1.4834287119662033e-07,0.097106094206687,1.4908097688135281e-05,2.77091362477222e-06,0.00029373326105996966
natural_full_finetune_fp32_test,fp32,3,3462,up_blocks.1.resnets.0.conv1.weight,7.959256558295824,-1.0479333966179022e-07,-0.0014868918877534816,8.854861753252306e-06,-1.2039552130253884e-06,-0.00150955080912525,0.00010020516149260795,2.77091362477222e-06,0.00029373326105996966
natural_full_finetune_fp32_test,fp32,3,3462,up_blocks.1.resnets.0.conv1.bias,0.04970828130856062,-2.0308778575490513e-09,-0.12770034560487714,3.1993590700366804e-07,-1.914300243915834e-08,-0.0772422092387329,4.985705487127253e-06,2.77091362477222e-06,0.00029373326105996966
natural_full_finetune_fp32_test,fp32,3,3462,up_blocks.1.resnets.0.norm2.weight,0.10416027088105707,-7.944149233982452e-09,-0.0617585071889926,1.2349475233386863e-06,6.944271076651646e-08,0.03194962369672319,2.086694241554731e-05,2.77091362477222e-06,0.00029373326105996966
natural_full_finetune_fp32_test,fp32,3,3462,up_blocks.1.resnets.0.norm2.bias,0.09437863872953117,4.012840269384859e-09,0.04035702448644865,1.0535593986064157e-06,-1.6020601417884934e-07,-0.09468246447847008,1.792815312978328e-05,2.77091362477222e-06,0.00029373326105996966
natural_full_finetune_fp32_test,fp32,3,3462,up_blocks.1.resnets.0.conv2.weight,8.170418095340652,-2.1889888176659785e-07,-0.002658157839256305,1.0079024405885278e-05,1.3807216914058176e-05,0.00497700742271765,0.00033954205950277675,2.77091362477222e-06,0.00029373326105996966
natural_full_finetune_fp32_test,fp32,3,3462,up_blocks.1.resnets.0.conv2.bias,0.04078143238228454,-1.3012834494793838e-09,-0.07251997206060852,4.3999911451942653e-07,2.52933260116987e-08,0.018600684336343917,3.334375786694486e-05,2.77091362477222e-06,0.00029373326105996966
natural_full_finetune_fp32_test,fp32,3,3462,up_blocks.1.resnets.1.norm1.weight,0.11490710042867609,4.4971402911327733e-10,0.003389955352259422,1.1545043982636009e-06,-5.628274974674481e-08,-0.0306949951827032,1.5957353714074984e-05,2.77091362477222e-06,0.00029373326105996966
natural_full_finetune_fp32_test,fp32,3,3462,up_blocks.1.resnets.1.norm1.bias,0.07809590227115702,-7.65475067831453e-09,-0.10600638998041433,9.246359143133185e-07,-1.2548071936449498e-07,-0.10816942711635354,1.4854027490411e-05,2.77091362477222e-06,0.00029373326105996966
natural_full_finetune_fp32_test,fp32,3,3462,up_blocks.1.resnets.1.conv1.weight,8.51380946088566,-9.896984609000476e-08,-0.0013534000539596345,8.589201256975451e-06,6.092979527139483e-06,0.008323879309980225,8.597655073023676e-05,2.77091362477222e-06,0.00029373326105996966
natural_full_finetune_fp32_test,fp32,3,3462,up_blocks.1.resnets.1.conv1.bias,0.06812539295912536,-9.986550020563281e-11,-0.004363536114716334,3.3594477166088075e-07,-1.47934969360859e-08,-0.039576187973849646,5.486910365763631e-06,2.77091362477222e-06,0.00029373326105996966
natural_full_finetune_fp32_test,fp32,3,3462,up_blocks.1.resnets.1.norm2.weight,0.11923986831345862,-4.292441752066812e-09,-0.031961778624960385,1.1262945527059235e-06,3.7798331386693174e-08,0.01926034142847539,1.6458382788987134e-05,2.77091362477222e-06,0.00029373326105996966
natural_full_finetune_fp32_test,fp32,3,3462,up_blocks.1.resnets.1.norm2.bias,0.12399909782158909,-7.764340666605458e-11,-0.0007102997178108182,8.815448540778528e-07,-6.076820865602541e-08,-0.03292019530231285,1.4886599544927786e-05,2.77091362477222e-06,0.00029373326105996966
natural_full_finetune_fp32_test,fp32,3,3462,up_blocks.1.resnets.1.conv2.weight,8.204764497606984,-3.212100993222507e-07,-0.0040918811032078185,9.567535133365841e-06,5.931828766972502e-06,0.0019327118513458646,0.00037407215028981524,2.77091362477222e-06,0.00029373326105996966
natural_full_finetune_fp32_test,fp32,3,3462,up_blocks.1.resnets.1.conv2.bias,0.04716058593335951,-1.1048629857222625e-09,-0.05721123746313013,4.0949432802697585e-07,1.8487882978722766e-08,0.01176844270784136,3.331110151197468e-05,2.77091362477222e-06,0.00029373326105996966
natural_full_finetune_fp32_test,fp32,3,3462,up_blocks.1.resnets.2.norm1.weight,0.11895167701298856,-9.403991936474679e-10,-0.005491063035519024,1.439743907948453e-06,8.607365622940474e-09,0.0025279898388823148,2.8623606844424876e-05,2.77091362477222e-06,0.00029373326105996966
natural_full_finetune_fp32_test,fp32,3,3462,up_blocks.1.resnets.2.norm1.bias,0.07076661359357202,-1.7888948009561082e-09,-0.02159808257685354,1.170418535258811e-06,8.15396951734845e-08,0.05161317069442332,2.2324417218713295e-05,2.77091362477222e-06,0.00029373326105996966
natural_full_finetune_fp32_test,fp32,3,3462,up_blocks.1.resnets.2.conv1.weight,8.413692364304731,-4.693179967573473e-07,-0.005216611520863102,1.0692815751104189e-05,8.666473493034079e-06,0.00843913920755856,0.00012205557855234134,2.77091362477222e-06,0.00029373326105996966
natural_full_finetune_fp32_test,fp32,3,3462,up_blocks.1.resnets.2.conv1.bias,0.06040662566898422,-5.85426639794311e-10,-0.023143399804534476,4.187557144615039e-07,3.375927136957586e-08,0.06384362736020655,8.753685391648087e-06,2.77091362477222e-06,0.00029373326105996966
natural_full_finetune_fp32_test,fp32,3,3462,up_blocks.1.resnets.2.norm2.weight,0.11496978088372457,-1.1296150891559126e-08,-0.06200872814879841,1.584506253749449e-06,2.9400885230987545e-08,0.009769699567654961,2.6175530625520302e-05,2.77091362477222e-06,0.00029373326105996966
natural_full_finetune_fp32_test,fp32,3,3462,up_blocks.1.resnets.2.norm2.bias,0.10393327026206563,5.1281337289508906e-09,0.04389273246478307,1.1241185938628227e-06,1.0608246772981677e-07,0.05116886647618173,1.9947258921859844e-05,2.77091362477222e-06,0.00029373326105996966
natural_full_finetune_fp32_test,fp32,3,3462,up_blocks.1.resnets.2.conv2.weight,7.899871608589099,-6.979106998582524e-07,-0.009486971263134523,9.312198793127294e-06,1.6211282010642626e-05,0.004780608441750922,0.00042925380520185614,2.77091362477222e-06,0.00029373326105996966
natural_full_finetune_fp32_test,fp32,3,3462,up_blocks.1.resnets.2.conv2.bias,0.049541924292328746,-1.8744245661456673e-09,-0.0990775858134322,3.8187363957284715e-07,2.4058643456754813e-08,0.014565344874770547,3.334091332749671e-05,2.77091362477222e-06,0.00029373326105996966
natural_full_finetune_fp32_test,fp32,3,3462,up_blocks.1.upsamplers.0.conv.weight,8.156103637170963,-2.157707055726376e-06,-0.007765802976059231,3.406617539637041e-05,0.00014244159689633055,0.009067534794056566,0.0019260380717966241,2.77091362477222e-06,0.00029373326105996966
natural_full_finetune_fp32_test,fp32,3,3462,up_blocks.1.upsamplers.0.conv.bias,0.04785960138339828,1.118009334801539e-10,0.021589584088202805,1.0820119982807608e-07,7.054457798336075e-09,0.0181688397182307,8.112736472814717e-06,2.77091362477222e-06,0.00029373326105996966
natural_full_finetune_fp32_test,fp32,3,3462,up_blocks.2.resnets.0.norm1.weight,0.13070620287019324,-8.585146442037563e-09,-0.04736446423434527,1.3867522533985535e-06,-1.5389211656197852e-07,-0.02676583827683238,4.398851743657555e-05,2.77091362477222e-06,0.00029373326105996966
natural_full_finetune_fp32_test,fp32,3,3462,up_blocks.2.resnets.0.norm1.bias,0.10592679150909548,-1.417395857144459e-09,-0.014246453026944071,9.392443488666076e-07,-4.7649574307049297e-07,-0.17577070260191435,2.5592146816141667e-05,2.77091362477222e-06,0.00029373326105996966
natural_full_finetune_fp32_test,fp32,3,3462,up_blocks.2.resnets.0.conv1.weight,5.710922217967181,-7.978767109854986e-07,-0.013602845577102429,1.0270693656065052e-05,1.7214698256303535e-06,0.0016300769599181964,0.00018492050062942115,2.77091362477222e-06,0.00029373326105996966
natural_full_finetune_fp32_test,fp32,3,3462,up_blocks.2.resnets.0.conv1.bias,0.045720706489949844,-1.4625028147096137e-10,-0.013118194934514995,2.4384266591690313e-07,-2.3875148142678957e-09,-0.007828380498706641,6.670543428662848e-06,2.77091362477222e-06,0.00029373326105996966
natural_full_finetune_fp32_test,fp32,3,3462,up_blocks.2.resnets.0.norm2.weight,0.10042149193319325,5.853278309957803e-09,0.057290884212273796,1.0173888646369479e-06,-5.082313839925344e-07,-0.10642931141698926,4.7552522334271615e-05,2.77091362477222e-06,0.00029373326105996966
natural_full_finetune_fp32_test,fp32,3,3462,up_blocks.2.resnets.0.norm2.bias,0.0586280795829186,-3.689779442211585e-11,-0.0009678308097983336,6.502723604124493e-07,-8.416005925006604e-09,-0.007318699785014972,1.961401175350008e-05,2.77091362477222e-06,0.00029373326105996966
natural_full_finetune_fp32_test,fp32,3,3462,up_blocks.2.resnets.0.conv2.weight,3.637316898110244,-6.765877846396622e-07,-0.023784560609379637,7.820740568495826e-06,2.1000266086373908e-06,0.0017665609775625133,0.00032682481532511523,2.77091362477222e-06,0.00029373326105996966
natural_full_finetune_fp32_test,fp32,3,3462,up_blocks.2.resnets.0.conv2.bias,0.03743236522836216,-5.7612408393458245e-11,-0.008481325180426774,1.8147008650506385e-07,2.2898120933240198e-08,0.039258366213727344,1.558189785815645e-05,2.77091362477222e-06,0.00029373326105996966
natural_full_finetune_fp32_test,fp32,3,3462,up_blocks.2.resnets.0.conv_shortcut.weight,1.4022284863272219,-1.9964372962435396e-06,-0.017077275376283008,8.3371632848289e-05,4.245512373161971e-05,0.005984624060210443,0.0050591138295261115,2.77091362477222e-06,0.00029373326105996966
natural_full_finetune_fp32_test,fp32,3,3462,up_blocks.2.resnets.0.conv_shortcut.bias,0.03743229178164276,-5.760267414084153e-11,-0.00847990880545967,1.8147008650506385e-07,2.2898490747944844e-08,0.03925907728451901,1.558189785815645e-05,2.77091362477222e-06,0.00029373326105996966
natural_full_finetune_fp32_test,fp32,3,3462,up_blocks.2.resnets.1.norm1.weight,0.10137719283480426,2.7522340883717487e-09,0.03160924262887143,8.588770896813206e-07,-1.131439699456536e-08,-0.007859876854097152,1.4199577094012001e-05,2.77091362477222e-06,0.00029373326105996966
natural_full_finetune_fp32_test,fp32,3,3462,up_blocks.2.resnets.1.norm1.bias,0.07136913139827901,2.9588498255483446e-10,0.007619286851566237,5.441243833322772e-07,-1.5774323095722608e-08,-0.01980963586848645,1.115742119685921e-05,2.77091362477222e-06,0.00029373326105996966
natural_full_finetune_fp32_test,fp32,3,3462,up_blocks.2.resnets.1.conv1.weight,3.9201820992803884,-6.16105320390399e-07,-0.01725579124906978,9.107807431933716e-06,3.130104610879427e-06,0.0063188899894565135,0.0001263606399231562,2.77091362477222e-06,0.00029373326105996966
natural_full_finetune_fp32_test,fp32,3,3462,up_blocks.2.resnets.1.conv1.bias,0.04994600020545879,5.551959036510831e-10,0.03228708586000702,3.442838809493086e-07,4.500576387267499e-09,0.013268855428532221,6.791003595821557e-06,2.77091362477222e-06,0.00029373326105996966
natural_full_finetune_fp32_test,fp32,3,3462,up_blocks.2.resnets.1.norm2.weight,0.09103789350264976,1.5845930735225284e-09,0.02971887720362796,5.856837244105286e-07,-7.337387683993053e-08,-0.06778549127101242,1.1890018170746818e-05,2.77091362477222e-06,0.00029373326105996966
natural_full_finetune_fp32_test,fp32,3,3462,up_blocks.2.resnets.1.norm2.bias,0.07744902041765019,1.468212219425292e-10,0.004484328611649211,4.2274207512677976e-07,1.6959043694648461e-09,0.0021667618826712825,1.0105882467870946e-05,2.77091362477222e-06,0.00029373326105996966
natural_full_finetune_fp32_test,fp32,3,3462,up_blocks.2.resnets.1.conv2.weight,3.640805160611897,-8.834607337748705e-07,-0.03020025954735636,8.034875248372696e-06,6.780884429545343e-06,0.005150186047540664,0.00036163127824377986,2.77091362477222e-06,0.00029373326105996966
natural_full_finetune_fp32_test,fp32,3,3462,up_blocks.2.resnets.1.conv2.bias,0.03211510622932235,4.174943631078734e-10,0.07545333713322977,1.7229108295790178e-07,2.5636671028889165e-08,0.051032798297396896,1.5642381903837205e-05,2.77091362477222e-06,0.00029373326105996966
natural_full_finetune_fp32_test,fp32,3,3462,up_blocks.2.resnets.2.norm1.weight,0.10196200129045419,-1.1330179998341717e-08,-0.08907091833373318,1.2475631213372621e-06,-3.3402728729674284e-07,-0.09497488909776698,3.4493304344602e-05,2.77091362477222e-06,0.00029373326105996966
natural_full_finetune_fp32_test,fp32,3,3462,up_blocks.2.resnets.2.norm1.bias,0.06797081414810012,-8.607410030228682e-10,-0.012418254390344366,1.019740029727861e-06,-7.003352227877557e-08,-0.04566060240420695,2.256533891095523e-05,2.77091362477222e-06,0.00029373326105996966
natural_full_finetune_fp32_test,fp32,3,3462,up_blocks.2.resnets.2.conv1.weight,3.8989328829668355,-1.1512230868587643e-06,-0.0258047794338323,1.1442306581528788e-05,-2.2653106913097578e-05,-0.026797229519419267,0.0002168163951486336,2.77091362477222e-06,0.00029373326105996966
natural_full_finetune_fp32_test,fp32,3,3462,up_blocks.2.resnets.2.conv1.bias,0.04784656405480108,1.6090238907484773e-09,0.06721997031017553,5.002803216958045e-07,-3.750671578179463e-09,-0.00873145480038762,8.977836077419076e-06,2.77091362477222e-06,0.00029373326105996966
natural_full_finetune_fp32_test,fp32,3,3462,up_blocks.2.resnets.2.norm2.weight,0.09614545215138932,-2.7332521894532524e-08,-0.1313877003395308,2.163696024843302e-06,-2.432055384232121e-06,-0.12123469182208076,0.00020864971783470998,2.77091362477222e-06,0.00029373326105996966
natural_full_finetune_fp32_test,fp32,3,3462,up_blocks.2.resnets.2.norm2.bias,0.06617087886654142,1.665137100631139e-09,0.03993773118463149,6.300858185708033e-07,-1.820951191052339e-08,-0.011829469090098499,2.3263022910068652e-05,2.77091362477222e-06,0.00029373326105996966
natural_full_finetune_fp32_test,fp32,3,3462,up_blocks.2.resnets.2.conv2.weight,3.5245210952532378,-6.351091106167832e-07,-0.025000139307448446,7.207850989737755e-06,-2.6654935171932777e-05,-0.0201297299369521,0.0003756985924097376,2.77091362477222e-06,0.00029373326105996966
natural_full_finetune_fp32_test,fp32,3,3462,up_blocks.2.resnets.2.conv2.bias,0.04015284228929246,1.2200378781718135e-09,0.20566418859334296,1.4774008509420697e-07,2.925881426581647e-08,0.0463958140949419,1.5705856658147075e-05,2.77091362477222e-06,0.00029373326105996966
natural_full_finetune_fp32_test,fp32,3,3462,up_blocks.2.upsamplers.0.conv.weight,3.1497242677598667,-1.8273522620256544e-06,-0.01567851496306697,3.700367123806968e-05,8.621474477154423e-06,0.0010258731378589403,0.0026681813988817453,2.77091362477222e-06,0.00029373326105996966
natural_full_finetune_fp32_test,fp32,3,3462,up_blocks.2.upsamplers.0.conv.bias,0.04323422083291591,1.9666740774767657e-11,0.00723856351471721,6.284234280154059e-08,1.9718309856001078e-08,0.08212961413790654,5.553186611671831e-06,2.77091362477222e-06,0.00029373326105996966
natural_full_finetune_fp32_test,fp32,3,3462,up_blocks.3.resnets.0.norm1.weight,0.1017451356731104,-3.123923179933876e-10,-0.002786217250186493,1.1019749281862148e-06,-6.164923713294997e-07,-0.14850905516489488,4.080008957592438e-05,2.77091362477222e-06,0.00029373326105996966
natural_full_finetune_fp32_test,fp32,3,3462,up_blocks.3.resnets.0.norm1.bias,0.06305415653706767,1.8953677287880752e-09,0.02822736559584563,1.0649014370696625e-06,-3.3917012395904533e-07,-0.11067242720950685,4.860315198113812e-05,2.77091362477222e-06,0.00029373326105996966
natural_full_finetune_fp32_test,fp32,3,3462,up_blocks.3.resnets.0.conv1.weight,2.376884431660537,-1.9711941713498416e-07,-0.009571368959939671,8.664575340776618e-06,1.6488661142357548e-07,0.00036038005752373343,0.00019249372493438513,2.77091362477222e-06,0.00029373326105996966
natural_full_finetune_fp32_test,fp32,3,3462,up_blocks.3.resnets.0.conv1.bias,0.03460039461811153,2.6108526522953265e-09,0.20183777010522538,3.7385127917531704e-07,-2.118845455453184e-08,-0.04478065085749889,1.3675015517742617e-05,2.77091362477222e-06,0.00029373326105996966
natural_full_finetune_fp32_test,fp32,3,3462,up_blocks.3.resnets.0.norm2.weight,0.10985645258790538,-2.0813119165619807e-08,-0.27242512644838496,6.954476415882859e-07,-3.1203254240340235e-06,-0.6225899051536535,4.562178191138344e-05,2.77091362477222e-06,0.00029373326105996966
natural_full_finetune_fp32_test,fp32,3,3462,up_blocks.3.resnets.0.norm2.bias,0.053040619294590995,1.6808102813629506e-09,0.06231185352644245,5.085567696594857e-07,-3.3774222843222084e-07,-0.18694185541427816,3.406200666340293e-05,2.77091362477222e-06,0.00029373326105996966
natural_full_finetune_fp32_test,fp32,3,3462,up_blocks.3.resnets.0.conv2.weight,1.7525138117658166,-3.791192980085636e-07,-0.04770385283135428,4.534829734826002e-06,-1.545742066932008e-05,-0.06343467297454611,0.00013904291741691048,2.77091362477222e-06,0.00029373326105996966
natural_full_finetune_fp32_test,fp32,3,3462,up_blocks.3.resnets.0.conv2.bias,0.02813451516455344,-4.082339700638512e-10,-0.14709593054011166,9.864363034354775e-08,1.9021634481129473e-08,0.09042757458673721,7.476657976071921e-06,2.77091362477222e-06,0.00029373326105996966
natural_full_finetune_fp32_test,fp32,3,3462,up_blocks.3.resnets.0.conv_shortcut.weight,0.5474171796116315,-8.162730818471143e-07,-0.017474068137268112,8.53341815443154e-05,-4.684606419435821e-05,-0.023396606798555934,0.003657647174157686,2.77091362477222e-06,0.00029373326105996966
natural_full_finetune_fp32_test,fp32,3,3462,up_blocks.3.resnets.0.conv_shortcut.bias,0.028134515270177858,-4.082293293277187e-10,-0.14709425782571442,9.864363034354775e-08,1.9021553014382335e-08,0.0904271869597975,7.476657976071921e-06,2.77091362477222e-06,0.00029373326105996966
natural_full_finetune_fp32_test,fp32,3,3462,up_blocks.3.resnets.1.norm1.weight,0.08339620531314991,-3.0207765670021765e-09,-0.023751556286253875,1.5250365150104992e-06,-2.0501060713155357e-07,-0.04305843363465245,5.7091547473542174e-05,2.77091362477222e-06,0.00029373326105996966
natural_full_finetune_fp32_test,fp32,3,3462,up_blocks.3.resnets.1.norm1.bias,0.041440331190849396,2.9544499031373842e-09,0.03172214851467088,2.24745403674227e-06,4.479839607185002e-07,0.10479842009353428,0.00010315362918667423,2.77091362477222e-06,0.00029373326105996966
natural_full_finetune_fp32_test,fp32,3,3462,up_blocks.3.resnets.1.conv1.weight,1.6761058390239751,-5.27835879510067e-07,-0.01973219912986488,1.595959915718203e-05,-1.849014309182631e-05,-0.04045631362758367,0.0002726795230369073,2.77091362477222e-06,0.00029373326105996966
natural_full_finetune_fp32_test,fp32,3,3462,up_blocks.3.resnets.1.conv1.bias,0.039285949573958076,-5.625054388194988e-09,-0.0795586817925426,1.7997073586596368e-06,1.746715491629977e-07,0.09139074035786947,4.864998622007837e-05,2.77091362477222e-06,0.00029373326105996966
natural_full_finetune_fp32_test,fp32,3,3462,up_blocks.3.resnets.1.norm2.weight,0.10790245511985112,-8.277766322095569e-09,-0.0992019084561533,7.733245698712431e-07,-1.1642649876548096e-06,-0.3460062192500214,3.118434352333692e-05,2.77091362477222e-06,0.00029373326105996966
natural_full_finetune_fp32_test,fp32,3,3462,up_blocks.3.resnets.1.norm2.bias,0.06589799879612172,4.210551542858226e-09,0.11985212111570696,5.33115166099247e-07,-1.8560073518436486e-07,-0.10879675829958474,2.5887583384406424e-05,2.77091362477222e-06,0.00029373326105996966
natural_full_finetune_fp32_test,fp32,3,3462,up_blocks.3.resnets.1.conv2.weight,1.6378429691523646,-4.973540523457085e-07,-0.05822385245552565,5.215458120310186e-06,-8.656908286917871e-06,-0.029291238572100784,0.00018044831029314954,2.77091362477222e-06,0.00029373326105996966
natural_full_finetune_fp32_test,fp32,3,3462,up_blocks.3.resnets.1.conv2.bias,0.024383418758141498,-3.495964538588164e-10,-0.1469454758257608,9.756997685078456e-08,1.966508059984476e-08,0.10397907227347263,7.756310658587722e-06,2.77091362477222e-06,0.00029373326105996966
natural_full_finetune_fp32_test,fp32,3,3462,up_blocks.3.resnets.2.norm1.weight,0.05731266985355789,-6.1690831833836295e-09,-0.06148006779564777,1.7507964140702192e-06,-9.336512228603492e-07,-0.14637971863356364,0.00011128922606600707,2.77091362477222e-06,0.00029373326105996966
natural_full_finetune_fp32_test,fp32,3,3462,up_blocks.3.resnets.2.norm1.bias,0.03461981557462031,-3.539521225590007e-08,-0.17567498713319726,5.819823859127642e-06,-3.839151062303019e-06,-0.4209917914486128,0.0002634127686094213,2.77091362477222e-06,0.00029373326105996966
natural_full_finetune_fp32_test,fp32,3,3462,up_blocks.3.resnets.2.conv1.weight,1.6395615270099564,-5.7890748769934114e-08,-0.001910630317572055,1.848011983993633e-05,-5.297294367975049e-06,-0.007133371489662526,0.0004529304789985023,2.77091362477222e-06,0.00029373326105996966
natural_full_finetune_fp32_test,fp32,3,3462,up_blocks.3.resnets.2.conv1.bias,0.038005289768969996,-1.101016757884487e-08,-0.09792839647468611,2.9582933535820116e-06,-6.735509164714421e-07,-0.23104583154844696,7.670580741555605e-05,2.77091362477222e-06,0.00029373326105996966
natural_full_finetune_fp32_test,fp32,3,3462,up_blocks.3.resnets.2.norm2.weight,0.10977134706723064,-1.926139620124316e-08,-0.18220561214769557,9.630238021459532e-07,-1.942706211035389e-06,-0.4360451817395313,4.0586971170079686e-05,2.77091362477222e-06,0.00029373326105996966
natural_full_finetune_fp32_test,fp32,3,3462,up_blocks.3.resnets.2.norm2.bias,0.0723461949951043,-1.154848119524973e-08,-0.18254193441978495,8.744732487996543e-07,-1.710208957738898e-06,-0.5546921013148657,4.2616865175420184e-05,2.77091362477222e-06,0.00029373326105996966
natural_full_finetune_fp32_test,fp32,3,3462,up_blocks.3.resnets.2.conv2.weight,1.7914762185357263,-2.704636804630764e-07,-0.03099061136178304,4.871556708724148e-06,-2.232497050106547e-05,-0.07633242721793529,0.00016325660994243702,2.77091362477222e-06,0.00029373326105996966
natural_full_finetune_fp32_test,fp32,3,3462,up_blocks.3.resnets.2.conv2.bias,0.03974688217133242,-1.0380832119981347e-10,-0.04393162160520456,5.945000096824808e-08,-1.7974291681333857e-08,-0.051762053536486434,8.736494745540759e-06,2.77091362477222e-06,0.00029373326105996966
natural_full_finetune_fp32_test,fp32,3,3462,mid_block.attentions.0.group_norm.weight,0.3606373148114723,-1.3411036670007952e-08,-0.03740609442444863,9.941440633859362e-07,-3.812492145139913e-07,-0.039689122347212315,2.6635864777397696e-05,2.77091362477222e-06,0.00029373326105996966
natural_full_finetune_fp32_test,fp32,3,3462,mid_block.attentions.0.group_norm.bias,0.06696109923231726,1.9959794171121564e-09,0.02238315934989411,1.3317174714257404e-06,1.5604175030744472e-07,0.0639291748551762,3.64518135112068e-05,2.77091362477222e-06,0.00029373326105996966
natural_full_finetune_fp32_test,fp32,3,3462,mid_block.attentions.0.to_q.weight,2.5270231867469803,-1.9361581807533796e-08,-0.0028402357310290637,2.6975979445422273e-06,7.014149011836547e-07,0.009169188462969196,3.0271564157141832e-05,2.77091362477222e-06,0.00029373326105996966
natural_full_finetune_fp32_test,fp32,3,3462,mid_block.attentions.0.to_q.bias,0.10437004197813875,-3.138174432203032e-09,-0.2004738578805683,1.4998349641540076e-07,6.092765864237317e-08,0.3080370847200198,1.8951152503244372e-06,2.77091362477222e-06,0.00029373326105996966
natural_full_finetune_fp32_test,fp32,3,3462,mid_block.attentions.0.to_k.weight,2.514919303206551,3.781239723357235e-08,0.007859525418592634,1.912994998273643e-06,-1.7409515474255366e-07,-0.003827452099178647,1.8086430585012865e-05,2.77091362477222e-06,0.00029373326105996966
natural_full_finetune_fp32_test,fp32,3,3462,mid_block.attentions.0.to_k.bias,4.9869490576747045e-05,-4.89287269478459e-18,-0.47426908618819413,2.0687316885328236e-13,5.696870269153824e-17,0.2589385035378244,4.411687725856247e-12,2.77091362477222e-06,0.00029373326105996966
natural_full_finetune_fp32_test,fp32,3,3462,mid_block.attentions.0.to_v.weight,1.9434071562760704,-2.3505754128597538e-07,-0.013791956030523776,8.769695771210505e-06,7.927856803237912e-06,0.015570753233890155,0.0002619885899475985,2.77091362477222e-06,0.00029373326105996966
natural_full_finetune_fp32_test,fp32,3,3462,mid_block.attentions.0.to_v.bias,0.03443790775537747,6.057979290044089e-09,0.19914544965764608,8.833252365619056e-07,5.8117827597645555e-08,0.054192620314067914,3.1140993469111484e-05,2.77091362477222e-06,0.00029373326105996966
natural_full_finetune_fp32_test,fp32,3,3462,mid_block.attentions.0.to_out.0.weight,2.531877821623644,-2.396592934478895e-07,-0.009594343784474586,9.865889660889356e-06,3.2323795313037556e-05,0.01633680157315977,0.0007814704657893092,2.77091362477222e-06,0.00029373326105996966
natural_full_finetune_fp32_test,fp32,3,3462,mid_block.attentions.0.to_out.0.bias,0.046564251217227924,-5.585024137530961e-09,-0.061171073088654465,1.9607685467000257e-06,-1.5871447511092368e-07,-0.02203802588143151,0.00015466470757729856,2.77091362477222e-06,0.00029373326105996966
natural_full_finetune_fp32_test,fp32,3,3462,mid_block.resnets.0.norm1.weight,0.09190160729441713,-1.7542883921734443e-08,-0.12576250598777977,1.5178424687802908e-06,7.918412938309987e-08,0.02522267155812761,3.4160479211728274e-05,2.77091362477222e-06,0.00029373326105996966
natural_full_finetune_fp32_test,fp32,3,3462,mid_block.resnets.0.norm1.bias,0.0791678892697856,-4.803801318871037e-08,-0.3407244406191803,1.7808719096069118e-06,1.2655008820639502e-07,0.04683124987051216,3.4133249658413734e-05,2.77091362477222e-06,0.00029373326105996966
natural_full_finetune_fp32_test,fp32,3,3462,mid_block.resnets.0.conv1.weight,7.126851505146524,3.355839083724947e-07,0.005205342323066131,9.045948734332507e-06,-4.38793982681262e-06,-0.0037766581219414023,0.00016302540238938767,2.77091362477222e-06,0.00029373326105996966
natural_full_finetune_fp32_test,fp32,3,3462,mid_block.resnets.0.conv1.bias,0.05238238625480685,2.4650765130718136e-10,0.018294962218689027,2.572252560704292e-07,2.3767127393073674e-08,0.06955588428978422,6.523152610813005e-06,2.77091362477222e-06,0.00029373326105996966
natural_full_finetune_fp32_test,fp32,3,3462,mid_block.resnets.0.norm2.weight,0.18650248461967495,-2.9435021627944132e-08,-0.042300295800026366,3.7310952226922262e-06,-1.415733465271469e-07,-0.008839421713143737,8.587624025382747e-05,2.77091362477222e-06,0.00029373326105996966
natural_full_finetune_fp32_test,fp32,3,3462,mid_block.resnets.0.norm2.bias,0.059097946026763604,-7.88318382618066e-08,-0.2741427470934498,4.865780419936203e-06,-6.778402559085374e-08,-0.010102750398159182,0.00011353123103563315,2.77091362477222e-06,0.00029373326105996966
natural_full_finetune_fp32_test,fp32,3,3462,mid_block.resnets.0.conv2.weight,7.929291233829619,-5.358328600941066e-07,-0.0040211263331726985,1.6805338178636982e-05,-1.4331330181693654e-05,-0.0024834495038438503,0.0007277744399467385,2.77091362477222e-06,0.00029373326105996966
natural_full_finetune_fp32_test,fp32,3,3462,mid_block.resnets.0.conv2.bias,0.03910952467110126,-5.626497527190971e-09,-0.06950990755532004,2.069707072678779e-06,-4.130607032105369e-07,-0.06739717833634869,0.00015670744425281592,2.77091362477222e-06,0.00029373326105996966
natural_full_finetune_fp32_test,fp32,3,3462,mid_block.resnets.1.norm1.weight,0.135511938531452,-6.1223205488428345e-09,-0.05207162977257784,8.676355448267899e-07,2.0679583823590023e-07,0.09842021242279864,1.550529160264197e-05,2.77091362477222e-06,0.00029373326105996966
natural_full_finetune_fp32_test,fp32,3,3462,mid_block.resnets.1.norm1.bias,0.09029825142919626,5.090585729918863e-09,0.0670055834534121,8.413514005644417e-07,-7.513946468167378e-08,-0.06231280246583468,1.3354003090710269e-05,2.77091362477222e-06,0.00029373326105996966
natural_full_finetune_fp32_test,fp32,3,3462,mid_block.resnets.1.conv1.weight,7.730070159529456,1.6142095007280884e-07,0.002920239744129131,7.150854740673971e-06,1.590005729209644e-06,0.001993791038209238,0.00010316576761821595,2.77091362477222e-06,0.00029373326105996966
natural_full_finetune_fp32_test,fp32,3,3462,mid_block.resnets.1.conv1.bias,0.054323513728997075,-1.0439406166980012e-10,-0.009197085663614506,2.0894775553249611e-07,1.8840724260508246e-09,0.008344783264030188,4.15618316789429e-06,2.77091362477222e-06,0.00029373326105996966
natural_full_finetune_fp32_test,fp32,3,3462,mid_block.resnets.1.norm2.weight,0.1773935278849168,-1.475252585278355e-08,-0.07908774915503711,1.0515245047858346e-06,2.6398726303626306e-07,0.08024629545032502,1.8544716997681005e-05,2.77091362477222e-06,0.00029373326105996966
natural_full_finetune_fp32_test,fp32,3,3462,mid_block.resnets.1.norm2.bias,0.05439995884116133,-1.844131028342664e-08,-0.11559932139823678,2.932499314958576e-06,2.5520095247438834e-07,0.06948494590420995,6.751386890504965e-05,2.77091362477222e-06,0.00029373326105996966
natural_full_finetune_fp32_test,fp32,3,3462,mid_block.resnets.1.conv2.weight,8.106219538859941,-7.097850619510507e-07,-0.009270743899891154,9.444824870588448e-06,4.269799123302811e-06,0.0010117690283463906,0.0005206042405829261,2.77091362477222e-06,0.00029373326105996966
natural_full_finetune_fp32_test,fp32,3,3462,mid_block.resnets.1.conv2.bias,0.0390196170570074,-5.345995004360115e-09,-0.07551495700663814,1.8143144782262325e-06,-2.160706536283895e-07,-0.035993985065730066,0.0001538448103311153,2.77091362477222e-06,0.00029373326105996966
natural_full_finetune_fp32_test,fp32,3,3462,conv_norm_out.weight,0.1309617329720699,-1.0153006061873089e-07,-0.1346142082910943,5.759162475221862e-06,-8.05881317726461e-06,-0.10295014078877626,0.0005977226726875274,2.77091362477222e-06,0.00029373326105996966
natural_full_finetune_fp32_test,fp32,3,3462,conv_norm_out.bias,0.042285336602511006,-3.5269498122830765e-08,-0.12118557145721551,6.882695760494504e-06,1.3300432343944026e-06,0.022099027479970782,0.0014233208273023309,2.77091362477222e-06,0.00029373326105996966
natural_full_finetune_fp32_test,fp32,3,3462,conv_out.weight,0.10061902053033986,-1.4119843674752606e-06,-0.04562207446576111,0.00030759181454342903,-9.646317602780426e-05,-0.09612026343815588,0.009973934666046083,2.77091362477222e-06,0.00029373326105996966
natural_full_finetune_fp32_test,fp32,3,3462,conv_out.bias,0.0020736331801071,-2.1660112627790624e-09,-0.2921081379285937,3.575897987837402e-06,6.578050947344654e-06,0.9866081157036853,0.0032152934502586933,2.77091362477222e-06,0.00029373326105996966
