step,applied,reason,block,discriminator_loss,discriminator_applied,reconstruction_mse,perceptual_loss,preservation_mse,loss,residual_loss,trust_loss,spectral_loss,adversarial_loss,grad_norm,learning_rate
1,True,,,,,0.004551718011498451,0.07249654084444046,0.0,0.011801372282207012,0.0,0.0,0.0,0.0,0.03632981330156326,2.5e-05
2,True,,,,,0.0027317474596202374,0.05478626489639282,0.0,0.008210374042391777,0.0,0.0,0.0,0.0,0.02728380635380745,5e-05
3,True,,,,,0.0029000211507081985,0.055077940225601196,0.0,0.008407815359532833,0.0,0.0,0.0,0.0,0.04561913385987282,7.500000000000001e-05
4,True,,,,,0.0024530948139727116,0.05201081186532974,0.0,0.007654176093637943,0.0,0.0,0.0,0.0,0.03867977857589722,0.0001
5,True,,,,,0.004539179615676403,0.07199645042419434,0.0,0.011738824658095837,0.0,0.0,0.0,0.0,0.04261893779039383,0.000125
6,True,,,,,0.00606762059032917,0.10094623267650604,0.0,0.016162242740392685,0.0,0.0,0.0,0.0,0.0529596246778965,0.00015000000000000001
7,True,,,,,0.004582993220537901,0.0853806585073471,0.0,0.013121059164404869,0.0,0.0,0.0,0.0,0.056460414081811905,0.000175
8,True,,,,,0.0033350714948028326,0.06182422116398811,0.0,0.009517493657767773,0.0,0.0,0.0,0.0,0.04113459587097168,0.0002
9,True,,,,,0.009936443530023098,0.11233127862215042,0.0,0.021169571205973625,0.0,0.0,0.0,0.0,0.07605066150426865,0.00022500000000000002
10,True,,,,,0.0026128562167286873,0.06365787982940674,0.0,0.008978644385933876,0.0,0.0,0.0,0.0,0.07317965477705002,0.00025
11,True,,,,,0.004322465043514967,0.09729368984699249,0.0,0.014051834121346474,0.0,0.0,0.0,0.0,0.11501158773899078,0.00027499999999999996
12,True,,,,,0.003761807456612587,0.0818873941898346,0.0,0.011950546875596046,0.0,0.0,0.0,0.0,0.05027911067008972,0.00030000000000000003
13,True,,,,,0.00382596324197948,0.09032492339611053,0.0,0.012858456000685692,0.0,0.0,0.0,0.0,0.05892933905124664,0.00032500000000000004
14,True,,,,,0.005539292469620705,0.08220760524272919,0.0,0.013760053552687168,0.0,0.0,0.0,0.0,0.05617872253060341,0.00035
15,True,,,,,0.004101335536688566,0.07831699401140213,0.0,0.011933034285902977,0.0,0.0,0.0,0.0,0.04062366485595703,0.000375
16,True,,,,,0.0038704066537320614,0.09360463172197342,0.0,0.013230869546532631,0.0,0.0,0.0,0.0,0.07968267053365707,0.0004
17,True,,,,,0.003244379535317421,0.07738953083753586,0.0,0.010983332991600037,0.0,0.0,0.0,0.0,0.060738369822502136,0.00042500000000000003
18,True,,,,,0.004594943951815367,0.10317229479551315,0.0,0.01491217315196991,0.0,0.0,0.0,0.0,0.06447070837020874,0.00045000000000000004
19,True,,,,,0.006758817937225103,0.09739319980144501,0.0,0.016498137265443802,0.0,0.0,0.0,0.0,0.071675606071949,0.000475
20,True,,,,,0.0018315825145691633,0.05032133683562279,0.0,0.006863716058433056,0.0,0.0,0.0,0.0,0.07895506173372269,0.0005
21,True,,,,,0.006972612347453833,0.08991353213787079,0.0,0.0159639660269022,0.0,0.0,0.0,0.0,0.07734301686286926,0.0005
22,True,,,,,0.0019963406957685947,0.0679781585931778,0.0,0.008794156834483147,0.0,0.0,0.0,0.0,0.07495025545358658,0.0004999988415254123
23,True,,,,,0.0027672983705997467,0.06348267942667007,0.0,0.009115566499531269,0.0,0.0,0.0,0.0,0.054446712136268616,0.0004999953661135786
24,True,,,,,0.0030751812737435102,0.08944088965654373,0.0,0.012019271031022072,0.0,0.0,0.0,0.0,0.07822736352682114,0.0004999895738002872
25,True,,,,,0.003971531521528959,0.08444705605506897,0.0,0.012416237965226173,0.0,0.0,0.0,0.0,0.07098495215177536,0.0004999814646451848
26,True,,,,,0.005991501267999411,0.10982193797826767,0.0,0.016973694786429405,0.0,0.0,0.0,0.0,0.08202551305294037,0.0004999710387317757
27,True,,,,,0.004015947226434946,0.07906302809715271,0.0,0.01192224957048893,0.0,0.0,0.0,0.0,0.07913125306367874,0.0004999582961674213
28,True,,,,,0.0026513542979955673,0.07095565646886826,0.0,0.009746920317411423,0.0,0.0,0.0,0.0,0.06459074467420578,0.0004999432370833389
29,True,,,,,0.003526435699313879,0.08407384157180786,0.0,0.011933820322155952,0.0,0.0,0.0,0.0,0.07199068367481232,0.0004999258616346003
30,True,,,,,0.005754830315709114,0.104647696018219,0.0,0.016219601035118103,0.0,0.0,0.0,0.0,0.07995785772800446,0.0004999061700001298
31,True,,,,,0.0030331145972013474,0.10486926138401031,0.0,0.013520040549337864,0.0,0.0,0.0,0.0,0.06751710921525955,0.0004998841623827032
32,True,,,,,0.005180430598556995,0.09543205797672272,0.0,0.014723636209964752,0.0,0.0,0.0,0.0,0.06525751203298569,0.0004998598390089451
33,True,,,,,0.0036028437316417694,0.08728332817554474,0.0,0.012331176549196243,0.0,0.0,0.0,0.0,0.11296693235635757,0.0004998332001293266
34,True,,,,,0.004227031487971544,0.09465934336185455,0.0,0.013692965731024742,0.0,0.0,0.0,0.0,0.09655837714672089,0.0004998042460181632
35,True,,,,,0.004904353059828281,0.0902804285287857,0.0,0.013932395726442337,0.0,0.0,0.0,0.0,0.06905121356248856,0.000499772976973611
36,True,,,,,0.0042762141674757,0.08952353894710541,0.0,0.013228568248450756,0.0,0.0,0.0,0.0,0.07538198679685593,0.0004997393933176648
37,True,,,,,0.005371249280869961,0.10207121074199677,0.0,0.015578370541334152,0.0,0.0,0.0,0.0,0.062040675431489944,0.0004997034953961541
38,True,,,,,0.0024944820906966925,0.08955322951078415,0.0,0.011449805460870266,0.0,0.0,0.0,0.0,0.1461889147758484,0.0004996652835787394
39,True,,,,,0.0031597416382282972,0.0861821174621582,0.0,0.011777954176068306,0.0,0.0,0.0,0.0,0.07330723106861115,0.0004996247582589092
40,True,,,,,0.002888781949877739,0.06546717137098312,0.0,0.009435499086976051,0.0,0.0,0.0,0.0,0.08679555356502533,0.0004995819198539748
41,True,,,,,0.007983758114278316,0.1390697956085205,0.0,0.021890737116336823,0.0,0.0,0.0,0.0,0.11606378853321075,0.0004995367688050669
42,True,,,,,0.005264200270175934,0.10724741220474243,0.0,0.015988942235708237,0.0,0.0,0.0,0.0,0.09165480732917786,0.000499489305577131
43,True,,,,,0.004081509076058865,0.12207039445638657,0.0,0.016288548707962036,0.0,0.0,0.0,0.0,0.0975547805428505,0.0004994395306589218
44,True,,,,,0.0031418909784406424,0.07858452200889587,0.0,0.011000343598425388,0.0,0.0,0.0,0.0,0.06531732529401779,0.0004993874445629995
45,True,,,,,0.00700274808332324,0.10634628683328629,0.0,0.017637377604842186,0.0,0.0,0.0,0.0,0.08434179425239563,0.0004993330478257231
46,True,,,,,0.0038721561431884766,0.11414563655853271,0.0,0.015286720357835293,0.0,0.0,0.0,0.0,0.12759184837341309,0.000499276341007246
47,True,,,,,0.003167504910379648,0.069623202085495,0.0,0.010129825212061405,0.0,0.0,0.0,0.0,0.060601282864809036,0.0004992173246915094
48,True,,,,,0.004874938167631626,0.09921841323375702,0.0,0.014796779491007328,0.0,0.0,0.0,0.0,0.05985911935567856,0.0004991559994862371
49,True,,,,,0.0020840123761445284,0.06427997350692749,0.0,0.008512009866535664,0.0,0.0,0.0,0.0,0.05772850289940834,0.0004990923660229285
50,True,,,,,0.00284494087100029,0.0760364681482315,0.0,0.01044858805835247,0.0,0.0,0.0,0.0,0.06737889349460602,0.0004990264249568523
51,True,,,,,0.002484635915607214,0.07965631783008575,0.0,0.010450268164277077,0.0,0.0,0.0,0.0,0.10760670900344849,0.0004989581769670404
52,True,,,,,0.005813366733491421,0.10036009550094604,0.0,0.01584937609732151,0.0,0.0,0.0,0.0,0.09109872579574585,0.0004988876227562798
53,True,,,,,0.003166400594636798,0.07433608919382095,0.0,0.010600009933114052,0.0,0.0,0.0,0.0,0.08825352042913437,0.000498814763051106
54,True,,,,,0.004823312163352966,0.09255965054035187,0.0,0.014079277403652668,0.0,0.0,0.0,0.0,0.07158669084310532,0.000498739598601796
55,True,,,,,0.006199347786605358,0.09900543093681335,0.0,0.01609989069402218,0.0,0.0,0.0,0.0,0.06584566831588745,0.0004986621301823592
56,True,,,,,0.004896522965282202,0.0886731967329979,0.0,0.013763843104243279,0.0,0.0,0.0,0.0,0.12383615225553513,0.000498582358590531
57,True,,,,,0.0031514926813542843,0.07335735857486725,0.0,0.010487228631973267,0.0,0.0,0.0,0.0,0.0717133954167366,0.0004985002846477633
58,True,,,,,0.006792931817471981,0.08193543553352356,0.0,0.014986475929617882,0.0,0.0,0.0,0.0,0.061920713633298874,0.0004984159091992169
59,True,,,,,0.002708638785406947,0.0731666162610054,0.0,0.010025300085544586,0.0,0.0,0.0,0.0,0.08102404326200485,0.0004983292331137523
60,True,,,,,0.006765630096197128,0.09880165755748749,0.0,0.016645796597003937,0.0,0.0,0.0,0.0,0.05872273072600365,0.0004982402572839209
61,True,,,,,0.0027786041609942913,0.07846023142337799,0.0,0.010624626651406288,0.0,0.0,0.0,0.0,0.061777014285326004,0.0004981489826259561
62,True,,,,,0.004082981497049332,0.09036165475845337,0.0,0.013119147159159184,0.0,0.0,0.0,0.0,0.09001704305410385,0.0004980554100797634
63,True,,,,,0.0053536538034677505,0.09293720126152039,0.0,0.014647373929619789,0.0,0.0,0.0,0.0,0.0636148750782013,0.0004979595406089108
64,True,,,,,0.0052064829505980015,0.08574654161930084,0.0,0.013781137764453888,0.0,0.0,0.0,0.0,0.048681389540433884,0.0004978613752006193
65,True,,,,,0.0038065514527261257,0.07410024106502533,0.0,0.011216575279831886,0.0,0.0,0.0,0.0,0.059109415858983994,0.0004977609148657523
66,True,,,,,0.007703564129769802,0.09700906276702881,0.0,0.017404470592737198,0.0,0.0,0.0,0.0,0.07622364908456802,0.0004976581606388051
67,True,,,,,0.0072568850591778755,0.11387262493371964,0.0,0.018644146621227264,0.0,0.0,0.0,0.0,0.10127177089452744,0.000497553113577895
68,True,,,,,0.004583149217069149,0.0916610062122345,0.0,0.013749250210821629,0.0,0.0,0.0,0.0,0.06551975756883621,0.0004974457747647492
69,True,,,,,0.007322947960346937,0.10896779596805573,0.0,0.018219728022813797,0.0,0.0,0.0,0.0,0.09274177998304367,0.0004973361453046951
70,True,,,,,0.004568779841065407,0.0804300606250763,0.0,0.012611785903573036,0.0,0.0,0.0,0.0,0.06408654153347015,0.0004972242263266473
71,True,,,,,0.0036310162395238876,0.08466316014528275,0.0,0.012097332626581192,0.0,0.0,0.0,0.0,0.09230365604162216,0.0004971100189830977
72,True,,,,,0.0050199939869344234,0.09563298523426056,0.0,0.014583293348550797,0.0,0.0,0.0,0.0,0.05768395960330963,0.0004969935244501022
73,True,,,,,0.003770710900425911,0.07700373232364655,0.0,0.01147108431905508,0.0,0.0,0.0,0.0,0.056327808648347855,0.0004968747439272692
74,True,,,,,0.0047129369340837,0.09575256705284119,0.0,0.014288194477558136,0.0,0.0,0.0,0.0,0.07184561342000961,0.0004967536786377473
75,True,,,,,0.006632047705352306,0.10567662119865417,0.0,0.01719971001148224,0.0,0.0,0.0,0.0,0.04448365792632103,0.0004966303298282128
76,True,,,,,0.006621233653277159,0.08348926901817322,0.0,0.014970161020755768,0.0,0.0,0.0,0.0,0.05180027335882187,0.0004965046987688563
77,True,,,,,0.004607647657394409,0.07574593275785446,0.0,0.012182241305708885,0.0,0.0,0.0,0.0,0.07807758450508118,0.0004963767867533701
78,True,,,,,0.0051004597917199135,0.10134279727935791,0.0,0.015234739519655704,0.0,0.0,0.0,0.0,0.07490304112434387,0.0004962465950989351
79,True,,,,,0.002062570070847869,0.05504758656024933,0.0,0.007567328400909901,0.0,0.0,0.0,0.0,0.08707679808139801,0.0004961141251462062
80,True,,,,,0.001877616043202579,0.08624552190303802,0.0,0.010502168908715248,0.0,0.0,0.0,0.0,0.07621832937002182,0.0004959793782593
81,True,,,,,0.0047066849656403065,0.08981424570083618,0.0,0.013688109815120697,0.0,0.0,0.0,0.0,0.06098737195134163,0.0004958423558257794
82,True,,,,,0.0079592140391469,0.11381261050701141,0.0,0.019340474158525467,0.0,0.0,0.0,0.0,0.09131872653961182,0.0004957030592566399
83,True,,,,,0.003686589887365699,0.06773970276117325,0.0,0.010460560210049152,0.0,0.0,0.0,0.0,0.07727812975645065,0.0004955614899862953
84,True,,,,,0.0027481750585138798,0.09607554227113724,0.0,0.012355729937553406,0.0,0.0,0.0,0.0,0.0932568907737732,0.0004954176494725625
85,True,,,,,0.003686819924041629,0.09964095056056976,0.0,0.013650915585458279,0.0,0.0,0.0,0.0,0.07984432578086853,0.0004952715391966467
86,True,,,,,0.005479180719703436,0.09265783429145813,0.0,0.014744963496923447,0.0,0.0,0.0,0.0,0.09120109677314758,0.0004951231606631258
87,True,,,,,0.002623426727950573,0.07787099480628967,0.0,0.010410526767373085,0.0,0.0,0.0,0.0,0.1280842125415802,0.0004949725153999357
88,True,,,,,0.004226613789796829,0.09275972843170166,0.0,0.013502586632966995,0.0,0.0,0.0,0.0,0.07046891003847122,0.0004948196049583538
89,True,,,,,0.004537384025752544,0.10496331751346588,0.0,0.015033716335892677,0.0,0.0,0.0,0.0,0.07395726442337036,0.0004946644309129833
90,True,,,,,0.0044442713260650635,0.08973538875579834,0.0,0.013417810201644897,0.0,0.0,0.0,0.0,0.11797408014535904,0.0004945069948617367
91,True,,,,,0.00405892264097929,0.08204129338264465,0.0,0.01226305216550827,0.0,0.0,0.0,0.0,0.07660697400569916,0.0004943472984258203
92,True,,,,,0.006979802157729864,0.10980639606714249,0.0,0.0179604422301054,0.0,0.0,0.0,0.0,0.05778104066848755,0.0004941853432497163
93,True,,,,,0.006875120103359222,0.11315843462944031,0.0,0.018190965056419373,0.0,0.0,0.0,0.0,0.08324991166591644,0.0004940211310011664
94,True,,,,,0.005038602743297815,0.08933408558368683,0.0,0.01397201232612133,0.0,0.0,0.0,0.0,0.08691833168268204,0.0004938546633711549
95,True,,,,,0.00416444381698966,0.09752878546714783,0.0,0.01391732320189476,0.0,0.0,0.0,0.0,0.056559007614851,0.0004936859420738908
96,True,,,,,0.005186106078326702,0.09472128748893738,0.0,0.014658235013484955,0.0,0.0,0.0,0.0,0.07100430876016617,0.0004935149688467905
97,True,,,,,0.0029503852128982544,0.08275763690471649,0.0,0.011226149275898933,0.0,0.0,0.0,0.0,0.07723433524370193,0.0004933417454504595
98,True,,,,,0.0036605331115424633,0.08321941643953323,0.0,0.011982474476099014,0.0,0.0,0.0,0.0,0.07497317343950272,0.0004931662736686748
99,True,,,,,0.006498213857412338,0.09959286451339722,0.0,0.01645750179886818,0.0,0.0,0.0,0.0,0.06948241591453552,0.0004929885553083663
100,True,,,,,0.0025461390614509583,0.07955408841371536,0.0,0.01050154771655798,0.0,0.0,0.0,0.0,0.04682747274637222,0.0004928085921995978
101,True,,,,,0.005017334129661322,0.0981687605381012,0.0,0.014834210276603699,0.0,0.0,0.0,0.0,0.05591001734137535,0.000492626386195549
102,True,,,,,0.0038485154509544373,0.09612157940864563,0.0,0.013460673391819,0.0,0.0,0.0,0.0,0.09229839593172073,0.0004924419391724956
103,True,,,,,0.0040176305919885635,0.09457042813301086,0.0,0.013474673964083195,0.0,0.0,0.0,0.0,0.06410373747348785,0.0004922552530297902
104,True,,,,,0.003469005925580859,0.07862280309200287,0.0,0.011331286281347275,0.0,0.0,0.0,0.0,0.10221634805202484,0.0004920663296898433
105,True,,,,,0.004086696542799473,0.10977974534034729,0.0,0.015064671635627747,0.0,0.0,0.0,0.0,0.09062594175338745,0.0004918751710981026
106,True,,,,,0.0041012270376086235,0.07803206145763397,0.0,0.011904433369636536,0.0,0.0,0.0,0.0,0.05172150209546089,0.0004916817792230339
107,True,,,,,0.004772517364472151,0.0840601772069931,0.0,0.013178534805774689,0.0,0.0,0.0,0.0,0.10831394791603088,0.0004914861560560996
108,True,,,,,0.0032550226897001266,0.07595957815647125,0.0,0.010850980877876282,0.0,0.0,0.0,0.0,0.05815781652927399,0.0004912883036117399
109,True,,,,,0.004151659552007914,0.0852641686797142,0.0,0.012678077444434166,0.0,0.0,0.0,0.0,0.05754132568836212,0.0004910882239273504
110,True,,,,,0.0036316486075520515,0.08779413253068924,0.0,0.01241106167435646,0.0,0.0,0.0,0.0,0.04667172208428383,0.000490885919063262
111,True,,,,,0.004119101446121931,0.11865486204624176,0.0,0.015984587371349335,0.0,0.0,0.0,0.0,0.08356590569019318,0.0004906813911027195
112,True,,,,,0.004418516531586647,0.07715927809476852,0.0,0.01213444396853447,0.0,0.0,0.0,0.0,0.05750323086977005,0.0004904746421518603
113,True,,,,,0.004233901854604483,0.10204821825027466,0.0,0.014438724145293236,0.0,0.0,0.0,0.0,0.06112753972411156,0.0004902656743396924
114,True,,,,,0.0019389785593375564,0.07018473744392395,0.0,0.0089574521407485,0.0,0.0,0.0,0.0,0.05455091968178749,0.0004900544898180727
115,True,,,,,0.002168758772313595,0.06327396631240845,0.0,0.008496155962347984,0.0,0.0,0.0,0.0,0.06916125863790512,0.0004898410907616847
116,True,,,,,0.002908184193074703,0.06115545332431793,0.0,0.009023729711771011,0.0,0.0,0.0,0.0,0.04177096486091614,0.0004896254793680165
117,True,,,,,0.00540343439206481,0.10452532023191452,0.0,0.01585596613585949,0.0,0.0,0.0,0.0,0.06553871929645538,0.0004894076578573374
118,True,,,,,0.004838186781853437,0.094050332903862,0.0,0.014243220910429955,0.0,0.0,0.0,0.0,0.06739678233861923,0.0004891876284726756
119,True,,,,,0.0027704336680471897,0.08515986800193787,0.0,0.011286420747637749,0.0,0.0,0.0,0.0,0.07343025505542755,0.0004889653934797954
120,True,,,,,0.0012168297544121742,0.059037283062934875,0.0,0.007120558060705662,0.0,0.0,0.0,0.0,0.04839753359556198,0.0004887409551671729
121,True,,,,,0.0016835636924952269,0.05248583108186722,0.0,0.006932146847248077,0.0,0.0,0.0,0.0,0.04262178763747215,0.0004885143158459735
122,True,,,,,0.005017090123146772,0.0943685919046402,0.0,0.01445394940674305,0.0,0.0,0.0,0.0,0.06860809028148651,0.0004882854778500272
123,True,,,,,0.0031115571036934853,0.08463472872972488,0.0,0.011575030162930489,0.0,0.0,0.0,0.0,0.05355829745531082,0.0004880544435358052
124,True,,,,,0.007744725793600082,0.11363223940134048,0.0,0.01910794898867607,0.0,0.0,0.0,0.0,0.048886988312006,0.00048782121528239547
125,True,,,,,0.00292012095451355,0.06551516056060791,0.0,0.009471637196838856,0.0,0.0,0.0,0.0,0.0661187469959259,0.0004875857954914778
126,True,,,,,0.004770185798406601,0.09260056912899017,0.0,0.014030243270099163,0.0,0.0,0.0,0.0,0.0842515155673027,0.00048734818658729983
127,True,,,,,0.004954678006470203,0.08776514232158661,0.0,0.013731192797422409,0.0,0.0,0.0,0.0,0.05562081187963486,0.00048710839101665166
128,True,,,,,0.003723828587681055,0.07767614722251892,0.0,0.01149144396185875,0.0,0.0,0.0,0.0,0.06680881977081299,0.00048686641124884045
129,True,,,,,0.0035616508685052395,0.07153505086898804,0.0,0.010715155862271786,0.0,0.0,0.0,0.0,0.080330491065979,0.00048662224977566557
130,True,,,,,0.005443720147013664,0.1127786934375763,0.0,0.016721589490771294,0.0,0.0,0.0,0.0,0.09019450843334198,0.00048637590911139233
131,True,,,,,0.0034245632123202085,0.08365949243307114,0.0,0.011790513060986996,0.0,0.0,0.0,0.0,0.08226896822452545,0.0004861273917927266
132,True,,,,,0.0036903906147927046,0.06623146682977676,0.0,0.01031353697180748,0.0,0.0,0.0,0.0,0.043080784380435944,0.0004858767003787884
133,True,,,,,0.004710843786597252,0.0947597548365593,0.0,0.014186819083988667,0.0,0.0,0.0,0.0,0.09457752853631973,0.0004856238374510854
134,True,,,,,0.0047629233449697495,0.0879756510257721,0.0,0.013560488820075989,0.0,0.0,0.0,0.0,0.06922512501478195,0.0004853688056134869
135,True,,,,,0.003772482043132186,0.06422314792871475,0.0,0.010194797068834305,0.0,0.0,0.0,0.0,0.0740954726934433,0.0004851116074921964
136,True,,,,,0.0035266666673123837,0.09437195956707001,0.0,0.012963863089680672,0.0,0.0,0.0,0.0,0.047417204827070236,0.0004848522457357248
137,True,,,,,0.0014945887960493565,0.05691912770271301,0.0,0.007186501752585173,0.0,0.0,0.0,0.0,0.07530177384614944,0.00048459072301486355
138,True,,,,,0.0032002944499254227,0.0900682657957077,0.0,0.012207121588289738,0.0,0.0,0.0,0.0,0.08056600391864777,0.0004843270420226561
139,True,,,,,0.0054813046008348465,0.09874789416790009,0.0,0.0153560945764184,0.0,0.0,0.0,0.0,0.05109720304608345,0.00048406120547437134
140,True,,,,,0.004094340838491917,0.0852697342634201,0.0,0.012621314264833927,0.0,0.0,0.0,0.0,0.05449725314974785,0.00048379321610747485
141,True,,,,,0.0057107689790427685,0.08903080224990845,0.0,0.01461385004222393,0.0,0.0,0.0,0.0,0.06279727816581726,0.00048352307668160104
142,True,,,,,0.003414496313780546,0.0734529197216034,0.0,0.010759788565337658,0.0,0.0,0.0,0.0,0.058216530829668045,0.00048325078997852477
143,True,,,,,0.004164267331361771,0.07554776221513748,0.0,0.011719044297933578,0.0,0.0,0.0,0.0,0.03657445311546326,0.00048297635880213235
144,True,,,,,0.004037629347294569,0.06233077496290207,0.0,0.010270707309246063,0.0,0.0,0.0,0.0,0.040601715445518494,0.00048269978597839316
145,True,,,,,0.002130132634192705,0.07327209413051605,0.0,0.009457342326641083,0.0,0.0,0.0,0.0,0.04231424629688263,0.0004824210743553302
146,True,,,,,0.0056095970794558525,0.10271964222192764,0.0,0.015881560742855072,0.0,0.0,0.0,0.0,0.06359829008579254,0.0004821402268029907
147,True,,,,,0.00401411484926939,0.09072339534759521,0.0,0.013086454942822456,0.0,0.0,0.0,0.0,0.040921956300735474,0.0004818572462134171
148,True,,,,,0.0020615113899111748,0.0626787319779396,0.0,0.00832938402891159,0.0,0.0,0.0,0.0,0.05432269722223282,0.00048157213550061674
149,True,,,,,0.005682534538209438,0.08991794288158417,0.0,0.014674329198896885,0.0,0.0,0.0,0.0,0.03481122478842735,0.0004812848976005318
150,True,,,,,0.0059671420603990555,0.10724200308322906,0.0,0.016691341996192932,0.0,0.0,0.0,0.0,0.056610092520713806,0.00048099553547100956
151,True,,,,,0.002033265307545662,0.07933958619832993,0.0,0.00996722374111414,0.0,0.0,0.0,0.0,0.06181919202208519,0.0004807040520917716
152,True,,,,,0.002131185494363308,0.05582190677523613,0.0,0.0077133760787546635,0.0,0.0,0.0,0.0,0.045591067522764206,0.0004804104504643831
153,True,,,,,0.006429638247936964,0.11223249137401581,0.0,0.017652887850999832,0.0,0.0,0.0,0.0,0.06993669271469116,0.00048011473361222193
154,True,,,,,0.0028136088512837887,0.06886404752731323,0.0,0.00970001332461834,0.0,0.0,0.0,0.0,0.06571019440889359,0.0004798169045804479
155,True,,,,,0.003954773768782616,0.07793047279119492,0.0,0.011747821234166622,0.0,0.0,0.0,0.0,0.051491089165210724,0.0004795169664359709
156,True,,,,,0.0038498379290103912,0.0825040191411972,0.0,0.012100240215659142,0.0,0.0,0.0,0.0,0.05283661559224129,0.0004792149222674195
157,True,,,,,0.0049890149384737015,0.07993847131729126,0.0,0.012982862070202827,0.0,0.0,0.0,0.0,0.06064065545797348,0.0004789107751851091
158,True,,,,,0.005680985748767853,0.08775432407855988,0.0,0.014456418342888355,0.0,0.0,0.0,0.0,0.05180663615465164,0.0004786045283210102
159,True,,,,,0.004168684594333172,0.07417090982198715,0.0,0.011585775762796402,0.0,0.0,0.0,0.0,0.09998589754104614,0.0004782961848287157
160,True,,,,,0.0036694430746138096,0.06372719258069992,0.0,0.010042162612080574,0.0,0.0,0.0,0.0,0.055115751922130585,0.00047798574788340885
161,True,,,,,0.0016949055716395378,0.09688959270715714,0.0,0.011383865028619766,0.0,0.0,0.0,0.0,0.11295846104621887,0.00047767322068183003
162,True,,,,,0.004697541706264019,0.08562043309211731,0.0,0.01325958501547575,0.0,0.0,0.0,0.0,0.05548667907714844,0.0004773586064422444
163,True,,,,,0.004370605107396841,0.09681528061628342,0.0,0.0140521340072155,0.0,0.0,0.0,0.0,0.09844478964805603,0.0004770419084044084
164,True,,,,,0.0034803408198058605,0.07334867864847183,0.0,0.010815208777785301,0.0,0.0,0.0,0.0,0.055597856640815735,0.0004767231298295364
165,True,,,,,0.0048682778142392635,0.08032625913619995,0.0,0.012900903820991516,0.0,0.0,0.0,0.0,0.051661115139722824,0.0004764022740002676
166,True,,,,,0.004284887108951807,0.09061887860298157,0.0,0.013346774503588676,0.0,0.0,0.0,0.0,0.10471157729625702,0.0004760793442206312
167,True,,,,,0.005132501013576984,0.10799188166856766,0.0,0.015931688249111176,0.0,0.0,0.0,0.0,0.11699510365724564,0.00047575434381601364
168,True,,,,,0.004551097750663757,0.07643347978591919,0.0,0.012194445356726646,0.0,0.0,0.0,0.0,0.05798892676830292,0.00047542727613312337
169,True,,,,,0.0038860838394612074,0.10629379749298096,0.0,0.014515464194118977,0.0,0.0,0.0,0.0,0.13329100608825684,0.00047509814453995674
170,True,,,,,0.008249404840171337,0.07595640420913696,0.0,0.01584504544734955,0.0,0.0,0.0,0.0,0.05431876704096794,0.0004747669524257635
171,True,,,,,0.006999927572906017,0.09278495609760284,0.0,0.016278423368930817,0.0,0.0,0.0,0.0,0.07576561719179153,0.0004744337032010116
172,True,,,,,0.0026681534945964813,0.06475254148244858,0.0,0.009143408387899399,0.0,0.0,0.0,0.0,0.05321209877729416,0.0004740984002973522
173,True,,,,,0.0024857453536242247,0.07909631729125977,0.0,0.01039537787437439,0.0,0.0,0.0,0.0,0.07431928813457489,0.0004737610471675844
174,True,,,,,0.00392374861985445,0.09096818417310715,0.0,0.01302056759595871,0.0,0.0,0.0,0.0,0.07212595641613007,0.00047342164728561955
175,True,,,,,0.006511056330054998,0.09953470528125763,0.0,0.01646452769637108,0.0,0.0,0.0,0.0,0.0754142552614212,0.00047308020414644553
176,True,,,,,0.0025228909216821194,0.06381043791770935,0.0,0.008903934620320797,0.0,0.0,0.0,0.0,0.051427315920591354,0.0004727367212660908
177,True,,,,,0.0050689587369561195,0.07440456748008728,0.0,0.012509414926171303,0.0,0.0,0.0,0.0,0.06855012476444244,0.00047239120218158816
178,True,,,,,0.006997679825872183,0.09236931800842285,0.0,0.016234612092375755,0.0,0.0,0.0,0.0,0.040037043392658234,0.00047204365045093824
179,True,,,,,0.004611731972545385,0.06951409578323364,0.0,0.011563141830265522,0.0,0.0,0.0,0.0,0.046389054507017136,0.0004716940696530731
180,True,,,,,0.005375555716454983,0.07222947478294373,0.0,0.01259850338101387,0.0,0.0,0.0,0.0,0.0820712298154831,0.00047134246338781903
181,True,,,,,0.003748074872419238,0.06818032264709473,0.0,0.010566106997430325,0.0,0.0,0.0,0.0,0.05485048517584801,0.00047098883527585996
182,True,,,,,0.0020577700342983007,0.05503273755311966,0.0,0.007561043836176395,0.0,0.0,0.0,0.0,0.06144804507493973,0.0004706331889586997
183,True,,,,,0.0050922720693051815,0.09870358556509018,0.0,0.014962630346417427,0.0,0.0,0.0,0.0,0.07062248140573502,0.00047027552809862443
184,True,,,,,0.005455826409161091,0.1135193258523941,0.0,0.016807759180665016,0.0,0.0,0.0,0.0,0.11337723582983017,0.00046991585637866563
185,True,,,,,0.003379739820957184,0.07114988565444946,0.0,0.010494728572666645,0.0,0.0,0.0,0.0,0.036079857498407364,0.0004695541775025615
186,True,,,,,0.004698631353676319,0.08867073059082031,0.0,0.013565704226493835,0.0,0.0,0.0,0.0,0.10999085754156113,0.00046919049519471897
187,True,,,,,0.0020209806971251965,0.05060126259922981,0.0,0.00708110723644495,0.0,0.0,0.0,0.0,0.09173768758773804,0.0004688248132001754
188,True,,,,,0.003740804735571146,0.07321595400571823,0.0,0.011062400415539742,0.0,0.0,0.0,0.0,0.04836130514740944,0.0004684571352845603
189,True,,,,,0.005360030569136143,0.09302622079849243,0.0,0.01466265320777893,0.0,0.0,0.0,0.0,0.04068581759929657,0.00046808746523405593
190,True,,,,,0.004374905489385128,0.09175805747509003,0.0,0.013550711795687675,0.0,0.0,0.0,0.0,0.08390592038631439,0.00046771580685535884
191,True,,,,,0.0031633726321160793,0.07520882785320282,0.0,0.010684255510568619,0.0,0.0,0.0,0.0,0.13060003519058228,0.00046734216397564056
192,True,,,,,0.00576653890311718,0.08445345610380173,0.0,0.014211884699761868,0.0,0.0,0.0,0.0,0.060597460716962814,0.000466966540442508
193,True,,,,,0.004654142539948225,0.08304094523191452,0.0,0.012958237901329994,0.0,0.0,0.0,0.0,0.07086022943258286,0.0004665889401239638
194,True,,,,,0.0020343333017081022,0.0734139233827591,0.0,0.009375725872814655,0.0,0.0,0.0,0.0,0.2127942144870758,0.0004662093669083671
195,True,,,,,0.00397344259545207,0.08315832912921906,0.0,0.012289276346564293,0.0,0.0,0.0,0.0,0.07938714325428009,0.00046582782470439265
196,True,,,,,0.005025031976401806,0.09664502739906311,0.0,0.014689534902572632,0.0,0.0,0.0,0.0,0.10867054760456085,0.00046544431744099116
197,True,,,,,0.003836285322904587,0.0646725594997406,0.0,0.010303542017936707,0.0,0.0,0.0,0.0,0.24827925860881805,0.00046505884906734846
198,True,,,,,0.005002268590033054,0.09483355283737183,0.0,0.014485623687505722,0.0,0.0,0.0,0.0,0.054783619940280914,0.0004646714235528452
199,True,,,,,0.0030751563608646393,0.08719329535961151,0.0,0.011794486083090305,0.0,0.0,0.0,0.0,0.08332153409719467,0.00046428204488701576
200,True,,,,,0.0035336508881300688,0.105799600481987,0.0,0.014113611541688442,0.0,0.0,0.0,0.0,0.09994951635599136,0.00046389071707950716
201,True,,,,,0.005875950213521719,0.09195801615715027,0.0,0.015071751549839973,0.0,0.0,0.0,0.0,0.08070894330739975,0.00046349744416003763
202,True,,,,,0.005435255356132984,0.10794521868228912,0.0,0.0162297785282135,0.0,0.0,0.0,0.0,0.05738816037774086,0.00046310223017835566
203,True,,,,,0.004292535595595837,0.08218619227409363,0.0,0.012511154636740685,0.0,0.0,0.0,0.0,0.05197366327047348,0.00046270507920419767
204,True,,,,,0.006124457344412804,0.09011755883693695,0.0,0.015136213041841984,0.0,0.0,0.0,0.0,0.05774983763694763,0.00046230599532724644
205,True,,,,,0.0033226292580366135,0.07813958078622818,0.0,0.011136587709188461,0.0,0.0,0.0,0.0,0.05944908410310745,0.00046190498265708885
206,True,,,,,0.00524185923859477,0.08750981837511063,0.0,0.01399284042418003,0.0,0.0,0.0,0.0,0.10910844057798386,0.00046150204532317374
207,True,,,,,0.002341221086680889,0.06303863227367401,0.0,0.008645083755254745,0.0,0.0,0.0,0.0,0.04612276703119278,0.00046109718747476926
208,True,,,,,0.0049999430775642395,0.10125279426574707,0.0,0.015125222504138947,0.0,0.0,0.0,0.0,0.08753401786088943,0.00046069041328092
209,True,,,,,0.0035114302299916744,0.08417323976755142,0.0,0.011928753927350044,0.0,0.0,0.0,0.0,0.05411871150135994,0.00046028172693040426
210,True,,,,,0.004854080267250538,0.10293591022491455,0.0,0.015147671103477478,0.0,0.0,0.0,0.0,0.08558318763971329,0.0004598711326316911
211,True,,,,,0.002323752036318183,0.07132545113563538,0.0,0.009456297382712364,0.0,0.0,0.0,0.0,0.08497737348079681,0.0004594586346128966
212,True,,,,,0.00666401069611311,0.0965435653924942,0.0,0.016318367794156075,0.0,0.0,0.0,0.0,0.05948524549603462,0.0004590442371217405
213,True,,,,,0.005586947314441204,0.08433100581169128,0.0,0.014020048081874847,0.0,0.0,0.0,0.0,0.05797972157597542,0.00045862794442550245
214,True,,,,,0.002696376293897629,0.0786588042974472,0.0,0.010562256909906864,0.0,0.0,0.0,0.0,0.06883344054222107,0.00045820976081097813
215,True,,,,,0.004557105712592602,0.09612268209457397,0.0,0.014169374480843544,0.0,0.0,0.0,0.0,0.0661424919962883,0.00045778969058443486
216,True,,,,,0.006573677062988281,0.10553938150405884,0.0,0.017127614468336105,0.0,0.0,0.0,0.0,0.060238707810640335,0.00045736773807156787
217,True,,,,,0.004164454527199268,0.07897968590259552,0.0,0.012062422931194305,0.0,0.0,0.0,0.0,0.052141621708869934,0.00045694390761745474
218,True,,,,,0.0015937484567984939,0.04717005789279938,0.0,0.006310754455626011,0.0,0.0,0.0,0.0,0.08081516623497009,0.00045651820358651174
219,True,,,,,0.002320696134120226,0.06763708591461182,0.0,0.00908440537750721,0.0,0.0,0.0,0.0,0.07489044219255447,0.0004560906303624483
220,True,,,,,0.006194337271153927,0.0913848802447319,0.0,0.015332825481891632,0.0,0.0,0.0,0.0,0.04270336031913757,0.0004556611923482217
221,True,,,,,0.002547222888097167,0.07887213677167892,0.0,0.010434436611831188,0.0,0.0,0.0,0.0,0.07293891161680222,0.0004552298939659923
222,True,,,,,0.0024295623879879713,0.06812526285648346,0.0,0.009242088533937931,0.0,0.0,0.0,0.0,0.07049243897199631,0.00045479673965707754
223,True,,,,,0.011346323415637016,0.130576953291893,0.0,0.024404019117355347,0.0,0.0,0.0,0.0,0.08578167110681534,0.00045436173388190633
224,True,,,,,0.0035558808594942093,0.07518412172794342,0.0,0.011074293404817581,0.0,0.0,0.0,0.0,0.0921575054526329,0.0004539248811199733
225,True,,,,,0.0027928645722568035,0.06258277595043182,0.0,0.009051142260432243,0.0,0.0,0.0,0.0,0.10031384974718094,0.0004534861858697923
226,True,,,,,0.00853932648897171,0.1193665936589241,0.0,0.02047598734498024,0.0,0.0,0.0,0.0,0.079322449862957,0.0004530456526488506
227,True,,,,,0.004556903149932623,0.08369665592908859,0.0,0.01292656920850277,0.0,0.0,0.0,0.0,0.08077755570411682,0.0004526032859935619
228,True,,,,,0.003388218116015196,0.07369907200336456,0.0,0.010758125223219395,0.0,0.0,0.0,0.0,0.10208473354578018,0.0004521590904592196
229,True,,,,,0.0029461176600307226,0.05979624390602112,0.0,0.008925742469727993,0.0,0.0,0.0,0.0,0.0804954543709755,0.0004517130706199505
230,True,,,,,0.004900701344013214,0.07998029887676239,0.0,0.012898731045424938,0.0,0.0,0.0,0.0,0.06810559332370758,0.00045126523106866687
231,True,,,,,0.003918304108083248,0.08485090732574463,0.0,0.012403395026922226,0.0,0.0,0.0,0.0,0.051978982985019684,0.0004508155764170198
232,True,,,,,0.0031501692719757557,0.07456959784030914,0.0,0.010607128962874413,0.0,0.0,0.0,0.0,0.06802813708782196,0.0004503641112953513
233,True,,,,,0.005664063151925802,0.10941515117883682,0.0,0.016605578362941742,0.0,0.0,0.0,0.0,0.07461141794919968,0.000449910840352647
234,True,,,,,0.00410764105618,0.07590852677822113,0.0,0.011698493734002113,0.0,0.0,0.0,0.0,0.05255485698580742,0.0004494557682564879
235,True,,,,,0.011238395236432552,0.12859103083610535,0.0,0.024097498506307602,0.0,0.0,0.0,0.0,0.054480619728565216,0.0004489988996930026
236,True,,,,,0.00520192738622427,0.08740890771150589,0.0,0.013942818157374859,0.0,0.0,0.0,0.0,0.06274678558111191,0.00044854023936681883
237,True,,,,,0.005117966793477535,0.08925283700227737,0.0,0.014043251052498817,0.0,0.0,0.0,0.0,0.054114196449518204,0.00044807979200101495
238,True,,,,,0.0034140641801059246,0.08013492822647095,0.0,0.011427557095885277,0.0,0.0,0.0,0.0,0.06233644858002663,0.0004476175623370718
239,True,,,,,0.0019498406909406185,0.08840140700340271,0.0,0.010789981111884117,0.0,0.0,0.0,0.0,0.08836391568183899,0.00044715355513482314
240,True,,,,,0.0040120454505085945,0.0773860365152359,0.0,0.01175064966082573,0.0,0.0,0.0,0.0,0.06371987611055374,0.0004466877751724074
241,True,,,,,0.0015497421845793724,0.06458958983421326,0.0,0.008008701726794243,0.0,0.0,0.0,0.0,0.07014016062021255,0.00044622022724621777
242,True,,,,,0.005014145281165838,0.08211801201105118,0.0,0.013225946575403214,0.0,0.0,0.0,0.0,0.07579871267080307,0.0004457509161708533
243,True,,,,,0.0036636078730225563,0.07592351734638214,0.0,0.011255959048867226,0.0,0.0,0.0,0.0,0.042513445019721985,0.0004452798467790692
244,True,,,,,0.0036077264230698347,0.06540355086326599,0.0,0.010148081928491592,0.0,0.0,0.0,0.0,0.10717621445655823,0.000444807023921727
245,True,,,,,0.005492204800248146,0.09046320617198944,0.0,0.014538525603711605,0.0,0.0,0.0,0.0,0.06437865644693375,0.0004443324524677445
246,True,,,,,0.002795421052724123,0.07612834870815277,0.0,0.010408256202936172,0.0,0.0,0.0,0.0,0.047432512044906616,0.000443856137304046
247,True,,,,,0.0042466530576348305,0.07193790376186371,0.0,0.011440442875027657,0.0,0.0,0.0,0.0,0.04962171986699104,0.0004433780833355114
248,True,,,,,0.0037370584905147552,0.07560549676418304,0.0,0.01129760779440403,0.0,0.0,0.0,0.0,0.09005633741617203,0.00044289829548492657
249,True,,,,,0.005806974601000547,0.0806054174900055,0.0,0.013867516070604324,0.0,0.0,0.0,0.0,0.0632273256778717,0.00044241677869293153
250,True,,,,,0.005898697301745415,0.07627500593662262,0.0,0.013526197522878647,0.0,0.0,0.0,0.0,0.04871141165494919,0.00044193353791797057
251,True,,,,,0.0047273533418774605,0.07124347984790802,0.0,0.011851701885461807,0.0,0.0,0.0,0.0,0.042191099375486374,0.00044144857813624053
252,True,,,,,0.0066369278356432915,0.10518959164619446,0.0,0.017155887559056282,0.0,0.0,0.0,0.0,0.07410237938165665,0.00044096190434164
253,True,,,,,0.005875793751329184,0.10053382813930511,0.0,0.015929177403450012,0.0,0.0,0.0,0.0,0.04904491454362869,0.0004404735215457177
254,True,,,,,0.003930865786969662,0.0776173546910286,0.0,0.011692601256072521,0.0,0.0,0.0,0.0,0.08479369431734085,0.0004399834347776207
255,True,,,,,0.0034585497342050076,0.07349737733602524,0.0,0.010808287188410759,0.0,0.0,0.0,0.0,0.06118254363536835,0.00043949164908404294
256,True,,,,,0.004874221049249172,0.0868462324142456,0.0,0.013558844104409218,0.0,0.0,0.0,0.0,0.047494977712631226,0.0004389981695291732
257,True,,,,,0.0031458630692213774,0.06776313483715057,0.0,0.009922176599502563,0.0,0.0,0.0,0.0,0.03778279572725296,0.00043850300119464277
258,True,,,,,0.004221864975988865,0.09086557477712631,0.0,0.013308422639966011,0.0,0.0,0.0,0.0,0.06400773674249649,0.00043800614917947325
259,True,,,,,0.004228472709655762,0.07419697940349579,0.0,0.01164817065000534,0.0,0.0,0.0,0.0,0.05901418626308441,0.0004375076186000239
260,True,,,,,0.0025898097082972527,0.061437562108039856,0.0,0.008733565919101238,0.0,0.0,0.0,0.0,0.05199436843395233,0.0004370074145899395
261,True,,,,,0.0018299436196684837,0.05497343838214874,0.0,0.007327287457883358,0.0,0.0,0.0,0.0,0.05336703360080719,0.0004365055423000967
262,True,,,,,0.005297473631799221,0.07722912728786469,0.0,0.013020386919379234,0.0,0.0,0.0,0.0,0.060899294912815094,0.00043600200689855145
263,True,,,,,0.003128691343590617,0.07117554545402527,0.0,0.010246246121823788,0.0,0.0,0.0,0.0,0.03912711143493652,0.0004354968135704856
264,True,,,,,0.0023747747763991356,0.07089284062385559,0.0,0.00946405902504921,0.0,0.0,0.0,0.0,0.04380926117300987,0.0004349899675181537
265,True,,,,,0.0043373145163059235,0.08166629076004028,0.0,0.012503943406045437,0.0,0.0,0.0,0.0,0.05940128117799759,0.00043448147396082926
266,True,,,,,0.002233996521681547,0.04085025191307068,0.0,0.0063190218061208725,0.0,0.0,0.0,0.0,0.041165705770254135,0.0004339713381347512
267,True,,,,,0.0030927432235330343,0.07334694266319275,0.0,0.010427437722682953,0.0,0.0,0.0,0.0,0.052311625331640244,0.0004334595652930695
268,True,,,,,0.003275394905358553,0.06794382631778717,0.0,0.010069778189063072,0.0,0.0,0.0,0.0,0.059688400477170944,0.0004329461607057916
269,True,,,,,0.0048591666854918,0.07689206302165985,0.0,0.012548373080790043,0.0,0.0,0.0,0.0,0.039700672030448914,0.00043243112965972794
270,True,,,,,0.0039965929463505745,0.08625837415456772,0.0,0.012622430920600891,0.0,0.0,0.0,0.0,0.04848260432481766,0.0004319144774584373
271,True,,,,,0.005991808138787746,0.09805241972208023,0.0,0.015797050669789314,0.0,0.0,0.0,0.0,0.07120718061923981,0.0004313962094221727
272,True,,,,,0.00222226744517684,0.060438212007284164,0.0,0.008266088552772999,0.0,0.0,0.0,0.0,0.0578618124127388,0.000430876330887826
273,True,,,,,0.004267039243131876,0.07823744416236877,0.0,0.012090783566236496,0.0,0.0,0.0,0.0,0.06054950878024101,0.0004303548472088736
274,True,,,,,0.005177878774702549,0.0756153017282486,0.0,0.012739408761262894,0.0,0.0,0.0,0.0,0.061208341270685196,0.0004298317637553205
275,True,,,,,0.0028333691880106926,0.054332006722688675,0.0,0.008266570046544075,0.0,0.0,0.0,0.0,0.06786713004112244,0.0004293070859136458
276,True,,,,,0.00395455164834857,0.08644915372133255,0.0,0.012599466368556023,0.0,0.0,0.0,0.0,0.04655031859874725,0.00042878081908674675
277,True,,,,,0.004903117194771767,0.08801212161779404,0.0,0.0137043297290802,0.0,0.0,0.0,0.0,0.06675004959106445,0.00042825296869388347
278,True,,,,,0.005251642316579819,0.07587166875600815,0.0,0.012838808819651604,0.0,0.0,0.0,0.0,0.02984781563282013,0.00042772354017062256
279,True,,,,,0.0034185266122221947,0.06407906115055084,0.0,0.009826432913541794,0.0,0.0,0.0,0.0,0.047610804438591,0.00042719253896878183
280,True,,,,,0.0064712087623775005,0.0972621887922287,0.0,0.016197428107261658,0.0,0.0,0.0,0.0,0.05430562421679497,0.00042665997055637374
281,True,,,,,0.004232891835272312,0.074000783264637,0.0,0.011632969602942467,0.0,0.0,0.0,0.0,0.11021096259355545,0.0004261258404175491
282,True,,,,,0.004310996737331152,0.08583791553974152,0.0,0.012894788756966591,0.0,0.0,0.0,0.0,0.05644475296139717,0.00042559015405254063
283,True,,,,,0.00418512336909771,0.07769279181957245,0.0,0.011954402551054955,0.0,0.0,0.0,0.0,0.04599760100245476,0.0004250529169776067
284,True,,,,,0.008038049563765526,0.09874352812767029,0.0,0.017912402749061584,0.0,0.0,0.0,0.0,0.049301743507385254,0.00042451413472497377
285,True,,,,,0.0028745788149535656,0.07663038372993469,0.0,0.010537616908550262,0.0,0.0,0.0,0.0,0.08067851513624191,0.00042397381284278013
286,True,,,,,0.005249893292784691,0.07818558812141418,0.0,0.01306845247745514,0.0,0.0,0.0,0.0,0.03590195253491402,0.0004234319568950183
287,True,,,,,0.004074248019605875,0.062299106270074844,0.0,0.010304158553481102,0.0,0.0,0.0,0.0,0.05656556412577629,0.0004228885724614783
288,True,,,,,0.003945250064134598,0.08654779940843582,0.0,0.012600029818713665,0.0,0.0,0.0,0.0,0.05448748916387558,0.00042234366513768917
289,True,,,,,0.004177656024694443,0.086420938372612,0.0,0.012819750234484673,0.0,0.0,0.0,0.0,0.06403424590826035,0.0004217972405348625
290,True,,,,,0.005426414310932159,0.07807065546512604,0.0,0.013233480043709278,0.0,0.0,0.0,0.0,0.04833585396409035,0.0004212493042798341
291,True,,,,,0.005000815261155367,0.08060828596353531,0.0,0.0130616445094347,0.0,0.0,0.0,0.0,0.03533635661005974,0.0004206998620150059
292,True,,,,,0.007411516271531582,0.08262109756469727,0.0,0.015673626214265823,0.0,0.0,0.0,0.0,0.049389880150556564,0.0004201489193982881
293,True,,,,,0.004751315340399742,0.0807352066040039,0.0,0.012824836187064648,0.0,0.0,0.0,0.0,0.05319945141673088,0.0004195964821030409
294,True,,,,,0.002874016761779785,0.055209580808877945,0.0,0.00839497521519661,0.0,0.0,0.0,0.0,0.05108503997325897,0.000419042555818016
295,True,,,,,0.002277590334415436,0.06098204851150513,0.0,0.008375795558094978,0.0,0.0,0.0,0.0,0.04867134615778923,0.0004184871462472982
296,True,,,,,0.003002048935741186,0.07549439370632172,0.0,0.010551488026976585,0.0,0.0,0.0,0.0,0.0419282428920269,0.0004179302591102462
297,True,,,,,0.0029269398655742407,0.0789032131433487,0.0,0.010817261412739754,0.0,0.0,0.0,0.0,0.03363000601530075,0.00041737190014143425
298,True,,,,,0.0031538582406938076,0.07429926097393036,0.0,0.010583784431219101,0.0,0.0,0.0,0.0,0.04509933665394783,0.00041681207509059284
299,True,,,,,0.0044835275039076805,0.08316682279109955,0.0,0.012800210155546665,0.0,0.0,0.0,0.0,0.041323695331811905,0.00041625078972254946
300,True,,,,,0.004492909647524357,0.07715491950511932,0.0,0.012208402156829834,0.0,0.0,0.0,0.0,0.044338472187519073,0.00041568804981716926
301,True,,,,,0.0051576364785432816,0.09213349968194962,0.0,0.014370986260473728,0.0,0.0,0.0,0.0,0.048551760613918304,0.0004151238611692957
302,True,,,,,0.004517273046076298,0.0747649073600769,0.0,0.011993763968348503,0.0,0.0,0.0,0.0,0.05213634669780731,0.0004145582295886906
303,True,,,,,0.0024665468372404575,0.06766138970851898,0.0,0.009232685901224613,0.0,0.0,0.0,0.0,0.05449387803673744,0.0004139911608999745
304,True,,,,,0.004154519643634558,0.07906357944011688,0.0,0.012060876935720444,0.0,0.0,0.0,0.0,0.11110513657331467,0.0004134226609425669
305,True,,,,,0.00480088172480464,0.10491880029439926,0.0,0.015292761847376823,0.0,0.0,0.0,0.0,0.04947102814912796,0.00041285273557062515
306,True,,,,,0.004238451831042767,0.07503204047679901,0.0,0.011741655878722668,0.0,0.0,0.0,0.0,0.06627364456653595,0.0004122813906529856
307,True,,,,,0.0049019162543118,0.08707433193922043,0.0,0.013609349727630615,0.0,0.0,0.0,0.0,0.06781794875860214,0.0004117086320731023
308,True,,,,,0.004872038960456848,0.09031932055950165,0.0,0.013903970830142498,0.0,0.0,0.0,0.0,0.11442999541759491,0.0004111344657289862
309,True,,,,,0.003134546335786581,0.07824188470840454,0.0,0.010958734899759293,0.0,0.0,0.0,0.0,0.05647573247551918,0.0004105588975331452
310,True,,,,,0.0025186375714838505,0.07200293987989426,0.0,0.009718932211399078,0.0,0.0,0.0,0.0,0.0507768839597702,0.0004099819334125226
311,True,,,,,0.004221887327730656,0.06430425494909286,0.0,0.010652313008904457,0.0,0.0,0.0,0.0,0.05621902644634247,0.00040940357930843637
312,True,,,,,0.006254737731069326,0.08564545214176178,0.0,0.014819283038377762,0.0,0.0,0.0,0.0,0.040942490100860596,0.0004088238411765179
313,True,,,,,0.006111885420978069,0.10775436460971832,0.0,0.016887322068214417,0.0,0.0,0.0,0.0,0.05113924667239189,0.0004082427249866507
314,True,,,,,0.004904652014374733,0.0796891450881958,0.0,0.012873566709458828,0.0,0.0,0.0,0.0,0.0591149665415287,0.00040766023672290897
315,True,,,,,0.004398450255393982,0.07709766924381256,0.0,0.012108217924833298,0.0,0.0,0.0,0.0,0.04541832581162453,0.0004070763823834957
316,True,,,,,0.0044120680540800095,0.08583620190620422,0.0,0.012995688244700432,0.0,0.0,0.0,0.0,0.07760724425315857,0.0004064911679806813
317,True,,,,,0.0022259089164435863,0.05186380073428154,0.0,0.007412289269268513,0.0,0.0,0.0,0.0,0.03739646449685097,0.00040590459954074144
318,True,,,,,0.0021132358815521,0.059171319007873535,0.0,0.008030368015170097,0.0,0.0,0.0,0.0,0.03616558015346527,0.00040531668310389503
319,True,,,,,0.005554745905101299,0.08901715278625488,0.0,0.014456461183726788,0.0,0.0,0.0,0.0,0.043169885873794556,0.0004047274247242422
320,True,,,,,0.0038593392819166183,0.0757255107164383,0.0,0.011431890539824963,0.0,0.0,0.0,0.0,0.051238417625427246,0.00040413683046970156
321,True,,,,,0.002689745044335723,0.06208285689353943,0.0,0.00889803096652031,0.0,0.0,0.0,0.0,0.04463287070393562,0.00040354490642194817
322,True,,,,,0.0021102293394505978,0.06202992424368858,0.0,0.008313221856951714,0.0,0.0,0.0,0.0,0.0822170302271843,0.0004029516586763507
323,True,,,,,0.004119319375604391,0.06898406893014908,0.0,0.011017726734280586,0.0,0.0,0.0,0.0,0.044285185635089874,0.0004023570933419084
324,True,,,,,0.0033193393610417843,0.07488228380680084,0.0,0.010807568207383156,0.0,0.0,0.0,0.0,0.07577265799045563,0.0004017612165411888
325,True,,,,,0.0033097867853939533,0.07754647731781006,0.0,0.011064434424042702,0.0,0.0,0.0,0.0,0.05026157200336456,0.0004011640344102641
326,True,,,,,0.0031324815936386585,0.06501929461956024,0.0,0.009634410962462425,0.0,0.0,0.0,0.0,0.05913102999329567,0.0004005655530986484
327,True,,,,,0.00504816509783268,0.07147122919559479,0.0,0.012195288203656673,0.0,0.0,0.0,0.0,0.06101061776280403,0.00039996577876923395
328,True,,,,,0.0028458961751312017,0.05938741937279701,0.0,0.008784637786448002,0.0,0.0,0.0,0.0,0.03461000323295593,0.000399364717598228
329,True,,,,,0.004624699708074331,0.10279113054275513,0.0,0.014903813600540161,0.0,0.0,0.0,0.0,0.06950461864471436,0.00039876237577508926
330,True,,,,,0.004331857897341251,0.07363586127758026,0.0,0.011695444583892822,0.0,0.0,0.0,0.0,0.050971005111932755,0.00039815875950246387
331,True,,,,,0.0058479029685258865,0.07675330340862274,0.0,0.01352323405444622,0.0,0.0,0.0,0.0,0.06882767379283905,0.0003975538749961217
332,True,,,,,0.005682108458131552,0.08371151983737946,0.0,0.014053260907530785,0.0,0.0,0.0,0.0,0.05495309829711914,0.00039694772848489234
333,True,,,,,0.004684374202042818,0.07712862640619278,0.0,0.012397237122058868,0.0,0.0,0.0,0.0,0.05562262982130051,0.000396340326210601
334,True,,,,,0.005878697149455547,0.08765751123428345,0.0,0.014644448645412922,0.0,0.0,0.0,0.0,0.054226361215114594,0.000395731674428004
335,True,,,,,0.003422338515520096,0.06065686419606209,0.0,0.009488025680184364,0.0,0.0,0.0,0.0,0.05821835622191429,0.0003951217794047247
336,True,,,,,0.00553791131824255,0.1000175029039383,0.0,0.015539661981165409,0.0,0.0,0.0,0.0,0.05603374168276787,0.0003945106474211889
337,True,,,,,0.0035681116860359907,0.07561837881803513,0.0,0.011129949241876602,0.0,0.0,0.0,0.0,0.06524345278739929,0.0003938982847705597
338,True,,,,,0.004197102505713701,0.06622003763914108,0.0,0.010819106362760067,0.0,0.0,0.0,0.0,0.04763469472527504,0.00039328469775867336
339,True,,,,,0.0019166178535670042,0.06188780814409256,0.0,0.008105399087071419,0.0,0.0,0.0,0.0,0.08406548202037811,0.00039266989270397395
340,True,,,,,0.002963879844173789,0.07376126945018768,0.0,0.010340007022023201,0.0,0.0,0.0,0.0,0.05759146809577942,0.00039205387593744845
341,True,,,,,0.003602726152166724,0.06376194208860397,0.0,0.009978920221328735,0.0,0.0,0.0,0.0,0.04526362195611,0.0003914366538025616
342,True,,,,,0.004719001241028309,0.11489631235599518,0.0,0.01620863378047943,0.0,0.0,0.0,0.0,0.06976602226495743,0.00039081823265519006
343,True,,,,,0.0054532261565327644,0.09327707439661026,0.0,0.01478093396872282,0.0,0.0,0.0,0.0,0.08429103344678879,0.000390198618863558
344,True,,,,,0.0033515910618007183,0.07106863707304001,0.0,0.010458454489707947,0.0,0.0,0.0,0.0,0.05020911619067192,0.0003895778188081704
345,True,,,,,0.0018730382435023785,0.05239620432257652,0.0,0.007112658582627773,0.0,0.0,0.0,0.0,0.06677068769931793,0.0003889558388817481
346,True,,,,,0.003414787817746401,0.07903878390789032,0.0,0.011318666860461235,0.0,0.0,0.0,0.0,0.04764533042907715,0.0003883326854891616
347,True,,,,,0.0019475187873467803,0.057783231139183044,0.0,0.007725842297077179,0.0,0.0,0.0,0.0,0.09827767312526703,0.00038770836504736545
348,True,,,,,0.0029444172978401184,0.07356557995080948,0.0,0.010300975292921066,0.0,0.0,0.0,0.0,0.10116267204284668,0.0003870828839853317
349,True,,,,,0.0022619254887104034,0.06062990427017212,0.0,0.008324915543198586,0.0,0.0,0.0,0.0,0.042732689529657364,0.000386456248743984
350,True,,,,,0.004279881250113249,0.08060918003320694,0.0,0.01234079897403717,0.0,0.0,0.0,0.0,0.0476369634270668,0.0003858284657761313
351,True,,,,,0.0024353715125471354,0.05906178057193756,0.0,0.008341549895703793,0.0,0.0,0.0,0.0,0.07053470611572266,0.0003851995415464014
352,True,,,,,0.00646605622023344,0.10616627335548401,0.0,0.017082683742046356,0.0,0.0,0.0,0.0,0.12036352604627609,0.000384569482531174
353,True,,,,,0.003712992649525404,0.07030108571052551,0.0,0.010743101127445698,0.0,0.0,0.0,0.0,0.05407220870256424,0.0003839382952185147
354,True,,,,,0.0023132048081606627,0.07607054710388184,0.0,0.009920259937644005,0.0,0.0,0.0,0.0,0.06730080395936966,0.0003833059861081074
355,True,,,,,0.0028376083355396986,0.07008509337902069,0.0,0.009846117347478867,0.0,0.0,0.0,0.0,0.11305651813745499,0.0003826725617111881
356,True,,,,,0.005396723281592131,0.10643225163221359,0.0,0.016039948910474777,0.0,0.0,0.0,0.0,0.07291588932275772,0.0003820380285504774
357,True,,,,,0.0016028762329369783,0.053609706461429596,0.0,0.006963847205042839,0.0,0.0,0.0,0.0,0.041336674243211746,0.0003814023931601134
358,True,,,,,0.000986953265964985,0.04379817098379135,0.0,0.005366770550608635,0.0,0.0,0.0,0.0,0.06693616509437561,0.0003807656620855846
359,True,,,,,0.002876078709959984,0.0664915144443512,0.0,0.009525230154395103,0.0,0.0,0.0,0.0,0.06282159686088562,0.0003801278418836622
360,True,,,,,0.0033041220158338547,0.08182743191719055,0.0,0.01148686558008194,0.0,0.0,0.0,0.0,0.06279807537794113,0.00037948893912233267
361,True,,,,,0.003099590539932251,0.07361416518688202,0.0,0.010461007244884968,0.0,0.0,0.0,0.0,0.05440417304635048,0.00037884896038073077
362,True,,,,,0.002080244943499565,0.06896662712097168,0.0,0.008976908400654793,0.0,0.0,0.0,0.0,0.04883762076497078,0.00037820791224907037
363,True,,,,,0.002325231209397316,0.06744518131017685,0.0,0.00906975008547306,0.0,0.0,0.0,0.0,0.050561510026454926,0.00037756580132857815
364,True,,,,,0.004432329908013344,0.07229980826377869,0.0,0.011662310920655727,0.0,0.0,0.0,0.0,0.0537845641374588,0.0003769226342314245
365,True,,,,,0.005449375137686729,0.07585340738296509,0.0,0.013034716248512268,0.0,0.0,0.0,0.0,0.06680664420127869,0.000376278417580656
366,True,,,,,0.004015770740807056,0.07846259325742722,0.0,0.011862030252814293,0.0,0.0,0.0,0.0,0.05123056471347809,0.00037563315801012717
367,True,,,,,0.004709442611783743,0.08715766668319702,0.0,0.013425208628177643,0.0,0.0,0.0,0.0,0.045853741466999054,0.00037498686216443165
368,True,,,,,0.0022933376021683216,0.060485392808914185,0.0,0.008341876789927483,0.0,0.0,0.0,0.0,0.06705787032842636,0.0003743395366988347
369,True,,,,,0.0033387462608516216,0.07173046469688416,0.0,0.010511793196201324,0.0,0.0,0.0,0.0,0.04836852103471756,0.0003736911882792037
370,True,,,,,0.0036522704176604748,0.07105022668838501,0.0,0.010757293552160263,0.0,0.0,0.0,0.0,0.03457335755228996,0.00037304182358194034
371,True,,,,,0.003630261402577162,0.06173218786716461,0.0,0.009803480468690395,0.0,0.0,0.0,0.0,0.054089780896902084,0.0003723914492939111
372,True,,,,,0.005834206007421017,0.0824408233165741,0.0,0.014078288339078426,0.0,0.0,0.0,0.0,0.052800290286540985,0.00037174007211237907
373,True,,,,,0.0026574356015771627,0.07063716650009155,0.0,0.009721152484416962,0.0,0.0,0.0,0.0,0.04915795102715492,0.0003710876987449346
374,True,,,,,0.005545265041291714,0.09277848899364471,0.0,0.01482311449944973,0.0,0.0,0.0,0.0,0.05069044977426529,0.0003704343359094262
375,True,,,,,0.0018543973565101624,0.05775945633649826,0.0,0.007630343083292246,0.0,0.0,0.0,0.0,0.07784051448106766,0.00036977999033389165
376,True,,,,,0.002694177906960249,0.05229717865586281,0.0,0.007923895493149757,0.0,0.0,0.0,0.0,0.04023277387022972,0.0003691246687564884
377,True,,,,,0.0034568305127322674,0.06976499408483505,0.0,0.010433330200612545,0.0,0.0,0.0,0.0,0.034004662185907364,0.00036846837792542446
378,True,,,,,0.0036526434123516083,0.09187284857034683,0.0,0.012839928269386292,0.0,0.0,0.0,0.0,0.05559488385915756,0.00036781112459888867
379,True,,,,,0.004834163002669811,0.06751155853271484,0.0,0.01158531941473484,0.0,0.0,0.0,0.0,0.05394699424505234,0.00036715291554498134
380,True,,,,,0.005878884345293045,0.08464032411575317,0.0,0.014342917129397392,0.0,0.0,0.0,0.0,0.042701102793216705,0.00036649375754164423
381,True,,,,,0.006678842008113861,0.09125661849975586,0.0,0.015804503113031387,0.0,0.0,0.0,0.0,0.04519732668995857,0.0003658336573765912
382,True,,,,,0.002913310658186674,0.059919290244579315,0.0,0.008905239403247833,0.0,0.0,0.0,0.0,0.03721600025892258,0.00036517262184723785
383,True,,,,,0.0050602867268025875,0.07812711596488953,0.0,0.012872997671365738,0.0,0.0,0.0,0.0,0.04394606873393059,0.000364510657760632
384,True,,,,,0.0055836564861238,0.08118186146020889,0.0,0.013701843097805977,0.0,0.0,0.0,0.0,0.04828229174017906,0.00036384777193338303
385,True,,,,,0.006041143089532852,0.0792263001203537,0.0,0.013963772915303707,0.0,0.0,0.0,0.0,0.0349971167743206,0.00036318397119159226
386,True,,,,,0.004407275468111038,0.0771227478981018,0.0,0.012119550257921219,0.0,0.0,0.0,0.0,0.0580795593559742,0.00036251926237078217
387,True,,,,,0.003121274057775736,0.07548871636390686,0.0,0.010670145973563194,0.0,0.0,0.0,0.0,0.03744557499885559,0.00036185365231582633
388,True,,,,,0.00262880208902061,0.05478754639625549,0.0,0.008107556961476803,0.0,0.0,0.0,0.0,0.026403533294796944,0.000361187147880879
389,True,,,,,0.005297408904880285,0.07945755124092102,0.0,0.013243164867162704,0.0,0.0,0.0,0.0,0.0444130077958107,0.0003605197559293039
390,True,,,,,0.004789025988429785,0.07188782095909119,0.0,0.01197780855000019,0.0,0.0,0.0,0.0,0.03267524763941765,0.0003598514833336046
391,True,,,,,0.007164436392486095,0.08202943205833435,0.0,0.015367379412055016,0.0,0.0,0.0,0.0,0.046091094613075256,0.0003591823369753525
392,True,,,,,0.005757306702435017,0.10022658109664917,0.0,0.01577996462583542,0.0,0.0,0.0,0.0,0.048534244298934937,0.00035851232374511726
393,True,,,,,0.00747194979339838,0.09437203407287598,0.0,0.016909152269363403,0.0,0.0,0.0,0.0,0.06320267170667648,0.00035784145054239464
394,True,,,,,0.0046930089592933655,0.07630115747451782,0.0,0.012323124334216118,0.0,0.0,0.0,0.0,0.04778981953859329,0.0003571697242755364
395,True,,,,,0.007348745595663786,0.09418968856334686,0.0,0.0167677141726017,0.0,0.0,0.0,0.0,0.03178391978144646,0.00035649715186167856
396,True,,,,,0.0037407362833619118,0.07214753329753876,0.0,0.010955490171909332,0.0,0.0,0.0,0.0,0.044503141194581985,0.00035582374022667044
397,True,,,,,0.005896705202758312,0.06613482534885406,0.0,0.012510187923908234,0.0,0.0,0.0,0.0,0.06612328439950943,0.00035514949630500347
398,True,,,,,0.005849465727806091,0.10193342715501785,0.0,0.016042809933423996,0.0,0.0,0.0,0.0,0.08919630199670792,0.00035447442703973926
399,True,,,,,0.00587466498836875,0.08791101723909378,0.0,0.014665767550468445,0.0,0.0,0.0,0.0,0.05209088325500488,0.00035379853938243856
400,True,,,,,0.005817736499011517,0.07382206618785858,0.0,0.013199943117797375,0.0,0.0,0.0,0.0,0.030082356184720993,0.00035312184029308964
401,True,,,,,0.003991840407252312,0.0774657130241394,0.0,0.011738412082195282,0.0,0.0,0.0,0.0,0.07498888671398163,0.0003524443367400365
402,True,,,,,0.004436258226633072,0.07292864471673965,0.0,0.011729123070836067,0.0,0.0,0.0,0.0,0.0598362497985363,0.00035176603569990716
403,True,,,,,0.00514298677444458,0.08153808116912842,0.0,0.013296795077621937,0.0,0.0,0.0,0.0,0.05911625176668167,0.00035108694415754183
404,True,,,,,0.006409856490790844,0.1031244695186615,0.0,0.01672230288386345,0.0,0.0,0.0,0.0,0.047131527215242386,0.00035040706910592076
405,True,,,,,0.004493215121328831,0.08135268837213516,0.0,0.012628484517335892,0.0,0.0,0.0,0.0,0.05753444507718086,0.0003497264175460926
406,True,,,,,0.0034633807372301817,0.07275056838989258,0.0,0.010738437995314598,0.0,0.0,0.0,0.0,0.049467574805021286,0.00034904499648710227
407,True,,,,,0.00276402710005641,0.07106252014636993,0.0,0.00987027958035469,0.0,0.0,0.0,0.0,0.05579318106174469,0.0003483628129459183
408,True,,,,,0.007177933119237423,0.09188196063041687,0.0,0.016366129741072655,0.0,0.0,0.0,0.0,0.033188994973897934,0.0003476798739473612
409,True,,,,,0.004543537274003029,0.05394493415951729,0.0,0.009938031435012817,0.0,0.0,0.0,0.0,0.04273606464266777,0.0003469961865240306
410,True,,,,,0.0038373246788978577,0.07095656543970108,0.0,0.010932981967926025,0.0,0.0,0.0,0.0,0.04949809983372688,0.00034631175771623353
411,True,,,,,0.006287829484790564,0.10209093987941742,0.0,0.016496922820806503,0.0,0.0,0.0,0.0,0.07192818075418472,0.0003456265945719108
412,True,,,,,0.0076445406302809715,0.09530200064182281,0.0,0.017174741253256798,0.0,0.0,0.0,0.0,0.046395957469940186,0.00034494070414656567
413,True,,,,,0.003881540847942233,0.0660194456577301,0.0,0.010483485646545887,0.0,0.0,0.0,0.0,0.04816820099949837,0.00034425409350319027
414,True,,,,,0.003793424926698208,0.08667749166488647,0.0,0.01246117427945137,0.0,0.0,0.0,0.0,0.06996692717075348,0.0003435667697121934
415,True,,,,,0.0037215191405266523,0.0634893923997879,0.0,0.010070458054542542,0.0,0.0,0.0,0.0,0.08110165596008301,0.0003428787398513275
416,True,,,,,0.0032536087092012167,0.06490863859653473,0.0,0.009744472801685333,0.0,0.0,0.0,0.0,0.03148259222507477,0.0003421900110056156
417,True,,,,,0.0035027635749429464,0.0715075135231018,0.0,0.010653515346348286,0.0,0.0,0.0,0.0,0.06422584503889084,0.00034150059026727896
418,True,,,,,0.0034356224350631237,0.08600001037120819,0.0,0.01203562319278717,0.0,0.0,0.0,0.0,0.10427332669496536,0.0003408104847356631
419,True,,,,,0.002409885637462139,0.06766324490308762,0.0,0.009176209568977356,0.0,0.0,0.0,0.0,0.044893499463796616,0.0003401197015171659
420,True,,,,,0.005843471735715866,0.07668153941631317,0.0,0.013511626049876213,0.0,0.0,0.0,0.0,0.048627179116010666,0.00033942824772516315
421,True,,,,,0.0026591382920742035,0.05944512411952019,0.0,0.008603651076555252,0.0,0.0,0.0,0.0,0.04268995672464371,0.0003387361304799362
422,True,,,,,0.0035890894941985607,0.06771762669086456,0.0,0.010360851883888245,0.0,0.0,0.0,0.0,0.055041465908288956,0.0003380433569085984
423,True,,,,,0.004710750188678503,0.06571304798126221,0.0,0.011282054707407951,0.0,0.0,0.0,0.0,0.03632895275950432,0.00033734993414502134
424,True,,,,,0.006013423204421997,0.08879117667675018,0.0,0.014892540872097015,0.0,0.0,0.0,0.0,0.03143974393606186,0.0003366558693297621
425,True,,,,,0.0014994344674050808,0.045701734721660614,0.0,0.0060696080327034,0.0,0.0,0.0,0.0,0.04695608839392662,0.00033596116960998905
426,True,,,,,0.002733706496655941,0.07569679617881775,0.0,0.010303385555744171,0.0,0.0,0.0,0.0,0.05167662724852562,0.0003352658421394087
427,True,,,,,0.006844171788543463,0.08176150918006897,0.0,0.015020322054624557,0.0,0.0,0.0,0.0,0.05950408801436424,0.00033456989407819164
428,True,,,,,0.0035258419811725616,0.06618574261665344,0.0,0.010144416242837906,0.0,0.0,0.0,0.0,0.08054979890584946,0.0003338733325928991
429,True,,,,,0.0030661262571811676,0.05233101546764374,0.0,0.008299227803945541,0.0,0.0,0.0,0.0,0.05102706700563431,0.00033317616485640936
430,True,,,,,0.003231383627280593,0.06682697683572769,0.0,0.009914081543684006,0.0,0.0,0.0,0.0,0.06223943829536438,0.0003324783980478431
431,True,,,,,0.0041770339012146,0.07270324230194092,0.0,0.011447358876466751,0.0,0.0,0.0,0.0,0.05037163197994232,0.0003317800393524904
432,True,,,,,0.003635302186012268,0.07465024292469025,0.0,0.011100326664745808,0.0,0.0,0.0,0.0,0.052340392023324966,0.00033108109596173606
433,True,,,,,0.004381570033729076,0.06428441405296326,0.0,0.010810011997818947,0.0,0.0,0.0,0.0,0.04712383821606636,0.000330381575072986
434,True,,,,,0.0016047849785536528,0.051823701709508896,0.0,0.006787154823541641,0.0,0.0,0.0,0.0,0.06245621293783188,0.0003296814838895928
435,True,,,,,0.007867095991969109,0.09243792295455933,0.0,0.01711088791489601,0.0,0.0,0.0,0.0,0.035047560930252075,0.00032898082962078183
436,True,,,,,0.004720867145806551,0.06933125853538513,0.0,0.011653993278741837,0.0,0.0,0.0,0.0,0.04890509694814682,0.0003282796194815767
437,True,,,,,0.0035587295424193144,0.06663264334201813,0.0,0.010221993550658226,0.0,0.0,0.0,0.0,0.0429280549287796,0.0003275778606927253
438,True,,,,,0.0027926377952098846,0.062248941510915756,0.0,0.00901753269135952,0.0,0.0,0.0,0.0,0.05484912544488907,0.00032687556048062504
439,True,,,,,0.004858407657593489,0.09578660875558853,0.0,0.01443706825375557,0.0,0.0,0.0,0.0,0.04484335333108902,0.00032617272607724895
440,True,,,,,0.0023611276410520077,0.064972884953022,0.0,0.008858416229486465,0.0,0.0,0.0,0.0,0.0587528720498085,0.00032546936472007066
441,True,,,,,0.0023824768140912056,0.05197763070464134,0.0,0.007580239791423082,0.0,0.0,0.0,0.0,0.04751519113779068,0.0003247654836519903
442,True,,,,,0.005022967234253883,0.08651204407215118,0.0,0.013674171641469002,0.0,0.0,0.0,0.0,0.054657332599163055,0.00032406109012125963
443,True,,,,,0.004954641684889793,0.06744350492954254,0.0,0.011698992922902107,0.0,0.0,0.0,0.0,0.04666014015674591,0.0003233561913814076
444,True,,,,,0.005311438348144293,0.08271443843841553,0.0,0.013582881540060043,0.0,0.0,0.0,0.0,0.04251401871442795,0.0003226507946911656
445,True,,,,,0.0037050615064799786,0.07184650003910065,0.0,0.010889711789786816,0.0,0.0,0.0,0.0,0.05002687871456146,0.00032194490731439257
446,True,,,,,0.0026031238958239555,0.05580446124076843,0.0,0.008183570578694344,0.0,0.0,0.0,0.0,0.041759196668863297,0.0003212385365200006
447,True,,,,,0.003041599877178669,0.06972087919712067,0.0,0.01001368835568428,0.0,0.0,0.0,0.0,0.04671028256416321,0.0003205316895818794
448,True,,,,,0.003088387195020914,0.05288555845618248,0.0,0.008376942947506905,0.0,0.0,0.0,0.0,0.036791712045669556,0.000319824373778822
449,True,,,,,0.0062120757065713406,0.0851932018995285,0.0,0.014731395989656448,0.0,0.0,0.0,0.0,0.05483202636241913,0.0003191165963944497
450,True,,,,,0.0047611938789486885,0.07701639086008072,0.0,0.01246283296495676,0.0,0.0,0.0,0.0,0.05365188792347908,0.0003184083647171368
451,True,,,,,0.008206105791032314,0.09163022041320801,0.0,0.01736912876367569,0.0,0.0,0.0,0.0,0.04205866903066635,0.0003176996860399357
452,True,,,,,0.0038398760370910168,0.06952488422393799,0.0,0.010792364366352558,0.0,0.0,0.0,0.0,0.050825949758291245,0.00031699056766050195
453,True,,,,,0.005934349726885557,0.07907889783382416,0.0,0.01384223997592926,0.0,0.0,0.0,0.0,0.06165791675448418,0.00031628101688101873
454,True,,,,,0.005000523291528225,0.07801772654056549,0.0,0.01280229538679123,0.0,0.0,0.0,0.0,0.05858682096004486,0.00031557104100812214
455,True,,,,,0.0035966194700449705,0.06868534535169601,0.0,0.01046515442430973,0.0,0.0,0.0,0.0,0.04947147145867348,0.00031486064735282546
456,True,,,,,0.001964468974620104,0.0579262413084507,0.0,0.007757093291729689,0.0,0.0,0.0,0.0,0.03485716134309769,0.00031414984323044424
457,True,,,,,0.004218993708491325,0.06506574153900146,0.0,0.010725568048655987,0.0,0.0,0.0,0.0,0.043299414217472076,0.0003134386359605209
458,True,,,,,0.0032983734272420406,0.06412987411022186,0.0,0.009711360558867455,0.0,0.0,0.0,0.0,0.049714457243680954,0.0003127270328667491
459,True,,,,,0.0038214242085814476,0.06509504467248917,0.0,0.01033092848956585,0.0,0.0,0.0,0.0,0.05511750653386116,0.0003120150412768987
460,True,,,,,0.0033031466882675886,0.058854758739471436,0.0,0.009188622236251831,0.0,0.0,0.0,0.0,0.03548244759440422,0.00031130266852274
461,True,,,,,0.004011976532638073,0.06966837495565414,0.0,0.010978814214468002,0.0,0.0,0.0,0.0,0.050573091953992844,0.00031058992193996844
462,True,,,,,0.002484816825017333,0.06982021033763885,0.0,0.009466838091611862,0.0,0.0,0.0,0.0,0.03631945326924324,0.0003098768088681289
463,True,,,,,0.004606247879564762,0.08375748991966248,0.0,0.01298199687153101,0.0,0.0,0.0,0.0,0.03547652065753937,0.00030916333665054023
464,True,,,,,0.00929633155465126,0.08307435363531113,0.0,0.017603766173124313,0.0,0.0,0.0,0.0,0.04625193774700165,0.0003084495126342197
465,True,,,,,0.007037502713501453,0.08058139681816101,0.0,0.015095642767846584,0.0,0.0,0.0,0.0,0.039814915508031845,0.00030773534416980703
466,True,,,,,0.00307410373352468,0.06477625668048859,0.0,0.009551729075610638,0.0,0.0,0.0,0.0,0.04655716195702553,0.0003070208386114892
467,True,,,,,0.002504917560145259,0.05199973285198212,0.0,0.007704891264438629,0.0,0.0,0.0,0.0,0.029875488951802254,0.0003063060033169241
468,True,,,,,0.0040631527081131935,0.08192723244428635,0.0,0.012255876325070858,0.0,0.0,0.0,0.0,0.04270394518971443,0.00030559084564716536
469,True,,,,,0.0028754877857863903,0.05350980907678604,0.0,0.008226469159126282,0.0,0.0,0.0,0.0,0.027882391586899757,0.00030487537296658624
470,True,,,,,0.00356094166636467,0.06909865140914917,0.0,0.010470807552337646,0.0,0.0,0.0,0.0,0.030800318345427513,0.00030415959264280373
471,True,,,,,0.004423275124281645,0.09322242438793182,0.0,0.013745518401265144,0.0,0.0,0.0,0.0,0.03805597499012947,0.0003034435120466029
472,True,,,,,0.0025867410004138947,0.06915110349655151,0.0,0.009501852095127106,0.0,0.0,0.0,0.0,0.03140293061733246,0.00030272713855186066
473,True,,,,,0.004096372984349728,0.05316326394677162,0.0,0.00941269937902689,0.0,0.0,0.0,0.0,0.04466896504163742,0.0003020104795354706
474,True,,,,,0.005591412540525198,0.0754154622554779,0.0,0.013132958672940731,0.0,0.0,0.0,0.0,0.03316579759120941,0.0003012935423772658
475,True,,,,,0.0040625883266329765,0.06891436874866486,0.0,0.010954025201499462,0.0,0.0,0.0,0.0,0.02816793881356716,0.0003005763344599441
476,True,,,,,0.003783371765166521,0.0626283660531044,0.0,0.010046208277344704,0.0,0.0,0.0,0.0,0.04358084127306938,0.00029985886316899105
477,True,,,,,0.003934009000658989,0.0783163458108902,0.0,0.011765643954277039,0.0,0.0,0.0,0.0,0.027056986466050148,0.00029914113589260457
478,True,,,,,0.001933516701683402,0.04293433949351311,0.0,0.006226950325071812,0.0,0.0,0.0,0.0,0.052453819662332535,0.0002984231600216185
479,True,,,,,0.0033780429512262344,0.058177970349788666,0.0,0.009195839986205101,0.0,0.0,0.0,0.0,0.023766230791807175,0.00029770494294942675
480,True,,,,,0.003500706981867552,0.0777163878083229,0.0,0.011272345669567585,0.0,0.0,0.0,0.0,0.0404021292924881,0.0002969864920719067
481,True,,,,,0.003927246201783419,0.06968621909618378,0.0,0.010895868763327599,0.0,0.0,0.0,0.0,0.03925038501620293,0.00029626781478734373
482,True,,,,,0.0037569773849099874,0.08912348747253418,0.0,0.012669326737523079,0.0,0.0,0.0,0.0,0.03504757210612297,0.0002955489184963543
483,True,,,,,0.0026476490311324596,0.06009139120578766,0.0,0.008656788617372513,0.0,0.0,0.0,0.0,0.0524464026093483,0.0002948298106018105
484,True,,,,,0.002865046262741089,0.055186256766319275,0.0,0.008383672684431076,0.0,0.0,0.0,0.0,0.04034290090203285,0.00029411049850876285
485,True,,,,,0.008882316760718822,0.09019562602043152,0.0,0.01790187880396843,0.0,0.0,0.0,0.0,0.034861013293266296,0.0002933909896243653
486,True,,,,,0.005457780323922634,0.06725668162107468,0.0,0.012183448299765587,0.0,0.0,0.0,0.0,0.04526875913143158,0.0002926712913577977
487,True,,,,,0.005040328949689865,0.07006079703569412,0.0,0.012046408839523792,0.0,0.0,0.0,0.0,0.04176684468984604,0.0002919514111201904
488,True,,,,,0.002910053823143244,0.06983079016208649,0.0,0.009893132373690605,0.0,0.0,0.0,0.0,0.04270382970571518,0.00029123135632454743
489,True,,,,,0.006949556525796652,0.0730469822883606,0.0,0.014254255220293999,0.0,0.0,0.0,0.0,0.03246943652629852,0.00029051113438567053
490,True,,,,,0.0026231601368635893,0.06805884838104248,0.0,0.009429045021533966,0.0,0.0,0.0,0.0,0.03544662520289421,0.00028979075272008234
491,True,,,,,0.0026646610349416733,0.0590694397687912,0.0,0.008571605198085308,0.0,0.0,0.0,0.0,0.045802343636751175,0.0002890702187459505
492,True,,,,,0.0041071283631026745,0.05424388498067856,0.0,0.009531516581773758,0.0,0.0,0.0,0.0,0.02803518809378147,0.00028834953988301105
493,True,,,,,0.003409018274396658,0.07922116667032242,0.0,0.011331135407090187,0.0,0.0,0.0,0.0,0.044530779123306274,0.00028762872355249196
494,True,,,,,0.001744679408147931,0.04435611888766289,0.0,0.006180291064083576,0.0,0.0,0.0,0.0,0.03567090258002281,0.0002869077771770367
495,True,,,,,0.004275261890143156,0.06190396845340729,0.0,0.010465659201145172,0.0,0.0,0.0,0.0,0.0569453090429306,0.00028618670818062814
496,True,,,,,0.002966514555737376,0.06071772798895836,0.0,0.009038287214934826,0.0,0.0,0.0,0.0,0.03325209394097328,0.0002854655239885115
497,True,,,,,0.003911538980901241,0.06988227367401123,0.0,0.010899766348302364,0.0,0.0,0.0,0.0,0.039744190871715546,0.0002847442320271186
498,True,,,,,0.002777308225631714,0.04768677055835724,0.0,0.007545985281467438,0.0,0.0,0.0,0.0,0.03768519312143326,0.0002840228397239908
499,True,,,,,0.002258464228361845,0.055486854165792465,0.0,0.007807149551808834,0.0,0.0,0.0,0.0,0.03452175855636597,0.0002833013545077026
500,True,,,,,0.0031113005243241787,0.05993850529193878,0.0,0.009105151519179344,0.0,0.0,0.0,0.0,0.03747659549117088,0.00028257978380778574
501,True,,,,,0.002752737607806921,0.08048054575920105,0.0,0.010800791904330254,0.0,0.0,0.0,0.0,0.03788278251886368,0.0002818581350546517
502,True,,,,,0.0022920763585716486,0.0505354106426239,0.0,0.00734561774879694,0.0,0.0,0.0,0.0,0.040208447724580765,0.0002811364156795162
503,True,,,,,0.0037425868213176727,0.05604594945907593,0.0,0.009347181767225266,0.0,0.0,0.0,0.0,0.03653020039200783,0.00028041463311432175
504,True,,,,,0.00813211128115654,0.11034635454416275,0.0,0.019166747108101845,0.0,0.0,0.0,0.0,0.058177731931209564,0.0002796927947916618
505,True,,,,,0.0030872568022459745,0.05512768775224686,0.0,0.008600025437772274,0.0,0.0,0.0,0.0,0.04064139723777771,0.000278970908144704
506,True,,,,,0.0016512402798980474,0.056125298142433167,0.0,0.007263770326972008,0.0,0.0,0.0,0.0,0.035582657903432846,0.00027824898060711345
507,True,,,,,0.002209895756095648,0.051622629165649414,0.0,0.007372158579528332,0.0,0.0,0.0,0.0,0.04940609261393547,0.00027752701961297657
508,True,,,,,0.00225320877507329,0.05581799894571304,0.0,0.007835008203983307,0.0,0.0,0.0,0.0,0.05603477358818054,0.0002768050325967241
509,True,,,,,0.0032410742715001106,0.051349982619285583,0.0,0.008376073092222214,0.0,0.0,0.0,0.0,0.04613969102501869,0.0002760830269930548
510,True,,,,,0.0029797821771353483,0.05794129893183708,0.0,0.008773911744356155,0.0,0.0,0.0,0.0,0.045394089072942734,0.00027536101023685884
511,True,,,,,0.004353995434939861,0.056796856224536896,0.0,0.010033681057393551,0.0,0.0,0.0,0.0,0.058004457503557205,0.0002746389897631413
512,True,,,,,0.0039557889103889465,0.058750152587890625,0.0,0.009830804541707039,0.0,0.0,0.0,0.0,0.033972784876823425,0.0002739169730069452
513,True,,,,,0.004809053149074316,0.058293599635362625,0.0,0.010638413019478321,0.0,0.0,0.0,0.0,0.02837788127362728,0.0002731949674032759
514,True,,,,,0.0051019638776779175,0.08158786594867706,0.0,0.013260751031339169,0.0,0.0,0.0,0.0,0.046584900468587875,0.0002724729803870235
515,True,,,,,0.002902967855334282,0.06990109384059906,0.0,0.009893077425658703,0.0,0.0,0.0,0.0,0.04545871168375015,0.0002717510193928866
516,True,,,,,0.004663826897740364,0.07869628071784973,0.0,0.012533455155789852,0.0,0.0,0.0,0.0,0.048170726746320724,0.00027102909185529604
517,True,,,,,0.00452394736930728,0.07526157796382904,0.0,0.012050105258822441,0.0,0.0,0.0,0.0,0.04813583567738533,0.0002703072052083383
518,True,,,,,0.0030885618180036545,0.04391461983323097,0.0,0.007480023894459009,0.0,0.0,0.0,0.0,0.037527669221162796,0.0002695853668856784
519,True,,,,,0.0020830559078603983,0.05193832516670227,0.0,0.007276888936758041,0.0,0.0,0.0,0.0,0.037332046777009964,0.00026886358432048386
520,True,,,,,0.003803686937317252,0.055416006594896317,0.0,0.009345287457108498,0.0,0.0,0.0,0.0,0.04847020283341408,0.00026814186494534826
521,True,,,,,0.0018617375753819942,0.05310807377099991,0.0,0.007172544952481985,0.0,0.0,0.0,0.0,0.07567551732063293,0.0002674202161922143
522,True,,,,,0.004313583020120859,0.054527100175619125,0.0,0.009766293689608574,0.0,0.0,0.0,0.0,0.04313723370432854,0.00026669864549229736
523,True,,,,,0.0026559808757156134,0.04952772706747055,0.0,0.007608753629028797,0.0,0.0,0.0,0.0,0.04196222871541977,0.0002659771602760093
524,True,,,,,0.00582649651914835,0.08281803131103516,0.0,0.01410830020904541,0.0,0.0,0.0,0.0,0.027328921481966972,0.00026525576797288135
525,True,,,,,0.008224623277783394,0.09376503527164459,0.0,0.017601126804947853,0.0,0.0,0.0,0.0,0.039941973984241486,0.0002645344760114885
526,True,,,,,0.0029080635868012905,0.058448441326618195,0.0,0.008752907626330853,0.0,0.0,0.0,0.0,0.06995389610528946,0.0002638132918193719
527,True,,,,,0.005842226557433605,0.06141384690999985,0.0,0.011983610689640045,0.0,0.0,0.0,0.0,0.05529043823480606,0.0002630922228229633
528,True,,,,,0.00318733137100935,0.06139538437128067,0.0,0.009326869621872902,0.0,0.0,0.0,0.0,0.04383110627532005,0.0002623712764475081
529,True,,,,,0.0045285713858902454,0.07094983011484146,0.0,0.011623553931713104,0.0,0.0,0.0,0.0,0.03075709566473961,0.000261650460116989
530,True,,,,,0.0028734325896948576,0.0637248232960701,0.0,0.009245915338397026,0.0,0.0,0.0,0.0,0.056234441697597504,0.00026092978125404954
531,True,,,,,0.00205217651091516,0.05458066612482071,0.0,0.007510242983698845,0.0,0.0,0.0,0.0,0.05830906704068184,0.00026020924727991775
532,True,,,,,0.005122333765029907,0.06744548678398132,0.0,0.01186688244342804,0.0,0.0,0.0,0.0,0.04246939718723297,0.00025948886561432956
533,True,,,,,0.0045688580721616745,0.06171741336584091,0.0,0.01074059959501028,0.0,0.0,0.0,0.0,0.0478520393371582,0.0002587686436754526
534,True,,,,,0.0037888316437602043,0.06568053364753723,0.0,0.010356884449720383,0.0,0.0,0.0,0.0,0.04186711832880974,0.00025804858887980964
535,True,,,,,0.0021913114469498396,0.04944801330566406,0.0,0.0071361130103468895,0.0,0.0,0.0,0.0,0.04963914304971695,0.00025732870864220235
536,True,,,,,0.005973569117486477,0.07147736847400665,0.0,0.013121305964887142,0.0,0.0,0.0,0.0,0.039456937462091446,0.0002566090103756348
537,True,,,,,0.005857385694980621,0.09703955054283142,0.0,0.015561341308057308,0.0,0.0,0.0,0.0,0.058926504105329514,0.00025588950149123713
538,True,,,,,0.0025679939426481724,0.042915940284729004,0.0,0.006859587971121073,0.0,0.0,0.0,0.0,0.030735773965716362,0.0002551701893981897
539,True,,,,,0.004617561586201191,0.0790632963180542,0.0,0.012523891404271126,0.0,0.0,0.0,0.0,0.050851255655288696,0.0002544510815036458
540,True,,,,,0.003838286502286792,0.0679415762424469,0.0,0.01063244417309761,0.0,0.0,0.0,0.0,0.03257615864276886,0.00025373218521265636
541,True,,,,,0.003017605049535632,0.07008866965770721,0.0,0.010026471689343452,0.0,0.0,0.0,0.0,0.041020095348358154,0.0002530135079280934
542,True,,,,,0.005883990786969662,0.07734538614749908,0.0,0.013618528842926025,0.0,0.0,0.0,0.0,0.04807036742568016,0.0002522950570505734
543,True,,,,,0.00455812830477953,0.0749555379152298,0.0,0.012053681537508965,0.0,0.0,0.0,0.0,0.030985213816165924,0.00025157683997838155
544,True,,,,,0.003478408558294177,0.06272048503160477,0.0,0.009750457480549812,0.0,0.0,0.0,0.0,0.062394000589847565,0.0002508588641073955
545,True,,,,,0.0019617737270891666,0.04466470330953598,0.0,0.006428244058042765,0.0,0.0,0.0,0.0,0.027921374887228012,0.0002501411368310091
546,True,,,,,0.002144554164260626,0.047605544328689575,0.0,0.006905108690261841,0.0,0.0,0.0,0.0,0.0307190902531147,0.000249423665540056
547,True,,,,,0.003206037450581789,0.06295427680015564,0.0,0.009501464664936066,0.0,0.0,0.0,0.0,0.0509350523352623,0.0002487064576227342
548,True,,,,,0.0037230178713798523,0.061279021203517914,0.0,0.009850920177996159,0.0,0.0,0.0,0.0,0.03334266319870949,0.0002479895204645295
549,True,,,,,0.0016475472366437316,0.04348503053188324,0.0,0.00599605031311512,0.0,0.0,0.0,0.0,0.03636714071035385,0.0002472728614481393
550,True,,,,,0.0020851953886449337,0.04481574147939682,0.0,0.006566769443452358,0.0,0.0,0.0,0.0,0.03208452835679054,0.00024655648795339713
551,True,,,,,0.004588120151311159,0.06486491858959198,0.0,0.0110746119171381,0.0,0.0,0.0,0.0,0.06344570219516754,0.0002458404073571963
552,True,,,,,0.0034105998929589987,0.06942583620548248,0.0,0.01035318337380886,0.0,0.0,0.0,0.0,0.0338437482714653,0.0002451246270334138
553,True,,,,,0.003953964449465275,0.06864326447248459,0.0,0.010818291455507278,0.0,0.0,0.0,0.0,0.03358907252550125,0.0002444091543528346
554,True,,,,,0.0028300974518060684,0.061114802956581116,0.0,0.00894157774746418,0.0,0.0,0.0,0.0,0.04016166552901268,0.0002436939966830759
555,True,,,,,0.004429496359080076,0.07033796608448029,0.0,0.011463292874395847,0.0,0.0,0.0,0.0,0.05168970301747322,0.0002429791613885109
556,True,,,,,0.0013590505113825202,0.04712168127298355,0.0,0.006071218755096197,0.0,0.0,0.0,0.0,0.03614416718482971,0.00024226465583019303
557,True,,,,,0.0048478893004357815,0.0747091993689537,0.0,0.012318809516727924,0.0,0.0,0.0,0.0,0.03814128041267395,0.00024155048736578034
558,True,,,,,0.0027308142744004726,0.05476783215999603,0.0,0.008207597769796848,0.0,0.0,0.0,0.0,0.043819211423397064,0.0002408366633494598
559,True,,,,,0.005010255612432957,0.07693026214838028,0.0,0.012703281827270985,0.0,0.0,0.0,0.0,0.043932441622018814,0.0002401231911318712
560,True,,,,,0.005647063255310059,0.07291281968355179,0.0,0.012938344851136208,0.0,0.0,0.0,0.0,0.03465471416711807,0.00023941007806003162
561,True,,,,,0.005243000574409962,0.07421719282865524,0.0,0.01266472041606903,0.0,0.0,0.0,0.0,0.0524778738617897,0.00023869733147726004
562,True,,,,,0.006237952969968319,0.08161194622516632,0.0,0.014399147592484951,0.0,0.0,0.0,0.0,0.057601239532232285,0.00023798495872310137
563,True,,,,,0.003214921336621046,0.06414654850959778,0.0,0.009629576466977596,0.0,0.0,0.0,0.0,0.0731775313615799,0.00023727296713325097
564,True,,,,,0.005717173218727112,0.08420651406049728,0.0,0.01413782499730587,0.0,0.0,0.0,0.0,0.034347113221883774,0.00023656136403947919
565,True,,,,,0.005171660333871841,0.06618797779083252,0.0,0.011790458112955093,0.0,0.0,0.0,0.0,0.029581570997834206,0.00023585015676955585
566,True,,,,,0.005413644947111607,0.07503203302621841,0.0,0.012916848063468933,0.0,0.0,0.0,0.0,0.04968918859958649,0.00023513935264717463
567,True,,,,,0.0036103108432143927,0.06972049176692963,0.0,0.010582360439002514,0.0,0.0,0.0,0.0,0.0371139720082283,0.00023442895899187795
568,True,,,,,0.0035118316300213337,0.0606725737452507,0.0,0.009579088538885117,0.0,0.0,0.0,0.0,0.05932728946208954,0.00023371898311898127
569,True,,,,,0.002648761495947838,0.058664511889219284,0.0,0.008515212684869766,0.0,0.0,0.0,0.0,0.041977185755968094,0.00023300943233949816
570,True,,,,,0.0036207190714776516,0.061378784477710724,0.0,0.009758597239851952,0.0,0.0,0.0,0.0,0.041950736194849014,0.00023230031396006428
571,True,,,,,0.004171102773398161,0.07480393350124359,0.0,0.011651496402919292,0.0,0.0,0.0,0.0,0.047873739153146744,0.0002315916352828632
572,True,,,,,0.006155651994049549,0.07870875298976898,0.0,0.014026527293026447,0.0,0.0,0.0,0.0,0.06855391710996628,0.00023088340360555038
573,True,,,,,0.006879224441945553,0.08945544809103012,0.0,0.01582476869225502,0.0,0.0,0.0,0.0,0.05864337831735611,0.000230175626221178
574,True,,,,,0.004096600692719221,0.06562405824661255,0.0,0.010659006424248219,0.0,0.0,0.0,0.0,0.035488519817590714,0.00022946831041812066
575,True,,,,,0.002845744602382183,0.051537610590457916,0.0,0.00799950584769249,0.0,0.0,0.0,0.0,0.033941399306058884,0.00022876146347999948
576,True,,,,,0.004305828362703323,0.07732678204774857,0.0,0.01203850656747818,0.0,0.0,0.0,0.0,0.03995314612984657,0.0002280550926856075
577,True,,,,,0.004382398910820484,0.08568204939365387,0.0,0.012950603850185871,0.0,0.0,0.0,0.0,0.05807461962103844,0.00022734920530883445
578,True,,,,,0.005878723692148924,0.06985870748758316,0.0,0.012864594347774982,0.0,0.0,0.0,0.0,0.05334548279643059,0.00022664380861859247
579,True,,,,,0.0024710306897759438,0.04987238720059395,0.0,0.0074582695960998535,0.0,0.0,0.0,0.0,0.047842781990766525,0.00022593890987874048
580,True,,,,,0.00406747218221426,0.07328536361455917,0.0,0.011396008543670177,0.0,0.0,0.0,0.0,0.03872242197394371,0.00022523451634800983
581,True,,,,,0.0038982636760920286,0.0769476443529129,0.0,0.011593027971684933,0.0,0.0,0.0,0.0,0.02589801512658596,0.0002245306352799294
582,True,,,,,0.002939100144430995,0.06899014860391617,0.0,0.00983811542391777,0.0,0.0,0.0,0.0,0.04993234574794769,0.00022382727392275108
583,True,,,,,0.001594596542418003,0.051610395312309265,0.0,0.00675563607364893,0.0,0.0,0.0,0.0,0.035500820726156235,0.000223124439519375
584,True,,,,,0.0035169683396816254,0.07476448267698288,0.0,0.010993417352437973,0.0,0.0,0.0,0.0,0.035937607288360596,0.00022242213930727473
585,True,,,,,0.006333089433610439,0.0906374454498291,0.0,0.01539683435112238,0.0,0.0,0.0,0.0,0.03638649359345436,0.00022172038051842326
586,True,,,,,0.003909868188202381,0.04957525432109833,0.0,0.008867394179105759,0.0,0.0,0.0,0.0,0.041719190776348114,0.0002210191703792182
587,True,,,,,0.003892231499776244,0.05691985785961151,0.0,0.009584217332303524,0.0,0.0,0.0,0.0,0.03245238587260246,0.0002203185161104072
588,True,,,,,0.003352960105985403,0.0619572177529335,0.0,0.009548681788146496,0.0,0.0,0.0,0.0,0.028991712257266045,0.000219618424927014
589,True,,,,,0.0029694270342588425,0.07115302234888077,0.0,0.010084729641675949,0.0,0.0,0.0,0.0,0.044964421540498734,0.00021891890403826397
590,True,,,,,0.005049281753599644,0.08578187227249146,0.0,0.013627469539642334,0.0,0.0,0.0,0.0,0.0380706712603569,0.00021821996064750964
591,True,,,,,0.0011560757411643863,0.032502494752407074,0.0,0.004406325053423643,0.0,0.0,0.0,0.0,0.03083486296236515,0.0002175216019521569
592,True,,,,,0.0021323016844689846,0.0407414473593235,0.0,0.006206446327269077,0.0,0.0,0.0,0.0,0.050442904233932495,0.00021682383514359078
593,True,,,,,0.004714540205895901,0.06677080690860748,0.0,0.011391621083021164,0.0,0.0,0.0,0.0,0.02970055304467678,0.0002161266674071009
594,True,,,,,0.004665473476052284,0.07216209173202515,0.0,0.011881683021783829,0.0,0.0,0.0,0.0,0.03159770369529724,0.0002154301059218084
595,True,,,,,0.006525624543428421,0.06406786292791367,0.0,0.012932410463690758,0.0,0.0,0.0,0.0,0.03723064437508583,0.0002147341578605913
596,True,,,,,0.004174330271780491,0.07224348187446594,0.0,0.0113986786454916,0.0,0.0,0.0,0.0,0.02878459356725216,0.00021403883039001098
597,True,,,,,0.007654673885554075,0.07854832708835602,0.0,0.015509506687521935,0.0,0.0,0.0,0.0,0.039793893694877625,0.0002133441306702379
598,True,,,,,0.003031838685274124,0.05228947103023529,0.0,0.008260786533355713,0.0,0.0,0.0,0.0,0.03648281842470169,0.00021265006585497872
599,True,,,,,0.005066173151135445,0.08962269127368927,0.0,0.014028442092239857,0.0,0.0,0.0,0.0,0.03504939377307892,0.00021195664309140173
600,True,,,,,0.003933966159820557,0.0625510960817337,0.0,0.010189075954258442,0.0,0.0,0.0,0.0,0.037874698638916016,0.00021126386952006383
601,True,,,,,0.00215555215254426,0.05629430711269379,0.0,0.007784983143210411,0.0,0.0,0.0,0.0,0.06195719540119171,0.00021057175227483688
602,True,,,,,0.002722162753343582,0.04636198282241821,0.0,0.0073583610355854034,0.0,0.0,0.0,0.0,0.03036615438759327,0.0002098802984828342
603,True,,,,,0.004730571992695332,0.06945324689149857,0.0,0.011675896123051643,0.0,0.0,0.0,0.0,0.023810165002942085,0.00020918951526433693
604,True,,,,,0.006365821696817875,0.07154142111539841,0.0,0.01351996324956417,0.0,0.0,0.0,0.0,0.03424699977040291,0.00020849940973272107
605,True,,,,,0.0031375852413475513,0.0590408630669117,0.0,0.009041671641170979,0.0,0.0,0.0,0.0,0.03756411001086235,0.00020780998899438442
606,True,,,,,0.0019420990720391273,0.04136386513710022,0.0,0.006078485865145922,0.0,0.0,0.0,0.0,0.05911516770720482,0.00020712126014867254
607,True,,,,,0.004560661502182484,0.06395895779132843,0.0,0.010956557467579842,0.0,0.0,0.0,0.0,0.023646339774131775,0.00020643323028780663
608,True,,,,,0.0030756972264498472,0.05510753393173218,0.0,0.008586450479924679,0.0,0.0,0.0,0.0,0.03914439305663109,0.00020574590649680968
609,True,,,,,0.003658575937151909,0.06472526490688324,0.0,0.010131102055311203,0.0,0.0,0.0,0.0,0.02076847478747368,0.00020505929585343442
610,True,,,,,0.004972048103809357,0.06275825202465057,0.0,0.011247873306274414,0.0,0.0,0.0,0.0,0.048891954123973846,0.00020437340542808926
611,True,,,,,0.003972998820245266,0.062076084315776825,0.0,0.010180607438087463,0.0,0.0,0.0,0.0,0.031597282737493515,0.00020368824228376653
612,True,,,,,0.0031422029715031385,0.052467480301856995,0.0,0.008388951420783997,0.0,0.0,0.0,0.0,0.020846743136644363,0.00020300381347596936
613,True,,,,,0.0034073027782142162,0.05073457211256027,0.0,0.008480760268867016,0.0,0.0,0.0,0.0,0.020624497905373573,0.0002023201260526389
614,True,,,,,0.003822981845587492,0.0799933448433876,0.0,0.01182231679558754,0.0,0.0,0.0,0.0,0.027315029874444008,0.00020163718705408173
615,True,,,,,0.004222691524773836,0.07579560577869415,0.0,0.011802252382040024,0.0,0.0,0.0,0.0,0.043558359146118164,0.00020095500351289774
616,True,,,,,0.007231445051729679,0.07649553567171097,0.0,0.014880998060107231,0.0,0.0,0.0,0.0,0.0281996950507164,0.00020027358245390742
617,True,,,,,0.006105826701968908,0.08924063295125961,0.0,0.015029890462756157,0.0,0.0,0.0,0.0,0.03430231660604477,0.00019959293089407925
618,True,,,,,0.0043377503752708435,0.06733277440071106,0.0,0.01107102818787098,0.0,0.0,0.0,0.0,0.03537972643971443,0.00019891305584245823
619,True,,,,,0.0034738886170089245,0.05498919636011124,0.0,0.008972808718681335,0.0,0.0,0.0,0.0,0.02830006554722786,0.00019823396430009287
620,True,,,,,0.003928688354790211,0.0616614855825901,0.0,0.010094836354255676,0.0,0.0,0.0,0.0,0.0375039167702198,0.0001975556632599635
621,True,,,,,0.0029213463421911,0.0675094723701477,0.0,0.009672293439507484,0.0,0.0,0.0,0.0,0.04332984983921051,0.00019687815970691042
622,True,,,,,0.004106335341930389,0.07373691350221634,0.0,0.011480026878416538,0.0,0.0,0.0,0.0,0.04336903244256973,0.00019620146061756144
623,True,,,,,0.002974545117467642,0.06007852777838707,0.0,0.008982397615909576,0.0,0.0,0.0,0.0,0.03503641113638878,0.00019552557296026086
624,True,,,,,0.003922421485185623,0.0589238703250885,0.0,0.009814808145165443,0.0,0.0,0.0,0.0,0.04435226693749428,0.00019485050369499657
625,True,,,,,0.0037965704686939716,0.08095432072877884,0.0,0.011892002075910568,0.0,0.0,0.0,0.0,0.029332630336284637,0.00019417625977332948
626,True,,,,,0.004756900481879711,0.05774553492665291,0.0,0.010531453415751457,0.0,0.0,0.0,0.0,0.027783526107668877,0.00019350284813832147
627,True,,,,,0.0036061301361769438,0.0515291728079319,0.0,0.008759047836065292,0.0,0.0,0.0,0.0,0.03789450600743294,0.00019283027572446364
628,True,,,,,0.0034194383770227432,0.0611487478017807,0.0,0.009534313343465328,0.0,0.0,0.0,0.0,0.04366457834839821,0.00019215854945760536
629,True,,,,,0.00416016997769475,0.0734485536813736,0.0,0.011505025438964367,0.0,0.0,0.0,0.0,0.03190939500927925,0.00019148767625488277
630,True,,,,,0.0020158886909484863,0.04963652044534683,0.0,0.0069795409217476845,0.0,0.0,0.0,0.0,0.031176550313830376,0.00019081766302464753
631,True,,,,,0.003190327435731888,0.05558732897043228,0.0,0.008749060332775116,0.0,0.0,0.0,0.0,0.03893917426466942,0.0001901485166663955
632,True,,,,,0.004282976500689983,0.06846442818641663,0.0,0.011129419319331646,0.0,0.0,0.0,0.0,0.04061032459139824,0.0001894802440706961
633,True,,,,,0.0025810650549829006,0.04673975706100464,0.0,0.007255041040480137,0.0,0.0,0.0,0.0,0.03643341362476349,0.0001888128521191211
634,True,,,,,0.0037709500174969435,0.08021197468042374,0.0,0.011792147532105446,0.0,0.0,0.0,0.0,0.06780166178941727,0.00018814634768417373
635,True,,,,,0.00440931087359786,0.074807308614254,0.0,0.011890041641891003,0.0,0.0,0.0,0.0,0.03910748288035393,0.00018748073762921787
636,True,,,,,0.004391123075038195,0.0778094008564949,0.0,0.012172063812613487,0.0,0.0,0.0,0.0,0.03060692735016346,0.0001868160288084078
637,True,,,,,0.007541564758867025,0.07067888975143433,0.0,0.014609454199671745,0.0,0.0,0.0,0.0,0.041022296994924545,0.00018615222806661703
638,True,,,,,0.0035585719160735607,0.06027376651763916,0.0,0.009585948660969734,0.0,0.0,0.0,0.0,0.032188307493925095,0.00018548934223936803
639,True,,,,,0.0038231860380619764,0.05174064636230469,0.0,0.008997250348329544,0.0,0.0,0.0,0.0,0.051033444702625275,0.00018482737815276213
640,True,,,,,0.0021967245265841484,0.06570024788379669,0.0,0.008766749873757362,0.0,0.0,0.0,0.0,0.05570393055677414,0.00018416634262340888
641,True,,,,,0.004618709906935692,0.0762672871351242,0.0,0.012245438992977142,0.0,0.0,0.0,0.0,0.03663812205195427,0.00018350624245835586
642,True,,,,,0.0040769814513623714,0.06480416655540466,0.0,0.010557398200035095,0.0,0.0,0.0,0.0,0.03705403581261635,0.0001828470844550187
643,True,,,,,0.003588814288377762,0.07125811278820038,0.0,0.01071462593972683,0.0,0.0,0.0,0.0,0.03396974131464958,0.00018218887540111134
644,True,,,,,0.004064940847456455,0.06349152326583862,0.0,0.010414093732833862,0.0,0.0,0.0,0.0,0.03721438720822334,0.00018153162207457557
645,True,,,,,0.0028608913999050856,0.05560118705034256,0.0,0.008421010337769985,0.0,0.0,0.0,0.0,0.05717077851295471,0.0001808753312435116
646,True,,,,,0.0019510593265295029,0.057847604155540466,0.0,0.007735820021480322,0.0,0.0,0.0,0.0,0.04965943843126297,0.00018022000966610836
647,True,,,,,0.001940407557412982,0.052043359726667404,0.0,0.007144743576645851,0.0,0.0,0.0,0.0,0.060436055064201355,0.0001795656640905739
648,True,,,,,0.0033076144754886627,0.0631137564778328,0.0,0.009618990123271942,0.0,0.0,0.0,0.0,0.05505218729376793,0.00017891230125506537
649,True,,,,,0.0026463917456567287,0.06839492917060852,0.0,0.009485884569585323,0.0,0.0,0.0,0.0,0.04628540575504303,0.00017825992788762085
650,True,,,,,0.003575781360268593,0.06682098656892776,0.0,0.010257880203425884,0.0,0.0,0.0,0.0,0.06422331184148788,0.00017760855070608894
651,True,,,,,0.0036445397417992353,0.06520440429449081,0.0,0.010164979845285416,0.0,0.0,0.0,0.0,0.05263816565275192,0.00017695817641805978
652,True,,,,,0.0028577535413205624,0.05454115569591522,0.0,0.008311869576573372,0.0,0.0,0.0,0.0,0.052258897572755814,0.00017630881172079626
653,True,,,,,0.002756814006716013,0.05517679452896118,0.0,0.008274493739008904,0.0,0.0,0.0,0.0,0.05239258334040642,0.00017566046330116543
654,True,,,,,0.002393921837210655,0.05407172441482544,0.0,0.0078010945580899715,0.0,0.0,0.0,0.0,0.05582807585597038,0.00017501313783556844
655,True,,,,,0.0037960889749228954,0.07355333119630814,0.0,0.011151421815156937,0.0,0.0,0.0,0.0,0.05324675142765045,0.000174366841989873
656,True,,,,,0.004198730923235416,0.06570135056972504,0.0,0.010768866166472435,0.0,0.0,0.0,0.0,0.03556274622678757,0.00017372158241934393
657,True,,,,,0.004444497637450695,0.07720218598842621,0.0,0.012164715677499771,0.0,0.0,0.0,0.0,0.06961319595575333,0.00017307736576857558
658,True,,,,,0.005623617675155401,0.0725724920630455,0.0,0.012880867347121239,0.0,0.0,0.0,0.0,0.0464162714779377,0.00017243419867142193
659,True,,,,,0.0037682789843529463,0.07017046213150024,0.0,0.010785325430333614,0.0,0.0,0.0,0.0,0.03309120610356331,0.0001717920877509296
660,True,,,,,0.0034312624484300613,0.06109462305903435,0.0,0.009540725499391556,0.0,0.0,0.0,0.0,0.03330649808049202,0.00017115103961926935
661,True,,,,,0.003126449417322874,0.062968909740448,0.0,0.009423340670764446,0.0,0.0,0.0,0.0,0.03275091573596001,0.00017051106087766734
662,True,,,,,0.005001027137041092,0.07062208652496338,0.0,0.012063235975801945,0.0,0.0,0.0,0.0,0.02930951863527298,0.00016987215811633795
663,True,,,,,0.005436918698251247,0.06959640979766846,0.0,0.012396559119224548,0.0,0.0,0.0,0.0,0.04473540186882019,0.0001692343379144155
664,True,,,,,0.0033813989721238613,0.05404290184378624,0.0,0.008785689249634743,0.0,0.0,0.0,0.0,0.034572917968034744,0.00016859760683988662
665,True,,,,,0.00203454727306962,0.05440673977136612,0.0,0.0074752215296030045,0.0,0.0,0.0,0.0,0.04502883926033974,0.00016796197144952263
666,True,,,,,0.0033361446112394333,0.059598613530397415,0.0,0.009296005591750145,0.0,0.0,0.0,0.0,0.024919744580984116,0.00016732743828881195
667,True,,,,,0.00533323734998703,0.08117236942052841,0.0,0.013450474478304386,0.0,0.0,0.0,0.0,0.03467004373669624,0.00016669401389189265
668,True,,,,,0.005459105595946312,0.0707998052239418,0.0,0.012539086863398552,0.0,0.0,0.0,0.0,0.03873543441295624,0.00016606170478148538
669,True,,,,,0.0031448486261069775,0.043404288589954376,0.0,0.007485277485102415,0.0,0.0,0.0,0.0,0.03423045575618744,0.000165430517468826
670,True,,,,,0.004532988183200359,0.06871940940618515,0.0,0.011404929682612419,0.0,0.0,0.0,0.0,0.04097995534539223,0.00016480045845359865
671,True,,,,,0.00147462438326329,0.07039567828178406,0.0,0.008514191955327988,0.0,0.0,0.0,0.0,0.04225282371044159,0.0001641715342238687
672,True,,,,,0.004362110048532486,0.06071671470999718,0.0,0.010433781892061234,0.0,0.0,0.0,0.0,0.03068811073899269,0.00016354375125601607
673,True,,,,,0.00546286441385746,0.07794325053691864,0.0,0.013257189653813839,0.0,0.0,0.0,0.0,0.03377313166856766,0.00016291711601466836
674,True,,,,,0.0032158158719539642,0.06730225682258606,0.0,0.009946041740477085,0.0,0.0,0.0,0.0,0.02297346480190754,0.00016229163495263461
675,True,,,,,0.004741634242236614,0.06460398435592651,0.0,0.011202032677829266,0.0,0.0,0.0,0.0,0.03267655521631241,0.00016166731451083838
676,True,,,,,0.0028408633079379797,0.05085138976573944,0.0,0.007926002144813538,0.0,0.0,0.0,0.0,0.025074932724237442,0.00016104416111825196
677,True,,,,,0.0030901161953806877,0.049104154109954834,0.0,0.008000532165169716,0.0,0.0,0.0,0.0,0.028703900054097176,0.00016042218119182965
678,True,,,,,0.004819197580218315,0.0800679549574852,0.0,0.01282599288970232,0.0,0.0,0.0,0.0,0.0495171882212162,0.00015980138113644204
679,True,,,,,0.0022225049324333668,0.05037708953022957,0.0,0.0072602140717208385,0.0,0.0,0.0,0.0,0.02414873242378235,0.00015918176734480995
680,True,,,,,0.004417922347784042,0.05834878236055374,0.0,0.010252800770103931,0.0,0.0,0.0,0.0,0.033757008612155914,0.00015856334619743844
681,True,,,,,0.0035024890676140785,0.05848748981952667,0.0,0.00935123860836029,0.0,0.0,0.0,0.0,0.02912183478474617,0.00015794612406255155
682,True,,,,,0.0045169647783041,0.06683635711669922,0.0,0.011200601235032082,0.0,0.0,0.0,0.0,0.024498099461197853,0.00015733010729602603
683,True,,,,,0.005314810201525688,0.06929215788841248,0.0,0.01224402617663145,0.0,0.0,0.0,0.0,0.026350462809205055,0.00015671530224132667
684,True,,,,,0.0021568434312939644,0.04555415362119675,0.0,0.006712258793413639,0.0,0.0,0.0,0.0,0.029628509655594826,0.00015610171522944033
685,True,,,,,0.004021648317575455,0.07221914827823639,0.0,0.011243563145399094,0.0,0.0,0.0,0.0,0.024984583258628845,0.00015548935257881115
686,True,,,,,0.0029861512593925,0.057918187230825424,0.0,0.00877797044813633,0.0,0.0,0.0,0.0,0.03360813483595848,0.00015487822059527526
687,True,,,,,0.0053970469161868095,0.09758569300174713,0.0,0.015155616216361523,0.0,0.0,0.0,0.0,0.048965319991111755,0.00015426832557199611
688,True,,,,,0.005654491484165192,0.06967698037624359,0.0,0.012622189708054066,0.0,0.0,0.0,0.0,0.01925617642700672,0.00015365967378939906
689,True,,,,,0.0031764113809913397,0.05178426206111908,0.0,0.008354838006198406,0.0,0.0,0.0,0.0,0.027418863028287888,0.00015305227151510764
690,True,,,,,0.012115712277591228,0.09258812665939331,0.0,0.021374525502324104,0.0,0.0,0.0,0.0,0.04421866312623024,0.00015244612500387827
691,True,,,,,0.004740802105516195,0.07843264937400818,0.0,0.01258406788110733,0.0,0.0,0.0,0.0,0.05096336454153061,0.0001518412404975361
692,True,,,,,0.0023246617056429386,0.04849543049931526,0.0,0.007174205034971237,0.0,0.0,0.0,0.0,0.06740935146808624,0.00015123762422491072
693,True,,,,,0.004050574731081724,0.06247815489768982,0.0,0.010298389941453934,0.0,0.0,0.0,0.0,0.021853681653738022,0.00015063528240177195
694,True,,,,,0.0027109570801258087,0.043873220682144165,0.0,0.007098279427736998,0.0,0.0,0.0,0.0,0.034446150064468384,0.00015003422123076614
695,True,,,,,0.003014064161106944,0.05728525668382645,0.0,0.008742589503526688,0.0,0.0,0.0,0.0,0.025677792727947235,0.0001494344469013516
696,True,,,,,0.0033848322927951813,0.05171899497509003,0.0,0.008556731976568699,0.0,0.0,0.0,0.0,0.04581486061215401,0.00014883596558973585
697,True,,,,,0.0034370829816907644,0.05599205195903778,0.0,0.009036288596689701,0.0,0.0,0.0,0.0,0.025394324213266373,0.00014823878345881128
698,True,,,,,0.0051646423526108265,0.06593044847249985,0.0,0.011757686734199524,0.0,0.0,0.0,0.0,0.04596918448805809,0.00014764290665809167
699,True,,,,,0.004672606009989977,0.06693897396326065,0.0,0.011366503313183784,0.0,0.0,0.0,0.0,0.06273826211690903,0.00014704834132364935
700,True,,,,,0.003287101862952113,0.07375404983758926,0.0,0.010662507265806198,0.0,0.0,0.0,0.0,0.041988905519247055,0.0001464550935780518
701,True,,,,,0.005501524545252323,0.07085947692394257,0.0,0.012587472796440125,0.0,0.0,0.0,0.0,0.026223458349704742,0.0001458631695302985
702,True,,,,,0.0020432635210454464,0.05168415606021881,0.0,0.0072116791270673275,0.0,0.0,0.0,0.0,0.037608519196510315,0.00014527257527575783
703,True,,,,,0.004571844823658466,0.06772265583276749,0.0,0.01134411059319973,0.0,0.0,0.0,0.0,0.04758186265826225,0.00014468331689610495
704,True,,,,,0.004354753065854311,0.06557349115610123,0.0,0.010912101715803146,0.0,0.0,0.0,0.0,0.03439198434352875,0.00014409540045925867
705,True,,,,,0.004521244205534458,0.06277912110090256,0.0,0.010799156501889229,0.0,0.0,0.0,0.0,0.03965931758284569,0.0001435088320193188
706,True,,,,,0.001974698156118393,0.04336976259946823,0.0,0.006311674602329731,0.0,0.0,0.0,0.0,0.043963994830846786,0.00014292361761650429
707,True,,,,,0.005062475800514221,0.06478975713253021,0.0,0.011541452258825302,0.0,0.0,0.0,0.0,0.047198276966810226,0.00014233976327709112
708,True,,,,,0.0032062630634754896,0.05201609060168266,0.0,0.008407872170209885,0.0,0.0,0.0,0.0,0.02918997034430504,0.00014175727501334928
709,True,,,,,0.004936966113746166,0.08921552449464798,0.0,0.013858518563210964,0.0,0.0,0.0,0.0,0.04184563830494881,0.0001411761588234821
710,True,,,,,0.008113101124763489,0.08844507485628128,0.0,0.016957608982920647,0.0,0.0,0.0,0.0,0.039125584065914154,0.00014059642069156358
711,True,,,,,0.0036844233982264996,0.050665076822042465,0.0,0.008750931359827518,0.0,0.0,0.0,0.0,0.029126111418008804,0.00014001806658747745
712,True,,,,,0.004128145985305309,0.06541917473077774,0.0,0.010670064017176628,0.0,0.0,0.0,0.0,0.02957477979362011,0.00013944110246685482
713,True,,,,,0.006764838006347418,0.07421419024467468,0.0,0.014186257496476173,0.0,0.0,0.0,0.0,0.034021731466054916,0.00013886553427101383
714,True,,,,,0.0030022705905139446,0.04933975264430046,0.0,0.007936245761811733,0.0,0.0,0.0,0.0,0.02491084486246109,0.0001382913679268978
715,True,,,,,0.004408418666571379,0.06481924653053284,0.0,0.010890343226492405,0.0,0.0,0.0,0.0,0.028281521052122116,0.00013771860934701441
716,True,,,,,0.0034751854836940765,0.05234883353114128,0.0,0.008710069581866264,0.0,0.0,0.0,0.0,0.0312616340816021,0.00013714726442937491
717,True,,,,,0.0018362132832407951,0.05219264701008797,0.0,0.007055478170514107,0.0,0.0,0.0,0.0,0.025961847975850105,0.00013657733905743315
718,True,,,,,0.001954341074451804,0.04961177706718445,0.0,0.006915519014000893,0.0,0.0,0.0,0.0,0.022458914667367935,0.00013600883910002548
719,True,,,,,0.0021186773665249348,0.04955466091632843,0.0,0.00707414373755455,0.0,0.0,0.0,0.0,0.03528193384408951,0.00013544177041130943
720,True,,,,,0.003798223566263914,0.06958839297294617,0.0,0.010757062584161758,0.0,0.0,0.0,0.0,0.029066648334264755,0.00013487613883070434
721,True,,,,,0.0032381094060838223,0.05928981304168701,0.0,0.009167090989649296,0.0,0.0,0.0,0.0,0.026470232754945755,0.00013431195018283077
722,True,,,,,0.0049422737210989,0.0763406977057457,0.0,0.01257634349167347,0.0,0.0,0.0,0.0,0.03329286351799965,0.0001337492102774506
723,True,,,,,0.004109700210392475,0.07023192942142487,0.0,0.011132893152534962,0.0,0.0,0.0,0.0,0.023053867742419243,0.0001331879249094072
724,True,,,,,0.002536701736971736,0.053095120936632156,0.0,0.00784621387720108,0.0,0.0,0.0,0.0,0.02555587701499462,0.00013262809985856578
725,True,,,,,0.004920296370983124,0.06297715753316879,0.0,0.011218012310564518,0.0,0.0,0.0,0.0,0.03389351814985275,0.00013206974088975383
726,True,,,,,0.0021750875748693943,0.05034622550010681,0.0,0.00720971031114459,0.0,0.0,0.0,0.0,0.034529004245996475,0.00013151285375270183
727,True,,,,,0.004521263297647238,0.06432535499334335,0.0,0.01095379889011383,0.0,0.0,0.0,0.0,0.03329841047525406,0.00013095744418198399
728,True,,,,,0.003287423402070999,0.059366896748542786,0.0,0.009224113076925278,0.0,0.0,0.0,0.0,0.024339139461517334,0.00013040351789695914
729,True,,,,,0.002183103933930397,0.05094173550605774,0.0,0.007277277763932943,0.0,0.0,0.0,0.0,0.025392573326826096,0.00012985108060171196
730,True,,,,,0.007595141883939505,0.067074254155159,0.0,0.014302567578852177,0.0,0.0,0.0,0.0,0.02906119078397751,0.00012930013798499412
731,True,,,,,0.0023682538885623217,0.05592752993106842,0.0,0.007961006835103035,0.0,0.0,0.0,0.0,0.031410299241542816,0.0001287506957201659
732,True,,,,,0.0034317770041525364,0.06335416436195374,0.0,0.009767193347215652,0.0,0.0,0.0,0.0,0.03064371645450592,0.00012820275946513748
733,True,,,,,0.003062928095459938,0.05970221757888794,0.0,0.009033150039613247,0.0,0.0,0.0,0.0,0.029188530519604683,0.00012765633486231087
734,True,,,,,0.0034468676894903183,0.06638465076684952,0.0,0.0100853331387043,0.0,0.0,0.0,0.0,0.03542373329401016,0.0001271114275385218
735,True,,,,,0.0026598747354000807,0.04571349546313286,0.0,0.007231224328279495,0.0,0.0,0.0,0.0,0.034658487886190414,0.00012656804310498169
736,True,,,,,0.004631230141967535,0.07896767556667328,0.0,0.01252799853682518,0.0,0.0,0.0,0.0,0.032332081347703934,0.00012602618715721993
737,True,,,,,0.0017011793097481132,0.04296363145112991,0.0,0.005997542757540941,0.0,0.0,0.0,0.0,0.03861480578780174,0.00012548586527502627
738,True,,,,,0.0023708248045295477,0.0561603344976902,0.0,0.007986858487129211,0.0,0.0,0.0,0.0,0.041015949100255966,0.00012494708302239336
739,True,,,,,0.0034489966928958893,0.048395611345767975,0.0,0.008288558572530746,0.0,0.0,0.0,0.0,0.02687065303325653,0.00012440984594745937
740,True,,,,,0.003646999131888151,0.05291205644607544,0.0,0.008938204497098923,0.0,0.0,0.0,0.0,0.0304994098842144,0.00012387415958245096
741,True,,,,,0.004034039098769426,0.08266118168830872,0.0,0.0123001579195261,0.0,0.0,0.0,0.0,0.02669741027057171,0.00012334002944362635
742,True,,,,,0.0043352204374969006,0.06842261552810669,0.0,0.011177482083439827,0.0,0.0,0.0,0.0,0.026380570605397224,0.00012280746103121817
743,True,,,,,0.0030011783819645643,0.052233174443244934,0.0,0.008224495686590672,0.0,0.0,0.0,0.0,0.03330099955201149,0.00012227645982937748
744,True,,,,,0.004714548587799072,0.061605244874954224,0.0,0.01087507326155901,0.0,0.0,0.0,0.0,0.0302264541387558,0.00012174703130611655
745,True,,,,,0.004887676797807217,0.08784452825784683,0.0,0.013672130182385445,0.0,0.0,0.0,0.0,0.04664691537618637,0.00012121918091325331
746,True,,,,,0.002969772554934025,0.04728555679321289,0.0,0.007698328234255314,0.0,0.0,0.0,0.0,0.02673185244202614,0.00012069291408635423
747,True,,,,,0.003560833167284727,0.05324561148881912,0.0,0.008885394781827927,0.0,0.0,0.0,0.0,0.03184407576918602,0.00012016823624467953
748,True,,,,,0.00811193697154522,0.06458460539579391,0.0,0.01457039825618267,0.0,0.0,0.0,0.0,0.036025673151016235,0.00011964515279112648
749,True,,,,,0.003845464438199997,0.0657888799905777,0.0,0.010424353182315826,0.0,0.0,0.0,0.0,0.029689190909266472,0.00011912366911217393
750,True,,,,,0.005196120124310255,0.0696469098329544,0.0,0.012160811573266983,0.0,0.0,0.0,0.0,0.025169633328914642,0.00011860379057782727
751,True,,,,,0.005439291708171368,0.0711498111486435,0.0,0.012554273009300232,0.0,0.0,0.0,0.0,0.02994568645954132,0.00011808552254156266
752,True,,,,,0.0048179952427744865,0.06839272379875183,0.0,0.011657267808914185,0.0,0.0,0.0,0.0,0.02688748575747013,0.00011756887034027217
753,True,,,,,0.0031660913955420256,0.0630534216761589,0.0,0.009471433237195015,0.0,0.0,0.0,0.0,0.023492377251386642,0.00011705383929420841
754,True,,,,,0.003243719693273306,0.06335370987653732,0.0,0.009579090401530266,0.0,0.0,0.0,0.0,0.021125394850969315,0.00011654043470693053
755,True,,,,,0.0036043624859303236,0.056530434638261795,0.0,0.009257405996322632,0.0,0.0,0.0,0.0,0.0245519932359457,0.0001160286618652489
756,True,,,,,0.003525683656334877,0.04795622080564499,0.0,0.008321305736899376,0.0,0.0,0.0,0.0,0.04003728926181793,0.00011551852603917079
757,True,,,,,0.0032676595728844404,0.0628950446844101,0.0,0.009557164274156094,0.0,0.0,0.0,0.0,0.0386933907866478,0.00011501003248184633
758,True,,,,,0.0039046749006956816,0.05588041990995407,0.0,0.009492716751992702,0.0,0.0,0.0,0.0,0.025078224018216133,0.00011450318642951451
759,True,,,,,0.00237484835088253,0.05814226716756821,0.0,0.008189074695110321,0.0,0.0,0.0,0.0,0.024892747402191162,0.00011399799310144865
760,True,,,,,0.002700862940400839,0.06802529096603394,0.0,0.00950339250266552,0.0,0.0,0.0,0.0,0.024567460641264915,0.00011349445769990328
761,True,,,,,0.0023652748204767704,0.04872864857316017,0.0,0.0072381398640573025,0.0,0.0,0.0,0.0,0.022567275911569595,0.00011299258541006047
762,True,,,,,0.008816543035209179,0.08559450507164001,0.0,0.017375994473695755,0.0,0.0,0.0,0.0,0.030295178294181824,0.00011249238139997612
763,True,,,,,0.0035317109432071447,0.07796923816204071,0.0,0.011328634805977345,0.0,0.0,0.0,0.0,0.03250501677393913,0.00011199385082052688
764,True,,,,,0.0012943136971443892,0.036202650517225266,0.0,0.004914578981697559,0.0,0.0,0.0,0.0,0.0465574748814106,0.00011149699880535725
765,True,,,,,0.0019295956008136272,0.043521516025066376,0.0,0.006281747482717037,0.0,0.0,0.0,0.0,0.037263739854097366,0.00011100183047082686
766,True,,,,,0.0028516659513115883,0.06040707230567932,0.0,0.00889237318187952,0.0,0.0,0.0,0.0,0.02306295745074749,0.00011050835091595709
767,True,,,,,0.00419907970353961,0.049112576991319656,0.0,0.009110337123274803,0.0,0.0,0.0,0.0,0.031068431213498116,0.00011001656522237938
768,True,,,,,0.002870958298444748,0.07199127972126007,0.0,0.01007008645683527,0.0,0.0,0.0,0.0,0.02975497767329216,0.00010952647845428237
769,True,,,,,0.0021339384838938713,0.04200398176908493,0.0,0.006334336940199137,0.0,0.0,0.0,0.0,0.01742965169250965,0.00010903809565836001
770,True,,,,,0.0031136905308812857,0.05027870088815689,0.0,0.008141560479998589,0.0,0.0,0.0,0.0,0.036182060837745667,0.00010855142186375951
771,True,,,,,0.003871273249387741,0.04729155823588371,0.0,0.008600428700447083,0.0,0.0,0.0,0.0,0.023377561941742897,0.00010806646208202944
772,True,,,,,0.006489732768386602,0.09184843301773071,0.0,0.01567457616329193,0.0,0.0,0.0,0.0,0.05586840212345123,0.00010758322130706851
773,True,,,,,0.0025005643256008625,0.05090036615729332,0.0,0.007590601220726967,0.0,0.0,0.0,0.0,0.02330654487013817,0.0001071017045150735
774,True,,,,,0.005318901501595974,0.07029598951339722,0.0,0.01234850101172924,0.0,0.0,0.0,0.0,0.02933669649064541,0.00010662191666448859
775,True,,,,,0.002910881070420146,0.04874283820390701,0.0,0.007785164751112461,0.0,0.0,0.0,0.0,0.022760353982448578,0.00010614386269595408
776,True,,,,,0.0011293028946965933,0.03789553418755531,0.0,0.004918856546282768,0.0,0.0,0.0,0.0,0.0273734237998724,0.00010566754753225551
777,True,,,,,0.004246448166668415,0.07778504490852356,0.0,0.012024952098727226,0.0,0.0,0.0,0.0,0.037516407668590546,0.00010519297607827305
778,True,,,,,0.002371516078710556,0.047638900578022,0.0,0.007135406136512756,0.0,0.0,0.0,0.0,0.024347294121980667,0.00010472015322093079
779,True,,,,,0.0052992599084973335,0.05893702805042267,0.0,0.011192962527275085,0.0,0.0,0.0,0.0,0.02135412208735943,0.00010424908382914672
780,True,,,,,0.002521734219044447,0.04500377178192139,0.0,0.007022111676633358,0.0,0.0,0.0,0.0,0.03071519173681736,0.00010377977275378227
781,True,,,,,0.0032541926484555006,0.059468306601047516,0.0,0.00920102372765541,0.0,0.0,0.0,0.0,0.023581527173519135,0.00010331222482759268
782,True,,,,,0.003205339889973402,0.05902356654405594,0.0,0.009107696823775768,0.0,0.0,0.0,0.0,0.0252270195633173,0.00010284644486517685
783,True,,,,,0.0035226913169026375,0.06119847297668457,0.0,0.009642538614571095,0.0,0.0,0.0,0.0,0.031056610867381096,0.00010238243766292823
784,True,,,,,0.004378837533295155,0.05120020732283592,0.0,0.009498858824372292,0.0,0.0,0.0,0.0,0.02193572372198105,0.00010192020799898505
785,True,,,,,0.004230032674968243,0.06506986171007156,0.0,0.010737018659710884,0.0,0.0,0.0,0.0,0.03753430023789406,0.00010145976063318122
786,True,,,,,0.0044637564569711685,0.07686690986156464,0.0,0.012150447815656662,0.0,0.0,0.0,0.0,0.021790841594338417,0.00010100110030699739
787,True,,,,,0.004816349595785141,0.065660759806633,0.0,0.01138242520391941,0.0,0.0,0.0,0.0,0.029324132949113846,0.00010054423174351207
788,True,,,,,0.00673037301748991,0.06720715016126633,0.0,0.013451088219881058,0.0,0.0,0.0,0.0,0.03259989991784096,0.00010008915964735302
789,True,,,,,0.002569293137639761,0.0525331050157547,0.0,0.007822603918612003,0.0,0.0,0.0,0.0,0.031562503427267075,9.963588870464873e-05
790,True,,,,,0.00511349830776453,0.07803723961114883,0.0,0.012917222455143929,0.0,0.0,0.0,0.0,0.029818350449204445,9.91844235829803e-05
791,True,,,,,0.0017118374817073345,0.03192766755819321,0.0,0.004904604516923428,0.0,0.0,0.0,0.0,0.019751379266381264,9.873476893133318e-05
792,True,,,,,0.002484613563865423,0.04997456073760986,0.0,0.007482069544494152,0.0,0.0,0.0,0.0,0.022447941824793816,9.828692938004956e-05
793,True,,,,,0.006054967641830444,0.07063570618629456,0.0,0.01311853900551796,0.0,0.0,0.0,0.0,0.03371336683630943,9.78409095407804e-05
794,True,,,,,0.003375713713467121,0.05229220911860466,0.0,0.008604934439063072,0.0,0.0,0.0,0.0,0.026073528453707695,9.739671400643815e-05
795,True,,,,,0.007197265978902578,0.08233091980218887,0.0,0.015430357307195663,0.0,0.0,0.0,0.0,0.03364963084459305,9.69543473511494e-05
796,True,,,,,0.003078175475820899,0.05500320345163345,0.0,0.008578496053814888,0.0,0.0,0.0,0.0,0.020316842943429947,9.651381413020768e-05
797,True,,,,,0.0030827249865978956,0.05707859247922897,0.0,0.008790584281086922,0.0,0.0,0.0,0.0,0.02866329438984394,9.607511888002676e-05
798,True,,,,,0.003367753466591239,0.0591663122177124,0.0,0.009284384548664093,0.0,0.0,0.0,0.0,0.04128289967775345,9.563826611809372e-05
799,True,,,,,0.003508821129798889,0.06877797842025757,0.0,0.010386619716882706,0.0,0.0,0.0,0.0,0.041635408997535706,9.520326034292257e-05
800,True,,,,,0.006567708682268858,0.059738073498010635,0.0,0.012541515752673149,0.0,0.0,0.0,0.0,0.018431078642606735,9.477010603400771e-05
801,True,,,,,0.0056973351165652275,0.07424977421760559,0.0,0.013122312724590302,0.0,0.0,0.0,0.0,0.04617388918995857,9.433880765177829e-05
802,True,,,,,0.003024377627298236,0.06292028725147247,0.0,0.009316406212747097,0.0,0.0,0.0,0.0,0.03362899273633957,9.390936963755175e-05
803,True,,,,,0.003449214156717062,0.06761899590492249,0.0,0.010211113840341568,0.0,0.0,0.0,0.0,0.02461002580821514,9.348179641348823e-05
804,True,,,,,0.0029841898940503597,0.044442497193813324,0.0,0.007428439799696207,0.0,0.0,0.0,0.0,0.01947362720966339,9.305609238254526e-05
805,True,,,,,0.00372060714289546,0.05897345393896103,0.0,0.00961795262992382,0.0,0.0,0.0,0.0,0.030384955927729607,9.26322619284322e-05
806,True,,,,,0.002586226910352707,0.05083475261926651,0.0,0.007669702172279358,0.0,0.0,0.0,0.0,0.019984111189842224,9.221030941556516e-05
807,True,,,,,0.003150658681988716,0.05454248562455177,0.0,0.008604907430708408,0.0,0.0,0.0,0.0,0.02691536769270897,9.179023918902187e-05
808,True,,,,,0.002081870101392269,0.05225643515586853,0.0,0.007307513616979122,0.0,0.0,0.0,0.0,0.04143549129366875,9.137205557449754e-05
809,True,,,,,0.00392968999221921,0.06900770217180252,0.0,0.010830460116267204,0.0,0.0,0.0,0.0,0.038637902587652206,9.095576287825952e-05
810,True,,,,,0.0038263972382992506,0.06140720099210739,0.0,0.009967117570340633,0.0,0.0,0.0,0.0,0.03477373719215393,9.054136538710341e-05
811,True,,,,,0.004759322851896286,0.06645701825618744,0.0,0.01140502467751503,0.0,0.0,0.0,0.0,0.02311704307794571,9.012886736830887e-05
812,True,,,,,0.005967836827039719,0.07060649245977402,0.0,0.01302848570048809,0.0,0.0,0.0,0.0,0.028762472793459892,8.97182730695958e-05
813,True,,,,,0.0013506877003237605,0.04074328765273094,0.0,0.005425016861408949,0.0,0.0,0.0,0.0,0.03419239819049835,8.930958671908012e-05
814,True,,,,,0.0032254564575850964,0.05323881655931473,0.0,0.008549338206648827,0.0,0.0,0.0,0.0,0.026954617351293564,8.890281252523082e-05
815,True,,,,,0.002711283741518855,0.04954197630286217,0.0,0.0076654814183712006,0.0,0.0,0.0,0.0,0.0273950956761837,8.849795467682623e-05
816,True,,,,,0.0030882207211107016,0.057470113039016724,0.0,0.008835231885313988,0.0,0.0,0.0,0.0,0.031056290492415428,8.809501734291117e-05
817,True,,,,,0.002626766450703144,0.05037492886185646,0.0,0.007664259523153305,0.0,0.0,0.0,0.0,0.030995996668934822,8.76940046727536e-05
818,True,,,,,0.005484269466251135,0.05709249526262283,0.0,0.011193519458174706,0.0,0.0,0.0,0.0,0.02418735809624195,8.729492079580231e-05
819,True,,,,,0.0018242703517898917,0.041992444545030594,0.0,0.00602351501584053,0.0,0.0,0.0,0.0,0.023712504655122757,8.689776982164438e-05
820,True,,,,,0.0033102640882134438,0.05463768541812897,0.0,0.008774032816290855,0.0,0.0,0.0,0.0,0.032345350831747055,8.650255583996239e-05
821,True,,,,,0.004727774299681187,0.0570518784224987,0.0,0.010432962328195572,0.0,0.0,0.0,0.0,0.029932167381048203,8.610928292049294e-05
822,True,,,,,0.0031357542611658573,0.060241904109716415,0.0,0.009159944951534271,0.0,0.0,0.0,0.0,0.04474914073944092,8.571795511298422e-05
823,True,,,,,0.003315593581646681,0.06240367516875267,0.0,0.00955596100538969,0.0,0.0,0.0,0.0,0.03331847861409187,8.532857644715481e-05
824,True,,,,,0.00329787191003561,0.05574307590723038,0.0,0.008872179314494133,0.0,0.0,0.0,0.0,0.024292154237627983,8.494115093265156e-05
825,True,,,,,0.003935270942747593,0.07179848104715347,0.0,0.011115118861198425,0.0,0.0,0.0,0.0,0.02929249405860901,8.45556825590089e-05
826,True,,,,,0.00576676893979311,0.061006493866443634,0.0,0.011867418885231018,0.0,0.0,0.0,0.0,0.02349615842103958,8.417217529560735e-05
827,True,,,,,0.004068629816174507,0.07170349359512329,0.0,0.011238979175686836,0.0,0.0,0.0,0.0,0.029180053621530533,8.379063309163292e-05
828,True,,,,,0.003335696179419756,0.06592756509780884,0.0,0.009928452782332897,0.0,0.0,0.0,0.0,0.03164755180478096,8.34110598760362e-05
829,True,,,,,0.004580109380185604,0.07174266874790192,0.0,0.01175437681376934,0.0,0.0,0.0,0.0,0.016320718452334404,8.303345955749207e-05
830,True,,,,,0.0015949317021295428,0.04638471081852913,0.0,0.006233402993530035,0.0,0.0,0.0,0.0,0.02718931995332241,8.265783602435946e-05
831,True,,,,,0.00331967044621706,0.051536157727241516,0.0,0.008473286405205727,0.0,0.0,0.0,0.0,0.030334439128637314,8.228419314464115e-05
832,True,,,,,0.0020688886288553476,0.04809145629405975,0.0,0.006878034211695194,0.0,0.0,0.0,0.0,0.047332555055618286,8.19125347659441e-05
833,True,,,,,0.0022853799164295197,0.05384349450469017,0.0,0.007669729646295309,0.0,0.0,0.0,0.0,0.042783308774232864,8.154286471543973e-05
834,True,,,,,0.0017219705041497946,0.04864226281642914,0.0,0.006586196832358837,0.0,0.0,0.0,0.0,0.04065680503845215,8.117518679982459e-05
835,True,,,,,0.0034971684217453003,0.046734973788261414,0.0,0.008170666173100471,0.0,0.0,0.0,0.0,0.021819593384861946,8.080950480528108e-05
836,True,,,,,0.0026659327559173107,0.06034985929727554,0.0,0.008700918406248093,0.0,0.0,0.0,0.0,0.025360513478517532,8.044582249743854e-05
837,True,,,,,0.007052813656628132,0.07637849450111389,0.0,0.014690663665533066,0.0,0.0,0.0,0.0,0.030963437631726265,8.008414362133438e-05
838,True,,,,,0.007470086216926575,0.07576557993888855,0.0,0.01504664495587349,0.0,0.0,0.0,0.0,0.04585881903767586,7.972447190137559e-05
839,True,,,,,0.004190586507320404,0.053826384246349335,0.0,0.009573224931955338,0.0,0.0,0.0,0.0,0.02218247763812542,7.936681104130039e-05
840,True,,,,,0.0029281831812113523,0.04239017516374588,0.0,0.007167200557887554,0.0,0.0,0.0,0.0,0.02353573776781559,7.901116472414006e-05
841,True,,,,,0.0023856554180383682,0.05158402770757675,0.0,0.007544058375060558,0.0,0.0,0.0,0.0,0.025608737021684647,7.865753661218094e-05
842,True,,,,,0.008272755891084671,0.0752459168434143,0.0,0.015797346830368042,0.0,0.0,0.0,0.0,0.02549627050757408,7.830593034692693e-05
843,True,,,,,0.0032100044190883636,0.054641082882881165,0.0,0.00867411307990551,0.0,0.0,0.0,0.0,0.025269653648138046,7.795634954906176e-05
844,True,,,,,0.005215782672166824,0.0688869059085846,0.0,0.012104474008083344,0.0,0.0,0.0,0.0,0.02887699380517006,7.760879781841187e-05
845,True,,,,,0.0018291326705366373,0.04269743710756302,0.0,0.00609887670725584,0.0,0.0,0.0,0.0,0.027404500171542168,7.726327873390917e-05
846,True,,,,,0.00470784492790699,0.07811786979436874,0.0,0.012519631534814835,0.0,0.0,0.0,0.0,0.033352285623550415,7.69197958535545e-05
847,True,,,,,0.0013015968725085258,0.022814296185970306,0.0,0.003583026584237814,0.0,0.0,0.0,0.0,0.02756582759320736,7.657835271438043e-05
848,True,,,,,0.004275793209671974,0.05995659530162811,0.0,0.010271452367305756,0.0,0.0,0.0,0.0,0.025311976671218872,7.623895283241561e-05
849,True,,,,,0.004878740292042494,0.069021075963974,0.0,0.011780847795307636,0.0,0.0,0.0,0.0,0.0230360496789217,7.590159970264782e-05
850,True,,,,,0.002820926485583186,0.056756556034088135,0.0,0.008496582508087158,0.0,0.0,0.0,0.0,0.034188177436590195,7.556629679898844e-05
851,True,,,,,0.002099352888762951,0.06508848816156387,0.0,0.008608201518654823,0.0,0.0,0.0,0.0,0.0324929803609848,7.523304757423655e-05
852,True,,,,,0.0026682261377573013,0.044997408986091614,0.0,0.007167967036366463,0.0,0.0,0.0,0.0,0.02356758527457714,7.49018554600433e-05
853,True,,,,,0.00613025389611721,0.06884681433439255,0.0,0.013014934957027435,0.0,0.0,0.0,0.0,0.02611001580953598,7.457272386687672e-05
854,True,,,,,0.005084533244371414,0.08335878700017929,0.0,0.013420412316918373,0.0,0.0,0.0,0.0,0.030945803970098495,7.424565618398636e-05
855,True,,,,,0.00420534610748291,0.06385365128517151,0.0,0.010590711608529091,0.0,0.0,0.0,0.0,0.044084206223487854,7.392065577936879e-05
856,True,,,,,0.005530068185180426,0.07419957220554352,0.0,0.012950025498867035,0.0,0.0,0.0,0.0,0.02587524987757206,7.359772599973247e-05
857,True,,,,,0.002604402368888259,0.05588939040899277,0.0,0.008193341083824635,0.0,0.0,0.0,0.0,0.022557944059371948,7.327687017046362e-05
858,True,,,,,0.0031715240329504013,0.057676270604133606,0.0,0.008939150720834732,0.0,0.0,0.0,0.0,0.022113583981990814,7.295809159559167e-05
859,True,,,,,0.005350593477487564,0.0788053423166275,0.0,0.0132311275228858,0.0,0.0,0.0,0.0,0.04331941157579422,7.264139355775564e-05
860,True,,,,,0.0031705861911177635,0.05306265875697136,0.0,0.008476851508021355,0.0,0.0,0.0,0.0,0.04116595536470413,7.232677931817003e-05
861,True,,,,,0.0018131298711523414,0.04042993485927582,0.0,0.005856123752892017,0.0,0.0,0.0,0.0,0.021614156663417816,7.201425211659117e-05
862,True,,,,,0.002249249257147312,0.055268675088882446,0.0,0.007776116952300072,0.0,0.0,0.0,0.0,0.02808145247399807,7.170381517128425e-05
863,True,,,,,0.0020546428859233856,0.05656304955482483,0.0,0.007710948120802641,0.0,0.0,0.0,0.0,0.026135200634598732,7.139547167898986e-05
864,True,,,,,0.0025888378731906414,0.055498190224170685,0.0,0.008138656616210938,0.0,0.0,0.0,0.0,0.02577177621424198,7.108922481489096e-05
865,True,,,,,0.00265936809591949,0.04801033064723015,0.0,0.007460401393473148,0.0,0.0,0.0,0.0,0.022835340350866318,7.078507773258055e-05
866,True,,,,,0.00358608178794384,0.060053661465644836,0.0,0.009591448120772839,0.0,0.0,0.0,0.0,0.026931190863251686,7.048303356402913e-05
867,True,,,,,0.001495014876127243,0.04042607545852661,0.0,0.005537622608244419,0.0,0.0,0.0,0.0,0.024975230917334557,7.018309541955214e-05
868,True,,,,,0.0015192786231637,0.04396926611661911,0.0,0.005916205234825611,0.0,0.0,0.0,0.0,0.03318432345986366,6.988526638777811e-05
869,True,,,,,0.0019157746573910117,0.04495043680071831,0.0,0.006410818547010422,0.0,0.0,0.0,0.0,0.015232361853122711,6.958954953561696e-05
870,True,,,,,0.0029764275532215834,0.05253416299819946,0.0,0.008229844272136688,0.0,0.0,0.0,0.0,0.028757663443684578,6.929594790822848e-05
871,True,,,,,0.00565201323479414,0.0697975605726242,0.0,0.01263176929205656,0.0,0.0,0.0,0.0,0.022842364385724068,6.900446452899047e-05
872,True,,,,,0.003783237189054489,0.05851723998785019,0.0,0.009634961374104023,0.0,0.0,0.0,0.0,0.02745750918984413,6.871510239946819e-05
873,True,,,,,0.0017497584922239184,0.04348327964544296,0.0,0.006098086480051279,0.0,0.0,0.0,0.0,0.022476771846413612,6.842786449938332e-05
874,True,,,,,0.0028041061013936996,0.0458240807056427,0.0,0.007386514451354742,0.0,0.0,0.0,0.0,0.019679484888911247,6.814275378658292e-05
875,True,,,,,0.0010649060131981969,0.0315253809094429,0.0,0.004217443987727165,0.0,0.0,0.0,0.0,0.021438926458358765,6.785977319700931e-05
876,True,,,,,0.0036139439325779676,0.06021079048514366,0.0,0.009635022841393948,0.0,0.0,0.0,0.0,0.02488647773861885,6.757892564466988e-05
877,True,,,,,0.0020444190595299006,0.04554740712046623,0.0,0.00659915991127491,0.0,0.0,0.0,0.0,0.029732821509242058,6.73002140216069e-05
878,True,,,,,0.003499834332615137,0.05727719888091087,0.0,0.009227554313838482,0.0,0.0,0.0,0.0,0.028197553008794785,6.702364119786767e-05
879,True,,,,,0.005562908016145229,0.09322264790534973,0.0,0.014885173179209232,0.0,0.0,0.0,0.0,0.03548160940408707,6.674921002147529e-05
880,True,,,,,0.002379954792559147,0.054505884647369385,0.0,0.0078305434435606,0.0,0.0,0.0,0.0,0.03420591354370117,6.647692331839897e-05
881,True,,,,,0.002796014305204153,0.055583517998456955,0.0,0.008354365825653076,0.0,0.0,0.0,0.0,0.03019062429666519,6.620678389252517e-05
882,True,,,,,0.0050742304883897305,0.07723120599985123,0.0,0.012797350995242596,0.0,0.0,0.0,0.0,0.02518744207918644,6.593879452562868e-05
883,True,,,,,0.0023918214719742537,0.05019456893205643,0.0,0.007411278784275055,0.0,0.0,0.0,0.0,0.02673867717385292,6.567295797734387e-05
884,True,,,,,0.004407591186463833,0.057063549757003784,0.0,0.010113946162164211,0.0,0.0,0.0,0.0,0.02163427695631981,6.54092769851365e-05
885,True,,,,,0.002670136746019125,0.06391551345586777,0.0,0.009061688557267189,0.0,0.0,0.0,0.0,0.03851723298430443,6.514775426427515e-05
886,True,,,,,0.002172931330278516,0.0458754226565361,0.0,0.006760473363101482,0.0,0.0,0.0,0.0,0.018445085734128952,6.488839250780362e-05
887,True,,,,,0.002625881228595972,0.04360559582710266,0.0,0.0069864410907030106,0.0,0.0,0.0,0.0,0.025395652279257774,6.463119438651312e-05
888,True,,,,,0.002939078724011779,0.06016901135444641,0.0,0.008955979719758034,0.0,0.0,0.0,0.0,0.0278602484613657,6.437616254891458e-05
889,True,,,,,0.003926547709852457,0.05864809453487396,0.0,0.009791357442736626,0.0,0.0,0.0,0.0,0.018621448427438736,6.412329962121165e-05
890,True,,,,,0.0022085104137659073,0.05034578964114189,0.0,0.0072430893778800964,0.0,0.0,0.0,0.0,0.020206548273563385,6.387260820727338e-05
891,True,,,,,0.0038356822915375233,0.05927500128746033,0.0,0.009763183072209358,0.0,0.0,0.0,0.0,0.020058078691363335,6.362409088860765e-05
892,True,,,,,0.00449387077242136,0.05258873850107193,0.0,0.009752744808793068,0.0,0.0,0.0,0.0,0.028106719255447388,6.337775022433444e-05
893,True,,,,,0.004853084683418274,0.048467814922332764,0.0,0.00969986617565155,0.0,0.0,0.0,0.0,0.019786907359957695,6.313358875115953e-05
894,True,,,,,0.003771356772631407,0.05388360470533371,0.0,0.009159717708826065,0.0,0.0,0.0,0.0,0.024007724598050117,6.289160898334837e-05
895,True,,,,,0.0026147353928536177,0.044417548924684525,0.0,0.007056490518152714,0.0,0.0,0.0,0.0,0.02564707212150097,6.265181341270015e-05
896,True,,,,,0.0018234651070088148,0.0522838793694973,0.0,0.007051853463053703,0.0,0.0,0.0,0.0,0.03217702358961105,6.241420450852221e-05
897,True,,,,,0.006202477030456066,0.06733104586601257,0.0,0.012935581617057323,0.0,0.0,0.0,0.0,0.019083602353930473,6.217878471760456e-05
898,True,,,,,0.004088554996997118,0.05852324143052101,0.0,0.009940879419445992,0.0,0.0,0.0,0.0,0.018278174102306366,6.194555646419474e-05
899,True,,,,,0.0030534593388438225,0.053883545100688934,0.0,0.008441813290119171,0.0,0.0,0.0,0.0,0.026508767157793045,6.171452214997277e-05
900,True,,,,,0.003944021183997393,0.059394363313913345,0.0,0.0098834577947855,0.0,0.0,0.0,0.0,0.028796855360269547,6.148568415402652e-05
901,True,,,,,0.00445289071649313,0.05771348252892494,0.0,0.010224238969385624,0.0,0.0,0.0,0.0,0.026162518188357353,6.125904483282707e-05
902,True,,,,,0.0036632034461945295,0.06434813886880875,0.0,0.010098017752170563,0.0,0.0,0.0,0.0,0.02287272922694683,6.103460652020464e-05
903,True,,,,,0.004018027801066637,0.05538281053304672,0.0,0.009556308388710022,0.0,0.0,0.0,0.0,0.027542144060134888,6.081237152732437e-05
904,True,,,,,0.005140786990523338,0.07005900144577026,0.0,0.012146687135100365,0.0,0.0,0.0,0.0,0.03594706580042839,6.0592342142662704e-05
905,True,,,,,0.001934556639753282,0.05542371794581413,0.0,0.007476928643882275,0.0,0.0,0.0,0.0,0.025313587859272957,6.0374520631983524e-05
906,True,,,,,0.003944976720958948,0.05289385840296745,0.0,0.009234363213181496,0.0,0.0,0.0,0.0,0.020763499662280083,6.015890923831522e-05
907,True,,,,,0.004407767206430435,0.07365311682224274,0.0,0.011773079633712769,0.0,0.0,0.0,0.0,0.023099161684513092,5.9945510181927334e-05
908,True,,,,,0.004846950992941856,0.05912034213542938,0.0,0.010758984833955765,0.0,0.0,0.0,0.0,0.02853337861597538,5.973432566030762e-05
909,True,,,,,0.0044984640553593636,0.0639670193195343,0.0,0.010895166546106339,0.0,0.0,0.0,0.0,0.024321896955370903,5.952535784813973e-05
910,True,,,,,0.0072345007210969925,0.07692600786685944,0.0,0.014927102252840996,0.0,0.0,0.0,0.0,0.030059758573770523,5.931860889728055e-05
911,True,,,,,0.0018427030881866813,0.04186763986945152,0.0,0.006029467098414898,0.0,0.0,0.0,0.0,0.02829074300825596,5.9114080936738116e-05
912,True,,,,,0.004258281551301479,0.05824238061904907,0.0,0.010082519613206387,0.0,0.0,0.0,0.0,0.029015198349952698,5.891177607264967e-05
913,True,,,,,0.00442948192358017,0.06645233929157257,0.0,0.011074716225266457,0.0,0.0,0.0,0.0,0.024033335968852043,5.87116963882601e-05
914,True,,,,,0.0014191645896062255,0.03647582232952118,0.0,0.005066746845841408,0.0,0.0,0.0,0.0,0.021736565977334976,5.851384394390039e-05
915,True,,,,,0.002754464279860258,0.053719546645879745,0.0,0.00812641903758049,0.0,0.0,0.0,0.0,0.020578403025865555,5.831822077696623e-05
916,True,,,,,0.00561335776001215,0.06594890356063843,0.0,0.012208247557282448,0.0,0.0,0.0,0.0,0.03431921824812889,5.8124828901897365e-05
917,True,,,,,0.003828079905360937,0.06513412296772003,0.0,0.010341492481529713,0.0,0.0,0.0,0.0,0.03320791572332382,5.793367031015672e-05
918,True,,,,,0.004912799224257469,0.06591286510229111,0.0,0.01150408573448658,0.0,0.0,0.0,0.0,0.027998080477118492,5.7744746970209815e-05
919,True,,,,,0.0027145459316670895,0.05407754331827164,0.0,0.00812230072915554,0.0,0.0,0.0,0.0,0.028204770758748055,5.7558060827504465e-05
920,True,,,,,0.004421674646437168,0.05788222327828407,0.0,0.01020989753305912,0.0,0.0,0.0,0.0,0.02577734738588333,5.7373613804450986e-05
921,True,,,,,0.004549641627818346,0.06277130544185638,0.0,0.010826772078871727,0.0,0.0,0.0,0.0,0.027602441608905792,5.719140780040217e-05
922,True,,,,,0.0046169087290763855,0.06573745608329773,0.0,0.011190654709935188,0.0,0.0,0.0,0.0,0.03251558169722557,5.7011444691633736e-05
923,True,,,,,0.003291697707027197,0.047144658863544464,0.0,0.008006163872778416,0.0,0.0,0.0,0.0,0.02307187393307686,5.6833726331325166e-05
924,True,,,,,0.005472778342664242,0.0774286687374115,0.0,0.013215645216405392,0.0,0.0,0.0,0.0,0.027571622282266617,5.665825454954053e-05
925,True,,,,,0.00668149022385478,0.06938867270946503,0.0,0.01362035796046257,0.0,0.0,0.0,0.0,0.024228688329458237,5.648503115320956e-05
926,True,,,,,0.005658271722495556,0.07589388638734818,0.0,0.013247660361230373,0.0,0.0,0.0,0.0,0.0674593448638916,5.631405792610921e-05
927,True,,,,,0.00245174509473145,0.055690303444862366,0.0,0.008020775392651558,0.0,0.0,0.0,0.0,0.02532113716006279,5.614533662884509e-05
928,True,,,,,0.0008489126339554787,0.02346641942858696,0.0,0.003195554716512561,0.0,0.0,0.0,0.0,0.021549755707383156,5.597886899883362e-05
929,True,,,,,0.0035548582673072815,0.049754031002521515,0.0,0.008530260995030403,0.0,0.0,0.0,0.0,0.02992023527622223,5.581465675028376e-05
930,True,,,,,0.001980275847017765,0.0432710200548172,0.0,0.0063073779456317425,0.0,0.0,0.0,0.0,0.024708416312932968,5.565270157417969e-05
931,True,,,,,0.006307534873485565,0.07405856251716614,0.0,0.013713391497731209,0.0,0.0,0.0,0.0,0.03335115686058998,5.549300513826328e-05
932,True,,,,,0.0058205886743962765,0.06357403844594955,0.0,0.01217799261212349,0.0,0.0,0.0,0.0,0.029617030173540115,5.533556908701682e-05
933,True,,,,,0.0031217257492244244,0.052589356899261475,0.0,0.008380661718547344,0.0,0.0,0.0,0.0,0.018473893404006958,5.518039504164621e-05
934,True,,,,,0.003604518948122859,0.05981288105249405,0.0,0.009585807099938393,0.0,0.0,0.0,0.0,0.022291067987680435,5.5027484600064267e-05
935,True,,,,,0.0045546842738986015,0.07043614238500595,0.0,0.011598298326134682,0.0,0.0,0.0,0.0,0.037429943680763245,5.48768393368742e-05
936,True,,,,,0.0019166793208569288,0.04334690421819687,0.0,0.0062513696029782295,0.0,0.0,0.0,0.0,0.026227394118905067,5.47284608033534e-05
937,True,,,,,0.005628195591270924,0.06418585777282715,0.0,0.012046781368553638,0.0,0.0,0.0,0.0,0.018110068514943123,5.458235052743752e-05
938,True,,,,,0.004343222361057997,0.06303932517766953,0.0,0.010647155344486237,0.0,0.0,0.0,0.0,0.036762747913599014,5.443851001370472e-05
939,True,,,,,0.0036166789941489697,0.0746023952960968,0.0,0.011076918803155422,0.0,0.0,0.0,0.0,0.02665047161281109,5.4296940743360134e-05
940,True,,,,,0.0056251706555485725,0.07622489333152771,0.0,0.013247659429907799,0.0,0.0,0.0,0.0,0.03292226046323776,5.4157644174220696e-05
941,True,,,,,0.002962588332593441,0.04850705340504646,0.0,0.007813293486833572,0.0,0.0,0.0,0.0,0.02165023609995842,5.4020621740700036e-05
942,True,,,,,0.0029448806308209896,0.0441424623131752,0.0,0.007359127048403025,0.0,0.0,0.0,0.0,0.019083283841609955,5.388587485379379e-05
943,True,,,,,0.005577273666858673,0.0754244327545166,0.0,0.013119717128574848,0.0,0.0,0.0,0.0,0.022374292835593224,5.375340490106501e-05
944,True,,,,,0.0032008830457925797,0.05475771799683571,0.0,0.00867665559053421,0.0,0.0,0.0,0.0,0.0215164702385664,5.3623213246629886e-05
945,True,,,,,0.006064262241125107,0.07196035981178284,0.0,0.013260298408567905,0.0,0.0,0.0,0.0,0.022411732003092766,5.349530123114374e-05
946,True,,,,,0.004787852056324482,0.0620010606944561,0.0,0.010987957939505577,0.0,0.0,0.0,0.0,0.025843624025583267,5.336967017178726e-05
947,True,,,,,0.004975484684109688,0.06618808954954147,0.0,0.011594293639063835,0.0,0.0,0.0,0.0,0.02092275582253933,5.324632136225269e-05
948,True,,,,,0.002914734650403261,0.046414799988269806,0.0,0.007556214928627014,0.0,0.0,0.0,0.0,0.02192339301109314,5.312525607273086e-05
949,True,,,,,0.0022516772150993347,0.06487000733613968,0.0,0.008738677948713303,0.0,0.0,0.0,0.0,0.03382500261068344,5.3006475549897875e-05
950,True,,,,,0.002689211629331112,0.04968912526965141,0.0,0.007658124435693026,0.0,0.0,0.0,0.0,0.027214689180254936,5.288998101690231e-05
951,True,,,,,0.003796954406425357,0.06732921302318573,0.0,0.010529875755310059,0.0,0.0,0.0,0.0,0.026061074808239937,5.277577367335268e-05
952,True,,,,,0.005361967720091343,0.06136404722929001,0.0,0.011498373001813889,0.0,0.0,0.0,0.0,0.021041732281446457,5.266385469530499e-05
953,True,,,,,0.007514247205108404,0.08566896617412567,0.0,0.01608114317059517,0.0,0.0,0.0,0.0,0.05031352490186691,5.2554225235250805e-05
954,True,,,,,0.0013258879771456122,0.03659019619226456,0.0,0.004984907805919647,0.0,0.0,0.0,0.0,0.028553541749715805,5.244688642210509e-05
955,True,,,,,0.005501778330653906,0.06440679728984833,0.0,0.011942458339035511,0.0,0.0,0.0,0.0,0.023859089240431786,5.23418393611949e-05
956,True,,,,,0.003520138096064329,0.05437691509723663,0.0,0.00895782932639122,0.0,0.0,0.0,0.0,0.035434845834970474,5.223908513424779e-05
957,True,,,,,0.0013262307038530707,0.044327013194561005,0.0,0.005758932325989008,0.0,0.0,0.0,0.0,0.03582123667001724,5.2138624799380705e-05
958,True,,,,,0.002739750314503908,0.04605270177125931,0.0,0.007345020771026611,0.0,0.0,0.0,0.0,0.03065728396177292,5.204045939108922e-05
959,True,,,,,0.004068258684128523,0.06208011135458946,0.0,0.010276270098984241,0.0,0.0,0.0,0.0,0.031308308243751526,5.194458992023664e-05
960,True,,,,,0.0023952932097017765,0.0439249724149704,0.0,0.006787790451198816,0.0,0.0,0.0,0.0,0.020706165581941605,5.18510173740439e-05
961,True,,,,,0.004590687807649374,0.07185278087854385,0.0,0.011775965802371502,0.0,0.0,0.0,0.0,0.022783098742365837,5.175974271607908e-05
962,True,,,,,0.0028242296539247036,0.04717687517404556,0.0,0.007541917264461517,0.0,0.0,0.0,0.0,0.028609126806259155,5.1670766886247754e-05
963,True,,,,,0.0029653345700353384,0.04421636462211609,0.0,0.007386971265077591,0.0,0.0,0.0,0.0,0.01735743321478367,5.158409080078313e-05
964,True,,,,,0.006271733902394772,0.07021347433328629,0.0,0.013293081894516945,0.0,0.0,0.0,0.0,0.01960740052163601,5.14997153522367e-05
965,True,,,,,0.003354739397764206,0.04710829257965088,0.0,0.008065568283200264,0.0,0.0,0.0,0.0,0.023736903443932533,5.141764140946903e-05
966,True,,,,,0.002384079620242119,0.05509498715400696,0.0,0.007893579080700874,0.0,0.0,0.0,0.0,0.030818667262792587,5.133786981764076e-05
967,True,,,,,0.0032931361347436905,0.06117189675569534,0.0,0.009410325437784195,0.0,0.0,0.0,0.0,0.024853281676769257,5.1260401398204064e-05
968,True,,,,,0.0055280644446611404,0.07725943624973297,0.0,0.013254008255898952,0.0,0.0,0.0,0.0,0.038117971271276474,5.1185236948893956e-05
969,True,,,,,0.0030391677282750607,0.04886946827173233,0.0,0.007926114834845066,0.0,0.0,0.0,0.0,0.01766672544181347,5.111237724372028e-05
970,True,,,,,0.00411416869610548,0.06343943625688553,0.0,0.010458111763000488,0.0,0.0,0.0,0.0,0.02463531121611595,5.104182303295964e-05
971,True,,,,,0.0024079515133053064,0.04634469747543335,0.0,0.007042421028017998,0.0,0.0,0.0,0.0,0.030517062172293663,5.097357504314766e-05
972,True,,,,,0.003447262104600668,0.05268065631389618,0.0,0.008715327829122543,0.0,0.0,0.0,0.0,0.024118756875395775,5.0907633977071563e-05
973,True,,,,,0.0034693810157477856,0.05157497897744179,0.0,0.008626879192888737,0.0,0.0,0.0,0.0,0.02319762110710144,5.084400051376287e-05
974,True,,,,,0.004718346055597067,0.07706143707036972,0.0,0.012424489483237267,0.0,0.0,0.0,0.0,0.024267788976430893,5.0782675308490534e-05
975,True,,,,,0.0014956173254176974,0.04822628200054169,0.0,0.0063182455487549305,0.0,0.0,0.0,0.0,0.01909944787621498,5.072365899275401e-05
976,True,,,,,0.00412558950483799,0.059773609042167664,0.0,0.010102950036525726,0.0,0.0,0.0,0.0,0.019545292481780052,5.066695217427687e-05
977,True,,,,,0.002137425122782588,0.048229776322841644,0.0,0.006960403174161911,0.0,0.0,0.0,0.0,0.01840764842927456,5.061255543700048e-05
978,True,,,,,0.0068358383141458035,0.06703008711338043,0.0,0.013538846746087074,0.0,0.0,0.0,0.0,0.03298329934477806,5.056046934107815e-05
979,True,,,,,0.0034359758719801903,0.058038823306560516,0.0,0.009239858016371727,0.0,0.0,0.0,0.0,0.027736499905586243,5.0510694422869084e-05
980,True,,,,,0.004345925524830818,0.05290401726961136,0.0,0.009636327624320984,0.0,0.0,0.0,0.0,0.026257453486323357,5.046323119493311e-05
981,True,,,,,0.004003979731351137,0.07269662618637085,0.0,0.011273643001914024,0.0,0.0,0.0,0.0,0.022902384400367737,5.0418080146025285e-05
982,True,,,,,0.0034617390483617783,0.056017301976680756,0.0,0.009063469246029854,0.0,0.0,0.0,0.0,0.02312505431473255,5.0375241741090854e-05
983,True,,,,,0.0030504248570650816,0.055336639285087585,0.0,0.008584088645875454,0.0,0.0,0.0,0.0,0.017917552962899208,5.0334716421260555e-05
984,True,,,,,0.0013819586019963026,0.030910179018974304,0.0,0.004472976550459862,0.0,0.0,0.0,0.0,0.03142208233475685,5.0296504603845925e-05
985,True,,,,,0.003280529286712408,0.053569246083498,0.0,0.008637454360723495,0.0,0.0,0.0,0.0,0.01855960488319397,5.0260606682335205e-05
986,True,,,,,0.003722734749317169,0.055536746978759766,0.0,0.00927640963345766,0.0,0.0,0.0,0.0,0.01959429308772087,5.022702302638904e-05
987,True,,,,,0.0020823990926146507,0.04318670928478241,0.0,0.006401069927960634,0.0,0.0,0.0,0.0,0.026570618152618408,5.0195753981836875e-05
988,True,,,,,0.0015393992653116584,0.050051141530275345,0.0,0.006544513627886772,0.0,0.0,0.0,0.0,0.022075828164815903,5.016679987067334e-05
989,True,,,,,0.0018445239402353764,0.04065440222620964,0.0,0.005909964442253113,0.0,0.0,0.0,0.0,0.02127096615731716,5.014016099105491e-05
990,True,,,,,0.0028362981975078583,0.052098970860242844,0.0,0.008046194911003113,0.0,0.0,0.0,0.0,0.025092367082834244,5.011583761729681e-05
991,True,,,,,0.004699602257460356,0.07529335469007492,0.0,0.012228937819600105,0.0,0.0,0.0,0.0,0.02560025453567505,5.009382999987022e-05
992,True,,,,,0.003559642005711794,0.056513868272304535,0.0,0.009211028926074505,0.0,0.0,0.0,0.0,0.020455192774534225,5.007413836539978e-05
993,True,,,,,0.00218481058254838,0.06634046882390976,0.0,0.008818857371807098,0.0,0.0,0.0,0.0,0.03292211517691612,5.005676291666106e-05
994,True,,,,,0.0036735846661031246,0.0484778955578804,0.0,0.008521374315023422,0.0,0.0,0.0,0.0,0.017424974590539932,5.004170383257867e-05
995,True,,,,,0.005798765458166599,0.06029264256358147,0.0,0.011828029528260231,0.0,0.0,0.0,0.0,0.01756787672638893,5.002896126822433e-05
996,True,,,,,0.0031859648879617453,0.06049475818872452,0.0,0.009235440753400326,0.0,0.0,0.0,0.0,0.02741752564907074,5.001853535481522e-05
997,True,,,,,0.0034882843028753996,0.054039064794778824,0.0,0.008892190642654896,0.0,0.0,0.0,0.0,0.024898825213313103,5.001042619971277e-05
998,True,,,,,0.003110100282356143,0.049673713743686676,0.0,0.008077471517026424,0.0,0.0,0.0,0.0,0.021945420652627945,5.0004633886421385e-05
999,True,,,,,0.003061046591028571,0.05772637575864792,0.0,0.008833684027194977,0.0,0.0,0.0,0.0,0.024194512516260147,5.000115847458771e-05
1000,True,,,,,0.0071640945971012115,0.06798546016216278,0.0,0.01396264135837555,0.0,0.0,0.0,0.0,0.017141014337539673,5e-05
