step,applied,reason,reconstruction_mse,perceptual_loss,preservation_mse,loss,residual_loss,trust_loss,grad_norm,learning_rate
1,True,,0.0010085930116474628,0.055071596056222916,0.0003896011330652982,0.014509469270706177,0.007214515004307032,0.0,0.0014025059062987566,0.0001
2,True,,0.0006420724093914032,0.0772351399064064,0.00043201312655583024,0.014075135812163353,0.0048455228097736835,4.98301533369272e-09,0.0019211691105738282,0.0002
3,True,,0.0027343479450792074,0.1296197474002838,9.76326409727335e-05,0.03278546780347824,0.016893882304430008,2.8297407084210136e-08,0.002759057329967618,0.00030000000000000003
4,True,,0.0012102623004466295,0.045047689229249954,0.0004377822042442858,0.009311708621680737,0.002721112221479416,8.782256344375128e-08,0.0017839313950389624,0.0004
5,True,,0.0006875994149595499,0.0484020933508873,0.0013087576953694224,0.011218500323593616,0.0030731738079339266,2.11349529877225e-07,0.0018270667642354965,0.0005
6,True,,0.0024581400211900473,0.05432702973484993,0.0005286786472424865,0.02394631877541542,0.014998115599155426,4.2806581745935546e-07,0.0011532801436260343,0.0006000000000000001
7,True,,0.0023135002702474594,0.06364662200212479,0.0016702280845493078,0.029245199635624886,0.017226573079824448,7.560888661828358e-07,0.001725135836750269,0.0007
8,True,,0.002486076671630144,0.04039258509874344,0.0006385847227647901,0.022464847192168236,0.014662330970168114,1.2042004300383269e-06,0.001800418016500771,0.0008
9,True,,0.0039960527792572975,0.07822297513484955,0.00016642161062918603,0.04274006932973862,0.03058885782957077,1.8236420373796136e-06,0.0021859316620975733,0.0009000000000000001
10,True,,0.0005606594495475292,0.04929251968860626,0.0005923479329794645,0.010383808985352516,0.003709175391122699,2.563168663982651e-06,0.0013616455253213644,0.001
11,True,,0.0009938774164766073,0.051471494138240814,0.00047108708531595767,0.012809441424906254,0.005726206116378307,3.490673179840087e-06,0.0016811443492770195,0.001
12,True,,0.01045246608555317,0.14740437269210815,0.0006684800027869642,0.114431232213974,0.08790132403373718,4.463345248950645e-06,0.0029712796676903963,0.0009999977296682896
13,True,,0.001626024954020977,0.05221324414014816,0.0008914968348108232,0.019515955820679665,0.010885559022426605,5.451864581118571e-06,0.0015111896209418774,0.0009999909186960666
14,True,,0.0014941466506570578,0.051797524094581604,0.00015223360969685018,0.017757195979356766,0.010778764262795448,6.5162316786882e-06,0.000875250727403909,0.0009999795671520565
15,True,,0.007987673394382,0.122464120388031,0.00041862690704874694,0.06525244563817978,0.04418103024363518,7.648178325325716e-06,0.001957160187885165,0.0009999636751508
16,True,,0.0009968698723241687,0.06133164465427399,0.001331750419922173,0.017293907701969147,0.007500284817069769,8.79017352417577e-06,0.001395104220137,0.0009999432428526539
17,True,,0.0017295608995482326,0.04943905770778656,0.0006942290347069502,0.01776554435491562,0.009703520685434341,9.944064913725015e-06,0.0013579140650108457,0.0009999182704637868
18,True,,0.0007681797724217176,0.050466835498809814,0.0005202741594985127,0.01100306399166584,0.004147541709244251,1.1093528883066028e-05,0.0014025226701050997,0.0009998887582361798
19,True,,0.0009501958265900612,0.060527656227350235,0.0002615059493109584,0.016967304050922394,0.009441209957003593,1.219168279931182e-05,0.0018477425910532475,0.0009998547064676213
20,True,,0.007074257358908653,0.11466410756111145,0.00018668058328330517,0.07494111359119415,0.05602695047855377,1.329212318523787e-05,0.0019349220674484968,0.0009998161155017067
21,True,,0.0013804221525788307,0.03678007051348686,0.00039184981142170727,0.01561528630554676,0.009773014113307,1.4386424481926952e-05,0.0009517914731986821,0.0009997729857278322
22,True,,0.002966528292745352,0.11798389256000519,0.0006879044231027365,0.042696572840213776,0.02655569091439247,1.548195541545283e-05,0.0014650170924142003,0.0009997253175811935
23,True,,0.004686766304075718,0.16504861414432526,0.0008609543438069522,0.054582495242357254,0.03166879341006279,1.6591544408584014e-05,0.00246897479519248,0.000999673111542779
24,True,,0.00014309905236586928,0.020047221332788467,0.0004694296803791076,0.0036734810564666986,0.0005866237916052341,1.768152833392378e-05,0.0014755325391888618,0.0009996163681393671
25,True,,0.004809925332665443,0.12694045901298523,0.0002731084532570094,0.05225091427564621,0.03420053794980049,1.8776525394059718e-05,0.0014053951017558575,0.0009995550879435188
26,True,,0.005615777801722288,0.1273851841688156,0.00016094354214146733,0.04673216864466667,0.028055787086486816,1.9871557014994323e-05,0.0016171121969819069,0.0009994892715735738
27,True,,0.0009056261042132974,0.07908796519041061,0.0005023255944252014,0.015532114543020725,0.005712830927222967,2.0952340491930954e-05,0.0011263119522482157,0.0009994189196936435
28,True,,0.007942937314510345,0.13108941912651062,0.0005545142339542508,0.10064312070608139,0.07848198711872101,2.200527160312049e-05,0.002238811459392309,0.0009993440330136032
29,True,,0.0005874163471162319,0.051526106894016266,0.0007170262979343534,0.010104335844516754,0.0029300255700945854,2.3071113901096396e-05,0.0014259457821026444,0.0009992646122890872
30,True,,0.004176373593509197,0.09289946407079697,0.00016359469736926258,0.04054105654358864,0.02674730308353901,2.4124999981722794e-05,0.0014265840873122215,0.0009991806583214795
31,True,,0.0010569391306489706,0.04876154661178589,0.00010927663242910057,0.011281950399279594,0.005130050703883171,2.5196124624926597e-05,0.0007206695736385882,0.0009990921719579058
32,True,,0.012537587434053421,0.17950543761253357,0.0006102586630731821,0.10276591032743454,0.07105699926614761,2.62644280155655e-05,0.0023455277550965548,0.0009989991540912259
33,True,,0.0014584091259166598,0.056181252002716064,0.0003789262264035642,0.02134488709270954,0.01351022720336914,2.737035356403794e-05,0.0011773072183132172,0.0009989016056600236
34,True,,0.010680402629077435,0.21134212613105774,0.0003790885384660214,0.0856168121099472,0.053043730556964874,2.8493797799455933e-05,0.002105817198753357,0.0009987995276485983
35,True,,0.0010230646003037691,0.06726989150047302,0.00010469782137079164,0.013616010546684265,0.0056562647223472595,2.964311534014996e-05,0.001060014241375029,0.000998692921086954
36,True,,0.0020376648753881454,0.10250396281480789,0.00043734966311603785,0.02942492440342903,0.016261857002973557,3.0777497158851475e-05,0.0012437677942216396,0.0009985817870507897
37,True,,0.003315499983727932,0.07297094166278839,0.0012405621819198132,0.03840673342347145,0.025312693789601326,3.187934271409176e-05,0.0013992051826789975,0.000998466126661488
38,True,,0.0008977825054898858,0.03550714999437332,0.0005248063826002181,0.009915747679769993,0.004417307674884796,3.293878035037778e-05,0.0012400789419189095,0.0009983459410861048
39,True,,0.0018468959024176002,0.11904941499233246,0.0016029310645535588,0.02848043665289879,0.011522398330271244,3.3948919735848904e-05,0.0014020432718098164,0.0009982212315373554
40,True,,0.0006145208026282489,0.0489007942378521,0.000714743509888649,0.010671040043234825,0.0037366035394370556,3.487852882244624e-05,0.0019034704891964793,0.000998091999273605
41,True,,0.01655082032084465,0.21422268450260162,0.00019925826927646995,0.13122612237930298,0.09285416454076767,3.572994319256395e-05,0.0021979287266731262,0.0009979582455988537
42,True,,0.0010297849075868726,0.06442335993051529,0.0006113495910540223,0.016698021441698074,0.008002834394574165,3.6677894968306646e-05,0.0014796608593314886,0.0009978199718627251
43,True,,0.004879207815974951,0.0956939086318016,0.00045851178583689034,0.050665516406297684,0.03529951721429825,3.762020787689835e-05,0.0011926518054679036,0.000997677179460451
44,True,,0.0007261272985488176,0.030960744246840477,0.0006998666794970632,0.009179769083857536,0.003957448527216911,3.8588485040236264e-05,0.0008821955998428166,0.000997529869832859
45,True,,0.0018350941827520728,0.09544713795185089,0.0009196099708788097,0.02627275511622429,0.013053333386778831,3.9537178963655606e-05,0.0010683754226192832,0.0009973780444663563
46,True,,0.0058147236704826355,0.0801977887749672,0.0001442976063117385,0.04722050949931145,0.033097006380558014,4.0461858588969335e-05,0.0014021657407283783,0.0009972217048929161
47,True,,0.0006483640754595399,0.03716990724205971,0.00043045211350545287,0.009440502151846886,0.00421382999047637,4.139497468713671e-05,0.0007096740882843733,0.000997060852690062
48,True,,0.005114380735903978,0.13824507594108582,0.00153649365529418,0.06506463140249252,0.04305233061313629,4.229885234963149e-05,0.0019933779258280993,0.0009968954894808502
49,True,,0.0003416393883526325,0.025054190307855606,0.0007096659974195063,0.006021034903824329,0.001754212542437017,4.316981721785851e-05,0.0008993199444375932,0.0009967256169338564
50,True,,0.0028749587945640087,0.0659707710146904,0.0005429766606539488,0.02920241840183735,0.01864399015903473,4.401951446197927e-05,0.0013999278889968991,0.0009965512367631558
51,True,,0.001351463608443737,0.05543342977762222,0.00022348359925672412,0.014964291825890541,0.007622069213539362,4.486442048801109e-05,0.0008198691066354513,0.0009963723507283077
52,True,,0.0007139103836379945,0.022746305912733078,0.0001901950454339385,0.008460771292448044,0.005091382656246424,4.57016249129083e-05,0.0008664354681968689,0.0009961889606343373
53,True,,0.0020131925120949745,0.06575596332550049,0.00037970131961628795,0.02469070628285408,0.015342049300670624,4.652008647099137e-05,0.0009168839314952493,0.000996001068331717
54,True,,0.0011039292439818382,0.04918873682618141,0.000725042016711086,0.014156874269247055,0.006683514453470707,4.7325051127700135e-05,0.0008007106371223927,0.000995808675716349
55,True,,0.00587086845189333,0.11310970783233643,0.0009047599160112441,0.04434698447585106,0.02535514533519745,4.8101373977260664e-05,0.0020623551681637764,0.000995611784729544
56,True,,0.004008767195045948,0.10737752169370651,0.0004611323238350451,0.03372775390744209,0.018058478832244873,4.887163231614977e-05,0.001906355144456029,0.0009954103973580034
57,True,,0.0010424947831779718,0.0622505322098732,0.00024186409427784383,0.01451941393315792,0.006767641752958298,4.96494940307457e-05,0.0007286439067684114,0.0009952045156337997
58,True,,0.0006993740680627525,0.019714834168553352,0.00013700079580303282,0.006317774299532175,0.0033724105451256037,5.043506098445505e-05,0.0008949493640102446,0.0009949941416343537
59,True,,0.002255165483802557,0.07002100348472595,0.0005145231261849403,0.02263559028506279,0.012348765507340431,5.1206483476562425e-05,0.0010116372723132372,0.0009947792774824154
60,True,,0.008936324156820774,0.14208939671516418,0.0005979990819469094,0.08543019741773605,0.06108841300010681,5.195470657781698e-05,0.001828840933740139,0.0009945599253460427
61,True,,0.002556851599365473,0.10148680210113525,0.0007205036818049848,0.03868364542722702,0.024536576122045517,5.27643205714412e-05,0.0023268512450158596,0.0009943360874385776
62,True,,0.0014715123688802123,0.041856974363327026,0.00016079600027296692,0.01261724904179573,0.0066379099152982235,5.360422801459208e-05,0.0022129809949547052,0.0009941077660186265
63,True,,0.0025986682157963514,0.06698940694332123,0.0001184626089525409,0.019237764179706573,0.009702684357762337,5.4456126235891134e-05,0.0008242690819315612,0.0009938749633900351
64,True,,0.0006303255795501173,0.05424618721008301,0.0006884986651130021,0.010967465117573738,0.003534970572218299,5.5319043894996867e-05,0.0010355062549933791,0.0009936376819018663
65,True,,0.005938373506069183,0.14964526891708374,0.000381545745767653,0.05297297239303589,0.03130641579627991,5.6153385230572894e-05,0.0014448232250288129,0.0009933959239483768
66,True,,0.0042939139530062675,0.06514816731214523,0.0003881836892105639,0.04403983801603317,0.032454170286655426,5.7001932873390615e-05,0.0011778363259509206,0.0009931496919689921
67,True,,0.0006353329517878592,0.03403846174478531,0.00010685760935302824,0.0069051762111485004,0.002651703078299761,5.788418638985604e-05,0.0009860527934506536,0.0009928989884482823
68,True,,0.0013343030586838722,0.044062089174985886,0.0004900128697045147,0.016796724870800972,0.010075600817799568,5.8739045925904065e-05,0.0008389851427637041,0.0009926438159159367
69,True,,0.0021030788775533438,0.042749516665935516,0.0011819571955129504,0.021399755030870438,0.01265721395611763,5.959125701338053e-05,0.0011268238304182887,0.0009923841769467392
70,True,,0.00032627323525957763,0.027011681348085403,0.0005243862397037446,0.005585461854934692,0.001508643850684166,6.039579238859005e-05,0.0008173218811862171,0.0009921200741605412
71,True,,0.0018333594780415297,0.04552668333053589,0.00150016020052135,0.02215837687253952,0.012771417386829853,6.115177529864013e-05,0.001220103818923235,0.0009918515102222353
72,True,,0.002350456081330776,0.07041102647781372,0.0007428030367009342,0.02352035418152809,0.012642571702599525,6.18523481534794e-05,0.0010832214029505849,0.00099157848784173
73,True,,0.002421980258077383,0.07871939241886139,0.00015316651843022555,0.02991975098848343,0.019318871200084686,6.253260653465986e-05,0.0008964458247646689,0.0009913010097739195
74,True,,0.0019560130313038826,0.056036077439785004,0.0005471869953908026,0.021218573674559593,0.012563946656882763,6.321744149317965e-05,0.0010179232340306044,0.0009910190788186585
75,True,,0.0008559880079701543,0.04878663271665573,0.0004223814175929874,0.010741202160716057,0.004161149263381958,6.391367787728086e-05,0.000796455075033009,0.000990732697820733
76,True,,0.001877669245004654,0.05037945136427879,0.0006761188269592822,0.02199123613536358,0.01372273825109005,6.457681593019515e-05,0.0008920233231037855,0.0009904418696698308
77,True,,0.00601075729355216,0.1328936517238617,0.0008568188059143722,0.06920110434293747,0.048186689615249634,6.521209434140474e-05,0.0014989838236942887,0.000990146597300514
78,True,,0.0007961796363815665,0.06069250404834747,0.0001228131732204929,0.013549146242439747,0.0064374301582574844,6.589357508346438e-05,0.0008670326205901802,0.000989846883692188
79,True,,0.003066344652324915,0.10601291805505753,0.00040241528768092394,0.02293664775788784,0.008463514037430286,6.656117329839617e-05,0.001577931921929121,0.0009895427318690716
80,True,,0.0018788090674206614,0.0758751630783081,0.0013466193340718746,0.02181766740977764,0.009657430462539196,6.720795499859378e-05,0.0009291227906942368,0.0009892341449001672
81,True,,0.009363358840346336,0.09203166514635086,0.0006343061104416847,0.07708997279405594,0.057254157960414886,6.781471165595576e-05,0.0019559822976589203,0.0009889211258992297
82,True,,0.0006647954578511417,0.037131015211343765,0.0005338285700418055,0.010280749760568142,0.004834511782974005,6.847558688605204e-05,0.0009522995096631348,0.0009886036780247342
83,True,,0.0013883458450436592,0.05605210363864899,0.00021085923071950674,0.02197227068245411,0.01455630362033844,6.913359538884833e-05,0.0009863507002592087,0.0009882818044798453
84,True,,0.00044659373816102743,0.040720127522945404,0.0001862743083620444,0.00776423467323184,0.0028723813593387604,6.980350008234382e-05,0.0008593507809564471,0.0009879555085123839
85,True,,0.0009157446911558509,0.02427230402827263,0.00037628936115652323,0.009524188004434109,0.005427929572761059,7.04650956322439e-05,0.0008778977789916098,0.0009876247934147945
86,True,,0.0029561184346675873,0.08923691511154175,0.000662792066577822,0.031092263758182526,0.01788615807890892,7.112594903446734e-05,0.0012229514541104436,0.000987289662524113
87,True,,0.0004054576565977186,0.07284271717071533,0.0008883656118996441,0.013814053498208523,0.004346874542534351,7.180499233072624e-05,0.0018534570699557662,0.0009869501192219313
88,True,,0.0015770203899592161,0.0656559094786644,0.0004521902301348746,0.022039785981178284,0.01299207005649805,7.245875167427585e-05,0.001000868622213602,0.000986606166934365
89,True,,0.0003260601661168039,0.05067211017012596,0.00023908494040369987,0.007245062850415707,0.0013728905469179153,7.310566434171051e-05,0.0011637482093647122,0.0009862578091320176
90,True,,0.00035191437928006053,0.0401681512594223,0.00015467984485439956,0.007042663171887398,0.002363836858421564,7.371950050583109e-05,0.0012125640641897917,0.0009859050493299455
91,True,,0.0018983567133545876,0.06123907491564751,0.0005231154500506818,0.021778875961899757,0.012709638103842735,7.432360871462151e-05,0.0021566604264080524,0.0009855478910876239
92,True,,0.00112758984323591,0.06088284030556679,0.0005499784019775689,0.017629779875278473,0.009313199669122696,7.487008406314999e-05,0.0018708938732743263,0.000985186338008908
93,True,,0.0024734388571232557,0.0666380226612091,0.0007098877686075866,0.02219071239233017,0.011632941663265228,7.541450031567365e-05,0.001343575306236744,0.0009848203937420008
94,True,,0.00013007971574552357,0.03233414888381958,0.00016567198326811194,0.004755988717079163,0.0010603908449411392,7.596176874358207e-05,0.0011055170325562358,0.0009844500619794123
95,True,,0.0010011455742642283,0.08327466249465942,0.00011145352618768811,0.01732812635600567,0.007775840349495411,7.651177293155342e-05,0.0015633025905117393,0.0009840753464579245
96,True,,0.003357329173013568,0.09585975110530853,0.0006147403037175536,0.04030665010213852,0.026133093982934952,7.70569167798385e-05,0.0013860217295587063,0.0009836962509585533
97,True,,0.0011492068879306316,0.05487905070185661,0.0003724843554664403,0.015741942450404167,0.008359085768461227,7.763629400869831e-05,0.0009586933883838356,0.0009833127793065098
98,True,,0.0007987685385160148,0.046379584819078445,0.0003677720669656992,0.011906093917787075,0.005733040627092123,7.82146817073226e-05,0.0015141209587454796,0.0009829249353711623
99,True,,0.008140209130942822,0.18994814157485962,0.00010235935042146593,0.08831965178251266,0.060979120433330536,7.88009274401702e-05,0.0017470839666202664,0.0009825327230659966
100,True,,0.0018534297123551369,0.08827957510948181,0.0004113757167942822,0.03130509331822395,0.019800160080194473,7.949156133690849e-05,0.0013588789151981473,0.000982136146348578
101,True,,0.002286746399477124,0.08233985304832458,0.0011632130481302738,0.02581239491701126,0.012964433990418911,8.022002293728292e-05,0.001533706672489643,0.000981735209220509
102,True,,0.0013527532573789358,0.060348883271217346,0.0004772871034219861,0.018622353672981262,0.010279328562319279,8.093113137874752e-05,0.00102467299439013,0.0009813299157273912
103,True,,0.005569541361182928,0.07168634235858917,0.0013207790907472372,0.05699172616004944,0.04161117598414421,8.164292376022786e-05,0.0015707818092778325,0.0009809202699587827
104,True,,0.004125621635466814,0.08104300498962402,0.0006612358847633004,0.04274881258606911,0.029195593670010567,8.236440044129267e-05,0.0010154020274057984,0.0009805062760481586
105,True,,0.0019394386326894164,0.04108142480254173,0.00016351803787983954,0.015510370023548603,0.009134920313954353,8.312550926348194e-05,0.0011983015574514866,0.0009800879381728672
106,True,,0.00275012431666255,0.10148270428180695,0.0005299507174640894,0.033625517040491104,0.019666381180286407,8.38925116113387e-05,0.0010688148904591799,0.0009796652605540902
107,True,,0.0026086061261594296,0.05700386315584183,0.000425702310167253,0.02622947283089161,0.017068227753043175,8.46624534460716e-05,0.0016974625177681446,0.000979238247456798
108,True,,0.00024598423624411225,0.03263493999838829,0.0006815014057792723,0.006617311388254166,0.0017439760267734528,8.544233423890546e-05,0.0008326662937179208,0.0009788069031897077
109,True,,0.0023031688760966063,0.048338256776332855,0.0008298947941511869,0.024829404428601265,0.01603175699710846,8.618349966127425e-05,0.0013200839748606086,0.0009783712321052398
110,True,,0.00256003113463521,0.0975324884057045,0.00013747770572081208,0.03529036045074463,0.022701257839798927,8.689919195603579e-05,0.001504619256593287,0.0009779312385994738
111,True,,0.0005862516118213534,0.03938768804073334,0.00040635166806168854,0.008820409886538982,0.0034818092826753855,8.762759534874931e-05,0.0010110215516760945,0.0009774869271121037
112,True,,0.0032320781610906124,0.08337293565273285,0.0013009674148634076,0.03483717516064644,0.020664986222982407,8.832301682559773e-05,0.0008778019691817462,0.000977038302126394
113,True,,0.0027885171584784985,0.0706336721777916,0.0006113769486546516,0.02394094131886959,0.01286541298031807,8.901944966055453e-05,0.000964635401032865,0.0009765853681691335
114,True,,0.003726460738107562,0.1505165994167328,0.000538659980520606,0.0386536605656147,0.018797319382429123,8.972940122475848e-05,0.001816603122279048,0.0009761281298105904
115,True,,0.0011268379166722298,0.033339254558086395,0.00021322672546375543,0.012539896182715893,0.007651775609701872,9.040004078997299e-05,0.0009020471479743719,0.0009756665916644659
116,True,,0.0023078718222677708,0.07437674701213837,0.0001825643703341484,0.022434642538428307,0.012323057278990746,9.109230450121686e-05,0.0008375506731681526,0.0009752007583878475
117,True,,0.009716828353703022,0.18710140883922577,0.0003597190952859819,0.09125643223524094,0.06210910901427269,9.178119216812775e-05,0.0019269658951088786,0.000974730634681162
118,True,,0.005958973430097103,0.10511590540409088,0.0006599525222554803,0.06556220352649689,0.04777081310749054,9.25333151826635e-05,0.0013151420280337334,0.0009742562252881286
119,True,,0.0021531193051487207,0.06384717673063278,0.0011221193708479404,0.022378679364919662,0.011595670133829117,9.334965579910204e-05,0.0019426726503297687,0.0009737775349957098
120,True,,0.0039291647262871265,0.07221253216266632,0.000464284501504153,0.038356855511665344,0.026276925578713417,9.409576887264848e-05,0.001485207467339933,0.0009732945686340652
121,True,,0.005408003926277161,0.11420490592718124,0.00024232620489783585,0.07209845632314682,0.05478435754776001,9.486881026532501e-05,0.0020808051340281963,0.0009728073310765002
122,True,,0.004240232054144144,0.10057444125413895,0.00013944499369245023,0.04495261237025261,0.030375085771083832,9.574968134984374e-05,0.001258742529898882,0.0009723158272394191
123,True,,0.0032685534097254276,0.0742851197719574,0.0005229855887591839,0.03213471546769142,0.020390709862113,9.671902080299333e-05,0.0011199950240552425,0.0009718200620822738
124,True,,0.0014391965232789516,0.04425612837076187,0.0005795356119051576,0.016315370798110962,0.009290512651205063,9.770270844455808e-05,0.0007445286610163748,0.000971320040607515
125,True,,0.0021478470880538225,0.13991644978523254,0.0006600884371437132,0.03148447349667549,0.014023816213011742,9.868491179076955e-05,0.0018455301178619266,0.000970815767860541
126,True,,0.003433284815400839,0.07854180037975311,0.00017219060100615025,0.03480112925171852,0.0231682900339365,9.96497692540288e-05,0.0009438658598810434,0.0009703072489296466
127,True,,0.0011376561596989632,0.04156094789505005,0.00012219323252793401,0.01219545304775238,0.00665630865842104,0.00010064680827781558,0.0010111198062077165,0.0009697944889459729
128,True,,0.0011793185258284211,0.03950076922774315,0.0006828036275692284,0.014489957131445408,0.007993938401341438,0.00010164198465645313,0.0008586521726101637,0.000969277493083454
129,True,,0.0009024834143929183,0.041863616555929184,0.0003817764518316835,0.01411831472069025,0.008264890871942043,0.00010259870032314211,0.0007031948771327734,0.0009687562665587662
130,True,,0.0014680495951324701,0.05648411437869072,0.00042673948337323964,0.016649505123496056,0.008678529411554337,0.00010353078687330708,0.0008634024416096509,0.0009682308146312743
131,True,,0.01001485250890255,0.13029560446739197,8.611689554527402e-05,0.11041605472564697,0.08719836175441742,0.00010442012717248872,0.0022571806330233812,0.0009677011426029791
132,True,,0.002019341103732586,0.06570944935083389,0.0004580703971441835,0.02636280655860901,0.016855323687195778,0.0001054245512932539,0.003031012834981084,0.0009671672558184635
133,True,,0.0014892307808622718,0.043832022696733475,0.0011476189829409122,0.014785979874432087,0.006617244798690081,0.00010645495785865933,0.0018061879090964794,0.0009666291596648393
134,True,,0.003526778891682625,0.05948450043797493,0.0005079308757558465,0.02843000926077366,0.01793784275650978,0.00010746923362603411,0.0014310446567833424,0.000966086859571692
135,True,,0.0035316161811351776,0.08328580856323242,0.0013288467889651656,0.037028755992650986,0.022509779781103134,0.00010849052341654897,0.001154462923295796,0.0009655403610110266
136,True,,0.009342585690319538,0.10502118617296219,0.0006984788924455643,0.09485738724470139,0.07361463457345963,0.00010945672693196684,0.0017282203771173954,0.0009649896694972119
137,True,,0.002497453009709716,0.05467594042420387,0.00015158056339714676,0.023775754496455193,0.0155064407736063,0.0001104476468754001,0.0012584871146827936,0.0009644347905869254
138,True,,0.002360227983444929,0.045803219079971313,0.0005463774432428181,0.022276081144809723,0.014241660945117474,0.00011143003939650953,0.0012357458472251892,0.0009638757298790968
139,True,,0.0052732485346496105,0.10742150992155075,0.00045705182128585875,0.05170207470655441,0.03477144613862038,0.00011238199658691883,0.0012697388883680105,0.0009633124930148514
140,True,,0.0006406041793525219,0.046638838946819305,0.0006644483073614538,0.010003563016653061,0.0033690445125102997,0.00011336251918692142,0.0011337625328451395,0.0009627450856774539
141,True,,0.0009444080060347915,0.04927324876189232,0.0008763542282395065,0.015139710158109665,0.007514125667512417,0.00011427718709455803,0.0005882810801267624,0.0009621735135922505
142,True,,0.0009142027120105922,0.055972661823034286,0.0001275616086786613,0.012685096822679043,0.005917353555560112,0.00011514911602716893,0.0014340394409373403,0.0009615977825266108
143,True,,0.0010337693383917212,0.11078034341335297,0.0004362380423117429,0.015798121690750122,0.002812681021168828,0.00011598311539273709,0.0018597407033666968,0.0009610178982898708
144,True,,0.010450339876115322,0.11627311259508133,0.0013892342103645205,0.08987464755773544,0.06501735746860504,0.00011682020704029128,0.00146133778616786,0.0009604338667332726
145,True,,0.000661011494230479,0.04448949173092842,0.0006669978029094636,0.011093754321336746,0.0046486202627420425,0.00011771440040320158,0.001022561453282833,0.0009598456937499068
146,True,,0.0006534310523420572,0.048085734248161316,0.000569221971090883,0.010969107039272785,0.004367472603917122,0.00011858419748023152,0.0007557029603049159,0.0009592533852746528
147,True,,0.005698956083506346,0.07652418315410614,0.00021324296540115029,0.058164142072200775,0.04438508674502373,0.00011941161210415885,0.0017653201939538121,0.0009586569472841177
148,True,,0.0009650056017562747,0.049330078065395355,0.0001983966794796288,0.013392435386776924,0.0070964256301522255,0.00012028073251713067,0.0008735668379813433,0.0009580563857965775
149,True,,0.001260079676285386,0.06739407032728195,0.00039482369902543724,0.014180601574480534,0.0053902557119727135,0.00012113821867387742,0.001233422663062811,0.000957451706871916
150,True,,0.0019453525310382247,0.0507127083837986,0.0006727146683260798,0.01795138418674469,0.009588111191987991,0.00012197851901873946,0.0009351219632662833,0.0009568429166115629
151,True,,0.0029571587219834328,0.0861344039440155,0.0010760676814243197,0.035043954849243164,0.02131999097764492,0.00012278728536330163,0.002027476206421852,0.000956230021158433
152,True,,0.00232866033911705,0.06562037020921707,0.0004931317525915802,0.02767202816903591,0.01779383048415184,0.0001235957897733897,0.000886538764461875,0.0009556130266968644
153,True,,0.0009144990472123027,0.038003165274858475,0.00024474997189827263,0.01084773987531662,0.005642180796712637,0.0001243958540726453,0.000999342417344451,0.0009549919394525547
154,True,,0.0010670265182852745,0.04100767523050308,0.00015491827798541635,0.013305277563631535,0.007826395332813263,0.0001251857029274106,0.0010824220953509212,0.0009543667656925001
155,True,,0.003702933667227626,0.07602611184120178,0.0005469432799145579,0.03680071607232094,0.024400025606155396,0.00012594462896231562,0.0011669006198644638,0.0009537375117249307
156,True,,0.0029346621595323086,0.06297367066144943,0.0005858660442754626,0.02690102905035019,0.016496000811457634,0.00012669239367824048,0.0011512530036270618,0.0009531041838992477
157,True,,0.003435834078118205,0.08493747562170029,0.0006641581421718001,0.03511924669146538,0.021860074251890182,0.0001274094684049487,0.001142809633165598,0.0009524667886059586
158,True,,0.0005862220423296094,0.040090516209602356,0.00017446711717639118,0.009197589010000229,0.0042520989663898945,0.00012810924090445042,0.0009710119338706136,0.000951825332276614
159,True,,0.011318771168589592,0.11495262384414673,0.00010738988930825144,0.08929620683193207,0.06626610457897186,0.000128783198306337,0.002075802069157362,0.0009511798213837406
160,True,,0.002784441690891981,0.07098095864057541,0.0006922673783265054,0.032669588923454285,0.021401219069957733,0.0001295192341785878,0.0009971068939194083,0.0009505302624407778
161,True,,0.0015547266229987144,0.06208910793066025,0.000366670690709725,0.01713188737630844,0.008633606135845184,0.00013027094246353954,0.0017223450122401118,0.0009498766620020115
162,True,,0.002473636996001005,0.049173273146152496,0.0004128598084207624,0.021474173292517662,0.013256179168820381,0.00013103523815516382,0.0008254519780166447,0.0009492190266625072
163,True,,0.0026294165290892124,0.05746797099709511,8.68289644131437e-05,0.02626572549343109,0.01771453395485878,0.00013180957466829568,0.0008398089557886124,0.0009485573630580446
164,True,,0.003058147383853793,0.06610056012868881,0.0004183378769084811,0.030883312225341797,0.020377106964588165,0.00013259629486128688,0.001214757445268333,0.0009478916778650498
165,True,,0.002760696690529585,0.08400408178567886,0.0012117120204493403,0.028522860258817673,0.01493699662387371,0.00013340276200324297,0.0013170888414606452,0.0009472219778005275
166,True,,0.0008104454609565437,0.02951805666089058,0.000515798048581928,0.011845704168081284,0.0070505160838365555,0.0001341392198810354,0.000907165405806154,0.0009465482696219953
167,True,,0.0014323352370411158,0.05373424291610718,0.001350883743725717,0.017758440226316452,0.008249564096331596,0.00013483475777320564,0.001035718247294426,0.000945870560127413
168,True,,0.0004553165927063674,0.024965543299913406,0.0007165775168687105,0.007100580260157585,0.0027141994796693325,0.00013547221897169948,0.0007103972602635622,0.0009451888561551156
169,True,,0.018766656517982483,0.17739661037921906,0.00015695279580540955,0.2250557839870453,0.18823421001434326,0.00013605858839582652,0.004687871318310499,0.0009445031645837436
170,True,,0.0007189122261479497,0.032975923269987106,0.000573506171349436,0.010574803687632084,0.0054099177941679955,0.0001368634111713618,0.0006859251298010349,0.0009438134923321744
171,True,,0.0014673636760562658,0.08099114894866943,0.00044067614362575114,0.026130162179470062,0.015680953860282898,0.00013773377577308565,0.0011817526537925005,0.000943119846359451
172,True,,0.006564498879015446,0.16044355928897858,0.0006509281229227781,0.06678425520658493,0.04287216067314148,0.00013864609354641289,0.0013940556673333049,0.0009424222336647135
173,True,,0.0026175722014158964,0.09799332171678543,0.0009214236051775515,0.03140883892774582,0.017147690057754517,0.00013965250400360674,0.0012326784199103713,0.0009417206612871271
174,True,,0.002193622989580035,0.12280602008104324,0.00014147859474178404,0.02877177856862545,0.014013189822435379,0.0001406534283887595,0.0018815998919308186,0.0009410151363058119
175,True,,0.0020646408665925264,0.0443633608520031,0.0004822077171411365,0.022435186430811882,0.014968378469347954,0.00014165128231979907,0.0012823202414438128,0.0009403056658397713
176,True,,0.0009101859177462757,0.07239115238189697,0.0015249747084453702,0.01763179525732994,0.006431117188185453,0.00014265379286371171,0.0013755818363279104,0.00093959225704782
177,True,,0.0012993430718779564,0.06843020021915436,0.000747051031794399,0.018106073141098022,0.008468171581625938,0.00014362118963617831,0.0016701252898201346,0.0009388749171285118
178,True,,0.0034108194522559643,0.06446072459220886,0.0005992667865939438,0.03189857304096222,0.020841702818870544,0.0001445701636839658,0.0027415971271693707,0.0009381536533200665
179,True,,0.0008663387852720916,0.03914034366607666,0.0002144970349036157,0.010200345888733864,0.004989523906260729,0.0001455144229112193,0.0007684878655709326,0.0009374284729002985
180,True,,0.002426896011456847,0.055910930037498474,0.00020716858853120357,0.02667957916855812,0.018245790153741837,0.0001464726956328377,0.0008839614456519485,0.0009366993831865413
181,True,,0.0012761815451085567,0.07999472320079803,0.0004131588793825358,0.017721693962812424,0.007618247531354427,0.00014745125372428447,0.0013968764105811715,0.0009359663915355749
182,True,,0.0016613637562841177,0.09344223141670227,0.0006620999774895608,0.023977741599082947,0.011646470054984093,0.00014838474453426898,0.001346698496490717,0.0009352295053435514
183,True,,0.007088636048138142,0.15938299894332886,0.0013504322851076722,0.05702024698257446,0.03129095211625099,0.00014928675955161452,0.002228879602625966,0.0009344887320459199
184,True,,0.006574667990207672,0.09206952899694443,0.000506075331941247,0.060829922556877136,0.044034648686647415,0.00015017350960988551,0.0014962598215788603,0.0009337440791173519
185,True,,0.0023564486764371395,0.07594551146030426,0.00025164883118122816,0.022057125344872475,0.011601317673921585,0.0001511207374278456,0.000958594842813909,0.0009329955540716661
186,True,,0.0003939734015148133,0.06289410591125488,0.00015244421956595033,0.010745172388851643,0.003755379468202591,0.0001520887017250061,0.0012538110604509711,0.000932243164461752
187,True,,0.0032262287568300962,0.09904252737760544,0.0005292741116136312,0.03279382735490799,0.018603265285491943,0.00015304525732062757,0.0011753466678783298,0.000931486917879494
188,True,,0.0005379642825573683,0.02626844495534897,0.0005966559401713312,0.007612883113324642,0.0032532229088246822,0.000153968547238037,0.0014404761604964733,0.0009307268219556946
189,True,,0.00029970527975820005,0.03012033924460411,0.0006798605318181217,0.00621816935017705,0.0015451610088348389,0.00015485190670005977,0.0006236552144400775,0.0009299628843599979
190,True,,0.0016751079820096493,0.05605519562959671,0.00018047574849333614,0.019659951329231262,0.012016814202070236,0.00015567928494419903,0.000826031609904021,0.0009291951128008116
191,True,,0.005342565476894379,0.12648600339889526,0.00011763219663407654,0.059868887066841125,0.04164089262485504,0.00015649884880986065,0.0016256937524303794,0.0009284235150252294
192,True,,0.0008804918616078794,0.0500481054186821,0.000729101593606174,0.01368484552949667,0.006339766085147858,0.0001573479821672663,0.0009098465670831501,0.0009276480988189536
193,True,,0.001984640257433057,0.052146147936582565,0.0003720141830854118,0.021569209173321724,0.013624345883727074,0.00015813841309864074,0.0007927514961920679,0.0009268688720062144
194,True,,0.00030085310572758317,0.05508018285036087,0.0004366706998553127,0.009180177003145218,0.0024963761679828167,0.00015891810471657664,0.0007057616603560746,0.0009260858424496942
195,True,,0.001219184254296124,0.04648810252547264,9.514059638604522e-05,0.013142690062522888,0.007082818541675806,0.00015965350030455738,0.000739874376449734,0.000925299018050445
196,True,,0.002854041289538145,0.1327897608280182,0.00042664300417527556,0.029260708019137383,0.01227280031889677,0.00016035587759688497,0.0014495068462565541,0.0009245084067478113
197,True,,0.0008554838132113218,0.04310575872659683,0.0012293064501136541,0.013975831679999828,0.006349549163132906,0.00016102097288239747,0.001438530278392136,0.0009237140165193476
198,True,,0.0027431966736912727,0.047644928097724915,0.0005434080376289785,0.024489523842930794,0.015893401578068733,0.00016163346299435943,0.001222111750394106,0.0009229158553807403
199,True,,0.0023969211615622044,0.08034648001194,0.0014399890787899494,0.028216766193509102,0.014903596602380276,0.00016225002764258534,0.0015054503455758095,0.000922113931385725
200,True,,0.003027733415365219,0.07429899275302887,0.0006937945145182312,0.036425333470106125,0.024578485637903214,0.00016284616140183061,0.0009670786093920469,0.0009213082526260061
201,True,,0.0019292326178401709,0.0516732782125473,0.0001592636399436742,0.020558027550578117,0.01314130611717701,0.00016344375035259873,0.0007330335793085396,0.0009204988272311745
202,True,,0.0017242253525182605,0.0774834156036377,0.0005632109241560102,0.022877776995301247,0.01227714866399765,0.0001640465488890186,0.0010372765827924013,0.0009196856633686269
203,True,,0.0030570244416594505,0.08421981334686279,0.00041926090489141643,0.03325513377785683,0.02093595825135708,0.0001646238233661279,0.0009059520089067519,0.0009188687692434816
204,True,,0.0006296909996308386,0.042211271822452545,0.0006588735850527883,0.010781601071357727,0.004611383192241192,0.00016521236102562398,0.0007949356804601848,0.0009180481530984972
205,True,,0.001614339998923242,0.06445230543613434,0.0008371830335818231,0.01844881847500801,0.008713223040103912,0.00016576719644945115,0.0008864704286679626,0.0009172238232139884
206,True,,0.0023555352818220854,0.0692448616027832,0.0001360253372695297,0.02401747740805149,0.014463742263615131,0.0001662956055952236,0.0008145177271217108,0.0009163957879077435
207,True,,0.005261833779513836,0.09670285880565643,0.0004649594484362751,0.0439385250210762,0.02807481773197651,0.0001668270124355331,0.0014378102496266365,0.0009155640555349391
208,True,,0.0002631790121085942,0.020940233021974564,0.0013904133811593056,0.006547232624143362,0.0014075295766815543,0.0001673408260103315,0.0007921485812403262,0.0009147286344880569
209,True,,0.0030713267624378204,0.0812486931681633,0.0006427968037314713,0.03263355419039726,0.020150087773799896,0.00016779631550889462,0.001027967780828476,0.0009138895331967988
210,True,,0.003531526541337371,0.09682924300432205,0.000593283330090344,0.0387309230864048,0.024328220635652542,0.0001682377769611776,0.001112279947847128,0.0009130467601280015
211,True,,0.002165356883779168,0.11500498652458191,0.00020162260625511408,0.027988776564598083,0.01391798909753561,0.00016871443949639797,0.0022681630216538906,0.0009122003237855512
212,True,,0.003180837258696556,0.08199582993984222,0.000202790746698156,0.04146213456988335,0.02967444248497486,0.0001691789657343179,0.001051692059263587,0.0009113502327102983
213,True,,0.005898036062717438,0.14008459448814392,0.00040050747338682413,0.05979791656136513,0.03908871114253998,0.00016967704868875444,0.002332875970751047,0.00091049649547997
214,True,,0.001013773726299405,0.05731627345085144,0.0006296450737863779,0.016189299523830414,0.008182905614376068,0.00017030014714691788,0.000870739808306098,0.0009096391207090854
215,True,,0.0016305502504110336,0.03945052996277809,0.0010841035982593894,0.018058214336633682,0.010312693193554878,0.00017093835049308836,0.0019327930640429258,0.0009087781170488672
216,True,,0.002066519344225526,0.056594137102365494,0.00046633108286187053,0.021565072238445282,0.012904761359095573,0.00017153288354165852,0.0007394525455310941,0.0009079134931871548
217,True,,0.001086729345843196,0.09581800550222397,0.00022551881556864828,0.020853810012340546,0.009732522070407867,0.00017213534738402814,0.00214936095289886,0.0009070452578483172
218,True,,0.002941517159342766,0.06584048271179199,0.00013777594722341746,0.024025531485676765,0.014222687110304832,0.0001727377384668216,0.0012847516918554902,0.0009061734197931643
219,True,,0.0016267455648630857,0.06195179745554924,0.0005217379075475037,0.019445594400167465,0.01057845912873745,0.00017334338917862624,0.0009337204392068088,0.0009052979878188586
220,True,,0.005482894834131002,0.14864668250083923,0.0006035473197698593,0.07496144622564316,0.05340505391359329,0.00017393175221513957,0.0021344467531889677,0.0009044189707588267
221,True,,0.0004394692077767104,0.02657867781817913,0.0006581808556802571,0.007412558887153864,0.002997114323079586,0.00017457481590099633,0.0013434150023385882,0.0009035363774826697
222,True,,0.010180890560150146,0.1250947266817093,0.00017821161600295454,0.09521034359931946,0.07216180860996246,0.0001751838281052187,0.0016680030385032296,0.0009026502168960745
223,True,,0.006084637250751257,0.11651907116174698,0.00011377846385585144,0.05708395689725876,0.039118096232414246,0.00017591658979654312,0.001216221833601594,0.0009017604979407233
224,True,,0.00034714717185124755,0.022970955818891525,0.0007349862717092037,0.006400028709322214,0.002284046495333314,0.0001767395151546225,0.0006151951383799314,0.0009008672295942033
225,True,,0.0007790121017023921,0.04213562607765198,0.0003700958623085171,0.010366445407271385,0.004631903022527695,0.00017752153507899493,0.0008942066342569888,0.0008999704208699167
226,True,,0.0009042070596478879,0.041523005813360214,0.0004448620602488518,0.012440736405551434,0.006492721848189831,0.00017825880786404014,0.0011317513417452574,0.0008990700808169889
227,True,,0.004335364326834679,0.06439372897148132,9.319229866378009e-05,0.04110804572701454,0.030145136639475822,0.00017894935444928706,0.0016335179097950459,0.0008981662185201783
228,True,,0.0002048186433967203,0.05050963908433914,0.0004024940135423094,0.008006658405065536,0.001944091054610908,0.00017966282030101866,0.001189271453768015,0.0008972588430997836
229,True,,0.0027214661240577698,0.07304153591394424,0.001163074397481978,0.030170351266860962,0.017816778272390366,0.0001803352206479758,0.001121813547797501,0.0008963479637115523
230,True,,0.00037581264041364193,0.023161057382822037,0.0005284557701088488,0.005564042832702398,0.0018134030979126692,0.00018098914006259292,0.001007534796372056,0.0008954335895465884
231,True,,0.0059237368404865265,0.13431416451931,0.0012045761104673147,0.058444544672966,0.03667841851711273,0.00018162890046369284,0.0019957427866756916,0.000894515729831259
232,True,,0.003878179704770446,0.1456529200077057,0.0007012128480710089,0.04379207268357277,0.023944351822137833,0.00018228280532639474,0.0014044619165360928,0.0008935943938271022
233,True,,0.002062359359115362,0.05740606039762497,0.0001576046779518947,0.023839877918362617,0.01571987383067608,0.00018295657355338335,0.0010603400878608227,0.0008926695908307327
234,True,,0.0006872051162645221,0.07619928568601608,0.0005851055611856282,0.015509369783103466,0.00603018794208765,0.0001836324081523344,0.0015172328567132354,0.0008917413301737486
235,True,,0.000124808240798302,0.03233671188354492,0.00043399754213169217,0.005037582013756037,0.0008092648931778967,0.00018426455790176988,0.0010200574761256576,0.0008908096212226371
236,True,,0.0021804925054311752,0.07495547831058502,0.0006480056326836348,0.02146930806338787,0.010495404712855816,0.00018487860506866127,0.0010593854822218418,0.0008898744733786799
237,True,,0.0016014426946640015,0.059669315814971924,0.0008384256507270038,0.020138390362262726,0.01089131087064743,0.00018548069056123495,0.000973306130617857,0.0008889358960778582
238,True,,0.004710984881967306,0.09273169189691544,0.00013712893996853381,0.06043367460370064,0.046173401176929474,0.0001860583870438859,0.0018611224368214607,0.0008879938987907581
239,True,,0.0006807323079556227,0.027109134942293167,0.00045660321484319866,0.008624011650681496,0.004317293409258127,0.0001866239181254059,0.0006986482185311615,0.000887048491022474
240,True,,0.001438048668205738,0.059826675802469254,0.001375167048536241,0.020366165786981583,0.010193243622779846,0.00018717347120400518,0.0009950129315257072,0.0008860996823125137
241,True,,0.0025135688483715057,0.09096809476613998,0.000625699176453054,0.02954147569835186,0.016677821055054665,0.0001876696478575468,0.0010748079512268305,0.0008851474822347019
242,True,,0.005682181566953659,0.08344455063343048,0.0005914161447435617,0.04220787435770035,0.026996523141860962,0.00018817908130586147,0.001180871855467558,0.0008841919003970828
243,True,,0.00125877873506397,0.05413474515080452,0.00020903287804685533,0.017559288069605827,0.010467082262039185,0.00018871075008064508,0.0009248502901755273,0.0008832329464418245
244,True,,0.0129540441557765,0.15974774956703186,0.00020658838911913335,0.11249756067991257,0.08315367251634598,0.00018923239258583635,0.0018445176538079977,0.0008822706300451205
245,True,,0.005771279335021973,0.14686328172683716,0.00041771610267460346,0.059026509523391724,0.03773156926035881,0.00018989024101756513,0.0023742972407490015,0.0008813049609170927
246,True,,0.0010424371575936675,0.04397071897983551,0.0006183073855936527,0.013816321268677711,0.007138291373848915,0.00019055174198001623,0.0009351404733024538,0.0008803359488016932
247,True,,0.003251936286687851,0.09602702409029007,0.0008560060523450375,0.041707489639520645,0.027138929814100266,0.00019120839715469629,0.0017965389415621758,0.0008793636034766064
248,True,,0.0005766578833572567,0.04227958619594574,0.00048345266259275377,0.008387163281440735,0.0026137237437069416,0.00019186639110557735,0.0006476905546151102,0.0008783879347531496
249,True,,0.002409302396699786,0.07666537165641785,0.0002196886925958097,0.021556012332439423,0.011038871482014656,0.00019250392506364733,0.0008152920054271817,0.0008774089524761746
250,True,,0.00034882978070527315,0.0328512117266655,0.00015262809756677598,0.006108899600803852,0.0021677608601748943,0.00019316558609716594,0.000798701832536608,0.0008764266665239681
251,True,,0.0009838049300014973,0.035072676837444305,0.0005153054371476173,0.01182334590703249,0.006299723871052265,0.00019381522724870592,0.0009144005598500371,0.000875441086808152
252,True,,0.0022328197956085205,0.049990009516477585,0.0006128053646534681,0.022351888939738274,0.013892512768507004,0.0001944456744240597,0.0009435101528652012,0.0008744522232735835
253,True,,0.0023327225353568792,0.089472196996212,0.0006567980162799358,0.02654874511063099,0.01395325642079115,0.00019505893578752875,0.0014153876109048724,0.000873460085898255
254,True,,0.0018974223639816046,0.09341321140527725,0.00017802990623749793,0.01448278408497572,0.002886023838073015,0.00019564758986234665,0.0017635102849453688,0.0008724646846931928
255,True,,0.0036640120670199394,0.08166173100471497,0.0001286598708247766,0.03743147477507591,0.025342008098959923,0.0001962285750778392,0.0011795295868068933,0.0008714660297023563
256,True,,0.0018968058284372091,0.03934276103973389,0.000732719840016216,0.019687913358211517,0.01238942239433527,0.000196841501747258,0.0007776552229188383,0.0008704641310025375
257,True,,0.0018293007742613554,0.04398196563124657,0.00035042964736931026,0.01968352310359478,0.012753192335367203,0.00019742744916584343,0.0008708452805876732,0.0008694589987032578
258,True,,0.002508527599275112,0.08686145395040512,0.0004375440767034888,0.028486235067248344,0.016414493322372437,0.00019801456073764712,0.0010347532806918025,0.0008684506429466673
259,True,,0.005153945181518793,0.11122985929250717,7.722505688434467e-05,0.06703222543001175,0.05059885233640671,0.00019861770852003247,0.0018679947825148702,0.0008674390739074417
260,True,,0.010877779684960842,0.15549542009830475,0.00041933785541914403,0.07741580903530121,0.05014781653881073,0.0001993107725866139,0.0016897034365683794,0.0008664243017926798
261,True,,0.0027667179238051176,0.09953881055116653,0.0011544760782271624,0.038326699286699295,0.023295145481824875,0.00020009932632092386,0.0012969141826033592,0.0008654063368418011
262,True,,0.0009336794028058648,0.04328645020723343,0.0005280420882627368,0.013021372258663177,0.006700954400002956,0.00020091347687412053,0.0006975404685363173,0.0008643851893264413
263,True,,0.0004141776298638433,0.02514949068427086,0.0011096057714894414,0.007935010828077793,0.002784655662253499,0.00020170958305243403,0.0009306747815571725,0.0008633608695503499
264,True,,0.0028787734918296337,0.055715061724185944,0.0006561927148140967,0.025173183530569077,0.01540849357843399,0.00020245184714440256,0.0011297776363790035,0.0008623333878492853
265,True,,0.0019470410188660026,0.04243133217096329,0.0001714512036414817,0.01833307184278965,0.011797962710261345,0.00020318845054134727,0.0010107365669682622,0.000861302754590911
266,True,,0.0008569179917685688,0.048212144523859024,0.000570042640902102,0.012660047970712185,0.00583979208022356,0.00020388976554386318,0.0008661586325615644,0.0008602689801746912
267,True,,0.005759799387305975,0.09560658037662506,0.000420629046857357,0.039515938609838486,0.02335217595100403,0.00020455651974771172,0.00099483213853091,0.0008592320750317844
268,True,,0.0024193148128688335,0.07372903823852539,0.0006331644835881889,0.025544624775648117,0.014484023675322533,0.0002052452473435551,0.0014580170391127467,0.000858192049624941
269,True,,0.0019332146039232612,0.04873085394501686,0.000822214933577925,0.021516190841794014,0.013063402846455574,0.00020589979249052703,0.0007345713092945516,0.0008571489144483944
270,True,,0.0012333239428699017,0.04980825260281563,0.0001356649590888992,0.013390826992690563,0.0069032819010317326,0.00020654144464060664,0.0008847424178384244,0.0008561026800277575
271,True,,0.005970514379441738,0.11049171537160873,0.00048050240729935467,0.05369699373841286,0.03571423143148422,0.000207162243896164,0.0013933134032413363,0.0008550533569199158
272,True,,0.0010183728300035,0.04191027581691742,0.0013650014298036695,0.013959459960460663,0.006017978768795729,0.00020784177468158305,0.0006768634775653481,0.00085400095571292
273,True,,0.0019833275582641363,0.043138597160577774,0.0006296386127360165,0.01914909854531288,0.011590550653636456,0.00020845387189183384,0.0006295071798376739,0.000852945487025881
274,True,,0.01047735195606947,0.09533560276031494,0.0005923337303102016,0.08336704224348068,0.06216936931014061,0.00020904580014757812,0.0012285192497074604,0.0008518869615088611
275,True,,0.002672718372195959,0.04456751421093941,0.00020235461124684662,0.022260494530200958,0.014724219217896461,0.000209754376555793,0.0010749989887699485,0.0008508253898427668
276,True,,0.0022845889907330275,0.10505593568086624,0.00019690545741468668,0.02638336271047592,0.013197263702750206,0.0002104892919305712,0.0010653423378244042,0.000849760782739242
277,True,,0.0004059976199641824,0.034186068922281265,0.0004080858489032835,0.007248448207974434,0.0026055602356791496,0.0002111889043590054,0.0005738573963753879,0.0008486931509405589
278,True,,0.002456158399581909,0.08443944901227951,0.0006155912997201085,0.0335787832736969,0.02144537679851055,0.0002118448173860088,0.0010419769678264856,0.0008476225052195102
279,True,,0.004640934523195028,0.08028760552406311,0.0007669681217521429,0.04667726159095764,0.03247150778770447,0.00021249629207886755,0.0015643141232430935,0.0008465488563793
280,True,,0.0016375271370634437,0.07836034893989563,0.00046302558621391654,0.021784106269478798,0.011382359080016613,0.00021318734798114747,0.0009448032360523939,0.0008454722152534349
281,True,,0.0022443134803324938,0.06433513015508652,0.00021235665190033615,0.020721271634101868,0.011616593226790428,0.00021384905267041177,0.0007035065209493041,0.0008443925927056147
282,True,,0.0022904332727193832,0.05823429301381111,0.0001493981690146029,0.025531616061925888,0.017116811126470566,0.00021450546046253294,0.0007537644705735147,0.0008433099996296234
283,True,,0.0036521810106933117,0.08483471721410751,0.0005187448114156723,0.02833874337375164,0.015163449570536613,0.00021518841094803065,0.0012801786651834846,0.0008422244469492182
284,True,,0.0016635467763990164,0.05232108011841774,0.0006054463447071612,0.01953863352537155,0.011429927311837673,0.00021591859695035964,0.0008342902292497456,0.0008411359456180196
285,True,,0.007479557301849127,0.10775429010391235,0.0006026296759955585,0.08874427527189255,0.06928186118602753,0.0002166403573937714,0.001865669502876699,0.0008400445066194015
286,True,,0.005983629729598761,0.11705967783927917,0.00017276612925343215,0.06353762745857239,0.04550032317638397,0.00021749756706412882,0.001376068452373147,0.0008389501409663797
287,True,,0.012257419526576996,0.13838306069374084,0.00010245270823361352,0.09081080555915833,0.06450799107551575,0.00021843273134436458,0.001740261446684599,0.000837852859701501
288,True,,0.000972372479736805,0.05134880542755127,0.00072340143378824,0.015356659889221191,0.007800408639013767,0.00021953578107059002,0.0006567051168531179,0.0008367526738967321
289,True,,0.0013128797290846705,0.052370280027389526,0.00034720709663815796,0.01687755063176155,0.009631023742258549,0.00022061055642552674,0.0007547243149019778,0.0008356495946533472
290,True,,0.0005613993271254003,0.03537609428167343,0.00043306784937158227,0.009072745218873024,0.004105384461581707,0.00022165004338603467,0.0006610685959458351,0.0008345436331018164
291,True,,0.005825012922286987,0.0929475724697113,7.886494131525978e-05,0.05981970578432083,0.04453997686505318,0.00022263231221586466,0.0012835117522627115,0.0008334348004016934
292,True,,0.0003910718369297683,0.05423584207892418,0.00039647938683629036,0.010313823819160461,0.0037039718590676785,0.00022369044017978013,0.0007174559868872166,0.0008323231077415027
293,True,,0.0019763950258493423,0.053725216537714005,0.0011130186030641198,0.02435043826699257,0.014773236587643623,0.00022468299721367657,0.0007976637571118772,0.0008312085663386273
294,True,,0.0007978565408848226,0.037014175206422806,0.0005139655550010502,0.011492005549371243,0.005962544120848179,0.00022562900267075747,0.001187340123578906,0.0008300911874391944
295,True,,0.005785529967397451,0.1296529322862625,0.0010998136131092906,0.05032888427376747,0.029376167804002762,0.0002265281364088878,0.0014418894425034523,0.0008289709823179631
296,True,,0.005389546509832144,0.0977410301566124,0.0006621150532737374,0.04158630967140198,0.025096159428358078,0.00022742198780179024,0.0011810156283900142,0.0008278479622782095
297,True,,0.002141594886779785,0.10112518817186356,0.0001472442818339914,0.026167824864387512,0.013616938143968582,0.0002283085632370785,0.0014671480748802423,0.0008267221386516142
298,True,,0.0020840084180235863,0.06860540807247162,0.0005530817434191704,0.019746623933315277,0.009693621657788754,0.00022917709429748356,0.0007830783142708242,0.0008255935227981461
299,True,,0.002128987107425928,0.05851387232542038,0.0004135225317440927,0.02031070925295353,0.011500988155603409,0.0002300311898579821,0.0007495320169255137,0.0008244621261059489
300,True,,0.003278487827628851,0.058908119797706604,0.0006407309556379914,0.03447304666042328,0.02401997707784176,0.00023085589054971933,0.0012714141048491001,0.0008233279599912264
301,True,,0.00034219783265143633,0.029355304315686226,0.0008125759777612984,0.007082455325871706,0.0021772580221295357,0.00023171151406131685,0.0008572632796131074,0.0008221910358981265
302,True,,0.0009778887033462524,0.05430910736322403,0.00013810071686748415,0.012878001667559147,0.006190675310790539,0.00023251064703799784,0.000681167293805629,0.0008210513652986261
303,True,,0.0013992798049002886,0.054296381771564484,0.00046347384341061115,0.01764690689742565,0.009888708591461182,0.0002332737494725734,0.0009459277498535812,0.0008199089596924155
304,True,,0.0018926379270851612,0.05314594507217407,0.0013392881955951452,0.023228099569678307,0.013339951634407043,0.0002339899365324527,0.0008183395257219672,0.000818763830606782
305,True,,0.0030236903112381697,0.07622974365949631,0.0006027297349646688,0.031431686133146286,0.01957721635699272,0.00023466104175895452,0.0010149653535336256,0.0008176159895964942
306,True,,0.0026866807602345943,0.06535130739212036,0.0005671386024914682,0.0223307553678751,0.011972314678132534,0.00023533115745522082,0.0010102017549797893,0.0008164654482436844
307,True,,0.0021032325457781553,0.09830038994550705,0.00019163632532581687,0.025710662826895714,0.013391757383942604,0.00023599791165906936,0.0015709169674664736,0.0008153122181577332
308,True,,0.002283023204654455,0.0593000128865242,0.00019435156718827784,0.02034311555325985,0.01173902116715908,0.0002366773405810818,0.0007333963294513524,0.0008141563109751504
309,True,,0.0023532467894256115,0.04891393333673477,0.0003807735920418054,0.025742126628756523,0.017733566462993622,0.0002373652096139267,0.0008505540899932384,0.0008129977383594594
310,True,,0.00044692232040688396,0.02406003326177597,0.000614555727224797,0.006696776486933231,0.0026123588904738426,0.0002380421938141808,0.0006576273590326309,0.0008118365120010789
311,True,,0.007428871002048254,0.10018336772918701,0.0006590031553059816,0.05643248185515404,0.037664879113435745,0.0002386716369073838,0.0014192904345691204,0.0008106726436172043
312,True,,0.0017399608623236418,0.10345928370952606,0.00046360949636437,0.02354712225496769,0.010531619191169739,0.00023933291959110647,0.0009356168447993696,0.0008095061449516903
313,True,,0.0013817418366670609,0.04171024262905121,0.00021696439944207668,0.01488008163869381,0.008890986442565918,0.000239980683545582,0.0007409747340716422,0.0008083370277749321
314,True,,0.0006165419472381473,0.04149584844708443,0.0001407128293067217,0.008042038418352604,0.002992079360410571,0.00024062342708930373,0.0007932689622975886,0.0008071653038837466
315,True,,0.0024867821484804153,0.06040215119719505,0.0004888028488494456,0.01850094087421894,0.008993924595415592,0.00024124683113768697,0.0007316925330087543,0.0008059909851012533
316,True,,0.0022598677314817905,0.07745429128408432,0.0005887907464057207,0.03202484920620918,0.020839553326368332,0.0002418312506051734,0.0014610887737944722,0.0008048140832767554
317,True,,0.0009118987945839763,0.045362185686826706,0.0005721865454688668,0.013777180574834347,0.0071822647005319595,0.00024248103727586567,0.0005563570302911103,0.0008036346102856196
318,True,,0.0007504692766815424,0.040204718708992004,0.00017579713312443346,0.010423995554447174,0.0052990298718214035,0.00024310553271789104,0.0005839657387696207,0.0008024525780291565
319,True,,0.003404405899345875,0.06918740272521973,0.00010318472777726129,0.032743845134973526,0.022211892530322075,0.0002436911454424262,0.0009963361080735922,0.0008012679984345011
320,True,,0.0007956073386594653,0.03589946776628494,0.0006839527632109821,0.013754717074334621,0.00799881387501955,0.0002443036064505577,0.0012427996844053268,0.0008000808834544917
321,True,,0.0010316583793610334,0.09780384600162506,0.00034160271752625704,0.014203280210494995,0.0027055833488702774,0.00024489001953043044,0.0018059348221868277,0.0007988912450675493
322,True,,0.0016953672748059034,0.06547098606824875,0.0004342207685112953,0.02107618935406208,0.01196283008903265,0.00024537710123695433,0.0009485529153607786,0.0007976990952775577
323,True,,0.0027137293945997953,0.0657629743218422,7.528159767389297e-05,0.02667115069925785,0.017228102311491966,0.00024587559164501727,0.0009232222218997777,0.0007965044461137406
324,True,,0.004499642178416252,0.10174049437046051,0.0003742551489267498,0.04631994292140007,0.030895277857780457,0.00024642515927553177,0.001242922735400498,0.0007953073096305423
325,True,,0.0018588317325338721,0.03756988048553467,0.001107985619455576,0.01968233846127987,0.011848077178001404,0.0002470400359015912,0.0009043717291206121,0.000794107697907505
326,True,,0.002242536284029484,0.04106280580163002,0.00048350580618716776,0.020228587090969086,0.012910283170640469,0.0002476359950378537,0.0007063882076181471,0.0007929056230491457
327,True,,0.0006997921736910939,0.02950102463364601,0.0010475744493305683,0.010898899286985397,0.00515137379989028,0.00024822878185659647,0.0005791481817141175,0.0007917010971848371
328,True,,0.0005042040138505399,0.040145307779312134,0.0006134664290584624,0.008252802304923534,0.0025046472437679768,0.00024878402473405004,0.0007568051805719733,0.0007904941324686822
329,True,,0.0007742884336039424,0.028160514310002327,0.00014241691678762436,0.007424387615174055,0.003546721301972866,0.0002492910425644368,0.0006402916042134166,0.0007892847410793935
330,True,,0.00029772042762488127,0.02086232602596283,0.0005417291540652514,0.004968221299350262,0.0014983119908720255,0.0002497848472557962,0.0005757725448347628,0.0007880729352201691
331,True,,0.0008328470285050571,0.046805717051029205,0.00040455968701280653,0.012317393906414509,0.005992353893816471,0.00025024256319738925,0.0007591373287141323,0.0007868587271185705
332,True,,0.0006214817403815687,0.036793310195207596,0.0005987402400933206,0.009777632541954517,0.004276832100003958,0.0002506802265997976,0.0005948469042778015,0.0007856421290263982
333,True,,0.003610823769122362,0.1261962354183197,0.0007802275940775871,0.03551624342799187,0.017722830176353455,0.00025110039860010147,0.0014390150317922235,0.0007844231532195686
334,True,,0.005246348679065704,0.13496261835098267,0.00012623021029867232,0.07090263068675995,0.05190504342317581,0.0002515277883503586,0.002003208501264453,0.0007832018119979906
335,True,,0.0007201511180028319,0.03814245015382767,0.0004539272340480238,0.01075491402298212,0.005310141481459141,0.00025208882289007306,0.0015413553919643164,0.0007819781176854406
336,True,,0.00112754141446203,0.03555864468216896,0.0012776505900546908,0.014785961247980595,0.007544727995991707,0.000252617261139676,0.0007467661635018885,0.0007807520826294385
337,True,,0.0034915078431367874,0.08513309061527252,0.0005837991484440863,0.03685138374567032,0.023676440119743347,0.00025310739874839783,0.0009942352771759033,0.0007795237192011232
338,True,,0.006517044268548489,0.14183175563812256,0.0005648762453347445,0.06352005898952484,0.041687555611133575,0.00025365184410475194,0.0013423205818980932,0.0007782930397951278
339,True,,0.0005260004545561969,0.029868513345718384,0.00018444341549184173,0.0058389524929225445,0.0019546709954738617,0.00025430190726183355,0.0006974092102609575,0.0007770600568294547
340,True,,0.003890175372362137,0.12926174700260162,0.00019601054373197258,0.04062113165855408,0.023410210385918617,0.0002549259806983173,0.001323882257565856,0.0007758247827453495
341,True,,0.001989114098250866,0.036697208881378174,0.0003813246439676732,0.01769394800066948,0.011269908398389816,0.00025562834343872964,0.0006665969849564135,0.0007745872300071765
342,True,,0.0008663133485242724,0.036684799939394,0.0005893701454624534,0.011455440893769264,0.005739343818277121,0.00025632267352193594,0.0008704258943907917,0.000773347411102292
343,True,,0.01634261943399906,0.1761244684457779,0.0006403535953722894,0.12231578677892685,0.08707743883132935,0.0002569880452938378,0.0024638099130243063,0.0007721053385409194
344,True,,0.0023376639001071453,0.06962122768163681,0.0004568803415168077,0.02794070541858673,0.01772458106279373,0.0002578127896413207,0.0008421290549449623,0.0007708610248560214
345,True,,0.0019486885285004973,0.03992669656872749,0.00020566915918607265,0.02010478638112545,0.013749501667916775,0.000258647691225633,0.0009101525647565722,0.0007696144826031754
346,True,,0.0028814063407480717,0.11648707836866379,0.00014051642210688442,0.02659245766699314,0.011778715997934341,0.0002594884135760367,0.0013843656051903963,0.0007683657243604453
347,True,,0.0004802914336323738,0.06234080344438553,0.000509121804498136,0.011623910628259182,0.003888691309839487,0.00026029773289337754,0.0016968926647678018,0.0007671147627282551
348,True,,0.0027560321614146233,0.06397457420825958,0.0006119372555986047,0.030596861615777016,0.020216889679431915,0.00026104424614459276,0.0009093171101994812,0.0007658616103292621
349,True,,0.0023989693727344275,0.07597537338733673,0.0005825211992487311,0.024828795343637466,0.013664629310369492,0.0002617829595692456,0.0010330511722713709,0.0007646062798082292
350,True,,0.0008713058196008205,0.06198330596089363,0.00017036517965607345,0.013476268388330936,0.006063276436179876,0.00026250845985487103,0.0009730660822242498,0.0007633487838318971
351,True,,0.002342390362173319,0.07256629317998886,0.0001036214962368831,0.020339716225862503,0.010530821979045868,0.00026324368081986904,0.0008803453529253602,0.000762089135088857
352,True,,0.0011932485504075885,0.05825292691588402,0.0007133582257665694,0.013589633628726006,0.005141735076904297,0.0002639886224642396,0.0009722409304231405,0.0007608273462894219
353,True,,0.0008021240937523544,0.043404147028923035,0.0003414466918911785,0.009637435898184776,0.0038093565963208675,0.0002647058281581849,0.0007390077807940543,0.0007595634301654991
354,True,,0.0016096853651106358,0.06085444986820221,0.0004373028932604939,0.017038239166140556,0.008465848863124847,0.0002653791452758014,0.0009132093982771039,0.0007582973994704615
355,True,,0.0022594397887587547,0.06836923211812973,8.084080764092505e-05,0.020153513178229332,0.010892808437347412,0.0002660281606949866,0.0007870455738157034,0.0007570292669790185
356,True,,0.002833722857758403,0.05588020756840706,0.00041030696593225,0.025541966781020164,0.01629694178700447,0.0002666829386726022,0.002193667460232973,0.0007557590454870875
357,True,,0.005147536285221577,0.09719757735729218,0.0011254738783463836,0.04999915510416031,0.032878242433071136,0.0002672700211405754,0.0013823476620018482,0.0007544867478116642
358,True,,0.004230906721204519,0.05126986652612686,0.0005277791642583907,0.040933139622211456,0.030517008155584335,0.0002679013414308429,0.0011372880544513464,0.0007532123867906948
359,True,,0.0059588453732430935,0.10778674483299255,0.0010521265212446451,0.05640726909041405,0.03756280988454819,0.0002685620856937021,0.0011993516236543655,0.0007519359752829447
360,True,,0.0011055688373744488,0.04889233037829399,0.0006435282411985099,0.014893727377057076,0.007609175518155098,0.0002693019632715732,0.0008173342794179916,0.0007506575261678693
361,True,,0.0031995780300348997,0.08577120304107666,0.00015064793115016073,0.029952209442853928,0.017871513962745667,0.00027000915724784136,0.0009900887962430716,0.0007493770523454846
362,True,,0.008805448189377785,0.07779204845428467,0.0005669965757988393,0.06928867846727371,0.05156732723116875,0.00027072153170593083,0.0016559313517063856,0.0007480945667362361
363,True,,0.0010231934720650315,0.03579246252775192,0.00041058429633267224,0.012811724096536636,0.007385399658232927,0.00027156085707247257,0.0005880623357370496,0.0007468100822808701
364,True,,0.0026053311303257942,0.05540216341614723,0.0006127567030489445,0.02518540993332863,0.015811625868082047,0.00027237352333031595,0.001194152282550931,0.0007455236119403006
365,True,,0.001287438441067934,0.05021873116493225,0.0008043010602705181,0.021365927532315254,0.013445282354950905,0.00027319544460624456,0.0008480806136503816,0.0007442351686954809
366,True,,0.0029262525495141745,0.07136581838130951,0.00013349708751775324,0.02704324759542942,0.016710679978132248,0.0002739722258411348,0.0008136112592183053,0.0007429447655472709
367,True,,0.0036704950034618378,0.06678605079650879,0.000483535579405725,0.03468139097094536,0.023362470790743828,0.00027474912349134684,0.0010926388204097748,0.0007416524155163072
368,True,,0.001370238489471376,0.03452283516526222,0.0013505583629012108,0.014893274754285812,0.007366880774497986,0.0002755231980700046,0.0009430390782654285,0.000740358131642871
369,True,,0.004216684959828854,0.056617408990859985,0.0006094247219152749,0.0388047993183136,0.027704762294888496,0.00027622803463600576,0.0011817001504823565,0.0007390619269867565
370,True,,0.0007739199209026992,0.03949717432260513,0.0005963810253888369,0.010233335196971893,0.0043141660280525684,0.00027697632322087884,0.0009472004021517932,0.0007377638146271393
371,True,,0.005383365787565708,0.06259691715240479,0.00020320084877312183,0.050702013075351715,0.0386497788131237,0.0002776647452265024,0.001182871637865901,0.0007364638076624448
372,True,,0.001757459482178092,0.035566482692956924,0.00019935851742047817,0.013690758496522903,0.007975149899721146,0.000278402614640072,0.0008785221725702286,0.0007351619192102151
373,True,,0.0026270425878465176,0.0822778269648552,0.00040250690653920174,0.02848842553794384,0.01682579517364502,0.0002791333245113492,0.0009687396232038736,0.0007338581624069778
374,True,,0.001090295147150755,0.04960709810256958,0.000588848371990025,0.01593923568725586,0.008707737550139427,0.00027984296320937574,0.0009506014175713062,0.000732552550408112
375,True,,0.007200487889349461,0.1377089023590088,0.000753229483962059,0.05287894979119301,0.030398309230804443,0.0002805230033118278,0.002105975989252329,0.0007312450963877174
376,True,,0.0009211901924572885,0.05662209540605545,0.00047028722474351525,0.012471658177673817,0.004944871179759502,0.0002812213497236371,0.0010122237727046013,0.0007299358135384798
377,True,,0.0006401735008694232,0.06461627781391144,0.0002111290377797559,0.01333545334637165,0.005808575078845024,0.0002818727807607502,0.0010060641216114163,0.0007286247150715385
378,True,,0.001548535074107349,0.05895758792757988,0.00015200904454104602,0.01784180849790573,0.010090670548379421,0.0002825124829541892,0.0008703432395122945,0.0007273118142163532
379,True,,0.0007512192241847515,0.057568345218896866,0.0005279185716062784,0.01337539404630661,0.005808671470731497,0.00028314333758316934,0.0009056926355697215,0.0007259971242205702
380,True,,0.002157999202609062,0.043771445751190186,0.0005794588942080736,0.021731538698077202,0.014034640043973923,0.00028371793450787663,0.0009624899248592556,0.0007246806583498893
381,True,,0.000998940784484148,0.03903942182660103,0.0005866079009138048,0.012842090800404549,0.006763149052858353,0.000284283742075786,0.0009244518005289137,0.0007233624298879289
382,True,,0.009905011393129826,0.11319315433502197,0.00016908562975004315,0.08929789066314697,0.0677325502038002,0.00028481896151788533,0.0015394502552226186,0.0007220424521360932
383,True,,0.00036585982888936996,0.019388563930988312,0.00010353026300435886,0.004248728509992361,0.0017340963240712881,0.00028552612639032304,0.000562776462174952,0.0007207207384134366
384,True,,0.0014088328462094069,0.05024580657482147,0.0006692104507237673,0.015767067670822144,0.007992370054125786,0.0002861964167095721,0.0007741721346974373,0.0007193973020565312
385,True,,0.0011651968816295266,0.03256694972515106,0.00034242423134855926,0.010658547282218933,0.00554893771186471,0.0002868278243113309,0.0011187274940311909,0.00071807215641933
386,True,,0.0010319661814719439,0.03057788871228695,0.0004313093377277255,0.011924498714506626,0.006969250738620758,0.0002874277124647051,0.0006239284994080663,0.0007167453148730339
387,True,,0.010993441566824913,0.09893101453781128,7.864863437134773e-05,0.08264236897230148,0.06159564480185509,0.000288002920569852,0.0020248235668987036,0.0007154167908059558
388,True,,0.0009562016348354518,0.033196236938238144,0.0003678138309624046,0.011108899489045143,0.006094559095799923,0.0002886844740714878,0.0006235262262634933,0.0007140865976233863
389,True,,0.003710065968334675,0.06203431636095047,0.0011922369012609124,0.03622756153345108,0.023926695808768272,0.0002893538912758231,0.0015869925264269114,0.0007127547487474572
390,True,,0.0021667759865522385,0.0465007983148098,0.00048595061525702477,0.02081049047410488,0.013018833473324776,0.00029000971699133515,0.0007914713933132589,0.0007114212576170078
391,True,,0.0013040781486779451,0.04336779564619064,0.0010360251180827618,0.016683587804436684,0.008967772126197815,0.0002906670270022005,0.0007926169200800359,0.0007100861376874476
392,True,,0.005120229907333851,0.08498623222112656,0.0006258240900933743,0.040599994361400604,0.025726579129695892,0.00029128609457984567,0.0012900556903332472,0.0007087494024306217
393,True,,0.0035280208103358746,0.0748339295387268,0.00014678738079965115,0.03529111295938492,0.023983202874660492,0.00029192111105658114,0.0010635366197675467,0.0007074110653346741
394,True,,0.0017591363284736872,0.08286796510219574,0.0005479163955897093,0.023255519568920135,0.01211082749068737,0.00029260673909448087,0.0008604979957453907,0.0007060711399039124
395,True,,0.001461101695895195,0.04960697144269943,0.0004139663651585579,0.015606732107698917,0.0083540678024292,0.00029327187803573906,0.0008641488966532052,0.0007047296396586705
396,True,,0.009933692403137684,0.11585315316915512,0.0006217826739884913,0.10479781031608582,0.08203230053186417,0.00029390465351752937,0.00168143049813807,0.0007033865781351733
397,True,,0.0008691515540704131,0.04444688931107521,0.0007960781222209334,0.01237573940306902,0.005466795526444912,0.00029466196428984404,0.0010027452372014523,0.0007020419688853991
398,True,,0.0007181864930316806,0.029046300798654556,0.00012978611630387604,0.005717024672776461,0.0018316823989152908,0.00029536429792642593,0.0009236327605322003,0.0007006958254769437
399,True,,0.0023867865093052387,0.04815756529569626,0.00047385014477185905,0.02200639806687832,0.013853194192051888,0.000296016747597605,0.0007921088254079223,0.000699348161492883
400,True,,0.00024699800997041166,0.01940927840769291,0.0012882569571956992,0.0061298334039747715,0.0013624270213767886,0.00029665816691704094,0.0007180499378591776,0.0006979989905316358
401,True,,0.009009143337607384,0.09663629531860352,0.0005968285258859396,0.08774086087942123,0.06787145882844925,0.0002972270885948092,0.0015610120026394725,0.0006966483262068273
402,True,,0.0024268128909170628,0.04301255941390991,0.0005672494880855083,0.020430579781532288,0.01256503351032734,0.0002978994161821902,0.0007313182577490807,0.0006952961821471509
403,True,,0.0019370615482330322,0.08437567949295044,0.00018756621284410357,0.025802025571465492,0.015049278736114502,0.0002985625178553164,0.0011766118695959449,0.0006939425719962311
404,True,,0.00013514590682461858,0.029506897553801537,0.00019363245519343764,0.004236370790749788,0.0007602780824527144,0.0002992216614075005,0.0015427463222295046,0.0006925875094124861
405,True,,0.0033915010280907154,0.05403627082705498,0.00037679943488910794,0.025846946984529495,0.01629522070288658,0.00029985723085701466,0.0013214073842391372,0.0006912310080689893
406,True,,0.0002924436121247709,0.028082113713026047,0.00059261464048177,0.005733740981668234,0.001444852096028626,0.0003004941681865603,0.0005379198119044304,0.0006898730816533319
407,True,,0.0018160047475248575,0.06650648266077042,0.0010530545841902494,0.01952202245593071,0.008946250192821026,0.00030108471401035786,0.0023467489518225193,0.000688513743867485
408,True,,0.008063382469117641,0.16842451691627502,0.0004610713804140687,0.08276490867137909,0.05693391337990761,0.0003016052069142461,0.0015680678188800812,0.0006871530084276599
409,True,,0.006685195025056601,0.08713962137699127,0.00020371614664327353,0.06521110236644745,0.04940148442983627,0.000302221771562472,0.0014070364413782954,0.0006857908890641716
410,True,,0.0021646383684128523,0.07399099320173264,0.00014249663217924535,0.021948035806417465,0.012096275575459003,0.0003029271319974214,0.0012023068265989423,0.0006844273995212991
411,True,,0.0006564859650097787,0.02464389055967331,0.0005022280383855104,0.008254628628492355,0.004126260988414288,0.0003036211128346622,0.0005039938259869814,0.0006830625535571472
412,True,,0.005526117980480194,0.06558940559625626,0.0005831411690451205,0.05459916219115257,0.0413447767496109,0.0003042731259483844,0.0011463160626590252,0.0006816963649435071
413,True,,0.0025833414401859045,0.05296466872096062,0.0005779748316854239,0.025871451944112778,0.016832644119858742,0.0003049923980142921,0.0007920973584987223,0.0006803288474657184
414,True,,0.0018763489788398147,0.03142209351062775,0.0001818917371565476,0.016345737501978874,0.01096033863723278,0.0003057015419472009,0.0008112535579130054,0.0006789600149225288
415,True,,0.0004454920708667487,0.03753552585840225,0.0001187375673907809,0.0074183023534715176,0.002978718373924494,0.0003063926997128874,0.0007420586189255118,0.0006775898811259557
416,True,,0.000628005713224411,0.024109862744808197,0.0006769492174498737,0.00781723391264677,0.003421273548156023,0.00030703621450811625,0.0005487820017151535,0.0006762184599011468
417,True,,0.012666985392570496,0.14244642853736877,0.00034486554795876145,0.10688633471727371,0.07928189635276794,0.00030763144604861736,0.001560351112857461,0.0006748457650862404
418,True,,0.00031724918517284095,0.030133619904518127,0.0004307331400923431,0.006379180587828159,0.0021840189583599567,0.0003084232157561928,0.0008498311508446932,0.0006734718105322256
419,True,,0.002130534965544939,0.11892107874155045,7.76479282649234e-05,0.027511179447174072,0.013330148532986641,0.0003091456019319594,0.001396628562361002,0.0006720966101028027
420,True,,0.0005591451190412045,0.03078855201601982,0.0004038962651975453,0.00804620049893856,0.0035973088815808296,0.0003098352171946317,0.0007080407813191414,0.0006707201776742437
421,True,,0.0006357207894325256,0.041360653936862946,0.001203257474116981,0.011349021457135677,0.004167615436017513,0.00031048263190314174,0.0013540682848542929,0.0006693425271352513
422,True,,0.0018756024073809385,0.05854061618447304,0.0005080398987047374,0.022467751055955887,0.013718896545469761,0.0003110514080617577,0.0008015981293283403,0.0006679636723868201
423,True,,0.003062976524233818,0.06108901649713516,0.0010215268703177571,0.033792756497859955,0.022574709728360176,0.00031161055085249245,0.0008992456714622676,0.0006665836273420952
424,True,,0.0009122780757024884,0.040270786732435226,0.0006179834017530084,0.010642130859196186,0.004463685676455498,0.0003121662593912333,0.0006892922101542354,0.0006652024059262319
425,True,,0.005335002206265926,0.11592504382133484,0.00014051144535187632,0.05679869279265404,0.03958703577518463,0.0003126777883153409,0.0014213924296200275,0.0006638200220762563
426,True,,0.0005889740423299372,0.0443868450820446,0.0005390544538386166,0.009259714744985104,0.003150814911350608,0.00031321009737439454,0.0008365530520677567,0.0006624364897409235
427,True,,0.001888424507342279,0.04759102314710617,0.00040616982732899487,0.01995246857404709,0.01248946413397789,0.0003137063467875123,0.0006611529970541596,0.0006610518228805769
428,True,,0.00014231124077923596,0.013247050344944,0.0005749930860474706,0.002978611970320344,0.0003584673395380378,0.00031419360311701894,0.0007105835247784853,0.0006596660354670082
429,True,,0.009609291329979897,0.15567080676555634,0.0007936484180390835,0.08498142659664154,0.05821461230516434,0.00031463263439945877,0.001756447134539485,0.0006582791414833155
430,True,,0.005717947613447905,0.12098293751478195,0.00012835876259487122,0.05537157505750656,0.03729546442627907,0.0003151847922708839,0.0016343730967491865,0.0006568911549237627
431,True,,0.0003013305540662259,0.021903563290834427,0.0004696614923886955,0.004858580883592367,0.0014244127087295055,0.00031580610084347427,0.0006461499724537134,0.0006555020897936386
432,True,,0.0005928230821155012,0.014895185828208923,0.0012896684929728508,0.0073453220538794994,0.0026804800145328045,0.00031638576183468103,0.0006723637343384326,0.0006541119601091147
433,True,,0.0013010650873184204,0.044347625225782394,0.0005800466169603169,0.01868956722319126,0.01179047767072916,0.0003169097180943936,0.0009535193676128983,0.000652720779897104
434,True,,0.009749076329171658,0.1201116070151329,0.0005740378401242197,0.09745796024799347,0.07454647868871689,0.00031741661950945854,0.0018396873492747545,0.0006513285631951204
435,True,,0.0015639777993783355,0.03464288264513016,0.00020948784367647022,0.015122316777706146,0.009671894833445549,0.0003180295752827078,0.0007302339654415846,0.000649935324051136
436,True,,0.0007766459602862597,0.020058104768395424,0.0001873335859272629,0.007631601300090551,0.004471290856599808,0.00031864404445514083,0.0006035731639713049,0.0006485410765234395
437,True,,0.0005109473713673651,0.03166966885328293,0.00038570555625483394,0.0077798194251954556,0.0033273017033934593,0.00031925278017297387,0.0006886001792736351,0.000647145834680495
438,True,,0.0014373527374118567,0.0722387284040451,0.0005904590361751616,0.024800937622785568,0.014955596067011356,0.00031982306973077357,0.0008463702397421002,0.0006457496126007992
439,True,,0.0008069531759247184,0.032674726098775864,0.001258264179341495,0.011246566660702229,0.004652408882975578,0.0003203772066626698,0.0027424104046076536,0.0006443524243727402
440,True,,0.0012643844820559025,0.03728218004107475,0.00046333656064234674,0.0150595186278224,0.00913703441619873,0.0003208700509276241,0.0005677353474311531,0.0006429542840944545
441,True,,0.001363761955872178,0.03937527909874916,0.00020030104496981949,0.014558844268321991,0.008853738196194172,0.0003213656600564718,0.0008319577318616211,0.0006415552058736853
442,True,,0.003528537228703499,0.0721246525645256,0.00014182820450514555,0.03218569606542587,0.021157819777727127,0.0003218387719243765,0.0008473722846247256,0.0006401552038276397
443,True,,0.003922334406524897,0.06771817058324814,0.0005232161493040621,0.03560459613800049,0.023860789835453033,0.00032230623764917254,0.0011073584901168942,0.0006387542920828471
444,True,,0.0014573696535080671,0.030793508514761925,0.000565355469007045,0.011805091984570026,0.00613443274050951,0.00032280036248266697,0.0020355922169983387,0.0006373524847750154
445,True,,0.00021348134032450616,0.027426600456237793,0.0006014829850755632,0.005625225603580475,0.0014628858771175146,0.0003232402668800205,0.0007179761887528002,0.0006359497960488896
446,True,,0.0020373687148094177,0.05573689565062523,0.0001703571033431217,0.018562335520982742,0.010607324540615082,0.0003236592165194452,0.000686541898176074,0.0006345462400581084
447,True,,0.001857349881902337,0.04519803449511528,0.0001056880209944211,0.0156820360571146,0.009090266190469265,0.00032408785773441195,0.0010627183364704251,0.0006331418309650613
448,True,,0.0006018988788127899,0.03541051596403122,0.000661881233099848,0.009875421412289143,0.004405464045703411,0.0003245190891902894,0.0005278625758364797,0.0006317365829407464
449,True,,0.001079178531654179,0.0367509201169014,0.00035311427200213075,0.01164750661700964,0.00618375837802887,0.0003249245055485517,0.0008207407081499696,0.0006303305101646263
450,True,,0.0029961559921503067,0.05865144729614258,0.0004350940289441496,0.028986094519495964,0.019251350313425064,0.00032532430486753583,0.0009447888005524874,0.000628923626824486
451,True,,0.0007713012746535242,0.058087874203920364,8.245011122198775e-05,0.011778315529227257,0.005030069034546614,0.0003257438074797392,0.0007650722400285304,0.0006275159471162892
452,True,,0.017955616116523743,0.14965087175369263,0.00036714706220664084,0.2074529081583023,0.17379464209079742,0.0003261638921685517,0.0026804187800735235,0.0006261074852440356
453,True,,0.00453407084569335,0.08255445212125778,0.0013219802640378475,0.05899997055530548,0.043563228100538254,0.00032683133031241596,0.002474237000569701,0.0006246982554196168
454,True,,0.0010670725023373961,0.08398550748825073,0.000478431727970019,0.019641265273094177,0.009215505793690681,0.00032752679544501007,0.0017050481401383877,0.0006232882718626737
455,True,,0.0004991932073608041,0.028824089094996452,0.0009979306487366557,0.007467284798622131,0.0020865395199507475,0.00032820628257468343,0.0007918409537523985,0.0006218775488004521
456,True,,0.0030048955231904984,0.0668666735291481,0.0006054601399227977,0.03473716601729393,0.02383139170706272,0.0003288505831733346,0.0009938438888639212,0.0006204661004676605
457,True,,0.0012789388420060277,0.06151965633034706,0.00014181327424012125,0.015824487432837486,0.008106661960482597,0.00032950384775176644,0.001331546576693654,0.0006190539411063246
458,True,,0.0032771844416856766,0.08651702851057053,0.0005173790268599987,0.03984028100967407,0.026873335242271423,0.0003301308024674654,0.0015359041281044483,0.0006176410849656459
459,True,,0.0012640717905014753,0.07163272053003311,0.00042973289964720607,0.016719095408916473,0.007428976707160473,0.00033074658131226897,0.0012040531728416681,0.000616227546301855
460,True,,0.0006201411597430706,0.03323580324649811,0.0005878916126675904,0.00856797769665718,0.0034451589453965425,0.000331325049046427,0.0006109693204052746,0.0006148133393780711
461,True,,0.0017833806341513991,0.045077644288539886,0.000789630925282836,0.022462710738182068,0.014588982798159122,0.00033186288783326745,0.0011785574024543166,0.0006133984784641554
462,True,,0.0004671092610806227,0.020026765763759613,0.00012978118320461363,0.005480939522385597,0.0027482672594487667,0.0003324040153529495,0.0009871091460809112,0.0006119829778365684
463,True,,0.0006082054460421205,0.018034007400274277,0.0004683591250795871,0.007807192392647266,0.0044555384665727615,0.000332929688738659,0.0007584718987345695,0.0006105668517782254
464,True,,0.0007552522583864629,0.02784499153494835,0.0012825638987123966,0.012746483087539673,0.006638269871473312,0.0003334154316689819,0.0008852655882947147,0.0006091501145783527
465,True,,0.006491687148809433,0.0775340124964714,0.000608721689786762,0.056505534797906876,0.041039664298295975,0.00033385923597961664,0.001530885579995811,0.000607732780532343
466,True,,0.0007444738293997943,0.03737274557352066,0.000564056565053761,0.009930776432156563,0.004317571874707937,0.00033437859383411705,0.0006948714144527912,0.0006063148639416118
467,True,,0.002695318777114153,0.07432286441326141,0.00018071109661832452,0.02455960586667061,0.014067228883504868,0.0003348708269186318,0.0008498276583850384,0.0006048963791134522
468,True,,0.0030102382879704237,0.08233378827571869,0.00018559415184427053,0.01963273249566555,0.008014573715627193,0.0003353704232722521,0.0011136597022414207,0.0006034773403608911
469,True,,0.0012389139737933874,0.029813013970851898,0.00039317060145549476,0.013419004157185555,0.008409089408814907,0.0003358758694957942,0.0009012040682137012,0.0006020577620025452
470,True,,0.0016879094764590263,0.03772428259253502,0.0005739112966693938,0.01810876466333866,0.011497240513563156,0.0003363592841196805,0.0007921518990769982,0.0006006376583624755
471,True,,0.000547032046597451,0.031631045043468475,0.001248489017598331,0.009436730295419693,0.003226246451959014,0.00033681889181025326,0.002285197377204895,0.0005992170437700436
472,True,,0.0018008926417678595,0.07318001985549927,0.0004499710339587182,0.028606608510017395,0.018584400415420532,0.0003371983184479177,0.0007776604616083205,0.0005977959325597663
473,True,,0.005980572663247585,0.11204127222299576,0.0001963844697456807,0.055594850331544876,0.038014005869627,0.00033757934579625726,0.0016248589381575584,0.0005963743390711722
474,True,,0.0015426587779074907,0.05493193119764328,0.00013815335114486516,0.017765508964657784,0.01044996827840805,0.0003380707057658583,0.0007300605648197234,0.0005949522776486555
475,True,,0.00030178690212778747,0.021587006747722626,0.00048739888006821275,0.00558667816221714,0.0021480070427060127,0.00033856561640277505,0.00044914777390658855,0.0005935297626413328
476,True,,0.0008584374445490539,0.037305742502212524,0.0005589960492216051,0.013456987217068672,0.007746593561023474,0.0003390255442354828,0.0006797618698328733,0.0005921068084028967
477,True,,0.0012210463173687458,0.04899059608578682,0.0005806174012832344,0.017301753163337708,0.010017018765211105,0.00033946128678508103,0.0007123262621462345,0.0005906834292914724
478,True,,0.002680316101759672,0.09322014451026917,0.00016795007104519755,0.03079121559858322,0.018449585884809494,0.0003398772678337991,0.0010339460568502545,0.0005892596396694722
479,True,,0.001177346333861351,0.04341018199920654,0.00011751121928682551,0.012425998225808144,0.006669208407402039,0.00034029551898129284,0.0006952705443836749,0.0005878354539034502
480,True,,0.002998118754476309,0.07687696814537048,0.000662115984596312,0.03201117739081383,0.019997719675302505,0.0003406963951420039,0.0009066264028660953,0.000586410886363958
481,True,,0.0030773007310926914,0.06893956661224365,0.00033132507815025747,0.029405588284134865,0.018768271431326866,0.00034110696287825704,0.0009704088442958891,0.0005849859514253996
482,True,,0.0023104953579604626,0.0645723044872284,0.0004227491153869778,0.023524586111307144,0.013907945714890957,0.00034152859007008374,0.0008714771247468889,0.0005835606634658859
483,True,,0.00477650435641408,0.11385037004947662,7.534120959462598e-05,0.045376479625701904,0.029060833156108856,0.0003419441927690059,0.0011313483119010925,0.0005821350368670899
484,True,,0.008578361943364143,0.12006785720586777,0.00036853758501820266,0.07686919718980789,0.05554354935884476,0.00034239134402014315,0.0015547636430710554,0.000580709086014102
485,True,,0.00020422703528311104,0.04255352541804314,0.0010472065769135952,0.008426916785538197,0.0018694953760132194,0.00034294117358513176,0.001253655063919723,0.000579282825295284
486,True,,0.004911164753139019,0.11285586655139923,0.0004764080513268709,0.056754495948553085,0.03960149362683296,0.00034343148581683636,0.0011559160193428397,0.0005778562691021243
487,True,,0.0015052685048431158,0.051129136234521866,0.0009737255168147385,0.016861094161868095,0.008292020298540592,0.0003439615247771144,0.001142171211540699,0.0005764294318290933
488,True,,0.002808408346027136,0.05781196430325508,0.0005970122292637825,0.02324860356748104,0.013461529277265072,0.0003444597532507032,0.0007963566458784044,0.000575002327873497
489,True,,0.00010646024020388722,0.021752681583166122,0.00014696060679852962,0.0035412595607340336,0.0009621601784601808,0.0003449535870458931,0.0007074876921251416,0.0005735749716353327
490,True,,0.0009407213656231761,0.0718085914850235,0.0005241623730398715,0.01605059951543808,0.0068772402592003345,0.0003454113902989775,0.0011233541881665587,0.0005721473775171432
491,True,,0.0018621062627062201,0.08027738332748413,0.00039674813160672784,0.013331687077879906,0.002644887426868081,0.0003458504506852478,0.0016626287251710892,0.0005707195599238716
492,True,,0.00029248278588056564,0.045418791472911835,0.0005722535424865782,0.007180227432399988,0.0011978952679783106,0.00034629495348781347,0.001155888894572854,0.0005692915332627158
493,True,,0.003952023573219776,0.07036836445331573,0.0007586839492432773,0.039651837199926376,0.02714214101433754,0.0003466949565336108,0.0009665876277722418,0.0005678633119429834
494,True,,0.0023391712456941605,0.048532258719205856,0.00012789492029696703,0.022388380020856857,0.014936720952391624,0.00034712234628386796,0.0013020505430176854,0.0005664349103759466
495,True,,0.0030665274243801832,0.07497259974479675,0.00046330245095305145,0.039951715618371964,0.028457850217819214,0.00034758643596433103,0.0012192893773317337,0.0005650063429746955
496,True,,0.003133641555905342,0.07173903286457062,0.0012331448961049318,0.03215283155441284,0.01937551610171795,0.000348048226442188,0.0008093164651654661,0.000563577624153994
497,True,,0.0032668011263012886,0.07801789045333862,0.0005727569223381579,0.03643757849931717,0.02421998605132103,0.000348510715411976,0.0010778486030176282,0.0005621487683301342
498,True,,0.0015415269881486893,0.06028689444065094,0.0005863140686415136,0.020823299884796143,0.012076965533196926,0.00034898717422038317,0.0011847076239064336,0.0005607197899207898
499,True,,0.001801875769160688,0.04657091200351715,0.00018808218010235578,0.01780005171895027,0.010961425490677357,0.00034941945341415703,0.000889352522790432,0.0005592907033448723
500,True,,0.0033665448427200317,0.0753137469291687,0.00019665298168547451,0.03199915215373039,0.02070442959666252,0.0003498582518659532,0.0009452077792957425,0.0005578615230223841
501,True,,0.0005990154459141195,0.03276688978075981,0.00038422035868279636,0.00899974349886179,0.004352096002548933,0.00035031113657169044,0.0007285461761057377,0.0005564322633742734
502,True,,0.0003708332951646298,0.0593799389898777,0.0005668476806022227,0.011448211967945099,0.004002182744443417,0.0003507235087454319,0.0007730970392003655,0.0005550029388222894
503,True,,0.005399567075073719,0.06739547848701477,0.0007719665882177651,0.04310358688235283,0.029417023062705994,0.000351111579220742,0.0018413582583889365,0.000553573563788836
504,True,,0.0041015977039933205,0.09000486135482788,0.00044686408364214003,0.04195659980177879,0.027957269921898842,0.00035153591306880116,0.0009701550006866455,0.000552144152696826
505,True,,0.0008450374007225037,0.03310931473970413,0.00019210981554351747,0.009668838232755661,0.005125129595398903,0.0003519965393934399,0.0005382057861424983,0.0005507147199695367
506,True,,0.0008873798651620746,0.04703716188669205,0.00014325600932352245,0.012729204259812832,0.006848071701824665,0.0003524512576404959,0.0009968349477276206,0.0005492852800304634
507,True,,0.0029292430263012648,0.0779082328081131,0.0004902222426608205,0.03181980177760124,0.020115762948989868,0.0003528881352394819,0.0013918096665292978,0.0005478558473031742
508,True,,0.0002921358682215214,0.05020250752568245,0.0005600879085250199,0.008806896395981312,0.002370800357311964,0.00035333912819623947,0.000572576595004648,0.0005464264362111641
509,True,,0.002319636521860957,0.05717044696211815,0.0005746701499447227,0.01969144307076931,0.010501882992684841,0.0003537519078236073,0.001279413583688438,0.0005449970611777108
510,True,,0.002030428731814027,0.05179731175303459,0.00017599950660951436,0.01991267502307892,0.01234697550535202,0.0003541214973665774,0.0007766633643768728,0.0005435677366257268
511,True,,0.005561993923038244,0.0778343454003334,0.0001056504697771743,0.039298273622989655,0.025737997144460678,0.00035449006827548146,0.0012509158113971353,0.0005421384769776162
512,True,,0.0005524120642803609,0.03873370587825775,0.0006699375808238983,0.00828948151320219,0.0025202748365700245,0.00035488634603098035,0.0005028903833590448,0.0005407092966551279
513,True,,0.005958742927759886,0.10721808671951294,0.00033656193409115076,0.06155400723218918,0.044196777045726776,0.00035524723352864385,0.0014544883742928505,0.0005392802100792104
514,True,,0.0008402630919590592,0.035107046365737915,0.00045069519546814263,0.012851185165345669,0.007595270872116089,0.0003556617593858391,0.0006690172594971955,0.0005378512316698659
515,True,,0.00089824985479936,0.04172520712018013,8.386200352106243e-05,0.011746820993721485,0.006504765246063471,0.0003560520999599248,0.0006629270501434803,0.0005364223758460061
516,True,,0.0004647078167181462,0.019651241600513458,0.00036699805059470236,0.005689909681677818,0.0025225169956684113,0.0003564439539331943,0.0010133514879271388,0.0005349936570253048
517,True,,0.007088608108460903,0.1258581429719925,0.0010339728323742747,0.051249705255031586,0.02950376830995083,0.00035682247835211456,0.0013390649110078812,0.0005335650896240535
518,True,,0.017525792121887207,0.13644669950008392,0.0004590629250742495,0.19804884493350983,0.16595667600631714,0.0003572306886781007,0.002388819120824337,0.0005321366880570166
519,True,,0.0005361256771720946,0.034178197383880615,0.0009756981744430959,0.009831349365413189,0.003922427538782358,0.0003580140764825046,0.0007247532485052943,0.0005307084667372844
520,True,,0.005881910677999258,0.09895910322666168,0.0005910788895562291,0.053887855261564255,0.03692428767681122,0.0003587506362237036,0.0009860211284831166,0.0005292804400761287
521,True,,0.0005456415237858891,0.02972330152988434,0.00014211008965503424,0.007265307474881411,0.003459520172327757,0.00035953958285972476,0.00044237717520445585,0.0005278526224828569
522,True,,0.0007816522265784442,0.031579747796058655,0.0005147993797436357,0.009444566443562508,0.0044717383570969105,0.0003602819051593542,0.0005322007928043604,0.0005264250283646676
523,True,,0.001282679382711649,0.040673546493053436,0.000400701304897666,0.014887063764035702,0.008732017129659653,0.0003609773702919483,0.0005782757652923465,0.000524997672126503
524,True,,0.0011575681855902076,0.041534423828125,0.0005697303568013012,0.01291958149522543,0.006465493235737085,0.00036162673495709896,0.0006202803342603147,0.0005235705681709069
525,True,,0.0028829125221818686,0.06945392489433289,0.0007658256799913943,0.03098924644291401,0.019625667482614517,0.000362234452040866,0.0009996582521125674,0.000522143730897876
526,True,,0.004410368390381336,0.09471622109413147,0.0001254203380085528,0.04375578090548515,0.02961932122707367,0.0003628428385127336,0.0009879963472485542,0.0005207171747047163
527,True,,0.003885285696014762,0.11553627997636795,0.0004570196906570345,0.03929966315627098,0.022943073883652687,0.00036348600406199694,0.0010439755860716105,0.0005192909139858981
528,True,,0.0028507192619144917,0.06905202567577362,0.0012400790583342314,0.028642943128943443,0.01640322059392929,0.00036413955967873335,0.0007780232117511332,0.0005178649631329102
529,True,,0.0003603199147619307,0.01715412177145481,0.000560575514100492,0.0048627401702106,0.001662209164351225,0.0003647661069408059,0.0005910707404837012,0.0005164393365341142
530,True,,0.00624461192637682,0.07421033829450607,0.0005385495023801923,0.05304267629981041,0.03829627484083176,0.00036533709499053657,0.0012114134151488543,0.0005150140485746005
531,True,,0.0018902611918747425,0.07308189570903778,0.00017973582725971937,0.012200752273201942,0.0026391693390905857,0.0003660026704892516,0.0015453114174306393,0.0005135891136360423
532,True,,0.002282333094626665,0.06833970546722412,0.00018717993225436658,0.019663771614432335,0.010169442743062973,0.0003666008124127984,0.0008495880756527185,0.00051216454609655
533,True,,0.0019291782518848777,0.04030665010213852,0.0003772856725845486,0.017940877005457878,0.01122279092669487,0.0003671988961286843,0.0005781888030469418,0.0005107403603305281
534,True,,0.0018558453302830458,0.02942068874835968,0.0005695156287401915,0.016559436917304993,0.010618815198540688,0.00036777579225599766,0.000885230430867523,0.0005093165707085277
535,True,,0.0030507396440953016,0.07073462754487991,0.0006321030668914318,0.030517814680933952,0.019125722348690033,0.0003683282120618969,0.0012033426901325583,0.0005078931915971035
536,True,,0.0007503626402467489,0.0389825813472271,0.00045215527643449605,0.010757406242191792,0.005200785584747791,0.0003688572905957699,0.0006768289604224265,0.0005064702373586674
537,True,,0.0013624842977151275,0.038522686809301376,0.0001934110332513228,0.014289656654000282,0.008684388361871243,0.0003693345934152603,0.0006362212589010596,0.0005050477223513447
538,True,,0.0008636701386421919,0.05747634544968605,0.00013716635294258595,0.012769467197358608,0.005880131386220455,0.0003697965876199305,0.0008367294794879854,0.0005036256609288279
539,True,,0.0032695308327674866,0.07294272631406784,0.0004998241784051061,0.035190608352422714,0.023623453453183174,0.00037024886114522815,0.0009417451219633222,0.0005022040674402339
540,True,,0.0012577520683407784,0.06562542170286179,0.0005475635407492518,0.01615133509039879,0.007232206407934427,0.00037070756661705673,0.0007523107924498618,0.0005007829562299566
541,True,,0.0007570896996185184,0.018800007179379463,0.0005451177130453289,0.007979379035532475,0.004248341545462608,0.00037112957215867937,0.0005435970961116254,0.0004993623416375246
542,True,,0.0023415950126945972,0.04648933187127113,0.0001681197463767603,0.02421932853758335,0.016888845711946487,0.00037153303856030107,0.0007694886298850179,0.0004979422379974549
543,True,,0.0016465735388919711,0.04709561541676521,0.00010189476597588509,0.01755095086991787,0.010987306013703346,0.00037194322794675827,0.0006227361154742539,0.0004965226596391091
544,True,,0.0017963727004826069,0.06257565319538116,0.0006491344538517296,0.018205614760518074,0.008849685080349445,0.0003723542613442987,0.000687435211148113,0.0004951036208865479
545,True,,0.0008982624858617783,0.0383022278547287,0.0003235603799112141,0.009720816276967525,0.004341483116149902,0.00037272946792654693,0.0006507355137728155,0.0004936851360583885
546,True,,0.0022766077890992165,0.05473429709672928,0.0004339704173617065,0.019925829023122787,0.011304119601845741,0.000373077520634979,0.0007804880733601749,0.0004922672194676572
547,True,,0.005001362878829241,0.07773655652999878,7.018378528300673e-05,0.03707485273480415,0.02415573224425316,0.0003734241472557187,0.001132943551056087,0.0004908498854216475
548,True,,0.003342604963108897,0.06453870236873627,0.0003567268140614033,0.0320979543030262,0.021584291011095047,0.00037382860318757594,0.0011248766677454114,0.0004894331482217746
549,True,,0.005223552696406841,0.060670170933008194,0.0009988450910896063,0.05037723854184151,0.03708523511886597,0.00037424592301249504,0.001281724194996059,0.00048801702216343167
550,True,,0.002532064449042082,0.05057590454816818,0.0004724899772554636,0.024858850985765457,0.016320468857884407,0.00037471475661732256,0.0007435868610627949,0.0004866015215358446
551,True,,0.0021228434052318335,0.04358102008700371,0.0009259554208256304,0.02080257423222065,0.012465966865420341,0.0003751903714146465,0.0007295740651898086,0.00048518666062192893
552,True,,0.002202523872256279,0.06062079221010208,0.0005842312821187079,0.020649338141083717,0.011212515644729137,0.00037566438550129533,0.0006637027254328132,0.0004837724536981452
553,True,,0.00154971145093441,0.054833706468343735,0.0001409587130183354,0.017101097851991653,0.009782337583601475,0.00037612501182593405,0.0007176161161623895,0.00048235891503435434
554,True,,0.000274866382824257,0.02705979533493519,0.0005140488501638174,0.005422130227088928,0.001409420627169311,0.0003765775472857058,0.0005718658794648945,0.00048094605889367547
555,True,,0.000618145742919296,0.039105359464883804,0.0003891521191690117,0.009430848062038422,0.004120091907680035,0.00037698919186368585,0.0005699085304513574,0.0004795338995323397
556,True,,0.0030266032554209232,0.07119379937648773,0.000545790302567184,0.03893541172146797,0.02769407629966736,0.00037736460217274725,0.001040796167217195,0.00047812245119954787
557,True,,0.0019158617360517383,0.035054951906204224,0.0007451513083651662,0.01775187999010086,0.010836442932486534,0.00037776381941512227,0.0006536084110848606,0.0004767117281373264
558,True,,0.0041479263454675674,0.045840051025152206,0.00011961992277065292,0.038557734340429306,0.029582779854536057,0.00037814481765963137,0.0009398500551469624,0.0004753017445803833
559,True,,0.004022499546408653,0.08590847253799438,0.0004480864736251533,0.040808290243148804,0.027294987812638283,0.0003785516892094165,0.0009906141785904765,0.0004738925147559644
560,True,,0.0019294207450002432,0.051410432904958725,0.0012022206792607903,0.023859219625592232,0.014380523934960365,0.00037899785093031824,0.0006952138501219451,0.0004724840528837109
561,True,,0.000901817053090781,0.052758827805519104,0.0005549010820686817,0.012090116739273071,0.0047988202422857285,0.00037943010102026165,0.0008444939157925546,0.0004710763731755142
562,True,,0.0016913836589083076,0.061328351497650146,0.0005538814002647996,0.020650090649724007,0.011714310385286808,0.00037982704816386104,0.0007823732448741794,0.00046966948983537385
563,True,,0.0018512028036639094,0.04536440223455429,0.00017105361621361226,0.01878870278596878,0.012055150233209133,0.00038020938518457115,0.0006412229267880321,0.0004682634170592537
564,True,,0.0020958881359547377,0.04031265899538994,0.00019393475668039173,0.01982869766652584,0.013309868052601814,0.0003805933229159564,0.0009047891944646835,0.0004668581690349386
565,True,,0.005734565667808056,0.08583097159862518,0.0003746066358871758,0.05793658643960953,0.042865898460149765,0.0003809943445958197,0.0010455917799845338,0.00046545375994189165
566,True,,0.001856798306107521,0.04115167260169983,0.0005474506760947406,0.015850521624088287,0.008779840543866158,0.00038146719452925026,0.0006497580907307565,0.0004640502039511104
567,True,,0.00855052750557661,0.07207030057907104,0.0005509417969733477,0.06556084007024765,0.048697579652071,0.0003819138801191002,0.0014033637708052993,0.0004626475152249848
568,True,,0.0010581735987216234,0.03332609310746193,0.00044370940304361284,0.011315417475998402,0.006033390760421753,0.0003824740706477314,0.0005561299622058868,0.00046124570791715317
569,True,,0.00248741265386343,0.05477709323167801,0.00020676589338108897,0.017194781452417374,0.008812298066914082,0.0003830023924820125,0.0007498954655602574,0.0004598447961723604
570,True,,0.0006174704758450389,0.03163079544901848,0.00013306632172316313,0.007390974555164576,0.0033404571004211903,0.00038350472459569573,0.00048018110101111233,0.0004584447941263149
571,True,,0.0021582446061074734,0.06597188115119934,0.0005199581501074135,0.021789133548736572,0.01198994554579258,0.000383972394047305,0.0007847966626286507,0.00045704571590554556
572,True,,0.00010548181307967752,0.019564226269721985,0.0005547355976887047,0.004108020104467869,0.0009328004089184105,0.0003844097664114088,0.0005483072018250823,0.0004556475756272598
573,True,,0.0010082859080284834,0.028541825711727142,0.0005466961883939803,0.011743560433387756,0.006783850956708193,0.0003848040068987757,0.000519152672495693,0.0004542503873992009
574,True,,0.0009661995572969317,0.049400605261325836,0.00016993476310744882,0.013839077204465866,0.007589095272123814,0.00038517400389537215,0.0007259338162839413,0.0004528541653195051
575,True,,0.0020430104341357946,0.06521528959274292,9.985729411710054e-05,0.01803838647902012,0.009270276874303818,0.0003855401009786874,0.0007600545068271458,0.0004514589234765607
576,True,,0.0007540666265413165,0.03714557737112045,0.0006551505066454411,0.010027121752500534,0.004244337324053049,0.0003859144344460219,0.0009531728574074805,0.00045006467594886423
577,True,,0.0004322644672356546,0.021554382517933846,0.00032835931051522493,0.0057664173655211926,0.00251813349314034,0.00038625203887932,0.0005845425184816122,0.00044867143680487963
578,True,,0.0044767907820641994,0.07499577850103378,0.0004393760464154184,0.05456903204321861,0.04171004518866539,0.00038655754178762436,0.0012909873621538281,0.000447279220102896
579,True,,0.0002950219204649329,0.027968447655439377,7.713690865784883e-05,0.005353379528969526,0.0021033696830272675,0.0003869186039082706,0.0007257339893840253,0.00044588803989088554
580,True,,0.001978160347789526,0.04928211495280266,0.00035149953328073025,0.01960110291838646,0.011987859383225441,0.00038725699414499104,0.0006255031912587583,0.0004444979102063614
581,True,,0.0005382776726037264,0.030284926295280457,0.0009835159871727228,0.00868624821305275,0.003148570191115141,0.0003875942202284932,0.0006204223609529436,0.0004431088450762373
582,True,,0.0005040874239057302,0.029370423406362534,0.00046196483890525997,0.007556217722594738,0.003187279449775815,0.0003878955903928727,0.0005277469172142446,0.00044172085851668466
583,True,,0.0004914612509310246,0.02596316859126091,0.0009172461577691138,0.00664098234847188,0.0017148301703855395,0.0003881762095261365,0.0006653119344264269,0.000440333964532992
584,True,,0.0018878213595598936,0.03618977963924408,0.0005762895452789962,0.019762348383665085,0.013099085539579391,0.00038843753281980753,0.000791537226177752,0.0004389481771194232
585,True,,0.005276118870824575,0.10330869257450104,0.00013968376151751727,0.05437220260500908,0.03848196193575859,0.00038870522985234857,0.0012189614353701472,0.0004375635102590767
586,True,,0.0004639510007109493,0.05451402813196182,0.0005022910190746188,0.010729529894888401,0.0038057032506912947,0.0003890400694217533,0.0008390981238335371,0.00043617997792374364
587,True,,0.00019663223065435886,0.03909257426857948,0.00039610761450603604,0.006724670063704252,0.0018226713873445988,0.00038935276097618043,0.0008677266887389123,0.00043479759407376816
588,True,,0.0036675843875855207,0.11181855946779251,0.0005460758693516254,0.03328573703765869,0.017340244725346565,0.0003896460111718625,0.0013607393484562635,0.00043341637265790513
589,True,,0.0009694448672235012,0.050754912197589874,0.0007311869412660599,0.01354343630373478,0.006032226607203484,0.00038994941860437393,0.0005764291272498667,0.0004320363276131799
590,True,,0.0024685102980583906,0.08125171810388565,0.00012397320824675262,0.02684764936566353,0.016002118587493896,0.0003902320167981088,0.0008252738043665886,0.00043065747286474875
591,True,,0.0029335319995880127,0.055256180465221405,0.00045105465687811375,0.02785877324640751,0.01849360764026642,0.00039053824730217457,0.0008056685910560191,0.00042927982232575645
592,True,,0.0037956535816192627,0.062210649251937866,0.0011746848467737436,0.03510540351271629,0.022735409438610077,0.00039087131153792143,0.0009260422084480524,0.00042790338989719736
593,True,,0.005345199257135391,0.06343691796064377,0.0005425441195257008,0.04101204499602318,0.028234153985977173,0.00039123036549426615,0.0010874000145122409,0.0004265281894677746
594,True,,0.0015370040200650692,0.05577637255191803,0.000530797173269093,0.02000894583761692,0.01182879414409399,0.00039163712062872946,0.0007863050559535623,0.0004251542349137598
595,True,,0.0022809025831520557,0.05968187749385834,0.00017735015717335045,0.02227005362510681,0.013662341050803661,0.00039201645995490253,0.000773359090089798,0.00042378154009885315
596,True,,0.003486163914203644,0.07764848321676254,0.00018835272931028157,0.03465170040726662,0.023020058870315552,0.0003924015036318451,0.0008429128210991621,0.00042241011887404447
597,True,,0.008075566962361336,0.14771486818790436,0.00036757890484295785,0.07958080619573593,0.0559946671128273,0.0003928148653358221,0.0012831370113417506,0.0004210399850774714
598,True,,0.0014395739417523146,0.06552339345216751,0.0005500525003299117,0.023877019062638283,0.01478106901049614,0.0003932959516532719,0.0006874133832752705,0.0004196711525342817
599,True,,0.0022748741321265697,0.04539741203188896,0.000545895250979811,0.021958503872156143,0.014048159122467041,0.000393761700252071,0.0011529201874509454,0.0004183036350564928
600,True,,0.0018869101768359542,0.04500219225883484,0.0004375421267468482,0.01983821764588356,0.012572060339152813,0.0003942410403396934,0.0006412396323867142,0.00041693744644285294
601,True,,0.00257782731205225,0.07589833438396454,0.00019648595480248332,0.02692408673465252,0.01635950803756714,0.00039470757474191487,0.0008388488786295056,0.00041557260047870095
602,True,,0.009595542214810848,0.1376163363456726,0.0001358896552119404,0.08051993697881699,0.05688703432679176,0.00039516828837804496,0.0014968371251598,0.00041420911093582847
603,True,,0.0032884252723306417,0.04947207495570183,0.0004956367192789912,0.0246159415692091,0.015385076403617859,0.0003957207372877747,0.001116122235544026,0.00041284699157234027
604,True,,0.005277210380882025,0.12221948802471161,0.0005553187802433968,0.06922774016857147,0.05061398074030876,0.0003962721093557775,0.0016596864443272352,0.0004114862561325151
605,True,,0.001290747313760221,0.04143127053976059,0.0005443603149615228,0.018007446080446243,0.01148088090121746,0.0003968617529608309,0.0009794776560738683,0.00041012691834666805
606,True,,0.0009984513744711876,0.08771698921918869,0.00016948694246821105,0.012775515206158161,0.002662417246028781,0.0003974253195337951,0.0013571908930316567,0.0004087689919310108
607,True,,0.0030427505262196064,0.06288255751132965,0.00010166907304665074,0.027730172500014305,0.018191847950220108,0.0003979607135988772,0.000741882948204875,0.0004074124905875139
608,True,,0.005927554331719875,0.10020764917135239,0.0006594375590793788,0.05251200497150421,0.03524082154035568,0.0003985008515883237,0.0013186790747568011,0.000406057428003769
609,True,,0.00040597780025564134,0.02309987135231495,0.0003272089525125921,0.006112191826105118,0.002737818518653512,0.00039905807352624834,0.001026446116156876,0.00040470381785284937
610,True,,0.0007719003478996456,0.052907977253198624,0.0004361837636679411,0.011895546689629555,0.004956485703587532,0.00039956244290806353,0.0006393044022843242,0.0004033516737931727
611,True,,0.0010078133782371879,0.03340022638440132,7.219881808850914e-05,0.011649486608803272,0.007153253071010113,0.00040002650348469615,0.0005500681581906974,0.0004020010094683643
612,True,,0.001228628563694656,0.042685527354478836,0.0003535174473654479,0.012988168746232986,0.006779947318136692,0.00040046664071269333,0.0007167889853008091,0.00040065183850711706
613,True,,0.0002849555457942188,0.04858069866895676,0.0009804225992411375,0.009447166696190834,0.0023392876610159874,0.00040088093373924494,0.0005982735310681164,0.00039930417452305623
614,True,,0.0009557405719533563,0.02996969223022461,0.0004698687116615474,0.010879181325435638,0.005982721224427223,0.0004012493009213358,0.0006492656539194286,0.00039795803111460093
615,True,,0.012141603045165539,0.12495039403438568,0.0008892331970855594,0.0882636085152626,0.06184448301792145,0.00040159939089789987,0.001930620870552957,0.00039661342186482685
616,True,,0.0015834163641557097,0.05648822709918022,0.0005871232715435326,0.016734087839722633,0.008323580026626587,0.00040205640834756196,0.0008058727835305035,0.00039527036034132956
617,True,,0.001240912708453834,0.05605241656303406,0.00014660251326858997,0.015062701888382435,0.007919317111372948,0.0004024906666018069,0.0008730164845474064,0.00039392886009608776
618,True,,0.0030196085572242737,0.05727702006697655,0.0005255270516499877,0.03167756274342537,0.0218751672655344,0.00040290667675435543,0.0009251204319298267,0.00039258893466532607
619,True,,0.0013900338672101498,0.04511163383722305,0.00040692376205697656,0.014425993897020817,0.007706915959715843,0.0004033319419249892,0.0006250725127756596,0.0003912505975693784
620,True,,0.0035986900329589844,0.06316538155078888,0.0005673872074112296,0.03358003869652748,0.02252599596977234,0.0004037361068185419,0.0007791980169713497,0.00038991386231255256
621,True,,0.006579394452273846,0.12696106731891632,0.0007501186919398606,0.06158427894115448,0.04080449789762497,0.0004041451611556113,0.001155052101239562,0.0003885787423829924
622,True,,0.000750888604670763,0.0358753502368927,0.00012174031144240871,0.010224330238997936,0.005638380069285631,0.00040458852890878916,0.0010677260579541326,0.00038724525125254284
623,True,,0.002724854741245508,0.058281347155570984,0.0004670888010878116,0.029213054105639458,0.01972183771431446,0.0004050094576086849,0.0006844379240646958,0.0003859134023766139
624,True,,0.002994390670210123,0.07175420224666595,0.0012094404082745314,0.03211071342229843,0.019517965614795685,0.00040541915223002434,0.0009144697687588632,0.00038458320919404433
625,True,,0.0027473056688904762,0.048718396574258804,0.0005426512216217816,0.023706721141934395,0.014998214319348335,0.00040581831126473844,0.0017990615451708436,0.00038325468512696615
626,True,,0.0006096664001233876,0.02270338125526905,0.0005504179280251265,0.007179619278758764,0.0031947162933647633,0.00040622378583066165,0.0005085807060822845,0.0003819278435806701
627,True,,0.0048039136454463005,0.1010347232222557,0.00017643872706685215,0.04401065409183502,0.02874632738530636,0.000406599894631654,0.0009261348750442266,0.00038060269794346893
628,True,,0.0022559715434908867,0.06528817862272263,0.00018915448163170367,0.019680866971611977,0.010513699613511562,0.00040699137025512755,0.0008602264570072293,0.00037927926158656334
629,True,,0.00224121380597353,0.054983943700790405,0.00037540795165114105,0.02483784221112728,0.016343344002962112,0.000407379528041929,0.0007165627903304994,0.000377957547863907
630,True,,0.0007382589392364025,0.025727970525622368,0.0005570808425545692,0.007776170037686825,0.0033468748442828655,0.00040777501999400556,0.0006254006875678897,0.00037663757011207125
631,True,,0.0006050958763808012,0.036296602338552475,0.0005337322363629937,0.008170236833393574,0.0028639351949095726,0.00040814123349264264,0.000599919818341732,0.0003753193416501107
632,True,,0.001712423749268055,0.09733795374631882,0.0004455780435819179,0.022540615871548653,0.010199155658483505,0.0004084780812263489,0.0008784531964920461,0.00037400287577942995
633,True,,0.0001228366745635867,0.012693332508206367,0.00019246357260271907,0.0021281929221004248,0.0003470077062956989,0.0004087994748260826,0.0006502170581370592,0.00037268818578364696
634,True,,0.0014542217832058668,0.0457640141248703,0.00013684530858881772,0.014454638585448265,0.008146233856678009,0.0004090881848242134,0.0007283827872015536,0.00037137528492846164
635,True,,0.005425870418548584,0.061327315866947174,0.0005050801555626094,0.05234239250421524,0.03976953774690628,0.0004093680181540549,0.0013198190135881305,0.0003700641864615203
636,True,,0.0018949087243527174,0.0492672324180603,0.0005439033848233521,0.020697280764579773,0.012783743441104889,0.0004096943303011358,0.0007284429157152772,0.0003687549036122826
637,True,,0.0020203092135488987,0.052888400852680206,0.0005390471196733415,0.018630344420671463,0.010239001363515854,0.0004100102523807436,0.000657539872918278,0.00036744744959188794
638,True,,0.00522461486980319,0.08953814953565598,0.00016425490321125835,0.03857717290520668,0.024066131561994553,0.00041031447472050786,0.0009419434936717153,0.00036614183759302245
639,True,,0.0007145671406760812,0.034984041005373,0.00010305932664778084,0.00854265596717596,0.004119459539651871,0.00041064908145926893,0.0005935108638368547,0.0003648380807897851
640,True,,0.0010747453197836876,0.047313664108514786,0.0006487737991847098,0.015597357414662838,0.008489588275551796,0.0004109676228836179,0.0009553763084113598,0.0003635361923375554
641,True,,0.0020838191267102957,0.09167078882455826,0.0003191176219843328,0.024969303980469704,0.01307605765759945,0.0004112667520530522,0.0009731860482133925,0.0003622361853728607
642,True,,0.0005971334176138043,0.03458014130592346,0.00042824013507924974,0.008979021571576595,0.004063278902322054,0.0004115673073101789,0.0005620456649921834,0.00036093807301324377
643,True,,0.0026811896823346615,0.08553421497344971,7.094910688465461e-05,0.02961006946861744,0.018229441717267036,0.00041184839210473,0.0009404652519151568,0.0003596418683571291
644,True,,0.00020596424292307347,0.02536870539188385,0.00035464574466459453,0.004869838245213032,0.0014135906239971519,0.00041213224176317453,0.0005857600481249392,0.00035834758448369274
645,True,,0.0011211562668904662,0.029913119971752167,0.0009594899020157754,0.011187341064214706,0.005151769146323204,0.0004123957478441298,0.0011749382829293609,0.00035705523445272915
646,True,,0.00871790386736393,0.09097769856452942,0.00045810863957740366,0.08299694955348969,0.06426092982292175,0.00041264251922257245,0.00143155874684453,0.0003557648313045192
647,True,,0.0035582706332206726,0.07687245309352875,0.0008923886343836784,0.027322279289364815,0.014287857338786125,0.0004129951703362167,0.0011234225239604712,0.0003544763880596995
648,True,,0.002110285684466362,0.05352563410997391,0.0005773857119493186,0.019716860726475716,0.011095106601715088,0.0004133684851694852,0.0007021981873549521,0.00035318991771913003
649,True,,0.00274168374016881,0.10596621036529541,0.00014418625505641103,0.024958597496151924,0.011327783577144146,0.000413725821999833,0.0009850093629211187,0.0003519054332637637
650,True,,0.0025065606459975243,0.050392135977745056,0.0005055832443758845,0.02332175523042679,0.014760673977434635,0.00041408289689570665,0.0010127571877092123,0.00035062294765451566
651,True,,0.0006039252621121705,0.0342649444937706,0.0003915271954610944,0.009074227884411812,0.00425660889595747,0.00041445475653745234,0.0005077959503978491,0.0003493424738321309
652,True,,0.0016476484015583992,0.03569277375936508,0.0005367897683754563,0.017476746812462807,0.011182092130184174,0.0004147997824475169,0.0007448353571817279,0.0003480640247170553
653,True,,0.002239552792161703,0.09490363299846649,0.0007339502917602658,0.026056425645947456,0.012854457832872868,0.0004151256871409714,0.0009669255232438445,0.0003467876132093051
654,True,,0.0023994024377316236,0.07756003737449646,0.00012208546104375273,0.030946455895900726,0.020542724058032036,0.00041543185943737626,0.0008729724213480949,0.00034551325218833574
655,True,,0.0006848120829090476,0.028851652517914772,0.00046513963025063276,0.009418366476893425,0.004913952201604843,0.00041574877104721963,0.0005815798649564385,0.0003442409545129127
656,True,,0.009774817153811455,0.1037459596991539,0.0011921691475436091,0.08753753453493118,0.06499962508678436,0.0004160365497227758,0.0014556676615029573,0.0003429707330209816
657,True,,0.005057808011770248,0.08925209194421768,0.0005401175003498793,0.046808671206235886,0.03174125403165817,0.0004164203710388392,0.0009651503642089665,0.0003417026005295385
658,True,,0.002174812601879239,0.038448482751846313,0.000545716262422502,0.01936139166355133,0.012246128171682358,0.00041683699237182736,0.000682957237586379,0.000340436569834501
659,True,,0.0018037091940641403,0.03587370365858078,0.00018265539256390184,0.017233477905392647,0.0114729143679142,0.0004172360640950501,0.0005678991437889636,0.00033917265371057834
660,True,,0.0013297467958182096,0.0365932434797287,0.00019317070837132633,0.01388830691576004,0.008508717641234398,0.0004176243091933429,0.0007448401884175837,0.00033791086491114327
661,True,,0.0017495052888989449,0.07682721316814423,0.00036710762651637197,0.02199629694223404,0.011825675144791603,0.00041798551683314145,0.0007601226097904146,0.0003366512161681029
662,True,,0.00030833191704005003,0.020207926630973816,0.0005419247318059206,0.0055387006141245365,0.0021215430460870266,0.00041833193972706795,0.0004081976949237287,0.00033539372019177077
663,True,,0.0016338875284418464,0.07436166703701019,0.000523831753525883,0.021068638190627098,0.010946732945740223,0.0004186473088338971,0.0009149433462880552,0.000334138389670738
664,True,,0.010921414010226727,0.13889074325561523,0.00043869795626960695,0.0742550641298294,0.04856298863887787,0.00041893895831890404,0.001153507735580206,0.0003328852372717449
665,True,,0.00039311108412221074,0.05106118321418762,0.00018318212823942304,0.009473199024796486,0.003603411838412285,0.00041927583515644073,0.000704714737366885,0.0003316342756395548
666,True,,0.0031141142826527357,0.06787644326686859,0.00013131543528288603,0.029154449701309204,0.018985863775014877,0.00041959143709391356,0.0007447754614986479,0.0003303855173968246
667,True,,0.00264309486374259,0.06983687728643417,0.0005002200487069786,0.024151425808668137,0.013520004227757454,0.0004199197865091264,0.0007427330710925162,0.0003291389751439786
668,True,,0.0002811059239320457,0.019328933209180832,0.000538901484105736,0.0046547832898795605,0.0013587784487754107,0.0004202420823276043,0.00044058021740056574,0.00032789466145908083
669,True,,0.016332536935806274,0.15214776992797852,0.0005368111887946725,0.11767800897359848,0.08505287021398544,0.0004205316072329879,0.0017081743571907282,0.000326652588897708
670,True,,0.0008494084468111396,0.040444180369377136,0.00016791217785794288,0.010517939925193787,0.005284079350531101,0.00042091967770829797,0.001034824876114726,0.00032541276999282354
671,True,,0.00029305205680429935,0.04057543724775314,0.00010076590115204453,0.0057434518821537495,0.0011871111346408725,0.0004212850471958518,0.0008730350527912378,0.0003241752172546506
672,True,,0.0017590135103091598,0.04034566134214401,0.0006534121930599213,0.01927521452307701,0.012170594185590744,0.00042161610326729715,0.0006874039536342025,0.00032293994317054547
673,True,,0.0021980004385113716,0.05349002778530121,0.0003181888605467975,0.017876354977488518,0.009688755497336388,0.0004219289112370461,0.0007022199570201337,0.0003217069602048721
674,True,,0.0008445045677945018,0.03192823380231857,0.0004310703952796757,0.009945858269929886,0.0050421664491295815,0.0004222306306473911,0.0005178302526473999,0.00032047628079887687
675,True,,0.0015455018728971481,0.03258602321147919,7.224661385407671e-05,0.014258203096687794,0.009305380284786224,0.0004225173033773899,0.0006712176837027073,0.00031924791737056156
676,True,,0.002125137485563755,0.10632891952991486,0.0003503229527268559,0.026357512921094894,0.012894609943032265,0.0004227984172757715,0.0008353229495696723,0.00031802188231455945
677,True,,0.0005582221201620996,0.013992377556860447,0.0009695403859950602,0.006446579936891794,0.002545808907598257,0.0004230606718920171,0.0006183702498674393,0.00031679818800200944
678,True,,0.004643323831260204,0.07065536081790924,0.0004637636011466384,0.0439421609044075,0.03130154311656952,0.0004232991486787796,0.0008788816630840302,0.0003155768467804314
679,True,,0.003207847010344267,0.08028664439916611,0.0008740328485146165,0.030627384781837463,0.017638571560382843,0.000423558201873675,0.0009343979763798416,0.0003143578709736018
680,True,,0.0005445835995487869,0.03724188357591629,0.0005773128941655159,0.007897584699094296,0.0024699480272829533,0.0004238170513417572,0.0004752101667691022,0.00031314127288142965
681,True,,0.005679246038198471,0.08684371411800385,0.0001397263549733907,0.037126995623111725,0.02247968688607216,0.000424051919253543,0.0009194881422445178,0.00031192706477983095
682,True,,0.0023434977047145367,0.06999673694372177,0.0005063415155746043,0.023638110607862473,0.013278013095259666,0.0004243076837155968,0.0007841953192837536,0.00031071525892060645
683,True,,0.01046886295080185,0.08485151082277298,0.00039240886690095067,0.07980310916900635,0.060060031712055206,0.0004245575692038983,0.0011957718525081873,0.00030950586753131785
684,True,,0.0012822452699765563,0.0481862798333168,0.0005282382480800152,0.016402242705225945,0.009240644052624702,0.00042487334576435387,0.000635124568361789,0.00030829890281516316
685,True,,0.0032376451417803764,0.053963176906108856,0.0007278849952854216,0.032868966460227966,0.022774983197450638,0.00042517148540355265,0.0010518524795770645,0.0003070943769508543
686,True,,0.003531218273565173,0.06711922585964203,0.00011767596151912585,0.03117474541068077,0.020691998302936554,0.0004254834202583879,0.0007530070724897087,0.00030589230209249527
687,True,,0.009807787835597992,0.1041259691119194,0.0004599077219609171,0.10081931203603745,0.0796748548746109,0.0004257833061274141,0.0013917478499934077,0.0003046926903694577
688,True,,0.0008678135345689952,0.04292624071240425,0.001193022122606635,0.014064417220652103,0.006513673812150955,0.0004261613357812166,0.0008881876128725708,0.00030349555388625943
689,True,,0.009641185402870178,0.10947271436452866,0.0005458363448269665,0.09306392818689346,0.07137953490018845,0.0004265066818334162,0.0015886384062469006,0.00030230090472244255
690,True,,0.0008244763594120741,0.032930824905633926,0.0005376458866521716,0.010663297958672047,0.005466178059577942,0.00042694201692938805,0.0006302456022240222,0.0003011087549324507
691,True,,0.0017931293696165085,0.06946086883544922,0.00017180797294713557,0.027341526001691818,0.018254421651363373,0.00042735246825031936,0.0006149766850285232,0.00029991911654550816
692,True,,0.0003350484766997397,0.02795642986893654,0.00019221818365622312,0.005579601973295212,0.002060196828097105,0.0004277520056348294,0.0007319403230212629,0.0002987320015654987
693,True,,0.00037199596408754587,0.056789956986904144,0.00036504308809526265,0.010794799774885178,0.004009440541267395,0.00042812241008505225,0.000847678049467504,0.0002975474219708435
694,True,,0.0007810381939634681,0.03995800018310547,0.0005488380556926131,0.009521651081740856,0.0036428519524633884,0.00042845815187320113,0.0006388135952875018,0.00029636538971438044
695,True,,0.0026982170529663563,0.05717391148209572,0.0005175986443646252,0.021083422005176544,0.011628329753875732,0.00042876560473814607,0.0007711776997894049,0.00029518591672324457
696,True,,0.0026720152236521244,0.06104767695069313,0.0004407513188198209,0.026401955634355545,0.01673937775194645,0.0004290641809348017,0.0008722073398530483,0.00029400901489874665
697,True,,0.004118927288800478,0.05347916856408119,0.00018634095613379031,0.036217402666807175,0.02637358382344246,0.00042936281533911824,0.0010097260819748044,0.00029283469611625346
698,True,,0.003683796152472496,0.05693341791629791,0.00013561391097027808,0.03268948197364807,0.023036818951368332,0.0004296897677704692,0.0010119335493072867,0.000291662972225068
699,True,,0.003045609686523676,0.0725308358669281,0.0004901522770524025,0.01921679824590683,0.007933499291539192,0.0004300189611967653,0.0008320477209053934,0.00029049385504830984
700,True,,0.0008847932331264019,0.04241453856229782,0.0005595774273388088,0.013171697966754436,0.00692199170589447,0.00043032487155869603,0.0005051586776971817,0.0002893273563827957
701,True,,0.0012474108953028917,0.03505584970116615,0.0005445538554340601,0.014745522290468216,0.008899112232029438,0.0004306116607040167,0.0005227649235166609,0.00028816348799892135
702,True,,0.012589285150170326,0.1344175934791565,0.00017072002810891718,0.1030818298459053,0.07670503854751587,0.0004308821226004511,0.0015807222807779908,0.00028700226164054074
703,True,,0.008529411628842354,0.11097370088100433,0.00010177557123824954,0.07331744581460953,0.05348280072212219,0.0004312682431191206,0.001411008182913065,0.0002858436890248497
704,True,,0.002128888387233019,0.06645775586366653,0.0006557211745530367,0.029011810198426247,0.0189213864505291,0.00043170180288143456,0.0012217919575050473,0.00028468778184226687
705,True,,0.0002375330514041707,0.017735661938786507,0.00031774817034602165,0.003954078070819378,0.0013031610287725925,0.0004321441811043769,0.0005363171803764999,0.0002835345517563155
706,True,,0.0066379657946527,0.07874860614538193,0.00043267503497190773,0.06289637088775635,0.047513868659734726,0.00043254639604128897,0.0012580605689436197,0.00028238401040350596
707,True,,0.002084899228066206,0.08957751095294952,7.444296352332458e-05,0.024089055135846138,0.012893188744783401,0.0004329820512793958,0.001153151853941381,0.00028123616939321796
708,True,,0.0011043749982491136,0.032944370061159134,0.00034898982266895473,0.012384270317852497,0.007283145096153021,0.0004333905235398561,0.0005515721277333796,0.0002800910403075845
709,True,,0.0016914554871618748,0.042603105306625366,0.0009633863810449839,0.021659960970282555,0.013777084648609161,0.0004337694845162332,0.0016101307701319456,0.0002789486347013739
710,True,,0.005002206191420555,0.09722890704870224,0.0004545846313703805,0.06362324953079224,0.047984637320041656,0.0004341501335147768,0.0016382448375225067,0.0002778089641018735
711,True,,0.0005651981336995959,0.041339851915836334,0.0008755794842727482,0.009482106193900108,0.0030274181626737118,0.00043455592822283506,0.0006469617364928126,0.0002766720400087737
712,True,,0.0018747567664831877,0.03706158325076103,0.0005743303336203098,0.018276818096637726,0.011542893014848232,0.00043492726399563253,0.0006783789140172303,0.00027553787389405116
713,True,,0.000749087892472744,0.05198118835687637,0.0001435812737327069,0.011853190138936043,0.005614467430859804,0.000435273366747424,0.0007604214479215443,0.000274406477201854
714,True,,0.0014059821842238307,0.04931340739130974,0.0004944143583998084,0.01702132076025009,0.009690811857581139,0.0004355929559096694,0.0007834779098629951,0.00027327786134838595
715,True,,0.0026729160454124212,0.09003198891878128,0.0004021379863843322,0.03440367430448532,0.021918926388025284,0.00043588405242189765,0.001085340278223157,0.00027215203772179054
716,True,,0.0003937099245376885,0.03295206278562546,0.0005207908689044416,0.007203534245491028,0.0024686744436621666,0.0004361849569249898,0.0005073683569207788,0.00027102901768203704
717,True,,0.0013932462316006422,0.029339173808693886,0.0007338669965974987,0.011118977330625057,0.005319715477526188,0.0004364625201560557,0.0010664426954463124,0.00026990881256080566
718,True,,0.0009438858251087368,0.06326306611299515,0.00011717604502337053,0.014371723867952824,0.006862812675535679,0.00043672570609487593,0.0009986661607399583,0.0002687914336613728
719,True,,0.00569180678576231,0.11078203469514847,0.00044542711111716926,0.05408267304301262,0.036417439579963684,0.00043698199442587793,0.0012982625048607588,0.00026767689225849734
720,True,,0.0007998790824785829,0.04331940412521362,0.001187433023005724,0.013175850734114647,0.0056647928431630135,0.0004372625262476504,0.0006036342238076031,0.0002665651995983067
721,True,,0.0019014733843505383,0.08084355294704437,0.0005382460658438504,0.02577955462038517,0.014712858013808727,0.00043751392513513565,0.0009790348121896386,0.0002654563668981837
722,True,,0.010922146961092949,0.08517994731664658,0.0005318289040587842,0.0789111852645874,0.05840300768613815,0.00043775737867690623,0.001804047147743404,0.0002643504053466529
723,True,,0.0018413750221952796,0.05488082766532898,0.00017128800391219556,0.020908350124955177,0.013231935910880566,0.0004380777245387435,0.0007645502337254584,0.00026324732610326796
724,True,,0.0011700906325131655,0.05345621332526207,0.00018843378347810358,0.011938133276998997,0.005041169933974743,0.0004383951600175351,0.000834150065202266,0.00026214714029849906
725,True,,0.001201519975438714,0.045753974467515945,0.00036555921542458236,0.016345050185918808,0.009832627139985561,0.0004387008957564831,0.0005967571632936597,0.00026104985903362035
726,True,,0.0005796312470920384,0.016445232555270195,0.0005430139135569334,0.007543366868048906,0.004228794947266579,0.0004389889945741743,0.0005530267371796072,0.00025995549338059856
727,True,,0.002266964642331004,0.06437022238969803,0.0005231731338426471,0.026741083711385727,0.016986358910799026,0.0004392530827317387,0.0007559677469544113,0.0002588640543819806
728,True,,0.0006821678834967315,0.03512415289878845,0.0004390744143165648,0.009964887984097004,0.004887760616838932,0.0004395139403641224,0.001139746862463653,0.0002577755530507819
729,True,,0.0010362203465774655,0.07540011405944824,0.00019150100706610829,0.01804671250283718,0.009083080105483532,0.00043975363951176405,0.0010581109672784805,0.0002566900003703766
730,True,,0.000697472074534744,0.026565982028841972,0.00013218641106504947,0.005261548329144716,0.001638704678043723,0.00043998868204653263,0.0007925999816507101,0.00025560740729438526
731,True,,0.0014075366780161858,0.04687969386577606,0.00048592055100016296,0.01516427006572485,0.008092520758509636,0.0004402024205774069,0.000686363666318357,0.00025452778474656525
732,True,,0.0016852610278874636,0.03193579614162445,0.0005373699241317809,0.013653537258505821,0.00769555289298296,0.0004403997154440731,0.0007410805555991828,0.00025345114362070015
733,True,,0.007255754433572292,0.096155546605587,0.0005408824072219431,0.08220191299915314,0.06424443423748016,0.0004405937506817281,0.0017124878941103816,0.0002523774947804899
734,True,,0.005703273694962263,0.11958177387714386,0.00016790509107522666,0.046098385006189346,0.028096718713641167,0.0004408740496728569,0.0010812429245561361,0.000251306849059441
735,True,,0.00542598869651556,0.07383590936660767,0.0001032556829159148,0.03794705867767334,0.024926556274294853,0.00044116831850260496,0.0009808772010728717,0.00025023921726075813
736,True,,0.0002846775169018656,0.018491370603442192,0.0006412360235117376,0.004820515401661396,0.001399813685566187,0.0004414778668433428,0.0004491655854508281,0.0002491746101572334
737,True,,0.00331864389590919,0.07020805776119232,0.00031645497074350715,0.031146498396992683,0.02016972005367279,0.00044175537186674774,0.0008888448355719447,0.00024811303849113904
738,True,,0.0023448585998266935,0.06377078592777252,0.00042916895472444594,0.023660432547330856,0.014075737446546555,0.0004420321201905608,0.0007214726647362113,0.00024705451297411894
739,True,,0.003167638322338462,0.0833350270986557,6.890195072628558e-05,0.03727057948708534,0.02562721073627472,0.0004422989732120186,0.0008784065721556544,0.00024599904428707997
740,True,,0.0027744420804083347,0.05058976635336876,0.00035199278499931097,0.02326023206114769,0.014718401245772839,0.0004425699298735708,0.0011481253895908594,0.00024494664308008436
741,True,,0.0025602930691093206,0.04088573157787323,0.000964422186370939,0.022197486832737923,0.013615347445011139,0.00044282840099185705,0.0009539314196445048,0.00024389731997224258
742,True,,0.0007438971661031246,0.03266345337033272,0.0004552818718366325,0.012353828176856041,0.007428590673953295,0.0004430863191373646,0.0010446655796840787,0.00024285108555160577
743,True,,0.0005845758132636547,0.029703058302402496,0.0008904723799787462,0.009570986963808537,0.004230727441608906,0.00044332508696243167,0.0006494467379525304,0.00024180795037505916
744,True,,0.00043708825251087546,0.036056529730558395,0.0005667725927196443,0.008072958327829838,0.0028922364581376314,0.0004435360024217516,0.0005247815861366689,0.00024076792496821562
745,True,,0.0023623467423021793,0.041662443429231644,0.00013845828652847558,0.01881946064531803,0.01200951635837555,0.00044372217962518334,0.0006586863892152905,0.0002397310198253091
746,True,,0.0009858827106654644,0.03809848427772522,0.0004952255985699594,0.01156504824757576,0.005774427205324173,0.000443913449998945,0.0005785208195447922,0.00023869724540908897
747,True,,0.004900042898952961,0.10284167528152466,0.00038752882392145693,0.05468118190765381,0.038717471063137054,0.0004440928460098803,0.0010343940230086446,0.00023766661215071473
748,True,,0.0028105666860938072,0.05362654849886894,0.0005230478709563613,0.022345898672938347,0.013122137635946274,0.00044429226545616984,0.0007947986596263945,0.00023663913044965034
749,True,,0.0010673891520127654,0.04693933576345444,0.0007347545470111072,0.014567527920007706,0.007332250475883484,0.00044448956032283604,0.0006024417234584689,0.0002356148106735588
750,True,,0.0012581734918057919,0.04602103680372238,0.00011864020780194551,0.01913382299244404,0.013031819835305214,0.0004446695384103805,0.0007308585336431861,0.00023459366315819907
751,True,,0.002947903936728835,0.0657462403178215,0.00044559629168361425,0.03345998004078865,0.02304181084036827,0.00044485123362392187,0.0007786461501382291,0.0002335756982073203
752,True,,0.002332896925508976,0.04576502740383148,0.0011722524650394917,0.02257147617638111,0.01331312209367752,0.0004450379638001323,0.0007187220035120845,0.00023256092609255847
753,True,,0.0008212001994252205,0.04343941807746887,0.0005338900373317301,0.011863473802804947,0.0056260996498167515,0.000445218407548964,0.000605295121204108,0.00023154935705333287
754,True,,0.0004820194735657424,0.026808135211467743,0.0005192080279812217,0.006230163853615522,0.002024460583925247,0.0004453856381587684,0.0008581794681958854,0.00023054100129674232
755,True,,0.0034520875196903944,0.07060496509075165,0.0001711158693069592,0.03407711535692215,0.02321784198284149,0.00044553354382514954,0.0009614597074687481,0.00022953586899746248
756,True,,0.00591979268938303,0.10180342197418213,0.00019572085875552148,0.05348288267850876,0.03698685020208359,0.0004457042959984392,0.0012007018085569143,0.00022853397029764367
757,True,,0.007314123213291168,0.09016641229391098,0.00036508264020085335,0.053127873688936234,0.036062486469745636,0.000445912970462814,0.0012951582903042436,0.00022753531530680747
758,True,,0.0006436797557398677,0.02335028536617756,0.0005437866784632206,0.008055789396166801,0.003985047340393066,0.00044614667422138155,0.0005391990998759866,0.00022653991410174508
759,True,,0.0007265615276992321,0.024979665875434875,0.000519836088642478,0.01058911345899105,0.006320449523627758,0.0004463600052986294,0.0006517280708067119,0.00022554777672641654
760,True,,0.0017526524607092142,0.04350500926375389,0.00043440284207463264,0.017199039459228516,0.01022261567413807,0.00044656271347776055,0.0008379382197745144,0.00022455891319184812
761,True,,0.000980854849331081,0.03659919649362564,0.00018608362006489187,0.011499916203320026,0.006482507102191448,0.0004467646067496389,0.00066299521131441,0.000223573333476032
762,True,,0.0015378501266241074,0.05179845541715622,0.0001294473622692749,0.017173435539007187,0.01019237469881773,0.00044695782708004117,0.0006419338169507682,0.00022259104752382543
763,True,,0.0013046575477346778,0.030387472361326218,0.0004829800745937973,0.012062628753483295,0.006748792715370655,0.00044714592513628304,0.0007911626016721129,0.00022161206524685042
764,True,,0.0006299109663814306,0.059492770582437515,0.0005270104738883674,0.013426966033875942,0.005789284594357014,0.0004473263106774539,0.0006530206301249564,0.0002206363965233935
765,True,,0.00012489607615862042,0.024382788687944412,0.0005203000036999583,0.004341084510087967,0.0007328345673158765,0.00044749537482857704,0.0005395564367063344,0.00021966405119830688
766,True,,0.003920909017324448,0.06655655801296234,0.0001650866324780509,0.03733145445585251,0.026420237496495247,0.000447648431872949,0.0008870161836966872,0.0002186950390829075
767,True,,0.000491329759825021,0.035791728645563126,9.90780972642824e-05,0.006646870635449886,0.0023737335577607155,0.0004478212504182011,0.0005985643365420401,0.00021772936995487959
768,True,,0.0011988631449639797,0.027015836909413338,0.0006346451118588448,0.013168522156774998,0.007994305342435837,0.00044797922600992024,0.0006598122417926788,0.00021676705355817556
769,True,,0.00012505336781032383,0.023977171629667282,0.0003116027801297605,0.0038859467022120953,0.0007354894187301397,0.0004481269861571491,0.0005074447835795581,0.0002158080996029172
770,True,,0.0017517268424853683,0.03894418850541115,0.0004310371004976332,0.018494173884391785,0.011981470510363579,0.00044826374505646527,0.0005451647448353469,0.0002148525177652982
771,True,,0.0034535806626081467,0.07413244247436523,7.225256558740512e-05,0.033649783581495285,0.02263396792113781,0.00044839669135399163,0.0008194953552447259,0.0002139003176874863
772,True,,0.0049440087750554085,0.0926770344376564,0.00034454918932169676,0.061631787568330765,0.046726491302251816,0.0004485504177864641,0.0014020453672856092,0.00021295150897752607
773,True,,0.003261261386796832,0.048350587487220764,0.0009514051489531994,0.02488434873521328,0.014880729839205742,0.0004487474216148257,0.001200466649606824,0.00021200610120924207
774,True,,0.003418847918510437,0.06841613352298737,0.0004585861461237073,0.03405148908495903,0.02286936528980732,0.00044894986785948277,0.0008694078424014151,0.00021106410392214184
775,True,,0.0026675276458263397,0.08131712675094604,0.000878049002494663,0.03065386973321438,0.01809404045343399,0.00044916465412825346,0.0008799764327704906,0.00021012552662132023
776,True,,0.00038580497493967414,0.022122619673609734,0.0005632371176034212,0.006302363239228725,0.00257332855835557,0.0004493759770411998,0.0006195550668053329,0.00020919037877736288
777,True,,0.0029542443808168173,0.06843124330043793,0.0001406833907822147,0.029184851795434952,0.019101619720458984,0.00044956878991797566,0.0007653643260709941,0.00020825866982625141
778,True,,0.002163737080991268,0.05143655836582184,0.0004883299698121846,0.017733223736286163,0.009444672614336014,0.00044977341894991696,0.0006135415169410408,0.0002073304091692675
779,True,,0.0026150685735046864,0.06751344352960587,0.0003826740721706301,0.02348259836435318,0.013346335850656033,0.0004499718779698014,0.0007052222499623895,0.00020640560617289782
780,True,,0.00953238271176815,0.10496192425489426,0.000519321474712342,0.09081094712018967,0.06973922997713089,0.0004501721996348351,0.0015242535155266523,0.000205484270168741
781,True,,0.00020379437773954123,0.02466312237083912,0.0007193994824774563,0.005524505395442247,0.0014110954944044352,0.00045044711441732943,0.0006033630343154073,0.00020456641045341165
782,True,,0.0028276494704186916,0.06710857152938843,0.00012027984485030174,0.029135163873434067,0.019351588562130928,0.00045069403131492436,0.000885015120729804,0.00020365203628844764
783,True,,0.0023648240603506565,0.07454042881727219,0.00045202719047665596,0.030930617824196815,0.020203186199069023,0.0004509497375693172,0.0008465897990390658,0.0002027411569002164
784,True,,0.00047978770453482866,0.026031237095594406,0.0011709447717294097,0.007425514981150627,0.001996201230213046,0.00045120291179046035,0.0006689520087093115,0.00020183378147982172
785,True,,0.0004365117638371885,0.035453975200653076,0.0005290377885103226,0.007924764417111874,0.002880265936255455,0.00045142482849769294,0.0005705290823243558,0.00020092991918301106
786,True,,0.011866306886076927,0.12022612243890762,0.0005255347350612283,0.08465216308832169,0.059707656502723694,0.0004516214248724282,0.0015325339045375586,0.0002000295791300835
787,True,,0.0012407808098942041,0.033892132341861725,0.00017275013669859618,0.013782982714474201,0.008802969940006733,0.00045188458170741796,0.0004615311627276242,0.0001991327704057968
788,True,,0.0018965520430356264,0.04918552562594414,0.00018551804532762617,0.021168125793337822,0.01397746428847313,0.0004521360096987337,0.0006192298606038094,0.0001982395020592767
789,True,,0.006561863236129284,0.07638252526521683,0.00035845692036673427,0.061382465064525604,0.046460915356874466,0.000452384352684021,0.0011492371559143066,0.0001973497831039255
790,True,,0.016312021762132645,0.14323344826698303,0.0005386300617828965,0.11544554680585861,0.08372838795185089,0.0004526670672930777,0.0015463875606656075,0.00019646362251733035
791,True,,0.0016537911724299192,0.03916484862565994,0.0005107147735543549,0.02001153863966465,0.013415303081274033,0.0004530075821094215,0.000933271658141166,0.00019558102924117346
792,True,,0.0007561435922980309,0.051186833530664444,0.0004363248881418258,0.011570874601602554,0.00481886463239789,0.00045333761954680085,0.0005465343128889799,0.00019470201218114148
793,True,,0.0009924788028001785,0.0325058251619339,0.00018411243217997253,0.011626822873950005,0.007011000066995621,0.00045364326797425747,0.0005321558564901352,0.0001938265802068357
794,True,,0.002054438693448901,0.061662714928388596,0.00012966693611815572,0.02661087177693844,0.018126288428902626,0.00045393023174256086,0.0010480920318514109,0.00019295474215168276
795,True,,0.0008416480268351734,0.053712744265794754,0.00048159112338908017,0.012880363501608372,0.005699717439711094,0.0004542289243545383,0.0006385749438777566,0.00019208650681284522
796,True,,0.0005923021817579865,0.03455740958452225,0.0005384552059695125,0.007863699458539486,0.002734201028943062,0.0004545102419797331,0.0004665238375309855,0.00019122188295113296
797,True,,0.0012802020646631718,0.04683680832386017,0.0005429444718174636,0.01619371399283409,0.009139394387602806,0.000454766588518396,0.0006555358413606882,0.0001903608792909146
798,True,,0.0004997908836230636,0.028477441519498825,0.00016866688383743167,0.006808409001678228,0.003118990221992135,0.0004550039302557707,0.0006341110565699637,0.00018950350452003
799,True,,0.00180851761251688,0.027006851509213448,0.00010013989231083542,0.015021450817584991,0.010307415388524532,0.0004552229947876185,0.0006893749814480543,0.00018864976728970195
800,True,,0.0014449951704591513,0.04495745524764061,0.0006458380958065391,0.015313572250306606,0.008076600730419159,0.0004554363840725273,0.000880198203958571,0.00018779967621444885
801,True,,0.0008805977995507419,0.04028075933456421,0.0003167389368172735,0.011881837621331215,0.006335129961371422,0.0004556347557809204,0.0006023031892254949,0.00018695323987199863
802,True,,0.001530528417788446,0.050520360469818115,0.0004323720058891922,0.017573656514286995,0.010121790692210197,0.00045582387247122824,0.0006165381637401879,0.00018611046680320126
803,True,,0.004043660592287779,0.08181747049093246,6.920198211446404e-05,0.039276815950870514,0.026908444240689278,0.00045600286102853715,0.0009772380581125617,0.00018527136551194318
804,True,,0.0018230456626042724,0.05309092625975609,0.0003448959905654192,0.020778784528374672,0.012952292338013649,0.0004562023386824876,0.000707066326867789,0.000184435944465061
805,True,,0.0005938356625847518,0.02886483445763588,0.0009531383984722197,0.0095846401527524,0.004193480126559734,0.00045640021562576294,0.0006015900289639831,0.0001836042120922566
806,True,,0.0018862229771912098,0.04673454165458679,0.00046304467832669616,0.01997271738946438,0.012482386082410812,0.00045657271402888,0.0007497862679883838,0.00018277617678601145
807,True,,0.0020845287945121527,0.08513109385967255,0.000880297040566802,0.02525246888399124,0.01288966927677393,0.0004567408177535981,0.0011006923159584403,0.00018195184690150297
808,True,,0.0018641806673258543,0.036134861409664154,0.000563633453566581,0.017989009618759155,0.011379506438970566,0.0004569033335428685,0.0005892609478905797,0.00018113123075651856
809,True,,0.0027831527404487133,0.09952845424413681,0.00014077607193030417,0.024221662431955338,0.011199540458619595,0.0004570569726638496,0.0008829247672110796,0.00018031433663137314
810,True,,0.0007289767963811755,0.01807986944913864,0.000499582733027637,0.0076215616427361965,0.004080860409885645,0.0004572095931507647,0.0005421016248874366,0.0001795011727688255
811,True,,0.004069974645972252,0.052086882293224335,0.0003864956961479038,0.035725340247154236,0.02566911280155182,0.0004573559563141316,0.0009544571512378752,0.00017869174737399407
812,True,,0.0012439927086234093,0.04461771994829178,0.0005263238563202322,0.019688963890075684,0.01292597595602274,0.0004575233324430883,0.0006666561239399016,0.00017788606861427503
813,True,,0.0021484564058482647,0.06364299356937408,0.0007251222850754857,0.02178957127034664,0.011821994557976723,0.0004576862556859851,0.0006187393446452916,0.00017708414461925972
814,True,,0.002098796423524618,0.08618097752332687,0.0001151571050286293,0.024044889956712723,0.013093103654682636,0.0004578389343805611,0.0008715287549421191,0.0001762859834806524
815,True,,0.010381191037595272,0.08194754272699356,0.0004496104666031897,0.07843455672264099,0.05895480513572693,0.0004579933302011341,0.0011858573416247964,0.00017549159325218872
816,True,,0.0024649333208799362,0.07753242552280426,0.0011742447968572378,0.028415964916348457,0.015844717621803284,0.0004581921093631536,0.0006876325933262706,0.000174700981949555
817,True,,0.0009656848851591349,0.0486646443605423,0.0005248939851298928,0.012848851270973682,0.005962329916656017,0.0004583818663377315,0.0005267533706501126,0.00017391415755030597
818,True,,0.005407962016761303,0.07044576853513718,0.0005240240716375411,0.03807263448834419,0.024567462503910065,0.0004585558199323714,0.0009810945484787226,0.00017313112799378555
819,True,,0.005250061862170696,0.09746971726417542,0.0001747805072227493,0.05307609960436821,0.037724919617176056,0.0004587410076055676,0.001050662947818637,0.0001723519011810466
820,True,,0.0023075456265360117,0.04367203637957573,0.00018715312762651592,0.023551438003778458,0.016497792676091194,0.0004589458112604916,0.0007051589782349765,0.00017157648497477068
821,True,,0.00295010837726295,0.06283356994390488,0.0003605056263040751,0.03281625732779503,0.022857189178466797,0.0004591513134073466,0.0007253734511323273,0.00017080488719918853
822,True,,0.0018496830016374588,0.07237017154693604,0.0005367149715311825,0.012700553052127361,0.0025358295533806086,0.0004593552730511874,0.0016026684315875173,0.00017003711564000213
823,True,,0.00010394656419521198,0.011737045831978321,0.000504750874824822,0.00262436643242836,0.00033261795761063695,0.0004595537029672414,0.0005383004317991436,0.00016927317804430546
824,True,,0.0016524418024346232,0.031069301068782806,0.00043600727804005146,0.013013905845582485,0.007377922534942627,0.00045973138185217977,0.0006898997235111892,0.00016851308212050608
825,True,,0.0007399469614028931,0.03083324432373047,0.0001816583680920303,0.011504799127578735,0.007313611917197704,0.0004599044332280755,0.0009276921628043056,0.00016775683553824804
826,True,,0.0023566195741295815,0.06160306930541992,0.00013336990377865732,0.022792033851146698,0.014003767631947994,0.00046007009223103523,0.0007234417134895921,0.00016700444592833392
827,True,,0.0008108015172183514,0.03182721138000488,0.0004801119794137776,0.010265972465276718,0.005307624116539955,0.00046023650793358684,0.0005985348834656179,0.00016625592088264805
828,True,,0.002260154113173485,0.052054278552532196,0.0005326878745108843,0.019586771726608276,0.011051210574805737,0.0004603944253176451,0.0006788528990000486,0.00016551126795408017
829,True,,0.0009301925310865045,0.06150032579898834,0.0005240977043285966,0.014827108941972256,0.006694083102047443,0.0004605491121765226,0.0009075102279894054,0.00016477049465644868
830,True,,0.0030394173227250576,0.06683845818042755,0.00016825180500745773,0.028801431879401207,0.018737059086561203,0.00046069512609392405,0.0007002223283052444,0.000164033608464425
831,True,,0.007313997950404882,0.08521417528390884,9.945513011189178e-05,0.05137285962700844,0.03533392399549484,0.00046084244968369603,0.001172727788798511,0.00016330061681345864
832,True,,0.0022775388788431883,0.05778580531477928,0.0006412332295440137,0.022780107334256172,0.013436912558972836,0.00046101424959488213,0.0007996945059858263,0.00016257152709970145
833,True,,0.005224690772593021,0.05828087031841278,0.0003144688089378178,0.0478205643594265,0.03613423556089401,0.0004611823533196002,0.0011248780647292733,0.00016184634667993343
834,True,,0.003094657091423869,0.06483396142721176,0.00042987355845980346,0.029123224318027496,0.018680810928344727,0.0004613701603375375,0.0007100134389474988,0.00016112508287148837
835,True,,0.00219795317389071,0.05742461234331131,7.080535579007119e-05,0.01912611350417137,0.011039473116397858,0.0004615575016941875,0.0006341768894344568,0.00016040774295218
836,True,,0.0005714943981729448,0.015798835083842278,0.00034838641295209527,0.006995139177888632,0.004142371006309986,0.000461736781289801,0.000419713236624375,0.00015969433416022853
837,True,,0.0061964001506567,0.07061807811260223,0.0009601528290659189,0.05234627053141594,0.0371631383895874,0.00046190115972422063,0.001236549112945795,0.0001589848636941881
838,True,,0.0035582445561885834,0.062136001884937286,0.00045377828064374626,0.03294716775417328,0.022263146936893463,0.0004621014231815934,0.000806861266028136,0.000158279338712873
839,True,,0.004770603962242603,0.09675527364015579,0.0008538328111171722,0.04469713941216469,0.028538718819618225,0.00046230226871557534,0.0008471131441183388,0.00015757776633528654
840,True,,0.0027437410317361355,0.04809520021080971,0.0005608656792901456,0.02307671494781971,0.014397096820175648,0.00046250494779087603,0.0008895390201359987,0.00015688015364054902
841,True,,0.0007902574143372476,0.04229404777288437,0.00014361638750415295,0.010881004855036736,0.005569483153522015,0.0004626993031706661,0.0005642084870487452,0.00015618650766782566
842,True,,0.0031888324301689863,0.051699504256248474,0.0004892295692116022,0.03152640163898468,0.022184528410434723,0.0004628802416846156,0.0009481465094722807,0.00015549683541625633
843,True,,0.0024575323332101107,0.047636061906814575,0.0003885039477609098,0.022125273942947388,0.014122497290372849,0.0004630668554455042,0.0008909125463105738,0.00015481114384488455
844,True,,0.0018937772838398814,0.07787193357944489,0.0005217031575739384,0.025332244113087654,0.014603234827518463,0.0004632606287486851,0.0008610494551248848,0.00015412943987258709
845,True,,0.00023678303114138544,0.017341449856758118,0.0007340203737840056,0.004741230048239231,0.0012976271100342274,0.0004634459619410336,0.000534628692548722,0.00015345173037800483
846,True,,0.0017919016536325216,0.06020588427782059,0.00011981307034147903,0.016762034967541695,0.008705283515155315,0.00046360964188352227,0.0007043125806376338,0.00015277802219947257
847,True,,0.0008304020157083869,0.03431102633476257,0.000462777737993747,0.012610843405127525,0.007419145666062832,0.00046376013779081404,0.0005936736706644297,0.00015210832213495047
848,True,,0.001400824636220932,0.047837261110544205,0.0011817351914942265,0.018068743869662285,0.00951608270406723,0.0004638996906578541,0.000692854868248105,0.00015144263694195532
849,True,,0.003176059341058135,0.0766829326748848,0.0005287316744215786,0.029409661889076233,0.017503205686807632,0.0004640240513253957,0.0009021178120747209,0.00015078097333749268
850,True,,0.001991414465010166,0.06251552700996399,0.0005235340213403106,0.01830761507153511,0.009012938477098942,0.00046415155520662665,0.0006860524881631136,0.0001501233379979886
851,True,,0.000603544875048101,0.022022534161806107,0.00017007908900268376,0.006322544999420643,0.003171945922076702,0.0004642792046070099,0.00046656603808514774,0.0001494697375592222
852,True,,0.0026412918232381344,0.08547735959291458,0.00018770995666272938,0.03298244625329971,0.021413352340459824,0.00046439928701147437,0.0009749539312906563,0.00014882017861625948
853,True,,0.000773844716604799,0.02991064265370369,0.00036165767232887447,0.008869772776961327,0.0043769036419689655,0.00046453322283923626,0.0005032959743402898,0.0001481746677233861
854,True,,0.0002855601196642965,0.04744136333465576,0.0005397052736952901,0.00841877143830061,0.0023050173185765743,0.0004646584566216916,0.0005853712209500372,0.00014753321139404128
855,True,,0.002535667037591338,0.0393635556101799,0.0005077329115010798,0.020790163427591324,0.013298028148710728,0.00046477169962599874,0.0008407786954194307,0.0001468958161007524
856,True,,0.003512213472276926,0.06485579907894135,0.00043572892900556326,0.03135991841554642,0.020486019551753998,0.0004648947506211698,0.0007552864262834191,0.00014626248827506941
857,True,,0.0013551381416618824,0.0368691012263298,0.0001839273318182677,0.013954730704426765,0.008540177717804909,0.00046501250471919775,0.0005302635836414993,0.00014563323430749994
858,True,,0.0045889257453382015,0.06806632876396179,0.0001294980029342696,0.0425306037068367,0.030871395021677017,0.00046512734843418,0.0008526745950803161,0.00014500806054744547
859,True,,0.001721623819321394,0.0420614518225193,0.00047813288983888924,0.016871029511094093,0.009982341900467873,0.00046525622019544244,0.000744031451176852,0.00014438697330313582
860,True,,0.0016279935371130705,0.04499908164143562,0.0005310368142090738,0.017994431778788567,0.010799800977110863,0.0004653824435081333,0.0007094903266988695,0.0001437699788415669
861,True,,0.003625561948865652,0.10444077104330063,0.0005183081957511604,0.03214079514145851,0.017029883340001106,0.00046550488332286477,0.0011664122575893998,0.00014315708338843714
862,True,,0.004398489370942116,0.07177937030792236,0.00016351789236068726,0.052670568227767944,0.04076245054602623,0.0004656297678593546,0.0014095597434788942,0.00014254829312808403
863,True,,0.0008332678116858006,0.038158297538757324,0.00010182768164668232,0.010104598477482796,0.005247187800705433,0.0004657781100831926,0.000716335023753345,0.00014194361420342248
864,True,,0.002963664708659053,0.056366294622421265,0.0006317498628050089,0.031238233670592308,0.021369781345129013,0.00046591792488470674,0.000740820833016187,0.00014134305271588243
865,True,,0.017386753112077713,0.1272093653678894,0.0003129921096842736,0.19202445447444916,0.1612861156463623,0.00046606131945736706,0.002403239021077752,0.00014074661472534734
866,True,,0.0013658939860761166,0.043516531586647034,0.00042806827696040273,0.014208863489329815,0.007630516309291124,0.0004663389699999243,0.0005839210934937,0.00014015430625009313
867,True,,0.000741714087780565,0.034909360110759735,6.697526259813458e-05,0.008449198678135872,0.004077931400388479,0.0004665957239922136,0.000692095432896167,0.00013956613326672747
868,True,,0.0008217025315389037,0.03137709200382233,0.00034534375299699605,0.009557926096022129,0.004903158638626337,0.00046683341497555375,0.0004930691793560982,0.0001389821017101293
869,True,,0.0008539396221749485,0.04078410565853119,0.0009481117012910545,0.013173007406294346,0.006339763291180134,0.00046705533168278635,0.0007716568652540445,0.00013840221747338913
870,True,,0.0012846154859289527,0.03871100768446922,0.0004567591822706163,0.014656439423561096,0.008582532405853271,0.00046725760330446064,0.000626729684881866,0.00013782648640774957
871,True,,0.0018917294219136238,0.033151958137750626,0.0008435659110546112,0.017423434183001518,0.010524701327085495,0.00046744366409257054,0.0006158719770610332,0.00013725491432254626
872,True,,0.0025761655997484922,0.04501892626285553,0.0005578886484727263,0.02182408608496189,0.013625572435557842,0.00046762055717408657,0.0011574315140023828,0.00013668750698514872
873,True,,0.0022612905595451593,0.06253641843795776,0.00013777558342553675,0.02559887431561947,0.016803713515400887,0.0004678013501688838,0.000686357612721622,0.00013612427012090335
874,True,,0.0003292042529210448,0.02692483738064766,0.0004943421226926148,0.006062428001314402,0.002047375775873661,0.00046797984396107495,0.0007306649349629879,0.00013556520941307462
875,True,,0.000969177985098213,0.03593061864376068,0.00038701583980582654,0.01173669844865799,0.0063957455568015575,0.0004681417194660753,0.000630397058557719,0.00013501033050278806
876,True,,0.0007420218898914754,0.050817541778087616,0.0005147165502421558,0.012411339208483696,0.005553447641432285,0.0004682902945205569,0.0007448043907061219,0.00013445963898897338
877,True,,0.0022632074542343616,0.06528303027153015,0.0007252288633026183,0.02013261429965496,0.009885963052511215,0.00046842542360536754,0.0006906544440425932,0.00013391314042830794
878,True,,0.003189838957041502,0.07980034500360489,0.00012236660404596478,0.03683643415570259,0.025417141616344452,0.0004685592430178076,0.0008053320343606174,0.00013337084033516067
879,True,,0.001315596397034824,0.03443973883986473,0.0004526852862909436,0.013971522450447083,0.008301894180476665,0.0004686966713052243,0.0006393082439899445,0.00013283274418153656
880,True,,0.009740040637552738,0.09869793057441711,0.0011712907580658793,0.10047771781682968,0.07852061092853546,0.0004688238550443202,0.0012960957828909159,0.0001322988573970211
881,True,,0.0005299150943756104,0.029077820479869843,0.0005231483373790979,0.007608118001371622,0.0031194339971989393,0.0004689873894676566,0.00048310140846297145,0.00013176918536872572
882,True,,0.0011093572247773409,0.03221017122268677,0.0005269473767839372,0.012649164535105228,0.007260204292833805,0.000469135120511055,0.0006749328458681703,0.00013124373344123382
883,True,,0.0029061425011605024,0.05372994393110275,0.00016873463755473495,0.02662370540201664,0.018002405762672424,0.0004692687070928514,0.0008019307279027998,0.00013072250691654596
884,True,,0.0021084765903651714,0.041732825338840485,0.0001910906285047531,0.01874573901295662,0.012077105231583118,0.0004694082017522305,0.0007037542527541518,0.00013020551105402719
885,True,,0.0019718343392014503,0.04768003523349762,0.00035998880048282444,0.019298432394862175,0.011833920143544674,0.0004695478710345924,0.0006132650305517018,0.00012969275107035344
886,True,,0.002363661304116249,0.039910562336444855,0.0005299923941493034,0.019341252744197845,0.011921852827072144,0.00046968250535428524,0.0006382074789144099,0.00012918423213945915
887,True,,0.0010711299255490303,0.04495980590581894,0.0005040275282226503,0.013903525657951832,0.007323660887777805,0.00046981521882116795,0.0006186597165651619,0.00012867995939248495
888,True,,0.0036272869911044836,0.05522976070642471,0.000435013062087819,0.032535865902900696,0.02251087874174118,0.00046993803698569536,0.0009370363550260663,0.0001281799379177262
889,True,,0.0006690508453175426,0.0338309183716774,0.00018489979265723377,0.009208784438669682,0.004782141651958227,0.00047006612294353545,0.0011406723642721772,0.000127684172760581
890,True,,0.0021677413024008274,0.03722788020968437,0.00013203996059019119,0.018199676647782326,0.012040365487337112,0.0004701879224739969,0.000639610574580729,0.00012719266892349972
891,True,,0.002441959921270609,0.05328582227230072,0.0004726757761090994,0.01731519214808941,0.008594594895839691,0.0004703087906818837,0.0005736356251873076,0.00012670543136593488
892,True,,0.002647892339155078,0.05908779054880142,0.0005237428122200072,0.02608642354607582,0.016477562487125397,0.00047042182995937765,0.000830954872071743,0.00012622246500429017
893,True,,0.004888615105301142,0.09898410737514496,0.0005219841841608286,0.05407427251338959,0.03823857381939888,0.00047053766320459545,0.0010319172870367765,0.0001257437747118715
894,True,,0.00035320009919814765,0.016387710347771645,0.00016340335423592478,0.00390833243727684,0.0015848481561988592,0.00047066493425518274,0.00047055957838892937,0.00012526936531883796
895,True,,0.0023289998061954975,0.06839004158973694,9.765130380401388e-05,0.022489028051495552,0.013121012598276138,0.00047078312491066754,0.0007836715085431933,0.0001247992416121525
896,True,,0.0008854108746163547,0.04136490076780319,0.0006305236602202058,0.013130240142345428,0.006842583883553743,0.0004709028289653361,0.0005242893239483237,0.00012433340833553408
897,True,,0.0006451900117099285,0.022810393944382668,0.00031214364571496844,0.0074833352118730545,0.003928108140826225,0.0004710145585704595,0.00043433246901258826,0.0001238718701894096
898,True,,0.001174073200672865,0.05132307857275009,0.00043190366704948246,0.012184672988951206,0.005009773653000593,0.0004711167421191931,0.0006998151657171547,0.00012341463183086665
899,True,,0.0005926293670199811,0.03358812630176544,6.75278133712709e-05,0.008091315627098083,0.004000105429440737,0.0004712135996669531,0.0005713419523090124,0.0001229616978736061
900,True,,0.0006749026360921562,0.02509148046374321,0.00034349964698776603,0.005502799991518259,0.001627036719582975,0.00047130725579336286,0.0007212074124254286,0.00012251307288789633
901,True,,0.003002211218699813,0.06810490041971207,0.0009433536906726658,0.038871120661497116,0.027166999876499176,0.0004713919770438224,0.0011750484118238091,0.00012206876140052632
902,True,,0.00039023332647047937,0.032424554228782654,0.00045308313565328717,0.0069868010468780994,0.002443231176584959,0.00047148013254627585,0.0005503488937392831,0.00012162876789476018
903,True,,0.0011011194437742233,0.02842351235449314,0.0008461083634756505,0.010681194253265858,0.005040791351348162,0.0004715612158179283,0.000992802670225501,0.00012119309681029224
904,True,,0.006520991679280996,0.12170997262001038,0.0005576317780651152,0.05999298393726349,0.04018101468682289,0.00047163735143840313,0.0010548080317676067,0.00012076175254320202
905,True,,0.0011980700073763728,0.0409238263964653,0.000139078707434237,0.012196610681712627,0.006623282562941313,0.0004717354313470423,0.0005274054128676653,0.00012033473944590983
906,True,,0.0052341572009027,0.0852479338645935,0.0004852194106206298,0.03840111941099167,0.02366701140999794,0.0004718310374300927,0.0009533835109323263,0.00011991206182713273
907,True,,0.0022260923869907856,0.06147632747888565,0.0003819279372692108,0.019429858773946762,0.010287556797266006,0.0004719381977338344,0.0007362700998783112,0.00011949372395184154
908,True,,0.0020142425782978535,0.05103316158056259,0.0005163514870218933,0.018141500651836395,0.009986519813537598,0.0004720447468571365,0.0006480667507275939,0.00011907973004121737
909,True,,0.0025742840953171253,0.07296860218048096,0.0007137756329029799,0.027402592822909355,0.016099175438284874,0.0004721489385701716,0.0007822447223588824,0.000118670084272609
910,True,,0.0022200229577720165,0.04405488073825836,0.0001176576770376414,0.020348908379673958,0.013483360409736633,0.0004722515295725316,0.0009983442723751068,0.00011826479077949109
911,True,,0.001712791621685028,0.09228409826755524,0.00044724109466187656,0.02189917117357254,0.01005876250565052,0.0004723652091342956,0.0007206393638625741,0.00011786385365142217
912,True,,0.0009449346689507365,0.04701865091919899,0.0011542635038495064,0.015372706577181816,0.007412654347717762,0.00047247650218196213,0.0006085827481001616,0.00011746727693400336
913,True,,0.0018552746623754501,0.04373934864997864,0.0005225104978308082,0.01957891881465912,0.012299962341785431,0.0004725810431409627,0.0006647818954661489,0.0001170750646288379
914,True,,0.005242880433797836,0.11427624523639679,0.0005259931203909218,0.06775297224521637,0.05002575367689133,0.00047268401249311864,0.00104730564635247,0.0001166872206934904
915,True,,0.0007669706828892231,0.03848167881369591,0.00016951463476289064,0.0084891552105546,0.00353025970980525,0.0004728097119368613,0.0005918086390011013,0.00011630374904144676
916,True,,0.005938154645264149,0.09645194560289383,0.00018459699640516192,0.05282388627529144,0.03686661273241043,0.000472926622023806,0.0011115232482552528,0.00011592465354207552
917,True,,0.0014042248949408531,0.045453619211912155,0.0003578402101993561,0.014651875011622906,0.007981877774000168,0.0004730616637971252,0.0006221847725100815,0.0001155499380205878
918,True,,0.0010017085587605834,0.08045066893100739,0.0005336986505426466,0.012748869135975838,0.0026299646124243736,0.0004731877997983247,0.0007563932449556887,0.00011517960625799928
919,True,,0.0016308812191709876,0.03570615127682686,0.0005065344739705324,0.017192155122756958,0.010972857475280762,0.00047330581583082676,0.0006841223803348839,0.00011481366199109198
920,True,,0.00267557380720973,0.05592804402112961,0.00043718601227737963,0.02067771553993225,0.01153023075312376,0.0004734181857202202,0.000749973813071847,0.00011445210891237639
921,True,,0.0005376813351176679,0.03652147576212883,0.00018378889944870025,0.007003010716289282,0.0024408691097050905,0.00047352921683341265,0.0004438762553036213,0.00011409495067005439
922,True,,0.0025075883604586124,0.04876285418868065,0.00013405572099145502,0.023604948073625565,0.015948226675391197,0.00047363145858980715,0.0007238968973979354,0.00011374219086798243
923,True,,0.0018929706420749426,0.03879478573799133,0.0004809324163943529,0.017626333981752396,0.010887282900512218,0.00047373768757097423,0.0005895326612517238,0.00011339383306563494
924,True,,0.005362856667488813,0.059939417988061905,0.000518916524015367,0.05108479782938957,0.038685426115989685,0.00047383972560055554,0.0010246625170111656,0.00011304988077806865
925,True,,0.003902704454958439,0.10947324335575104,0.0005116955144330859,0.03848940506577492,0.02261124737560749,0.0004739600990433246,0.0009762283880263567,0.00011271033747588708
926,True,,0.005667656660079956,0.08271075785160065,0.00016185456479433924,0.05597514659166336,0.04170796275138855,0.00047408536192961037,0.0010362634202465415,0.00011237520658520544
927,True,,0.0002875025966204703,0.03741171211004257,9.929073712555692e-05,0.005405834876000881,0.0011738373432308435,0.0004742321034427732,0.0006228610291145742,0.00011204449148761618
928,True,,0.0006336176302284002,0.057394642382860184,0.0006300390232354403,0.013407672755420208,0.005769769661128521,0.0004743646422866732,0.0005833905888721347,0.00011171819552015465
929,True,,0.0011550949420779943,0.039826180785894394,0.00030965020414441824,0.012139077298343182,0.006377318874001503,0.00047448661644011736,0.0005793968448415399,0.00011139632197526572
930,True,,0.0004774426342919469,0.02451738715171814,0.00043158821063116193,0.005466490518301725,0.0016693867510184646,0.0004745987826026976,0.0005080311093479395,0.00011107887410077036
931,True,,0.009728804230690002,0.0993499606847763,6.598657637368888e-05,0.08322861045598984,0.06342808902263641,0.0004747009079437703,0.001343333045952022,0.00011076585509983283
932,True,,0.010945327579975128,0.13135859370231628,0.0003414067323319614,0.07271789759397507,0.04794915392994881,0.00047484770766459405,0.0010844359640032053,0.00011045726813092857
933,True,,0.004940987564623356,0.07395661622285843,0.0009304804843850434,0.037494536489248276,0.023292176425457,0.00047500740038231015,0.001192296389490366,0.00011015311630781211
934,True,,0.0012556335423141718,0.06298495084047318,0.00044663366861641407,0.015569901093840599,0.007117753848433495,0.00047517262282781303,0.0006014686077833176,0.00010985340269948592
935,True,,0.0015323295956477523,0.05258594825863838,0.0008332655415870249,0.0180631373077631,0.00960092805325985,0.00047532370081171393,0.0006725664134137332,0.00010955813033016914
936,True,,0.0026779239997267723,0.05714903771877289,0.0005516376113519073,0.028874235227704048,0.019373377785086632,0.0004754659894388169,0.0006725630373694003,0.00010926730217926702
937,True,,0.005689424928277731,0.10758444666862488,0.00013738591223955154,0.05264880135655403,0.035921402275562286,0.0004756049602292478,0.0012798862298950553,0.0001089809211813414
938,True,,0.00029775750590488315,0.020155901089310646,0.0004851563135161996,0.005367112811654806,0.0020786949899047613,0.0004757481219712645,0.00041421304922550917,0.00010869899022608052
939,True,,0.002089301822707057,0.05160047113895416,0.00038174912333488464,0.01887110434472561,0.010853499174118042,0.00047587743028998375,0.0006385683082044125,0.00010842151215827007
940,True,,0.0008813039166852832,0.03692768141627312,0.000505457806866616,0.00986478105187416,0.004275033250451088,0.00047600126708857715,0.0006073993863537908,0.00010814848977776452
941,True,,0.0022355918772518635,0.0906108096241951,0.000716269772965461,0.02547742798924446,0.012743454426527023,0.000476114364573732,0.0008762126672081649,0.0001078799258394589
942,True,,0.0005287028034217656,0.03222266957163811,0.00011796856415458024,0.007854816503822803,0.0038631483912467957,0.0004762214666698128,0.0005280718323774636,0.00010761582305326079
943,True,,0.0007355044363066554,0.03407711535692215,0.0004535054904408753,0.010509554296731949,0.005454564467072487,0.00047632225323468447,0.0010358321014791727,0.00010735618408406328
944,True,,0.0018264524405822158,0.04014180600643158,0.001160970889031887,0.016709309071302414,0.008541968651115894,0.00047641745186410844,0.0006542877526953816,0.00010710101155171785
945,True,,0.0080686304718256,0.1415751725435257,0.0005238324520178139,0.07838185131549835,0.05510327219963074,0.00047650441410951316,0.0012210437562316656,0.00010685030803100792
946,True,,0.00019834641716443002,0.037874966859817505,0.0005277882446534932,0.006860816851258278,0.0018146312795579433,0.00047661166172474623,0.0007253055227920413,0.0001066040760516232
947,True,,0.0005271736299619079,0.0281422920525074,0.0001757183053996414,0.007054188754409552,0.0033565822523087263,0.00047670718049630523,0.0004555345803964883,0.00010636231809813375
948,True,,0.0008156918920576572,0.0426742248237133,0.00018722176901064813,0.01102159172296524,0.005559265147894621,0.00047679615090601146,0.0006203287630341947,0.00010612503660996513
949,True,,0.005284515675157309,0.06114526093006134,0.0003585672820918262,0.03966929391026497,0.027548350393772125,0.0004768797953147441,0.0010252572828903794,0.0001058922339813736
950,True,,0.0009441852453164756,0.029079394415020943,0.0005313695874065161,0.010809852741658688,0.005890218541026115,0.0004769775259774178,0.0005546871107071638,0.00010566391256142236
951,True,,0.008398205041885376,0.06925874948501587,0.0004970415611751378,0.06352570652961731,0.04720277711749077,0.00047707013436593115,0.0013092163717374206,0.00010544007465395743
952,True,,0.00843854434788227,0.10583581030368805,0.0004287697665859014,0.07231831550598145,0.05243387818336487,0.00047719667782075703,0.001209755428135395,0.00010522072251758455
953,True,,0.00028727445169351995,0.026025637984275818,0.00017951955669559538,0.005340420175343752,0.002086769323796034,0.00047734822146594524,0.0005668302183039486,0.00010500585836564644
954,True,,0.0017431257292628288,0.07458675652742386,0.00012917745334561914,0.021243104711174965,0.011778173968195915,0.000477487308671698,0.000734887202270329,0.0001047954843662004
955,True,,0.0021294173784554005,0.10223913192749023,0.0004790704988408834,0.026178399100899696,0.012862151488661766,0.000477620807942003,0.000904810440260917,0.00010458960264199655
956,True,,0.003274559509009123,0.06988626718521118,0.0005344008095562458,0.03467666730284691,0.023339902982115746,0.00047773923142813146,0.001026968122459948,0.00010438821527045629
957,True,,0.0018384498544037342,0.04315011203289032,0.0005145039176568389,0.018999608233571053,0.01181236281991005,0.000477857276564464,0.0006681674858555198,0.00010419132428365117
958,True,,0.001789177767932415,0.034711163491010666,0.00016678907559253275,0.016860857605934143,0.011262206360697746,0.00047796920989640057,0.0005534990923479199,0.00010399893166828289
959,True,,0.001434817910194397,0.06385067850351334,0.0001011392887448892,0.022638877853751183,0.014611931517720222,0.0004780791059602052,0.000702132994774729,0.00010381103936566277
960,True,,0.004170355387032032,0.04218696057796478,0.000626494933385402,0.0386921763420105,0.0290453489869833,0.0004781869356520474,0.000891125004272908,0.00010362764927169235
961,True,,0.0006685875123366714,0.028172660619020462,0.0003101947659160942,0.008935293182730675,0.004824266768991947,0.0004782990145031363,0.0005762116052210331,0.0001034487632368443
962,True,,0.0005655013956129551,0.03990047425031662,0.00042745121754705906,0.008417588658630848,0.003002353012561798,0.00047840256593190134,0.0005271215341053903,0.00010327438306614368
963,True,,0.0006002583540976048,0.03042970597743988,6.661842780886218e-05,0.007019766606390476,0.0032385156955569983,0.0004784967750310898,0.00038591650081798434,0.00010310451051914971
964,True,,0.0023277064319700003,0.04401213303208351,0.00034051030525006354,0.020556790754199028,0.013142064213752747,0.0004785854835063219,0.0006885766051709652,0.00010293914730993813
965,True,,0.00038106119609437883,0.04960383102297783,0.0009266636334359646,0.010733254253864288,0.0035336948931217194,0.00047867564717307687,0.0006907947245053947,0.00010277829510708373
966,True,,0.005669633857905865,0.08401651680469513,0.00044569518649950624,0.03712170943617821,0.022154245525598526,0.00047875751624815166,0.000944392173551023,0.0001026219555336437
967,True,,0.0059277452528476715,0.09338134527206421,0.0008237189031206071,0.053379468619823456,0.03646136447787285,0.00047884773812256753,0.0009542900952510536,0.00010247013016714108
968,True,,0.0033157910220324993,0.061669155955314636,0.0005523836007341743,0.03161349892616272,0.02102123573422432,0.0004789505619555712,0.0010430192342028022,0.00010232282053954895
969,True,,0.005941392388194799,0.09790566563606262,0.000139694195240736,0.059491220861673355,0.043475084006786346,0.00047905411338433623,0.0011649467051029205,0.00010218002813727491
970,True,,0.0007149174343794584,0.024337511509656906,0.0004833645361941308,0.010306281968951225,0.006186092738062143,0.00047917108167894185,0.0005544194718822837,0.00010204175440114624
971,True,,0.0016196388751268387,0.06986689567565918,0.00038247049087658525,0.02020888961851597,0.010832827538251877,0.00047928205458447337,0.0006546384538523853,0.00010190800072639511
972,True,,0.00119931367225945,0.04461916908621788,0.000506985408719629,0.016378674656152725,0.009698677808046341,0.0004793852858711034,0.0006277738139033318,0.00010177876846264467
973,True,,0.0009954581037163734,0.02825850062072277,0.0007146829157136381,0.011875726282596588,0.006620257161557674,0.00047948339488357306,0.0005410734447650611,0.00010165405891389541
974,True,,0.000288440496660769,0.018519900739192963,0.00011616660049185157,0.0037342326249927282,0.001356672728434205,0.00047957454808056355,0.0005423541879281402,0.00010153387333851197
975,True,,0.0012272100429981947,0.05326756834983826,0.0004454469308257103,0.015255723148584366,0.007806066423654556,0.00047965857083909214,0.0006352898199111223,0.00010141821294921037
976,True,,0.003037763526663184,0.07036324590444565,0.0011477911612018943,0.020261164754629135,0.007886696606874466,0.0004797387809958309,0.0008340592030435801,0.00010130707891304608
977,True,,0.0012809742474928498,0.029861321672797203,0.0005208889488130808,0.011856669560074806,0.006542987190186977,0.0004798132576979697,0.0007467399118468165,0.00010120047235140177
978,True,,0.00046833217493258417,0.05276070907711983,0.0005258645978756249,0.010573665611445904,0.0037727344315499067,0.0004798867739737034,0.0006853596423752606,0.00010109839433997638
979,True,,0.004349865019321442,0.08802397549152374,0.00016994036559481174,0.04250290244817734,0.029005959630012512,0.0004799543821718544,0.0009500737651251256,0.0001010008459087742
980,True,,0.0010797316208481789,0.04561338573694229,0.0001856427697930485,0.014414610341191292,0.008397454395890236,0.0004800367169082165,0.001002962002530694,0.00010090782804209419
981,True,,0.0028133890591561794,0.051972437649965286,0.0003560061159078032,0.021694865077733994,0.012967418879270554,0.00048011698527261615,0.0008498954121023417,0.00010081934167852056
982,True,,0.0007359667215496302,0.03675422444939613,0.0005219172453507781,0.010548930615186691,0.005088904406875372,0.00048019818495959044,0.0005639062728732824,0.0001007353877109127
983,True,,0.0009863884188234806,0.03758380562067032,0.0004986112471669912,0.011496705003082752,0.0057499101385474205,0.0004802704497706145,0.0006164373480714858,0.00010065596698639676
984,True,,0.009619798511266708,0.12938779592514038,0.00042886557639576495,0.07938447594642639,0.055963363498449326,0.0004803391348104924,0.0013702198630198836,0.00010058108030635662
985,True,,0.0002762337971944362,0.02627789042890072,0.00017601475701667368,0.004639238119125366,0.0013783815084025264,0.0004804337804671377,0.00047809001989662647,0.00010051072842642608
986,True,,0.0015326996799558401,0.05418938770890236,0.00012888520723208785,0.018814673647284508,0.01160045899450779,0.00048052065540105104,0.0007870291592553258,0.0001004449120564812
987,True,,0.0006193444132804871,0.038424670696258545,0.00047671134234406054,0.00950102973729372,0.004080989398062229,0.0004806033684872091,0.0006182630313560367,0.00010038363186063298
988,True,,0.0013525888789445162,0.02656879462301731,0.0005222252802923322,0.010188187472522259,0.005129461642354727,0.0004806770302820951,0.0007758121355436742,0.00010032688845722093
989,True,,0.007168974261730909,0.09144067764282227,0.0005143841844983399,0.07957589626312256,0.062229279428720474,0.00048075083759613335,0.001671946025453508,0.00010027468241880656
990,True,,0.0022357513662427664,0.053148023784160614,0.0001649667974561453,0.024056825786828995,0.01617152988910675,0.00048086713650263846,0.0007921718643046916,0.00010022701427216773
991,True,,0.001259002834558487,0.0393349751830101,0.00010215329530183226,0.0165462177246809,0.011144600808620453,0.0004809867823496461,0.000743549142498523,0.00010018388449829341
992,True,,0.0030089542269706726,0.061719730496406555,0.0006239617941901088,0.028321094810962677,0.017887432128190994,0.00048110412899404764,0.0007768321083858609,0.00010014529353237867
993,True,,0.002885369583964348,0.06459358334541321,0.00031376894912682474,0.026162538677453995,0.0161854587495327,0.0004812220577150583,0.000706326449289918,0.0001001112417638203
994,True,,0.005723757203668356,0.11509691178798676,0.000426655140472576,0.046006444841623306,0.027914874255657196,0.0004813392006326467,0.0012319788802415133,0.00010008172953621313
995,True,,0.001869323430582881,0.03564755991101265,6.927699723746628e-05,0.018376430496573448,0.012798981741070747,0.00048146190238185227,0.0008883920963853598,0.00010005675714734614
996,True,,0.012467347085475922,0.13063755631446838,0.0003414004168007523,0.10137684643268585,0.07515812665224075,0.00048158271238207817,0.0015482340240851045,0.00010003632484919988
997,True,,0.0017931517213582993,0.06696727126836777,0.0009264071122743189,0.02848074957728386,0.018133239820599556,0.00048175128176808357,0.0006903762114234269,0.00010002043284794357
998,True,,0.000560027256142348,0.01345662958920002,0.0004498565394897014,0.005260515958070755,0.002450293628498912,0.00048190931556746364,0.0005522329593077302,0.0001000090813039334
999,True,,0.0016710724448785186,0.058528557419776917,0.0008192494860850275,0.02067619562149048,0.011508949100971222,0.00048205436905846,0.0006611795979551971,0.00010000227033171049
1000,True,,0.007089775055646896,0.11865692585706711,0.0005561761790886521,0.04908348247408867,0.029010839760303497,0.00048219141899608076,0.0011131932260468602,0.0001
