method,parameter_space,test_index,seed,layer,error_l2,owner_error_dot,owner_error_cosine,owner_gradient_l2,quality_error_dot,quality_error_cosine,quality_gradient_l2,ownership_score,image_mse
fixed_ptq_w8_c1.0_test,quantized,0,3459,conv_in.weight,0.0837320263089241,-6.235655223064507e-05,-0.008426440588837887,0.08837843974927363,4.490652888449436e-07,0.032671181600105036,0.0001641545950370903,0.05988333374261856,3.705482185978326e-06
fixed_ptq_w8_c1.0_test,quantized,0,3459,up_blocks.0.resnets.0.conv1.weight,1.1918811636973365,-3.982686746026051e-06,-0.00012969731153338062,0.025763936417327712,4.097263472086019e-07,0.005943851127098674,5.783530261080052e-05,0.05988333374261856,3.705482185978326e-06
fixed_ptq_w8_c1.0_test,quantized,0,3459,up_blocks.0.resnets.0.conv2.weight,0.8195175184916672,-2.8457353022712793e-05,-0.0009052335514900598,0.03835973669778273,1.3053859350490224e-07,0.0018547917404677914,8.587871431829355e-05,0.05988333374261856,3.705482185978326e-06
fixed_ptq_w8_c1.0_test,quantized,0,3459,up_blocks.0.resnets.1.conv1.weight,1.2024793667778395,2.2951938429734983e-06,6.671194325269248e-05,0.028611336536956324,3.4433672682771483e-07,0.0041593042627580835,6.884700030424587e-05,0.05988333374261856,3.705482185978326e-06
fixed_ptq_w8_c1.0_test,quantized,0,3459,up_blocks.0.resnets.1.conv2.weight,0.76366091380036,2.2592828289611246e-05,0.0006559445185219424,0.04510274056542385,1.4880053458915905e-07,0.0018637113352022883,0.00010455029968742086,0.05988333374261856,3.705482185978326e-06
fixed_ptq_w8_c1.0_test,quantized,0,3459,up_blocks.0.resnets.2.conv1.weight,1.258696229445508,9.33227214301002e-06,0.00025669979588943464,0.02888290956328458,3.849661515420167e-07,0.0045270800642582655,6.755903521325069e-05,0.05988333374261856,3.705482185978326e-06
fixed_ptq_w8_c1.0_test,quantized,0,3459,up_blocks.0.resnets.2.conv2.weight,0.7679976490921732,1.371700442071712e-05,0.0003915823492375884,0.04561170223162299,9.598917446520015e-08,0.001363380409587728,9.167381749464748e-05,0.05988333374261856,3.705482185978326e-06
fixed_ptq_w8_c1.0_test,quantized,0,3459,up_blocks.0.upsamplers.0.conv.weight,0.4598796936225145,-1.0322685117432674e-05,-0.00016375093497017785,0.13707702115407677,6.724118621211339e-07,0.0054984893430050094,0.00026591800584216873,0.05988333374261856,3.705482185978326e-06
fixed_ptq_w8_c1.0_test,quantized,0,3459,up_blocks.1.resnets.0.conv1.weight,1.1605746129245327,3.25040398396795e-05,0.0008128200877128553,0.03445639577865456,2.417546996544567e-07,0.0025985114276583714,8.016360289331974e-05,0.05988333374261856,3.705482185978326e-06
fixed_ptq_w8_c1.0_test,quantized,0,3459,up_blocks.1.resnets.0.conv2.weight,1.1144503949102627,-9.826947762087578e-06,-0.000252397751143535,0.03493593926907098,2.2650314896201495e-07,0.002681081607243562,7.580598032219691e-05,0.05988333374261856,3.705482185978326e-06
fixed_ptq_w8_c1.0_test,quantized,0,3459,up_blocks.1.resnets.1.conv1.weight,1.1838596364530638,-3.763502818297899e-05,-0.0009145574376770364,0.03476010230519032,3.4945766188266587e-07,0.004054770372877073,7.279944840133531e-05,0.05988333374261856,3.705482185978326e-06
fixed_ptq_w8_c1.0_test,quantized,0,3459,up_blocks.1.resnets.1.conv2.weight,1.0681922737846614,-4.435273324246204e-06,-0.00011559122801681104,0.03592080645644968,2.530236078812004e-07,0.0032926508353232613,7.193925445690646e-05,0.05988333374261856,3.705482185978326e-06
fixed_ptq_w8_c1.0_test,quantized,0,3459,up_blocks.1.resnets.2.conv1.weight,1.1443847282752029,-1.4693169098903582e-05,-0.000318124720872184,0.04035952112666303,2.702444128027296e-07,0.003161218375082556,7.470164622696428e-05,0.05988333374261856,3.705482185978326e-06
fixed_ptq_w8_c1.0_test,quantized,0,3459,up_blocks.1.resnets.2.conv2.weight,0.9794177813243862,1.1693741565090575e-05,0.0003383184294438785,0.03529066573939542,9.003308094963063e-08,0.0014276675253357607,6.438831303576233e-05,0.05988333374261856,3.705482185978326e-06
fixed_ptq_w8_c1.0_test,quantized,0,3459,up_blocks.1.upsamplers.0.conv.weight,0.5073170002166529,6.920335054692295e-05,0.0011217267725101572,0.12160757285696054,2.751503543822487e-07,0.0029308958702413675,0.00018505050377665592,0.05988333374261856,3.705482185978326e-06
fixed_ptq_w8_c1.0_test,quantized,0,3459,up_blocks.2.resnets.0.conv1.weight,0.7521863972157539,-2.4400092670723434e-05,-0.0009008811447262134,0.03600795881800021,1.529496203216875e-07,0.003024085854990306,6.724017130612102e-05,0.05988333374261856,3.705482185978326e-06
fixed_ptq_w8_c1.0_test,quantized,0,3459,up_blocks.2.resnets.0.conv2.weight,0.6131526755805556,-2.3555592154444372e-05,-0.0012762398502430994,0.030101843764468197,9.910340712285014e-08,0.003334107966807166,4.8477509325843406e-05,0.05988333374261856,3.705482185978326e-06
fixed_ptq_w8_c1.0_test,quantized,0,3459,up_blocks.2.resnets.0.conv_shortcut.weight,0.052282203692116065,4.440895328417028e-05,0.0026255323016450833,0.32351862379647056,2.117081155279267e-07,0.008932879832446484,0.00045330669137130927,0.05988333374261856,3.705482185978326e-06
fixed_ptq_w8_c1.0_test,quantized,0,3459,up_blocks.2.resnets.1.conv1.weight,0.4851332093365615,-2.6456216580830942e-05,-0.0014345886668243402,0.03801362943024978,1.111113424887578e-07,0.002951647135273409,7.759485984628983e-05,0.05988333374261856,3.705482185978326e-06
fixed_ptq_w8_c1.0_test,quantized,0,3459,up_blocks.2.resnets.1.conv2.weight,0.6572459861136889,-2.8399658331079423e-05,-0.001279226382462054,0.03377829817568813,1.321945373599983e-07,0.004747181676982476,4.236914636263367e-05,0.05988333374261856,3.705482185978326e-06
fixed_ptq_w8_c1.0_test,quantized,0,3459,up_blocks.2.resnets.2.conv1.weight,0.5146227831899781,-2.949200154561353e-05,-0.0013953707676394457,0.041070086570598414,1.892710582996156e-07,0.006592219588077516,5.579092164902377e-05,0.05988333374261856,3.705482185978326e-06
fixed_ptq_w8_c1.0_test,quantized,0,3459,up_blocks.2.resnets.2.conv2.weight,0.6015476376614555,1.1328211276445314e-05,0.0006372844177172259,0.029550036044100753,2.050248037040375e-08,0.0011140468810200285,3.059376398894601e-05,0.05988333374261856,3.705482185978326e-06
fixed_ptq_w8_c1.0_test,quantized,0,3459,up_blocks.2.upsamplers.0.conv.weight,0.27824634041281426,1.4890736713442246e-05,0.00032964663936869363,0.16234468362312096,1.7853689016965538e-07,0.003908077388451591,0.00016418570782931742,0.05988333374261856,3.705482185978326e-06
fixed_ptq_w8_c1.0_test,quantized,0,3459,up_blocks.3.resnets.0.conv1.weight,0.3478885727279285,-6.0366920544325755e-05,-0.004246950624137311,0.04085842736974779,1.0408623018253501e-07,0.007589445163823527,3.942240257417805e-05,0.05988333374261856,3.705482185978326e-06
fixed_ptq_w8_c1.0_test,quantized,0,3459,up_blocks.3.resnets.0.conv2.weight,0.373706320770526,2.5738477995285907e-05,0.002839409556666392,0.02425629014356066,4.1631336905132226e-08,0.008353814428778226,1.3335370628540723e-05,0.05988333374261856,3.705482185978326e-06
fixed_ptq_w8_c1.0_test,quantized,0,3459,up_blocks.3.resnets.0.conv_shortcut.weight,0.04200119050094848,-4.906539997236177e-05,-0.0036074915390092843,0.32382354430047205,8.536400824673449e-08,0.009944990314091526,0.00020436608917628904,0.05988333374261856,3.705482185978326e-06
fixed_ptq_w8_c1.0_test,quantized,0,3459,up_blocks.3.resnets.1.conv1.weight,0.24075198500202138,-3.5501864280826904e-05,-0.0027112733047600325,0.05438861313701455,3.1423532591809434e-08,0.005943994880941532,2.195870392037969e-05,0.05988333374261856,3.705482185978326e-06
fixed_ptq_w8_c1.0_test,quantized,0,3459,up_blocks.3.resnets.1.conv2.weight,0.3872260557515659,3.6611978157418824e-05,0.003285774926645356,0.028775362992470813,1.1806986055106466e-08,0.0023842723233713607,1.2788470920020547e-05,0.05988333374261856,3.705482185978326e-06
fixed_ptq_w8_c1.0_test,quantized,0,3459,up_blocks.3.resnets.2.conv1.weight,0.25206567958705234,3.837225875570452e-05,0.002591176758119464,0.05874982904431455,3.05317536759673e-08,0.005120342824769765,2.365587370084088e-05,0.05988333374261856,3.705482185978326e-06
fixed_ptq_w8_c1.0_test,quantized,0,3459,up_blocks.3.resnets.2.conv2.weight,0.3666501936315225,-1.694088025544647e-06,-0.0003483580035946027,0.013263503643792708,1.903985918976125e-11,5.306799417981923e-06,9.785412563260422e-06,0.05988333374261856,3.705482185978326e-06
fixed_ptq_w8_c1.0_test,quantized,0,3459,mid_block.attentions.0.to_q.weight,0.23078628195619744,2.1104129114746308e-06,0.001373376038975403,0.0066583708231545986,-1.7876796848235296e-10,-4.951904027133192e-05,1.5642547961462674e-05,0.05988333374261856,3.705482185978326e-06
fixed_ptq_w8_c1.0_test,quantized,0,3459,mid_block.attentions.0.to_k.weight,0.23743591046848972,4.0314072525179265e-07,0.00022418871256303102,0.007573498195880274,8.058588628230535e-10,0.00017486920651930247,1.940882497835364e-05,0.05988333374261856,3.705482185978326e-06
fixed_ptq_w8_c1.0_test,quantized,0,3459,mid_block.attentions.0.to_v.weight,0.15740808941460843,2.0362485982194675e-06,0.000349132878239047,0.03705211488945912,-4.610735293241149e-09,-0.0003101613627732897,9.4439884204426e-05,0.05988333374261856,3.705482185978326e-06
fixed_ptq_w8_c1.0_test,quantized,0,3459,mid_block.attentions.0.to_out.0.weight,0.14889375094583934,9.945380242252636e-06,0.0015708449190032156,0.04252179699035986,4.832882962417009e-08,0.0033243513060558397,9.763890378680779e-05,0.05988333374261856,3.705482185978326e-06
fixed_ptq_w8_c1.0_test,quantized,0,3459,mid_block.resnets.0.conv1.weight,1.1884465818355672,-6.25451106195712e-05,-0.001680211754217922,0.0313220140846065,5.701967985907495e-07,0.005167686269283801,9.284295805483156e-05,0.05988333374261856,3.705482185978326e-06
fixed_ptq_w8_c1.0_test,quantized,0,3459,mid_block.resnets.0.conv2.weight,0.7352252030401639,-4.343925284260706e-06,-0.00010246066562581109,0.057664003044333306,4.4622619836491865e-07,0.004109979757503319,0.0001476709251376788,0.05988333374261856,3.705482185978326e-06
fixed_ptq_w8_c1.0_test,quantized,0,3459,mid_block.resnets.1.conv1.weight,1.1190719629553045,-1.7430494691505164e-05,-0.000685045640961634,0.02273694915379839,1.265012424878242e-07,0.002095962901915643,5.3932826904214486e-05,0.05988333374261856,3.705482185978326e-06
fixed_ptq_w8_c1.0_test,quantized,0,3459,mid_block.resnets.1.conv2.weight,0.7529255505498338,1.2226968106503689e-05,0.00041492443836130087,0.03913791893579806,6.105550017053555e-08,0.0009669026174314421,8.386679030366054e-05,0.05988333374261856,3.705482185978326e-06
fixed_ptq_w8_c1.0_test,quantized,0,3459,conv_out.weight,0.007964138539927095,8.925054310406774e-05,0.021334887588927227,0.525268917485563,3.4988563261369814e-07,0.05703527076080437,0.0007702714402559203,0.05988333374261856,3.705482185978326e-06
fixed_ptq_w8_c1.0_test,quantized,1,3460,conv_in.weight,0.0837320263089241,-0.00017533549622166146,-0.012363818383932221,0.16936576520037955,7.045539400176989e-07,0.056828476946359785,0.00014806643839928479,0.07565683871507645,2.5755416572792456e-06
fixed_ptq_w8_c1.0_test,quantized,1,3460,up_blocks.0.resnets.0.conv1.weight,1.1918811636973365,1.931767108992423e-05,0.00045852364582938407,0.0353476115821476,1.8948643893050837e-07,0.006862242667152429,2.3167496492471e-05,0.07565683871507645,2.5755416572792456e-06
fixed_ptq_w8_c1.0_test,quantized,1,3460,up_blocks.0.resnets.0.conv2.weight,0.8195175184916672,1.551742139804942e-05,0.0003382239742514014,0.055983097517664816,1.0372045330842981e-07,0.0024509345161056345,5.1638599655172024e-05,0.07565683871507645,2.5755416572792456e-06
fixed_ptq_w8_c1.0_test,quantized,1,3460,up_blocks.0.resnets.1.conv1.weight,1.2024793667778395,-2.7040991640650865e-05,-0.0005398225234052038,0.0416575745141706,1.7888567012442916e-07,0.005952985821757777,2.498981671958928e-05,0.07565683871507645,2.5755416572792456e-06
fixed_ptq_w8_c1.0_test,quantized,1,3460,up_blocks.0.resnets.1.conv2.weight,0.76366091380036,-3.7663720327591806e-06,-7.485959011243827e-05,0.06588327943258156,9.995509781328128e-08,0.0019931454356485034,6.56697550329895e-05,0.07565683871507645,2.5755416572792456e-06
fixed_ptq_w8_c1.0_test,quantized,1,3460,up_blocks.0.resnets.2.conv1.weight,1.258696229445508,-4.954368671483194e-05,-0.0008661246247664788,0.0454450937178276,3.281492924189571e-07,0.009902405636363997,2.6327512544017554e-05,0.07565683871507645,2.5755416572792456e-06
fixed_ptq_w8_c1.0_test,quantized,1,3460,up_blocks.0.resnets.2.conv2.weight,0.7679976490921732,-5.560401062583016e-05,-0.001001504895605074,0.07229248448614926,7.973582182715517e-08,0.001567620737130594,6.622966896388034e-05,0.07565683871507645,2.5755416572792456e-06
fixed_ptq_w8_c1.0_test,quantized,1,3460,up_blocks.0.upsamplers.0.conv.weight,0.4598796936225145,-0.00010152069096683349,-0.0009048707820275187,0.2439628883190228,4.0914334839171414e-07,0.005215849973801355,0.00017057138295973514,0.07565683871507645,2.5755416572792456e-06
fixed_ptq_w8_c1.0_test,quantized,1,3460,up_blocks.1.resnets.0.conv1.weight,1.1605746129245327,-4.1919569074443306e-05,-0.0007466391311442539,0.04837633864527308,1.86206696932239e-07,0.006239025253711144,2.5716122536457288e-05,0.07565683871507645,2.5755416572792456e-06
fixed_ptq_w8_c1.0_test,quantized,1,3460,up_blocks.1.resnets.0.conv2.weight,1.1144503949102627,-3.6248405278291544e-06,-5.7821691142433446e-05,0.05625192290140801,1.1833564329232319e-07,0.0026718490551681756,3.9741377312895965e-05,0.07565683871507645,2.5755416572792456e-06
fixed_ptq_w8_c1.0_test,quantized,1,3460,up_blocks.1.resnets.1.conv1.weight,1.1838596364530638,1.6773427622580185e-05,0.00026634106388954417,0.05319655094485017,1.7840772742634266e-07,0.006250540422073898,2.4109926115058047e-05,0.07565683871507645,2.5755416572792456e-06
fixed_ptq_w8_c1.0_test,quantized,1,3460,up_blocks.1.resnets.1.conv2.weight,1.0681922737846614,2.685976549770824e-05,0.0004381318973411569,0.05739154443647884,1.1317628736749542e-07,0.0025963256409220303,4.080814451028497e-05,0.07565683871507645,2.5755416572792456e-06
fixed_ptq_w8_c1.0_test,quantized,1,3460,up_blocks.1.resnets.2.conv1.weight,1.1443847282752029,0.00014060822169150594,0.0020951896913069348,0.05864288307324078,2.1676827356207262e-07,0.007159548223127296,2.6456844608179266e-05,0.07565683871507645,2.5755416572792456e-06
fixed_ptq_w8_c1.0_test,quantized,1,3460,up_blocks.1.resnets.2.conv2.weight,0.9794177813243862,-8.596329348217786e-06,-0.00015817148828521201,0.05549027290251413,8.056080423140443e-08,0.0017698687072628429,4.647450342528353e-05,0.07565683871507645,2.5755416572792456e-06
fixed_ptq_w8_c1.0_test,quantized,1,3460,up_blocks.1.upsamplers.0.conv.weight,0.5073170002166529,9.046949768120811e-05,0.0007751324041968451,0.23006304857441098,1.8958906537673118e-07,0.002327755391185014,0.0001605449054320906,0.07565683871507645,2.5755416572792456e-06
fixed_ptq_w8_c1.0_test,quantized,1,3460,up_blocks.2.resnets.0.conv1.weight,0.7521863972157539,-2.7372298003486527e-06,-5.415641548495831e-05,0.0671948320589528,1.059185957082115e-07,0.0050789018833607424,2.7725342250618586e-05,0.07565683871507645,2.5755416572792456e-06
fixed_ptq_w8_c1.0_test,quantized,1,3460,up_blocks.2.resnets.0.conv2.weight,0.6131526755805556,-1.8924532495488727e-05,-0.0005933762334614285,0.052014734307742685,4.0925196306236504e-08,0.0023665107178132165,2.820419234950299e-05,0.07565683871507645,2.5755416572792456e-06
fixed_ptq_w8_c1.0_test,quantized,1,3460,up_blocks.2.resnets.0.conv_shortcut.weight,0.052282203692116065,8.078732033164741e-05,0.0024620103821178835,0.6276238495406199,8.982913293890163e-08,0.00432079352931794,0.0003976489216574694,0.07565683871507645,2.5755416572792456e-06
fixed_ptq_w8_c1.0_test,quantized,1,3460,up_blocks.2.resnets.1.conv1.weight,0.4851332093365615,2.3596490663912165e-05,0.0007616916360725916,0.06385681107765043,1.0104637495775405e-07,0.009626513820448282,2.163668359862078e-05,0.07565683871507645,2.5755416572792456e-06
fixed_ptq_w8_c1.0_test,quantized,1,3460,up_blocks.2.resnets.1.conv2.weight,0.6572459861136889,-5.708533084099411e-05,-0.0014934584744089726,0.05815719186333982,4.906165240802203e-08,0.002533420122235475,2.9465038511130272e-05,0.07565683871507645,2.5755416572792456e-06
fixed_ptq_w8_c1.0_test,quantized,1,3460,up_blocks.2.resnets.2.conv1.weight,0.5146227831899781,2.705531606674219e-05,0.0008125385138746986,0.06470228929672489,8.234043492930913e-08,0.00741737635712437,2.1571176472768077e-05,0.07565683871507645,2.5755416572792456e-06
fixed_ptq_w8_c1.0_test,quantized,1,3460,up_blocks.2.resnets.2.conv2.weight,0.6015476376614555,-1.9573908566777115e-05,-0.0006170305811384427,0.05273522954355094,2.528799117111071e-08,0.0014900498745258092,2.821262526375044e-05,0.07565683871507645,2.5755416572792456e-06
fixed_ptq_w8_c1.0_test,quantized,1,3460,up_blocks.2.upsamplers.0.conv.weight,0.27824634041281426,6.3433695014187844e-06,6.894643821748262e-05,0.33065775544217146,1.5376143920048936e-07,0.0029246044697166474,0.0001889517135922845,0.07565683871507645,2.5755416572792456e-06
fixed_ptq_w8_c1.0_test,quantized,1,3460,up_blocks.3.resnets.0.conv1.weight,0.3478885727279285,-2.4321021866136878e-05,-0.0010160242785148808,0.06880778361516732,7.119491188988611e-08,0.0074212136730041085,2.757616426041627e-05,0.07565683871507645,2.5755416572792456e-06
fixed_ptq_w8_c1.0_test,quantized,1,3460,up_blocks.3.resnets.0.conv2.weight,0.373706320770526,5.554134524446757e-05,0.0037289290100160346,0.039856745677418,2.6347274814172895e-08,0.0052451140562670565,1.3441580008101605e-05,0.07565683871507645,2.5755416572792456e-06
fixed_ptq_w8_c1.0_test,quantized,1,3460,up_blocks.3.resnets.0.conv_shortcut.weight,0.04200119050094848,7.185874257639548e-05,0.002945358054884953,0.5808712948463373,1.0421349980439752e-07,0.008837574599534524,0.0002807561561786435,0.07565683871507645,2.5755416572792456e-06
fixed_ptq_w8_c1.0_test,quantized,1,3460,up_blocks.3.resnets.1.conv1.weight,0.24075198500202138,-6.0923763980340415e-05,-0.0029602249421274533,0.08548543714069776,3.5720534913108045e-08,0.004571118102026473,3.245828992196451e-05,0.07565683871507645,2.5755416572792456e-06
fixed_ptq_w8_c1.0_test,quantized,1,3460,up_blocks.3.resnets.1.conv2.weight,0.3872260557515659,5.299548388627529e-05,0.002814207712745397,0.04863155321296368,5.983129161228138e-09,0.0009959770533816891,1.5513667285312074e-05,0.07565683871507645,2.5755416572792456e-06
fixed_ptq_w8_c1.0_test,quantized,1,3460,up_blocks.3.resnets.2.conv1.weight,0.25206567958705234,6.01470418339965e-05,0.002317596552123943,0.10295862142368886,3.3769748429718095e-08,0.0029541457614467455,4.535051126933071e-05,0.07565683871507645,2.5755416572792456e-06
fixed_ptq_w8_c1.0_test,quantized,1,3460,up_blocks.3.resnets.2.conv2.weight,0.3666501936315225,1.210214999837965e-05,0.0014371876439474266,0.02296662281656015,2.022184508602865e-09,0.0003800527149468505,1.451192486110635e-05,0.07565683871507645,2.5755416572792456e-06
fixed_ptq_w8_c1.0_test,quantized,1,3460,mid_block.attentions.0.to_q.weight,0.23078628195619744,5.189649028295167e-06,0.002338463506711384,0.009616065224611397,-1.985191201967276e-10,-0.00010722397377495465,8.022328708197794e-06,0.07565683871507645,2.5755416572792456e-06
fixed_ptq_w8_c1.0_test,quantized,1,3460,mid_block.attentions.0.to_k.weight,0.23743591046848972,-3.6321609463177137e-06,-0.0012530992343605552,0.012207682242331085,3.0973311164853e-09,0.0017939437355469514,7.2716407404117715e-06,0.07565683871507645,2.5755416572792456e-06
fixed_ptq_w8_c1.0_test,quantized,1,3460,mid_block.attentions.0.to_v.weight,0.15740808941460843,1.444055463569768e-06,0.00012757907441343603,0.0719080280940245,2.708841482745625e-08,0.004526402024071325,3.801923899439345e-05,0.07565683871507645,2.5755416572792456e-06
fixed_ptq_w8_c1.0_test,quantized,1,3460,mid_block.attentions.0.to_out.0.weight,0.14889375094583934,2.409688866728806e-05,0.001814429883001612,0.08919578054823275,1.2843786909241802e-08,0.0013208698511198373,6.530652769686659e-05,0.07565683871507645,2.5755416572792456e-06
fixed_ptq_w8_c1.0_test,quantized,1,3460,mid_block.resnets.0.conv1.weight,1.1884465818355672,3.3987087607519456e-05,0.0005179635501973847,0.0552122042817517,1.9170388995999234e-07,0.005845278400575072,2.759599508225576e-05,0.07565683871507645,2.5755416572792456e-06
fixed_ptq_w8_c1.0_test,quantized,1,3460,mid_block.resnets.0.conv2.weight,0.7352252030401639,8.852298685469383e-06,0.00013853117585543674,0.0869136827656095,1.7533966219848976e-07,0.003371359561550451,7.073831429299462e-05,0.07565683871507645,2.5755416572792456e-06
fixed_ptq_w8_c1.0_test,quantized,1,3460,mid_block.resnets.1.conv1.weight,1.1190719629553045,4.005714248520582e-05,0.0011345677593036798,0.031549429610184095,7.706593079335511e-08,0.0036223829976447727,1.9011222569187898e-05,0.07565683871507645,2.5755416572792456e-06
fixed_ptq_w8_c1.0_test,quantized,1,3460,mid_block.resnets.1.conv2.weight,0.7529255505498338,-6.0488304680479665e-05,-0.0013126449112934012,0.0612029165122545,8.824861101571445e-08,0.002224135859049854,5.2698048304324864e-05,0.07565683871507645,2.5755416572792456e-06
fixed_ptq_w8_c1.0_test,quantized,1,3460,conv_out.weight,0.007964138539927095,0.000270345741034605,0.04192766142913444,0.8096178716253853,4.4987348885618846e-07,0.05995140432764596,0.0009422198166304691,0.07565683871507645,2.5755416572792456e-06
fixed_ptq_w8_c1.0_test,quantized,2,3461,conv_in.weight,0.0837320263089241,-4.669316649837429e-06,-0.0005205851133562091,0.10711985608182986,1.0847237239748148e-06,0.05104285336459485,0.0002538005701831498,0.06345941126346588,4.316567355999723e-06
fixed_ptq_w8_c1.0_test,quantized,2,3461,up_blocks.0.resnets.0.conv1.weight,1.1918811636973365,-7.440400273423642e-06,-0.00018896052438428193,0.033036365191271816,3.8298216533162893e-07,0.008558307099032799,3.754548576981645e-05,0.06345941126346588,4.316567355999723e-06
fixed_ptq_w8_c1.0_test,quantized,2,3461,up_blocks.0.resnets.0.conv2.weight,0.8195175184916672,1.9611839679309217e-05,0.0005251995601114785,0.04556545789777455,9.783595828672978e-08,0.0017130725931033496,6.968904200829699e-05,0.06345941126346588,4.316567355999723e-06
fixed_ptq_w8_c1.0_test,quantized,2,3461,up_blocks.0.resnets.1.conv1.weight,1.2024793667778395,-3.3427515407053656e-05,-0.0006814792029703942,0.04079189281017584,3.9562960260449373e-07,0.007704508751845154,4.2703767690856585e-05,0.06345941126346588,4.316567355999723e-06
fixed_ptq_w8_c1.0_test,quantized,2,3461,up_blocks.0.resnets.1.conv2.weight,0.76366091380036,-7.348954321927478e-06,-0.00018590689638237117,0.051764197383427496,1.576309109146744e-07,0.0025195113157030465,8.192652028944768e-05,0.06345941126346588,4.316567355999723e-06
fixed_ptq_w8_c1.0_test,quantized,2,3461,up_blocks.0.resnets.2.conv1.weight,1.258696229445508,-7.864811476682153e-06,-0.00014144981937211777,0.04417382317611382,4.4966110023036584e-07,0.008892236682891927,4.017476766213247e-05,0.06345941126346588,4.316567355999723e-06
fixed_ptq_w8_c1.0_test,quantized,2,3461,up_blocks.0.resnets.2.conv2.weight,0.7679976490921732,-1.079600236527241e-06,-2.689470915401291e-05,0.05226804163062301,1.5949967494011327e-07,0.0024167701167398395,8.593390935505596e-05,0.06345941126346588,4.316567355999723e-06
fixed_ptq_w8_c1.0_test,quantized,2,3461,up_blocks.0.upsamplers.0.conv.weight,0.4598796936225145,-2.965117647323846e-05,-0.000315731743803315,0.20421114857621148,8.504404738727155e-07,0.006292797647171374,0.0002938704518682087,0.06345941126346588,4.316567355999723e-06
fixed_ptq_w8_c1.0_test,quantized,2,3461,up_blocks.1.resnets.0.conv1.weight,1.1605746129245327,-3.1086218511272655e-05,-0.0005898957227747962,0.04540666255574335,2.960482469943307e-07,0.006883954449823626,3.705539435223048e-05,0.06345941126346588,4.316567355999723e-06
fixed_ptq_w8_c1.0_test,quantized,2,3461,up_blocks.1.resnets.0.conv2.weight,1.1144503949102627,6.660988149432942e-05,0.00132979173008956,0.04494633566041199,2.23492826371659e-07,0.0040460585980985385,4.9564494025565914e-05,0.06345941126346588,4.316567355999723e-06
fixed_ptq_w8_c1.0_test,quantized,2,3461,up_blocks.1.resnets.1.conv1.weight,1.1838596364530638,-6.799595583163692e-05,-0.00121657172334957,0.04721121219678903,3.0522824657554473e-07,0.007852294122681593,3.283431419403722e-05,0.06345941126346588,4.316567355999723e-06
fixed_ptq_w8_c1.0_test,quantized,2,3461,up_blocks.1.resnets.1.conv2.weight,1.0681922737846614,-2.1730522891717118e-05,-0.00045158522032514496,0.04504857156293396,1.7858488940753945e-07,0.003293208314083024,5.0766365662912243e-05,0.06345941126346588,4.316567355999723e-06
fixed_ptq_w8_c1.0_test,quantized,2,3461,up_blocks.1.resnets.2.conv1.weight,1.1443847282752029,1.7223839609989418e-05,0.00027702175453130535,0.05433054274591973,4.081973706700855e-07,0.01011295957160666,3.52711709912384e-05,0.06345941126346588,4.316567355999723e-06
fixed_ptq_w8_c1.0_test,quantized,2,3461,up_blocks.1.resnets.2.conv2.weight,0.9794177813243862,-4.367204470574267e-06,-0.00010313227328279551,0.04323554629104575,1.2380700269029244e-07,0.0023816596787814056,5.307591881476739e-05,0.06345941126346588,4.316567355999723e-06
fixed_ptq_w8_c1.0_test,quantized,2,3461,up_blocks.1.upsamplers.0.conv.weight,0.5073170002166529,0.00013772528706474285,0.0015086380425055395,0.1799489080223328,4.5025457348979126e-07,0.0031632044952390613,0.0002805765998522726,0.06345941126346588,4.316567355999723e-06
fixed_ptq_w8_c1.0_test,quantized,2,3461,up_blocks.2.resnets.0.conv1.weight,0.7521863972157539,4.682897237653101e-05,0.0011523653571672433,0.05402552035291061,1.9281062496311016e-07,0.007862777042963743,3.260089523205865e-05,0.06345941126346588,4.316567355999723e-06
fixed_ptq_w8_c1.0_test,quantized,2,3461,up_blocks.2.resnets.0.conv2.weight,0.6131526755805556,-1.47179487081757e-06,-5.952241686577085e-05,0.040327202893064684,1.657031362886058e-07,0.005975636311053182,4.522493414710337e-05,0.06345941126346588,4.316567355999723e-06
fixed_ptq_w8_c1.0_test,quantized,2,3461,up_blocks.2.resnets.0.conv_shortcut.weight,0.052282203692116065,-8.327368755538635e-06,-0.0003500355397971953,0.45503182308924245,2.4365499752487446e-07,0.006774289451754428,0.0006879512901696994,0.06345941126346588,4.316567355999723e-06
fixed_ptq_w8_c1.0_test,quantized,2,3461,up_blocks.2.resnets.1.conv1.weight,0.4851332093365615,2.5875059534855675e-05,0.0009435001154086807,0.05652992317261323,1.345244563418907e-07,0.01151680491429737,2.4077324748196735e-05,0.06345941126346588,4.316567355999723e-06
fixed_ptq_w8_c1.0_test,quantized,2,3461,up_blocks.2.resnets.1.conv2.weight,0.6572459861136889,-1.0714214194371569e-05,-0.0003592270064627027,0.045379886221070594,1.1135740217317084e-07,0.003809770357016973,4.447258255971864e-05,0.06345941126346588,4.316567355999723e-06
fixed_ptq_w8_c1.0_test,quantized,2,3461,up_blocks.2.resnets.2.conv1.weight,0.5146227831899781,1.4510444858586385e-05,0.0005158833660891224,0.054656295542366895,1.269365402410806e-07,0.011095895070751297,2.222978727118857e-05,0.06345941126346588,4.316567355999723e-06
fixed_ptq_w8_c1.0_test,quantized,2,3461,up_blocks.2.resnets.2.conv2.weight,0.6015476376614555,1.639054841089788e-05,0.0007416042693903791,0.03674102244598435,7.48970893607413e-09,0.000297061988011484,4.1912911639540965e-05,0.06345941126346588,4.316567355999723e-06
fixed_ptq_w8_c1.0_test,quantized,2,3461,up_blocks.2.upsamplers.0.conv.weight,0.27824634041281426,2.8870684643548322e-05,0.0005142686206374783,0.20176117399355234,2.292266694778741e-07,0.002378495357804832,0.00034636450145627656,0.06345941126346588,4.316567355999723e-06
fixed_ptq_w8_c1.0_test,quantized,2,3461,up_blocks.3.resnets.0.conv1.weight,0.3478885727279285,-3.6729682642248156e-06,-0.00021154457762336855,0.04990856863277314,7.743875463935387e-08,0.007954242299144767,2.7984617833642908e-05,0.06345941126346588,4.316567355999723e-06
fixed_ptq_w8_c1.0_test,quantized,2,3461,up_blocks.3.resnets.0.conv2.weight,0.373706320770526,3.296899953758039e-05,0.0031557647759466764,0.02795572119955767,8.007867386265076e-10,0.00010953414894626872,1.956306467690782e-05,0.06345941126346588,4.316567355999723e-06
fixed_ptq_w8_c1.0_test,quantized,2,3461,up_blocks.3.resnets.0.conv_shortcut.weight,0.04200119050094848,-6.424632227474219e-05,-0.003981442819980866,0.3841901168112812,7.811609004198191e-08,0.004492634561148618,0.00041397851581193316,0.06345941126346588,4.316567355999723e-06
fixed_ptq_w8_c1.0_test,quantized,2,3461,up_blocks.3.resnets.1.conv1.weight,0.24075198500202138,-1.0423715788476983e-06,-6.976165851451157e-05,0.06206344632929919,3.144061480453094e-08,0.0035608765764882093,3.6674502600488803e-05,0.06345941126346588,4.316567355999723e-06
fixed_ptq_w8_c1.0_test,quantized,2,3461,up_blocks.3.resnets.1.conv2.weight,0.3872260557515659,6.510672844141694e-06,0.0005337350849755691,0.03150181294928453,4.126994578433949e-08,0.00431052465285455,2.4725164663160133e-05,0.06345941126346588,4.316567355999723e-06
fixed_ptq_w8_c1.0_test,quantized,2,3461,up_blocks.3.resnets.2.conv1.weight,0.25206567958705234,5.9382538663935364e-05,0.0033979078258734936,0.06933195538121335,7.777403481460556e-08,0.006016218002073283,5.128582518677986e-05,0.06345941126346588,4.316567355999723e-06
fixed_ptq_w8_c1.0_test,quantized,2,3461,up_blocks.3.resnets.2.conv2.weight,0.3666501936315225,1.5137437666997185e-05,0.0026747873301580915,0.015435161991470523,1.5871818101576052e-08,0.00212477460562996,2.0373323991613645e-05,0.06345941126346588,4.316567355999723e-06
fixed_ptq_w8_c1.0_test,quantized,2,3461,mid_block.attentions.0.to_q.weight,0.23078628195619744,7.843914145152688e-06,0.0034064163840945277,0.009977577457104656,3.99839413647451e-09,0.0009850523165570828,1.7587994236795503e-05,0.06345941126346588,4.316567355999723e-06
fixed_ptq_w8_c1.0_test,quantized,2,3461,mid_block.attentions.0.to_k.weight,0.23743591046848972,-1.107066774227042e-06,-0.000514487290402239,0.009062598973231835,2.5271391228425047e-10,6.0646188798117577e-05,1.755008539770719e-05,0.06345941126346588,4.316567355999723e-06
fixed_ptq_w8_c1.0_test,quantized,2,3461,mid_block.attentions.0.to_v.weight,0.15740808941460843,-3.2005658867424265e-08,-3.4546452333724607e-06,0.05885674892456949,1.1707862009573199e-07,0.006948190735441431,0.00010704806361139237,0.06345941126346588,4.316567355999723e-06
fixed_ptq_w8_c1.0_test,quantized,2,3461,mid_block.attentions.0.to_out.0.weight,0.14889375094583934,8.494028024461333e-06,0.000737684585068401,0.07733329418393854,6.984622850818505e-08,0.0025816213020964673,0.00018170796040706293,0.06345941126346588,4.316567355999723e-06
fixed_ptq_w8_c1.0_test,quantized,2,3461,mid_block.resnets.0.conv1.weight,1.1884465818355672,-8.413936020384584e-05,-0.0019339197248112716,0.03660842936514077,6.218409320310627e-07,0.006700378810820443,7.809087394187857e-05,0.06345941126346588,4.316567355999723e-06
fixed_ptq_w8_c1.0_test,quantized,2,3461,mid_block.resnets.0.conv2.weight,0.7352252030401639,9.623390856756577e-06,0.00018547666571933877,0.0705697305355952,1.9805667450363242e-07,0.0020047529903443303,0.00013437182843728973,0.06345941126346588,4.316567355999723e-06
fixed_ptq_w8_c1.0_test,quantized,2,3461,mid_block.resnets.1.conv1.weight,1.1190719629553045,6.817374065567591e-05,0.0021848631544900987,0.027882702708219236,2.0737956529994832e-07,0.004145005335923767,4.470775380399617e-05,0.06345941126346588,4.316567355999723e-06
fixed_ptq_w8_c1.0_test,quantized,2,3461,mid_block.resnets.1.conv2.weight,0.7529255505498338,-1.2461364702422496e-05,-0.00036463704571241683,0.04538922654018356,5.5611787461176224e-08,0.000905030420986155,8.161155289171439e-05,0.06345941126346588,4.316567355999723e-06
fixed_ptq_w8_c1.0_test,quantized,2,3461,conv_out.weight,0.007964138539927095,0.00031773668397705847,0.05634545689798185,0.708059326597238,2.5356661728812924e-07,0.03392688903474135,0.0009384458809747245,0.06345941126346588,4.316567355999723e-06
fixed_ptq_w8_c1.0_test,quantized,3,3462,conv_in.weight,0.0837320263089241,-2.802413123215671e-06,-0.00213321607768955,0.015689377353702978,1.6376480752213705e-07,0.03320046665267916,5.890942583225714e-05,0.00268130493350327,6.896938202771707e-07
fixed_ptq_w8_c1.0_test,quantized,3,3462,up_blocks.0.resnets.0.conv1.weight,1.1918811636973365,3.528940427553224e-07,8.909873303215511e-05,0.0033230726973664587,4.9474505356050004e-08,0.00659349662359442,6.295536067963814e-06,0.00268130493350327,6.896938202771707e-07
fixed_ptq_w8_c1.0_test,quantized,3,3462,up_blocks.0.resnets.0.conv2.weight,0.8195175184916672,-2.7833723688334246e-06,-0.0004957286750424211,0.006851237595693975,2.460237479081007e-08,0.0011690870790890479,2.5678634622799258e-05,0.00268130493350327,6.896938202771707e-07
fixed_ptq_w8_c1.0_test,quantized,3,3462,up_blocks.0.resnets.1.conv1.weight,1.2024793667778395,-3.979892112822049e-06,-0.0010582015108212947,0.0031277014324315316,5.4555368669359964e-08,0.007899351628950781,5.743391426881803e-06,0.00268130493350327,6.896938202771707e-07
fixed_ptq_w8_c1.0_test,quantized,3,3462,up_blocks.0.resnets.1.conv2.weight,0.76366091380036,2.0369435706154484e-06,0.00034756888180749056,0.007674278370711571,2.3328558748362445e-08,0.0010943358135040457,2.7914942239097524e-05,0.00268130493350327,6.896938202771707e-07
fixed_ptq_w8_c1.0_test,quantized,3,3462,up_blocks.0.resnets.2.conv1.weight,1.258696229445508,5.812857153924615e-07,0.00011845965429142184,0.003898506463245672,6.457552736928944e-08,0.007746828234107287,6.622517333485365e-06,0.00268130493350327,6.896938202771707e-07
fixed_ptq_w8_c1.0_test,quantized,3,3462,up_blocks.0.resnets.2.conv2.weight,0.7679976490921732,-2.6043420465760993e-06,-0.0004108665997192859,0.008253483626620373,-2.8768699158333577e-10,-1.244172936102418e-05,3.010783893042122e-05,0.00268130493350327,6.896938202771707e-07
fixed_ptq_w8_c1.0_test,quantized,3,3462,up_blocks.0.upsamplers.0.conv.weight,0.4598796936225145,-1.0646145416424239e-05,-0.0009168113054613144,0.025250396406900265,1.5030254848995715e-07,0.004325187065958463,7.556439602871103e-05,0.00268130493350327,6.896938202771707e-07
fixed_ptq_w8_c1.0_test,quantized,3,3462,up_blocks.1.resnets.0.conv1.weight,1.1605746129245327,-4.5848520085591115e-07,-9.256782057634351e-05,0.004267683627918152,4.0528471693357876e-08,0.00542310543699075,6.439306726955125e-06,0.00268130493350327,6.896938202771707e-07
fixed_ptq_w8_c1.0_test,quantized,3,3462,up_blocks.1.resnets.0.conv2.weight,1.1144503949102627,-1.4951866911931716e-08,-2.520768371635305e-06,0.005322329272137122,3.808757719318245e-08,0.002343524668290453,1.458320818403917e-05,0.00268130493350327,6.896938202771707e-07
fixed_ptq_w8_c1.0_test,quantized,3,3462,up_blocks.1.resnets.1.conv1.weight,1.1838596364530638,-3.175316947716303e-06,-0.0006316443050919852,0.004246335288703131,4.622471734686854e-08,0.006394566874709588,6.106086004097656e-06,0.00268130493350327,6.896938202771707e-07
fixed_ptq_w8_c1.0_test,quantized,3,3462,up_blocks.1.resnets.1.conv2.weight,1.0681922737846614,2.667559646010473e-06,0.00040867540477688524,0.006110633055937249,3.060056003048229e-08,0.0016694472221831323,1.7159603496340784e-05,0.00268130493350327,6.896938202771707e-07
fixed_ptq_w8_c1.0_test,quantized,3,3462,up_blocks.1.resnets.2.conv1.weight,1.1443847282752029,8.918555871373252e-06,0.0015128659682308095,0.005151361528364773,6.566559363379528e-08,0.00758029824207153,7.569714992775637e-06,0.00268130493350327,6.896938202771707e-07
fixed_ptq_w8_c1.0_test,quantized,3,3462,up_blocks.1.resnets.2.conv2.weight,0.9794177813243862,1.0126832292923383e-06,0.00017187907615244928,0.006015650864242972,1.5680069826055287e-08,0.000839899223843554,1.9061313667902513e-05,0.00268130493350327,6.896938202771707e-07
fixed_ptq_w8_c1.0_test,quantized,3,3462,up_blocks.1.upsamplers.0.conv.weight,0.5073170002166529,1.0573849065247982e-05,0.0009445719469671888,0.022065747683689668,7.420250943418804e-08,0.002013674794318337,7.263565264438341e-05,0.00268130493350327,6.896938202771707e-07
fixed_ptq_w8_c1.0_test,quantized,3,3462,up_blocks.2.resnets.0.conv1.weight,0.7521863972157539,-2.6186025839763473e-06,-0.0006562708369030286,0.005304702237330996,3.769295215824795e-08,0.0064785842108261785,7.734897621358872e-06,0.00268130493350327,6.896938202771707e-07
fixed_ptq_w8_c1.0_test,quantized,3,3462,up_blocks.2.resnets.0.conv2.weight,0.6131526755805556,-5.641458116767763e-06,-0.001874967344067917,0.004907146597227865,2.447315273122857e-08,0.0037426248002652325,1.0664610580000859e-05,0.00268130493350327,6.896938202771707e-07
fixed_ptq_w8_c1.0_test,quantized,3,3462,up_blocks.2.resnets.0.conv_shortcut.weight,0.052282203692116065,4.732338296442325e-06,0.0017832478351060544,0.050758665190142514,-6.68452018331215e-09,-0.0006941025299304191,0.000184201315222438,0.00268130493350327,6.896938202771707e-07
fixed_ptq_w8_c1.0_test,quantized,3,3462,up_blocks.2.resnets.1.conv1.weight,0.4851332093365615,3.205850565314308e-06,0.0011329485371749733,0.005832732868928182,1.862163913570503e-08,0.006535403402691757,5.873331334344646e-06,0.00268130493350327,6.896938202771707e-07
fixed_ptq_w8_c1.0_test,quantized,3,3462,up_blocks.2.resnets.1.conv2.weight,0.6572459861136889,-3.483767181020741e-06,-0.0009115133823163455,0.005815112645806836,2.64005424324086e-08,0.0036370877100133855,1.1044120416601432e-05,0.00268130493350327,6.896938202771707e-07
fixed_ptq_w8_c1.0_test,quantized,3,3462,up_blocks.2.resnets.2.conv1.weight,0.5146227831899781,-8.377154055108408e-07,-0.0002829586858760244,0.00575286871342794,2.202087260577119e-08,0.006626761440643001,6.457199116906824e-06,0.00268130493350327,6.896938202771707e-07
fixed_ptq_w8_c1.0_test,quantized,3,3462,up_blocks.2.resnets.2.conv2.weight,0.6015476376614555,1.1024770618520018e-06,0.00036450706671817826,0.005027980494946455,7.622290962018037e-09,0.0012121567728782551,1.04533791988555e-05,0.00268130493350327,6.896938202771707e-07
fixed_ptq_w8_c1.0_test,quantized,3,3462,up_blocks.2.upsamplers.0.conv.weight,0.27824634041281426,1.2112485508761963e-05,0.0016626379684007676,0.026182198762013366,6.537654120778279e-08,0.0025281357017448445,9.293773787415687e-05,0.00268130493350327,6.896938202771707e-07
fixed_ptq_w8_c1.0_test,quantized,3,3462,up_blocks.3.resnets.0.conv1.weight,0.3478885727279285,-1.1827114537937784e-06,-0.0005417020826689641,0.006275930620639531,2.1948627210619583e-08,0.005785818782331166,1.0904415006144885e-05,0.00268130493350327,6.896938202771707e-07
fixed_ptq_w8_c1.0_test,quantized,3,3462,up_blocks.3.resnets.0.conv2.weight,0.373706320770526,-2.04828967110799e-06,-0.001546344191688808,0.0035444982325884135,7.324116672058984e-09,0.003726856185155776,5.258745777306038e-06,0.00268130493350327,6.896938202771707e-07
fixed_ptq_w8_c1.0_test,quantized,3,3462,up_blocks.3.resnets.0.conv_shortcut.weight,0.04200119050094848,-8.592963438339926e-06,-0.004259707838217085,0.04802877949226876,2.102417411965907e-08,0.003926920256112896,0.00012746920056637946,0.00268130493350327,6.896938202771707e-07
fixed_ptq_w8_c1.0_test,quantized,3,3462,up_blocks.3.resnets.1.conv1.weight,0.24075198500202138,-5.625035368905756e-06,-0.003376431137231023,0.006919862808228032,1.5087087159412454e-08,0.0053556214349299745,1.170107199897791e-05,0.00268130493350327,6.896938202771707e-07
fixed_ptq_w8_c1.0_test,quantized,3,3462,up_blocks.3.resnets.1.conv2.weight,0.3872260557515659,4.976702547417599e-06,0.00248054604682111,0.005181193575136176,9.75432857280586e-10,0.00040843634243747354,6.16748965494481e-06,0.00268130493350327,6.896938202771707e-07
fixed_ptq_w8_c1.0_test,quantized,3,3462,up_blocks.3.resnets.2.conv1.weight,0.25206567958705234,-4.269048924083186e-06,-0.0014102821079819024,0.012009126461844148,9.207180419807663e-09,0.003388982150981693,1.0778135877254434e-05,0.00268130493350327,6.896938202771707e-07
fixed_ptq_w8_c1.0_test,quantized,3,3462,up_blocks.3.resnets.2.conv2.weight,0.3666501936315225,-1.2972029279037678e-06,-0.0015491945587736997,0.00228375777343023,-9.157461090269402e-11,-4.894881026965979e-05,5.102476613615128e-06,0.00268130493350327,6.896938202771707e-07
fixed_ptq_w8_c1.0_test,quantized,3,3462,mid_block.attentions.0.to_q.weight,0.23078628195619744,1.9048265884012526e-07,0.0012384277278192019,0.0006664610712068602,8.223029464828899e-10,0.002938795051258999,1.2124185040619247e-06,0.00268130493350327,6.896938202771707e-07
fixed_ptq_w8_c1.0_test,quantized,3,3462,mid_block.attentions.0.to_k.weight,0.23743591046848972,2.0548979209284464e-07,0.0012320281033549728,0.0007024626452376265,8.842561779486974e-11,0.0003140394408794651,1.1858984564317317e-06,0.00268130493350327,6.896938202771707e-07
fixed_ptq_w8_c1.0_test,quantized,3,3462,mid_block.attentions.0.to_v.weight,0.15740808941460843,-8.946856778663132e-07,-0.0008395872464261669,0.006769827531745207,1.0994742531061673e-08,0.00431013638376887,1.6205670469375106e-05,0.00268130493350327,6.896938202771707e-07
fixed_ptq_w8_c1.0_test,quantized,3,3462,mid_block.attentions.0.to_out.0.weight,0.14889375094583934,-1.629865372068871e-06,-0.0012311792500254192,0.00889106887707588,7.945220168733513e-09,0.0015084502413161144,3.537516520218227e-05,0.00268130493350327,6.896938202771707e-07
fixed_ptq_w8_c1.0_test,quantized,3,3462,mid_block.resnets.0.conv1.weight,1.1884465818355672,-4.25691120150334e-06,-0.0007595517371462958,0.004715823732722774,3.2867370416832475e-08,0.003554140713671222,7.781273409090876e-06,0.00268130493350327,6.896938202771707e-07
fixed_ptq_w8_c1.0_test,quantized,3,3462,mid_block.resnets.0.conv2.weight,0.7352252030401639,-1.4842290319216384e-06,-0.00020808724650990003,0.009701414774104472,5.34387390079806e-08,0.0023430390419917507,3.1021035469975305e-05,0.00268130493350327,6.896938202771707e-07
fixed_ptq_w8_c1.0_test,quantized,3,3462,mid_block.resnets.1.conv1.weight,1.1190719629553045,2.672095300147379e-06,0.0007334613164970735,0.0032554926141942636,2.966945643034763e-08,0.004178150706672362,6.345523745296805e-06,0.00268130493350327,6.896938202771707e-07
fixed_ptq_w8_c1.0_test,quantized,3,3462,mid_block.resnets.1.conv2.weight,0.7529255505498338,3.4877882911626632e-06,0.0006578792530368996,0.007041284457694004,6.506701864807413e-09,0.00040168836820166337,2.151392334213729e-05,0.00268130493350327,6.896938202771707e-07
fixed_ptq_w8_c1.0_test,quantized,3,3462,conv_out.weight,0.007964138539927095,1.3343524223191702e-05,0.02222341352224296,0.07539125532210876,1.182067684464514e-07,0.03695620241639169,0.0004016208041235493,0.00268130493350327,6.896938202771707e-07
reconstruction_w8_c1.0_test,quantized,0,3459,conv_in.weight,0.08428345778764143,-5.462958327589061e-06,-0.0007400868356286245,0.08757958116052725,2.0350107068290828e-07,0.01944659828167833,0.0001241597161776605,0.05955202877521515,3.4058973596984288e-06
reconstruction_w8_c1.0_test,quantized,0,3459,up_blocks.0.resnets.0.conv1.weight,1.191922001623241,-5.168753530377974e-06,-0.000169345748558243,0.025607294074642656,3.357948446004182e-07,0.006205085396213908,4.5402359690925024e-05,0.05955202877521515,3.4058973596984288e-06
reconstruction_w8_c1.0_test,quantized,0,3459,up_blocks.0.resnets.0.conv2.weight,0.8195222202731136,-2.1504158369822135e-05,-0.0006880115704460861,0.038138707809299226,9.185881982873088e-08,0.0017228692977554246,6.505906182260891e-05,0.05955202877521515,3.4058973596984288e-06
reconstruction_w8_c1.0_test,quantized,0,3459,up_blocks.0.resnets.1.conv1.weight,1.2025081972592535,2.423794678817863e-05,0.0007088682768500679,0.028434280334063877,2.858423788326141e-07,0.004521021491749817,5.257775039955572e-05,0.05955202877521515,3.4058973596984288e-06
reconstruction_w8_c1.0_test,quantized,0,3459,up_blocks.0.resnets.1.conv2.weight,0.7636630831242595,2.597650212101661e-05,0.0007586439052732032,0.04483744953057222,1.1555291886215529e-07,0.0019333377251838071,7.826568637820178e-05,0.05955202877521515,3.4058973596984288e-06
reconstruction_w8_c1.0_test,quantized,0,3459,up_blocks.0.resnets.2.conv1.weight,1.2587285160567272,1.3158760900032497e-05,0.00036450601546662295,0.0286799390925767,3.2025834570386237e-07,0.004957267418438582,5.1324654843238966e-05,0.05955202877521515,3.4058973596984288e-06
reconstruction_w8_c1.0_test,quantized,0,3459,up_blocks.0.resnets.2.conv2.weight,0.7680001136272768,1.9060377390727112e-05,0.0005476755270368852,0.04531551042617884,9.758624183267602e-08,0.0018291549213235968,6.946672409869702e-05,0.05955202877521515,3.4058973596984288e-06
reconstruction_w8_c1.0_test,quantized,0,3459,up_blocks.0.upsamplers.0.conv.weight,0.4598971899066006,-1.296031885738855e-05,-0.00020672772172469956,0.13631894365456224,4.0026765401962224e-07,0.004149331402837297,0.00020975465948173478,0.05955202877521515,3.4058973596984288e-06
reconstruction_w8_c1.0_test,quantized,0,3459,up_blocks.1.resnets.0.conv1.weight,1.1605850328694733,3.167666232113679e-05,0.0007968306707123331,0.034252825916002726,2.1473279608555985e-07,0.0028968208034068042,6.387042161384042e-05,0.05955202877521515,3.4058973596984288e-06
reconstruction_w8_c1.0_test,quantized,0,3459,up_blocks.1.resnets.0.conv2.weight,1.1144715767959512,-7.564127519255775e-06,-0.00019547907338204827,0.03472078801264448,2.0031234165475482e-07,0.0029523796919259503,6.087885864813594e-05,0.05955202877521515,3.4058973596984288e-06
reconstruction_w8_c1.0_test,quantized,0,3459,up_blocks.1.resnets.1.conv1.weight,1.183870426593171,-3.087979783238388e-05,-0.0007553145907338788,0.03453364357096692,3.1293469921255777e-07,0.004444749785719295,5.947058796275178e-05,0.05955202877521515,3.4058973596984288e-06
reconstruction_w8_c1.0_test,quantized,0,3459,up_blocks.1.resnets.1.conv2.weight,1.0681986421311251,-3.319379771731974e-06,-8.700487963451357e-05,0.03571587636846657,2.2257598392699403e-07,0.003552033194439234,5.866097332053505e-05,0.05955202877521515,3.4058973596984288e-06
reconstruction_w8_c1.0_test,quantized,0,3459,up_blocks.1.resnets.2.conv1.weight,1.1444030355110475,-1.7987599703027623e-05,-0.000392486134135641,0.040046991410231304,2.5552076822535527e-07,0.0035432302110994097,6.301556480073558e-05,0.05955202877521515,3.4058973596984288e-06
reconstruction_w8_c1.0_test,quantized,0,3459,up_blocks.1.resnets.2.conv2.weight,0.9794209321536491,1.4209517358734647e-05,0.0004129758236793783,0.03513057978713259,6.108676549152232e-08,0.0011921248712451742,5.231858623350498e-05,0.05955202877521515,3.4058973596984288e-06
reconstruction_w8_c1.0_test,quantized,0,3459,up_blocks.1.upsamplers.0.conv.weight,0.5073279844685449,2.4736889830630364e-05,0.0004031832921722545,0.12093548461332665,2.115192996606656e-07,0.002679895287073593,0.00015557627040391997,0.05955202877521515,3.4058973596984288e-06
reconstruction_w8_c1.0_test,quantized,0,3459,up_blocks.2.resnets.0.conv1.weight,0.7522013166888705,-3.859145299921525e-05,-0.0014322996957497995,0.035819798747446445,1.318601208929928e-07,0.003012093495377431,5.819838484756256e-05,0.05955202877521515,3.4058973596984288e-06
reconstruction_w8_c1.0_test,quantized,0,3459,up_blocks.2.resnets.0.conv2.weight,0.61318476775841,-2.597391026692145e-05,-0.0014123781476223984,0.029991279098270138,6.483299429358391e-08,0.002546653101781203,4.151785725017035e-05,0.05955202877521515,3.4058973596984288e-06
reconstruction_w8_c1.0_test,quantized,0,3459,up_blocks.2.resnets.0.conv_shortcut.weight,0.05240756758939916,-7.435971191685079e-05,-0.0044111719436335664,0.32165455724929776,1.9823800786879333e-07,0.009454217067059975,0.00040009889527290013,0.05955202877521515,3.4058973596984288e-06
reconstruction_w8_c1.0_test,quantized,0,3459,up_blocks.2.resnets.1.conv1.weight,0.4851516686989581,-3.606526679554146e-05,-0.00196464740098692,0.037837897963913035,1.0477591624645914e-07,0.0032494023479345733,6.646307764898794e-05,0.05955202877521515,3.4058973596984288e-06
reconstruction_w8_c1.0_test,quantized,0,3459,up_blocks.2.resnets.1.conv2.weight,0.6572909513402865,-3.569919192617676e-05,-0.0016131628469241994,0.03366840331783293,9.851677513266012e-08,0.0041928589442535216,3.574722068191555e-05,0.05955202877521515,3.4058973596984288e-06
reconstruction_w8_c1.0_test,quantized,0,3459,up_blocks.2.resnets.2.conv1.weight,0.5146610844918129,-3.4323132323113e-05,-0.0016326681603369537,0.04084770494387296,1.5012662397784296e-07,0.005438507858156137,5.363603026597122e-05,0.05955202877521515,3.4058973596984288e-06
reconstruction_w8_c1.0_test,quantized,0,3459,up_blocks.2.resnets.2.conv2.weight,0.6015669681304061,3.2953928265240087e-06,0.00018603964101001713,0.029445417599200597,3.4685869114565135e-08,0.0019446702311629947,2.96498590814999e-05,0.05955202877521515,3.4058973596984288e-06
reconstruction_w8_c1.0_test,quantized,0,3459,up_blocks.2.upsamplers.0.conv.weight,0.2783338547643997,-2.0795503099037856e-05,-0.00046201487378654384,0.16171393316708269,2.481187701443983e-07,0.005720485134660794,0.00015583346379459875,0.05955202877521515,3.4058973596984288e-06
reconstruction_w8_c1.0_test,quantized,0,3459,up_blocks.3.resnets.0.conv1.weight,0.3480878322247038,-7.598944884021209e-05,-0.005360803242642776,0.04072251430967098,1.0261996251636211e-07,0.008299799393959736,3.552020092364268e-05,0.05955202877521515,3.4058973596984288e-06
reconstruction_w8_c1.0_test,quantized,0,3459,up_blocks.3.resnets.0.conv2.weight,0.37388558640215586,9.415897837227153e-06,0.0010401833905118291,0.024211020750942693,3.494207838331844e-08,0.004028375938678921,2.319957437317386e-05,0.05955202877521515,3.4058973596984288e-06
reconstruction_w8_c1.0_test,quantized,0,3459,up_blocks.3.resnets.0.conv_shortcut.weight,0.04224491560103111,-0.000172362217241524,-0.012645289818518415,0.32265532572057176,4.309531544450217e-07,0.035344050470808845,0.0002886285572381116,0.05955202877521515,3.4058973596984288e-06
reconstruction_w8_c1.0_test,quantized,0,3459,up_blocks.3.resnets.1.conv1.weight,0.24081317302922134,-3.450532900698728e-05,-0.002649049150803322,0.05408986733777108,3.529396630201379e-08,0.004603446679514943,3.183736448163641e-05,0.05955202877521515,3.4058973596984288e-06
reconstruction_w8_c1.0_test,quantized,0,3459,up_blocks.3.resnets.1.conv2.weight,0.3873781161978672,4.556877813897043e-06,0.00040963156902804634,0.02871698768327561,2.235122992186817e-08,0.0037163579861138195,1.552561460922756e-05,0.05955202877521515,3.4058973596984288e-06
reconstruction_w8_c1.0_test,quantized,0,3459,up_blocks.3.resnets.2.conv1.weight,0.25221028555882513,9.65375538252266e-06,0.0006512251188305705,0.05877631474496578,3.799410313586961e-07,0.013391575832669233,0.00011249202080226144,0.05955202877521515,3.4058973596984288e-06
reconstruction_w8_c1.0_test,quantized,0,3459,up_blocks.3.resnets.2.conv2.weight,0.36666914213604784,-1.3202544289424573e-06,-0.0002716775617466114,0.013253466958544867,1.6806687987506905e-08,0.001936130038558674,2.3674087700120275e-05,0.05955202877521515,3.4058973596984288e-06
reconstruction_w8_c1.0_test,quantized,0,3459,mid_block.attentions.0.to_q.weight,0.23078655708956,1.8602442707562326e-06,0.001221758904654557,0.006597417290147709,-2.030165628688082e-09,-0.0006731212434975849,1.3068557873607877e-05,0.05955202877521515,3.4058973596984288e-06
reconstruction_w8_c1.0_test,quantized,0,3459,mid_block.attentions.0.to_k.weight,0.23743632766936737,7.4739098389956e-07,0.00042095234228014926,0.007477695177298259,-4.149993920408285e-09,-0.0011502399762514028,1.519538949506765e-05,0.05955202877521515,3.4058973596984288e-06
reconstruction_w8_c1.0_test,quantized,0,3459,mid_block.attentions.0.to_v.weight,0.15741122243736475,9.095589674282222e-08,1.5742052577464558e-05,0.036705725273479775,-6.034022362731376e-09,-0.0005253163860893791,7.297099630333526e-05,0.05955202877521515,3.4058973596984288e-06
reconstruction_w8_c1.0_test,quantized,0,3459,mid_block.attentions.0.to_out.0.weight,0.1488973778663744,1.050168128291086e-05,0.0016706161142819806,0.042217753300828144,4.139616226718448e-08,0.0038030678279275952,7.310363288509227e-05,0.05955202877521515,3.4058973596984288e-06
reconstruction_w8_c1.0_test,quantized,0,3459,mid_block.resnets.0.conv1.weight,1.1885132381735646,-5.3346253867241716e-05,-0.001445034817412349,0.031061440497888414,2.8631354260959025e-07,0.003549051581624355,6.787745582271697e-05,0.05955202877521515,3.4058973596984288e-06
reconstruction_w8_c1.0_test,quantized,0,3459,mid_block.resnets.0.conv2.weight,0.7352321753112719,3.404138327514924e-06,8.091488124180328e-05,0.05722084855583458,3.919319957336912e-07,0.004762997677166096,0.00011191952152624574,0.05955202877521515,3.4058973596984288e-06
reconstruction_w8_c1.0_test,quantized,0,3459,mid_block.resnets.1.conv1.weight,1.1191029146709481,-2.316014987195728e-05,-0.0009158534830411199,0.022596716511850766,9.255795661993006e-08,0.0019892361025419607,4.15774068048465e-05,0.05955202877521515,3.4058973596984288e-06
reconstruction_w8_c1.0_test,quantized,0,3459,mid_block.resnets.1.conv2.weight,0.7529284866495023,1.902219943706856e-05,0.0006494684607908662,0.03889994041045484,5.5441763616535974e-08,0.0011769549834975649,6.25638485352015e-05,0.05955202877521515,3.4058973596984288e-06
reconstruction_w8_c1.0_test,quantized,0,3459,conv_out.weight,0.008184106702082689,9.247614398713987e-05,0.021652593213118226,0.5218533943866334,5.66036376494295e-07,0.08019012951457206,0.0008624861787828486,0.05955202877521515,3.4058973596984288e-06
reconstruction_w8_c1.0_test,quantized,1,3460,conv_in.weight,0.08428345778764143,-2.3924066763664187e-05,-0.0016816787663830933,0.1687911299608973,2.5957157386770053e-07,0.03216256758553281,9.575557621714245e-05,0.0751512348651886,2.7958956252405187e-06
reconstruction_w8_c1.0_test,quantized,1,3460,up_blocks.0.resnets.0.conv1.weight,1.191922001623241,2.1687826208911614e-05,0.0005174349729950247,0.03516514471591107,1.3167594685960515e-07,0.0045710510573649605,2.4168101781028077e-05,0.0751512348651886,2.7958956252405187e-06
reconstruction_w8_c1.0_test,quantized,1,3460,up_blocks.0.resnets.0.conv2.weight,0.8195222202731136,1.748325753178906e-05,0.0003836330828947309,0.05560906200852424,6.701257968890594e-08,0.0022762238732476803,3.592366430019472e-05,0.0751512348651886,2.7958956252405187e-06
reconstruction_w8_c1.0_test,quantized,1,3460,up_blocks.0.resnets.1.conv1.weight,1.2025081972592535,1.4528897609357451e-05,0.00029128042576920325,0.04147948129376929,1.5203271160690753e-07,0.004855074898874627,2.604072443462446e-05,0.0751512348651886,2.7958956252405187e-06
reconstruction_w8_c1.0_test,quantized,1,3460,up_blocks.0.resnets.1.conv2.weight,0.7636630831242595,-1.0414708626330323e-06,-2.083380937059781e-05,0.06546009655631446,7.85902052407671e-08,0.002334860148170021,4.407636327293229e-05,0.0751512348651886,2.7958956252405187e-06
reconstruction_w8_c1.0_test,quantized,1,3460,up_blocks.0.resnets.2.conv1.weight,1.2587285160567272,-4.44049400288851e-05,-0.0007816858655349886,0.0451301687737575,2.4340688989680436e-07,0.008701775326183759,2.2222500785790743e-05,0.0751512348651886,2.7958956252405187e-06
reconstruction_w8_c1.0_test,quantized,1,3460,up_blocks.0.resnets.2.conv2.weight,0.7680001136272768,-4.643946333155736e-05,-0.0008408261232963193,0.07191503759366027,9.984845707290277e-08,0.002915808555578597,4.4588315762200865e-05,0.0751512348651886,2.7958956252405187e-06
reconstruction_w8_c1.0_test,quantized,1,3460,up_blocks.0.upsamplers.0.conv.weight,0.4598971899066006,-7.464286924705837e-05,-0.0006676610121270649,0.24309249596671456,1.7384446434857562e-07,0.0028380986413922868,0.00013319030838611367,0.0751512348651886,2.7958956252405187e-06
reconstruction_w8_c1.0_test,quantized,1,3460,up_blocks.1.resnets.0.conv1.weight,1.1605850328694733,-2.206928823808877e-05,-0.00039453285711494836,0.04819790749045121,1.591554554283658e-07,0.005713120621260848,2.400331202861933e-05,0.0751512348651886,2.7958956252405187e-06
reconstruction_w8_c1.0_test,quantized,1,3460,up_blocks.1.resnets.0.conv2.weight,1.1144715767959512,-5.186481847684832e-06,-8.306619297630102e-05,0.05602470246023866,9.477919871295987e-08,0.0027236650069138646,3.12241298819616e-05,0.0751512348651886,2.7958956252405187e-06
reconstruction_w8_c1.0_test,quantized,1,3460,up_blocks.1.resnets.1.conv1.weight,1.183870426593171,2.2802746172229954e-05,0.0003639946413010243,0.05291611979866556,1.6121313279026398e-07,0.006216150648041619,2.1906586694371494e-05,0.0751512348651886,2.7958956252405187e-06
reconstruction_w8_c1.0_test,quantized,1,3460,up_blocks.1.resnets.1.conv2.weight,1.0681986421311251,2.561430139547912e-05,0.00041970030490460326,0.057133549907792534,9.040681461801641e-08,0.0029071392029924956,2.911275586112276e-05,0.0751512348651886,2.7958956252405187e-06
reconstruction_w8_c1.0_test,quantized,1,3460,up_blocks.1.resnets.2.conv1.weight,1.1444030355110475,0.00015393592377421983,0.0023075996424908474,0.058290867433209964,1.9862586227540612e-07,0.006945957652069967,2.4987606796684083e-05,0.0751512348651886,2.7958956252405187e-06
reconstruction_w8_c1.0_test,quantized,1,3460,up_blocks.1.resnets.2.conv2.weight,0.9794209321536491,-5.778684256723181e-06,-0.00010673792426823327,0.05527653750547081,4.568346981391339e-08,0.0015549334650333578,2.9997004664855227e-05,0.0751512348651886,2.7958956252405187e-06
reconstruction_w8_c1.0_test,quantized,1,3460,up_blocks.1.upsamplers.0.conv.weight,0.5073279844685449,4.885806888503309e-05,0.000420352335550744,0.2291047079957452,1.621019975683375e-07,0.0024355434878676804,0.00013119088423458588,0.0751512348651886,2.7958956252405187e-06
reconstruction_w8_c1.0_test,quantized,1,3460,up_blocks.2.resnets.0.conv1.weight,0.7522013166888705,-1.582093617937071e-05,-0.00031400368238893874,0.0669828077573124,9.785351402552546e-08,0.0047808962211502,2.721028060123085e-05,0.0751512348651886,2.7958956252405187e-06
reconstruction_w8_c1.0_test,quantized,1,3460,up_blocks.2.resnets.0.conv2.weight,0.61318476775841,-2.8647132195960886e-05,-0.0009005804433800194,0.05187609566596921,5.15490425143227e-08,0.00331136257568446,2.5387650379841745e-05,0.0751512348651886,2.7958956252405187e-06
reconstruction_w8_c1.0_test,quantized,1,3460,up_blocks.2.resnets.0.conv_shortcut.weight,0.05240756758939916,-0.00010354317464739895,-0.0031596860281483353,0.625292966326603,8.280216427216353e-08,0.004443720495033147,0.00035555021930971773,0.0751512348651886,2.7958956252405187e-06
reconstruction_w8_c1.0_test,quantized,1,3460,up_blocks.2.resnets.1.conv1.weight,0.4851516686989581,1.307075288087693e-05,0.00042327179758840355,0.0636507817202526,8.972055627614986e-08,0.006033892567320173,3.064903850392026e-05,0.0751512348651886,2.7958956252405187e-06
reconstruction_w8_c1.0_test,quantized,1,3460,up_blocks.2.resnets.1.conv2.weight,0.6572909513402865,-7.667491337780517e-05,-0.0020099668823595354,0.05803723834661589,6.320423392522527e-08,0.0037998468798807277,2.5305936955045667e-05,0.0751512348651886,2.7958956252405187e-06
reconstruction_w8_c1.0_test,quantized,1,3460,up_blocks.2.resnets.2.conv1.weight,0.5146610844918129,1.9111908614185187e-05,0.0005753332831885964,0.06454509294122084,3.321378177292154e-08,0.001689355668960263,3.8201103074122814e-05,0.0751512348651886,2.7958956252405187e-06
reconstruction_w8_c1.0_test,quantized,1,3460,up_blocks.2.resnets.2.conv2.weight,0.6015669681304061,-3.536258334169493e-05,-0.00111569383408677,0.05268839506772116,3.7959188755979714e-08,0.0022532433543961694,2.8004307788595722e-05,0.0751512348651886,2.7958956252405187e-06
reconstruction_w8_c1.0_test,quantized,1,3460,up_blocks.2.upsamplers.0.conv.weight,0.2783338547643997,5.827220531646435e-06,6.3510726588382e-05,0.32964640106406345,3.6963656150264405e-07,0.007142839243280046,0.00018592509464839086,0.0751512348651886,2.7958956252405187e-06
reconstruction_w8_c1.0_test,quantized,1,3460,up_blocks.3.resnets.0.conv1.weight,0.3480878322247038,-6.458170889712534e-05,-0.00269934521172157,0.06873251911996778,1.8240261243306184e-07,0.016762351719148114,3.126131645242656e-05,0.0751512348651886,2.7958956252405187e-06
reconstruction_w8_c1.0_test,quantized,1,3460,up_blocks.3.resnets.0.conv2.weight,0.37388558640215586,2.1912232463605707e-05,0.0014685258102060464,0.03990858407771833,4.623908514971308e-08,0.004683388257958932,2.6406469889629394e-05,0.0751512348651886,2.7958956252405187e-06
reconstruction_w8_c1.0_test,quantized,1,3460,up_blocks.3.resnets.0.conv_shortcut.weight,0.04224491560103111,-5.957067636627304e-05,-0.002436389298023205,0.5787771822739389,6.653148535805651e-07,0.043538492802527855,0.00036172571347387327,0.0751512348651886,2.7958956252405187e-06
reconstruction_w8_c1.0_test,quantized,1,3460,up_blocks.3.resnets.1.conv1.weight,0.24081317302922134,-5.2025664114776766e-05,-0.0025323001598192294,0.08531437434515252,6.287187361255596e-08,0.006149194030644162,4.24578468028179e-05,0.0751512348651886,2.7958956252405187e-06
reconstruction_w8_c1.0_test,quantized,1,3460,up_blocks.3.resnets.1.conv2.weight,0.3873781161978672,3.2361110737572965e-05,0.001718493636695863,0.04861165514899477,3.1648394639940307e-08,0.003633183890375945,2.248688105422797e-05,0.0751512348651886,2.7958956252405187e-06
reconstruction_w8_c1.0_test,quantized,1,3460,up_blocks.3.resnets.2.conv1.weight,0.25221028555882513,3.195428371712481e-05,0.0012296416419028569,0.10303570117708215,5.049936814004149e-07,0.013173966799864703,0.0001519870500184984,0.0751512348651886,2.7958956252405187e-06
reconstruction_w8_c1.0_test,quantized,1,3460,up_blocks.3.resnets.2.conv2.weight,0.36666914213604784,1.2115493022098961e-05,0.0014364893001850734,0.023001932987855658,5.167533328565454e-08,0.0043936829000275615,3.2076000676314916e-05,0.0751512348651886,2.7958956252405187e-06
reconstruction_w8_c1.0_test,quantized,1,3460,mid_block.attentions.0.to_q.weight,0.23078655708956,4.468436896679086e-06,0.0020231697564514323,0.009570018924344609,4.257882832964531e-10,0.00028802805709316306,6.405431678570608e-06,0.0751512348651886,2.7958956252405187e-06
reconstruction_w8_c1.0_test,quantized,1,3460,mid_block.attentions.0.to_k.weight,0.23743632766936737,-3.490452902055823e-06,-0.0012187547904665907,0.01206197099866869,1.8282472981184531e-09,0.0012831613336906924,6.000763480228285e-06,0.0751512348651886,2.7958956252405187e-06
reconstruction_w8_c1.0_test,quantized,1,3460,mid_block.attentions.0.to_v.weight,0.15741122243736475,-2.28327334264352e-06,-0.00020213113722194987,0.0717610848015768,2.894191640241258e-08,0.0049217906632336855,3.7356695727704545e-05,0.0751512348651886,2.7958956252405187e-06
reconstruction_w8_c1.0_test,quantized,1,3460,mid_block.attentions.0.to_out.0.weight,0.1488973778663744,2.251151875537301e-05,0.0016992726793934267,0.08897227003203136,2.5777380796813087e-08,0.0026468597448602287,6.540648471279454e-05,0.0751512348651886,2.7958956252405187e-06
reconstruction_w8_c1.0_test,quantized,1,3460,mid_block.resnets.0.conv1.weight,1.1885132381735646,-2.5082486253001797e-05,-0.00038235799450715024,0.0551945738301571,1.6444266238590332e-07,0.005258402420423777,2.6312169425049092e-05,0.0751512348651886,2.7958956252405187e-06
reconstruction_w8_c1.0_test,quantized,1,3460,mid_block.resnets.0.conv2.weight,0.7352321753112719,1.2593614195581804e-05,0.00019846116535034345,0.08630785891716423,9.323587206480013e-08,0.002181358731097332,5.8134165187221536e-05,0.0751512348651886,2.7958956252405187e-06
reconstruction_w8_c1.0_test,quantized,1,3460,mid_block.resnets.1.conv1.weight,1.1191029146709481,3.1744498783323935e-05,0.0009026723527304151,0.03142449495152938,4.4619912266134996e-08,0.0020361216190893584,1.9581906384127903e-05,0.0751512348651886,2.7958956252405187e-06
reconstruction_w8_c1.0_test,quantized,1,3460,mid_block.resnets.1.conv2.weight,0.7529284866495023,-5.323236807069246e-05,-0.001161262687953786,0.06088237496900277,6.152540409566779e-08,0.002157732894303088,3.7870676544136694e-05,0.0751512348651886,2.7958956252405187e-06
reconstruction_w8_c1.0_test,quantized,1,3460,conv_out.weight,0.008184106702082689,8.1480676060895e-05,0.012260529522187784,0.8120338126558807,8.172017666066847e-07,0.10326729908955623,0.0009669303575514138,0.0751512348651886,2.7958956252405187e-06
reconstruction_w8_c1.0_test,quantized,2,3461,conv_in.weight,0.08428345778764143,-8.179287990499006e-06,-0.0009106165600146455,0.10657064920439421,4.968589778382165e-07,0.025967856415114003,0.0002270150741172617,0.06318271905183792,4.3825530156027526e-06
reconstruction_w8_c1.0_test,quantized,2,3461,up_blocks.0.resnets.0.conv1.weight,1.191922001623241,1.0522759808725328e-05,0.00026804619394447786,0.03293610025427833,2.6502114315351164e-07,0.006166453136850677,3.605763607515242e-05,0.06318271905183792,4.3825530156027526e-06
reconstruction_w8_c1.0_test,quantized,2,3461,up_blocks.0.resnets.0.conv2.weight,0.8195222202731136,1.3633180072878102e-05,0.00036577415276653664,0.04548031088258658,1.1767899542471893e-07,0.0025515413191344767,5.6277605832330615e-05,0.06318271905183792,4.3825530156027526e-06
reconstruction_w8_c1.0_test,quantized,2,3461,up_blocks.0.resnets.1.conv1.weight,1.2025081972592535,-1.1252461277735515e-05,-0.0002297940452261041,0.040721213460141126,3.4572864259100317e-07,0.007226284213144171,3.9786183094977115e-05,0.06318271905183792,4.3825530156027526e-06
reconstruction_w8_c1.0_test,quantized,2,3461,up_blocks.0.resnets.1.conv2.weight,0.7636630831242595,-2.157065162504285e-06,-5.466708896093119e-05,0.05166965004813757,1.2435932934625178e-07,0.0025070779825712712,6.49544233982168e-05,0.06318271905183792,4.3825530156027526e-06
reconstruction_w8_c1.0_test,quantized,2,3461,up_blocks.0.resnets.2.conv1.weight,1.2587285160567272,6.575474708224983e-07,1.1857055939615338e-05,0.044057329758370234,3.349981748511743e-07,0.0071477355229779,3.7234188686054536e-05,0.06318271905183792,4.3825530156027526e-06
reconstruction_w8_c1.0_test,quantized,2,3461,up_blocks.0.resnets.2.conv2.weight,0.7680001136272768,-7.232769757951195e-07,-1.805849774985872e-05,0.05215089146811682,1.0999320786667732e-07,0.0021592967607599626,6.632728958612749e-05,0.06318271905183792,4.3825530156027526e-06
reconstruction_w8_c1.0_test,quantized,2,3461,up_blocks.0.upsamplers.0.conv.weight,0.4598971899066006,-1.8957144361523713e-05,-0.000202765065805323,0.2032914101737057,5.537270570349567e-07,0.004833936190176178,0.00024907725794450354,0.06318271905183792,4.3825530156027526e-06
reconstruction_w8_c1.0_test,quantized,2,3461,up_blocks.1.resnets.0.conv1.weight,1.1605850328694733,-2.143420369415064e-05,-0.0004081224720596787,0.04525221892261039,2.387939263987267e-07,0.006210077348959365,3.31321257871401e-05,0.06318271905183792,4.3825530156027526e-06
reconstruction_w8_c1.0_test,quantized,2,3461,up_blocks.1.resnets.0.conv2.weight,1.1144715767959512,7.474970498745268e-05,0.0014969539955312597,0.04480557265609795,2.4383254564130463e-07,0.005161143178092161,4.239130327738272e-05,0.06318271905183792,4.3825530156027526e-06
reconstruction_w8_c1.0_test,quantized,2,3461,up_blocks.1.resnets.1.conv1.weight,1.183870426593171,-6.142425405691063e-05,-0.0010999473958355158,0.04716977485362033,2.72293739940474e-07,0.007630401117678817,3.014297521003938e-05,0.06318271905183792,4.3825530156027526e-06
reconstruction_w8_c1.0_test,quantized,2,3461,up_blocks.1.resnets.1.conv2.weight,1.0681986421311251,-2.5743238055278846e-05,-0.0005365199725324721,0.04491850128515523,1.883536990353409e-07,0.004167289258518724,4.231248045840379e-05,0.06318271905183792,4.3825530156027526e-06
reconstruction_w8_c1.0_test,quantized,2,3461,up_blocks.1.resnets.2.conv1.weight,1.1444030355110475,3.2949540920190034e-05,0.0005312850402719772,0.054192948381014724,3.8300490701650723e-07,0.010426163247810599,3.209968838597145e-05,0.06318271905183792,4.3825530156027526e-06
reconstruction_w8_c1.0_test,quantized,2,3461,up_blocks.1.resnets.2.conv2.weight,0.9794209321536491,-5.667948267052809e-06,-0.00013432051575839026,0.04308381431118312,1.2271218561032276e-07,0.0028979123513505293,4.3234761136234985e-05,0.06318271905183792,4.3825530156027526e-06
reconstruction_w8_c1.0_test,quantized,2,3461,up_blocks.1.upsamplers.0.conv.weight,0.5073279844685449,0.00011036054932355957,0.0012160176607632512,0.1788896243999261,3.0720473785783783e-07,0.0026758332866876266,0.00022629764711000418,0.06318271905183792,4.3825530156027526e-06
reconstruction_w8_c1.0_test,quantized,2,3461,up_blocks.2.resnets.0.conv1.weight,0.7522013166888705,3.5361344724112675e-05,0.0008736206192071569,0.05381109220706193,2.2292764289728044e-07,0.0075523745306424785,3.9241564691322984e-05,0.06318271905183792,4.3825530156027526e-06
reconstruction_w8_c1.0_test,quantized,2,3461,up_blocks.2.resnets.0.conv2.weight,0.61318476775841,-1.8718339873901225e-05,-0.0007580335314536675,0.0402705493165656,1.9124525366482981e-07,0.007036470299904721,4.432456159625472e-05,0.06318271905183792,4.3825530156027526e-06
reconstruction_w8_c1.0_test,quantized,2,3461,up_blocks.2.resnets.0.conv_shortcut.weight,0.05240756758939916,-6.953399330831136e-05,-0.0029315565886256375,0.4525899296284141,-8.24293854595902e-09,-0.00025923453529092417,0.000606729625196648,0.06318271905183792,4.3825530156027526e-06
reconstruction_w8_c1.0_test,quantized,2,3461,up_blocks.2.resnets.1.conv1.weight,0.4851516686989581,1.701311308366532e-05,0.0006233915647267386,0.05625295456789863,1.710171778389329e-07,0.01079542929220515,3.2652939874099845e-05,0.06318271905183792,4.3825530156027526e-06
reconstruction_w8_c1.0_test,quantized,2,3461,up_blocks.2.resnets.1.conv2.weight,0.6572909513402865,-2.9297698267020594e-05,-0.0009834954740170418,0.045321417297796776,9.653771198226816e-08,0.003271348856647716,4.489650022493139e-05,0.06318271905183792,4.3825530156027526e-06
reconstruction_w8_c1.0_test,quantized,2,3461,up_blocks.2.resnets.2.conv1.weight,0.5146610844918129,1.6334534726347033e-06,5.8295375988964616e-05,0.05444416355661526,1.0847299610140874e-07,0.005555575545340158,3.793772179838819e-05,0.06318271905183792,4.3825530156027526e-06
reconstruction_w8_c1.0_test,quantized,2,3461,up_blocks.2.resnets.2.conv2.weight,0.6015669681304061,4.2931083873485715e-06,0.0001943503875221713,0.03671998211480778,6.529458772923203e-08,0.0025077274455834755,4.3282553025703516e-05,0.06318271905183792,4.3825530156027526e-06
reconstruction_w8_c1.0_test,quantized,2,3461,up_blocks.2.upsamplers.0.conv.weight,0.2783338547643997,3.797098649268332e-05,0.0006807093001851406,0.20041220290383494,3.520522086494866e-07,0.003690072297631647,0.00034277265133620343,0.06318271905183792,4.3825530156027526e-06
reconstruction_w8_c1.0_test,quantized,2,3461,up_blocks.3.resnets.0.conv1.weight,0.3480878322247038,-2.2940539230095167e-05,-0.0013232275460362483,0.04980583741461145,2.3051441931565245e-07,0.012171959290247362,5.440624631725053e-05,0.06318271905183792,4.3825530156027526e-06
reconstruction_w8_c1.0_test,quantized,2,3461,up_blocks.3.resnets.0.conv2.weight,0.37388558640215586,1.7927786108725566e-05,0.0017119252546853217,0.028009357081122357,3.314459911871983e-08,0.0024855434977243507,3.566585829585629e-05,0.06318271905183792,4.3825530156027526e-06
reconstruction_w8_c1.0_test,quantized,2,3461,up_blocks.3.resnets.0.conv_shortcut.weight,0.04224491560103111,-9.114107374236282e-05,-0.005630911726397749,0.3831430700400519,7.303966707697756e-07,0.027151830272592135,0.0006367738614311614,0.06318271905183792,4.3825530156027526e-06
reconstruction_w8_c1.0_test,quantized,2,3461,up_blocks.3.resnets.1.conv1.weight,0.24081317302922134,3.109679793781302e-05,0.0020866444628975414,0.06188522500579318,7.143089054853831e-08,0.004518487368445642,6.564667771527236e-05,0.06318271905183792,4.3825530156027526e-06
reconstruction_w8_c1.0_test,quantized,2,3461,up_blocks.3.resnets.1.conv2.weight,0.3873781161978672,-7.5770533053773745e-06,-0.0006209197566595764,0.03150139461419947,3.3576649309822405e-08,0.0030804745843620992,2.8137443885020603e-05,0.06318271905183792,4.3825530156027526e-06
reconstruction_w8_c1.0_test,quantized,2,3461,up_blocks.3.resnets.2.conv1.weight,0.25221028555882513,3.251084084730888e-05,0.0018593351767839238,0.06932784846281227,4.4398283889274325e-07,0.009682662301101081,0.00018180616442630508,0.06318271905183792,4.3825530156027526e-06
reconstruction_w8_c1.0_test,quantized,2,3461,up_blocks.3.resnets.2.conv2.weight,0.36666914213604784,1.397890252394035e-05,0.002473242739702056,0.015414589766221391,1.0444303014253571e-07,0.008114276693136507,3.510389346834875e-05,0.06318271905183792,4.3825530156027526e-06
reconstruction_w8_c1.0_test,quantized,2,3461,mid_block.attentions.0.to_q.weight,0.23078655708956,7.4122175622934706e-06,0.0032113038331569306,0.010001295337611056,3.848013761064698e-09,0.0008035844437102186,2.0748876576647506e-05,0.06318271905183792,4.3825530156027526e-06
reconstruction_w8_c1.0_test,quantized,2,3461,mid_block.attentions.0.to_k.weight,0.23743632766936737,-1.7429085014142894e-06,-0.0008120681223466055,0.009039303306534562,1.73759074237805e-09,0.00041660007916319655,1.7566327662273136e-05,0.06318271905183792,4.3825530156027526e-06
reconstruction_w8_c1.0_test,quantized,2,3461,mid_block.attentions.0.to_v.weight,0.15741122243736475,-1.295575993689799e-06,-0.00013984437030270787,0.058854843991607106,1.0501551666750852e-07,0.0064841590496931435,0.00010288785725592817,0.06318271905183792,4.3825530156027526e-06
reconstruction_w8_c1.0_test,quantized,2,3461,mid_block.attentions.0.to_out.0.weight,0.1488973778663744,5.119196534314576e-07,4.4646867256813414e-05,0.0770058576758226,6.24681213660546e-08,0.002951199235082039,0.0001421585110233498,0.06318271905183792,4.3825530156027526e-06
reconstruction_w8_c1.0_test,quantized,2,3461,mid_block.resnets.0.conv1.weight,1.1885132381735646,-5.3517071801246504e-05,-0.0012264283805946791,0.03671521937943104,3.1629402534839526e-07,0.004545311973091693,5.8549510428435695e-05,0.06318271905183792,4.3825530156027526e-06
reconstruction_w8_c1.0_test,quantized,2,3461,mid_block.resnets.0.conv2.weight,0.7352321753112719,9.97360286393996e-06,0.0001925950413640073,0.07043401821934138,1.8435636230300134e-07,0.0021479029264170045,0.00011673980833476008,0.06318271905183792,4.3825530156027526e-06
reconstruction_w8_c1.0_test,quantized,2,3461,mid_block.resnets.1.conv1.weight,1.1191029146709481,5.900795783249665e-05,0.0018949950629146345,0.027824827141639384,2.0449796583310687e-07,0.004090213794336067,4.467586361644095e-05,0.06318271905183792,4.3825530156027526e-06
reconstruction_w8_c1.0_test,quantized,2,3461,mid_block.resnets.1.conv2.weight,0.7529284866495023,-1.51178842779994e-05,-0.00044376083370241653,0.04524684679869987,6.223329079697194e-08,0.0012168015747172412,6.792806986514563e-05,0.06318271905183792,4.3825530156027526e-06
reconstruction_w8_c1.0_test,quantized,2,3461,conv_out.weight,0.008184106702082689,0.00015307576815546883,0.026495691500272568,0.7059271838603104,8.970273961303195e-07,0.07841266772231689,0.0013978101657258653,0.06318271905183792,4.3825530156027526e-06
reconstruction_w8_c1.0_test,quantized,3,3462,conv_in.weight,0.08428345778764143,-4.056741794886448e-06,-0.003103409938876367,0.015509431366244811,9.483600208998188e-08,0.033616600513068834,3.3471648320383535e-05,0.0026546206790953875,5.882031359760731e-07
reconstruction_w8_c1.0_test,quantized,3,3462,up_blocks.0.resnets.0.conv1.weight,1.191922001623241,1.4583908451529477e-06,0.00037210100544849306,0.0032882531849745067,3.478239154937191e-08,0.005871390062560662,4.970163432665332e-06,0.0026546206790953875,5.882031359760731e-07
reconstruction_w8_c1.0_test,quantized,3,3462,up_blocks.0.resnets.0.conv2.weight,0.8195222202731136,-1.4772654144504815e-06,-0.0002659266481251496,0.006778536475919916,1.7203450461162174e-08,0.001455773228230851,1.441986184244582e-05,0.0026546206790953875,5.882031359760731e-07
reconstruction_w8_c1.0_test,quantized,3,3462,up_blocks.0.resnets.1.conv1.weight,1.2025081972592535,-1.5742066825174823e-06,-0.00042255172976889474,0.003098088518193385,4.6085465011381103e-08,0.007861385106584837,4.875025107743465e-06,0.0026546206790953875,5.882031359760731e-07
reconstruction_w8_c1.0_test,quantized,3,3462,up_blocks.0.resnets.1.conv2.weight,0.7636630831242595,2.5421009995493247e-06,0.0004379625685233022,0.007600707342176886,2.1076080316115676e-08,0.0014835017884555425,1.8603727699080628e-05,0.0026546206790953875,5.882031359760731e-07
reconstruction_w8_c1.0_test,quantized,3,3462,up_blocks.0.resnets.2.conv1.weight,1.2587285160567272,1.2533519473392037e-06,0.0002579610865371625,0.003859995261213776,5.233016841574675e-08,0.007674352574766923,5.417242957808271e-06,0.0026546206790953875,5.882031359760731e-07
reconstruction_w8_c1.0_test,quantized,3,3462,up_blocks.0.resnets.2.conv2.weight,0.7680001136272768,-1.5603911268721048e-06,-0.00024882624814455244,0.008165372400735975,9.88146447360766e-09,0.0006287799606901445,2.046262460760163e-05,0.0026546206790953875,5.882031359760731e-07
reconstruction_w8_c1.0_test,quantized,3,3462,up_blocks.0.upsamplers.0.conv.weight,0.4598971899066006,-5.744549308238109e-06,-0.0004997737636714165,0.024993193533179133,1.0394155356955869e-07,0.003948908910397974,5.723363530675867e-05,0.0026546206790953875,5.882031359760731e-07
reconstruction_w8_c1.0_test,quantized,3,3462,up_blocks.1.resnets.0.conv1.weight,1.1605850328694733,-2.8666872496128603e-07,-5.841337122276317e-05,0.004228546178970386,4.180421579181087e-08,0.006764372044605518,5.324951166186443e-06,0.0026546206790953875,5.882031359760731e-07
reconstruction_w8_c1.0_test,quantized,3,3462,up_blocks.1.resnets.0.conv2.weight,1.1144715767959512,4.3803009307796904e-07,7.453841469916918e-05,0.005272963915233586,3.028913103740004e-08,0.0027789474476417725,9.779969114873409e-06,0.0026546206790953875,5.882031359760731e-07
reconstruction_w8_c1.0_test,quantized,3,3462,up_blocks.1.resnets.1.conv1.weight,1.183870426593171,-3.1274045788236313e-06,-0.0006282584266848766,0.004204763497797743,4.220074557851846e-08,0.007747488480062608,4.601029447508088e-06,0.0026546206790953875,5.882031359760731e-07
reconstruction_w8_c1.0_test,quantized,3,3462,up_blocks.1.resnets.1.conv2.weight,1.0681986421311251,2.312361783395488e-06,0.00035781066903802796,0.006049931752733798,2.780550146469207e-08,0.002154089834268431,1.2084116376803646e-05,0.0026546206790953875,5.882031359760731e-07
reconstruction_w8_c1.0_test,quantized,3,3462,up_blocks.1.resnets.2.conv1.weight,1.1444030355110475,9.748757995371328e-06,0.0016702384343786692,0.005100254119335071,5.7832160843184105e-08,0.009262736859410233,5.455707672755834e-06,0.0026546206790953875,5.882031359760731e-07
reconstruction_w8_c1.0_test,quantized,3,3462,up_blocks.1.resnets.2.conv2.weight,0.9794209321536491,1.3187740375308704e-06,0.00022604128403480047,0.005956803053695811,1.4706167715207418e-08,0.0011074303967644867,1.3558563929117912e-05,0.0026546206790953875,5.882031359760731e-07
reconstruction_w8_c1.0_test,quantized,3,3462,up_blocks.1.upsamplers.0.conv.weight,0.5073279844685449,7.601338634479631e-06,0.0006864812525221552,0.02182592106676748,6.59378283236977e-08,0.002400319408124878,5.414729726182687e-05,0.0026546206790953875,5.882031359760731e-07
reconstruction_w8_c1.0_test,quantized,3,3462,up_blocks.2.resnets.0.conv1.weight,0.7522013166888705,-3.360845040435117e-06,-0.0008509972464065532,0.005250325691259113,4.095357978695125e-08,0.008245840856829329,6.602719256891946e-06,0.0026546206790953875,5.882031359760731e-07
reconstruction_w8_c1.0_test,quantized,3,3462,up_blocks.2.resnets.0.conv2.weight,0.61318476775841,-6.253561449840961e-06,-0.0020995735406542813,0.004857412351102356,3.0006052177187475e-08,0.0046754367776825284,1.0466351440752118e-05,0.0026546206790953875,5.882031359760731e-07
reconstruction_w8_c1.0_test,quantized,3,3462,up_blocks.2.resnets.0.conv_shortcut.weight,0.05240756758939916,-6.892871666330556e-07,-0.0002620945683758895,0.0501820234295002,8.024142688781991e-08,0.01101419071532485,0.00013901192186611236,0.0026546206790953875,5.882031359760731e-07
reconstruction_w8_c1.0_test,quantized,3,3462,up_blocks.2.resnets.1.conv1.weight,0.4851516686989581,2.957263477574181e-06,0.0010569073926614964,0.005767339995196973,2.1643328335871638e-08,0.00783702920921107,5.692395320471281e-06,0.0026546206790953875,5.882031359760731e-07
reconstruction_w8_c1.0_test,quantized,3,3462,up_blocks.2.resnets.1.conv2.weight,0.6572909513402865,-4.270398699281507e-06,-0.0011285395323113643,0.005756970363562048,2.7127122484606112e-08,0.003970966078124591,1.0393214669394057e-05,0.0026546206790953875,5.882031359760731e-07
reconstruction_w8_c1.0_test,quantized,3,3462,up_blocks.2.resnets.2.conv1.weight,0.5146610844918129,-7.516608113687924e-07,-0.00025653917316672897,0.0056930747608958466,3.091524532258728e-08,0.008395458541861934,7.154955630642311e-06,0.0026546206790953875,5.882031359760731e-07
reconstruction_w8_c1.0_test,quantized,3,3462,up_blocks.2.resnets.2.conv2.weight,0.6015669681304061,1.8167021287088522e-07,6.073704828227705e-05,0.004972171062648729,1.691418324153462e-09,0.0002880297485883073,9.761795484194085e-06,0.0026546206790953875,5.882031359760731e-07
reconstruction_w8_c1.0_test,quantized,3,3462,up_blocks.2.upsamplers.0.conv.weight,0.2783338547643997,1.272483925658529e-05,0.001766409347833957,0.02588182618084476,6.298485379791303e-08,0.0031911222608448832,7.091312881861825e-05,0.0026546206790953875,5.882031359760731e-07
reconstruction_w8_c1.0_test,quantized,3,3462,up_blocks.3.resnets.0.conv1.weight,0.3480878322247038,-3.536920507379496e-06,-0.00163481703397493,0.0062153745132650685,2.149104943718622e-08,0.0072303719401205415,8.539022193206517e-06,0.0026546206790953875,5.882031359760731e-07
reconstruction_w8_c1.0_test,quantized,3,3462,up_blocks.3.resnets.0.conv2.weight,0.37388558640215586,-3.6875431452890135e-06,-0.002814802300298225,0.003503890213327991,1.7526928361917494e-08,0.005653897057548996,8.2912343703022e-06,0.0026546206790953875,5.882031359760731e-07
reconstruction_w8_c1.0_test,quantized,3,3462,up_blocks.3.resnets.0.conv_shortcut.weight,0.04224491560103111,-1.1413322726721495e-05,-0.005700890976949393,0.04739089549756652,9.755054816961161e-08,0.016629982845227407,0.00013885562135150861,0.0026546206790953875,5.882031359760731e-07
reconstruction_w8_c1.0_test,quantized,3,3462,up_blocks.3.resnets.1.conv1.weight,0.24081317302922134,-2.339228863663717e-06,-0.0014246571200024667,0.006818394435753051,2.338156711861261e-08,0.007992344366063808,1.2148402922947141e-05,0.0026546206790953875,5.882031359760731e-07
reconstruction_w8_c1.0_test,quantized,3,3462,up_blocks.3.resnets.1.conv2.weight,0.3873781161978672,3.0131042928858464e-06,0.001520868341700611,0.005114314859826131,3.2015816222409756e-09,0.0012816820659253346,6.448358703924928e-06,0.0026546206790953875,5.882031359760731e-07
reconstruction_w8_c1.0_test,quantized,3,3462,up_blocks.3.resnets.2.conv1.weight,0.25221028555882513,-1.3045277560180895e-05,-0.004354511590566754,0.011878212189888125,1.3791998843341281e-08,0.002225121827660117,2.4575967508309252e-05,0.0026546206790953875,5.882031359760731e-07
reconstruction_w8_c1.0_test,quantized,3,3462,up_blocks.3.resnets.2.conv2.weight,0.36666914213604784,-1.8563704153474053e-06,-0.002239807438127761,0.0022603703063790253,3.787230869573179e-09,0.0013660190540479638,7.5611988717405e-06,0.0026546206790953875,5.882031359760731e-07
reconstruction_w8_c1.0_test,quantized,3,3462,mid_block.attentions.0.to_q.weight,0.23078655708956,2.2145899417971747e-07,0.0014461231033038643,0.0006635559538635026,8.390664080036582e-10,0.0027184533219439663,1.3374080900147168e-06,0.0026546206790953875,5.882031359760731e-07
reconstruction_w8_c1.0_test,quantized,3,3462,mid_block.attentions.0.to_k.weight,0.23743632766936737,1.9327500953956726e-07,0.0011703351627525523,0.00069553386958644,3.814568017942255e-10,0.001492367521195536,1.0765207563454782e-06,0.0026546206790953875,5.882031359760731e-07
reconstruction_w8_c1.0_test,quantized,3,3462,mid_block.attentions.0.to_v.weight,0.15741122243736475,-1.0998139304755543e-06,-0.0010399607652467509,0.0067184110209977735,3.708069789884911e-09,0.0023496486591736403,1.0025574772047143e-05,0.0026546206790953875,5.882031359760731e-07
reconstruction_w8_c1.0_test,quantized,3,3462,mid_block.attentions.0.to_out.0.weight,0.1488973778663744,-2.1967970255532857e-06,-0.0016782290383693514,0.008791270653230166,-2.898549999224842e-11,-9.608352697349118e-06,2.02602504660937e-05,0.0026546206790953875,5.882031359760731e-07
reconstruction_w8_c1.0_test,quantized,3,3462,mid_block.resnets.0.conv1.weight,1.1885132381735646,-3.12474525345679e-06,-0.0005629932259225254,0.004669898316541205,2.2214353378637144e-08,0.003202396060726842,5.836528491092318e-06,0.0026546206790953875,5.882031359760731e-07
reconstruction_w8_c1.0_test,quantized,3,3462,mid_block.resnets.0.conv2.weight,0.7352321753112719,8.779457975409691e-07,0.00012421272367146212,0.009613402257084458,2.020006650085261e-08,0.0011040678532651938,2.4884706901931252e-05,0.0026546206790953875,5.882031359760731e-07
reconstruction_w8_c1.0_test,quantized,3,3462,mid_block.resnets.1.conv1.weight,1.1191029146709481,3.710191744204533e-06,0.0010266628977047925,0.003229226147774975,2.209201290773193e-08,0.003935730026469213,5.015797115241472e-06,0.0026546206790953875,5.882031359760731e-07
reconstruction_w8_c1.0_test,quantized,3,3462,mid_block.resnets.1.conv2.weight,0.7529284866495023,4.839983466439031e-06,0.0009220349097480705,0.0069717657242123485,2.577059113698249e-08,0.0022713602367749287,1.5069006955644007e-05,0.0026546206790953875,5.882031359760731e-07
reconstruction_w8_c1.0_test,quantized,3,3462,conv_out.weight,0.008184106702082689,-7.483279873397501e-06,-0.0122356074803943,0.07473003209797147,-6.398086616933725e-08,-0.02827335548607868,0.00027650403837391706,0.0026546206790953875,5.882031359760731e-07
natural_residual_w8_c1.0_test,quantized,0,3459,conv_in.weight,0.09251255182637723,-0.00016719156905867317,-0.02922390592549278,0.0618408502226814,2.069904146381335e-05,0.14407840424856724,0.0015529257246339277,0.04108915105462074,0.00033940697903744876
natural_residual_w8_c1.0_test,quantized,0,3459,up_blocks.0.resnets.0.conv1.weight,1.202320152877385,-0.00035706199322740455,-0.01566001346322597,0.01896406203291063,1.9149708494206807e-05,0.02963800028099581,0.0005373944078620571,0.04108915105462074,0.00033940697903744876
natural_residual_w8_c1.0_test,quantized,0,3459,up_blocks.0.resnets.0.conv2.weight,0.8218221583262497,-0.00016565839716611475,-0.007218104579133684,0.027926238213183983,8.926535598128356e-06,0.013296309663156989,0.0008169095506436462,0.04108915105462074,0.00033940697903744876
natural_residual_w8_c1.0_test,quantized,0,3459,up_blocks.0.resnets.1.conv1.weight,1.21103725938294,-0.0004692304488195509,-0.01763705450217514,0.021968612278232085,1.9068601860141302e-05,0.027896320804503143,0.0005644356254079103,0.04108915105462074,0.00033940697903744876
natural_residual_w8_c1.0_test,quantized,0,3459,up_blocks.0.resnets.1.conv2.weight,0.7657198626119792,-0.00016348389581370595,-0.006561583619779863,0.03253841529515112,8.769337371189108e-06,0.012507367081902409,0.0009156530986591017,0.04108915105462074,0.00033940697903744876
natural_residual_w8_c1.0_test,quantized,0,3459,up_blocks.0.resnets.2.conv1.weight,1.2741727152746583,-0.0003089803936914874,-0.01158476620583336,0.02093222274638549,2.440000416053028e-05,0.033515279003142544,0.0005713717451101329,0.04108915105462074,0.00033940697903744876
natural_residual_w8_c1.0_test,quantized,0,3459,up_blocks.0.resnets.2.conv2.weight,0.7711543115480692,-0.00020224546458599146,-0.008101687731823903,0.03237143861289052,1.0703653529424244e-05,0.015927314635858537,0.0008714614739062247,0.04108915105462074,0.00033940697903744876
natural_residual_w8_c1.0_test,quantized,0,3459,up_blocks.0.upsamplers.0.conv.weight,0.4650751673060934,-0.00084579797117451,-0.018024244689547532,0.10089889580765825,4.057882446543366e-05,0.03269676265775293,0.0026685267211333814,0.04108915105462074,0.00033940697903744876
natural_residual_w8_c1.0_test,quantized,0,3459,up_blocks.1.resnets.0.conv1.weight,1.170346440743997,-0.00038305398851684965,-0.01320120660507891,0.024793162223537397,1.877829831276454e-05,0.02408102759202299,0.0006662953463219885,0.04108915105462074,0.00033940697903744876
natural_residual_w8_c1.0_test,quantized,0,3459,up_blocks.1.resnets.0.conv2.weight,1.1233921794330968,-0.0003997458069663588,-0.01397994885319249,0.0254534665697824,1.8761110611299747e-05,0.023655576922021228,0.0007059819597927583,0.04108915105462074,0.00033940697903744876
natural_residual_w8_c1.0_test,quantized,0,3459,up_blocks.1.resnets.1.conv1.weight,1.1940620921475589,-0.0007028632731202787,-0.023486765538787875,0.025062288628890393,2.0046447869545247e-05,0.026698560989483644,0.0006288146680565763,0.04108915105462074,0.00033940697903744876
natural_residual_w8_c1.0_test,quantized,0,3459,up_blocks.1.resnets.1.conv2.weight,1.0750151043082128,-0.0003613814664982078,-0.01288640181770642,0.026086729835090184,1.2879442442106017e-05,0.016433769176405995,0.0007290298547188023,0.04108915105462074,0.00033940697903744876
natural_residual_w8_c1.0_test,quantized,0,3459,up_blocks.1.resnets.2.conv1.weight,1.1595473575618649,-0.0006437208841758115,-0.019422411550372897,0.028582878041310666,2.743271064757761e-05,0.03313718265592806,0.000713944825855829,0.04108915105462074,0.00033940697903744876
natural_residual_w8_c1.0_test,quantized,0,3459,up_blocks.1.resnets.2.conv2.weight,0.9846333688062171,-0.0003815719594951038,-0.01493847118447934,0.02594153968781762,1.325952107304164e-05,0.01887275726711083,0.0007135393589712952,0.04108915105462074,0.00033940697903744876
natural_residual_w8_c1.0_test,quantized,0,3459,up_blocks.1.upsamplers.0.conv.weight,0.5115611959672949,-0.0007493085554941296,-0.01655609130423124,0.08847188580991916,3.0121214523696873e-05,0.03076159479373631,0.0019141062353324172,0.04108915105462074,0.00033940697903744876
natural_residual_w8_c1.0_test,quantized,0,3459,up_blocks.2.resnets.0.conv1.weight,0.7634351494390441,-0.000599219373426997,-0.02959537397160461,0.026520997982187683,2.2775079889730998e-05,0.042942211664620214,0.000694709678352178,0.04108915105462074,0.00033940697903744876
natural_residual_w8_c1.0_test,quantized,0,3459,up_blocks.2.resnets.0.conv2.weight,0.6291889371954952,-0.0006903193707290646,-0.04802009551005049,0.02284788281313131,1.936398741075025e-05,0.06173755118381193,0.0004984990263732647,0.04108915105462074,0.00033940697903744876
natural_residual_w8_c1.0_test,quantized,0,3459,up_blocks.2.resnets.0.conv_shortcut.weight,0.05741867403459387,-0.0010010285030692392,-0.07317816366420005,0.23823840752712702,2.3858073332458955e-05,0.08961858682089278,0.004636434392084722,0.04108915105462074,0.00033940697903744876
natural_residual_w8_c1.0_test,quantized,0,3459,up_blocks.2.resnets.1.conv1.weight,0.4989305032499367,-0.0006446803793143486,-0.044429150344619,0.029082811504094547,1.6433335964861444e-05,0.0471340431059813,0.0006987969215857895,0.04108915105462074,0.00033940697903744876
natural_residual_w8_c1.0_test,quantized,0,3459,up_blocks.2.resnets.1.conv2.weight,0.6809563354741158,-0.0008113183356497793,-0.0476644297914315,0.02499640912557706,1.7224216738118927e-05,0.05737973671337495,0.00044082038116211676,0.04108915105462074,0.00033940697903744876
natural_residual_w8_c1.0_test,quantized,0,3459,up_blocks.2.resnets.2.conv1.weight,0.5320036171330889,-0.0007767855298135476,-0.047668422715986196,0.030630618041468525,1.667264891978436e-05,0.05721707695134389,0.0005477272560646596,0.04108915105462074,0.00033940697903744876
natural_residual_w8_c1.0_test,quantized,0,3459,up_blocks.2.resnets.2.conv2.weight,0.6121943487857522,-0.0005467432016519093,-0.03981523676451844,0.02243080049700958,1.2367474339430622e-05,0.049697174102017794,0.00040649949204127784,0.04108915105462074,0.00033940697903744876
natural_residual_w8_c1.0_test,quantized,0,3459,up_blocks.2.upsamplers.0.conv.weight,0.2862639373435992,-0.001106380223448515,-0.032571487988634976,0.11865885807557147,2.2647944031002237e-05,0.05322107592430782,0.0014865464792675129,0.04108915105462074,0.00033940697903744876
natural_residual_w8_c1.0_test,quantized,0,3459,up_blocks.3.resnets.0.conv1.weight,0.3626816396990738,-0.0006888548093203282,-0.06295444592831702,0.03017002835295439,1.0877660418105048e-05,0.07525774984402087,0.00039852786920357015,0.04108915105462074,0.00033940697903744876
natural_residual_w8_c1.0_test,quantized,0,3459,up_blocks.3.resnets.0.conv2.weight,0.3914008735483974,-0.0005107598018869106,-0.07202321468043127,0.01811850739140386,7.880364058467643e-06,0.1062861690215764,0.0001894295542579077,0.04108915105462074,0.00033940697903744876
natural_residual_w8_c1.0_test,quantized,0,3459,up_blocks.3.resnets.0.conv_shortcut.weight,0.048482861864150587,-0.0010390072167832964,-0.08934640868807026,0.239857452036771,1.637871255411492e-05,0.14202167071816152,0.0023786847934597205,0.04108915105462074,0.00033940697903744876
natural_residual_w8_c1.0_test,quantized,0,3459,up_blocks.3.resnets.1.conv1.weight,0.2518746001536657,-0.000385022255149132,-0.039173095186614285,0.03902236362590698,7.75312552219361e-06,0.08798270391075108,0.00034986068042263546,0.04108915105462074,0.00033940697903744876
natural_residual_w8_c1.0_test,quantized,0,3459,up_blocks.3.resnets.1.conv2.weight,0.4081188477098008,-0.00047859496304451365,-0.05352326380543297,0.021909823716688738,9.09204631427338e-06,0.10625554783366598,0.0002096637613627898,0.04108915105462074,0.00033940697903744876
natural_residual_w8_c1.0_test,quantized,0,3459,up_blocks.3.resnets.2.conv1.weight,0.265788058205348,-0.00048797112207715407,-0.042407255751050636,0.043293080376325434,9.732341696745476e-06,0.08006207147701476,0.00045735671668909513,0.04108915105462074,0.00033940697903744876
natural_residual_w8_c1.0_test,quantized,0,3459,up_blocks.3.resnets.2.conv2.weight,0.3748783295199185,-0.00027569473975028663,-0.07222257092833387,0.010182752775397192,3.357246725419759e-06,0.06854095064063646,0.00013066004373555936,0.04108915105462074,0.00033940697903744876
natural_residual_w8_c1.0_test,quantized,0,3459,mid_block.attentions.0.to_q.weight,0.23103916796335425,2.3160601606808854e-06,0.0019446041346294514,0.005155051632572101,9.785731557995627e-09,0.0003388008604415192,0.00012501530406728372,0.04108915105462074,0.00033940697903744876
natural_residual_w8_c1.0_test,quantized,0,3459,mid_block.attentions.0.to_k.weight,0.2377322435723198,1.372121832287838e-06,0.0010547072526415104,0.0054723347157673635,1.9044303661362508e-07,0.006031125084118849,0.00013282464778837812,0.04108915105462074,0.00033940697903744876
natural_residual_w8_c1.0_test,quantized,0,3459,mid_block.attentions.0.to_v.weight,0.158648665437103,-4.05995572317372e-05,-0.009212187586313578,0.027779351388335916,3.087206355802337e-06,0.02645786021810081,0.0007354861838046714,0.04108915105462074,0.00033940697903744876
natural_residual_w8_c1.0_test,quantized,0,3459,mid_block.attentions.0.to_out.0.weight,0.14985314282274653,-3.9778708364641817e-05,-0.008560995512392795,0.03100705732370792,2.583967068494148e-06,0.020018759393421858,0.0008613585302034509,0.04108915105462074,0.00033940697903744876
natural_residual_w8_c1.0_test,quantized,0,3459,mid_block.resnets.0.conv1.weight,1.2015496119889482,-0.0002920186438425855,-0.010775510350521636,0.02255438678093349,4.784124623027181e-05,0.052246731233572624,0.0007620819093025407,0.04108915105462074,0.00033940697903744876
natural_residual_w8_c1.0_test,quantized,0,3459,mid_block.resnets.0.conv2.weight,0.7385368784896859,-0.0002906785955174743,-0.009500580874185753,0.04142768900718064,1.8787529785302753e-05,0.021940441903715236,0.0011594502676441983,0.04108915105462074,0.00033940697903744876
natural_residual_w8_c1.0_test,quantized,0,3459,mid_block.resnets.1.conv1.weight,1.1247553212378112,-4.938395188334055e-05,-0.002621745274978857,0.01674701041231554,7.1246339049119365e-06,0.013000316043616775,0.0004872485848723366,0.04108915105462074,0.00033940697903744876
natural_residual_w8_c1.0_test,quantized,0,3459,mid_block.resnets.1.conv2.weight,0.7547287891532748,-0.0001349308096231229,-0.00628266780930341,0.028456148095604424,9.35189682398926e-06,0.016363322378282863,0.0007572465505029184,0.04108915105462074,0.00033940697903744876
natural_residual_w8_c1.0_test,quantized,0,3459,conv_out.weight,0.010104967680543017,-0.000540570950829335,-0.1376393103537062,0.3886648691601687,8.802629656368755e-06,0.1801511474804948,0.00483548977290197,0.04108915105462074,0.00033940697903744876
natural_residual_w8_c1.0_test,quantized,1,3460,conv_in.weight,0.09251255182637723,-0.00017884018609149778,-0.014240451080650952,0.1357502713446641,1.0182917252198636e-05,0.09277182698397674,0.0011864664026802751,0.049120236188173294,0.00021373090567067266
natural_residual_w8_c1.0_test,quantized,1,3460,up_blocks.0.resnets.0.conv1.weight,1.202320152877385,-0.0004356359450125848,-0.013387430187989054,0.02706489590712356,9.309714074038393e-06,0.03065289579834261,0.00025260660807969565,0.049120236188173294,0.00021373090567067266
natural_residual_w8_c1.0_test,quantized,1,3460,up_blocks.0.resnets.0.conv2.weight,0.8218221583262497,-0.00013219436433226496,-0.0037479489258933694,0.042918193164637256,4.374921694479831e-06,0.013424062555127878,0.00039655960208726925,0.049120236188173294,0.00021373090567067266
natural_residual_w8_c1.0_test,quantized,1,3460,up_blocks.0.resnets.1.conv1.weight,1.21103725938294,-0.0004850385438254891,-0.01282100286431957,0.03123897309828402,9.447694418007806e-06,0.028737129178355223,0.0002714719437210328,0.049120236188173294,0.00021373090567067266
natural_residual_w8_c1.0_test,quantized,1,3460,up_blocks.0.resnets.1.conv2.weight,0.7657198626119792,-0.0001921103363789749,-0.004990100100858743,0.05027725542899036,4.560769705534181e-06,0.012550811017235743,0.000474565803310107,0.049120236188173294,0.00021373090567067266
natural_residual_w8_c1.0_test,quantized,1,3460,up_blocks.0.resnets.2.conv1.weight,1.2741727152746583,-0.00045381124067491287,-0.010766581262275325,0.03308027607055576,1.3009901880071076e-05,0.03549472736247021,0.0002876615892444018,0.049120236188173294,0.00021373090567067266
natural_residual_w8_c1.0_test,quantized,1,3460,up_blocks.0.resnets.2.conv2.weight,0.7711543115480692,-0.00031609135999155144,-0.007360845194067867,0.05568569569492593,6.568746933478634e-06,0.016432136990266487,0.0005183787530690944,0.049120236188173294,0.00021373090567067266
natural_residual_w8_c1.0_test,quantized,1,3460,up_blocks.0.upsamplers.0.conv.weight,0.4650751673060934,-0.0009291049893714799,-0.010184780422345743,0.19615074907999858,2.3694388658365213e-05,0.03462571085171269,0.0014713759695119393,0.049120236188173294,0.00021373090567067266
natural_residual_w8_c1.0_test,quantized,1,3460,up_blocks.1.resnets.0.conv1.weight,1.170346440743997,-0.00044546536172650403,-0.010244313111132197,0.03715494796273552,1.0296784330454738e-05,0.029207006687115847,0.00030123132188420983,0.049120236188173294,0.00021373090567067266
natural_residual_w8_c1.0_test,quantized,1,3460,up_blocks.1.resnets.0.conv2.weight,1.1233921794330968,-0.0005427584516921292,-0.010965632315831867,0.04405969830974811,9.681276240059438e-06,0.02443468868592285,0.00035269102305301563,0.049120236188173294,0.00021373090567067266
natural_residual_w8_c1.0_test,quantized,1,3460,up_blocks.1.resnets.1.conv1.weight,1.1940620921475589,-0.0006544789385972819,-0.013576462903183258,0.04037217313428159,1.190197202739068e-05,0.0361747148984291,0.0002755414231511085,0.049120236188173294,0.00021373090567067266
natural_residual_w8_c1.0_test,quantized,1,3460,up_blocks.1.resnets.1.conv2.weight,1.0750151043082128,-0.0002680562134468663,-0.005477826550711205,0.04552008197756368,7.617956106167474e-06,0.019117720883498505,0.00037067029445732617,0.049120236188173294,0.00021373090567067266
natural_residual_w8_c1.0_test,quantized,1,3460,up_blocks.1.resnets.2.conv1.weight,1.1595473575618649,-0.0006234467907911784,-0.012459946630021698,0.04315138316893109,1.662022997682833e-05,0.04045554259113225,0.00035429947437642907,0.049120236188173294,0.00021373090567067266
natural_residual_w8_c1.0_test,quantized,1,3460,up_blocks.1.resnets.2.conv2.weight,0.9846333688062171,-0.00045743448712510783,-0.01052040857785752,0.044159255985623855,9.001925523653845e-06,0.022964269294412913,0.0003981147192098336,0.049120236188173294,0.00021373090567067266
natural_residual_w8_c1.0_test,quantized,1,3460,up_blocks.1.upsamplers.0.conv.weight,0.5115611959672949,-0.0010693755408048545,-0.011245305248166826,0.18589230127797787,2.0000674928286133e-05,0.032089003940470984,0.0012184026101306517,0.049120236188173294,0.00021373090567067266
natural_residual_w8_c1.0_test,quantized,1,3460,up_blocks.2.resnets.0.conv1.weight,0.7634351494390441,-0.0009992967596699827,-0.02536178887537111,0.05161102029969825,1.5158695898251313e-05,0.054523485440663454,0.0003641716036128454,0.049120236188173294,0.00021373090567067266
natural_residual_w8_c1.0_test,quantized,1,3460,up_blocks.2.resnets.0.conv2.weight,0.6291889371954952,-0.0008183749129632439,-0.03210821864002096,0.04050932606971419,1.2242195829950043e-05,0.06336648651876799,0.00030705672737991915,0.049120236188173294,0.00021373090567067266
natural_residual_w8_c1.0_test,quantized,1,3460,up_blocks.2.resnets.0.conv_shortcut.weight,0.05741867403459387,-0.0012303150793031663,-0.04338787028677672,0.49384976869697705,1.684578810943201e-05,0.09721976897367093,0.0030177523018927697,0.049120236188173294,0.00021373090567067266
natural_residual_w8_c1.0_test,quantized,1,3460,up_blocks.2.resnets.1.conv1.weight,0.4989305032499367,-0.0007386099618417573,-0.03020718254164714,0.049007763589325,1.0055456540538675e-05,0.07287030293486325,0.00027657387978771047,0.049120236188173294,0.00021373090567067266
natural_residual_w8_c1.0_test,quantized,1,3460,up_blocks.2.resnets.1.conv2.weight,0.6809563354741158,-0.0011470031037701775,-0.037269443020952545,0.0451952117867129,1.2642255592489527e-05,0.06205338393127982,0.0002991850110143886,0.049120236188173294,0.00021373090567067266
natural_residual_w8_c1.0_test,quantized,1,3460,up_blocks.2.resnets.2.conv1.weight,0.5320036171330889,-0.000992298400999013,-0.03736244825785462,0.04992204642495688,1.1871390288846104e-05,0.08564055000775558,0.0002605598828955069,0.049120236188173294,0.00021373090567067266
natural_residual_w8_c1.0_test,quantized,1,3460,up_blocks.2.resnets.2.conv2.weight,0.6121943487857522,-0.000986205484458362,-0.03779217662301959,0.042626158108040935,8.374543797715538e-06,0.04673772695190859,0.00029268755376148396,0.049120236188173294,0.00021373090567067266
natural_residual_w8_c1.0_test,quantized,1,3460,up_blocks.2.upsamplers.0.conv.weight,0.2862639373435992,-0.0018294512889036906,-0.02340334017579462,0.27307149296723204,1.5537632898053478e-05,0.04680276750066312,0.0011597027360582737,0.049120236188173294,0.00021373090567067266
natural_residual_w8_c1.0_test,quantized,1,3460,up_blocks.3.resnets.0.conv1.weight,0.3626816396990738,-0.0009111150821268081,-0.04667627187074089,0.053820967995194376,8.305654288208864e-06,0.09293243383962127,0.00024642284569602975,0.049120236188173294,0.00021373090567067266
natural_residual_w8_c1.0_test,quantized,1,3460,up_blocks.3.resnets.0.conv2.weight,0.3914008735483974,-0.000980600343560698,-0.07871579935724161,0.03182792605503652,5.239625742063028e-06,0.10263805708894214,0.0001304277655608989,0.049120236188173294,0.00021373090567067266
natural_residual_w8_c1.0_test,quantized,1,3460,up_blocks.3.resnets.0.conv_shortcut.weight,0.048482861864150587,-0.0016280080034134564,-0.07151438317078208,0.46954248153940054,1.2353095154615305e-05,0.15079309254791357,0.0016896863321886673,0.049120236188173294,0.00021373090567067266
natural_residual_w8_c1.0_test,quantized,1,3460,up_blocks.3.resnets.1.conv1.weight,0.2518746001536657,-0.00045051422075904657,-0.027820960440855816,0.0642912709922014,5.228262814810837e-06,0.09980043123442077,0.00020798912060918234,0.049120236188173294,0.00021373090567067266
natural_residual_w8_c1.0_test,quantized,1,3460,up_blocks.3.resnets.1.conv2.weight,0.4081188477098008,-0.0010035561626675809,-0.06221179526171154,0.03952594812712883,6.418082384385101e-06,0.0970300380343594,0.00016207365795171708,0.049120236188173294,0.00021373090567067266
natural_residual_w8_c1.0_test,quantized,1,3460,up_blocks.3.resnets.2.conv1.weight,0.265788058205348,-0.0010123732924547007,-0.046070427720011756,0.08267666901400375,7.591027482480327e-06,0.0917692429128411,0.0003112203240783264,0.049120236188173294,0.00021373090567067266
natural_residual_w8_c1.0_test,quantized,1,3460,up_blocks.3.resnets.2.conv2.weight,0.3748783295199185,-0.0005167690677731893,-0.07591080146569554,0.018159446097916115,2.649727797554612e-06,0.06612564211124271,0.00010689097132329206,0.049120236188173294,0.00021373090567067266
natural_residual_w8_c1.0_test,quantized,1,3460,mid_block.attentions.0.to_q.weight,0.23103916796335425,-5.879309837133566e-06,-0.0035541584493642576,0.007159850442301432,1.3666379119095907e-07,0.009016142282392779,6.560653419240205e-05,0.049120236188173294,0.00021373090567067266
natural_residual_w8_c1.0_test,quantized,1,3460,mid_block.attentions.0.to_k.weight,0.2377322435723198,-6.285008466397923e-06,-0.0028832378130984938,0.009169323876507022,9.560725750467422e-08,0.00530130247311308,7.586128370324694e-05,0.049120236188173294,0.00021373090567067266
natural_residual_w8_c1.0_test,quantized,1,3460,mid_block.attentions.0.to_v.weight,0.158648665437103,-0.00010306567346928815,-0.012017424210396258,0.05405877877213878,1.7750522034407113e-06,0.029733282109114165,0.00037629795260267897,0.049120236188173294,0.00021373090567067266
natural_residual_w8_c1.0_test,quantized,1,3460,mid_block.attentions.0.to_out.0.weight,0.14985314282274653,-5.221653316092831e-05,-0.004755130517576699,0.07327903416120995,1.6136200362781435e-06,0.01994317959663751,0.0005399344298477605,0.049120236188173294,0.00021373090567067266
natural_residual_w8_c1.0_test,quantized,1,3460,mid_block.resnets.0.conv1.weight,1.2015496119889482,-0.000691288358931585,-0.014028401700554902,0.04101184834075334,2.397232850436217e-05,0.051015420604940284,0.0003910812919899143,0.049120236188173294,0.00021373090567067266
natural_residual_w8_c1.0_test,quantized,1,3460,mid_block.resnets.0.conv2.weight,0.7385368784896859,-0.00028963643818565255,-0.005857127640662568,0.06695705184333076,1.1123030847070102e-05,0.023356143482649246,0.0006448368095944113,0.049120236188173294,0.00021373090567067266
natural_residual_w8_c1.0_test,quantized,1,3460,mid_block.resnets.1.conv1.weight,1.1247553212378112,-0.0001501905963068665,-0.005497054755717976,0.024291516154540803,6.135866773779409e-06,0.023061329305630096,0.00023655576007271367,0.049120236188173294,0.00021373090567067266
natural_residual_w8_c1.0_test,quantized,1,3460,mid_block.resnets.1.conv2.weight,0.7547287891532748,-0.0002557897462670027,-0.007086656721527419,0.04782454189135613,5.436973467329199e-06,0.016412373567806934,0.0004389296347214046,0.049120236188173294,0.00021373090567067266
natural_residual_w8_c1.0_test,quantized,1,3460,conv_out.weight,0.010104967680543017,-0.000818436892626623,-0.1334192918107995,0.6070600284241093,6.66218581628755e-06,0.16545878164507183,0.0039846666101504705,0.049120236188173294,0.00021373090567067266
natural_residual_w8_c1.0_test,quantized,2,3461,conv_in.weight,0.09251255182637723,5.190410341625997e-06,0.0006301485803681949,0.08903444806431667,1.4745729484799483e-05,0.129405692991721,0.0012317206401348665,0.04995027184486389,0.00024160099565051496
natural_residual_w8_c1.0_test,quantized,2,3461,up_blocks.0.resnets.0.conv1.weight,1.202320152877385,-0.00036044056150846555,-0.011380462926590907,0.026342294610619647,1.1162986602051727e-05,0.03314881055433218,0.0002800865971064848,0.04995027184486389,0.00024160099565051496
natural_residual_w8_c1.0_test,quantized,2,3461,up_blocks.0.resnets.0.conv2.weight,0.8218221583262497,-4.6919804519869394e-05,-0.0014858254082479889,0.03842470718475819,4.604775643527751e-06,0.015506825029773928,0.00036133309564977416,0.04995027184486389,0.00024160099565051496
natural_residual_w8_c1.0_test,quantized,2,3461,up_blocks.0.resnets.1.conv1.weight,1.21103725938294,-0.00031583914128992875,-0.008055298973394498,0.03237626761682639,1.0655542817688183e-05,0.029741233637820167,0.0002958414993193565,0.04995027184486389,0.00024160099565051496
natural_residual_w8_c1.0_test,quantized,2,3461,up_blocks.0.resnets.1.conv2.weight,0.7657198626119792,-0.00012109867618197533,-0.0035186680830918164,0.044946013839477335,4.86308179985101e-06,0.015131870583030936,0.0004197097360294775,0.04995027184486389,0.00024160099565051496
natural_residual_w8_c1.0_test,quantized,2,3461,up_blocks.0.resnets.2.conv1.weight,1.2741727152746583,-0.0004412558357104609,-0.00981992679734211,0.03526581384668963,1.4858279279091534e-05,0.037283764131968405,0.00031276666863014953,0.04995027184486389,0.00024160099565051496
natural_residual_w8_c1.0_test,quantized,2,3461,up_blocks.0.resnets.2.conv2.weight,0.7711543115480692,-0.000201785011758529,-0.0056804845314557,0.04606406197342079,7.017561174032474e-06,0.019883511152029562,0.00045766936062824256,0.04995027184486389,0.00024160099565051496
natural_residual_w8_c1.0_test,quantized,2,3461,up_blocks.0.upsamplers.0.conv.weight,0.4650751673060934,-0.0005951264727615915,-0.007459583654509597,0.17154241885565666,2.639405349632024e-05,0.0357673688156666,0.0015867041172602666,0.04995027184486389,0.00024160099565051496
natural_residual_w8_c1.0_test,quantized,2,3461,up_blocks.1.resnets.0.conv1.weight,1.170346440743997,-0.0002983440107102052,-0.00696817280640515,0.036583392172038876,9.974933823334e-06,0.02911177387506298,0.0002927702308832644,0.04995027184486389,0.00024160099565051496
natural_residual_w8_c1.0_test,quantized,2,3461,up_blocks.1.resnets.0.conv2.weight,1.1233921794330968,-0.00034875346390051646,-0.00811887566860062,0.038237654335881506,1.0125325491786883e-05,0.02816089818110034,0.00032005977422469513,0.04995027184486389,0.00024160099565051496
natural_residual_w8_c1.0_test,quantized,2,3461,up_blocks.1.resnets.1.conv1.weight,1.1940620921475589,-0.00045465730067077844,-0.009630042760966894,0.03953930603162883,1.2445289776511431e-05,0.037441024721585656,0.0002783750933945085,0.04995027184486389,0.00024160099565051496
natural_residual_w8_c1.0_test,quantized,2,3461,up_blocks.1.resnets.1.conv2.weight,1.0750151043082128,-0.0003169424040139146,-0.0074650896907733025,0.039493966318281705,8.326269240915068e-06,0.024875721838013207,0.00031135811701366256,0.04995027184486389,0.00024160099565051496
natural_residual_w8_c1.0_test,quantized,2,3461,up_blocks.1.resnets.2.conv1.weight,1.1595473575618649,-0.0007166600939035773,-0.013403743924521936,0.04611037024827806,1.7189518090646625e-05,0.04343999286641209,0.0003412600621854169,0.04995027184486389,0.00024160099565051496
natural_residual_w8_c1.0_test,quantized,2,3461,up_blocks.1.resnets.2.conv2.weight,0.9846333688062171,-0.00025813117087579885,-0.006825540174672316,0.038408635113764696,8.64471849013789e-06,0.028983218505424093,0.0003029212181257846,0.04995027184486389,0.00024160099565051496
natural_residual_w8_c1.0_test,quantized,2,3461,up_blocks.1.upsamplers.0.conv.weight,0.5115611959672949,-0.0005071087044126799,-0.0063530311589517635,0.1560351654496024,2.0583273262688013e-05,0.029751022116702632,0.0013524304954001807,0.04995027184486389,0.00024160099565051496
natural_residual_w8_c1.0_test,quantized,2,3461,up_blocks.2.resnets.0.conv1.weight,0.7634351494390441,-0.0006127357579648246,-0.01743784943784017,0.04602652114350833,1.768347569978459e-05,0.05971764578806111,0.00038787590330140837,0.04995027184486389,0.00024160099565051496
natural_residual_w8_c1.0_test,quantized,2,3461,up_blocks.2.resnets.0.conv2.weight,0.6291889371954952,-0.0006850263812692011,-0.030422769994978588,0.035787178957145734,1.8090691456496838e-05,0.09735354753405917,0.0002953400247647947,0.04995027184486389,0.00024160099565051496
natural_residual_w8_c1.0_test,quantized,2,3461,up_blocks.2.resnets.0.conv_shortcut.weight,0.05741867403459387,-0.0005741788331010927,-0.02560409730618051,0.39055711155688355,1.617444686619057e-05,0.08150094949270728,0.003456317339585729,0.04995027184486389,0.00024160099565051496
natural_residual_w8_c1.0_test,quantized,2,3461,up_blocks.2.resnets.1.conv1.weight,0.4989305032499367,-0.0006288818032371699,-0.02523000596361685,0.04995875638886991,1.5341044634853882e-05,0.08975307644185729,0.00034258278332791715,0.04995027184486389,0.00024160099565051496
natural_residual_w8_c1.0_test,quantized,2,3461,up_blocks.2.resnets.1.conv2.weight,0.6809563354741158,-0.0010159274303309343,-0.037268072425974616,0.04003192652651228,2.0783848453658416e-05,0.11318769114016493,0.0002696543938204043,0.04995027184486389,0.00024160099565051496
natural_residual_w8_c1.0_test,quantized,2,3461,up_blocks.2.resnets.2.conv1.weight,0.5320036171330889,-0.0005948629202001786,-0.023479887443679744,0.04762185440790703,1.5424678775585838e-05,0.092893736838741,0.00031211533686642155,0.04995027184486389,0.00024160099565051496
natural_residual_w8_c1.0_test,quantized,2,3461,up_blocks.2.resnets.2.conv2.weight,0.6121943487857522,-0.0007514326165370675,-0.03698364986789136,0.03318875467296375,9.271074164497028e-06,0.07337234555969142,0.00020639935519943612,0.04995027184486389,0.00024160099565051496
natural_residual_w8_c1.0_test,quantized,2,3461,up_blocks.2.upsamplers.0.conv.weight,0.2862639373435992,-0.00079102319396285,-0.01577231143870994,0.17519722922158265,1.5023206225698117e-05,0.03804238302538471,0.0013795208686326142,0.04995027184486389,0.00024160099565051496
natural_residual_w8_c1.0_test,quantized,2,3461,up_blocks.3.resnets.0.conv1.weight,0.3626816396990738,-0.0007148769711232589,-0.04577297183214574,0.043062240921897615,9.378613352649883e-06,0.09907029954451084,0.0002610174756178479,0.04995027184486389,0.00024160099565051496
natural_residual_w8_c1.0_test,quantized,2,3461,up_blocks.3.resnets.0.conv2.weight,0.3914008735483974,-0.0006718382591004605,-0.06914967767424189,0.02482291506265533,5.344589937169414e-06,0.1067644744746154,0.00012789861228677902,0.04995027184486389,0.00024160099565051496
natural_residual_w8_c1.0_test,quantized,2,3461,up_blocks.3.resnets.0.conv_shortcut.weight,0.048482861864150587,-0.000977134405770437,-0.060660547726856535,0.3322459765767671,1.2507230310146228e-05,0.10636018233343535,0.002425458377874442,0.04995027184486389,0.00024160099565051496
natural_residual_w8_c1.0_test,quantized,2,3461,up_blocks.3.resnets.1.conv1.weight,0.2518746001536657,-0.0001949021494808267,-0.01517071377751868,0.051006584114824026,5.784800141422468e-06,0.08324632852327234,0.0002758918659756726,0.04995027184486389,0.00024160099565051496
natural_residual_w8_c1.0_test,quantized,2,3461,up_blocks.3.resnets.1.conv2.weight,0.4081188477098008,-0.0008325739656526442,-0.07254109144953336,0.02812238108500771,5.616530137257832e-06,0.10833261902526907,0.00012703465109008188,0.04995027184486389,0.00024160099565051496
natural_residual_w8_c1.0_test,quantized,2,3461,up_blocks.3.resnets.2.conv1.weight,0.265788058205348,-0.00043672734050077827,-0.02802504086875436,0.058631183682127455,8.12385993922227e-06,0.07368300090786847,0.0004148199719519683,0.04995027184486389,0.00024160099565051496
natural_residual_w8_c1.0_test,quantized,2,3461,up_blocks.3.resnets.2.conv2.weight,0.3748783295199185,-0.0003138037780270178,-0.06320280863524277,0.01324437454321633,1.8379391092343373e-06,0.04862926481650799,0.000100819161056711,0.04995027184486389,0.00024160099565051496
natural_residual_w8_c1.0_test,quantized,2,3461,mid_block.attentions.0.to_q.weight,0.23103916796335425,-1.686763152207618e-07,-0.00010070844704390172,0.007249408859614996,2.0682536717061005e-07,0.006840372218678405,0.00013086950436231234,0.04995027184486389,0.00024160099565051496
natural_residual_w8_c1.0_test,quantized,2,3461,mid_block.attentions.0.to_k.weight,0.2377322435723198,-7.140889965142576e-06,-0.004009470955104154,0.007491644838144552,6.356664721260066e-08,0.0029386501955276233,9.098992851889993e-05,0.04995027184486389,0.00024160099565051496
natural_residual_w8_c1.0_test,quantized,2,3461,mid_block.attentions.0.to_v.weight,0.158648665437103,1.4821051567832657e-05,0.0018935651762213856,0.04933581843597645,2.430891354390658e-06,0.030026282461274315,0.0005103023404073838,0.04995027184486389,0.00024160099565051496
natural_residual_w8_c1.0_test,quantized,2,3461,mid_block.attentions.0.to_out.0.weight,0.14985314282274653,-2.166079936800398e-05,-0.002202336007378978,0.06563342147413137,2.1462625260491973e-06,0.019100218324311545,0.0007498573550530313,0.04995027184486389,0.00024160099565051496
natural_residual_w8_c1.0_test,quantized,2,3461,mid_block.resnets.0.conv1.weight,1.2015496119889482,-5.735705440013136e-05,-0.001579014392803095,0.030231454578743745,3.312494427831208e-05,0.05959212516021124,0.00046262018234456085,0.04995027184486389,0.00024160099565051496
natural_residual_w8_c1.0_test,quantized,2,3461,mid_block.resnets.0.conv2.weight,0.7385368784896859,-0.0001587245155269118,-0.003571582256118582,0.06017431664092046,1.3796004282246912e-05,0.027869839896242813,0.000670265182514701,0.04995027184486389,0.00024160099565051496
natural_residual_w8_c1.0_test,quantized,2,3461,mid_block.resnets.1.conv1.weight,1.1247553212378112,-7.492148934647505e-05,-0.002850893373713087,0.023365085305614475,5.776271267897424e-06,0.021636211535848302,0.00023736042188163376,0.04995027184486389,0.00024160099565051496
natural_residual_w8_c1.0_test,quantized,2,3461,mid_block.resnets.1.conv2.weight,0.7547287891532748,-0.0001491460765745245,-0.005049798297892517,0.03913333721185093,5.780713965763177e-06,0.018764490243573753,0.0004081819474041201,0.04995027184486389,0.00024160099565051496
natural_residual_w8_c1.0_test,quantized,2,3461,conv_out.weight,0.010104967680543017,-0.0007042885440061908,-0.12188587727702917,0.5718239061141792,2.890194974732043e-06,0.0665038205941816,0.004300764050563956,0.04995027184486389,0.00024160099565051496
natural_residual_w8_c1.0_test,quantized,3,3462,conv_in.weight,0.09251255182637723,-1.524803329277909e-05,-0.032171225074597125,0.005123250273991104,3.800782664822967e-06,0.08962104515861515,0.0004584187491171566,0.0008287544478662312,3.319491952424869e-05
natural_residual_w8_c1.0_test,quantized,3,3462,up_blocks.0.resnets.0.conv1.weight,1.202320152877385,-2.4002275237523723e-05,-0.01671498133462883,0.0011943356309702473,1.217220169640442e-06,0.020460126736925963,4.9481253601995275e-05,0.0008287544478662312,3.319491952424869e-05
natural_residual_w8_c1.0_test,quantized,3,3462,up_blocks.0.resnets.0.conv2.weight,0.8218221583262497,-1.2402390368188222e-05,-0.0063478633495004525,0.002377387532810515,8.350247201618565e-07,0.004995027642611197,0.00020341528799150917,0.0008287544478662312,3.319491952424869e-05
natural_residual_w8_c1.0_test,quantized,3,3462,up_blocks.0.resnets.1.conv1.weight,1.21103725938294,-2.2197212708639315e-05,-0.01607055676076624,0.0011405386726372928,9.38360725882107e-07,0.016936666080545535,4.5749293563612044e-05,0.0008287544478662312,3.319491952424869e-05
natural_residual_w8_c1.0_test,quantized,3,3462,up_blocks.0.resnets.1.conv2.weight,0.7657198626119792,-1.1252966920627855e-05,-0.005401438379810771,0.0027207441465015377,7.826845034186794e-07,0.004516434220943432,0.0002263190612595843,0.0008287544478662312,3.319491952424869e-05
natural_residual_w8_c1.0_test,quantized,3,3462,up_blocks.0.resnets.2.conv1.weight,1.2741727152746583,-2.883765102780839e-05,-0.016075882271587662,0.0014078512278538299,1.7257707434423455e-06,0.024096149544314903,5.620916727851474e-05,0.0008287544478662312,3.319491952424869e-05
natural_residual_w8_c1.0_test,quantized,3,3462,up_blocks.0.resnets.2.conv2.weight,0.7711543115480692,-1.927171380867289e-05,-0.008685578748558643,0.002877267792400771,9.070417762827112e-07,0.004810455914573932,0.0002445117647410981,0.0008287544478662312,3.319491952424869e-05
natural_residual_w8_c1.0_test,quantized,3,3462,up_blocks.0.upsamplers.0.conv.weight,0.4650751673060934,-5.8921655891767826e-05,-0.014470083987117122,0.008755495731055118,4.753296588650076e-06,0.013769401608849806,0.0007422610907954597,0.0008287544478662312,3.319491952424869e-05
natural_residual_w8_c1.0_test,quantized,3,3462,up_blocks.1.resnets.0.conv1.weight,1.170346440743997,-1.3788581306783746e-05,-0.007667527099152639,0.0015365610710209197,1.2165815885270655e-06,0.019504556868752836,5.329552112414708e-05,0.0008287544478662312,3.319491952424869e-05
natural_residual_w8_c1.0_test,quantized,3,3462,up_blocks.1.resnets.0.conv2.weight,1.1233921794330968,-1.5816139617557186e-05,-0.007362430890696516,0.0019122640596350932,1.264969646568283e-06,0.009210005346446636,0.0001222612484176356,0.0008287544478662312,3.319491952424869e-05
natural_residual_w8_c1.0_test,quantized,3,3462,up_blocks.1.resnets.1.conv1.weight,1.1940620921475589,-2.167128297038468e-05,-0.011980927477158123,0.0015148417728256766,1.6173868644099686e-06,0.026818443448518796,5.0507216290401363e-05,0.0008287544478662312,3.319491952424869e-05
natural_residual_w8_c1.0_test,quantized,3,3462,up_blocks.1.resnets.1.conv2.weight,1.0750151043082128,-1.0019900968465361e-05,-0.004303938708267123,0.002165622649672375,1.0410839090571773e-06,0.00621051719569294,0.0001559349262563041,0.0008287544478662312,3.319491952424869e-05
natural_residual_w8_c1.0_test,quantized,3,3462,up_blocks.1.resnets.2.conv1.weight,1.1595473575618649,-1.8039727422250386e-05,-0.008512171914062311,0.0018276839347264775,2.1484436433538693e-06,0.02988571665018614,6.199716076948005e-05,0.0008287544478662312,3.319491952424869e-05
natural_residual_w8_c1.0_test,quantized,3,3462,up_blocks.1.resnets.2.conv2.weight,0.9846333688062171,-7.476888645830248e-06,-0.0035618983060697164,0.0021318902675682557,1.0146516577412755e-06,0.005814403137691068,0.00017723001715738568,0.0008287544478662312,3.319491952424869e-05
natural_residual_w8_c1.0_test,quantized,3,3462,up_blocks.1.upsamplers.0.conv.weight,0.5115611959672949,-3.547624903667931e-05,-0.009104736362279917,0.007616803049835622,2.6652242470743507e-06,0.007274840383491102,0.0007161643404826147,0.0008287544478662312,3.319491952424869e-05
natural_residual_w8_c1.0_test,quantized,3,3462,up_blocks.2.resnets.0.conv1.weight,0.7634351494390441,-3.767557787461793e-05,-0.026097062432268472,0.0018910201053602453,1.8211890175816816e-06,0.03178265955505808,7.505724773695138e-05,0.0008287544478662312,3.319491952424869e-05
natural_residual_w8_c1.0_test,quantized,3,3462,up_blocks.2.resnets.0.conv2.weight,0.6291889371954952,-3.385488853675117e-05,-0.03070900354029629,0.0017521633252118522,2.1492602482365184e-06,0.026275882484637803,0.00013000217472121758,0.0008287544478662312,3.319491952424869e-05
natural_residual_w8_c1.0_test,quantized,3,3462,up_blocks.2.resnets.0.conv_shortcut.weight,0.05741867403459387,-2.9388548836203505e-05,-0.029018939050547338,0.01763776095475139,2.1972283585038983e-06,0.02115298544696341,0.0018090491479095649,0.0008287544478662312,3.319491952424869e-05
natural_residual_w8_c1.0_test,quantized,3,3462,up_blocks.2.resnets.1.conv1.weight,0.4989305032499367,-3.802730727192559e-05,-0.03745984756900533,0.002034649058506696,1.881866367564505e-06,0.05861352044503167,6.435035062629402e-05,0.0008287544478662312,3.319491952424869e-05
natural_residual_w8_c1.0_test,quantized,3,3462,up_blocks.2.resnets.1.conv2.weight,0.6809563354741158,-5.369671985822948e-05,-0.0392784597695795,0.002007585465273762,2.9999045545251868e-06,0.031517283338368736,0.0001397781848706376,0.0008287544478662312,3.319491952424869e-05
natural_residual_w8_c1.0_test,quantized,3,3462,up_blocks.2.resnets.2.conv1.weight,0.5320036171330889,-3.9005967730381456e-05,-0.03611004965023587,0.0020304317058656377,2.498681770967508e-06,0.06983042602374126,6.725919602558758e-05,0.0008287544478662312,3.319491952424869e-05
natural_residual_w8_c1.0_test,quantized,3,3462,up_blocks.2.resnets.2.conv2.weight,0.6121943487857522,-3.78448231067637e-05,-0.03524094005267481,0.001754161918714474,1.1388834440977278e-06,0.013672798306689405,0.00013606065458756438,0.0008287544478662312,3.319491952424869e-05
natural_residual_w8_c1.0_test,quantized,3,3462,up_blocks.2.upsamplers.0.conv.weight,0.2862639373435992,-4.683206483263578e-05,-0.018622746817780023,0.0087848212081277,1.4825289339291596e-06,0.006480404016611851,0.0007991613193021888,0.0008287544478662312,3.319491952424869e-05
natural_residual_w8_c1.0_test,quantized,3,3462,up_blocks.3.resnets.0.conv1.weight,0.3626816396990738,-2.7134118125984405e-05,-0.03442716429956682,0.0021731459190858647,1.3945003908795195e-06,0.06224537145801302,6.177119552791062e-05,0.0008287544478662312,3.319491952424869e-05
natural_residual_w8_c1.0_test,quantized,3,3462,up_blocks.3.resnets.0.conv2.weight,0.3914008735483974,-2.639830091345369e-05,-0.054133209320658356,0.001245920722484493,1.0219878615615384e-06,0.051463152265490385,5.07373245479691e-05,0.0008287544478662312,3.319491952424869e-05
natural_residual_w8_c1.0_test,quantized,3,3462,up_blocks.3.resnets.0.conv_shortcut.weight,0.048482861864150587,-5.0319764179564195e-05,-0.0630300329213957,0.016466557521250293,2.8059188170292053e-06,0.05803511938447549,0.0009972314620119768,0.0008287544478662312,3.319491952424869e-05
natural_residual_w8_c1.0_test,quantized,3,3462,up_blocks.3.resnets.1.conv1.weight,0.2518746001536657,-1.4257518181759057e-05,-0.023247161041056036,0.002434947691160873,9.928148322169633e-07,0.04425288859210807,8.907221623516266e-05,0.0008287544478662312,3.319491952424869e-05
natural_residual_w8_c1.0_test,quantized,3,3462,up_blocks.3.resnets.1.conv2.weight,0.4081188477098008,-3.446571603152921e-05,-0.047318627495639975,0.0017847135236098558,1.046631836942477e-06,0.03858933105188716,6.645689392427931e-05,0.0008287544478662312,3.319491952424869e-05
natural_residual_w8_c1.0_test,quantized,3,3462,up_blocks.3.resnets.2.conv1.weight,0.265788058205348,-3.8835259231296954e-05,-0.03475137266109931,0.004204542827019555,1.023757193074508e-06,0.029552281037802407,0.00013033783227410508,0.0008287544478662312,3.319491952424869e-05
natural_residual_w8_c1.0_test,quantized,3,3462,up_blocks.3.resnets.2.conv2.weight,0.3748783295199185,-1.788314886361449e-05,-0.058389384464076315,0.000816995677377326,3.0211033408437347e-07,0.015567724452722696,5.176665571260274e-05,0.0008287544478662312,3.319491952424869e-05
natural_residual_w8_c1.0_test,quantized,3,3462,mid_block.attentions.0.to_q.weight,0.23103916796335425,1.268785727606556e-07,0.002277213264740709,0.00024115649763921374,-2.538627093455472e-09,-0.0011405519109083076,9.633813672796772e-06,0.0008287544478662312,3.319491952424869e-05
natural_residual_w8_c1.0_test,quantized,3,3462,mid_block.attentions.0.to_k.weight,0.2377322435723198,3.951893882172916e-08,0.0006864037632863796,0.00024217958425764668,8.84556671819231e-09,0.004740472080295139,7.849029845536804e-06,0.0008287544478662312,3.319491952424869e-05
natural_residual_w8_c1.0_test,quantized,3,3462,mid_block.attentions.0.to_v.weight,0.158648665437103,-4.083153772138515e-06,-0.011058033583832493,0.002327455617385951,2.3906144623497014e-07,0.013958515268020524,0.00010795279557502249,0.0008287544478662312,3.319491952424869e-05
natural_residual_w8_c1.0_test,quantized,3,3462,mid_block.attentions.0.to_out.0.weight,0.14985314282274653,-6.1774645080598905e-06,-0.013447794709215534,0.0030654436171973507,3.1074273832445244e-07,0.006179261070876297,0.000335581946250722,0.0008287544478662312,3.319491952424869e-05
natural_residual_w8_c1.0_test,quantized,3,3462,mid_block.resnets.0.conv1.weight,1.2015496119889482,-4.444050774150803e-05,-0.023307360530781696,0.0015868804528464389,2.2376372814080594e-06,0.030918097403195923,6.023310072250684e-05,0.0008287544478662312,3.319491952424869e-05
natural_residual_w8_c1.0_test,quantized,3,3462,mid_block.resnets.0.conv2.weight,0.7385368784896859,-2.5490321034539333e-05,-0.010310644909455819,0.003347474584470912,1.2496920450809746e-06,0.006100492648039889,0.0002773741029986583,0.0008287544478662312,3.319491952424869e-05
natural_residual_w8_c1.0_test,quantized,3,3462,mid_block.resnets.1.conv1.weight,1.1247553212378112,-1.617083241725799e-05,-0.012239929305315428,0.0011746146428244111,6.992126975972506e-07,0.013341127031843052,4.659708299612359e-05,0.0008287544478662312,3.319491952424869e-05
natural_residual_w8_c1.0_test,quantized,3,3462,mid_block.resnets.1.conv2.weight,0.7547287891532748,-1.5933457567375033e-05,-0.008578719199388697,0.002460915258257158,1.3851453379809242e-06,0.008916571738170086,0.00020582897917159095,0.0008287544478662312,3.319491952424869e-05
natural_residual_w8_c1.0_test,quantized,3,3462,conv_out.weight,0.010104967680543017,-2.5025581132654563e-05,-0.09180122488910038,0.02697744193635168,1.882815742571373e-06,0.0801992319108919,0.0023232860412022707,0.0008287544478662312,3.319491952424869e-05
natural_residual_qat_w8_c1.0_test,quantized,0,3459,conv_in.weight,0.086403624880607,-0.00016205244053706222,-0.029639321885604954,0.06327837967387856,1.2437746705165844e-05,0.09594988217032774,0.0015002557489485133,0.04186331480741501,0.0003161916683893651
natural_residual_qat_w8_c1.0_test,quantized,0,3459,up_blocks.0.resnets.0.conv1.weight,1.1996616683784427,-0.0003449694246518377,-0.014629930085932474,0.019655295216478165,1.7202864975492757e-05,0.027089484628138365,0.0005293479741693168,0.04186331480741501,0.0003161916683893651
natural_residual_qat_w8_c1.0_test,quantized,0,3459,up_blocks.0.resnets.0.conv2.weight,0.8219532920624945,-0.00018482960222634558,-0.00786266777242647,0.028599238149203676,9.277169189404782e-06,0.0138115264306646,0.0008171968029310046,0.04186331480741501,0.0003161916683893651
natural_residual_qat_w8_c1.0_test,quantized,0,3459,up_blocks.0.resnets.1.conv1.weight,1.2092319338738693,-0.00045916476680834487,-0.016845695684086448,0.022540834858740803,1.8938373470122992e-05,0.027709253074339857,0.0005652079344061215,0.04186331480741501,0.0003161916683893651
natural_residual_qat_w8_c1.0_test,quantized,0,3459,up_blocks.0.resnets.1.conv2.weight,0.7659992455766481,-0.00019647065744515764,-0.007694060442113104,0.03333602113980824,9.75363907194242e-06,0.014011013031460276,0.0009088010116670526,0.04186331480741501,0.0003161916683893651
natural_residual_qat_w8_c1.0_test,quantized,0,3459,up_blocks.0.resnets.2.conv1.weight,1.2684941129638934,-0.00030416541902478634,-0.011145607463881402,0.02151382528488082,2.134276370209706e-05,0.02951758780060205,0.000570008505763623,0.04186331480741501,0.0003161916683893651
natural_residual_qat_w8_c1.0_test,quantized,0,3459,up_blocks.0.resnets.2.conv2.weight,0.7714362602934005,-0.00023612212193410145,-0.009255538062357432,0.03307005809377187,1.1198147698736888e-05,0.016839230204990476,0.0008620330341209628,0.04186331480741501,0.0003161916683893651
natural_residual_qat_w8_c1.0_test,quantized,0,3459,up_blocks.0.upsamplers.0.conv.weight,0.4637296253527697,-0.0007242515643896986,-0.015165350234461873,0.10298456899684783,3.274814999896825e-05,0.026700319847227146,0.0026448769112769207,0.04186331480741501,0.0003161916683893651
natural_residual_qat_w8_c1.0_test,quantized,0,3459,up_blocks.1.resnets.0.conv1.weight,1.1695653885991935,-0.0004300676556598931,-0.014520922915813793,0.025323169037894472,1.966315534918707e-05,0.025655425222929767,0.0006553140594058296,0.04186331480741501,0.0003161916683893651
natural_residual_qat_w8_c1.0_test,quantized,0,3459,up_blocks.1.resnets.0.conv2.weight,1.1231589716643646,-0.00043702512133984714,-0.014958735156907115,0.026011793547672073,2.000017708315358e-05,0.025379535067586122,0.0007016312898003625,0.04186331480741501,0.0003161916683893651
natural_residual_qat_w8_c1.0_test,quantized,0,3459,up_blocks.1.resnets.1.conv1.weight,1.193952599999591,-0.000749411199272791,-0.024500834426368596,0.025618412716444598,2.0579975558683187e-05,0.02765298362159255,0.0006233267609396246,0.04186331480741501,0.0003161916683893651
natural_residual_qat_w8_c1.0_test,quantized,0,3459,up_blocks.1.resnets.1.conv2.weight,1.0762750053300105,-0.00041651183876413665,-0.014523892687905373,0.026645327594075997,1.5239602417762278e-05,0.019451400991352265,0.0007279465554852722,0.04186331480741501,0.0003161916683893651
natural_residual_qat_w8_c1.0_test,quantized,0,3459,up_blocks.1.resnets.2.conv1.weight,1.1579283108200502,-0.0007088058911002384,-0.020894907219963604,0.029295788999968816,2.8439859903854153e-05,0.03452264712672362,0.0007114455892208877,0.04186331480741501,0.0003161916683893651
natural_residual_qat_w8_c1.0_test,quantized,0,3459,up_blocks.1.resnets.2.conv2.weight,0.9867814934291556,-0.00045268229597442014,-0.017330488319408328,0.026470473748685622,1.5634248894945645e-05,0.0221231361125563,0.0007161588024809689,0.04186331480741501,0.0003161916683893651
natural_residual_qat_w8_c1.0_test,quantized,0,3459,up_blocks.1.upsamplers.0.conv.weight,0.5119833501704532,-0.00074973410419912,-0.016261859130902084,0.09004948515917671,2.8810491317840206e-05,0.029510073444686903,0.0019068851486050249,0.04186331480741501,0.0003161916683893651
natural_residual_qat_w8_c1.0_test,quantized,0,3459,up_blocks.2.resnets.0.conv1.weight,0.7641884630760678,-0.000639053332253709,-0.0309423631797204,0.027026085577656296,2.3468865099139287e-05,0.04442581577300974,0.0006912835150137666,0.04186331480741501,0.0003161916683893651
natural_residual_qat_w8_c1.0_test,quantized,0,3459,up_blocks.2.resnets.0.conv2.weight,0.6290357136835503,-0.0007136515807134424,-0.048882201285959104,0.023209200146081733,1.930548586965155e-05,0.061739249149656915,0.0004971003734343763,0.04186331480741501,0.0003161916683893651
natural_residual_qat_w8_c1.0_test,quantized,0,3459,up_blocks.2.resnets.0.conv_shortcut.weight,0.05503827458614436,-0.0007300888020092944,-0.05469232691832666,0.242540615674483,1.7750157510719854e-05,0.06971077214388159,0.004626339580174548,0.04186331480741501,0.0003161916683893651
natural_residual_qat_w8_c1.0_test,quantized,0,3459,up_blocks.2.resnets.1.conv1.weight,0.4987249431081061,-0.0006514295450747638,-0.04417543900312165,0.02956824092319652,1.5680385202600522e-05,0.045552045011731594,0.0006902203488997399,0.04186331480741501,0.0003161916683893651
natural_residual_qat_w8_c1.0_test,quantized,0,3459,up_blocks.2.resnets.1.conv2.weight,0.6796439768454213,-0.0008272297587800426,-0.04790828668286478,0.025405867993448416,1.7128918338244976e-05,0.05695270287668028,0.0004425212461192713,0.04186331480741501,0.0003161916683893651
natural_residual_qat_w8_c1.0_test,quantized,0,3459,up_blocks.2.resnets.2.conv1.weight,0.5312825101383037,-0.0007706953429954004,-0.04669282908538757,0.031067551524106955,1.6020476564693787e-05,0.05485696510044645,0.0005496903777573365,0.04186331480741501,0.0003161916683893651
natural_residual_qat_w8_c1.0_test,quantized,0,3459,up_blocks.2.resnets.2.conv2.weight,0.6149075341490821,-0.000596261571510485,-0.04255290068788166,0.022787560583784654,1.3349652393254753e-05,0.052983512732168975,0.0004097504084112043,0.04186331480741501,0.0003161916683893651
natural_residual_qat_w8_c1.0_test,quantized,0,3459,up_blocks.2.upsamplers.0.conv.weight,0.28635269051200596,-0.0011041006494396963,-0.03196881002832828,0.12060933598205134,2.108383356779113e-05,0.049773892539558,0.0014792674649381312,0.04186331480741501,0.0003161916683893651
natural_residual_qat_w8_c1.0_test,quantized,0,3459,up_blocks.3.resnets.0.conv1.weight,0.361094782902528,-0.0006717394308299815,-0.06064085247371322,0.03067710199679853,9.91730298758974e-06,0.0694452076853315,0.00039548506439895806,0.04186331480741501,0.0003161916683893651
natural_residual_qat_w8_c1.0_test,quantized,0,3459,up_blocks.3.resnets.0.conv2.weight,0.38879873897730016,-0.00045987953778734884,-0.06421522506711412,0.018419643882206394,7.326450032319263e-06,0.09924522672551066,0.0001898712091485946,0.04186331480741501,0.0003161916683893651
natural_residual_qat_w8_c1.0_test,quantized,0,3459,up_blocks.3.resnets.0.conv_shortcut.weight,0.04523503064858836,-0.0007053029468167484,-0.06411625774792966,0.2431826817123085,1.0786239126370474e-05,0.10013600458315619,0.002381249469014987,0.04186331480741501,0.0003161916683893651
natural_residual_qat_w8_c1.0_test,quantized,0,3459,up_blocks.3.resnets.1.conv1.weight,0.2510154597967296,-0.00035198584296218104,-0.035412887811120036,0.03959710020834567,6.664679760557468e-06,0.0759902749226804,0.00034939831037791814,0.04186331480741501,0.0003161916683893651
natural_residual_qat_w8_c1.0_test,quantized,0,3459,up_blocks.3.resnets.1.conv2.weight,0.40364639535926555,-0.00043906128103003933,-0.04856291523269485,0.022398519442971776,7.950237689417483e-06,0.09423624494185232,0.00020900711096059145,0.04186331480741501,0.0003161916683893651
natural_residual_qat_w8_c1.0_test,quantized,0,3459,up_blocks.3.resnets.2.conv1.weight,0.26349120271210025,-0.0004990016912417061,-0.042948644883919994,0.044094704061792854,8.590924890940386e-06,0.07061548469068629,0.00046171486597719935,0.04186331480741501,0.0003161916683893651
natural_residual_qat_w8_c1.0_test,quantized,0,3459,up_blocks.3.resnets.2.conv2.weight,0.37560400829578433,-0.00029473622198615995,-0.07567534167696399,0.01036928720494332,3.312005678965869e-06,0.06779477611599137,0.00013006625137696,0.04186331480741501,0.0003161916683893651
natural_residual_qat_w8_c1.0_test,quantized,0,3459,mid_block.attentions.0.to_q.weight,0.23113705888624775,3.5380271548653444e-06,0.0029304334382482394,0.0052234773733207205,4.5132788965692254e-08,0.0016203920382374475,0.00012050428439390922,0.04186331480741501,0.0003161916683893651
natural_residual_qat_w8_c1.0_test,quantized,0,3459,mid_block.attentions.0.to_k.weight,0.23785428888602805,3.018151467986289e-06,0.0022823227304651444,0.0055597208814513275,2.061545114569574e-07,0.006648377647071021,0.00013036655096318694,0.04186331480741501,0.0003161916683893651
natural_residual_qat_w8_c1.0_test,quantized,0,3459,mid_block.attentions.0.to_v.weight,0.15870511505282134,-4.4956182226337055e-05,-0.009975699782459187,0.02839586665199963,3.1686948870620676e-06,0.02764549354279595,0.0007222127499803547,0.04186331480741501,0.0003161916683893651
natural_residual_qat_w8_c1.0_test,quantized,0,3459,mid_block.attentions.0.to_out.0.weight,0.14981158821036797,-3.751374436190587e-05,-0.007932871367345022,0.031565639640525535,2.4957959902918104e-06,0.01950049842726658,0.000854314863862832,0.04186331480741501,0.0003161916683893651
natural_residual_qat_w8_c1.0_test,quantized,0,3459,mid_block.resnets.0.conv1.weight,1.1974422138373269,-0.00031142256701934435,-0.011173379483116872,0.023276140326218567,4.1860266537914904e-05,0.04627996043377912,0.0007553608049746894,0.04186331480741501,0.0003161916683893651
natural_residual_qat_w8_c1.0_test,quantized,0,3459,mid_block.resnets.0.conv2.weight,0.738323258815176,-0.00028656172776075407,-0.009136259754583645,0.04248182822540156,1.8060623150885253e-05,0.021384498610195094,0.001143897494853287,0.04186331480741501,0.0003161916683893651
natural_residual_qat_w8_c1.0_test,quantized,0,3459,mid_block.resnets.1.conv1.weight,1.1233715276662792,-9.71520818312884e-05,-0.00505575939914584,0.01710575711277167,7.95400054072485e-06,0.01474249757005515,0.0004802762809719512,0.04186331480741501,0.0003161916683893651
natural_residual_qat_w8_c1.0_test,quantized,0,3459,mid_block.resnets.1.conv2.weight,0.754983858475637,-0.0001503289332859523,-0.006840830627265995,0.029106907881961092,9.818923408952868e-06,0.017332643299006995,0.0007503457144053323,0.04186331480741501,0.0003161916683893651
natural_residual_qat_w8_c1.0_test,quantized,0,3459,conv_out.weight,0.008814502412084608,-0.00021864726035716392,-0.06300071397908878,0.3937320497763699,5.595163230105537e-06,0.13426857589651509,0.004727598403450069,0.04186331480741501,0.0003161916683893651
natural_residual_qat_w8_c1.0_test,quantized,1,3460,conv_in.weight,0.086403624880607,-0.0002566676251273202,-0.02157042520904439,0.13771473894726477,7.227975359358554e-06,0.07258528867660738,0.0011524871510890336,0.05053321272134781,0.00020153673540335149
natural_residual_qat_w8_c1.0_test,quantized,1,3460,up_blocks.0.resnets.0.conv1.weight,1.1996616683784427,-0.00048170648748511893,-0.013987258127371739,0.028707219050172532,9.152521695215183e-06,0.02959406117698461,0.00025779673771394144,0.05053321272134781,0.00020153673540335149
natural_residual_qat_w8_c1.0_test,quantized,1,3460,up_blocks.0.resnets.0.conv2.weight,0.8219532920624945,-0.0001599032246182032,-0.004312576587278165,0.04511004515351992,4.674803823830033e-06,0.014526795699799165,0.00039151321222556917,0.05053321272134781,0.00020153673540335149
natural_residual_qat_w8_c1.0_test,quantized,1,3460,up_blocks.0.resnets.1.conv1.weight,1.2092319338738693,-0.0005041318428453444,-0.012634780052571815,0.03299642100675704,9.70129488256195e-06,0.02880069157119009,0.00027855899167071835,0.05053321272134781,0.00020153673540335149
natural_residual_qat_w8_c1.0_test,quantized,1,3460,up_blocks.0.resnets.1.conv2.weight,0.7659992455766481,-0.00023501132470552603,-0.005775646429719738,0.05312021811936704,5.109250062394197e-06,0.014277732641184511,0.00046716421877421386,0.05053321272134781,0.00020153673540335149
natural_residual_qat_w8_c1.0_test,quantized,1,3460,up_blocks.0.resnets.2.conv1.weight,1.2684941129638934,-0.00037626551647679225,-0.008378197927582477,0.035404245735791574,1.1823090581004013e-05,0.03166869522367967,0.0002943149956550972,0.05053321272134781,0.00020153673540335149
natural_residual_qat_w8_c1.0_test,quantized,1,3460,up_blocks.0.resnets.2.conv2.weight,0.7714362602934005,-0.0003616847855174704,-0.00804978594899983,0.05824328471012357,7.195792390787462e-06,0.01840654192906208,0.0005067647193352057,0.05053321272134781,0.00020153673540335149
natural_residual_qat_w8_c1.0_test,quantized,1,3460,up_blocks.0.upsamplers.0.conv.weight,0.4637296253527697,-0.0006564717060222644,-0.006928625622395387,0.20431679878914377,1.893353807667057e-05,0.028261590533302117,0.001444675593613967,0.05053321272134781,0.00020153673540335149
natural_residual_qat_w8_c1.0_test,quantized,1,3460,up_blocks.1.resnets.0.conv1.weight,1.1695653885991935,-0.0004883573832698211,-0.010586662571850217,0.03944156867308082,1.1374004532778048e-05,0.031726526993402906,0.0003065253208039532,0.05053321272134781,0.00020153673540335149
natural_residual_qat_w8_c1.0_test,quantized,1,3460,up_blocks.1.resnets.0.conv2.weight,1.1231589716643646,-0.0005982264960296553,-0.01157610054846661,0.0460110478067018,1.0878318968597955e-05,0.027430113466028545,0.00035309612719292894,0.05053321272134781,0.00020153673540335149
natural_residual_qat_w8_c1.0_test,quantized,1,3460,up_blocks.1.resnets.1.conv1.weight,1.193952599999591,-0.0007276251333878221,-0.014386567210284036,0.04236072918643874,1.2654646606177484e-05,0.03785386628612575,0.0002799965577697344,0.05053321272134781,0.00020153673540335149
natural_residual_qat_w8_c1.0_test,quantized,1,3460,up_blocks.1.resnets.1.conv2.weight,1.0762750053300105,-0.00034579026477795207,-0.00679542474102448,0.047279502769693796,9.176832441735655e-06,0.02315243321251084,0.0003682755674471471,0.05053321272134781,0.00020153673540335149
natural_residual_qat_w8_c1.0_test,quantized,1,3460,up_blocks.1.resnets.2.conv1.weight,1.1579283108200502,-0.0007239234806764313,-0.013764505205823485,0.04542034059852091,1.7574394712646335e-05,0.04187467455363714,0.00036244929479979264,0.05053321272134781,0.00020153673540335149
natural_residual_qat_w8_c1.0_test,quantized,1,3460,up_blocks.1.resnets.2.conv2.weight,0.9867814934291556,-0.0005591163424844526,-0.012421922453139552,0.045613392784084966,1.0710355337655234e-05,0.02765105456351237,0.0003925284908215015,0.05053321272134781,0.00020153673540335149
natural_residual_qat_w8_c1.0_test,quantized,1,3460,up_blocks.1.upsamplers.0.conv.weight,0.5119833501704532,-0.001064482956646346,-0.010827272592781897,0.19202766612879282,1.8993807711470108e-05,0.03125381896633762,0.001187006526769813,0.05053321272134781,0.00020153673540335149
natural_residual_qat_w8_c1.0_test,quantized,1,3460,up_blocks.2.resnets.0.conv1.weight,0.7641884630760678,-0.0010663521435320784,-0.026268517029227643,0.053120800835656144,1.6034592175338302e-05,0.056692606605961315,0.00037011016772968826,0.05053321272134781,0.00020153673540335149
natural_residual_qat_w8_c1.0_test,quantized,1,3460,up_blocks.2.resnets.0.conv2.weight,0.6290357136835503,-0.0009003931999251857,-0.03438208173612127,0.04163175648947104,1.2343914217527762e-05,0.06551490050081407,0.0002995280546368824,0.05053321272134781,0.00020153673540335149
natural_residual_qat_w8_c1.0_test,quantized,1,3460,up_blocks.2.resnets.0.conv_shortcut.weight,0.05503827458614436,-0.0006765348578273436,-0.02423495312584408,0.5072045997916164,1.1280834304370909e-05,0.06992803039750317,0.0029310627328491936,0.05053321272134781,0.00020153673540335149
natural_residual_qat_w8_c1.0_test,quantized,1,3460,up_blocks.2.resnets.1.conv1.weight,0.4987249431081061,-0.000752618869850867,-0.0298233024405428,0.05060090457541355,9.947631569448498e-06,0.07119896955054945,0.00028014630212830295,0.05053321272134781,0.00020153673540335149
natural_residual_qat_w8_c1.0_test,quantized,1,3460,up_blocks.2.resnets.1.conv2.weight,0.6796439768454213,-0.001202198759288342,-0.03816244326149261,0.046350949102028485,1.2636309991657285e-05,0.06449137138080761,0.00028829505078696295,0.05053321272134781,0.00020153673540335149
natural_residual_qat_w8_c1.0_test,quantized,1,3460,up_blocks.2.resnets.2.conv1.weight,0.5312825101383037,-0.0010061083036289682,-0.03694549810686485,0.05125753158977294,1.1750181997169574e-05,0.08281319361451962,0.0002670665776381581,0.05053321272134781,0.00020153673540335149
natural_residual_qat_w8_c1.0_test,quantized,1,3460,up_blocks.2.resnets.2.conv2.weight,0.6149075341490821,-0.00107327322515732,-0.04008270933452461,0.04354551303057792,9.137726874291923e-06,0.05334562140517016,0.0002785669442352604,0.05053321272134781,0.00020153673540335149
natural_residual_qat_w8_c1.0_test,quantized,1,3460,up_blocks.2.upsamplers.0.conv.weight,0.28635269051200596,-0.001807820665885505,-0.022629696394661062,0.27898146547079566,1.4453654310866338e-05,0.045446141316680094,0.0011106555236696308,0.05053321272134781,0.00020153673540335149
natural_residual_qat_w8_c1.0_test,quantized,1,3460,up_blocks.3.resnets.0.conv1.weight,0.361094782902528,-0.0009160296053297063,-0.04615330552312721,0.05496490545610475,7.735780912083773e-06,0.0866842685796119,0.00024713978161758533,0.05053321272134781,0.00020153673540335149
natural_residual_qat_w8_c1.0_test,quantized,1,3460,up_blocks.3.resnets.0.conv2.weight,0.38879873897730016,-0.0009021127874315821,-0.07121779531008518,0.03257972890367645,5.1091384869382965e-06,0.10315559872937337,0.00012738844107256655,0.05053321272134781,0.00020153673540335149
natural_residual_qat_w8_c1.0_test,quantized,1,3460,up_blocks.3.resnets.0.conv_shortcut.weight,0.04523503064858836,-0.0010375194425944997,-0.04774277867299614,0.48041179685966295,8.434743977911193e-06,0.1126621488264584,0.0016550799806052837,0.05053321272134781,0.00020153673540335149
natural_residual_qat_w8_c1.0_test,quantized,1,3460,up_blocks.3.resnets.1.conv1.weight,0.2510154597967296,-0.00043440984971229247,-0.02633818520157853,0.06570725835262162,4.704334185994899e-06,0.09061349003375722,0.00020682585941479313,0.05053321272134781,0.00020153673540335149
natural_residual_qat_w8_c1.0_test,quantized,1,3460,up_blocks.3.resnets.1.conv2.weight,0.40364639535926555,-0.0009077281581065837,-0.05559822798492401,0.040447695153819685,5.877998900068494e-06,0.09192476705075778,0.0001584148476396489,0.05053321272134781,0.00020153673540335149
natural_residual_qat_w8_c1.0_test,quantized,1,3460,up_blocks.3.resnets.2.conv1.weight,0.26349120271210025,-0.0010097902997305965,-0.04547647058167604,0.08427103401517025,6.6407898938976886e-06,0.08326996442126254,0.00030266711771851734,0.05053321272134781,0.00020153673540335149
natural_residual_qat_w8_c1.0_test,quantized,1,3460,up_blocks.3.resnets.2.conv2.weight,0.37560400829578433,-0.0005546511476242134,-0.07948490869166035,0.018578259210266672,2.6749180555110137e-06,0.06993841118041821,0.0001018273641372209,0.05053321272134781,0.00020153673540335149
natural_residual_qat_w8_c1.0_test,quantized,1,3460,mid_block.attentions.0.to_q.weight,0.23113705888624775,-6.621303183852232e-06,-0.003785932307456431,0.0075666047208427095,1.7274225614722987e-07,0.01112450632855339,6.718127739398272e-05,0.05053321272134781,0.00020153673540335149
natural_residual_qat_w8_c1.0_test,quantized,1,3460,mid_block.attentions.0.to_k.weight,0.23785428888602805,-5.730603030999553e-06,-0.0025292276072777405,0.009525799247696958,1.4076323652360372e-07,0.007655549846502992,7.73039825390744e-05,0.05053321272134781,0.00020153673540335149
natural_residual_qat_w8_c1.0_test,quantized,1,3460,mid_block.attentions.0.to_v.weight,0.15870511505282134,-0.00010181147547346392,-0.011649608680982923,0.05506738706437597,1.8400886758510903e-06,0.030597369955348848,0.0003789341365379335,0.05053321272134781,0.00020153673540335149
natural_residual_qat_w8_c1.0_test,quantized,1,3460,mid_block.attentions.0.to_out.0.weight,0.14981158821036797,-3.0117677546383463e-05,-0.0026682323326977547,0.07534465152439498,1.5574374597686108e-06,0.019792159738417952,0.00052525720775298,0.05053321272134781,0.00020153673540335149
natural_residual_qat_w8_c1.0_test,quantized,1,3460,mid_block.resnets.0.conv1.weight,1.1974422138373269,-0.0006699353828490603,-0.01354637494666044,0.04130049522576911,2.137854004092387e-05,0.04484257761803908,0.00039813734003659026,0.05053321272134781,0.00020153673540335149
natural_residual_qat_w8_c1.0_test,quantized,1,3460,mid_block.resnets.0.conv2.weight,0.738323258815176,-0.00033954272316307437,-0.006563200599558989,0.07007001317904597,1.0937652515307719e-05,0.02311354520921559,0.0006409306025219183,0.05053321272134781,0.00020153673540335149
natural_residual_qat_w8_c1.0_test,quantized,1,3460,mid_block.resnets.1.conv1.weight,1.1233715276662792,-0.00022207425040713546,-0.00761871412261473,0.025947356257347568,6.186698149418979e-06,0.022909804931468346,0.0002403887413523073,0.05053321272134781,0.00020153673540335149
natural_residual_qat_w8_c1.0_test,quantized,1,3460,mid_block.resnets.1.conv2.weight,0.754983858475637,-0.0002736302855954274,-0.0072552239113675525,0.049954621990230125,5.731377849392943e-06,0.017668121014139324,0.0004296660201549365,0.05053321272134781,0.00020153673540335149
natural_residual_qat_w8_c1.0_test,quantized,1,3460,conv_out.weight,0.008814502412084608,-0.000338546543284035,-0.06209935682183774,0.6184911372866257,4.176054668644535e-06,0.1291371745439251,0.0036687413479839118,0.05053321272134781,0.00020153673540335149
natural_residual_qat_w8_c1.0_test,quantized,2,3461,conv_in.weight,0.086403624880607,3.985725078120131e-06,0.0004751442951616598,0.09708449081972498,8.851392431852758e-06,0.08227463022010623,0.0012451271243436063,0.050487399101257324,0.00022453151177614927
natural_residual_qat_w8_c1.0_test,quantized,2,3461,up_blocks.0.resnets.0.conv1.weight,1.1996616683784427,-0.0003552770785478623,-0.01054496689158225,0.028084272995117367,1.0529955247090457e-05,0.03110925734697944,0.0002821487297241336,0.050487399101257324,0.00022453151177614927
natural_residual_qat_w8_c1.0_test,quantized,2,3461,up_blocks.0.resnets.0.conv2.weight,0.8219532920624945,-6.347562176841823e-05,-0.0018873698166615301,0.04091690907461311,4.886092869690389e-06,0.01633864600418673,0.0003638300069480766,0.050487399101257324,0.00022453151177614927
natural_residual_qat_w8_c1.0_test,quantized,2,3461,up_blocks.0.resnets.1.conv1.weight,1.2092319338738693,-0.0003287861250169877,-0.007961761941698774,0.034150312813155566,1.0954438724094025e-05,0.029848839561815096,0.00030349606953065635,0.050487399101257324,0.00022453151177614927
natural_residual_qat_w8_c1.0_test,quantized,2,3461,up_blocks.0.resnets.1.conv2.weight,0.7659992455766481,-0.0001525428500039291,-0.004152569433199042,0.04795640414181541,5.4826653316598935e-06,0.01704297382885718,0.000419969757852866,0.050487399101257324,0.00022453151177614927
natural_residual_qat_w8_c1.0_test,quantized,2,3461,up_blocks.0.resnets.2.conv1.weight,1.2684941129638934,-0.00037176099306291066,-0.007817881660700585,0.03748748209446358,1.3569811601189864e-05,0.033683219467113674,0.0003175936182391504,0.050487399101257324,0.00022453151177614927
natural_residual_qat_w8_c1.0_test,quantized,2,3461,up_blocks.0.resnets.2.conv2.weight,0.7714362602934005,-0.00022245398256011498,-0.005901468828965418,0.048862987828071615,7.637548131497895e-06,0.021544507012075973,0.0004595336840187655,0.050487399101257324,0.00022453151177614927
natural_residual_qat_w8_c1.0_test,quantized,2,3461,up_blocks.0.upsamplers.0.conv.weight,0.4637296253527697,-0.00042900481266612523,-0.005040639519240336,0.18353195150943077,2.1597256286914356e-05,0.028995045756210026,0.001606238169019501,0.050487399101257324,0.00022453151177614927
natural_residual_qat_w8_c1.0_test,quantized,2,3461,up_blocks.1.resnets.0.conv1.weight,1.1695653885991935,-0.00033690575892547506,-0.007263901263376118,0.03965646468165226,1.101766611078215e-05,0.03180502587136999,0.00029618928697464254,0.050487399101257324,0.00022453151177614927
natural_residual_qat_w8_c1.0_test,quantized,2,3461,up_blocks.1.resnets.0.conv2.weight,1.1231589716643646,-0.00040054349566127613,-0.008616200449732552,0.04138973627599677,1.1407102120888281e-05,0.03159973051616441,0.00032140358749558565,0.050487399101257324,0.00022453151177614927
natural_residual_qat_w8_c1.0_test,quantized,2,3461,up_blocks.1.resnets.1.conv1.weight,1.193952599999591,-0.0004966291487291034,-0.00953925742555457,0.04360442376981598,1.3333514786514165e-05,0.039580164302999446,0.0002821499441036029,0.050487399101257324,0.00022453151177614927
natural_residual_qat_w8_c1.0_test,quantized,2,3461,up_blocks.1.resnets.1.conv2.weight,1.0762750053300105,-0.00036044204141232923,-0.007898642839221816,0.04239939988834346,1.0010086862835839e-05,0.029816918054012504,0.0003119261893666241,0.050487399101257324,0.00022453151177614927
natural_residual_qat_w8_c1.0_test,quantized,2,3461,up_blocks.1.resnets.2.conv1.weight,1.1579283108200502,-0.0007533282833745306,-0.012873239365061656,0.050537616579525386,1.8435020900596265e-05,0.04585851584159947,0.00034716982201038823,0.050487399101257324,0.00022453151177614927
natural_residual_qat_w8_c1.0_test,quantized,2,3461,up_blocks.1.resnets.2.conv2.weight,0.9867814934291556,-0.00031026864907619827,-0.007815217326954336,0.040232390631812866,1.041374346961881e-05,0.03474069611337487,0.0003037717358373332,0.050487399101257324,0.00022453151177614927
natural_residual_qat_w8_c1.0_test,quantized,2,3461,up_blocks.1.upsamplers.0.conv.weight,0.5119833501704532,-0.0004995756874864084,-0.0060306364621495225,0.16180141214908825,1.9603397723096755e-05,0.027732491618978707,0.001380659618898985,0.050487399101257324,0.00022453151177614927
natural_residual_qat_w8_c1.0_test,quantized,2,3461,up_blocks.2.resnets.0.conv1.weight,0.7641884630760678,-0.0006476496648342102,-0.01759579440822478,0.04816491400922471,1.818791551725617e-05,0.061366774046447914,0.000387836927529313,0.050487399101257324,0.00022453151177614927
natural_residual_qat_w8_c1.0_test,quantized,2,3461,up_blocks.2.resnets.0.conv2.weight,0.6290357136835503,-0.0007358911699476228,-0.03200870468122106,0.036548553122554756,1.7734011619236006e-05,0.09678698223018735,0.0002912827300358455,0.050487399101257324,0.00022453151177614927
natural_residual_qat_w8_c1.0_test,quantized,2,3461,up_blocks.2.resnets.0.conv_shortcut.weight,0.05503827458614436,-0.00044485456375172586,-0.02026574993442372,0.39883251790598107,1.228794505786926e-05,0.0641364970300532,0.0034810416059868486,0.050487399101257324,0.00022453151177614927
natural_residual_qat_w8_c1.0_test,quantized,2,3461,up_blocks.2.resnets.1.conv1.weight,0.4987249431081061,-0.0006723741153901281,-0.026415580687810872,0.05103754011983211,1.4816276084272531e-05,0.08858044472931756,0.0003353822825635853,0.050487399101257324,0.00022453151177614927
natural_residual_qat_w8_c1.0_test,quantized,2,3461,up_blocks.2.resnets.1.conv2.weight,0.6796439768454213,-0.0010597608307955553,-0.038266638147594345,0.04074797974952944,1.9255878860568076e-05,0.10705117637091452,0.0002646612922115283,0.050487399101257324,0.00022453151177614927
natural_residual_qat_w8_c1.0_test,quantized,2,3461,up_blocks.2.resnets.2.conv1.weight,0.5312825101383037,-0.0005948966261750064,-0.023211358665041905,0.048240902534628524,1.4693560436921771e-05,0.09079481749999758,0.00030460741036415485,0.050487399101257324,0.00022453151177614927
natural_residual_qat_w8_c1.0_test,quantized,2,3461,up_blocks.2.resnets.2.conv2.weight,0.6149075341490821,-0.0007967488459104878,-0.03860138808540759,0.033566704617634016,9.732293818666284e-06,0.07778503722322468,0.00020347419253086436,0.050487399101257324,0.00022453151177614927
natural_residual_qat_w8_c1.0_test,quantized,2,3461,up_blocks.2.upsamplers.0.conv.weight,0.28635269051200596,-0.0008158937107678847,-0.015976105139285636,0.17834519271091798,1.3838277569449628e-05,0.03434672694183041,0.0014070042589194157,0.050487399101257324,0.00022453151177614927
natural_residual_qat_w8_c1.0_test,quantized,2,3461,up_blocks.3.resnets.0.conv1.weight,0.361094782902528,-0.0006618096738631733,-0.042055564981819726,0.043580120380397484,8.738630525576426e-06,0.09478499346447024,0.00025531867341155426,0.050487399101257324,0.00022453151177614927
natural_residual_qat_w8_c1.0_test,quantized,2,3461,up_blocks.3.resnets.0.conv2.weight,0.38879873897730016,-0.0005985943366805309,-0.06131790977636661,0.025108479503862163,4.935888728633361e-06,0.1021524772332109,0.00012427724298448746,0.050487399101257324,0.00022453151177614927
natural_residual_qat_w8_c1.0_test,quantized,2,3461,up_blocks.3.resnets.0.conv_shortcut.weight,0.04523503064858836,-0.0007602457166210747,-0.049979117610556616,0.3362718465416462,7.884640031037835e-06,0.07383985495561392,0.002360565995952708,0.050487399101257324,0.00022453151177614927
natural_residual_qat_w8_c1.0_test,quantized,2,3461,up_blocks.3.resnets.1.conv1.weight,0.2510154597967296,-0.00014860662935614944,-0.011458244329033808,0.05166776017304089,4.935289526618537e-06,0.07383623046997485,0.0002662825140772325,0.050487399101257324,0.00022453151177614927
natural_residual_qat_w8_c1.0_test,quantized,2,3461,up_blocks.3.resnets.1.conv2.weight,0.40364639535926555,-0.0006923662120986915,-0.06015680920575598,0.028513464873328044,4.897246315279807e-06,0.09822960748642796,0.00012351180284991248,0.050487399101257324,0.00022453151177614927
natural_residual_qat_w8_c1.0_test,quantized,2,3461,up_blocks.3.resnets.2.conv1.weight,0.26349120271210025,-0.0004121899219475221,-0.02620037434224017,0.059706794106172356,6.880761685022569e-06,0.06590260903539563,0.00039624864321856677,0.050487399101257324,0.00022453151177614927
natural_residual_qat_w8_c1.0_test,quantized,2,3461,up_blocks.3.resnets.2.conv2.weight,0.37560400829578433,-0.00034142901375943036,-0.0674197142447228,0.013482899516645665,1.8781277967006183e-06,0.05139695165714775,9.728761578177634e-05,0.050487399101257324,0.00022453151177614927
natural_residual_qat_w8_c1.0_test,quantized,2,3461,mid_block.attentions.0.to_q.weight,0.23113705888624775,-4.985151685916406e-07,-0.0002771431684584039,0.007782239941735766,2.5301016077466993e-07,0.008277200080159572,0.00013224672521389627,0.050487399101257324,0.00022453151177614927
natural_residual_qat_w8_c1.0_test,quantized,2,3461,mid_block.attentions.0.to_k.weight,0.23785428888602805,-9.967401609134648e-06,-0.005246399577648271,0.007987476733407493,8.85961475689379e-08,0.004041082869752976,9.217350333251643e-05,0.050487399101257324,0.00022453151177614927
natural_residual_qat_w8_c1.0_test,quantized,2,3461,mid_block.attentions.0.to_v.weight,0.15870511505282134,1.0837264050291347e-05,0.0012867519184235772,0.05306814491682016,2.390566010568254e-06,0.029618290145735776,0.0005085689400273715,0.050487399101257324,0.00022453151177614927
natural_residual_qat_w8_c1.0_test,quantized,2,3461,mid_block.attentions.0.to_out.0.weight,0.14981158821036797,4.55663904630581e-06,0.00044148341002962614,0.06889454413074897,2.1066274784568754e-06,0.018302189859097436,0.0007683149438258122,0.050487399101257324,0.00022453151177614927
natural_residual_qat_w8_c1.0_test,quantized,2,3461,mid_block.resnets.0.conv1.weight,1.1974422138373269,-0.00010128917357024966,-0.002578955676393114,0.032799300756113,2.8427792490733943e-05,0.051414907538926864,0.00046174214179849863,0.050487399101257324,0.00022453151177614927
natural_residual_qat_w8_c1.0_test,quantized,2,3461,mid_block.resnets.0.conv2.weight,0.738323258815176,-0.00017126523960247505,-0.00360117634982576,0.06441370608323212,1.3008517045306334e-05,0.026121436628877132,0.0006745034600681853,0.050487399101257324,0.00022453151177614927
natural_residual_qat_w8_c1.0_test,quantized,2,3461,mid_block.resnets.1.conv1.weight,1.1233715276662792,-8.905374315982498e-05,-0.003163414088958079,0.025059518488271218,5.5327084352442045e-06,0.020620253184272026,0.00023884732321692652,0.050487399101257324,0.00022453151177614927
natural_residual_qat_w8_c1.0_test,quantized,2,3461,mid_block.resnets.1.conv2.weight,0.754983858475637,-0.00015935883188708864,-0.005115897147640537,0.04125880703170863,6.1834931929810785e-06,0.019973498545277264,0.00041005496827569923,0.050487399101257324,0.00022453151177614927
natural_residual_qat_w8_c1.0_test,quantized,2,3461,conv_out.weight,0.008814502412084608,-0.0003026249114730442,-0.05942863803878314,0.5777116121636575,1.2272878984697963e-06,0.03248687874582826,0.004285886477820291,0.050487399101257324,0.00022453151177614927
natural_residual_qat_w8_c1.0_test,quantized,3,3462,conv_in.weight,0.086403624880607,-1.030631023271837e-05,-0.022992261727801885,0.005187875602898512,2.4507429659568364e-06,0.06268058649046952,0.0004525147612026203,0.0008367977570742369,3.027099410246592e-05
natural_residual_qat_w8_c1.0_test,quantized,3,3462,up_blocks.0.resnets.0.conv1.weight,1.1996616683784427,-2.5201043732454044e-05,-0.017606029479407582,0.001193158998176676,1.1745945637018536e-06,0.01998136766171694,4.900089280367258e-05,0.0008367977570742369,3.027099410246592e-05
natural_residual_qat_w8_c1.0_test,quantized,3,3462,up_blocks.0.resnets.0.conv2.weight,0.8219532920624945,-1.3356703217409277e-05,-0.00678716434103616,0.0023942184425627933,8.898661359105438e-07,0.005514292970621964,0.00019633046921590437,0.0008367977570742369,3.027099410246592e-05
natural_residual_qat_w8_c1.0_test,quantized,3,3462,up_blocks.0.resnets.1.conv1.weight,1.2092319338738693,-2.3433970258516577e-05,-0.01699096841899833,0.0011405599933207618,1.0640560272337438e-06,0.019336404134970453,4.5507101431256816e-05,0.0008367977570742369,3.027099410246592e-05
natural_residual_qat_w8_c1.0_test,quantized,3,3462,up_blocks.0.resnets.1.conv2.weight,0.7659992455766481,-1.3859829923252756e-05,-0.006603069131571703,0.002740209167216604,8.543606783641943e-07,0.0051373338134740555,0.0002171076486373843,0.0008367977570742369,3.027099410246592e-05
natural_residual_qat_w8_c1.0_test,quantized,3,3462,up_blocks.0.resnets.2.conv1.weight,1.2684941129638934,-2.7036212653373494e-05,-0.0150863090818314,0.0014127795393951573,1.4972523372538753e-06,0.021519450762933927,5.484983948447238e-05,0.0008367977570742369,3.027099410246592e-05
natural_residual_qat_w8_c1.0_test,quantized,3,3462,up_blocks.0.resnets.2.conv2.weight,0.7714362602934005,-2.2500039057908107e-05,-0.010060448787129644,0.0028991178436747534,1.0171283382683005e-06,0.005607467573431323,0.00023513048253454615,0.0008367977570742369,3.027099410246592e-05
natural_residual_qat_w8_c1.0_test,quantized,3,3462,up_blocks.0.upsamplers.0.conv.weight,0.4637296253527697,-5.3249051966819016e-05,-0.013008816746000424,0.008826921057992449,3.873392725277496e-06,0.011633066799721559,0.0007180132670510443,0.0008367977570742369,3.027099410246592e-05
natural_residual_qat_w8_c1.0_test,quantized,3,3462,up_blocks.1.resnets.0.conv1.weight,1.1695653885991935,-1.7382280718171806e-05,-0.009634141236933652,0.0015426565340528689,1.325656706983582e-06,0.021521891729035434,5.2665489320267375e-05,0.0008367977570742369,3.027099410246592e-05
natural_residual_qat_w8_c1.0_test,quantized,3,3462,up_blocks.1.resnets.0.conv2.weight,1.1231589716643646,-1.86879063313796e-05,-0.008623856347840006,0.0019293805871038866,1.3943752394137392e-06,0.010539674927597546,0.00011779075768854818,0.0008367977570742369,3.027099410246592e-05
natural_residual_qat_w8_c1.0_test,quantized,3,3462,up_blocks.1.resnets.1.conv1.weight,1.193952599999591,-2.5235222734173937e-05,-0.013840840294827638,0.0015270652668030482,1.7531234579794156e-06,0.02924029320410473,5.021618228895268e-05,0.0008367977570742369,3.027099410246592e-05
natural_residual_qat_w8_c1.0_test,quantized,3,3462,up_blocks.1.resnets.1.conv2.weight,1.0762750053300105,-1.3581998317493694e-05,-0.005769672603697327,0.002187203779041274,1.2719260332160992e-06,0.007839891287219994,0.00015074001744370274,0.0008367977570742369,3.027099410246592e-05
natural_residual_qat_w8_c1.0_test,quantized,3,3462,up_blocks.1.resnets.2.conv1.weight,1.1579283108200502,-2.2931316513969363e-05,-0.010762619723473182,0.001840048714229629,2.3180755474767324e-06,0.03220778341722747,6.215628885549949e-05,0.0008367977570742369,3.027099410246592e-05
natural_residual_qat_w8_c1.0_test,quantized,3,3462,up_blocks.1.resnets.2.conv2.weight,0.9867814934291556,-1.0614257594297484e-05,-0.004985565090332651,0.0021575170506360117,1.2531160577470928e-06,0.007401687026120651,0.00017156930099257575,0.0008367977570742369,3.027099410246592e-05
natural_residual_qat_w8_c1.0_test,quantized,3,3462,up_blocks.1.upsamplers.0.conv.weight,0.5119833501704532,-3.9464895150796796e-05,-0.010034532964953819,0.007681710774962603,2.6405339997906033e-06,0.007417098539398313,0.0006953474674001449,0.0008367977570742369,3.027099410246592e-05
natural_residual_qat_w8_c1.0_test,quantized,3,3462,up_blocks.2.resnets.0.conv1.weight,0.7641884630760678,-4.2529316193514756e-05,-0.02914068257464242,0.0019098013802821682,1.988266484931895e-06,0.0352034199347219,7.390762707466929e-05,0.0008367977570742369,3.027099410246592e-05
natural_residual_qat_w8_c1.0_test,quantized,3,3462,up_blocks.2.resnets.0.conv2.weight,0.6290357136835503,-3.745577394352576e-05,-0.033637509366283215,0.0017701890102879822,2.088403258053441e-06,0.026537772790830392,0.0001251049769638638,0.0008367977570742369,3.027099410246592e-05
natural_residual_qat_w8_c1.0_test,quantized,3,3462,up_blocks.2.resnets.0.conv_shortcut.weight,0.05503827458614436,-2.4185676682634663e-05,-0.024644998246983917,0.017830545938484963,1.7309705390059273e-06,0.017885631757618276,0.0017584117646934538,0.0008367977570742369,3.027099410246592e-05
natural_residual_qat_w8_c1.0_test,quantized,3,3462,up_blocks.2.resnets.1.conv1.weight,0.4987249431081061,-3.9892115462741416e-05,-0.03886067453889448,0.0020583330297622667,1.77475072281541e-06,0.05769839588841929,6.167547927643673e-05,0.0008367977570742369,3.027099410246592e-05
natural_residual_qat_w8_c1.0_test,quantized,3,3462,up_blocks.2.resnets.1.conv2.weight,0.6796439768454213,-5.617405001110087e-05,-0.04068147803484932,0.00203169045778146,2.7154535042051433e-06,0.02979219596269647,0.00013410914154443173,0.0008367977570742369,3.027099410246592e-05
natural_residual_qat_w8_c1.0_test,quantized,3,3462,up_blocks.2.resnets.2.conv1.weight,0.5312825101383037,-4.095174928919898e-05,-0.037455026807061254,0.0020579595125571524,2.337516429793653e-06,0.06760350583377828,6.508185672549145e-05,0.0008367977570742369,3.027099410246592e-05
natural_residual_qat_w8_c1.0_test,quantized,3,3462,up_blocks.2.resnets.2.conv2.weight,0.6149075341490821,-4.1223534967796144e-05,-0.037817473512708734,0.0017727312666386476,1.1926745718737333e-06,0.014833071272868384,0.00013076185181097553,0.0008367977570742369,3.027099410246592e-05
natural_residual_qat_w8_c1.0_test,quantized,3,3462,up_blocks.2.upsamplers.0.conv.weight,0.28635269051200596,-5.051571898115936e-05,-0.01982851890752589,0.008896823908591514,1.4076223733618449e-06,0.00631482146796501,0.0007784376203117487,0.0008367977570742369,3.027099410246592e-05
natural_residual_qat_w8_c1.0_test,quantized,3,3462,up_blocks.3.resnets.0.conv1.weight,0.361094782902528,-2.6897808678793678e-05,-0.03397622700880463,0.0021924037523064982,1.276439713822242e-06,0.06025997070545764,5.86610966783414e-05,0.0008367977570742369,3.027099410246592e-05
natural_residual_qat_w8_c1.0_test,quantized,3,3462,up_blocks.3.resnets.0.conv2.weight,0.38879873897730016,-2.5665537061662594e-05,-0.05231943271768452,0.0012617185331400959,9.248808056262485e-07,0.049766584573505565,4.779947011065138e-05,0.0008367977570742369,3.027099410246592e-05
natural_residual_qat_w8_c1.0_test,quantized,3,3462,up_blocks.3.resnets.0.conv_shortcut.weight,0.04523503064858836,-3.4810129431665595e-05,-0.0461780244121022,0.01666461943246162,1.8902786827922391e-06,0.04364112202087247,0.0009575358435678251,0.0008367977570742369,3.027099410246592e-05
natural_residual_qat_w8_c1.0_test,quantized,3,3462,up_blocks.3.resnets.1.conv1.weight,0.2510154597967296,-1.3994929550536589e-05,-0.022721599407608577,0.0024537558486144103,8.721043000091772e-07,0.04077434981955376,8.52081062403824e-05,0.0008367977570742369,3.027099410246592e-05
natural_residual_qat_w8_c1.0_test,quantized,3,3462,up_blocks.3.resnets.1.conv2.weight,0.40364639535926555,-3.368537058577429e-05,-0.046234088655617726,0.0018050030895687679,9.484020947568045e-07,0.036785640675494675,6.387238039277694e-05,0.0008367977570742369,3.027099410246592e-05
natural_residual_qat_w8_c1.0_test,quantized,3,3462,up_blocks.3.resnets.2.conv1.weight,0.26349120271210025,-4.1169796998797815e-05,-0.036705824752316575,0.004256744846920781,7.565485507260997e-07,0.023005555916209758,0.00012480671477541755,0.0008367977570742369,3.027099410246592e-05
natural_residual_qat_w8_c1.0_test,quantized,3,3462,up_blocks.3.resnets.2.conv2.weight,0.37560400829578433,-1.94515343378867e-05,-0.0623870411278956,0.0008300977895763116,3.421106751841033e-07,0.0184666501788984,4.932286388892467e-05,0.0008367977570742369,3.027099410246592e-05
natural_residual_qat_w8_c1.0_test,quantized,3,3462,mid_block.attentions.0.to_q.weight,0.23113705888624775,1.1764596761572027e-07,0.002094104359402661,0.00024305756481337343,-9.796856512255471e-11,-4.581208951284874e-05,9.252030672629196e-06,0.0008367977570742369,3.027099410246592e-05
natural_residual_qat_w8_c1.0_test,quantized,3,3462,mid_block.attentions.0.to_k.weight,0.23785428888602805,2.7620163683732143e-08,0.0004764368041523115,0.00024373054428360907,9.98570008802714e-09,0.005628278128571775,7.459195346524933e-06,0.0008367977570742369,3.027099410246592e-05
natural_residual_qat_w8_c1.0_test,quantized,3,3462,mid_block.attentions.0.to_v.weight,0.15870511505282134,-5.031890172401782e-06,-0.013594381527702036,0.002332280466518623,2.680025576298923e-07,0.016123004022564048,0.00010473746349476725,0.0008367977570742369,3.027099410246592e-05
natural_residual_qat_w8_c1.0_test,quantized,3,3462,mid_block.attentions.0.to_out.0.weight,0.14981158821036797,-5.757940760726614e-06,-0.01248263351479367,0.0030790416546692388,3.0245034012923587e-07,0.006221002681326075,0.0003245250911330527,0.0008367977570742369,3.027099410246592e-05
natural_residual_qat_w8_c1.0_test,quantized,3,3462,mid_block.resnets.0.conv1.weight,1.1974422138373269,-4.260323647306906e-05,-0.022300115295772048,0.0015954416297998856,2.0075428000549903e-06,0.028641615132534343,5.853461200052133e-05,0.0008367977570742369,3.027099410246592e-05
natural_residual_qat_w8_c1.0_test,quantized,3,3462,mid_block.resnets.0.conv2.weight,0.738323258815176,-2.7766984696533444e-05,-0.01118583804415323,0.0033621233589716474,1.2845526918402757e-06,0.006522903622321413,0.0002667254226194061,0.0008367977570742369,3.027099410246592e-05
natural_residual_qat_w8_c1.0_test,quantized,3,3462,mid_block.resnets.1.conv1.weight,1.1233715276662792,-1.9263022030849355e-05,-0.014602543141618381,0.0011742822898604206,7.147087220088738e-07,0.014012729774403227,4.540282990424936e-05,0.0008367977570742369,3.027099410246592e-05
natural_residual_qat_w8_c1.0_test,quantized,3,3462,mid_block.resnets.1.conv2.weight,0.754983858475637,-1.69781773024711e-05,-0.00908144876866519,0.0024762715084555875,1.2869409958271722e-06,0.00864505461131923,0.00019717562587840884,0.0008367977570742369,3.027099410246592e-05
natural_residual_qat_w8_c1.0_test,quantized,3,3462,conv_out.weight,0.008814502412084608,-1.2779625659219041e-05,-0.05315558023912395,0.02727542136339274,1.0216645400666158e-06,0.0517807216891128,0.0022384243428375922,0.0008367977570742369,3.027099410246592e-05
fixed_ptq_w4_c1.0_test,quantized,0,3459,conv_in.weight,1.457656835549773,0.0007789079710769408,0.006081168947644368,0.0878706391848698,0.00017346282839503208,0.05798874435601546,0.0020521420758704673,0.054619982838630676,0.0009659220231696963
fixed_ptq_w4_c1.0_test,quantized,0,3459,up_blocks.0.resnets.0.conv1.weight,19.24490800210639,-0.0003381082750516714,-0.0006676787803879099,0.026313122443834047,6.21965689582085e-05,0.004764539884006808,0.0006783121895598133,0.054619982838630676,0.0009659220231696963
fixed_ptq_w4_c1.0_test,quantized,0,3459,up_blocks.0.resnets.0.conv2.weight,14.133578408244707,0.0005529037515200612,0.0009876987907602472,0.039607085151831346,1.517078460309374e-05,0.0009355917203830767,0.0011472803091935133,0.054619982838630676,0.0009659220231696963
fixed_ptq_w4_c1.0_test,quantized,0,3459,up_blocks.0.resnets.1.conv1.weight,19.48690461146917,0.0003076302122640734,0.0005539657891887955,0.028497264979942608,6.513778380002934e-05,0.0046904285898892294,0.0007126521352471496,0.054619982838630676,0.0009659220231696963
fixed_ptq_w4_c1.0_test,quantized,0,3459,up_blocks.0.resnets.1.conv2.weight,13.235037692510488,-0.00028254217730569556,-0.0004801749140544734,0.04445889227803792,4.282832806023595e-05,0.002426585140107102,0.0013335533798613196,0.054619982838630676,0.0009659220231696963
fixed_ptq_w4_c1.0_test,quantized,0,3459,up_blocks.0.resnets.2.conv1.weight,20.2987072950008,0.00014764122404355503,0.0002586883005582877,0.028116578362176434,8.959160776753539e-05,0.006026345974755485,0.0007323941860631813,0.054619982838630676,0.0009659220231696963
fixed_ptq_w4_c1.0_test,quantized,0,3459,up_blocks.0.resnets.2.conv2.weight,13.157236177137607,0.0003288662732803642,0.000560081344112312,0.0446276028466949,2.7477975070456653e-05,0.0016231565065758437,0.0012866477286507388,0.054619982838630676,0.0009659220231696963
fixed_ptq_w4_c1.0_test,quantized,0,3459,up_blocks.0.upsamplers.0.conv.weight,8.104407376688961,-0.0005574573108788391,-0.0005102868442621985,0.13479568200406716,0.00016695101020475396,0.00538817785765559,0.003823189856270409,0.054619982838630676,0.0009659220231696963
fixed_ptq_w4_c1.0_test,quantized,0,3459,up_blocks.1.resnets.0.conv1.weight,18.928224419895813,-5.6101838149402174e-05,-9.068583545640729e-05,0.03268343965762973,7.381542398237484e-05,0.0042887124914070774,0.0009093065288517053,0.054619982838630676,0.0009659220231696963
fixed_ptq_w4_c1.0_test,quantized,0,3459,up_blocks.1.resnets.0.conv2.weight,18.786867189203733,-0.0007996859424414494,-0.001236862661658004,0.03441467061270719,3.431513015017449e-05,0.0018610279921993326,0.0009814730517451352,0.054619982838630676,0.0009659220231696963
fixed_ptq_w4_c1.0_test,quantized,0,3459,up_blocks.1.resnets.1.conv1.weight,19.533111242488815,-9.110908564884706e-05,-0.00013654034422222529,0.0341608974297923,6.578930320930219e-05,0.004079238361956369,0.0008256667203830666,0.054619982838630676,0.0009659220231696963
fixed_ptq_w4_c1.0_test,quantized,0,3459,up_blocks.1.resnets.1.conv2.weight,18.33769410989956,-0.0005366895963054205,-0.0008468792743853833,0.03455866425965494,3.8748447983674424e-05,0.0022306529249879656,0.0009472782939607547,0.054619982838630676,0.0009659220231696963
fixed_ptq_w4_c1.0_test,quantized,0,3459,up_blocks.1.resnets.2.conv1.weight,19.031312519046566,-0.0012560766314175446,-0.001689971619857556,0.03905422135228147,5.5519363080361236e-05,0.0030664086961241102,0.0009513617718262876,0.054619982838630676,0.0009659220231696963
fixed_ptq_w4_c1.0_test,quantized,0,3459,up_blocks.1.resnets.2.conv2.weight,16.891185619394598,-0.0004502025659369152,-0.000811095202410982,0.03286063858608861,3.4316378726087066e-05,0.002214542766142196,0.0009173968532719931,0.054619982838630676,0.0009659220231696963
fixed_ptq_w4_c1.0_test,quantized,0,3459,up_blocks.1.upsamplers.0.conv.weight,8.90401560238726,-0.0009989305055636633,-0.0009464387756021885,0.1185377934079512,6.313713834649346e-05,0.0025090356026049388,0.0028261301458981742,0.054619982838630676,0.0009659220231696963
fixed_ptq_w4_c1.0_test,quantized,0,3459,up_blocks.2.resnets.0.conv1.weight,12.421798064474537,-0.00013677295837873817,-0.0003173480052360307,0.034696047452432315,3.3955990649653655e-05,0.0028922612498147506,0.0009451362520906782,0.054619982838630676,0.0009659220231696963
fixed_ptq_w4_c1.0_test,quantized,0,3459,up_blocks.2.resnets.0.conv2.weight,10.300981527080555,-0.00038781813495368923,-0.0013492050069978247,0.027904327533306607,3.763984803826695e-05,0.005140554414338755,0.0007108194329841345,0.054619982838630676,0.0009659220231696963
fixed_ptq_w4_c1.0_test,quantized,0,3459,up_blocks.2.resnets.0.conv_shortcut.weight,0.9130284836715805,-0.00023200021594804309,-0.0008249980029778579,0.30800031840197434,0.00010066999454516947,0.015837121734803526,0.006962087282716054,0.054619982838630676,0.0009659220231696963
fixed_ptq_w4_c1.0_test,quantized,0,3459,up_blocks.2.resnets.1.conv1.weight,8.201854963429565,-0.002175861740955627,-0.007047156159461742,0.03764482784770899,2.6608625799126207e-05,0.0034423137584214483,0.0009424534490226939,0.054619982838630676,0.0009659220231696963
fixed_ptq_w4_c1.0_test,quantized,0,3459,up_blocks.2.resnets.1.conv2.weight,11.064136867556703,-0.0007101504459175781,-0.002004869172643873,0.03201450464794791,2.745120630257995e-05,0.003957026405345879,0.0006270106907660825,0.054619982838630676,0.0009659220231696963
fixed_ptq_w4_c1.0_test,quantized,0,3459,up_blocks.2.resnets.2.conv1.weight,8.679135251641918,-0.001794859916893194,-0.0051271500797977375,0.04033462954993229,1.4442928461626729e-05,0.0020902596506624034,0.0007961200591808474,0.054619982838630676,0.0009659220231696963
fixed_ptq_w4_c1.0_test,quantized,0,3459,up_blocks.2.resnets.2.conv2.weight,10.423019492231429,-7.234121423960893e-05,-0.0002521210026331457,0.02752854251965086,8.057066291807983e-06,0.0013579814704712332,0.0005692323099517916,0.054619982838630676,0.0009659220231696963
fixed_ptq_w4_c1.0_test,quantized,0,3459,up_blocks.2.upsamplers.0.conv.weight,4.87776649732819,0.000138955495909977,0.00018629834368248454,0.15291346458540817,2.4928070821292796e-05,0.0020143513670374366,0.0025370699171750485,0.054619982838630676,0.0009659220231696963
fixed_ptq_w4_c1.0_test,quantized,0,3459,up_blocks.3.resnets.0.conv1.weight,5.838596256887053,-0.0013602293796128513,-0.0059622240879199555,0.03907467834076175,1.128182122285221e-05,0.003160377561190165,0.0006114089605377588,0.054619982838630676,0.0009659220231696963
fixed_ptq_w4_c1.0_test,quantized,0,3459,up_blocks.3.resnets.0.conv2.weight,6.244990595139215,-0.00012456805235819198,-0.0008667549765752889,0.023013281068721414,1.0606155262358502e-06,0.0005173302212946467,0.00032829052016719183,0.054619982838630676,0.0009659220231696963
fixed_ptq_w4_c1.0_test,quantized,0,3459,up_blocks.3.resnets.0.conv_shortcut.weight,0.7271489925353076,-0.0016502486084439304,-0.007354422048750924,0.3085868528889681,2.1694621388626927e-05,0.007212336877355954,0.0041366870312630755,0.054619982838630676,0.0009659220231696963
fixed_ptq_w4_c1.0_test,quantized,0,3459,up_blocks.3.resnets.1.conv1.weight,4.149669579885494,-0.0010694661874845514,-0.005127016515897529,0.05026767803916822,-4.354835988705657e-06,-0.0018291180380021707,0.0005737418819216298,0.054619982838630676,0.0009659220231696963
fixed_ptq_w4_c1.0_test,quantized,0,3459,up_blocks.3.resnets.1.conv2.weight,6.452668239311267,-0.0005512508413126154,-0.0034118376204708336,0.025039264915533037,-8.027954284272811e-06,-0.003610581295174095,0.0003445786983535937,0.054619982838630676,0.0009659220231696963
fixed_ptq_w4_c1.0_test,quantized,0,3459,up_blocks.3.resnets.2.conv1.weight,4.3687420716896215,0.0006625472686735804,0.0029702282113392526,0.05105880477726029,-3.2963157725512136e-06,-0.0010526612600083086,0.0007167765082255138,0.054619982838630676,0.0009659220231696963
fixed_ptq_w4_c1.0_test,quantized,0,3459,up_blocks.3.resnets.2.conv2.weight,6.275428632043213,-9.561643805760378e-05,-0.001291843335495762,0.011794494092558415,-2.0379458617522125e-06,-0.0012191762539154943,0.0002663684310191742,0.054619982838630676,0.0009659220231696963
fixed_ptq_w4_c1.0_test,quantized,0,3459,mid_block.attentions.0.to_q.weight,4.017655159011547,-4.794628738908809e-05,-0.0018417962781285388,0.006479488677281927,-6.936261600374796e-08,-8.13455540734358e-05,0.00021223596710069842,0.054619982838630676,0.0009659220231696963
fixed_ptq_w4_c1.0_test,quantized,0,3459,mid_block.attentions.0.to_k.weight,4.105941188134321,-4.4818691475095434e-05,-0.001440917973498866,0.007575428259143931,1.3201747747200136e-06,0.0013245700533400608,0.0002427413560453786,0.054619982838630676,0.0009659220231696963
fixed_ptq_w4_c1.0_test,quantized,0,3459,mid_block.attentions.0.to_v.weight,2.7407196252929307,-0.0002663960008461882,-0.0025312179121777384,0.03840020617454073,4.52011380419339e-06,0.0014727089976308363,0.0011198705387387045,0.054619982838630676,0.0009659220231696963
fixed_ptq_w4_c1.0_test,quantized,0,3459,mid_block.attentions.0.to_out.0.weight,2.5762803762428064,-0.00012001957046397845,-0.001012261248137849,0.04602208936301614,-3.9020855581367684e-07,-0.00010802363160817629,0.0014021190456096327,0.054619982838630676,0.0009659220231696963
fixed_ptq_w4_c1.0_test,quantized,0,3459,mid_block.resnets.0.conv1.weight,19.017884482571446,0.0004274836718705056,0.0007353774890049798,0.030566590211530974,0.00014125333924250145,0.007466048793143281,0.0009948227181247864,0.054619982838630676,0.0009659220231696963
fixed_ptq_w4_c1.0_test,quantized,0,3459,mid_block.resnets.0.conv2.weight,12.631884571292352,-8.289833734344249e-05,-0.00011577352578698157,0.05668503408568678,5.387571056759152e-05,0.0024400261046529097,0.0017479555721851392,0.054619982838630676,0.0009659220231696963
fixed_ptq_w4_c1.0_test,quantized,0,3459,mid_block.resnets.1.conv1.weight,18.230832590427827,0.00028606317333166025,0.0006873882927003884,0.022827235421475085,3.158796735063749e-05,0.002505995758294079,0.0006914087093337243,0.054619982838630676,0.0009659220231696963
fixed_ptq_w4_c1.0_test,quantized,0,3459,mid_block.resnets.1.conv2.weight,12.92560176135841,-5.621452582727197e-05,-0.00011035558076053037,0.03940973185568384,2.4635097053835506e-05,0.0017134937163112947,0.0011122975747832767,0.054619982838630676,0.0009659220231696963
fixed_ptq_w4_c1.0_test,quantized,0,3459,conv_out.weight,0.1406896022280004,-0.0004675894011964984,-0.007171444206112338,0.4634426862355689,9.334396647204618e-05,0.05663038337175041,0.011715875501252108,0.054619982838630676,0.0009659220231696963
fixed_ptq_w4_c1.0_test,quantized,1,3460,conv_in.weight,1.457656835549773,0.0005156719419521134,0.002066691462111284,0.17117587752219873,0.00010744440677201998,0.03917555987881461,0.0018815393562107566,0.07017027586698532,0.000634506344795227
fixed_ptq_w4_c1.0_test,quantized,1,3460,up_blocks.0.resnets.0.conv1.weight,19.24490800210639,0.0005289270103150461,0.0006950912320329687,0.03954013026177687,3.0095316783248703e-05,0.004990835451581357,0.00031333566333635165,0.07017027586698532,0.000634506344795227
fixed_ptq_w4_c1.0_test,quantized,1,3460,up_blocks.0.resnets.0.conv2.weight,14.133578408244707,0.000468320845095775,0.0005415898898014032,0.061181596816263666,1.7762818832501468e-05,0.0018506989467056624,0.0006790847472351328,0.07017027586698532,0.000634506344795227
fixed_ptq_w4_c1.0_test,quantized,1,3460,up_blocks.0.resnets.1.conv1.weight,19.48690461146917,-0.001352583046001788,-0.0014269174109613222,0.048643211834964326,4.26605660609252e-05,0.006532694432060335,0.0003351131036573452,0.07017027586698532,0.000634506344795227
fixed_ptq_w4_c1.0_test,quantized,1,3460,up_blocks.0.resnets.1.conv2.weight,13.235037692510488,-0.00031327477212031397,-0.00035023376498165986,0.06758374094267401,2.177870951559254e-05,0.0020323347099812073,0.0008096768557859266,0.07017027586698532,0.000634506344795227
fixed_ptq_w4_c1.0_test,quantized,1,3460,up_blocks.0.resnets.2.conv1.weight,20.2987072950008,-0.00024842013725144595,-0.00025908863810443776,0.04723566654669991,5.568686043182435e-05,0.007287915674759653,0.00037642721396851113,0.07017027586698532,0.000634506344795227
fixed_ptq_w4_c1.0_test,quantized,1,3460,up_blocks.0.resnets.2.conv2.weight,13.157236177137607,-3.2851052598100355e-05,-3.5197169905126727e-05,0.07093766261936102,2.9123123729439162e-05,0.0025826639885676464,0.0008570484579132763,0.07017027586698532,0.000634506344795227
fixed_ptq_w4_c1.0_test,quantized,1,3460,up_blocks.0.upsamplers.0.conv.weight,8.104407376688961,-0.00021024540989023435,-0.00010346980925290326,0.25072151959913513,0.00011005300780048884,0.0052671549079671256,0.002578128513692343,0.07017027586698532,0.000634506344795227
fixed_ptq_w4_c1.0_test,quantized,1,3460,up_blocks.1.resnets.0.conv1.weight,18.928224419895813,0.0007780132015963873,0.0008011962604523863,0.051302458327003926,4.133060762632516e-05,0.0059870581107873974,0.00036471064563134875,0.07017027586698532,0.000634506344795227
fixed_ptq_w4_c1.0_test,quantized,1,3460,up_blocks.1.resnets.0.conv2.weight,18.786867189203733,-0.001268472860052426,-0.0011743298375600378,0.057495879114651906,2.6645364561203362e-05,0.002422551067546926,0.0005854561340618728,0.07017027586698532,0.000634506344795227
fixed_ptq_w4_c1.0_test,quantized,1,3460,up_blocks.1.resnets.1.conv1.weight,19.533111242488815,0.0005735285027791926,0.0005267654058778568,0.055739919436664016,3.383801559383357e-05,0.005185376618638064,0.00033408206216805936,0.07017027586698532,0.000634506344795227
fixed_ptq_w4_c1.0_test,quantized,1,3460,up_blocks.1.resnets.1.conv2.weight,18.33769410989956,-0.0013475431522917717,-0.0012807963195990433,0.0573743642801998,2.437064012806223e-05,0.002225680194725419,0.0005971170215090874,0.07017027586698532,0.000634506344795227
fixed_ptq_w4_c1.0_test,quantized,1,3460,up_blocks.1.resnets.2.conv1.weight,19.031312519046566,-0.001149570727732674,-0.0010076986938231723,0.05994269433147535,4.231264679133602e-05,0.005584075510908005,0.00039815316215600086,0.07017027586698532,0.000634506344795227
fixed_ptq_w4_c1.0_test,quantized,1,3460,up_blocks.1.resnets.2.conv2.weight,16.891185619394598,-0.0003938815400595224,-0.00042011758899344984,0.055505322250123786,1.6401837057429404e-05,0.0015880350386601343,0.0006114659501780528,0.07017027586698532,0.000634506344795227
fixed_ptq_w4_c1.0_test,quantized,1,3460,up_blocks.1.upsamplers.0.conv.weight,8.90401560238726,-0.0012974097522005204,-0.0006511569620939456,0.22377190411373926,4.987516733246111e-05,0.0022098773700589863,0.0025347216763554623,0.07017027586698532,0.000634506344795227
fixed_ptq_w4_c1.0_test,quantized,1,3460,up_blocks.2.resnets.0.conv1.weight,12.421798064474537,-0.0011995455981577635,-0.0014101365732359275,0.0684811618520594,1.4762036584363404e-05,0.00316930293947532,0.0003749713263887267,0.07017027586698532,0.000634506344795227
fixed_ptq_w4_c1.0_test,quantized,1,3460,up_blocks.2.resnets.0.conv2.weight,10.300981527080555,-8.993253941480433e-05,-0.00017504567627210304,0.049875453827637965,2.329937432303031e-05,0.005540296634409761,0.0004082560528508447,0.07017027586698532,0.000634506344795227
fixed_ptq_w4_c1.0_test,quantized,1,3460,up_blocks.2.resnets.0.conv_shortcut.weight,0.9130284836715805,-0.0011055931404109673,-0.0020564077575132506,0.5888460627977083,9.187881421282726e-05,0.015002480074932165,0.0067076129808548955,0.07017027586698532,0.000634506344795227
fixed_ptq_w4_c1.0_test,quantized,1,3460,up_blocks.2.resnets.1.conv1.weight,8.201854963429565,-0.0023529169615702154,-0.00442545512504146,0.064824111657388,8.88074914291637e-06,0.0035682432671525206,0.0003034471496158525,0.07017027586698532,0.000634506344795227
fixed_ptq_w4_c1.0_test,quantized,1,3460,up_blocks.2.resnets.1.conv2.weight,11.064136867556703,-0.0010200882748733235,-0.0016948909425790017,0.05439743943849781,1.1655671950325202e-05,0.002775271514769123,0.00037958959381805034,0.07017027586698532,0.000634506344795227
fixed_ptq_w4_c1.0_test,quantized,1,3460,up_blocks.2.resnets.2.conv1.weight,8.679135251641918,-0.0018745675649015122,-0.0034361589381930696,0.0628566741816177,1.2306783285282854e-05,0.0046606081924861365,0.00030424643808561806,0.07017027586698532,0.000634506344795227
fixed_ptq_w4_c1.0_test,quantized,1,3460,up_blocks.2.resnets.2.conv2.weight,10.423019492231429,8.457311657869752e-05,0.0001675576288478191,0.04842555190655262,1.034229563932987e-05,0.002845242383041738,0.00034874189958156366,0.07017027586698532,0.000634506344795227
fixed_ptq_w4_c1.0_test,quantized,1,3460,up_blocks.2.upsamplers.0.conv.weight,4.87776649732819,-0.0016486013021717934,-0.0011234907648624394,0.30083275797364184,6.366587250577761e-06,0.0003931830862547269,0.0033196390253636327,0.07017027586698532,0.000634506344795227
fixed_ptq_w4_c1.0_test,quantized,1,3460,up_blocks.3.resnets.0.conv1.weight,5.838596256887053,-0.0012737611196955722,-0.0032300529141890745,0.06754137642868856,7.715734293748376e-06,0.0036760774586745947,0.00035948780733895824,0.07017027586698532,0.000634506344795227
fixed_ptq_w4_c1.0_test,quantized,1,3460,up_blocks.3.resnets.0.conv2.weight,6.244990595139215,6.469212456569627e-05,0.000280503612024742,0.036930158146614836,5.463931797198504e-06,0.004711435946678831,0.00018570354310408024,0.07017027586698532,0.000634506344795227
fixed_ptq_w4_c1.0_test,quantized,1,3460,up_blocks.3.resnets.0.conv_shortcut.weight,0.7271489925353076,-0.0031313023402670488,-0.008303226377087991,0.5186265159174608,2.6437946125485162e-05,0.008515467910306749,0.00426968454875049,0.07017027586698532,0.000634506344795227
fixed_ptq_w4_c1.0_test,quantized,1,3460,up_blocks.3.resnets.1.conv1.weight,4.149669579885494,-0.00021267660820243478,-0.0005963261726221766,0.08594534070238771,3.9640579961279684e-06,0.0020271332751579762,0.00047124220571096776,0.07017027586698532,0.000634506344795227
fixed_ptq_w4_c1.0_test,quantized,1,3460,up_blocks.3.resnets.1.conv2.weight,6.452668239311267,-0.0008747588656784497,-0.0030912272463315404,0.043854895798742674,1.6675439501479763e-06,0.001063678643763464,0.00024295593508828758,0.07017027586698532,0.000634506344795227
fixed_ptq_w4_c1.0_test,quantized,1,3460,up_blocks.3.resnets.2.conv1.weight,4.3687420716896215,0.00034762467007232243,0.0008660258236159397,0.09188049843820499,6.504634845670189e-06,0.001809392032956841,0.000822874951857381,0.07017027586698532,0.000634506344795227
fixed_ptq_w4_c1.0_test,quantized,1,3460,up_blocks.3.resnets.2.conv2.weight,6.275428632043213,0.00032565298149437086,0.002546770906202097,0.02037613380521892,-1.005192784612197e-06,-0.0006288094480103213,0.000254733996449671,0.07017027586698532,0.000634506344795227
fixed_ptq_w4_c1.0_test,quantized,1,3460,mid_block.attentions.0.to_q.weight,4.017655159011547,-7.141872424720468e-05,-0.0016005487104702489,0.011106329001644944,8.211621416650754e-08,0.00019812921386674846,0.00010315914749103414,0.07017027586698532,0.000634506344795227
fixed_ptq_w4_c1.0_test,quantized,1,3460,mid_block.attentions.0.to_k.weight,4.105941188134321,5.963790586265945e-05,0.0011294758126035212,0.012859755919006803,6.534195858226009e-07,0.0015337091275481054,0.00010376154301299378,0.07017027586698532,0.000634506344795227
fixed_ptq_w4_c1.0_test,quantized,1,3460,mid_block.attentions.0.to_v.weight,2.7407196252929307,3.93568597192465e-05,0.00018269021075655958,0.0786032589123793,5.088737285615938e-07,0.00031489446891634203,0.0005896311081950538,0.07017027586698532,0.000634506344795227
fixed_ptq_w4_c1.0_test,quantized,1,3460,mid_block.attentions.0.to_out.0.weight,2.5762803762428064,0.0005819470401999301,0.002446002158030692,0.09234927756386603,-1.1143395076918146e-05,-0.0031316274325982026,0.0013811928261996062,0.07017027586698532,0.000634506344795227
fixed_ptq_w4_c1.0_test,quantized,1,3460,mid_block.resnets.0.conv1.weight,19.017884482571446,-0.0011300905774912604,-0.000991333345461678,0.05994201444249934,5.608880095044889e-05,0.006781339501605482,0.00043490906836484404,0.07017027586698532,0.000634506344795227
fixed_ptq_w4_c1.0_test,quantized,1,3460,mid_block.resnets.0.conv2.weight,12.631884571292352,0.0008019838559647916,0.0007169468295231259,0.0885544783177642,4.446736014758907e-05,0.003318682276665048,0.001060736524829285,0.07017027586698532,0.000634506344795227
fixed_ptq_w4_c1.0_test,quantized,1,3460,mid_block.resnets.1.conv1.weight,18.230832590427827,0.0012222714113086339,0.0018881202723935767,0.035508432051901836,1.8070219147821524e-05,0.003443184485639421,0.00028787014308813826,0.07017027586698532,0.000634506344795227
fixed_ptq_w4_c1.0_test,quantized,1,3460,mid_block.resnets.1.conv2.weight,12.92560176135841,0.00014193246281260546,0.0001785507104449904,0.06149918847494279,1.1311844621168711e-05,0.0012239941571081465,0.0007149955111524648,0.07017027586698532,0.000634506344795227
fixed_ptq_w4_c1.0_test,quantized,1,3460,conv_out.weight,0.1406896022280004,-0.0007010515440684092,-0.006949363453535359,0.7170392388998437,9.192907734673254e-05,0.057881323991372885,0.011288921233472008,0.07017027586698532,0.000634506344795227
fixed_ptq_w4_c1.0_test,quantized,2,3461,conv_in.weight,1.457656835549773,0.0014916110934621338,0.010465638900383552,0.09777651752009409,0.000159125376722982,0.04757391159396685,0.0022946438580408964,0.05834231898188591,0.000842456123791635
fixed_ptq_w4_c1.0_test,quantized,2,3461,up_blocks.0.resnets.0.conv1.weight,19.24490800210639,0.0004920456674201044,0.0008279233312150315,0.030881575681437675,3.50746031307376e-05,0.005173105086258038,0.0003523105315047321,0.05834231898188591,0.000842456123791635
fixed_ptq_w4_c1.0_test,quantized,2,3461,up_blocks.0.resnets.0.conv2.weight,14.133578408244707,0.00032029836853988085,0.0005047416714187413,0.04489866545824481,3.0582838470389236e-05,0.003036933527609711,0.0007125090290268754,0.05834231898188591,0.000842456123791635
fixed_ptq_w4_c1.0_test,quantized,2,3461,up_blocks.0.resnets.1.conv1.weight,19.48690461146917,-0.00032547706257562346,-0.00046101229884383267,0.03622972328048836,4.741765876064764e-05,0.007124870182080123,0.0003415232635912412,0.05834231898188591,0.000842456123791635
fixed_ptq_w4_c1.0_test,quantized,2,3461,up_blocks.0.resnets.1.conv2.weight,13.235037692510488,-0.0008054858106237297,-0.0012692013130782896,0.0479515002161578,2.1364149611057037e-05,0.002104636119403647,0.0007669788863931983,0.05834231898188591,0.000842456123791635
fixed_ptq_w4_c1.0_test,quantized,2,3461,up_blocks.0.resnets.2.conv1.weight,20.2987072950008,-0.00037983165615218566,-0.0004984197473414633,0.03754287567900145,7.217888200268587e-05,0.009111535996736543,0.0003902565262301483,0.05834231898188591,0.000842456123791635
fixed_ptq_w4_c1.0_test,quantized,2,3461,up_blocks.0.resnets.2.conv2.weight,13.157236177137607,-0.0004455495356754062,-0.0007044196396621902,0.04807284988806693,1.8946049010108774e-05,0.0017265310205170834,0.0008340260203951895,0.05834231898188591,0.000842456123791635
fixed_ptq_w4_c1.0_test,quantized,2,3461,up_blocks.0.upsamplers.0.conv.weight,8.104407376688961,-0.0004385948404546225,-0.0002919107784065209,0.18539248434099959,0.00015209433433012597,0.006254743473163035,0.003000421512795237,0.05834231898188591,0.000842456123791635
fixed_ptq_w4_c1.0_test,quantized,2,3461,up_blocks.1.resnets.0.conv1.weight,18.928224419895813,0.0003484476298009822,0.0004372901034482807,0.04209766323016016,4.7652167179407074e-05,0.007401657651058697,0.00034012909732559463,0.05834231898188591,0.000842456123791635
fixed_ptq_w4_c1.0_test,quantized,2,3461,up_blocks.1.resnets.0.conv2.weight,18.786867189203733,-0.0008999387444907664,-0.0011315073062114942,0.04233516159706521,4.576021460388457e-05,0.005005447942884252,0.00048662087833987956,0.05834231898188591,0.000842456123791635
fixed_ptq_w4_c1.0_test,quantized,2,3461,up_blocks.1.resnets.1.conv1.weight,19.533111242488815,0.000694421970046093,0.000831975998165636,0.04273082046681488,4.1611256655991644e-05,0.006951089941834571,0.00030646896400398293,0.05834231898188591,0.000842456123791635
fixed_ptq_w4_c1.0_test,quantized,2,3461,up_blocks.1.resnets.1.conv2.weight,18.33769410989956,-0.001264049322414437,-0.0016422805084195676,0.04197318811409021,2.8720507655233832e-05,0.003164567529513164,0.0004949177392810029,0.05834231898188591,0.000842456123791635
fixed_ptq_w4_c1.0_test,quantized,2,3461,up_blocks.1.resnets.2.conv1.weight,19.031312519046566,0.0003726482857056365,0.00038795367703790194,0.05047199997752006,5.842704879162436e-05,0.00831570509490823,0.00036918677040851284,0.05834231898188591,0.000842456123791635
fixed_ptq_w4_c1.0_test,quantized,2,3461,up_blocks.1.resnets.2.conv2.weight,16.891185619394598,-0.0004914210967380987,-0.0007383787664965468,0.039401654920894334,2.2428554258774862e-05,0.002592576376681434,0.0005121646336952745,0.05834231898188591,0.000842456123791635
fixed_ptq_w4_c1.0_test,quantized,2,3461,up_blocks.1.upsamplers.0.conv.weight,8.90401560238726,-0.0017900916600260542,-0.0012268735467229409,0.163866264775108,9.334007134855524e-05,0.0034211860196142977,0.0030641182924706287,0.05834231898188591,0.000842456123791635
fixed_ptq_w4_c1.0_test,quantized,2,3461,up_blocks.2.resnets.0.conv1.weight,12.421798064474537,0.0004504976611390979,0.0007234941461757177,0.05012715471494945,2.8498371731271657e-05,0.005979808941593612,0.00038366154733104755,0.05834231898188591,0.000842456123791635
fixed_ptq_w4_c1.0_test,quantized,2,3461,up_blocks.2.resnets.0.conv2.weight,10.300981527080555,-0.0009904060301655331,-0.002592356022058693,0.03708856431812412,1.8303184297138928e-05,0.00437512009299348,0.00040612344907842136,0.05834231898188591,0.000842456123791635
fixed_ptq_w4_c1.0_test,quantized,2,3461,up_blocks.2.resnets.0.conv_shortcut.weight,0.9130284836715805,-0.000498401378562617,-0.0013211541379825533,0.41318202439365903,8.158717240825517e-05,0.012009035548680654,0.007440967798846452,0.05834231898188591,0.000842456123791635
fixed_ptq_w4_c1.0_test,quantized,2,3461,up_blocks.2.resnets.1.conv1.weight,8.201854963429565,-0.002179670063787038,-0.004892775951114868,0.054315445397552516,1.7795489284611977e-05,0.0067445077757567334,0.00032169742781747325,0.05834231898188591,0.000842456123791635
fixed_ptq_w4_c1.0_test,quantized,2,3461,up_blocks.2.resnets.1.conv2.weight,11.064136867556703,-0.0012057917068491503,-0.0025500003864342975,0.04273803070984348,1.5403838790596064e-05,0.003594480855304663,0.00038732475111905354,0.05834231898188591,0.000842456123791635
fixed_ptq_w4_c1.0_test,quantized,2,3461,up_blocks.2.resnets.2.conv1.weight,8.679135251641918,-0.000641077916765805,-0.0014406386688682077,0.05127188600794086,1.8722052186932274e-05,0.007156741717809478,0.0003014127720430687,0.05834231898188591,0.000842456123791635
fixed_ptq_w4_c1.0_test,quantized,2,3461,up_blocks.2.resnets.2.conv2.weight,10.423019492231429,-0.0003310872755285178,-0.0009369979264909114,0.03390082836759132,5.7595456097433e-06,0.0015348515212963302,0.00036002138877342163,0.05834231898188591,0.000842456123791635
fixed_ptq_w4_c1.0_test,quantized,2,3461,up_blocks.2.upsamplers.0.conv.weight,4.87776649732819,-0.0012383889470280662,-0.0014382099765621226,0.1765280661894108,2.5317123597169925e-05,0.001297672369228592,0.00399970810324949,0.05834231898188591,0.000842456123791635
fixed_ptq_w4_c1.0_test,quantized,2,3461,up_blocks.3.resnets.0.conv1.weight,5.838596256887053,-0.0006173456298501553,-0.002251110433644504,0.04697027823005664,3.869936550571998e-06,0.001439584957708386,0.00046042415535153976,0.05834231898188591,0.000842456123791635
fixed_ptq_w4_c1.0_test,quantized,2,3461,up_blocks.3.resnets.0.conv2.weight,6.244990595139215,-0.0005669020448620869,-0.003634377020988748,0.02497734410089636,1.2332745444475614e-05,0.007378711053514143,0.0002676378145373048,0.05834231898188591,0.000842456123791635
fixed_ptq_w4_c1.0_test,quantized,2,3461,up_blocks.3.resnets.0.conv_shortcut.weight,0.7271489925353076,-0.00026434825163054894,-0.0010738627985495235,0.33853551643235835,1.2522036427191412e-05,0.0030296054566001534,0.005684149367801626,0.05834231898188591,0.000842456123791635
fixed_ptq_w4_c1.0_test,quantized,2,3461,up_blocks.3.resnets.1.conv1.weight,4.149669579885494,-0.0018493019234058182,-0.007921269005221018,0.05625997594377273,1.6799673608380612e-05,0.00730747738946004,0.0005540128611326792,0.05834231898188591,0.000842456123791635
fixed_ptq_w4_c1.0_test,quantized,2,3461,up_blocks.3.resnets.1.conv2.weight,6.452668239311267,-0.000589151628021143,-0.0032292466781336506,0.028273952494680697,-5.6189854614677684e-06,-0.0027136761521619475,0.00032089322922755463,0.05834231898188591,0.000842456123791635
fixed_ptq_w4_c1.0_test,quantized,2,3461,up_blocks.3.resnets.2.conv1.weight,4.3687420716896215,-0.0006634438951211705,-0.002622653075006495,0.05790378475491585,-1.918203177165275e-06,-0.00047794228826946887,0.0009186767863415811,0.05834231898188591,0.000842456123791635
fixed_ptq_w4_c1.0_test,quantized,2,3461,up_blocks.3.resnets.2.conv2.weight,6.275428632043213,0.0001428205235064425,0.0016275549046076128,0.013983361253958613,1.893215258594032e-06,0.0010406991374761433,0.0002898887800163946,0.05834231898188591,0.000842456123791635
fixed_ptq_w4_c1.0_test,quantized,2,3461,mid_block.attentions.0.to_q.weight,4.017655159011547,6.722647937613538e-05,0.0022530339635640434,0.0074267699503053255,7.831731297116256e-07,0.0016848700351914773,0.00011569609855099138,0.05834231898188591,0.000842456123791635
fixed_ptq_w4_c1.0_test,quantized,2,3461,mid_block.attentions.0.to_k.weight,4.105941188134321,2.489038817693185e-05,0.0007282625356203783,0.008323979009148096,2.078704899942373e-08,4.604382687407715e-05,0.00010995341008327116,0.05834231898188591,0.000842456123791635
fixed_ptq_w4_c1.0_test,quantized,2,3461,mid_block.attentions.0.to_v.weight,2.7407196252929307,-0.0001839773140927496,-0.001237868257057466,0.05422820613612745,7.955492396221267e-06,0.0032474880745360125,0.0008938299247608893,0.05834231898188591,0.000842456123791635
fixed_ptq_w4_c1.0_test,quantized,2,3461,mid_block.attentions.0.to_out.0.weight,2.5762803762428064,-0.00022940313483726504,-0.0012349442783444386,0.0721039173964632,1.167622539890519e-05,0.0026208984420116955,0.0017292554453343285,0.05834231898188591,0.000842456123791635
fixed_ptq_w4_c1.0_test,quantized,2,3461,mid_block.resnets.0.conv1.weight,19.017884482571446,0.00044846711257190376,0.000655866849753142,0.03595445540256562,7.171411997824328e-05,0.007453167304190065,0.0005059430077407677,0.05834231898188591,0.000842456123791635
fixed_ptq_w4_c1.0_test,quantized,2,3461,mid_block.resnets.0.conv2.weight,12.631884571292352,-2.8465112666404532e-06,-3.488674372627902e-06,0.0645928316335129,3.662251219471626e-05,0.0022976844670313068,0.0012617973050346248,0.05834231898188591,0.000842456123791635
fixed_ptq_w4_c1.0_test,quantized,2,3461,mid_block.resnets.1.conv1.weight,18.230832590427827,0.00021276627289250617,0.0004344083788646334,0.026865695591491132,2.5733507829989146e-05,0.0039736651299060385,0.0003552231181410042,0.05834231898188591,0.000842456123791635
fixed_ptq_w4_c1.0_test,quantized,2,3461,mid_block.resnets.1.conv2.weight,12.92560176135841,0.00011214091708826974,0.00020126165824218948,0.04310744528771867,2.5881698063495437e-05,0.002483545304712343,0.0008062503357093219,0.05834231898188591,0.000842456123791635
fixed_ptq_w4_c1.0_test,quantized,2,3461,conv_out.weight,0.1406896022280004,-0.00026308135952881706,-0.002928412061506385,0.6385514402649529,4.373560134429975e-05,0.02407440218998268,0.012912715688674073,0.05834231898188591,0.000842456123791635
fixed_ptq_w4_c1.0_test,quantized,3,3462,conv_in.weight,1.457656835549773,7.499521935904659e-05,0.004464282913494499,0.011524619009084391,4.224264510865895e-05,0.01818991124087278,0.0015931814134775972,0.0018549526575952768,0.00020051561295986176
fixed_ptq_w4_c1.0_test,quantized,3,3462,up_blocks.0.resnets.0.conv1.weight,19.24490800210639,-4.381550385194336e-05,-0.0008493381555922438,0.00268059582045041,1.0957689223045743e-06,0.00029464116493090964,0.00019324564559249202,0.0018549526575952768,0.00020051561295986176
fixed_ptq_w4_c1.0_test,quantized,3,3462,up_blocks.0.resnets.0.conv2.weight,14.133578408244707,0.00010852200664584361,0.0015200665287817545,0.005051299122489924,-1.4884223296811174e-06,-0.0001588528906954749,0.0006629471714880049,0.0018549526575952768,0.00020051561295986176
fixed_ptq_w4_c1.0_test,quantized,3,3462,up_blocks.0.resnets.1.conv1.weight,19.48690461146917,-9.305901851246407e-06,-0.000192131980875617,0.0024855124800102313,8.069953901827335e-06,0.0024340601232273884,0.0001701362644735965,0.0018549526575952768,0.00020051561295986176
fixed_ptq_w4_c1.0_test,quantized,3,3462,up_blocks.0.resnets.1.conv2.weight,13.235037692510488,-3.796685077075965e-05,-0.0005312251920723451,0.005400086674981953,5.320122526667764e-07,5.613385492551371e-05,0.0007160965545920811,0.0018549526575952768,0.00020051561295986176
fixed_ptq_w4_c1.0_test,quantized,3,3462,up_blocks.0.resnets.2.conv1.weight,20.2987072950008,-0.00014796731710371318,-0.002434584661294686,0.0029941429889301127,7.674746260947482e-06,0.001980730864527342,0.000190884285118901,0.0018549526575952768,0.00020051561295986176
fixed_ptq_w4_c1.0_test,quantized,3,3462,up_blocks.0.resnets.2.conv2.weight,13.157236177137607,-3.3502388756989337e-06,-4.351970386303698e-05,0.00585093363153041,9.525836915734749e-06,0.0008879600605346468,0.0008153518095635934,0.0018549526575952768,0.00020051561295986176
fixed_ptq_w4_c1.0_test,quantized,3,3462,up_blocks.0.upsamplers.0.conv.weight,8.104407376688961,-2.869481765119097e-05,-0.0002006039771162076,0.0176499169870817,2.872425141307879e-05,0.001455193140688548,0.0024356047770521506,0.0018549526575952768,0.00020051561295986176
fixed_ptq_w4_c1.0_test,quantized,3,3462,up_blocks.1.resnets.0.conv1.weight,18.928224419895813,-7.276659964792969e-05,-0.001211927254652271,0.003172091105922415,6.781641547362515e-06,0.00213973789199609,0.00016744199000200052,0.0018549526575952768,0.00020051561295986176
fixed_ptq_w4_c1.0_test,quantized,3,3462,up_blocks.1.resnets.0.conv2.weight,18.786867189203733,2.9233996427451315e-06,4.0241346824764136e-05,0.003866885537045116,8.070891616873e-06,0.0010322613858450205,0.000416176418255452,0.0018549526575952768,0.00020051561295986176
fixed_ptq_w4_c1.0_test,quantized,3,3462,up_blocks.1.resnets.1.conv1.weight,19.533111242488815,1.7151205730004168e-05,0.0002742417047572303,0.003201767065554305,6.2003793210076765e-06,0.0019358611335571687,0.00016397311053197716,0.0018549526575952768,0.00020051561295986176
fixed_ptq_w4_c1.0_test,quantized,3,3462,up_blocks.1.resnets.1.conv2.weight,18.33769410989956,4.64183626081301e-06,5.9717178918697875e-05,0.004238828148152395,2.9457940947690384e-06,0.00033307543157197803,0.0004822975590607171,0.0018549526575952768,0.00020051561295986176
fixed_ptq_w4_c1.0_test,quantized,3,3462,up_blocks.1.resnets.2.conv1.weight,19.031312519046566,-3.097348427595064e-05,-0.0004407772734946332,0.0036923437625904715,6.74092090666261e-06,0.001568243712064097,0.00022585875797054666,0.0018549526575952768,0.00020051561295986176
fixed_ptq_w4_c1.0_test,quantized,3,3462,up_blocks.1.resnets.2.conv2.weight,16.891185619394598,1.2470636286504289e-05,0.00018475404921122746,0.003996083118650554,3.992275665400301e-06,0.0004150833298391194,0.0005694100066614622,0.0018549526575952768,0.00020051561295986176
fixed_ptq_w4_c1.0_test,quantized,3,3462,up_blocks.1.upsamplers.0.conv.weight,8.90401560238726,-6.717692130622086e-05,-0.00047978834107551807,0.015724776945194325,1.8529769732416876e-05,0.0008370597720166173,0.002486151782295386,0.0018549526575952768,0.00020051561295986176
fixed_ptq_w4_c1.0_test,quantized,3,3462,up_blocks.2.resnets.0.conv1.weight,12.421798064474537,-0.00010732988938240033,-0.0022057000686420834,0.003917326407408753,6.5469515562040115e-06,0.0019146829285480757,0.0002752693120342876,0.0018549526575952768,0.00020051561295986176
fixed_ptq_w4_c1.0_test,quantized,3,3462,up_blocks.2.resnets.0.conv2.weight,10.300981527080555,-7.476483177522823e-05,-0.0020924602850540715,0.00346865837192074,6.70907832850092e-06,0.0015294148990633316,0.000425852241300523,0.0018549526575952768,0.00020051561295986176
fixed_ptq_w4_c1.0_test,quantized,3,3462,up_blocks.2.resnets.0.conv_shortcut.weight,0.9130284836715805,-5.4023360180575734e-05,-0.0016458185740210252,0.03595135864597543,6.901957606223819e-05,0.012109301119932052,0.006242648500282924,0.0018549526575952768,0.00020051561295986176
fixed_ptq_w4_c1.0_test,quantized,3,3462,up_blocks.2.resnets.1.conv1.weight,8.201854963429565,-0.0001556428009376819,-0.0044003514313032,0.004312504785283026,3.845113197108694e-06,0.00204322818683313,0.0002294458321634686,0.0018549526575952768,0.00020051561295986176
fixed_ptq_w4_c1.0_test,quantized,3,3462,up_blocks.2.resnets.1.conv2.weight,11.064136867556703,-8.368076062559971e-05,-0.0017786126187279492,0.004252327552514816,8.863808489757023e-06,0.0018290676134095833,0.0004379989453051957,0.0018549526575952768,0.00020051561295986176
fixed_ptq_w4_c1.0_test,quantized,3,3462,up_blocks.2.resnets.2.conv1.weight,8.679135251641918,-3.685069623536355e-05,-0.0009860110784516048,0.004306133073177757,6.430877140520592e-06,0.0026768972904798074,0.00027679742666415687,0.0018549526575952768,0.00020051561295986176
fixed_ptq_w4_c1.0_test,quantized,3,3462,up_blocks.2.resnets.2.conv2.weight,10.423019492231429,7.556122459165587e-06,0.00020952462360826078,0.0034599543485309713,3.7562724372254766e-06,0.0008601032961335747,0.0004189989373920971,0.0018549526575952768,0.00020051561295986176
fixed_ptq_w4_c1.0_test,quantized,3,3462,up_blocks.2.upsamplers.0.conv.weight,4.87776649732819,-2.3212967386671997e-05,-0.00025658520148692674,0.01854718696515685,-1.3208090982188146e-05,-0.0008328370660332995,0.0032513146421704075,0.0018549526575952768,0.00020051561295986176
fixed_ptq_w4_c1.0_test,quantized,3,3462,up_blocks.3.resnets.0.conv1.weight,5.838596256887053,-7.709967887115875e-05,-0.002929990238664824,0.004506900302977973,2.7257652859103914e-06,0.0010685813624356775,0.00043689031417305774,0.0018549526575952768,0.00020051561295986176
fixed_ptq_w4_c1.0_test,quantized,3,3462,up_blocks.3.resnets.0.conv2.weight,6.244990595139215,5.6145276480934276e-05,0.0035889887201737028,0.0025050093011281444,5.916482764011285e-06,0.0031513703262312674,0.0003006300393340898,0.0018549526575952768,0.00020051561295986176
fixed_ptq_w4_c1.0_test,quantized,3,3462,up_blocks.3.resnets.0.conv_shortcut.weight,0.7271489925353076,-0.00023003359848824495,-0.008978671724709246,0.03523349888658188,1.737396185911506e-05,0.004173463647847362,0.0057250439105067,0.0018549526575952768,0.00020051561295986176
fixed_ptq_w4_c1.0_test,quantized,3,3462,up_blocks.3.resnets.1.conv1.weight,4.149669579885494,4.072763939526388e-06,0.00018460883923715246,0.005316468316847909,7.1908938490519994e-06,0.003188480092570684,0.0005434826081589513,0.0018549526575952768,0.00020051561295986176
fixed_ptq_w4_c1.0_test,quantized,3,3462,up_blocks.3.resnets.1.conv2.weight,6.452668239311267,-2.515478690936438e-05,-0.0011035921054628297,0.0035324231391211792,-2.099420104202383e-06,-0.0010335553162653362,0.0003147938867866614,0.0018549526575952768,0.00020051561295986176
fixed_ptq_w4_c1.0_test,quantized,3,3462,up_blocks.3.resnets.2.conv1.weight,4.3687420716896215,1.3763860001608857e-05,0.0003961519548507594,0.007952836212065037,-1.1635229803768008e-10,-3.605393019366286e-08,0.0007386963393359592,0.0018549526575952768,0.00020051561295986176
fixed_ptq_w4_c1.0_test,quantized,3,3462,up_blocks.3.resnets.2.conv2.weight,6.275428632043213,2.6647585662176136e-05,0.0028129642983471988,0.0015095595565509737,-4.889401033424337e-06,-0.0026977991796654187,0.00028880362946984145,0.0018549526575952768,0.00020051561295986176
fixed_ptq_w4_c1.0_test,quantized,3,3462,mid_block.attentions.0.to_q.weight,4.017655159011547,-3.069178164399158e-06,-0.0013891090305985592,0.000549937211465108,-3.0473584766600256e-07,-0.0017024697697358344,4.455243842400399e-05,0.0018549526575952768,0.00020051561295986176
fixed_ptq_w4_c1.0_test,quantized,3,3462,mid_block.attentions.0.to_k.weight,4.105941188134321,4.7563996146635965e-06,0.0021474122932152334,0.0005394487310829804,-5.04003797882005e-08,-0.00031621832120118387,3.8818080466902354e-05,0.0018549526575952768,0.00020051561295986176
fixed_ptq_w4_c1.0_test,quantized,3,3462,mid_block.attentions.0.to_v.weight,2.7407196252929307,-6.334163339250153e-06,-0.0004667802977756651,0.004951218951262719,2.1516510356133616e-08,1.5352548630597713e-05,0.0005113599908537169,0.0018549526575952768,0.00020051561295986176
fixed_ptq_w4_c1.0_test,quantized,3,3462,mid_block.attentions.0.to_out.0.weight,2.5762803762428064,-5.971963813799979e-05,-0.003396238837449854,0.006825364008920204,-2.2080875671572186e-06,-0.0007532648898897342,0.0011378249214429117,0.0018549526575952768,0.00020051561295986176
fixed_ptq_w4_c1.0_test,quantized,3,3462,mid_block.resnets.0.conv1.weight,19.017884482571446,-0.00010345565160914867,-0.0016244196617350834,0.0033488352146830973,-3.11421417282462e-06,-0.0006346910377487406,0.00025800249506325034,0.0018549526575952768,0.00020051561295986176
fixed_ptq_w4_c1.0_test,quantized,3,3462,mid_block.resnets.0.conv2.weight,12.631884571292352,4.1248771497296165e-06,4.716392592847229e-05,0.006923615180411035,1.4181292318192932e-05,0.001149853590336715,0.0009763490659285586,0.0018549526575952768,0.00020051561295986176
fixed_ptq_w4_c1.0_test,quantized,3,3462,mid_block.resnets.1.conv1.weight,18.230832590427827,3.3750291240719706e-05,0.0007204508961257779,0.002569606581103557,2.271884226699175e-06,0.0005766952110582099,0.00021608934260370087,0.0018549526575952768,0.00020051561295986176
fixed_ptq_w4_c1.0_test,quantized,3,3462,mid_block.resnets.1.conv2.weight,12.92560176135841,-2.080342704051372e-05,-0.00031676786030575147,0.005080927545868821,5.21614708480402e-06,0.0005970884241885072,0.0006758656995980642,0.0018549526575952768,0.00020051561295986176
fixed_ptq_w4_c1.0_test,quantized,3,3462,conv_out.weight,0.1406896022280004,8.769117267781742e-05,0.011944939390702385,0.05218070298120394,5.969917460720502e-05,0.03308186416583699,0.012826741748576244,0.0018549526575952768,0.00020051561295986176
reconstruction_w4_c1.0_test,quantized,0,3459,conv_in.weight,1.4903443287861013,-0.0006944014144046035,-0.006190507328217143,0.07526580924142352,7.387225279307285e-05,0.06400711933338654,0.0007744019574213664,0.05234843119978905,0.0003621523210313171
reconstruction_w4_c1.0_test,quantized,0,3459,up_blocks.0.resnets.0.conv1.weight,19.275790257528875,-0.0005316806072732787,-0.0012378036441769128,0.022283677832026696,1.7778483804511893e-05,0.0033412425082501264,0.00027604159644642386,0.05234843119978905,0.0003621523210313171
reconstruction_w4_c1.0_test,quantized,0,3459,up_blocks.0.resnets.0.conv2.weight,14.144457629828258,0.0003856202388649177,0.000812684454879149,0.03354683616128935,1.0863691792714531e-05,0.0017930773535847688,0.0004283434314264738,0.05234843119978905,0.0003621523210313171
reconstruction_w4_c1.0_test,quantized,0,3459,up_blocks.0.resnets.1.conv1.weight,19.521919037655152,0.00026422312828901375,0.0005635921770504914,0.024015042887094246,3.062395071863337e-05,0.005383937836697536,0.0002913658666454431,0.05234843119978905,0.0003621523210313171
reconstruction_w4_c1.0_test,quantized,0,3459,up_blocks.0.resnets.1.conv2.weight,13.24414456198035,1.7871885515386405e-05,3.437646135154467e-05,0.03925412418342275,1.506862566196372e-05,0.002153313764450396,0.0005283751877580881,0.05234843119978905,0.0003621523210313171
reconstruction_w4_c1.0_test,quantized,0,3459,up_blocks.0.resnets.2.conv1.weight,20.35646321907997,-0.0004003921537526455,-0.0008114381948629294,0.024239730505667516,2.7410280433926633e-05,0.003990450905261317,0.0003374342655508659,0.05234843119978905,0.0003621523210313171
reconstruction_w4_c1.0_test,quantized,0,3459,up_blocks.0.resnets.2.conv2.weight,13.16482621448368,0.00042174679665493725,0.0007937006569773652,0.040362673268649736,1.571474469259854e-05,0.0023176040554951506,0.0005150542286003499,0.05234843119978905,0.0003621523210313171
reconstruction_w4_c1.0_test,quantized,0,3459,up_blocks.0.upsamplers.0.conv.weight,8.11936343772269,-0.0006774635665170786,-0.0007003039656608493,0.11914542665882591,4.7214689853546357e-05,0.003935904494274464,0.001477442568655837,0.05234843119978905,0.0003621523210313171
reconstruction_w4_c1.0_test,quantized,0,3459,up_blocks.1.resnets.0.conv1.weight,18.956282199369898,-0.0001822840774768741,-0.000325246071433797,0.029565383028185645,2.798366706556112e-05,0.0035257269919532325,0.0004186998249533711,0.05234843119978905,0.0003621523210313171
reconstruction_w4_c1.0_test,quantized,0,3459,up_blocks.1.resnets.0.conv2.weight,18.813635690695175,-0.00017407762388574097,-0.0003027814518152656,0.030559127675844785,2.0803836934828364e-05,0.0026680999245257057,0.00041444663746063247,0.05234843119978905,0.0003621523210313171
reconstruction_w4_c1.0_test,quantized,0,3459,up_blocks.1.resnets.1.conv1.weight,19.557829860502082,-0.0003473161846639373,-0.0005978102649886143,0.029705782013119186,3.122823712035648e-05,0.004123965314771741,0.00038717900613651363,0.05234843119978905,0.0003621523210313171
reconstruction_w4_c1.0_test,quantized,0,3459,up_blocks.1.resnets.1.conv2.weight,18.35557854078422,-0.000464854623341862,-0.0008093470309179217,0.031290629441134636,2.2047871765687383e-05,0.00289463802443105,0.0004149581837947243,0.05234843119978905,0.0003621523210313171
reconstruction_w4_c1.0_test,quantized,0,3459,up_blocks.1.resnets.2.conv1.weight,19.06479754164815,-0.0008438553485927237,-0.0012618071346647893,0.03507864675570866,3.110466620136749e-05,0.0038390493429711495,0.00042498113625062,0.05234843119978905,0.0003621523210313171
reconstruction_w4_c1.0_test,quantized,0,3459,up_blocks.1.resnets.2.conv2.weight,16.8979251228018,-0.0008373859025672696,-0.0015999493715463512,0.030973196211253953,5.7959138662416026e-06,0.0009059014488771081,0.000378623518603201,0.05234843119978905,0.0003621523210313171
reconstruction_w4_c1.0_test,quantized,0,3459,up_blocks.1.upsamplers.0.conv.weight,8.91199980133085,-0.0010293791769175951,-0.0010612676370268049,0.1088366811082599,3.156837235444657e-05,0.0032052014711240746,0.0011051511729690945,0.05234843119978905,0.0003621523210313171
reconstruction_w4_c1.0_test,quantized,0,3459,up_blocks.2.resnets.0.conv1.weight,12.437663624864566,-0.00016962660613626228,-0.00042392301041760204,0.03217126774436776,1.9155959964517974e-05,0.003949027543469514,0.0003900092887887242,0.05234843119978905,0.0003621523210313171
reconstruction_w4_c1.0_test,quantized,0,3459,up_blocks.2.resnets.0.conv2.weight,10.316819076795401,-0.00017606370733228263,-0.000647927087630115,0.026338915636309173,1.3702428178195172e-05,0.004605306379560721,0.000288398629240129,0.05234843119978905,0.0003621523210313171
reconstruction_w4_c1.0_test,quantized,0,3459,up_blocks.2.resnets.0.conv_shortcut.weight,0.9168646610703347,-7.730941529159616e-05,-0.00029610180428041587,0.284764666323311,1.9082271214732755e-05,0.007414994102524495,0.002806816495959755,0.05234843119978905,0.0003621523210313171
reconstruction_w4_c1.0_test,quantized,0,3459,up_blocks.2.resnets.1.conv1.weight,8.215778919195287,-0.001234019215744506,-0.00455200076867398,0.03299672608093051,1.135906554378114e-05,0.00362668743764806,0.00038122707184522545,0.05234843119978905,0.0003621523210313171
reconstruction_w4_c1.0_test,quantized,0,3459,up_blocks.2.resnets.1.conv2.weight,11.081934293177545,-9.180726141459525e-05,-0.00027536424733163185,0.03008526977073782,7.039497468005117e-06,0.0027067532918610008,0.00023468072035283632,0.05234843119978905,0.0003621523210313171
reconstruction_w4_c1.0_test,quantized,0,3459,up_blocks.2.resnets.2.conv1.weight,8.697141378725544,-0.0005154768595696601,-0.0016453125776191135,0.03602336067665559,3.809414541345517e-06,0.0014462690780129945,0.0003028535051709132,0.05234843119978905,0.0003621523210313171
reconstruction_w4_c1.0_test,quantized,0,3459,up_blocks.2.resnets.2.conv2.weight,10.427966789223133,-0.00022353094752356508,-0.000813997846346216,0.026333874641332307,7.38647938967928e-06,0.0032274843115758073,0.00021946926596411287,0.05234843119978905,0.0003621523210313171
reconstruction_w4_c1.0_test,quantized,0,3459,up_blocks.2.upsamplers.0.conv.weight,4.885091585247811,0.0004136813983435405,0.0005864934399632623,0.14438767516417997,1.3017960726775038e-05,0.0025783664911327147,0.001033535975877737,0.05234843119978905,0.0003621523210313171
reconstruction_w4_c1.0_test,quantized,0,3459,up_blocks.3.resnets.0.conv1.weight,5.849623840470892,-0.001110768560911838,-0.005256327276409448,0.036125447976191695,8.594639297539119e-06,0.005507934599260178,0.000266753999888426,0.05234843119978905,0.0003621523210313171
reconstruction_w4_c1.0_test,quantized,0,3459,up_blocks.3.resnets.0.conv2.weight,6.2558279640681755,-0.00101336954013768,-0.007488893588094385,0.021630441774344998,2.874830859053801e-06,0.005073389338277162,9.057937277528844e-05,0.05234843119978905,0.0003621523210313171
reconstruction_w4_c1.0_test,quantized,0,3459,up_blocks.3.resnets.0.conv_shortcut.weight,0.7299459101894054,-0.0022814991755260184,-0.010931965329058628,0.2859113465468993,-5.105765531131983e-06,-0.005262630735729286,0.0013291294766784123,0.05234843119978905,0.0003621523210313171
reconstruction_w4_c1.0_test,quantized,0,3459,up_blocks.3.resnets.1.conv1.weight,4.1576543807821436,-0.0004684522917475519,-0.002380162646242977,0.047338048302445826,2.746119707085655e-06,0.004368730178742247,0.0001511874903019588,0.05234843119978905,0.0003621523210313171
reconstruction_w4_c1.0_test,quantized,0,3459,up_blocks.3.resnets.1.conv2.weight,6.462438523681101,-0.00024258384432923879,-0.001539992001825256,0.024375132447832293,3.266895105141904e-06,0.005926035432126803,8.530500674091423e-05,0.05234843119978905,0.0003621523210313171
reconstruction_w4_c1.0_test,quantized,0,3459,up_blocks.3.resnets.2.conv1.weight,4.379206276067464,0.00023064930787832175,0.0010331106157344385,0.05098118537105736,1.2565714290341377e-06,0.0014447425961791832,0.0001986100866247967,0.05234843119978905,0.0003621523210313171
reconstruction_w4_c1.0_test,quantized,0,3459,up_blocks.3.resnets.2.conv2.weight,6.282445612362599,-0.0002481208948758193,-0.0034066276271276902,0.011593376423263966,-2.7635318503259983e-07,-0.0006149600814603519,7.153009653226615e-05,0.05234843119978905,0.0003621523210313171
reconstruction_w4_c1.0_test,quantized,0,3459,mid_block.attentions.0.to_q.weight,4.019116116103018,-5.406650485946216e-05,-0.0024948358191383274,0.005392073098429748,1.6550026950174263e-07,0.0005137961234634045,8.014516521735282e-05,0.05234843119978905,0.0003621523210313171
reconstruction_w4_c1.0_test,quantized,0,3459,mid_block.attentions.0.to_k.weight,4.107451418160339,-1.030616525670564e-05,-0.0003847623819344002,0.0065212682019540925,2.1130899786150198e-07,0.0006327027599436198,8.131034916612637e-05,0.05234843119978905,0.0003621523210313171
reconstruction_w4_c1.0_test,quantized,0,3459,mid_block.attentions.0.to_v.weight,2.743005163893045,-2.1420904315390903e-05,-0.0002320868185700663,0.03364811198943892,2.9990827321004618e-06,0.0025970053131719696,0.00042100667633688437,0.05234843119978905,0.0003621523210313171
reconstruction_w4_c1.0_test,quantized,0,3459,mid_block.attentions.0.to_out.0.weight,2.5783879075797493,-9.336897269117086e-05,-0.0009290153307749086,0.03897906737718412,1.10598684350301e-06,0.0008635382456074023,0.000496729700424506,0.05234843119978905,0.0003621523210313171
reconstruction_w4_c1.0_test,quantized,0,3459,mid_block.resnets.0.conv1.weight,19.046447008587435,0.00013221265501907597,0.0002635825328018813,0.026335552075712233,2.7425939656957732e-05,0.004061400250508704,0.00035454531596852137,0.05234843119978905,0.0003621523210313171
reconstruction_w4_c1.0_test,quantized,0,3459,mid_block.resnets.0.conv2.weight,12.642794163421902,-0.00020166748295743603,-0.0003208137458523118,0.049720998594159536,2.961210727099026e-05,0.003398091598442243,0.0006892728388290572,0.05234843119978905,0.0003621523210313171
reconstruction_w4_c1.0_test,quantized,0,3459,mid_block.resnets.1.conv1.weight,18.254196685359037,7.410486330664584e-05,0.00021273414526119146,0.019083005794830767,1.108194595329965e-05,0.0022911670067696627,0.0002649699082533439,0.05234843119978905,0.0003621523210313171
reconstruction_w4_c1.0_test,quantized,0,3459,mid_block.resnets.1.conv2.weight,12.932635419921091,4.5147360757190525e-05,0.00010192864923958155,0.034249092115133384,6.302602844294364e-06,0.0011502319690786917,0.0004236892766734224,0.05234843119978905,0.0003621523210313171
reconstruction_w4_c1.0_test,quantized,0,3459,conv_out.weight,0.14157546905725849,0.0012287008500512868,0.018863624965587286,0.46007962020911963,1.5727483677926297e-05,0.03092721995629849,0.0035919505643589107,0.05234843119978905,0.0003621523210313171
reconstruction_w4_c1.0_test,quantized,1,3460,conv_in.weight,1.4903443287861013,-0.00024230183493298164,-0.0010018391328348382,0.1622826504321576,6.650869749799343e-05,0.06512589865381503,0.0006852327230524466,0.06485844403505325,0.00024409643083345145
reconstruction_w4_c1.0_test,quantized,1,3460,up_blocks.0.resnets.0.conv1.weight,19.275790257528875,6.291263116524398e-05,0.00010804861974291792,0.030206919167228816,1.5504780308473075e-05,0.004881288944642104,0.00016478546761932922,0.06485844403505325,0.00024409643083345145
reconstruction_w4_c1.0_test,quantized,1,3460,up_blocks.0.resnets.0.conv2.weight,14.144457629828258,-0.00015982967424439228,-0.00022053596099936808,0.05123794448458689,6.476744346029466e-06,0.001977172417978288,0.00023159325797298476,0.06485844403505325,0.00024409643083345145
reconstruction_w4_c1.0_test,quantized,1,3460,up_blocks.0.resnets.1.conv1.weight,19.521919037655152,-0.0008352762483485013,-0.0011860367846429863,0.0360752596868366,1.6276603130207396e-05,0.004576736056770588,0.00018217358288007105,0.06485844403505325,0.00024409643083345145
reconstruction_w4_c1.0_test,quantized,1,3460,up_blocks.0.resnets.1.conv2.weight,13.24414456198035,-0.0007762472364793418,-0.0009607687101787868,0.06100385832580413,8.11557467496531e-06,0.002302578494094688,0.00026612208763127966,0.06485844403505325,0.00024409643083345145
reconstruction_w4_c1.0_test,quantized,1,3460,up_blocks.0.resnets.2.conv1.weight,20.35646321907997,-0.0007359130482448954,-0.0009220530080745548,0.03920742221139583,2.507663250863988e-05,0.0070386489355722245,0.0001750159324206487,0.06485844403505325,0.00024409643083345145
reconstruction_w4_c1.0_test,quantized,1,3460,up_blocks.0.resnets.2.conv2.weight,13.16482621448368,0.000650162872299063,0.000747664692314264,0.066054158297391,1.08769547567748e-05,0.0031240204381796457,0.00026447116305719173,0.06485844403505325,0.00024409643083345145
reconstruction_w4_c1.0_test,quantized,1,3460,up_blocks.0.upsamplers.0.conv.weight,8.11936343772269,-0.0010947897608793995,-0.0005913652225065664,0.22800951180947773,3.440170217593406e-05,0.005238022887445717,0.0008088920337199209,0.06485844403505325,0.00024409643083345145
reconstruction_w4_c1.0_test,quantized,1,3460,up_blocks.1.resnets.0.conv1.weight,18.956282199369898,0.00015715076551866397,0.00019286254849490414,0.0429848518551594,1.5435914331865676e-05,0.004611994072730709,0.0001765592412370472,0.06485844403505325,0.00024409643083345145
reconstruction_w4_c1.0_test,quantized,1,3460,up_blocks.1.resnets.0.conv2.weight,18.813635690695175,-0.0008536650875532765,-0.0008829086332004581,0.051392415077796516,1.4909990243059285e-05,0.0043087740046590575,0.00018392929800004962,0.06485844403505325,0.00024409643083345145
reconstruction_w4_c1.0_test,quantized,1,3460,up_blocks.1.resnets.1.conv1.weight,19.557829860502082,0.0001661486149071095,0.00018212234404194882,0.04664583052449373,1.6593801299345373e-05,0.005444618700315757,0.0001558323970548583,0.06485844403505325,0.00024409643083345145
reconstruction_w4_c1.0_test,quantized,1,3460,up_blocks.1.resnets.1.conv2.weight,18.35557854078422,-0.0005983565428192318,-0.0006256902807107902,0.052099380355549424,1.375597033131772e-05,0.004446366945654194,0.00016854576794722304,0.06485844403505325,0.00024409643083345145
reconstruction_w4_c1.0_test,quantized,1,3460,up_blocks.1.resnets.2.conv1.weight,19.06479754164815,-0.0007366380881543152,-0.0007476551764815557,0.051679776674819815,2.3583452876275707e-05,0.007228284832486798,0.0001711354320162208,0.06485844403505325,0.00024409643083345145
reconstruction_w4_c1.0_test,quantized,1,3460,up_blocks.1.resnets.2.conv2.weight,16.8979251228018,-0.0006796401389170842,-0.0007782797609732302,0.05167850027069665,6.301538426291951e-06,0.0023385970113397425,0.0001594622241313326,0.06485844403505325,0.00024409643083345145
reconstruction_w4_c1.0_test,quantized,1,3460,up_blocks.1.upsamplers.0.conv.weight,8.91199980133085,-0.0023611442700642834,-0.0012315749601111753,0.21512283146701872,1.6469896454265005e-05,0.0026847786908547836,0.0006883466584263751,0.06485844403505325,0.00024409643083345145
reconstruction_w4_c1.0_test,quantized,1,3460,up_blocks.2.resnets.0.conv1.weight,12.437663624864566,-0.0007233844695259957,-0.0009735936359030736,0.0597382707674355,8.67688409530758e-06,0.004940370367451099,0.00014121000906671798,0.06485844403505325,0.00024409643083345145
reconstruction_w4_c1.0_test,quantized,1,3460,up_blocks.2.resnets.0.conv2.weight,10.316819076795401,-0.0005232721400725651,-0.0011109881241897334,0.04565332166725815,6.252296288332442e-06,0.005513438125833424,0.00010991861078631845,0.06485844403505325,0.00024409643083345145
reconstruction_w4_c1.0_test,quantized,1,3460,up_blocks.2.resnets.0.conv_shortcut.weight,0.9168646610703347,-0.0006749129455750815,-0.001311888269500017,0.5611069858756677,5.681800915371698e-06,0.0036297164657663195,0.0017072930676009159,0.06485844403505325,0.00024409643083345145
reconstruction_w4_c1.0_test,quantized,1,3460,up_blocks.2.resnets.1.conv1.weight,8.215778919195287,-0.001987674765037993,-0.0044971654946350074,0.05379695692476071,5.186708880492763e-06,0.005404559865580497,0.00011681074575018344,0.06485844403505325,0.00024409643083345145
reconstruction_w4_c1.0_test,quantized,1,3460,up_blocks.2.resnets.1.conv2.weight,11.081934293177545,0.0003036446781529523,0.0005323541264766399,0.051469444168600935,3.2480000126274533e-06,0.003096560683658257,9.465005182382503e-05,0.06485844403505325,0.00024409643083345145
reconstruction_w4_c1.0_test,quantized,1,3460,up_blocks.2.resnets.2.conv1.weight,8.697141378725544,-0.0007936461592247272,-0.0016474063544435521,0.05539233237228596,6.026082640245396e-06,0.0063279329549831235,0.00010949560413909084,0.06485844403505325,0.00024409643083345145
reconstruction_w4_c1.0_test,quantized,1,3460,up_blocks.2.resnets.2.conv2.weight,10.427966789223133,-0.0003203142196090299,-0.0006534078522594085,0.04701021419236288,3.891032811338306e-06,0.004142268156625053,9.007972328825632e-05,0.06485844403505325,0.00024409643083345145
reconstruction_w4_c1.0_test,quantized,1,3460,up_blocks.2.upsamplers.0.conv.weight,4.885091585247811,-0.001331358663670683,-0.0008809489425958821,0.309365314599114,1.553439879102103e-05,0.0038611759466617365,0.0008235730897898187,0.06485844403505325,0.00024409643083345145
reconstruction_w4_c1.0_test,quantized,1,3460,up_blocks.3.resnets.0.conv1.weight,5.849623840470892,-0.00099422150192796,-0.0027751443751381825,0.06124485766860484,4.14342692959507e-06,0.006942559963024567,0.00010202629248502807,0.06485844403505325,0.00024409643083345145
reconstruction_w4_c1.0_test,quantized,1,3460,up_blocks.3.resnets.0.conv2.weight,6.2558279640681755,-0.0010238999306087363,-0.004611148329776191,0.03549470931194629,1.747923483834724e-06,0.005302243736018141,5.269603422411911e-05,0.06485844403505325,0.00024409643083345145
reconstruction_w4_c1.0_test,quantized,1,3460,up_blocks.3.resnets.0.conv_shortcut.weight,0.7299459101894054,-0.002790782757689539,-0.007211513439565493,0.5301624130523072,-3.7142160570627063e-06,-0.004393511937777668,0.0011581496300896463,0.06485844403505325,0.00024409643083345145
reconstruction_w4_c1.0_test,quantized,1,3460,up_blocks.3.resnets.1.conv1.weight,4.1576543807821436,0.0004339573088916577,0.0013289109533500504,0.07854214215172844,2.113607954323998e-06,0.004128252740500649,0.00012314301216453005,0.06485844403505325,0.00024409643083345145
reconstruction_w4_c1.0_test,quantized,1,3460,up_blocks.3.resnets.1.conv2.weight,6.462438523681101,-9.556462175698099e-05,-0.00034155002655256015,0.043295862636064365,1.3127092113903416e-06,0.0037002860700609823,5.489550785378677e-05,0.06485844403505325,0.00024409643083345145
reconstruction_w4_c1.0_test,quantized,1,3460,up_blocks.3.resnets.2.conv1.weight,4.379206276067464,-0.0004153304707608996,-0.0010137726749460375,0.09355301981071043,2.117206340956673e-06,0.002017157240838157,0.000239677921613057,0.06485844403505325,0.00024409643083345145
reconstruction_w4_c1.0_test,quantized,1,3460,up_blocks.3.resnets.2.conv2.weight,6.282445612362599,-0.00023087673153789214,-0.0017922686706385138,0.020504458983157985,-1.5717384791885991e-09,-3.945504107769205e-06,6.340872902901158e-05,0.06485844403505325,0.00024409643083345145
reconstruction_w4_c1.0_test,quantized,1,3460,mid_block.attentions.0.to_q.weight,4.019116116103018,-4.8058948893981415e-05,-0.0013712740753030422,0.00872005951383159,3.270873996414122e-08,0.00014074279547013642,5.782386111374749e-05,0.06485844403505325,0.00024409643083345145
reconstruction_w4_c1.0_test,quantized,1,3460,mid_block.attentions.0.to_k.weight,4.107451418160339,7.253857087230544e-05,0.0015676029636809265,0.011265759707335862,3.401927037159651e-07,0.0014332011123664359,5.778903240140331e-05,0.06485844403505325,0.00024409643083345145
reconstruction_w4_c1.0_test,quantized,1,3460,mid_block.attentions.0.to_v.weight,2.743005163893045,0.000191320955505621,0.0010477012382990993,0.06657305068304362,3.0378453102599402e-06,0.00400485610351791,0.00027653627846759883,0.06485844403505325,0.00024409643083345145
reconstruction_w4_c1.0_test,quantized,1,3460,mid_block.attentions.0.to_out.0.weight,2.5783879075797493,0.00042315505590720295,0.00182885627162271,0.08973703224512226,3.7459030068336626e-06,0.004061749807973277,0.0003576803679506818,0.06485844403505325,0.00024409643083345145
reconstruction_w4_c1.0_test,quantized,1,3460,mid_block.resnets.0.conv1.weight,19.046447008587435,-0.0005926531218543752,-0.0006096812939340218,0.051036834901626436,1.482924958297083e-05,0.003613948528275818,0.00021543846152017386,0.06485844403505325,0.00024409643083345145
reconstruction_w4_c1.0_test,quantized,1,3460,mid_block.resnets.0.conv2.weight,12.642794163421902,0.0006127869195363013,0.0006065260535435043,0.07991291230940453,1.288439245467069e-05,0.002591688590940492,0.0003932222289821236,0.06485844403505325,0.00024409643083345145
reconstruction_w4_c1.0_test,quantized,1,3460,mid_block.resnets.1.conv1.weight,18.254196685359037,0.0008437281873352341,0.0015511422070682143,0.029798075578296716,6.727129471194461e-06,0.0026885803309387862,0.00013707051467899025,0.06485844403505325,0.00024409643083345145
reconstruction_w4_c1.0_test,quantized,1,3460,mid_block.resnets.1.conv2.weight,12.932635419921091,1.294646810535272e-06,1.7757938207629508e-06,0.05637307572233678,6.543538800381857e-06,0.0021778096211300356,0.0002323302368440238,0.06485844403505325,0.00024409643083345145
reconstruction_w4_c1.0_test,quantized,1,3460,conv_out.weight,0.14157546905725849,0.001429423169548083,0.014072415676327445,0.717470672001588,1.209382847454271e-05,0.023801681495081824,0.0035889561839987935,0.06485844403505325,0.00024409643083345145
reconstruction_w4_c1.0_test,quantized,2,3461,conv_in.weight,1.4903443287861013,4.603946497998847e-05,0.0003364763432253369,0.09180981521242239,8.510897130413394e-05,0.050978024383050886,0.0011202261885011674,0.058624546974897385,0.0003652447776403278
reconstruction_w4_c1.0_test,quantized,2,3461,up_blocks.0.resnets.0.conv1.weight,19.275790257528875,-0.00042648050736068734,-0.0007909537833266573,0.027972796533527706,1.8536199194207898e-05,0.005046683145439776,0.00019054714991926917,0.058624546974897385,0.0003652447776403278
reconstruction_w4_c1.0_test,quantized,2,3461,up_blocks.0.resnets.0.conv2.weight,14.144457629828258,0.00017977242174451558,0.0003182528516819247,0.03993599102335599,1.5174876038017362e-05,0.003329268465507475,0.00032224785543098327,0.058624546974897385,0.0003652447776403278
reconstruction_w4_c1.0_test,quantized,2,3461,up_blocks.0.resnets.1.conv1.weight,19.521919037655152,-0.0009481992787603535,-0.0014179881868510596,0.03425346423347298,2.479999348290312e-05,0.00671408815969115,0.00018920909999035093,0.058624546974897385,0.0003652447776403278
reconstruction_w4_c1.0_test,quantized,2,3461,up_blocks.0.resnets.1.conv2.weight,13.24414456198035,-0.0007308453694280809,-0.0011904928350479833,0.04635267489108702,1.4401643808472264e-05,0.002841781180362362,0.0003826463007446816,0.058624546974897385,0.0003652447776403278
reconstruction_w4_c1.0_test,quantized,2,3461,up_blocks.0.resnets.2.conv1.weight,20.35646321907997,-0.0007566949254264654,-0.0010579531952970467,0.03513597764040411,3.0079757617337245e-05,0.007517906566255144,0.00019655092119332372,0.058624546974897385,0.0003652447776403278
reconstruction_w4_c1.0_test,quantized,2,3461,up_blocks.0.resnets.2.conv2.weight,13.16482621448368,2.7076309887077353e-05,4.349496523890229e-05,0.0472863026311304,1.0811415229614044e-05,0.001992904360194447,0.00041207945228666335,0.058624546974897385,0.0003652447776403278
reconstruction_w4_c1.0_test,quantized,2,3461,up_blocks.0.upsamplers.0.conv.weight,8.11936343772269,-0.0012970908414379348,-0.0008916812399026359,0.17915906265346418,3.7053731620729046e-05,0.0034415625005871837,0.001326032929146752,0.058624546974897385,0.0003652447776403278
reconstruction_w4_c1.0_test,quantized,2,3461,up_blocks.1.resnets.0.conv1.weight,18.956282199369898,-8.959806976827816e-06,-1.1935312210160167e-05,0.03960150621408012,2.668164470915068e-05,0.007367234642205843,0.0001910534697484853,0.058624546974897385,0.0003652447776403278
reconstruction_w4_c1.0_test,quantized,2,3461,up_blocks.1.resnets.0.conv2.weight,18.813635690695175,-0.0004451774545778415,-0.0005989822065996051,0.03950449464305326,2.6581408144662526e-05,0.00575011951184635,0.0002457131403994424,0.058624546974897385,0.0003652447776403278
reconstruction_w4_c1.0_test,quantized,2,3461,up_blocks.1.resnets.1.conv1.weight,19.557829860502082,0.0003789557924004193,0.0004730059962332068,0.04096389456876705,2.6560239286928206e-05,0.007868624781633596,0.0001725887499989732,0.058624546974897385,0.0003652447776403278
reconstruction_w4_c1.0_test,quantized,2,3461,up_blocks.1.resnets.1.conv2.weight,18.35557854078422,-0.0006019971172874694,-0.0008129144318382749,0.04034423645110939,2.1138307525233146e-05,0.004568227306800761,0.00025208930966235673,0.058624546974897385,0.0003652447776403278
reconstruction_w4_c1.0_test,quantized,2,3461,up_blocks.1.resnets.2.conv1.weight,19.06479754164815,6.019940861251208e-05,6.699969013621424e-05,0.04712889237191393,3.4995866689467196e-05,0.010678116798964798,0.00017190554633009325,0.058624546974897385,0.0003652447776403278
reconstruction_w4_c1.0_test,quantized,2,3461,up_blocks.1.resnets.2.conv2.weight,16.8979251228018,-0.0007153025466847117,-0.001084657448290287,0.03902687586499869,1.0782979310459499e-05,0.0024837068042478263,0.0002569242299120535,0.058624546974897385,0.0003652447776403278
reconstruction_w4_c1.0_test,quantized,2,3461,up_blocks.1.upsamplers.0.conv.weight,8.91199980133085,-0.0014668430258115575,-0.0010022238251903685,0.1642266936708234,3.097998263896979e-05,0.003059243922609105,0.0011362970938483383,0.058624546974897385,0.0003652447776403278
reconstruction_w4_c1.0_test,quantized,2,3461,up_blocks.2.resnets.0.conv1.weight,12.437663624864566,0.0003529510057321666,0.0005836555067308774,0.04862045616598008,1.8379103883415865e-05,0.008121749665142642,0.00018194324078297762,0.058624546974897385,0.0003652447776403278
reconstruction_w4_c1.0_test,quantized,2,3461,up_blocks.2.resnets.0.conv2.weight,10.316819076795401,-0.0003629599810680488,-0.0009571335585668329,0.03675702769906168,1.5521288014517227e-05,0.00742003706835989,0.0002027570054322182,0.058624546974897385,0.0003652447776403278
reconstruction_w4_c1.0_test,quantized,2,3461,up_blocks.2.resnets.0.conv_shortcut.weight,0.9168646610703347,-0.00030664852447440664,-0.0008182141494485326,0.4087602535239354,1.0058050435818115e-05,0.004060951961897581,0.0027013491655482206,0.058624546974897385,0.0003652447776403278
reconstruction_w4_c1.0_test,quantized,2,3461,up_blocks.2.resnets.1.conv1.weight,8.215778919195287,-0.0012205581765250815,-0.0030032480990688252,0.049467336767285854,8.778646573590505e-06,0.008005720174374497,0.00013346838779915572,0.058624546974897385,0.0003652447776403278
reconstruction_w4_c1.0_test,quantized,2,3461,up_blocks.2.resnets.1.conv2.weight,11.081934293177545,0.0007603116119993509,0.0016174611867095646,0.04241721833042028,7.995822487487094e-06,0.0033212743165581316,0.00021724151659919258,0.058624546974897385,0.0003652447776403278
reconstruction_w4_c1.0_test,quantized,2,3461,up_blocks.2.resnets.2.conv1.weight,8.697141378725544,-0.00026760044221221937,-0.0006173152508563303,0.04984289857527938,8.710191879577432e-06,0.007637537081703828,0.0001311287316712338,0.058624546974897385,0.0003652447776403278
reconstruction_w4_c1.0_test,quantized,2,3461,up_blocks.2.resnets.2.conv2.weight,10.427966789223133,-0.0004392876961337222,-0.0012057623016489254,0.03493716802842225,4.0399983309147595e-07,0.00018215024221695264,0.00021269231253991723,0.058624546974897385,0.0003652447776403278
reconstruction_w4_c1.0_test,quantized,2,3461,up_blocks.2.upsamplers.0.conv.weight,4.885091585247811,-0.0002649346581461859,-0.0002865399195352814,0.18926962888947335,-1.884016073669823e-07,-2.6434425082067217e-05,0.0014589554276020612,0.058624546974897385,0.0003652447776403278
reconstruction_w4_c1.0_test,quantized,2,3461,up_blocks.3.resnets.0.conv1.weight,5.849623840470892,-0.00029462840051937956,-0.0010938194303430273,0.046046967527601824,5.704895981930119e-06,0.00488175587123962,0.00019977619322915585,0.058624546974897385,0.0003652447776403278
reconstruction_w4_c1.0_test,quantized,2,3461,up_blocks.3.resnets.0.conv2.weight,6.2558279640681755,-0.001168685147319162,-0.007130276032366961,0.026200307274419965,6.193438437523891e-06,0.007268531607627456,0.0001362072876318921,0.058624546974897385,0.0003652447776403278
reconstruction_w4_c1.0_test,quantized,2,3461,up_blocks.3.resnets.0.conv_shortcut.weight,0.7299459101894054,-0.0009243304929322711,-0.0036018830074987687,0.35156610566239055,1.2828891305324538e-05,0.00748421488398549,0.002348292535477141,0.058624546974897385,0.0003652447776403278
reconstruction_w4_c1.0_test,quantized,2,3461,up_blocks.3.resnets.1.conv1.weight,4.1576543807821436,-0.0008223675300618463,-0.003574879189455812,0.05532943055713746,1.3749953578414349e-06,0.0013953277688181563,0.00023701542469124442,0.058624546974897385,0.0003652447776403278
reconstruction_w4_c1.0_test,quantized,2,3461,up_blocks.3.resnets.1.conv2.weight,6.462438523681101,-9.100596052678058e-05,-0.00046580859290941027,0.030231933056481853,1.691811010037666e-06,0.002005543599809043,0.00013053390019131592,0.058624546974897385,0.0003652447776403278
reconstruction_w4_c1.0_test,quantized,2,3461,up_blocks.3.resnets.2.conv1.weight,4.379206276067464,-0.00022921769791714558,-0.0008052616350975123,0.06500035603037746,3.644331158037289e-06,0.0022207318869811267,0.00037473676483411555,0.058624546974897385,0.0003652447776403278
reconstruction_w4_c1.0_test,quantized,2,3461,up_blocks.3.resnets.2.conv2.weight,6.282445612362599,-0.0001453787874008187,-0.0015680540110077198,0.014757448857553566,1.9212417585911345e-06,0.0023949265180315355,0.00012769123494971393,0.058624546974897385,0.0003652447776403278
reconstruction_w4_c1.0_test,quantized,2,3461,mid_block.attentions.0.to_q.weight,4.019116116103018,6.57504254380762e-05,0.0020300210210437504,0.008058746203538482,-7.459006981304107e-07,-0.001555674146288228,0.00011929763271800442,0.058624546974897385,0.0003652447776403278
reconstruction_w4_c1.0_test,quantized,2,3461,mid_block.attentions.0.to_k.weight,4.107451418160339,-0.0001164953572769963,-0.0037645604812302624,0.0075339355965680374,8.022029723521894e-07,0.002118687025313323,9.218176608271716e-05,0.058624546974897385,0.0003652447776403278
reconstruction_w4_c1.0_test,quantized,2,3461,mid_block.attentions.0.to_v.weight,2.743005163893045,-2.7229142860113475e-05,-0.0001976520735440765,0.05022338386041441,8.117080964072464e-07,0.0005608404012585755,0.0005276354435903926,0.058624546974897385,0.0003652447776403278
reconstruction_w4_c1.0_test,quantized,2,3461,mid_block.attentions.0.to_out.0.weight,2.5783879075797493,-0.0003382707593832867,-0.0018267666949493592,0.07181796873310503,2.308577627806165e-06,0.0011448739905971313,0.0007820572344050815,0.058624546974897385,0.0003652447776403278
reconstruction_w4_c1.0_test,quantized,2,3461,mid_block.resnets.0.conv1.weight,19.046447008587435,-0.00025096694418382036,-0.00041778853566999923,0.03153886290872446,1.2532275782443226e-05,0.001966724002633246,0.00033455887295856046,0.058624546974897385,0.0003652447776403278
reconstruction_w4_c1.0_test,quantized,2,3461,mid_block.resnets.0.conv2.weight,12.642794163421902,-0.0005500461612711867,-0.0007114223252358537,0.061154522728282854,1.6195684896877625e-05,0.002043820581449984,0.0006267776230201595,0.058624546974897385,0.0003652447776403278
reconstruction_w4_c1.0_test,quantized,2,3461,mid_block.resnets.1.conv1.weight,18.254196685359037,0.00013352646751375663,0.00030152196202137073,0.02425971439334306,1.3738733193505349e-05,0.0038782444811025604,0.00019406569896911161,0.058624546974897385,0.0003652447776403278
reconstruction_w4_c1.0_test,quantized,2,3461,mid_block.resnets.1.conv2.weight,12.932635419921091,0.0002625258824083216,0.0004909150005482217,0.041350311878219255,8.078236721634143e-06,0.001597316338986284,0.00039105568751733675,0.058624546974897385,0.0003652447776403278
reconstruction_w4_c1.0_test,quantized,2,3461,conv_out.weight,0.14157546905725849,0.001697686341451385,0.018590498246484125,0.6450277751272344,2.2223684899644252e-05,0.03225702872819703,0.004866354026369636,0.058624546974897385,0.0003652447776403278
reconstruction_w4_c1.0_test,quantized,3,3462,conv_in.weight,1.4903443287861013,4.460989521865344e-06,0.00026810313739886356,0.011164587651550758,1.0390096242834295e-05,0.02532870270467723,0.00027524535880977787,0.002030450152233243,5.08111079398077e-05
reconstruction_w4_c1.0_test,quantized,3,3462,up_blocks.0.resnets.0.conv1.weight,19.275790257528875,-6.579890046176174e-05,-0.0014285610639995078,0.0023895033033268834,1.5563175814806378e-06,0.0022712021969062473,3.554923275767237e-05,0.002030450152233243,5.08111079398077e-05
reconstruction_w4_c1.0_test,quantized,3,3462,up_blocks.0.resnets.0.conv2.weight,14.144457629828258,8.397188069597787e-05,0.001173249256380455,0.00506007895472908,5.369204687168855e-07,0.0003187415914601236,0.00011909264060958382,0.002030450152233243,5.08111079398077e-05
reconstruction_w4_c1.0_test,quantized,3,3462,up_blocks.0.resnets.1.conv1.weight,19.521919037655152,2.2502162647008413e-05,0.0004856350763213502,0.0023735134924667803,2.1007825060188246e-06,0.0034633030832628693,3.107191966585472e-05,0.002030450152233243,5.08111079398077e-05
reconstruction_w4_c1.0_test,quantized,3,3462,up_blocks.0.resnets.1.conv2.weight,13.24414456198035,-5.366201573081793e-05,-0.0007229420336720844,0.005604535098512815,1.5106993932854427e-06,0.00082219674885905,0.00013873255579950763,0.002030450152233243,5.08111079398077e-05
reconstruction_w4_c1.0_test,quantized,3,3462,up_blocks.0.resnets.2.conv1.weight,20.35646321907997,-0.00010823329045291827,-0.0018319222586855336,0.002902361452942067,2.936776337436796e-06,0.004191612143120257,3.4418144815846355e-05,0.002030450152233243,5.08111079398077e-05
reconstruction_w4_c1.0_test,quantized,3,3462,up_blocks.0.resnets.2.conv2.weight,13.16482621448368,5.339290603493198e-07,6.638086086079703e-06,0.00610977965893891,1.418541017961764e-06,0.0006996826520307979,0.0001540017519967626,0.002030450152233243,5.08111079398077e-05
reconstruction_w4_c1.0_test,quantized,3,3462,up_blocks.0.upsamplers.0.conv.weight,8.11936343772269,-0.000141005453883171,-0.0009599973479760678,0.01809022197584548,7.3922852601115016e-06,0.002264195071394729,0.00040210816810885586,0.002030450152233243,5.08111079398077e-05
reconstruction_w4_c1.0_test,quantized,3,3462,up_blocks.1.resnets.0.conv1.weight,18.956282199369898,-5.652505879739896e-05,-0.0009410398063852365,0.0031686907988443588,3.1065352742671356e-06,0.004981580278180839,3.289697695628788e-05,0.002030450152233243,5.08111079398077e-05
reconstruction_w4_c1.0_test,quantized,3,3462,up_blocks.1.resnets.0.conv2.weight,18.813635690695175,2.5558699704893636e-05,0.00034663843837107444,0.003919126717860933,2.762112250488356e-06,0.0018659815556691403,7.867943768054599e-05,0.002030450152233243,5.08111079398077e-05
reconstruction_w4_c1.0_test,quantized,3,3462,up_blocks.1.resnets.1.conv1.weight,19.557829860502082,2.540365024144241e-05,0.00042860207235539944,0.0030305481906041363,3.1247214128341785e-06,0.005239199930708737,3.0494791483054948e-05,0.002030450152233243,5.08111079398077e-05
reconstruction_w4_c1.0_test,quantized,3,3462,up_blocks.1.resnets.1.conv2.weight,18.35557854078422,8.118368670108789e-05,0.0010267925430686518,0.004307427596743359,2.364156046876712e-06,0.0015315602989117631,8.409573321949399e-05,0.002030450152233243,5.08111079398077e-05
reconstruction_w4_c1.0_test,quantized,3,3462,up_blocks.1.resnets.2.conv1.weight,19.06479754164815,1.555197997544039e-05,0.00022038286015546585,0.003701482288609446,4.375907887807002e-06,0.005940905600928207,3.863521401484451e-05,0.002030450152233243,5.08111079398077e-05
reconstruction_w4_c1.0_test,quantized,3,3462,up_blocks.1.resnets.2.conv2.weight,16.8979251228018,2.407107647071774e-05,0.00033390238126711474,0.004266213787581949,1.7880912519875794e-06,0.001086552865119538,9.738799746559327e-05,0.002030450152233243,5.08111079398077e-05
reconstruction_w4_c1.0_test,quantized,3,3462,up_blocks.1.upsamplers.0.conv.weight,8.91199980133085,-9.264316258167534e-05,-0.0006427983164702292,0.01617199034779616,4.809336115721892e-06,0.001374729748295364,0.0003925478756237583,0.002030450152233243,5.08111079398077e-05
reconstruction_w4_c1.0_test,quantized,3,3462,up_blocks.2.resnets.0.conv1.weight,12.437663624864566,-5.102103570631273e-05,-0.00102303757839129,0.004009764592697977,2.1865189390505894e-06,0.00366100932766843,4.8019054096256536e-05,0.002030450152233243,5.08111079398077e-05
reconstruction_w4_c1.0_test,quantized,3,3462,up_blocks.2.resnets.0.conv2.weight,10.316819076795401,-5.484524854919907e-05,-0.0014778002929254387,0.0035973065308736872,2.0339956514182733e-06,0.0026097017505050733,7.554632257428748e-05,0.002030450152233243,5.08111079398077e-05
reconstruction_w4_c1.0_test,quantized,3,3462,up_blocks.2.resnets.0.conv_shortcut.weight,0.9168646610703347,-6.461470030436626e-05,-0.0019149207524690696,0.036802328254410946,7.445078311833174e-06,0.00813384792835057,0.0009983158993965133,0.002030450152233243,5.08111079398077e-05
reconstruction_w4_c1.0_test,quantized,3,3462,up_blocks.2.resnets.1.conv1.weight,8.215778919195287,-8.656164095605207e-05,-0.002480438895764927,0.004247644907983626,1.3025278255793513e-06,0.0043835562230278855,3.6166933236879294e-05,0.002030450152233243,5.08111079398077e-05
reconstruction_w4_c1.0_test,quantized,3,3462,up_blocks.2.resnets.1.conv2.weight,11.081934293177545,4.1442018286426614e-05,0.0008499198259816455,0.004399946209034367,1.9665182639622815e-06,0.002420837635527455,7.330215641084489e-05,0.002030450152233243,5.08111079398077e-05
reconstruction_w4_c1.0_test,quantized,3,3462,up_blocks.2.resnets.2.conv1.weight,8.697141378725544,-2.5390519612345954e-05,-0.0006654334798286715,0.004387230083877606,1.1823402966931319e-06,0.0029787266198850956,4.5638915408408844e-05,0.002030450152233243,5.08111079398077e-05
reconstruction_w4_c1.0_test,quantized,3,3462,up_blocks.2.resnets.2.conv2.weight,10.427966789223133,4.67577892486517e-06,0.00012103248978713383,0.0037046941743283245,5.575397115827838e-07,0.0007325420520714702,7.29866794935316e-05,0.002030450152233243,5.08111079398077e-05
reconstruction_w4_c1.0_test,quantized,3,3462,up_blocks.2.upsamplers.0.conv.weight,4.885091585247811,-2.5441725777032714e-05,-0.0002753757702782915,0.0189124647715588,-5.453280534105317e-07,-0.00020545963339663596,0.0005433236638395711,0.002030450152233243,5.08111079398077e-05
reconstruction_w4_c1.0_test,quantized,3,3462,up_blocks.3.resnets.0.conv1.weight,5.849623840470892,-2.120309374579878e-05,-0.000766965130718796,0.004726021294568044,-6.209776884030008e-07,-0.0015173061268238446,6.996403447999364e-05,0.002030450152233243,5.08111079398077e-05
reconstruction_w4_c1.0_test,quantized,3,3462,up_blocks.3.resnets.0.conv2.weight,6.2558279640681755,-1.2108369103787763e-05,-0.0007482488253556346,0.002586752100631059,3.7740047904089827e-07,0.0008825734373022118,6.835445069574025e-05,0.002030450152233243,5.08111079398077e-05
reconstruction_w4_c1.0_test,quantized,3,3462,up_blocks.3.resnets.0.conv_shortcut.weight,0.7299459101894054,-0.00012136524448902602,-0.004718479384795497,0.03523721640065105,-2.765286864042319e-06,-0.003390937599543616,0.0011171968772393601,0.002030450152233243,5.08111079398077e-05
reconstruction_w4_c1.0_test,quantized,3,3462,up_blocks.3.resnets.1.conv1.weight,4.1576543807821436,-3.757957893586476e-05,-0.0016297708998276406,0.005545962981081468,1.307484819122328e-06,0.0026681572118503914,0.00011786282750394468,0.002030450152233243,5.08111079398077e-05
reconstruction_w4_c1.0_test,quantized,3,3462,up_blocks.3.resnets.1.conv2.weight,6.462438523681101,1.6919456307905237e-05,0.0007135505772777786,0.0036691478878493025,-5.39047745291361e-07,-0.0014783842915771998,5.642134953075162e-05,0.002030450152233243,5.08111079398077e-05
reconstruction_w4_c1.0_test,quantized,3,3462,up_blocks.3.resnets.2.conv1.weight,4.379206276067464,-5.794746406582549e-05,-0.001527482349277925,0.008662890639319111,-8.059907881582324e-07,-0.0011839643046967655,0.00015545191149461834,0.002030450152233243,5.08111079398077e-05
reconstruction_w4_c1.0_test,quantized,3,3462,up_blocks.3.resnets.2.conv2.weight,6.282445612362599,9.703833339828565e-06,0.0009590377639448549,0.0016105673208642983,-1.997399713895731e-06,-0.005376875267581244,5.9129782826947616e-05,0.002030450152233243,5.08111079398077e-05
reconstruction_w4_c1.0_test,quantized,3,3462,mid_block.attentions.0.to_q.weight,4.019116116103018,1.0306607195922015e-06,0.0004898140688311175,0.0005235448789615826,-7.41139296972091e-08,-0.0016603060643713627,1.1106600057765207e-05,0.002030450152233243,5.08111079398077e-05
reconstruction_w4_c1.0_test,quantized,3,3462,mid_block.attentions.0.to_k.weight,4.107451418160339,3.0018256216640415e-06,0.0013689936462358066,0.0005338405904989649,-3.199121058019833e-08,-0.0010443841847243617,7.457580543157673e-06,0.002030450152233243,5.08111079398077e-05
reconstruction_w4_c1.0_test,quantized,3,3462,mid_block.attentions.0.to_v.weight,2.743005163893045,7.82856984881594e-06,0.0005691670960370509,0.00501436588826509,5.349575589219516e-08,0.0002200302404118846,8.863603697396885e-05,0.002030450152233243,5.08111079398077e-05
reconstruction_w4_c1.0_test,quantized,3,3462,mid_block.attentions.0.to_out.0.weight,2.5783879075797493,-4.721456245412708e-05,-0.002775866162443431,0.006596737316751564,7.77961658085022e-07,0.0015970665426387337,0.0001889239103092291,0.002030450152233243,5.08111079398077e-05
reconstruction_w4_c1.0_test,quantized,3,3462,mid_block.resnets.0.conv1.weight,19.046447008587435,-6.759702915392e-05,-0.0010467232205252947,0.0033906407559034556,1.1290037520650434e-06,0.0013392366505194419,4.426129194967888e-05,0.002030450152233243,5.08111079398077e-05
reconstruction_w4_c1.0_test,quantized,3,3462,mid_block.resnets.0.conv2.weight,12.642794163421902,1.7172650673774434e-05,0.00018996104371772987,0.0071503898563668525,2.4289521130375886e-06,0.0011197302873437258,0.0001715783392894045,0.002030450152233243,5.08111079398077e-05
reconstruction_w4_c1.0_test,quantized,3,3462,mid_block.resnets.1.conv1.weight,18.254196685359037,-2.2570500474718802e-05,-0.0005036382503578566,0.002455046695929838,9.371543022256428e-07,0.0013847856015737315,3.707369206235283e-05,0.002030450152233243,5.08111079398077e-05
reconstruction_w4_c1.0_test,quantized,3,3462,mid_block.resnets.1.conv2.weight,12.932635419921091,-2.0511799257624755e-05,-0.00031736740225328785,0.004997518446643724,1.1377290511227761e-06,0.0007689562152740168,0.00011440636875977189,0.002030450152233243,5.08111079398077e-05
reconstruction_w4_c1.0_test,quantized,3,3462,conv_out.weight,0.14157546905725849,0.00010842648789154659,0.013494667252695249,0.056752526611870954,7.531218583862096e-06,0.018746346690828888,0.002837661571885733,0.002030450152233243,5.08111079398077e-05
natural_residual_w4_c1.0_test,quantized,0,3459,conv_in.weight,1.4813830440831341,-1.5003222306179789e-05,-0.0015383479728577547,0.006583587187486412,6.577917251410357e-05,0.02647577396572222,0.0016771517966550843,0.0027459634002298117,0.0019987383857369423
natural_residual_w4_c1.0_test,quantized,0,3459,up_blocks.0.resnets.0.conv1.weight,19.348081912108178,-2.299040431065957e-05,-0.0005508912712764984,0.0021569635213807012,3.52435134787497e-05,0.002752407772074162,0.0006618026540701666,0.0027459634002298117,0.0019987383857369423
natural_residual_w4_c1.0_test,quantized,0,3459,up_blocks.0.resnets.0.conv2.weight,14.203033357988335,-2.5413165905321933e-05,-0.0005735966866414272,0.0031193997330145238,2.8848995941306827e-05,0.0019045851387253403,0.001066471377894343,0.0027459634002298117,0.0019987383857369423
natural_residual_w4_c1.0_test,quantized,0,3459,up_blocks.0.resnets.1.conv1.weight,19.597001236906795,2.2765082717868308e-05,0.0004947785333544178,0.0023478414398647126,3.2604236588697765e-05,0.002261368971660368,0.0007357207195877154,0.0027459634002298117,0.0019987383857369423
natural_residual_w4_c1.0_test,quantized,0,3459,up_blocks.0.resnets.1.conv2.weight,13.29983802013983,2.9608496611781495e-05,0.0006601753739854302,0.003372179505028945,4.4480233372778914e-05,0.0026557224587365866,0.0012593255630116507,0.0027459634002298117,0.0019987383857369423
natural_residual_w4_c1.0_test,quantized,0,3459,up_blocks.0.resnets.2.conv1.weight,20.418280849411993,-0.00010194774231534915,-0.002170588141523641,0.0023002816416354374,9.919787571233436e-05,0.00649569735961088,0.0007479239084776068,0.0027459634002298117,0.0019987383857369423
natural_residual_w4_c1.0_test,quantized,0,3459,up_blocks.0.resnets.2.conv2.weight,13.215490468940834,1.2335064426629213e-05,0.0002725513316402322,0.0034245998087948943,3.942134631128345e-05,0.002430302503130894,0.0012274048417951263,0.0027459634002298117,0.0019987383857369423
natural_residual_w4_c1.0_test,quantized,0,3459,up_blocks.0.upsamplers.0.conv.weight,8.166420656462929,-0.00025405997226394714,-0.002847705207450102,0.010924698748804326,0.00016104713536346354,0.005685963735835643,0.003468304119864937,0.0027459634002298117,0.0019987383857369423
natural_residual_w4_c1.0_test,quantized,0,3459,up_blocks.1.resnets.0.conv1.weight,19.042941623281372,-0.00014509139758820463,-0.0025570198514265215,0.0029797067741823293,0.00012323162575594382,0.006692318336703575,0.0009669667725804295,0.0027459634002298117,0.0019987383857369423
natural_residual_w4_c1.0_test,quantized,0,3459,up_blocks.1.resnets.0.conv2.weight,18.91535036168178,-0.0004615423748139212,-0.0078026001975083,0.0031272156870533136,0.00010978237568756954,0.005876187293479899,0.0009876944307793155,0.0027459634002298117,0.0019987383857369423
natural_residual_w4_c1.0_test,quantized,0,3459,up_blocks.1.resnets.1.conv1.weight,19.659366198721653,-0.00020642600074411325,-0.0036427406466617456,0.0028824822028438654,0.0001165794707791292,0.0063780166701327716,0.0009297515627884472,0.0027459634002298117,0.0019987383857369423
natural_residual_w4_c1.0_test,quantized,0,3459,up_blocks.1.resnets.1.conv2.weight,18.470465100523718,-0.000505731773706381,-0.008898395110182668,0.0030770228616820105,0.00012704722832396665,0.007181573608337867,0.0009577843737341847,0.0027459634002298117,0.0019987383857369423
natural_residual_w4_c1.0_test,quantized,0,3459,up_blocks.1.resnets.2.conv1.weight,19.16823807337141,-0.0005545923218999616,-0.008308219681497237,0.0034824403521888747,0.00011605010409365645,0.006479034710609531,0.0009344434688633249,0.0027459634002298117,0.0019987383857369423
natural_residual_w4_c1.0_test,quantized,0,3459,up_blocks.1.resnets.2.conv2.weight,16.998683031705205,-0.0006293127340063463,-0.01236453498979237,0.00299414932616925,0.00012592794387691084,0.008465464195203,0.0008750967266099086,0.0027459634002298117,0.0019987383857369423
natural_residual_w4_c1.0_test,quantized,0,3459,up_blocks.1.upsamplers.0.conv.weight,8.97614491635541,-0.0008002331512711835,-0.009720697797524493,0.0091712649855238,0.00014941316849111544,0.007215062663202414,0.002307060124194856,0.0027459634002298117,0.0019987383857369423
natural_residual_w4_c1.0_test,quantized,0,3459,up_blocks.2.resnets.0.conv1.weight,12.53966820810258,-0.0009622931529622983,-0.02242869787329823,0.0034215058696974543,0.00012638641634882296,0.011969700214091925,0.0008420368167723539,0.0027459634002298117,0.0019987383857369423
natural_residual_w4_c1.0_test,quantized,0,3459,up_blocks.2.resnets.0.conv2.weight,10.416321873356559,-0.0008552045214872129,-0.029854324577723447,0.0027500991171251804,8.525089155247994e-05,0.013559331403957162,0.0006035958742140264,0.0027459634002298117,0.0019987383857369423
natural_residual_w4_c1.0_test,quantized,0,3459,up_blocks.2.resnets.0.conv_shortcut.weight,0.9272729440130995,-0.0006011689327885834,-0.024447092738913483,0.026519279519530033,9.87836540900902e-05,0.01895742774566213,0.005619505356656804,0.0027459634002298117,0.0019987383857369423
natural_residual_w4_c1.0_test,quantized,0,3459,up_blocks.2.resnets.1.conv1.weight,8.302059282126667,-0.0008648106081440331,-0.02898922835950024,0.003593341743921368,9.651729066342018e-05,0.013474069322894064,0.0008628206184469188,0.0027459634002298117,0.0019987383857369423
natural_residual_w4_c1.0_test,quantized,0,3459,up_blocks.2.resnets.1.conv2.weight,11.215304383960001,-0.0008273428907935223,-0.027256525655172323,0.002706474741663714,6.79067932842824e-05,0.011729910869167203,0.0005161874550126221,0.0027459634002298117,0.0019987383857369423
natural_residual_w4_c1.0_test,quantized,0,3459,up_blocks.2.resnets.2.conv1.weight,8.795626270996195,-0.000977544991173651,-0.02921303319952178,0.003804462737112359,7.177701390441102e-05,0.01087093317150749,0.0007506747240031748,0.0027459634002298117,0.0019987383857369423
natural_residual_w4_c1.0_test,quantized,0,3459,up_blocks.2.resnets.2.conv2.weight,10.522148589409273,-0.0006226424073828524,-0.025140098533792978,0.002353787708592461,5.596949870167815e-05,0.009913641962114332,0.0005365543950876299,0.0027459634002298117,0.0019987383857369423
natural_residual_w4_c1.0_test,quantized,0,3459,up_blocks.2.upsamplers.0.conv.weight,4.941563943206368,-0.0009089154328375488,-0.01810267618392885,0.0101605279569764,4.753552263015041e-05,0.004378528970018365,0.0021969775859096313,0.0027459634002298117,0.0019987383857369423
natural_residual_w4_c1.0_test,quantized,0,3459,up_blocks.3.resnets.0.conv1.weight,5.908919734571836,-0.0006262198375912686,-0.0334033051354972,0.0031727020540261654,2.5867257395510892e-05,0.008185723859186042,0.0005347923719822198,0.0027459634002298117,0.0019987383857369423
natural_residual_w4_c1.0_test,quantized,0,3459,up_blocks.3.resnets.0.conv2.weight,6.315717141144202,-0.00036956822080976367,-0.036785536559099594,0.0015907240705901272,1.4870403153925703e-05,0.006938940165203969,0.0003393180238869202,0.0027459634002298117,0.0019987383857369423
natural_residual_w4_c1.0_test,quantized,0,3459,up_blocks.3.resnets.0.conv_shortcut.weight,0.7368506505360127,-0.0005094577707751264,-0.03365032851313697,0.020546573745688662,1.653383434425294e-05,0.005760718477763773,0.0038950896568092086,0.0027459634002298117,0.0019987383857369423
natural_residual_w4_c1.0_test,quantized,0,3459,up_blocks.3.resnets.1.conv1.weight,4.203159450761422,-0.00030703722222852906,-0.022719788012649785,0.003215221429624701,1.817987170389525e-05,0.007319608140037856,0.0005909178607735268,0.0027459634002298117,0.0019987383857369423
natural_residual_w4_c1.0_test,quantized,0,3459,up_blocks.3.resnets.1.conv2.weight,6.5267807807908715,-0.0002878966838109153,-0.026476158966269942,0.001666029382315837,9.940011814541702e-06,0.003773873374305815,0.00040355297241088055,0.0027459634002298117,0.0019987383857369423
natural_residual_w4_c1.0_test,quantized,0,3459,up_blocks.3.resnets.2.conv1.weight,4.429380350708079,-0.0004182348698007022,-0.025379333276633952,0.0037204635595636587,2.5373376824392886e-07,6.490795532378158e-05,0.0008825460306440654,0.0027459634002298117,0.0019987383857369423
natural_residual_w4_c1.0_test,quantized,0,3459,up_blocks.3.resnets.2.conv2.weight,6.332155536874542,-0.00017976774052915953,-0.025351303133943646,0.0011198501117619037,6.833487835348134e-06,0.005046628398893168,0.0002138402849527767,0.0027459634002298117,0.0019987383857369423
natural_residual_w4_c1.0_test,quantized,0,3459,mid_block.attentions.0.to_q.weight,4.036876014805692,2.586716170939964e-06,0.0010463196303012732,0.0006124053748976972,2.0661884950044182e-06,0.003332332437482695,0.0001535946919561908,0.0027459634002298117,0.0019987383857369423
natural_residual_w4_c1.0_test,quantized,0,3459,mid_block.attentions.0.to_k.weight,4.126450460887968,-7.055772499241142e-06,-0.0027060521288350178,0.0006318758761768142,3.0465129075039836e-06,0.004567097065958849,0.00016165388445271394,0.0027459634002298117,0.0019987383857369423
natural_residual_w4_c1.0_test,quantized,0,3459,mid_block.attentions.0.to_v.weight,2.7586139262095246,-7.526576055724795e-06,-0.0009051223897713537,0.003014388485316665,1.646347256920339e-05,0.005990635397585223,0.0009962254489461453,0.0027459634002298117,0.0019987383857369423
natural_residual_w4_c1.0_test,quantized,0,3459,mid_block.attentions.0.to_out.0.weight,2.592650506064229,8.182960038146847e-06,0.001183348019284402,0.002667190066682536,9.08033391800519e-06,0.003175048401691894,0.0011030812235774776,0.0027459634002298117,0.0019987383857369423
natural_residual_w4_c1.0_test,quantized,0,3459,mid_block.resnets.0.conv1.weight,19.11177783372495,-1.4718896872876344e-05,-0.0003217703016747734,0.0023934712572338808,4.711873212074605e-05,0.003349274860559826,0.0007361083055039243,0.0027459634002298117,0.0019987383857369423
natural_residual_w4_c1.0_test,quantized,0,3459,mid_block.resnets.0.conv2.weight,12.696262398160702,-7.25611069730824e-05,-0.0012573202743475331,0.004545504493199669,6.415272900951033e-05,0.003257607490488453,0.0015511024762767012,0.0027459634002298117,0.0019987383857369423
natural_residual_w4_c1.0_test,quantized,0,3459,mid_block.resnets.1.conv1.weight,18.31351162288292,2.0417225091373418e-05,0.0006206102675983367,0.0017964127627162923,3.108504046981158e-05,0.002783049381131323,0.0006099003693655229,0.0027459634002298117,0.0019987383857369423
natural_residual_w4_c1.0_test,quantized,0,3459,mid_block.resnets.1.conv2.weight,12.981386086884374,6.694225850605731e-05,0.0017836222621372207,0.0028911885116093628,3.875122810624425e-05,0.0028353466225046107,0.0010528299838588574,0.0027459634002298117,0.0019987383857369423
natural_residual_w4_c1.0_test,quantized,0,3459,conv_out.weight,0.14370084526251442,-0.0002932794258695722,-0.04590849559487187,0.0444558801966672,2.9030352844567703e-05,0.02258716926852087,0.008943987534179064,0.0027459634002298117,0.0019987383857369423
natural_residual_w4_c1.0_test,quantized,1,3460,conv_in.weight,1.4813830440831341,5.602349631573364e-05,0.004469419292976439,0.008461585361561162,3.859253168760426e-05,0.024441041735864543,0.0010658993254691715,0.002329244278371334,0.0013197117950767279
natural_residual_w4_c1.0_test,quantized,1,3460,up_blocks.0.resnets.0.conv1.weight,19.348081912108178,-2.755711028712521e-05,-0.0006944217690698884,0.0020510319711227265,2.1430668195496296e-05,0.003841663251790011,0.00028832247784912955,0.002329244278371334,0.0013197117950767279
natural_residual_w4_c1.0_test,quantized,1,3460,up_blocks.0.resnets.0.conv2.weight,14.203033357988335,2.047874970120485e-05,0.00043796465542181203,0.0032921776886471465,2.060421350740198e-05,0.00307241798451956,0.000472165918378083,0.002329244278371334,0.0013197117950767279
natural_residual_w4_c1.0_test,quantized,1,3460,up_blocks.0.resnets.1.conv1.weight,19.597001236906795,8.542180412994825e-06,0.0001912887819999787,0.0022787129355262992,2.4397953828558082e-05,0.004088940658126034,0.0003044759381434435,0.002329244278371334,0.0013197117950767279
natural_residual_w4_c1.0_test,quantized,1,3460,up_blocks.0.resnets.1.conv2.weight,13.29983802013983,-3.0020274901311937e-05,-0.0005983826735043335,0.0037721530327447642,2.552558395986481e-05,0.0034046864185920756,0.0005637054275872497,0.002329244278371334,0.0013197117950767279
natural_residual_w4_c1.0_test,quantized,1,3460,up_blocks.0.resnets.2.conv1.weight,20.418280849411993,-6.850946023739667e-05,-0.0013774797397277932,0.002435825388812711,5.1572505853885717e-05,0.0078056017984300076,0.00032358819435962283,0.002329244278371334,0.0013197117950767279
natural_residual_w4_c1.0_test,quantized,1,3460,up_blocks.0.resnets.2.conv2.weight,13.215490468940834,-5.2918665077248723e-05,-0.0010244280421974348,0.003908806179606054,3.114150259813536e-05,0.004248223356586411,0.0005546882107712272,0.002329244278371334,0.0013197117950767279
natural_residual_w4_c1.0_test,quantized,1,3460,up_blocks.0.upsamplers.0.conv.weight,8.166420656462929,-0.0002644507920576439,-0.002463746937565833,0.013143681533521691,7.396400961691265e-05,0.00566327731731229,0.0015992666136059835,0.002329244278371334,0.0013197117950767279
natural_residual_w4_c1.0_test,quantized,1,3460,up_blocks.1.resnets.0.conv1.weight,19.042941623281372,-0.000154907389998283,-0.002784948371886841,0.0029209286739382036,5.939651668015186e-05,0.00879218214492274,0.0003547564201053498,0.002329244278371334,0.0013197117950767279
natural_residual_w4_c1.0_test,quantized,1,3460,up_blocks.1.resnets.0.conv2.weight,18.91535036168178,-0.00046581292598944725,-0.006955635143128949,0.0035404653852854134,7.995345112579239e-05,0.010360471917664609,0.00040798414559846364,0.002329244278371334,0.0013197117950767279
natural_residual_w4_c1.0_test,quantized,1,3460,up_blocks.1.resnets.1.conv1.weight,19.659366198721653,-0.0003180439399112032,-0.005457148967668029,0.0029645023790626297,6.689581236135752e-05,0.010639808966361321,0.00031981261402786056,0.002329244278371334,0.0013197117950767279
natural_residual_w4_c1.0_test,quantized,1,3460,up_blocks.1.resnets.1.conv2.weight,18.470465100523718,-0.00046822135569469804,-0.007163734418568178,0.0035386198534170803,8.418133658925884e-05,0.011620916746447819,0.00039219097508672615,0.002329244278371334,0.0013197117950767279
natural_residual_w4_c1.0_test,quantized,1,3460,up_blocks.1.resnets.2.conv1.weight,19.16823807337141,-0.0007865727141815043,-0.011165279986308414,0.003675251503910295,8.7040363422889e-05,0.012448394691993563,0.0003647750714519606,0.002329244278371334,0.0013197117950767279
natural_residual_w4_c1.0_test,quantized,1,3460,up_blocks.1.resnets.2.conv2.weight,16.998683031705205,-0.0006228154377813441,-0.010178042797132275,0.003599812000441858,8.983181816278919e-05,0.013128081374159032,0.0004025442744483058,0.002329244278371334,0.0013197117950767279
natural_residual_w4_c1.0_test,quantized,1,3460,up_blocks.1.upsamplers.0.conv.weight,8.97614491635541,-0.0009282952152482596,-0.007814359709681251,0.013234357367717891,0.00011634202588457888,0.00937141798852716,0.0013830613899523028,0.002329244278371334,0.0013197117950767279
natural_residual_w4_c1.0_test,quantized,1,3460,up_blocks.2.resnets.0.conv1.weight,12.53966820810258,-0.000999799159465709,-0.01885098926454987,0.004229534538022721,8.640833133385647e-05,0.018411133803071283,0.00037427346566349485,0.002329244278371334,0.0013197117950767279
natural_residual_w4_c1.0_test,quantized,1,3460,up_blocks.2.resnets.0.conv2.weight,10.416321873356559,-0.0007842282276755313,-0.02233521229599107,0.003370838876169811,6.0273173862234794e-05,0.019483984280689443,0.00029698321137526924,0.002329244278371334,0.0013197117950767279
natural_residual_w4_c1.0_test,quantized,1,3460,up_blocks.2.resnets.0.conv_shortcut.weight,0.9272729440130995,-0.0006017706372550059,-0.01783251221351884,0.03639241486755055,5.149262949404189e-05,0.016071458997359206,0.003455271492817691,0.002329244278371334,0.0013197117950767279
natural_residual_w4_c1.0_test,quantized,1,3460,up_blocks.2.resnets.1.conv1.weight,8.302059282126667,-0.0007066339083530227,-0.020664602172387102,0.004118903285174485,5.330232329337481e-05,0.020642903403043998,0.0003110208676295995,0.002329244278371334,0.0013197117950767279
natural_residual_w4_c1.0_test,quantized,1,3460,up_blocks.2.resnets.1.conv2.weight,11.215304383960001,-0.0008781111221951962,-0.02205455626337944,0.003550095932247584,6.126187850083274e-05,0.018411327065182302,0.0002966840178073699,0.002329244278371334,0.0013197117950767279
natural_residual_w4_c1.0_test,quantized,1,3460,up_blocks.2.resnets.2.conv1.weight,8.795626270996195,-0.0009390629729378184,-0.02311348269474683,0.004619155258149773,4.584952035172756e-05,0.015781455108635503,0.0003303094392296455,0.002329244278371334,0.0013197117950767279
natural_residual_w4_c1.0_test,quantized,1,3460,up_blocks.2.resnets.2.conv2.weight,10.522148589409273,-0.0006047956502359627,-0.01836688527481077,0.0031294550310800064,5.066624404851965e-05,0.016963678692204245,0.00028385349265479725,0.002329244278371334,0.0013197117950767279
natural_residual_w4_c1.0_test,quantized,1,3460,up_blocks.2.upsamplers.0.conv.weight,4.941563943206368,-0.0008567524881558388,-0.011433331605517655,0.015164152916108701,6.674083872960576e-05,0.007900940092092147,0.00170941878372964,0.002329244278371334,0.0013197117950767279
natural_residual_w4_c1.0_test,quantized,1,3460,up_blocks.3.resnets.0.conv1.weight,5.908919734571836,-0.0005536315774336315,-0.025148186444810483,0.0037256846356959784,2.6655732244226985e-05,0.0147498334733851,0.00030584079188326083,0.002329244278371334,0.0013197117950767279
natural_residual_w4_c1.0_test,quantized,1,3460,up_blocks.3.resnets.0.conv2.weight,6.315717141144202,-0.0002900268845953312,-0.025009098942197116,0.0018361896773164,1.4938102571552746e-05,0.011335115008225878,0.00020866366686451797,0.002329244278371334,0.0013197117950767279
natural_residual_w4_c1.0_test,quantized,1,3460,up_blocks.3.resnets.0.conv_shortcut.weight,0.7368506505360127,-0.0004806045660830005,-0.024194453080376925,0.026958306834076476,3.642206446568927e-05,0.017544262279574112,0.002817409509969712,0.002329244278371334,0.0013197117950767279
natural_residual_w4_c1.0_test,quantized,1,3460,up_blocks.3.resnets.1.conv1.weight,4.203159450761422,-0.00022637286715484903,-0.013116239913963075,0.004106191067459458,1.3253288969346607e-05,0.008582366443156346,0.00036740135003693694,0.002329244278371334,0.0013197117950767279
natural_residual_w4_c1.0_test,quantized,1,3460,up_blocks.3.resnets.1.conv2.weight,6.5267807807908715,-0.00032121135459073076,-0.0227070388665995,0.0021673615252020663,1.957670026763925e-05,0.012263991978517061,0.0002445730546117577,0.002329244278371334,0.0013197117950767279
natural_residual_w4_c1.0_test,quantized,1,3460,up_blocks.3.resnets.2.conv1.weight,4.429380350708079,-0.0002913006374109836,-0.012982011124169121,0.005065898490808313,2.5474032127295396e-05,0.010310004328989241,0.0005578222971826422,0.002329244278371334,0.0013197117950767279
natural_residual_w4_c1.0_test,quantized,1,3460,up_blocks.3.resnets.2.conv2.weight,6.332155536874542,-0.0001369981559452501,-0.01571329964976624,0.0013768789328552308,8.372182430146729e-06,0.00913375127988624,0.0001447564513317026,0.002329244278371334,0.0013197117950767279
natural_residual_w4_c1.0_test,quantized,1,3460,mid_block.attentions.0.to_q.weight,4.036876014805692,-5.913939834824441e-06,-0.0022777758854938836,0.0006431621821810507,1.4846455502404477e-06,0.004419509259265887,8.321532655314194e-05,0.002329244278371334,0.0013197117950767279
natural_residual_w4_c1.0_test,quantized,1,3460,mid_block.attentions.0.to_k.weight,4.126450460887968,6.68477790118028e-06,0.0027220921806657933,0.0005951240742498107,1.2749807462018375e-06,0.003734932606412313,8.272641818063936e-05,0.002329244278371334,0.0013197117950767279
natural_residual_w4_c1.0_test,quantized,1,3460,mid_block.attentions.0.to_v.weight,2.7586139262095246,-3.0728645284209836e-05,-0.0032367705944662604,0.003441442913809844,2.277199322442923e-06,0.0018846089740495984,0.00043801488247092313,0.002329244278371334,0.0013197117950767279
natural_residual_w4_c1.0_test,quantized,1,3460,mid_block.attentions.0.to_out.0.weight,2.592650506064229,2.6091812942006726e-05,0.002438829448868973,0.004126471488923556,1.6599302212612629e-06,0.0009737250693206239,0.0006575208115575189,0.002329244278371334,0.0013197117950767279
natural_residual_w4_c1.0_test,quantized,1,3460,mid_block.resnets.0.conv1.weight,19.11177783372495,-5.692270834635051e-05,-0.0011033682676323535,0.0026993796989221034,3.110939338317423e-05,0.004686283501088715,0.000347345675555371,0.002329244278371334,0.0013197117950767279
natural_residual_w4_c1.0_test,quantized,1,3460,mid_block.resnets.0.conv2.weight,12.696262398160702,-5.641331390352612e-05,-0.0009499442868938626,0.004677433132287225,2.8371455199548346e-05,0.0032488955719935163,0.0006878123507390557,0.002329244278371334,0.0013197117950767279
natural_residual_w4_c1.0_test,quantized,1,3460,mid_block.resnets.1.conv1.weight,18.31351162288292,0.00010363840685260709,0.002994984866906461,0.0018895329410882251,2.3425268543500374e-05,0.005412572364367177,0.0002363247646543715,0.002329244278371334,0.0013197117950767279
natural_residual_w4_c1.0_test,quantized,1,3460,mid_block.resnets.1.conv2.weight,12.981386086884374,2.717127059578281e-05,0.0006303640022702821,0.0033204540649930717,2.4683583491422114e-05,0.0038919937939211925,0.0004885567340260333,0.002329244278371334,0.0013197117950767279
natural_residual_w4_c1.0_test,quantized,1,3460,conv_out.weight,0.14370084526251442,-0.00032571030407734685,-0.04739894894036488,0.04781932746637773,4.254572149658018e-05,0.04110198839300102,0.007203337077619201,0.002329244278371334,0.0013197117950767279
natural_residual_w4_c1.0_test,quantized,2,3461,conv_in.weight,1.4813830440831341,0.00011457037588711392,0.013035571295428287,0.0059330075265334615,4.629851010505089e-05,0.01773435515369192,0.0017623178684085677,0.0022008439991623163,0.002233148319646716
natural_residual_w4_c1.0_test,quantized,2,3461,up_blocks.0.resnets.0.conv1.weight,19.348081912108178,-4.75081346184199e-05,-0.001299142411087667,0.0018900500305805,1.6155384429208326e-05,0.0021669740967117466,0.00038532364470274765,0.0022008439991623163,0.002233148319646716
natural_residual_w4_c1.0_test,quantized,2,3461,up_blocks.0.resnets.0.conv2.weight,14.203033357988335,-9.434832223033735e-06,-0.00023832964547774706,0.002787244117894853,2.753526880880269e-05,0.002772954678146064,0.0006991420797433394,0.0022008439991623163,0.002233148319646716
natural_residual_w4_c1.0_test,quantized,2,3461,up_blocks.0.resnets.1.conv1.weight,19.597001236906795,-6.038808233671668e-06,-0.00014697841815333133,0.0020965636389541522,2.2680650566676247e-05,0.0030000210823885693,0.0003857816629898969,0.0022008439991623163,0.002233148319646716
natural_residual_w4_c1.0_test,quantized,2,3461,up_blocks.0.resnets.1.conv2.weight,13.29983802013983,5.665553338902165e-06,0.0001400085921903131,0.0030425749980984586,2.5989827655814087e-05,0.002332671305000002,0.0008377289056416467,0.0022008439991623163,0.002233148319646716
natural_residual_w4_c1.0_test,quantized,2,3461,up_blocks.0.resnets.2.conv1.weight,20.418280849411993,-9.111742464670375e-05,-0.0019856655452634773,0.0022473781959650376,3.547769143482979e-05,0.004170327875170855,0.0004166448116205766,0.0022008439991623163,0.002233148319646716
natural_residual_w4_c1.0_test,quantized,2,3461,up_blocks.0.resnets.2.conv2.weight,13.215490468940834,-4.811096514237021e-05,-0.0011591282170856456,0.0031407206160954915,1.4409868860900694e-05,0.0012348772832408155,0.0008829842178497128,0.0022008439991623163,0.002233148319646716
natural_residual_w4_c1.0_test,quantized,2,3461,up_blocks.0.upsamplers.0.conv.weight,8.166420656462929,-0.00020703243589306245,-0.0020812943342025663,0.012180725131997847,8.370244637224817e-05,0.0035499458311232203,0.002887251916143773,0.0022008439991623163,0.002233148319646716
natural_residual_w4_c1.0_test,quantized,2,3461,up_blocks.1.resnets.0.conv1.weight,19.042941623281372,-0.00010920618286293715,-0.0019473307389947573,0.0029449197991204515,0.00010210225328909722,0.011196089195844059,0.00047888908750727397,0.0022008439991623163,0.002233148319646716
natural_residual_w4_c1.0_test,quantized,2,3461,up_blocks.1.resnets.0.conv2.weight,18.91535036168178,-0.0003755609527323177,-0.005646951214506027,0.0035160254209901376,0.00011000292648103479,0.009732294075840938,0.000597550516126607,0.0022008439991623163,0.002233148319646716
natural_residual_w4_c1.0_test,quantized,2,3461,up_blocks.1.resnets.1.conv1.weight,19.659366198721653,-0.00024909696958928373,-0.004005253844549015,0.0031635076260742288,0.00010056955211252488,0.011773527141200611,0.00043450063376942734,0.0022008439991623163,0.002233148319646716
natural_residual_w4_c1.0_test,quantized,2,3461,up_blocks.1.resnets.1.conv2.weight,18.470465100523718,-0.0003514963168887873,-0.005157942577616835,0.0036894909068713017,0.00014083687842359323,0.01208722718231922,0.0006308293255352511,0.0022008439991623163,0.002233148319646716
natural_residual_w4_c1.0_test,quantized,2,3461,up_blocks.1.resnets.2.conv1.weight,19.16823807337141,-0.000447279165958163,-0.005870439274109733,0.003974896957061214,0.00012349062579473558,0.013364354021246189,0.0004820630288031638,0.0022008439991623163,0.002233148319646716
natural_residual_w4_c1.0_test,quantized,2,3461,up_blocks.1.resnets.2.conv2.weight,16.998683031705205,-0.0004778210221112955,-0.007523030376516879,0.00373643267834993,0.00015179254856365374,0.01399046385172866,0.0006382679880610572,0.0022008439991623163,0.002233148319646716
natural_residual_w4_c1.0_test,quantized,2,3461,up_blocks.1.upsamplers.0.conv.weight,8.97614491635541,-0.0006902785903406044,-0.005647664769219776,0.013616504622835684,0.00020763274305861694,0.008790788414105036,0.002631347217632498,0.0022008439991623163,0.002233148319646716
natural_residual_w4_c1.0_test,quantized,2,3461,up_blocks.2.resnets.0.conv1.weight,12.53966820810258,-0.0007441908817467941,-0.011440207906929829,0.0051875749195453656,0.00013438774131592935,0.017984338448625767,0.0005959078990504667,0.0022008439991623163,0.002233148319646716
natural_residual_w4_c1.0_test,quantized,2,3461,up_blocks.2.resnets.0.conv2.weight,10.416321873356559,-0.0008158288379519849,-0.019997636568022354,0.003916570873405941,8.127030511966094e-05,0.015119724960908845,0.000516028404349968,0.0022008439991623163,0.002233148319646716
natural_residual_w4_c1.0_test,quantized,2,3461,up_blocks.2.resnets.0.conv_shortcut.weight,0.9272729440130995,-0.0004967522746921995,-0.01373372768718612,0.03900711623222376,4.8486364079542796e-05,0.009037648347252705,0.005785709062031536,0.0022008439991623163,0.002233148319646716
natural_residual_w4_c1.0_test,quantized,2,3461,up_blocks.2.resnets.1.conv1.weight,8.302059282126667,-0.0007165858874399488,-0.01435748310758326,0.006011794221790065,7.992894954539182e-05,0.019281282031542363,0.0004993239161200101,0.0022008439991623163,0.002233148319646716
natural_residual_w4_c1.0_test,quantized,2,3461,up_blocks.2.resnets.1.conv2.weight,11.215304383960001,-0.0008728778084014428,-0.014990338836118866,0.005191955218038786,7.07719840509713e-05,0.010742629092503323,0.0005874078213611134,0.0022008439991623163,0.002233148319646716
natural_residual_w4_c1.0_test,quantized,2,3461,up_blocks.2.resnets.2.conv1.weight,8.795626270996195,-0.0008829237011164105,-0.01327038845735989,0.0075643701370170496,5.571306122511667e-05,0.012000941304242506,0.0005278067530992361,0.0022008439991623163,0.002233148319646716
natural_residual_w4_c1.0_test,quantized,2,3461,up_blocks.2.resnets.2.conv2.weight,10.522148589409273,-0.0005283558059925057,-0.01222059051599208,0.004108940586506136,5.017710661139094e-05,0.00861310476533389,0.0005536578406053933,0.0022008439991623163,0.002233148319646716
natural_residual_w4_c1.0_test,quantized,2,3461,up_blocks.2.upsamplers.0.conv.weight,4.941563943206368,-0.0006544787387665395,-0.008656895086564266,0.015299208699741667,7.326887560262962e-05,0.004615032678887997,0.0032127751114937996,0.0022008439991623163,0.002233148319646716
natural_residual_w4_c1.0_test,quantized,2,3461,up_blocks.3.resnets.0.conv1.weight,5.908919734571836,-0.000760113507858518,-0.02367747517096095,0.005432940763449439,3.190123242991421e-05,0.008476650031600922,0.0006369056734180353,0.0022008439991623163,0.002233148319646716
natural_residual_w4_c1.0_test,quantized,2,3461,up_blocks.3.resnets.0.conv2.weight,6.315717141144202,-0.0003429319394715235,-0.021316248990310427,0.002547267062128516,1.889949605946796e-05,0.007170355016881789,0.0004173370040828751,0.0022008439991623163,0.002233148319646716
natural_residual_w4_c1.0_test,quantized,2,3461,up_blocks.3.resnets.0.conv_shortcut.weight,0.7368506505360127,-0.00039657388667677947,-0.01709950610134601,0.03147466206567217,7.968216254603203e-05,0.019617875372655174,0.005512259690922799,0.0022008439991623163,0.002233148319646716
natural_residual_w4_c1.0_test,quantized,2,3461,up_blocks.3.resnets.1.conv1.weight,4.203159450761422,-0.0002935968796959121,-0.01545349775167442,0.004520107636103069,3.137974980874752e-06,0.0012319897227298,0.0006059914908686758,0.0022008439991623163,0.002233148319646716
natural_residual_w4_c1.0_test,quantized,2,3461,up_blocks.3.resnets.1.conv2.weight,6.5267807807908715,-0.00029454823398701395,-0.01828276291405831,0.0024684001816354757,8.145383605607956e-06,0.002171127891397348,0.0005748136988410386,0.0022008439991623163,0.002233148319646716
natural_residual_w4_c1.0_test,quantized,2,3461,up_blocks.3.resnets.2.conv1.weight,4.429380350708079,-0.00027210034892588585,-0.0128559426331509,0.004778396659647712,1.7485895599114255e-05,0.0036697550245822054,0.0010757412755227987,0.0022008439991623163,0.002233148319646716
natural_residual_w4_c1.0_test,quantized,2,3461,up_blocks.3.resnets.2.conv2.weight,6.332155536874542,-0.00011489563616316832,-0.014496629009962018,0.0012516558554220118,1.442961306845602e-05,0.008012693405634425,0.0002843967219704811,0.0022008439991623163,0.002233148319646716
natural_residual_w4_c1.0_test,quantized,2,3461,mid_block.attentions.0.to_q.weight,4.036876014805692,-2.5641834629172595e-06,-0.0011309321682773776,0.0005616517631720602,4.149717558426852e-06,0.0061498922289478135,0.00016714970794358454,0.0022008439991623163,0.002233148319646716
natural_residual_w4_c1.0_test,quantized,2,3461,mid_block.attentions.0.to_k.weight,4.126450460887968,1.0168297496203531e-05,0.004233931214595779,0.0005820064668204427,4.083083660854489e-06,0.006695156257662807,0.00014779199972137533,0.0022008439991623163,0.002233148319646716
natural_residual_w4_c1.0_test,quantized,2,3461,mid_block.attentions.0.to_v.weight,2.7586139262095246,3.038468353970779e-05,0.0032580916868962563,0.0033806521873436957,5.357595694845801e-06,0.002181052274229267,0.0008904569706799591,0.0022008439991623163,0.002233148319646716
natural_residual_w4_c1.0_test,quantized,2,3461,mid_block.attentions.0.to_out.0.weight,2.592650506064229,-5.3861213871238995e-06,-0.0005650217014441533,0.003676774806945237,-5.369868266386007e-06,-0.001557468333538078,0.0013298431767929115,0.0022008439991623163,0.002233148319646716
natural_residual_w4_c1.0_test,quantized,2,3461,mid_block.resnets.0.conv1.weight,19.11177783372495,-1.3698032662703617e-05,-0.000335466334898222,0.0021365259165886867,2.3034038637967734e-05,0.0023249887719997706,0.0005183798871565316,0.0022008439991623163,0.002233148319646716
natural_residual_w4_c1.0_test,quantized,2,3461,mid_block.resnets.0.conv2.weight,12.696262398160702,2.622648021154062e-05,0.0005064078186607331,0.004079094033885806,1.9356015936791507e-05,0.0012296998421871394,0.0012397695463510405,0.0022008439991623163,0.002233148319646716
natural_residual_w4_c1.0_test,quantized,2,3461,mid_block.resnets.1.conv1.weight,18.31351162288292,2.6148508375092993e-05,0.0008676913307811516,0.001645546022293113,3.1608144988828946e-05,0.004301753095945933,0.0004012193781405582,0.0022008439991623163,0.002233148319646716
natural_residual_w4_c1.0_test,quantized,2,3461,mid_block.resnets.1.conv2.weight,12.981386086884374,1.9613669984373383e-05,0.0005844637224714057,0.0025851171996764816,1.3680329668909736e-05,0.0013514866802268512,0.000779764979870907,0.0022008439991623163,0.002233148319646716
natural_residual_w4_c1.0_test,quantized,2,3461,conv_out.weight,0.14370084526251442,-0.0003463644656654642,-0.044441342232019364,0.05423589864681632,1.2145200936939105e-05,0.00826555497177917,0.010225236535193288,0.0022008439991623163,0.002233148319646716
natural_residual_w4_c1.0_test,quantized,3,3462,conv_in.weight,1.4813830440831341,8.622474991311381e-08,0.00045628803302862417,0.0001275632264307898,1.840120203034598e-05,0.017492983584224082,0.000710092516199913,1.713614801701624e-05,0.0002366345579503104
natural_residual_w4_c1.0_test,quantized,3,3462,up_blocks.0.resnets.0.conv1.weight,19.348081912108178,-1.4249451849020548e-06,-0.002313578678183329,3.183288260062575e-05,2.6844048890886144e-06,0.00183249401896995,7.571249150422383e-05,1.713614801701624e-05,0.0002366345579503104
natural_residual_w4_c1.0_test,quantized,3,3462,up_blocks.0.resnets.0.conv2.weight,14.203033357988335,4.844143837186479e-07,0.0005714282029695985,5.968624425197861e-05,1.7231721255046867e-06,0.0003565870388852602,0.0003402373602058481,1.713614801701624e-05,0.0002366345579503104
natural_residual_w4_c1.0_test,quantized,3,3462,up_blocks.0.resnets.1.conv1.weight,19.597001236906795,-7.616912034010535e-07,-0.0013769026087833566,2.8228389237850506e-05,3.661441716200113e-06,0.002737893027003582,6.824110170410407e-05,1.713614801701624e-05,0.0002366345579503104
natural_residual_w4_c1.0_test,quantized,3,3462,up_blocks.0.resnets.1.conv2.weight,13.29983802013983,-7.194780160211412e-07,-0.0008148798924206603,6.638616411354592e-05,2.484333591601063e-06,0.0004808730813803944,0.00038844818218553874,1.713614801701624e-05,0.0002366345579503104
natural_residual_w4_c1.0_test,quantized,3,3462,up_blocks.0.resnets.2.conv1.weight,20.418280849411993,-1.6888682012236144e-06,-0.0024343679938435866,3.3977416673486286e-05,4.536739346029571e-06,0.002901101067681132,7.658818822931586e-05,1.713614801701624e-05,0.0002366345579503104
natural_residual_w4_c1.0_test,quantized,3,3462,up_blocks.0.resnets.2.conv2.weight,13.215490468940834,-1.2241009448918328e-06,-0.0013359549077699717,6.933334409039044e-05,-1.1017487974925194e-06,-0.00019799826785011037,0.0004210541075400847,1.713614801701624e-05,0.0002366345579503104
natural_residual_w4_c1.0_test,quantized,3,3462,up_blocks.0.upsamplers.0.conv.weight,8.166420656462929,-4.6747703582733045e-06,-0.002871247941454231,0.0001993690951884894,2.2341801443947846e-05,0.002322367843755967,0.001178027507236762,1.713614801701624e-05,0.0002366345579503104
natural_residual_w4_c1.0_test,quantized,3,3462,up_blocks.1.resnets.0.conv1.weight,19.042941623281372,-1.2706170290402614e-06,-0.0016603644422121776,4.018622498665561e-05,5.8174277598125435e-06,0.003939049608662299,7.755423396957522e-05,1.713614801701624e-05,0.0002366345579503104
natural_residual_w4_c1.0_test,quantized,3,3462,up_blocks.1.resnets.0.conv2.weight,18.91535036168178,-8.484722046801865e-07,-0.0009014110428025748,4.9762289745687555e-05,7.919646876127711e-06,0.0019933915789264968,0.00021003845175144906,1.713614801701624e-05,0.0002366345579503104
natural_residual_w4_c1.0_test,quantized,3,3462,up_blocks.1.resnets.1.conv1.weight,19.659366198721653,-1.2961209508886967e-06,-0.0017151094269834911,3.844007127810061e-05,7.623899220576633e-06,0.005981052149931634,6.483806496296478e-05,1.713614801701624e-05,0.0002366345579503104
natural_residual_w4_c1.0_test,quantized,3,3462,up_blocks.1.resnets.1.conv2.weight,18.470465100523718,1.7955932534258373e-07,0.00018911902217202975,5.140376385420735e-05,9.591362606250571e-06,0.0021676507924640593,0.00023955936857596906,1.713614801701624e-05,0.0002366345579503104
natural_residual_w4_c1.0_test,quantized,3,3462,up_blocks.1.resnets.2.conv1.weight,19.16823807337141,-1.4944824041613085e-06,-0.001717397219617592,4.53981186793413e-05,1.1824484005403021e-05,0.007754586926030609,7.955021079175917e-05,1.713614801701624e-05,0.0002366345579503104
natural_residual_w4_c1.0_test,quantized,3,3462,up_blocks.1.resnets.2.conv2.weight,16.998683031705205,-6.533147486976159e-07,-0.0007913781198495986,4.8564972604732596e-05,1.3487361370240828e-05,0.0029116446357813678,0.00027250429360327425,1.713614801701624e-05,0.0002366345579503104
natural_residual_w4_c1.0_test,quantized,3,3462,up_blocks.1.upsamplers.0.conv.weight,8.97614491635541,-4.761587852626135e-06,-0.0029237069512996427,0.0001814379397628169,1.9868887280660796e-05,0.001808036121176209,0.00122426825322769,1.713614801701624e-05,0.0002366345579503104
natural_residual_w4_c1.0_test,quantized,3,3462,up_blocks.2.resnets.0.conv1.weight,12.53966820810258,-4.95581647175274e-06,-0.007707809283844302,5.127411924594496e-05,1.1317420918258707e-05,0.008020063190463264,0.00011253396808400643,1.713614801701624e-05,0.0002366345579503104
natural_residual_w4_c1.0_test,quantized,3,3462,up_blocks.2.resnets.0.conv2.weight,10.416321873356559,-4.805910142876366e-06,-0.010773563671104545,4.282544380295929e-05,3.462565908428304e-06,0.0014430342949828113,0.00023035996540827502,1.713614801701624e-05,0.0002366345579503104
natural_residual_w4_c1.0_test,quantized,3,3462,up_blocks.2.resnets.0.conv_shortcut.weight,0.9272729440130995,-4.230091229720495e-06,-0.010905968091140235,0.00041829042469811704,1.1490009950801485e-05,0.00408201264774813,0.0030355575483995,1.713614801701624e-05,0.0002366345579503104
natural_residual_w4_c1.0_test,quantized,3,3462,up_blocks.2.resnets.1.conv1.weight,8.302059282126667,-4.8221335263559536e-06,-0.01244061757493099,4.6688665608262135e-05,4.49466239122752e-06,0.00628618115665976,8.612403194228152e-05,1.713614801701624e-05,0.0002366345579503104
natural_residual_w4_c1.0_test,quantized,3,3462,up_blocks.2.resnets.1.conv2.weight,11.215304383960001,-6.554461791267556e-06,-0.012774125942122797,4.575038758513616e-05,4.77515613497458e-06,0.001819190335957098,0.00023404446312428036,1.713614801701624e-05,0.0002366345579503104
natural_residual_w4_c1.0_test,quantized,3,3462,up_blocks.2.resnets.2.conv1.weight,8.795626270996195,-7.135706488968351e-06,-0.015453845657972608,5.249689772188104e-05,4.414084988675288e-06,0.004645740531516401,0.00010802368111050356,1.713614801701624e-05,0.0002366345579503104
natural_residual_w4_c1.0_test,quantized,3,3462,up_blocks.2.resnets.2.conv2.weight,10.522148589409273,-3.3321436049639413e-06,-0.008569308267618942,3.695502609278255e-05,2.8540838235216925e-06,0.001151564878732802,0.00023554499615065921,1.713614801701624e-05,0.0002366345579503104
natural_residual_w4_c1.0_test,quantized,3,3462,up_blocks.2.upsamplers.0.conv.weight,4.941563943206368,-3.829320337913837e-06,-0.004212467017764743,0.0001839588836356108,-1.5188393323769245e-05,-0.0019897831305394392,0.0015446911957688663,1.713614801701624e-05,0.0002366345579503104
natural_residual_w4_c1.0_test,quantized,3,3462,up_blocks.3.resnets.0.conv1.weight,5.908919734571836,-3.820967731271545e-06,-0.01475665202166983,4.382051154971476e-05,3.2933387275251154e-06,0.004662930797417684,0.00011952791403828469,1.713614801701624e-05,0.0002366345579503104
natural_residual_w4_c1.0_test,quantized,3,3462,up_blocks.3.resnets.0.conv2.weight,6.315717141144202,-1.2424408837658422e-06,-0.008268984406894352,2.3790353192776794e-05,5.129358190823407e-06,0.0066394217196062595,0.0001223235570614277,1.713614801701624e-05,0.0002366345579503104
natural_residual_w4_c1.0_test,quantized,3,3462,up_blocks.3.resnets.0.conv_shortcut.weight,0.7368506505360127,-3.1873379867240513e-06,-0.012947406720270073,0.000334091830936916,3.7104264748387394e-06,0.0022293672580359766,0.0022587217836875124,1.713614801701624e-05,0.0002366345579503104
natural_residual_w4_c1.0_test,quantized,3,3462,up_blocks.3.resnets.1.conv1.weight,4.203159450761422,-2.9626608192667445e-06,-0.012354281550805438,5.705432527880782e-05,9.247552350150803e-07,0.0011082205087450732,0.00019852936335183288,1.713614801701624e-05,0.0002366345579503104
natural_residual_w4_c1.0_test,quantized,3,3462,up_blocks.3.resnets.1.conv2.weight,6.5267807807908715,-1.3407291915187334e-06,-0.0069330044692133075,2.9629243228857645e-05,2.612667111525033e-06,0.002984010282795336,0.00013414816519027753,1.713614801701624e-05,0.0002366345579503104
natural_residual_w4_c1.0_test,quantized,3,3462,up_blocks.3.resnets.2.conv1.weight,4.429380350708079,-2.112356028991624e-07,-0.0006741902885835503,7.073618794076756e-05,9.543665562950243e-07,0.0007965918260275874,0.000270480768419499,1.713614801701624e-05,0.0002366345579503104
natural_residual_w4_c1.0_test,quantized,3,3462,up_blocks.3.resnets.2.conv2.weight,6.332155536874542,-1.1948280633044004e-06,-0.01081973406186507,1.743962949776922e-05,-2.412577955953599e-06,-0.003144811692165409,0.00012115326871716199,1.713614801701624e-05,0.0002366345579503104
natural_residual_w4_c1.0_test,quantized,3,3462,mid_block.attentions.0.to_q.weight,4.036876014805692,8.189720690181805e-08,0.0018536460447641677,1.0944523813117626e-05,3.7470293676180274e-07,0.003027310498004123,3.06608873084335e-05,1.713614801701624e-05,0.0002366345579503104
natural_residual_w4_c1.0_test,quantized,3,3462,mid_block.attentions.0.to_k.weight,4.126450460887968,1.2596128573850468e-07,0.004410971505978637,6.920320319444324e-06,8.756770211384111e-08,0.0012106792057004166,1.752823691569298e-05,1.713614801701624e-05,0.0002366345579503104
natural_residual_w4_c1.0_test,quantized,3,3462,mid_block.attentions.0.to_v.weight,2.7586139262095246,-1.1419999091785963e-06,-0.0071301395522231125,5.8060011169541105e-05,1.5936321034730223e-06,0.002747733183380404,0.0002102435044863625,1.713614801701624e-05,0.0002366345579503104
natural_residual_w4_c1.0_test,quantized,3,3462,mid_block.attentions.0.to_out.0.weight,2.592650506064229,-8.2698071508246e-07,-0.004614869753778953,6.911812632669597e-05,1.920617530450555e-06,0.0013270802567599323,0.0005582127133905074,1.713614801701624e-05,0.0002366345579503104
natural_residual_w4_c1.0_test,quantized,3,3462,mid_block.resnets.0.conv1.weight,19.11177783372495,-4.187093796697905e-07,-0.0005307209613529375,4.12805391344554e-05,1.1730013828372654e-06,0.0005608648706981885,0.00010943070486981927,1.713614801701624e-05,0.0002366345579503104
natural_residual_w4_c1.0_test,quantized,3,3462,mid_block.resnets.0.conv2.weight,12.696262398160702,-1.481702215212749e-06,-0.0013663272107894918,8.541424828545924e-05,3.99345475932386e-06,0.0006665068736064858,0.0004719198516550346,1.713614801701624e-05,0.0002366345579503104
natural_residual_w4_c1.0_test,quantized,3,3462,mid_block.resnets.1.conv1.weight,18.31351162288292,-1.02798390970746e-07,-0.00017539535320651323,3.2003435786124355e-05,6.79891491210215e-07,0.00044431878731738514,8.355516487949098e-05,1.713614801701624e-05,0.0002366345579503104
natural_residual_w4_c1.0_test,quantized,3,3462,mid_block.resnets.1.conv2.weight,12.981386086884374,-5.121175415075733e-07,-0.0006814980249235001,5.78873919932195e-05,3.1343373797504453e-06,0.0007122125210222608,0.0003390119997350191,1.713614801701624e-05,0.0002366345579503104
natural_residual_w4_c1.0_test,quantized,3,3462,conv_out.weight,0.14370084526251442,-1.0783768141168972e-06,-0.010513500690534508,0.0007137791723926779,2.034558470703463e-05,0.028642040116108262,0.0049431854521412985,1.713614801701624e-05,0.0002366345579503104
natural_residual_qat_w4_c1.0_test,quantized,0,3459,conv_in.weight,1.4665391648013746,-3.9175447485399155e-05,-0.0023409593537117735,0.011411071518625982,5.1960760098333156e-05,0.022312776474279636,0.0015879185242626548,0.005493658594787121,0.0018287820275872946
natural_residual_qat_w4_c1.0_test,quantized,0,3459,up_blocks.0.resnets.0.conv1.weight,19.28692613072634,-8.665002076402977e-05,-0.001225276947217982,0.0036666663368101313,3.257232407158077e-05,0.0022415393329758906,0.0007534238536100796,0.005493658594787121,0.0018287820275872946
natural_residual_qat_w4_c1.0_test,quantized,0,3459,up_blocks.0.resnets.0.conv2.weight,14.164198687110474,1.969412332220138e-05,0.0002600378480165227,0.005346974089885763,3.282438211769895e-05,0.002092399742311316,0.0011075412024495858,0.005493658594787121,0.0018287820275872946
natural_residual_qat_w4_c1.0_test,quantized,0,3459,up_blocks.0.resnets.1.conv1.weight,19.529741054109934,-2.667069814489206e-05,-0.00034716299841546617,0.0039337292808072,4.3753600025437484e-05,0.002710436020917095,0.0008265671610072359,0.005493658594787121,0.0018287820275872946
natural_residual_qat_w4_c1.0_test,quantized,0,3459,up_blocks.0.resnets.1.conv2.weight,13.265358123530822,-1.8574715430878218e-05,-0.00024219224682289281,0.005781532265958188,4.90523400845903e-05,0.0028755209474165934,0.0012859503940410371,0.005493658594787121,0.0018287820275872946
natural_residual_qat_w4_c1.0_test,quantized,0,3459,up_blocks.0.resnets.2.conv1.weight,20.348720466267306,-0.00017855668308150219,-0.0022490045223229433,0.0039016532974794466,0.00010336347444473952,0.006045538280419135,0.0008402238750212156,0.005493658594787121,0.0018287820275872946
natural_residual_qat_w4_c1.0_test,quantized,0,3459,up_blocks.0.resnets.2.conv2.weight,13.18761870714404,-5.726231325068999e-05,-0.0007410856124242388,0.005859143363865887,4.940381562355013e-05,0.0030489649072284347,0.0012286881918048738,0.005493658594787121,0.0018287820275872946
natural_residual_qat_w4_c1.0_test,quantized,0,3459,up_blocks.0.upsamplers.0.conv.weight,8.128793635318441,-0.00038642550753658256,-0.0025775183114850717,0.018443270179013368,0.00016156241466396841,0.005334386761426683,0.00372588749246839,0.005493658594787121,0.0018287820275872946
natural_residual_qat_w4_c1.0_test,quantized,0,3459,up_blocks.1.resnets.0.conv1.weight,18.97737589364416,-0.00016736302935124443,-0.001794660081943332,0.004914068037629303,0.00012096351462205505,0.005750611765465665,0.0011084195786152681,0.005493658594787121,0.0018287820275872946
natural_residual_qat_w4_c1.0_test,quantized,0,3459,up_blocks.1.resnets.0.conv2.weight,18.843327160114082,-0.0005007876092488408,-0.0050599782501267055,0.005252273540822715,9.608163148069307e-05,0.004604312585803076,0.001107434324724759,0.005493658594787121,0.0018287820275872946
natural_residual_qat_w4_c1.0_test,quantized,0,3459,up_blocks.1.resnets.1.conv1.weight,19.589582625006145,-0.00029306508656985086,-0.0030772932074574384,0.004861496997955439,0.0001228879089715558,0.006021724340105934,0.0010417490203665546,0.005493658594787121,0.0018287820275872946
natural_residual_qat_w4_c1.0_test,quantized,0,3459,up_blocks.1.resnets.1.conv2.weight,18.401860539495928,-0.0006687915178737953,-0.006952669851603758,0.005227299863061002,0.00012138843120501104,0.006604430363324292,0.0009988038284334613,0.005493658594787121,0.0018287820275872946
natural_residual_qat_w4_c1.0_test,quantized,0,3459,up_blocks.1.resnets.2.conv1.weight,19.09464011357584,-0.0008770217537951753,-0.007992484622597757,0.005746680855001711,0.00011366180976283556,0.005895666072769121,0.0010096485176387282,0.005493658594787121,0.0018287820275872946
natural_residual_qat_w4_c1.0_test,quantized,0,3459,up_blocks.1.resnets.2.conv2.weight,16.95621616098354,-0.0008233569495330031,-0.00967391371898313,0.005019460043809567,0.00011254893304863236,0.007740181983063964,0.0008575535837150386,0.005493658594787121,0.0018287820275872946
natural_residual_qat_w4_c1.0_test,quantized,0,3459,up_blocks.1.upsamplers.0.conv.weight,8.941004336210582,-0.0012066740757388724,-0.008431496929880754,0.016006596259677788,0.0001272627524594069,0.006223996683390973,0.0022868919930851546,0.005493658594787121,0.0018287820275872946
natural_residual_qat_w4_c1.0_test,quantized,0,3459,up_blocks.2.resnets.0.conv1.weight,12.482265871968988,-0.0013419156447099885,-0.018620926742050035,0.0057733846847592965,0.00010494485265301193,0.009452183824535944,0.0008894787031043216,0.005493658594787121,0.0018287820275872946
natural_residual_qat_w4_c1.0_test,quantized,0,3459,up_blocks.2.resnets.0.conv2.weight,10.361411213747013,-0.0011444525979652615,-0.02342147595400235,0.004715900570045187,8.346664287709116e-05,0.013537471714229062,0.0005950541302017926,0.005493658594787121,0.0018287820275872946
natural_residual_qat_w4_c1.0_test,quantized,0,3459,up_blocks.2.resnets.0.conv_shortcut.weight,0.9187783344717262,-0.0007449648785750846,-0.01771544366531369,0.04576916817549191,9.939567369632299e-05,0.019615797187303333,0.005515066753762124,0.005493658594787121,0.0018287820275872946
natural_residual_qat_w4_c1.0_test,quantized,0,3459,up_blocks.2.resnets.1.conv1.weight,8.252206104459688,-0.0013128472273503638,-0.025514429692929216,0.006235313010375296,9.173868079377709e-05,0.011779305406166833,0.0009437625555302772,0.005493658594787121,0.0018287820275872946
natural_residual_qat_w4_c1.0_test,quantized,0,3459,up_blocks.2.resnets.1.conv2.weight,11.144012787854374,-0.0012440558510490324,-0.02398608627799477,0.00465413401827159,7.41245655184306e-05,0.013829382637922319,0.0004809697534481605,0.005493658594787121,0.0018287820275872946
natural_residual_qat_w4_c1.0_test,quantized,0,3459,up_blocks.2.resnets.2.conv1.weight,8.74299543858771,-0.001326853464600167,-0.02396098840949632,0.006333707190306721,6.953702028598223e-05,0.010460334080970439,0.0007603442568126867,0.005493658594787121,0.0018287820275872946
natural_residual_qat_w4_c1.0_test,quantized,0,3459,up_blocks.2.resnets.2.conv2.weight,10.491971245344267,-0.001001531515250496,-0.023728530145934294,0.004022876417514696,6.0349970279884176e-05,0.012530094064796202,0.00045905596771305237,0.005493658594787121,0.0018287820275872946
natural_residual_qat_w4_c1.0_test,quantized,0,3459,up_blocks.2.upsamplers.0.conv.weight,4.914537807113245,-0.0013566970034822766,-0.015129873566635012,0.018245883036579154,6.664718126456827e-05,0.006813230374605047,0.0019904259816608933,0.005493658594787121,0.0018287820275872946
natural_residual_qat_w4_c1.0_test,quantized,0,3459,up_blocks.3.resnets.0.conv1.weight,5.879882182445033,-0.0009087461557495682,-0.028415232884815126,0.005439046138521435,2.3681592706201904e-05,0.007467367512468842,0.0005393550600389919,0.005493658594787121,0.0018287820275872946
natural_residual_qat_w4_c1.0_test,quantized,0,3459,up_blocks.3.resnets.0.conv2.weight,6.286417286462597,-0.0005625489292482377,-0.031125071340803143,0.0028750588658908826,1.2753422730999263e-05,0.006796229302012035,0.000298507691730235,0.005493658594787121,0.0018287820275872946
natural_residual_qat_w4_c1.0_test,quantized,0,3459,up_blocks.3.resnets.0.conv_shortcut.weight,0.7317134611549208,-0.0008596630758057689,-0.03135530143764052,0.03746935769007073,1.4200324048697536e-05,0.00561203378064294,0.00345809511014372,0.005493658594787121,0.0018287820275872946
natural_residual_qat_w4_c1.0_test,quantized,0,3459,up_blocks.3.resnets.1.conv1.weight,4.181375832587236,-0.0005760183391639989,-0.024908696898935687,0.005530521664033046,1.7064938453168404e-05,0.0074135094205227126,0.0005505055195759401,0.005493658594787121,0.0018287820275872946
natural_residual_qat_w4_c1.0_test,quantized,0,3459,up_blocks.3.resnets.1.conv2.weight,6.495924292696995,-0.0004694472631902943,-0.02366587462811917,0.0030536784012073913,1.2880980469005197e-05,0.0055055682277720865,0.0003601685753240474,0.005493658594787121,0.0018287820275872946
natural_residual_qat_w4_c1.0_test,quantized,0,3459,up_blocks.3.resnets.2.conv1.weight,4.404373665004832,-0.0006263724984332764,-0.022070373698539286,0.006443752295451448,6.220142824884242e-06,0.0016605745631199618,0.0008504676892664561,0.005493658594787121,0.0018287820275872946
natural_residual_qat_w4_c1.0_test,quantized,0,3459,up_blocks.3.resnets.2.conv2.weight,6.32334985775569,-0.0002822088483429927,-0.023842447256039557,0.0018718566419827372,8.48454815536156e-06,0.007148142840172421,0.00018771037852702047,0.005493658594787121,0.0018287820275872946
natural_residual_qat_w4_c1.0_test,quantized,0,3459,mid_block.attentions.0.to_q.weight,4.027140077708262,4.6108008578352304e-07,0.00011367821888524476,0.001007169043444513,3.2584090225556323e-06,0.004835340551851983,0.00016733307685919452,0.005493658594787121,0.0018287820275872946
natural_residual_qat_w4_c1.0_test,quantized,0,3459,mid_block.attentions.0.to_k.weight,4.11558562490555,-3.2543118096329728e-06,-0.000734858637361429,0.0010760283590643034,3.2226655673644806e-06,0.004018780665208311,0.00019484501230591933,0.005493658594787121,0.0018287820275872946
natural_residual_qat_w4_c1.0_test,quantized,0,3459,mid_block.attentions.0.to_v.weight,2.748360935720632,-2.0620077845925008e-05,-0.0014376102586942964,0.005218856678434802,1.3032584991844911e-05,0.004219655347618107,0.0011237761704440182,0.005493658594787121,0.0018287820275872946
natural_residual_qat_w4_c1.0_test,quantized,0,3459,mid_block.attentions.0.to_out.0.weight,2.58321970580587,-1.0337260012998002e-06,-8.290292566964556e-05,0.004826965980638712,5.1796923135496745e-06,0.001670191114209125,0.0012005394856847871,0.005493658594787121,0.0018287820275872946
natural_residual_qat_w4_c1.0_test,quantized,0,3459,mid_block.resnets.0.conv1.weight,19.06352771267311,-3.055940058785106e-05,-0.0003845094340739434,0.0041690255961103935,5.027486551637237e-05,0.0034215914466607465,0.0007707605817609272,0.005493658594787121,0.0018287820275872946
natural_residual_qat_w4_c1.0_test,quantized,0,3459,mid_block.resnets.0.conv2.weight,12.662155694517766,-0.00010133607106349829,-0.0010453442262604127,0.007655914733704423,7.364472220028508e-05,0.0036490516748042836,0.0015938739235020526,0.005493658594787121,0.0018287820275872946
natural_residual_qat_w4_c1.0_test,quantized,0,3459,mid_block.resnets.1.conv1.weight,18.269723677687416,3.6428560484548256e-05,0.00067033611071189,0.0029745235781753277,3.311768221251533e-05,0.0026756635229519083,0.0006774799668486871,0.005493658594787121,0.0018287820275872946
natural_residual_qat_w4_c1.0_test,quantized,0,3459,mid_block.resnets.1.conv2.weight,12.952548739003614,7.415606528016178e-05,0.0011608157029327768,0.004932057924685558,3.650398391274606e-05,0.002661150170139284,0.0010590480051103815,0.005493658594787121,0.0018287820275872946
natural_residual_qat_w4_c1.0_test,quantized,0,3459,conv_out.weight,0.14222189022314616,-0.00033666093396630107,-0.03220185457603074,0.0735098257203881,1.8881960763103882e-05,0.01859340055192144,0.007140388126699058,0.005493658594787121,0.0018287820275872946
natural_residual_qat_w4_c1.0_test,quantized,1,3460,conv_in.weight,1.4665391648013746,0.00017458746584242003,0.007565082037111872,0.015736413311961107,4.532141304938173e-05,0.028547803062615833,0.0010825228801236459,0.0047596171498298645,0.00117073196452111
natural_residual_qat_w4_c1.0_test,quantized,1,3460,up_blocks.0.resnets.0.conv1.weight,19.28692613072634,-5.423988385845495e-05,-0.0007944712745376614,0.0035397902982742114,2.3623687585949068e-05,0.004275685888394209,0.00028646982387977877,0.0047596171498298645,0.00117073196452111
natural_residual_qat_w4_c1.0_test,quantized,1,3460,up_blocks.0.resnets.0.conv2.weight,14.164198687110474,1.0850411452900267e-05,0.00013614271074730193,0.005626778293086931,1.9782264982140398e-05,0.00301703496306614,0.00046291756679877005,0.0047596171498298645,0.00117073196452111
natural_residual_qat_w4_c1.0_test,quantized,1,3460,up_blocks.0.resnets.1.conv1.weight,19.529741054109934,-5.464104326617101e-05,-0.0007042304147139264,0.003972900789555172,2.3144780140832795e-05,0.0039407744831712055,0.0003007287798616119,0.0047596171498298645,0.00117073196452111
natural_residual_qat_w4_c1.0_test,quantized,1,3460,up_blocks.0.resnets.1.conv2.weight,13.265358123530822,-8.017543755252925e-05,-0.0009157161461924339,0.006600266748012527,2.684426305780219e-05,0.00362391237003268,0.0005584120989816984,0.0047596171498298645,0.00117073196452111
natural_residual_qat_w4_c1.0_test,quantized,1,3460,up_blocks.0.resnets.2.conv1.weight,20.348720466267306,-0.0001745088719389468,-0.002014214369687039,0.0042576966452416935,5.229887291810368e-05,0.008077488043585272,0.00031818441225053574,0.0047596171498298645,0.00117073196452111
natural_residual_qat_w4_c1.0_test,quantized,1,3460,up_blocks.0.resnets.2.conv2.weight,13.18761870714404,-0.0001396655533720046,-0.001522068431232608,0.006958069238754239,3.2735891804389075e-05,0.004535398126072728,0.000547321336057509,0.0047596171498298645,0.00117073196452111
natural_residual_qat_w4_c1.0_test,quantized,1,3460,up_blocks.0.upsamplers.0.conv.weight,8.128793635318441,-0.000286737294737607,-0.0015068637813148913,0.023409066254292423,8.329568150851322e-05,0.006356557651352265,0.001612034741978306,0.0047596171498298645,0.00117073196452111
natural_residual_qat_w4_c1.0_test,quantized,1,3460,up_blocks.1.resnets.0.conv1.weight,18.97737589364416,-0.00022149075318955743,-0.0022901789607120016,0.005096241726831378,5.069311750635035e-05,0.007553546971024558,0.00035364042676886933,0.0047596171498298645,0.00117073196452111
natural_residual_qat_w4_c1.0_test,quantized,1,3460,up_blocks.1.resnets.0.conv2.weight,18.843327160114082,-0.0007049952309008845,-0.006135559004192298,0.00609781794017479,7.371905251990945e-05,0.00949354881480675,0.00041209141634401976,0.0047596171498298645,0.00117073196452111
natural_residual_qat_w4_c1.0_test,quantized,1,3460,up_blocks.1.resnets.1.conv1.weight,19.589582625006145,-0.0004492392437728637,-0.004382225108024234,0.005233085393921245,6.87282050235513e-05,0.0108912155483123,0.00032213170056788487,0.0047596171498298645,0.00117073196452111
natural_residual_qat_w4_c1.0_test,quantized,1,3460,up_blocks.1.resnets.1.conv2.weight,18.401860539495928,-0.00070330026452191,-0.006196129288093141,0.0061682018120633765,7.792758854867215e-05,0.010604608288711407,0.0003993326967552247,0.0047596171498298645,0.00117073196452111
natural_residual_qat_w4_c1.0_test,quantized,1,3460,up_blocks.1.resnets.2.conv1.weight,19.09464011357584,-0.0010951679331129608,-0.009007615030445061,0.006367360290761399,9.23488399752824e-05,0.01267198662924698,0.00038165878295597316,0.0047596171498298645,0.00117073196452111
natural_residual_qat_w4_c1.0_test,quantized,1,3460,up_blocks.1.resnets.2.conv2.weight,16.95621616098354,-0.0008924365066838282,-0.008495659639439582,0.006195142182388013,7.539128921711614e-05,0.010853979162952313,0.00040964083437682443,0.0047596171498298645,0.00117073196452111
natural_residual_qat_w4_c1.0_test,quantized,1,3460,up_blocks.1.upsamplers.0.conv.weight,8.941004336210582,-0.0013866168359578498,-0.006625984586749158,0.023405598032326985,0.00011221663401843603,0.008940477394004357,0.001403816112627671,0.0047596171498298645,0.00117073196452111
natural_residual_qat_w4_c1.0_test,quantized,1,3460,up_blocks.2.resnets.0.conv1.weight,12.482265871968988,-0.0014968270649069787,-0.01571911563359252,0.0076286921516912996,7.000623221119429e-05,0.014536938745769477,0.00038580718818160013,0.0047596171498298645,0.00117073196452111
natural_residual_qat_w4_c1.0_test,quantized,1,3460,up_blocks.2.resnets.0.conv2.weight,10.361411213747013,-0.001220127143673597,-0.02010714741180248,0.0058564672230979565,5.3968103593248734e-05,0.017703710527033355,0.0002942076409616765,0.0047596171498298645,0.00117073196452111
natural_residual_qat_w4_c1.0_test,quantized,1,3460,up_blocks.2.resnets.0.conv_shortcut.weight,0.9187783344717262,-0.0008792745712834135,-0.015043516910806312,0.06361571156624717,3.712885671561097e-05,0.011764545063647443,0.0034349917097384404,0.0047596171498298645,0.00117073196452111
natural_residual_qat_w4_c1.0_test,quantized,1,3460,up_blocks.2.resnets.1.conv1.weight,8.252206104459688,-0.0011749825230726973,-0.01927081824152484,0.007388583493940284,5.099253887999408e-05,0.019234022389223216,0.0003212672473440373,0.0047596171498298645,0.00117073196452111
natural_residual_qat_w4_c1.0_test,quantized,1,3460,up_blocks.2.resnets.1.conv2.weight,11.144012787854374,-0.00136270065050007,-0.01918064131323704,0.0063752282394646895,5.8716787217935714e-05,0.01809117012866889,0.00029124201353605535,0.0047596171498298645,0.00117073196452111
natural_residual_qat_w4_c1.0_test,quantized,1,3460,up_blocks.2.resnets.2.conv1.weight,8.74299543858771,-0.0013637171460250492,-0.019615502693689973,0.007951784589292054,4.40777837365484e-05,0.01550534179709885,0.00032514580394603175,0.0047596171498298645,0.00117073196452111
natural_residual_qat_w4_c1.0_test,quantized,1,3460,up_blocks.2.resnets.2.conv2.weight,10.491971245344267,-0.0009949597992359063,-0.017302290583290688,0.005480811181315549,4.8801713577323575e-05,0.01673109317887043,0.0002780056754708546,0.0047596171498298645,0.00117073196452111
natural_residual_qat_w4_c1.0_test,quantized,1,3460,up_blocks.2.upsamplers.0.conv.weight,4.914537807113245,-0.0014002869612143706,-0.010457541695133415,0.027246125935511022,6.786105922156294e-05,0.008361116962866216,0.00165148127898555,0.0047596171498298645,0.00117073196452111
natural_residual_qat_w4_c1.0_test,quantized,1,3460,up_blocks.3.resnets.0.conv1.weight,5.879882182445033,-0.0008087973861537377,-0.021421050498940285,0.006421409259984101,2.3564024824432572e-05,0.014332695025399867,0.0002796101854929832,0.0047596171498298645,0.00117073196452111
natural_residual_qat_w4_c1.0_test,quantized,1,3460,up_blocks.3.resnets.0.conv2.weight,6.286417286462597,-0.0004446098883345488,-0.021194452973593184,0.003336980737531841,1.4294779171829944e-05,0.01190337952986796,0.0001910310505509962,0.0047596171498298645,0.00117073196452111
natural_residual_qat_w4_c1.0_test,quantized,1,3460,up_blocks.3.resnets.0.conv_shortcut.weight,0.7317134611549208,-0.0007596056495893341,-0.021837714838217736,0.04753789541637365,2.5362561384117685e-05,0.01364916114587247,0.002539487650691867,0.0047596171498298645,0.00117073196452111
natural_residual_qat_w4_c1.0_test,quantized,1,3460,up_blocks.3.resnets.1.conv1.weight,4.181375832587236,-0.0003999795305121047,-0.014515289121796412,0.006590113141556583,1.3166482042182943e-05,0.008902523999569699,0.0003537019003917372,0.0047596171498298645,0.00117073196452111
natural_residual_qat_w4_c1.0_test,quantized,1,3460,up_blocks.3.resnets.1.conv2.weight,6.495924292696995,-0.0005348915703993724,-0.02056620783034407,0.004003783437996507,1.856694914152905e-05,0.013032993922863813,0.00021930846759774753,0.0047596171498298645,0.00117073196452111
natural_residual_qat_w4_c1.0_test,quantized,1,3460,up_blocks.3.resnets.2.conv1.weight,4.404373665004832,-0.0005246364067596386,-0.01280171986227622,0.009304776551320115,2.1408991975824578e-05,0.008687405832488558,0.0005595281644796533,0.0047596171498298645,0.00117073196452111
natural_residual_qat_w4_c1.0_test,quantized,1,3460,up_blocks.3.resnets.2.conv2.weight,6.32334985775569,-0.0002644210293851721,-0.01714754351570459,0.0024386353606523255,8.66875260766967e-06,0.010306423263785322,0.00013301524658710628,0.0047596171498298645,0.00117073196452111
natural_residual_qat_w4_c1.0_test,quantized,1,3460,mid_block.attentions.0.to_q.weight,4.027140077708262,-7.086671712209098e-06,-0.00178402534394187,0.0009863806836725628,1.3954273751332202e-06,0.004543485758366534,7.6264307551312e-05,0.0047596171498298645,0.00117073196452111
natural_residual_qat_w4_c1.0_test,quantized,1,3460,mid_block.attentions.0.to_k.weight,4.11558562490555,1.3957714773029566e-05,0.0035174757916497114,0.0009641654401553172,6.345186222809288e-07,0.001994906582381482,7.728410246373716e-05,0.0047596171498298645,0.00117073196452111
natural_residual_qat_w4_c1.0_test,quantized,1,3460,mid_block.attentions.0.to_v.weight,2.748360935720632,-3.922600235513698e-05,-0.00237290428732652,0.0060147843639476355,4.73223831432486e-06,0.004175626693184802,0.0004123549148423192,0.0047596171498298645,0.00117073196452111
natural_residual_qat_w4_c1.0_test,quantized,1,3460,mid_block.attentions.0.to_out.0.weight,2.58321970580587,1.567084461577232e-05,0.0008008990459837323,0.0075744880204004494,3.0016478284098547e-06,0.0016590481264667524,0.0007003891463966568,0.0047596171498298645,0.00117073196452111
natural_residual_qat_w4_c1.0_test,quantized,1,3460,mid_block.resnets.0.conv1.weight,19.06352771267311,-0.00010255851821949745,-0.001022863816856719,0.005259574987680933,3.1870443774061354e-05,0.004738905872030606,0.0003527822763386612,0.0047596171498298645,0.00117073196452111
natural_residual_qat_w4_c1.0_test,quantized,1,3460,mid_block.resnets.0.conv2.weight,12.662155694517766,-0.00011723258019038742,-0.0011169714760612245,0.00828893227970743,2.996915392612785e-05,0.003444502405862541,0.0006871322631375619,0.0047596171498298645,0.00117073196452111
natural_residual_qat_w4_c1.0_test,quantized,1,3460,mid_block.resnets.1.conv1.weight,18.269723677687416,0.00012700806609177362,0.002119455653391211,0.003280008659974117,2.2815756719359873e-05,0.005386817497506038,0.00023183053443378193,0.0047596171498298645,0.00117073196452111
natural_residual_qat_w4_c1.0_test,quantized,1,3460,mid_block.resnets.1.conv2.weight,12.952548739003614,1.3167391724352311e-05,0.00017295577730752363,0.0058777274931654565,2.4937597106884857e-05,0.004056182505505834,0.00047465917649775684,0.0047596171498298645,0.00117073196452111
natural_residual_qat_w4_c1.0_test,quantized,1,3460,conv_out.weight,0.14222189022314616,-0.0003574833144580251,-0.030318293322933662,0.0829057360051972,2.5590829592983062e-05,0.027651701449180506,0.006507228531421425,0.0047596171498298645,0.00117073196452111
natural_residual_qat_w4_c1.0_test,quantized,2,3461,conv_in.weight,1.4665391648013746,9.253079214856076e-05,0.005661022251711295,0.01114545371372418,5.499950762444505e-05,0.021003062455001505,0.001785593154086749,0.004529373254626989,0.001980825327336788
natural_residual_qat_w4_c1.0_test,quantized,2,3461,up_blocks.0.resnets.0.conv1.weight,19.28692613072634,-0.00011535118692407926,-0.001736151103348156,0.0034448596277120587,2.053292811355089e-05,0.0027243784484019037,0.0003907692969000787,0.004529373254626989,0.001980825327336788
natural_residual_qat_w4_c1.0_test,quantized,2,3461,up_blocks.0.resnets.0.conv2.weight,14.164198687110474,-5.616765307399402e-05,-0.0007820849922458064,0.005070377741022958,2.6366074802108035e-05,0.002611167304327712,0.0007128838409532223,0.004529373254626989,0.001980825327336788
natural_residual_qat_w4_c1.0_test,quantized,2,3461,up_blocks.0.resnets.1.conv1.weight,19.529741054109934,-4.5754289110196716e-05,-0.0006104362345876049,0.003837912086236237,2.9542437590967872e-05,0.003732170106261757,0.00040531101986563095,0.004529373254626989,0.001980825327336788
natural_residual_qat_w4_c1.0_test,quantized,2,3461,up_blocks.0.resnets.1.conv2.weight,13.265358123530822,-3.532136299820221e-05,-0.0004754656291737844,0.005600145968902279,3.054422494581062e-05,0.0026884530565563316,0.0008564611600489126,0.004529373254626989,0.001980825327336788
natural_residual_qat_w4_c1.0_test,quantized,2,3461,up_blocks.0.resnets.2.conv1.weight,20.348720466267306,-8.92584416291932e-05,-0.0010866267811771122,0.004036749403885157,4.861681821178409e-05,0.0055218258780194065,0.00043267989825284065,0.004529373254626989,0.001980825327336788
natural_residual_qat_w4_c1.0_test,quantized,2,3461,up_blocks.0.resnets.2.conv2.weight,13.18761870714404,-0.000155396270774602,-0.002049289403521868,0.005750040663744085,2.3109155298199293e-05,0.0019874641118235704,0.0008816950325412619,0.004529373254626989,0.001980825327336788
natural_residual_qat_w4_c1.0_test,quantized,2,3461,up_blocks.0.upsamplers.0.conv.weight,8.128793635318441,-0.00034345298093248623,-0.0020060521704420445,0.021061968963715975,9.902211648510847e-05,0.004149767446133922,0.0029355017721497145,0.004529373254626989,0.001980825327336788
natural_residual_qat_w4_c1.0_test,quantized,2,3461,up_blocks.1.resnets.0.conv1.weight,18.97737589364416,-0.0001567116248776423,-0.0015944687846213812,0.005179037222292477,0.00010573515212624906,0.011163872239036927,0.0004990779434240075,0.004529373254626989,0.001980825327336788
natural_residual_qat_w4_c1.0_test,quantized,2,3461,up_blocks.1.resnets.0.conv2.weight,18.843327160114082,-0.0005518837610758444,-0.004902471518619059,0.005974133834793734,0.0001106725822948097,0.009385825284794468,0.0006257631564059002,0.004529373254626989,0.001980825327336788
natural_residual_qat_w4_c1.0_test,quantized,2,3461,up_blocks.1.resnets.1.conv1.weight,19.589582625006145,-0.0002984445190885011,-0.00270172601711933,0.0056389354025160885,0.00010516410117549575,0.011398075624521426,0.0004709890356960157,0.004529373254626989,0.001980825327336788
natural_residual_qat_w4_c1.0_test,quantized,2,3461,up_blocks.1.resnets.1.conv2.weight,18.401860539495928,-0.0005185014561361822,-0.0045667189136383134,0.006169982954090955,0.0001455325767558458,0.012124895353695523,0.0006522596075841076,0.004529373254626989,0.001980825327336788
natural_residual_qat_w4_c1.0_test,quantized,2,3461,up_blocks.1.resnets.2.conv1.weight,19.09464011357584,-0.0007374868081248131,-0.005648745837463851,0.006837396172151652,0.00014185922602626412,0.014176140737098254,0.0005240685434315136,0.004529373254626989,0.001980825327336788
natural_residual_qat_w4_c1.0_test,quantized,2,3461,up_blocks.1.resnets.2.conv2.weight,16.95621616098354,-0.0007317235137447592,-0.007174867440212705,0.006014564479959789,0.00014492766659940744,0.013330615580985106,0.0006411684602510088,0.004529373254626989,0.001980825327336788
natural_residual_qat_w4_c1.0_test,quantized,2,3461,up_blocks.1.upsamplers.0.conv.weight,8.941004336210582,-0.0010557341896339915,-0.005500612616092249,0.021466301269836733,0.00019193743874824524,0.008319889149770639,0.0025802147268834345,0.004529373254626989,0.001980825327336788
natural_residual_qat_w4_c1.0_test,quantized,2,3461,up_blocks.2.resnets.0.conv1.weight,12.482265871968988,-0.001143387991543155,-0.011345825834274388,0.008073541561920467,0.00012301559066796492,0.016279573069679747,0.000605373932284219,0.004529373254626989,0.001980825327336788
natural_residual_qat_w4_c1.0_test,quantized,2,3461,up_blocks.2.resnets.0.conv2.weight,10.361411213747013,-0.001268732687476552,-0.020911517444131448,0.005855522723443979,9.086532540835128e-05,0.01644551157544945,0.0005332512578659494,0.004529373254626989,0.001980825327336788
natural_residual_qat_w4_c1.0_test,quantized,2,3461,up_blocks.2.resnets.0.conv_shortcut.weight,0.9187783344717262,-0.0007831175709920595,-0.014746898593510875,0.05779836176446983,4.424225931654695e-05,0.008254797489301876,0.0058333781142115996,0.004529373254626989,0.001980825327336788
natural_residual_qat_w4_c1.0_test,quantized,2,3461,up_blocks.2.resnets.1.conv1.weight,8.252206104459688,-0.0012446140243256745,-0.017041374912761847,0.008850340771163704,8.898945505271979e-05,0.020322836499851213,0.0005306206628895248,0.004529373254626989,0.001980825327336788
natural_residual_qat_w4_c1.0_test,quantized,2,3461,up_blocks.2.resnets.1.conv2.weight,11.144012787854374,-0.0014077152812002347,-0.018214863310562296,0.006935013434846656,8.490476005944397e-05,0.013093074256152642,0.0005819006017253378,0.004529373254626989,0.001980825327336788
natural_residual_qat_w4_c1.0_test,quantized,2,3461,up_blocks.2.resnets.2.conv1.weight,8.74299543858771,-0.0014131951165041673,-0.017199418854134767,0.009397841222069889,5.66051596842093e-05,0.012366214784766355,0.000523550987082247,0.004529373254626989,0.001980825327336788
natural_residual_qat_w4_c1.0_test,quantized,2,3461,up_blocks.2.resnets.2.conv2.weight,10.491971245344267,-0.000872727581615568,-0.015492589104700399,0.0053690519639382536,5.1697861733406925e-05,0.008790285419389976,0.0005605476190439709,0.004529373254626989,0.001980825327336788
natural_residual_qat_w4_c1.0_test,quantized,2,3461,up_blocks.2.upsamplers.0.conv.weight,4.914537807113245,-0.0011666891277019138,-0.011215786738208323,0.021166191812622186,5.4998390994187755e-05,0.0035910032738967284,0.003116387851588705,0.004529373254626989,0.001980825327336788
natural_residual_qat_w4_c1.0_test,quantized,2,3461,up_blocks.3.resnets.0.conv1.weight,5.879882182445033,-0.0008351799428448621,-0.021070096969310868,0.006741319297818322,2.139967124523043e-05,0.0061890903328879095,0.0005880464817925668,0.004529373254626989,0.001980825327336788
natural_residual_qat_w4_c1.0_test,quantized,2,3461,up_blocks.3.resnets.0.conv2.weight,6.286417286462597,-0.0004612242552706999,-0.021845519966494045,0.003358509231330652,1.426655902627131e-05,0.0056164818387309445,0.0004040654087935053,0.004529373254626989,0.001980825327336788
natural_residual_qat_w4_c1.0_test,quantized,2,3461,up_blocks.3.resnets.0.conv_shortcut.weight,0.7317134611549208,-0.0006088472246801361,-0.019588640423022094,0.042477895461656354,5.699107315750361e-05,0.014274919021441942,0.005456223314012524,0.004529373254626989,0.001980825327336788
natural_residual_qat_w4_c1.0_test,quantized,2,3461,up_blocks.3.resnets.1.conv1.weight,4.181375832587236,-0.00043632879292973396,-0.016942834088140207,0.006158977390125059,9.8871353849956e-06,0.003997842462797809,0.0005914603006726721,0.004529373254626989,0.001980825327336788
natural_residual_qat_w4_c1.0_test,quantized,2,3461,up_blocks.3.resnets.1.conv2.weight,6.495924292696995,-0.0005035067541608791,-0.021327160084187065,0.003634388227915227,8.574892874336561e-06,0.0024159489892933575,0.0005463865349149424,0.004529373254626989,0.001980825327336788
natural_residual_qat_w4_c1.0_test,quantized,2,3461,up_blocks.3.resnets.2.conv1.weight,4.404373665004832,-0.0003435513319390676,-0.011988122187816173,0.00650663310689414,8.709849707012526e-06,0.0018004636514553822,0.001098353519061532,0.004529373254626989,0.001980825327336788
natural_residual_qat_w4_c1.0_test,quantized,2,3461,up_blocks.3.resnets.2.conv2.weight,6.32334985775569,-0.0002444979868241116,-0.021618869728641195,0.0017885253162567814,1.7875362084820017e-05,0.009981546678115261,0.0002832107893969616,0.004529373254626989,0.001980825327336788
natural_residual_qat_w4_c1.0_test,quantized,2,3461,mid_block.attentions.0.to_q.weight,4.027140077708262,5.3917869654169975e-06,0.0012471872907214429,0.0010735055937611524,3.5984463195253977e-06,0.005332282124913111,0.00016757343530474206,0.004529373254626989,0.001980825327336788
natural_residual_qat_w4_c1.0_test,quantized,2,3461,mid_block.attentions.0.to_k.weight,4.11558562490555,-1.4178614951107243e-06,-0.0003354714357279677,0.0010269436634972235,1.7935128371438433e-06,0.003282948243660175,0.00013274213908215731,0.004529373254626989,0.001980825327336788
natural_residual_qat_w4_c1.0_test,quantized,2,3461,mid_block.attentions.0.to_v.weight,2.748360935720632,1.2370989021251822e-05,0.0007589273541304239,0.005931034469465163,9.48223735794431e-06,0.003803984838106528,0.0009069811853870853,0.004529373254626989,0.001980825327336788
natural_residual_qat_w4_c1.0_test,quantized,2,3461,mid_block.attentions.0.to_out.0.weight,2.58321970580587,3.258116280776879e-07,1.828690731952735e-05,0.006897075358930202,1.265450464652211e-06,0.0003673788894783102,0.0013334281141447175,0.004529373254626989,0.001980825327336788
natural_residual_qat_w4_c1.0_test,quantized,2,3461,mid_block.resnets.0.conv1.weight,19.06352771267311,-0.00018960238461583867,-0.0022400511584679495,0.0044399960948760175,4.006307807531608e-05,0.0040079811894211895,0.000524342872240015,0.004529373254626989,0.001980825327336788
natural_residual_qat_w4_c1.0_test,quantized,2,3461,mid_block.resnets.0.conv2.weight,12.662155694517766,-0.000104245689670577,-0.0011236032345313307,0.007327190397108067,3.2252998067722526e-05,0.002071787009056804,0.001229468300310214,0.004529373254626989,0.001980825327336788
natural_residual_qat_w4_c1.0_test,quantized,2,3461,mid_block.resnets.1.conv1.weight,18.269723677687416,-3.8704223269545675e-05,-0.0007055974509279616,0.0030024056885925654,3.869590686752592e-05,0.005281540200715075,0.0004010259353763829,0.004529373254626989,0.001980825327336788
natural_residual_qat_w4_c1.0_test,quantized,2,3461,mid_block.resnets.1.conv2.weight,12.952548739003614,2.1713950116796898e-05,0.00035689385372315163,0.004697259266507034,2.025209833775149e-05,0.0020015348241968762,0.0007811809458503492,0.004529373254626989,0.001980825327336788
natural_residual_qat_w4_c1.0_test,quantized,2,3461,conv_out.weight,0.14222189022314616,-0.00044996463234012624,-0.03947027482898787,0.08015706048092945,-8.141105622783833e-06,-0.005890517566426434,0.009717699996522902,0.004529373254626989,0.001980825327336788
natural_residual_qat_w4_c1.0_test,quantized,3,3462,conv_in.weight,1.4665391648013746,5.423455830848572e-06,0.009853860572401452,0.0003752978090825257,7.0710346132372e-06,0.012002574994025818,0.0004017120593490997,5.238607991486788e-05,0.00021606526570394635
natural_residual_qat_w4_c1.0_test,quantized,3,3462,up_blocks.0.resnets.0.conv1.weight,19.28692613072634,-3.152169890786947e-06,-0.0018426759647255434,8.869469164033116e-05,1.2210730473826048e-06,0.0010057236389838429,6.295061393436568e-05,5.238607991486788e-05,0.00021606526570394635
natural_residual_qat_w4_c1.0_test,quantized,3,3462,up_blocks.0.resnets.0.conv2.weight,14.164198687110474,1.3442325185241332e-06,0.0005497446330450224,0.0001726320345451705,1.4279907317358998e-06,0.000338858037894105,0.00029751960361424246,5.238607991486788e-05,0.00021606526570394635
natural_residual_qat_w4_c1.0_test,quantized,3,3462,up_blocks.0.resnets.1.conv1.weight,19.529741054109934,-1.5968613714641068e-06,-0.00097939151940547,8.348614180284993e-05,3.47061225789318e-06,0.0029859044946385486,5.951599502809059e-05,5.238607991486788e-05,0.00021606526570394635
natural_residual_qat_w4_c1.0_test,quantized,3,3462,up_blocks.0.resnets.1.conv2.weight,13.265358123530822,-1.1102457069126634e-06,-0.0004341085721862221,0.00019279766138882425,2.3378765640541574e-06,0.0005014666787174774,0.0003514475481730811,5.238607991486788e-05,0.00021606526570394635
natural_residual_qat_w4_c1.0_test,quantized,3,3462,up_blocks.0.resnets.2.conv1.weight,20.348720466267306,-6.616581295160807e-06,-0.0032832114473203265,9.903704956198141e-05,4.461542580384718e-06,0.003147690201044731,6.96555866495876e-05,5.238607991486788e-05,0.00021606526570394635
natural_residual_qat_w4_c1.0_test,quantized,3,3462,up_blocks.0.resnets.2.conv2.weight,13.18761870714404,-2.8700914806752228e-06,-0.0010680541926497273,0.00020376804017302637,1.2659545504748707e-06,0.00024598849766219747,0.0003902446268773796,5.238607991486788e-05,0.00021606526570394635
natural_residual_qat_w4_c1.0_test,quantized,3,3462,up_blocks.0.upsamplers.0.conv.weight,8.128793635318441,-1.0331198243928628e-05,-0.0021455456882748707,0.0005923615077722594,1.6818175631754332e-05,0.0021416481969376592,0.0009660612298410328,5.238607991486788e-05,0.00021606526570394635
natural_residual_qat_w4_c1.0_test,quantized,3,3462,up_blocks.1.resnets.0.conv1.weight,18.97737589364416,-3.6838335326051613e-06,-0.0016954501163021002,0.00011449296975802975,7.325179181962057e-06,0.005099714364135639,7.568960532363104e-05,5.238607991486788e-05,0.00021606526570394635
natural_residual_qat_w4_c1.0_test,quantized,3,3462,up_blocks.1.resnets.0.conv2.weight,18.843327160114082,-1.7574879916821284e-06,-0.0006542220564830796,0.00014256390935695991,6.4914075567549775e-06,0.0017063157470317179,0.00020189329199220507,5.238607991486788e-05,0.00021606526570394635
natural_residual_qat_w4_c1.0_test,quantized,3,3462,up_blocks.1.resnets.1.conv1.weight,19.589582625006145,-4.264695181495383e-06,-0.0019519445186525664,0.00011153093502995506,6.572139802912986e-06,0.005170217278315246,6.488925910298749e-05,5.238607991486788e-05,0.00021606526570394635
natural_residual_qat_w4_c1.0_test,quantized,3,3462,up_blocks.1.resnets.1.conv2.weight,18.401860539495928,-1.4446349522002744e-06,-0.0005219179842926676,0.00015041602969761113,1.0171854028412932e-05,0.0024828987424159767,0.00022262779025713036,5.238607991486788e-05,0.00021606526570394635
natural_residual_qat_w4_c1.0_test,quantized,3,3462,up_blocks.1.resnets.2.conv1.weight,19.09464011357584,-2.742253821386774e-06,-0.0010707879310076543,0.00013411974078311617,1.3131233683506143e-05,0.008788495932275635,7.824912622102583e-05,5.238607991486788e-05,0.00021606526570394635
natural_residual_qat_w4_c1.0_test,quantized,3,3462,up_blocks.1.resnets.2.conv2.weight,16.95621616098354,-1.976753622805274e-06,-0.0008272202632184044,0.00014092966995236025,1.2055061241988647e-05,0.0028327914570603204,0.00025097234730728425,5.238607991486788e-05,0.00021606526570394635
natural_residual_qat_w4_c1.0_test,quantized,3,3462,up_blocks.1.upsamplers.0.conv.weight,8.941004336210582,-1.302805069749531e-05,-0.002775000515138359,0.0005250855492384639,1.942457044424085e-05,0.0022656842571243297,0.0009588832471641854,5.238607991486788e-05,0.00021606526570394635
natural_residual_qat_w4_c1.0_test,quantized,3,3462,up_blocks.2.resnets.0.conv1.weight,12.482265871968988,-1.404042544522838e-05,-0.0074968431952097785,0.00015004046856484957,1.0654167139895348e-05,0.008113452490659036,0.0001052011238513889,5.238607991486788e-05,0.00021606526570394635
natural_residual_qat_w4_c1.0_test,quantized,3,3462,up_blocks.2.resnets.0.conv2.weight,10.361411213747013,-1.528093123582439e-05,-0.012055680650321548,0.00012233174656008078,4.891111511335518e-06,0.0022248952747387866,0.00021216760829978828,5.238607991486788e-05,0.00021606526570394635
natural_residual_qat_w4_c1.0_test,quantized,3,3462,up_blocks.2.resnets.0.conv_shortcut.weight,0.9187783344717262,-1.2641427466764215e-05,-0.011581330163346896,0.0011880286902365036,1.1575329879721892e-05,0.005275841715096155,0.0023879810359586262,5.238607991486788e-05,0.00021606526570394635
natural_residual_qat_w4_c1.0_test,quantized,3,3462,up_blocks.2.resnets.1.conv1.weight,8.252206104459688,-1.6222475361933324e-05,-0.014139369179106234,0.00013903272117597116,8.625594693147513e-06,0.012005648233653273,8.706294763508001e-05,5.238607991486788e-05,0.00021606526570394635
natural_residual_qat_w4_c1.0_test,quantized,3,3462,up_blocks.2.resnets.1.conv2.weight,11.144012787854374,-1.6709841999246373e-05,-0.011328995161996057,0.0001323546946142873,7.447311072822815e-06,0.0033194181125515295,0.0002013241774819641,5.238607991486788e-05,0.00021606526570394635
natural_residual_qat_w4_c1.0_test,quantized,3,3462,up_blocks.2.resnets.2.conv1.weight,8.74299543858771,-2.0776912918154154e-05,-0.01683171438435646,0.00014118625372475885,7.214507360512268e-06,0.007765862389967225,0.00010625680139625694,5.238607991486788e-05,0.00021606526570394635
natural_residual_qat_w4_c1.0_test,quantized,3,3462,up_blocks.2.resnets.2.conv2.weight,10.491971245344267,-9.097287177299906e-06,-0.0080863519058688,0.00010722651115808226,5.735590493290938e-06,0.0026020000155569014,0.00021009404838276906,5.238607991486788e-05,0.00021606526570394635
natural_residual_qat_w4_c1.0_test,quantized,3,3462,up_blocks.2.upsamplers.0.conv.weight,4.914537807113245,-1.0870798528709848e-05,-0.004030881166514909,0.0005487553552579786,-3.914960149315484e-06,-0.0006679543286676024,0.0011926084898911202,5.238607991486788e-05,0.00021606526570394635
natural_residual_qat_w4_c1.0_test,quantized,3,3462,up_blocks.3.resnets.0.conv1.weight,5.879882182445033,-7.577342142342016e-06,-0.009921855792850105,0.00012988391264949527,1.3047475491032946e-06,0.0018724819219418098,0.00011850597076525921,5.238607991486788e-05,0.00021606526570394635
natural_residual_qat_w4_c1.0_test,quantized,3,3462,up_blocks.3.resnets.0.conv2.weight,6.286417286462597,-3.9070495660316465e-06,-0.008023258328441722,7.746311186163077e-05,4.250836066060288e-06,0.006962256676332781,9.712278351365429e-05,5.238607991486788e-05,0.00021606526570394635
natural_residual_qat_w4_c1.0_test,quantized,3,3462,up_blocks.3.resnets.0.conv_shortcut.weight,0.7317134611549208,-9.373989400012589e-06,-0.012140772335003531,0.0010552056261542088,4.878780294786606e-06,0.003969712302716668,0.0016796205636806427,5.238607991486788e-05,0.00021606526570394635
natural_residual_qat_w4_c1.0_test,quantized,3,3462,up_blocks.3.resnets.1.conv1.weight,4.181375832587236,-7.219386705766719e-06,-0.010096101389993862,0.00017101231940445623,1.7636258151112341e-06,0.002653085724731833,0.0001589776084861366,5.238607991486788e-05,0.00021606526570394635
natural_residual_qat_w4_c1.0_test,quantized,3,3462,up_blocks.3.resnets.1.conv2.weight,6.495924292696995,-5.135743151013626e-06,-0.00832035949688854,9.502114289035447e-05,1.6687813288071132e-06,0.0022186546789884076,0.00011578938979838339,5.238607991486788e-05,0.00021606526570394635
natural_residual_qat_w4_c1.0_test,quantized,3,3462,up_blocks.3.resnets.2.conv1.weight,4.404373665004832,-4.067820878851271e-06,-0.0041570444753154115,0.00022217387662474354,1.814787920524231e-06,0.0018722501465323206,0.00022007861760574515,5.238607991486788e-05,0.00021606526570394635
natural_residual_qat_w4_c1.0_test,quantized,3,3462,up_blocks.3.resnets.2.conv2.weight,6.32334985775569,-2.5402688243929835e-06,-0.007955019518418443,5.049998134503693e-05,-2.2296124813149972e-06,-0.003810933531070061,9.25232334334582e-05,5.238607991486788e-05,0.00021606526570394635
natural_residual_qat_w4_c1.0_test,quantized,3,3462,mid_block.attentions.0.to_q.weight,4.027140077708262,2.646499546296646e-07,0.0024205507386285555,2.7149441323128958e-05,1.9751912603813095e-07,0.0024559504279015056,1.9970678612637814e-05,5.238607991486788e-05,0.00021606526570394635
natural_residual_qat_w4_c1.0_test,quantized,3,3462,mid_block.attentions.0.to_k.weight,4.11558562490555,2.4831695969366977e-07,0.0033900455829398574,1.7797918052929548e-05,1.5109065673461384e-07,0.002591546452132433,1.4165991260732543e-05,5.238607991486788e-05,0.00021606526570394635
natural_residual_qat_w4_c1.0_test,quantized,3,3462,mid_block.attentions.0.to_v.weight,2.748360935720632,-1.0730285360542265e-06,-0.002267170571484524,0.00017220799449503462,1.7789418041724208e-06,0.003707983792989712,0.0001745621758864858,5.238607991486788e-05,0.00021606526570394635
natural_residual_qat_w4_c1.0_test,quantized,3,3462,mid_block.attentions.0.to_out.0.weight,2.58321970580587,-2.4040054268820605e-06,-0.004479840587829659,0.00020773589171015828,4.054978814064708e-06,0.003670736088670604,0.000427635827019406,5.238607991486788e-05,0.00021606526570394635
natural_residual_qat_w4_c1.0_test,quantized,3,3462,mid_block.resnets.0.conv1.weight,19.06352771267311,-4.032925238178922e-06,-0.0017435098248434239,0.00012133679020047852,1.8245462187985422e-06,0.0010502722181948965,9.112755571242776e-05,5.238607991486788e-05,0.00021606526570394635
natural_residual_qat_w4_c1.0_test,quantized,3,3462,mid_block.resnets.0.conv2.weight,12.662155694517766,-2.2759019151237527e-06,-0.0007326286828939029,0.0002453363921522199,2.1601024925523036e-06,0.000429104688452505,0.00039756070219373066,5.238607991486788e-05,0.00021606526570394635
natural_residual_qat_w4_c1.0_test,quantized,3,3462,mid_block.resnets.1.conv1.weight,18.269723677687416,1.2509331648529357e-06,0.0007381218193018914,9.276285024064851e-05,6.07992769457765e-07,0.0004682701597643995,7.10673222735334e-05,5.238607991486788e-05,0.00021606526570394635
natural_residual_qat_w4_c1.0_test,quantized,3,3462,mid_block.resnets.1.conv2.weight,12.952548739003614,-2.9126370600794547e-06,-0.0013447252639417987,0.00016722360116077015,2.6046153918352e-06,0.0006982834666034131,0.00028797620766338004,5.238607991486788e-05,0.00021606526570394635
natural_residual_qat_w4_c1.0_test,quantized,3,3462,conv_out.weight,0.14222189022314616,1.4076246119577502e-07,0.0005457130102478883,0.0018136609300322074,5.6423805478679185e-06,0.011386281407686048,0.0034842877510480505,5.238607991486788e-05,0.00021606526570394635
natural_full_finetune_fp32_test,fp32,0,3459,conv_in.weight,0.48729639278092124,-3.456582142168255e-05,-0.06474536196966595,0.0010955823376210495,0.00010004398989759227,0.13846231539454287,0.001482744143936513,0.00031075370498001575,0.0024497807025909424
natural_full_finetune_fp32_test,fp32,0,3459,conv_in.bias,0.05892930560018015,-6.762807457786424e-07,-0.12722379676329093,9.020432212272355e-05,-6.4213597595603626e-06,-0.46928823379070717,0.0002321966838736897,0.00031075370498001575,0.0024497807025909424
natural_full_finetune_fp32_test,fp32,0,3459,up_blocks.0.resnets.0.norm1.weight,0.12673591155887784,-5.130862644332613e-07,-0.09231810617105027,4.385345438908559e-05,-5.647072945262861e-07,-0.06990877011133699,6.373706237502041e-05,0.00031075370498001575,0.0024497807025909424
natural_full_finetune_fp32_test,fp32,0,3459,up_blocks.0.resnets.0.norm1.bias,0.08418737456875791,-2.6160901051530036e-07,-0.07701104839861536,4.03508508128854e-05,1.6235029503943206e-07,0.03019648288366013,6.38630644906905e-05,0.00031075370498001575,0.0024497807025909424
natural_full_finetune_fp32_test,fp32,0,3459,up_blocks.0.resnets.0.conv1.weight,7.6082956136500215,1.6912351546438803e-05,0.005646920670862998,0.000393645174813493,3.692285616017602e-05,0.013010474204936116,0.00037300511219403584,0.00031075370498001575,0.0024497807025909424
natural_full_finetune_fp32_test,fp32,0,3459,up_blocks.0.resnets.0.conv1.bias,0.040866165646455364,6.077314532071685e-09,0.009570351635901513,1.553888769292028e-05,-2.700206061833795e-08,-0.03256420075928225,2.0290492724064014e-05,0.00031075370498001575,0.0024497807025909424
natural_full_finetune_fp32_test,fp32,0,3459,up_blocks.0.resnets.0.norm2.weight,0.20332162847471544,-7.768625241274287e-07,-0.08824347333020564,4.329901314440707e-05,-4.1215087076760955e-07,-0.036556939824628876,5.545016060938688e-05,0.00031075370498001575,0.0024497807025909424
natural_full_finetune_fp32_test,fp32,0,3459,up_blocks.0.resnets.0.norm2.bias,0.054798035156546,-4.222249888333495e-07,-0.0733070241328551,0.00010510741527292235,1.1521789876848946e-06,0.1395649871238554,0.0001506532427823663,0.00031075370498001575,0.0024497807025909424
natural_full_finetune_fp32_test,fp32,0,3459,up_blocks.0.resnets.0.conv2.weight,8.103536652967156,-1.7930565520253072e-05,-0.004095520282447141,0.0005402693189397342,5.565651350868582e-05,0.009763441104571842,0.0007034585065400753,0.00031075370498001575,0.0024497807025909424
natural_full_finetune_fp32_test,fp32,0,3459,up_blocks.0.resnets.0.conv2.bias,0.0368208203199458,-1.197245242115181e-07,-0.04246997752383291,7.656100556059116e-05,5.629601582639747e-08,0.00858871235136564,0.00017801481303941357,0.00031075370498001575,0.0024497807025909424
natural_full_finetune_fp32_test,fp32,0,3459,up_blocks.0.resnets.1.norm1.weight,0.11935861602126578,1.932314375932278e-07,0.026149309086304556,6.191042594681701e-05,-7.3262342130348e-07,-0.07569338175193807,8.109033889821599e-05,0.00031075370498001575,0.0024497807025909424
natural_full_finetune_fp32_test,fp32,0,3459,up_blocks.0.resnets.1.norm1.bias,0.059573905150395526,-1.35279907535199e-07,-0.03334718710879743,6.809543864601153e-05,-4.880698139385431e-09,-0.0008839891572543866,9.267848814405427e-05,0.00031075370498001575,0.0024497807025909424
natural_full_finetune_fp32_test,fp32,0,3459,up_blocks.0.resnets.1.conv1.weight,7.730774045084566,-7.093738173116875e-06,-0.0022408402476189705,0.0004094880936674189,5.1344383007588124e-05,0.015446781530867548,0.0004299638621674806,0.00031075370498001575,0.0024497807025909424
natural_full_finetune_fp32_test,fp32,0,3459,up_blocks.0.resnets.1.conv1.bias,0.04157937059141016,-8.977767135753888e-08,-0.10431754919142777,2.0698222459175708e-05,-1.0544352011098364e-07,-0.08895423662107178,2.850856438598611e-05,0.00031075370498001575,0.0024497807025909424
natural_full_finetune_fp32_test,fp32,0,3459,up_blocks.0.resnets.1.norm2.weight,0.19943458164844177,-8.261495808928662e-07,-0.07074984239916295,5.855078789907021e-05,-3.4552786115322495e-07,-0.02242844198115957,7.724733395559046e-05,0.00031075370498001575,0.0024497807025909424
natural_full_finetune_fp32_test,fp32,0,3459,up_blocks.0.resnets.1.norm2.bias,0.05712946065280567,-5.086950124955463e-07,-0.07418869152615447,0.00012002166415448406,-1.0983412399452114e-06,-0.12072207246476858,0.00015925404940794578,0.00031075370498001575,0.0024497807025909424
natural_full_finetune_fp32_test,fp32,0,3459,up_blocks.0.resnets.1.conv2.weight,7.987054453206774,-4.667441853058773e-06,-0.0009744646632309443,0.0005996891286263384,7.689065849411528e-05,0.01173943425282012,0.0008200489314056133,0.00031075370498001575,0.0024497807025909424
natural_full_finetune_fp32_test,fp32,0,3459,up_blocks.0.resnets.1.conv2.bias,0.03853296455461855,-5.8131440216078145e-08,-0.023289854401812003,6.477566590552857e-05,5.275159111603956e-08,0.008116386201691353,0.00016867100658359073,0.00031075370498001575,0.0024497807025909424
natural_full_finetune_fp32_test,fp32,0,3459,up_blocks.0.resnets.2.norm1.weight,0.13853648275868222,8.696753434283983e-08,0.01056868719208549,5.9398018326571864e-05,-1.0462663953379778e-06,-0.08150690895092626,9.265816514912919e-05,0.00031075370498001575,0.0024497807025909424
natural_full_finetune_fp32_test,fp32,0,3459,up_blocks.0.resnets.2.norm1.bias,0.07256404563510038,1.7496719739745277e-07,0.03940820439640585,6.118549819747429e-05,-1.8471407903131102e-06,-0.238274107501712,0.00010683207398311054,0.00031075370498001575,0.0024497807025909424
natural_full_finetune_fp32_test,fp32,0,3459,up_blocks.0.resnets.2.conv1.weight,8.242480364879563,5.698148759302474e-06,0.0015324205411629747,0.0004511260407161934,3.740817300378815e-05,0.009717297867719283,0.00046704966104618495,0.00031075370498001575,0.0024497807025909424
natural_full_finetune_fp32_test,fp32,0,3459,up_blocks.0.resnets.2.conv1.bias,0.08857849179302839,-9.741657927755403e-09,-0.005727694400078342,1.9201040157927705e-05,-1.5307683343097287e-07,-0.061223973924697986,2.8226671763033628e-05,0.00031075370498001575,0.0024497807025909424
natural_full_finetune_fp32_test,fp32,0,3459,up_blocks.0.resnets.2.norm2.weight,0.1648578968374648,-1.0145547908229136e-06,-0.08279800714773053,7.43268738489882e-05,2.3648637626212487e-06,0.12461766778813607,0.00011511098025463109,0.00031075370498001575,0.0024497807025909424
natural_full_finetune_fp32_test,fp32,0,3459,up_blocks.0.resnets.2.norm2.bias,0.07396253149791619,-1.0445443667643618e-06,-0.11401984837115234,0.00012386102364519953,-5.903872121813232e-07,-0.041464161532133684,0.00019250955367627765,0.00031075370498001575,0.0024497807025909424
natural_full_finetune_fp32_test,fp32,0,3459,up_blocks.0.resnets.2.conv2.weight,7.392106321607191,-5.313381475104029e-06,-0.0011368942940775692,0.0006322410725516219,8.31706632396617e-05,0.01405590913690976,0.0008004662378868276,0.00031075370498001575,0.0024497807025909424
natural_full_finetune_fp32_test,fp32,0,3459,up_blocks.0.resnets.2.conv2.bias,0.042611165290195055,-3.419998970915229e-08,-0.013134497027242972,6.110674038469304e-05,1.54370706800985e-09,0.00021808366437657255,0.00016611863190066483,0.00031075370498001575,0.0024497807025909424
natural_full_finetune_fp32_test,fp32,0,3459,up_blocks.0.upsamplers.0.conv.weight,8.241464639602889,-7.90918706141822e-05,-0.004614422550364677,0.002079744988896523,0.00026644417285205874,0.015357587322637188,0.002105129579603827,0.00031075370498001575,0.0024497807025909424
natural_full_finetune_fp32_test,fp32,0,3459,up_blocks.0.upsamplers.0.conv.bias,0.04408636259191192,3.5057074533193256e-08,0.026550784686785865,2.994980802261766e-05,-5.572829103267851e-08,-0.03229325917067935,3.91434931115942e-05,0.00031075370498001575,0.0024497807025909424
natural_full_finetune_fp32_test,fp32,0,3459,up_blocks.1.resnets.0.norm1.weight,0.13151795004721442,1.7121707796272765e-07,0.018363293128243835,7.089432685701052e-05,-3.882015266766028e-07,-0.038013361463982535,7.7649011744013e-05,0.00031075370498001575,0.0024497807025909424
natural_full_finetune_fp32_test,fp32,0,3459,up_blocks.1.resnets.0.norm1.bias,0.10159788475271539,-1.4688515181161527e-07,-0.020208004459422217,7.154343718822113e-05,2.0468409493937905e-07,0.0333319649501091,6.044195655381932e-05,0.00031075370498001575,0.0024497807025909424
natural_full_finetune_fp32_test,fp32,0,3459,up_blocks.1.resnets.0.conv1.weight,7.908065568235215,-2.1682468312293313e-05,-0.00493453428204225,0.0005556384463811022,6.133510406262537e-05,0.015751003905341048,0.0004924142423175844,0.00031075370498001575,0.0024497807025909424
natural_full_finetune_fp32_test,fp32,0,3459,up_blocks.1.resnets.0.conv1.bias,0.04655430419069107,-3.2295878173333984e-08,-0.026670802554082357,2.601064812138011e-05,-4.993798290368304e-09,-0.005254412460112609,2.0414887705384814e-05,0.00031075370498001575,0.0024497807025909424
natural_full_finetune_fp32_test,fp32,0,3459,up_blocks.1.resnets.0.norm2.weight,0.10000350285416221,3.5356622544829264e-07,0.04572528078168167,7.732130561667282e-05,4.5465944037252917e-07,0.06328121938608393,7.184493587258926e-05,0.00031075370498001575,0.0024497807025909424
natural_full_finetune_fp32_test,fp32,0,3459,up_blocks.1.resnets.0.norm2.bias,0.09207148517153575,4.084334455864389e-07,0.05738886122673811,7.729805076889032e-05,2.910387323764165e-07,0.0482554586835534,6.550571530880598e-05,0.00031075370498001575,0.0024497807025909424
natural_full_finetune_fp32_test,fp32,0,3459,up_blocks.1.resnets.0.conv2.weight,8.166516180136648,-8.70307563370857e-05,-0.01656212398313538,0.0006434575476900306,9.276461959277077e-05,0.02152943854906211,0.0005276097794888679,0.00031075370498001575,0.0024497807025909424
natural_full_finetune_fp32_test,fp32,0,3459,up_blocks.1.resnets.0.conv2.bias,0.04357193728673002,-4.024405315081064e-08,-0.034457577283124305,2.6804647797773905e-05,-1.1035316675489748e-08,-0.006603678696899959,3.8352351419761436e-05,0.00031075370498001575,0.0024497807025909424
natural_full_finetune_fp32_test,fp32,0,3459,up_blocks.1.resnets.1.norm1.weight,0.11282589375032782,1.0543144182015962e-06,0.13031361223712523,7.170865551023176e-05,1.0028213707995448e-07,0.014119808526186783,6.294858766547972e-05,0.00031075370498001575,0.0024497807025909424
natural_full_finetune_fp32_test,fp32,0,3459,up_blocks.1.resnets.1.norm1.bias,0.07931337307116004,5.424607059027234e-07,0.09740390611419938,7.021752074604833e-05,-1.2072092823310176e-07,-0.026111701242963758,5.829092913516339e-05,0.00031075370498001575,0.0024497807025909424
natural_full_finetune_fp32_test,fp32,0,3459,up_blocks.1.resnets.1.conv1.weight,8.493238784199912,-6.118971284010372e-05,-0.012512822517227544,0.0005757710124347815,6.693176195388866e-05,0.016627833788228727,0.00047393987412539353,0.00031075370498001575,0.0024497807025909424
natural_full_finetune_fp32_test,fp32,0,3459,up_blocks.1.resnets.1.conv1.bias,0.06838392005986615,-4.1510797476922124e-08,-0.023204404355532966,2.6159934920360918e-05,-3.61163735259545e-09,-0.002345581606108651,2.251643321690112e-05,0.00031075370498001575,0.0024497807025909424
natural_full_finetune_fp32_test,fp32,0,3459,up_blocks.1.resnets.1.norm2.weight,0.12305194857524501,-5.241456855662429e-08,-0.006149448509505174,6.926715504437549e-05,3.5528700169666334e-07,0.042982061561602426,6.717436686511614e-05,0.00031075370498001575,0.0024497807025909424
natural_full_finetune_fp32_test,fp32,0,3459,up_blocks.1.resnets.1.norm2.bias,0.12439787529304377,-7.670266873837004e-08,-0.010089507005655028,6.111215039791177e-05,-1.5538955292865985e-07,-0.02202099947219153,5.672465040159498e-05,0.00031075370498001575,0.0024497807025909424
natural_full_finetune_fp32_test,fp32,0,3459,up_blocks.1.resnets.1.conv2.weight,8.240779530633594,-8.20241585006516e-05,-0.015536811682463842,0.000640636363673934,9.933510190620365e-05,0.022328430296434314,0.0005398539126087011,0.00031075370498001575,0.0024497807025909424
natural_full_finetune_fp32_test,fp32,0,3459,up_blocks.1.resnets.1.conv2.bias,0.04888583750048641,-1.1190121052092785e-07,-0.10871410705152759,2.1055512742955432e-05,-4.34105430841031e-08,-0.024215710167424378,3.667034106318592e-05,0.00031075370498001575,0.0024497807025909424
natural_full_finetune_fp32_test,fp32,0,3459,up_blocks.1.resnets.2.norm1.weight,0.11842704208681087,-5.512826278763985e-07,-0.052568090740272196,8.855258043195088e-05,-4.933706995201746e-07,-0.045840995538920994,9.088002356207751e-05,0.00031075370498001575,0.0024497807025909424
natural_full_finetune_fp32_test,fp32,0,3459,up_blocks.1.resnets.2.norm1.bias,0.07192844340959147,-3.82785960737934e-07,-0.0644537773585727,8.256708732659867e-05,-4.579468651785317e-07,-0.07038329504402124,9.04575526764377e-05,0.00031075370498001575,0.0024497807025909424
natural_full_finetune_fp32_test,fp32,0,3459,up_blocks.1.resnets.2.conv1.weight,8.408799839276847,-0.0001072052019179775,-0.01699697794295262,0.000750084400493696,9.565951928027794e-05,0.0208778877179135,0.0005448884743765612,0.00031075370498001575,0.0024497807025909424
natural_full_finetune_fp32_test,fp32,0,3459,up_blocks.1.resnets.2.conv1.bias,0.05973749558067517,-1.0733226511587624e-07,-0.06244228228113328,2.8774283291939043e-05,-2.1287256479326717e-07,-0.12799428450425315,2.784082525350513e-05,0.00031075370498001575,0.0024497807025909424
natural_full_finetune_fp32_test,fp32,0,3459,up_blocks.1.resnets.2.norm2.weight,0.11641384698900986,-3.510571598182611e-07,-0.03640118642944253,8.284335046623823e-05,2.8154501185093246e-07,0.02624197063515134,9.216090930529228e-05,0.00031075370498001575,0.0024497807025909424
natural_full_finetune_fp32_test,fp32,0,3459,up_blocks.1.resnets.2.norm2.bias,0.10435747292699867,-2.5781491411727e-07,-0.03838209632072158,6.436589197413896e-05,-1.3935501878888602e-07,-0.019525571118528373,6.839042688590372e-05,0.00031075370498001575,0.0024497807025909424
natural_full_finetune_fp32_test,fp32,0,3459,up_blocks.1.resnets.2.conv2.weight,7.894154600823681,-0.00011649037874697786,-0.02381898198258976,0.0006195284201588421,0.00010751877489823179,0.025680816058881336,0.0005303588980782323,0.00031075370498001575,0.0024497807025909424
natural_full_finetune_fp32_test,fp32,0,3459,up_blocks.1.resnets.2.conv2.bias,0.05066496534831913,-4.3225221233010054e-08,-0.05401052911225991,1.5796142499612146e-05,-1.6103271086959406e-09,-0.0009049882167376287,3.512072152187179e-05,0.00031075370498001575,0.0024497807025909424
natural_full_finetune_fp32_test,fp32,0,3459,up_blocks.1.upsamplers.0.conv.weight,8.17562969200485,-0.0003081897482379306,-0.019713655249899438,0.0019121846096180177,0.00030069296604390603,0.022836384464776722,0.0016105518488903992,0.00031075370498001575,0.0024497807025909424
natural_full_finetune_fp32_test,fp32,0,3459,up_blocks.1.upsamplers.0.conv.bias,0.04834683230791416,-5.1060048816978426e-09,-0.017272173073345217,6.114574210405115e-06,1.4783994575702635e-08,0.03612035694445888,8.465872759587597e-06,0.00031075370498001575,0.0024497807025909424
natural_full_finetune_fp32_test,fp32,0,3459,up_blocks.2.resnets.0.norm1.weight,0.13592526859513274,-8.982187053939253e-07,-0.06985559585056532,9.459772535266385e-05,5.582266396610914e-07,0.041432943656515994,9.912074755299143e-05,0.00031075370498001575,0.0024497807025909424
natural_full_finetune_fp32_test,fp32,0,3459,up_blocks.2.resnets.0.norm1.bias,0.10490292895797448,-1.5182038579046222e-07,-0.02042804896201429,7.084604104814566e-05,1.0729015774304546e-07,0.017156637694585596,5.961287803357623e-05,0.00031075370498001575,0.0024497807025909424
natural_full_finetune_fp32_test,fp32,0,3459,up_blocks.2.resnets.0.conv1.weight,5.737304840524999,-0.00017428272609122192,-0.045723896802674406,0.0006643595506364681,8.418361687612192e-05,0.030208194263718915,0.00048572995750674453,0.00031075370498001575,0.0024497807025909424
natural_full_finetune_fp32_test,fp32,0,3459,up_blocks.2.resnets.0.conv1.bias,0.0444532371857287,-9.970593493850327e-08,-0.10880178735798059,2.0614916857712256e-05,2.786050697495567e-08,0.0405739345368708,1.544679909507387e-05,0.00031075370498001575,0.0024497807025909424
natural_full_finetune_fp32_test,fp32,0,3459,up_blocks.2.resnets.0.norm2.weight,0.1023420537658409,-4.228521087537032e-07,-0.058432460678291984,7.070989580139436e-05,-5.755812751847083e-08,-0.008190882276912396,6.86628530243229e-05,0.00031075370498001575,0.0024497807025909424
natural_full_finetune_fp32_test,fp32,0,3459,up_blocks.2.resnets.0.norm2.bias,0.06059237614428373,-2.905162206025233e-07,-0.08378750732545559,5.7223330579069704e-05,2.578437491663407e-07,0.09997852763855722,4.256296626901733e-05,0.00031075370498001575,0.0024497807025909424
natural_full_finetune_fp32_test,fp32,0,3459,up_blocks.2.resnets.0.conv2.weight,3.6311836808613362,-0.00010962761883099845,-0.05577925085994293,0.0005412514663646805,2.120757432932767e-05,0.015605370415206328,0.00037425593671260157,0.00031075370498001575,0.0024497807025909424
natural_full_finetune_fp32_test,fp32,0,3459,up_blocks.2.resnets.0.conv2.bias,0.03781860958458735,-3.929581152337234e-08,-0.09741098606940403,1.0666765919337149e-05,2.8330083363794916e-08,0.0481622478831611,1.555376546905742e-05,0.00031075370498001575,0.0024497807025909424
natural_full_finetune_fp32_test,fp32,0,3459,up_blocks.2.resnets.0.conv_shortcut.weight,1.3905175707348099,-0.00044073327650311875,-0.052781676838963856,0.006005043776328917,0.00021726435128375087,0.03820196232690925,0.004090028367364732,0.00031075370498001575,0.0024497807025909424
natural_full_finetune_fp32_test,fp32,0,3459,up_blocks.2.resnets.0.conv_shortcut.bias,0.03781860174761221,-3.9296352376530705e-08,-0.09741234698485018,1.0666765919337149e-05,2.8330938576515013e-08,0.048163711758920244,1.555376546905742e-05,0.00031075370498001575,0.0024497807025909424
natural_full_finetune_fp32_test,fp32,0,3459,up_blocks.2.resnets.1.norm1.weight,0.1043223943151048,-1.672338779686246e-07,-0.0265326152122155,6.041804327405903e-05,7.762303858747234e-08,0.01391860050706376,5.345859291336509e-05,0.00031075370498001575,0.0024497807025909424
natural_full_finetune_fp32_test,fp32,0,3459,up_blocks.2.resnets.1.norm1.bias,0.07165863191242715,-1.9620528873308885e-08,-0.005648882031258842,4.8470744669456376e-05,2.0763003629071773e-07,0.07107281324882297,4.076788310867751e-05,0.00031075370498001575,0.0024497807025909424
natural_full_finetune_fp32_test,fp32,0,3459,up_blocks.2.resnets.1.conv1.weight,3.9067712755469897,-0.00013900174786476266,-0.058953968086961614,0.0006035166184760878,2.8172198771326293e-05,0.016385303360064593,0.0004400968616756277,0.00031075370498001575,0.0024497807025909424
natural_full_finetune_fp32_test,fp32,0,3459,up_blocks.2.resnets.1.conv1.bias,0.04962878373046377,-2.5148501332743525e-07,-0.17493049998116414,2.8967628357217274e-05,8.877112570833817e-09,0.008494574238403049,2.1056999124166e-05,0.00031075370498001575,0.0024497807025909424
natural_full_finetune_fp32_test,fp32,0,3459,up_blocks.2.resnets.1.norm2.weight,0.09385059775758288,1.3868157886613643e-07,0.03623027266860094,4.078590766877972e-05,1.550269385093552e-07,0.04867762490686724,3.393444476575541e-05,0.00031075370498001575,0.0024497807025909424
natural_full_finetune_fp32_test,fp32,0,3459,up_blocks.2.resnets.1.norm2.bias,0.0771975539687637,-3.334220295262432e-07,-0.1324421880658701,3.2611021581759176e-05,5.136858959824543e-08,0.025755477768883043,2.583595333003145e-05,0.00031075370498001575,0.0024497807025909424
natural_full_finetune_fp32_test,fp32,0,3459,up_blocks.2.resnets.1.conv2.weight,3.6338808555422233,-0.00013279288986592678,-0.06723393435917203,0.0005435201037896139,1.4193788617257356e-05,0.011190902144604022,0.00034902983424480393,0.00031075370498001575,0.0024497807025909424
natural_full_finetune_fp32_test,fp32,0,3459,up_blocks.2.resnets.1.conv2.bias,0.032388944238949946,-2.7249134589833253e-08,-0.08892167964781925,9.461244475163304e-06,5.1691832085883175e-08,0.1050252208204019,1.5196078547997435e-05,0.00031075370498001575,0.0024497807025909424
natural_full_finetune_fp32_test,fp32,0,3459,up_blocks.2.resnets.2.norm1.weight,0.0965775643709819,-3.602362699313594e-07,-0.046088740430229244,8.093126881300208e-05,-9.057963386652611e-07,-0.12000237267919835,7.815638784032428e-05,0.00031075370498001575,0.0024497807025909424
natural_full_finetune_fp32_test,fp32,0,3459,up_blocks.2.resnets.2.norm1.bias,0.06743007777808044,-4.816675320330287e-07,-0.09839651591354034,7.259621715780355e-05,4.916288197414704e-07,0.14688390938544374,4.96374485734203e-05,0.00031075370498001575,0.0024497807025909424
natural_full_finetune_fp32_test,fp32,0,3459,up_blocks.2.resnets.2.conv1.weight,3.8671344773796026,-0.00018883526531774888,-0.06788984385081884,0.0007192651501006364,1.646397951895777e-06,0.0008598913325621012,0.0004951103111942538,0.00031075370498001575,0.0024497807025909424
natural_full_finetune_fp32_test,fp32,0,3459,up_blocks.2.resnets.2.conv1.bias,0.047268810005626924,-9.238503277505211e-08,-0.05300680581874609,3.6871882713172515e-05,1.5121689813910772e-07,0.15645905100422614,2.044678189926521e-05,0.00031075370498001575,0.0024497807025909424
natural_full_finetune_fp32_test,fp32,0,3459,up_blocks.2.resnets.2.norm2.weight,0.09823095486588691,-6.335674657692632e-07,-0.09006895224853133,7.16092938916268e-05,-4.202774188624027e-06,-0.10785258279790115,0.00039669537840296204,0.00031075370498001575,0.0024497807025909424
natural_full_finetune_fp32_test,fp32,0,3459,up_blocks.2.resnets.2.norm2.bias,0.06654019562757517,-1.1663092134754637e-07,-0.03781882739217373,4.634699425456527e-05,1.473352184430626e-07,0.046470699177337316,4.764784806614286e-05,0.00031075370498001575,0.0024497807025909424
natural_full_finetune_fp32_test,fp32,0,3459,up_blocks.2.resnets.2.conv2.weight,3.5602187236973877,-0.00010043155362748817,-0.05531721477871812,0.0005099565753559878,-4.5098927256026134e-05,-0.03178722281189778,0.00039850790958108513,0.00031075370498001575,0.0024497807025909424
natural_full_finetune_fp32_test,fp32,0,3459,up_blocks.2.resnets.2.conv2.bias,0.03985385521555269,4.772625307946597e-08,0.178065377057577,6.72523582014831e-06,7.093449387925419e-08,0.11665009599277078,1.525815544848536e-05,0.00031075370498001575,0.0024497807025909424
natural_full_finetune_fp32_test,fp32,0,3459,up_blocks.2.upsamplers.0.conv.weight,3.1705345191542937,-0.0002926664988664792,-0.04152424498784912,0.002222996513689276,8.042689575059384e-05,0.013831852467155426,0.00183395414451253,0.00031075370498001575,0.0024497807025909424
natural_full_finetune_fp32_test,fp32,0,3459,up_blocks.2.upsamplers.0.conv.bias,0.043332929874955906,-2.614219798782175e-09,-0.020189789501748368,2.9880802319710265e-06,1.1189303145111586e-08,0.04444764059247561,5.809466794468905e-06,0.00031075370498001575,0.0024497807025909424
natural_full_finetune_fp32_test,fp32,0,3459,up_blocks.3.resnets.0.norm1.weight,0.09812264066091474,-1.3022532891975254e-06,-0.16654253924666945,7.968949115087063e-05,-1.3213313228091577e-06,-0.13077277704253898,0.00010297342464736478,0.00031075370498001575,0.0024497807025909424
natural_full_finetune_fp32_test,fp32,0,3459,up_blocks.3.resnets.0.norm1.bias,0.06555269187521906,-1.5236728904209293e-07,-0.03756052700542368,6.188273973825763e-05,-2.354787071101974e-07,-0.048048591761248094,7.476192042493855e-05,0.00031075370498001575,0.0024497807025909424
natural_full_finetune_fp32_test,fp32,0,3459,up_blocks.3.resnets.0.conv1.weight,2.3901424922331236,-7.701369571249563e-05,-0.05671978986935004,0.0005680800770761912,-1.94956888025141e-06,-0.0021842710248770885,0.0003734291930997106,0.00031075370498001575,0.0024497807025909424
natural_full_finetune_fp32_test,fp32,0,3459,up_blocks.3.resnets.0.conv1.bias,0.033553725175964784,8.791392122617298e-08,0.10547192899640008,2.484162601327865e-05,5.97265087300436e-08,0.09440745531197584,1.88547203039127e-05,0.00031075370498001575,0.0024497807025909424
natural_full_finetune_fp32_test,fp32,0,3459,up_blocks.3.resnets.0.norm2.weight,0.10972914411805099,-1.1748401966269902e-06,-0.28440050361281866,3.764665936561619e-05,-5.934134437588406e-06,-0.5486111083150588,9.857590940084587e-05,0.00031075370498001575,0.0024497807025909424
natural_full_finetune_fp32_test,fp32,0,3459,up_blocks.3.resnets.0.norm2.bias,0.05371883858762426,-1.0654932625959204e-08,-0.005730863377892321,3.461019436354439e-05,-5.148859893910358e-07,-0.25232505352982654,3.7986045642897046e-05,0.00031075370498001575,0.0024497807025909424
natural_full_finetune_fp32_test,fp32,0,3459,up_blocks.3.resnets.0.conv2.weight,1.7470917822217344,-5.32184850567691e-05,-0.13132690710974645,0.00023194930221151738,-5.978495609021217e-05,-0.15253234758389564,0.0002243438864991586,0.00031075370498001575,0.0024497807025909424
natural_full_finetune_fp32_test,fp32,0,3459,up_blocks.3.resnets.0.conv2.bias,0.02810226820110995,-4.8388375350954384e-08,-0.32288905858159117,5.332689997547732e-06,-2.1678349574090992e-08,-0.09101611827659094,8.475523483010716e-06,0.00031075370498001575,0.0024497807025909424
natural_full_finetune_fp32_test,fp32,0,3459,up_blocks.3.resnets.0.conv_shortcut.weight,0.5438389557455827,-0.00018013626566865568,-0.08276619173815929,0.004002007232963949,-8.336332646897862e-05,-0.04440061923143518,0.003452356976097066,0.00031075370498001575,0.0024497807025909424
natural_full_finetune_fp32_test,fp32,0,3459,up_blocks.3.resnets.0.conv_shortcut.bias,0.0281021121340459,-4.838768077323012e-08,-0.32288621692019287,5.332689997547732e-06,-2.1678507278633596e-08,-0.09101728586408409,8.475523483010716e-06,0.00031075370498001575,0.0024497807025909424
natural_full_finetune_fp32_test,fp32,0,3459,up_blocks.3.resnets.1.norm1.weight,0.08603753862149928,-2.4935164524941703e-07,-0.045292697211329176,6.39876376164905e-05,-1.2836704902729356e-06,-0.13546283802894876,0.00011014008565799391,0.00031075370498001575,0.0024497807025909424
natural_full_finetune_fp32_test,fp32,0,3459,up_blocks.3.resnets.1.norm1.bias,0.04066558133358894,-1.953781535609289e-07,-0.04591975991953378,0.00010462835735455784,-3.9365945409049417e-07,-0.10882203044707793,8.895633380870397e-05,0.00031075370498001575,0.0024497807025909424
natural_full_finetune_fp32_test,fp32,0,3459,up_blocks.3.resnets.1.conv1.weight,1.6678879931592618,-4.9241675519241366e-05,-0.05181267667458753,0.0005698097956237849,-2.5432410627550605e-05,-0.03708576668928568,0.00041116239102668105,0.00031075370498001575,0.0024497807025909424
natural_full_finetune_fp32_test,fp32,0,3459,up_blocks.3.resnets.1.conv1.bias,0.03949356590473833,-6.367455270198963e-08,-0.02038427215813361,7.909414676409628e-05,-3.8428745388102537e-08,-0.021553038329709236,4.514621613446358e-05,0.00031075370498001575,0.0024497807025909424
natural_full_finetune_fp32_test,fp32,0,3459,up_blocks.3.resnets.1.norm2.weight,0.10838529595125301,-6.116115712368431e-07,-0.16454376903174428,3.429445334096386e-05,-2.3097692378257703e-06,-0.47185324564072934,4.516388350226713e-05,0.00031075370498001575,0.0024497807025909424
natural_full_finetune_fp32_test,fp32,0,3459,up_blocks.3.resnets.1.norm2.bias,0.06702648974387651,-6.125873629671014e-08,-0.035020388609292095,2.6097601603211818e-05,-5.034979384038639e-07,-0.30555560491957745,2.458447659814563e-05,0.00031075370498001575,0.0024497807025909424
natural_full_finetune_fp32_test,fp32,0,3459,up_blocks.3.resnets.1.conv2.weight,1.62508156771975,-3.881317000349601e-05,-0.09496999838832101,0.00025148814613639087,-5.776449977332582e-05,-0.1366715508411724,0.00026008046317787213,0.00031075370498001575,0.0024497807025909424
natural_full_finetune_fp32_test,fp32,0,3459,up_blocks.3.resnets.1.conv2.bias,0.025554006073905004,-3.536340080087728e-08,-0.2870083976433781,4.821702663393279e-06,-3.305454224110771e-08,-0.1513605055649531,8.545934971545046e-06,0.00031075370498001575,0.0024497807025909424
natural_full_finetune_fp32_test,fp32,0,3459,up_blocks.3.resnets.2.norm1.weight,0.05926879135500458,-7.262059414276756e-07,-0.09572101103504398,0.00012800485727359727,-3.4326196567345035e-06,-0.20252552884116115,0.00028596958116439445,0.00031075370498001575,0.0024497807025909424
natural_full_finetune_fp32_test,fp32,0,3459,up_blocks.3.resnets.2.norm1.bias,0.034618312441169204,-1.728033352465699e-06,-0.251307366495729,0.00019862824624751783,-9.985182113792945e-06,-0.5011062191714919,0.0005755993622947102,0.00031075370498001575,0.0024497807025909424
natural_full_finetune_fp32_test,fp32,0,3459,up_blocks.3.resnets.2.conv1.weight,1.6473558505724375,-6.637841041744425e-05,-0.05713266965972602,0.0007052691826972427,-6.692548453936313e-05,-0.05293312253928541,0.0007674968251253853,0.00031075370498001575,0.0024497807025909424
natural_full_finetune_fp32_test,fp32,0,3459,up_blocks.3.resnets.2.conv1.bias,0.035646857511012604,-4.012809079110589e-07,-0.11444114622689117,9.836600835280628e-05,-1.6949492341545341e-06,-0.3060708021028965,0.0001553508175986322,0.00031075370498001575,0.0024497807025909424
natural_full_finetune_fp32_test,fp32,0,3459,up_blocks.3.resnets.2.norm2.weight,0.11300618158374703,-1.141988295739498e-06,-0.2029312867829127,4.9797832836605925e-05,-4.0479639232831865e-06,-0.4497324259318232,7.964898231449133e-05,0.00031075370498001575,0.0024497807025909424
natural_full_finetune_fp32_test,fp32,0,3459,up_blocks.3.resnets.2.norm2.bias,0.07394612523869178,-4.425797103696936e-07,-0.16137575215808708,3.708837442929884e-05,-3.2389374934757593e-06,-0.6216881884319605,7.04554395499224e-05,0.00031075370498001575,0.0024497807025909424
natural_full_finetune_fp32_test,fp32,0,3459,up_blocks.3.resnets.2.conv2.weight,1.7857217655191813,-3.762019967492778e-05,-0.09950078483862317,0.00021172922010658925,-4.679659657816028e-05,-0.15512952650820913,0.00016892969961859015,0.00031075370498001575,0.0024497807025909424
natural_full_finetune_fp32_test,fp32,0,3459,up_blocks.3.resnets.2.conv2.bias,0.03973630555447871,-1.0871607021132645e-08,-0.1095275460313918,2.497945170939666e-06,-8.453823405125276e-08,-0.2572761143691534,8.269251809069095e-06,0.00031075370498001575,0.0024497807025909424
natural_full_finetune_fp32_test,fp32,0,3459,mid_block.attentions.0.group_norm.weight,0.35829129070470117,-1.3065353337732732e-06,-0.06095129221508509,5.982765633124317e-05,-4.0830490071641757e-07,-0.01964402383309987,5.801200673522919e-05,0.00031075370498001575,0.0024497807025909424
natural_full_finetune_fp32_test,fp32,0,3459,mid_block.attentions.0.group_norm.bias,0.06631888921315132,4.7726875282434134e-08,0.0093717815467545,7.67898114775083e-05,5.191714706884742e-07,0.09864460846456673,7.935973745343138e-05,0.00031075370498001575,0.0024497807025909424
natural_full_finetune_fp32_test,fp32,0,3459,mid_block.attentions.0.to_q.weight,2.511156328911222,3.1793818868890993e-06,0.009791275326350032,0.00012930927679520845,3.485725423967227e-06,0.013452598424527716,0.00010318421056588052,0.00031075370498001575,0.0024497807025909424
natural_full_finetune_fp32_test,fp32,0,3459,mid_block.attentions.0.to_q.bias,0.09880591777396242,-1.6865463481891325e-07,-0.22080169532203994,7.730594981454271e-06,1.6354830707884183e-07,0.22572759294055098,7.332945310379266e-06,0.00031075370498001575,0.0024497807025909424
natural_full_finetune_fp32_test,fp32,0,3459,mid_block.attentions.0.to_k.weight,2.508767357010908,-1.4773666357720822e-06,-0.004439220252236546,0.00013265426069837387,3.361725569083257e-06,0.01308558556352376,0.00010240206290252046,0.00031075370498001575,0.0024497807025909424
natural_full_finetune_fp32_test,fp32,0,3459,mid_block.attentions.0.to_k.bias,4.102391484712294e-05,6.446208380663241e-18,0.01946707467555042,8.071728462571469e-12,4.9090327886220496e-17,0.1731013902968334,6.9128681692222985e-12,0.00031075370498001575,0.0024497807025909424
natural_full_finetune_fp32_test,fp32,0,3459,mid_block.attentions.0.to_v.weight,1.9226182113332053,-6.988013969185046e-06,-0.008364049901003612,0.00043455434588354064,2.16544933798469e-05,0.024472989539220072,0.0004602226103018267,0.00031075370498001575,0.0024497807025909424
natural_full_finetune_fp32_test,fp32,0,3459,mid_block.attentions.0.to_v.bias,0.03280088674208953,1.5332029782799558e-07,0.0999708012392112,4.6756381843059685e-05,1.839063139896104e-07,0.10319881394614075,5.432958020480968e-05,0.00031075370498001575,0.0024497807025909424
natural_full_finetune_fp32_test,fp32,0,3459,mid_block.attentions.0.to_out.0.weight,2.492937115503084,-1.132702726707262e-06,-0.0011657749438019431,0.0003897533939741614,2.7560994514739065e-05,0.015176126282509552,0.0007284883810195564,0.00031075370498001575,0.0024497807025909424
natural_full_finetune_fp32_test,fp32,0,3459,mid_block.attentions.0.to_out.0.bias,0.04682022927962241,1.882705360829788e-07,0.05101611934935861,7.882090247908331e-05,-3.3217129533180613e-07,-0.04026168823752463,0.0001762124470906062,0.00031075370498001575,0.0024497807025909424
natural_full_finetune_fp32_test,fp32,0,3459,mid_block.resnets.0.norm1.weight,0.08791831131494217,-9.045992309092045e-08,-0.026028014093132604,3.953082182075719e-05,-1.7901874458291291e-06,-0.2128338167400495,9.567060846728086e-05,0.00031075370498001575,0.0024497807025909424
natural_full_finetune_fp32_test,fp32,0,3459,mid_block.resnets.0.norm1.bias,0.07839926017318297,-6.808912958713005e-07,-0.22030203376351942,3.942278591349507e-05,-2.923823424717276e-06,-0.33305040495107274,0.0001119770986753784,0.00031075370498001575,0.0024497807025909424
natural_full_finetune_fp32_test,fp32,0,3459,mid_block.resnets.0.conv1.weight,7.170495468636062,-1.0228245885486449e-05,-0.0034486771273463937,0.0004136180258878275,3.810562818530525e-05,0.011853214942546268,0.0004483361932792417,0.00031075370498001575,0.0024497807025909424
natural_full_finetune_fp32_test,fp32,0,3459,mid_block.resnets.0.conv1.bias,0.05330302217763763,1.558029564157044e-09,0.002584080951722134,1.1311436093640973e-05,1.0722964480283313e-09,0.0013175402169669575,1.5268597736269908e-05,0.00031075370498001575,0.0024497807025909424
natural_full_finetune_fp32_test,fp32,0,3459,mid_block.resnets.0.norm2.weight,0.18850968024818157,-3.4351437347653504e-07,-0.019921418013379488,9.147259683157207e-05,-2.066738744244426e-06,-0.06647724933718219,0.00016492211026050593,0.00031075370498001575,0.0024497807025909424
natural_full_finetune_fp32_test,fp32,0,3459,mid_block.resnets.0.norm2.bias,0.05862832309905457,-1.1740314261618017e-06,-0.13285086460183587,0.00015073283393122802,-2.944854792310779e-06,-0.19864001184722638,0.00025286555829271817,0.00031075370498001575,0.0024497807025909424
natural_full_finetune_fp32_test,fp32,0,3459,mid_block.resnets.0.conv2.weight,7.909464599705789,-3.229085714287248e-05,-0.0048629506613552574,0.0008395230474495157,0.0001060472023237107,0.013044115900185047,0.0010278683182516578,0.00031075370498001575,0.0024497807025909424
natural_full_finetune_fp32_test,fp32,0,3459,mid_block.resnets.0.conv2.bias,0.038853117409442986,1.7103229380520246e-07,0.05376516895873158,8.187498527792746e-05,-5.448762892245965e-07,-0.07804721447676315,0.00017968616159889507,0.00031075370498001575,0.0024497807025909424
natural_full_finetune_fp32_test,fp32,0,3459,mid_block.resnets.1.norm1.weight,0.13350811738011775,1.9197764721879702e-07,0.04076406073820334,3.527488064580897e-05,2.5406254226658387e-07,0.03860879462418217,4.928862746555628e-05,0.00031075370498001575,0.0024497807025909424
natural_full_finetune_fp32_test,fp32,0,3459,mid_block.resnets.1.norm1.bias,0.08890475336707035,6.973483224806962e-09,0.00218974203700825,3.582051481747679e-05,4.996849051485474e-07,0.11018462656470497,5.100940345161583e-05,0.00031075370498001575,0.0024497807025909424
natural_full_finetune_fp32_test,fp32,0,3459,mid_block.resnets.1.conv1.weight,7.653744243460763,-1.1272692620582042e-05,-0.0047183551708004,0.0003121498209835099,3.2776819287855283e-05,0.0139171208328014,0.0003077113127020008,0.00031075370498001575,0.0024497807025909424
natural_full_finetune_fp32_test,fp32,0,3459,mid_block.resnets.1.conv1.bias,0.05173908810357253,1.0897161146230282e-08,0.018618945341278028,1.1312003379619068e-05,-2.072771929370735e-09,-0.0029213393209475557,1.3713576836812053e-05,0.00031075370498001575,0.0024497807025909424
natural_full_finetune_fp32_test,fp32,0,3459,mid_block.resnets.1.norm2.weight,0.18048770918996795,-6.733924424025e-07,-0.07665468908491757,4.8672301060553634e-05,-7.312541796812117e-07,-0.058304351853277425,6.948959120824323e-05,0.00031075370498001575,0.0024497807025909424
natural_full_finetune_fp32_test,fp32,0,3459,mid_block.resnets.1.norm2.bias,0.05218506938594383,-4.230384448430062e-07,-0.060703870727309574,0.0001335417881852609,-4.3277378655777326e-07,-0.048717364130630186,0.00017022796190556156,0.00031075370498001575,0.0024497807025909424
natural_full_finetune_fp32_test,fp32,0,3459,mid_block.resnets.1.conv2.weight,8.037483689246708,2.8028947829402513e-06,0.00070544148849262,0.0004943399311515235,5.599184757424371e-05,0.010601252566786736,0.0006571242770996581,0.00031075370498001575,0.0024497807025909424
natural_full_finetune_fp32_test,fp32,0,3459,mid_block.resnets.1.conv2.bias,0.03929813700396993,2.5578843300703128e-08,0.008732917846137096,7.453316512924367e-05,-2.5656538567614084e-07,-0.03774883994557181,0.0001729507665272611,0.00031075370498001575,0.0024497807025909424
natural_full_finetune_fp32_test,fp32,0,3459,conv_norm_out.weight,0.1329591062869486,-3.968546202536e-06,-0.14110367409657001,0.0002115314913917258,-1.343804687334027e-05,-0.0989854400899631,0.00102104938030091,0.00031075370498001575,0.0024497807025909424
natural_full_finetune_fp32_test,fp32,0,3459,conv_norm_out.bias,0.04359351784352098,-7.339773606312533e-07,-0.08798307730238157,0.00019136459919008106,-4.489878775613984e-06,-0.09361946642429776,0.0011001364077433443,0.00031075370498001575,0.0024497807025909424
natural_full_finetune_fp32_test,fp32,0,3459,conv_out.weight,0.10043916731192101,-0.00015444751201186123,-0.12174713152185071,0.012630457315529336,-5.673403073679664e-05,-0.052521748812019986,0.010754775712875544,0.00031075370498001575,0.0024497807025909424
natural_full_finetune_fp32_test,fp32,0,3459,conv_out.bias,0.0018924823695854003,-4.941546341769628e-08,-0.2142419357242698,0.00012187834453588363,8.969111857902445e-07,0.21488034839849282,0.0022055702674963,0.00031075370498001575,0.0024497807025909424
natural_full_finetune_fp32_test,fp32,1,3460,conv_in.weight,0.48729639278092124,-8.035110226165352e-05,-0.06927569628437945,0.002380223522393188,9.873044808772449e-05,0.15423130215627182,0.0013136672900738368,0.00042523277807049453,0.0016061237547546625
natural_full_finetune_fp32_test,fp32,1,3460,conv_in.bias,0.05892930560018015,-8.165042285265625e-06,-0.49967645683165873,0.0002772925664214193,-3.3189325090648816e-06,-0.27823537787360175,0.0002024206184442222,0.00042523277807049453,0.0016061237547546625
natural_full_finetune_fp32_test,fp32,1,3460,up_blocks.0.resnets.0.norm1.weight,0.12673591155887784,-1.1099631229749536e-06,-0.09927910953858433,8.821673582923145e-05,-2.437229121757154e-07,-0.044659347659111705,4.3061017814802056e-05,0.00042523277807049453,0.0016061237547546625
natural_full_finetune_fp32_test,fp32,1,3460,up_blocks.0.resnets.0.norm1.bias,0.08418737456875791,-5.516228169187158e-07,-0.06972826256193702,9.396939089645544e-05,-1.4455551389407117e-07,-0.038974205221400327,4.40565442272392e-05,0.00042523277807049453,0.0016061237547546625
natural_full_finetune_fp32_test,fp32,1,3460,up_blocks.0.resnets.0.conv1.weight,7.6082956136500215,8.847036309674131e-06,0.0023125862775665276,0.0005028199343492833,3.0040804360616826e-05,0.016484714936833584,0.00023952052621361693,0.00042523277807049453,0.0016061237547546625
natural_full_finetune_fp32_test,fp32,1,3460,up_blocks.0.resnets.0.conv1.bias,0.040866165646455364,-1.0828249155228685e-07,-0.0941062519986417,2.815631869332826e-05,-5.936740382213838e-08,-0.09417353408673326,1.5426069995871605e-05,0.00042523277807049453,0.0016061237547546625
natural_full_finetune_fp32_test,fp32,1,3460,up_blocks.0.resnets.0.norm2.weight,0.20332162847471544,-1.2502751792223086e-06,-0.08001926283267068,7.684710014929942e-05,-8.009075237546597e-07,-0.10157349773393004,3.878094486962627e-05,0.00042523277807049453,0.0016061237547546625
natural_full_finetune_fp32_test,fp32,1,3460,up_blocks.0.resnets.0.norm2.bias,0.054798035156546,2.0169340492904492e-07,0.01839521725801126,0.00020008834385232537,2.6557755625280974e-07,0.04327497314362072,0.00011199266431762891,0.00042523277807049453,0.0016061237547546625
natural_full_finetune_fp32_test,fp32,1,3460,up_blocks.0.resnets.0.conv2.weight,8.103536652967156,1.3733958686443221e-05,0.00213706810167921,0.0007930540253546635,4.496537293228543e-05,0.010957682402475442,0.0005063897311117779,0.00042523277807049453,0.0016061237547546625
natural_full_finetune_fp32_test,fp32,1,3460,up_blocks.0.resnets.0.conv2.bias,0.0368208203199458,-2.8869519580141617e-07,-0.04686147905543561,0.00016731316135708686,-2.539738109170674e-07,-0.03941492359091457,0.0001749986856592238,0.00042523277807049453,0.0016061237547546625
natural_full_finetune_fp32_test,fp32,1,3460,up_blocks.0.resnets.1.norm1.weight,0.11935861602126578,5.269167504622275e-07,0.048067003291529194,9.18419684158719e-05,-3.619009191398562e-07,-0.05818110030513951,5.2113948733968964e-05,0.00042523277807049453,0.0016061237547546625
natural_full_finetune_fp32_test,fp32,1,3460,up_blocks.0.resnets.1.norm1.bias,0.059573905150395526,1.7491066016934045e-07,0.026402760571146853,0.00011120155797773996,-2.528898607327494e-07,-0.06962333094355627,6.097061146575305e-05,0.00042523277807049453,0.0016061237547546625
natural_full_finetune_fp32_test,fp32,1,3460,up_blocks.0.resnets.1.conv1.weight,7.730774045084566,-3.663045949853961e-06,-0.0008835400466117344,0.0005362819105115571,1.649861876546057e-05,0.008644212145868269,0.0002468875504217738,0.00042523277807049453,0.0016061237547546625
natural_full_finetune_fp32_test,fp32,1,3460,up_blocks.0.resnets.1.conv1.bias,0.04157937059141016,-1.2810454775944468e-07,-0.09664476974992638,3.1879263616194755e-05,-1.0843065092465568e-07,-0.14045616013822204,1.8566641968207202e-05,0.00042523277807049453,0.0016061237547546625
natural_full_finetune_fp32_test,fp32,1,3460,up_blocks.0.resnets.1.norm2.weight,0.19943458164844177,-6.439986477047295e-07,-0.0335900974651383,9.613316147150032e-05,-6.146297651428629e-08,-0.006328953745088661,4.869464456805284e-05,0.00042523277807049453,0.0016061237547546625
natural_full_finetune_fp32_test,fp32,1,3460,up_blocks.0.resnets.1.norm2.bias,0.05712946065280567,-1.7016694964069932e-06,-0.14196212581650097,0.00020981792890133736,-4.818896751410311e-07,-0.07931769883927435,0.00010634507731273785,0.00042523277807049453,0.0016061237547546625
natural_full_finetune_fp32_test,fp32,1,3460,up_blocks.0.resnets.1.conv2.weight,7.987054453206774,-1.2777868509312008e-05,-0.0017339692247429473,0.0009226359746064034,4.009330936017091e-05,0.0077787428669217375,0.0006453210681056706,0.00042523277807049453,0.0016061237547546625
natural_full_finetune_fp32_test,fp32,1,3460,up_blocks.0.resnets.1.conv2.bias,0.03853296455461855,-2.880258330007977e-07,-0.047016981332683075,0.00015898065282434664,-2.016852194565205e-08,-0.003029380047224708,0.00017277777955639816,0.00042523277807049453,0.0016061237547546625
natural_full_finetune_fp32_test,fp32,1,3460,up_blocks.0.resnets.2.norm1.weight,0.13853648275868222,-1.4996461162812482e-06,-0.1219342196956909,8.877670592300952e-05,-3.369686675901641e-07,-0.04667932499220082,5.2107567052795935e-05,0.00042523277807049453,0.0016061237547546625
natural_full_finetune_fp32_test,fp32,1,3460,up_blocks.0.resnets.2.norm1.bias,0.07256404563510038,-1.893509259048512e-06,-0.25163240012980315,0.00010370015017112281,-1.1485011727223513e-06,-0.23388091947284465,6.767295841413499e-05,0.00042523277807049453,0.0016061237547546625
natural_full_finetune_fp32_test,fp32,1,3460,up_blocks.0.resnets.2.conv1.weight,8.242480364879563,-3.880783934977774e-05,-0.0075401487215233775,0.0006244269382667261,1.3753411116811962e-05,0.006642264124241365,0.00025120967571756514,0.00042523277807049453,0.0016061237547546625
natural_full_finetune_fp32_test,fp32,1,3460,up_blocks.0.resnets.2.conv1.bias,0.08857849179302839,-2.0092577011103161e-07,-0.07587020665911705,2.9897583891966483e-05,-1.3705787398162344e-07,-0.08719227530755473,1.774588646313077e-05,0.00042523277807049453,0.0016061237547546625
natural_full_finetune_fp32_test,fp32,1,3460,up_blocks.0.resnets.2.norm2.weight,0.1648578968374648,-9.95744882622779e-07,-0.045728626762601685,0.00013208398658941074,8.648828795711213e-07,0.06980532900034941,7.515518824232216e-05,0.00042523277807049453,0.0016061237547546625
natural_full_finetune_fp32_test,fp32,1,3460,up_blocks.0.resnets.2.norm2.bias,0.07396253149791619,-2.6925541014366918e-06,-0.1486523930258285,0.0002448954781261473,-1.8321217481552045e-06,-0.16846732059454472,0.00014703708834676364,0.00042523277807049453,0.0016061237547546625
natural_full_finetune_fp32_test,fp32,1,3460,up_blocks.0.resnets.2.conv2.weight,7.392106321607191,3.9298374427260344e-06,0.0005449999300608075,0.0009754610547672245,4.373359668498359e-05,0.009469149432966107,0.0006247928062884581,0.00042523277807049453,0.0016061237547546625
natural_full_finetune_fp32_test,fp32,1,3460,up_blocks.0.resnets.2.conv2.bias,0.042611165290195055,2.2772434568167122e-08,0.003320867047426414,0.0001609290928172549,1.088543624693414e-08,0.001467265678463404,0.00017410597224429712,0.00042523277807049453,0.0016061237547546625
natural_full_finetune_fp32_test,fp32,1,3460,up_blocks.0.upsamplers.0.conv.weight,8.241464639602889,-0.00023382012285771901,-0.008174927180973778,0.0034705123319228024,0.00023753400424749452,0.016809199381710594,0.0017146455700547776,0.00042523277807049453,0.0016061237547546625
natural_full_finetune_fp32_test,fp32,1,3460,up_blocks.0.upsamplers.0.conv.bias,0.04408636259191192,-1.141285263418341e-07,-0.04991136696161265,5.1866922126095765e-05,1.825663828614533e-08,0.010216251110298658,4.053451525543646e-05,0.00042523277807049453,0.0016061237547546625
natural_full_finetune_fp32_test,fp32,1,3460,up_blocks.1.resnets.0.norm1.weight,0.13151795004721442,-4.5947667443383745e-07,-0.029722435753712594,0.00011754226120946032,-1.318279372446956e-07,-0.018315013187092187,5.472870726963747e-05,0.00042523277807049453,0.0016061237547546625
natural_full_finetune_fp32_test,fp32,1,3460,up_blocks.1.resnets.0.norm1.bias,0.10159788475271539,5.219153183550287e-07,0.04565371325181365,0.00011252247362656839,1.4363888198209362e-07,0.028393381334402956,4.9793222623531456e-05,0.00042523277807049453,0.0016061237547546625
natural_full_finetune_fp32_test,fp32,1,3460,up_blocks.1.resnets.0.conv1.weight,7.908065568235215,-1.552455104773296e-05,-0.0024858047665185104,0.000789735701863968,4.2974706477544447e-05,0.0195972904538719,0.000277297930336574,0.00042523277807049453,0.0016061237547546625
natural_full_finetune_fp32_test,fp32,1,3460,up_blocks.1.resnets.0.conv1.bias,0.04655430419069107,3.7258128572823795e-08,0.021627829906679316,3.700396416365572e-05,-4.04735676266416e-08,-0.05207622181762896,1.669445245714421e-05,0.00042523277807049453,0.0016061237547546625
natural_full_finetune_fp32_test,fp32,1,3460,up_blocks.1.resnets.0.norm2.weight,0.10000350285416221,-9.231302648985622e-07,-0.07828284530216345,0.00011791829059881968,1.901922336621844e-07,0.034754706278874864,5.472224976177408e-05,0.00042523277807049453,0.0016061237547546625
natural_full_finetune_fp32_test,fp32,1,3460,up_blocks.1.resnets.0.norm2.bias,0.09207148517153575,1.7046224187610993e-08,0.0016285505280311495,0.00011368464488498536,-7.575492115037189e-08,-0.014244144006487587,5.776294750756608e-05,0.00042523277807049453,0.0016061237547546625
natural_full_finetune_fp32_test,fp32,1,3460,up_blocks.1.resnets.0.conv2.weight,8.166516180136648,-0.00013986657215120038,-0.01668908489470826,0.00102622970293594,6.526758038028545e-05,0.019686718499805703,0.00040596384246571613,0.00042523277807049453,0.0016061237547546625
natural_full_finetune_fp32_test,fp32,1,3460,up_blocks.1.resnets.0.conv2.bias,0.04357193728673002,-6.351016956349652e-08,-0.030207748482666566,4.82523029414125e-05,-4.6498521531318854e-08,-0.026208850849268515,4.071779908206308e-05,0.00042523277807049453,0.0016061237547546625
natural_full_finetune_fp32_test,fp32,1,3460,up_blocks.1.resnets.1.norm1.weight,0.11282589375032782,-1.7180005959141735e-07,-0.013993616410244727,0.00010881394674711948,3.327839756539386e-07,0.05798180503626652,5.087001808700342e-05,0.00042523277807049453,0.0016061237547546625
natural_full_finetune_fp32_test,fp32,1,3460,up_blocks.1.resnets.1.norm1.bias,0.07931337307116004,-6.282545485549411e-07,-0.06738445529495694,0.00011755185839996927,-5.104607222982226e-07,-0.11710093771154353,5.49611153851075e-05,0.00042523277807049453,0.0016061237547546625
natural_full_finetune_fp32_test,fp32,1,3460,up_blocks.1.resnets.1.conv1.weight,8.493238784199912,-9.915867858562727e-05,-0.01381405000684419,0.0008451550143691726,2.8776186324777368e-05,0.013771323168102778,0.00024602782807285725,0.00042523277807049453,0.0016061237547546625
natural_full_finetune_fp32_test,fp32,1,3460,up_blocks.1.resnets.1.conv1.bias,0.06838392005986615,-1.7778333395271557e-07,-0.059894370986769266,4.34061278363934e-05,-8.011224143398761e-08,-0.06784130517676551,1.7268344156180975e-05,0.00042523277807049453,0.0016061237547546625
natural_full_finetune_fp32_test,fp32,1,3460,up_blocks.1.resnets.1.norm2.weight,0.12305194857524501,-8.035187783144561e-07,-0.057093830181860455,0.00011437164207032942,-1.5851572442021058e-08,-0.0027951974942653298,4.608624838271979e-05,0.00042523277807049453,0.0016061237547546625
natural_full_finetune_fp32_test,fp32,1,3460,up_blocks.1.resnets.1.norm2.bias,0.12439787529304377,-6.283569057979695e-07,-0.04815087917538739,0.00010490331408000791,-1.0364935286523763e-07,-0.01890380360393305,4.4076229483755006e-05,0.00042523277807049453,0.0016061237547546625
natural_full_finetune_fp32_test,fp32,1,3460,up_blocks.1.resnets.1.conv2.weight,8.240779530633594,-9.729082966496481e-05,-0.01194151814361642,0.0009886534101074325,6.70055214662916e-05,0.019497328432848567,0.00041702989484419394,0.00042523277807049453,0.0016061237547546625
natural_full_finetune_fp32_test,fp32,1,3460,up_blocks.1.resnets.1.conv2.bias,0.04888583750048641,-1.7080945608180702e-07,-0.07828267089794652,4.463373341227818e-05,-1.2372634437830182e-08,-0.006436978289062663,3.93185123264833e-05,0.00042523277807049453,0.0016061237547546625
natural_full_finetune_fp32_test,fp32,1,3460,up_blocks.1.resnets.2.norm1.weight,0.11842704208681087,-6.472170406580301e-07,-0.03634338607352959,0.00015037431900022494,3.2934838154314127e-07,0.04714475696639396,5.898902936838257e-05,0.00042523277807049453,0.0016061237547546625
natural_full_finetune_fp32_test,fp32,1,3460,up_blocks.1.resnets.2.norm1.bias,0.07192844340959147,-7.655546984315674e-07,-0.07609365435640557,0.00013987082064185254,2.2247418189453607e-07,0.048256532316117096,6.409480726384259e-05,0.00042523277807049453,0.0016061237547546625
natural_full_finetune_fp32_test,fp32,1,3460,up_blocks.1.resnets.2.conv1.weight,8.408799839276847,-0.00015363720228653383,-0.015584651278671292,0.001172371591899717,7.099154087783822e-05,0.028742641306372753,0.0002937283818435049,0.00042523277807049453,0.0016061237547546625
natural_full_finetune_fp32_test,fp32,1,3460,up_blocks.1.resnets.2.conv1.bias,0.05973749558067517,-3.272403952420415e-07,-0.10233606922701498,5.3529250875486274e-05,-4.262738618384897e-08,-0.0345358482908607,2.0661962272427252e-05,0.00042523277807049453,0.0016061237547546625
natural_full_finetune_fp32_test,fp32,1,3460,up_blocks.1.resnets.2.norm2.weight,0.11641384698900986,-1.3447210476004443e-07,-0.007850614285056567,0.00014713768583575598,4.2870129485926056e-07,0.06270431673551476,5.8729014644845246e-05,0.00042523277807049453,0.0016061237547546625
natural_full_finetune_fp32_test,fp32,1,3460,up_blocks.1.resnets.2.norm2.bias,0.10435747292699867,-2.778532350898772e-07,-0.02116960564870655,0.00012577060089565838,2.9069407788224584e-07,0.05438096625098839,5.122308256781557e-05,0.00042523277807049453,0.0016061237547546625
natural_full_finetune_fp32_test,fp32,1,3460,up_blocks.1.resnets.2.conv2.weight,7.894154600823681,-0.00010257229575179319,-0.01245161687868292,0.0010435150066050742,8.3327413449966e-05,0.025080425196650664,0.0004208694270997176,0.00042523277807049453,0.0016061237547546625
natural_full_finetune_fp32_test,fp32,1,3460,up_blocks.1.resnets.2.conv2.bias,0.05066496534831913,-7.045525673281548e-08,-0.03405323651230134,4.083638193862619e-05,1.1725672332514652e-08,0.005946548308824005,3.891930287591968e-05,0.00042523277807049453,0.0016061237547546625
natural_full_finetune_fp32_test,fp32,1,3460,up_blocks.1.upsamplers.0.conv.weight,8.17562969200485,-0.0004615170684974457,-0.014303926547101721,0.003946492518505798,0.00029152427526405475,0.023694907399523915,0.0015048683083738776,0.00042523277807049453,0.0016061237547546625
natural_full_finetune_fp32_test,fp32,1,3460,up_blocks.1.upsamplers.0.conv.bias,0.04834683230791416,6.116787407249407e-09,0.009942145709373155,1.272551122942471e-05,2.4853785506396368e-08,0.05496258345412208,9.353138892666121e-06,0.00042523277807049453,0.0016061237547546625
natural_full_finetune_fp32_test,fp32,1,3460,up_blocks.2.resnets.0.norm1.weight,0.13592526859513274,-5.037465742801764e-07,-0.021109029508225127,0.0001755673034757805,-5.705401424837418e-07,-0.0517840936366574,8.105683221721386e-05,0.00042523277807049453,0.0016061237547546625
natural_full_finetune_fp32_test,fp32,1,3460,up_blocks.2.resnets.0.norm1.bias,0.10490292895797448,-7.512740354067956e-07,-0.052894532780024275,0.0001353941749270275,-2.7407520568890735e-07,-0.04590025824400034,5.69202770918486e-05,0.00042523277807049453,0.0016061237547546625
natural_full_finetune_fp32_test,fp32,1,3460,up_blocks.2.resnets.0.conv1.weight,5.737304840524999,-0.00018891054695404277,-0.027488673752032563,0.0011978280878720898,4.828115621036321e-05,0.02664830566429688,0.0003157912808101863,0.00042523277807049453,0.0016061237547546625
natural_full_finetune_fp32_test,fp32,1,3460,up_blocks.2.resnets.0.conv1.bias,0.0444532371857287,-1.3771781681188686e-07,-0.0859055440280488,3.606330659767785e-05,2.4010840511168572e-08,0.03888869647543094,1.3889307216093216e-05,0.00042523277807049453,0.0016061237547546625
natural_full_finetune_fp32_test,fp32,1,3460,up_blocks.2.resnets.0.norm2.weight,0.1023420537658409,2.4908351389546745e-07,0.02257488475277344,0.00010781155596655312,-2.6268459284799745e-08,-0.004551925476780199,5.6387823247906166e-05,0.00042523277807049453,0.0016061237547546625
natural_full_finetune_fp32_test,fp32,1,3460,up_blocks.2.resnets.0.norm2.bias,0.06059237614428373,-4.269355744281167e-07,-0.07495801066555458,9.399966546136026e-05,9.422453635272304e-08,0.041624126987510036,3.7359485569573745e-05,0.00042523277807049453,0.0016061237547546625
natural_full_finetune_fp32_test,fp32,1,3460,up_blocks.2.resnets.0.conv2.weight,3.6311836808613362,-0.00013037705265155915,-0.03986751837261937,0.0009006037231204613,2.7318972639305897e-05,0.022079403166393178,0.0003407444693824667,0.00042523277807049453,0.0016061237547546625
natural_full_finetune_fp32_test,fp32,1,3460,up_blocks.2.resnets.0.conv2.bias,0.03781860958458735,-7.657123803811535e-08,-0.09225724135980945,2.19462158755832e-05,1.6340833985105062e-08,0.0231019133771088,1.8703406326818428e-05,0.00042523277807049453,0.0016061237547546625
natural_full_finetune_fp32_test,fp32,1,3460,up_blocks.2.resnets.0.conv_shortcut.weight,1.3905175707348099,-0.0005622709025949874,-0.03453031124178176,0.011710316564495168,0.00017992339649862798,0.03149706394465819,0.004108100766241088,0.00042523277807049453,0.0016061237547546625
natural_full_finetune_fp32_test,fp32,1,3460,up_blocks.2.resnets.0.conv_shortcut.bias,0.03781860174761221,-7.65727205098449e-08,-0.09225904664174524,2.19462158755832e-05,1.634194578009775e-08,0.023103489968945564,1.8703406326818428e-05,0.00042523277807049453,0.0016061237547546625
natural_full_finetune_fp32_test,fp32,1,3460,up_blocks.2.resnets.1.norm1.weight,0.1043223943151048,-1.2456885735440488e-06,-0.11871430837490708,0.000100583992011957,-2.4286272671429005e-08,-0.006639388728434585,3.50634966989572e-05,0.00042523277807049453,0.0016061237547546625
natural_full_finetune_fp32_test,fp32,1,3460,up_blocks.2.resnets.1.norm1.bias,0.07165863191242715,-1.3295901462254663e-07,-0.018762159310597562,9.889320592482848e-05,1.1633176694527576e-07,0.04954146988397628,3.276882916409285e-05,0.00042523277807049453,0.0016061237547546625
natural_full_finetune_fp32_test,fp32,1,3460,up_blocks.2.resnets.1.conv1.weight,3.9067712755469897,-0.00018652099434882913,-0.048767153476599975,0.0009789991830790896,2.2260243892103243e-05,0.02236492182078675,0.00025476780657033085,0.00042523277807049453,0.0016061237547546625
natural_full_finetune_fp32_test,fp32,1,3460,up_blocks.2.resnets.1.conv1.bias,0.04962878373046377,-4.4667777284620883e-07,-0.15606500465751258,5.767069437214466e-05,6.978141015101512e-09,0.007573570193252551,1.856544890097798e-05,0.00042523277807049453,0.0016061237547546625
natural_full_finetune_fp32_test,fp32,1,3460,up_blocks.2.resnets.1.norm2.weight,0.09385059775758288,2.2291065017886827e-07,0.03701066139505062,6.417515545138174e-05,-3.422070328510526e-08,-0.013210375867575506,2.760175604226378e-05,0.00042523277807049453,0.0016061237547546625
natural_full_finetune_fp32_test,fp32,1,3460,up_blocks.2.resnets.1.norm2.bias,0.0771975539687637,-4.759048063823704e-07,-0.10134627887890917,6.082872923989802e-05,-2.518595672510144e-08,-0.014090785302520278,2.3153663396127613e-05,0.00042523277807049453,0.0016061237547546625
natural_full_finetune_fp32_test,fp32,1,3460,up_blocks.2.resnets.1.conv2.weight,3.6338808555422233,-0.00015535457582195058,-0.04616062432685222,0.000926150768661292,8.23968957325241e-06,0.00637437044981376,0.0003557155634579642,0.00042523277807049453,0.0016061237547546625
natural_full_finetune_fp32_test,fp32,1,3460,up_blocks.2.resnets.1.conv2.bias,0.032388944238949946,-3.815653823407308e-08,-0.059299688721109016,1.9866426773465017e-05,4.190965550981516e-08,0.06887548403571088,1.8786792353601137e-05,0.00042523277807049453,0.0016061237547546625
natural_full_finetune_fp32_test,fp32,1,3460,up_blocks.2.resnets.2.norm1.weight,0.0965775643709819,-9.629828186254765e-07,-0.08488581479619034,0.0001174646444156314,-9.467356898410065e-07,-0.141066623856547,6.94909467057033e-05,0.00042523277807049453,0.0016061237547546625
natural_full_finetune_fp32_test,fp32,1,3460,up_blocks.2.resnets.2.norm1.bias,0.06743007777808044,-7.130243646350142e-07,-0.08530979736949347,0.00012395150357567933,2.1542453739522647e-07,0.056421561338745915,5.662346061359626e-05,0.00042523277807049453,0.0016061237547546625
natural_full_finetune_fp32_test,fp32,1,3460,up_blocks.2.resnets.2.conv1.weight,3.8671344773796026,-0.00020223759864994228,-0.0449644342040129,0.001163063675615969,-1.915350091403284e-05,-0.012926348539726969,0.0003831625282398711,0.00042523277807049453,0.0016061237547546625
natural_full_finetune_fp32_test,fp32,1,3460,up_blocks.2.resnets.2.conv1.bias,0.047268810005626924,-3.8780028296656696e-08,-0.012584854185378929,6.519064299270525e-05,9.963040227318345e-08,0.10517035385491035,2.0041207271648833e-05,0.00042523277807049453,0.0016061237547546625
natural_full_finetune_fp32_test,fp32,1,3460,up_blocks.2.resnets.2.norm2.weight,0.09823095486588691,-1.372708384758522e-06,-0.09721096682304627,0.0001437522524238475,-3.961628771515646e-06,-0.11407942473146389,0.0003535233377577062,0.00042523277807049453,0.0016061237547546625
natural_full_finetune_fp32_test,fp32,1,3460,up_blocks.2.resnets.2.norm2.bias,0.06654019562757517,-1.1741905239410855e-07,-0.021915792180926253,8.051880564757447e-05,1.073169318693231e-07,0.04069476460578191,3.963196757186302e-05,0.00042523277807049453,0.0016061237547546625
natural_full_finetune_fp32_test,fp32,1,3460,up_blocks.2.resnets.2.conv2.weight,3.5602187236973877,-0.0001253864964172856,-0.040281542888508326,0.0008743151235140371,-4.375241089881196e-05,-0.03008016778566589,0.0004085498494211005,0.00042523277807049453,0.0016061237547546625
natural_full_finetune_fp32_test,fp32,1,3460,up_blocks.2.resnets.2.conv2.bias,0.03985385521555269,1.2347766834213694e-07,0.1950284039080963,1.588620691001862e-05,5.662924405511236e-08,0.07642879636810875,1.859145609536582e-05,0.00042523277807049453,0.0016061237547546625
natural_full_finetune_fp32_test,fp32,1,3460,up_blocks.2.upsamplers.0.conv.weight,3.1705345191542937,-0.0003325827941248274,-0.023801094312736037,0.004407277197006303,5.366147867049853e-05,0.008168467466111808,0.0020719991176937776,0.00042523277807049453,0.0016061237547546625
natural_full_finetune_fp32_test,fp32,1,3460,up_blocks.2.upsamplers.0.conv.bias,0.043332929874955906,-2.4418272251898448e-08,-0.08220852256797281,6.854567134555854e-06,4.1077412112212225e-09,0.014110026105480296,6.7182661348758175e-06,0.00042523277807049453,0.0016061237547546625
natural_full_finetune_fp32_test,fp32,1,3460,up_blocks.3.resnets.0.norm1.weight,0.09812264066091474,-1.8411249813905825e-06,-0.14945449773839742,0.0001255466283922403,-1.127763312822731e-06,-0.0995806386774922,0.00011541807529322105,0.00042523277807049453,0.0016061237547546625
natural_full_finetune_fp32_test,fp32,1,3460,up_blocks.3.resnets.0.norm1.bias,0.06555269187521906,-3.379746336018733e-07,-0.04241684376563184,0.00012155007354343062,-7.651156899904125e-07,-0.1410300747812018,8.276083074397605e-05,0.00042523277807049453,0.0016061237547546625
natural_full_finetune_fp32_test,fp32,1,3460,up_blocks.3.resnets.0.conv1.weight,2.3901424922331236,-0.00011463876690318785,-0.04983250505815864,0.000962487268677172,7.032889179461562e-06,0.009277266274317504,0.0003171684350837076,0.00042523277807049453,0.0016061237547546625
natural_full_finetune_fp32_test,fp32,1,3460,up_blocks.3.resnets.0.conv1.bias,0.033553725175964784,1.6224376400941244e-07,0.1104328885092115,4.378535128585347e-05,-3.5006698610953483e-09,-0.005466447664917609,1.908557364595934e-05,0.00042523277807049453,0.0016061237547546625
natural_full_finetune_fp32_test,fp32,1,3460,up_blocks.3.resnets.0.norm2.weight,0.10972914411805099,-2.1455093494950196e-06,-0.25586374308901827,7.641870444764215e-05,-5.4065691538608e-06,-0.5728587652684207,8.601064569100546e-05,0.00042523277807049453,0.0016061237547546625
natural_full_finetune_fp32_test,fp32,1,3460,up_blocks.3.resnets.0.norm2.bias,0.05371883858762426,-2.1086369686741593e-08,-0.005936628826375215,6.612037457500281e-05,-5.886280106714294e-07,-0.2625070597827551,4.17420066099801e-05,0.00042523277807049453,0.0016061237547546625
natural_full_finetune_fp32_test,fp32,1,3460,up_blocks.3.resnets.0.conv2.weight,1.7470917822217344,-7.289051266743689e-05,-0.10585888502137486,0.00039411954113454214,-4.740208384014231e-05,-0.1285250432247193,0.00021110278097800293,0.00042523277807049453,0.0016061237547546625
natural_full_finetune_fp32_test,fp32,1,3460,up_blocks.3.resnets.0.conv2.bias,0.02810226820110995,-8.482457953345389e-08,-0.266955894483289,1.1306829065229849e-05,-2.7245693916661685e-08,-0.10061101128638772,9.636314925616801e-06,0.00042523277807049453,0.0016061237547546625
natural_full_finetune_fp32_test,fp32,1,3460,up_blocks.3.resnets.0.conv_shortcut.weight,0.5438389557455827,-0.00019916736834258634,-0.04998609940535726,0.007326534906443987,-2.5333729005168863e-05,-0.011691695066552871,0.0039842935407662025,0.00042523277807049453,0.0016061237547546625
natural_full_finetune_fp32_test,fp32,1,3460,up_blocks.3.resnets.0.conv_shortcut.bias,0.0281021121340459,-8.48239813548779e-08,-0.26695549447199424,1.1306829065229849e-05,-2.7245803430777853e-08,-0.10061197444513156,9.636314925616801e-06,0.00042523277807049453,0.0016061237547546625
natural_full_finetune_fp32_test,fp32,1,3460,up_blocks.3.resnets.1.norm1.weight,0.08603753862149928,-1.2074914792473705e-07,-0.013985436788664849,0.00010035062059519112,-1.2615629568579292e-06,-0.13842981230937138,0.00010592325566169241,0.00042523277807049453,0.0016061237547546625
natural_full_finetune_fp32_test,fp32,1,3460,up_blocks.3.resnets.1.norm1.bias,0.04066558133358894,-9.762270932894521e-07,-0.14459336209153928,0.00016602577465895158,-1.1134541123390849e-06,-0.2718004782662759,0.00010073841695267373,0.00042523277807049453,0.0016061237547546625
natural_full_finetune_fp32_test,fp32,1,3460,up_blocks.3.resnets.1.conv1.weight,1.6678879931592618,-3.580695475938498e-05,-0.018964201510345412,0.0011320508727227826,-1.990697506985756e-05,-0.030543603742404467,0.0003907672094625481,0.00042523277807049453,0.0016061237547546625
natural_full_finetune_fp32_test,fp32,1,3460,up_blocks.3.resnets.1.conv1.bias,0.03949356590473833,-3.1773004622011266e-07,-0.054676184792294316,0.00014714101074716734,-3.2977459757669917e-07,-0.1826700503611381,4.571129260297289e-05,0.00042523277807049453,0.0016061237547546625
natural_full_finetune_fp32_test,fp32,1,3460,up_blocks.3.resnets.1.norm2.weight,0.10838529595125301,-7.40792089955042e-07,-0.13048675020354802,5.237928351310732e-05,-2.671725188326127e-06,-0.43862107297812786,5.619943172732285e-05,0.00042523277807049453,0.0016061237547546625
natural_full_finetune_fp32_test,fp32,1,3460,up_blocks.3.resnets.1.norm2.bias,0.06702648974387651,-1.551164109999651e-07,-0.04836389225815511,4.785089081630423e-05,-6.512083483785801e-07,-0.2948362730747011,3.295281887202848e-05,0.00042523277807049453,0.0016061237547546625
natural_full_finetune_fp32_test,fp32,1,3460,up_blocks.3.resnets.1.conv2.weight,1.62508156771975,-8.217691184918174e-05,-0.09770008893957119,0.0005175826302738426,-3.647352599112386e-05,-0.09251762944860335,0.0002425929015178409,0.00042523277807049453,0.0016061237547546625
natural_full_finetune_fp32_test,fp32,1,3460,up_blocks.3.resnets.1.conv2.bias,0.025554006073905004,-5.699967529804174e-08,-0.2093091495230852,1.0656759749250406e-05,-4.486577446426698e-08,-0.1776663139876544,9.88214183705945e-06,0.00042523277807049453,0.0016061237547546625
natural_full_finetune_fp32_test,fp32,1,3460,up_blocks.3.resnets.2.norm1.weight,0.05926879135500458,-2.3017200500801217e-06,-0.18242824725203316,0.00021287974650648685,-3.6659833260281054e-06,-0.18721641485962753,0.00033038512824829945,0.00042523277807049453,0.0016061237547546625
natural_full_finetune_fp32_test,fp32,1,3460,up_blocks.3.resnets.2.norm1.bias,0.034618312441169204,-5.977786019914333e-06,-0.3973237899491419,0.00043460018050004367,-1.019777149208352e-05,-0.491812559109972,0.0005989626866113377,0.00042523277807049453,0.0016061237547546625
natural_full_finetune_fp32_test,fp32,1,3460,up_blocks.3.resnets.2.conv1.weight,1.6473558505724375,-4.0800852077095414e-05,-0.01794155799306089,0.0013804531022114932,-4.075825713130616e-05,-0.03155788249202191,0.0007840076989358267,0.00042523277807049453,0.0016061237547546625
natural_full_finetune_fp32_test,fp32,1,3460,up_blocks.3.resnets.2.conv1.bias,0.035646857511012604,-1.210766044903995e-06,-0.1791600999970935,0.000189582255843016,-1.665273977412291e-06,-0.29558191176936705,0.00015804712192889458,0.00042523277807049453,0.0016061237547546625
natural_full_finetune_fp32_test,fp32,1,3460,up_blocks.3.resnets.2.norm2.weight,0.11300618158374703,-1.337516697334889e-06,-0.1594244397117165,7.42407092867557e-05,-4.727190759975879e-06,-0.5448560116476632,7.677488603467736e-05,0.00042523277807049453,0.0016061237547546625
natural_full_finetune_fp32_test,fp32,1,3460,up_blocks.3.resnets.2.norm2.bias,0.07394612523869178,-1.486549593265413e-06,-0.25338905133660905,7.933706586742015e-05,-3.943053577179708e-06,-0.6740042559895889,7.911423214209827e-05,0.00042523277807049453,0.0016061237547546625
natural_full_finetune_fp32_test,fp32,1,3460,up_blocks.3.resnets.2.conv2.weight,1.7857217655191813,-3.065556258104743e-05,-0.055870266066430085,0.00030726617835576787,-4.411932683485301e-05,-0.12943099700334848,0.00019088719171398425,0.00042523277807049453,0.0016061237547546625
natural_full_finetune_fp32_test,fp32,1,3460,up_blocks.3.resnets.2.conv2.bias,0.03973630555447871,-2.3535605564370164e-08,-0.09689657819338923,6.112648878948693e-06,-8.934351575984933e-08,-0.20587313736549812,1.0921338524132065e-05,0.00042523277807049453,0.0016061237547546625
natural_full_finetune_fp32_test,fp32,1,3460,mid_block.attentions.0.group_norm.weight,0.35829129070470117,-1.4617760576278094e-06,-0.0367337909455216,0.00011106541475004512,-1.7718573789460379e-06,-0.08764213194329354,5.642604054089334e-05,0.00042523277807049453,0.0016061237547546625
natural_full_finetune_fp32_test,fp32,1,3460,mid_block.attentions.0.group_norm.bias,0.06631888921315132,9.08179604661678e-07,0.10721687540156598,0.0001277236598485159,6.000623929202106e-07,0.11195830288462738,8.081702500987995e-05,0.00042523277807049453,0.0016061237547546625
natural_full_finetune_fp32_test,fp32,1,3460,mid_block.attentions.0.to_q.weight,2.511156328911222,5.930479229193661e-06,0.009283867282095603,0.00025438243245113,2.4222608442939775e-06,0.009855276558762149,9.787648017764573e-05,0.00042523277807049453,0.0016061237547546625
natural_full_finetune_fp32_test,fp32,1,3460,mid_block.attentions.0.to_q.bias,0.09880591777396242,4.935994893124397e-07,0.4216501185897722,1.1847849214532852e-05,2.8466674361671035e-07,0.3545152738271856,8.126786040011537e-06,0.00042523277807049453,0.0016061237547546625
natural_full_finetune_fp32_test,fp32,1,3460,mid_block.attentions.0.to_k.weight,2.508767357010908,-9.984085293610162e-07,-0.001627639692508023,0.00024450605585403556,7.547058943257726e-07,0.003338801371260494,9.01004102632361e-05,0.00042523277807049453,0.0016061237547546625
natural_full_finetune_fp32_test,fp32,1,3460,mid_block.attentions.0.to_k.bias,4.102391484712294e-05,2.103612991581792e-16,0.21345282218712786,2.4022977857812527e-11,-2.5360046706400085e-17,-0.11155612229390781,5.541400471191789e-12,0.00042523277807049453,0.0016061237547546625
natural_full_finetune_fp32_test,fp32,1,3460,mid_block.attentions.0.to_v.weight,1.9226182113332053,-1.91693580143805e-05,-0.011991425666539605,0.0008314644726915456,3.0683278994259435e-05,0.03897409049132199,0.0004094800315920329,0.00042523277807049453,0.0016061237547546625
natural_full_finetune_fp32_test,fp32,1,3460,mid_block.attentions.0.to_v.bias,0.03280088674208953,1.27452608088237e-07,0.04617324115212511,8.415361585886822e-05,7.224508333482402e-08,0.04076902398449966,5.402470414365774e-05,0.00042523277807049453,0.0016061237547546625
natural_full_finetune_fp32_test,fp32,1,3460,mid_block.attentions.0.to_out.0.weight,2.492937115503084,1.56258609725748e-05,0.0057580839894272855,0.001088565677950761,5.670467854110293e-05,0.03241394292131655,0.0007017391495682398,0.00042523277807049453,0.0016061237547546625
natural_full_finetune_fp32_test,fp32,1,3460,mid_block.attentions.0.to_out.0.bias,0.04682022927962241,-8.567957810736562e-07,-0.10152734256787523,0.0001802439782515344,-2.104251107336111e-07,-0.025359221218517802,0.00017722627769631606,0.00042523277807049453,0.0016061237547546625
natural_full_finetune_fp32_test,fp32,1,3460,mid_block.resnets.0.norm1.weight,0.08791831131494217,-1.2810012256578056e-06,-0.12048993250993435,0.0001209259328571403,-1.745264138859824e-06,-0.31653803210751624,6.271276210609472e-05,0.00042523277807049453,0.0016061237547546625
natural_full_finetune_fp32_test,fp32,1,3460,mid_block.resnets.0.norm1.bias,0.07839926017318297,-4.2567716848846605e-06,-0.33789850026210116,0.00016068751276350355,-2.324407008264935e-06,-0.3929286192553603,7.545474394157866e-05,0.00042523277807049453,0.0016061237547546625
natural_full_finetune_fp32_test,fp32,1,3460,mid_block.resnets.0.conv1.weight,7.170495468636062,1.8965702940073817e-05,0.003712655544910647,0.0007124183880169827,3.713822479987031e-05,0.014750147002363226,0.00035113621741993367,0.00042523277807049453,0.0016061237547546625
natural_full_finetune_fp32_test,fp32,1,3460,mid_block.resnets.0.conv1.bias,0.05330302217763763,-3.3898577429397217e-09,-0.002517606146605893,2.5260494590188705e-05,-1.9048548059016156e-09,-0.0026080904761975744,1.3702108158689904e-05,0.00042523277807049453,0.0016061237547546625
natural_full_finetune_fp32_test,fp32,1,3460,mid_block.resnets.0.norm2.weight,0.18850968024818157,-1.2797714497852483e-06,-0.024074149495031616,0.0002819991553371998,-7.498073999205042e-07,-0.0275124645560917,0.00014457279237745782,0.00042523277807049453,0.0016061237547546625
natural_full_finetune_fp32_test,fp32,1,3460,mid_block.resnets.0.norm2.bias,0.05862832309905457,-6.450124826238365e-06,-0.2936333182939839,0.00037467551576931353,-1.460571246699288e-06,-0.11105692393228447,0.0002243208458998996,0.00042523277807049453,0.0016061237547546625
natural_full_finetune_fp32_test,fp32,1,3460,mid_block.resnets.0.conv2.weight,7.909464599705789,-9.22762607044419e-05,-0.009095465670826993,0.0012826789325702365,5.853017171520483e-05,0.00934073420675644,0.0007922307537224165,0.00042523277807049453,0.0016061237547546625
natural_full_finetune_fp32_test,fp32,1,3460,mid_block.resnets.0.conv2.bias,0.038853117409442986,-1.00823204732508e-06,-0.1362186772549726,0.00019050131084106161,-4.505273579097787e-07,-0.0637702719088124,0.00018183481081715712,0.00042523277807049453,0.0016061237547546625
natural_full_finetune_fp32_test,fp32,1,3460,mid_block.resnets.1.norm1.weight,0.13350811738011775,1.2632738873640387e-06,0.12469279934320153,7.588369543408599e-05,1.1923791066046075e-07,0.02544693013869554,3.509710444687315e-05,0.00042523277807049453,0.0016061237547546625
natural_full_finetune_fp32_test,fp32,1,3460,mid_block.resnets.1.norm1.bias,0.08890475336707035,4.550284044945693e-07,0.058346172462085184,8.7720511384699e-05,2.344095691851865e-07,0.07120878398972638,3.702685161581251e-05,0.00042523277807049453,0.0016061237547546625
natural_full_finetune_fp32_test,fp32,1,3460,mid_block.resnets.1.conv1.weight,7.653744243460763,1.727398889861819e-05,0.005049695078550447,0.0004469444368359331,2.815832610915659e-05,0.0181193320426623,0.00020304425449507667,0.00042523277807049453,0.0016061237547546625
natural_full_finetune_fp32_test,fp32,1,3460,mid_block.resnets.1.conv1.bias,0.05173908810357253,-7.398430633030831e-08,-0.06529924709685048,2.189841401430846e-05,-1.632766574355851e-08,-0.030805137163199277,1.0244297546259049e-05,0.00042523277807049453,0.0016061237547546625
natural_full_finetune_fp32_test,fp32,1,3460,mid_block.resnets.1.norm2.weight,0.18048770918996795,-8.88710798500529e-07,-0.05859467278475991,8.40339331954365e-05,-1.3703851847778332e-07,-0.017770907009182237,4.2725330191965704e-05,0.00042523277807049453,0.0016061237547546625
natural_full_finetune_fp32_test,fp32,1,3460,mid_block.resnets.1.norm2.bias,0.05218506938594383,-2.621564056825872e-06,-0.20045232127011386,0.00025061272509254215,-3.3509960864913575e-07,-0.050013522588748964,0.00012839266434294338,0.00042523277807049453,0.0016061237547546625
natural_full_finetune_fp32_test,fp32,1,3460,mid_block.resnets.1.conv2.weight,8.037483689246708,1.8437203124126412e-05,0.0028683116905354705,0.0007997395846116808,5.4043096733166633e-05,0.011653583059112535,0.0005769798496133026,0.00042523277807049453,0.0016061237547546625
natural_full_finetune_fp32_test,fp32,1,3460,mid_block.resnets.1.conv2.bias,0.03929813700396993,-4.1479308556316435e-07,-0.06310822740237128,0.00016725286431756408,-2.1472796743320087e-07,-0.03121443160485966,0.00017504963909063874,0.00042523277807049453,0.0016061237547546625
natural_full_finetune_fp32_test,fp32,1,3460,conv_norm_out.weight,0.1329591062869486,-7.886160112711364e-06,-0.17324091281596526,0.0003423710538808071,-1.1227133034023809e-05,-0.0808102174595973,0.0010449235232066186,0.00042523277807049453,0.0016061237547546625
natural_full_finetune_fp32_test,fp32,1,3460,conv_norm_out.bias,0.04359351784352098,-2.383047086172644e-06,-0.1440635874461717,0.00037945168159380976,-2.9385075823244827e-06,-0.04708450188496908,0.0014316172374890593,0.00042523277807049453,0.0016061237547546625
natural_full_finetune_fp32_test,fp32,1,3460,conv_out.weight,0.10043916731192101,-0.00016016484570345417,-0.09513789537889412,0.01676141026456338,-5.222873283526162e-05,-0.03570397916455507,0.014564305001917388,0.00042523277807049453,0.0016061237547546625
natural_full_finetune_fp32_test,fp32,1,3460,conv_out.bias,0.0018924823695854003,2.808509837285431e-07,0.3695807960220143,0.0004015454512887567,1.2681029530484458e-06,0.21478812995566163,0.003119696852424328,0.00042523277807049453,0.0016061237547546625
natural_full_finetune_fp32_test,fp32,2,3461,conv_in.weight,0.48729639278092124,-8.759988391899885e-05,-0.08438731287910996,0.0021302627639545628,-3.3251450176937005e-05,-0.042076328959643396,0.0016217337403070257,0.0006306701106950641,0.0024070728104561567
natural_full_finetune_fp32_test,fp32,2,3461,conv_in.bias,0.05892930560018015,-1.9576684713515208e-06,-0.15369948256048444,0.00021614013455168436,-7.614467097511107e-06,-0.44540389690215804,0.0002901043082464133,0.0006306701106950641,0.0024070728104561567
natural_full_finetune_fp32_test,fp32,2,3461,up_blocks.0.resnets.0.norm1.weight,0.12673591155887784,-9.109327285905495e-08,-0.007606565192227207,9.449264839194473e-05,-5.792052871719718e-07,-0.07145058084041206,6.39627402264172e-05,0.0006306701106950641,0.0024070728104561567
natural_full_finetune_fp32_test,fp32,2,3461,up_blocks.0.resnets.0.norm1.bias,0.08418737456875791,-2.5653926210400094e-07,-0.031208020741853915,9.764289544808348e-05,-1.3278563961936608e-07,-0.021447778675725355,7.353969502081095e-05,0.0006306701106950641,0.0024070728104561567
natural_full_finetune_fp32_test,fp32,2,3461,up_blocks.0.resnets.0.conv1.weight,7.6082956136500215,1.3076356228146012e-05,0.0026782696414495355,0.0006417192485123576,1.8447256973013392e-05,0.00919615679033693,0.00026365623860567496,0.0006306701106950641,0.0024070728104561567
natural_full_finetune_fp32_test,fp32,2,3461,up_blocks.0.resnets.0.conv1.bias,0.040866165646455364,3.769678124483108e-08,0.030080722199080683,3.066564610720961e-05,-1.2797856960667465e-07,-0.15044088877745634,2.0816488470748657e-05,0.0006306701106950641,0.0024070728104561567
natural_full_finetune_fp32_test,fp32,2,3461,up_blocks.0.resnets.0.norm2.weight,0.20332162847471544,-2.6265662390698766e-07,-0.01562566325720758,8.267349876540952e-05,-9.375721754125152e-07,-0.08926697428115046,5.165713505397306e-05,0.0006306701106950641,0.0024070728104561567
natural_full_finetune_fp32_test,fp32,2,3461,up_blocks.0.resnets.0.norm2.bias,0.054798035156546,-2.7250190250191917e-08,-0.0021132806096333745,0.00023531379278237747,-6.310610024664143e-07,-0.06894480318273374,0.00016703397646591867,0.0006306701106950641,0.0024070728104561567
natural_full_finetune_fp32_test,fp32,2,3461,up_blocks.0.resnets.0.conv2.weight,8.103536652967156,-8.72437721604733e-06,-0.0011593191708212818,0.0009286601644312226,4.1166155734230875e-05,0.009514747709287175,0.0005339104666409806,0.0006306701106950641,0.0024070728104561567
natural_full_finetune_fp32_test,fp32,2,3461,up_blocks.0.resnets.0.conv2.bias,0.0368208203199458,4.416525657293076e-08,0.006817185389893822,0.0001759471325342955,-1.9938341078688462e-07,-0.028723786266820515,0.00018851845627181134,0.0006306701106950641,0.0024070728104561567
natural_full_finetune_fp32_test,fp32,2,3461,up_blocks.0.resnets.1.norm1.weight,0.11935861602126578,9.782034591483404e-07,0.06800239018376744,0.00012051781298505434,1.5626137838650152e-07,0.01956372120273426,6.691853293288893e-05,0.0006306701106950641,0.0024070728104561567
natural_full_finetune_fp32_test,fp32,2,3461,up_blocks.0.resnets.1.norm1.bias,0.059573905150395526,3.7132610931819205e-08,0.004441307064105774,0.0001403423088165123,-3.434039653117268e-07,-0.06655257472772529,8.66132578430921e-05,0.0006306701106950641,0.0024070728104561567
natural_full_finetune_fp32_test,fp32,2,3461,up_blocks.0.resnets.1.conv1.weight,7.730774045084566,-9.069053312268671e-06,-0.0016253370859856957,0.0007217645209045484,2.4541516976879838e-05,0.012083471462693077,0.00026271610910406766,0.0006306701106950641,0.0024070728104561567
natural_full_finetune_fp32_test,fp32,2,3461,up_blocks.0.resnets.1.conv1.bias,0.04157937059141016,-7.420612736011301e-08,-0.039704932102756406,4.494872723535149e-05,-1.0032390572998422e-07,-0.10155820549047444,2.3758088848067008e-05,0.0006306701106950641,0.0024070728104561567
natural_full_finetune_fp32_test,fp32,2,3461,up_blocks.0.resnets.1.norm2.weight,0.19943458164844177,-2.700557837889705e-07,-0.011558628158679387,0.00011715119522733966,-8.474354482454907e-07,-0.07980309788459604,5.324592909484851e-05,0.0006306701106950641,0.0024070728104561567
natural_full_finetune_fp32_test,fp32,2,3461,up_blocks.0.resnets.1.norm2.bias,0.05712946065280567,-1.947947631681322e-07,-0.012751399987786176,0.00026739869549468817,-8.98919360560891e-07,-0.10867172242427536,0.0001447918308246561,0.0006306701106950641,0.0024070728104561567
natural_full_finetune_fp32_test,fp32,2,3461,up_blocks.0.resnets.1.conv2.weight,7.987054453206774,-1.9214696387660532e-05,-0.0023069695510011972,0.001042809595676995,4.6627760575614316e-05,0.008727556258331094,0.0006689062525103757,0.0006306701106950641,0.0024070728104561567
natural_full_finetune_fp32_test,fp32,2,3461,up_blocks.0.resnets.1.conv2.bias,0.03853296455461855,1.1197564207668734e-08,0.0017824363443320946,0.00016303359662240405,4.200666041097911e-09,0.0005785406882938515,0.0001884307709305166,0.0006306701106950641,0.0024070728104561567
natural_full_finetune_fp32_test,fp32,2,3461,up_blocks.0.resnets.2.norm1.weight,0.13853648275868222,-1.7379822315529867e-07,-0.010182470484170418,0.0001232049097342477,-4.184784366793136e-07,-0.04307727231731921,7.012303936897486e-05,0.0006306701106950641,0.0024070728104561567
natural_full_finetune_fp32_test,fp32,2,3461,up_blocks.0.resnets.2.norm1.bias,0.07256404563510038,3.2127197274801667e-07,0.030760608094213677,0.0001439316936096782,-1.76196309938298e-06,-0.25719692406744404,9.44081637518648e-05,0.0006306701106950641,0.0024070728104561567
natural_full_finetune_fp32_test,fp32,2,3461,up_blocks.0.resnets.2.conv1.weight,8.242480364879563,-4.9623043648328325e-06,-0.0007109969927610311,0.0008467548898383626,-7.423031489830979e-06,-0.0032861585945008214,0.00027405319047796485,0.0006306701106950641,0.0024070728104561567
natural_full_finetune_fp32_test,fp32,2,3461,up_blocks.0.resnets.2.conv1.bias,0.08857849179302839,7.198482908348643e-08,0.017858498310643785,4.550590537540499e-05,-2.499911839504261e-07,-0.1252120108969718,2.253981886503957e-05,0.0006306701106950641,0.0024070728104561567
natural_full_finetune_fp32_test,fp32,2,3461,up_blocks.0.resnets.2.norm2.weight,0.1648578968374648,-2.8690735920541886e-06,-0.10984601295607718,0.0001584337256284993,-5.181082850108141e-07,-0.03375319473867683,9.31099078783788e-05,0.0006306701106950641,0.0024070728104561567
natural_full_finetune_fp32_test,fp32,2,3461,up_blocks.0.resnets.2.norm2.bias,0.07396253149791619,-2.1580131125446706e-06,-0.09766469803479087,0.00029874778938163274,-1.8356603933729688e-06,-0.14142667555381377,0.0001754887326550366,0.0006306701106950641,0.0024070728104561567
natural_full_finetune_fp32_test,fp32,2,3461,up_blocks.0.resnets.2.conv2.weight,7.392106321607191,-5.3755376175845014e-05,-0.006486745583995587,0.001121054782503863,5.396350739956346e-05,0.010140695398136662,0.0007198868271356451,0.0006306701106950641,0.0024070728104561567
natural_full_finetune_fp32_test,fp32,2,3461,up_blocks.0.resnets.2.conv2.bias,0.042611165290195055,1.8518892877489248e-08,0.002540144442578207,0.00017109337584859962,6.919002267735188e-08,0.008504631036243214,0.00019092578500887596,0.0006306701106950641,0.0024070728104561567
natural_full_finetune_fp32_test,fp32,2,3461,up_blocks.0.upsamplers.0.conv.weight,8.241464639602889,-0.0004533904954202421,-0.013305998029915967,0.004134476780138493,4.5892842618737616e-05,0.0024752808155686554,0.002249655840196572,0.0006306701106950641,0.0024070728104561567
natural_full_finetune_fp32_test,fp32,2,3461,up_blocks.0.upsamplers.0.conv.bias,0.04408636259191192,-2.120159395005546e-07,-0.08000108994134751,6.011299144269547e-05,-1.4395721669129968e-07,-0.07499779355832811,4.353922421402531e-05,0.0006306701106950641,0.0024070728104561567
natural_full_finetune_fp32_test,fp32,2,3461,up_blocks.1.resnets.0.norm1.weight,0.13151795004721442,5.326078063807336e-07,0.024579273833864438,0.00016476063177465927,-7.152158693028374e-07,-0.07945261776056989,6.84453424065327e-05,0.0006306701106950641,0.0024070728104561567
natural_full_finetune_fp32_test,fp32,2,3461,up_blocks.1.resnets.0.norm1.bias,0.10159788475271539,2.1536535034733786e-06,0.14393468210138521,0.00014727387463734913,5.614679540774681e-07,0.0908290827981715,6.084366676257342e-05,0.0006306701106950641,0.0024070728104561567
natural_full_finetune_fp32_test,fp32,2,3461,up_blocks.1.resnets.0.conv1.weight,7.908065568235215,-2.3903020009171825e-05,-0.002981866790403412,0.0010136645890283533,5.835794228502648e-05,0.024591469536419955,0.000300085648940087,0.0006306701106950641,0.0024070728104561567
natural_full_finetune_fp32_test,fp32,2,3461,up_blocks.1.resnets.0.conv1.bias,0.04655430419069107,4.107298995732196e-08,0.016576045751887515,5.3224984327735366e-05,2.3162262436374507e-08,0.023991385495567393,2.0737949327169485e-05,0.0006306701106950641,0.0024070728104561567
natural_full_finetune_fp32_test,fp32,2,3461,up_blocks.1.resnets.0.norm2.weight,0.10000350285416221,-1.0434748120788568e-06,-0.0427996714870194,0.00024379585770295672,1.248812930028731e-07,0.016159679587074115,7.727685321583625e-05,0.0006306701106950641,0.0024070728104561567
natural_full_finetune_fp32_test,fp32,2,3461,up_blocks.1.resnets.0.norm2.bias,0.09207148517153575,-1.2040743155844791e-06,-0.07895374892149767,0.0001656362492539694,3.564692904916431e-07,0.05445608508180387,7.109688233574582e-05,0.0006306701106950641,0.0024070728104561567
natural_full_finetune_fp32_test,fp32,2,3461,up_blocks.1.resnets.0.conv2.weight,8.166516180136648,-6.244396797486648e-05,-0.0064731437228960405,0.0011812407365022037,8.806720549753126e-05,0.024021589464298814,0.0004489269196566853,0.0006306701106950641,0.0024070728104561567
natural_full_finetune_fp32_test,fp32,2,3461,up_blocks.1.resnets.0.conv2.bias,0.04357193728673002,-2.418296767871785e-07,-0.10142481697589212,5.472156291417233e-05,-1.2064334120921184e-07,-0.0635793637881212,4.35492127706579e-05,0.0006306701106950641,0.0024070728104561567
natural_full_finetune_fp32_test,fp32,2,3461,up_blocks.1.resnets.1.norm1.weight,0.11282589375032782,-1.245868378920249e-06,-0.06802601786633024,0.00016232609156405873,-5.971358928004531e-08,-0.008566324383750662,6.178312600150564e-05,0.0006306701106950641,0.0024070728104561567
natural_full_finetune_fp32_test,fp32,2,3461,up_blocks.1.resnets.1.norm1.bias,0.07931337307116004,-1.950535843845481e-07,-0.015756513746199463,0.00015608004539321884,-8.338815461099917e-07,-0.16389964118674996,6.414753022240771e-05,0.0006306701106950641,0.0024070728104561567
natural_full_finetune_fp32_test,fp32,2,3461,up_blocks.1.resnets.1.conv1.weight,8.493238784199912,-4.344725691757603e-05,-0.004648372778950963,0.0011004950121511715,6.160666865355862e-05,0.02779451063381305,0.00026097286834713036,0.0006306701106950641,0.0024070728104561567
natural_full_finetune_fp32_test,fp32,2,3461,up_blocks.1.resnets.1.conv1.bias,0.06838392005986615,8.923726850956082e-08,0.02293263392676553,5.6903415809946364e-05,-1.1325617581343237e-07,-0.07586522538851945,2.1830573652562372e-05,0.0006306701106950641,0.0024070728104561567
natural_full_finetune_fp32_test,fp32,2,3461,up_blocks.1.resnets.1.norm2.weight,0.12305194857524501,-4.44203016557425e-07,-0.024451287812565906,0.0001476356601996966,-6.399827562582253e-07,-0.09081792853639924,5.726749483094231e-05,0.0006306701106950641,0.0024070728104561567
natural_full_finetune_fp32_test,fp32,2,3461,up_blocks.1.resnets.1.norm2.bias,0.12439787529304377,-3.556370586664396e-07,-0.022373889879290548,0.00012777695981419684,-4.7573888633635994e-07,-0.06759531877697077,5.657688967915805e-05,0.0006306701106950641,0.0024070728104561567
natural_full_finetune_fp32_test,fp32,2,3461,up_blocks.1.resnets.1.conv2.weight,8.240779530633594,-3.787820489026647e-05,-0.003879640597695763,0.0011847578589288695,0.00010034409699699229,0.02774231485656959,0.0004389154184961043,0.0006306701106950641,0.0024070728104561567
natural_full_finetune_fp32_test,fp32,2,3461,up_blocks.1.resnets.1.conv2.bias,0.04888583750048641,-1.5603914411482318e-07,-0.06674632050581944,4.782149733555776e-05,-6.621094337936987e-08,-0.03307964710919504,4.094358325471032e-05,0.0006306701106950641,0.0024070728104561567
natural_full_finetune_fp32_test,fp32,2,3461,up_blocks.1.resnets.2.norm1.weight,0.11842704208681087,1.635914317424602e-06,0.0660096286927147,0.00020926778682747767,7.292200681901335e-08,0.006809189739132692,9.042995063182938e-05,0.0006306701106950641,0.0024070728104561567
natural_full_finetune_fp32_test,fp32,2,3461,up_blocks.1.resnets.2.norm1.bias,0.07192844340959147,-1.2010571897020123e-06,-0.08182970186376652,0.00020405726267956492,5.53807286591567e-10,8.236903633331686e-05,9.347468679156917e-05,0.0006306701106950641,0.0024070728104561567
natural_full_finetune_fp32_test,fp32,2,3461,up_blocks.1.resnets.2.conv1.weight,8.408799839276847,-0.0001283781589389701,-0.010224622467900119,0.0014931720338225917,0.00011196334232132868,0.04016117085359596,0.0003315396495327998,0.0006306701106950641,0.0024070728104561567
natural_full_finetune_fp32_test,fp32,2,3461,up_blocks.1.resnets.2.conv1.bias,0.05973749558067517,-6.217371966614316e-07,-0.14525399778581327,7.165256554556677e-05,-1.1111160950621289e-07,-0.06207282176772535,2.9964769327041295e-05,0.0006306701106950641,0.0024070728104561567
natural_full_finetune_fp32_test,fp32,2,3461,up_blocks.1.resnets.2.norm2.weight,0.11641384698900986,-6.103841770336577e-07,-0.029306626335513297,0.00017890925150750863,-4.113461932485486e-07,-0.038633561087479534,9.146145372175123e-05,0.0006306701106950641,0.0024070728104561567
natural_full_finetune_fp32_test,fp32,2,3461,up_blocks.1.resnets.2.norm2.bias,0.10435747292699867,-1.5440518932620568e-06,-0.09307790318765623,0.00015896142495205445,-2.813778136130861e-07,-0.032917944514595496,8.190937044799622e-05,0.0006306701106950641,0.0024070728104561567
natural_full_finetune_fp32_test,fp32,2,3461,up_blocks.1.resnets.2.conv2.weight,7.894154600823681,5.619642907708639e-05,0.00598945773970661,0.0011885448850573156,0.00013938508710618984,0.03656001841376824,0.0004829523432384968,0.0006306701106950641,0.0024070728104561567
natural_full_finetune_fp32_test,fp32,2,3461,up_blocks.1.resnets.2.conv2.bias,0.05066496534831913,-1.588951053744827e-07,-0.07807658068749877,4.016816422528997e-05,-1.0098382181787635e-07,-0.048925473415556336,4.0738873539202055e-05,0.0006306701106950641,0.0024070728104561567
natural_full_finetune_fp32_test,fp32,2,3461,up_blocks.1.upsamplers.0.conv.weight,8.17562969200485,-0.00029859121677625815,-0.009172907857541596,0.003981518933676452,0.00022936691523428005,0.013982738434312386,0.0020063991162378773,0.0006306701106950641,0.0024070728104561567
natural_full_finetune_fp32_test,fp32,2,3461,up_blocks.1.upsamplers.0.conv.bias,0.04834683230791416,-6.511743943330398e-08,-0.11118390690947946,1.2113994153893825e-05,1.3569054780471846e-08,0.028146961392387,9.971260308859715e-06,0.0006306701106950641,0.0024070728104561567
natural_full_finetune_fp32_test,fp32,2,3461,up_blocks.2.resnets.0.norm1.weight,0.13592526859513274,2.110963848281214e-06,0.07322740812842819,0.0002120835250849419,-3.6952915263883616e-07,-0.02901621415131447,9.369313232788807e-05,0.0006306701106950641,0.0024070728104561567
natural_full_finetune_fp32_test,fp32,2,3461,up_blocks.2.resnets.0.norm1.bias,0.10490292895797448,-1.0173966631630374e-06,-0.07486441361208823,0.00012954697234711845,3.327438717493365e-08,0.004226865107326055,7.504194176392989e-05,0.0006306701106950641,0.0024070728104561567
natural_full_finetune_fp32_test,fp32,2,3461,up_blocks.2.resnets.0.conv1.weight,5.737304840524999,-0.00013807283932812603,-0.01646231527205329,0.0014618722265553315,5.6820541290915724e-05,0.0287499257118978,0.0003444773836055025,0.0006306701106950641,0.0024070728104561567
natural_full_finetune_fp32_test,fp32,2,3461,up_blocks.2.resnets.0.conv1.bias,0.0444532371857287,-2.3691461524556275e-07,-0.14351089554872062,3.713672364196956e-05,5.126173064514179e-08,0.06712991409474213,1.7178046740606618e-05,0.0006306701106950641,0.0024070728104561567
natural_full_finetune_fp32_test,fp32,2,3461,up_blocks.2.resnets.0.norm2.weight,0.1023420537658409,-3.9408636008361743e-07,-0.03335218300798861,0.00011545507038894441,-3.586358692785231e-07,-0.049739209784914425,7.045319850992335e-05,0.0006306701106950641,0.0024070728104561567
natural_full_finetune_fp32_test,fp32,2,3461,up_blocks.2.resnets.0.norm2.bias,0.06059237614428373,-1.1998252974157946e-06,-0.2216638140379881,8.933162395328161e-05,2.380439447094635e-07,0.0701115538763705,5.6033733757895254e-05,0.0006306701106950641,0.0024070728104561567
natural_full_finetune_fp32_test,fp32,2,3461,up_blocks.2.resnets.0.conv2.weight,3.6311836808613362,-0.00014660095548362173,-0.042087655575420276,0.000959254506517929,1.641785389741072e-05,0.013577777355105892,0.0003329963595586788,0.0006306701106950641,0.0024070728104561567
natural_full_finetune_fp32_test,fp32,2,3461,up_blocks.2.resnets.0.conv2.bias,0.03781860958458735,-1.688419057021336e-07,-0.18359592213342585,2.431709305573036e-05,7.150798974703628e-08,0.10795704759194091,1.7514510838067995e-05,0.0006306701106950641,0.0024070728104561567
natural_full_finetune_fp32_test,fp32,2,3461,up_blocks.2.resnets.0.conv_shortcut.weight,1.3905175707348099,-0.0007030994618641652,-0.04417952902744446,0.011445089751097754,0.0001542867687043459,0.022889061567882615,0.00484757140693465,0.0006306701106950641,0.0024070728104561567
natural_full_finetune_fp32_test,fp32,2,3461,up_blocks.2.resnets.0.conv_shortcut.bias,0.03781860174761221,-1.6884350418930358e-07,-0.18359769834828643,2.431709305573036e-05,7.15084442978885e-08,0.10795775620807262,1.7514510838067995e-05,0.0006306701106950641,0.0024070728104561567
natural_full_finetune_fp32_test,fp32,2,3461,up_blocks.2.resnets.1.norm1.weight,0.1043223943151048,-1.371073993735606e-06,-0.11495219743591056,0.00011433154428107141,-3.9250498389837333e-07,-0.11963653896634337,3.144877902911322e-05,0.0006306701106950641,0.0024070728104561567
natural_full_finetune_fp32_test,fp32,2,3461,up_blocks.2.resnets.1.norm1.bias,0.07165863191242715,-7.651234750842236e-07,-0.10941826284198397,9.758278282191138e-05,-5.455474981323119e-08,-0.02746472593712643,2.77197166297416e-05,0.0006306701106950641,0.0024070728104561567
natural_full_finetune_fp32_test,fp32,2,3461,up_blocks.2.resnets.1.conv1.weight,3.9067712755469897,-0.00019126048231110995,-0.037874842572223115,0.0012925770014594903,2.309572495273108e-05,0.024551654319084234,0.00024078689822404516,0.0006306701106950641,0.0024070728104561567
natural_full_finetune_fp32_test,fp32,2,3461,up_blocks.2.resnets.1.conv1.bias,0.04962878373046377,-5.02805762846792e-07,-0.15757271314126242,6.429624375984932e-05,-1.0340017574298394e-08,-0.011070086894377242,1.882073653060122e-05,0.0006306701106950641,0.0024070728104561567
natural_full_finetune_fp32_test,fp32,2,3461,up_blocks.2.resnets.1.norm2.weight,0.09385059775758288,5.391684049835901e-07,0.055152148729258554,0.00010416575224054542,2.7948072767421885e-09,0.0011238685024447693,2.6497159647316638e-05,0.0006306701106950641,0.0024070728104561567
natural_full_finetune_fp32_test,fp32,2,3461,up_blocks.2.resnets.1.norm2.bias,0.0771975539687637,-6.56668682944496e-07,-0.10783299434521135,7.888439518958266e-05,-8.070282340194064e-09,-0.0043529392155696916,2.401610570178723e-05,0.0006306701106950641,0.0024070728104561567
natural_full_finetune_fp32_test,fp32,2,3461,up_blocks.2.resnets.1.conv2.weight,3.6338808555422233,-0.00019174040368245148,-0.046390174739653615,0.0011374097455249326,2.647621271280891e-07,0.00018567643152355307,0.00039239945610417573,0.0006306701106950641,0.0024070728104561567
natural_full_finetune_fp32_test,fp32,2,3461,up_blocks.2.resnets.1.conv2.bias,0.032388944238949946,-1.0815908414283582e-07,-0.15207640026714558,2.195858673734676e-05,8.433584668071365e-08,0.1491907886222112,1.745313338876224e-05,0.0006306701106950641,0.0024070728104561567
natural_full_finetune_fp32_test,fp32,2,3461,up_blocks.2.resnets.2.norm1.weight,0.0965775643709819,-6.714699380548849e-07,-0.04437872216235868,0.00015666628036034702,8.399852513265204e-08,0.01577257570917669,5.5143304939749155e-05,0.0006306701106950641,0.0024070728104561567
natural_full_finetune_fp32_test,fp32,2,3461,up_blocks.2.resnets.2.norm1.bias,0.06743007777808044,-5.304076666507846e-07,-0.05030090415897808,0.00015637968740312875,6.100903098055482e-07,0.18665680203367238,4.847263686731466e-05,0.0006306701106950641,0.0024070728104561567
natural_full_finetune_fp32_test,fp32,2,3461,up_blocks.2.resnets.2.conv1.weight,3.8671344773796026,-0.00022325625200409448,-0.039957530622868664,0.001444826551160031,2.753415532670027e-05,0.024307798471304525,0.00029291179232717395,0.0006306701106950641,0.0024070728104561567
natural_full_finetune_fp32_test,fp32,2,3461,up_blocks.2.resnets.2.conv1.bias,0.047268810005626924,-2.0369031034543714e-07,-0.05665017256247602,7.606668038910688e-05,1.5277300145365406e-07,0.14545408438431998,2.2220100616593484e-05,0.0006306701106950641,0.0024070728104561567
natural_full_finetune_fp32_test,fp32,2,3461,up_blocks.2.resnets.2.norm2.weight,0.09823095486588691,-8.762300045289612e-07,-0.06691188384690502,0.0001333111569872707,-1.5191221186722193e-06,-0.10576908510573742,0.00014621286051384367,0.0006306701106950641,0.0024070728104561567
natural_full_finetune_fp32_test,fp32,2,3461,up_blocks.2.resnets.2.norm2.bias,0.06654019562757517,-6.369194679533364e-07,-0.09723230656844895,9.844413832464633e-05,3.0513320370694265e-07,0.12789916416491548,3.585400619557265e-05,0.0006306701106950641,0.0024070728104561567
natural_full_finetune_fp32_test,fp32,2,3461,up_blocks.2.resnets.2.conv2.weight,3.5602187236973877,-0.00014486988686654477,-0.0387330698560451,0.0010505567607995737,-1.1714029547285178e-05,-0.008172202908812858,0.00040261550329933894,0.0006306701106950641,0.0024070728104561567
natural_full_finetune_fp32_test,fp32,2,3461,up_blocks.2.resnets.2.conv2.bias,0.03985385521555269,6.71562795275997e-08,0.10110635034026233,1.6666248596875344e-05,1.24533815387453e-07,0.18166011322662196,1.7201145706607827e-05,0.0006306701106950641,0.0024070728104561567
natural_full_finetune_fp32_test,fp32,2,3461,up_blocks.2.upsamplers.0.conv.weight,3.1705345191542937,-0.0003893285079443696,-0.02809957653907849,0.004370025229875738,8.803454575517536e-05,0.010162166399458192,0.0027323374821754884,0.0006306701106950641,0.0024070728104561567
natural_full_finetune_fp32_test,fp32,2,3461,up_blocks.2.upsamplers.0.conv.bias,0.043332929874955906,-3.8429963654151844e-08,-0.11723299980804362,7.564879971230326e-06,3.332024038257646e-09,0.010033644703178652,7.663573967356525e-06,0.0006306701106950641,0.0024070728104561567
natural_full_finetune_fp32_test,fp32,2,3461,up_blocks.3.resnets.0.norm1.weight,0.09812264066091474,-1.6278887034747869e-06,-0.10675410970769549,0.0001554071081463188,-2.3630292955106047e-07,-0.026621032696028897,9.046383186201774e-05,0.0006306701106950641,0.0024070728104561567
natural_full_finetune_fp32_test,fp32,2,3461,up_blocks.3.resnets.0.norm1.bias,0.06555269187521906,-2.130153115137641e-07,-0.02486825202583352,0.00013066974126039901,7.031824128993602e-07,0.11318590550726683,9.477310734568701e-05,0.0006306701106950641,0.0024070728104561567
natural_full_finetune_fp32_test,fp32,2,3461,up_blocks.3.resnets.0.conv1.weight,2.3901424922331236,-9.425171290780208e-05,-0.03241013437737945,0.00121670313516886,2.079290602399565e-05,0.01896437018724448,0.0004587255960146656,0.0006306701106950641,0.0024070728104561567
natural_full_finetune_fp32_test,fp32,2,3461,up_blocks.3.resnets.0.conv1.bias,0.033553725175964784,1.7251899694611624e-07,0.09961838833045256,5.1612710850148e-05,3.291008618369464e-07,0.3269737020363007,2.9996836230768684e-05,0.0006306701106950641,0.0024070728104561567
natural_full_finetune_fp32_test,fp32,2,3461,up_blocks.3.resnets.0.norm2.weight,0.10972914411805099,9.767502870809157e-08,0.008597303632213124,0.00010353788535392225,-1.185589742645918e-06,-0.19607476362504445,5.510496633536516e-05,0.0006306701106950641,0.0024070728104561567
natural_full_finetune_fp32_test,fp32,2,3461,up_blocks.3.resnets.0.norm2.bias,0.05371883858762426,1.8505679791326665e-07,0.044174631456840946,7.798399751943152e-05,3.227220865075945e-07,0.11383732205105014,5.277368293303463e-05,0.0006306701106950641,0.0024070728104561567
natural_full_finetune_fp32_test,fp32,2,3461,up_blocks.3.resnets.0.conv2.weight,1.7470917822217344,-5.574934856548213e-05,-0.06283762362618404,0.0005078135949164439,-2.1417309128766705e-05,-0.046192982073203694,0.00026538305203892206,0.0006306701106950641,0.0024070728104561567
natural_full_finetune_fp32_test,fp32,2,3461,up_blocks.3.resnets.0.conv2.bias,0.02810226820110995,-6.846826083608721e-08,-0.19851928795608664,1.227284398495471e-05,-8.828867629040582e-09,-0.024317433994774405,1.2919505331833703e-05,0.0006306701106950641,0.0024070728104561567
natural_full_finetune_fp32_test,fp32,2,3461,up_blocks.3.resnets.0.conv_shortcut.weight,0.5438389557455827,-0.00018635451205703237,-0.04151966023315884,0.008253075312287838,6.993364260186812e-05,0.025947481297099475,0.004955878252290763,0.0006306701106950641,0.0024070728104561567
natural_full_finetune_fp32_test,fp32,2,3461,up_blocks.3.resnets.0.conv_shortcut.bias,0.0281021121340459,-6.846833381161663e-08,-0.1985206020359663,1.227284398495471e-05,-8.829786400702649e-09,-0.02432009963893312,1.2919505331833703e-05,0.0006306701106950641,0.0024070728104561567
natural_full_finetune_fp32_test,fp32,2,3461,up_blocks.3.resnets.1.norm1.weight,0.08603753862149928,1.1322617000687674e-08,0.001421954917437838,9.254927311154778e-05,-8.004234387879589e-08,-0.016844253139766438,5.523063807108785e-05,0.0006306701106950641,0.0024070728104561567
natural_full_finetune_fp32_test,fp32,2,3461,up_blocks.3.resnets.1.norm1.bias,0.04066558133358894,-7.569409028294056e-07,-0.13082422188661694,0.0001422809736262724,-2.0078177112436873e-07,-0.05867775943463958,8.41441201256856e-05,0.0006306701106950641,0.0024070728104561567
natural_full_finetune_fp32_test,fp32,2,3461,up_blocks.3.resnets.1.conv1.weight,1.6678879931592618,-4.624556541232593e-05,-0.02461693613604028,0.0011263392343784408,1.9746084442275868e-05,0.028976599640014013,0.0004085702000950651,0.0006306701106950641,0.0024070728104561567
natural_full_finetune_fp32_test,fp32,2,3461,up_blocks.3.resnets.1.conv1.bias,0.03949356590473833,-6.962597403554784e-07,-0.14200641344029272,0.00012414721362166305,-1.7026137571300486e-08,-0.008860654180624674,4.8654610804429976e-05,0.0006306701106950641,0.0024070728104561567
natural_full_finetune_fp32_test,fp32,2,3461,up_blocks.3.resnets.1.norm2.weight,0.10838529595125301,-3.002373068220526e-07,-0.04826282958150618,5.739598422169623e-05,-7.883291644961094e-07,-0.1429110995619102,5.089454841101893e-05,0.0006306701106950641,0.0024070728104561567
natural_full_finetune_fp32_test,fp32,2,3461,up_blocks.3.resnets.1.norm2.bias,0.06702648974387651,9.922745222337073e-08,0.03053260178613018,4.848657991114524e-05,5.817441044213649e-08,0.02026199596304556,4.2835445766087216e-05,0.0006306701106950641,0.0024070728104561567
natural_full_finetune_fp32_test,fp32,2,3461,up_blocks.3.resnets.1.conv2.weight,1.62508156771975,-9.052516432405646e-05,-0.08779295605906523,0.0006345041765243046,-4.9306791010018044e-05,-0.08461510002953554,0.0003585780507591015,0.0006306701106950641,0.0024070728104561567
natural_full_finetune_fp32_test,fp32,2,3461,up_blocks.3.resnets.1.conv2.bias,0.025554006073905004,-6.741464779638439e-08,-0.2214157160830858,1.1914802075166322e-05,-4.065204309546822e-08,-0.11876567435430604,1.3394683141574267e-05,0.0006306701106950641,0.0024070728104561567
natural_full_finetune_fp32_test,fp32,2,3461,up_blocks.3.resnets.2.norm1.weight,0.05926879135500458,-1.5896933652913621e-06,-0.13007689618982865,0.0002061992708488221,-2.8595363581992004e-06,-0.23549826423346676,0.00020487163880698528,0.0006306701106950641,0.0024070728104561567
natural_full_finetune_fp32_test,fp32,2,3461,up_blocks.3.resnets.2.norm1.bias,0.034618312441169204,-4.6109112270295135e-06,-0.302870916544959,0.00043976766724876463,-5.013633623624007e-06,-0.28806033226673694,0.0005027629244140966,0.0006306701106950641,0.0024070728104561567
natural_full_finetune_fp32_test,fp32,2,3461,up_blocks.3.resnets.2.conv1.weight,1.6473558505724375,-4.9202838130685955e-05,-0.021022764572433548,0.0014207344296114756,-7.07214282750377e-06,-0.00510328580735676,0.0008412279792384743,0.0006306701106950641,0.0024070728104561567
natural_full_finetune_fp32_test,fp32,2,3461,up_blocks.3.resnets.2.conv1.bias,0.035646857511012604,-6.763899447150697e-07,-0.08753218142519052,0.00021677447381581943,-9.803728416409757e-07,-0.16494914239210928,0.00016673238397212675,0.0006306701106950641,0.0024070728104561567
natural_full_finetune_fp32_test,fp32,2,3461,up_blocks.3.resnets.2.norm2.weight,0.11300618158374703,-3.9369797668059267e-07,-0.038593767804500405,9.027007485882014e-05,-1.3173641017053264e-06,-0.13048310572523142,8.934069754331548e-05,0.0006306701106950641,0.0024070728104561567
natural_full_finetune_fp32_test,fp32,2,3461,up_blocks.3.resnets.2.norm2.bias,0.07394612523869178,-6.014399319512233e-07,-0.09877246996735885,8.234569950045327e-05,-9.09392859612023e-07,-0.16469644251874635,7.467098830957913e-05,0.0006306701106950641,0.0024070728104561567
natural_full_finetune_fp32_test,fp32,2,3461,up_blocks.3.resnets.2.conv2.weight,1.7857217655191813,-2.4214677779985777e-05,-0.04079662606047589,0.0003323844167251134,-5.54382262336537e-06,-0.013820624883999806,0.00022463005046699763,0.0006306701106950641,0.0024070728104561567
natural_full_finetune_fp32_test,fp32,2,3461,up_blocks.3.resnets.2.conv2.bias,0.03973630555447871,-2.2100758804123617e-08,-0.08361845328687977,6.651468954758694e-06,-5.557739632234092e-08,-0.14612472046126676,9.5716545757158e-06,0.0006306701106950641,0.0024070728104561567
natural_full_finetune_fp32_test,fp32,2,3461,mid_block.attentions.0.group_norm.weight,0.35829129070470117,2.4014177971480864e-06,0.058309604103270164,0.00011494534301681527,1.7373541591442573e-06,0.05607806590176221,8.646872994372012e-05,0.0006306701106950641,0.0024070728104561567
natural_full_finetune_fp32_test,fp32,2,3461,mid_block.attentions.0.group_norm.bias,0.06631888921315132,-4.762798015806491e-07,-0.044713536930636774,0.0001606149236896462,3.7721170387989254e-07,0.060262320843950924,9.438480054238107e-05,0.0006306701106950641,0.0024070728104561567
natural_full_finetune_fp32_test,fp32,2,3461,mid_block.attentions.0.to_q.weight,2.511156328911222,6.9368845935171305e-06,0.012320355877646662,0.00022421644713321428,1.4333905721131866e-07,0.00043330743920292107,0.0001317330200523692,0.0006306701106950641,0.0024070728104561567
natural_full_finetune_fp32_test,fp32,2,3461,mid_block.attentions.0.to_q.bias,0.09880591777396242,-1.8016476532965894e-07,-0.12833128793021273,1.4208700203572287e-05,-7.385705541094683e-08,-0.10595377196383148,7.054928393827026e-06,0.0006306701106950641,0.0024070728104561567
natural_full_finetune_fp32_test,fp32,2,3461,mid_block.attentions.0.to_k.weight,2.508767357010908,9.095144759333535e-07,0.001673435516632133,0.00021664079634641233,3.119886350614335e-06,0.010498521615322368,0.00011845413812855867,0.0006306701106950641,0.0024070728104561567
natural_full_finetune_fp32_test,fp32,2,3461,mid_block.attentions.0.to_k.bias,4.102391484712294e-05,-3.642975903520612e-16,-0.2980901230839914,2.979007593294232e-11,-1.2026040050691022e-16,-0.28710124516007496,1.0210581302460524e-11,0.0006306701106950641,0.0024070728104561567
natural_full_finetune_fp32_test,fp32,2,3461,mid_block.attentions.0.to_v.weight,1.9226182113332053,-3.260529687711998e-06,-0.001702021141777938,0.0009963918275807293,2.1214816996361007e-07,0.00018106580950770395,0.0006094102961601429,0.0006306701106950641,0.0024070728104561567
natural_full_finetune_fp32_test,fp32,2,3461,mid_block.attentions.0.to_v.bias,0.03280088674208953,-1.6380935305801243e-08,-0.00492612344190136,0.0001013789572839637,-6.540638640159915e-08,-0.02967489256945422,6.719630856703316e-05,0.0006306701106950641,0.0024070728104561567
natural_full_finetune_fp32_test,fp32,2,3461,mid_block.attentions.0.to_out.0.weight,2.492937115503084,-2.2812433234600136e-05,-0.006798220860449746,0.0013460618552867038,-2.6933239489735122e-05,-0.009550137531557262,0.0011312735767780835,0.0006306701106950641,0.0024070728104561567
natural_full_finetune_fp32_test,fp32,2,3461,mid_block.attentions.0.to_out.0.bias,0.04682022927962241,-6.443233157104854e-07,-0.07670414859287766,0.0001794119875387591,-7.775852648748905e-07,-0.0810472461462648,0.00020491616678319788,0.0006306701106950641,0.0024070728104561567
natural_full_finetune_fp32_test,fp32,2,3461,mid_block.resnets.0.norm1.weight,0.08791831131494217,-1.0032627302732701e-07,-0.012581107816613521,9.070191514993445e-05,-9.036604755509168e-07,-0.09878579815938768,0.0001040474489230997,0.0006306701106950641,0.0024070728104561567
natural_full_finetune_fp32_test,fp32,2,3461,mid_block.resnets.0.norm1.bias,0.07839926017318297,-1.7198470742231442e-06,-0.23596435108057323,9.296756834716342e-05,-4.335321223008061e-06,-0.3964227471549347,0.00013949246555395228,0.0006306701106950641,0.0024070728104561567
natural_full_finetune_fp32_test,fp32,2,3461,mid_block.resnets.0.conv1.weight,7.170495468636062,-3.673969066356903e-05,-0.007172630455268656,0.000714344777125983,2.916223541556254e-05,0.00870536727909974,0.0004671803278835715,0.0006306701106950641,0.0024070728104561567
natural_full_finetune_fp32_test,fp32,2,3461,mid_block.resnets.0.conv1.bias,0.05330302217763763,-9.74993328382453e-09,-0.008386216785532072,2.1811409210044287e-05,-5.418229602068084e-08,-0.04849445084270573,2.09610737310539e-05,0.0006306701106950641,0.0024070728104561567
natural_full_finetune_fp32_test,fp32,2,3461,mid_block.resnets.0.norm2.weight,0.18850968024818157,-7.990359006604662e-08,-0.0015806481466094252,0.0002681621194043905,-4.037490233863524e-07,-0.009379865093640555,0.00022833959998650705,0.0006306701106950641,0.0024070728104561567
natural_full_finetune_fp32_test,fp32,2,3461,mid_block.resnets.0.norm2.bias,0.05862832309905457,-3.7523480661469786e-06,-0.20001911018092824,0.00031998097180872684,-4.898248865813491e-06,-0.24772989722912964,0.00033725232436237595,0.0006306701106950641,0.0024070728104561567
natural_full_finetune_fp32_test,fp32,2,3461,mid_block.resnets.0.conv2.weight,7.909464599705789,-0.0002001611291783285,-0.017151888939156593,0.0014754371006724914,-5.568218697080652e-05,-0.006902815169298902,0.0010198656223495918,0.0006306701106950641,0.0024070728104561567
natural_full_finetune_fp32_test,fp32,2,3461,mid_block.resnets.0.conv2.bias,0.038853117409442986,-6.881288679676554e-07,-0.09387425532378411,0.00018866763353345907,-1.2293350569332856e-06,-0.14754002588253678,0.00021445419241200052,0.0006306701106950641,0.0024070728104561567
natural_full_finetune_fp32_test,fp32,2,3461,mid_block.resnets.1.norm1.weight,0.13350811738011775,3.642009795486457e-08,0.0036779112880380195,7.417066757089253e-05,3.796389771905537e-07,0.046820218185731836,6.0733692963244576e-05,0.0006306701106950641,0.0024070728104561567
natural_full_finetune_fp32_test,fp32,2,3461,mid_block.resnets.1.norm1.bias,0.08890475336707035,-2.0734229260481785e-07,-0.02914901957242346,8.00090222069454e-05,2.855008807143089e-07,0.04714330357057563,6.811808941522071e-05,0.0006306701106950641,0.0024070728104561567
natural_full_finetune_fp32_test,fp32,2,3461,mid_block.resnets.1.conv1.weight,7.653744243460763,-1.2770494812190312e-05,-0.0031297603671609103,0.0005331171976392491,6.953988300489309e-06,0.00330629846403116,0.00027480077584087853,0.0006306701106950641,0.0024070728104561567
natural_full_finetune_fp32_test,fp32,2,3461,mid_block.resnets.1.conv1.bias,0.05173908810357253,-2.1128074242459263e-08,-0.018977768203023184,2.1517707835583892e-05,-6.208888783632798e-08,-0.07427939081969875,1.615573709634703e-05,0.0006306701106950641,0.0024070728104561567
natural_full_finetune_fp32_test,fp32,2,3461,mid_block.resnets.1.norm2.weight,0.18048770918996795,-1.406131114095575e-06,-0.10413755843185529,7.481191887576741e-05,-4.615824653941329e-07,-0.033399589936764326,7.657033283973958e-05,0.0006306701106950641,0.0024070728104561567
natural_full_finetune_fp32_test,fp32,2,3461,mid_block.resnets.1.norm2.bias,0.05218506938594383,-1.7878270922605322e-06,-0.13077619760038184,0.00026196938654078996,-2.354717692440822e-06,-0.21180008212198875,0.00021304260190179778,0.0006306701106950641,0.0024070728104561567
natural_full_finetune_fp32_test,fp32,2,3461,mid_block.resnets.1.conv2.weight,8.037483689246708,-1.6056800446801384e-05,-0.0023212396181329377,0.0008606348557762754,2.0500763124709133e-05,0.00460773002142722,0.0005535577026556417,0.0006306701106950641,0.0024070728104561567
natural_full_finetune_fp32_test,fp32,2,3461,mid_block.resnets.1.conv2.bias,0.03929813700396993,-5.342958321397825e-08,-0.007915417059538216,0.00017176553303459627,-5.722200711746368e-07,-0.07598271465096866,0.00019163565658262858,0.0006306701106950641,0.0024070728104561567
natural_full_finetune_fp32_test,fp32,2,3461,conv_norm_out.weight,0.1329591062869486,-3.75483968998357e-06,-0.06455594207221153,0.00043745873160631833,-7.207083607321668e-06,-0.08325679665206981,0.0006510611422324887,0.0006306701106950641,0.0024070728104561567
natural_full_finetune_fp32_test,fp32,2,3461,conv_norm_out.bias,0.04359351784352098,-1.3350448263485842e-06,-0.0633364828329877,0.000483526174962851,-4.8124449542848285e-06,-0.13270575703528273,0.0008318673801176832,0.0006306701106950641,0.0024070728104561567
natural_full_finetune_fp32_test,fp32,2,3461,conv_out.weight,0.10043916731192101,-7.725821912794826e-05,-0.03687737171498356,0.020858430591602625,8.639208878067351e-05,0.07537796241934831,0.011411072831729065,0.0006306701106950641,0.0024070728104561567
natural_full_finetune_fp32_test,fp32,2,3461,conv_out.bias,0.0018924823695854003,4.866447151890131e-07,0.2493511879586145,0.0010312613170253314,-3.6275219871483542e-06,-0.8266738036137071,0.002318697189683663,0.0006306701106950641,0.0024070728104561567
natural_full_finetune_fp32_test,fp32,3,3462,conv_in.weight,0.48729639278092124,-5.226722689830145e-07,-0.0631074410783368,1.6996351013585817e-05,0.00013456423605601615,0.2208575292862042,0.0012503288270722087,1.5092026615093346e-06,0.0002914530923590064
natural_full_finetune_fp32_test,fp32,3,3462,conv_in.bias,0.05892930560018015,-4.113306767041057e-08,-0.35862080006198005,1.946365067061429e-06,9.241047389531968e-07,0.08882026627343441,0.00017655409823214913,1.5092026615093346e-06,0.0002914530923590064
natural_full_finetune_fp32_test,fp32,3,3462,up_blocks.0.resnets.0.norm1.weight,0.12673591155887784,-7.168590016528901e-09,-0.09939270890386709,5.690881243871901e-07,6.819197312325636e-08,0.04224235812076499,1.2737535572949427e-05,1.5092026615093346e-06,0.0002914530923590064
natural_full_finetune_fp32_test,fp32,3,3462,up_blocks.0.resnets.0.norm1.bias,0.08418737456875791,-2.1602695448119214e-09,-0.045211271089749455,5.67563240827176e-07,1.6794178946447032e-07,0.12602060800499773,1.5829610899085364e-05,1.5092026615093346e-06,0.0002914530923590064
natural_full_finetune_fp32_test,fp32,3,3462,up_blocks.0.resnets.0.conv1.weight,7.6082956136500215,-9.702490599641458e-09,-0.00028508489898733847,4.47323422458094e-06,3.5570819873936516e-06,0.005003657475305663,9.34370082850298e-05,1.5092026615093346e-06,0.0002914530923590064
natural_full_finetune_fp32_test,fp32,3,3462,up_blocks.0.resnets.0.conv1.bias,0.040866165646455364,-9.132405978853742e-10,-0.13008945999156835,1.7178261426914617e-07,9.385991371592202e-09,0.03902265795420249,5.885717489132735e-06,1.5092026615093346e-06,0.0002914530923590064
natural_full_finetune_fp32_test,fp32,3,3462,up_blocks.0.resnets.0.norm2.weight,0.20332162847471544,-1.49441684830683e-08,-0.1398508563854767,5.255608975077899e-07,2.851060556199833e-07,0.0672982660860795,2.083622254628557e-05,1.5092026615093346e-06,0.0002914530923590064
natural_full_finetune_fp32_test,fp32,3,3462,up_blocks.0.resnets.0.norm2.bias,0.054798035156546,-3.9270499376161115e-09,-0.05156476628108265,1.3897874436699002e-06,6.412232324041102e-07,0.22459839466341136,5.20999869620049e-05,1.5092026615093346e-06,0.0002914530923590064
natural_full_finetune_fp32_test,fp32,3,3462,up_blocks.0.resnets.0.conv2.weight,8.103536652967156,1.7965611933069216e-08,0.0003159297780778684,7.0174099969242715e-06,5.372080247567901e-06,0.0011288298636506584,0.0005872721424380203,1.5092026615093346e-06,0.0002914530923590064
natural_full_finetune_fp32_test,fp32,3,3462,up_blocks.0.resnets.0.conv2.bias,0.0368208203199458,7.511532926223609e-10,0.016560612622281846,1.2318525220495065e-06,-2.184111718817046e-07,-0.03577049672636472,0.00016582744839710624,1.5092026615093346e-06,0.0002914530923590064
natural_full_finetune_fp32_test,fp32,3,3462,up_blocks.0.resnets.1.norm1.weight,0.11935861602126578,7.140708072398601e-09,0.08922355769022616,6.705141816974308e-07,-1.947379917324189e-07,-0.09981074330465466,1.6346305927542782e-05,1.5092026615093346e-06,0.0002914530923590064
natural_full_finetune_fp32_test,fp32,3,3462,up_blocks.0.resnets.1.norm1.bias,0.059573905150395526,3.89541105017418e-09,0.07956969794595103,8.21768543411627e-07,-1.1754045128248967e-07,-0.10555596277157617,1.8691687556145482e-05,1.5092026615093346e-06,0.0002914530923590064
natural_full_finetune_fp32_test,fp32,3,3462,up_blocks.0.resnets.1.conv1.weight,7.730774045084566,-4.050721394711511e-08,-0.0010597089113320544,4.9445048526767565e-06,2.880209801261225e-06,0.004129585128027506,9.021831693515567e-05,1.5092026615093346e-06,0.0002914530923590064
natural_full_finetune_fp32_test,fp32,3,3462,up_blocks.0.resnets.1.conv1.bias,0.04157937059141016,-4.646491888753696e-10,-0.05351078504473047,2.0883628070620614e-07,4.629312373950665e-09,0.019362557086196334,5.750106185353196e-06,1.5092026615093346e-06,0.0002914530923590064
natural_full_finetune_fp32_test,fp32,3,3462,up_blocks.0.resnets.1.norm2.weight,0.19943458164844177,-9.926505410489767e-09,-0.06651059758370736,7.4835052426017e-07,4.5839273804672726e-08,0.013568625337955444,1.6939532155823993e-05,1.5092026615093346e-06,0.0002914530923590064
natural_full_finetune_fp32_test,fp32,3,3462,up_blocks.0.resnets.1.norm2.bias,0.05712946065280567,-2.1454905463408743e-10,-0.0023388171190091597,1.6057214807603918e-06,3.54449865557009e-08,0.012166645690498128,5.099455789792418e-05,1.5092026615093346e-06,0.0002914530923590064
natural_full_finetune_fp32_test,fp32,3,3462,up_blocks.0.resnets.1.conv2.weight,7.987054453206774,-1.0604074166179845e-08,-0.00016992220062877532,7.813326761797412e-06,1.947746854240731e-06,0.00033988506132744513,0.0007174865917044421,1.5092026615093346e-06,0.0002914530923590064
natural_full_finetune_fp32_test,fp32,3,3462,up_blocks.0.resnets.1.conv2.bias,0.03853296455461855,-7.694745374907666e-10,-0.016870903962228668,1.1836504759744161e-06,-2.433454199439848e-07,-0.0381277204012267,0.00016563416149787907,1.5092026615093346e-06,0.0002914530923590064
natural_full_finetune_fp32_test,fp32,3,3462,up_blocks.0.resnets.2.norm1.weight,0.13853648275868222,-1.843452134191687e-09,-0.019272251613917907,6.904547967326331e-07,-1.8764235003594133e-07,-0.06971964625869166,1.9427259045696456e-05,1.5092026615093346e-06,0.0002914530923590064
natural_full_finetune_fp32_test,fp32,3,3462,up_blocks.0.resnets.2.norm1.bias,0.07256404563510038,-3.3293128056838632e-09,-0.06584064647902022,6.968495548532989e-07,-3.7168381351286195e-07,-0.25310547354688195,2.0237209307340177e-05,1.5092026615093346e-06,0.0002914530923590064
natural_full_finetune_fp32_test,fp32,3,3462,up_blocks.0.resnets.2.conv1.weight,8.242480364879563,-1.8666525702516846e-07,-0.003903878408445465,5.801085799912821e-06,-7.690468954139045e-08,-7.869109330494303e-05,0.00011856849920296172,1.5092026615093346e-06,0.0002914530923590064
natural_full_finetune_fp32_test,fp32,3,3462,up_blocks.0.resnets.2.conv1.bias,0.08857849179302839,-1.488146666474827e-09,-0.08288944093163032,2.0268342944685354e-07,-2.252579936350153e-08,-0.037026111711151145,6.868214072922636e-06,1.5092026615093346e-06,0.0002914530923590064
natural_full_finetune_fp32_test,fp32,3,3462,up_blocks.0.resnets.2.norm2.weight,0.1648578968374648,3.071339992289927e-09,0.020273491725808564,9.189451406577665e-07,-1.278364987444619e-07,-0.02425677937708957,3.1967742932610424e-05,1.5092026615093346e-06,0.0002914530923590064
natural_full_finetune_fp32_test,fp32,3,3462,up_blocks.0.resnets.2.norm2.bias,0.07396253149791619,-1.0978879715384893e-08,-0.10720056501592254,1.3846792538262195e-06,-3.0074148799086756e-08,-0.00826729295228725,4.918336624967019e-05,1.5092026615093346e-06,0.0002914530923590064
natural_full_finetune_fp32_test,fp32,3,3462,up_blocks.0.resnets.2.conv2.weight,7.392106321607191,-1.9289399165918968e-07,-0.0030031599735415295,8.689044641904844e-06,-1.3303242666044424e-05,-0.0026318569985899604,0.0006837967307944755,1.5092026615093346e-06,0.0002914530923590064
natural_full_finetune_fp32_test,fp32,3,3462,up_blocks.0.resnets.2.conv2.bias,0.042611165290195055,-1.3073763463478394e-09,-0.025584839888380836,1.199207977007764e-06,-1.8863793251557904e-07,-0.02672494690735684,0.0001656489798955274,1.5092026615093346e-06,0.0002914530923590064
natural_full_finetune_fp32_test,fp32,3,3462,up_blocks.0.upsamplers.0.conv.weight,8.241464639602889,-7.85923576902443e-07,-0.003451217388066128,2.7631445302455154e-05,8.708023639842337e-05,0.00490123264068266,0.002155807024189074,1.5092026615093346e-06,0.0002914530923590064
natural_full_finetune_fp32_test,fp32,3,3462,up_blocks.0.upsamplers.0.conv.bias,0.04408636259191192,-9.850724078222605e-10,-0.06866632441126455,3.2540190066361807e-07,-6.63682599202532e-09,-0.004183108288262539,3.598794562949007e-05,1.5092026615093346e-06,0.0002914530923590064
natural_full_finetune_fp32_test,fp32,3,3462,up_blocks.1.resnets.0.norm1.weight,0.13151795004721442,1.0300536544936198e-08,0.08909851258400456,8.790313463860416e-07,1.9121875759262968e-07,0.08565606505781163,1.697412287288151e-05,1.5092026615093346e-06,0.0002914530923590064
natural_full_finetune_fp32_test,fp32,3,3462,up_blocks.1.resnets.0.norm1.bias,0.10159788475271539,1.8328882209779767e-11,0.0002550999425646013,7.071978851965442e-07,1.5484970875152595e-07,0.10021142232127303,1.5209274581598223e-05,1.5092026615093346e-06,0.0002914530923590064
natural_full_finetune_fp32_test,fp32,3,3462,up_blocks.1.resnets.0.conv1.weight,7.908065568235215,-2.1914344389556035e-07,-0.004109079322975744,6.743939969211777e-06,2.9589411525246945e-06,0.003892901827255274,9.611531969552386e-05,1.5092026615093346e-06,0.0002914530923590064
natural_full_finetune_fp32_test,fp32,3,3462,up_blocks.1.resnets.0.conv1.bias,0.04655430419069107,-8.950419879834016e-10,-0.07859819337864005,2.446081965412757e-07,-2.037688148481207e-08,-0.08405872997128845,5.2070896567036144e-06,1.5092026615093346e-06,0.0002914530923590064
natural_full_finetune_fp32_test,fp32,3,3462,up_blocks.1.resnets.0.norm2.weight,0.10000350285416221,-7.4042426791210946e-09,-0.08075317907120452,9.168658638014e-07,2.507147502685742e-08,0.012961673025482229,1.9342099427384507e-05,1.5092026615093346e-06,0.0002914530923590064
natural_full_finetune_fp32_test,fp32,3,3462,up_blocks.1.resnets.0.norm2.bias,0.09207148517153575,6.332374802759257e-10,0.008602259616783672,7.995192376863649e-07,-1.1037029273406946e-07,-0.06567331709676735,1.8253161364316507e-05,1.5092026615093346e-06,0.0002914530923590064
natural_full_finetune_fp32_test,fp32,3,3462,up_blocks.1.resnets.0.conv2.weight,8.166516180136648,-2.456724049699411e-07,-0.0038863408278776816,7.740672002237158e-06,1.074723154357719e-05,0.0034838921409941705,0.0003777418280289457,1.5092026615093346e-06,0.0002914530923590064
natural_full_finetune_fp32_test,fp32,3,3462,up_blocks.1.resnets.0.conv2.bias,0.04357193728673002,-1.0485070634493244e-09,-0.07924280843322933,3.036719174710658e-07,1.6370927360638893e-08,0.010445245206597549,3.5970607446087527e-05,1.5092026615093346e-06,0.0002914530923590064
natural_full_finetune_fp32_test,fp32,3,3462,up_blocks.1.resnets.1.norm1.weight,0.11282589375032782,9.267850654860952e-09,0.09654234611571882,8.508488099472069e-07,1.8181884446120514e-09,0.001016044977825882,1.58605110670191e-05,1.5092026615093346e-06,0.0002914530923590064
natural_full_finetune_fp32_test,fp32,3,3462,up_blocks.1.resnets.1.norm1.bias,0.07931337307116004,-2.4403844605588182e-09,-0.04301117738129525,7.153696314971549e-07,-9.342056883415173e-08,-0.077963475557987,1.510792763040433e-05,1.5092026615093346e-06,0.0002914530923590064
natural_full_finetune_fp32_test,fp32,3,3462,up_blocks.1.resnets.1.conv1.weight,8.493238784199912,-2.668072819983457e-07,-0.004917181026969261,6.388636040407623e-06,3.8575847184509756e-06,0.00574146820536781,7.910777582398824e-05,1.5092026615093346e-06,0.0002914530923590064
natural_full_finetune_fp32_test,fp32,3,3462,up_blocks.1.resnets.1.conv1.bias,0.06838392005986615,3.4402786386314323e-10,0.01968235820703507,2.556009682116244e-07,-5.464371431250786e-09,-0.014040588083197343,5.691161644251864e-06,1.5092026615093346e-06,0.0002914530923590064
natural_full_finetune_fp32_test,fp32,3,3462,up_blocks.1.resnets.1.norm2.weight,0.12305194857524501,-1.2198846787385966e-09,-0.012373269676310594,8.012089702327939e-07,1.1381833831304085e-07,0.05776775403150635,1.6011730168778586e-05,1.5092026615093346e-06,0.0002914530923590064
natural_full_finetune_fp32_test,fp32,3,3462,up_blocks.1.resnets.1.norm2.bias,0.12439787529304377,3.0366535822760256e-09,0.03809411956105005,6.408027217985576e-07,-3.0323473409313916e-08,-0.015926668647986458,1.530527152839499e-05,1.5092026615093346e-06,0.0002914530923590064
natural_full_finetune_fp32_test,fp32,3,3462,up_blocks.1.resnets.1.conv2.weight,8.240779530633594,-4.683256991035888e-07,-0.007849317170795985,7.240154211071048e-06,1.1012285407689208e-05,0.0035065846194394135,0.0003810876191683168,1.5092026615093346e-06,0.0002914530923590064
natural_full_finetune_fp32_test,fp32,3,3462,up_blocks.1.resnets.1.conv2.bias,0.04888583750048641,-7.948052929550811e-10,-0.05685239383867964,2.8597557039218043e-07,-2.066555455362694e-09,-0.0011766312477417982,3.592722107468269e-05,1.5092026615093346e-06,0.0002914530923590064
natural_full_finetune_fp32_test,fp32,3,3462,up_blocks.1.resnets.2.norm1.weight,0.11842704208681087,4.005050365294295e-09,0.030552674380893395,1.1068986765330285e-06,9.076992306388076e-09,0.00275573265995159,2.781339488449583e-05,1.5092026615093346e-06,0.0002914530923590064
natural_full_finetune_fp32_test,fp32,3,3462,up_blocks.1.resnets.2.norm1.bias,0.07192844340959147,1.229175577733259e-09,0.017527746695857882,9.749608404340614e-07,7.61771234469525e-08,0.051451141764066684,2.0583958159760785e-05,1.5092026615093346e-06,0.0002914530923590064
natural_full_finetune_fp32_test,fp32,3,3462,up_blocks.1.resnets.2.conv1.weight,8.408799839276847,-4.6509242286485234e-07,-0.006741484334570326,8.204454667649362e-06,6.117209656062314e-06,0.006547012499605498,0.00011111589290904101,1.5092026615093346e-06,0.0002914530923590064
natural_full_finetune_fp32_test,fp32,3,3462,up_blocks.1.resnets.2.conv1.bias,0.05973749558067517,-4.014342946192853e-10,-0.0199296433390995,3.3718475714236803e-07,2.011206930160725e-08,0.04047732009982174,8.317599295342888e-06,1.5092026615093346e-06,0.0002914530923590064
natural_full_finetune_fp32_test,fp32,3,3462,up_blocks.1.resnets.2.norm2.weight,0.11641384698900986,-8.898828970513302e-09,-0.06579352849328865,1.1618365661423698e-06,4.7873255908357993e-08,0.01716734428314792,2.395439504173437e-05,1.5092026615093346e-06,0.0002914530923590064
natural_full_finetune_fp32_test,fp32,3,3462,up_blocks.1.resnets.2.norm2.bias,0.10435747292699867,1.460842088286249e-09,0.016314968825989574,8.580122149374702e-07,1.031621568519342e-07,0.050310338779631855,1.964896223137015e-05,1.5092026615093346e-06,0.0002914530923590064
natural_full_finetune_fp32_test,fp32,3,3462,up_blocks.1.resnets.2.conv2.weight,7.894154600823681,-2.7018573799479055e-07,-0.0048137289781996166,7.110090983140955e-06,1.7816177024761867e-05,0.004923580127559441,0.00045838234462127527,1.5092026615093346e-06,0.0002914530923590064
natural_full_finetune_fp32_test,fp32,3,3462,up_blocks.1.resnets.2.conv2.bias,0.05066496534831913,-1.5542922852035943e-09,-0.12069019067588138,2.5418678492079957e-07,1.3275545405389096e-08,0.007286875292523436,3.595864228399725e-05,1.5092026615093346e-06,0.0002914530923590064
natural_full_finetune_fp32_test,fp32,3,3462,up_blocks.1.upsamplers.0.conv.weight,8.17562969200485,-1.8521258423093773e-06,-0.008615686985825625,2.6294163966891726e-05,0.00014599668032085072,0.008583368972447792,0.0020804821151747983,1.5092026615093346e-06,0.0002914530923590064
natural_full_finetune_fp32_test,fp32,3,3462,up_blocks.1.upsamplers.0.conv.bias,0.04834683230791416,2.4611354699008045e-11,0.006976254136450826,7.297014381232448e-08,6.7711029546355545e-09,0.016095185321955245,8.701525784173526e-06,1.5092026615093346e-06,0.0002914530923590064
natural_full_finetune_fp32_test,fp32,3,3462,up_blocks.2.resnets.0.norm1.weight,0.13592526859513274,-5.184527226707081e-09,-0.03827252805048992,9.966021268019255e-07,-2.008492042944841e-07,-0.03210026075208885,4.603216014445595e-05,1.5092026615093346e-06,0.0002914530923590064
natural_full_finetune_fp32_test,fp32,3,3462,up_blocks.2.resnets.0.norm1.bias,0.10490292895797448,2.423077947307411e-10,0.0034411629960227706,6.71234896564995e-07,-4.628256135177429e-07,-0.15377185640010188,2.8691477543871245e-05,1.5092026615093346e-06,0.0002914530923590064
natural_full_finetune_fp32_test,fp32,3,3462,up_blocks.2.resnets.0.conv1.weight,5.737304840524999,-3.1679934293895437e-07,-0.007081798125670566,7.797094605138866e-06,2.4730375061987124e-06,0.002269931160925101,0.00018989349609881104,1.5092026615093346e-06,0.0002914530923590064
natural_full_finetune_fp32_test,fp32,3,3462,up_blocks.2.resnets.0.conv1.bias,0.0444532371857287,1.2001863436520256e-09,0.14888258178962033,1.8134325079902663e-07,-1.580041932146106e-08,-0.04961718084871299,7.163629810456399e-06,1.5092026615093346e-06,0.0002914530923590064
natural_full_finetune_fp32_test,fp32,3,3462,up_blocks.2.resnets.0.norm2.weight,0.1023420537658409,8.728937517850814e-09,0.12287634057198082,6.941270799057422e-07,-4.5607588571221605e-07,-0.09512098467240468,4.6849681727256953e-05,1.5092026615093346e-06,0.0002914530923590064
natural_full_finetune_fp32_test,fp32,3,3462,up_blocks.2.resnets.0.norm2.bias,0.06059237614428373,1.347373517735555e-09,0.04696044852049527,4.7351941143153915e-07,-4.1845750013906954e-08,-0.03278184470577912,2.1066868473762708e-05,1.5092026615093346e-06,0.0002914530923590064
natural_full_finetune_fp32_test,fp32,3,3462,up_blocks.2.resnets.0.conv2.weight,3.6311836808613362,-4.0274400469948207e-07,-0.01774524324685036,6.250271883215459e-06,2.123964550305529e-06,0.0016975215069206116,0.0003445749967063132,1.5092026615093346e-06,0.0002914530923590064
natural_full_finetune_fp32_test,fp32,3,3462,up_blocks.2.resnets.0.conv2.bias,0.03781860958458735,2.053715517451834e-11,0.00424165475933355,1.2802636344146296e-07,2.024921843400851e-08,0.031722069847668455,1.6878785357104893e-05,1.5092026615093346e-06,0.0002914530923590064
natural_full_finetune_fp32_test,fp32,3,3462,up_blocks.2.resnets.0.conv_shortcut.weight,1.3905175707348099,-1.8218835587436748e-06,-0.02018595896627459,6.490748019940874e-05,4.2759740915077577e-05,0.005628333827980587,0.005463597978498573,1.5092026615093346e-06,0.0002914530923590064
natural_full_finetune_fp32_test,fp32,3,3462,up_blocks.2.resnets.0.conv_shortcut.bias,0.03781860174761221,2.0533721507712036e-11,0.004240946463548431,1.2802636344146296e-07,2.02499219599449e-08,0.031723178552887636,1.6878785357104893e-05,1.5092026615093346e-06,0.0002914530923590064
natural_full_finetune_fp32_test,fp32,3,3462,up_blocks.2.resnets.1.norm1.weight,0.1043223943151048,-3.6238865964868417e-09,-0.05994457347940301,5.794916442641529e-07,5.59743530144366e-08,0.03402220920862706,1.5770629377676508e-05,1.5092026615093346e-06,0.0002914530923590064
natural_full_finetune_fp32_test,fp32,3,3462,up_blocks.2.resnets.1.norm1.bias,0.07165863191242715,7.709755449235363e-10,0.02839179006573873,3.789477345037375e-07,4.167160172144708e-08,0.051910739587915124,1.1202487415940709e-05,1.5092026615093346e-06,0.0002914530923590064
natural_full_finetune_fp32_test,fp32,3,3462,up_blocks.2.resnets.1.conv1.weight,3.9067712755469897,-2.822666394611966e-07,-0.010742596628805622,6.725619568860038e-06,2.254707186640406e-06,0.004465397060425215,0.00012924450306038963,1.5092026615093346e-06,0.0002914530923590064
natural_full_finetune_fp32_test,fp32,3,3462,up_blocks.2.resnets.1.conv1.bias,0.04962878373046377,1.048068010184925e-09,0.08211983465490706,2.571625758428103e-07,1.1747466753126913e-08,0.03451309099889454,6.8584619906203195e-06,1.5092026615093346e-06,0.0002914530923590064
natural_full_finetune_fp32_test,fp32,3,3462,up_blocks.2.resnets.1.norm2.weight,0.09385059775758288,1.1482118559355266e-09,0.02969928709162088,4.119447375376347e-07,-1.0759461919766982e-07,-0.09580924476442268,1.1965919944644867e-05,1.5092026615093346e-06,0.0002914530923590064
natural_full_finetune_fp32_test,fp32,3,3462,up_blocks.2.resnets.1.norm2.bias,0.0771975539687637,6.46770693748219e-10,0.02787425091944491,3.0056858592815525e-07,-2.8636749018960637e-08,-0.03400691338366931,1.0908196638040248e-05,1.5092026615093346e-06,0.0002914530923590064
natural_full_finetune_fp32_test,fp32,3,3462,up_blocks.2.resnets.1.conv2.weight,3.6338808555422233,-5.239991653978759e-07,-0.02373070064483112,6.076441909719588e-06,4.7284289050777284e-06,0.003381883948376115,0.0003847578410635484,1.5092026615093346e-06,0.0002914530923590064
natural_full_finetune_fp32_test,fp32,3,3462,up_blocks.2.resnets.1.conv2.bias,0.032388944238949946,-2.0233739469048382e-11,-0.004995426904832909,1.250566392313182e-07,2.8559169040370585e-08,0.052080048079562374,1.6930796849507672e-05,1.5092026615093346e-06,0.0002914530923590064
natural_full_finetune_fp32_test,fp32,3,3462,up_blocks.2.resnets.2.norm1.weight,0.0965775643709819,-9.391060362281782e-10,-0.011715103117198053,8.300270918311704e-07,-3.395969497648356e-07,-0.0983245758006394,3.576230072295147e-05,1.5092026615093346e-06,0.0002914530923590064
natural_full_finetune_fp32_test,fp32,3,3462,up_blocks.2.resnets.2.norm1.bias,0.06743007777808044,-1.6434389867343093e-09,-0.034118058060706065,7.143575199126633e-07,6.353403165922454e-08,0.039122505742668,2.408385986302854e-05,1.5092026615093346e-06,0.0002914530923590064
natural_full_finetune_fp32_test,fp32,3,3462,up_blocks.2.resnets.2.conv1.weight,3.8671344773796026,-6.136567907711728e-07,-0.019530215865869824,8.125109569937102e-06,-2.354641140576807e-05,-0.027048834527034257,0.0002251059093706007,1.5092026615093346e-06,0.0002914530923590064
natural_full_finetune_fp32_test,fp32,3,3462,up_blocks.2.resnets.2.conv1.bias,0.047268810005626924,2.0684602328483366e-09,0.11760678351038767,3.720832623659544e-07,9.24912930007532e-09,0.020613271398118135,9.492470593848188e-06,1.5092026615093346e-06,0.0002914530923590064
natural_full_finetune_fp32_test,fp32,3,3462,up_blocks.2.resnets.2.norm2.weight,0.09823095486588691,-1.193503475798887e-08,-0.09879327378190303,1.2298381057520934e-06,-2.4816697031187127e-06,-0.11896397683290516,0.00021236362954381302,1.5092026615093346e-06,0.0002914530923590064
natural_full_finetune_fp32_test,fp32,3,3462,up_blocks.2.resnets.2.norm2.bias,0.06654019562757517,2.1224025058049372e-09,0.06755138473248254,4.7218199235801955e-07,-5.114055435214769e-08,-0.03136389232942629,2.4504813623150174e-05,1.5092026615093346e-06,0.0002914530923590064
natural_full_finetune_fp32_test,fp32,3,3462,up_blocks.2.resnets.2.conv2.weight,3.5602187236973877,-3.534773203096205e-07,-0.019133374199698166,5.189115158718406e-06,-2.469707501840452e-05,-0.017269571882080174,0.0004016865310443549,1.5092026615093346e-06,0.0002914530923590064
natural_full_finetune_fp32_test,fp32,3,3462,up_blocks.2.resnets.2.conv2.bias,0.03985385521555269,5.627492150773893e-10,0.14183135910366662,9.955711308585901e-08,2.9445022010411805e-08,0.04345773731964892,1.700099869672556e-05,1.5092026615093346e-06,0.0002914530923590064
natural_full_finetune_fp32_test,fp32,3,3462,up_blocks.2.upsamplers.0.conv.weight,3.1705345191542937,-1.5920133398149193e-06,-0.016546611870576877,3.034625735910055e-05,-4.5112868932907145e-07,-4.9662172331353485e-05,0.0028651162523465256,1.5092026615093346e-06,0.0002914530923590064
natural_full_finetune_fp32_test,fp32,3,3462,up_blocks.2.upsamplers.0.conv.bias,0.043332929874955906,-1.7920871774110463e-10,-0.09600835594259094,4.3075670429673796e-08,2.0209159029330528e-08,0.07878886117916242,5.919232027972983e-06,1.5092026615093346e-06,0.0002914530923590064
natural_full_finetune_fp32_test,fp32,3,3462,up_blocks.3.resnets.0.norm1.weight,0.09812264066091474,4.2257161735466265e-10,0.004512473171543743,9.543693063137295e-07,-5.337511181934637e-07,-0.13111878879747488,4.14862940931196e-05,1.5092026615093346e-06,0.0002914530923590064
natural_full_finetune_fp32_test,fp32,3,3462,up_blocks.3.resnets.0.norm1.bias,0.06555269187521906,9.058912949383069e-10,0.01953810403427247,7.072991533564898e-07,-2.88096760698724e-07,-0.09059951270633515,4.850896215009312e-05,1.5092026615093346e-06,0.0002914530923590064
natural_full_finetune_fp32_test,fp32,3,3462,up_blocks.3.resnets.0.conv1.weight,2.3901424922331236,-3.1278324715222897e-07,-0.018973925652391154,6.897036058809501e-06,1.9102985825221093e-06,0.004329578249285239,0.00018460007256199291,1.5092026615093346e-06,0.0002914530923590064
natural_full_finetune_fp32_test,fp32,3,3462,up_blocks.3.resnets.0.conv1.bias,0.033553725175964784,1.3440155431185537e-09,0.16272156027116852,2.461605469801417e-07,-1.990459676631448e-08,-0.04419859256579028,1.3421597192971534e-05,1.5092026615093346e-06,0.0002914530923590064
natural_full_finetune_fp32_test,fp32,3,3462,up_blocks.3.resnets.0.norm2.weight,0.10972914411805099,-1.1452837170402842e-08,-0.220869834789503,4.7255753033744515e-07,-2.989210490645595e-06,-0.6114530518577738,4.4552429232724264e-05,1.5092026615093346e-06,0.0002914530923590064
natural_full_finetune_fp32_test,fp32,3,3462,up_blocks.3.resnets.0.norm2.bias,0.05371883858762426,9.772235434005196e-10,0.05133686362274925,3.543545182034437e-07,-3.24605645316862e-07,-0.18027103200453637,3.351996133326009e-05,1.5092026615093346e-06,0.0002914530923590064
natural_full_finetune_fp32_test,fp32,3,3462,up_blocks.3.resnets.0.conv2.weight,1.7470917822217344,-2.9321849066730945e-07,-0.04611826921014119,3.6391724230970156e-06,-1.5757142207162216e-05,-0.06742227250303358,0.00013376988293946576,1.5092026615093346e-06,0.0002914530923590064
natural_full_finetune_fp32_test,fp32,3,3462,up_blocks.3.resnets.0.conv2.bias,0.02810226820110995,-3.703386353536394e-10,-0.17860071168901423,7.378608410028129e-08,1.7549354172662135e-08,0.08081850314169635,7.726965301327551e-06,1.5092026615093346e-06,0.0002914530923590064
natural_full_finetune_fp32_test,fp32,3,3462,up_blocks.3.resnets.0.conv_shortcut.weight,0.5438389557455827,-1.3446257296118903e-06,-0.03478326473429939,7.108218379548919e-05,-5.0488979670368654e-05,-0.025242484098303365,0.0036778514970652832,1.5092026615093346e-06,0.0002914530923590064
natural_full_finetune_fp32_test,fp32,3,3462,up_blocks.3.resnets.0.conv_shortcut.bias,0.0281021121340459,-3.703392670570978e-10,-0.17860200820972874,7.378608410028129e-08,1.754957126837026e-08,0.08081995175035576,7.726965301327551e-06,1.5092026615093346e-06,0.0002914530923590064
natural_full_finetune_fp32_test,fp32,3,3462,up_blocks.3.resnets.1.norm1.weight,0.08603753862149928,-3.4221883267007e-09,-0.03403597238420811,1.1686319764535653e-06,-4.1150670563889363e-07,-0.08515201771958085,5.6168651291151694e-05,1.5092026615093346e-06,0.0002914530923590064
natural_full_finetune_fp32_test,fp32,3,3462,up_blocks.3.resnets.1.norm1.bias,0.04066558133358894,3.5282086292298155e-09,0.05126686924170753,1.692351130622448e-06,5.055893791485035e-07,0.11841803128039285,0.00010499125341708719,1.5092026615093346e-06,0.0002914530923590064
natural_full_finetune_fp32_test,fp32,3,3462,up_blocks.3.resnets.1.conv1.weight,1.6678879931592618,-2.550101391161208e-07,-0.012651023377325115,1.2085507929444952e-05,-2.2844215895372313e-05,-0.050027376142654394,0.00027377995528803133,1.5092026615093346e-06,0.0002914530923590064
natural_full_finetune_fp32_test,fp32,3,3462,up_blocks.3.resnets.1.conv1.bias,0.03949356590473833,-4.546806902625156e-09,-0.0781256505518229,1.4736234218553367e-06,1.217189784877058e-07,0.0627058472624958,4.915004393287094e-05,1.5092026615093346e-06,0.0002914530923590064
natural_full_finetune_fp32_test,fp32,3,3462,up_blocks.3.resnets.1.norm2.weight,0.10838529595125301,-4.100288352314397e-09,-0.0626703706813619,6.036452231098944e-07,-1.222044834344438e-06,-0.3604179451619284,3.1283141959756096e-05,1.5092026615093346e-06,0.0002914530923590064
natural_full_finetune_fp32_test,fp32,3,3462,up_blocks.3.resnets.1.norm2.bias,0.06702648974387651,5.522134785142061e-09,0.18767374034379813,4.3899241623266425e-07,-2.3218013495164847e-07,-0.1355885127354263,2.5547928192022362e-05,1.5092026615093346e-06,0.0002914530923590064
natural_full_finetune_fp32_test,fp32,3,3462,up_blocks.3.resnets.1.conv2.weight,1.62508156771975,-3.630816953062599e-07,-0.057386896732974625,3.893287270635199e-06,-8.315857939089438e-06,-0.02798328445234648,0.00018286610308135517,1.5092026615093346e-06,0.0002914530923590064
natural_full_finetune_fp32_test,fp32,3,3462,up_blocks.3.resnets.1.conv2.bias,0.025554006073905004,-2.4704488168993757e-10,-0.13801352018083127,7.004791835689016e-08,1.6465035493778138e-08,0.0803884772491997,8.015117167984655e-06,1.5092026615093346e-06,0.0002914530923590064
natural_full_finetune_fp32_test,fp32,3,3462,up_blocks.3.resnets.2.norm1.weight,0.05926879135500458,-9.254652072173422e-10,-0.01062406098591287,1.4697500044037901e-06,-1.1367625930450372e-06,-0.15967467495306045,0.00012011788103618344,1.5092026615093346e-06,0.0002914530923590064
natural_full_finetune_fp32_test,fp32,3,3462,up_blocks.3.resnets.2.norm1.bias,0.034618312441169204,-1.8825501791638232e-08,-0.12862704447856924,4.227741032946287e-06,-4.162990866175954e-06,-0.44917341782637454,0.0002677228983847065,1.5092026615093346e-06,0.0002914530923590064
natural_full_finetune_fp32_test,fp32,3,3462,up_blocks.3.resnets.2.conv1.weight,1.6473558505724375,-1.6961114727444198e-07,-0.007549533497743215,1.3637879621618255e-05,-6.159564364846935e-06,-0.008685660997672224,0.0004304866623253615,1.5092026615093346e-06,0.0002914530923590064
natural_full_finetune_fp32_test,fp32,3,3462,up_blocks.3.resnets.2.conv1.bias,0.035646857511012604,-4.854471213145731e-09,-0.059427599066685446,2.291566660851126e-06,-7.199856763454931e-07,-0.2635958358335466,7.66238661688441e-05,1.5092026615093346e-06,0.0002914530923590064
natural_full_finetune_fp32_test,fp32,3,3462,up_blocks.3.resnets.2.norm2.weight,0.11300618158374703,-1.1990056414127302e-08,-0.1490515588443921,7.118401885901509e-07,-1.8653677232302903e-06,-0.4095261420260592,4.030701408624332e-05,1.5092026615093346e-06,0.0002914530923590064
natural_full_finetune_fp32_test,fp32,3,3462,up_blocks.3.resnets.2.norm2.bias,0.07394612523869178,-6.055821295119332e-09,-0.12607640661503816,6.495667806122752e-07,-1.7653175657878998e-06,-0.5535786982183943,4.312489499593063e-05,1.5092026615093346e-06,0.0002914530923590064
natural_full_finetune_fp32_test,fp32,3,3462,up_blocks.3.resnets.2.conv2.weight,1.7857217655191813,-1.6652765596301371e-07,-0.026141209561590228,3.5673596702866003e-06,-2.1800511815766087e-05,-0.07378936173431318,0.00016544709417955388,1.5092026615093346e-06,0.0002914530923590064
natural_full_finetune_fp32_test,fp32,3,3462,up_blocks.3.resnets.2.conv2.bias,0.03973630555447871,-6.152433883785183e-11,-0.035063338694830797,4.4157675329357535e-08,-2.5566112664549243e-08,-0.07108260147697448,9.051361245265105e-06,1.5092026615093346e-06,0.0002914530923590064
natural_full_finetune_fp32_test,fp32,3,3462,mid_block.attentions.0.group_norm.weight,0.35829129070470117,-1.3808236186602933e-08,-0.05610175878862406,6.869505551293712e-07,-2.0313721672586427e-07,-0.023874309119977982,2.3747748092553174e-05,1.5092026615093346e-06,0.0002914530923590064
natural_full_finetune_fp32_test,fp32,3,3462,mid_block.attentions.0.group_norm.bias,0.06631888921315132,5.854716648914966e-09,0.09840454999344381,8.971260306384435e-07,1.564937024265216e-07,0.0628331129596031,3.7555283548802394e-05,1.5092026615093346e-06,0.0002914530923590064
natural_full_finetune_fp32_test,fp32,3,3462,mid_block.attentions.0.to_q.weight,2.511156328911222,-1.532662648338496e-08,-0.0032227074148980153,1.8938777649771175e-06,6.89877018777113e-07,0.009853045531029685,2.788222569143645e-05,1.5092026615093346e-06,0.0002914530923590064
natural_full_finetune_fp32_test,fp32,3,3462,mid_block.attentions.0.to_q.bias,0.09880591777396242,-3.2765771228484372e-09,-0.32102735967764234,1.0329882730821354e-07,5.940118711476863e-08,0.36115901766541897,1.6646146201926206e-06,1.5092026615093346e-06,0.0002914530923590064
natural_full_finetune_fp32_test,fp32,3,3462,mid_block.attentions.0.to_k.weight,2.508767357010908,1.2290183257527098e-08,0.0034568388007971142,1.4171598524488013e-06,-3.1767251396970965e-07,-0.006078460752517113,2.0831744141175496e-05,1.5092026615093346e-06,0.0002914530923590064
natural_full_finetune_fp32_test,fp32,3,3462,mid_block.attentions.0.to_k.bias,4.102391484712294e-05,2.0181432256139037e-18,0.235597641890223,2.0880646601497378e-13,4.114808509578964e-17,0.205064271448706,4.89128003663775e-12,1.5092026615093346e-06,0.0002914530923590064
natural_full_finetune_fp32_test,fp32,3,3462,mid_block.attentions.0.to_v.weight,1.9226182113332053,-2.359159506325929e-07,-0.019739276312577287,6.216315196007194e-06,5.6418168039049564e-06,0.011218114529886976,0.00026158091750785444,1.5092026615093346e-06,0.0002914530923590064
natural_full_finetune_fp32_test,fp32,3,3462,mid_block.attentions.0.to_v.bias,0.03280088674208953,3.951481218583015e-09,0.19219479381396606,6.268053839043732e-07,3.979761139142843e-08,0.038392690027104076,3.1602604773650796e-05,1.5092026615093346e-06,0.0002914530923590064
natural_full_finetune_fp32_test,fp32,3,3462,mid_block.attentions.0.to_out.0.weight,2.492937115503084,-2.1715531422953096e-07,-0.01281033233332205,6.799840749121512e-06,3.418341438196286e-05,0.016687124317332706,0.0008217176486676631,1.5092026615093346e-06,0.0002914530923590064
natural_full_finetune_fp32_test,fp32,3,3462,mid_block.attentions.0.to_out.0.bias,0.04682022927962241,3.7784897941532165e-10,0.006152184292465986,1.311763011948341e-06,-1.9445531038468085e-07,-0.024825107898955024,0.000167299686411132,1.5092026615093346e-06,0.0002914530923590064
natural_full_finetune_fp32_test,fp32,3,3462,mid_block.resnets.0.norm1.weight,0.08791831131494217,-9.527779116854736e-09,-0.12480472904632905,8.68322992096659e-07,-2.5177986417588266e-08,-0.00827767088208073,3.459660651427793e-05,1.5092026615093346e-06,0.0002914530923590064
natural_full_finetune_fp32_test,fp32,3,3462,mid_block.resnets.0.norm1.bias,0.07839926017318297,-2.6784767582930648e-08,-0.36322887118694497,9.405796034480695e-07,7.675524291907203e-08,0.02925012676726019,3.347097269266602e-05,1.5092026615093346e-06,0.0002914530923590064
natural_full_finetune_fp32_test,fp32,3,3462,mid_block.resnets.0.conv1.weight,7.170495468636062,1.9098270431489815e-07,0.004544089091194222,5.861355130635784e-06,-5.110408658029574e-06,-0.004326272783879502,0.00016473753568629562,1.5092026615093346e-06,0.0002914530923590064
natural_full_finetune_fp32_test,fp32,3,3462,mid_block.resnets.0.conv1.bias,0.05330302217763763,1.326310458181528e-10,0.016737811468012148,1.486601918786933e-07,2.1384432433103745e-08,0.058420243391716364,6.867244855667491e-06,1.5092026615093346e-06,0.0002914530923590064
natural_full_finetune_fp32_test,fp32,3,3462,mid_block.resnets.0.norm2.weight,0.18850968024818157,-2.8911268863460333e-08,-0.07060845363765203,2.172084894683984e-06,-2.1886773385441776e-07,-0.014594151522666257,7.955532120312452e-05,1.5092026615093346e-06,0.0002914530923590064
natural_full_finetune_fp32_test,fp32,3,3462,mid_block.resnets.0.norm2.bias,0.05862832309905457,-5.493331649862796e-08,-0.3015072285546552,3.1076393949852184e-06,-3.0466776904171234e-07,-0.04476724601314564,0.0001160803373388029,1.5092026615093346e-06,0.0002914530923590064
natural_full_finetune_fp32_test,fp32,3,3462,mid_block.resnets.0.conv2.weight,7.909464599705789,-5.71698742450633e-07,-0.006293162906351768,1.148553358662635e-05,-1.5400486210106967e-05,-0.002468102280430347,0.0007889040621244986,1.5092026615093346e-06,0.0002914530923590064
natural_full_finetune_fp32_test,fp32,3,3462,mid_block.resnets.0.conv2.bias,0.038853117409442986,7.420986699020447e-10,0.014015569627907436,1.3627777348667288e-06,-3.6279676407919023e-07,-0.05509206915889466,0.00016949170570071073,1.5092026615093346e-06,0.0002914530923590064
natural_full_finetune_fp32_test,fp32,3,3462,mid_block.resnets.1.norm1.weight,0.13350811738011775,-1.4219550968616563e-09,-0.019636420298831204,5.423952670165165e-07,2.8348262324342846e-08,0.01330881362644237,1.5954361479364145e-05,1.5092026615093346e-06,0.0002914530923590064
natural_full_finetune_fp32_test,fp32,3,3462,mid_block.resnets.1.norm1.bias,0.08890475336707035,6.524879094885606e-09,0.1188422056411597,6.175566230340715e-07,-6.951452119886021e-08,-0.05331815514351329,1.4664776222940032e-05,1.5092026615093346e-06,0.0002914530923590064
natural_full_finetune_fp32_test,fp32,3,3462,mid_block.resnets.1.conv1.weight,7.653744243460763,1.6520719104798578e-07,0.004906882147583542,4.398953528388454e-06,2.9684544452704816e-06,0.0038852393489980327,9.982484951344379e-05,1.5092026615093346e-06,0.0002914530923590064
natural_full_finetune_fp32_test,fp32,3,3462,mid_block.resnets.1.conv1.bias,0.05173908810357253,1.819496203054818e-10,0.026296478250709805,1.337318319713101e-07,5.379579940185802e-09,0.022939437513774284,4.5325941179120895e-06,1.5092026615093346e-06,0.0002914530923590064
natural_full_finetune_fp32_test,fp32,3,3462,mid_block.resnets.1.norm2.weight,0.18048770918996795,-9.729564531105988e-09,-0.08398205729512577,6.418880061074756e-07,2.008071303408977e-07,0.06276093963497757,1.7727278189333414e-05,1.5092026615093346e-06,0.0002914530923590064
natural_full_finetune_fp32_test,fp32,3,3462,mid_block.resnets.1.norm2.bias,0.05218506938594383,-1.738787230875633e-08,-0.16737283357347765,1.990743050343965e-06,3.135414968326119e-07,0.08726468276303674,6.885099928139977e-05,1.5092026615093346e-06,0.0002914530923590064
natural_full_finetune_fp32_test,fp32,3,3462,mid_block.resnets.1.conv2.weight,8.037483689246708,-2.560350560304757e-07,-0.004796676299023741,6.641083129703829e-06,3.222176097897022e-06,0.0007085639017647789,0.0005657833254809171,1.5092026615093346e-06,0.0002914530923590064
natural_full_finetune_fp32_test,fp32,3,3462,mid_block.resnets.1.conv2.bias,0.03929813700396993,-1.195655698981005e-09,-0.024746077494756335,1.229497945038777e-06,-2.2770694274833788e-07,-0.034836150530581166,0.00016633136496608242,1.5092026615093346e-06,0.0002914530923590064
natural_full_finetune_fp32_test,fp32,3,3462,conv_norm_out.weight,0.1329591062869486,-6.685048233609368e-08,-0.10731617319203236,4.685126054410989e-06,-8.268724479403699e-06,-0.0966983144585309,0.0006431340891975876,1.5092026615093346e-06,0.0002914530923590064
natural_full_finetune_fp32_test,fp32,3,3462,conv_norm_out.bias,0.04359351784352098,-2.4217933964215572e-08,-0.10458443980793318,5.311878095599921e-06,6.207658544394721e-07,0.00953195192243811,0.0014939087144979302,1.5092026615093346e-06,0.0002914530923590064
natural_full_finetune_fp32_test,fp32,3,3462,conv_out.weight,0.10043916731192101,-8.878202695757299e-07,-0.03766073550610677,0.0002347108439649747,-0.00010657014655753789,-0.10462733402479395,0.010141152186255708,1.5092026615093346e-06,0.0002914530923590064
natural_full_finetune_fp32_test,fp32,3,3462,conv_out.bias,0.0018924823695854003,-1.2485628251446228e-09,-0.2599925793046866,2.537567510493636e-06,5.825159225255694e-06,0.9537786993088272,0.003227218269679252,1.5092026615093346e-06,0.0002914530923590064
