step,applied,reason,block,discriminator_loss,discriminator_applied,reconstruction_mse,perceptual_loss,preservation_mse,loss,residual_loss,trust_loss,spectral_loss,adversarial_loss,grad_norm,learning_rate
1,True,,,,,0.004551718011498451,0.07249654084444046,0.0,0.011801372282207012,0.0,0.0,0.0,0.0,0.03632981702685356,2.5e-05
2,True,,,,,0.0027317791245877743,0.05479152500629425,0.0,0.008210931904613972,0.0,0.0,0.0,0.0,0.027195047587156296,5e-05
3,True,,,,,0.0029001384973526,0.0550789050757885,0.0,0.00840802863240242,0.0,0.0,0.0,0.0,0.04553385078907013,7.500000000000001e-05
4,True,,,,,0.0024531371891498566,0.052011966705322266,0.0,0.007654333952814341,0.0,0.0,0.0,0.0,0.038677532225847244,0.0001
5,True,,,,,0.004539250861853361,0.07198654860258102,0.0,0.011737905442714691,0.0,0.0,0.0,0.0,0.04272789508104324,0.000125
6,True,,,,,0.006067601963877678,0.10094085335731506,0.0,0.016161687672138214,0.0,0.0,0.0,0.0,0.05306430906057358,0.00015000000000000001
7,True,,,,,0.004583146423101425,0.08535809814929962,0.0,0.013118956238031387,0.0,0.0,0.0,0.0,0.055877815932035446,0.000175
8,True,,,,,0.003336177906021476,0.06184852123260498,0.0,0.009521029889583588,0.0,0.0,0.0,0.0,0.041337016969919205,0.0002
9,True,,,,,0.009944556280970573,0.11261862516403198,0.0,0.02120641991496086,0.0,0.0,0.0,0.0,0.07750257849693298,0.00022500000000000002
10,True,,,,,0.002607962116599083,0.06345805525779724,0.0,0.008953767828643322,0.0,0.0,0.0,0.0,0.07227642089128494,0.00025
11,True,,,,,0.0043201628141105175,0.09760841727256775,0.0,0.01408100500702858,0.0,0.0,0.0,0.0,0.11569657176733017,0.00027499999999999996
12,True,,,,,0.003754842560738325,0.08177778124809265,0.0,0.011932620778679848,0.0,0.0,0.0,0.0,0.05037635192275047,0.00030000000000000003
13,True,,,,,0.003815424395725131,0.0901549756526947,0.0,0.01283092238008976,0.0,0.0,0.0,0.0,0.06006907299160957,0.00032500000000000004
14,True,,,,,0.005524595268070698,0.08140920102596283,0.0,0.013665515929460526,0.0,0.0,0.0,0.0,0.05550059303641319,0.00035
15,True,,,,,0.004090152680873871,0.07811767607927322,0.0,0.011901920661330223,0.0,0.0,0.0,0.0,0.04173189401626587,0.000375
16,True,,,,,0.0038567716255784035,0.09441763162612915,0.0,0.013298534788191319,0.0,0.0,0.0,0.0,0.09659763425588608,0.0004
17,True,,,,,0.003225579857826233,0.07755953073501587,0.0,0.01098153367638588,0.0,0.0,0.0,0.0,0.06301514059305191,0.00042500000000000003
18,True,,,,,0.0046077570877969265,0.10358128696680069,0.0,0.014965886250138283,0.0,0.0,0.0,0.0,0.07420703768730164,0.00045000000000000004
19,True,,,,,0.006744730286300182,0.09698104858398438,0.0,0.016442835330963135,0.0,0.0,0.0,0.0,0.07371179014444351,0.000475
20,True,,,,,0.0018377348314970732,0.04993678629398346,0.0,0.006831413134932518,0.0,0.0,0.0,0.0,0.07379322499036789,0.0005
21,True,,,,,0.006963090039789677,0.09005042910575867,0.0,0.01596813276410103,0.0,0.0,0.0,0.0,0.08005787432193756,0.0005
22,True,,,,,0.001999740954488516,0.0688747763633728,0.0,0.008887218311429024,0.0,0.0,0.0,0.0,0.08106052875518799,0.0004999988415254123
23,True,,,,,0.0027462225407361984,0.06359104812145233,0.0,0.009105327539145947,0.0,0.0,0.0,0.0,0.05212796479463577,0.0004999953661135786
24,True,,,,,0.003108993172645569,0.09017333388328552,0.0,0.012126326560974121,0.0,0.0,0.0,0.0,0.07786767184734344,0.0004999895738002872
25,True,,,,,0.003997655585408211,0.0866423100233078,0.0,0.012661886401474476,0.0,0.0,0.0,0.0,0.08047045767307281,0.0004999814646451848
26,True,,,,,0.006010470446199179,0.10748360306024551,0.0,0.016758831217885017,0.0,0.0,0.0,0.0,0.0641932338476181,0.0004999710387317757
27,True,,,,,0.0039651887491345406,0.0773102194070816,0.0,0.011696210131049156,0.0,0.0,0.0,0.0,0.0732988491654396,0.0004999582961674213
28,True,,,,,0.002631124574691057,0.06968357414007187,0.0,0.009599482640624046,0.0,0.0,0.0,0.0,0.06258950382471085,0.0004999432370833389
29,True,,,,,0.003587943036109209,0.0839499682188034,0.0,0.011982940137386322,0.0,0.0,0.0,0.0,0.07497484982013702,0.0004999258616346003
30,True,,,,,0.0058001368306577206,0.10415143519639969,0.0,0.016215279698371887,0.0,0.0,0.0,0.0,0.07139336317777634,0.0004999061700001298
31,True,,,,,0.0029462878592312336,0.10295657813549042,0.0,0.013241946697235107,0.0,0.0,0.0,0.0,0.06168033927679062,0.0004998841623827032
32,True,,,,,0.0052463095635175705,0.0960540920495987,0.0,0.01485171914100647,0.0,0.0,0.0,0.0,0.07718093693256378,0.0004998598390089451
33,True,,,,,0.0036823726259171963,0.08704671263694763,0.0,0.012387044727802277,0.0,0.0,0.0,0.0,0.1014612466096878,0.0004998332001293266
34,True,,,,,0.004362623207271099,0.097617506980896,0.0,0.014124373905360699,0.0,0.0,0.0,0.0,0.12905630469322205,0.0004998042460181632
35,True,,,,,0.004830619320273399,0.08805760741233826,0.0,0.013636380434036255,0.0,0.0,0.0,0.0,0.0549735464155674,0.000499772976973611
36,True,,,,,0.004235444590449333,0.08825510740280151,0.0,0.013060955330729485,0.0,0.0,0.0,0.0,0.05195627734065056,0.0004997393933176648
37,True,,,,,0.005446966737508774,0.10316016525030136,0.0,0.01576298475265503,0.0,0.0,0.0,0.0,0.060559455305337906,0.0004997034953961541
38,True,,,,,0.002437995746731758,0.08829262852668762,0.0,0.011267258785665035,0.0,0.0,0.0,0.0,0.1380877047777176,0.0004996652835787394
39,True,,,,,0.003206419525668025,0.08524486422538757,0.0,0.011730906553566456,0.0,0.0,0.0,0.0,0.07749921083450317,0.0004996247582589092
40,True,,,,,0.0029942397959530354,0.06826967746019363,0.0,0.009821208193898201,0.0,0.0,0.0,0.0,0.11343168467283249,0.0004995819198539748
41,True,,,,,0.008032327517867088,0.1384904682636261,0.0,0.021881375461816788,0.0,0.0,0.0,0.0,0.12017347663640976,0.0004995367688050669
42,True,,,,,0.0053327674977481365,0.10853475332260132,0.0,0.016186242923140526,0.0,0.0,0.0,0.0,0.096527598798275,0.000499489305577131
43,True,,,,,0.0042228433303534985,0.12663067877292633,0.0,0.01688591204583645,0.0,0.0,0.0,0.0,0.12308571487665176,0.0004994395306589218
44,True,,,,,0.003141809953376651,0.07716009020805359,0.0,0.010857818648219109,0.0,0.0,0.0,0.0,0.06998850405216217,0.0004993874445629995
45,True,,,,,0.007107949815690517,0.11038479954004288,0.0,0.01814642921090126,0.0,0.0,0.0,0.0,0.09201594442129135,0.0004993330478257231
46,True,,,,,0.003927493467926979,0.1161259114742279,0.0,0.015540084801614285,0.0,0.0,0.0,0.0,0.1232999637722969,0.000499276341007246
47,True,,,,,0.0031012161634862423,0.06943769752979279,0.0,0.010044986382126808,0.0,0.0,0.0,0.0,0.055653270334005356,0.0004992173246915094
48,True,,,,,0.004860442131757736,0.11049044877290726,0.0,0.015909487381577492,0.0,0.0,0.0,0.0,0.08070920407772064,0.0004991559994862371
49,True,,,,,0.0021132947877049446,0.06613171100616455,0.0,0.008726466447114944,0.0,0.0,0.0,0.0,0.06870611757040024,0.0004990923660229285
50,True,,,,,0.0026801475323736668,0.08190598338842392,0.0,0.010870745405554771,0.0,0.0,0.0,0.0,0.07133018225431442,0.0004990264249568523
51,True,,,,,0.0024892291985452175,0.07508199661970139,0.0,0.009997429326176643,0.0,0.0,0.0,0.0,0.08374778926372528,0.0004989581769670404
52,True,,,,,0.005819662939757109,0.11178094893693924,0.0,0.01699775829911232,0.0,0.0,0.0,0.0,0.08924537152051926,0.0004988876227562798
53,True,,,,,0.003289797343313694,0.0726279765367508,0.0,0.010552594438195229,0.0,0.0,0.0,0.0,0.07884351164102554,0.000498814763051106
54,True,,,,,0.00494389608502388,0.10317301750183105,0.0,0.01526119839400053,0.0,0.0,0.0,0.0,0.09649518877267838,0.000498739598601796
55,True,,,,,0.00631578778848052,0.1015414297580719,0.0,0.016469931229948997,0.0,0.0,0.0,0.0,0.06780140101909637,0.0004986621301823592
56,True,,,,,0.004885956645011902,0.08898717164993286,0.0,0.013784673996269703,0.0,0.0,0.0,0.0,0.10616622120141983,0.000498582358590531
57,True,,,,,0.0033950340002775192,0.07555004954338074,0.0,0.010950039140880108,0.0,0.0,0.0,0.0,0.08649607002735138,0.0004985002846477633
58,True,,,,,0.0068456195294857025,0.08771215379238129,0.0,0.015616835094988346,0.0,0.0,0.0,0.0,0.05906803905963898,0.0004984159091992169
59,True,,,,,0.002811505924910307,0.07790663838386536,0.0,0.010602169670164585,0.0,0.0,0.0,0.0,0.08998861908912659,0.0004983292331137523
60,True,,,,,0.007023259997367859,0.10934241116046906,0.0,0.017957501113414764,0.0,0.0,0.0,0.0,0.08223940432071686,0.0004982402572839209
61,True,,,,,0.0028599780052900314,0.07682390511035919,0.0,0.01054236851632595,0.0,0.0,0.0,0.0,0.0720488578081131,0.0004981489826259561
62,True,,,,,0.004225779790431261,0.09324728697538376,0.0,0.01355050876736641,0.0,0.0,0.0,0.0,0.060862135142087936,0.0004980554100797634
63,True,,,,,0.005517399869859219,0.09868709743022919,0.0,0.015386110171675682,0.0,0.0,0.0,0.0,0.06657912582159042,0.0004979595406089108
64,True,,,,,0.005393944215029478,0.09023959934711456,0.0,0.014417903497815132,0.0,0.0,0.0,0.0,0.06954038143157959,0.0004978613752006193
65,True,,,,,0.003934584558010101,0.07463032752275467,0.0,0.011397616937756538,0.0,0.0,0.0,0.0,0.08382881432771683,0.0004977609148657523
66,True,,,,,0.0076062376610934734,0.09927846491336823,0.0,0.017534084618091583,0.0,0.0,0.0,0.0,0.0592496320605278,0.0004976581606388051
67,True,,,,,0.007253637071698904,0.11817273497581482,0.0,0.019070910289883614,0.0,0.0,0.0,0.0,0.09289338439702988,0.000497553113577895
68,True,,,,,0.004768262151628733,0.10499368607997894,0.0,0.0152676310390234,0.0,0.0,0.0,0.0,0.08586718887090683,0.0004974457747647492
69,True,,,,,0.007928162813186646,0.11330591887235641,0.0,0.019258756190538406,0.0,0.0,0.0,0.0,0.10277179628610611,0.0004973361453046951
70,True,,,,,0.004775430541485548,0.08707001805305481,0.0,0.013482432812452316,0.0,0.0,0.0,0.0,0.07507945597171783,0.0004972242263266473
71,True,,,,,0.003676186315715313,0.09041765332221985,0.0,0.012717952020466328,0.0,0.0,0.0,0.0,0.11261449754238129,0.0004971100189830977
72,True,,,,,0.005121465772390366,0.09781685471534729,0.0,0.01490315143018961,0.0,0.0,0.0,0.0,0.07312021404504776,0.0004969935244501022
73,True,,,,,0.003957852721214294,0.0885259211063385,0.0,0.01281044539064169,0.0,0.0,0.0,0.0,0.06825380027294159,0.0004968747439272692
74,True,,,,,0.004737336654216051,0.10282997041940689,0.0,0.015020333230495453,0.0,0.0,0.0,0.0,0.06338056921958923,0.0004967536786377473
75,True,,,,,0.006788287311792374,0.10741569846868515,0.0,0.01752985641360283,0.0,0.0,0.0,0.0,0.05164405703544617,0.0004966303298282128
76,True,,,,,0.006969219073653221,0.08328944444656372,0.0,0.015298163518309593,0.0,0.0,0.0,0.0,0.06687319278717041,0.0004965046987688563
77,True,,,,,0.004858523141592741,0.08327720314264297,0.0,0.013186244294047356,0.0,0.0,0.0,0.0,0.08633458614349365,0.0004963767867533701
78,True,,,,,0.005220811814069748,0.10573896020650864,0.0,0.01579470932483673,0.0,0.0,0.0,0.0,0.08474691957235336,0.0004962465950989351
79,True,,,,,0.001956599298864603,0.05404497683048248,0.0,0.007361097261309624,0.0,0.0,0.0,0.0,0.08760012686252594,0.0004961141251462062
80,True,,,,,0.001925491145811975,0.08820538967847824,0.0,0.010746030136942863,0.0,0.0,0.0,0.0,0.08842842280864716,0.0004959793782593
81,True,,,,,0.004594483878463507,0.09269003570079803,0.0,0.013863487169146538,0.0,0.0,0.0,0.0,0.05725680664181709,0.0004958423558257794
82,True,,,,,0.007767123635858297,0.11219245940446854,0.0,0.018986370414495468,0.0,0.0,0.0,0.0,0.0711401104927063,0.0004957030592566399
83,True,,,,,0.003425269853323698,0.06331964582204819,0.0,0.00975723471492529,0.0,0.0,0.0,0.0,0.07009245455265045,0.0004955614899862953
84,True,,,,,0.002619450446218252,0.09603561460971832,0.0,0.012223012745380402,0.0,0.0,0.0,0.0,0.06198775768280029,0.0004954176494725625
85,True,,,,,0.0035960348322987556,0.10433557629585266,0.0,0.014029592275619507,0.0,0.0,0.0,0.0,0.07491485029459,0.0004952715391966467
86,True,,,,,0.005484916269779205,0.094242624938488,0.0,0.014909178949892521,0.0,0.0,0.0,0.0,0.07243045419454575,0.0004951231606631258
87,True,,,,,0.0025704761501401663,0.07000409066677094,0.0,0.009570885449647903,0.0,0.0,0.0,0.0,0.0907081589102745,0.0004949725153999357
88,True,,,,,0.004074860829859972,0.08460818231105804,0.0,0.012535680085420609,0.0,0.0,0.0,0.0,0.05526018142700195,0.0004948196049583538
89,True,,,,,0.004294299520552158,0.10298424959182739,0.0,0.014592724852263927,0.0,0.0,0.0,0.0,0.06980915367603302,0.0004946644309129833
90,True,,,,,0.004141991026699543,0.08134818077087402,0.0,0.01227680966258049,0.0,0.0,0.0,0.0,0.07236664742231369,0.0004945069948617367
91,True,,,,,0.003995399922132492,0.0807378813624382,0.0,0.012069188058376312,0.0,0.0,0.0,0.0,0.06707345694303513,0.0004943472984258203
92,True,,,,,0.007068835198879242,0.10662753134965897,0.0,0.01773158833384514,0.0,0.0,0.0,0.0,0.06496325880289078,0.0004941853432497163
93,True,,,,,0.006770207546651363,0.10676530003547668,0.0,0.017446737736463547,0.0,0.0,0.0,0.0,0.06780288368463516,0.0004940211310011664
94,True,,,,,0.0047952039167284966,0.08340185880661011,0.0,0.013135390356183052,0.0,0.0,0.0,0.0,0.06595664471387863,0.0004938546633711549
95,True,,,,,0.004161872435361147,0.09783889353275299,0.0,0.013945762068033218,0.0,0.0,0.0,0.0,0.08910512179136276,0.0004936859420738908
96,True,,,,,0.005102594383060932,0.09426288306713104,0.0,0.014528882689774036,0.0,0.0,0.0,0.0,0.0796525627374649,0.0004935149688467905
97,True,,,,,0.00289531284943223,0.07011187076568604,0.0,0.009906500577926636,0.0,0.0,0.0,0.0,0.06114683672785759,0.0004933417454504595
98,True,,,,,0.003735387697815895,0.08289565145969391,0.0,0.012024953030049801,0.0,0.0,0.0,0.0,0.05602220445871353,0.0004931662736686748
99,True,,,,,0.006568919401615858,0.09966258704662323,0.0,0.01653517782688141,0.0,0.0,0.0,0.0,0.043157584965229034,0.0004929885553083663
100,True,,,,,0.0025687951128929853,0.07999391853809357,0.0,0.010568187572062016,0.0,0.0,0.0,0.0,0.07466290891170502,0.0004928085921995978
101,True,,,,,0.004755788017064333,0.09216892719268799,0.0,0.013972681015729904,0.0,0.0,0.0,0.0,0.055946361273527145,0.000492626386195549
102,True,,,,,0.0038053463213145733,0.08888551592826843,0.0,0.012693898752331734,0.0,0.0,0.0,0.0,0.06852856278419495,0.0004924419391724956
103,True,,,,,0.00408520270138979,0.09141258895397186,0.0,0.013226461596786976,0.0,0.0,0.0,0.0,0.06487126648426056,0.0004922552530297902
104,True,,,,,0.003625232260674238,0.07897606492042542,0.0,0.011522838845849037,0.0,0.0,0.0,0.0,0.08521350473165512,0.0004920663296898433
105,True,,,,,0.004147280938923359,0.10318147391080856,0.0,0.01446542888879776,0.0,0.0,0.0,0.0,0.0740107074379921,0.0004918751710981026
106,True,,,,,0.004125460982322693,0.07575933635234833,0.0,0.01170139480382204,0.0,0.0,0.0,0.0,0.05668110400438309,0.0004916817792230339
107,True,,,,,0.004609427414834499,0.08207610249519348,0.0,0.012817038223147392,0.0,0.0,0.0,0.0,0.06886406242847443,0.0004914861560560996
108,True,,,,,0.0032072458416223526,0.07182858884334564,0.0,0.010390104725956917,0.0,0.0,0.0,0.0,0.05633097141981125,0.0004912883036117399
109,True,,,,,0.004080095794051886,0.08437912166118622,0.0,0.012518007308244705,0.0,0.0,0.0,0.0,0.059126511216163635,0.0004910882239273504
110,True,,,,,0.0036130358930677176,0.08790520578622818,0.0,0.012403557077050209,0.0,0.0,0.0,0.0,0.04116871580481529,0.000490885919063262
111,True,,,,,0.004106292966753244,0.11534379422664642,0.0,0.01564067229628563,0.0,0.0,0.0,0.0,0.07562907785177231,0.0004906813911027195
112,True,,,,,0.0042171115055680275,0.07458232343196869,0.0,0.011675343848764896,0.0,0.0,0.0,0.0,0.06192014366388321,0.0004904746421518603
113,True,,,,,0.0041310833767056465,0.10638318955898285,0.0,0.014769402332603931,0.0,0.0,0.0,0.0,0.0582566000521183,0.0004902656743396924
114,True,,,,,0.0017954939976334572,0.07420278340578079,0.0,0.009215772151947021,0.0,0.0,0.0,0.0,0.08416936546564102,0.0004900544898180727
115,True,,,,,0.002051387447863817,0.06339412927627563,0.0,0.008390801027417183,0.0,0.0,0.0,0.0,0.07267281413078308,0.0004898410907616847
116,True,,,,,0.0029720698948949575,0.06093759089708328,0.0,0.00906582921743393,0.0,0.0,0.0,0.0,0.07929288595914841,0.0004896254793680165
117,True,,,,,0.0052976785227656364,0.10342711210250854,0.0,0.015640389174222946,0.0,0.0,0.0,0.0,0.04687229171395302,0.0004894076578573374
118,True,,,,,0.004681634251028299,0.09246912598609924,0.0,0.013928547501564026,0.0,0.0,0.0,0.0,0.07729343324899673,0.0004891876284726756
119,True,,,,,0.0027440455742180347,0.08256550133228302,0.0,0.011000595986843109,0.0,0.0,0.0,0.0,0.06673281639814377,0.0004889653934797954
120,True,,,,,0.0013018519384786487,0.05652443319559097,0.0,0.006954295560717583,0.0,0.0,0.0,0.0,0.07397803664207458,0.0004887409551671729
121,True,,,,,0.0017394296592101455,0.05764089897274971,0.0,0.007503519766032696,0.0,0.0,0.0,0.0,0.05676049739122391,0.0004885143158459735
122,True,,,,,0.004844237118959427,0.100318044424057,0.0,0.014876041561365128,0.0,0.0,0.0,0.0,0.08092595636844635,0.0004882854778500272
123,True,,,,,0.0030990070663392544,0.0816752016544342,0.0,0.011266527697443962,0.0,0.0,0.0,0.0,0.05324512720108032,0.0004880544435358052
124,True,,,,,0.007932807318866253,0.11290203779935837,0.0,0.019223012030124664,0.0,0.0,0.0,0.0,0.0769459456205368,0.00048782121528239547
125,True,,,,,0.002951318398118019,0.06809930503368378,0.0,0.009761249646544456,0.0,0.0,0.0,0.0,0.09457119554281235,0.0004875857954914778
126,True,,,,,0.004731717053800821,0.09616513550281525,0.0,0.014348231256008148,0.0,0.0,0.0,0.0,0.11400999873876572,0.00048734818658729983
127,True,,,,,0.004837426356971264,0.0865403339266777,0.0,0.013491460122168064,0.0,0.0,0.0,0.0,0.07273776829242706,0.00048710839101665166
128,True,,,,,0.003679288551211357,0.07669325172901154,0.0,0.01134861446917057,0.0,0.0,0.0,0.0,0.06707783043384552,0.00048686641124884045
129,True,,,,,0.0034729361068457365,0.07212561368942261,0.0,0.010685497894883156,0.0,0.0,0.0,0.0,0.07514384388923645,0.00048662224977566557
130,True,,,,,0.005621446296572685,0.10818242281675339,0.0,0.016439687460660934,0.0,0.0,0.0,0.0,0.10766317695379257,0.00048637590911139233
131,True,,,,,0.0035542945843189955,0.08398649096488953,0.0,0.011952944099903107,0.0,0.0,0.0,0.0,0.09935449063777924,0.0004861273917927266
132,True,,,,,0.0037091653794050217,0.06888750195503235,0.0,0.010597916319966316,0.0,0.0,0.0,0.0,0.04817940294742584,0.0004858767003787884
133,True,,,,,0.0049236612394452095,0.0960322916507721,0.0,0.014526890590786934,0.0,0.0,0.0,0.0,0.12613725662231445,0.0004856238374510854
134,True,,,,,0.004911351483315229,0.08883688598871231,0.0,0.013795040547847748,0.0,0.0,0.0,0.0,0.08451635390520096,0.0004853688056134869
135,True,,,,,0.0038665966130793095,0.06782029569149017,0.0,0.010648626834154129,0.0,0.0,0.0,0.0,0.07892891764640808,0.0004851116074921964
136,True,,,,,0.003528268774971366,0.09341923892498016,0.0,0.01287019345909357,0.0,0.0,0.0,0.0,0.05381641909480095,0.0004848522457357248
137,True,,,,,0.0014728013193234801,0.05730261281132698,0.0,0.007203062996268272,0.0,0.0,0.0,0.0,0.10594411939382553,0.00048459072301486355
138,True,,,,,0.0032667983323335648,0.08086636662483215,0.0,0.01135343499481678,0.0,0.0,0.0,0.0,0.07909178733825684,0.0004843270420226561
139,True,,,,,0.005611869506537914,0.0987204983830452,0.0,0.015483919531106949,0.0,0.0,0.0,0.0,0.06735718250274658,0.00048406120547437134
140,True,,,,,0.004061258863657713,0.08150313794612885,0.0,0.012211572378873825,0.0,0.0,0.0,0.0,0.04976245015859604,0.00048379321610747485
141,True,,,,,0.005628401413559914,0.08595505356788635,0.0,0.014223907142877579,0.0,0.0,0.0,0.0,0.061032459139823914,0.00048352307668160104
142,True,,,,,0.003361400915309787,0.0740436390042305,0.0,0.010765764862298965,0.0,0.0,0.0,0.0,0.08018926531076431,0.00048325078997852477
143,True,,,,,0.004204032011330128,0.0791291743516922,0.0,0.012116950005292892,0.0,0.0,0.0,0.0,0.04295835271477699,0.00048297635880213235
144,True,,,,,0.003956528380513191,0.057964351028203964,0.0,0.009752963669598103,0.0,0.0,0.0,0.0,0.03153318166732788,0.00048269978597839316
145,True,,,,,0.002189730294048786,0.06989284604787827,0.0,0.009179014712572098,0.0,0.0,0.0,0.0,0.05872853100299835,0.0004824210743553302
146,True,,,,,0.005664801225066185,0.10027877986431122,0.0,0.015692679211497307,0.0,0.0,0.0,0.0,0.05208825320005417,0.0004821402268029907
147,True,,,,,0.003979611210525036,0.08886803686618805,0.0,0.012866415083408356,0.0,0.0,0.0,0.0,0.04652434214949608,0.0004818572462134171
148,True,,,,,0.0020704553462564945,0.060773953795433044,0.0,0.008147850632667542,0.0,0.0,0.0,0.0,0.04592997580766678,0.00048157213550061674
149,True,,,,,0.005526581779122353,0.09505614638328552,0.0,0.015032196417450905,0.0,0.0,0.0,0.0,0.07274617999792099,0.0004812848976005318
150,True,,,,,0.005944755859673023,0.10542380809783936,0.0,0.016487136483192444,0.0,0.0,0.0,0.0,0.05178914964199066,0.00048099553547100956
151,True,,,,,0.001897175214253366,0.08459287881851196,0.0,0.010356462560594082,0.0,0.0,0.0,0.0,0.06717707961797714,0.0004807040520917716
152,True,,,,,0.002137200441211462,0.06025004759430885,0.0,0.00816220510751009,0.0,0.0,0.0,0.0,0.06033585965633392,0.0004804104504643831
153,True,,,,,0.0067206816747784615,0.11548931151628494,0.0,0.0182696133852005,0.0,0.0,0.0,0.0,0.08996525406837463,0.00048011473361222193
154,True,,,,,0.0028675682842731476,0.07204493880271912,0.0,0.01007206179201603,0.0,0.0,0.0,0.0,0.07106248289346695,0.0004798169045804479
155,True,,,,,0.004233589395880699,0.08428976684808731,0.0,0.012662566266953945,0.0,0.0,0.0,0.0,0.06346652656793594,0.0004795169664359709
156,True,,,,,0.0038123957347124815,0.08705508708953857,0.0,0.012517904862761497,0.0,0.0,0.0,0.0,0.06347796320915222,0.0004792149222674195
157,True,,,,,0.004848649259656668,0.08409833163022995,0.0,0.01325848326086998,0.0,0.0,0.0,0.0,0.08055869489908218,0.0004789107751851091
158,True,,,,,0.005623477511107922,0.09411104023456573,0.0,0.015034581534564495,0.0,0.0,0.0,0.0,0.0450768917798996,0.0004786045283210102
159,True,,,,,0.00419608922675252,0.07493672519922256,0.0,0.011689761653542519,0.0,0.0,0.0,0.0,0.10982520133256912,0.0004782961848287157
160,True,,,,,0.0036826501600444317,0.06539565324783325,0.0,0.010222215205430984,0.0,0.0,0.0,0.0,0.067631796002388,0.00047798574788340885
161,True,,,,,0.0017592029180377722,0.09200137853622437,0.0,0.010959341190755367,0.0,0.0,0.0,0.0,0.09460525214672089,0.00047767322068183003
162,True,,,,,0.004739093594253063,0.0821525976061821,0.0,0.012954353354871273,0.0,0.0,0.0,0.0,0.055692560970783234,0.0004773586064422444
163,True,,,,,0.004379909485578537,0.09535449743270874,0.0,0.013915359042584896,0.0,0.0,0.0,0.0,0.06542159616947174,0.0004770419084044084
164,True,,,,,0.0034483540803194046,0.07455892860889435,0.0,0.01090424694120884,0.0,0.0,0.0,0.0,0.056121621280908585,0.0004767231298295364
165,True,,,,,0.0049490127712488174,0.08201424777507782,0.0,0.013150437735021114,0.0,0.0,0.0,0.0,0.04970719665288925,0.0004764022740002676
166,True,,,,,0.004229029640555382,0.09116246551275253,0.0,0.01334527600556612,0.0,0.0,0.0,0.0,0.0657820999622345,0.0004760793442206312
167,True,,,,,0.005114011000841856,0.1095990464091301,0.0,0.016073916107416153,0.0,0.0,0.0,0.0,0.10021287947893143,0.00047575434381601364
168,True,,,,,0.004545601084828377,0.07503249496221542,0.0,0.012048850767314434,0.0,0.0,0.0,0.0,0.05688299983739853,0.00047542727613312337
169,True,,,,,0.003883893368765712,0.11229577660560608,0.0,0.015113471075892448,0.0,0.0,0.0,0.0,0.1173393502831459,0.00047509814453995674
170,True,,,,,0.008638627827167511,0.07995768636465073,0.0,0.016634397208690643,0.0,0.0,0.0,0.0,0.06393858045339584,0.0004747669524257635
171,True,,,,,0.006940589752048254,0.09656448662281036,0.0,0.016597038134932518,0.0,0.0,0.0,0.0,0.07647029310464859,0.0004744337032010116
172,True,,,,,0.0026592351496219635,0.06343453377485275,0.0,0.009002689272165298,0.0,0.0,0.0,0.0,0.044557906687259674,0.0004740984002973522
173,True,,,,,0.0025103106163442135,0.08459413796663284,0.0,0.010969724506139755,0.0,0.0,0.0,0.0,0.0865960419178009,0.0004737610471675844
174,True,,,,,0.0036548245698213577,0.09962992370128632,0.0,0.01361781731247902,0.0,0.0,0.0,0.0,0.07364638894796371,0.00047342164728561955
175,True,,,,,0.006365531124174595,0.0991557165980339,0.0,0.01628110185265541,0.0,0.0,0.0,0.0,0.040393680334091187,0.00047308020414644553
176,True,,,,,0.0025688083842396736,0.06237472593784332,0.0,0.008806280791759491,0.0,0.0,0.0,0.0,0.05008499324321747,0.0004727367212660908
177,True,,,,,0.005146741401404142,0.07468023151159286,0.0,0.012614764273166656,0.0,0.0,0.0,0.0,0.0730569064617157,0.00047239120218158816
178,True,,,,,0.007306647952646017,0.09543430805206299,0.0,0.016850078478455544,0.0,0.0,0.0,0.0,0.044305264949798584,0.00047204365045093824
179,True,,,,,0.00471382774412632,0.07190868258476257,0.0,0.011904696002602577,0.0,0.0,0.0,0.0,0.045087676495313644,0.0004716940696530731
180,True,,,,,0.005450969096273184,0.07664011418819427,0.0,0.013114980421960354,0.0,0.0,0.0,0.0,0.09135745465755463,0.00047134246338781903
181,True,,,,,0.0038274391554296017,0.0638376846909523,0.0,0.010211207903921604,0.0,0.0,0.0,0.0,0.06536632031202316,0.00047098883527585996
182,True,,,,,0.0022203808184713125,0.05756072327494621,0.0,0.007976452820003033,0.0,0.0,0.0,0.0,0.06277982890605927,0.0004706331889586997
183,True,,,,,0.005044933874160051,0.101510189473629,0.0,0.015195952728390694,0.0,0.0,0.0,0.0,0.07060518860816956,0.00047027552809862443
184,True,,,,,0.005321204662322998,0.11423275619745255,0.0,0.016744479537010193,0.0,0.0,0.0,0.0,0.09888944029808044,0.00046991585637866563
185,True,,,,,0.0034524553921073675,0.07767780125141144,0.0,0.011220235377550125,0.0,0.0,0.0,0.0,0.049678098410367966,0.0004695541775025615
186,True,,,,,0.00469578243792057,0.08820842951536179,0.0,0.013516625389456749,0.0,0.0,0.0,0.0,0.12176980823278427,0.00046919049519471897
187,True,,,,,0.0020237253047525883,0.055906228721141815,0.0,0.007614348083734512,0.0,0.0,0.0,0.0,0.08702225238084793,0.0004688248132001754
188,True,,,,,0.0036996807903051376,0.07425875961780548,0.0,0.011125557124614716,0.0,0.0,0.0,0.0,0.042560555040836334,0.0004684571352845603
189,True,,,,,0.005521030630916357,0.09895163774490356,0.0,0.015416193753480911,0.0,0.0,0.0,0.0,0.05457284674048424,0.00046808746523405593
190,True,,,,,0.004389991518110037,0.09203608334064484,0.0,0.013593599200248718,0.0,0.0,0.0,0.0,0.07120835781097412,0.00046771580685535884
191,True,,,,,0.003192545846104622,0.07960497587919235,0.0,0.011153043247759342,0.0,0.0,0.0,0.0,0.12446894496679306,0.00046734216397564056
192,True,,,,,0.005674571730196476,0.08593305945396423,0.0,0.0142678776755929,0.0,0.0,0.0,0.0,0.05635124817490578,0.000466966540442508
193,True,,,,,0.004592499695718288,0.081824392080307,0.0,0.012774938717484474,0.0,0.0,0.0,0.0,0.04272470623254776,0.0004665889401239638
194,True,,,,,0.0019760550931096077,0.07531715929508209,0.0,0.009507771581411362,0.0,0.0,0.0,0.0,0.17154303193092346,0.0004662093669083671
195,True,,,,,0.003923789132386446,0.08324825018644333,0.0,0.012248614802956581,0.0,0.0,0.0,0.0,0.07940146327018738,0.00046582782470439265
196,True,,,,,0.005028748419135809,0.08982102572917938,0.0,0.014010850340127945,0.0,0.0,0.0,0.0,0.09166662395000458,0.00046544431744099116
197,True,,,,,0.00400048540905118,0.0604812316596508,0.0,0.010048609226942062,0.0,0.0,0.0,0.0,0.15187671780586243,0.00046505884906734846
198,True,,,,,0.0050446633249521255,0.10011264681816101,0.0,0.015055928379297256,0.0,0.0,0.0,0.0,0.06713142991065979,0.0004646714235528452
199,True,,,,,0.003104074625298381,0.08758842200040817,0.0,0.011862916871905327,0.0,0.0,0.0,0.0,0.08506898581981659,0.00046428204488701576
200,True,,,,,0.0036004174035042524,0.10559909045696259,0.0,0.014160326682031155,0.0,0.0,0.0,0.0,0.10486143082380295,0.00046389071707950716
201,True,,,,,0.005821181461215019,0.09268930554389954,0.0,0.015090112574398518,0.0,0.0,0.0,0.0,0.05400121584534645,0.00046349744416003763
202,True,,,,,0.005346379242837429,0.11403784155845642,0.0,0.016750164330005646,0.0,0.0,0.0,0.0,0.06754963099956512,0.00046310223017835566
203,True,,,,,0.0043907249346375465,0.08403344452381134,0.0,0.012794069945812225,0.0,0.0,0.0,0.0,0.06268808245658875,0.00046270507920419767
204,True,,,,,0.006204563658684492,0.08695849031209946,0.0,0.014900412410497665,0.0,0.0,0.0,0.0,0.05305599048733711,0.00046230599532724644
205,True,,,,,0.0033707041293382645,0.07467056065797806,0.0,0.01083775982260704,0.0,0.0,0.0,0.0,0.0547613725066185,0.00046190498265708885
206,True,,,,,0.005149453412741423,0.08706153184175491,0.0,0.013855606317520142,0.0,0.0,0.0,0.0,0.05043845251202583,0.00046150204532317374
207,True,,,,,0.0022447819355875254,0.05861872434616089,0.0,0.008106654509902,0.0,0.0,0.0,0.0,0.06536971032619476,0.00046109718747476926
208,True,,,,,0.004725359380245209,0.09554482996463776,0.0,0.014279842376708984,0.0,0.0,0.0,0.0,0.07854007184505463,0.00046069041328092
209,True,,,,,0.00354063231498003,0.08594909310340881,0.0,0.012135541997849941,0.0,0.0,0.0,0.0,0.04414115473628044,0.00046028172693040426
210,True,,,,,0.00507002929225564,0.09837301075458527,0.0,0.01490733027458191,0.0,0.0,0.0,0.0,0.06672728806734085,0.0004598711326316911
211,True,,,,,0.0024530505761504173,0.07191523909568787,0.0,0.009644574485719204,0.0,0.0,0.0,0.0,0.0671062096953392,0.0004594586346128966
212,True,,,,,0.006806339602917433,0.0910094752907753,0.0,0.01590728759765625,0.0,0.0,0.0,0.0,0.05686643347144127,0.0004590442371217405
213,True,,,,,0.005605676677078009,0.08474994450807571,0.0,0.014080671593546867,0.0,0.0,0.0,0.0,0.05252328887581825,0.00045862794442550245
214,True,,,,,0.0026037623174488544,0.07534359395503998,0.0,0.010138122364878654,0.0,0.0,0.0,0.0,0.045697566121816635,0.00045820976081097813
215,True,,,,,0.004394381772726774,0.10220420360565186,0.0,0.014614801853895187,0.0,0.0,0.0,0.0,0.05538415536284447,0.00045778969058443486
216,True,,,,,0.006515550427138805,0.10803692042827606,0.0,0.017319243401288986,0.0,0.0,0.0,0.0,0.06524750590324402,0.00045736773807156787
217,True,,,,,0.003984571900218725,0.08026538789272308,0.0,0.012011110782623291,0.0,0.0,0.0,0.0,0.05420321226119995,0.00045694390761745474
218,True,,,,,0.0015283925458788872,0.04648002237081528,0.0,0.006176394876092672,0.0,0.0,0.0,0.0,0.058458112180233,0.00045651820358651174
219,True,,,,,0.0022248071618378162,0.0651702731847763,0.0,0.008741835132241249,0.0,0.0,0.0,0.0,0.07174897938966751,0.0004560906303624483
220,True,,,,,0.00624441122636199,0.08869627863168716,0.0,0.015114039182662964,0.0,0.0,0.0,0.0,0.045563142746686935,0.0004556611923482217
221,True,,,,,0.0025580283254384995,0.07567683607339859,0.0,0.010125711560249329,0.0,0.0,0.0,0.0,0.06296984851360321,0.0004552298939659923
222,True,,,,,0.0024184680078178644,0.06965412199497223,0.0,0.009383880533277988,0.0,0.0,0.0,0.0,0.06685739010572433,0.00045479673965707754
223,True,,,,,0.011236349120736122,0.12655067443847656,0.0,0.02389141544699669,0.0,0.0,0.0,0.0,0.08489004522562027,0.00045436173388190633
224,True,,,,,0.0033867189195007086,0.07351040840148926,0.0,0.010737759992480278,0.0,0.0,0.0,0.0,0.0856134369969368,0.0004539248811199733
225,True,,,,,0.0027071828953921795,0.06272172182798386,0.0,0.008979354985058308,0.0,0.0,0.0,0.0,0.06288410723209381,0.0004534861858697923
226,True,,,,,0.00870169885456562,0.10821409523487091,0.0,0.01952310837805271,0.0,0.0,0.0,0.0,0.08581441640853882,0.0004530456526488506
227,True,,,,,0.004350490402430296,0.07614415884017944,0.0,0.011964906007051468,0.0,0.0,0.0,0.0,0.08977524191141129,0.0004526032859935619
228,True,,,,,0.00300692580640316,0.06576839834451675,0.0,0.009583765640854836,0.0,0.0,0.0,0.0,0.05983828753232956,0.0004521590904592196
229,True,,,,,0.0027416711673140526,0.05862090736627579,0.0,0.008603761903941631,0.0,0.0,0.0,0.0,0.06009416654706001,0.0004517130706199505
230,True,,,,,0.004715961404144764,0.07845225185155869,0.0,0.012561187148094177,0.0,0.0,0.0,0.0,0.08049050718545914,0.00045126523106866687
231,True,,,,,0.0039497013203799725,0.08300019800662994,0.0,0.012249721214175224,0.0,0.0,0.0,0.0,0.07839665561914444,0.0004508155764170198
232,True,,,,,0.002817549742758274,0.07146435976028442,0.0,0.009963985532522202,0.0,0.0,0.0,0.0,0.06586439162492752,0.0004503641112953513
233,True,,,,,0.005473821423947811,0.10165951400995255,0.0,0.01563977263867855,0.0,0.0,0.0,0.0,0.06315100938081741,0.000449910840352647
234,True,,,,,0.003946658689528704,0.07186860591173172,0.0,0.011133519932627678,0.0,0.0,0.0,0.0,0.059750162065029144,0.0004494557682564879
235,True,,,,,0.011096825823187828,0.13130852580070496,0.0,0.024227678775787354,0.0,0.0,0.0,0.0,0.05994778499007225,0.0004489988996930026
236,True,,,,,0.005021923221647739,0.08447481691837311,0.0,0.013469405472278595,0.0,0.0,0.0,0.0,0.07537821680307388,0.00044854023936681883
237,True,,,,,0.0048531461507081985,0.08873742073774338,0.0,0.013726888224482536,0.0,0.0,0.0,0.0,0.07853853702545166,0.00044807979200101495
238,True,,,,,0.00307278661057353,0.0759478509426117,0.0,0.010667571797966957,0.0,0.0,0.0,0.0,0.08293971419334412,0.0004476175623370718
239,True,,,,,0.0018540991004556417,0.08583035320043564,0.0,0.01043713465332985,0.0,0.0,0.0,0.0,0.06211375817656517,0.00044715355513482314
240,True,,,,,0.004049438983201981,0.07502374053001404,0.0,0.0115518132224679,0.0,0.0,0.0,0.0,0.06929650902748108,0.0004466877751724074
241,True,,,,,0.0015504773473367095,0.060938578099012375,0.0,0.007644335273653269,0.0,0.0,0.0,0.0,0.06210702657699585,0.00044622022724621777
242,True,,,,,0.004912268370389938,0.08405375480651855,0.0,0.013317643664777279,0.0,0.0,0.0,0.0,0.07188431918621063,0.0004457509161708533
243,True,,,,,0.003609420731663704,0.0755806416273117,0.0,0.011167485266923904,0.0,0.0,0.0,0.0,0.05497519671916962,0.0004452798467790692
244,True,,,,,0.003542865626513958,0.06471413373947144,0.0,0.010014278814196587,0.0,0.0,0.0,0.0,0.09527738392353058,0.000444807023921727
245,True,,,,,0.005222837440669537,0.08335494250059128,0.0,0.01355833187699318,0.0,0.0,0.0,0.0,0.06777241080999374,0.0004443324524677445
246,True,,,,,0.0027511005755513906,0.07538731396198273,0.0,0.010289832018315792,0.0,0.0,0.0,0.0,0.0695546418428421,0.000443856137304046
247,True,,,,,0.004186547361314297,0.06983627378940582,0.0,0.011170174926519394,0.0,0.0,0.0,0.0,0.07273492962121964,0.0004433780833355114
248,True,,,,,0.0034856493584811687,0.07164183259010315,0.0,0.010649832896888256,0.0,0.0,0.0,0.0,0.07792168110609055,0.00044289829548492657
249,True,,,,,0.005624040029942989,0.07924122363328934,0.0,0.013548162765800953,0.0,0.0,0.0,0.0,0.0513911210000515,0.00044241677869293153
250,True,,,,,0.005754492245614529,0.07754121720790863,0.0,0.013508614152669907,0.0,0.0,0.0,0.0,0.07752583175897598,0.00044193353791797057
251,True,,,,,0.004631197080016136,0.07092177867889404,0.0,0.01172337494790554,0.0,0.0,0.0,0.0,0.08119118213653564,0.00044144857813624053
252,True,,,,,0.006482321303337812,0.10319164395332336,0.0,0.016801485791802406,0.0,0.0,0.0,0.0,0.06425505876541138,0.00044096190434164
253,True,,,,,0.005743025802075863,0.09537316858768463,0.0,0.015280342660844326,0.0,0.0,0.0,0.0,0.04958857595920563,0.0004404735215457177
254,True,,,,,0.003630837192758918,0.0737306997179985,0.0,0.011003906838595867,0.0,0.0,0.0,0.0,0.07569163292646408,0.0004399834347776207
255,True,,,,,0.0033708165865391493,0.0785386860370636,0.0,0.011224685236811638,0.0,0.0,0.0,0.0,0.06734475493431091,0.00043949164908404294
256,True,,,,,0.0048667979426681995,0.08093983680009842,0.0,0.012960782274603844,0.0,0.0,0.0,0.0,0.052582304924726486,0.0004389981695291732
257,True,,,,,0.0031143557280302048,0.06674274802207947,0.0,0.009788630530238152,0.0,0.0,0.0,0.0,0.04329995438456535,0.00043850300119464277
258,True,,,,,0.004136093892157078,0.0871158018708229,0.0,0.012847674079239368,0.0,0.0,0.0,0.0,0.06716824322938919,0.00043800614917947325
259,True,,,,,0.004076825920492411,0.06505659222602844,0.0,0.010582485236227512,0.0,0.0,0.0,0.0,0.04898476600646973,0.0004375076186000239
260,True,,,,,0.002400300232693553,0.06215353310108185,0.0,0.008615653961896896,0.0,0.0,0.0,0.0,0.057300109416246414,0.0004370074145899395
261,True,,,,,0.001776201417669654,0.05511493235826492,0.0,0.007287695072591305,0.0,0.0,0.0,0.0,0.056630950421094894,0.0004365055423000967
262,True,,,,,0.005184241570532322,0.0696040540933609,0.0,0.012144647538661957,0.0,0.0,0.0,0.0,0.04714799299836159,0.00043600200689855145
263,True,,,,,0.0031709428876638412,0.07084758579730988,0.0,0.010255701839923859,0.0,0.0,0.0,0.0,0.04092305526137352,0.0004354968135704856
264,True,,,,,0.0023454781621694565,0.07369378954172134,0.0,0.009714856743812561,0.0,0.0,0.0,0.0,0.06659344583749771,0.0004349899675181537
265,True,,,,,0.004198593087494373,0.08101806044578552,0.0,0.012300399132072926,0.0,0.0,0.0,0.0,0.052580416202545166,0.00043448147396082926
266,True,,,,,0.0021534524857997894,0.03782878816127777,0.0,0.005936331115663052,0.0,0.0,0.0,0.0,0.04414694383740425,0.0004339713381347512
267,True,,,,,0.0030060529243201017,0.07114212214946747,0.0,0.010120265185832977,0.0,0.0,0.0,0.0,0.04462549090385437,0.0004334595652930695
268,True,,,,,0.003236822783946991,0.06471677124500275,0.0,0.009708499535918236,0.0,0.0,0.0,0.0,0.06532395631074905,0.0004329461607057916
269,True,,,,,0.004822888411581516,0.07673805952072144,0.0,0.012496694922447205,0.0,0.0,0.0,0.0,0.04247685521841049,0.00043243112965972794
270,True,,,,,0.003908549435436726,0.08442118018865585,0.0,0.012350667268037796,0.0,0.0,0.0,0.0,0.05208849161863327,0.0004319144774584373
271,True,,,,,0.005929798819124699,0.0935574546456337,0.0,0.015285544097423553,0.0,0.0,0.0,0.0,0.06788074970245361,0.0004313962094221727
272,True,,,,,0.002115347422659397,0.05781681463122368,0.0,0.00789702869951725,0.0,0.0,0.0,0.0,0.04228599742054939,0.000430876330887826
273,True,,,,,0.004184246063232422,0.07362142950296402,0.0,0.011546389199793339,0.0,0.0,0.0,0.0,0.03697271645069122,0.0004303548472088736
274,True,,,,,0.0049901725724339485,0.07374992966651917,0.0,0.01236516609787941,0.0,0.0,0.0,0.0,0.05584681034088135,0.0004298317637553205
275,True,,,,,0.0026878570206463337,0.05186009407043457,0.0,0.007873866707086563,0.0,0.0,0.0,0.0,0.06179597228765488,0.0004293070859136458
276,True,,,,,0.0037447332870215178,0.08056113123893738,0.0,0.011800847016274929,0.0,0.0,0.0,0.0,0.04759823530912399,0.00042878081908674675
277,True,,,,,0.0048535289242863655,0.08659575134515762,0.0,0.013513104058802128,0.0,0.0,0.0,0.0,0.05116843432188034,0.00042825296869388347
278,True,,,,,0.00515986792743206,0.07481332868337631,0.0,0.012641200795769691,0.0,0.0,0.0,0.0,0.040542908012866974,0.00042772354017062256
279,True,,,,,0.0033372342586517334,0.062964528799057,0.0,0.009633687324821949,0.0,0.0,0.0,0.0,0.05445779860019684,0.00042719253896878183
280,True,,,,,0.00645515276119113,0.09428571164608002,0.0,0.01588372327387333,0.0,0.0,0.0,0.0,0.045644454658031464,0.00042665997055637374
281,True,,,,,0.004207966383546591,0.07525663822889328,0.0,0.011733630672097206,0.0,0.0,0.0,0.0,0.09384096413850784,0.0004261258404175491
282,True,,,,,0.004278616514056921,0.08363068103790283,0.0,0.012641685083508492,0.0,0.0,0.0,0.0,0.04970157518982887,0.00042559015405254063
283,True,,,,,0.004168182611465454,0.07537497580051422,0.0,0.011705679818987846,0.0,0.0,0.0,0.0,0.03799434378743172,0.0004250529169776067
284,True,,,,,0.00796409323811531,0.0978078693151474,0.0,0.01774488016963005,0.0,0.0,0.0,0.0,0.050120074301958084,0.00042451413472497377
285,True,,,,,0.002784356474876404,0.07438052445650101,0.0,0.010222408920526505,0.0,0.0,0.0,0.0,0.07693786919116974,0.00042397381284278013
286,True,,,,,0.005161235108971596,0.07875501364469528,0.0,0.013036736287176609,0.0,0.0,0.0,0.0,0.03249869868159294,0.0004234319568950183
287,True,,,,,0.003992630168795586,0.06235402822494507,0.0,0.010228033177554607,0.0,0.0,0.0,0.0,0.0398666150867939,0.0004228885724614783
288,True,,,,,0.003812600625678897,0.08286953717470169,0.0,0.012099554762244225,0.0,0.0,0.0,0.0,0.050565075129270554,0.00042234366513768917
289,True,,,,,0.004232400096952915,0.0875752866268158,0.0,0.01298992894589901,0.0,0.0,0.0,0.0,0.06651997566223145,0.0004217972405348625
290,True,,,,,0.00545250391587615,0.07909838110208511,0.0,0.013362342491745949,0.0,0.0,0.0,0.0,0.06876611709594727,0.0004212493042798341
291,True,,,,,0.004830058664083481,0.08109602332115173,0.0,0.01293966080993414,0.0,0.0,0.0,0.0,0.0387570858001709,0.0004206998620150059
292,True,,,,,0.007281772792339325,0.0805278867483139,0.0,0.015334561467170715,0.0,0.0,0.0,0.0,0.03741662949323654,0.0004201489193982881
293,True,,,,,0.0045911348424851894,0.07779309153556824,0.0,0.012370443902909756,0.0,0.0,0.0,0.0,0.04392864927649498,0.0004195964821030409
294,True,,,,,0.002857433632016182,0.05596291273832321,0.0,0.008453724905848503,0.0,0.0,0.0,0.0,0.05349091812968254,0.000419042555818016
295,True,,,,,0.00231866049580276,0.061583422124385834,0.0,0.008477002382278442,0.0,0.0,0.0,0.0,0.04542955383658409,0.0004184871462472982
296,True,,,,,0.00299783144146204,0.07487713545560837,0.0,0.010485544800758362,0.0,0.0,0.0,0.0,0.057241588830947876,0.0004179302591102462
297,True,,,,,0.002874296624213457,0.07803744077682495,0.0,0.01067804079502821,0.0,0.0,0.0,0.0,0.03315576910972595,0.00041737190014143425
298,True,,,,,0.0031098637264221907,0.07988914847373962,0.0,0.011098778806626797,0.0,0.0,0.0,0.0,0.06033170595765114,0.00041681207509059284
299,True,,,,,0.004556823521852493,0.08601531386375427,0.0,0.01315835490822792,0.0,0.0,0.0,0.0,0.04561562091112137,0.00041625078972254946
300,True,,,,,0.004454820416867733,0.07916585355997086,0.0,0.012371405959129333,0.0,0.0,0.0,0.0,0.03319425508379936,0.00041568804981716926
301,True,,,,,0.005166641436517239,0.09010669589042664,0.0,0.014177311211824417,0.0,0.0,0.0,0.0,0.05008898675441742,0.0004151238611692957
302,True,,,,,0.004470374435186386,0.07361094653606415,0.0,0.01183146983385086,0.0,0.0,0.0,0.0,0.08080250024795532,0.0004145582295886906
303,True,,,,,0.0024249486159533262,0.06317093968391418,0.0,0.008742042817175388,0.0,0.0,0.0,0.0,0.05764980614185333,0.0004139911608999745
304,True,,,,,0.00391477532684803,0.07747530937194824,0.0,0.011662306264042854,0.0,0.0,0.0,0.0,0.06259538233280182,0.0004134226609425669
305,True,,,,,0.004724789410829544,0.1058780699968338,0.0,0.01531259622424841,0.0,0.0,0.0,0.0,0.055006545037031174,0.00041285273557062515
306,True,,,,,0.004325158428400755,0.0714835375547409,0.0,0.011473512277007103,0.0,0.0,0.0,0.0,0.05176723003387451,0.0004122813906529856
307,True,,,,,0.004947117529809475,0.09006527066230774,0.0,0.013953644782304764,0.0,0.0,0.0,0.0,0.06588143855333328,0.0004117086320731023
308,True,,,,,0.004957919009029865,0.09240693598985672,0.0,0.014198612421751022,0.0,0.0,0.0,0.0,0.14836789667606354,0.0004111344657289862
309,True,,,,,0.0031243066769093275,0.08443528413772583,0.0,0.011567835696041584,0.0,0.0,0.0,0.0,0.0579676479101181,0.0004105588975331452
310,True,,,,,0.002438741270452738,0.07554522901773453,0.0,0.009993264451622963,0.0,0.0,0.0,0.0,0.06449384987354279,0.0004099819334125226
311,True,,,,,0.003998204600065947,0.06691288203001022,0.0,0.010689493268728256,0.0,0.0,0.0,0.0,0.052504342049360275,0.00040940357930843637
312,True,,,,,0.005875195376574993,0.0849364697933197,0.0,0.014368842355906963,0.0,0.0,0.0,0.0,0.04622020199894905,0.0004088238411765179
313,True,,,,,0.0059408280067145824,0.1121051162481308,0.0,0.01715133897960186,0.0,0.0,0.0,0.0,0.05183834955096245,0.0004082427249866507
314,True,,,,,0.004902788437902927,0.08149424195289612,0.0,0.013052213005721569,0.0,0.0,0.0,0.0,0.06065308675169945,0.00040766023672290897
315,True,,,,,0.004403412342071533,0.07724703848361969,0.0,0.012128116562962532,0.0,0.0,0.0,0.0,0.0417836531996727,0.0004070763823834957
316,True,,,,,0.0044893668964505196,0.08620349317789078,0.0,0.013109716586768627,0.0,0.0,0.0,0.0,0.06668684631586075,0.0004064911679806813
317,True,,,,,0.002268095500767231,0.05614210665225983,0.0,0.007882306352257729,0.0,0.0,0.0,0.0,0.06699828058481216,0.00040590459954074144
318,True,,,,,0.002097679302096367,0.062382772564888,0.0,0.008335957303643227,0.0,0.0,0.0,0.0,0.05983804538846016,0.00040531668310389503
319,True,,,,,0.005462250672280788,0.09368632733821869,0.0,0.014830883592367172,0.0,0.0,0.0,0.0,0.06553565710783005,0.0004047274247242422
320,True,,,,,0.0037700606044381857,0.07614896446466446,0.0,0.01138495746999979,0.0,0.0,0.0,0.0,0.04382436349987984,0.00040413683046970156
321,True,,,,,0.002709031803533435,0.06546071171760559,0.0,0.009255102835595608,0.0,0.0,0.0,0.0,0.0672856792807579,0.00040354490642194817
322,True,,,,,0.002085368148982525,0.059629276394844055,0.0,0.008048295974731445,0.0,0.0,0.0,0.0,0.0632244125008583,0.0004029516586763507
323,True,,,,,0.004271566402167082,0.06930845975875854,0.0,0.011202412657439709,0.0,0.0,0.0,0.0,0.059541668742895126,0.0004023570933419084
324,True,,,,,0.003605981357395649,0.07614191621541977,0.0,0.011220172978937626,0.0,0.0,0.0,0.0,0.10470663756132126,0.0004017612165411888
325,True,,,,,0.0035162544809281826,0.07705940306186676,0.0,0.011222194880247116,0.0,0.0,0.0,0.0,0.07176116853952408,0.0004011640344102641
326,True,,,,,0.003121076850220561,0.06184585765004158,0.0,0.009305662475526333,0.0,0.0,0.0,0.0,0.06125607714056969,0.0004005655530986484
327,True,,,,,0.005070883315056562,0.07398080825805664,0.0,0.012468963861465454,0.0,0.0,0.0,0.0,0.05357754975557327,0.00039996577876923395
328,True,,,,,0.0028053128626197577,0.06351214647293091,0.0,0.009156527929008007,0.0,0.0,0.0,0.0,0.05285116285085678,0.000399364717598228
329,True,,,,,0.004535559099167585,0.09784957766532898,0.0,0.01432051695883274,0.0,0.0,0.0,0.0,0.07998719066381454,0.00039876237577508926
330,True,,,,,0.004346662200987339,0.07374445348978043,0.0,0.011721108108758926,0.0,0.0,0.0,0.0,0.06380586326122284,0.00039815875950246387
331,True,,,,,0.005707969423383474,0.07321631908416748,0.0,0.01302960142493248,0.0,0.0,0.0,0.0,0.051218338310718536,0.0003975538749961217
332,True,,,,,0.005788094364106655,0.08276056498289108,0.0,0.014064150862395763,0.0,0.0,0.0,0.0,0.05446920543909073,0.00039694772848489234
333,True,,,,,0.004658026155084372,0.07831203937530518,0.0,0.012489229440689087,0.0,0.0,0.0,0.0,0.05495700612664223,0.000396340326210601
334,True,,,,,0.00588866975158453,0.08848220109939575,0.0,0.014736889861524105,0.0,0.0,0.0,0.0,0.05050191283226013,0.000395731674428004
335,True,,,,,0.003439074382185936,0.06320835649967194,0.0,0.00975991040468216,0.0,0.0,0.0,0.0,0.06486208736896515,0.0003951217794047247
336,True,,,,,0.005640299525111914,0.10267522931098938,0.0,0.01590782217681408,0.0,0.0,0.0,0.0,0.07263751327991486,0.0003945106474211889
337,True,,,,,0.003544338047504425,0.07726916670799255,0.0,0.01127125509083271,0.0,0.0,0.0,0.0,0.06832917779684067,0.0003938982847705597
338,True,,,,,0.004013500642031431,0.06834970414638519,0.0,0.010848470963537693,0.0,0.0,0.0,0.0,0.042787984013557434,0.00039328469775867336
339,True,,,,,0.0018763972911983728,0.06204058974981308,0.0,0.008080456405878067,0.0,0.0,0.0,0.0,0.07813496887683868,0.00039266989270397395
340,True,,,,,0.002949899062514305,0.07550690323114395,0.0,0.0105005893856287,0.0,0.0,0.0,0.0,0.06881487369537354,0.00039205387593744845
341,True,,,,,0.003591913264244795,0.06170079484581947,0.0,0.009761992841959,0.0,0.0,0.0,0.0,0.03057350590825081,0.0003914366538025616
342,True,,,,,0.0046167559921741486,0.11340300738811493,0.0,0.0159570574760437,0.0,0.0,0.0,0.0,0.06135954707860947,0.00039081823265519006
343,True,,,,,0.005386057775467634,0.09176631271839142,0.0,0.014562688767910004,0.0,0.0,0.0,0.0,0.06612870842218399,0.000390198618863558
344,True,,,,,0.0033691287972033024,0.06853865087032318,0.0,0.010222993791103363,0.0,0.0,0.0,0.0,0.06945005804300308,0.0003895778188081704
345,True,,,,,0.0018924701726064086,0.05087466165423393,0.0,0.006979936733841896,0.0,0.0,0.0,0.0,0.08579869568347931,0.0003889558388817481
346,True,,,,,0.0033562469761818647,0.07740814983844757,0.0,0.01109706237912178,0.0,0.0,0.0,0.0,0.05024934932589531,0.0003883326854891616
347,True,,,,,0.0019292341312393546,0.05770710110664368,0.0,0.007699944544583559,0.0,0.0,0.0,0.0,0.10262604057788849,0.00038770836504736545
348,True,,,,,0.002949580317363143,0.07480394095182419,0.0,0.010429974645376205,0.0,0.0,0.0,0.0,0.10717712342739105,0.0003870828839853317
349,True,,,,,0.0023684059269726276,0.06226860359311104,0.0,0.008595266379415989,0.0,0.0,0.0,0.0,0.08126922696828842,0.000386456248743984
350,True,,,,,0.004239680245518684,0.07879994809627533,0.0,0.012119675055146217,0.0,0.0,0.0,0.0,0.0468151792883873,0.0003858284657761313
351,True,,,,,0.0023873993195593357,0.05781393125653267,0.0,0.008168792352080345,0.0,0.0,0.0,0.0,0.08145348727703094,0.0003851995415464014
352,True,,,,,0.00633146520704031,0.09919117391109467,0.0,0.01625058241188526,0.0,0.0,0.0,0.0,0.12410805374383926,0.000384569482531174
353,True,,,,,0.003690715879201889,0.06993445008993149,0.0,0.010684160515666008,0.0,0.0,0.0,0.0,0.078544981777668,0.0003839382952185147
354,True,,,,,0.0023178830742836,0.07461218535900116,0.0,0.009779101237654686,0.0,0.0,0.0,0.0,0.049292221665382385,0.0003833059861081074
355,True,,,,,0.002922557294368744,0.06671547144651413,0.0,0.009594105184078217,0.0,0.0,0.0,0.0,0.09413024038076401,0.0003826725617111881
356,True,,,,,0.0053617265075445175,0.09591612219810486,0.0,0.014953338541090488,0.0,0.0,0.0,0.0,0.07103198021650314,0.0003820380285504774
357,True,,,,,0.0016413492849096656,0.053251150995492935,0.0,0.006966464687138796,0.0,0.0,0.0,0.0,0.10644038766622543,0.0003814023931601134
358,True,,,,,0.0009654706809669733,0.04109787940979004,0.0,0.005075259134173393,0.0,0.0,0.0,0.0,0.05077137053012848,0.0003807656620855846
359,True,,,,,0.002814310137182474,0.06404618173837662,0.0,0.009218928404152393,0.0,0.0,0.0,0.0,0.052684567868709564,0.0003801278418836622
360,True,,,,,0.003154392121359706,0.08131057769060135,0.0,0.011285450309515,0.0,0.0,0.0,0.0,0.07595734298229218,0.00037948893912233267
361,True,,,,,0.003101432230323553,0.0743788406252861,0.0,0.010539316572248936,0.0,0.0,0.0,0.0,0.0715450793504715,0.00037884896038073077
362,True,,,,,0.002116214716807008,0.0728115662932396,0.0,0.009397371672093868,0.0,0.0,0.0,0.0,0.09543069452047348,0.00037820791224907037
363,True,,,,,0.0022960598580539227,0.0639181137084961,0.0,0.008687871508300304,0.0,0.0,0.0,0.0,0.057679545134305954,0.00037756580132857815
364,True,,,,,0.004520443733781576,0.07207491248846054,0.0,0.011727934703230858,0.0,0.0,0.0,0.0,0.056700922548770905,0.0003769226342314245
365,True,,,,,0.005409089848399162,0.07486249506473541,0.0,0.012895340099930763,0.0,0.0,0.0,0.0,0.10969140380620956,0.000376278417580656
366,True,,,,,0.004027281887829304,0.07989713549613953,0.0,0.012016995809972286,0.0,0.0,0.0,0.0,0.0868474543094635,0.00037563315801012717
367,True,,,,,0.004724876489490271,0.0863860547542572,0.0,0.013363482430577278,0.0,0.0,0.0,0.0,0.04389197751879692,0.00037498686216443165
368,True,,,,,0.0021560643799602985,0.058388762176036835,0.0,0.007994940504431725,0.0,0.0,0.0,0.0,0.09280453622341156,0.0003743395366988347
369,True,,,,,0.003254242707043886,0.07466068863868713,0.0,0.010720311664044857,0.0,0.0,0.0,0.0,0.06343972682952881,0.0003736911882792037
370,True,,,,,0.0035374569706618786,0.07662276923656464,0.0,0.011199734173715115,0.0,0.0,0.0,0.0,0.04484774172306061,0.00037304182358194034
371,True,,,,,0.0035350217949599028,0.05971844121813774,0.0,0.009506866335868835,0.0,0.0,0.0,0.0,0.057539183646440506,0.0003723914492939111
372,True,,,,,0.005737285129725933,0.08063439279794693,0.0,0.013800724409520626,0.0,0.0,0.0,0.0,0.04118327796459198,0.00037174007211237907
373,True,,,,,0.0026582391001284122,0.07304647564888,0.0,0.009962886571884155,0.0,0.0,0.0,0.0,0.09308972209692001,0.0003710876987449346
374,True,,,,,0.005604402627795935,0.09210243076086044,0.0,0.014814645051956177,0.0,0.0,0.0,0.0,0.050103865563869476,0.0003704343359094262
375,True,,,,,0.00176440819632262,0.060921307653188705,0.0,0.007856538519263268,0.0,0.0,0.0,0.0,0.09583764523267746,0.00036977999033389165
376,True,,,,,0.0027042317669838667,0.049873705953359604,0.0,0.007691602222621441,0.0,0.0,0.0,0.0,0.03993422910571098,0.0003691246687564884
377,True,,,,,0.0033634896390140057,0.07147107273340225,0.0,0.010510597378015518,0.0,0.0,0.0,0.0,0.05182420834898949,0.00036846837792542446
378,True,,,,,0.0035898014903068542,0.08824831247329712,0.0,0.012414633296430111,0.0,0.0,0.0,0.0,0.08453281223773956,0.00036781112459888867
379,True,,,,,0.004850850440561771,0.06779745221138,0.0,0.011630595661699772,0.0,0.0,0.0,0.0,0.052345309406518936,0.00036715291554498134
380,True,,,,,0.00580903235822916,0.08644002676010132,0.0,0.014453034847974777,0.0,0.0,0.0,0.0,0.04140724241733551,0.00036649375754164423
381,True,,,,,0.006673687603324652,0.09064845740795135,0.0,0.015738533809781075,0.0,0.0,0.0,0.0,0.06063796952366829,0.0003658336573765912
382,True,,,,,0.002913355827331543,0.05901125818490982,0.0,0.008814482018351555,0.0,0.0,0.0,0.0,0.05612249672412872,0.00036517262184723785
383,True,,,,,0.005010978784412146,0.07427068799734116,0.0,0.012438047677278519,0.0,0.0,0.0,0.0,0.04846080020070076,0.000364510657760632
384,True,,,,,0.005532515235245228,0.07820092141628265,0.0,0.013352607376873493,0.0,0.0,0.0,0.0,0.034057825803756714,0.00036384777193338303
385,True,,,,,0.006021882873028517,0.08083264529705048,0.0,0.014105146750807762,0.0,0.0,0.0,0.0,0.048081543296575546,0.00036318397119159226
386,True,,,,,0.004414472728967667,0.07638213038444519,0.0,0.0120526859536767,0.0,0.0,0.0,0.0,0.08453533798456192,0.00036251926237078217
387,True,,,,,0.0031625644769519567,0.07713177055120468,0.0,0.010875741951167583,0.0,0.0,0.0,0.0,0.037756551057100296,0.00036185365231582633
388,True,,,,,0.0026241783052682877,0.056698381900787354,0.0,0.008294016122817993,0.0,0.0,0.0,0.0,0.034957222640514374,0.000361187147880879
389,True,,,,,0.005072541534900665,0.08266767859458923,0.0,0.013339309953153133,0.0,0.0,0.0,0.0,0.07501600682735443,0.0003605197559293039
390,True,,,,,0.004682458005845547,0.07526257634162903,0.0,0.012208715081214905,0.0,0.0,0.0,0.0,0.04005219414830208,0.0003598514833336046
391,True,,,,,0.00699973851442337,0.08326999843120575,0.0,0.015326738357543945,0.0,0.0,0.0,0.0,0.045631639659404755,0.0003591823369753525
392,True,,,,,0.005657453089952469,0.10507728159427643,0.0,0.01616518199443817,0.0,0.0,0.0,0.0,0.05592706426978111,0.00035851232374511726
393,True,,,,,0.007506520487368107,0.0966164693236351,0.0,0.017168167978525162,0.0,0.0,0.0,0.0,0.07781697809696198,0.00035784145054239464
394,True,,,,,0.004732409492135048,0.07727660238742828,0.0,0.012460069730877876,0.0,0.0,0.0,0.0,0.05138053745031357,0.0003571697242755364
395,True,,,,,0.007366458885371685,0.09590520709753036,0.0,0.016956979408860207,0.0,0.0,0.0,0.0,0.052820995450019836,0.00035649715186167856
396,True,,,,,0.003804567037150264,0.0746123343706131,0.0,0.011265800334513187,0.0,0.0,0.0,0.0,0.06076965108513832,0.00035582374022667044
397,True,,,,,0.006206406280398369,0.06632833182811737,0.0,0.012839239090681076,0.0,0.0,0.0,0.0,0.08921254426240921,0.00035514949630500347
398,True,,,,,0.005868236534297466,0.10528669506311417,0.0,0.016396906226873398,0.0,0.0,0.0,0.0,0.06898030638694763,0.00035447442703973926
399,True,,,,,0.005848785862326622,0.09594947099685669,0.0,0.015443732962012291,0.0,0.0,0.0,0.0,0.08458181470632553,0.00035379853938243856
400,True,,,,,0.005782648921012878,0.07817666232585907,0.0,0.01360031496733427,0.0,0.0,0.0,0.0,0.04155042767524719,0.00035312184029308964
401,True,,,,,0.0038889329880476,0.08320324867963791,0.0,0.012209258042275906,0.0,0.0,0.0,0.0,0.13670243322849274,0.0003524443367400365
402,True,,,,,0.004491645377129316,0.07629483193159103,0.0,0.012121128849685192,0.0,0.0,0.0,0.0,0.06855263561010361,0.00035176603569990716
403,True,,,,,0.005126257427036762,0.08608011901378632,0.0,0.013734269887208939,0.0,0.0,0.0,0.0,0.07082214206457138,0.00035108694415754183
404,True,,,,,0.006416936870664358,0.10725446045398712,0.0,0.017142383381724358,0.0,0.0,0.0,0.0,0.09963633865118027,0.00035040706910592076
405,True,,,,,0.00449651014059782,0.08997051417827606,0.0,0.013493562117218971,0.0,0.0,0.0,0.0,0.07752081751823425,0.0003497264175460926
406,True,,,,,0.0034608272835612297,0.07296835631132126,0.0,0.01075766235589981,0.0,0.0,0.0,0.0,0.0458870492875576,0.00034904499648710227
407,True,,,,,0.0027917660772800446,0.07061637938022614,0.0,0.009853404015302658,0.0,0.0,0.0,0.0,0.043738868087530136,0.0003483628129459183
408,True,,,,,0.007204846478998661,0.08918042480945587,0.0,0.016122888773679733,0.0,0.0,0.0,0.0,0.04756654426455498,0.0003476798739473612
409,True,,,,,0.004486285150051117,0.054203279316425323,0.0,0.009906613267958164,0.0,0.0,0.0,0.0,0.061265215277671814,0.0003469961865240306
410,True,,,,,0.0037399735301733017,0.07301127165555954,0.0,0.011041101068258286,0.0,0.0,0.0,0.0,0.04463515803217888,0.00034631175771623353
411,True,,,,,0.006122639402747154,0.09872732311487198,0.0,0.015995372086763382,0.0,0.0,0.0,0.0,0.05065520480275154,0.0003456265945719108
412,True,,,,,0.007567743770778179,0.09863458573818207,0.0,0.01743120327591896,0.0,0.0,0.0,0.0,0.04190710186958313,0.00034494070414656567
413,True,,,,,0.0038968133740127087,0.06700350344181061,0.0,0.010597163811326027,0.0,0.0,0.0,0.0,0.048322271555662155,0.00034425409350319027
414,True,,,,,0.003775875549763441,0.08325502276420593,0.0,0.012101378291845322,0.0,0.0,0.0,0.0,0.060530003160238266,0.0003435667697121934
415,True,,,,,0.0038048988208174706,0.06575126200914383,0.0,0.010380025021731853,0.0,0.0,0.0,0.0,0.09202814102172852,0.0003428787398513275
416,True,,,,,0.003302200697362423,0.0646834746003151,0.0,0.009770547971129417,0.0,0.0,0.0,0.0,0.03317704424262047,0.0003421900110056156
417,True,,,,,0.0034972704015672207,0.06926954537630081,0.0,0.01042422465980053,0.0,0.0,0.0,0.0,0.048085182905197144,0.00034150059026727896
418,True,,,,,0.0034045223146677017,0.08438436686992645,0.0,0.011842959560453892,0.0,0.0,0.0,0.0,0.09371589124202728,0.0003408104847356631
419,True,,,,,0.0023758281022310257,0.06793634593486786,0.0,0.009169463068246841,0.0,0.0,0.0,0.0,0.04706866294145584,0.0003401197015171659
420,True,,,,,0.0058567035011947155,0.07995671033859253,0.0,0.013852374628186226,0.0,0.0,0.0,0.0,0.05409548059105873,0.00033942824772516315
421,True,,,,,0.0025935848243534565,0.05931522697210312,0.0,0.008525107055902481,0.0,0.0,0.0,0.0,0.03115946799516678,0.0003387361304799362
422,True,,,,,0.0035017598420381546,0.06631560623645782,0.0,0.010133320465683937,0.0,0.0,0.0,0.0,0.04881301894783974,0.0003380433569085984
423,True,,,,,0.004787531681358814,0.06420005857944489,0.0,0.011207537725567818,0.0,0.0,0.0,0.0,0.026386091485619545,0.00033734993414502134
424,True,,,,,0.0060627274215221405,0.0884743481874466,0.0,0.014910162426531315,0.0,0.0,0.0,0.0,0.030657615512609482,0.0003366558693297621
425,True,,,,,0.001506870612502098,0.04631072282791138,0.0,0.006137942895293236,0.0,0.0,0.0,0.0,0.04839859530329704,0.00033596116960998905
426,True,,,,,0.002725677564740181,0.07531905919313431,0.0,0.010257583111524582,0.0,0.0,0.0,0.0,0.042073071002960205,0.0003352658421394087
427,True,,,,,0.006794789340347052,0.08051399886608124,0.0,0.014846188947558403,0.0,0.0,0.0,0.0,0.046779029071331024,0.00033456989407819164
428,True,,,,,0.003528620582073927,0.06566546112298965,0.0,0.010095166973769665,0.0,0.0,0.0,0.0,0.04922325164079666,0.0003338733325928991
429,True,,,,,0.002951738191768527,0.05286296457052231,0.0,0.008238034322857857,0.0,0.0,0.0,0.0,0.03346462920308113,0.00033317616485640936
430,True,,,,,0.003206528490409255,0.06721092015504837,0.0,0.009927620179951191,0.0,0.0,0.0,0.0,0.05274383723735809,0.0003324783980478431
431,True,,,,,0.004130668006837368,0.07058130204677582,0.0,0.011188797652721405,0.0,0.0,0.0,0.0,0.03355937823653221,0.0003317800393524904
432,True,,,,,0.003634770167991519,0.07562536746263504,0.0,0.011197307147085667,0.0,0.0,0.0,0.0,0.07145904004573822,0.00033108109596173606
433,True,,,,,0.0043021636083722115,0.06665217876434326,0.0,0.010967381298542023,0.0,0.0,0.0,0.0,0.0418972410261631,0.000330381575072986
434,True,,,,,0.0015821948181837797,0.05034555867314339,0.0,0.006616750732064247,0.0,0.0,0.0,0.0,0.04609780013561249,0.0003296814838895928
435,True,,,,,0.007713822647929192,0.09196539223194122,0.0,0.016910362988710403,0.0,0.0,0.0,0.0,0.04385624825954437,0.00032898082962078183
436,True,,,,,0.004690991248935461,0.0695725530385971,0.0,0.011648247018456459,0.0,0.0,0.0,0.0,0.03502373769879341,0.0003282796194815767
437,True,,,,,0.003553109709173441,0.06649266183376312,0.0,0.010202376171946526,0.0,0.0,0.0,0.0,0.03384542465209961,0.0003275778606927253
438,True,,,,,0.002769786398857832,0.06328615546226501,0.0,0.009098402224481106,0.0,0.0,0.0,0.0,0.04427759721875191,0.00032687556048062504
439,True,,,,,0.004840074107050896,0.09700407087802887,0.0,0.014540481381118298,0.0,0.0,0.0,0.0,0.04269789159297943,0.00032617272607724895
440,True,,,,,0.002328242175281048,0.0630398839712143,0.0,0.008632230572402477,0.0,0.0,0.0,0.0,0.060252927243709564,0.00032546936472007066
441,True,,,,,0.0023971027694642544,0.052630577236413956,0.0,0.007660160772502422,0.0,0.0,0.0,0.0,0.041002169251441956,0.0003247654836519903
442,True,,,,,0.004977717064321041,0.08499300479888916,0.0,0.013477018103003502,0.0,0.0,0.0,0.0,0.05353265255689621,0.00032406109012125963
443,True,,,,,0.004937303718179464,0.06873941421508789,0.0,0.01181124523282051,0.0,0.0,0.0,0.0,0.051408298313617706,0.0003233561913814076
444,True,,,,,0.00532338535413146,0.0849713385105133,0.0,0.013820519670844078,0.0,0.0,0.0,0.0,0.07083321362733841,0.0003226507946911656
445,True,,,,,0.003634375985711813,0.07517707347869873,0.0,0.011152083054184914,0.0,0.0,0.0,0.0,0.05572877824306488,0.00032194490731439257
446,True,,,,,0.002569687319919467,0.058480314910411835,0.0,0.008417719043791294,0.0,0.0,0.0,0.0,0.03621590882539749,0.0003212385365200006
447,True,,,,,0.0029228865168988705,0.07219460606575012,0.0,0.01014234684407711,0.0,0.0,0.0,0.0,0.03446374833583832,0.0003205316895818794
448,True,,,,,0.003062574192881584,0.05556582659482956,0.0,0.0086191575974226,0.0,0.0,0.0,0.0,0.03595271334052086,0.000319824373778822
449,True,,,,,0.006179956719279289,0.08594469726085663,0.0,0.014774426817893982,0.0,0.0,0.0,0.0,0.08521735668182373,0.0003191165963944497
450,True,,,,,0.004812042228877544,0.08295483887195587,0.0,0.013107526116073132,0.0,0.0,0.0,0.0,0.0821893960237503,0.0003184083647171368
451,True,,,,,0.008233419619500637,0.09479328244924545,0.0,0.017712747678160667,0.0,0.0,0.0,0.0,0.04119623079895973,0.0003176996860399357
452,True,,,,,0.0038651067297905684,0.06838813424110413,0.0,0.010703920386731625,0.0,0.0,0.0,0.0,0.07905902713537216,0.00031699056766050195
453,True,,,,,0.005933915264904499,0.07748682796955109,0.0,0.013682598248124123,0.0,0.0,0.0,0.0,0.08120176196098328,0.00031628101688101873
454,True,,,,,0.0049876002594828606,0.0787527859210968,0.0,0.01286287885159254,0.0,0.0,0.0,0.0,0.07154517620801926,0.00031557104100812214
455,True,,,,,0.003552044276148081,0.07067635655403137,0.0,0.01061967946588993,0.0,0.0,0.0,0.0,0.04690060392022133,0.00031486064735282546
456,True,,,,,0.0019923774525523186,0.05949557200074196,0.0,0.00794193521142006,0.0,0.0,0.0,0.0,0.038064584136009216,0.00031414984323044424
457,True,,,,,0.004241896327584982,0.06338556855916977,0.0,0.010580453090369701,0.0,0.0,0.0,0.0,0.07084766775369644,0.0003134386359605209
458,True,,,,,0.0032627093605697155,0.06515073031187057,0.0,0.00977778248488903,0.0,0.0,0.0,0.0,0.04589357599616051,0.0003127270328667491
459,True,,,,,0.003834528848528862,0.06429615616798401,0.0,0.010264145210385323,0.0,0.0,0.0,0.0,0.05806393548846245,0.0003120150412768987
460,True,,,,,0.0033345548436045647,0.05781211331486702,0.0,0.009115766733884811,0.0,0.0,0.0,0.0,0.034548692405223846,0.00031130266852274
461,True,,,,,0.004025621339678764,0.07023952156305313,0.0,0.011049574241042137,0.0,0.0,0.0,0.0,0.041581422090530396,0.00031058992193996844
462,True,,,,,0.0025310879573225975,0.06898698210716248,0.0,0.00942978635430336,0.0,0.0,0.0,0.0,0.04277802258729935,0.0003098768088681289
463,True,,,,,0.0045972103253006935,0.08399651944637299,0.0,0.012996862642467022,0.0,0.0,0.0,0.0,0.047706183046102524,0.00030916333665054023
464,True,,,,,0.009410986676812172,0.08345311880111694,0.0,0.017756298184394836,0.0,0.0,0.0,0.0,0.04579375311732292,0.0003084495126342197
465,True,,,,,0.007003834471106529,0.07991071045398712,0.0,0.014994905330240726,0.0,0.0,0.0,0.0,0.040933676064014435,0.00030773534416980703
466,True,,,,,0.003084407187998295,0.06629681587219238,0.0,0.009714089334011078,0.0,0.0,0.0,0.0,0.035840876400470734,0.0003070208386114892
467,True,,,,,0.0025428771041333675,0.05248839408159256,0.0,0.007791716605424881,0.0,0.0,0.0,0.0,0.04386121779680252,0.0003063060033169241
468,True,,,,,0.0040823919698596,0.08384455740451813,0.0,0.012466847896575928,0.0,0.0,0.0,0.0,0.05566629767417908,0.00030559084564716536
469,True,,,,,0.0028942259959876537,0.05548875778913498,0.0,0.008443102240562439,0.0,0.0,0.0,0.0,0.03630100190639496,0.00030487537296658624
470,True,,,,,0.0035597942769527435,0.07069000601768494,0.0,0.010628795251250267,0.0,0.0,0.0,0.0,0.03265924006700516,0.00030415959264280373
471,True,,,,,0.004389030858874321,0.09179768711328506,0.0,0.013568799942731857,0.0,0.0,0.0,0.0,0.042670320719480515,0.0003034435120466029
472,True,,,,,0.0026057749055325985,0.07035588473081589,0.0,0.00964136328548193,0.0,0.0,0.0,0.0,0.040654733777046204,0.00030272713855186066
473,True,,,,,0.004069212358444929,0.05308907479047775,0.0,0.009378120303153992,0.0,0.0,0.0,0.0,0.03518706187605858,0.0003020104795354706
474,True,,,,,0.005528354085981846,0.07589013874530792,0.0,0.013117367401719093,0.0,0.0,0.0,0.0,0.03175047039985657,0.0003012935423772658
475,True,,,,,0.004054914228618145,0.06939233094453812,0.0,0.010994147509336472,0.0,0.0,0.0,0.0,0.028808465227484703,0.0003005763344599441
476,True,,,,,0.003846907988190651,0.0634063109755516,0.0,0.010187539272010326,0.0,0.0,0.0,0.0,0.03611043468117714,0.00029985886316899105
477,True,,,,,0.0040637049823999405,0.08176203072071075,0.0,0.012239907868206501,0.0,0.0,0.0,0.0,0.05651393160223961,0.00029914113589260457
478,True,,,,,0.0019117011688649654,0.04358313977718353,0.0,0.006270015146583319,0.0,0.0,0.0,0.0,0.04158340021967888,0.0002984231600216185
479,True,,,,,0.0034024440683424473,0.05757763236761093,0.0,0.009160207584500313,0.0,0.0,0.0,0.0,0.03013286180794239,0.00029770494294942675
480,True,,,,,0.0034778397530317307,0.07939520478248596,0.0,0.011417360045015812,0.0,0.0,0.0,0.0,0.047637782990932465,0.0002969864920719067
481,True,,,,,0.0038791513070464134,0.06978291273117065,0.0,0.010857442393898964,0.0,0.0,0.0,0.0,0.059884779155254364,0.00029626781478734373
482,True,,,,,0.00367041677236557,0.09176747500896454,0.0,0.012847164645791054,0.0,0.0,0.0,0.0,0.03981241211295128,0.0002955489184963543
483,True,,,,,0.002582978457212448,0.0579259879887104,0.0,0.008375577628612518,0.0,0.0,0.0,0.0,0.04958803206682205,0.0002948298106018105
484,True,,,,,0.0028770368080586195,0.05581449344754219,0.0,0.008458485826849937,0.0,0.0,0.0,0.0,0.041060369461774826,0.00029411049850876285
485,True,,,,,0.008940489962697029,0.09453204274177551,0.0,0.01839369535446167,0.0,0.0,0.0,0.0,0.04713905602693558,0.0002933909896243653
486,True,,,,,0.005413292907178402,0.06686122715473175,0.0,0.012099415063858032,0.0,0.0,0.0,0.0,0.04137689620256424,0.0002926712913577977
487,True,,,,,0.004994155373424292,0.0709235668182373,0.0,0.01208651252090931,0.0,0.0,0.0,0.0,0.041239768266677856,0.0002919514111201904
488,True,,,,,0.002940030535683036,0.07122108340263367,0.0,0.010062138549983501,0.0,0.0,0.0,0.0,0.0523824505507946,0.00029123135632454743
489,True,,,,,0.006975941359996796,0.07242534309625626,0.0,0.014218475669622421,0.0,0.0,0.0,0.0,0.05227605625987053,0.00029051113438567053
490,True,,,,,0.002649214118719101,0.07180503755807877,0.0,0.009829718619585037,0.0,0.0,0.0,0.0,0.048399802297353745,0.00028979075272008234
491,True,,,,,0.00264615286141634,0.05938848480582237,0.0,0.008585001341998577,0.0,0.0,0.0,0.0,0.039959847927093506,0.0002890702187459505
492,True,,,,,0.004063799045979977,0.056448668241500854,0.0,0.009708665311336517,0.0,0.0,0.0,0.0,0.03535002842545509,0.00028834953988301105
493,True,,,,,0.0034057702869176865,0.08095206320285797,0.0,0.011500976979732513,0.0,0.0,0.0,0.0,0.04877226799726486,0.00028762872355249196
494,True,,,,,0.0017406456172466278,0.045253366231918335,0.0,0.006265982519835234,0.0,0.0,0.0,0.0,0.034076083451509476,0.0002869077771770367
495,True,,,,,0.004203322343528271,0.060911696404218674,0.0,0.010294491425156593,0.0,0.0,0.0,0.0,0.05613579601049423,0.00028618670818062814
496,True,,,,,0.002940698293969035,0.06105387210845947,0.0,0.009046085178852081,0.0,0.0,0.0,0.0,0.027531174942851067,0.0002854655239885115
497,True,,,,,0.003911047708243132,0.07021904736757278,0.0,0.010932952165603638,0.0,0.0,0.0,0.0,0.0442686453461647,0.0002847442320271186
498,True,,,,,0.0028007454238831997,0.04711555689573288,0.0,0.007512301206588745,0.0,0.0,0.0,0.0,0.04319445416331291,0.0002840228397239908
499,True,,,,,0.0022356926929205656,0.05424182116985321,0.0,0.007659874856472015,0.0,0.0,0.0,0.0,0.04011338949203491,0.0002833013545077026
500,True,,,,,0.003058286849409342,0.059669144451618195,0.0,0.009025201201438904,0.0,0.0,0.0,0.0,0.03329307213425636,0.00028257978380778574
501,True,,,,,0.00275392085313797,0.08263297379016876,0.0,0.011017218232154846,0.0,0.0,0.0,0.0,0.042175568640232086,0.0002818581350546517
502,True,,,,,0.002299926243722439,0.05066801235079765,0.0,0.007366727571934462,0.0,0.0,0.0,0.0,0.04938798025250435,0.0002811364156795162
503,True,,,,,0.0037381737492978573,0.05481089651584625,0.0,0.009219263680279255,0.0,0.0,0.0,0.0,0.03685455396771431,0.00028041463311432175
504,True,,,,,0.008157896809279919,0.11165986210107803,0.0,0.019323883578181267,0.0,0.0,0.0,0.0,0.07157183438539505,0.0002796927947916618
505,True,,,,,0.00308726797811687,0.055405836552381516,0.0,0.008627851493656635,0.0,0.0,0.0,0.0,0.05026388540863991,0.000278970908144704
506,True,,,,,0.0016573590692132711,0.057715147733688354,0.0,0.007428874261677265,0.0,0.0,0.0,0.0,0.05295176804065704,0.00027824898060711345
507,True,,,,,0.0022287643514573574,0.05130328983068466,0.0,0.0073590935207903385,0.0,0.0,0.0,0.0,0.041002143174409866,0.00027752701961297657
508,True,,,,,0.002285127528011799,0.054429106414318085,0.0,0.007728038355708122,0.0,0.0,0.0,0.0,0.05353245884180069,0.0002768050325967241
509,True,,,,,0.003207039088010788,0.05206079035997391,0.0,0.008413118310272694,0.0,0.0,0.0,0.0,0.05550701543688774,0.0002760830269930548
510,True,,,,,0.0029739222954958677,0.05937526002526283,0.0,0.008911448530852795,0.0,0.0,0.0,0.0,0.049633126705884933,0.00027536101023685884
511,True,,,,,0.00435395073145628,0.05453919991850853,0.0,0.009807870723307133,0.0,0.0,0.0,0.0,0.05831854045391083,0.0002746389897631413
512,True,,,,,0.003928499296307564,0.05873589217662811,0.0,0.009802088141441345,0.0,0.0,0.0,0.0,0.03207205981016159,0.0002739169730069452
513,True,,,,,0.004803977906703949,0.057051025331020355,0.0,0.010509081184864044,0.0,0.0,0.0,0.0,0.030059704557061195,0.0002731949674032759
514,True,,,,,0.0051338705234229565,0.08558781445026398,0.0,0.013692652806639671,0.0,0.0,0.0,0.0,0.049630057066679,0.0002724729803870235
515,True,,,,,0.0029010442085564137,0.06955813616514206,0.0,0.009856857359409332,0.0,0.0,0.0,0.0,0.06036810576915741,0.0002717510193928866
516,True,,,,,0.004605748690664768,0.07743368297815323,0.0,0.012349117547273636,0.0,0.0,0.0,0.0,0.05191968008875847,0.00027102909185529604
517,True,,,,,0.00451991893351078,0.07408171892166138,0.0,0.011928090825676918,0.0,0.0,0.0,0.0,0.04235638305544853,0.0002703072052083383
518,True,,,,,0.00309967203065753,0.043187160044908524,0.0,0.007418388035148382,0.0,0.0,0.0,0.0,0.03125310689210892,0.0002695853668856784
519,True,,,,,0.002051054034382105,0.05210539326071739,0.0,0.007261593360453844,0.0,0.0,0.0,0.0,0.035881489515304565,0.00026886358432048386
520,True,,,,,0.003742894856259227,0.05596026033163071,0.0,0.009338920935988426,0.0,0.0,0.0,0.0,0.04315868392586708,0.00026814186494534826
521,True,,,,,0.0018439535051584244,0.05325176566839218,0.0,0.0071691302582621574,0.0,0.0,0.0,0.0,0.07535798102617264,0.0002674202161922143
522,True,,,,,0.004300517030060291,0.05346152186393738,0.0,0.009646669030189514,0.0,0.0,0.0,0.0,0.041600797325372696,0.00026669864549229736
523,True,,,,,0.0026456154882907867,0.05138019472360611,0.0,0.007783635053783655,0.0,0.0,0.0,0.0,0.036592286080121994,0.0002659771602760093
524,True,,,,,0.00572905084118247,0.08370178192853928,0.0,0.014099229127168655,0.0,0.0,0.0,0.0,0.026112914085388184,0.00026525576797288135
525,True,,,,,0.008183237165212631,0.09467341005802155,0.0,0.017650578171014786,0.0,0.0,0.0,0.0,0.04639505594968796,0.0002645344760114885
526,True,,,,,0.00287751667201519,0.0588030144572258,0.0,0.0087578184902668,0.0,0.0,0.0,0.0,0.04969647899270058,0.0002638132918193719
527,True,,,,,0.005946798250079155,0.060074180364608765,0.0,0.011954216286540031,0.0,0.0,0.0,0.0,0.05779096111655235,0.0002630922228229633
528,True,,,,,0.003179518971592188,0.06026242673397064,0.0,0.009205762296915054,0.0,0.0,0.0,0.0,0.04262005165219307,0.0002623712764475081
529,True,,,,,0.004536470863968134,0.07095879316329956,0.0,0.011632350273430347,0.0,0.0,0.0,0.0,0.03034401871263981,0.000261650460116989
530,True,,,,,0.0028699003159999847,0.06251899898052216,0.0,0.00912179984152317,0.0,0.0,0.0,0.0,0.04201867803931236,0.00026092978125404954
531,True,,,,,0.0020206666085869074,0.053302615880966187,0.0,0.007350928150117397,0.0,0.0,0.0,0.0,0.04172869026660919,0.00026020924727991775
532,True,,,,,0.005101562477648258,0.06543838977813721,0.0,0.011645400896668434,0.0,0.0,0.0,0.0,0.03856395557522774,0.00025948886561432956
533,True,,,,,0.004556301981210709,0.06116732582449913,0.0,0.010673034936189651,0.0,0.0,0.0,0.0,0.06041036173701286,0.0002587686436754526
534,True,,,,,0.003730903146788478,0.06866592168807983,0.0,0.01059749536216259,0.0,0.0,0.0,0.0,0.05153733491897583,0.00025804858887980964
535,True,,,,,0.0021572434343397617,0.04916011542081833,0.0,0.007073255255818367,0.0,0.0,0.0,0.0,0.037771597504615784,0.00025732870864220235
536,True,,,,,0.0059396326541900635,0.0705733522772789,0.0,0.012996967881917953,0.0,0.0,0.0,0.0,0.027973636984825134,0.0002566090103756348
537,True,,,,,0.005794208496809006,0.09598518908023834,0.0,0.015392727218568325,0.0,0.0,0.0,0.0,0.05520983040332794,0.00025588950149123713
538,True,,,,,0.0025280630216002464,0.043047547340393066,0.0,0.0068328180350363255,0.0,0.0,0.0,0.0,0.034311529248952866,0.0002551701893981897
539,True,,,,,0.0045964280143380165,0.08021987974643707,0.0,0.012618415988981724,0.0,0.0,0.0,0.0,0.05343824625015259,0.0002544510815036458
540,True,,,,,0.0038017507176846266,0.0671408399939537,0.0,0.010515835136175156,0.0,0.0,0.0,0.0,0.0410902239382267,0.00025373218521265636
541,True,,,,,0.0029987588059157133,0.07016345858573914,0.0,0.01001510489732027,0.0,0.0,0.0,0.0,0.03360484912991524,0.0002530135079280934
542,True,,,,,0.005859914235770702,0.07741574198007584,0.0,0.013601488433778286,0.0,0.0,0.0,0.0,0.03490070253610611,0.0002522950570505734
543,True,,,,,0.004523684736341238,0.07457190752029419,0.0,0.0119808753952384,0.0,0.0,0.0,0.0,0.03576533496379852,0.00025157683997838155
544,True,,,,,0.003465880174189806,0.061543527990579605,0.0,0.00962023250758648,0.0,0.0,0.0,0.0,0.04021380841732025,0.0002508588641073955
545,True,,,,,0.001935161417350173,0.04484613984823227,0.0,0.006419775076210499,0.0,0.0,0.0,0.0,0.02965196967124939,0.0002501411368310091
546,True,,,,,0.002152636181563139,0.048252787441015244,0.0,0.006977914832532406,0.0,0.0,0.0,0.0,0.030449343845248222,0.000249423665540056
547,True,,,,,0.003229624591767788,0.06002683565020561,0.0,0.009232308715581894,0.0,0.0,0.0,0.0,0.04495823010802269,0.0002487064576227342
548,True,,,,,0.0037208180874586105,0.06032795086503029,0.0,0.00975361280143261,0.0,0.0,0.0,0.0,0.027194086462259293,0.0002479895204645295
549,True,,,,,0.0016514075687155128,0.04351493716239929,0.0,0.006002901587635279,0.0,0.0,0.0,0.0,0.03663608059287071,0.0002472728614481393
550,True,,,,,0.0020943274721503258,0.04548376053571701,0.0,0.006642703432589769,0.0,0.0,0.0,0.0,0.034559644758701324,0.00024655648795339713
551,True,,,,,0.0045749591663479805,0.06334476172924042,0.0,0.010909435339272022,0.0,0.0,0.0,0.0,0.06350833177566528,0.0002458404073571963
552,True,,,,,0.003405987052246928,0.0657002329826355,0.0,0.009976010769605637,0.0,0.0,0.0,0.0,0.030199529603123665,0.0002451246270334138
553,True,,,,,0.003903639502823353,0.06960619240999222,0.0,0.010864258743822575,0.0,0.0,0.0,0.0,0.03978900983929634,0.0002444091543528346
554,True,,,,,0.0028529297560453415,0.06288699805736542,0.0,0.009141629561781883,0.0,0.0,0.0,0.0,0.048695147037506104,0.0002436939966830759
555,True,,,,,0.004426422528922558,0.06761053949594498,0.0,0.0111874770373106,0.0,0.0,0.0,0.0,0.04584456980228424,0.0002429791613885109
556,True,,,,,0.0013367471983656287,0.04604579508304596,0.0,0.005941326729953289,0.0,0.0,0.0,0.0,0.03224761411547661,0.00024226465583019303
557,True,,,,,0.004860919434577227,0.07534979283809662,0.0,0.012395898811519146,0.0,0.0,0.0,0.0,0.03696233034133911,0.00024155048736578034
558,True,,,,,0.0027148507069796324,0.0541081577539444,0.0,0.0081256665289402,0.0,0.0,0.0,0.0,0.05329657346010208,0.0002408366633494598
559,True,,,,,0.004977074917405844,0.076618492603302,0.0,0.012638924643397331,0.0,0.0,0.0,0.0,0.04612426459789276,0.0002401231911318712
560,True,,,,,0.005709469318389893,0.07228688895702362,0.0,0.012938158586621284,0.0,0.0,0.0,0.0,0.037288155406713486,0.00023941007806003162
561,True,,,,,0.005274376831948757,0.07381550967693329,0.0,0.012655927799642086,0.0,0.0,0.0,0.0,0.06471040844917297,0.00023869733147726004
562,True,,,,,0.006225026678293943,0.08150821924209595,0.0,0.014375848695635796,0.0,0.0,0.0,0.0,0.054608073085546494,0.00023798495872310137
563,True,,,,,0.0032660234719514847,0.06282157450914383,0.0,0.009548181667923927,0.0,0.0,0.0,0.0,0.056632474064826965,0.00023727296713325097
564,True,,,,,0.005647803656756878,0.08567055314779282,0.0,0.01421485934406519,0.0,0.0,0.0,0.0,0.03272109478712082,0.00023656136403947919
565,True,,,,,0.005231426563113928,0.06902386248111725,0.0,0.01213381253182888,0.0,0.0,0.0,0.0,0.03532935306429863,0.00023585015676955585
566,True,,,,,0.005442105233669281,0.07451684772968292,0.0,0.012893790379166603,0.0,0.0,0.0,0.0,0.05061124265193939,0.00023513935264717463
567,True,,,,,0.0036083213053643703,0.06959325075149536,0.0,0.010567646473646164,0.0,0.0,0.0,0.0,0.03175343945622444,0.00023442895899187795
568,True,,,,,0.0034880898892879486,0.06003370136022568,0.0,0.009491460397839546,0.0,0.0,0.0,0.0,0.04518567770719528,0.00023371898311898127
569,True,,,,,0.002656597178429365,0.05620501935482025,0.0,0.008277099579572678,0.0,0.0,0.0,0.0,0.04163942113518715,0.00023300943233949816
570,True,,,,,0.003602535231038928,0.06052713841199875,0.0,0.009655249305069447,0.0,0.0,0.0,0.0,0.03602803498506546,0.00023230031396006428
571,True,,,,,0.00413896469399333,0.07595160603523254,0.0,0.011734125204384327,0.0,0.0,0.0,0.0,0.0469692200422287,0.0002315916352828632
572,True,,,,,0.006129696499556303,0.0760209783911705,0.0,0.01373179443180561,0.0,0.0,0.0,0.0,0.06102026253938675,0.00023088340360555038
573,True,,,,,0.006873560603708029,0.09000331163406372,0.0,0.015873892232775688,0.0,0.0,0.0,0.0,0.05379728227853775,0.000230175626221178
574,True,,,,,0.004111505579203367,0.06588427722454071,0.0,0.010699933394789696,0.0,0.0,0.0,0.0,0.03150878846645355,0.00022946831041812066
575,True,,,,,0.0028367768973112106,0.051377035677433014,0.0,0.007974481210112572,0.0,0.0,0.0,0.0,0.03315252065658569,0.00022876146347999948
576,True,,,,,0.004327214322984219,0.07784846425056458,0.0,0.012112060561776161,0.0,0.0,0.0,0.0,0.04471858963370323,0.0002280550926856075
577,True,,,,,0.004373450297862291,0.08706727623939514,0.0,0.013080177828669548,0.0,0.0,0.0,0.0,0.05075923353433609,0.00022734920530883445
578,True,,,,,0.005917820148169994,0.07049756497144699,0.0,0.012967577204108238,0.0,0.0,0.0,0.0,0.04777650535106659,0.00022664380861859247
579,True,,,,,0.002453300403431058,0.0492938831448555,0.0,0.007382689043879509,0.0,0.0,0.0,0.0,0.04356660321354866,0.00022593890987874048
580,True,,,,,0.004014079459011555,0.07215341925621033,0.0,0.011229421943426132,0.0,0.0,0.0,0.0,0.044185008853673935,0.00022523451634800983
581,True,,,,,0.00391725217923522,0.0754266008734703,0.0,0.011459912173449993,0.0,0.0,0.0,0.0,0.021803900599479675,0.0002245306352799294
582,True,,,,,0.002898711245507002,0.06923249363899231,0.0,0.00982196070253849,0.0,0.0,0.0,0.0,0.044524747878313065,0.00022382727392275108
583,True,,,,,0.0016071924474090338,0.05255342274904251,0.0,0.0068625351414084435,0.0,0.0,0.0,0.0,0.028371339663863182,0.000223124439519375
584,True,,,,,0.003560885787010193,0.07530339062213898,0.0,0.01109122484922409,0.0,0.0,0.0,0.0,0.06697660684585571,0.00022242213930727473
585,True,,,,,0.006395129021257162,0.09294357895851135,0.0,0.015689486637711525,0.0,0.0,0.0,0.0,0.047466062009334564,0.00022172038051842326
586,True,,,,,0.003909298684448004,0.051337964832782745,0.0,0.009043095633387566,0.0,0.0,0.0,0.0,0.04691249504685402,0.0002210191703792182
587,True,,,,,0.0038834363222122192,0.057345956563949585,0.0,0.009618032723665237,0.0,0.0,0.0,0.0,0.0342935211956501,0.0002203185161104072
588,True,,,,,0.003356661181896925,0.06192294508218765,0.0,0.009548955596983433,0.0,0.0,0.0,0.0,0.02726561203598976,0.000219618424927014
589,True,,,,,0.0029516618233174086,0.07319100201129913,0.0,0.010270762257277966,0.0,0.0,0.0,0.0,0.0453888438642025,0.00021891890403826397
590,True,,,,,0.00500405952334404,0.08390288054943085,0.0,0.01339434739202261,0.0,0.0,0.0,0.0,0.04002228379249573,0.00021821996064750964
591,True,,,,,0.0011469871969893575,0.032873548567295074,0.0,0.0044343420304358006,0.0,0.0,0.0,0.0,0.03772924095392227,0.0002175216019521569
592,True,,,,,0.0021517169661819935,0.04118324816226959,0.0,0.006270041689276695,0.0,0.0,0.0,0.0,0.05252183973789215,0.00021682383514359078
593,True,,,,,0.004724238999187946,0.06817782670259476,0.0,0.011542022228240967,0.0,0.0,0.0,0.0,0.028097404167056084,0.0002161266674071009
594,True,,,,,0.0046653239987790585,0.07057350128889084,0.0,0.01172267459332943,0.0,0.0,0.0,0.0,0.033980827778577805,0.0002154301059218084
595,True,,,,,0.00656416779384017,0.06471938639879227,0.0,0.013036106713116169,0.0,0.0,0.0,0.0,0.031787194311618805,0.0002147341578605913
596,True,,,,,0.004204997792840004,0.07298474758863449,0.0,0.011503472924232483,0.0,0.0,0.0,0.0,0.03264575079083443,0.00021403883039001098
597,True,,,,,0.00765952980145812,0.0799320861697197,0.0,0.015652738511562347,0.0,0.0,0.0,0.0,0.033663999289274216,0.0002133441306702379
598,True,,,,,0.0030196893494576216,0.05368225276470184,0.0,0.00838791485875845,0.0,0.0,0.0,0.0,0.029704349115490913,0.00021265006585497872
599,True,,,,,0.005034881178289652,0.08914216607809067,0.0,0.013949098065495491,0.0,0.0,0.0,0.0,0.028296032920479774,0.00021195664309140173
600,True,,,,,0.003979423549026251,0.06178119033575058,0.0,0.010157542303204536,0.0,0.0,0.0,0.0,0.035659804940223694,0.00021126386952006383
601,True,,,,,0.0021587139926850796,0.055323511362075806,0.0,0.007691065315157175,0.0,0.0,0.0,0.0,0.04627789556980133,0.00021057175227483688
602,True,,,,,0.0027619879692792892,0.04684516787528992,0.0,0.0074465046636760235,0.0,0.0,0.0,0.0,0.024159487336874008,0.0002098802984828342
603,True,,,,,0.004738406278192997,0.06968148797750473,0.0,0.011706555262207985,0.0,0.0,0.0,0.0,0.02578114904463291,0.00020918951526433693
604,True,,,,,0.0064317877404391766,0.07194730639457703,0.0,0.013626518659293652,0.0,0.0,0.0,0.0,0.027967801317572594,0.00020849940973272107
605,True,,,,,0.003160773776471615,0.05846650153398514,0.0,0.009007424116134644,0.0,0.0,0.0,0.0,0.03888272866606712,0.00020780998899438442
606,True,,,,,0.0019546994008123875,0.04248907044529915,0.0,0.006203606724739075,0.0,0.0,0.0,0.0,0.06901044398546219,0.00020712126014867254
607,True,,,,,0.004583359695971012,0.06488776952028275,0.0,0.011072136461734772,0.0,0.0,0.0,0.0,0.027042841538786888,0.00020643323028780663
608,True,,,,,0.0030758462380617857,0.05708789825439453,0.0,0.008784635923802853,0.0,0.0,0.0,0.0,0.036598436534404755,0.00020574590649680968
609,True,,,,,0.0036244294606149197,0.06355944275856018,0.0,0.00998037401586771,0.0,0.0,0.0,0.0,0.025795530527830124,0.00020505929585343442
610,True,,,,,0.004979559686034918,0.0664534792304039,0.0,0.011624908074736595,0.0,0.0,0.0,0.0,0.04681738466024399,0.00020437340542808926
611,True,,,,,0.003976813517510891,0.06416629999876022,0.0,0.010393443517386913,0.0,0.0,0.0,0.0,0.029602712020277977,0.00020368824228376653
612,True,,,,,0.003142676781862974,0.0526694655418396,0.0,0.008409623056650162,0.0,0.0,0.0,0.0,0.031226901337504387,0.00020300381347596936
613,True,,,,,0.003421542001888156,0.05178413167595863,0.0,0.008599955588579178,0.0,0.0,0.0,0.0,0.02393243834376335,0.0002023201260526389
614,True,,,,,0.0038336236029863358,0.08078859746456146,0.0,0.011912483721971512,0.0,0.0,0.0,0.0,0.033183660358190536,0.00020163718705408173
615,True,,,,,0.004241980612277985,0.07574627548456192,0.0,0.011816607788205147,0.0,0.0,0.0,0.0,0.046584758907556534,0.00020095500351289774
616,True,,,,,0.007292970083653927,0.07655957341194153,0.0,0.014948926866054535,0.0,0.0,0.0,0.0,0.03005068190395832,0.00020027358245390742
617,True,,,,,0.006113078445196152,0.0895407423377037,0.0,0.015067152678966522,0.0,0.0,0.0,0.0,0.03141986206173897,0.00019959293089407925
618,True,,,,,0.004370438866317272,0.06942921876907349,0.0,0.011313360184431076,0.0,0.0,0.0,0.0,0.03194604441523552,0.00019891305584245823
619,True,,,,,0.0035283896140754223,0.056285277009010315,0.0,0.009156917221844196,0.0,0.0,0.0,0.0,0.029504040256142616,0.00019823396430009287
620,True,,,,,0.003886330872774124,0.06194001063704491,0.0,0.010080331936478615,0.0,0.0,0.0,0.0,0.042831871658563614,0.0001975556632599635
621,True,,,,,0.002908590016886592,0.06441543251276016,0.0,0.009350133128464222,0.0,0.0,0.0,0.0,0.035985954105854034,0.00019687815970691042
622,True,,,,,0.004061858169734478,0.07391341030597687,0.0,0.011453199200332165,0.0,0.0,0.0,0.0,0.030456241220235825,0.00019620146061756144
623,True,,,,,0.0029475500341504812,0.05972544103860855,0.0,0.00892009399831295,0.0,0.0,0.0,0.0,0.03414830192923546,0.00019552557296026086
624,True,,,,,0.003928032703697681,0.05931532010436058,0.0,0.00985956471413374,0.0,0.0,0.0,0.0,0.035681240260601044,0.00019485050369499657
625,True,,,,,0.0037977301981300116,0.07923702895641327,0.0,0.011721433140337467,0.0,0.0,0.0,0.0,0.0324937105178833,0.00019417625977332948
626,True,,,,,0.004737309645861387,0.05648187920451164,0.0,0.010385497473180294,0.0,0.0,0.0,0.0,0.03194186091423035,0.00019350284813832147
627,True,,,,,0.0035937181673943996,0.05169049650430679,0.0,0.008762767538428307,0.0,0.0,0.0,0.0,0.03684445098042488,0.00019283027572446364
628,True,,,,,0.0034291697666049004,0.060841433703899384,0.0,0.009513312950730324,0.0,0.0,0.0,0.0,0.048343367874622345,0.00019215854945760536
629,True,,,,,0.004149959422647953,0.06981918215751648,0.0,0.011131877079606056,0.0,0.0,0.0,0.0,0.02825647033751011,0.00019148767625488277
630,True,,,,,0.0020046960562467575,0.04745796322822571,0.0,0.006750492379069328,0.0,0.0,0.0,0.0,0.03429841995239258,0.00019081766302464753
631,True,,,,,0.0031766032334417105,0.055972397327423096,0.0,0.008773842826485634,0.0,0.0,0.0,0.0,0.04443897306919098,0.0001901485166663955
632,True,,,,,0.004232143983244896,0.06765139102935791,0.0,0.010997283272445202,0.0,0.0,0.0,0.0,0.03800487145781517,0.0001894802440706961
633,True,,,,,0.0025557444896548986,0.04645044729113579,0.0,0.007200789637863636,0.0,0.0,0.0,0.0,0.03666781634092331,0.0001888128521191211
634,True,,,,,0.003762696636840701,0.07994881272315979,0.0,0.011757578700780869,0.0,0.0,0.0,0.0,0.039420437067747116,0.00018814634768417373
635,True,,,,,0.004372547380626202,0.07137593626976013,0.0,0.01151014119386673,0.0,0.0,0.0,0.0,0.038380734622478485,0.00018748073762921787
636,True,,,,,0.004409013781696558,0.07522255182266235,0.0,0.011931268498301506,0.0,0.0,0.0,0.0,0.03118959255516529,0.0001868160288084078
637,True,,,,,0.007514703553169966,0.07058683037757874,0.0,0.014573386870324612,0.0,0.0,0.0,0.0,0.033227499574422836,0.00018615222806661703
638,True,,,,,0.0035346481017768383,0.059428609907627106,0.0,0.009477509185671806,0.0,0.0,0.0,0.0,0.032481539994478226,0.00018548934223936803
639,True,,,,,0.003775317221879959,0.05052120238542557,0.0,0.00882743764668703,0.0,0.0,0.0,0.0,0.041927020996809006,0.00018482737815276213
640,True,,,,,0.0021682349033653736,0.06508505344390869,0.0,0.0086767403408885,0.0,0.0,0.0,0.0,0.04948171228170395,0.00018416634262340888
641,True,,,,,0.0046277702786028385,0.07416103780269623,0.0,0.012043874710798264,0.0,0.0,0.0,0.0,0.03601185977458954,0.00018350624245835586
642,True,,,,,0.004062901251018047,0.06380920857191086,0.0,0.010443821549415588,0.0,0.0,0.0,0.0,0.03429032117128372,0.0001828470844550187
643,True,,,,,0.0035849357955157757,0.07058804482221603,0.0,0.010643740184605122,0.0,0.0,0.0,0.0,0.041887253522872925,0.00018218887540111134
644,True,,,,,0.0040038269944489,0.06059956178069115,0.0,0.010063783265650272,0.0,0.0,0.0,0.0,0.036797117441892624,0.00018153162207457557
645,True,,,,,0.0028821597807109356,0.05672203004360199,0.0,0.008554362691938877,0.0,0.0,0.0,0.0,0.05467316880822182,0.0001808753312435116
646,True,,,,,0.0019386063795536757,0.055150941014289856,0.0,0.00745370052754879,0.0,0.0,0.0,0.0,0.04359390586614609,0.00018022000966610836
647,True,,,,,0.002067699795588851,0.05421467125415802,0.0,0.007489167153835297,0.0,0.0,0.0,0.0,0.0617157444357872,0.0001795656640905739
648,True,,,,,0.003294867230579257,0.06446600705385208,0.0,0.009741468355059624,0.0,0.0,0.0,0.0,0.04238571599125862,0.00017891230125506537
649,True,,,,,0.002645635511726141,0.06608004868030548,0.0,0.009253640659153461,0.0,0.0,0.0,0.0,0.03526502102613449,0.00017825992788762085
650,True,,,,,0.0035431664437055588,0.06412513554096222,0.0,0.00995567999780178,0.0,0.0,0.0,0.0,0.0525938980281353,0.00017760855070608894
651,True,,,,,0.0035868710838258266,0.06292025744915009,0.0,0.009878897108137608,0.0,0.0,0.0,0.0,0.04865942522883415,0.00017695817641805978
652,True,,,,,0.0027455405797809362,0.0554819293320179,0.0,0.008293733932077885,0.0,0.0,0.0,0.0,0.0454057939350605,0.00017630881172079626
653,True,,,,,0.002745599951595068,0.05596078187227249,0.0,0.00834167841821909,0.0,0.0,0.0,0.0,0.04295472055673599,0.00017566046330116543
654,True,,,,,0.0023966976441442966,0.05415661633014679,0.0,0.007812359370291233,0.0,0.0,0.0,0.0,0.05068054050207138,0.00017501313783556844
655,True,,,,,0.0037860851734876633,0.07430889457464218,0.0,0.011216974817216396,0.0,0.0,0.0,0.0,0.07925109565258026,0.000174366841989873
656,True,,,,,0.004247485660016537,0.06505608558654785,0.0,0.010753094218671322,0.0,0.0,0.0,0.0,0.04091576486825943,0.00017372158241934393
657,True,,,,,0.004435643088072538,0.07768856734037399,0.0,0.012204499915242195,0.0,0.0,0.0,0.0,0.046478331089019775,0.00017307736576857558
658,True,,,,,0.005603484809398651,0.0728449746966362,0.0,0.012887982651591301,0.0,0.0,0.0,0.0,0.04156942665576935,0.00017243419867142193
659,True,,,,,0.003748314455151558,0.0670609176158905,0.0,0.010454406961798668,0.0,0.0,0.0,0.0,0.032167863100767136,0.0001717920877509296
660,True,,,,,0.0034078636672347784,0.05866560712456703,0.0,0.00927442405372858,0.0,0.0,0.0,0.0,0.027802791446447372,0.00017115103961926935
661,True,,,,,0.0031336257234215736,0.06273017823696136,0.0,0.009406642988324165,0.0,0.0,0.0,0.0,0.036861713975667953,0.00017051106087766734
662,True,,,,,0.004906267859041691,0.06866960227489471,0.0,0.011773228645324707,0.0,0.0,0.0,0.0,0.03053189255297184,0.00016987215811633795
663,True,,,,,0.005413932725787163,0.06791182607412338,0.0,0.012205115519464016,0.0,0.0,0.0,0.0,0.037662703543901443,0.0001692343379144155
664,True,,,,,0.0033894460648298264,0.054073914885520935,0.0,0.00879683718085289,0.0,0.0,0.0,0.0,0.03446999192237854,0.00016859760683988662
665,True,,,,,0.0020354376174509525,0.052944306284189224,0.0,0.0073298681527376175,0.0,0.0,0.0,0.0,0.03139898180961609,0.00016796197144952263
666,True,,,,,0.00333349104039371,0.059598345309495926,0.0,0.009293325245380402,0.0,0.0,0.0,0.0,0.024734949693083763,0.00016732743828881195
667,True,,,,,0.005324158817529678,0.08201490342617035,0.0,0.013525648973882198,0.0,0.0,0.0,0.0,0.03392431512475014,0.00016669401389189265
668,True,,,,,0.005425369367003441,0.0701950341463089,0.0,0.012444872409105301,0.0,0.0,0.0,0.0,0.05026518926024437,0.00016606170478148538
669,True,,,,,0.0031184691470116377,0.04406164586544037,0.0,0.007524633780121803,0.0,0.0,0.0,0.0,0.029033176600933075,0.000165430517468826
670,True,,,,,0.004519331268966198,0.0678357183933258,0.0,0.011302903294563293,0.0,0.0,0.0,0.0,0.03583138436079025,0.00016480045845359865
671,True,,,,,0.001469834242016077,0.06707033514976501,0.0,0.008176867850124836,0.0,0.0,0.0,0.0,0.037325356155633926,0.0001641715342238687
672,True,,,,,0.004358730278909206,0.06045500189065933,0.0,0.010404231026768684,0.0,0.0,0.0,0.0,0.03219554200768471,0.00016354375125601607
673,True,,,,,0.0054647475481033325,0.07659582793712616,0.0,0.013124329969286919,0.0,0.0,0.0,0.0,0.030583374202251434,0.00016291711601466836
674,True,,,,,0.0031995316967368126,0.06594067066907883,0.0,0.00979359820485115,0.0,0.0,0.0,0.0,0.028664859011769295,0.00016229163495263461
675,True,,,,,0.004774807021021843,0.06318654119968414,0.0,0.011093461886048317,0.0,0.0,0.0,0.0,0.021610472351312637,0.00016166731451083838
676,True,,,,,0.002850761404260993,0.050767071545124054,0.0,0.007927468977868557,0.0,0.0,0.0,0.0,0.03556340932846069,0.00016104416111825196
677,True,,,,,0.003134371479973197,0.050169438123703,0.0,0.008151315152645111,0.0,0.0,0.0,0.0,0.053691208362579346,0.00016042218119182965
678,True,,,,,0.004805402364581823,0.07917608320713043,0.0,0.012723010033369064,0.0,0.0,0.0,0.0,0.057630352675914764,0.00015980138113644204
679,True,,,,,0.002229293342679739,0.04953956604003906,0.0,0.007183250039815903,0.0,0.0,0.0,0.0,0.02754627726972103,0.00015918176734480995
680,True,,,,,0.004425142891705036,0.057942405343055725,0.0,0.010219383984804153,0.0,0.0,0.0,0.0,0.02731836773455143,0.00015856334619743844
681,True,,,,,0.0034884060733020306,0.05916736274957657,0.0,0.00940514262765646,0.0,0.0,0.0,0.0,0.040100473910570145,0.00015794612406255155
682,True,,,,,0.004506614059209824,0.06667008996009827,0.0,0.01117362268269062,0.0,0.0,0.0,0.0,0.03625686466693878,0.00015733010729602603
683,True,,,,,0.005311725195497274,0.0695265680551529,0.0,0.012264382094144821,0.0,0.0,0.0,0.0,0.04743495211005211,0.00015671530224132667
684,True,,,,,0.002154651330783963,0.04714936763048172,0.0,0.0068695880472660065,0.0,0.0,0.0,0.0,0.02918604202568531,0.00015610171522944033
685,True,,,,,0.003999026492238045,0.07252359390258789,0.0,0.011251386255025864,0.0,0.0,0.0,0.0,0.026876628398895264,0.00015548935257881115
686,True,,,,,0.002983193378895521,0.057335056364536285,0.0,0.008716698735952377,0.0,0.0,0.0,0.0,0.0394480861723423,0.00015487822059527526
687,True,,,,,0.0053662946447730064,0.09626981616020203,0.0,0.014993276447057724,0.0,0.0,0.0,0.0,0.07839096337556839,0.00015426832557199611
688,True,,,,,0.005639425944536924,0.06970690190792084,0.0,0.01261011604219675,0.0,0.0,0.0,0.0,0.02292777970433235,0.00015365967378939906
689,True,,,,,0.003186204005032778,0.05300341174006462,0.0,0.008486544713377953,0.0,0.0,0.0,0.0,0.025229135528206825,0.00015305227151510764
690,True,,,,,0.01222398690879345,0.0916154682636261,0.0,0.02138553373515606,0.0,0.0,0.0,0.0,0.039653558284044266,0.00015244612500387827
691,True,,,,,0.004749832674860954,0.07827379554510117,0.0,0.012577212415635586,0.0,0.0,0.0,0.0,0.04810017719864845,0.0001518412404975361
692,True,,,,,0.0023413330782204866,0.04840581864118576,0.0,0.007181915454566479,0.0,0.0,0.0,0.0,0.09000962227582932,0.00015123762422491072
693,True,,,,,0.004031408578157425,0.06029908359050751,0.0,0.01006131712347269,0.0,0.0,0.0,0.0,0.023098768666386604,0.00015063528240177195
694,True,,,,,0.002715711249038577,0.04422670602798462,0.0,0.007138381712138653,0.0,0.0,0.0,0.0,0.02129780501127243,0.00015003422123076614
695,True,,,,,0.0029971208423376083,0.05738794058561325,0.0,0.008735915645956993,0.0,0.0,0.0,0.0,0.025667477399110794,0.0001494344469013516
696,True,,,,,0.0032876208424568176,0.049974292516708374,0.0,0.00828505028039217,0.0,0.0,0.0,0.0,0.028669580817222595,0.00014883596558973585
697,True,,,,,0.003420985070988536,0.05597487464547157,0.0,0.009018472395837307,0.0,0.0,0.0,0.0,0.025597020983695984,0.00014823878345881128
698,True,,,,,0.00515718525275588,0.06601474434137344,0.0,0.011758659966289997,0.0,0.0,0.0,0.0,0.05152039974927902,0.00014764290665809167
699,True,,,,,0.004650478716939688,0.06545940041542053,0.0,0.011196418665349483,0.0,0.0,0.0,0.0,0.08737257868051529,0.00014704834132364935
700,True,,,,,0.0032887549605220556,0.0719137117266655,0.0,0.010480126366019249,0.0,0.0,0.0,0.0,0.031582511961460114,0.0001464550935780518
701,True,,,,,0.005412432365119457,0.0715615376830101,0.0,0.012568585574626923,0.0,0.0,0.0,0.0,0.026530377566814423,0.0001458631695302985
702,True,,,,,0.0020263283513486385,0.05190842226147652,0.0,0.007217170670628548,0.0,0.0,0.0,0.0,0.03079361468553543,0.00014527257527575783
703,True,,,,,0.0045946622267365456,0.06601622700691223,0.0,0.011196285486221313,0.0,0.0,0.0,0.0,0.052204765379428864,0.00014468331689610495
704,True,,,,,0.004327321425080299,0.06287094950675964,0.0,0.010614416562020779,0.0,0.0,0.0,0.0,0.03347266837954521,0.00014409540045925867
705,True,,,,,0.004514883738011122,0.06222048029303551,0.0,0.010736932046711445,0.0,0.0,0.0,0.0,0.03894413635134697,0.0001435088320193188
706,True,,,,,0.001917620887979865,0.0435994490981102,0.0,0.006277565844357014,0.0,0.0,0.0,0.0,0.0431017130613327,0.00014292361761650429
707,True,,,,,0.005036063026636839,0.06687581539154053,0.0,0.011723645031452179,0.0,0.0,0.0,0.0,0.053769342601299286,0.00014233976327709112
708,True,,,,,0.0032013566233217716,0.05248768627643585,0.0,0.008450125344097614,0.0,0.0,0.0,0.0,0.025254128500819206,0.00014175727501334928
709,True,,,,,0.004907483235001564,0.08920659124851227,0.0,0.013828142546117306,0.0,0.0,0.0,0.0,0.04252864420413971,0.0001411761588234821
710,True,,,,,0.008055854588747025,0.0878043994307518,0.0,0.016836294904351234,0.0,0.0,0.0,0.0,0.04021718353033066,0.00014059642069156358
711,True,,,,,0.003607607912272215,0.05035576969385147,0.0,0.008643184788525105,0.0,0.0,0.0,0.0,0.020885098725557327,0.00014001806658747745
712,True,,,,,0.004078907426446676,0.06351403146982193,0.0,0.010430310852825642,0.0,0.0,0.0,0.0,0.028392089530825615,0.00013944110246685482
713,True,,,,,0.006776763126254082,0.07301873713731766,0.0,0.014078637585043907,0.0,0.0,0.0,0.0,0.026960814371705055,0.00013886553427101383
714,True,,,,,0.00299050472676754,0.04949142783880234,0.0,0.007939647883176804,0.0,0.0,0.0,0.0,0.023923519998788834,0.0001382913679268978
715,True,,,,,0.004395230207592249,0.06554865092039108,0.0,0.01095009595155716,0.0,0.0,0.0,0.0,0.030043184757232666,0.00013771860934701441
716,True,,,,,0.0035003353841602802,0.0517035648226738,0.0,0.008670691400766373,0.0,0.0,0.0,0.0,0.033471498638391495,0.00013714726442937491
717,True,,,,,0.0018306318670511246,0.05287349969148636,0.0,0.007117982022464275,0.0,0.0,0.0,0.0,0.0268994327634573,0.00013657733905743315
718,True,,,,,0.0019649832975119352,0.04956219345331192,0.0,0.006921202875673771,0.0,0.0,0.0,0.0,0.022843968123197556,0.00013600883910002548
719,True,,,,,0.0021233437582850456,0.05054575577378273,0.0,0.007177919615060091,0.0,0.0,0.0,0.0,0.032466351985931396,0.00013544177041130943
720,True,,,,,0.003799809142947197,0.06750942766666412,0.0,0.01055075228214264,0.0,0.0,0.0,0.0,0.028295855969190598,0.00013487613883070434
721,True,,,,,0.0032569090835750103,0.06028764322400093,0.0,0.00928567349910736,0.0,0.0,0.0,0.0,0.03200170025229454,0.00013431195018283077
722,True,,,,,0.00492239510640502,0.07541511207818985,0.0,0.012463906779885292,0.0,0.0,0.0,0.0,0.02638605423271656,0.0001337492102774506
723,True,,,,,0.004123185761272907,0.07051407545804977,0.0,0.01117459312081337,0.0,0.0,0.0,0.0,0.025899594649672508,0.0001331879249094072
724,True,,,,,0.002521997084841132,0.05315866693854332,0.0,0.007837863638997078,0.0,0.0,0.0,0.0,0.026639562100172043,0.00013262809985856578
725,True,,,,,0.0048898025415837765,0.06330765783786774,0.0,0.011220568791031837,0.0,0.0,0.0,0.0,0.03655076399445534,0.00013206974088975383
726,True,,,,,0.002165520563721657,0.04911408945918083,0.0,0.007076929789036512,0.0,0.0,0.0,0.0,0.029814472422003746,0.00013151285375270183
727,True,,,,,0.004530169069766998,0.0637722983956337,0.0,0.010907398536801338,0.0,0.0,0.0,0.0,0.036272190511226654,0.00013095744418198399
728,True,,,,,0.003264196217060089,0.0605752170085907,0.0,0.009321717545390129,0.0,0.0,0.0,0.0,0.0272382739931345,0.00013040351789695914
729,True,,,,,0.002194930100813508,0.053131554275751114,0.0,0.0075080860406160355,0.0,0.0,0.0,0.0,0.026223909109830856,0.00012985108060171196
730,True,,,,,0.00766800856217742,0.06825234740972519,0.0,0.014493243768811226,0.0,0.0,0.0,0.0,0.03145928308367729,0.00012930013798499412
731,True,,,,,0.0023674331605434418,0.05728793889284134,0.0,0.008096227422356606,0.0,0.0,0.0,0.0,0.03275635838508606,0.0001287506957201659
732,True,,,,,0.00343947927467525,0.06332910060882568,0.0,0.009772389195859432,0.0,0.0,0.0,0.0,0.028506455942988396,0.00012820275946513748
733,True,,,,,0.003010845510289073,0.05768274515867233,0.0,0.008779119700193405,0.0,0.0,0.0,0.0,0.027858056128025055,0.00012765633486231087
734,True,,,,,0.0033986233174800873,0.06643037497997284,0.0,0.010041661560535431,0.0,0.0,0.0,0.0,0.03159269690513611,0.0001271114275385218
735,True,,,,,0.002661325503140688,0.04520741477608681,0.0,0.007182067260146141,0.0,0.0,0.0,0.0,0.02779715694487095,0.00012656804310498169
736,True,,,,,0.004610043950378895,0.08062055706977844,0.0,0.012672100216150284,0.0,0.0,0.0,0.0,0.03881937637925148,0.00012602618715721993
737,True,,,,,0.0016955118626356125,0.043452657759189606,0.0,0.006040777545422316,0.0,0.0,0.0,0.0,0.03960399702191353,0.00012548586527502627
738,True,,,,,0.002386979293078184,0.05693305283784866,0.0,0.008080285042524338,0.0,0.0,0.0,0.0,0.03449825569987297,0.00012494708302239336
739,True,,,,,0.0034052724950015545,0.0471825897693634,0.0,0.008123531937599182,0.0,0.0,0.0,0.0,0.03054303675889969,0.00012440984594745937
740,True,,,,,0.003602964337915182,0.05178407207131386,0.0,0.008781371638178825,0.0,0.0,0.0,0.0,0.029073314741253853,0.00012387415958245096
741,True,,,,,0.004035730846226215,0.08300751447677612,0.0,0.012336482293903828,0.0,0.0,0.0,0.0,0.025817636400461197,0.00012334002944362635
742,True,,,,,0.004309873096644878,0.06769160181283951,0.0,0.011079033836722374,0.0,0.0,0.0,0.0,0.025679176673293114,0.00012280746103121817
743,True,,,,,0.0029750862158834934,0.052803680300712585,0.0,0.008255453780293465,0.0,0.0,0.0,0.0,0.034115467220544815,0.00012227645982937748
744,True,,,,,0.004667025990784168,0.059971682727336884,0.0,0.010664194822311401,0.0,0.0,0.0,0.0,0.027347922325134277,0.00012174703130611655
745,True,,,,,0.004845128394663334,0.08829530328512192,0.0,0.013674658723175526,0.0,0.0,0.0,0.0,0.04050445929169655,0.00012121918091325331
746,True,,,,,0.002975024748593569,0.047381188720464706,0.0,0.007713143713772297,0.0,0.0,0.0,0.0,0.026036709547042847,0.00012069291408635423
747,True,,,,,0.003548454260453582,0.052803970873355865,0.0,0.008828851394355297,0.0,0.0,0.0,0.0,0.027206307277083397,0.00012016823624467953
748,True,,,,,0.008074501529335976,0.06348662078380585,0.0,0.01442316360771656,0.0,0.0,0.0,0.0,0.031750310212373734,0.00011964515279112648
749,True,,,,,0.003837816882878542,0.06568662822246552,0.0,0.010406479239463806,0.0,0.0,0.0,0.0,0.0277450792491436,0.00011912366911217393
750,True,,,,,0.005182940512895584,0.06912988424301147,0.0,0.012095929123461246,0.0,0.0,0.0,0.0,0.022356633096933365,0.00011860379057782727
751,True,,,,,0.005370786413550377,0.07010103762149811,0.0,0.012380890548229218,0.0,0.0,0.0,0.0,0.030018936842679977,0.00011808552254156266
752,True,,,,,0.00480847992002964,0.06787806749343872,0.0,0.011596286669373512,0.0,0.0,0.0,0.0,0.021591290831565857,0.00011756887034027217
753,True,,,,,0.0030961642041802406,0.06395107507705688,0.0,0.009491272270679474,0.0,0.0,0.0,0.0,0.024123651906847954,0.00011705383929420841
754,True,,,,,0.0032222415320575237,0.06257255375385284,0.0,0.009479496628046036,0.0,0.0,0.0,0.0,0.02126976288855076,0.00011654043470693053
755,True,,,,,0.0035826393868774176,0.058022111654281616,0.0,0.009384850971400738,0.0,0.0,0.0,0.0,0.02355281449854374,0.0001160286618652489
756,True,,,,,0.0034749931655824184,0.045790232717990875,0.0,0.008054016157984734,0.0,0.0,0.0,0.0,0.04641277343034744,0.00011551852603917079
757,True,,,,,0.003228659275919199,0.0629606768488884,0.0,0.009524727240204811,0.0,0.0,0.0,0.0,0.029950866475701332,0.00011501003248184633
758,True,,,,,0.0038733333349227905,0.055977966636419296,0.0,0.00947112962603569,0.0,0.0,0.0,0.0,0.021350013092160225,0.00011450318642951451
759,True,,,,,0.0023931460455060005,0.05953476205468178,0.0,0.008346622809767723,0.0,0.0,0.0,0.0,0.02222885563969612,0.00011399799310144865
760,True,,,,,0.002711243461817503,0.06921073794364929,0.0,0.00963231734931469,0.0,0.0,0.0,0.0,0.029150409623980522,0.00011349445769990328
761,True,,,,,0.002361044753342867,0.04853498935699463,0.0,0.007214543875306845,0.0,0.0,0.0,0.0,0.01931699924170971,0.00011299258541006047
762,True,,,,,0.008815905079245567,0.08703581988811493,0.0,0.01751948706805706,0.0,0.0,0.0,0.0,0.024233058094978333,0.00011249238139997612
763,True,,,,,0.0034661178942769766,0.07768020778894424,0.0,0.01123413909226656,0.0,0.0,0.0,0.0,0.04504581168293953,0.00011199385082052688
764,True,,,,,0.0012767859734594822,0.0354069247841835,0.0,0.004817478358745575,0.0,0.0,0.0,0.0,0.03499341011047363,0.00011149699880535725
765,True,,,,,0.001935318112373352,0.04347798973321915,0.0,0.006283116992563009,0.0,0.0,0.0,0.0,0.030106879770755768,0.00011100183047082686
766,True,,,,,0.002865238580852747,0.05828387290239334,0.0,0.008693626150488853,0.0,0.0,0.0,0.0,0.02134675905108452,0.00011050835091595709
767,True,,,,,0.004170625936239958,0.049209266901016235,0.0,0.009091552346944809,0.0,0.0,0.0,0.0,0.02937478758394718,0.00011001656522237938
768,True,,,,,0.0028195977210998535,0.06741709262132645,0.0,0.009561307728290558,0.0,0.0,0.0,0.0,0.022067271173000336,0.00010952647845428237
769,True,,,,,0.0021349452435970306,0.043252673000097275,0.0,0.006460212636739016,0.0,0.0,0.0,0.0,0.02028997614979744,0.00010903809565836001
770,True,,,,,0.0030948305502533913,0.050785187631845474,0.0,0.008173349313437939,0.0,0.0,0.0,0.0,0.026782158762216568,0.00010855142186375951
771,True,,,,,0.003880741074681282,0.04443380981683731,0.0,0.008324122056365013,0.0,0.0,0.0,0.0,0.017463648691773415,0.00010806646208202944
772,True,,,,,0.006467831786721945,0.09029548615217209,0.0,0.015497380867600441,0.0,0.0,0.0,0.0,0.046274103224277496,0.00010758322130706851
773,True,,,,,0.002468252554535866,0.052340779453516006,0.0,0.007702330593019724,0.0,0.0,0.0,0.0,0.02262011170387268,0.0001071017045150735
774,True,,,,,0.005259541794657707,0.07063895463943481,0.0,0.012323437258601189,0.0,0.0,0.0,0.0,0.025591978803277016,0.00010662191666448859
775,True,,,,,0.002888090442866087,0.04961858317255974,0.0,0.007849948480725288,0.0,0.0,0.0,0.0,0.025085100904107094,0.00010614386269595408
776,True,,,,,0.0011129307094961405,0.03700251877307892,0.0,0.004813182633370161,0.0,0.0,0.0,0.0,0.02787863090634346,0.00010566754753225551
777,True,,,,,0.004256390035152435,0.0765642523765564,0.0,0.011912815272808075,0.0,0.0,0.0,0.0,0.034371040761470795,0.00010519297607827305
778,True,,,,,0.0023730143439024687,0.046765126287937164,0.0,0.007049527019262314,0.0,0.0,0.0,0.0,0.02190382406115532,0.00010472015322093079
779,True,,,,,0.005261952057480812,0.05912913754582405,0.0,0.011174865998327732,0.0,0.0,0.0,0.0,0.020147912204265594,0.00010424908382914672
780,True,,,,,0.002511905739083886,0.04401197284460068,0.0,0.00691310316324234,0.0,0.0,0.0,0.0,0.029378842562437057,0.00010377977275378227
781,True,,,,,0.0032451502047479153,0.05993185192346573,0.0,0.00923833530396223,0.0,0.0,0.0,0.0,0.023546824231743813,0.00010331222482759268
782,True,,,,,0.003180816536769271,0.0593775138258934,0.0,0.009118568152189255,0.0,0.0,0.0,0.0,0.021899782121181488,0.00010284644486517685
783,True,,,,,0.0035510361194610596,0.06047693267464638,0.0,0.009598730131983757,0.0,0.0,0.0,0.0,0.030110394582152367,0.00010238243766292823
784,True,,,,,0.0043955352157354355,0.05064089968800545,0.0,0.00945962592959404,0.0,0.0,0.0,0.0,0.024898121133446693,0.00010192020799898505
785,True,,,,,0.004222356714308262,0.06341799348592758,0.0,0.010564155876636505,0.0,0.0,0.0,0.0,0.03882458806037903,0.00010145976063318122
786,True,,,,,0.0044480981305241585,0.07871066778898239,0.0,0.012319165281951427,0.0,0.0,0.0,0.0,0.025928325951099396,0.00010100110030699739
787,True,,,,,0.004805949982255697,0.066921666264534,0.0,0.01149811688810587,0.0,0.0,0.0,0.0,0.029107751324772835,0.00010054423174351207
788,True,,,,,0.0066825710237026215,0.0672711431980133,0.0,0.013409685343503952,0.0,0.0,0.0,0.0,0.028806259855628014,0.00010008915964735302
789,True,,,,,0.002573684323579073,0.05204583331942558,0.0,0.007778267841786146,0.0,0.0,0.0,0.0,0.03074091114103794,9.963588870464873e-05
790,True,,,,,0.005100683309137821,0.07836411893367767,0.0,0.012937095016241074,0.0,0.0,0.0,0.0,0.031002800911664963,9.91844235829803e-05
791,True,,,,,0.0016863939817994833,0.03128237649798393,0.0,0.004814631771296263,0.0,0.0,0.0,0.0,0.0207789596170187,9.873476893133318e-05
792,True,,,,,0.002473623026162386,0.05089684575796127,0.0,0.007563307881355286,0.0,0.0,0.0,0.0,0.024438703432679176,9.828692938004956e-05
793,True,,,,,0.006105713080614805,0.0700351893901825,0.0,0.013109232299029827,0.0,0.0,0.0,0.0,0.03590940684080124,9.78409095407804e-05
794,True,,,,,0.0034074648283421993,0.05316721275448799,0.0,0.008724186569452286,0.0,0.0,0.0,0.0,0.027704976499080658,9.739671400643815e-05
795,True,,,,,0.007158487103879452,0.08315489441156387,0.0,0.015473976731300354,0.0,0.0,0.0,0.0,0.03271450102329254,9.69543473511494e-05
796,True,,,,,0.0030791270546615124,0.05522439256310463,0.0,0.008601566776633263,0.0,0.0,0.0,0.0,0.018020015209913254,9.651381413020768e-05
797,True,,,,,0.003082298208028078,0.057256586849689484,0.0,0.008807957172393799,0.0,0.0,0.0,0.0,0.02882770076394081,9.607511888002676e-05
798,True,,,,,0.0033495668321847916,0.060340866446495056,0.0,0.009383654221892357,0.0,0.0,0.0,0.0,0.04368777573108673,9.563826611809372e-05
799,True,,,,,0.003511033020913601,0.06806132197380066,0.0,0.010317165404558182,0.0,0.0,0.0,0.0,0.04428902268409729,9.520326034292257e-05
800,True,,,,,0.006487681996077299,0.05905244126915932,0.0,0.012392926029860973,0.0,0.0,0.0,0.0,0.018529387190937996,9.477010603400771e-05
801,True,,,,,0.005694731138646603,0.0726458951830864,0.0,0.012959320098161697,0.0,0.0,0.0,0.0,0.040581271052360535,9.433880765177829e-05
802,True,,,,,0.0030501983128488064,0.0640573799610138,0.0,0.009455936029553413,0.0,0.0,0.0,0.0,0.0350479893386364,9.390936963755175e-05
803,True,,,,,0.003437710925936699,0.06554829329252243,0.0,0.009992539882659912,0.0,0.0,0.0,0.0,0.01917370595037937,9.348179641348823e-05
804,True,,,,,0.002981579862535,0.04547106474637985,0.0,0.0075286864303052425,0.0,0.0,0.0,0.0,0.015853211283683777,9.305609238254526e-05
805,True,,,,,0.0037117234896868467,0.059026941657066345,0.0,0.00961441732943058,0.0,0.0,0.0,0.0,0.030139518901705742,9.26322619284322e-05
806,True,,,,,0.0025908215902745724,0.05083443969488144,0.0,0.007674265652894974,0.0,0.0,0.0,0.0,0.020060306414961815,9.221030941556516e-05
807,True,,,,,0.003138231812044978,0.054306499660015106,0.0,0.008568882010877132,0.0,0.0,0.0,0.0,0.026503460481762886,9.179023918902187e-05
808,True,,,,,0.0020870210137218237,0.052746206521987915,0.0,0.007361642085015774,0.0,0.0,0.0,0.0,0.03958840295672417,9.137205557449754e-05
809,True,,,,,0.0038899690844118595,0.06895694136619568,0.0,0.0107856635004282,0.0,0.0,0.0,0.0,0.03340506926178932,9.095576287825952e-05
810,True,,,,,0.0038087384309619665,0.06035727262496948,0.0,0.009844466112554073,0.0,0.0,0.0,0.0,0.03612992540001869,9.054136538710341e-05
811,True,,,,,0.00477270781993866,0.06754244863986969,0.0,0.011526953428983688,0.0,0.0,0.0,0.0,0.023740917444229126,9.012886736830887e-05
812,True,,,,,0.005953623913228512,0.07128417491912842,0.0,0.013082041405141354,0.0,0.0,0.0,0.0,0.026457462459802628,8.97182730695958e-05
813,True,,,,,0.0013416161527857184,0.03995427489280701,0.0,0.0053370436653494835,0.0,0.0,0.0,0.0,0.03425721079111099,8.930958671908012e-05
814,True,,,,,0.0031955759041011333,0.053268350660800934,0.0,0.00852241087704897,0.0,0.0,0.0,0.0,0.029539836570620537,8.890281252523082e-05
815,True,,,,,0.0027217704337090254,0.05027005821466446,0.0,0.007748776115477085,0.0,0.0,0.0,0.0,0.02733294479548931,8.849795467682623e-05
816,True,,,,,0.003076082793995738,0.05784444510936737,0.0,0.008860527537763119,0.0,0.0,0.0,0.0,0.03271384537220001,8.809501734291117e-05
817,True,,,,,0.0026195659302175045,0.05020109564065933,0.0,0.00763967540115118,0.0,0.0,0.0,0.0,0.032844409346580505,8.76940046727536e-05
818,True,,,,,0.0054375058971345425,0.058005157858133316,0.0,0.011238021776080132,0.0,0.0,0.0,0.0,0.024645237252116203,8.729492079580231e-05
819,True,,,,,0.0018138277810066938,0.041223183274269104,0.0,0.005936145782470703,0.0,0.0,0.0,0.0,0.02523019351065159,8.689776982164438e-05
820,True,,,,,0.0033150743693113327,0.05507567524909973,0.0,0.008822642266750336,0.0,0.0,0.0,0.0,0.034641657024621964,8.650255583996239e-05
821,True,,,,,0.004755357280373573,0.05801902711391449,0.0,0.010557260364294052,0.0,0.0,0.0,0.0,0.03354368731379509,8.610928292049294e-05
822,True,,,,,0.0031145024113357067,0.0605904720723629,0.0,0.009173549711704254,0.0,0.0,0.0,0.0,0.04018520563840866,8.571795511298422e-05
823,True,,,,,0.003314207075163722,0.0627737045288086,0.0,0.00959157757461071,0.0,0.0,0.0,0.0,0.027954697608947754,8.532857644715481e-05
824,True,,,,,0.0032879940699785948,0.05593566223978996,0.0,0.008881560526788235,0.0,0.0,0.0,0.0,0.024697210639715195,8.494115093265156e-05
825,True,,,,,0.003930871840566397,0.07119663059711456,0.0,0.01105053536593914,0.0,0.0,0.0,0.0,0.032492924481630325,8.45556825590089e-05
826,True,,,,,0.005728128831833601,0.06060771644115448,0.0,0.011788900941610336,0.0,0.0,0.0,0.0,0.019703324884176254,8.417217529560735e-05
827,True,,,,,0.00407114764675498,0.07172805070877075,0.0,0.011243952438235283,0.0,0.0,0.0,0.0,0.029447514563798904,8.379063309163292e-05
828,True,,,,,0.003316026646643877,0.06714127957820892,0.0,0.010030154138803482,0.0,0.0,0.0,0.0,0.033539701253175735,8.34110598760362e-05
829,True,,,,,0.004562740214169025,0.07023705542087555,0.0,0.011586446315050125,0.0,0.0,0.0,0.0,0.020363889634609222,8.303345955749207e-05
830,True,,,,,0.0015772990882396698,0.04625881090760231,0.0,0.006203180178999901,0.0,0.0,0.0,0.0,0.02631681226193905,8.265783602435946e-05
831,True,,,,,0.0033158620353788137,0.05237121507525444,0.0,0.008552983403205872,0.0,0.0,0.0,0.0,0.02292972430586815,8.228419314464115e-05
832,True,,,,,0.002079525962471962,0.04831043630838394,0.0,0.006910569500178099,0.0,0.0,0.0,0.0,0.04026691988110542,8.19125347659441e-05
833,True,,,,,0.002280427375808358,0.05189082399010658,0.0,0.007469509728252888,0.0,0.0,0.0,0.0,0.040398143231868744,8.154286471543973e-05
834,True,,,,,0.0017092630732804537,0.049568936228752136,0.0,0.006666156463325024,0.0,0.0,0.0,0.0,0.04606137052178383,8.117518679982459e-05
835,True,,,,,0.0034598815254867077,0.04762972146272659,0.0,0.008222853764891624,0.0,0.0,0.0,0.0,0.017538415268063545,8.080950480528108e-05
836,True,,,,,0.0026797621976584196,0.05749779939651489,0.0,0.008429542183876038,0.0,0.0,0.0,0.0,0.01890161819756031,8.044582249743854e-05
837,True,,,,,0.006984144449234009,0.07509762793779373,0.0,0.014493906870484352,0.0,0.0,0.0,0.0,0.027224786579608917,8.008414362133438e-05
838,True,,,,,0.007452480494976044,0.07541964948177338,0.0,0.014994446188211441,0.0,0.0,0.0,0.0,0.022941742092370987,7.972447190137559e-05
839,True,,,,,0.004143617581576109,0.053338270634412766,0.0,0.009477444924414158,0.0,0.0,0.0,0.0,0.01904778741300106,7.936681104130039e-05
840,True,,,,,0.002926619490608573,0.042608268558979034,0.0,0.00718744657933712,0.0,0.0,0.0,0.0,0.02235802821815014,7.901116472414006e-05
841,True,,,,,0.0023868433199822903,0.051790036261081696,0.0,0.007565847132354975,0.0,0.0,0.0,0.0,0.03151912987232208,7.865753661218094e-05
842,True,,,,,0.008228934369981289,0.0754479169845581,0.0,0.015773726627230644,0.0,0.0,0.0,0.0,0.02798035554587841,7.830593034692693e-05
843,True,,,,,0.0031729424372315407,0.05428158491849899,0.0,0.008601101115345955,0.0,0.0,0.0,0.0,0.02641136385500431,7.795634954906176e-05
844,True,,,,,0.005179228726774454,0.06743969768285751,0.0,0.011923198588192463,0.0,0.0,0.0,0.0,0.029102949425578117,7.760879781841187e-05
845,True,,,,,0.0018330032471567392,0.0423966683447361,0.0,0.006072670221328735,0.0,0.0,0.0,0.0,0.02318371832370758,7.726327873390917e-05
846,True,,,,,0.004701891448348761,0.0779997780919075,0.0,0.012501869350671768,0.0,0.0,0.0,0.0,0.023279640823602676,7.69197958535545e-05
847,True,,,,,0.0013056602329015732,0.023112837225198746,0.0,0.0036169439554214478,0.0,0.0,0.0,0.0,0.02677316777408123,7.657835271438043e-05
848,True,,,,,0.004252015613019466,0.06045335531234741,0.0,0.010297350585460663,0.0,0.0,0.0,0.0,0.03269548341631889,7.623895283241561e-05
849,True,,,,,0.004850153811275959,0.06819097697734833,0.0,0.011669252067804337,0.0,0.0,0.0,0.0,0.01815119758248329,7.590159970264782e-05
850,True,,,,,0.0028217541985213757,0.05808519572019577,0.0,0.00863027386367321,0.0,0.0,0.0,0.0,0.03813917189836502,7.556629679898844e-05
851,True,,,,,0.0020989966578781605,0.06580255925655365,0.0,0.008679252117872238,0.0,0.0,0.0,0.0,0.03292893245816231,7.523304757423655e-05
852,True,,,,,0.002689576707780361,0.04665204510092735,0.0,0.007354781497269869,0.0,0.0,0.0,0.0,0.029095955193042755,7.49018554600433e-05
853,True,,,,,0.00608532689511776,0.06844387948513031,0.0,0.01292971521615982,0.0,0.0,0.0,0.0,0.030147723853588104,7.457272386687672e-05
854,True,,,,,0.005066407844424248,0.08414925634860992,0.0,0.01348133385181427,0.0,0.0,0.0,0.0,0.031118197366595268,7.424565618398636e-05
855,True,,,,,0.004203393589705229,0.06177855655550957,0.0,0.010381249710917473,0.0,0.0,0.0,0.0,0.030612247064709663,7.392065577936879e-05
856,True,,,,,0.005514202173799276,0.07387883961200714,0.0,0.012902086600661278,0.0,0.0,0.0,0.0,0.02860119752585888,7.359772599973247e-05
857,True,,,,,0.002624916611239314,0.05612604320049286,0.0,0.008237521164119244,0.0,0.0,0.0,0.0,0.027101336047053337,7.327687017046362e-05
858,True,,,,,0.0031291870400309563,0.057917192578315735,0.0,0.008920906111598015,0.0,0.0,0.0,0.0,0.025387976318597794,7.295809159559167e-05
859,True,,,,,0.005376572720706463,0.07922282814979553,0.0,0.01329885609447956,0.0,0.0,0.0,0.0,0.036087747663259506,7.264139355775564e-05
860,True,,,,,0.0031657079234719276,0.05387447029352188,0.0,0.0085531547665596,0.0,0.0,0.0,0.0,0.03231785446405411,7.232677931817003e-05
861,True,,,,,0.0017912117764353752,0.04033172130584717,0.0,0.0058243838138878345,0.0,0.0,0.0,0.0,0.020871395245194435,7.201425211659117e-05
862,True,,,,,0.00225921836681664,0.05500536412000656,0.0,0.007759754545986652,0.0,0.0,0.0,0.0,0.023032641038298607,7.170381517128425e-05
863,True,,,,,0.0020494735799729824,0.057501934468746185,0.0,0.007799667306244373,0.0,0.0,0.0,0.0,0.027256179600954056,7.139547167898986e-05
864,True,,,,,0.0025713718496263027,0.05439886078238487,0.0,0.008011258207261562,0.0,0.0,0.0,0.0,0.025613710284233093,7.108922481489096e-05
865,True,,,,,0.002691974863409996,0.04751678928732872,0.0,0.0074436538852751255,0.0,0.0,0.0,0.0,0.024404369294643402,7.078507773258055e-05
866,True,,,,,0.0036082665901631117,0.06096098572015762,0.0,0.009704365395009518,0.0,0.0,0.0,0.0,0.029903411865234375,7.048303356402913e-05
867,True,,,,,0.001501401886343956,0.041185684502124786,0.0,0.005619970615953207,0.0,0.0,0.0,0.0,0.021008489653468132,7.018309541955214e-05
868,True,,,,,0.0015072970418259501,0.041505731642246246,0.0,0.005657870322465897,0.0,0.0,0.0,0.0,0.032379280775785446,6.988526638777811e-05
869,True,,,,,0.001929307240061462,0.04442097991704941,0.0,0.006371405441313982,0.0,0.0,0.0,0.0,0.01661505736410618,6.958954953561696e-05
870,True,,,,,0.00294418353587389,0.053793903440237045,0.0,0.00832357443869114,0.0,0.0,0.0,0.0,0.03439465910196304,6.929594790822848e-05
871,True,,,,,0.005623213946819305,0.06952662765979767,0.0,0.012575876899063587,0.0,0.0,0.0,0.0,0.023261064663529396,6.900446452899047e-05
872,True,,,,,0.003779388964176178,0.059340253472328186,0.0,0.009713415056467056,0.0,0.0,0.0,0.0,0.02505415305495262,6.871510239946819e-05
873,True,,,,,0.001738746534101665,0.04415613412857056,0.0,0.0061543602496385574,0.0,0.0,0.0,0.0,0.022192370146512985,6.842786449938332e-05
874,True,,,,,0.0027736432384699583,0.04555516690015793,0.0,0.00732916034758091,0.0,0.0,0.0,0.0,0.023209379985928535,6.814275378658292e-05
875,True,,,,,0.0010590726742520928,0.031045105308294296,0.0,0.0041635832749307156,0.0,0.0,0.0,0.0,0.023527570068836212,6.785977319700931e-05
876,True,,,,,0.0035928699653595686,0.06033029407262802,0.0,0.009625899605453014,0.0,0.0,0.0,0.0,0.026882926002144814,6.757892564466988e-05
877,True,,,,,0.0020343801006674767,0.04420166835188866,0.0,0.006454546935856342,0.0,0.0,0.0,0.0,0.027499031275510788,6.73002140216069e-05
878,True,,,,,0.0034743675496429205,0.057011425495147705,0.0,0.00917551014572382,0.0,0.0,0.0,0.0,0.02652963250875473,6.702364119786767e-05
879,True,,,,,0.005519022699445486,0.09340143203735352,0.0,0.014859165996313095,0.0,0.0,0.0,0.0,0.033157236874103546,6.674921002147529e-05
880,True,,,,,0.0023719738237559795,0.05354788526892662,0.0,0.007726762443780899,0.0,0.0,0.0,0.0,0.03401005268096924,6.647692331839897e-05
881,True,,,,,0.0027935204561799765,0.05640142410993576,0.0,0.008433663286268711,0.0,0.0,0.0,0.0,0.027716148644685745,6.620678389252517e-05
882,True,,,,,0.005067883990705013,0.07877800613641739,0.0,0.012945684604346752,0.0,0.0,0.0,0.0,0.02741341106593609,6.593879452562868e-05
883,True,,,,,0.002400099067017436,0.04952848330140114,0.0,0.007352947257459164,0.0,0.0,0.0,0.0,0.030980486422777176,6.567295797734387e-05
884,True,,,,,0.004426824860274792,0.057596489787101746,0.0,0.010186473838984966,0.0,0.0,0.0,0.0,0.021966906264424324,6.54092769851365e-05
885,True,,,,,0.0026696203276515007,0.0630357414484024,0.0,0.008973194286227226,0.0,0.0,0.0,0.0,0.041496992111206055,6.514775426427515e-05
886,True,,,,,0.002177636604756117,0.04608045518398285,0.0,0.006785682402551174,0.0,0.0,0.0,0.0,0.017751410603523254,6.488839250780362e-05
887,True,,,,,0.0026164473965764046,0.043313853442668915,0.0,0.006947832647711039,0.0,0.0,0.0,0.0,0.021962160244584084,6.463119438651312e-05
888,True,,,,,0.002943970961496234,0.05915934592485428,0.0,0.008859905414283276,0.0,0.0,0.0,0.0,0.03457493707537651,6.437616254891458e-05
889,True,,,,,0.003943583928048611,0.05890772491693497,0.0,0.009834356606006622,0.0,0.0,0.0,0.0,0.019228467717766762,6.412329962121165e-05
890,True,,,,,0.00221028970554471,0.05075939744710922,0.0,0.007286229636520147,0.0,0.0,0.0,0.0,0.020016267895698547,6.387260820727338e-05
891,True,,,,,0.003850980196148157,0.05932775139808655,0.0,0.009783755987882614,0.0,0.0,0.0,0.0,0.021766450256109238,6.362409088860765e-05
892,True,,,,,0.004484657198190689,0.052237845957279205,0.0,0.00970844179391861,0.0,0.0,0.0,0.0,0.022362293675541878,6.337775022433444e-05
893,True,,,,,0.00483153760433197,0.048095546662807465,0.0,0.009641092270612717,0.0,0.0,0.0,0.0,0.018847450613975525,6.313358875115953e-05
894,True,,,,,0.0037752154748886824,0.053688835352659225,0.0,0.009144099429249763,0.0,0.0,0.0,0.0,0.01805606298148632,6.289160898334837e-05
895,True,,,,,0.0026072338223457336,0.04448721185326576,0.0,0.00705595500767231,0.0,0.0,0.0,0.0,0.025168579071760178,6.265181341270015e-05
896,True,,,,,0.001805976266041398,0.05197560787200928,0.0,0.007003537379205227,0.0,0.0,0.0,0.0,0.030017204582691193,6.241420450852221e-05
897,True,,,,,0.006162628531455994,0.06669741123914719,0.0,0.012832369655370712,0.0,0.0,0.0,0.0,0.021656475961208344,6.217878471760456e-05
898,True,,,,,0.004107778891921043,0.06018105149269104,0.0,0.010125884786248207,0.0,0.0,0.0,0.0,0.026509732007980347,6.194555646419474e-05
899,True,,,,,0.003045105841010809,0.05457363277673721,0.0,0.008502469398081303,0.0,0.0,0.0,0.0,0.02774115279316902,6.171452214997277e-05
900,True,,,,,0.003914049826562405,0.05948680266737938,0.0,0.009862730279564857,0.0,0.0,0.0,0.0,0.0244738832116127,6.148568415402652e-05
901,True,,,,,0.0044475398026406765,0.05875348299741745,0.0,0.010322888381779194,0.0,0.0,0.0,0.0,0.02269996516406536,6.125904483282707e-05
902,True,,,,,0.003651382401585579,0.06456372141838074,0.0,0.010107754729688168,0.0,0.0,0.0,0.0,0.02425353042781353,6.103460652020464e-05
903,True,,,,,0.004010421223938465,0.0557103306055069,0.0,0.00958145409822464,0.0,0.0,0.0,0.0,0.026575468480587006,6.081237152732437e-05
904,True,,,,,0.005105244927108288,0.06875760108232498,0.0,0.011981004849076271,0.0,0.0,0.0,0.0,0.027476461604237556,6.0592342142662704e-05
905,True,,,,,0.0019066607346758246,0.05538986623287201,0.0,0.00744564738124609,0.0,0.0,0.0,0.0,0.024569867178797722,6.0374520631983524e-05
906,True,,,,,0.0039392500184476376,0.053304679691791534,0.0,0.009269718080759048,0.0,0.0,0.0,0.0,0.019017165526747704,6.015890923831522e-05
907,True,,,,,0.004408851265907288,0.07420875132083893,0.0,0.01182972639799118,0.0,0.0,0.0,0.0,0.02211803011596203,5.9945510181927334e-05
908,True,,,,,0.004775522276759148,0.05861359462141991,0.0,0.010636881925165653,0.0,0.0,0.0,0.0,0.026060529053211212,5.973432566030762e-05
909,True,,,,,0.00451488746330142,0.06422080844640732,0.0,0.01093696802854538,0.0,0.0,0.0,0.0,0.02246009185910225,5.952535784813973e-05
910,True,,,,,0.007224127650260925,0.07693551480770111,0.0,0.014917679131031036,0.0,0.0,0.0,0.0,0.03160462900996208,5.931860889728055e-05
911,True,,,,,0.0018479337450116873,0.04218438267707825,0.0,0.006066371686756611,0.0,0.0,0.0,0.0,0.026243669912219048,5.9114080936738116e-05
912,True,,,,,0.004285387694835663,0.05861234664916992,0.0,0.01014662254601717,0.0,0.0,0.0,0.0,0.026608873158693314,5.891177607264967e-05
913,True,,,,,0.004419860430061817,0.06566627323627472,0.0,0.010986488312482834,0.0,0.0,0.0,0.0,0.02510654367506504,5.87116963882601e-05
914,True,,,,,0.00140969583299011,0.03622700273990631,0.0,0.0050323959439992905,0.0,0.0,0.0,0.0,0.024625588208436966,5.851384394390039e-05
915,True,,,,,0.002730483887717128,0.052539825439453125,0.0,0.007984466850757599,0.0,0.0,0.0,0.0,0.01975133828818798,5.831822077696623e-05
916,True,,,,,0.005644981749355793,0.06524547934532166,0.0,0.012169529683887959,0.0,0.0,0.0,0.0,0.025692833587527275,5.8124828901897365e-05
917,True,,,,,0.0037793288938701153,0.0646270215511322,0.0,0.010242030955851078,0.0,0.0,0.0,0.0,0.03174293786287308,5.793367031015672e-05
918,True,,,,,0.004925913643091917,0.06711060553789139,0.0,0.011636974290013313,0.0,0.0,0.0,0.0,0.027744654566049576,5.7744746970209815e-05
919,True,,,,,0.00273603736422956,0.05582854896783829,0.0,0.008318892680108547,0.0,0.0,0.0,0.0,0.02516031078994274,5.7558060827504465e-05
920,True,,,,,0.004388979636132717,0.056559085845947266,0.0,0.010044887661933899,0.0,0.0,0.0,0.0,0.019570648670196533,5.7373613804450986e-05
921,True,,,,,0.004503532778471708,0.05990226939320564,0.0,0.010493759997189045,0.0,0.0,0.0,0.0,0.028499126434326172,5.719140780040217e-05
922,True,,,,,0.004606354981660843,0.06672967970371246,0.0,0.011279323138296604,0.0,0.0,0.0,0.0,0.03105168603360653,5.7011444691633736e-05
923,True,,,,,0.003275788389146328,0.046627264469861984,0.0,0.007938515394926071,0.0,0.0,0.0,0.0,0.023749426007270813,5.6833726331325166e-05
924,True,,,,,0.005456463899463415,0.07719109952449799,0.0,0.013175574131309986,0.0,0.0,0.0,0.0,0.02555832825601101,5.665825454954053e-05
925,True,,,,,0.006652535405009985,0.06842900812625885,0.0,0.013495435938239098,0.0,0.0,0.0,0.0,0.022016752511262894,5.648503115320956e-05
926,True,,,,,0.005662116687744856,0.0765605941414833,0.0,0.013318176381289959,0.0,0.0,0.0,0.0,0.054610803723335266,5.631405792610921e-05
927,True,,,,,0.0024617614690214396,0.0565359890460968,0.0,0.008115360513329506,0.0,0.0,0.0,0.0,0.028484541922807693,5.614533662884509e-05
928,True,,,,,0.0008518306422047317,0.024128131568431854,0.0,0.0032646439503878355,0.0,0.0,0.0,0.0,0.017853254452347755,5.597886899883362e-05
929,True,,,,,0.003542733145877719,0.05072487145662308,0.0,0.008615219965577126,0.0,0.0,0.0,0.0,0.028370628133416176,5.581465675028376e-05
930,True,,,,,0.001977077452465892,0.04440327733755112,0.0,0.006417404860258102,0.0,0.0,0.0,0.0,0.026744455099105835,5.565270157417969e-05
931,True,,,,,0.006249546073377132,0.07417674362659454,0.0,0.013667220249772072,0.0,0.0,0.0,0.0,0.03409888595342636,5.549300513826328e-05
932,True,,,,,0.00584959052503109,0.06292375177145004,0.0,0.012141965329647064,0.0,0.0,0.0,0.0,0.025472410023212433,5.533556908701682e-05
933,True,,,,,0.0030808639712631702,0.05136417597532272,0.0,0.0082172816619277,0.0,0.0,0.0,0.0,0.016650598496198654,5.518039504164621e-05
934,True,,,,,0.003626694669947028,0.06096377596259117,0.0,0.009723071940243244,0.0,0.0,0.0,0.0,0.0256494227796793,5.5027484600064267e-05
935,True,,,,,0.0045148469507694244,0.07062239944934845,0.0,0.01157708652317524,0.0,0.0,0.0,0.0,0.03334210067987442,5.48768393368742e-05
936,True,,,,,0.0019306311151012778,0.04401227831840515,0.0,0.006331859156489372,0.0,0.0,0.0,0.0,0.027728039771318436,5.47284608033534e-05
937,True,,,,,0.005603662692010403,0.06369169056415558,0.0,0.011972831562161446,0.0,0.0,0.0,0.0,0.01805122010409832,5.458235052743752e-05
938,True,,,,,0.0043422868475317955,0.06288553029298782,0.0,0.010630840435624123,0.0,0.0,0.0,0.0,0.03803310915827751,5.443851001370472e-05
939,True,,,,,0.0036032272037118673,0.07364349067211151,0.0,0.010967575944960117,0.0,0.0,0.0,0.0,0.024693110957741737,5.4296940743360134e-05
940,True,,,,,0.00564755592495203,0.0760607123374939,0.0,0.013253627344965935,0.0,0.0,0.0,0.0,0.030086250975728035,5.4157644174220696e-05
941,True,,,,,0.0029460592195391655,0.049284111708402634,0.0,0.007874470204114914,0.0,0.0,0.0,0.0,0.024204451590776443,5.4020621740700036e-05
942,True,,,,,0.002941051498055458,0.04391499236226082,0.0,0.007332550827413797,0.0,0.0,0.0,0.0,0.019993869587779045,5.388587485379379e-05
943,True,,,,,0.0055651976726949215,0.07473631203174591,0.0,0.01303882896900177,0.0,0.0,0.0,0.0,0.02632339484989643,5.375340490106501e-05
944,True,,,,,0.0032016425393521786,0.05474080517888069,0.0,0.00867572333663702,0.0,0.0,0.0,0.0,0.02361433580517769,5.3623213246629886e-05
945,True,,,,,0.006055343430489302,0.07357277721166611,0.0,0.01341262087225914,0.0,0.0,0.0,0.0,0.027734939008951187,5.349530123114374e-05
946,True,,,,,0.004774428438395262,0.06162798032164574,0.0,0.010937226936221123,0.0,0.0,0.0,0.0,0.029497187584638596,5.336967017178726e-05
947,True,,,,,0.004976904951035976,0.06655853986740112,0.0,0.011632759124040604,0.0,0.0,0.0,0.0,0.021059444174170494,5.324632136225269e-05
948,True,,,,,0.0028916997835040092,0.04728994518518448,0.0,0.0076206945814192295,0.0,0.0,0.0,0.0,0.016545427963137627,5.312525607273086e-05
949,True,,,,,0.0022405600175261497,0.06364286690950394,0.0,0.008604846894741058,0.0,0.0,0.0,0.0,0.03362300246953964,5.3006475549897875e-05
950,True,,,,,0.002674226416274905,0.05009631812572479,0.0,0.007683858275413513,0.0,0.0,0.0,0.0,0.0342448391020298,5.288998101690231e-05
951,True,,,,,0.0037818371783941984,0.06554120033979416,0.0,0.010335957631468773,0.0,0.0,0.0,0.0,0.025578640401363373,5.277577367335268e-05
952,True,,,,,0.0053203292191028595,0.061939239501953125,0.0,0.011514253914356232,0.0,0.0,0.0,0.0,0.022929633036255836,5.266385469530499e-05
953,True,,,,,0.007425738498568535,0.08588753640651703,0.0,0.016014492139220238,0.0,0.0,0.0,0.0,0.05852915719151497,5.2554225235250805e-05
954,True,,,,,0.0013009118847548962,0.03696364909410477,0.0,0.004997276701033115,0.0,0.0,0.0,0.0,0.027080323547124863,5.244688642210509e-05
955,True,,,,,0.005496912635862827,0.06423468887805939,0.0,0.011920381337404251,0.0,0.0,0.0,0.0,0.021872831508517265,5.23418393611949e-05
956,True,,,,,0.003535602008923888,0.056413814425468445,0.0,0.009176983498036861,0.0,0.0,0.0,0.0,0.036008331924676895,5.223908513424779e-05
957,True,,,,,0.001306659891270101,0.044331856071949005,0.0,0.005739845801144838,0.0,0.0,0.0,0.0,0.03388852998614311,5.2138624799380705e-05
958,True,,,,,0.002703058300539851,0.046081192791461945,0.0,0.0073111774399876595,0.0,0.0,0.0,0.0,0.029803207144141197,5.204045939108922e-05
959,True,,,,,0.004083151929080486,0.06106816604733467,0.0,0.010189969092607498,0.0,0.0,0.0,0.0,0.0292484313249588,5.194458992023664e-05
960,True,,,,,0.0023835375905036926,0.04399612545967102,0.0,0.006783150136470795,0.0,0.0,0.0,0.0,0.02642965503036976,5.18510173740439e-05
961,True,,,,,0.004609022289514542,0.07041755318641663,0.0,0.011650778353214264,0.0,0.0,0.0,0.0,0.021737445145845413,5.175974271607908e-05
962,True,,,,,0.0028203974943608046,0.04551735147833824,0.0,0.0073721325024962425,0.0,0.0,0.0,0.0,0.029059099033474922,5.1670766886247754e-05
963,True,,,,,0.002982588019222021,0.04547770693898201,0.0,0.007530358619987965,0.0,0.0,0.0,0.0,0.02146536484360695,5.158409080078313e-05
964,True,,,,,0.006247649900615215,0.07085971534252167,0.0,0.013333621434867382,0.0,0.0,0.0,0.0,0.019029198214411736,5.14997153522367e-05
965,True,,,,,0.0033730040304362774,0.04678823798894882,0.0,0.008051827549934387,0.0,0.0,0.0,0.0,0.023713184520602226,5.141764140946903e-05
966,True,,,,,0.002383786253631115,0.054418496787548065,0.0,0.007825635373592377,0.0,0.0,0.0,0.0,0.0289487112313509,5.133786981764076e-05
967,True,,,,,0.0032784435898065567,0.06234314292669296,0.0,0.009512757882475853,0.0,0.0,0.0,0.0,0.021359192207455635,5.1260401398204064e-05
968,True,,,,,0.005512244068086147,0.0766453891992569,0.0,0.013176782988011837,0.0,0.0,0.0,0.0,0.03711867332458496,5.1185236948893956e-05
969,True,,,,,0.003045291407033801,0.04927070438861847,0.0,0.007972361519932747,0.0,0.0,0.0,0.0,0.018620437011122704,5.111237724372028e-05
970,True,,,,,0.004116786643862724,0.06268523633480072,0.0,0.010385310277342796,0.0,0.0,0.0,0.0,0.023024803027510643,5.104182303295964e-05
971,True,,,,,0.0023971747141331434,0.046269528567790985,0.0,0.0070241279900074005,0.0,0.0,0.0,0.0,0.042155638337135315,5.097357504314766e-05
972,True,,,,,0.003450229298323393,0.052681975066661835,0.0,0.008718427270650864,0.0,0.0,0.0,0.0,0.029726475477218628,5.0907633977071563e-05
973,True,,,,,0.0034608137793838978,0.05225389450788498,0.0,0.008686203509569168,0.0,0.0,0.0,0.0,0.025040719658136368,5.084400051376287e-05
974,True,,,,,0.0047179413959383965,0.07590323686599731,0.0,0.012308265082538128,0.0,0.0,0.0,0.0,0.025863971561193466,5.0782675308490534e-05
975,True,,,,,0.0014989117626100779,0.048889197409152985,0.0,0.0063878316432237625,0.0,0.0,0.0,0.0,0.01839355006814003,5.072365899275401e-05
976,True,,,,,0.004126315005123615,0.06041638180613518,0.0,0.010167952626943588,0.0,0.0,0.0,0.0,0.021456368267536163,5.066695217427687e-05
977,True,,,,,0.002129744039848447,0.04800868779420853,0.0,0.006930612958967686,0.0,0.0,0.0,0.0,0.020236173644661903,5.061255543700048e-05
978,True,,,,,0.006881820969283581,0.06711053848266602,0.0,0.013592874631285667,0.0,0.0,0.0,0.0,0.03268003463745117,5.056046934107815e-05
979,True,,,,,0.0034566852264106274,0.057628002017736435,0.0,0.009219485335052013,0.0,0.0,0.0,0.0,0.034353435039520264,5.0510694422869084e-05
980,True,,,,,0.004368897061794996,0.05423053354024887,0.0,0.009791950695216656,0.0,0.0,0.0,0.0,0.022776583209633827,5.046323119493311e-05
981,True,,,,,0.004008357413113117,0.07303404808044434,0.0,0.011311762034893036,0.0,0.0,0.0,0.0,0.027482427656650543,5.0418080146025285e-05
982,True,,,,,0.003460200037807226,0.055616460740566254,0.0,0.009021846577525139,0.0,0.0,0.0,0.0,0.024842169135808945,5.0375241741090854e-05
983,True,,,,,0.0030471677891910076,0.05456995218992233,0.0,0.008504163473844528,0.0,0.0,0.0,0.0,0.021320218220353127,5.0334716421260555e-05
984,True,,,,,0.0013824551133438945,0.031181814149022102,0.0,0.004500636365264654,0.0,0.0,0.0,0.0,0.03318198770284653,5.0296504603845925e-05
985,True,,,,,0.0032789278775453568,0.052631787955760956,0.0,0.008542107418179512,0.0,0.0,0.0,0.0,0.01700710318982601,5.0260606682335205e-05
986,True,,,,,0.003732170443981886,0.05709172785282135,0.0,0.009441343136131763,0.0,0.0,0.0,0.0,0.020464295521378517,5.022702302638904e-05
987,True,,,,,0.002083071041852236,0.04258890450000763,0.0,0.006341961678117514,0.0,0.0,0.0,0.0,0.031990960240364075,5.0195753981836875e-05
988,True,,,,,0.0015451697399839759,0.05042564123868942,0.0,0.00658773398026824,0.0,0.0,0.0,0.0,0.021802183240652084,5.016679987067334e-05
989,True,,,,,0.0018291317392140627,0.0402371846139431,0.0,0.005852850154042244,0.0,0.0,0.0,0.0,0.023546665906906128,5.014016099105491e-05
990,True,,,,,0.0028556976467370987,0.05328783392906189,0.0,0.008184481412172318,0.0,0.0,0.0,0.0,0.025190630927681923,5.011583761729681e-05
991,True,,,,,0.0046976166777312756,0.07486706972122192,0.0,0.012184323742985725,0.0,0.0,0.0,0.0,0.029899386689066887,5.009382999987022e-05
992,True,,,,,0.003580661490559578,0.056047018617391586,0.0,0.009185363538563251,0.0,0.0,0.0,0.0,0.018576083704829216,5.007413836539978e-05
993,True,,,,,0.002174092922359705,0.06489250063896179,0.0,0.008663343265652657,0.0,0.0,0.0,0.0,0.02840684913098812,5.005676291666106e-05
994,True,,,,,0.003667432814836502,0.04900551587343216,0.0,0.008567985147237778,0.0,0.0,0.0,0.0,0.021818673238158226,5.004170383257867e-05
995,True,,,,,0.005774970632046461,0.058913350105285645,0.0,0.011666305363178253,0.0,0.0,0.0,0.0,0.01539879571646452,5.002896126822433e-05
996,True,,,,,0.003196826670318842,0.060938313603401184,0.0,0.009290657937526703,0.0,0.0,0.0,0.0,0.025355296209454536,5.001853535481522e-05
997,True,,,,,0.0034961714409291744,0.05490117147564888,0.0,0.00898628868162632,0.0,0.0,0.0,0.0,0.025745613500475883,5.001042619971277e-05
998,True,,,,,0.003100987058132887,0.049829818308353424,0.0,0.008083969354629517,0.0,0.0,0.0,0.0,0.01938614621758461,5.0004633886421385e-05
999,True,,,,,0.0030417349189519882,0.059359923005104065,0.0,0.008977727964520454,0.0,0.0,0.0,0.0,0.022850917652249336,5.000115847458771e-05
1000,True,,,,,0.007171818055212498,0.06772550940513611,0.0,0.013944368809461594,0.0,0.0,0.0,0.0,0.01506352424621582,5e-05
