Log (environment setup, fixture, attack, evaluation): /home/jovyan/thinhnd39/quantization/output_attack/run_20260923_083114_djZFAx.log
Preparing dedicated Conda environment wmq...
Environment Python: /opt/conda/envs/wmq/bin/python
Environment prefix: /opt/conda/envs/wmq
Pinned dependencies already installed; skipping downloads.
No broken requirements found.
Dependency imports and TorchVision binary check passed.
Using Python: /opt/conda/envs/wmq/bin/python
GPU: NVIDIA H200; torch=2.7.1+cu128; diffusers=0.35.1
Experiment profile: research; method set: focused; explicit CLI flags override defaults.
[1/4] Preparing or reusing the pinned public Stable Signature fixture...
Reusing marked fixture: /home/jovyan/thinhnd39/quantization/output_artifacts/models/marked_sd21
Preparing public COCO natural images for the additional branches...
Reusing verified COCO pool: /home/jovyan/thinhnd39/quantization/output_artifacts/datasets/coco2017_n5256_seed3407
[2/4] Running quantization controls, natural ablations and independent FP32 decoder controls...
Result directory: /home/jovyan/thinhnd39/quantization/output_attack/run_20260923_083114/run_20260923_083114_seed_3407_preserve_0.5
Training protocol: batch=4; rounding steps=1000; QAT steps=1000; FP32 steps=1000; optimizer=adamw; FP32 LR=0.0005; natural train/search=4000/256; natural resolution=256; preservation=lowpass
Report directory: /home/jovyan/thinhnd39/quantization/output_attack/run_20260923_083114/run_20260923_083114_seed_3407_preserve_0.5
Image directory: /home/jovyan/thinhnd39/quantization/output_artifacts/images/run_20260923_083114_seed_3407_preserve_0.5
Checkpoint directory: /home/jovyan/thinhnd39/quantization/output_artifacts/checkpoints/run_20260923_083114_seed_3407_preserve_0.5
Loading pipeline components...:   0%|          | 0/6 [00:00<?, ?it/s]Loading pipeline components...:  17%|█▋        | 1/6 [00:00<00:00,  9.22it/s]`torch_dtype` is deprecated! Use `dtype` instead!
Loading pipeline components...:  50%|█████     | 3/6 [00:00<00:00,  5.50it/s]Loading pipeline components...:  67%|██████▋   | 4/6 [00:01<00:00,  2.79it/s]Loading pipeline components...: 100%|██████████| 6/6 [00:01<00:00,  4.91it/s]
Inference batch=8; evaluation batch=32; data cache=auto
cached latents 8/52
cached latents 16/52
cached latents 24/52
cached latents 32/52
cached latents 40/52
cached latents 48/52
cached latents 52/52
decoded references 32/52
decoded references 52/52
{'candidate': 'fixed_ptq_w8_c1.0_step0', 'source': 'fixed_rtn', 'method': 'fixed_ptq', 'bits': 8, 'clip': 1.0, 'step': 0, 'psnr': 57.079833984375, 'ssim': 0.9997356534004211, 'psnr_p05': 53.20294952392578, 'min_psnr': 52.35723114013672, 'quality_violation_fraction': 0.0, 'target_mse': 7.45739389458322e-05, 'feasible': True, 'semantic_lowpass_mse': 3.0519668321460357e-07, 'selection_objective': 7.45739389458322e-05}
{'candidate': 'reconstruction_w8_c1.0_step0', 'source': 'rtn_fallback', 'method': 'reconstruction', 'bits': 8, 'clip': 1.0, 'step': 0, 'psnr': 57.079833984375, 'ssim': 0.9997356534004211, 'psnr_p05': 53.20294952392578, 'min_psnr': 52.35723114013672, 'quality_violation_fraction': 0.0, 'target_mse': 2.3042802979489354e-06, 'feasible': True, 'semantic_lowpass_mse': 3.0519668321460357e-07, 'selection_objective': 2.3042802979489354e-06}
{'candidate': 'reconstruction_w8_c1.0_step100', 'source': 'reconstruction', 'method': 'reconstruction', 'bits': 8, 'clip': 1.0, 'step': 100, 'psnr': 57.08173370361328, 'ssim': 0.9997393488883972, 'psnr_p05': 53.14094543457031, 'min_psnr': 52.524505615234375, 'quality_violation_fraction': 0.0, 'target_mse': 2.265676326373978e-06, 'feasible': True, 'semantic_lowpass_mse': 2.8435620897937496e-07, 'selection_objective': 2.265676326373978e-06}
{'candidate': 'reconstruction_w8_c1.0_step200', 'source': 'reconstruction', 'method': 'reconstruction', 'bits': 8, 'clip': 1.0, 'step': 200, 'psnr': 57.16851806640625, 'ssim': 0.99974125623703, 'psnr_p05': 53.25927734375, 'min_psnr': 52.622737884521484, 'quality_violation_fraction': 0.0, 'target_mse': 2.221833779003646e-06, 'feasible': True, 'semantic_lowpass_mse': 2.7966169895421445e-07, 'selection_objective': 2.221833779003646e-06}
{'candidate': 'reconstruction_w8_c1.0_step300', 'source': 'reconstruction', 'method': 'reconstruction', 'bits': 8, 'clip': 1.0, 'step': 300, 'psnr': 57.03142166137695, 'ssim': 0.9997410774230957, 'psnr_p05': 53.39168167114258, 'min_psnr': 52.68281936645508, 'quality_violation_fraction': 0.0, 'target_mse': 2.2619350772856707e-06, 'feasible': True, 'semantic_lowpass_mse': 3.240013914052042e-07, 'selection_objective': 2.2619350772856707e-06}
{'candidate': 'reconstruction_w8_c1.0_step400', 'source': 'reconstruction', 'method': 'reconstruction', 'bits': 8, 'clip': 1.0, 'step': 400, 'psnr': 57.168312072753906, 'ssim': 0.9997389912605286, 'psnr_p05': 53.4085807800293, 'min_psnr': 52.76139831542969, 'quality_violation_fraction': 0.0, 'target_mse': 2.20500654108946e-06, 'feasible': True, 'semantic_lowpass_mse': 2.974952879597481e-07, 'selection_objective': 2.20500654108946e-06}
{'candidate': 'reconstruction_w8_c1.0_step500', 'source': 'reconstruction', 'method': 'reconstruction', 'bits': 8, 'clip': 1.0, 'step': 500, 'psnr': 57.19252395629883, 'ssim': 0.9997426271438599, 'psnr_p05': 53.493831634521484, 'min_psnr': 52.869686126708984, 'quality_violation_fraction': 0.0, 'target_mse': 2.1844029930662146e-06, 'feasible': True, 'semantic_lowpass_mse': 3.068685089147039e-07, 'selection_objective': 2.1844029930662146e-06}
{'candidate': 'reconstruction_w8_c1.0_step600', 'source': 'reconstruction', 'method': 'reconstruction', 'bits': 8, 'clip': 1.0, 'step': 600, 'psnr': 57.06101608276367, 'ssim': 0.9997352361679077, 'psnr_p05': 53.45287322998047, 'min_psnr': 52.818504333496094, 'quality_violation_fraction': 0.0, 'target_mse': 2.2412706584873376e-06, 'feasible': True, 'semantic_lowpass_mse': 3.478184687821795e-07, 'selection_objective': 2.2412706584873376e-06}
{'candidate': 'reconstruction_w8_c1.0_step700', 'source': 'reconstruction', 'method': 'reconstruction', 'bits': 8, 'clip': 1.0, 'step': 700, 'psnr': 57.204856872558594, 'ssim': 0.9997334480285645, 'psnr_p05': 53.50602722167969, 'min_psnr': 52.933345794677734, 'quality_violation_fraction': 0.0, 'target_mse': 2.1723091123249104e-06, 'feasible': True, 'semantic_lowpass_mse': 3.127975865879762e-07, 'selection_objective': 2.1723091123249104e-06}
{'candidate': 'reconstruction_w8_c1.0_step800', 'source': 'reconstruction', 'method': 'reconstruction', 'bits': 8, 'clip': 1.0, 'step': 800, 'psnr': 57.1876220703125, 'ssim': 0.9997328519821167, 'psnr_p05': 53.515262603759766, 'min_psnr': 52.93113327026367, 'quality_violation_fraction': 0.0, 'target_mse': 2.1790342657368457e-06, 'feasible': True, 'semantic_lowpass_mse': 3.241282147570246e-07, 'selection_objective': 2.1790342657368457e-06}
{'candidate': 'reconstruction_w8_c1.0_step900', 'source': 'reconstruction', 'method': 'reconstruction', 'bits': 8, 'clip': 1.0, 'step': 900, 'psnr': 57.217193603515625, 'ssim': 0.999736487865448, 'psnr_p05': 53.52079772949219, 'min_psnr': 52.94933319091797, 'quality_violation_fraction': 0.0, 'target_mse': 2.162695381002777e-06, 'feasible': True, 'semantic_lowpass_mse': 3.085345786857374e-07, 'selection_objective': 2.162695381002777e-06}
{'candidate': 'reconstruction_w8_c1.0_step1000', 'source': 'reconstruction', 'method': 'reconstruction', 'bits': 8, 'clip': 1.0, 'step': 1000, 'psnr': 57.15366744995117, 'ssim': 0.9997394680976868, 'psnr_p05': 53.53086471557617, 'min_psnr': 52.91004943847656, 'quality_violation_fraction': 0.0, 'target_mse': 2.192049151972242e-06, 'feasible': True, 'semantic_lowpass_mse': 3.2536335368149596e-07, 'selection_objective': 2.192049151972242e-06}
Setting up [LPIPS] perceptual loss: trunk [alex], v[0.1], spatial [off]
/opt/conda/envs/wmq/lib/python3.11/site-packages/torchvision/models/_utils.py:208: UserWarning: The parameter 'pretrained' is deprecated since 0.13 and may be removed in the future, please use 'weights' instead.
  warnings.warn(
/opt/conda/envs/wmq/lib/python3.11/site-packages/torchvision/models/_utils.py:223: UserWarning: Arguments other than a weight enum or `None` for 'weights' are deprecated since 0.13 and may be removed in the future. The current behavior is equivalent to passing `weights=AlexNet_Weights.IMAGENET1K_V1`. You can also use `weights=AlexNet_Weights.DEFAULT` to get the most up-to-date weights.
  warnings.warn(msg)
Loading model from: /opt/conda/envs/wmq/lib/python3.11/site-packages/lpips/weights/v0.1/alex.pth
Residual calibration 1/4000
Residual calibration 2/4000
Residual calibration 3/4000
Residual calibration 4/4000
Residual calibration 5/4000
Residual calibration 6/4000
Residual calibration 7/4000
Residual calibration 8/4000
Residual calibration 9/4000
Residual calibration 10/4000
Residual calibration 11/4000
Residual calibration 12/4000
Residual calibration 13/4000
Residual calibration 14/4000
Residual calibration 15/4000
Residual calibration 16/4000
Residual calibration 17/4000
Residual calibration 18/4000
Residual calibration 19/4000
Residual calibration 20/4000
Residual calibration 21/4000
Residual calibration 22/4000
Residual calibration 23/4000
Residual calibration 24/4000
Residual calibration 25/4000
Residual calibration 26/4000
Residual calibration 27/4000
Residual calibration 28/4000
Residual calibration 29/4000
Residual calibration 30/4000
Residual calibration 31/4000
Residual calibration 32/4000
Residual calibration 33/4000
Residual calibration 34/4000
Residual calibration 35/4000
Residual calibration 36/4000
Residual calibration 37/4000
Residual calibration 38/4000
Residual calibration 39/4000
Residual calibration 40/4000
Residual calibration 41/4000
Residual calibration 42/4000
Residual calibration 43/4000
Residual calibration 44/4000
Residual calibration 45/4000
Residual calibration 46/4000
Residual calibration 47/4000
Residual calibration 48/4000
Residual calibration 49/4000
Residual calibration 50/4000
Residual calibration 51/4000
Residual calibration 52/4000
Residual calibration 53/4000
Residual calibration 54/4000
Residual calibration 55/4000
Residual calibration 56/4000
Residual calibration 57/4000
Residual calibration 58/4000
Residual calibration 59/4000
Residual calibration 60/4000
Residual calibration 61/4000
Residual calibration 62/4000
Residual calibration 63/4000
Residual calibration 64/4000
Residual calibration 65/4000
Residual calibration 66/4000
Residual calibration 67/4000
Residual calibration 68/4000
Residual calibration 69/4000
Residual calibration 70/4000
Residual calibration 71/4000
Residual calibration 72/4000
Residual calibration 73/4000
Residual calibration 74/4000
Residual calibration 75/4000
Residual calibration 76/4000
Residual calibration 77/4000
Residual calibration 78/4000
Residual calibration 79/4000
Residual calibration 80/4000
Residual calibration 81/4000
Residual calibration 82/4000
Residual calibration 83/4000
Residual calibration 84/4000
Residual calibration 85/4000
Residual calibration 86/4000
Residual calibration 87/4000
Residual calibration 88/4000
Residual calibration 89/4000
Residual calibration 90/4000
Residual calibration 91/4000
Residual calibration 92/4000
Residual calibration 93/4000
Residual calibration 94/4000
Residual calibration 95/4000
Residual calibration 96/4000
Residual calibration 97/4000
Residual calibration 98/4000
Residual calibration 99/4000
Residual calibration 100/4000
Residual calibration 101/4000
Residual calibration 102/4000
Residual calibration 103/4000
Residual calibration 104/4000
Residual calibration 105/4000
Residual calibration 106/4000
Residual calibration 107/4000
Residual calibration 108/4000
Residual calibration 109/4000
Residual calibration 110/4000
Residual calibration 111/4000
Residual calibration 112/4000
Residual calibration 113/4000
Residual calibration 114/4000
Residual calibration 115/4000
Residual calibration 116/4000
Residual calibration 117/4000
Residual calibration 118/4000
Residual calibration 119/4000
Residual calibration 120/4000
Residual calibration 121/4000
Residual calibration 122/4000
Residual calibration 123/4000
Residual calibration 124/4000
Residual calibration 125/4000
Residual calibration 126/4000
Residual calibration 127/4000
Residual calibration 128/4000
Residual calibration 129/4000
Residual calibration 130/4000
Residual calibration 131/4000
Residual calibration 132/4000
Residual calibration 133/4000
Residual calibration 134/4000
Residual calibration 135/4000
Residual calibration 136/4000
Residual calibration 137/4000
Residual calibration 138/4000
Residual calibration 139/4000
Residual calibration 140/4000
Residual calibration 141/4000
Residual calibration 142/4000
Residual calibration 143/4000
Residual calibration 144/4000
Residual calibration 145/4000
Residual calibration 146/4000
Residual calibration 147/4000
Residual calibration 148/4000
Residual calibration 149/4000
Residual calibration 150/4000
Residual calibration 151/4000
Residual calibration 152/4000
Residual calibration 153/4000
Residual calibration 154/4000
Residual calibration 155/4000
Residual calibration 156/4000
Residual calibration 157/4000
Residual calibration 158/4000
Residual calibration 159/4000
Residual calibration 160/4000
Residual calibration 161/4000
Residual calibration 162/4000
Residual calibration 163/4000
Residual calibration 164/4000
Residual calibration 165/4000
Residual calibration 166/4000
Residual calibration 167/4000
Residual calibration 168/4000
Residual calibration 169/4000
Residual calibration 170/4000
Residual calibration 171/4000
Residual calibration 172/4000
Residual calibration 173/4000
Residual calibration 174/4000
Residual calibration 175/4000
Residual calibration 176/4000
Residual calibration 177/4000
Residual calibration 178/4000
Residual calibration 179/4000
Residual calibration 180/4000
Residual calibration 181/4000
Residual calibration 182/4000
Residual calibration 183/4000
Residual calibration 184/4000
Residual calibration 185/4000
Residual calibration 186/4000
Residual calibration 187/4000
Residual calibration 188/4000
Residual calibration 189/4000
Residual calibration 190/4000
Residual calibration 191/4000
Residual calibration 192/4000
Residual calibration 193/4000
Residual calibration 194/4000
Residual calibration 195/4000
Residual calibration 196/4000
Residual calibration 197/4000
Residual calibration 198/4000
Residual calibration 199/4000
Residual calibration 200/4000
Residual calibration 201/4000
Residual calibration 202/4000
Residual calibration 203/4000
Residual calibration 204/4000
Residual calibration 205/4000
Residual calibration 206/4000
Residual calibration 207/4000
Residual calibration 208/4000
Residual calibration 209/4000
Residual calibration 210/4000
Residual calibration 211/4000
Residual calibration 212/4000
Residual calibration 213/4000
Residual calibration 214/4000
Residual calibration 215/4000
Residual calibration 216/4000
Residual calibration 217/4000
Residual calibration 218/4000
Residual calibration 219/4000
Residual calibration 220/4000
Residual calibration 221/4000
Residual calibration 222/4000
Residual calibration 223/4000
Residual calibration 224/4000
Residual calibration 225/4000
Residual calibration 226/4000
Residual calibration 227/4000
Residual calibration 228/4000
Residual calibration 229/4000
Residual calibration 230/4000
Residual calibration 231/4000
Residual calibration 232/4000
Residual calibration 233/4000
Residual calibration 234/4000
Residual calibration 235/4000
Residual calibration 236/4000
Residual calibration 237/4000
Residual calibration 238/4000
Residual calibration 239/4000
Residual calibration 240/4000
Residual calibration 241/4000
Residual calibration 242/4000
Residual calibration 243/4000
Residual calibration 244/4000
Residual calibration 245/4000
Residual calibration 246/4000
Residual calibration 247/4000
Residual calibration 248/4000
Residual calibration 249/4000
Residual calibration 250/4000
Residual calibration 251/4000
Residual calibration 252/4000
Residual calibration 253/4000
Residual calibration 254/4000
Residual calibration 255/4000
Residual calibration 256/4000
Residual calibration 257/4000
Residual calibration 258/4000
Residual calibration 259/4000
Residual calibration 260/4000
Residual calibration 261/4000
Residual calibration 262/4000
Residual calibration 263/4000
Residual calibration 264/4000
Residual calibration 265/4000
Residual calibration 266/4000
Residual calibration 267/4000
Residual calibration 268/4000
Residual calibration 269/4000
Residual calibration 270/4000
Residual calibration 271/4000
Residual calibration 272/4000
Residual calibration 273/4000
Residual calibration 274/4000
Residual calibration 275/4000
Residual calibration 276/4000
Residual calibration 277/4000
Residual calibration 278/4000
Residual calibration 279/4000
Residual calibration 280/4000
Residual calibration 281/4000
Residual calibration 282/4000
Residual calibration 283/4000
Residual calibration 284/4000
Residual calibration 285/4000
Residual calibration 286/4000
Residual calibration 287/4000
Residual calibration 288/4000
Residual calibration 289/4000
Residual calibration 290/4000
Residual calibration 291/4000
Residual calibration 292/4000
Residual calibration 293/4000
Residual calibration 294/4000
Residual calibration 295/4000
Residual calibration 296/4000
Residual calibration 297/4000
Residual calibration 298/4000
Residual calibration 299/4000
Residual calibration 300/4000
Residual calibration 301/4000
Residual calibration 302/4000
Residual calibration 303/4000
Residual calibration 304/4000
Residual calibration 305/4000
Residual calibration 306/4000
Residual calibration 307/4000
Residual calibration 308/4000
Residual calibration 309/4000
Residual calibration 310/4000
Residual calibration 311/4000
Residual calibration 312/4000
Residual calibration 313/4000
Residual calibration 314/4000
Residual calibration 315/4000
Residual calibration 316/4000
Residual calibration 317/4000
Residual calibration 318/4000
Residual calibration 319/4000
Residual calibration 320/4000
Residual calibration 321/4000
Residual calibration 322/4000
Residual calibration 323/4000
Residual calibration 324/4000
Residual calibration 325/4000
Residual calibration 326/4000
Residual calibration 327/4000
Residual calibration 328/4000
Residual calibration 329/4000
Residual calibration 330/4000
Residual calibration 331/4000
Residual calibration 332/4000
Residual calibration 333/4000
Residual calibration 334/4000
Residual calibration 335/4000
Residual calibration 336/4000
Residual calibration 337/4000
Residual calibration 338/4000
Residual calibration 339/4000
Residual calibration 340/4000
Residual calibration 341/4000
Residual calibration 342/4000
Residual calibration 343/4000
Residual calibration 344/4000
Residual calibration 345/4000
Residual calibration 346/4000
Residual calibration 347/4000
Residual calibration 348/4000
Residual calibration 349/4000
Residual calibration 350/4000
Residual calibration 351/4000
Residual calibration 352/4000
Residual calibration 353/4000
Residual calibration 354/4000
Residual calibration 355/4000
Residual calibration 356/4000
Residual calibration 357/4000
Residual calibration 358/4000
Residual calibration 359/4000
Residual calibration 360/4000
Residual calibration 361/4000
Residual calibration 362/4000
Residual calibration 363/4000
Residual calibration 364/4000
Residual calibration 365/4000
Residual calibration 366/4000
Residual calibration 367/4000
Residual calibration 368/4000
Residual calibration 369/4000
Residual calibration 370/4000
Residual calibration 371/4000
Residual calibration 372/4000
Residual calibration 373/4000
Residual calibration 374/4000
Residual calibration 375/4000
Residual calibration 376/4000
Residual calibration 377/4000
Residual calibration 378/4000
Residual calibration 379/4000
Residual calibration 380/4000
Residual calibration 381/4000
Residual calibration 382/4000
Residual calibration 383/4000
Residual calibration 384/4000
Residual calibration 385/4000
Residual calibration 386/4000
Residual calibration 387/4000
Residual calibration 388/4000
Residual calibration 389/4000
Residual calibration 390/4000
Residual calibration 391/4000
Residual calibration 392/4000
Residual calibration 393/4000
Residual calibration 394/4000
Residual calibration 395/4000
Residual calibration 396/4000
Residual calibration 397/4000
Residual calibration 398/4000
Residual calibration 399/4000
Residual calibration 400/4000
Residual calibration 401/4000
Residual calibration 402/4000
Residual calibration 403/4000
Residual calibration 404/4000
Residual calibration 405/4000
Residual calibration 406/4000
Residual calibration 407/4000
Residual calibration 408/4000
Residual calibration 409/4000
Residual calibration 410/4000
Residual calibration 411/4000
Residual calibration 412/4000
Residual calibration 413/4000
Residual calibration 414/4000
Residual calibration 415/4000
Residual calibration 416/4000
Residual calibration 417/4000
Residual calibration 418/4000
Residual calibration 419/4000
Residual calibration 420/4000
Residual calibration 421/4000
Residual calibration 422/4000
Residual calibration 423/4000
Residual calibration 424/4000
Residual calibration 425/4000
Residual calibration 426/4000
Residual calibration 427/4000
Residual calibration 428/4000
Residual calibration 429/4000
Residual calibration 430/4000
Residual calibration 431/4000
Residual calibration 432/4000
Residual calibration 433/4000
Residual calibration 434/4000
Residual calibration 435/4000
Residual calibration 436/4000
Residual calibration 437/4000
Residual calibration 438/4000
Residual calibration 439/4000
Residual calibration 440/4000
Residual calibration 441/4000
Residual calibration 442/4000
Residual calibration 443/4000
Residual calibration 444/4000
Residual calibration 445/4000
Residual calibration 446/4000
Residual calibration 447/4000
Residual calibration 448/4000
Residual calibration 449/4000
Residual calibration 450/4000
Residual calibration 451/4000
Residual calibration 452/4000
Residual calibration 453/4000
Residual calibration 454/4000
Residual calibration 455/4000
Residual calibration 456/4000
Residual calibration 457/4000
Residual calibration 458/4000
Residual calibration 459/4000
Residual calibration 460/4000
Residual calibration 461/4000
Residual calibration 462/4000
Residual calibration 463/4000
Residual calibration 464/4000
Residual calibration 465/4000
Residual calibration 466/4000
Residual calibration 467/4000
Residual calibration 468/4000
Residual calibration 469/4000
Residual calibration 470/4000
Residual calibration 471/4000
Residual calibration 472/4000
Residual calibration 473/4000
Residual calibration 474/4000
Residual calibration 475/4000
Residual calibration 476/4000
Residual calibration 477/4000
Residual calibration 478/4000
Residual calibration 479/4000
Residual calibration 480/4000
Residual calibration 481/4000
Residual calibration 482/4000
Residual calibration 483/4000
Residual calibration 484/4000
Residual calibration 485/4000
Residual calibration 486/4000
Residual calibration 487/4000
Residual calibration 488/4000
Residual calibration 489/4000
Residual calibration 490/4000
Residual calibration 491/4000
Residual calibration 492/4000
Residual calibration 493/4000
Residual calibration 494/4000
Residual calibration 495/4000
Residual calibration 496/4000
Residual calibration 497/4000
Residual calibration 498/4000
Residual calibration 499/4000
Residual calibration 500/4000
Residual calibration 501/4000
Residual calibration 502/4000
Residual calibration 503/4000
Residual calibration 504/4000
Residual calibration 505/4000
Residual calibration 506/4000
Residual calibration 507/4000
Residual calibration 508/4000
Residual calibration 509/4000
Residual calibration 510/4000
Residual calibration 511/4000
Residual calibration 512/4000
Residual calibration 513/4000
Residual calibration 514/4000
Residual calibration 515/4000
Residual calibration 516/4000
Residual calibration 517/4000
Residual calibration 518/4000
Residual calibration 519/4000
Residual calibration 520/4000
Residual calibration 521/4000
Residual calibration 522/4000
Residual calibration 523/4000
Residual calibration 524/4000
Residual calibration 525/4000
Residual calibration 526/4000
Residual calibration 527/4000
Residual calibration 528/4000
Residual calibration 529/4000
Residual calibration 530/4000
Residual calibration 531/4000
Residual calibration 532/4000
Residual calibration 533/4000
Residual calibration 534/4000
Residual calibration 535/4000
Residual calibration 536/4000
Residual calibration 537/4000
Residual calibration 538/4000
Residual calibration 539/4000
Residual calibration 540/4000
Residual calibration 541/4000
Residual calibration 542/4000
Residual calibration 543/4000
Residual calibration 544/4000
Residual calibration 545/4000
Residual calibration 546/4000
Residual calibration 547/4000
Residual calibration 548/4000
Residual calibration 549/4000
Residual calibration 550/4000
Residual calibration 551/4000
Residual calibration 552/4000
Residual calibration 553/4000
Residual calibration 554/4000
Residual calibration 555/4000
Residual calibration 556/4000
Residual calibration 557/4000
Residual calibration 558/4000
Residual calibration 559/4000
Residual calibration 560/4000
Residual calibration 561/4000
Residual calibration 562/4000
Residual calibration 563/4000
Residual calibration 564/4000
Residual calibration 565/4000
Residual calibration 566/4000
Residual calibration 567/4000
Residual calibration 568/4000
Residual calibration 569/4000
Residual calibration 570/4000
Residual calibration 571/4000
Residual calibration 572/4000
Residual calibration 573/4000
Residual calibration 574/4000
Residual calibration 575/4000
Residual calibration 576/4000
Residual calibration 577/4000
Residual calibration 578/4000
Residual calibration 579/4000
Residual calibration 580/4000
Residual calibration 581/4000
Residual calibration 582/4000
Residual calibration 583/4000
Residual calibration 584/4000
Residual calibration 585/4000
Residual calibration 586/4000
Residual calibration 587/4000
Residual calibration 588/4000
Residual calibration 589/4000
Residual calibration 590/4000
Residual calibration 591/4000
Residual calibration 592/4000
Residual calibration 593/4000
Residual calibration 594/4000
Residual calibration 595/4000
Residual calibration 596/4000
Residual calibration 597/4000
Residual calibration 598/4000
Residual calibration 599/4000
Residual calibration 600/4000
Residual calibration 601/4000
Residual calibration 602/4000
Residual calibration 603/4000
Residual calibration 604/4000
Residual calibration 605/4000
Residual calibration 606/4000
Residual calibration 607/4000
Residual calibration 608/4000
Residual calibration 609/4000
Residual calibration 610/4000
Residual calibration 611/4000
Residual calibration 612/4000
Residual calibration 613/4000
Residual calibration 614/4000
Residual calibration 615/4000
Residual calibration 616/4000
Residual calibration 617/4000
Residual calibration 618/4000
Residual calibration 619/4000
Residual calibration 620/4000
Residual calibration 621/4000
Residual calibration 622/4000
Residual calibration 623/4000
Residual calibration 624/4000
Residual calibration 625/4000
Residual calibration 626/4000
Residual calibration 627/4000
Residual calibration 628/4000
Residual calibration 629/4000
Residual calibration 630/4000
Residual calibration 631/4000
Residual calibration 632/4000
Residual calibration 633/4000
Residual calibration 634/4000
Residual calibration 635/4000
Residual calibration 636/4000
Residual calibration 637/4000
Residual calibration 638/4000
Residual calibration 639/4000
Residual calibration 640/4000
Residual calibration 641/4000
Residual calibration 642/4000
Residual calibration 643/4000
Residual calibration 644/4000
Residual calibration 645/4000
Residual calibration 646/4000
Residual calibration 647/4000
Residual calibration 648/4000
Residual calibration 649/4000
Residual calibration 650/4000
Residual calibration 651/4000
Residual calibration 652/4000
Residual calibration 653/4000
Residual calibration 654/4000
Residual calibration 655/4000
Residual calibration 656/4000
Residual calibration 657/4000
Residual calibration 658/4000
Residual calibration 659/4000
Residual calibration 660/4000
Residual calibration 661/4000
Residual calibration 662/4000
Residual calibration 663/4000
Residual calibration 664/4000
Residual calibration 665/4000
Residual calibration 666/4000
Residual calibration 667/4000
Residual calibration 668/4000
Residual calibration 669/4000
Residual calibration 670/4000
Residual calibration 671/4000
Residual calibration 672/4000
Residual calibration 673/4000
Residual calibration 674/4000
Residual calibration 675/4000
Residual calibration 676/4000
Residual calibration 677/4000
Residual calibration 678/4000
Residual calibration 679/4000
Residual calibration 680/4000
Residual calibration 681/4000
Residual calibration 682/4000
Residual calibration 683/4000
Residual calibration 684/4000
Residual calibration 685/4000
Residual calibration 686/4000
Residual calibration 687/4000
Residual calibration 688/4000
Residual calibration 689/4000
Residual calibration 690/4000
Residual calibration 691/4000
Residual calibration 692/4000
Residual calibration 693/4000
Residual calibration 694/4000
Residual calibration 695/4000
Residual calibration 696/4000
Residual calibration 697/4000
Residual calibration 698/4000
Residual calibration 699/4000
Residual calibration 700/4000
Residual calibration 701/4000
Residual calibration 702/4000
Residual calibration 703/4000
Residual calibration 704/4000
Residual calibration 705/4000
Residual calibration 706/4000
Residual calibration 707/4000
Residual calibration 708/4000
Residual calibration 709/4000
Residual calibration 710/4000
Residual calibration 711/4000
Residual calibration 712/4000
Residual calibration 713/4000
Residual calibration 714/4000
Residual calibration 715/4000
Residual calibration 716/4000
Residual calibration 717/4000
Residual calibration 718/4000
Residual calibration 719/4000
Residual calibration 720/4000
Residual calibration 721/4000
Residual calibration 722/4000
Residual calibration 723/4000
Residual calibration 724/4000
Residual calibration 725/4000
Residual calibration 726/4000
Residual calibration 727/4000
Residual calibration 728/4000
Residual calibration 729/4000
Residual calibration 730/4000
Residual calibration 731/4000
Residual calibration 732/4000
Residual calibration 733/4000
Residual calibration 734/4000
Residual calibration 735/4000
Residual calibration 736/4000
Residual calibration 737/4000
Residual calibration 738/4000
Residual calibration 739/4000
Residual calibration 740/4000
Residual calibration 741/4000
Residual calibration 742/4000
Residual calibration 743/4000
Residual calibration 744/4000
Residual calibration 745/4000
Residual calibration 746/4000
Residual calibration 747/4000
Residual calibration 748/4000
Residual calibration 749/4000
Residual calibration 750/4000
Residual calibration 751/4000
Residual calibration 752/4000
Residual calibration 753/4000
Residual calibration 754/4000
Residual calibration 755/4000
Residual calibration 756/4000
Residual calibration 757/4000
Residual calibration 758/4000
Residual calibration 759/4000
Residual calibration 760/4000
Residual calibration 761/4000
Residual calibration 762/4000
Residual calibration 763/4000
Residual calibration 764/4000
Residual calibration 765/4000
Residual calibration 766/4000
Residual calibration 767/4000
Residual calibration 768/4000
Residual calibration 769/4000
Residual calibration 770/4000
Residual calibration 771/4000
Residual calibration 772/4000
Residual calibration 773/4000
Residual calibration 774/4000
Residual calibration 775/4000
Residual calibration 776/4000
Residual calibration 777/4000
Residual calibration 778/4000
Residual calibration 779/4000
Residual calibration 780/4000
Residual calibration 781/4000
Residual calibration 782/4000
Residual calibration 783/4000
Residual calibration 784/4000
Residual calibration 785/4000
Residual calibration 786/4000
Residual calibration 787/4000
Residual calibration 788/4000
Residual calibration 789/4000
Residual calibration 790/4000
Residual calibration 791/4000
Residual calibration 792/4000
Residual calibration 793/4000
Residual calibration 794/4000
Residual calibration 795/4000
Residual calibration 796/4000
Residual calibration 797/4000
Residual calibration 798/4000
Residual calibration 799/4000
Residual calibration 800/4000
Residual calibration 801/4000
Residual calibration 802/4000
Residual calibration 803/4000
Residual calibration 804/4000
Residual calibration 805/4000
Residual calibration 806/4000
Residual calibration 807/4000
Residual calibration 808/4000
Residual calibration 809/4000
Residual calibration 810/4000
Residual calibration 811/4000
Residual calibration 812/4000
Residual calibration 813/4000
Residual calibration 814/4000
Residual calibration 815/4000
Residual calibration 816/4000
Residual calibration 817/4000
Residual calibration 818/4000
Residual calibration 819/4000
Residual calibration 820/4000
Residual calibration 821/4000
Residual calibration 822/4000
Residual calibration 823/4000
Residual calibration 824/4000
Residual calibration 825/4000
Residual calibration 826/4000
Residual calibration 827/4000
Residual calibration 828/4000
Residual calibration 829/4000
Residual calibration 830/4000
Residual calibration 831/4000
Residual calibration 832/4000
Residual calibration 833/4000
Residual calibration 834/4000
Residual calibration 835/4000
Residual calibration 836/4000
Residual calibration 837/4000
Residual calibration 838/4000
Residual calibration 839/4000
Residual calibration 840/4000
Residual calibration 841/4000
Residual calibration 842/4000
Residual calibration 843/4000
Residual calibration 844/4000
Residual calibration 845/4000
Residual calibration 846/4000
Residual calibration 847/4000
Residual calibration 848/4000
Residual calibration 849/4000
Residual calibration 850/4000
Residual calibration 851/4000
Residual calibration 852/4000
Residual calibration 853/4000
Residual calibration 854/4000
Residual calibration 855/4000
Residual calibration 856/4000
Residual calibration 857/4000
Residual calibration 858/4000
Residual calibration 859/4000
Residual calibration 860/4000
Residual calibration 861/4000
Residual calibration 862/4000
Residual calibration 863/4000
Residual calibration 864/4000
Residual calibration 865/4000
Residual calibration 866/4000
Residual calibration 867/4000
Residual calibration 868/4000
Residual calibration 869/4000
Residual calibration 870/4000
Residual calibration 871/4000
Residual calibration 872/4000
Residual calibration 873/4000
Residual calibration 874/4000
Residual calibration 875/4000
Residual calibration 876/4000
Residual calibration 877/4000
Residual calibration 878/4000
Residual calibration 879/4000
Residual calibration 880/4000
Residual calibration 881/4000
Residual calibration 882/4000
Residual calibration 883/4000
Residual calibration 884/4000
Residual calibration 885/4000
Residual calibration 886/4000
Residual calibration 887/4000
Residual calibration 888/4000
Residual calibration 889/4000
Residual calibration 890/4000
Residual calibration 891/4000
Residual calibration 892/4000
Residual calibration 893/4000
Residual calibration 894/4000
Residual calibration 895/4000
Residual calibration 896/4000
Residual calibration 897/4000
Residual calibration 898/4000
Residual calibration 899/4000
Residual calibration 900/4000
Residual calibration 901/4000
Residual calibration 902/4000
Residual calibration 903/4000
Residual calibration 904/4000
Residual calibration 905/4000
Residual calibration 906/4000
Residual calibration 907/4000
Residual calibration 908/4000
Residual calibration 909/4000
Residual calibration 910/4000
Residual calibration 911/4000
Residual calibration 912/4000
Residual calibration 913/4000
Residual calibration 914/4000
Residual calibration 915/4000
Residual calibration 916/4000
Residual calibration 917/4000
Residual calibration 918/4000
Residual calibration 919/4000
Residual calibration 920/4000
Residual calibration 921/4000
Residual calibration 922/4000
Residual calibration 923/4000
Residual calibration 924/4000
Residual calibration 925/4000
Residual calibration 926/4000
Residual calibration 927/4000
Residual calibration 928/4000
Residual calibration 929/4000
Residual calibration 930/4000
Residual calibration 931/4000
Residual calibration 932/4000
Residual calibration 933/4000
Residual calibration 934/4000
Residual calibration 935/4000
Residual calibration 936/4000
Residual calibration 937/4000
Residual calibration 938/4000
Residual calibration 939/4000
Residual calibration 940/4000
Residual calibration 941/4000
Residual calibration 942/4000
Residual calibration 943/4000
Residual calibration 944/4000
Residual calibration 945/4000
Residual calibration 946/4000
Residual calibration 947/4000
Residual calibration 948/4000
Residual calibration 949/4000
Residual calibration 950/4000
Residual calibration 951/4000
Residual calibration 952/4000
Residual calibration 953/4000
Residual calibration 954/4000
Residual calibration 955/4000
Residual calibration 956/4000
Residual calibration 957/4000
Residual calibration 958/4000
Residual calibration 959/4000
Residual calibration 960/4000
Residual calibration 961/4000
Residual calibration 962/4000
Residual calibration 963/4000
Residual calibration 964/4000
Residual calibration 965/4000
Residual calibration 966/4000
Residual calibration 967/4000
Residual calibration 968/4000
Residual calibration 969/4000
Residual calibration 970/4000
Residual calibration 971/4000
Residual calibration 972/4000
Residual calibration 973/4000
Residual calibration 974/4000
Residual calibration 975/4000
Residual calibration 976/4000
Residual calibration 977/4000
Residual calibration 978/4000
Residual calibration 979/4000
Residual calibration 980/4000
Residual calibration 981/4000
Residual calibration 982/4000
Residual calibration 983/4000
Residual calibration 984/4000
Residual calibration 985/4000
Residual calibration 986/4000
Residual calibration 987/4000
Residual calibration 988/4000
Residual calibration 989/4000
Residual calibration 990/4000
Residual calibration 991/4000
Residual calibration 992/4000
Residual calibration 993/4000
Residual calibration 994/4000
Residual calibration 995/4000
Residual calibration 996/4000
Residual calibration 997/4000
Residual calibration 998/4000
Residual calibration 999/4000
Residual calibration 1000/4000
Residual calibration 1001/4000
Residual calibration 1002/4000
Residual calibration 1003/4000
Residual calibration 1004/4000
Residual calibration 1005/4000
Residual calibration 1006/4000
Residual calibration 1007/4000
Residual calibration 1008/4000
Residual calibration 1009/4000
Residual calibration 1010/4000
Residual calibration 1011/4000
Residual calibration 1012/4000
Residual calibration 1013/4000
Residual calibration 1014/4000
Residual calibration 1015/4000
Residual calibration 1016/4000
Residual calibration 1017/4000
Residual calibration 1018/4000
Residual calibration 1019/4000
Residual calibration 1020/4000
Residual calibration 1021/4000
Residual calibration 1022/4000
Residual calibration 1023/4000
Residual calibration 1024/4000
Residual calibration 1025/4000
Residual calibration 1026/4000
Residual calibration 1027/4000
Residual calibration 1028/4000
Residual calibration 1029/4000
Residual calibration 1030/4000
Residual calibration 1031/4000
Residual calibration 1032/4000
Residual calibration 1033/4000
Residual calibration 1034/4000
Residual calibration 1035/4000
Residual calibration 1036/4000
Residual calibration 1037/4000
Residual calibration 1038/4000
Residual calibration 1039/4000
Residual calibration 1040/4000
Residual calibration 1041/4000
Residual calibration 1042/4000
Residual calibration 1043/4000
Residual calibration 1044/4000
Residual calibration 1045/4000
Residual calibration 1046/4000
Residual calibration 1047/4000
Residual calibration 1048/4000
Residual calibration 1049/4000
Residual calibration 1050/4000
Residual calibration 1051/4000
Residual calibration 1052/4000
Residual calibration 1053/4000
Residual calibration 1054/4000
Residual calibration 1055/4000
Residual calibration 1056/4000
Residual calibration 1057/4000
Residual calibration 1058/4000
Residual calibration 1059/4000
Residual calibration 1060/4000
Residual calibration 1061/4000
Residual calibration 1062/4000
Residual calibration 1063/4000
Residual calibration 1064/4000
Residual calibration 1065/4000
Residual calibration 1066/4000
Residual calibration 1067/4000
Residual calibration 1068/4000
Residual calibration 1069/4000
Residual calibration 1070/4000
Residual calibration 1071/4000
Residual calibration 1072/4000
Residual calibration 1073/4000
Residual calibration 1074/4000
Residual calibration 1075/4000
Residual calibration 1076/4000
Residual calibration 1077/4000
Residual calibration 1078/4000
Residual calibration 1079/4000
Residual calibration 1080/4000
Residual calibration 1081/4000
Residual calibration 1082/4000
Residual calibration 1083/4000
Residual calibration 1084/4000
Residual calibration 1085/4000
Residual calibration 1086/4000
Residual calibration 1087/4000
Residual calibration 1088/4000
Residual calibration 1089/4000
Residual calibration 1090/4000
Residual calibration 1091/4000
Residual calibration 1092/4000
Residual calibration 1093/4000
Residual calibration 1094/4000
Residual calibration 1095/4000
Residual calibration 1096/4000
Residual calibration 1097/4000
Residual calibration 1098/4000
Residual calibration 1099/4000
Residual calibration 1100/4000
Residual calibration 1101/4000
Residual calibration 1102/4000
Residual calibration 1103/4000
Residual calibration 1104/4000
Residual calibration 1105/4000
Residual calibration 1106/4000
Residual calibration 1107/4000
Residual calibration 1108/4000
Residual calibration 1109/4000
Residual calibration 1110/4000
Residual calibration 1111/4000
Residual calibration 1112/4000
Residual calibration 1113/4000
Residual calibration 1114/4000
Residual calibration 1115/4000
Residual calibration 1116/4000
Residual calibration 1117/4000
Residual calibration 1118/4000
Residual calibration 1119/4000
Residual calibration 1120/4000
Residual calibration 1121/4000
Residual calibration 1122/4000
Residual calibration 1123/4000
Residual calibration 1124/4000
Residual calibration 1125/4000
Residual calibration 1126/4000
Residual calibration 1127/4000
Residual calibration 1128/4000
Residual calibration 1129/4000
Residual calibration 1130/4000
Residual calibration 1131/4000
Residual calibration 1132/4000
Residual calibration 1133/4000
Residual calibration 1134/4000
Residual calibration 1135/4000
Residual calibration 1136/4000
Residual calibration 1137/4000
Residual calibration 1138/4000
Residual calibration 1139/4000
Residual calibration 1140/4000
Residual calibration 1141/4000
Residual calibration 1142/4000
Residual calibration 1143/4000
Residual calibration 1144/4000
Residual calibration 1145/4000
Residual calibration 1146/4000
Residual calibration 1147/4000
Residual calibration 1148/4000
Residual calibration 1149/4000
Residual calibration 1150/4000
Residual calibration 1151/4000
Residual calibration 1152/4000
Residual calibration 1153/4000
Residual calibration 1154/4000
Residual calibration 1155/4000
Residual calibration 1156/4000
Residual calibration 1157/4000
Residual calibration 1158/4000
Residual calibration 1159/4000
Residual calibration 1160/4000
Residual calibration 1161/4000
Residual calibration 1162/4000
Residual calibration 1163/4000
Residual calibration 1164/4000
Residual calibration 1165/4000
Residual calibration 1166/4000
Residual calibration 1167/4000
Residual calibration 1168/4000
Residual calibration 1169/4000
Residual calibration 1170/4000
Residual calibration 1171/4000
Residual calibration 1172/4000
Residual calibration 1173/4000
Residual calibration 1174/4000
Residual calibration 1175/4000
Residual calibration 1176/4000
Residual calibration 1177/4000
Residual calibration 1178/4000
Residual calibration 1179/4000
Residual calibration 1180/4000
Residual calibration 1181/4000
Residual calibration 1182/4000
Residual calibration 1183/4000
Residual calibration 1184/4000
Residual calibration 1185/4000
Residual calibration 1186/4000
Residual calibration 1187/4000
Residual calibration 1188/4000
Residual calibration 1189/4000
Residual calibration 1190/4000
Residual calibration 1191/4000
Residual calibration 1192/4000
Residual calibration 1193/4000
Residual calibration 1194/4000
Residual calibration 1195/4000
Residual calibration 1196/4000
Residual calibration 1197/4000
Residual calibration 1198/4000
Residual calibration 1199/4000
Residual calibration 1200/4000
Residual calibration 1201/4000
Residual calibration 1202/4000
Residual calibration 1203/4000
Residual calibration 1204/4000
Residual calibration 1205/4000
Residual calibration 1206/4000
Residual calibration 1207/4000
Residual calibration 1208/4000
Residual calibration 1209/4000
Residual calibration 1210/4000
Residual calibration 1211/4000
Residual calibration 1212/4000
Residual calibration 1213/4000
Residual calibration 1214/4000
Residual calibration 1215/4000
Residual calibration 1216/4000
Residual calibration 1217/4000
Residual calibration 1218/4000
Residual calibration 1219/4000
Residual calibration 1220/4000
Residual calibration 1221/4000
Residual calibration 1222/4000
Residual calibration 1223/4000
Residual calibration 1224/4000
Residual calibration 1225/4000
Residual calibration 1226/4000
Residual calibration 1227/4000
Residual calibration 1228/4000
Residual calibration 1229/4000
Residual calibration 1230/4000
Residual calibration 1231/4000
Residual calibration 1232/4000
Residual calibration 1233/4000
Residual calibration 1234/4000
Residual calibration 1235/4000
Residual calibration 1236/4000
Residual calibration 1237/4000
Residual calibration 1238/4000
Residual calibration 1239/4000
Residual calibration 1240/4000
Residual calibration 1241/4000
Residual calibration 1242/4000
Residual calibration 1243/4000
Residual calibration 1244/4000
Residual calibration 1245/4000
Residual calibration 1246/4000
Residual calibration 1247/4000
Residual calibration 1248/4000
Residual calibration 1249/4000
Residual calibration 1250/4000
Residual calibration 1251/4000
Residual calibration 1252/4000
Residual calibration 1253/4000
Residual calibration 1254/4000
Residual calibration 1255/4000
Residual calibration 1256/4000
Residual calibration 1257/4000
Residual calibration 1258/4000
Residual calibration 1259/4000
Residual calibration 1260/4000
Residual calibration 1261/4000
Residual calibration 1262/4000
Residual calibration 1263/4000
Residual calibration 1264/4000
Residual calibration 1265/4000
Residual calibration 1266/4000
Residual calibration 1267/4000
Residual calibration 1268/4000
Residual calibration 1269/4000
Residual calibration 1270/4000
Residual calibration 1271/4000
Residual calibration 1272/4000
Residual calibration 1273/4000
Residual calibration 1274/4000
Residual calibration 1275/4000
Residual calibration 1276/4000
Residual calibration 1277/4000
Residual calibration 1278/4000
Residual calibration 1279/4000
Residual calibration 1280/4000
Residual calibration 1281/4000
Residual calibration 1282/4000
Residual calibration 1283/4000
Residual calibration 1284/4000
Residual calibration 1285/4000
Residual calibration 1286/4000
Residual calibration 1287/4000
Residual calibration 1288/4000
Residual calibration 1289/4000
Residual calibration 1290/4000
Residual calibration 1291/4000
Residual calibration 1292/4000
Residual calibration 1293/4000
Residual calibration 1294/4000
Residual calibration 1295/4000
Residual calibration 1296/4000
Residual calibration 1297/4000
Residual calibration 1298/4000
Residual calibration 1299/4000
Residual calibration 1300/4000
Residual calibration 1301/4000
Residual calibration 1302/4000
Residual calibration 1303/4000
Residual calibration 1304/4000
Residual calibration 1305/4000
Residual calibration 1306/4000
Residual calibration 1307/4000
Residual calibration 1308/4000
Residual calibration 1309/4000
Residual calibration 1310/4000
Residual calibration 1311/4000
Residual calibration 1312/4000
Residual calibration 1313/4000
Residual calibration 1314/4000
Residual calibration 1315/4000
Residual calibration 1316/4000
Residual calibration 1317/4000
Residual calibration 1318/4000
Residual calibration 1319/4000
Residual calibration 1320/4000
Residual calibration 1321/4000
Residual calibration 1322/4000
Residual calibration 1323/4000
Residual calibration 1324/4000
Residual calibration 1325/4000
Residual calibration 1326/4000
Residual calibration 1327/4000
Residual calibration 1328/4000
Residual calibration 1329/4000
Residual calibration 1330/4000
Residual calibration 1331/4000
Residual calibration 1332/4000
Residual calibration 1333/4000
Residual calibration 1334/4000
Residual calibration 1335/4000
Residual calibration 1336/4000
Residual calibration 1337/4000
Residual calibration 1338/4000
Residual calibration 1339/4000
Residual calibration 1340/4000
Residual calibration 1341/4000
Residual calibration 1342/4000
Residual calibration 1343/4000
Residual calibration 1344/4000
Residual calibration 1345/4000
Residual calibration 1346/4000
Residual calibration 1347/4000
Residual calibration 1348/4000
Residual calibration 1349/4000
Residual calibration 1350/4000
Residual calibration 1351/4000
Residual calibration 1352/4000
Residual calibration 1353/4000
Residual calibration 1354/4000
Residual calibration 1355/4000
Residual calibration 1356/4000
Residual calibration 1357/4000
Residual calibration 1358/4000
Residual calibration 1359/4000
Residual calibration 1360/4000
Residual calibration 1361/4000
Residual calibration 1362/4000
Residual calibration 1363/4000
Residual calibration 1364/4000
Residual calibration 1365/4000
Residual calibration 1366/4000
Residual calibration 1367/4000
Residual calibration 1368/4000
Residual calibration 1369/4000
Residual calibration 1370/4000
Residual calibration 1371/4000
Residual calibration 1372/4000
Residual calibration 1373/4000
Residual calibration 1374/4000
Residual calibration 1375/4000
Residual calibration 1376/4000
Residual calibration 1377/4000
Residual calibration 1378/4000
Residual calibration 1379/4000
Residual calibration 1380/4000
Residual calibration 1381/4000
Residual calibration 1382/4000
Residual calibration 1383/4000
Residual calibration 1384/4000
Residual calibration 1385/4000
Residual calibration 1386/4000
Residual calibration 1387/4000
Residual calibration 1388/4000
Residual calibration 1389/4000
Residual calibration 1390/4000
Residual calibration 1391/4000
Residual calibration 1392/4000
Residual calibration 1393/4000
Residual calibration 1394/4000
Residual calibration 1395/4000
Residual calibration 1396/4000
Residual calibration 1397/4000
Residual calibration 1398/4000
Residual calibration 1399/4000
Residual calibration 1400/4000
Residual calibration 1401/4000
Residual calibration 1402/4000
Residual calibration 1403/4000
Residual calibration 1404/4000
Residual calibration 1405/4000
Residual calibration 1406/4000
Residual calibration 1407/4000
Residual calibration 1408/4000
Residual calibration 1409/4000
Residual calibration 1410/4000
Residual calibration 1411/4000
Residual calibration 1412/4000
Residual calibration 1413/4000
Residual calibration 1414/4000
Residual calibration 1415/4000
Residual calibration 1416/4000
Residual calibration 1417/4000
Residual calibration 1418/4000
Residual calibration 1419/4000
Residual calibration 1420/4000
Residual calibration 1421/4000
Residual calibration 1422/4000
Residual calibration 1423/4000
Residual calibration 1424/4000
Residual calibration 1425/4000
Residual calibration 1426/4000
Residual calibration 1427/4000
Residual calibration 1428/4000
Residual calibration 1429/4000
Residual calibration 1430/4000
Residual calibration 1431/4000
Residual calibration 1432/4000
Residual calibration 1433/4000
Residual calibration 1434/4000
Residual calibration 1435/4000
Residual calibration 1436/4000
Residual calibration 1437/4000
Residual calibration 1438/4000
Residual calibration 1439/4000
Residual calibration 1440/4000
Residual calibration 1441/4000
Residual calibration 1442/4000
Residual calibration 1443/4000
Residual calibration 1444/4000
Residual calibration 1445/4000
Residual calibration 1446/4000
Residual calibration 1447/4000
Residual calibration 1448/4000
Residual calibration 1449/4000
Residual calibration 1450/4000
Residual calibration 1451/4000
Residual calibration 1452/4000
Residual calibration 1453/4000
Residual calibration 1454/4000
Residual calibration 1455/4000
Residual calibration 1456/4000
Residual calibration 1457/4000
Residual calibration 1458/4000
Residual calibration 1459/4000
Residual calibration 1460/4000
Residual calibration 1461/4000
Residual calibration 1462/4000
Residual calibration 1463/4000
Residual calibration 1464/4000
Residual calibration 1465/4000
Residual calibration 1466/4000
Residual calibration 1467/4000
Residual calibration 1468/4000
Residual calibration 1469/4000
Residual calibration 1470/4000
Residual calibration 1471/4000
Residual calibration 1472/4000
Residual calibration 1473/4000
Residual calibration 1474/4000
Residual calibration 1475/4000
Residual calibration 1476/4000
Residual calibration 1477/4000
Residual calibration 1478/4000
Residual calibration 1479/4000
Residual calibration 1480/4000
Residual calibration 1481/4000
Residual calibration 1482/4000
Residual calibration 1483/4000
Residual calibration 1484/4000
Residual calibration 1485/4000
Residual calibration 1486/4000
Residual calibration 1487/4000
Residual calibration 1488/4000
Residual calibration 1489/4000
Residual calibration 1490/4000
Residual calibration 1491/4000
Residual calibration 1492/4000
Residual calibration 1493/4000
Residual calibration 1494/4000
Residual calibration 1495/4000
Residual calibration 1496/4000
Residual calibration 1497/4000
Residual calibration 1498/4000
Residual calibration 1499/4000
Residual calibration 1500/4000
Residual calibration 1501/4000
Residual calibration 1502/4000
Residual calibration 1503/4000
Residual calibration 1504/4000
Residual calibration 1505/4000
Residual calibration 1506/4000
Residual calibration 1507/4000
Residual calibration 1508/4000
Residual calibration 1509/4000
Residual calibration 1510/4000
Residual calibration 1511/4000
Residual calibration 1512/4000
Residual calibration 1513/4000
Residual calibration 1514/4000
Residual calibration 1515/4000
Residual calibration 1516/4000
Residual calibration 1517/4000
Residual calibration 1518/4000
Residual calibration 1519/4000
Residual calibration 1520/4000
Residual calibration 1521/4000
Residual calibration 1522/4000
Residual calibration 1523/4000
Residual calibration 1524/4000
Residual calibration 1525/4000
Residual calibration 1526/4000
Residual calibration 1527/4000
Residual calibration 1528/4000
Residual calibration 1529/4000
Residual calibration 1530/4000
Residual calibration 1531/4000
Residual calibration 1532/4000
Residual calibration 1533/4000
Residual calibration 1534/4000
Residual calibration 1535/4000
Residual calibration 1536/4000
Residual calibration 1537/4000
Residual calibration 1538/4000
Residual calibration 1539/4000
Residual calibration 1540/4000
Residual calibration 1541/4000
Residual calibration 1542/4000
Residual calibration 1543/4000
Residual calibration 1544/4000
Residual calibration 1545/4000
Residual calibration 1546/4000
Residual calibration 1547/4000
Residual calibration 1548/4000
Residual calibration 1549/4000
Residual calibration 1550/4000
Residual calibration 1551/4000
Residual calibration 1552/4000
Residual calibration 1553/4000
Residual calibration 1554/4000
Residual calibration 1555/4000
Residual calibration 1556/4000
Residual calibration 1557/4000
Residual calibration 1558/4000
Residual calibration 1559/4000
Residual calibration 1560/4000
Residual calibration 1561/4000
Residual calibration 1562/4000
Residual calibration 1563/4000
Residual calibration 1564/4000
Residual calibration 1565/4000
Residual calibration 1566/4000
Residual calibration 1567/4000
Residual calibration 1568/4000
Residual calibration 1569/4000
Residual calibration 1570/4000
Residual calibration 1571/4000
Residual calibration 1572/4000
Residual calibration 1573/4000
Residual calibration 1574/4000
Residual calibration 1575/4000
Residual calibration 1576/4000
Residual calibration 1577/4000
Residual calibration 1578/4000
Residual calibration 1579/4000
Residual calibration 1580/4000
Residual calibration 1581/4000
Residual calibration 1582/4000
Residual calibration 1583/4000
Residual calibration 1584/4000
Residual calibration 1585/4000
Residual calibration 1586/4000
Residual calibration 1587/4000
Residual calibration 1588/4000
Residual calibration 1589/4000
Residual calibration 1590/4000
Residual calibration 1591/4000
Residual calibration 1592/4000
Residual calibration 1593/4000
Residual calibration 1594/4000
Residual calibration 1595/4000
Residual calibration 1596/4000
Residual calibration 1597/4000
Residual calibration 1598/4000
Residual calibration 1599/4000
Residual calibration 1600/4000
Residual calibration 1601/4000
Residual calibration 1602/4000
Residual calibration 1603/4000
Residual calibration 1604/4000
Residual calibration 1605/4000
Residual calibration 1606/4000
Residual calibration 1607/4000
Residual calibration 1608/4000
Residual calibration 1609/4000
Residual calibration 1610/4000
Residual calibration 1611/4000
Residual calibration 1612/4000
Residual calibration 1613/4000
Residual calibration 1614/4000
Residual calibration 1615/4000
Residual calibration 1616/4000
Residual calibration 1617/4000
Residual calibration 1618/4000
Residual calibration 1619/4000
Residual calibration 1620/4000
Residual calibration 1621/4000
Residual calibration 1622/4000
Residual calibration 1623/4000
Residual calibration 1624/4000
Residual calibration 1625/4000
Residual calibration 1626/4000
Residual calibration 1627/4000
Residual calibration 1628/4000
Residual calibration 1629/4000
Residual calibration 1630/4000
Residual calibration 1631/4000
Residual calibration 1632/4000
Residual calibration 1633/4000
Residual calibration 1634/4000
Residual calibration 1635/4000
Residual calibration 1636/4000
Residual calibration 1637/4000
Residual calibration 1638/4000
Residual calibration 1639/4000
Residual calibration 1640/4000
Residual calibration 1641/4000
Residual calibration 1642/4000
Residual calibration 1643/4000
Residual calibration 1644/4000
Residual calibration 1645/4000
Residual calibration 1646/4000
Residual calibration 1647/4000
Residual calibration 1648/4000
Residual calibration 1649/4000
Residual calibration 1650/4000
Residual calibration 1651/4000
Residual calibration 1652/4000
Residual calibration 1653/4000
Residual calibration 1654/4000
Residual calibration 1655/4000
Residual calibration 1656/4000
Residual calibration 1657/4000
Residual calibration 1658/4000
Residual calibration 1659/4000
Residual calibration 1660/4000
Residual calibration 1661/4000
Residual calibration 1662/4000
Residual calibration 1663/4000
Residual calibration 1664/4000
Residual calibration 1665/4000
Residual calibration 1666/4000
Residual calibration 1667/4000
Residual calibration 1668/4000
Residual calibration 1669/4000
Residual calibration 1670/4000
Residual calibration 1671/4000
Residual calibration 1672/4000
Residual calibration 1673/4000
Residual calibration 1674/4000
Residual calibration 1675/4000
Residual calibration 1676/4000
Residual calibration 1677/4000
Residual calibration 1678/4000
Residual calibration 1679/4000
Residual calibration 1680/4000
Residual calibration 1681/4000
Residual calibration 1682/4000
Residual calibration 1683/4000
Residual calibration 1684/4000
Residual calibration 1685/4000
Residual calibration 1686/4000
Residual calibration 1687/4000
Residual calibration 1688/4000
Residual calibration 1689/4000
Residual calibration 1690/4000
Residual calibration 1691/4000
Residual calibration 1692/4000
Residual calibration 1693/4000
Residual calibration 1694/4000
Residual calibration 1695/4000
Residual calibration 1696/4000
Residual calibration 1697/4000
Residual calibration 1698/4000
Residual calibration 1699/4000
Residual calibration 1700/4000
Residual calibration 1701/4000
Residual calibration 1702/4000
Residual calibration 1703/4000
Residual calibration 1704/4000
Residual calibration 1705/4000
Residual calibration 1706/4000
Residual calibration 1707/4000
Residual calibration 1708/4000
Residual calibration 1709/4000
Residual calibration 1710/4000
Residual calibration 1711/4000
Residual calibration 1712/4000
Residual calibration 1713/4000
Residual calibration 1714/4000
Residual calibration 1715/4000
Residual calibration 1716/4000
Residual calibration 1717/4000
Residual calibration 1718/4000
Residual calibration 1719/4000
Residual calibration 1720/4000
Residual calibration 1721/4000
Residual calibration 1722/4000
Residual calibration 1723/4000
Residual calibration 1724/4000
Residual calibration 1725/4000
Residual calibration 1726/4000
Residual calibration 1727/4000
Residual calibration 1728/4000
Residual calibration 1729/4000
Residual calibration 1730/4000
Residual calibration 1731/4000
Residual calibration 1732/4000
Residual calibration 1733/4000
Residual calibration 1734/4000
Residual calibration 1735/4000
Residual calibration 1736/4000
Residual calibration 1737/4000
Residual calibration 1738/4000
Residual calibration 1739/4000
Residual calibration 1740/4000
Residual calibration 1741/4000
Residual calibration 1742/4000
Residual calibration 1743/4000
Residual calibration 1744/4000
Residual calibration 1745/4000
Residual calibration 1746/4000
Residual calibration 1747/4000
Residual calibration 1748/4000
Residual calibration 1749/4000
Residual calibration 1750/4000
Residual calibration 1751/4000
Residual calibration 1752/4000
Residual calibration 1753/4000
Residual calibration 1754/4000
Residual calibration 1755/4000
Residual calibration 1756/4000
Residual calibration 1757/4000
Residual calibration 1758/4000
Residual calibration 1759/4000
Residual calibration 1760/4000
Residual calibration 1761/4000
Residual calibration 1762/4000
Residual calibration 1763/4000
Residual calibration 1764/4000
Residual calibration 1765/4000
Residual calibration 1766/4000
Residual calibration 1767/4000
Residual calibration 1768/4000
Residual calibration 1769/4000
Residual calibration 1770/4000
Residual calibration 1771/4000
Residual calibration 1772/4000
Residual calibration 1773/4000
Residual calibration 1774/4000
Residual calibration 1775/4000
Residual calibration 1776/4000
Residual calibration 1777/4000
Residual calibration 1778/4000
Residual calibration 1779/4000
Residual calibration 1780/4000
Residual calibration 1781/4000
Residual calibration 1782/4000
Residual calibration 1783/4000
Residual calibration 1784/4000
Residual calibration 1785/4000
Residual calibration 1786/4000
Residual calibration 1787/4000
Residual calibration 1788/4000
Residual calibration 1789/4000
Residual calibration 1790/4000
Residual calibration 1791/4000
Residual calibration 1792/4000
Residual calibration 1793/4000
Residual calibration 1794/4000
Residual calibration 1795/4000
Residual calibration 1796/4000
Residual calibration 1797/4000
Residual calibration 1798/4000
Residual calibration 1799/4000
Residual calibration 1800/4000
Residual calibration 1801/4000
Residual calibration 1802/4000
Residual calibration 1803/4000
Residual calibration 1804/4000
Residual calibration 1805/4000
Residual calibration 1806/4000
Residual calibration 1807/4000
Residual calibration 1808/4000
Residual calibration 1809/4000
Residual calibration 1810/4000
Residual calibration 1811/4000
Residual calibration 1812/4000
Residual calibration 1813/4000
Residual calibration 1814/4000
Residual calibration 1815/4000
Residual calibration 1816/4000
Residual calibration 1817/4000
Residual calibration 1818/4000
Residual calibration 1819/4000
Residual calibration 1820/4000
Residual calibration 1821/4000
Residual calibration 1822/4000
Residual calibration 1823/4000
Residual calibration 1824/4000
Residual calibration 1825/4000
Residual calibration 1826/4000
Residual calibration 1827/4000
Residual calibration 1828/4000
Residual calibration 1829/4000
Residual calibration 1830/4000
Residual calibration 1831/4000
Residual calibration 1832/4000
Residual calibration 1833/4000
Residual calibration 1834/4000
Residual calibration 1835/4000
Residual calibration 1836/4000
Residual calibration 1837/4000
Residual calibration 1838/4000
Residual calibration 1839/4000
Residual calibration 1840/4000
Residual calibration 1841/4000
Residual calibration 1842/4000
Residual calibration 1843/4000
Residual calibration 1844/4000
Residual calibration 1845/4000
Residual calibration 1846/4000
Residual calibration 1847/4000
Residual calibration 1848/4000
Residual calibration 1849/4000
Residual calibration 1850/4000
Residual calibration 1851/4000
Residual calibration 1852/4000
Residual calibration 1853/4000
Residual calibration 1854/4000
Residual calibration 1855/4000
Residual calibration 1856/4000
Residual calibration 1857/4000
Residual calibration 1858/4000
Residual calibration 1859/4000
Residual calibration 1860/4000
Residual calibration 1861/4000
Residual calibration 1862/4000
Residual calibration 1863/4000
Residual calibration 1864/4000
Residual calibration 1865/4000
Residual calibration 1866/4000
Residual calibration 1867/4000
Residual calibration 1868/4000
Residual calibration 1869/4000
Residual calibration 1870/4000
Residual calibration 1871/4000
Residual calibration 1872/4000
Residual calibration 1873/4000
Residual calibration 1874/4000
Residual calibration 1875/4000
Residual calibration 1876/4000
Residual calibration 1877/4000
Residual calibration 1878/4000
Residual calibration 1879/4000
Residual calibration 1880/4000
Residual calibration 1881/4000
Residual calibration 1882/4000
Residual calibration 1883/4000
Residual calibration 1884/4000
Residual calibration 1885/4000
Residual calibration 1886/4000
Residual calibration 1887/4000
Residual calibration 1888/4000
Residual calibration 1889/4000
Residual calibration 1890/4000
Residual calibration 1891/4000
Residual calibration 1892/4000
Residual calibration 1893/4000
Residual calibration 1894/4000
Residual calibration 1895/4000
Residual calibration 1896/4000
Residual calibration 1897/4000
Residual calibration 1898/4000
Residual calibration 1899/4000
Residual calibration 1900/4000
Residual calibration 1901/4000
Residual calibration 1902/4000
Residual calibration 1903/4000
Residual calibration 1904/4000
Residual calibration 1905/4000
Residual calibration 1906/4000
Residual calibration 1907/4000
Residual calibration 1908/4000
Residual calibration 1909/4000
Residual calibration 1910/4000
Residual calibration 1911/4000
Residual calibration 1912/4000
Residual calibration 1913/4000
Residual calibration 1914/4000
Residual calibration 1915/4000
Residual calibration 1916/4000
Residual calibration 1917/4000
Residual calibration 1918/4000
Residual calibration 1919/4000
Residual calibration 1920/4000
Residual calibration 1921/4000
Residual calibration 1922/4000
Residual calibration 1923/4000
Residual calibration 1924/4000
Residual calibration 1925/4000
Residual calibration 1926/4000
Residual calibration 1927/4000
Residual calibration 1928/4000
Residual calibration 1929/4000
Residual calibration 1930/4000
Residual calibration 1931/4000
Residual calibration 1932/4000
Residual calibration 1933/4000
Residual calibration 1934/4000
Residual calibration 1935/4000
Residual calibration 1936/4000
Residual calibration 1937/4000
Residual calibration 1938/4000
Residual calibration 1939/4000
Residual calibration 1940/4000
Residual calibration 1941/4000
Residual calibration 1942/4000
Residual calibration 1943/4000
Residual calibration 1944/4000
Residual calibration 1945/4000
Residual calibration 1946/4000
Residual calibration 1947/4000
Residual calibration 1948/4000
Residual calibration 1949/4000
Residual calibration 1950/4000
Residual calibration 1951/4000
Residual calibration 1952/4000
Residual calibration 1953/4000
Residual calibration 1954/4000
Residual calibration 1955/4000
Residual calibration 1956/4000
Residual calibration 1957/4000
Residual calibration 1958/4000
Residual calibration 1959/4000
Residual calibration 1960/4000
Residual calibration 1961/4000
Residual calibration 1962/4000
Residual calibration 1963/4000
Residual calibration 1964/4000
Residual calibration 1965/4000
Residual calibration 1966/4000
Residual calibration 1967/4000
Residual calibration 1968/4000
Residual calibration 1969/4000
Residual calibration 1970/4000
Residual calibration 1971/4000
Residual calibration 1972/4000
Residual calibration 1973/4000
Residual calibration 1974/4000
Residual calibration 1975/4000
Residual calibration 1976/4000
Residual calibration 1977/4000
Residual calibration 1978/4000
Residual calibration 1979/4000
Residual calibration 1980/4000
Residual calibration 1981/4000
Residual calibration 1982/4000
Residual calibration 1983/4000
Residual calibration 1984/4000
Residual calibration 1985/4000
Residual calibration 1986/4000
Residual calibration 1987/4000
Residual calibration 1988/4000
Residual calibration 1989/4000
Residual calibration 1990/4000
Residual calibration 1991/4000
Residual calibration 1992/4000
Residual calibration 1993/4000
Residual calibration 1994/4000
Residual calibration 1995/4000
Residual calibration 1996/4000
Residual calibration 1997/4000
Residual calibration 1998/4000
Residual calibration 1999/4000
Residual calibration 2000/4000
Residual calibration 2001/4000
Residual calibration 2002/4000
Residual calibration 2003/4000
Residual calibration 2004/4000
Residual calibration 2005/4000
Residual calibration 2006/4000
Residual calibration 2007/4000
Residual calibration 2008/4000
Residual calibration 2009/4000
Residual calibration 2010/4000
Residual calibration 2011/4000
Residual calibration 2012/4000
Residual calibration 2013/4000
Residual calibration 2014/4000
Residual calibration 2015/4000
Residual calibration 2016/4000
Residual calibration 2017/4000
Residual calibration 2018/4000
Residual calibration 2019/4000
Residual calibration 2020/4000
Residual calibration 2021/4000
Residual calibration 2022/4000
Residual calibration 2023/4000
Residual calibration 2024/4000
Residual calibration 2025/4000
Residual calibration 2026/4000
Residual calibration 2027/4000
Residual calibration 2028/4000
Residual calibration 2029/4000
Residual calibration 2030/4000
Residual calibration 2031/4000
Residual calibration 2032/4000
Residual calibration 2033/4000
Residual calibration 2034/4000
Residual calibration 2035/4000
Residual calibration 2036/4000
Residual calibration 2037/4000
Residual calibration 2038/4000
Residual calibration 2039/4000
Residual calibration 2040/4000
Residual calibration 2041/4000
Residual calibration 2042/4000
Residual calibration 2043/4000
Residual calibration 2044/4000
Residual calibration 2045/4000
Residual calibration 2046/4000
Residual calibration 2047/4000
Residual calibration 2048/4000
Residual calibration 2049/4000
Residual calibration 2050/4000
Residual calibration 2051/4000
Residual calibration 2052/4000
Residual calibration 2053/4000
Residual calibration 2054/4000
Residual calibration 2055/4000
Residual calibration 2056/4000
Residual calibration 2057/4000
Residual calibration 2058/4000
Residual calibration 2059/4000
Residual calibration 2060/4000
Residual calibration 2061/4000
Residual calibration 2062/4000
Residual calibration 2063/4000
Residual calibration 2064/4000
Residual calibration 2065/4000
Residual calibration 2066/4000
Residual calibration 2067/4000
Residual calibration 2068/4000
Residual calibration 2069/4000
Residual calibration 2070/4000
Residual calibration 2071/4000
Residual calibration 2072/4000
Residual calibration 2073/4000
Residual calibration 2074/4000
Residual calibration 2075/4000
Residual calibration 2076/4000
Residual calibration 2077/4000
Residual calibration 2078/4000
Residual calibration 2079/4000
Residual calibration 2080/4000
Residual calibration 2081/4000
Residual calibration 2082/4000
Residual calibration 2083/4000
Residual calibration 2084/4000
Residual calibration 2085/4000
Residual calibration 2086/4000
Residual calibration 2087/4000
Residual calibration 2088/4000
Residual calibration 2089/4000
Residual calibration 2090/4000
Residual calibration 2091/4000
Residual calibration 2092/4000
Residual calibration 2093/4000
Residual calibration 2094/4000
Residual calibration 2095/4000
Residual calibration 2096/4000
Residual calibration 2097/4000
Residual calibration 2098/4000
Residual calibration 2099/4000
Residual calibration 2100/4000
Residual calibration 2101/4000
Residual calibration 2102/4000
Residual calibration 2103/4000
Residual calibration 2104/4000
Residual calibration 2105/4000
Residual calibration 2106/4000
Residual calibration 2107/4000
Residual calibration 2108/4000
Residual calibration 2109/4000
Residual calibration 2110/4000
Residual calibration 2111/4000
Residual calibration 2112/4000
Residual calibration 2113/4000
Residual calibration 2114/4000
Residual calibration 2115/4000
Residual calibration 2116/4000
Residual calibration 2117/4000
Residual calibration 2118/4000
Residual calibration 2119/4000
Residual calibration 2120/4000
Residual calibration 2121/4000
Residual calibration 2122/4000
Residual calibration 2123/4000
Residual calibration 2124/4000
Residual calibration 2125/4000
Residual calibration 2126/4000
Residual calibration 2127/4000
Residual calibration 2128/4000
Residual calibration 2129/4000
Residual calibration 2130/4000
Residual calibration 2131/4000
Residual calibration 2132/4000
Residual calibration 2133/4000
Residual calibration 2134/4000
Residual calibration 2135/4000
Residual calibration 2136/4000
Residual calibration 2137/4000
Residual calibration 2138/4000
Residual calibration 2139/4000
Residual calibration 2140/4000
Residual calibration 2141/4000
Residual calibration 2142/4000
Residual calibration 2143/4000
Residual calibration 2144/4000
Residual calibration 2145/4000
Residual calibration 2146/4000
Residual calibration 2147/4000
Residual calibration 2148/4000
Residual calibration 2149/4000
Residual calibration 2150/4000
Residual calibration 2151/4000
Residual calibration 2152/4000
Residual calibration 2153/4000
Residual calibration 2154/4000
Residual calibration 2155/4000
Residual calibration 2156/4000
Residual calibration 2157/4000
Residual calibration 2158/4000
Residual calibration 2159/4000
Residual calibration 2160/4000
Residual calibration 2161/4000
Residual calibration 2162/4000
Residual calibration 2163/4000
Residual calibration 2164/4000
Residual calibration 2165/4000
Residual calibration 2166/4000
Residual calibration 2167/4000
Residual calibration 2168/4000
Residual calibration 2169/4000
Residual calibration 2170/4000
Residual calibration 2171/4000
Residual calibration 2172/4000
Residual calibration 2173/4000
Residual calibration 2174/4000
Residual calibration 2175/4000
Residual calibration 2176/4000
Residual calibration 2177/4000
Residual calibration 2178/4000
Residual calibration 2179/4000
Residual calibration 2180/4000
Residual calibration 2181/4000
Residual calibration 2182/4000
Residual calibration 2183/4000
Residual calibration 2184/4000
Residual calibration 2185/4000
Residual calibration 2186/4000
Residual calibration 2187/4000
Residual calibration 2188/4000
Residual calibration 2189/4000
Residual calibration 2190/4000
Residual calibration 2191/4000
Residual calibration 2192/4000
Residual calibration 2193/4000
Residual calibration 2194/4000
Residual calibration 2195/4000
Residual calibration 2196/4000
Residual calibration 2197/4000
Residual calibration 2198/4000
Residual calibration 2199/4000
Residual calibration 2200/4000
Residual calibration 2201/4000
Residual calibration 2202/4000
Residual calibration 2203/4000
Residual calibration 2204/4000
Residual calibration 2205/4000
Residual calibration 2206/4000
Residual calibration 2207/4000
Residual calibration 2208/4000
Residual calibration 2209/4000
Residual calibration 2210/4000
Residual calibration 2211/4000
Residual calibration 2212/4000
Residual calibration 2213/4000
Residual calibration 2214/4000
Residual calibration 2215/4000
Residual calibration 2216/4000
Residual calibration 2217/4000
Residual calibration 2218/4000
Residual calibration 2219/4000
Residual calibration 2220/4000
Residual calibration 2221/4000
Residual calibration 2222/4000
Residual calibration 2223/4000
Residual calibration 2224/4000
Residual calibration 2225/4000
Residual calibration 2226/4000
Residual calibration 2227/4000
Residual calibration 2228/4000
Residual calibration 2229/4000
Residual calibration 2230/4000
Residual calibration 2231/4000
Residual calibration 2232/4000
Residual calibration 2233/4000
Residual calibration 2234/4000
Residual calibration 2235/4000
Residual calibration 2236/4000
Residual calibration 2237/4000
Residual calibration 2238/4000
Residual calibration 2239/4000
Residual calibration 2240/4000
Residual calibration 2241/4000
Residual calibration 2242/4000
Residual calibration 2243/4000
Residual calibration 2244/4000
Residual calibration 2245/4000
Residual calibration 2246/4000
Residual calibration 2247/4000
Residual calibration 2248/4000
Residual calibration 2249/4000
Residual calibration 2250/4000
Residual calibration 2251/4000
Residual calibration 2252/4000
Residual calibration 2253/4000
Residual calibration 2254/4000
Residual calibration 2255/4000
Residual calibration 2256/4000
Residual calibration 2257/4000
Residual calibration 2258/4000
Residual calibration 2259/4000
Residual calibration 2260/4000
Residual calibration 2261/4000
Residual calibration 2262/4000
Residual calibration 2263/4000
Residual calibration 2264/4000
Residual calibration 2265/4000
Residual calibration 2266/4000
Residual calibration 2267/4000
Residual calibration 2268/4000
Residual calibration 2269/4000
Residual calibration 2270/4000
Residual calibration 2271/4000
Residual calibration 2272/4000
Residual calibration 2273/4000
Residual calibration 2274/4000
Residual calibration 2275/4000
Residual calibration 2276/4000
Residual calibration 2277/4000
Residual calibration 2278/4000
Residual calibration 2279/4000
Residual calibration 2280/4000
Residual calibration 2281/4000
Residual calibration 2282/4000
Residual calibration 2283/4000
Residual calibration 2284/4000
Residual calibration 2285/4000
Residual calibration 2286/4000
Residual calibration 2287/4000
Residual calibration 2288/4000
Residual calibration 2289/4000
Residual calibration 2290/4000
Residual calibration 2291/4000
Residual calibration 2292/4000
Residual calibration 2293/4000
Residual calibration 2294/4000
Residual calibration 2295/4000
Residual calibration 2296/4000
Residual calibration 2297/4000
Residual calibration 2298/4000
Residual calibration 2299/4000
Residual calibration 2300/4000
Residual calibration 2301/4000
Residual calibration 2302/4000
Residual calibration 2303/4000
Residual calibration 2304/4000
Residual calibration 2305/4000
Residual calibration 2306/4000
Residual calibration 2307/4000
Residual calibration 2308/4000
Residual calibration 2309/4000
Residual calibration 2310/4000
Residual calibration 2311/4000
Residual calibration 2312/4000
Residual calibration 2313/4000
Residual calibration 2314/4000
Residual calibration 2315/4000
Residual calibration 2316/4000
Residual calibration 2317/4000
Residual calibration 2318/4000
Residual calibration 2319/4000
Residual calibration 2320/4000
Residual calibration 2321/4000
Residual calibration 2322/4000
Residual calibration 2323/4000
Residual calibration 2324/4000
Residual calibration 2325/4000
Residual calibration 2326/4000
Residual calibration 2327/4000
Residual calibration 2328/4000
Residual calibration 2329/4000
Residual calibration 2330/4000
Residual calibration 2331/4000
Residual calibration 2332/4000
Residual calibration 2333/4000
Residual calibration 2334/4000
Residual calibration 2335/4000
Residual calibration 2336/4000
Residual calibration 2337/4000
Residual calibration 2338/4000
Residual calibration 2339/4000
Residual calibration 2340/4000
Residual calibration 2341/4000
Residual calibration 2342/4000
Residual calibration 2343/4000
Residual calibration 2344/4000
Residual calibration 2345/4000
Residual calibration 2346/4000
Residual calibration 2347/4000
Residual calibration 2348/4000
Residual calibration 2349/4000
Residual calibration 2350/4000
Residual calibration 2351/4000
Residual calibration 2352/4000
Residual calibration 2353/4000
Residual calibration 2354/4000
Residual calibration 2355/4000
Residual calibration 2356/4000
Residual calibration 2357/4000
Residual calibration 2358/4000
Residual calibration 2359/4000
Residual calibration 2360/4000
Residual calibration 2361/4000
Residual calibration 2362/4000
Residual calibration 2363/4000
Residual calibration 2364/4000
Residual calibration 2365/4000
Residual calibration 2366/4000
Residual calibration 2367/4000
Residual calibration 2368/4000
Residual calibration 2369/4000
Residual calibration 2370/4000
Residual calibration 2371/4000
Residual calibration 2372/4000
Residual calibration 2373/4000
Residual calibration 2374/4000
Residual calibration 2375/4000
Residual calibration 2376/4000
Residual calibration 2377/4000
Residual calibration 2378/4000
Residual calibration 2379/4000
Residual calibration 2380/4000
Residual calibration 2381/4000
Residual calibration 2382/4000
Residual calibration 2383/4000
Residual calibration 2384/4000
Residual calibration 2385/4000
Residual calibration 2386/4000
Residual calibration 2387/4000
Residual calibration 2388/4000
Residual calibration 2389/4000
Residual calibration 2390/4000
Residual calibration 2391/4000
Residual calibration 2392/4000
Residual calibration 2393/4000
Residual calibration 2394/4000
Residual calibration 2395/4000
Residual calibration 2396/4000
Residual calibration 2397/4000
Residual calibration 2398/4000
Residual calibration 2399/4000
Residual calibration 2400/4000
Residual calibration 2401/4000
Residual calibration 2402/4000
Residual calibration 2403/4000
Residual calibration 2404/4000
Residual calibration 2405/4000
Residual calibration 2406/4000
Residual calibration 2407/4000
Residual calibration 2408/4000
Residual calibration 2409/4000
Residual calibration 2410/4000
Residual calibration 2411/4000
Residual calibration 2412/4000
Residual calibration 2413/4000
Residual calibration 2414/4000
Residual calibration 2415/4000
Residual calibration 2416/4000
Residual calibration 2417/4000
Residual calibration 2418/4000
Residual calibration 2419/4000
Residual calibration 2420/4000
Residual calibration 2421/4000
Residual calibration 2422/4000
Residual calibration 2423/4000
Residual calibration 2424/4000
Residual calibration 2425/4000
Residual calibration 2426/4000
Residual calibration 2427/4000
Residual calibration 2428/4000
Residual calibration 2429/4000
Residual calibration 2430/4000
Residual calibration 2431/4000
Residual calibration 2432/4000
Residual calibration 2433/4000
Residual calibration 2434/4000
Residual calibration 2435/4000
Residual calibration 2436/4000
Residual calibration 2437/4000
Residual calibration 2438/4000
Residual calibration 2439/4000
Residual calibration 2440/4000
Residual calibration 2441/4000
Residual calibration 2442/4000
Residual calibration 2443/4000
Residual calibration 2444/4000
Residual calibration 2445/4000
Residual calibration 2446/4000
Residual calibration 2447/4000
Residual calibration 2448/4000
Residual calibration 2449/4000
Residual calibration 2450/4000
Residual calibration 2451/4000
Residual calibration 2452/4000
Residual calibration 2453/4000
Residual calibration 2454/4000
Residual calibration 2455/4000
Residual calibration 2456/4000
Residual calibration 2457/4000
Residual calibration 2458/4000
Residual calibration 2459/4000
Residual calibration 2460/4000
Residual calibration 2461/4000
Residual calibration 2462/4000
Residual calibration 2463/4000
Residual calibration 2464/4000
Residual calibration 2465/4000
Residual calibration 2466/4000
Residual calibration 2467/4000
Residual calibration 2468/4000
Residual calibration 2469/4000
Residual calibration 2470/4000
Residual calibration 2471/4000
Residual calibration 2472/4000
Residual calibration 2473/4000
Residual calibration 2474/4000
Residual calibration 2475/4000
Residual calibration 2476/4000
Residual calibration 2477/4000
Residual calibration 2478/4000
Residual calibration 2479/4000
Residual calibration 2480/4000
Residual calibration 2481/4000
Residual calibration 2482/4000
Residual calibration 2483/4000
Residual calibration 2484/4000
Residual calibration 2485/4000
Residual calibration 2486/4000
Residual calibration 2487/4000
Residual calibration 2488/4000
Residual calibration 2489/4000
Residual calibration 2490/4000
Residual calibration 2491/4000
Residual calibration 2492/4000
Residual calibration 2493/4000
Residual calibration 2494/4000
Residual calibration 2495/4000
Residual calibration 2496/4000
Residual calibration 2497/4000
Residual calibration 2498/4000
Residual calibration 2499/4000
Residual calibration 2500/4000
Residual calibration 2501/4000
Residual calibration 2502/4000
Residual calibration 2503/4000
Residual calibration 2504/4000
Residual calibration 2505/4000
Residual calibration 2506/4000
Residual calibration 2507/4000
Residual calibration 2508/4000
Residual calibration 2509/4000
Residual calibration 2510/4000
Residual calibration 2511/4000
Residual calibration 2512/4000
Residual calibration 2513/4000
Residual calibration 2514/4000
Residual calibration 2515/4000
Residual calibration 2516/4000
Residual calibration 2517/4000
Residual calibration 2518/4000
Residual calibration 2519/4000
Residual calibration 2520/4000
Residual calibration 2521/4000
Residual calibration 2522/4000
Residual calibration 2523/4000
Residual calibration 2524/4000
Residual calibration 2525/4000
Residual calibration 2526/4000
Residual calibration 2527/4000
Residual calibration 2528/4000
Residual calibration 2529/4000
Residual calibration 2530/4000
Residual calibration 2531/4000
Residual calibration 2532/4000
Residual calibration 2533/4000
Residual calibration 2534/4000
Residual calibration 2535/4000
Residual calibration 2536/4000
Residual calibration 2537/4000
Residual calibration 2538/4000
Residual calibration 2539/4000
Residual calibration 2540/4000
Residual calibration 2541/4000
Residual calibration 2542/4000
Residual calibration 2543/4000
Residual calibration 2544/4000
Residual calibration 2545/4000
Residual calibration 2546/4000
Residual calibration 2547/4000
Residual calibration 2548/4000
Residual calibration 2549/4000
Residual calibration 2550/4000
Residual calibration 2551/4000
Residual calibration 2552/4000
Residual calibration 2553/4000
Residual calibration 2554/4000
Residual calibration 2555/4000
Residual calibration 2556/4000
Residual calibration 2557/4000
Residual calibration 2558/4000
Residual calibration 2559/4000
Residual calibration 2560/4000
Residual calibration 2561/4000
Residual calibration 2562/4000
Residual calibration 2563/4000
Residual calibration 2564/4000
Residual calibration 2565/4000
Residual calibration 2566/4000
Residual calibration 2567/4000
Residual calibration 2568/4000
Residual calibration 2569/4000
Residual calibration 2570/4000
Residual calibration 2571/4000
Residual calibration 2572/4000
Residual calibration 2573/4000
Residual calibration 2574/4000
Residual calibration 2575/4000
Residual calibration 2576/4000
Residual calibration 2577/4000
Residual calibration 2578/4000
Residual calibration 2579/4000
Residual calibration 2580/4000
Residual calibration 2581/4000
Residual calibration 2582/4000
Residual calibration 2583/4000
Residual calibration 2584/4000
Residual calibration 2585/4000
Residual calibration 2586/4000
Residual calibration 2587/4000
Residual calibration 2588/4000
Residual calibration 2589/4000
Residual calibration 2590/4000
Residual calibration 2591/4000
Residual calibration 2592/4000
Residual calibration 2593/4000
Residual calibration 2594/4000
Residual calibration 2595/4000
Residual calibration 2596/4000
Residual calibration 2597/4000
Residual calibration 2598/4000
Residual calibration 2599/4000
Residual calibration 2600/4000
Residual calibration 2601/4000
Residual calibration 2602/4000
Residual calibration 2603/4000
Residual calibration 2604/4000
Residual calibration 2605/4000
Residual calibration 2606/4000
Residual calibration 2607/4000
Residual calibration 2608/4000
Residual calibration 2609/4000
Residual calibration 2610/4000
Residual calibration 2611/4000
Residual calibration 2612/4000
Residual calibration 2613/4000
Residual calibration 2614/4000
Residual calibration 2615/4000
Residual calibration 2616/4000
Residual calibration 2617/4000
Residual calibration 2618/4000
Residual calibration 2619/4000
Residual calibration 2620/4000
Residual calibration 2621/4000
Residual calibration 2622/4000
Residual calibration 2623/4000
Residual calibration 2624/4000
Residual calibration 2625/4000
Residual calibration 2626/4000
Residual calibration 2627/4000
Residual calibration 2628/4000
Residual calibration 2629/4000
Residual calibration 2630/4000
Residual calibration 2631/4000
Residual calibration 2632/4000
Residual calibration 2633/4000
Residual calibration 2634/4000
Residual calibration 2635/4000
Residual calibration 2636/4000
Residual calibration 2637/4000
Residual calibration 2638/4000
Residual calibration 2639/4000
Residual calibration 2640/4000
Residual calibration 2641/4000
Residual calibration 2642/4000
Residual calibration 2643/4000
Residual calibration 2644/4000
Residual calibration 2645/4000
Residual calibration 2646/4000
Residual calibration 2647/4000
Residual calibration 2648/4000
Residual calibration 2649/4000
Residual calibration 2650/4000
Residual calibration 2651/4000
Residual calibration 2652/4000
Residual calibration 2653/4000
Residual calibration 2654/4000
Residual calibration 2655/4000
Residual calibration 2656/4000
Residual calibration 2657/4000
Residual calibration 2658/4000
Residual calibration 2659/4000
Residual calibration 2660/4000
Residual calibration 2661/4000
Residual calibration 2662/4000
Residual calibration 2663/4000
Residual calibration 2664/4000
Residual calibration 2665/4000
Residual calibration 2666/4000
Residual calibration 2667/4000
Residual calibration 2668/4000
Residual calibration 2669/4000
Residual calibration 2670/4000
Residual calibration 2671/4000
Residual calibration 2672/4000
Residual calibration 2673/4000
Residual calibration 2674/4000
Residual calibration 2675/4000
Residual calibration 2676/4000
Residual calibration 2677/4000
Residual calibration 2678/4000
Residual calibration 2679/4000
Residual calibration 2680/4000
Residual calibration 2681/4000
Residual calibration 2682/4000
Residual calibration 2683/4000
Residual calibration 2684/4000
Residual calibration 2685/4000
Residual calibration 2686/4000
Residual calibration 2687/4000
Residual calibration 2688/4000
Residual calibration 2689/4000
Residual calibration 2690/4000
Residual calibration 2691/4000
Residual calibration 2692/4000
Residual calibration 2693/4000
Residual calibration 2694/4000
Residual calibration 2695/4000
Residual calibration 2696/4000
Residual calibration 2697/4000
Residual calibration 2698/4000
Residual calibration 2699/4000
Residual calibration 2700/4000
Residual calibration 2701/4000
Residual calibration 2702/4000
Residual calibration 2703/4000
Residual calibration 2704/4000
Residual calibration 2705/4000
Residual calibration 2706/4000
Residual calibration 2707/4000
Residual calibration 2708/4000
Residual calibration 2709/4000
Residual calibration 2710/4000
Residual calibration 2711/4000
Residual calibration 2712/4000
Residual calibration 2713/4000
Residual calibration 2714/4000
Residual calibration 2715/4000
Residual calibration 2716/4000
Residual calibration 2717/4000
Residual calibration 2718/4000
Residual calibration 2719/4000
Residual calibration 2720/4000
Residual calibration 2721/4000
Residual calibration 2722/4000
Residual calibration 2723/4000
Residual calibration 2724/4000
Residual calibration 2725/4000
Residual calibration 2726/4000
Residual calibration 2727/4000
Residual calibration 2728/4000
Residual calibration 2729/4000
Residual calibration 2730/4000
Residual calibration 2731/4000
Residual calibration 2732/4000
Residual calibration 2733/4000
Residual calibration 2734/4000
Residual calibration 2735/4000
Residual calibration 2736/4000
Residual calibration 2737/4000
Residual calibration 2738/4000
Residual calibration 2739/4000
Residual calibration 2740/4000
Residual calibration 2741/4000
Residual calibration 2742/4000
Residual calibration 2743/4000
Residual calibration 2744/4000
Residual calibration 2745/4000
Residual calibration 2746/4000
Residual calibration 2747/4000
Residual calibration 2748/4000
Residual calibration 2749/4000
Residual calibration 2750/4000
Residual calibration 2751/4000
Residual calibration 2752/4000
Residual calibration 2753/4000
Residual calibration 2754/4000
Residual calibration 2755/4000
Residual calibration 2756/4000
Residual calibration 2757/4000
Residual calibration 2758/4000
Residual calibration 2759/4000
Residual calibration 2760/4000
Residual calibration 2761/4000
Residual calibration 2762/4000
Residual calibration 2763/4000
Residual calibration 2764/4000
Residual calibration 2765/4000
Residual calibration 2766/4000
Residual calibration 2767/4000
Residual calibration 2768/4000
Residual calibration 2769/4000
Residual calibration 2770/4000
Residual calibration 2771/4000
Residual calibration 2772/4000
Residual calibration 2773/4000
Residual calibration 2774/4000
Residual calibration 2775/4000
Residual calibration 2776/4000
Residual calibration 2777/4000
Residual calibration 2778/4000
Residual calibration 2779/4000
Residual calibration 2780/4000
Residual calibration 2781/4000
Residual calibration 2782/4000
Residual calibration 2783/4000
Residual calibration 2784/4000
Residual calibration 2785/4000
Residual calibration 2786/4000
Residual calibration 2787/4000
Residual calibration 2788/4000
Residual calibration 2789/4000
Residual calibration 2790/4000
Residual calibration 2791/4000
Residual calibration 2792/4000
Residual calibration 2793/4000
Residual calibration 2794/4000
Residual calibration 2795/4000
Residual calibration 2796/4000
Residual calibration 2797/4000
Residual calibration 2798/4000
Residual calibration 2799/4000
Residual calibration 2800/4000
Residual calibration 2801/4000
Residual calibration 2802/4000
Residual calibration 2803/4000
Residual calibration 2804/4000
Residual calibration 2805/4000
Residual calibration 2806/4000
Residual calibration 2807/4000
Residual calibration 2808/4000
Residual calibration 2809/4000
Residual calibration 2810/4000
Residual calibration 2811/4000
Residual calibration 2812/4000
Residual calibration 2813/4000
Residual calibration 2814/4000
Residual calibration 2815/4000
Residual calibration 2816/4000
Residual calibration 2817/4000
Residual calibration 2818/4000
Residual calibration 2819/4000
Residual calibration 2820/4000
Residual calibration 2821/4000
Residual calibration 2822/4000
Residual calibration 2823/4000
Residual calibration 2824/4000
Residual calibration 2825/4000
Residual calibration 2826/4000
Residual calibration 2827/4000
Residual calibration 2828/4000
Residual calibration 2829/4000
Residual calibration 2830/4000
Residual calibration 2831/4000
Residual calibration 2832/4000
Residual calibration 2833/4000
Residual calibration 2834/4000
Residual calibration 2835/4000
Residual calibration 2836/4000
Residual calibration 2837/4000
Residual calibration 2838/4000
Residual calibration 2839/4000
Residual calibration 2840/4000
Residual calibration 2841/4000
Residual calibration 2842/4000
Residual calibration 2843/4000
Residual calibration 2844/4000
Residual calibration 2845/4000
Residual calibration 2846/4000
Residual calibration 2847/4000
Residual calibration 2848/4000
Residual calibration 2849/4000
Residual calibration 2850/4000
Residual calibration 2851/4000
Residual calibration 2852/4000
Residual calibration 2853/4000
Residual calibration 2854/4000
Residual calibration 2855/4000
Residual calibration 2856/4000
Residual calibration 2857/4000
Residual calibration 2858/4000
Residual calibration 2859/4000
Residual calibration 2860/4000
Residual calibration 2861/4000
Residual calibration 2862/4000
Residual calibration 2863/4000
Residual calibration 2864/4000
Residual calibration 2865/4000
Residual calibration 2866/4000
Residual calibration 2867/4000
Residual calibration 2868/4000
Residual calibration 2869/4000
Residual calibration 2870/4000
Residual calibration 2871/4000
Residual calibration 2872/4000
Residual calibration 2873/4000
Residual calibration 2874/4000
Residual calibration 2875/4000
Residual calibration 2876/4000
Residual calibration 2877/4000
Residual calibration 2878/4000
Residual calibration 2879/4000
Residual calibration 2880/4000
Residual calibration 2881/4000
Residual calibration 2882/4000
Residual calibration 2883/4000
Residual calibration 2884/4000
Residual calibration 2885/4000
Residual calibration 2886/4000
Residual calibration 2887/4000
Residual calibration 2888/4000
Residual calibration 2889/4000
Residual calibration 2890/4000
Residual calibration 2891/4000
Residual calibration 2892/4000
Residual calibration 2893/4000
Residual calibration 2894/4000
Residual calibration 2895/4000
Residual calibration 2896/4000
Residual calibration 2897/4000
Residual calibration 2898/4000
Residual calibration 2899/4000
Residual calibration 2900/4000
Residual calibration 2901/4000
Residual calibration 2902/4000
Residual calibration 2903/4000
Residual calibration 2904/4000
Residual calibration 2905/4000
Residual calibration 2906/4000
Residual calibration 2907/4000
Residual calibration 2908/4000
Residual calibration 2909/4000
Residual calibration 2910/4000
Residual calibration 2911/4000
Residual calibration 2912/4000
Residual calibration 2913/4000
Residual calibration 2914/4000
Residual calibration 2915/4000
Residual calibration 2916/4000
Residual calibration 2917/4000
Residual calibration 2918/4000
Residual calibration 2919/4000
Residual calibration 2920/4000
Residual calibration 2921/4000
Residual calibration 2922/4000
Residual calibration 2923/4000
Residual calibration 2924/4000
Residual calibration 2925/4000
Residual calibration 2926/4000
Residual calibration 2927/4000
Residual calibration 2928/4000
Residual calibration 2929/4000
Residual calibration 2930/4000
Residual calibration 2931/4000
Residual calibration 2932/4000
Residual calibration 2933/4000
Residual calibration 2934/4000
Residual calibration 2935/4000
Residual calibration 2936/4000
Residual calibration 2937/4000
Residual calibration 2938/4000
Residual calibration 2939/4000
Residual calibration 2940/4000
Residual calibration 2941/4000
Residual calibration 2942/4000
Residual calibration 2943/4000
Residual calibration 2944/4000
Residual calibration 2945/4000
Residual calibration 2946/4000
Residual calibration 2947/4000
Residual calibration 2948/4000
Residual calibration 2949/4000
Residual calibration 2950/4000
Residual calibration 2951/4000
Residual calibration 2952/4000
Residual calibration 2953/4000
Residual calibration 2954/4000
Residual calibration 2955/4000
Residual calibration 2956/4000
Residual calibration 2957/4000
Residual calibration 2958/4000
Residual calibration 2959/4000
Residual calibration 2960/4000
Residual calibration 2961/4000
Residual calibration 2962/4000
Residual calibration 2963/4000
Residual calibration 2964/4000
Residual calibration 2965/4000
Residual calibration 2966/4000
Residual calibration 2967/4000
Residual calibration 2968/4000
Residual calibration 2969/4000
Residual calibration 2970/4000
Residual calibration 2971/4000
Residual calibration 2972/4000
Residual calibration 2973/4000
Residual calibration 2974/4000
Residual calibration 2975/4000
Residual calibration 2976/4000
Residual calibration 2977/4000
Residual calibration 2978/4000
Residual calibration 2979/4000
Residual calibration 2980/4000
Residual calibration 2981/4000
Residual calibration 2982/4000
Residual calibration 2983/4000
Residual calibration 2984/4000
Residual calibration 2985/4000
Residual calibration 2986/4000
Residual calibration 2987/4000
Residual calibration 2988/4000
Residual calibration 2989/4000
Residual calibration 2990/4000
Residual calibration 2991/4000
Residual calibration 2992/4000
Residual calibration 2993/4000
Residual calibration 2994/4000
Residual calibration 2995/4000
Residual calibration 2996/4000
Residual calibration 2997/4000
Residual calibration 2998/4000
Residual calibration 2999/4000
Residual calibration 3000/4000
Residual calibration 3001/4000
Residual calibration 3002/4000
Residual calibration 3003/4000
Residual calibration 3004/4000
Residual calibration 3005/4000
Residual calibration 3006/4000
Residual calibration 3007/4000
Residual calibration 3008/4000
Residual calibration 3009/4000
Residual calibration 3010/4000
Residual calibration 3011/4000
Residual calibration 3012/4000
Residual calibration 3013/4000
Residual calibration 3014/4000
Residual calibration 3015/4000
Residual calibration 3016/4000
Residual calibration 3017/4000
Residual calibration 3018/4000
Residual calibration 3019/4000
Residual calibration 3020/4000
Residual calibration 3021/4000
Residual calibration 3022/4000
Residual calibration 3023/4000
Residual calibration 3024/4000
Residual calibration 3025/4000
Residual calibration 3026/4000
Residual calibration 3027/4000
Residual calibration 3028/4000
Residual calibration 3029/4000
Residual calibration 3030/4000
Residual calibration 3031/4000
Residual calibration 3032/4000
Residual calibration 3033/4000
Residual calibration 3034/4000
Residual calibration 3035/4000
Residual calibration 3036/4000
Residual calibration 3037/4000
Residual calibration 3038/4000
Residual calibration 3039/4000
Residual calibration 3040/4000
Residual calibration 3041/4000
Residual calibration 3042/4000
Residual calibration 3043/4000
Residual calibration 3044/4000
Residual calibration 3045/4000
Residual calibration 3046/4000
Residual calibration 3047/4000
Residual calibration 3048/4000
Residual calibration 3049/4000
Residual calibration 3050/4000
Residual calibration 3051/4000
Residual calibration 3052/4000
Residual calibration 3053/4000
Residual calibration 3054/4000
Residual calibration 3055/4000
Residual calibration 3056/4000
Residual calibration 3057/4000
Residual calibration 3058/4000
Residual calibration 3059/4000
Residual calibration 3060/4000
Residual calibration 3061/4000
Residual calibration 3062/4000
Residual calibration 3063/4000
Residual calibration 3064/4000
Residual calibration 3065/4000
Residual calibration 3066/4000
Residual calibration 3067/4000
Residual calibration 3068/4000
Residual calibration 3069/4000
Residual calibration 3070/4000
Residual calibration 3071/4000
Residual calibration 3072/4000
Residual calibration 3073/4000
Residual calibration 3074/4000
Residual calibration 3075/4000
Residual calibration 3076/4000
Residual calibration 3077/4000
Residual calibration 3078/4000
Residual calibration 3079/4000
Residual calibration 3080/4000
Residual calibration 3081/4000
Residual calibration 3082/4000
Residual calibration 3083/4000
Residual calibration 3084/4000
Residual calibration 3085/4000
Residual calibration 3086/4000
Residual calibration 3087/4000
Residual calibration 3088/4000
Residual calibration 3089/4000
Residual calibration 3090/4000
Residual calibration 3091/4000
Residual calibration 3092/4000
Residual calibration 3093/4000
Residual calibration 3094/4000
Residual calibration 3095/4000
Residual calibration 3096/4000
Residual calibration 3097/4000
Residual calibration 3098/4000
Residual calibration 3099/4000
Residual calibration 3100/4000
Residual calibration 3101/4000
Residual calibration 3102/4000
Residual calibration 3103/4000
Residual calibration 3104/4000
Residual calibration 3105/4000
Residual calibration 3106/4000
Residual calibration 3107/4000
Residual calibration 3108/4000
Residual calibration 3109/4000
Residual calibration 3110/4000
Residual calibration 3111/4000
Residual calibration 3112/4000
Residual calibration 3113/4000
Residual calibration 3114/4000
Residual calibration 3115/4000
Residual calibration 3116/4000
Residual calibration 3117/4000
Residual calibration 3118/4000
Residual calibration 3119/4000
Residual calibration 3120/4000
Residual calibration 3121/4000
Residual calibration 3122/4000
Residual calibration 3123/4000
Residual calibration 3124/4000
Residual calibration 3125/4000
Residual calibration 3126/4000
Residual calibration 3127/4000
Residual calibration 3128/4000
Residual calibration 3129/4000
Residual calibration 3130/4000
Residual calibration 3131/4000
Residual calibration 3132/4000
Residual calibration 3133/4000
Residual calibration 3134/4000
Residual calibration 3135/4000
Residual calibration 3136/4000
Residual calibration 3137/4000
Residual calibration 3138/4000
Residual calibration 3139/4000
Residual calibration 3140/4000
Residual calibration 3141/4000
Residual calibration 3142/4000
Residual calibration 3143/4000
Residual calibration 3144/4000
Residual calibration 3145/4000
Residual calibration 3146/4000
Residual calibration 3147/4000
Residual calibration 3148/4000
Residual calibration 3149/4000
Residual calibration 3150/4000
Residual calibration 3151/4000
Residual calibration 3152/4000
Residual calibration 3153/4000
Residual calibration 3154/4000
Residual calibration 3155/4000
Residual calibration 3156/4000
Residual calibration 3157/4000
Residual calibration 3158/4000
Residual calibration 3159/4000
Residual calibration 3160/4000
Residual calibration 3161/4000
Residual calibration 3162/4000
Residual calibration 3163/4000
Residual calibration 3164/4000
Residual calibration 3165/4000
Residual calibration 3166/4000
Residual calibration 3167/4000
Residual calibration 3168/4000
Residual calibration 3169/4000
Residual calibration 3170/4000
Residual calibration 3171/4000
Residual calibration 3172/4000
Residual calibration 3173/4000
Residual calibration 3174/4000
Residual calibration 3175/4000
Residual calibration 3176/4000
Residual calibration 3177/4000
Residual calibration 3178/4000
Residual calibration 3179/4000
Residual calibration 3180/4000
Residual calibration 3181/4000
Residual calibration 3182/4000
Residual calibration 3183/4000
Residual calibration 3184/4000
Residual calibration 3185/4000
Residual calibration 3186/4000
Residual calibration 3187/4000
Residual calibration 3188/4000
Residual calibration 3189/4000
Residual calibration 3190/4000
Residual calibration 3191/4000
Residual calibration 3192/4000
Residual calibration 3193/4000
Residual calibration 3194/4000
Residual calibration 3195/4000
Residual calibration 3196/4000
Residual calibration 3197/4000
Residual calibration 3198/4000
Residual calibration 3199/4000
Residual calibration 3200/4000
Residual calibration 3201/4000
Residual calibration 3202/4000
Residual calibration 3203/4000
Residual calibration 3204/4000
Residual calibration 3205/4000
Residual calibration 3206/4000
Residual calibration 3207/4000
Residual calibration 3208/4000
Residual calibration 3209/4000
Residual calibration 3210/4000
Residual calibration 3211/4000
Residual calibration 3212/4000
Residual calibration 3213/4000
Residual calibration 3214/4000
Residual calibration 3215/4000
Residual calibration 3216/4000
Residual calibration 3217/4000
Residual calibration 3218/4000
Residual calibration 3219/4000
Residual calibration 3220/4000
Residual calibration 3221/4000
Residual calibration 3222/4000
Residual calibration 3223/4000
Residual calibration 3224/4000
Residual calibration 3225/4000
Residual calibration 3226/4000
Residual calibration 3227/4000
Residual calibration 3228/4000
Residual calibration 3229/4000
Residual calibration 3230/4000
Residual calibration 3231/4000
Residual calibration 3232/4000
Residual calibration 3233/4000
Residual calibration 3234/4000
Residual calibration 3235/4000
Residual calibration 3236/4000
Residual calibration 3237/4000
Residual calibration 3238/4000
Residual calibration 3239/4000
Residual calibration 3240/4000
Residual calibration 3241/4000
Residual calibration 3242/4000
Residual calibration 3243/4000
Residual calibration 3244/4000
Residual calibration 3245/4000
Residual calibration 3246/4000
Residual calibration 3247/4000
Residual calibration 3248/4000
Residual calibration 3249/4000
Residual calibration 3250/4000
Residual calibration 3251/4000
Residual calibration 3252/4000
Residual calibration 3253/4000
Residual calibration 3254/4000
Residual calibration 3255/4000
Residual calibration 3256/4000
Residual calibration 3257/4000
Residual calibration 3258/4000
Residual calibration 3259/4000
Residual calibration 3260/4000
Residual calibration 3261/4000
Residual calibration 3262/4000
Residual calibration 3263/4000
Residual calibration 3264/4000
Residual calibration 3265/4000
Residual calibration 3266/4000
Residual calibration 3267/4000
Residual calibration 3268/4000
Residual calibration 3269/4000
Residual calibration 3270/4000
Residual calibration 3271/4000
Residual calibration 3272/4000
Residual calibration 3273/4000
Residual calibration 3274/4000
Residual calibration 3275/4000
Residual calibration 3276/4000
Residual calibration 3277/4000
Residual calibration 3278/4000
Residual calibration 3279/4000
Residual calibration 3280/4000
Residual calibration 3281/4000
Residual calibration 3282/4000
Residual calibration 3283/4000
Residual calibration 3284/4000
Residual calibration 3285/4000
Residual calibration 3286/4000
Residual calibration 3287/4000
Residual calibration 3288/4000
Residual calibration 3289/4000
Residual calibration 3290/4000
Residual calibration 3291/4000
Residual calibration 3292/4000
Residual calibration 3293/4000
Residual calibration 3294/4000
Residual calibration 3295/4000
Residual calibration 3296/4000
Residual calibration 3297/4000
Residual calibration 3298/4000
Residual calibration 3299/4000
Residual calibration 3300/4000
Residual calibration 3301/4000
Residual calibration 3302/4000
Residual calibration 3303/4000
Residual calibration 3304/4000
Residual calibration 3305/4000
Residual calibration 3306/4000
Residual calibration 3307/4000
Residual calibration 3308/4000
Residual calibration 3309/4000
Residual calibration 3310/4000
Residual calibration 3311/4000
Residual calibration 3312/4000
Residual calibration 3313/4000
Residual calibration 3314/4000
Residual calibration 3315/4000
Residual calibration 3316/4000
Residual calibration 3317/4000
Residual calibration 3318/4000
Residual calibration 3319/4000
Residual calibration 3320/4000
Residual calibration 3321/4000
Residual calibration 3322/4000
Residual calibration 3323/4000
Residual calibration 3324/4000
Residual calibration 3325/4000
Residual calibration 3326/4000
Residual calibration 3327/4000
Residual calibration 3328/4000
Residual calibration 3329/4000
Residual calibration 3330/4000
Residual calibration 3331/4000
Residual calibration 3332/4000
Residual calibration 3333/4000
Residual calibration 3334/4000
Residual calibration 3335/4000
Residual calibration 3336/4000
Residual calibration 3337/4000
Residual calibration 3338/4000
Residual calibration 3339/4000
Residual calibration 3340/4000
Residual calibration 3341/4000
Residual calibration 3342/4000
Residual calibration 3343/4000
Residual calibration 3344/4000
Residual calibration 3345/4000
Residual calibration 3346/4000
Residual calibration 3347/4000
Residual calibration 3348/4000
Residual calibration 3349/4000
Residual calibration 3350/4000
Residual calibration 3351/4000
Residual calibration 3352/4000
Residual calibration 3353/4000
Residual calibration 3354/4000
Residual calibration 3355/4000
Residual calibration 3356/4000
Residual calibration 3357/4000
Residual calibration 3358/4000
Residual calibration 3359/4000
Residual calibration 3360/4000
Residual calibration 3361/4000
Residual calibration 3362/4000
Residual calibration 3363/4000
Residual calibration 3364/4000
Residual calibration 3365/4000
Residual calibration 3366/4000
Residual calibration 3367/4000
Residual calibration 3368/4000
Residual calibration 3369/4000
Residual calibration 3370/4000
Residual calibration 3371/4000
Residual calibration 3372/4000
Residual calibration 3373/4000
Residual calibration 3374/4000
Residual calibration 3375/4000
Residual calibration 3376/4000
Residual calibration 3377/4000
Residual calibration 3378/4000
Residual calibration 3379/4000
Residual calibration 3380/4000
Residual calibration 3381/4000
Residual calibration 3382/4000
Residual calibration 3383/4000
Residual calibration 3384/4000
Residual calibration 3385/4000
Residual calibration 3386/4000
Residual calibration 3387/4000
Residual calibration 3388/4000
Residual calibration 3389/4000
Residual calibration 3390/4000
Residual calibration 3391/4000
Residual calibration 3392/4000
Residual calibration 3393/4000
Residual calibration 3394/4000
Residual calibration 3395/4000
Residual calibration 3396/4000
Residual calibration 3397/4000
Residual calibration 3398/4000
Residual calibration 3399/4000
Residual calibration 3400/4000
Residual calibration 3401/4000
Residual calibration 3402/4000
Residual calibration 3403/4000
Residual calibration 3404/4000
Residual calibration 3405/4000
Residual calibration 3406/4000
Residual calibration 3407/4000
Residual calibration 3408/4000
Residual calibration 3409/4000
Residual calibration 3410/4000
Residual calibration 3411/4000
Residual calibration 3412/4000
Residual calibration 3413/4000
Residual calibration 3414/4000
Residual calibration 3415/4000
Residual calibration 3416/4000
Residual calibration 3417/4000
Residual calibration 3418/4000
Residual calibration 3419/4000
Residual calibration 3420/4000
Residual calibration 3421/4000
Residual calibration 3422/4000
Residual calibration 3423/4000
Residual calibration 3424/4000
Residual calibration 3425/4000
Residual calibration 3426/4000
Residual calibration 3427/4000
Residual calibration 3428/4000
Residual calibration 3429/4000
Residual calibration 3430/4000
Residual calibration 3431/4000
Residual calibration 3432/4000
Residual calibration 3433/4000
Residual calibration 3434/4000
Residual calibration 3435/4000
Residual calibration 3436/4000
Residual calibration 3437/4000
Residual calibration 3438/4000
Residual calibration 3439/4000
Residual calibration 3440/4000
Residual calibration 3441/4000
Residual calibration 3442/4000
Residual calibration 3443/4000
Residual calibration 3444/4000
Residual calibration 3445/4000
Residual calibration 3446/4000
Residual calibration 3447/4000
Residual calibration 3448/4000
Residual calibration 3449/4000
Residual calibration 3450/4000
Residual calibration 3451/4000
Residual calibration 3452/4000
Residual calibration 3453/4000
Residual calibration 3454/4000
Residual calibration 3455/4000
Residual calibration 3456/4000
Residual calibration 3457/4000
Residual calibration 3458/4000
Residual calibration 3459/4000
Residual calibration 3460/4000
Residual calibration 3461/4000
Residual calibration 3462/4000
Residual calibration 3463/4000
Residual calibration 3464/4000
Residual calibration 3465/4000
Residual calibration 3466/4000
Residual calibration 3467/4000
Residual calibration 3468/4000
Residual calibration 3469/4000
Residual calibration 3470/4000
Residual calibration 3471/4000
Residual calibration 3472/4000
Residual calibration 3473/4000
Residual calibration 3474/4000
Residual calibration 3475/4000
Residual calibration 3476/4000
Residual calibration 3477/4000
Residual calibration 3478/4000
Residual calibration 3479/4000
Residual calibration 3480/4000
Residual calibration 3481/4000
Residual calibration 3482/4000
Residual calibration 3483/4000
Residual calibration 3484/4000
Residual calibration 3485/4000
Residual calibration 3486/4000
Residual calibration 3487/4000
Residual calibration 3488/4000
Residual calibration 3489/4000
Residual calibration 3490/4000
Residual calibration 3491/4000
Residual calibration 3492/4000
Residual calibration 3493/4000
Residual calibration 3494/4000
Residual calibration 3495/4000
Residual calibration 3496/4000
Residual calibration 3497/4000
Residual calibration 3498/4000
Residual calibration 3499/4000
Residual calibration 3500/4000
Residual calibration 3501/4000
Residual calibration 3502/4000
Residual calibration 3503/4000
Residual calibration 3504/4000
Residual calibration 3505/4000
Residual calibration 3506/4000
Residual calibration 3507/4000
Residual calibration 3508/4000
Residual calibration 3509/4000
Residual calibration 3510/4000
Residual calibration 3511/4000
Residual calibration 3512/4000
Residual calibration 3513/4000
Residual calibration 3514/4000
Residual calibration 3515/4000
Residual calibration 3516/4000
Residual calibration 3517/4000
Residual calibration 3518/4000
Residual calibration 3519/4000
Residual calibration 3520/4000
Residual calibration 3521/4000
Residual calibration 3522/4000
Residual calibration 3523/4000
Residual calibration 3524/4000
Residual calibration 3525/4000
Residual calibration 3526/4000
Residual calibration 3527/4000
Residual calibration 3528/4000
Residual calibration 3529/4000
Residual calibration 3530/4000
Residual calibration 3531/4000
Residual calibration 3532/4000
Residual calibration 3533/4000
Residual calibration 3534/4000
Residual calibration 3535/4000
Residual calibration 3536/4000
Residual calibration 3537/4000
Residual calibration 3538/4000
Residual calibration 3539/4000
Residual calibration 3540/4000
Residual calibration 3541/4000
Residual calibration 3542/4000
Residual calibration 3543/4000
Residual calibration 3544/4000
Residual calibration 3545/4000
Residual calibration 3546/4000
Residual calibration 3547/4000
Residual calibration 3548/4000
Residual calibration 3549/4000
Residual calibration 3550/4000
Residual calibration 3551/4000
Residual calibration 3552/4000
Residual calibration 3553/4000
Residual calibration 3554/4000
Residual calibration 3555/4000
Residual calibration 3556/4000
Residual calibration 3557/4000
Residual calibration 3558/4000
Residual calibration 3559/4000
Residual calibration 3560/4000
Residual calibration 3561/4000
Residual calibration 3562/4000
Residual calibration 3563/4000
Residual calibration 3564/4000
Residual calibration 3565/4000
Residual calibration 3566/4000
Residual calibration 3567/4000
Residual calibration 3568/4000
Residual calibration 3569/4000
Residual calibration 3570/4000
Residual calibration 3571/4000
Residual calibration 3572/4000
Residual calibration 3573/4000
Residual calibration 3574/4000
Residual calibration 3575/4000
Residual calibration 3576/4000
Residual calibration 3577/4000
Residual calibration 3578/4000
Residual calibration 3579/4000
Residual calibration 3580/4000
Residual calibration 3581/4000
Residual calibration 3582/4000
Residual calibration 3583/4000
Residual calibration 3584/4000
Residual calibration 3585/4000
Residual calibration 3586/4000
Residual calibration 3587/4000
Residual calibration 3588/4000
Residual calibration 3589/4000
Residual calibration 3590/4000
Residual calibration 3591/4000
Residual calibration 3592/4000
Residual calibration 3593/4000
Residual calibration 3594/4000
Residual calibration 3595/4000
Residual calibration 3596/4000
Residual calibration 3597/4000
Residual calibration 3598/4000
Residual calibration 3599/4000
Residual calibration 3600/4000
Residual calibration 3601/4000
Residual calibration 3602/4000
Residual calibration 3603/4000
Residual calibration 3604/4000
Residual calibration 3605/4000
Residual calibration 3606/4000
Residual calibration 3607/4000
Residual calibration 3608/4000
Residual calibration 3609/4000
Residual calibration 3610/4000
Residual calibration 3611/4000
Residual calibration 3612/4000
Residual calibration 3613/4000
Residual calibration 3614/4000
Residual calibration 3615/4000
Residual calibration 3616/4000
Residual calibration 3617/4000
Residual calibration 3618/4000
Residual calibration 3619/4000
Residual calibration 3620/4000
Residual calibration 3621/4000
Residual calibration 3622/4000
Residual calibration 3623/4000
Residual calibration 3624/4000
Residual calibration 3625/4000
Residual calibration 3626/4000
Residual calibration 3627/4000
Residual calibration 3628/4000
Residual calibration 3629/4000
Residual calibration 3630/4000
Residual calibration 3631/4000
Residual calibration 3632/4000
Residual calibration 3633/4000
Residual calibration 3634/4000
Residual calibration 3635/4000
Residual calibration 3636/4000
Residual calibration 3637/4000
Residual calibration 3638/4000
Residual calibration 3639/4000
Residual calibration 3640/4000
Residual calibration 3641/4000
Residual calibration 3642/4000
Residual calibration 3643/4000
Residual calibration 3644/4000
Residual calibration 3645/4000
Residual calibration 3646/4000
Residual calibration 3647/4000
Residual calibration 3648/4000
Residual calibration 3649/4000
Residual calibration 3650/4000
Residual calibration 3651/4000
Residual calibration 3652/4000
Residual calibration 3653/4000
Residual calibration 3654/4000
Residual calibration 3655/4000
Residual calibration 3656/4000
Residual calibration 3657/4000
Residual calibration 3658/4000
Residual calibration 3659/4000
Residual calibration 3660/4000
Residual calibration 3661/4000
Residual calibration 3662/4000
Residual calibration 3663/4000
Residual calibration 3664/4000
Residual calibration 3665/4000
Residual calibration 3666/4000
Residual calibration 3667/4000
Residual calibration 3668/4000
Residual calibration 3669/4000
Residual calibration 3670/4000
Residual calibration 3671/4000
Residual calibration 3672/4000
Residual calibration 3673/4000
Residual calibration 3674/4000
Residual calibration 3675/4000
Residual calibration 3676/4000
Residual calibration 3677/4000
Residual calibration 3678/4000
Residual calibration 3679/4000
Residual calibration 3680/4000
Residual calibration 3681/4000
Residual calibration 3682/4000
Residual calibration 3683/4000
Residual calibration 3684/4000
Residual calibration 3685/4000
Residual calibration 3686/4000
Residual calibration 3687/4000
Residual calibration 3688/4000
Residual calibration 3689/4000
Residual calibration 3690/4000
Residual calibration 3691/4000
Residual calibration 3692/4000
Residual calibration 3693/4000
Residual calibration 3694/4000
Residual calibration 3695/4000
Residual calibration 3696/4000
Residual calibration 3697/4000
Residual calibration 3698/4000
Residual calibration 3699/4000
Residual calibration 3700/4000
Residual calibration 3701/4000
Residual calibration 3702/4000
Residual calibration 3703/4000
Residual calibration 3704/4000
Residual calibration 3705/4000
Residual calibration 3706/4000
Residual calibration 3707/4000
Residual calibration 3708/4000
Residual calibration 3709/4000
Residual calibration 3710/4000
Residual calibration 3711/4000
Residual calibration 3712/4000
Residual calibration 3713/4000
Residual calibration 3714/4000
Residual calibration 3715/4000
Residual calibration 3716/4000
Residual calibration 3717/4000
Residual calibration 3718/4000
Residual calibration 3719/4000
Residual calibration 3720/4000
Residual calibration 3721/4000
Residual calibration 3722/4000
Residual calibration 3723/4000
Residual calibration 3724/4000
Residual calibration 3725/4000
Residual calibration 3726/4000
Residual calibration 3727/4000
Residual calibration 3728/4000
Residual calibration 3729/4000
Residual calibration 3730/4000
Residual calibration 3731/4000
Residual calibration 3732/4000
Residual calibration 3733/4000
Residual calibration 3734/4000
Residual calibration 3735/4000
Residual calibration 3736/4000
Residual calibration 3737/4000
Residual calibration 3738/4000
Residual calibration 3739/4000
Residual calibration 3740/4000
Residual calibration 3741/4000
Residual calibration 3742/4000
Residual calibration 3743/4000
Residual calibration 3744/4000
Residual calibration 3745/4000
Residual calibration 3746/4000
Residual calibration 3747/4000
Residual calibration 3748/4000
Residual calibration 3749/4000
Residual calibration 3750/4000
Residual calibration 3751/4000
Residual calibration 3752/4000
Residual calibration 3753/4000
Residual calibration 3754/4000
Residual calibration 3755/4000
Residual calibration 3756/4000
Residual calibration 3757/4000
Residual calibration 3758/4000
Residual calibration 3759/4000
Residual calibration 3760/4000
Residual calibration 3761/4000
Residual calibration 3762/4000
Residual calibration 3763/4000
Residual calibration 3764/4000
Residual calibration 3765/4000
Residual calibration 3766/4000
Residual calibration 3767/4000
Residual calibration 3768/4000
Residual calibration 3769/4000
Residual calibration 3770/4000
Residual calibration 3771/4000
Residual calibration 3772/4000
Residual calibration 3773/4000
Residual calibration 3774/4000
Residual calibration 3775/4000
Residual calibration 3776/4000
Residual calibration 3777/4000
Residual calibration 3778/4000
Residual calibration 3779/4000
Residual calibration 3780/4000
Residual calibration 3781/4000
Residual calibration 3782/4000
Residual calibration 3783/4000
Residual calibration 3784/4000
Residual calibration 3785/4000
Residual calibration 3786/4000
Residual calibration 3787/4000
Residual calibration 3788/4000
Residual calibration 3789/4000
Residual calibration 3790/4000
Residual calibration 3791/4000
Residual calibration 3792/4000
Residual calibration 3793/4000
Residual calibration 3794/4000
Residual calibration 3795/4000
Residual calibration 3796/4000
Residual calibration 3797/4000
Residual calibration 3798/4000
Residual calibration 3799/4000
Residual calibration 3800/4000
Residual calibration 3801/4000
Residual calibration 3802/4000
Residual calibration 3803/4000
Residual calibration 3804/4000
Residual calibration 3805/4000
Residual calibration 3806/4000
Residual calibration 3807/4000
Residual calibration 3808/4000
Residual calibration 3809/4000
Residual calibration 3810/4000
Residual calibration 3811/4000
Residual calibration 3812/4000
Residual calibration 3813/4000
Residual calibration 3814/4000
Residual calibration 3815/4000
Residual calibration 3816/4000
Residual calibration 3817/4000
Residual calibration 3818/4000
Residual calibration 3819/4000
Residual calibration 3820/4000
Residual calibration 3821/4000
Residual calibration 3822/4000
Residual calibration 3823/4000
Residual calibration 3824/4000
Residual calibration 3825/4000
Residual calibration 3826/4000
Residual calibration 3827/4000
Residual calibration 3828/4000
Residual calibration 3829/4000
Residual calibration 3830/4000
Residual calibration 3831/4000
Residual calibration 3832/4000
Residual calibration 3833/4000
Residual calibration 3834/4000
Residual calibration 3835/4000
Residual calibration 3836/4000
Residual calibration 3837/4000
Residual calibration 3838/4000
Residual calibration 3839/4000
Residual calibration 3840/4000
Residual calibration 3841/4000
Residual calibration 3842/4000
Residual calibration 3843/4000
Residual calibration 3844/4000
Residual calibration 3845/4000
Residual calibration 3846/4000
Residual calibration 3847/4000
Residual calibration 3848/4000
Residual calibration 3849/4000
Residual calibration 3850/4000
Residual calibration 3851/4000
Residual calibration 3852/4000
Residual calibration 3853/4000
Residual calibration 3854/4000
Residual calibration 3855/4000
Residual calibration 3856/4000
Residual calibration 3857/4000
Residual calibration 3858/4000
Residual calibration 3859/4000
Residual calibration 3860/4000
Residual calibration 3861/4000
Residual calibration 3862/4000
Residual calibration 3863/4000
Residual calibration 3864/4000
Residual calibration 3865/4000
Residual calibration 3866/4000
Residual calibration 3867/4000
Residual calibration 3868/4000
Residual calibration 3869/4000
Residual calibration 3870/4000
Residual calibration 3871/4000
Residual calibration 3872/4000
Residual calibration 3873/4000
Residual calibration 3874/4000
Residual calibration 3875/4000
Residual calibration 3876/4000
Residual calibration 3877/4000
Residual calibration 3878/4000
Residual calibration 3879/4000
Residual calibration 3880/4000
Residual calibration 3881/4000
Residual calibration 3882/4000
Residual calibration 3883/4000
Residual calibration 3884/4000
Residual calibration 3885/4000
Residual calibration 3886/4000
Residual calibration 3887/4000
Residual calibration 3888/4000
Residual calibration 3889/4000
Residual calibration 3890/4000
Residual calibration 3891/4000
Residual calibration 3892/4000
Residual calibration 3893/4000
Residual calibration 3894/4000
Residual calibration 3895/4000
Residual calibration 3896/4000
Residual calibration 3897/4000
Residual calibration 3898/4000
Residual calibration 3899/4000
Residual calibration 3900/4000
Residual calibration 3901/4000
Residual calibration 3902/4000
Residual calibration 3903/4000
Residual calibration 3904/4000
Residual calibration 3905/4000
Residual calibration 3906/4000
Residual calibration 3907/4000
Residual calibration 3908/4000
Residual calibration 3909/4000
Residual calibration 3910/4000
Residual calibration 3911/4000
Residual calibration 3912/4000
Residual calibration 3913/4000
Residual calibration 3914/4000
Residual calibration 3915/4000
Residual calibration 3916/4000
Residual calibration 3917/4000
Residual calibration 3918/4000
Residual calibration 3919/4000
Residual calibration 3920/4000
Residual calibration 3921/4000
Residual calibration 3922/4000
Residual calibration 3923/4000
Residual calibration 3924/4000
Residual calibration 3925/4000
Residual calibration 3926/4000
Residual calibration 3927/4000
Residual calibration 3928/4000
Residual calibration 3929/4000
Residual calibration 3930/4000
Residual calibration 3931/4000
Residual calibration 3932/4000
Residual calibration 3933/4000
Residual calibration 3934/4000
Residual calibration 3935/4000
Residual calibration 3936/4000
Residual calibration 3937/4000
Residual calibration 3938/4000
Residual calibration 3939/4000
Residual calibration 3940/4000
Residual calibration 3941/4000
Residual calibration 3942/4000
Residual calibration 3943/4000
Residual calibration 3944/4000
Residual calibration 3945/4000
Residual calibration 3946/4000
Residual calibration 3947/4000
Residual calibration 3948/4000
Residual calibration 3949/4000
Residual calibration 3950/4000
Residual calibration 3951/4000
Residual calibration 3952/4000
Residual calibration 3953/4000
Residual calibration 3954/4000
Residual calibration 3955/4000
Residual calibration 3956/4000
Residual calibration 3957/4000
Residual calibration 3958/4000
Residual calibration 3959/4000
Residual calibration 3960/4000
Residual calibration 3961/4000
Residual calibration 3962/4000
Residual calibration 3963/4000
Residual calibration 3964/4000
Residual calibration 3965/4000
Residual calibration 3966/4000
Residual calibration 3967/4000
Residual calibration 3968/4000
Residual calibration 3969/4000
Residual calibration 3970/4000
Residual calibration 3971/4000
Residual calibration 3972/4000
Residual calibration 3973/4000
Residual calibration 3974/4000
Residual calibration 3975/4000
Residual calibration 3976/4000
Residual calibration 3977/4000
Residual calibration 3978/4000
Residual calibration 3979/4000
Residual calibration 3980/4000
Residual calibration 3981/4000
Residual calibration 3982/4000
Residual calibration 3983/4000
Residual calibration 3984/4000
Residual calibration 3985/4000
Residual calibration 3986/4000
Residual calibration 3987/4000
Residual calibration 3988/4000
Residual calibration 3989/4000
Residual calibration 3990/4000
Residual calibration 3991/4000
Residual calibration 3992/4000
Residual calibration 3993/4000
Residual calibration 3994/4000
Residual calibration 3995/4000
Residual calibration 3996/4000
Residual calibration 3997/4000
Residual calibration 3998/4000
Residual calibration 3999/4000
Residual calibration 4000/4000
{'candidate': 'natural_residual_w4_c1.0_step0', 'source': 'rtn_fallback', 'method': 'natural_residual', 'bits': 4, 'clip': 1.0, 'step': 0, 'psnr': 33.350563049316406, 'ssim': 0.943604588508606, 'psnr_p05': 29.569313049316406, 'min_psnr': 28.79359245300293, 'quality_violation_fraction': 0.0, 'target_mse': 0.004609984279966284, 'feasible': True, 'semantic_lowpass_mse': 8.52526811286225e-05, 'generated_reference_mse': 0.0005406601558206603, 'natural_validation_mse': 0.004609984279966284, 'natural_validation_lpips': 0.08563281597889727, 'natural_validation_residual': 0.031471448441038774, 'natural_validation_spectral': None, 'selection_objective': 0.0446873406594591}
{'candidate': 'natural_residual_w4_c1.0_step100', 'source': 'natural_residual', 'method': 'natural_residual', 'bits': 4, 'clip': 1.0, 'step': 100, 'psnr': 31.015024185180664, 'ssim': 0.8859753608703613, 'psnr_p05': 25.979219436645508, 'min_psnr': 25.485958099365234, 'quality_violation_fraction': 0.05000000074505806, 'target_mse': 0.003977196754647139, 'feasible': True, 'semantic_lowpass_mse': 6.721893823851133e-05, 'generated_reference_mse': 0.000977922760648653, 'natural_validation_mse': 0.003977196754647139, 'natural_validation_lpips': 0.07020987930445699, 'natural_validation_residual': 0.02578825237719684, 'natural_validation_spectral': None, 'selection_objective': 0.03682004653140893}
{'candidate': 'natural_residual_w4_c1.0_step200', 'source': 'natural_residual', 'method': 'natural_residual', 'bits': 4, 'clip': 1.0, 'step': 200, 'psnr': 30.31549644470215, 'ssim': 0.8611453175544739, 'psnr_p05': 24.819002151489258, 'min_psnr': 24.625083923339844, 'quality_violation_fraction': 0.25, 'target_mse': 0.003982808069025623, 'feasible': True, 'semantic_lowpass_mse': 7.912571927590762e-05, 'generated_reference_mse': 0.0011939896445255726, 'natural_validation_mse': 0.003982808069025623, 'natural_validation_lpips': 0.06683186283044051, 'natural_validation_residual': 0.02531587163309723, 'natural_validation_spectral': None, 'selection_objective': 0.03602142884480486}
{'candidate': 'natural_residual_w4_c1.0_step300', 'source': 'natural_residual', 'method': 'natural_residual', 'bits': 4, 'clip': 1.0, 'step': 300, 'psnr': 29.941640853881836, 'ssim': 0.8458163142204285, 'psnr_p05': 24.325742721557617, 'min_psnr': 24.175100326538086, 'quality_violation_fraction': 0.3499999940395355, 'target_mse': 0.003933106069041514, 'feasible': True, 'semantic_lowpass_mse': 7.064122000883799e-05, 'generated_reference_mse': 0.0013040787016507238, 'natural_validation_mse': 0.003933106069041514, 'natural_validation_lpips': 0.0643779855381581, 'natural_validation_residual': 0.024895147893005287, 'natural_validation_spectral': None, 'selection_objective': 0.03530137312586703}
{'candidate': 'natural_residual_w4_c1.0_step400', 'source': 'natural_residual', 'method': 'natural_residual', 'bits': 4, 'clip': 1.0, 'step': 400, 'psnr': 29.767480850219727, 'ssim': 0.8366931676864624, 'psnr_p05': 24.162355422973633, 'min_psnr': 23.8065128326416, 'quality_violation_fraction': 0.3499999940395355, 'target_mse': 0.003956935927391214, 'feasible': True, 'semantic_lowpass_mse': 7.06892724338104e-05, 'generated_reference_mse': 0.0013765633062575943, 'natural_validation_mse': 0.003956935927391214, 'natural_validation_lpips': 0.06260140263475478, 'natural_validation_residual': 0.024806020642017756, 'natural_validation_spectral': None, 'selection_objective': 0.03505844146910135}
{'candidate': 'natural_residual_w4_c1.0_step500', 'source': 'natural_residual', 'method': 'natural_residual', 'bits': 4, 'clip': 1.0, 'step': 500, 'psnr': 29.68490219116211, 'ssim': 0.832256019115448, 'psnr_p05': 23.98656463623047, 'min_psnr': 23.596698760986328, 'quality_violation_fraction': 0.3499999940395355, 'target_mse': 0.00388254668001764, 'feasible': True, 'semantic_lowpass_mse': 7.606796716572717e-05, 'generated_reference_mse': 0.0014027420285856352, 'natural_validation_mse': 0.00388254668001764, 'natural_validation_lpips': 0.06210476131673204, 'natural_validation_residual': 0.02454016391686764, 'natural_validation_spectral': None, 'selection_objective': 0.03467122071214135}
{'candidate': 'natural_residual_w4_c1.0_step600', 'source': 'natural_residual', 'method': 'natural_residual', 'bits': 4, 'clip': 1.0, 'step': 600, 'psnr': 29.668310165405273, 'ssim': 0.8291105031967163, 'psnr_p05': 23.94354820251465, 'min_psnr': 23.620784759521484, 'quality_violation_fraction': 0.4000000059604645, 'target_mse': 0.0038684765608962834, 'feasible': True, 'semantic_lowpass_mse': 6.893925128679257e-05, 'generated_reference_mse': 0.0014087087736697867, 'natural_validation_mse': 0.0038684765608962834, 'natural_validation_lpips': 0.06134967693287763, 'natural_validation_residual': 0.02437038929207347, 'natural_validation_spectral': None, 'selection_objective': 0.03440830317190091}
{'candidate': 'natural_residual_w4_c1.0_step700', 'source': 'natural_residual', 'method': 'natural_residual', 'bits': 4, 'clip': 1.0, 'step': 700, 'psnr': 29.633159637451172, 'ssim': 0.8268462419509888, 'psnr_p05': 23.86421012878418, 'min_psnr': 23.581298828125, 'quality_violation_fraction': 0.4000000059604645, 'target_mse': 0.003876151378506165, 'feasible': True, 'semantic_lowpass_mse': 7.122530205379007e-05, 'generated_reference_mse': 0.0014310007260064594, 'natural_validation_mse': 0.003876151378506165, 'natural_validation_lpips': 0.06055805172218243, 'natural_validation_residual': 0.024254655342986098, 'natural_validation_spectral': None, 'selection_objective': 0.034222224544737403}
{'candidate': 'natural_residual_w4_c1.0_step800', 'source': 'natural_residual', 'method': 'natural_residual', 'bits': 4, 'clip': 1.0, 'step': 800, 'psnr': 29.6772403717041, 'ssim': 0.8275882601737976, 'psnr_p05': 23.994922637939453, 'min_psnr': 23.67354393005371, 'quality_violation_fraction': 0.4000000059604645, 'target_mse': 0.003836122502931971, 'feasible': True, 'semantic_lowpass_mse': 6.519166727230186e-05, 'generated_reference_mse': 0.0014051818885491229, 'natural_validation_mse': 0.003836122502931971, 'natural_validation_lpips': 0.060128208533569705, 'natural_validation_residual': 0.024171788986109277, 'natural_validation_spectral': None, 'selection_objective': 0.03405332817603437}
{'candidate': 'natural_residual_w4_c1.0_step900', 'source': 'natural_residual', 'method': 'natural_residual', 'bits': 4, 'clip': 1.0, 'step': 900, 'psnr': 29.675846099853516, 'ssim': 0.8280389904975891, 'psnr_p05': 23.958354949951172, 'min_psnr': 23.629817962646484, 'quality_violation_fraction': 0.3499999940395355, 'target_mse': 0.0038342172821614895, 'feasible': True, 'semantic_lowpass_mse': 6.853279019196634e-05, 'generated_reference_mse': 0.0014135884179268033, 'natural_validation_mse': 0.0038342172821614895, 'natural_validation_lpips': 0.05981154675828293, 'natural_validation_residual': 0.02412810974851709, 'natural_validation_spectral': None, 'selection_objective': 0.03397774810160285}
{'candidate': 'natural_residual_w4_c1.0_step1000', 'source': 'natural_residual', 'method': 'natural_residual', 'bits': 4, 'clip': 1.0, 'step': 1000, 'psnr': 29.660297393798828, 'ssim': 0.8266304135322571, 'psnr_p05': 23.92917823791504, 'min_psnr': 23.58533477783203, 'quality_violation_fraction': 0.4000000059604645, 'target_mse': 0.003837778689316451, 'feasible': True, 'semantic_lowpass_mse': 6.568686449099914e-05, 'generated_reference_mse': 0.0014210840876330622, 'natural_validation_mse': 0.003837778689316451, 'natural_validation_lpips': 0.059636870078975335, 'natural_validation_residual': 0.024110030930501125, 'natural_validation_spectral': None, 'selection_objective': 0.03394434005996061}
{'candidate': 'natural_residual_qat_w4_c1.0_step0', 'source': 'rtn_fallback', 'method': 'natural_residual_qat', 'bits': 4, 'clip': 1.0, 'step': 0, 'psnr': 33.35065841674805, 'ssim': 0.943604588508606, 'psnr_p05': 29.569433212280273, 'min_psnr': 28.793678283691406, 'quality_violation_fraction': 0.0, 'target_mse': 0.004610004772871434, 'feasible': True, 'semantic_lowpass_mse': 8.52470307108888e-05, 'generated_reference_mse': 0.0005406524978752714, 'natural_validation_mse': 0.004610004772871434, 'natural_validation_lpips': 0.08563141724152956, 'natural_validation_residual': 0.03147150848292313, 'natural_validation_spectral': None, 'selection_objective': 0.04468727849530296, 'code_change_fraction_vs_rtn': 0.0, 'code_offset_rms': 0.0, 'code_offset_ge_one_fraction': 0.0}
{'candidate': 'natural_residual_qat_w4_c1.0_step100', 'source': 'natural_residual_qat', 'method': 'natural_residual_qat', 'bits': 4, 'clip': 1.0, 'step': 100, 'psnr': 32.100765228271484, 'ssim': 0.911323070526123, 'psnr_p05': 27.241504669189453, 'min_psnr': 26.672534942626953, 'quality_violation_fraction': 0.0, 'target_mse': 0.003989641120881515, 'feasible': True, 'semantic_lowpass_mse': 5.3989300067769366e-05, 'generated_reference_mse': 0.0007587065396364778, 'natural_validation_mse': 0.003989641120881515, 'natural_validation_lpips': 0.07325283766840585, 'natural_validation_residual': 0.026036828100359344, 'natural_validation_spectral': None, 'selection_objective': 0.03737874763811533, 'code_change_fraction_vs_rtn': 0.007828737609088421, 'code_offset_rms': 0.009871712397177646, 'code_offset_ge_one_fraction': 0.0}
{'candidate': 'natural_residual_qat_w4_c1.0_step200', 'source': 'natural_residual_qat', 'method': 'natural_residual_qat', 'bits': 4, 'clip': 1.0, 'step': 200, 'psnr': 31.253299713134766, 'ssim': 0.8878788948059082, 'psnr_p05': 26.057844161987305, 'min_psnr': 25.61772346496582, 'quality_violation_fraction': 0.05000000074505806, 'target_mse': 0.003978013222223353, 'feasible': True, 'semantic_lowpass_mse': 5.973593188173254e-05, 'generated_reference_mse': 0.0009478588457568548, 'natural_validation_mse': 0.003978013222223353, 'natural_validation_lpips': 0.0684831528851646, 'natural_validation_residual': 0.025512616868638816, 'natural_validation_spectral': None, 'selection_objective': 0.036368813345319495, 'code_change_fraction_vs_rtn': 0.011015922762453556, 'code_offset_rms': 0.013981731955205162, 'code_offset_ge_one_fraction': 0.0}
{'candidate': 'natural_residual_qat_w4_c1.0_step300', 'source': 'natural_residual_qat', 'method': 'natural_residual_qat', 'bits': 4, 'clip': 1.0, 'step': 300, 'psnr': 30.716110229492188, 'ssim': 0.8710833787918091, 'psnr_p05': 25.2235164642334, 'min_psnr': 24.977012634277344, 'quality_violation_fraction': 0.15000000596046448, 'target_mse': 0.003931693635763622, 'feasible': True, 'semantic_lowpass_mse': 6.807876934544765e-05, 'generated_reference_mse': 0.0010807986065628939, 'natural_validation_mse': 0.003931693635763622, 'natural_validation_lpips': 0.06658472973140306, 'natural_validation_residual': 0.02507135638171576, 'natural_validation_spectral': None, 'selection_objective': 0.03569556237529241, 'code_change_fraction_vs_rtn': 0.013144331984221935, 'code_offset_rms': 0.016691301934264227, 'code_offset_ge_one_fraction': 0.0}
{'candidate': 'natural_residual_qat_w4_c1.0_step400', 'source': 'natural_residual_qat', 'method': 'natural_residual_qat', 'bits': 4, 'clip': 1.0, 'step': 400, 'psnr': 30.466182708740234, 'ssim': 0.8627585172653198, 'psnr_p05': 24.932397842407227, 'min_psnr': 24.599620819091797, 'quality_violation_fraction': 0.25, 'target_mse': 0.003954684406068054, 'feasible': True, 'semantic_lowpass_mse': 6.359121798595879e-05, 'generated_reference_mse': 0.0011542913169250823, 'natural_validation_mse': 0.003954684406068054, 'natural_validation_lpips': 0.06435539352969499, 'natural_validation_residual': 0.024906679889227235, 'natural_validation_spectral': None, 'selection_objective': 0.03532869925725777, 'code_change_fraction_vs_rtn': 0.01458092499524355, 'code_offset_rms': 0.018538880045742903, 'code_offset_ge_one_fraction': 0.0}
{'candidate': 'natural_residual_qat_w4_c1.0_step500', 'source': 'natural_residual_qat', 'method': 'natural_residual_qat', 'bits': 4, 'clip': 1.0, 'step': 500, 'psnr': 30.298763275146484, 'ssim': 0.8553308248519897, 'psnr_p05': 24.695159912109375, 'min_psnr': 24.353775024414062, 'quality_violation_fraction': 0.30000001192092896, 'target_mse': 0.0039049305906928566, 'feasible': True, 'semantic_lowpass_mse': 7.44572313124081e-05, 'generated_reference_mse': 0.0012082866465789265, 'natural_validation_mse': 0.0039049305906928566, 'natural_validation_lpips': 0.0639595102838939, 'natural_validation_residual': 0.024725918625449594, 'natural_validation_spectral': None, 'selection_objective': 0.03506402886018805, 'code_change_fraction_vs_rtn': 0.01567446067929268, 'code_offset_rms': 0.019957740722734145, 'code_offset_ge_one_fraction': 0.0}
{'candidate': 'natural_residual_qat_w4_c1.0_step600', 'source': 'natural_residual_qat', 'method': 'natural_residual_qat', 'bits': 4, 'clip': 1.0, 'step': 600, 'psnr': 30.274465560913086, 'ssim': 0.8520873188972473, 'psnr_p05': 24.656938552856445, 'min_psnr': 24.325315475463867, 'quality_violation_fraction': 0.3499999940395355, 'target_mse': 0.0038838519520680848, 'feasible': True, 'semantic_lowpass_mse': 6.047660408512456e-05, 'generated_reference_mse': 0.0012150334514444694, 'natural_validation_mse': 0.0038838519520680848, 'natural_validation_lpips': 0.06306596108333906, 'natural_validation_residual': 0.024592723245348225, 'natural_validation_spectral': None, 'selection_objective': 0.03481340960779278, 'code_change_fraction_vs_rtn': 0.01636866293847561, 'code_offset_rms': 0.020828749402594472, 'code_offset_ge_one_fraction': 0.0}
{'candidate': 'natural_residual_qat_w4_c1.0_step700', 'source': 'natural_residual_qat', 'method': 'natural_residual_qat', 'bits': 4, 'clip': 1.0, 'step': 700, 'psnr': 30.166580200195312, 'ssim': 0.8467548489570618, 'psnr_p05': 24.46498680114746, 'min_psnr': 24.181612014770508, 'quality_violation_fraction': 0.3499999940395355, 'target_mse': 0.0038943076619233352, 'feasible': True, 'semantic_lowpass_mse': 6.583419399248669e-05, 'generated_reference_mse': 0.0012552785585285165, 'natural_validation_mse': 0.0038943076619233352, 'natural_validation_lpips': 0.06228364373964723, 'natural_validation_residual': 0.024496726796201074, 'natural_validation_spectral': None, 'selection_objective': 0.034652315929085374, 'code_change_fraction_vs_rtn': 0.01680753007531166, 'code_offset_rms': 0.021408792729963967, 'code_offset_ge_one_fraction': 0.0}
{'candidate': 'natural_residual_qat_w4_c1.0_step800', 'source': 'natural_residual_qat', 'method': 'natural_residual_qat', 'bits': 4, 'clip': 1.0, 'step': 800, 'psnr': 30.155405044555664, 'ssim': 0.8455775380134583, 'psnr_p05': 24.43303871154785, 'min_psnr': 24.138328552246094, 'quality_violation_fraction': 0.3499999940395355, 'target_mse': 0.003871520716302257, 'feasible': True, 'semantic_lowpass_mse': 6.541043485412956e-05, 'generated_reference_mse': 0.0012606235293787904, 'natural_validation_mse': 0.003871520716302257, 'natural_validation_lpips': 0.06219310672895517, 'natural_validation_residual': 0.024430137476656455, 'natural_validation_spectral': None, 'selection_objective': 0.03455367408328129, 'code_change_fraction_vs_rtn': 0.017065919935703278, 'code_offset_rms': 0.021751829295042685, 'code_offset_ge_one_fraction': 0.0}
{'candidate': 'natural_residual_qat_w4_c1.0_step900', 'source': 'natural_residual_qat', 'method': 'natural_residual_qat', 'bits': 4, 'clip': 1.0, 'step': 900, 'psnr': 30.140628814697266, 'ssim': 0.845160186290741, 'psnr_p05': 24.430835723876953, 'min_psnr': 24.13998794555664, 'quality_violation_fraction': 0.3499999940395355, 'target_mse': 0.0038619304922775655, 'feasible': True, 'semantic_lowpass_mse': 6.204708715813467e-05, 'generated_reference_mse': 0.0012627142539713531, 'natural_validation_mse': 0.0038619304922775655, 'natural_validation_lpips': 0.062013155464228475, 'natural_validation_residual': 0.02439468615466467, 'natural_validation_spectral': None, 'selection_objective': 0.03448895573694415, 'code_change_fraction_vs_rtn': 0.0172321405261755, 'code_offset_rms': 0.0219575048235932, 'code_offset_ge_one_fraction': 0.0}
{'candidate': 'natural_residual_qat_w4_c1.0_step1000', 'source': 'natural_residual_qat', 'method': 'natural_residual_qat', 'bits': 4, 'clip': 1.0, 'step': 1000, 'psnr': 30.103225708007812, 'ssim': 0.8440499305725098, 'psnr_p05': 24.389141082763672, 'min_psnr': 24.081899642944336, 'quality_violation_fraction': 0.3499999940395355, 'target_mse': 0.0038664941557158272, 'feasible': True, 'semantic_lowpass_mse': 7.01415769981395e-05, 'generated_reference_mse': 0.0012803096120478584, 'natural_validation_mse': 0.0038664941557158272, 'natural_validation_lpips': 0.06187502459579264, 'natural_validation_residual': 0.024376166105014363, 'natural_validation_spectral': None, 'selection_objective': 0.03446523350880852, 'code_change_fraction_vs_rtn': 0.017347848042845726, 'code_offset_rms': 0.02210792521375488, 'code_offset_ge_one_fraction': 0.0}
{'candidate': 'natural_residual_qat_w8_c1.0_step0', 'source': 'rtn_fallback', 'method': 'natural_residual_qat', 'bits': 8, 'clip': 1.0, 'step': 0, 'psnr': 57.079551696777344, 'ssim': 0.9997357130050659, 'psnr_p05': 53.200199127197266, 'min_psnr': 52.35443115234375, 'quality_violation_fraction': 0.0, 'target_mse': 0.00448062992109044, 'feasible': True, 'semantic_lowpass_mse': 3.0512774955582246e-07, 'generated_reference_mse': 2.304731731328502e-06, 'natural_validation_mse': 0.00448062992109044, 'natural_validation_lpips': 0.07531345781171694, 'natural_validation_residual': 0.03073531175948574, 'natural_validation_spectral': None, 'selection_objective': 0.04274744002562265, 'code_change_fraction_vs_rtn': 0.0, 'code_offset_rms': 0.0, 'code_offset_ge_one_fraction': 0.0}
{'candidate': 'natural_residual_qat_w8_c1.0_step100', 'source': 'natural_residual_qat', 'method': 'natural_residual_qat', 'bits': 8, 'clip': 1.0, 'step': 100, 'psnr': 43.36481857299805, 'ssim': 0.9952092170715332, 'psnr_p05': 38.562171936035156, 'min_psnr': 38.44929504394531, 'quality_violation_fraction': 0.0, 'target_mse': 0.0042461668117539375, 'feasible': True, 'semantic_lowpass_mse': 5.669015689591106e-06, 'generated_reference_mse': 5.8177286791760705e-05, 'natural_validation_mse': 0.0042461668117539375, 'natural_validation_lpips': 0.07740922339871759, 'natural_validation_residual': 0.02838873830137345, 'natural_validation_spectral': None, 'selection_objective': 0.04037866196084394, 'code_change_fraction_vs_rtn': 0.008116893470287323, 'code_offset_rms': 0.011579216808927267, 'code_offset_ge_one_fraction': 0.0}
{'candidate': 'natural_residual_qat_w8_c1.0_step200', 'source': 'natural_residual_qat', 'method': 'natural_residual_qat', 'bits': 8, 'clip': 1.0, 'step': 200, 'psnr': 41.226051330566406, 'ssim': 0.9918190836906433, 'psnr_p05': 36.32461929321289, 'min_psnr': 36.27523422241211, 'quality_violation_fraction': 0.0, 'target_mse': 0.004166681973458708, 'feasible': True, 'semantic_lowpass_mse': 1.1317627013340825e-05, 'generated_reference_mse': 9.500505047981278e-05, 'natural_validation_mse': 0.004166681973458708, 'natural_validation_lpips': 0.07793586751358816, 'natural_validation_residual': 0.027715915329622476, 'natural_validation_spectral': None, 'selection_objective': 0.03968184286794667, 'code_change_fraction_vs_rtn': 0.012377089820802212, 'code_offset_rms': 0.017908391991718862, 'code_offset_ge_one_fraction': 0.0}
{'candidate': 'natural_residual_qat_w8_c1.0_step300', 'source': 'natural_residual_qat', 'method': 'natural_residual_qat', 'bits': 8, 'clip': 1.0, 'step': 300, 'psnr': 40.073055267333984, 'ssim': 0.9889361262321472, 'psnr_p05': 35.06166076660156, 'min_psnr': 35.03938293457031, 'quality_violation_fraction': 0.0, 'target_mse': 0.00412584157834317, 'feasible': True, 'semantic_lowpass_mse': 1.4321289222607448e-05, 'generated_reference_mse': 0.00012428062855178722, 'natural_validation_mse': 0.00412584157834317, 'natural_validation_lpips': 0.07813095380697632, 'natural_validation_residual': 0.02730874984399634, 'natural_validation_spectral': None, 'selection_objective': 0.03925484744764844, 'code_change_fraction_vs_rtn': 0.01567850634455681, 'code_offset_rms': 0.022876529269630404, 'code_offset_ge_one_fraction': 0.0}
{'candidate': 'natural_residual_qat_w8_c1.0_step400', 'source': 'natural_residual_qat', 'method': 'natural_residual_qat', 'bits': 8, 'clip': 1.0, 'step': 400, 'psnr': 39.494606018066406, 'ssim': 0.9871174693107605, 'psnr_p05': 34.50941467285156, 'min_psnr': 34.41725540161133, 'quality_violation_fraction': 0.0, 'target_mse': 0.004100839983721016, 'feasible': True, 'semantic_lowpass_mse': 1.6119643805723172e-05, 'generated_reference_mse': 0.0001414438862411771, 'natural_validation_mse': 0.004100839983721016, 'natural_validation_lpips': 0.077693193408777, 'natural_validation_residual': 0.027102366411781986, 'natural_validation_spectral': None, 'selection_objective': 0.03898058555828356, 'code_change_fraction_vs_rtn': 0.0180840902030468, 'code_offset_rms': 0.02651829270936018, 'code_offset_ge_one_fraction': 0.0}
{'candidate': 'natural_residual_qat_w8_c1.0_step500', 'source': 'natural_residual_qat', 'method': 'natural_residual_qat', 'bits': 8, 'clip': 1.0, 'step': 500, 'psnr': 39.046180725097656, 'ssim': 0.9853785634040833, 'psnr_p05': 34.04342269897461, 'min_psnr': 33.91780090332031, 'quality_violation_fraction': 0.0, 'target_mse': 0.0040873205045386385, 'feasible': True, 'semantic_lowpass_mse': 1.684824117091921e-05, 'generated_reference_mse': 0.00015678250365454006, 'natural_validation_mse': 0.0040873205045386385, 'natural_validation_lpips': 0.0773353698241408, 'natural_validation_residual': 0.026941231915998287, 'natural_validation_spectral': None, 'selection_objective': 0.038770513523536464, 'code_change_fraction_vs_rtn': 0.020032044500112534, 'code_offset_rms': 0.02948329444881572, 'code_offset_ge_one_fraction': 0.0}
{'candidate': 'natural_residual_qat_w8_c1.0_step600', 'source': 'natural_residual_qat', 'method': 'natural_residual_qat', 'bits': 8, 'clip': 1.0, 'step': 600, 'psnr': 38.72127151489258, 'ssim': 0.9841853380203247, 'psnr_p05': 33.772361755371094, 'min_psnr': 33.61082458496094, 'quality_violation_fraction': 0.0, 'target_mse': 0.004076320408501033, 'feasible': True, 'semantic_lowpass_mse': 1.7828178033596487e-05, 'generated_reference_mse': 0.000168196897902817, 'natural_validation_mse': 0.004076320408501033, 'natural_validation_lpips': 0.07703699651756324, 'natural_validation_residual': 0.026845686105843924, 'natural_validation_spectral': None, 'selection_objective': 0.03863462025511808, 'code_change_fraction_vs_rtn': 0.02138710394501686, 'code_offset_rms': 0.03155378305397955, 'code_offset_ge_one_fraction': 0.0}
{'candidate': 'natural_residual_qat_w8_c1.0_step700', 'source': 'natural_residual_qat', 'method': 'natural_residual_qat', 'bits': 8, 'clip': 1.0, 'step': 700, 'psnr': 38.52107620239258, 'ssim': 0.9832990765571594, 'psnr_p05': 33.56968307495117, 'min_psnr': 33.380733489990234, 'quality_violation_fraction': 0.0, 'target_mse': 0.0040664326403430096, 'feasible': True, 'semantic_lowpass_mse': 1.845922538450395e-05, 'generated_reference_mse': 0.00017609529677429237, 'natural_validation_mse': 0.0040664326403430096, 'natural_validation_lpips': 0.07687803051521769, 'natural_validation_residual': 0.026776132760801374, 'natural_validation_spectral': None, 'selection_objective': 0.0385395980653584, 'code_change_fraction_vs_rtn': 0.02235257811844349, 'code_offset_rms': 0.03304801677699646, 'code_offset_ge_one_fraction': 0.0}
{'candidate': 'natural_residual_qat_w8_c1.0_step800', 'source': 'natural_residual_qat', 'method': 'natural_residual_qat', 'bits': 8, 'clip': 1.0, 'step': 800, 'psnr': 38.407066345214844, 'ssim': 0.9827305674552917, 'psnr_p05': 33.453636169433594, 'min_psnr': 33.235347747802734, 'quality_violation_fraction': 0.0, 'target_mse': 0.004063047630324945, 'feasible': True, 'semantic_lowpass_mse': 1.8643321254785405e-05, 'generated_reference_mse': 0.0001808822726161452, 'natural_validation_mse': 0.004063047630324945, 'natural_validation_lpips': 0.07673721514584031, 'natural_validation_residual': 0.026732822623102948, 'natural_validation_spectral': None, 'selection_objective': 0.038478913428639315, 'code_change_fraction_vs_rtn': 0.02298700623214245, 'code_offset_rms': 0.03401749479620144, 'code_offset_ge_one_fraction': 0.0}
{'candidate': 'natural_residual_qat_w8_c1.0_step900', 'source': 'natural_residual_qat', 'method': 'natural_residual_qat', 'bits': 8, 'clip': 1.0, 'step': 900, 'psnr': 38.32964324951172, 'ssim': 0.9823489189147949, 'psnr_p05': 33.37590026855469, 'min_psnr': 33.15802001953125, 'quality_violation_fraction': 0.0, 'target_mse': 0.00406092419802917, 'feasible': True, 'semantic_lowpass_mse': 1.8910204653366235e-05, 'generated_reference_mse': 0.000184133693073818, 'natural_validation_mse': 0.00406092419802917, 'natural_validation_lpips': 0.07664095659129089, 'natural_validation_residual': 0.02670819328386642, 'natural_validation_spectral': None, 'selection_objective': 0.03844266824335136, 'code_change_fraction_vs_rtn': 0.023364460095763206, 'code_offset_rms': 0.03460055667582787, 'code_offset_ge_one_fraction': 0.0}
{'candidate': 'natural_residual_qat_w8_c1.0_step1000', 'source': 'natural_residual_qat', 'method': 'natural_residual_qat', 'bits': 8, 'clip': 1.0, 'step': 1000, 'psnr': 38.27971649169922, 'ssim': 0.9820505976676941, 'psnr_p05': 33.31610107421875, 'min_psnr': 33.09541320800781, 'quality_violation_fraction': 0.0, 'target_mse': 0.004059138725381217, 'feasible': True, 'semantic_lowpass_mse': 1.8950004755424742e-05, 'generated_reference_mse': 0.00018639983427419792, 'natural_validation_mse': 0.004059138725381217, 'natural_validation_lpips': 0.07659009973576758, 'natural_validation_residual': 0.02668827967136167, 'natural_validation_spectral': None, 'selection_objective': 0.03841590337269735, 'code_change_fraction_vs_rtn': 0.02364948019385338, 'code_offset_rms': 0.035053548542820334, 'code_offset_ge_one_fraction': 0.0}
{'candidate': 'natural_full_finetune_w32_c1.0_step0', 'source': 'marked_fp32_fallback', 'method': 'natural_full_finetune', 'bits': 32, 'clip': 1.0, 'step': 0, 'psnr': 120.0, 'ssim': 1.0, 'psnr_p05': 120.0, 'min_psnr': 120.0, 'quality_violation_fraction': 0.0, 'target_mse': 0.0044825395657994704, 'feasible': True, 'semantic_lowpass_mse': 0.0, 'generated_reference_mse': 0.0, 'natural_validation_mse': 0.0044825395657994704, 'natural_validation_lpips': 0.07518677371990634, 'natural_validation_residual': None, 'natural_validation_spectral': None, 'selection_objective': 0.012001216937790105}
{'candidate': 'natural_full_finetune_w32_c1.0_step100', 'source': 'natural_full_finetune', 'method': 'natural_full_finetune', 'bits': 32, 'clip': 1.0, 'step': 100, 'psnr': 27.994781494140625, 'ssim': 0.8108927607536316, 'psnr_p05': 23.4964599609375, 'min_psnr': 23.260286331176758, 'quality_violation_fraction': 0.44999998807907104, 'target_mse': 0.0045942852494818, 'feasible': True, 'semantic_lowpass_mse': 0.0002705713723116787, 'generated_reference_mse': 0.0018886952282628044, 'natural_validation_mse': 0.0045942852494818, 'natural_validation_lpips': 0.08967315949848853, 'natural_validation_residual': None, 'natural_validation_spectral': None, 'selection_objective': 0.013561601199330654}
{'candidate': 'natural_full_finetune_w32_c1.0_step200', 'source': 'natural_full_finetune', 'method': 'natural_full_finetune', 'bits': 32, 'clip': 1.0, 'step': 200, 'psnr': 27.816604614257812, 'ssim': 0.8077298402786255, 'psnr_p05': 23.161108016967773, 'min_psnr': 22.219810485839844, 'quality_violation_fraction': 0.4000000059604645, 'target_mse': 0.0045213652260827075, 'feasible': True, 'semantic_lowpass_mse': 0.00025481593402219003, 'generated_reference_mse': 0.0020286705665057527, 'natural_validation_mse': 0.0045213652260827075, 'natural_validation_lpips': 0.08565413056930993, 'natural_validation_residual': None, 'natural_validation_spectral': None, 'selection_objective': 0.013086778283013701}
{'candidate': 'natural_full_finetune_w32_c1.0_step300', 'source': 'natural_full_finetune', 'method': 'natural_full_finetune', 'bits': 32, 'clip': 1.0, 'step': 300, 'psnr': 28.311996459960938, 'ssim': 0.8108720779418945, 'psnr_p05': 23.42817497253418, 'min_psnr': 23.22633934020996, 'quality_violation_fraction': 0.4000000059604645, 'target_mse': 0.004318710612722043, 'feasible': True, 'semantic_lowpass_mse': 0.0002133260826667538, 'generated_reference_mse': 0.0017940420395461843, 'natural_validation_mse': 0.004318710612722043, 'natural_validation_lpips': 0.07788494438136695, 'natural_validation_residual': None, 'natural_validation_spectral': None, 'selection_objective': 0.012107205050858738}
{'candidate': 'natural_full_finetune_w32_c1.0_step400', 'source': 'natural_full_finetune', 'method': 'natural_full_finetune', 'bits': 32, 'clip': 1.0, 'step': 400, 'psnr': 28.40584945678711, 'ssim': 0.8156736493110657, 'psnr_p05': 23.48737144470215, 'min_psnr': 23.026124954223633, 'quality_violation_fraction': 0.4000000059604645, 'target_mse': 0.00424012832499443, 'feasible': True, 'semantic_lowpass_mse': 0.0002198930575104896, 'generated_reference_mse': 0.0017812102858442813, 'natural_validation_mse': 0.00424012832499443, 'natural_validation_lpips': 0.0769719514719327, 'natural_validation_residual': None, 'natural_validation_spectral': None, 'selection_objective': 0.0119373234721877}
{'candidate': 'natural_full_finetune_w32_c1.0_step500', 'source': 'natural_full_finetune', 'method': 'natural_full_finetune', 'bits': 32, 'clip': 1.0, 'step': 500, 'psnr': 28.420650482177734, 'ssim': 0.8119097948074341, 'psnr_p05': 23.53754997253418, 'min_psnr': 22.957698822021484, 'quality_violation_fraction': 0.4000000059604645, 'target_mse': 0.004171245864597495, 'feasible': True, 'semantic_lowpass_mse': 0.00018295462032256183, 'generated_reference_mse': 0.0017832373559940606, 'natural_validation_mse': 0.004171245864597495, 'natural_validation_lpips': 0.07046076395636192, 'natural_validation_residual': None, 'natural_validation_spectral': None, 'selection_objective': 0.011217322260233687}
{'candidate': 'natural_full_finetune_w32_c1.0_step600', 'source': 'natural_full_finetune', 'method': 'natural_full_finetune', 'bits': 32, 'clip': 1.0, 'step': 600, 'psnr': 28.764684677124023, 'ssim': 0.8164002299308777, 'psnr_p05': 23.445796966552734, 'min_psnr': 23.13088607788086, 'quality_violation_fraction': 0.4000000059604645, 'target_mse': 0.00405413835127888, 'feasible': True, 'semantic_lowpass_mse': 0.00013377414779824903, 'generated_reference_mse': 0.0016719858860597015, 'natural_validation_mse': 0.00405413835127888, 'natural_validation_lpips': 0.06682241710223025, 'natural_validation_residual': None, 'natural_validation_spectral': None, 'selection_objective': 0.010736380061501904}
{'candidate': 'natural_full_finetune_w32_c1.0_step700', 'source': 'natural_full_finetune', 'method': 'natural_full_finetune', 'bits': 32, 'clip': 1.0, 'step': 700, 'psnr': 28.845163345336914, 'ssim': 0.8217902183532715, 'psnr_p05': 23.80411720275879, 'min_psnr': 23.250425338745117, 'quality_violation_fraction': 0.4000000059604645, 'target_mse': 0.004034924901844761, 'feasible': True, 'semantic_lowpass_mse': 0.00015654442795494107, 'generated_reference_mse': 0.0016308432663208806, 'natural_validation_mse': 0.004034924901844761, 'natural_validation_lpips': 0.06324394991679583, 'natural_validation_residual': None, 'natural_validation_spectral': None, 'selection_objective': 0.010359319893524344}
{'candidate': 'natural_full_finetune_w32_c1.0_step800', 'source': 'natural_full_finetune', 'method': 'natural_full_finetune', 'bits': 32, 'clip': 1.0, 'step': 800, 'psnr': 29.05294418334961, 'ssim': 0.8229292035102844, 'psnr_p05': 23.83108901977539, 'min_psnr': 23.27459144592285, 'quality_violation_fraction': 0.4000000059604645, 'target_mse': 0.003962663293634705, 'feasible': True, 'semantic_lowpass_mse': 0.00010372135802754201, 'generated_reference_mse': 0.0015759297282784245, 'natural_validation_mse': 0.003962663293634705, 'natural_validation_lpips': 0.06119968966595479, 'natural_validation_residual': None, 'natural_validation_spectral': None, 'selection_objective': 0.010082632260230186}
{'candidate': 'natural_full_finetune_w32_c1.0_step900', 'source': 'natural_full_finetune', 'method': 'natural_full_finetune', 'bits': 32, 'clip': 1.0, 'step': 900, 'psnr': 29.169818878173828, 'ssim': 0.8271757960319519, 'psnr_p05': 23.99030303955078, 'min_psnr': 23.487606048583984, 'quality_violation_fraction': 0.4000000059604645, 'target_mse': 0.0038877507320478344, 'feasible': True, 'semantic_lowpass_mse': 0.00011710212820617016, 'generated_reference_mse': 0.0015277260215952992, 'natural_validation_mse': 0.0038877507320478344, 'natural_validation_lpips': 0.060199049843504326, 'natural_validation_residual': None, 'natural_validation_spectral': None, 'selection_objective': 0.009907655716398268}
{'candidate': 'natural_full_finetune_w32_c1.0_step1000', 'source': 'natural_full_finetune', 'method': 'natural_full_finetune', 'bits': 32, 'clip': 1.0, 'step': 1000, 'psnr': 29.168933868408203, 'ssim': 0.824938178062439, 'psnr_p05': 23.93791389465332, 'min_psnr': 23.39263153076172, 'quality_violation_fraction': 0.4000000059604645, 'target_mse': 0.003877307542552444, 'feasible': True, 'semantic_lowpass_mse': 0.00010896042585955002, 'generated_reference_mse': 0.001537719467887655, 'natural_validation_mse': 0.003877307542552444, 'natural_validation_lpips': 0.05905442251605564, 'natural_validation_residual': None, 'natural_validation_spectral': None, 'selection_objective': 0.009782749794158007}
cached latents 8/100
cached latents 16/100
cached latents 24/100
cached latents 32/100
cached latents 40/100
cached latents 48/100
cached latents 56/100
cached latents 64/100
cached latents 72/100
cached latents 80/100
cached latents 88/100
cached latents 96/100
cached latents 100/100
decoded references 32/100
decoded references 64/100
decoded references 96/100
decoded references 100/100
Test evaluation: fixed_ptq_w8_c1.0_test (100 images)
Test evaluation: reconstruction_w8_c1.0_test (100 images)
Test evaluation: natural_residual_w4_c1.0_test (100 images)
Test evaluation: natural_residual_qat_w4_c1.0_test (100 images)
Test evaluation: natural_residual_qat_w8_c1.0_test (100 images)
Test evaluation: natural_full_finetune_fp32_test (100 images)
Test evaluation: reconstruction_w8_c1.0_final_test (100 images)
[3/4] Preparing or reusing the checksum-pinned official owner extractor...
Reusing verified owner extractor: /home/jovyan/thinhnd39/quantization/output_artifacts/owner_assets/dec_48b_whit.torchscript.pt (sha256=77cd0a2040b9391233bbcd79c1adf00816b196089cbb844da40035f854637a04)
[4/4] Running owner-only evaluation after selection freeze...
Setting up [LPIPS] perceptual loss: trunk [alex], v[0.1], spatial [off]
/opt/conda/envs/wmq/lib/python3.11/site-packages/torchvision/models/_utils.py:208: UserWarning: The parameter 'pretrained' is deprecated since 0.13 and may be removed in the future, please use 'weights' instead.
  warnings.warn(
/opt/conda/envs/wmq/lib/python3.11/site-packages/torchvision/models/_utils.py:223: UserWarning: Arguments other than a weight enum or `None` for 'weights' are deprecated since 0.13 and may be removed in the future. The current behavior is equivalent to passing `weights=AlexNet_Weights.IMAGENET1K_V1`. You can also use `weights=AlexNet_Weights.DEFAULT` to get the most up-to-date weights.
  warnings.warn(msg)
Loading model from: /opt/conda/envs/wmq/lib/python3.11/site-packages/lpips/weights/v0.1/alex.pth
[
  {
    "method": "marked_reference_test",
    "comparison_group": null,
    "role": "reference",
    "detector": "double",
    "test_quality_valid": true,
    "search_quality_valid": null,
    "bit_accuracy": 0.985625,
    "tpr": 0.99,
    "n": 100,
    "evasion_rate": 0.010000000000000009,
    "evasion_ci95_low": 0.0017674320641406505,
    "evasion_ci95_high": 0.054486196178705426,
    "mean_abs_bit_accuracy_minus_half": 0.485625,
    "detected_count": 99,
    "tpr_ci95_low": 0.9455138038212946,
    "tpr_ci95_high": 0.9982325679358593,
    "threshold_matches": 36,
    "lower_threshold_matches": 12,
    "lpips": 0.0,
    "psnr": 120.0,
    "ssim": 1.0,
    "highpass_energy_ratio": 1.0,
    "highpass_mse": 0.0,
    "reference_valid": true,
    "total_bits": 4800,
    "correct_bits": 4731,
    "error_bits": 69,
    "net_additional_bit_errors": 0,
    "decoding_improved_images": 0,
    "decoding_worsened_images": 0,
    "decoding_tied_images": 100,
    "exact_message_accuracy": 0.75,
    "bit_accuracy_drop_pp": 0.0,
    "bit_accuracy_drop_ci95_low_pp": 0.0,
    "bit_accuracy_drop_ci95_high_pp": 0.0,
    "survival_on_originally_detected": 1.0,
    "evasion_on_originally_detected": 0.0,
    "survival_ci95_low": 0.9626467879321725,
    "survival_ci95_high": 1.0,
    "tpr_drop_percentage_points": 0.0,
    "tpr_drop_ci95_low_pp": 0.0,
    "tpr_drop_ci95_high_pp": 0.0,
    "bit_accuracy_retained_percent": 100.0,
    "tpr_retained_percent": 100.0
  },
  {
    "method": "pseudo_target_test",
    "comparison_group": null,
    "role": "diagnostic",
    "detector": "double",
    "test_quality_valid": true,
    "search_quality_valid": null,
    "bit_accuracy": 0.9814583333333331,
    "tpr": 0.99,
    "n": 100,
    "evasion_rate": 0.010000000000000009,
    "evasion_ci95_low": 0.0017674320641406505,
    "evasion_ci95_high": 0.054486196178705426,
    "mean_abs_bit_accuracy_minus_half": 0.48145833333333343,
    "detected_count": 99,
    "tpr_ci95_low": 0.9455138038212946,
    "tpr_ci95_high": 0.9982325679358593,
    "threshold_matches": 36,
    "lower_threshold_matches": 12,
    "lpips": 0.01303590188268572,
    "psnr": 41.636995010375976,
    "ssim": 0.9925714315192385,
    "highpass_energy_ratio": 0.6611548715829849,
    "highpass_mse": 6.312042258286965e-05,
    "reference_valid": true,
    "total_bits": 4800,
    "correct_bits": 4711,
    "error_bits": 89,
    "net_additional_bit_errors": 20,
    "decoding_improved_images": 1,
    "decoding_worsened_images": 15,
    "decoding_tied_images": 84,
    "exact_message_accuracy": 0.69,
    "bit_accuracy_drop_pp": 0.4166666666666667,
    "bit_accuracy_drop_ci95_low_pp": 0.20833333333333323,
    "bit_accuracy_drop_ci95_high_pp": 0.6666666666666664,
    "survival_on_originally_detected": 1.0,
    "evasion_on_originally_detected": 0.0,
    "survival_ci95_low": 0.9626467879321725,
    "survival_ci95_high": 1.0,
    "tpr_drop_percentage_points": 0.0,
    "tpr_drop_ci95_low_pp": 0.0,
    "tpr_drop_ci95_high_pp": 0.0,
    "bit_accuracy_retained_percent": 99.57725639399702,
    "tpr_retained_percent": 100.0
  },
  {
    "method": "fixed_ptq_w8_c1.0_test",
    "comparison_group": "w8_c1.0_all",
    "role": "candidate",
    "detector": "double",
    "test_quality_valid": true,
    "search_quality_valid": true,
    "bit_accuracy": 0.9852083333333332,
    "tpr": 0.99,
    "n": 100,
    "evasion_rate": 0.010000000000000009,
    "evasion_ci95_low": 0.0017674320641406505,
    "evasion_ci95_high": 0.054486196178705426,
    "mean_abs_bit_accuracy_minus_half": 0.4852083333333333,
    "detected_count": 99,
    "tpr_ci95_low": 0.9455138038212946,
    "tpr_ci95_high": 0.9982325679358593,
    "threshold_matches": 36,
    "lower_threshold_matches": 12,
    "lpips": 0.00019757633192057255,
    "psnr": 56.706695556640625,
    "ssim": 0.9997078776359558,
    "highpass_energy_ratio": 0.998166937828064,
    "highpass_mse": 1.5602092038591308e-06,
    "reference_valid": true,
    "total_bits": 4800,
    "correct_bits": 4729,
    "error_bits": 71,
    "net_additional_bit_errors": 2,
    "decoding_improved_images": 0,
    "decoding_worsened_images": 2,
    "decoding_tied_images": 98,
    "exact_message_accuracy": 0.74,
    "bit_accuracy_drop_pp": 0.041666666666666664,
    "bit_accuracy_drop_ci95_low_pp": 0.0,
    "bit_accuracy_drop_ci95_high_pp": 0.10416666666666662,
    "survival_on_originally_detected": 1.0,
    "evasion_on_originally_detected": 0.0,
    "survival_ci95_low": 0.9626467879321725,
    "survival_ci95_high": 1.0,
    "tpr_drop_percentage_points": 0.0,
    "tpr_drop_ci95_low_pp": 0.0,
    "tpr_drop_ci95_high_pp": 0.0,
    "bit_accuracy_retained_percent": 99.9577256393997,
    "tpr_retained_percent": 100.0
  },
  {
    "method": "reconstruction_w8_c1.0_test",
    "comparison_group": "w8_c1.0_all",
    "role": "candidate",
    "detector": "double",
    "test_quality_valid": true,
    "search_quality_valid": true,
    "bit_accuracy": 0.985625,
    "tpr": 0.99,
    "n": 100,
    "evasion_rate": 0.010000000000000009,
    "evasion_ci95_low": 0.0017674320641406505,
    "evasion_ci95_high": 0.054486196178705426,
    "mean_abs_bit_accuracy_minus_half": 0.485625,
    "detected_count": 99,
    "tpr_ci95_low": 0.9455138038212946,
    "tpr_ci95_high": 0.9982325679358593,
    "threshold_matches": 36,
    "lower_threshold_matches": 12,
    "lpips": 0.00018025130037131021,
    "psnr": 56.90154266357422,
    "ssim": 0.9997106790542603,
    "highpass_energy_ratio": 0.9955039072036743,
    "highpass_mse": 1.374854060998132e-06,
    "reference_valid": true,
    "total_bits": 4800,
    "correct_bits": 4731,
    "error_bits": 69,
    "net_additional_bit_errors": 0,
    "decoding_improved_images": 0,
    "decoding_worsened_images": 0,
    "decoding_tied_images": 100,
    "exact_message_accuracy": 0.75,
    "bit_accuracy_drop_pp": 0.0,
    "bit_accuracy_drop_ci95_low_pp": 0.0,
    "bit_accuracy_drop_ci95_high_pp": 0.0,
    "survival_on_originally_detected": 1.0,
    "evasion_on_originally_detected": 0.0,
    "survival_ci95_low": 0.9626467879321725,
    "survival_ci95_high": 1.0,
    "tpr_drop_percentage_points": 0.0,
    "tpr_drop_ci95_low_pp": 0.0,
    "tpr_drop_ci95_high_pp": 0.0,
    "bit_accuracy_retained_percent": 100.0,
    "tpr_retained_percent": 100.0
  },
  {
    "method": "natural_residual_qat_w8_c1.0_test",
    "comparison_group": "w8_c1.0_all",
    "role": "candidate",
    "detector": "double",
    "test_quality_valid": true,
    "search_quality_valid": true,
    "bit_accuracy": 0.98125,
    "tpr": 0.99,
    "n": 100,
    "evasion_rate": 0.010000000000000009,
    "evasion_ci95_low": 0.0017674320641406505,
    "evasion_ci95_high": 0.054486196178705426,
    "mean_abs_bit_accuracy_minus_half": 0.48125,
    "detected_count": 99,
    "tpr_ci95_low": 0.9455138038212946,
    "tpr_ci95_high": 0.9982325679358593,
    "threshold_matches": 36,
    "lower_threshold_matches": 12,
    "lpips": 0.014727138062007726,
    "psnr": 38.0805549621582,
    "ssim": 0.980517566204071,
    "highpass_energy_ratio": 0.8323157900571823,
    "highpass_mse": 0.00010372239980824816,
    "reference_valid": true,
    "total_bits": 4800,
    "correct_bits": 4710,
    "error_bits": 90,
    "net_additional_bit_errors": 21,
    "decoding_improved_images": 8,
    "decoding_worsened_images": 20,
    "decoding_tied_images": 72,
    "exact_message_accuracy": 0.7,
    "bit_accuracy_drop_pp": 0.4375,
    "bit_accuracy_drop_ci95_low_pp": 0.08333333333333315,
    "bit_accuracy_drop_ci95_high_pp": 0.8541666666666664,
    "survival_on_originally_detected": 1.0,
    "evasion_on_originally_detected": 0.0,
    "survival_ci95_low": 0.9626467879321725,
    "survival_ci95_high": 1.0,
    "tpr_drop_percentage_points": 0.0,
    "tpr_drop_ci95_low_pp": 0.0,
    "tpr_drop_ci95_high_pp": 0.0,
    "bit_accuracy_retained_percent": 99.55611921369689,
    "tpr_retained_percent": 100.0
  },
  {
    "method": "natural_residual_w4_c1.0_test",
    "comparison_group": "w4_c1.0_all",
    "role": "candidate",
    "detector": "double",
    "test_quality_valid": true,
    "search_quality_valid": true,
    "bit_accuracy": 0.7616666666666664,
    "tpr": 0.62,
    "n": 100,
    "evasion_rate": 0.38,
    "evasion_ci95_low": 0.29097599252478734,
    "evasion_ci95_high": 0.47790244704488927,
    "mean_abs_bit_accuracy_minus_half": 0.26249999999999996,
    "detected_count": 62,
    "tpr_ci95_low": 0.5220975529551107,
    "tpr_ci95_high": 0.7090240074752127,
    "threshold_matches": 36,
    "lower_threshold_matches": 12,
    "lpips": 0.043319352259859445,
    "psnr": 29.39948081970215,
    "ssim": 0.8202562928199768,
    "highpass_energy_ratio": 0.7419132974743843,
    "highpass_mse": 0.0008969583536236315,
    "reference_valid": true,
    "total_bits": 4800,
    "correct_bits": 3656,
    "error_bits": 1144,
    "net_additional_bit_errors": 1075,
    "decoding_improved_images": 0,
    "decoding_worsened_images": 100,
    "decoding_tied_images": 0,
    "exact_message_accuracy": 0.0,
    "bit_accuracy_drop_pp": 22.395833333333332,
    "bit_accuracy_drop_ci95_low_pp": 20.645833333333336,
    "bit_accuracy_drop_ci95_high_pp": 24.146354166666665,
    "survival_on_originally_detected": 0.6262626262626263,
    "evasion_on_originally_detected": 0.3737373737373737,
    "survival_ci95_low": 0.5279244532290264,
    "survival_ci95_high": 0.7151681699861687,
    "tpr_drop_percentage_points": 37.0,
    "tpr_drop_ci95_low_pp": 27.975000000000005,
    "tpr_drop_ci95_high_pp": 46.0,
    "bit_accuracy_retained_percent": 77.27753117734092,
    "tpr_retained_percent": 62.62626262626263
  },
  {
    "method": "natural_residual_qat_w4_c1.0_test",
    "comparison_group": "w4_c1.0_all",
    "role": "candidate",
    "detector": "double",
    "test_quality_valid": true,
    "search_quality_valid": true,
    "bit_accuracy": 0.8381249999999999,
    "tpr": 0.8,
    "n": 100,
    "evasion_rate": 0.19999999999999996,
    "evasion_ci95_low": 0.13336693333103256,
    "evasion_ci95_high": 0.28882916559315897,
    "mean_abs_bit_accuracy_minus_half": 0.33854166666666674,
    "detected_count": 80,
    "tpr_ci95_low": 0.711170834406841,
    "tpr_ci95_high": 0.8666330666689674,
    "threshold_matches": 36,
    "lower_threshold_matches": 12,
    "lpips": 0.04050620844587684,
    "psnr": 29.833942413330078,
    "ssim": 0.8377979397773743,
    "highpass_energy_ratio": 0.7507545372843742,
    "highpass_mse": 0.0008078505696175852,
    "reference_valid": true,
    "total_bits": 4800,
    "correct_bits": 4023,
    "error_bits": 777,
    "net_additional_bit_errors": 708,
    "decoding_improved_images": 0,
    "decoding_worsened_images": 100,
    "decoding_tied_images": 0,
    "exact_message_accuracy": 0.0,
    "bit_accuracy_drop_pp": 14.75,
    "bit_accuracy_drop_ci95_low_pp": 13.312500000000002,
    "bit_accuracy_drop_ci95_high_pp": 16.167187499999997,
    "survival_on_originally_detected": 0.8080808080808081,
    "evasion_on_originally_detected": 0.19191919191919193,
    "survival_ci95_low": 0.7195963938569908,
    "survival_ci95_high": 0.8735496067880851,
    "tpr_drop_percentage_points": 18.999999999999993,
    "tpr_drop_ci95_low_pp": 12.0,
    "tpr_drop_ci95_high_pp": 26.024999999999864,
    "bit_accuracy_retained_percent": 85.03487634749523,
    "tpr_retained_percent": 80.8080808080808
  },
  {
    "method": "natural_full_finetune_fp32_test",
    "comparison_group": "fp32_unrestricted_decoder_control",
    "role": "finetune_control",
    "detector": "double",
    "test_quality_valid": true,
    "search_quality_valid": true,
    "bit_accuracy": 0.6147916666666666,
    "tpr": 0.06,
    "n": 100,
    "evasion_rate": 0.94,
    "evasion_ci95_low": 0.8752318455410408,
    "evasion_ci95_high": 0.9722138760368119,
    "mean_abs_bit_accuracy_minus_half": 0.12729166666666666,
    "detected_count": 6,
    "tpr_ci95_low": 0.027786123963188185,
    "tpr_ci95_high": 0.1247681544589592,
    "threshold_matches": 36,
    "lower_threshold_matches": 12,
    "lpips": 0.048891782369464634,
    "psnr": 28.875009536743164,
    "ssim": 0.8148026466369629,
    "highpass_energy_ratio": 0.6596620786190033,
    "highpass_mse": 0.0009369882152532227,
    "reference_valid": true,
    "total_bits": 4800,
    "correct_bits": 2951,
    "error_bits": 1849,
    "net_additional_bit_errors": 1780,
    "decoding_improved_images": 0,
    "decoding_worsened_images": 100,
    "decoding_tied_images": 0,
    "exact_message_accuracy": 0.0,
    "bit_accuracy_drop_pp": 37.083333333333336,
    "bit_accuracy_drop_ci95_low_pp": 35.5,
    "bit_accuracy_drop_ci95_high_pp": 38.64583333333332,
    "survival_on_originally_detected": 0.06060606060606061,
    "evasion_on_originally_detected": 0.9393939393939394,
    "survival_ci95_low": 0.02806979744622149,
    "survival_ci95_high": 0.12596787376489954,
    "tpr_drop_percentage_points": 93.0,
    "tpr_drop_ci95_low_pp": 88.0,
    "tpr_drop_ci95_high_pp": 97.02499999999986,
    "bit_accuracy_retained_percent": 62.37581906573663,
    "tpr_retained_percent": 6.0606060606060606
  },
  {
    "method": "reconstruction_w8_c1.0_final_test",
    "comparison_group": "w8_c1.0_all",
    "role": "endpoint_control",
    "detector": "double",
    "test_quality_valid": true,
    "search_quality_valid": true,
    "bit_accuracy": 0.985625,
    "tpr": 0.99,
    "n": 100,
    "evasion_rate": 0.010000000000000009,
    "evasion_ci95_low": 0.0017674320641406505,
    "evasion_ci95_high": 0.054486196178705426,
    "mean_abs_bit_accuracy_minus_half": 0.485625,
    "detected_count": 99,
    "tpr_ci95_low": 0.9455138038212946,
    "tpr_ci95_high": 0.9982325679358593,
    "threshold_matches": 36,
    "lower_threshold_matches": 12,
    "lpips": 0.00017997755378019065,
    "psnr": 56.84969711303711,
    "ssim": 0.9997149705886841,
    "highpass_energy_ratio": 0.9955124968290329,
    "highpass_mse": 1.3733836124174559e-06,
    "reference_valid": true,
    "total_bits": 4800,
    "correct_bits": 4731,
    "error_bits": 69,
    "net_additional_bit_errors": 0,
    "decoding_improved_images": 0,
    "decoding_worsened_images": 0,
    "decoding_tied_images": 100,
    "exact_message_accuracy": 0.75,
    "bit_accuracy_drop_pp": 0.0,
    "bit_accuracy_drop_ci95_low_pp": 0.0,
    "bit_accuracy_drop_ci95_high_pp": 0.0,
    "survival_on_originally_detected": 1.0,
    "evasion_on_originally_detected": 0.0,
    "survival_ci95_low": 0.9626467879321725,
    "survival_ci95_high": 1.0,
    "tpr_drop_percentage_points": 0.0,
    "tpr_drop_ci95_low_pp": 0.0,
    "tpr_drop_ci95_high_pp": 0.0,
    "bit_accuracy_retained_percent": 100.0,
    "tpr_retained_percent": 100.0
  }
]
Loading pipeline components...:   0%|          | 0/6 [00:00<?, ?it/s]Loading pipeline components...:  17%|█▋        | 1/6 [00:00<00:00,  8.76it/s]Loading pipeline components...:  33%|███▎      | 2/6 [00:00<00:00,  5.25it/s]Loading pipeline components...:  83%|████████▎ | 5/6 [00:00<00:00,  6.78it/s]`torch_dtype` is deprecated! Use `dtype` instead!
Loading pipeline components...: 100%|██████████| 6/6 [00:01<00:00,  5.59it/s]Loading pipeline components...: 100%|██████████| 6/6 [00:01<00:00,  5.88it/s]
Owner mechanism: fixed_ptq_w8_c1.0_test, 4 test samples
Owner mechanism: reconstruction_w8_c1.0_test, 4 test samples
Owner mechanism: natural_residual_qat_w8_c1.0_test, 4 test samples
Owner mechanism: natural_residual_w4_c1.0_test, 4 test samples
Owner mechanism: natural_residual_qat_w4_c1.0_test, 4 test samples
Owner mechanism: natural_full_finetune_fp32_test, 4 test samples
Quality/evasion analysis: /home/jovyan/thinhnd39/quantization/output_attack/run_20260923_083114/run_20260923_083114_seed_3407_preserve_0.5/tradeoff
Reference validation: valid=True; TPR=0.9900; detected=99
/home/jovyan/thinhnd39/quantization/output_attack/run_20260923_083114/run_20260923_083114_seed_3407_preserve_0.5/result
Finished: /home/jovyan/thinhnd39/quantization/output_attack/run_20260923_083114/run_20260923_083114_seed_3407_preserve_0.5
Owner results: /home/jovyan/thinhnd39/quantization/output_attack/run_20260923_083114/run_20260923_083114_seed_3407_preserve_0.5/owner_evaluation.json
Plot-ready table: /home/jovyan/thinhnd39/quantization/output_attack/run_20260923_083114/run_20260923_083114_seed_3407_preserve_0.5/watermark_retention.csv
All search candidates: /home/jovyan/thinhnd39/quantization/output_attack/run_20260923_083114/run_20260923_083114_seed_3407_preserve_0.5/search.csv
Quality diagnostics: /home/jovyan/thinhnd39/quantization/output_attack/run_20260923_083114/run_20260923_083114_seed_3407_preserve_0.5/quality_summary.csv
Review-ready result bundle: /home/jovyan/thinhnd39/quantization/output_attack/run_20260923_083114/run_20260923_083114_seed_3407_preserve_0.5/result
Checkpoints: /home/jovyan/thinhnd39/quantization/output_artifacts/checkpoints/run_20260923_083114_seed_3407_preserve_0.5
Heavy artifacts root: /home/jovyan/thinhnd39/quantization/output_artifacts
