Log (environment setup, fixture, attack, evaluation): /home/jovyan/thinhnd39/quantization/output_attack/run_20260923_090049_ZnKd1G.log
Preparing dedicated Conda environment wmq...
Environment Python: /opt/conda/envs/wmq/bin/python
Environment prefix: /opt/conda/envs/wmq
Pinned dependencies already installed; skipping downloads.
No broken requirements found.
Dependency imports and TorchVision binary check passed.
Using Python: /opt/conda/envs/wmq/bin/python
GPU: NVIDIA H200; torch=2.7.1+cu128; diffusers=0.35.1
Experiment profile: research; method set: focused; explicit CLI flags override defaults.
[1/4] Preparing or reusing the pinned public Stable Signature fixture...
Reusing marked fixture: /home/jovyan/thinhnd39/quantization/output_artifacts/models/marked_sd21
Preparing public COCO natural images for the additional branches...
Reusing verified COCO pool: /home/jovyan/thinhnd39/quantization/output_artifacts/datasets/coco2017_n5256_seed3407
[2/4] Running quantization controls, natural ablations and independent FP32 decoder controls...
Result directory: /home/jovyan/thinhnd39/quantization/output_attack/run_20260923_083114/run_20260923_083114_seed_3407_preserve_2
Training protocol: batch=4; rounding steps=1000; QAT steps=1000; FP32 steps=1000; optimizer=adamw; FP32 LR=0.0005; natural train/search=4000/256; natural resolution=256; preservation=lowpass
Report directory: /home/jovyan/thinhnd39/quantization/output_attack/run_20260923_083114/run_20260923_083114_seed_3407_preserve_2
Image directory: /home/jovyan/thinhnd39/quantization/output_artifacts/images/run_20260923_083114_seed_3407_preserve_2
Checkpoint directory: /home/jovyan/thinhnd39/quantization/output_artifacts/checkpoints/run_20260923_083114_seed_3407_preserve_2
Loading pipeline components...:   0%|          | 0/6 [00:00<?, ?it/s]Loading pipeline components...:  17%|█▋        | 1/6 [00:00<00:02,  2.08it/s]`torch_dtype` is deprecated! Use `dtype` instead!
Loading pipeline components...:  33%|███▎      | 2/6 [00:00<00:01,  2.54it/s]Loading pipeline components...:  67%|██████▋   | 4/6 [00:00<00:00,  5.50it/s]Loading pipeline components...: 100%|██████████| 6/6 [00:00<00:00,  6.02it/s]
Inference batch=8; evaluation batch=32; data cache=auto
cached latents 8/52
cached latents 16/52
cached latents 24/52
cached latents 32/52
cached latents 40/52
cached latents 48/52
cached latents 52/52
decoded references 32/52
decoded references 52/52
{'candidate': 'fixed_ptq_w8_c1.0_step0', 'source': 'fixed_rtn', 'method': 'fixed_ptq', 'bits': 8, 'clip': 1.0, 'step': 0, 'psnr': 57.079833984375, 'ssim': 0.9997356534004211, 'psnr_p05': 53.20294952392578, 'min_psnr': 52.35723114013672, 'quality_violation_fraction': 0.0, 'target_mse': 7.45739389458322e-05, 'feasible': True, 'semantic_lowpass_mse': 3.0519668321460357e-07, 'selection_objective': 7.45739389458322e-05}
{'candidate': 'reconstruction_w8_c1.0_step0', 'source': 'rtn_fallback', 'method': 'reconstruction', 'bits': 8, 'clip': 1.0, 'step': 0, 'psnr': 57.079833984375, 'ssim': 0.9997356534004211, 'psnr_p05': 53.20294952392578, 'min_psnr': 52.35723114013672, 'quality_violation_fraction': 0.0, 'target_mse': 2.3042802979489354e-06, 'feasible': True, 'semantic_lowpass_mse': 3.0519668321460357e-07, 'selection_objective': 2.3042802979489354e-06}
{'candidate': 'reconstruction_w8_c1.0_step100', 'source': 'reconstruction', 'method': 'reconstruction', 'bits': 8, 'clip': 1.0, 'step': 100, 'psnr': 57.0281867980957, 'ssim': 0.9997356534004211, 'psnr_p05': 53.01832962036133, 'min_psnr': 52.515506744384766, 'quality_violation_fraction': 0.0, 'target_mse': 2.294716804840391e-06, 'feasible': True, 'semantic_lowpass_mse': 3.0354662925446976e-07, 'selection_objective': 2.294716804840391e-06}
{'candidate': 'reconstruction_w8_c1.0_step200', 'source': 'reconstruction', 'method': 'reconstruction', 'bits': 8, 'clip': 1.0, 'step': 200, 'psnr': 57.06727981567383, 'ssim': 0.9997396469116211, 'psnr_p05': 53.18885040283203, 'min_psnr': 52.62982940673828, 'quality_violation_fraction': 0.0, 'target_mse': 2.260233142692414e-06, 'feasible': True, 'semantic_lowpass_mse': 2.9614943990452504e-07, 'selection_objective': 2.260233142692414e-06}
{'candidate': 'reconstruction_w8_c1.0_step300', 'source': 'reconstruction', 'method': 'reconstruction', 'bits': 8, 'clip': 1.0, 'step': 300, 'psnr': 57.01182174682617, 'ssim': 0.9997355341911316, 'psnr_p05': 53.38223648071289, 'min_psnr': 52.76456832885742, 'quality_violation_fraction': 0.0, 'target_mse': 2.2654594658888526e-06, 'feasible': True, 'semantic_lowpass_mse': 3.2321148069058836e-07, 'selection_objective': 2.2654594658888526e-06}
{'candidate': 'reconstruction_w8_c1.0_step400', 'source': 'reconstruction', 'method': 'reconstruction', 'bits': 8, 'clip': 1.0, 'step': 400, 'psnr': 57.071075439453125, 'ssim': 0.9997262954711914, 'psnr_p05': 53.368919372558594, 'min_psnr': 52.82124328613281, 'quality_violation_fraction': 0.0, 'target_mse': 2.237700940099785e-06, 'feasible': True, 'semantic_lowpass_mse': 3.2554354874037016e-07, 'selection_objective': 2.237700940099785e-06}
{'candidate': 'reconstruction_w8_c1.0_step500', 'source': 'reconstruction', 'method': 'reconstruction', 'bits': 8, 'clip': 1.0, 'step': 500, 'psnr': 57.15325164794922, 'ssim': 0.9997361898422241, 'psnr_p05': 53.495487213134766, 'min_psnr': 52.931304931640625, 'quality_violation_fraction': 0.0, 'target_mse': 2.190987515859888e-06, 'feasible': True, 'semantic_lowpass_mse': 3.0656583405175297e-07, 'selection_objective': 2.190987515859888e-06}
{'candidate': 'reconstruction_w8_c1.0_step600', 'source': 'reconstruction', 'method': 'reconstruction', 'bits': 8, 'clip': 1.0, 'step': 600, 'psnr': 57.15550994873047, 'ssim': 0.9997331500053406, 'psnr_p05': 53.647640228271484, 'min_psnr': 52.97446823120117, 'quality_violation_fraction': 0.0, 'target_mse': 2.1845611627213656e-06, 'feasible': True, 'semantic_lowpass_mse': 3.15855512766916e-07, 'selection_objective': 2.1845611627213656e-06}
{'candidate': 'reconstruction_w8_c1.0_step700', 'source': 'reconstruction', 'method': 'reconstruction', 'bits': 8, 'clip': 1.0, 'step': 700, 'psnr': 57.15831756591797, 'ssim': 0.9997321367263794, 'psnr_p05': 53.67982864379883, 'min_psnr': 53.020172119140625, 'quality_violation_fraction': 0.0, 'target_mse': 2.176092857553158e-06, 'feasible': True, 'semantic_lowpass_mse': 3.079978483810919e-07, 'selection_objective': 2.176092857553158e-06}
{'candidate': 'reconstruction_w8_c1.0_step800', 'source': 'reconstruction', 'method': 'reconstruction', 'bits': 8, 'clip': 1.0, 'step': 800, 'psnr': 57.203086853027344, 'ssim': 0.9997328519821167, 'psnr_p05': 53.66376495361328, 'min_psnr': 53.043792724609375, 'quality_violation_fraction': 0.0, 'target_mse': 2.1596576630145136e-06, 'feasible': True, 'semantic_lowpass_mse': 3.0189267263835973e-07, 'selection_objective': 2.1596576630145136e-06}
{'candidate': 'reconstruction_w8_c1.0_step900', 'source': 'reconstruction', 'method': 'reconstruction', 'bits': 8, 'clip': 1.0, 'step': 900, 'psnr': 57.1186637878418, 'ssim': 0.9997231364250183, 'psnr_p05': 53.599151611328125, 'min_psnr': 53.00035858154297, 'quality_violation_fraction': 0.0, 'target_mse': 2.196642896024059e-06, 'feasible': True, 'semantic_lowpass_mse': 3.2835137933062695e-07, 'selection_objective': 2.196642896024059e-06}
{'candidate': 'reconstruction_w8_c1.0_step1000', 'source': 'reconstruction', 'method': 'reconstruction', 'bits': 8, 'clip': 1.0, 'step': 1000, 'psnr': 57.16930389404297, 'ssim': 0.9997356534004211, 'psnr_p05': 53.70436477661133, 'min_psnr': 53.00543975830078, 'quality_violation_fraction': 0.0, 'target_mse': 2.1689867566010433e-06, 'feasible': True, 'semantic_lowpass_mse': 3.1225818837299356e-07, 'selection_objective': 2.1689867566010433e-06}
Setting up [LPIPS] perceptual loss: trunk [alex], v[0.1], spatial [off]
/opt/conda/envs/wmq/lib/python3.11/site-packages/torchvision/models/_utils.py:208: UserWarning: The parameter 'pretrained' is deprecated since 0.13 and may be removed in the future, please use 'weights' instead.
  warnings.warn(
/opt/conda/envs/wmq/lib/python3.11/site-packages/torchvision/models/_utils.py:223: UserWarning: Arguments other than a weight enum or `None` for 'weights' are deprecated since 0.13 and may be removed in the future. The current behavior is equivalent to passing `weights=AlexNet_Weights.IMAGENET1K_V1`. You can also use `weights=AlexNet_Weights.DEFAULT` to get the most up-to-date weights.
  warnings.warn(msg)
Loading model from: /opt/conda/envs/wmq/lib/python3.11/site-packages/lpips/weights/v0.1/alex.pth
Residual calibration 1/4000
Residual calibration 2/4000
Residual calibration 3/4000
Residual calibration 4/4000
Residual calibration 5/4000
Residual calibration 6/4000
Residual calibration 7/4000
Residual calibration 8/4000
Residual calibration 9/4000
Residual calibration 10/4000
Residual calibration 11/4000
Residual calibration 12/4000
Residual calibration 13/4000
Residual calibration 14/4000
Residual calibration 15/4000
Residual calibration 16/4000
Residual calibration 17/4000
Residual calibration 18/4000
Residual calibration 19/4000
Residual calibration 20/4000
Residual calibration 21/4000
Residual calibration 22/4000
Residual calibration 23/4000
Residual calibration 24/4000
Residual calibration 25/4000
Residual calibration 26/4000
Residual calibration 27/4000
Residual calibration 28/4000
Residual calibration 29/4000
Residual calibration 30/4000
Residual calibration 31/4000
Residual calibration 32/4000
Residual calibration 33/4000
Residual calibration 34/4000
Residual calibration 35/4000
Residual calibration 36/4000
Residual calibration 37/4000
Residual calibration 38/4000
Residual calibration 39/4000
Residual calibration 40/4000
Residual calibration 41/4000
Residual calibration 42/4000
Residual calibration 43/4000
Residual calibration 44/4000
Residual calibration 45/4000
Residual calibration 46/4000
Residual calibration 47/4000
Residual calibration 48/4000
Residual calibration 49/4000
Residual calibration 50/4000
Residual calibration 51/4000
Residual calibration 52/4000
Residual calibration 53/4000
Residual calibration 54/4000
Residual calibration 55/4000
Residual calibration 56/4000
Residual calibration 57/4000
Residual calibration 58/4000
Residual calibration 59/4000
Residual calibration 60/4000
Residual calibration 61/4000
Residual calibration 62/4000
Residual calibration 63/4000
Residual calibration 64/4000
Residual calibration 65/4000
Residual calibration 66/4000
Residual calibration 67/4000
Residual calibration 68/4000
Residual calibration 69/4000
Residual calibration 70/4000
Residual calibration 71/4000
Residual calibration 72/4000
Residual calibration 73/4000
Residual calibration 74/4000
Residual calibration 75/4000
Residual calibration 76/4000
Residual calibration 77/4000
Residual calibration 78/4000
Residual calibration 79/4000
Residual calibration 80/4000
Residual calibration 81/4000
Residual calibration 82/4000
Residual calibration 83/4000
Residual calibration 84/4000
Residual calibration 85/4000
Residual calibration 86/4000
Residual calibration 87/4000
Residual calibration 88/4000
Residual calibration 89/4000
Residual calibration 90/4000
Residual calibration 91/4000
Residual calibration 92/4000
Residual calibration 93/4000
Residual calibration 94/4000
Residual calibration 95/4000
Residual calibration 96/4000
Residual calibration 97/4000
Residual calibration 98/4000
Residual calibration 99/4000
Residual calibration 100/4000
Residual calibration 101/4000
Residual calibration 102/4000
Residual calibration 103/4000
Residual calibration 104/4000
Residual calibration 105/4000
Residual calibration 106/4000
Residual calibration 107/4000
Residual calibration 108/4000
Residual calibration 109/4000
Residual calibration 110/4000
Residual calibration 111/4000
Residual calibration 112/4000
Residual calibration 113/4000
Residual calibration 114/4000
Residual calibration 115/4000
Residual calibration 116/4000
Residual calibration 117/4000
Residual calibration 118/4000
Residual calibration 119/4000
Residual calibration 120/4000
Residual calibration 121/4000
Residual calibration 122/4000
Residual calibration 123/4000
Residual calibration 124/4000
Residual calibration 125/4000
Residual calibration 126/4000
Residual calibration 127/4000
Residual calibration 128/4000
Residual calibration 129/4000
Residual calibration 130/4000
Residual calibration 131/4000
Residual calibration 132/4000
Residual calibration 133/4000
Residual calibration 134/4000
Residual calibration 135/4000
Residual calibration 136/4000
Residual calibration 137/4000
Residual calibration 138/4000
Residual calibration 139/4000
Residual calibration 140/4000
Residual calibration 141/4000
Residual calibration 142/4000
Residual calibration 143/4000
Residual calibration 144/4000
Residual calibration 145/4000
Residual calibration 146/4000
Residual calibration 147/4000
Residual calibration 148/4000
Residual calibration 149/4000
Residual calibration 150/4000
Residual calibration 151/4000
Residual calibration 152/4000
Residual calibration 153/4000
Residual calibration 154/4000
Residual calibration 155/4000
Residual calibration 156/4000
Residual calibration 157/4000
Residual calibration 158/4000
Residual calibration 159/4000
Residual calibration 160/4000
Residual calibration 161/4000
Residual calibration 162/4000
Residual calibration 163/4000
Residual calibration 164/4000
Residual calibration 165/4000
Residual calibration 166/4000
Residual calibration 167/4000
Residual calibration 168/4000
Residual calibration 169/4000
Residual calibration 170/4000
Residual calibration 171/4000
Residual calibration 172/4000
Residual calibration 173/4000
Residual calibration 174/4000
Residual calibration 175/4000
Residual calibration 176/4000
Residual calibration 177/4000
Residual calibration 178/4000
Residual calibration 179/4000
Residual calibration 180/4000
Residual calibration 181/4000
Residual calibration 182/4000
Residual calibration 183/4000
Residual calibration 184/4000
Residual calibration 185/4000
Residual calibration 186/4000
Residual calibration 187/4000
Residual calibration 188/4000
Residual calibration 189/4000
Residual calibration 190/4000
Residual calibration 191/4000
Residual calibration 192/4000
Residual calibration 193/4000
Residual calibration 194/4000
Residual calibration 195/4000
Residual calibration 196/4000
Residual calibration 197/4000
Residual calibration 198/4000
Residual calibration 199/4000
Residual calibration 200/4000
Residual calibration 201/4000
Residual calibration 202/4000
Residual calibration 203/4000
Residual calibration 204/4000
Residual calibration 205/4000
Residual calibration 206/4000
Residual calibration 207/4000
Residual calibration 208/4000
Residual calibration 209/4000
Residual calibration 210/4000
Residual calibration 211/4000
Residual calibration 212/4000
Residual calibration 213/4000
Residual calibration 214/4000
Residual calibration 215/4000
Residual calibration 216/4000
Residual calibration 217/4000
Residual calibration 218/4000
Residual calibration 219/4000
Residual calibration 220/4000
Residual calibration 221/4000
Residual calibration 222/4000
Residual calibration 223/4000
Residual calibration 224/4000
Residual calibration 225/4000
Residual calibration 226/4000
Residual calibration 227/4000
Residual calibration 228/4000
Residual calibration 229/4000
Residual calibration 230/4000
Residual calibration 231/4000
Residual calibration 232/4000
Residual calibration 233/4000
Residual calibration 234/4000
Residual calibration 235/4000
Residual calibration 236/4000
Residual calibration 237/4000
Residual calibration 238/4000
Residual calibration 239/4000
Residual calibration 240/4000
Residual calibration 241/4000
Residual calibration 242/4000
Residual calibration 243/4000
Residual calibration 244/4000
Residual calibration 245/4000
Residual calibration 246/4000
Residual calibration 247/4000
Residual calibration 248/4000
Residual calibration 249/4000
Residual calibration 250/4000
Residual calibration 251/4000
Residual calibration 252/4000
Residual calibration 253/4000
Residual calibration 254/4000
Residual calibration 255/4000
Residual calibration 256/4000
Residual calibration 257/4000
Residual calibration 258/4000
Residual calibration 259/4000
Residual calibration 260/4000
Residual calibration 261/4000
Residual calibration 262/4000
Residual calibration 263/4000
Residual calibration 264/4000
Residual calibration 265/4000
Residual calibration 266/4000
Residual calibration 267/4000
Residual calibration 268/4000
Residual calibration 269/4000
Residual calibration 270/4000
Residual calibration 271/4000
Residual calibration 272/4000
Residual calibration 273/4000
Residual calibration 274/4000
Residual calibration 275/4000
Residual calibration 276/4000
Residual calibration 277/4000
Residual calibration 278/4000
Residual calibration 279/4000
Residual calibration 280/4000
Residual calibration 281/4000
Residual calibration 282/4000
Residual calibration 283/4000
Residual calibration 284/4000
Residual calibration 285/4000
Residual calibration 286/4000
Residual calibration 287/4000
Residual calibration 288/4000
Residual calibration 289/4000
Residual calibration 290/4000
Residual calibration 291/4000
Residual calibration 292/4000
Residual calibration 293/4000
Residual calibration 294/4000
Residual calibration 295/4000
Residual calibration 296/4000
Residual calibration 297/4000
Residual calibration 298/4000
Residual calibration 299/4000
Residual calibration 300/4000
Residual calibration 301/4000
Residual calibration 302/4000
Residual calibration 303/4000
Residual calibration 304/4000
Residual calibration 305/4000
Residual calibration 306/4000
Residual calibration 307/4000
Residual calibration 308/4000
Residual calibration 309/4000
Residual calibration 310/4000
Residual calibration 311/4000
Residual calibration 312/4000
Residual calibration 313/4000
Residual calibration 314/4000
Residual calibration 315/4000
Residual calibration 316/4000
Residual calibration 317/4000
Residual calibration 318/4000
Residual calibration 319/4000
Residual calibration 320/4000
Residual calibration 321/4000
Residual calibration 322/4000
Residual calibration 323/4000
Residual calibration 324/4000
Residual calibration 325/4000
Residual calibration 326/4000
Residual calibration 327/4000
Residual calibration 328/4000
Residual calibration 329/4000
Residual calibration 330/4000
Residual calibration 331/4000
Residual calibration 332/4000
Residual calibration 333/4000
Residual calibration 334/4000
Residual calibration 335/4000
Residual calibration 336/4000
Residual calibration 337/4000
Residual calibration 338/4000
Residual calibration 339/4000
Residual calibration 340/4000
Residual calibration 341/4000
Residual calibration 342/4000
Residual calibration 343/4000
Residual calibration 344/4000
Residual calibration 345/4000
Residual calibration 346/4000
Residual calibration 347/4000
Residual calibration 348/4000
Residual calibration 349/4000
Residual calibration 350/4000
Residual calibration 351/4000
Residual calibration 352/4000
Residual calibration 353/4000
Residual calibration 354/4000
Residual calibration 355/4000
Residual calibration 356/4000
Residual calibration 357/4000
Residual calibration 358/4000
Residual calibration 359/4000
Residual calibration 360/4000
Residual calibration 361/4000
Residual calibration 362/4000
Residual calibration 363/4000
Residual calibration 364/4000
Residual calibration 365/4000
Residual calibration 366/4000
Residual calibration 367/4000
Residual calibration 368/4000
Residual calibration 369/4000
Residual calibration 370/4000
Residual calibration 371/4000
Residual calibration 372/4000
Residual calibration 373/4000
Residual calibration 374/4000
Residual calibration 375/4000
Residual calibration 376/4000
Residual calibration 377/4000
Residual calibration 378/4000
Residual calibration 379/4000
Residual calibration 380/4000
Residual calibration 381/4000
Residual calibration 382/4000
Residual calibration 383/4000
Residual calibration 384/4000
Residual calibration 385/4000
Residual calibration 386/4000
Residual calibration 387/4000
Residual calibration 388/4000
Residual calibration 389/4000
Residual calibration 390/4000
Residual calibration 391/4000
Residual calibration 392/4000
Residual calibration 393/4000
Residual calibration 394/4000
Residual calibration 395/4000
Residual calibration 396/4000
Residual calibration 397/4000
Residual calibration 398/4000
Residual calibration 399/4000
Residual calibration 400/4000
Residual calibration 401/4000
Residual calibration 402/4000
Residual calibration 403/4000
Residual calibration 404/4000
Residual calibration 405/4000
Residual calibration 406/4000
Residual calibration 407/4000
Residual calibration 408/4000
Residual calibration 409/4000
Residual calibration 410/4000
Residual calibration 411/4000
Residual calibration 412/4000
Residual calibration 413/4000
Residual calibration 414/4000
Residual calibration 415/4000
Residual calibration 416/4000
Residual calibration 417/4000
Residual calibration 418/4000
Residual calibration 419/4000
Residual calibration 420/4000
Residual calibration 421/4000
Residual calibration 422/4000
Residual calibration 423/4000
Residual calibration 424/4000
Residual calibration 425/4000
Residual calibration 426/4000
Residual calibration 427/4000
Residual calibration 428/4000
Residual calibration 429/4000
Residual calibration 430/4000
Residual calibration 431/4000
Residual calibration 432/4000
Residual calibration 433/4000
Residual calibration 434/4000
Residual calibration 435/4000
Residual calibration 436/4000
Residual calibration 437/4000
Residual calibration 438/4000
Residual calibration 439/4000
Residual calibration 440/4000
Residual calibration 441/4000
Residual calibration 442/4000
Residual calibration 443/4000
Residual calibration 444/4000
Residual calibration 445/4000
Residual calibration 446/4000
Residual calibration 447/4000
Residual calibration 448/4000
Residual calibration 449/4000
Residual calibration 450/4000
Residual calibration 451/4000
Residual calibration 452/4000
Residual calibration 453/4000
Residual calibration 454/4000
Residual calibration 455/4000
Residual calibration 456/4000
Residual calibration 457/4000
Residual calibration 458/4000
Residual calibration 459/4000
Residual calibration 460/4000
Residual calibration 461/4000
Residual calibration 462/4000
Residual calibration 463/4000
Residual calibration 464/4000
Residual calibration 465/4000
Residual calibration 466/4000
Residual calibration 467/4000
Residual calibration 468/4000
Residual calibration 469/4000
Residual calibration 470/4000
Residual calibration 471/4000
Residual calibration 472/4000
Residual calibration 473/4000
Residual calibration 474/4000
Residual calibration 475/4000
Residual calibration 476/4000
Residual calibration 477/4000
Residual calibration 478/4000
Residual calibration 479/4000
Residual calibration 480/4000
Residual calibration 481/4000
Residual calibration 482/4000
Residual calibration 483/4000
Residual calibration 484/4000
Residual calibration 485/4000
Residual calibration 486/4000
Residual calibration 487/4000
Residual calibration 488/4000
Residual calibration 489/4000
Residual calibration 490/4000
Residual calibration 491/4000
Residual calibration 492/4000
Residual calibration 493/4000
Residual calibration 494/4000
Residual calibration 495/4000
Residual calibration 496/4000
Residual calibration 497/4000
Residual calibration 498/4000
Residual calibration 499/4000
Residual calibration 500/4000
Residual calibration 501/4000
Residual calibration 502/4000
Residual calibration 503/4000
Residual calibration 504/4000
Residual calibration 505/4000
Residual calibration 506/4000
Residual calibration 507/4000
Residual calibration 508/4000
Residual calibration 509/4000
Residual calibration 510/4000
Residual calibration 511/4000
Residual calibration 512/4000
Residual calibration 513/4000
Residual calibration 514/4000
Residual calibration 515/4000
Residual calibration 516/4000
Residual calibration 517/4000
Residual calibration 518/4000
Residual calibration 519/4000
Residual calibration 520/4000
Residual calibration 521/4000
Residual calibration 522/4000
Residual calibration 523/4000
Residual calibration 524/4000
Residual calibration 525/4000
Residual calibration 526/4000
Residual calibration 527/4000
Residual calibration 528/4000
Residual calibration 529/4000
Residual calibration 530/4000
Residual calibration 531/4000
Residual calibration 532/4000
Residual calibration 533/4000
Residual calibration 534/4000
Residual calibration 535/4000
Residual calibration 536/4000
Residual calibration 537/4000
Residual calibration 538/4000
Residual calibration 539/4000
Residual calibration 540/4000
Residual calibration 541/4000
Residual calibration 542/4000
Residual calibration 543/4000
Residual calibration 544/4000
Residual calibration 545/4000
Residual calibration 546/4000
Residual calibration 547/4000
Residual calibration 548/4000
Residual calibration 549/4000
Residual calibration 550/4000
Residual calibration 551/4000
Residual calibration 552/4000
Residual calibration 553/4000
Residual calibration 554/4000
Residual calibration 555/4000
Residual calibration 556/4000
Residual calibration 557/4000
Residual calibration 558/4000
Residual calibration 559/4000
Residual calibration 560/4000
Residual calibration 561/4000
Residual calibration 562/4000
Residual calibration 563/4000
Residual calibration 564/4000
Residual calibration 565/4000
Residual calibration 566/4000
Residual calibration 567/4000
Residual calibration 568/4000
Residual calibration 569/4000
Residual calibration 570/4000
Residual calibration 571/4000
Residual calibration 572/4000
Residual calibration 573/4000
Residual calibration 574/4000
Residual calibration 575/4000
Residual calibration 576/4000
Residual calibration 577/4000
Residual calibration 578/4000
Residual calibration 579/4000
Residual calibration 580/4000
Residual calibration 581/4000
Residual calibration 582/4000
Residual calibration 583/4000
Residual calibration 584/4000
Residual calibration 585/4000
Residual calibration 586/4000
Residual calibration 587/4000
Residual calibration 588/4000
Residual calibration 589/4000
Residual calibration 590/4000
Residual calibration 591/4000
Residual calibration 592/4000
Residual calibration 593/4000
Residual calibration 594/4000
Residual calibration 595/4000
Residual calibration 596/4000
Residual calibration 597/4000
Residual calibration 598/4000
Residual calibration 599/4000
Residual calibration 600/4000
Residual calibration 601/4000
Residual calibration 602/4000
Residual calibration 603/4000
Residual calibration 604/4000
Residual calibration 605/4000
Residual calibration 606/4000
Residual calibration 607/4000
Residual calibration 608/4000
Residual calibration 609/4000
Residual calibration 610/4000
Residual calibration 611/4000
Residual calibration 612/4000
Residual calibration 613/4000
Residual calibration 614/4000
Residual calibration 615/4000
Residual calibration 616/4000
Residual calibration 617/4000
Residual calibration 618/4000
Residual calibration 619/4000
Residual calibration 620/4000
Residual calibration 621/4000
Residual calibration 622/4000
Residual calibration 623/4000
Residual calibration 624/4000
Residual calibration 625/4000
Residual calibration 626/4000
Residual calibration 627/4000
Residual calibration 628/4000
Residual calibration 629/4000
Residual calibration 630/4000
Residual calibration 631/4000
Residual calibration 632/4000
Residual calibration 633/4000
Residual calibration 634/4000
Residual calibration 635/4000
Residual calibration 636/4000
Residual calibration 637/4000
Residual calibration 638/4000
Residual calibration 639/4000
Residual calibration 640/4000
Residual calibration 641/4000
Residual calibration 642/4000
Residual calibration 643/4000
Residual calibration 644/4000
Residual calibration 645/4000
Residual calibration 646/4000
Residual calibration 647/4000
Residual calibration 648/4000
Residual calibration 649/4000
Residual calibration 650/4000
Residual calibration 651/4000
Residual calibration 652/4000
Residual calibration 653/4000
Residual calibration 654/4000
Residual calibration 655/4000
Residual calibration 656/4000
Residual calibration 657/4000
Residual calibration 658/4000
Residual calibration 659/4000
Residual calibration 660/4000
Residual calibration 661/4000
Residual calibration 662/4000
Residual calibration 663/4000
Residual calibration 664/4000
Residual calibration 665/4000
Residual calibration 666/4000
Residual calibration 667/4000
Residual calibration 668/4000
Residual calibration 669/4000
Residual calibration 670/4000
Residual calibration 671/4000
Residual calibration 672/4000
Residual calibration 673/4000
Residual calibration 674/4000
Residual calibration 675/4000
Residual calibration 676/4000
Residual calibration 677/4000
Residual calibration 678/4000
Residual calibration 679/4000
Residual calibration 680/4000
Residual calibration 681/4000
Residual calibration 682/4000
Residual calibration 683/4000
Residual calibration 684/4000
Residual calibration 685/4000
Residual calibration 686/4000
Residual calibration 687/4000
Residual calibration 688/4000
Residual calibration 689/4000
Residual calibration 690/4000
Residual calibration 691/4000
Residual calibration 692/4000
Residual calibration 693/4000
Residual calibration 694/4000
Residual calibration 695/4000
Residual calibration 696/4000
Residual calibration 697/4000
Residual calibration 698/4000
Residual calibration 699/4000
Residual calibration 700/4000
Residual calibration 701/4000
Residual calibration 702/4000
Residual calibration 703/4000
Residual calibration 704/4000
Residual calibration 705/4000
Residual calibration 706/4000
Residual calibration 707/4000
Residual calibration 708/4000
Residual calibration 709/4000
Residual calibration 710/4000
Residual calibration 711/4000
Residual calibration 712/4000
Residual calibration 713/4000
Residual calibration 714/4000
Residual calibration 715/4000
Residual calibration 716/4000
Residual calibration 717/4000
Residual calibration 718/4000
Residual calibration 719/4000
Residual calibration 720/4000
Residual calibration 721/4000
Residual calibration 722/4000
Residual calibration 723/4000
Residual calibration 724/4000
Residual calibration 725/4000
Residual calibration 726/4000
Residual calibration 727/4000
Residual calibration 728/4000
Residual calibration 729/4000
Residual calibration 730/4000
Residual calibration 731/4000
Residual calibration 732/4000
Residual calibration 733/4000
Residual calibration 734/4000
Residual calibration 735/4000
Residual calibration 736/4000
Residual calibration 737/4000
Residual calibration 738/4000
Residual calibration 739/4000
Residual calibration 740/4000
Residual calibration 741/4000
Residual calibration 742/4000
Residual calibration 743/4000
Residual calibration 744/4000
Residual calibration 745/4000
Residual calibration 746/4000
Residual calibration 747/4000
Residual calibration 748/4000
Residual calibration 749/4000
Residual calibration 750/4000
Residual calibration 751/4000
Residual calibration 752/4000
Residual calibration 753/4000
Residual calibration 754/4000
Residual calibration 755/4000
Residual calibration 756/4000
Residual calibration 757/4000
Residual calibration 758/4000
Residual calibration 759/4000
Residual calibration 760/4000
Residual calibration 761/4000
Residual calibration 762/4000
Residual calibration 763/4000
Residual calibration 764/4000
Residual calibration 765/4000
Residual calibration 766/4000
Residual calibration 767/4000
Residual calibration 768/4000
Residual calibration 769/4000
Residual calibration 770/4000
Residual calibration 771/4000
Residual calibration 772/4000
Residual calibration 773/4000
Residual calibration 774/4000
Residual calibration 775/4000
Residual calibration 776/4000
Residual calibration 777/4000
Residual calibration 778/4000
Residual calibration 779/4000
Residual calibration 780/4000
Residual calibration 781/4000
Residual calibration 782/4000
Residual calibration 783/4000
Residual calibration 784/4000
Residual calibration 785/4000
Residual calibration 786/4000
Residual calibration 787/4000
Residual calibration 788/4000
Residual calibration 789/4000
Residual calibration 790/4000
Residual calibration 791/4000
Residual calibration 792/4000
Residual calibration 793/4000
Residual calibration 794/4000
Residual calibration 795/4000
Residual calibration 796/4000
Residual calibration 797/4000
Residual calibration 798/4000
Residual calibration 799/4000
Residual calibration 800/4000
Residual calibration 801/4000
Residual calibration 802/4000
Residual calibration 803/4000
Residual calibration 804/4000
Residual calibration 805/4000
Residual calibration 806/4000
Residual calibration 807/4000
Residual calibration 808/4000
Residual calibration 809/4000
Residual calibration 810/4000
Residual calibration 811/4000
Residual calibration 812/4000
Residual calibration 813/4000
Residual calibration 814/4000
Residual calibration 815/4000
Residual calibration 816/4000
Residual calibration 817/4000
Residual calibration 818/4000
Residual calibration 819/4000
Residual calibration 820/4000
Residual calibration 821/4000
Residual calibration 822/4000
Residual calibration 823/4000
Residual calibration 824/4000
Residual calibration 825/4000
Residual calibration 826/4000
Residual calibration 827/4000
Residual calibration 828/4000
Residual calibration 829/4000
Residual calibration 830/4000
Residual calibration 831/4000
Residual calibration 832/4000
Residual calibration 833/4000
Residual calibration 834/4000
Residual calibration 835/4000
Residual calibration 836/4000
Residual calibration 837/4000
Residual calibration 838/4000
Residual calibration 839/4000
Residual calibration 840/4000
Residual calibration 841/4000
Residual calibration 842/4000
Residual calibration 843/4000
Residual calibration 844/4000
Residual calibration 845/4000
Residual calibration 846/4000
Residual calibration 847/4000
Residual calibration 848/4000
Residual calibration 849/4000
Residual calibration 850/4000
Residual calibration 851/4000
Residual calibration 852/4000
Residual calibration 853/4000
Residual calibration 854/4000
Residual calibration 855/4000
Residual calibration 856/4000
Residual calibration 857/4000
Residual calibration 858/4000
Residual calibration 859/4000
Residual calibration 860/4000
Residual calibration 861/4000
Residual calibration 862/4000
Residual calibration 863/4000
Residual calibration 864/4000
Residual calibration 865/4000
Residual calibration 866/4000
Residual calibration 867/4000
Residual calibration 868/4000
Residual calibration 869/4000
Residual calibration 870/4000
Residual calibration 871/4000
Residual calibration 872/4000
Residual calibration 873/4000
Residual calibration 874/4000
Residual calibration 875/4000
Residual calibration 876/4000
Residual calibration 877/4000
Residual calibration 878/4000
Residual calibration 879/4000
Residual calibration 880/4000
Residual calibration 881/4000
Residual calibration 882/4000
Residual calibration 883/4000
Residual calibration 884/4000
Residual calibration 885/4000
Residual calibration 886/4000
Residual calibration 887/4000
Residual calibration 888/4000
Residual calibration 889/4000
Residual calibration 890/4000
Residual calibration 891/4000
Residual calibration 892/4000
Residual calibration 893/4000
Residual calibration 894/4000
Residual calibration 895/4000
Residual calibration 896/4000
Residual calibration 897/4000
Residual calibration 898/4000
Residual calibration 899/4000
Residual calibration 900/4000
Residual calibration 901/4000
Residual calibration 902/4000
Residual calibration 903/4000
Residual calibration 904/4000
Residual calibration 905/4000
Residual calibration 906/4000
Residual calibration 907/4000
Residual calibration 908/4000
Residual calibration 909/4000
Residual calibration 910/4000
Residual calibration 911/4000
Residual calibration 912/4000
Residual calibration 913/4000
Residual calibration 914/4000
Residual calibration 915/4000
Residual calibration 916/4000
Residual calibration 917/4000
Residual calibration 918/4000
Residual calibration 919/4000
Residual calibration 920/4000
Residual calibration 921/4000
Residual calibration 922/4000
Residual calibration 923/4000
Residual calibration 924/4000
Residual calibration 925/4000
Residual calibration 926/4000
Residual calibration 927/4000
Residual calibration 928/4000
Residual calibration 929/4000
Residual calibration 930/4000
Residual calibration 931/4000
Residual calibration 932/4000
Residual calibration 933/4000
Residual calibration 934/4000
Residual calibration 935/4000
Residual calibration 936/4000
Residual calibration 937/4000
Residual calibration 938/4000
Residual calibration 939/4000
Residual calibration 940/4000
Residual calibration 941/4000
Residual calibration 942/4000
Residual calibration 943/4000
Residual calibration 944/4000
Residual calibration 945/4000
Residual calibration 946/4000
Residual calibration 947/4000
Residual calibration 948/4000
Residual calibration 949/4000
Residual calibration 950/4000
Residual calibration 951/4000
Residual calibration 952/4000
Residual calibration 953/4000
Residual calibration 954/4000
Residual calibration 955/4000
Residual calibration 956/4000
Residual calibration 957/4000
Residual calibration 958/4000
Residual calibration 959/4000
Residual calibration 960/4000
Residual calibration 961/4000
Residual calibration 962/4000
Residual calibration 963/4000
Residual calibration 964/4000
Residual calibration 965/4000
Residual calibration 966/4000
Residual calibration 967/4000
Residual calibration 968/4000
Residual calibration 969/4000
Residual calibration 970/4000
Residual calibration 971/4000
Residual calibration 972/4000
Residual calibration 973/4000
Residual calibration 974/4000
Residual calibration 975/4000
Residual calibration 976/4000
Residual calibration 977/4000
Residual calibration 978/4000
Residual calibration 979/4000
Residual calibration 980/4000
Residual calibration 981/4000
Residual calibration 982/4000
Residual calibration 983/4000
Residual calibration 984/4000
Residual calibration 985/4000
Residual calibration 986/4000
Residual calibration 987/4000
Residual calibration 988/4000
Residual calibration 989/4000
Residual calibration 990/4000
Residual calibration 991/4000
Residual calibration 992/4000
Residual calibration 993/4000
Residual calibration 994/4000
Residual calibration 995/4000
Residual calibration 996/4000
Residual calibration 997/4000
Residual calibration 998/4000
Residual calibration 999/4000
Residual calibration 1000/4000
Residual calibration 1001/4000
Residual calibration 1002/4000
Residual calibration 1003/4000
Residual calibration 1004/4000
Residual calibration 1005/4000
Residual calibration 1006/4000
Residual calibration 1007/4000
Residual calibration 1008/4000
Residual calibration 1009/4000
Residual calibration 1010/4000
Residual calibration 1011/4000
Residual calibration 1012/4000
Residual calibration 1013/4000
Residual calibration 1014/4000
Residual calibration 1015/4000
Residual calibration 1016/4000
Residual calibration 1017/4000
Residual calibration 1018/4000
Residual calibration 1019/4000
Residual calibration 1020/4000
Residual calibration 1021/4000
Residual calibration 1022/4000
Residual calibration 1023/4000
Residual calibration 1024/4000
Residual calibration 1025/4000
Residual calibration 1026/4000
Residual calibration 1027/4000
Residual calibration 1028/4000
Residual calibration 1029/4000
Residual calibration 1030/4000
Residual calibration 1031/4000
Residual calibration 1032/4000
Residual calibration 1033/4000
Residual calibration 1034/4000
Residual calibration 1035/4000
Residual calibration 1036/4000
Residual calibration 1037/4000
Residual calibration 1038/4000
Residual calibration 1039/4000
Residual calibration 1040/4000
Residual calibration 1041/4000
Residual calibration 1042/4000
Residual calibration 1043/4000
Residual calibration 1044/4000
Residual calibration 1045/4000
Residual calibration 1046/4000
Residual calibration 1047/4000
Residual calibration 1048/4000
Residual calibration 1049/4000
Residual calibration 1050/4000
Residual calibration 1051/4000
Residual calibration 1052/4000
Residual calibration 1053/4000
Residual calibration 1054/4000
Residual calibration 1055/4000
Residual calibration 1056/4000
Residual calibration 1057/4000
Residual calibration 1058/4000
Residual calibration 1059/4000
Residual calibration 1060/4000
Residual calibration 1061/4000
Residual calibration 1062/4000
Residual calibration 1063/4000
Residual calibration 1064/4000
Residual calibration 1065/4000
Residual calibration 1066/4000
Residual calibration 1067/4000
Residual calibration 1068/4000
Residual calibration 1069/4000
Residual calibration 1070/4000
Residual calibration 1071/4000
Residual calibration 1072/4000
Residual calibration 1073/4000
Residual calibration 1074/4000
Residual calibration 1075/4000
Residual calibration 1076/4000
Residual calibration 1077/4000
Residual calibration 1078/4000
Residual calibration 1079/4000
Residual calibration 1080/4000
Residual calibration 1081/4000
Residual calibration 1082/4000
Residual calibration 1083/4000
Residual calibration 1084/4000
Residual calibration 1085/4000
Residual calibration 1086/4000
Residual calibration 1087/4000
Residual calibration 1088/4000
Residual calibration 1089/4000
Residual calibration 1090/4000
Residual calibration 1091/4000
Residual calibration 1092/4000
Residual calibration 1093/4000
Residual calibration 1094/4000
Residual calibration 1095/4000
Residual calibration 1096/4000
Residual calibration 1097/4000
Residual calibration 1098/4000
Residual calibration 1099/4000
Residual calibration 1100/4000
Residual calibration 1101/4000
Residual calibration 1102/4000
Residual calibration 1103/4000
Residual calibration 1104/4000
Residual calibration 1105/4000
Residual calibration 1106/4000
Residual calibration 1107/4000
Residual calibration 1108/4000
Residual calibration 1109/4000
Residual calibration 1110/4000
Residual calibration 1111/4000
Residual calibration 1112/4000
Residual calibration 1113/4000
Residual calibration 1114/4000
Residual calibration 1115/4000
Residual calibration 1116/4000
Residual calibration 1117/4000
Residual calibration 1118/4000
Residual calibration 1119/4000
Residual calibration 1120/4000
Residual calibration 1121/4000
Residual calibration 1122/4000
Residual calibration 1123/4000
Residual calibration 1124/4000
Residual calibration 1125/4000
Residual calibration 1126/4000
Residual calibration 1127/4000
Residual calibration 1128/4000
Residual calibration 1129/4000
Residual calibration 1130/4000
Residual calibration 1131/4000
Residual calibration 1132/4000
Residual calibration 1133/4000
Residual calibration 1134/4000
Residual calibration 1135/4000
Residual calibration 1136/4000
Residual calibration 1137/4000
Residual calibration 1138/4000
Residual calibration 1139/4000
Residual calibration 1140/4000
Residual calibration 1141/4000
Residual calibration 1142/4000
Residual calibration 1143/4000
Residual calibration 1144/4000
Residual calibration 1145/4000
Residual calibration 1146/4000
Residual calibration 1147/4000
Residual calibration 1148/4000
Residual calibration 1149/4000
Residual calibration 1150/4000
Residual calibration 1151/4000
Residual calibration 1152/4000
Residual calibration 1153/4000
Residual calibration 1154/4000
Residual calibration 1155/4000
Residual calibration 1156/4000
Residual calibration 1157/4000
Residual calibration 1158/4000
Residual calibration 1159/4000
Residual calibration 1160/4000
Residual calibration 1161/4000
Residual calibration 1162/4000
Residual calibration 1163/4000
Residual calibration 1164/4000
Residual calibration 1165/4000
Residual calibration 1166/4000
Residual calibration 1167/4000
Residual calibration 1168/4000
Residual calibration 1169/4000
Residual calibration 1170/4000
Residual calibration 1171/4000
Residual calibration 1172/4000
Residual calibration 1173/4000
Residual calibration 1174/4000
Residual calibration 1175/4000
Residual calibration 1176/4000
Residual calibration 1177/4000
Residual calibration 1178/4000
Residual calibration 1179/4000
Residual calibration 1180/4000
Residual calibration 1181/4000
Residual calibration 1182/4000
Residual calibration 1183/4000
Residual calibration 1184/4000
Residual calibration 1185/4000
Residual calibration 1186/4000
Residual calibration 1187/4000
Residual calibration 1188/4000
Residual calibration 1189/4000
Residual calibration 1190/4000
Residual calibration 1191/4000
Residual calibration 1192/4000
Residual calibration 1193/4000
Residual calibration 1194/4000
Residual calibration 1195/4000
Residual calibration 1196/4000
Residual calibration 1197/4000
Residual calibration 1198/4000
Residual calibration 1199/4000
Residual calibration 1200/4000
Residual calibration 1201/4000
Residual calibration 1202/4000
Residual calibration 1203/4000
Residual calibration 1204/4000
Residual calibration 1205/4000
Residual calibration 1206/4000
Residual calibration 1207/4000
Residual calibration 1208/4000
Residual calibration 1209/4000
Residual calibration 1210/4000
Residual calibration 1211/4000
Residual calibration 1212/4000
Residual calibration 1213/4000
Residual calibration 1214/4000
Residual calibration 1215/4000
Residual calibration 1216/4000
Residual calibration 1217/4000
Residual calibration 1218/4000
Residual calibration 1219/4000
Residual calibration 1220/4000
Residual calibration 1221/4000
Residual calibration 1222/4000
Residual calibration 1223/4000
Residual calibration 1224/4000
Residual calibration 1225/4000
Residual calibration 1226/4000
Residual calibration 1227/4000
Residual calibration 1228/4000
Residual calibration 1229/4000
Residual calibration 1230/4000
Residual calibration 1231/4000
Residual calibration 1232/4000
Residual calibration 1233/4000
Residual calibration 1234/4000
Residual calibration 1235/4000
Residual calibration 1236/4000
Residual calibration 1237/4000
Residual calibration 1238/4000
Residual calibration 1239/4000
Residual calibration 1240/4000
Residual calibration 1241/4000
Residual calibration 1242/4000
Residual calibration 1243/4000
Residual calibration 1244/4000
Residual calibration 1245/4000
Residual calibration 1246/4000
Residual calibration 1247/4000
Residual calibration 1248/4000
Residual calibration 1249/4000
Residual calibration 1250/4000
Residual calibration 1251/4000
Residual calibration 1252/4000
Residual calibration 1253/4000
Residual calibration 1254/4000
Residual calibration 1255/4000
Residual calibration 1256/4000
Residual calibration 1257/4000
Residual calibration 1258/4000
Residual calibration 1259/4000
Residual calibration 1260/4000
Residual calibration 1261/4000
Residual calibration 1262/4000
Residual calibration 1263/4000
Residual calibration 1264/4000
Residual calibration 1265/4000
Residual calibration 1266/4000
Residual calibration 1267/4000
Residual calibration 1268/4000
Residual calibration 1269/4000
Residual calibration 1270/4000
Residual calibration 1271/4000
Residual calibration 1272/4000
Residual calibration 1273/4000
Residual calibration 1274/4000
Residual calibration 1275/4000
Residual calibration 1276/4000
Residual calibration 1277/4000
Residual calibration 1278/4000
Residual calibration 1279/4000
Residual calibration 1280/4000
Residual calibration 1281/4000
Residual calibration 1282/4000
Residual calibration 1283/4000
Residual calibration 1284/4000
Residual calibration 1285/4000
Residual calibration 1286/4000
Residual calibration 1287/4000
Residual calibration 1288/4000
Residual calibration 1289/4000
Residual calibration 1290/4000
Residual calibration 1291/4000
Residual calibration 1292/4000
Residual calibration 1293/4000
Residual calibration 1294/4000
Residual calibration 1295/4000
Residual calibration 1296/4000
Residual calibration 1297/4000
Residual calibration 1298/4000
Residual calibration 1299/4000
Residual calibration 1300/4000
Residual calibration 1301/4000
Residual calibration 1302/4000
Residual calibration 1303/4000
Residual calibration 1304/4000
Residual calibration 1305/4000
Residual calibration 1306/4000
Residual calibration 1307/4000
Residual calibration 1308/4000
Residual calibration 1309/4000
Residual calibration 1310/4000
Residual calibration 1311/4000
Residual calibration 1312/4000
Residual calibration 1313/4000
Residual calibration 1314/4000
Residual calibration 1315/4000
Residual calibration 1316/4000
Residual calibration 1317/4000
Residual calibration 1318/4000
Residual calibration 1319/4000
Residual calibration 1320/4000
Residual calibration 1321/4000
Residual calibration 1322/4000
Residual calibration 1323/4000
Residual calibration 1324/4000
Residual calibration 1325/4000
Residual calibration 1326/4000
Residual calibration 1327/4000
Residual calibration 1328/4000
Residual calibration 1329/4000
Residual calibration 1330/4000
Residual calibration 1331/4000
Residual calibration 1332/4000
Residual calibration 1333/4000
Residual calibration 1334/4000
Residual calibration 1335/4000
Residual calibration 1336/4000
Residual calibration 1337/4000
Residual calibration 1338/4000
Residual calibration 1339/4000
Residual calibration 1340/4000
Residual calibration 1341/4000
Residual calibration 1342/4000
Residual calibration 1343/4000
Residual calibration 1344/4000
Residual calibration 1345/4000
Residual calibration 1346/4000
Residual calibration 1347/4000
Residual calibration 1348/4000
Residual calibration 1349/4000
Residual calibration 1350/4000
Residual calibration 1351/4000
Residual calibration 1352/4000
Residual calibration 1353/4000
Residual calibration 1354/4000
Residual calibration 1355/4000
Residual calibration 1356/4000
Residual calibration 1357/4000
Residual calibration 1358/4000
Residual calibration 1359/4000
Residual calibration 1360/4000
Residual calibration 1361/4000
Residual calibration 1362/4000
Residual calibration 1363/4000
Residual calibration 1364/4000
Residual calibration 1365/4000
Residual calibration 1366/4000
Residual calibration 1367/4000
Residual calibration 1368/4000
Residual calibration 1369/4000
Residual calibration 1370/4000
Residual calibration 1371/4000
Residual calibration 1372/4000
Residual calibration 1373/4000
Residual calibration 1374/4000
Residual calibration 1375/4000
Residual calibration 1376/4000
Residual calibration 1377/4000
Residual calibration 1378/4000
Residual calibration 1379/4000
Residual calibration 1380/4000
Residual calibration 1381/4000
Residual calibration 1382/4000
Residual calibration 1383/4000
Residual calibration 1384/4000
Residual calibration 1385/4000
Residual calibration 1386/4000
Residual calibration 1387/4000
Residual calibration 1388/4000
Residual calibration 1389/4000
Residual calibration 1390/4000
Residual calibration 1391/4000
Residual calibration 1392/4000
Residual calibration 1393/4000
Residual calibration 1394/4000
Residual calibration 1395/4000
Residual calibration 1396/4000
Residual calibration 1397/4000
Residual calibration 1398/4000
Residual calibration 1399/4000
Residual calibration 1400/4000
Residual calibration 1401/4000
Residual calibration 1402/4000
Residual calibration 1403/4000
Residual calibration 1404/4000
Residual calibration 1405/4000
Residual calibration 1406/4000
Residual calibration 1407/4000
Residual calibration 1408/4000
Residual calibration 1409/4000
Residual calibration 1410/4000
Residual calibration 1411/4000
Residual calibration 1412/4000
Residual calibration 1413/4000
Residual calibration 1414/4000
Residual calibration 1415/4000
Residual calibration 1416/4000
Residual calibration 1417/4000
Residual calibration 1418/4000
Residual calibration 1419/4000
Residual calibration 1420/4000
Residual calibration 1421/4000
Residual calibration 1422/4000
Residual calibration 1423/4000
Residual calibration 1424/4000
Residual calibration 1425/4000
Residual calibration 1426/4000
Residual calibration 1427/4000
Residual calibration 1428/4000
Residual calibration 1429/4000
Residual calibration 1430/4000
Residual calibration 1431/4000
Residual calibration 1432/4000
Residual calibration 1433/4000
Residual calibration 1434/4000
Residual calibration 1435/4000
Residual calibration 1436/4000
Residual calibration 1437/4000
Residual calibration 1438/4000
Residual calibration 1439/4000
Residual calibration 1440/4000
Residual calibration 1441/4000
Residual calibration 1442/4000
Residual calibration 1443/4000
Residual calibration 1444/4000
Residual calibration 1445/4000
Residual calibration 1446/4000
Residual calibration 1447/4000
Residual calibration 1448/4000
Residual calibration 1449/4000
Residual calibration 1450/4000
Residual calibration 1451/4000
Residual calibration 1452/4000
Residual calibration 1453/4000
Residual calibration 1454/4000
Residual calibration 1455/4000
Residual calibration 1456/4000
Residual calibration 1457/4000
Residual calibration 1458/4000
Residual calibration 1459/4000
Residual calibration 1460/4000
Residual calibration 1461/4000
Residual calibration 1462/4000
Residual calibration 1463/4000
Residual calibration 1464/4000
Residual calibration 1465/4000
Residual calibration 1466/4000
Residual calibration 1467/4000
Residual calibration 1468/4000
Residual calibration 1469/4000
Residual calibration 1470/4000
Residual calibration 1471/4000
Residual calibration 1472/4000
Residual calibration 1473/4000
Residual calibration 1474/4000
Residual calibration 1475/4000
Residual calibration 1476/4000
Residual calibration 1477/4000
Residual calibration 1478/4000
Residual calibration 1479/4000
Residual calibration 1480/4000
Residual calibration 1481/4000
Residual calibration 1482/4000
Residual calibration 1483/4000
Residual calibration 1484/4000
Residual calibration 1485/4000
Residual calibration 1486/4000
Residual calibration 1487/4000
Residual calibration 1488/4000
Residual calibration 1489/4000
Residual calibration 1490/4000
Residual calibration 1491/4000
Residual calibration 1492/4000
Residual calibration 1493/4000
Residual calibration 1494/4000
Residual calibration 1495/4000
Residual calibration 1496/4000
Residual calibration 1497/4000
Residual calibration 1498/4000
Residual calibration 1499/4000
Residual calibration 1500/4000
Residual calibration 1501/4000
Residual calibration 1502/4000
Residual calibration 1503/4000
Residual calibration 1504/4000
Residual calibration 1505/4000
Residual calibration 1506/4000
Residual calibration 1507/4000
Residual calibration 1508/4000
Residual calibration 1509/4000
Residual calibration 1510/4000
Residual calibration 1511/4000
Residual calibration 1512/4000
Residual calibration 1513/4000
Residual calibration 1514/4000
Residual calibration 1515/4000
Residual calibration 1516/4000
Residual calibration 1517/4000
Residual calibration 1518/4000
Residual calibration 1519/4000
Residual calibration 1520/4000
Residual calibration 1521/4000
Residual calibration 1522/4000
Residual calibration 1523/4000
Residual calibration 1524/4000
Residual calibration 1525/4000
Residual calibration 1526/4000
Residual calibration 1527/4000
Residual calibration 1528/4000
Residual calibration 1529/4000
Residual calibration 1530/4000
Residual calibration 1531/4000
Residual calibration 1532/4000
Residual calibration 1533/4000
Residual calibration 1534/4000
Residual calibration 1535/4000
Residual calibration 1536/4000
Residual calibration 1537/4000
Residual calibration 1538/4000
Residual calibration 1539/4000
Residual calibration 1540/4000
Residual calibration 1541/4000
Residual calibration 1542/4000
Residual calibration 1543/4000
Residual calibration 1544/4000
Residual calibration 1545/4000
Residual calibration 1546/4000
Residual calibration 1547/4000
Residual calibration 1548/4000
Residual calibration 1549/4000
Residual calibration 1550/4000
Residual calibration 1551/4000
Residual calibration 1552/4000
Residual calibration 1553/4000
Residual calibration 1554/4000
Residual calibration 1555/4000
Residual calibration 1556/4000
Residual calibration 1557/4000
Residual calibration 1558/4000
Residual calibration 1559/4000
Residual calibration 1560/4000
Residual calibration 1561/4000
Residual calibration 1562/4000
Residual calibration 1563/4000
Residual calibration 1564/4000
Residual calibration 1565/4000
Residual calibration 1566/4000
Residual calibration 1567/4000
Residual calibration 1568/4000
Residual calibration 1569/4000
Residual calibration 1570/4000
Residual calibration 1571/4000
Residual calibration 1572/4000
Residual calibration 1573/4000
Residual calibration 1574/4000
Residual calibration 1575/4000
Residual calibration 1576/4000
Residual calibration 1577/4000
Residual calibration 1578/4000
Residual calibration 1579/4000
Residual calibration 1580/4000
Residual calibration 1581/4000
Residual calibration 1582/4000
Residual calibration 1583/4000
Residual calibration 1584/4000
Residual calibration 1585/4000
Residual calibration 1586/4000
Residual calibration 1587/4000
Residual calibration 1588/4000
Residual calibration 1589/4000
Residual calibration 1590/4000
Residual calibration 1591/4000
Residual calibration 1592/4000
Residual calibration 1593/4000
Residual calibration 1594/4000
Residual calibration 1595/4000
Residual calibration 1596/4000
Residual calibration 1597/4000
Residual calibration 1598/4000
Residual calibration 1599/4000
Residual calibration 1600/4000
Residual calibration 1601/4000
Residual calibration 1602/4000
Residual calibration 1603/4000
Residual calibration 1604/4000
Residual calibration 1605/4000
Residual calibration 1606/4000
Residual calibration 1607/4000
Residual calibration 1608/4000
Residual calibration 1609/4000
Residual calibration 1610/4000
Residual calibration 1611/4000
Residual calibration 1612/4000
Residual calibration 1613/4000
Residual calibration 1614/4000
Residual calibration 1615/4000
Residual calibration 1616/4000
Residual calibration 1617/4000
Residual calibration 1618/4000
Residual calibration 1619/4000
Residual calibration 1620/4000
Residual calibration 1621/4000
Residual calibration 1622/4000
Residual calibration 1623/4000
Residual calibration 1624/4000
Residual calibration 1625/4000
Residual calibration 1626/4000
Residual calibration 1627/4000
Residual calibration 1628/4000
Residual calibration 1629/4000
Residual calibration 1630/4000
Residual calibration 1631/4000
Residual calibration 1632/4000
Residual calibration 1633/4000
Residual calibration 1634/4000
Residual calibration 1635/4000
Residual calibration 1636/4000
Residual calibration 1637/4000
Residual calibration 1638/4000
Residual calibration 1639/4000
Residual calibration 1640/4000
Residual calibration 1641/4000
Residual calibration 1642/4000
Residual calibration 1643/4000
Residual calibration 1644/4000
Residual calibration 1645/4000
Residual calibration 1646/4000
Residual calibration 1647/4000
Residual calibration 1648/4000
Residual calibration 1649/4000
Residual calibration 1650/4000
Residual calibration 1651/4000
Residual calibration 1652/4000
Residual calibration 1653/4000
Residual calibration 1654/4000
Residual calibration 1655/4000
Residual calibration 1656/4000
Residual calibration 1657/4000
Residual calibration 1658/4000
Residual calibration 1659/4000
Residual calibration 1660/4000
Residual calibration 1661/4000
Residual calibration 1662/4000
Residual calibration 1663/4000
Residual calibration 1664/4000
Residual calibration 1665/4000
Residual calibration 1666/4000
Residual calibration 1667/4000
Residual calibration 1668/4000
Residual calibration 1669/4000
Residual calibration 1670/4000
Residual calibration 1671/4000
Residual calibration 1672/4000
Residual calibration 1673/4000
Residual calibration 1674/4000
Residual calibration 1675/4000
Residual calibration 1676/4000
Residual calibration 1677/4000
Residual calibration 1678/4000
Residual calibration 1679/4000
Residual calibration 1680/4000
Residual calibration 1681/4000
Residual calibration 1682/4000
Residual calibration 1683/4000
Residual calibration 1684/4000
Residual calibration 1685/4000
Residual calibration 1686/4000
Residual calibration 1687/4000
Residual calibration 1688/4000
Residual calibration 1689/4000
Residual calibration 1690/4000
Residual calibration 1691/4000
Residual calibration 1692/4000
Residual calibration 1693/4000
Residual calibration 1694/4000
Residual calibration 1695/4000
Residual calibration 1696/4000
Residual calibration 1697/4000
Residual calibration 1698/4000
Residual calibration 1699/4000
Residual calibration 1700/4000
Residual calibration 1701/4000
Residual calibration 1702/4000
Residual calibration 1703/4000
Residual calibration 1704/4000
Residual calibration 1705/4000
Residual calibration 1706/4000
Residual calibration 1707/4000
Residual calibration 1708/4000
Residual calibration 1709/4000
Residual calibration 1710/4000
Residual calibration 1711/4000
Residual calibration 1712/4000
Residual calibration 1713/4000
Residual calibration 1714/4000
Residual calibration 1715/4000
Residual calibration 1716/4000
Residual calibration 1717/4000
Residual calibration 1718/4000
Residual calibration 1719/4000
Residual calibration 1720/4000
Residual calibration 1721/4000
Residual calibration 1722/4000
Residual calibration 1723/4000
Residual calibration 1724/4000
Residual calibration 1725/4000
Residual calibration 1726/4000
Residual calibration 1727/4000
Residual calibration 1728/4000
Residual calibration 1729/4000
Residual calibration 1730/4000
Residual calibration 1731/4000
Residual calibration 1732/4000
Residual calibration 1733/4000
Residual calibration 1734/4000
Residual calibration 1735/4000
Residual calibration 1736/4000
Residual calibration 1737/4000
Residual calibration 1738/4000
Residual calibration 1739/4000
Residual calibration 1740/4000
Residual calibration 1741/4000
Residual calibration 1742/4000
Residual calibration 1743/4000
Residual calibration 1744/4000
Residual calibration 1745/4000
Residual calibration 1746/4000
Residual calibration 1747/4000
Residual calibration 1748/4000
Residual calibration 1749/4000
Residual calibration 1750/4000
Residual calibration 1751/4000
Residual calibration 1752/4000
Residual calibration 1753/4000
Residual calibration 1754/4000
Residual calibration 1755/4000
Residual calibration 1756/4000
Residual calibration 1757/4000
Residual calibration 1758/4000
Residual calibration 1759/4000
Residual calibration 1760/4000
Residual calibration 1761/4000
Residual calibration 1762/4000
Residual calibration 1763/4000
Residual calibration 1764/4000
Residual calibration 1765/4000
Residual calibration 1766/4000
Residual calibration 1767/4000
Residual calibration 1768/4000
Residual calibration 1769/4000
Residual calibration 1770/4000
Residual calibration 1771/4000
Residual calibration 1772/4000
Residual calibration 1773/4000
Residual calibration 1774/4000
Residual calibration 1775/4000
Residual calibration 1776/4000
Residual calibration 1777/4000
Residual calibration 1778/4000
Residual calibration 1779/4000
Residual calibration 1780/4000
Residual calibration 1781/4000
Residual calibration 1782/4000
Residual calibration 1783/4000
Residual calibration 1784/4000
Residual calibration 1785/4000
Residual calibration 1786/4000
Residual calibration 1787/4000
Residual calibration 1788/4000
Residual calibration 1789/4000
Residual calibration 1790/4000
Residual calibration 1791/4000
Residual calibration 1792/4000
Residual calibration 1793/4000
Residual calibration 1794/4000
Residual calibration 1795/4000
Residual calibration 1796/4000
Residual calibration 1797/4000
Residual calibration 1798/4000
Residual calibration 1799/4000
Residual calibration 1800/4000
Residual calibration 1801/4000
Residual calibration 1802/4000
Residual calibration 1803/4000
Residual calibration 1804/4000
Residual calibration 1805/4000
Residual calibration 1806/4000
Residual calibration 1807/4000
Residual calibration 1808/4000
Residual calibration 1809/4000
Residual calibration 1810/4000
Residual calibration 1811/4000
Residual calibration 1812/4000
Residual calibration 1813/4000
Residual calibration 1814/4000
Residual calibration 1815/4000
Residual calibration 1816/4000
Residual calibration 1817/4000
Residual calibration 1818/4000
Residual calibration 1819/4000
Residual calibration 1820/4000
Residual calibration 1821/4000
Residual calibration 1822/4000
Residual calibration 1823/4000
Residual calibration 1824/4000
Residual calibration 1825/4000
Residual calibration 1826/4000
Residual calibration 1827/4000
Residual calibration 1828/4000
Residual calibration 1829/4000
Residual calibration 1830/4000
Residual calibration 1831/4000
Residual calibration 1832/4000
Residual calibration 1833/4000
Residual calibration 1834/4000
Residual calibration 1835/4000
Residual calibration 1836/4000
Residual calibration 1837/4000
Residual calibration 1838/4000
Residual calibration 1839/4000
Residual calibration 1840/4000
Residual calibration 1841/4000
Residual calibration 1842/4000
Residual calibration 1843/4000
Residual calibration 1844/4000
Residual calibration 1845/4000
Residual calibration 1846/4000
Residual calibration 1847/4000
Residual calibration 1848/4000
Residual calibration 1849/4000
Residual calibration 1850/4000
Residual calibration 1851/4000
Residual calibration 1852/4000
Residual calibration 1853/4000
Residual calibration 1854/4000
Residual calibration 1855/4000
Residual calibration 1856/4000
Residual calibration 1857/4000
Residual calibration 1858/4000
Residual calibration 1859/4000
Residual calibration 1860/4000
Residual calibration 1861/4000
Residual calibration 1862/4000
Residual calibration 1863/4000
Residual calibration 1864/4000
Residual calibration 1865/4000
Residual calibration 1866/4000
Residual calibration 1867/4000
Residual calibration 1868/4000
Residual calibration 1869/4000
Residual calibration 1870/4000
Residual calibration 1871/4000
Residual calibration 1872/4000
Residual calibration 1873/4000
Residual calibration 1874/4000
Residual calibration 1875/4000
Residual calibration 1876/4000
Residual calibration 1877/4000
Residual calibration 1878/4000
Residual calibration 1879/4000
Residual calibration 1880/4000
Residual calibration 1881/4000
Residual calibration 1882/4000
Residual calibration 1883/4000
Residual calibration 1884/4000
Residual calibration 1885/4000
Residual calibration 1886/4000
Residual calibration 1887/4000
Residual calibration 1888/4000
Residual calibration 1889/4000
Residual calibration 1890/4000
Residual calibration 1891/4000
Residual calibration 1892/4000
Residual calibration 1893/4000
Residual calibration 1894/4000
Residual calibration 1895/4000
Residual calibration 1896/4000
Residual calibration 1897/4000
Residual calibration 1898/4000
Residual calibration 1899/4000
Residual calibration 1900/4000
Residual calibration 1901/4000
Residual calibration 1902/4000
Residual calibration 1903/4000
Residual calibration 1904/4000
Residual calibration 1905/4000
Residual calibration 1906/4000
Residual calibration 1907/4000
Residual calibration 1908/4000
Residual calibration 1909/4000
Residual calibration 1910/4000
Residual calibration 1911/4000
Residual calibration 1912/4000
Residual calibration 1913/4000
Residual calibration 1914/4000
Residual calibration 1915/4000
Residual calibration 1916/4000
Residual calibration 1917/4000
Residual calibration 1918/4000
Residual calibration 1919/4000
Residual calibration 1920/4000
Residual calibration 1921/4000
Residual calibration 1922/4000
Residual calibration 1923/4000
Residual calibration 1924/4000
Residual calibration 1925/4000
Residual calibration 1926/4000
Residual calibration 1927/4000
Residual calibration 1928/4000
Residual calibration 1929/4000
Residual calibration 1930/4000
Residual calibration 1931/4000
Residual calibration 1932/4000
Residual calibration 1933/4000
Residual calibration 1934/4000
Residual calibration 1935/4000
Residual calibration 1936/4000
Residual calibration 1937/4000
Residual calibration 1938/4000
Residual calibration 1939/4000
Residual calibration 1940/4000
Residual calibration 1941/4000
Residual calibration 1942/4000
Residual calibration 1943/4000
Residual calibration 1944/4000
Residual calibration 1945/4000
Residual calibration 1946/4000
Residual calibration 1947/4000
Residual calibration 1948/4000
Residual calibration 1949/4000
Residual calibration 1950/4000
Residual calibration 1951/4000
Residual calibration 1952/4000
Residual calibration 1953/4000
Residual calibration 1954/4000
Residual calibration 1955/4000
Residual calibration 1956/4000
Residual calibration 1957/4000
Residual calibration 1958/4000
Residual calibration 1959/4000
Residual calibration 1960/4000
Residual calibration 1961/4000
Residual calibration 1962/4000
Residual calibration 1963/4000
Residual calibration 1964/4000
Residual calibration 1965/4000
Residual calibration 1966/4000
Residual calibration 1967/4000
Residual calibration 1968/4000
Residual calibration 1969/4000
Residual calibration 1970/4000
Residual calibration 1971/4000
Residual calibration 1972/4000
Residual calibration 1973/4000
Residual calibration 1974/4000
Residual calibration 1975/4000
Residual calibration 1976/4000
Residual calibration 1977/4000
Residual calibration 1978/4000
Residual calibration 1979/4000
Residual calibration 1980/4000
Residual calibration 1981/4000
Residual calibration 1982/4000
Residual calibration 1983/4000
Residual calibration 1984/4000
Residual calibration 1985/4000
Residual calibration 1986/4000
Residual calibration 1987/4000
Residual calibration 1988/4000
Residual calibration 1989/4000
Residual calibration 1990/4000
Residual calibration 1991/4000
Residual calibration 1992/4000
Residual calibration 1993/4000
Residual calibration 1994/4000
Residual calibration 1995/4000
Residual calibration 1996/4000
Residual calibration 1997/4000
Residual calibration 1998/4000
Residual calibration 1999/4000
Residual calibration 2000/4000
Residual calibration 2001/4000
Residual calibration 2002/4000
Residual calibration 2003/4000
Residual calibration 2004/4000
Residual calibration 2005/4000
Residual calibration 2006/4000
Residual calibration 2007/4000
Residual calibration 2008/4000
Residual calibration 2009/4000
Residual calibration 2010/4000
Residual calibration 2011/4000
Residual calibration 2012/4000
Residual calibration 2013/4000
Residual calibration 2014/4000
Residual calibration 2015/4000
Residual calibration 2016/4000
Residual calibration 2017/4000
Residual calibration 2018/4000
Residual calibration 2019/4000
Residual calibration 2020/4000
Residual calibration 2021/4000
Residual calibration 2022/4000
Residual calibration 2023/4000
Residual calibration 2024/4000
Residual calibration 2025/4000
Residual calibration 2026/4000
Residual calibration 2027/4000
Residual calibration 2028/4000
Residual calibration 2029/4000
Residual calibration 2030/4000
Residual calibration 2031/4000
Residual calibration 2032/4000
Residual calibration 2033/4000
Residual calibration 2034/4000
Residual calibration 2035/4000
Residual calibration 2036/4000
Residual calibration 2037/4000
Residual calibration 2038/4000
Residual calibration 2039/4000
Residual calibration 2040/4000
Residual calibration 2041/4000
Residual calibration 2042/4000
Residual calibration 2043/4000
Residual calibration 2044/4000
Residual calibration 2045/4000
Residual calibration 2046/4000
Residual calibration 2047/4000
Residual calibration 2048/4000
Residual calibration 2049/4000
Residual calibration 2050/4000
Residual calibration 2051/4000
Residual calibration 2052/4000
Residual calibration 2053/4000
Residual calibration 2054/4000
Residual calibration 2055/4000
Residual calibration 2056/4000
Residual calibration 2057/4000
Residual calibration 2058/4000
Residual calibration 2059/4000
Residual calibration 2060/4000
Residual calibration 2061/4000
Residual calibration 2062/4000
Residual calibration 2063/4000
Residual calibration 2064/4000
Residual calibration 2065/4000
Residual calibration 2066/4000
Residual calibration 2067/4000
Residual calibration 2068/4000
Residual calibration 2069/4000
Residual calibration 2070/4000
Residual calibration 2071/4000
Residual calibration 2072/4000
Residual calibration 2073/4000
Residual calibration 2074/4000
Residual calibration 2075/4000
Residual calibration 2076/4000
Residual calibration 2077/4000
Residual calibration 2078/4000
Residual calibration 2079/4000
Residual calibration 2080/4000
Residual calibration 2081/4000
Residual calibration 2082/4000
Residual calibration 2083/4000
Residual calibration 2084/4000
Residual calibration 2085/4000
Residual calibration 2086/4000
Residual calibration 2087/4000
Residual calibration 2088/4000
Residual calibration 2089/4000
Residual calibration 2090/4000
Residual calibration 2091/4000
Residual calibration 2092/4000
Residual calibration 2093/4000
Residual calibration 2094/4000
Residual calibration 2095/4000
Residual calibration 2096/4000
Residual calibration 2097/4000
Residual calibration 2098/4000
Residual calibration 2099/4000
Residual calibration 2100/4000
Residual calibration 2101/4000
Residual calibration 2102/4000
Residual calibration 2103/4000
Residual calibration 2104/4000
Residual calibration 2105/4000
Residual calibration 2106/4000
Residual calibration 2107/4000
Residual calibration 2108/4000
Residual calibration 2109/4000
Residual calibration 2110/4000
Residual calibration 2111/4000
Residual calibration 2112/4000
Residual calibration 2113/4000
Residual calibration 2114/4000
Residual calibration 2115/4000
Residual calibration 2116/4000
Residual calibration 2117/4000
Residual calibration 2118/4000
Residual calibration 2119/4000
Residual calibration 2120/4000
Residual calibration 2121/4000
Residual calibration 2122/4000
Residual calibration 2123/4000
Residual calibration 2124/4000
Residual calibration 2125/4000
Residual calibration 2126/4000
Residual calibration 2127/4000
Residual calibration 2128/4000
Residual calibration 2129/4000
Residual calibration 2130/4000
Residual calibration 2131/4000
Residual calibration 2132/4000
Residual calibration 2133/4000
Residual calibration 2134/4000
Residual calibration 2135/4000
Residual calibration 2136/4000
Residual calibration 2137/4000
Residual calibration 2138/4000
Residual calibration 2139/4000
Residual calibration 2140/4000
Residual calibration 2141/4000
Residual calibration 2142/4000
Residual calibration 2143/4000
Residual calibration 2144/4000
Residual calibration 2145/4000
Residual calibration 2146/4000
Residual calibration 2147/4000
Residual calibration 2148/4000
Residual calibration 2149/4000
Residual calibration 2150/4000
Residual calibration 2151/4000
Residual calibration 2152/4000
Residual calibration 2153/4000
Residual calibration 2154/4000
Residual calibration 2155/4000
Residual calibration 2156/4000
Residual calibration 2157/4000
Residual calibration 2158/4000
Residual calibration 2159/4000
Residual calibration 2160/4000
Residual calibration 2161/4000
Residual calibration 2162/4000
Residual calibration 2163/4000
Residual calibration 2164/4000
Residual calibration 2165/4000
Residual calibration 2166/4000
Residual calibration 2167/4000
Residual calibration 2168/4000
Residual calibration 2169/4000
Residual calibration 2170/4000
Residual calibration 2171/4000
Residual calibration 2172/4000
Residual calibration 2173/4000
Residual calibration 2174/4000
Residual calibration 2175/4000
Residual calibration 2176/4000
Residual calibration 2177/4000
Residual calibration 2178/4000
Residual calibration 2179/4000
Residual calibration 2180/4000
Residual calibration 2181/4000
Residual calibration 2182/4000
Residual calibration 2183/4000
Residual calibration 2184/4000
Residual calibration 2185/4000
Residual calibration 2186/4000
Residual calibration 2187/4000
Residual calibration 2188/4000
Residual calibration 2189/4000
Residual calibration 2190/4000
Residual calibration 2191/4000
Residual calibration 2192/4000
Residual calibration 2193/4000
Residual calibration 2194/4000
Residual calibration 2195/4000
Residual calibration 2196/4000
Residual calibration 2197/4000
Residual calibration 2198/4000
Residual calibration 2199/4000
Residual calibration 2200/4000
Residual calibration 2201/4000
Residual calibration 2202/4000
Residual calibration 2203/4000
Residual calibration 2204/4000
Residual calibration 2205/4000
Residual calibration 2206/4000
Residual calibration 2207/4000
Residual calibration 2208/4000
Residual calibration 2209/4000
Residual calibration 2210/4000
Residual calibration 2211/4000
Residual calibration 2212/4000
Residual calibration 2213/4000
Residual calibration 2214/4000
Residual calibration 2215/4000
Residual calibration 2216/4000
Residual calibration 2217/4000
Residual calibration 2218/4000
Residual calibration 2219/4000
Residual calibration 2220/4000
Residual calibration 2221/4000
Residual calibration 2222/4000
Residual calibration 2223/4000
Residual calibration 2224/4000
Residual calibration 2225/4000
Residual calibration 2226/4000
Residual calibration 2227/4000
Residual calibration 2228/4000
Residual calibration 2229/4000
Residual calibration 2230/4000
Residual calibration 2231/4000
Residual calibration 2232/4000
Residual calibration 2233/4000
Residual calibration 2234/4000
Residual calibration 2235/4000
Residual calibration 2236/4000
Residual calibration 2237/4000
Residual calibration 2238/4000
Residual calibration 2239/4000
Residual calibration 2240/4000
Residual calibration 2241/4000
Residual calibration 2242/4000
Residual calibration 2243/4000
Residual calibration 2244/4000
Residual calibration 2245/4000
Residual calibration 2246/4000
Residual calibration 2247/4000
Residual calibration 2248/4000
Residual calibration 2249/4000
Residual calibration 2250/4000
Residual calibration 2251/4000
Residual calibration 2252/4000
Residual calibration 2253/4000
Residual calibration 2254/4000
Residual calibration 2255/4000
Residual calibration 2256/4000
Residual calibration 2257/4000
Residual calibration 2258/4000
Residual calibration 2259/4000
Residual calibration 2260/4000
Residual calibration 2261/4000
Residual calibration 2262/4000
Residual calibration 2263/4000
Residual calibration 2264/4000
Residual calibration 2265/4000
Residual calibration 2266/4000
Residual calibration 2267/4000
Residual calibration 2268/4000
Residual calibration 2269/4000
Residual calibration 2270/4000
Residual calibration 2271/4000
Residual calibration 2272/4000
Residual calibration 2273/4000
Residual calibration 2274/4000
Residual calibration 2275/4000
Residual calibration 2276/4000
Residual calibration 2277/4000
Residual calibration 2278/4000
Residual calibration 2279/4000
Residual calibration 2280/4000
Residual calibration 2281/4000
Residual calibration 2282/4000
Residual calibration 2283/4000
Residual calibration 2284/4000
Residual calibration 2285/4000
Residual calibration 2286/4000
Residual calibration 2287/4000
Residual calibration 2288/4000
Residual calibration 2289/4000
Residual calibration 2290/4000
Residual calibration 2291/4000
Residual calibration 2292/4000
Residual calibration 2293/4000
Residual calibration 2294/4000
Residual calibration 2295/4000
Residual calibration 2296/4000
Residual calibration 2297/4000
Residual calibration 2298/4000
Residual calibration 2299/4000
Residual calibration 2300/4000
Residual calibration 2301/4000
Residual calibration 2302/4000
Residual calibration 2303/4000
Residual calibration 2304/4000
Residual calibration 2305/4000
Residual calibration 2306/4000
Residual calibration 2307/4000
Residual calibration 2308/4000
Residual calibration 2309/4000
Residual calibration 2310/4000
Residual calibration 2311/4000
Residual calibration 2312/4000
Residual calibration 2313/4000
Residual calibration 2314/4000
Residual calibration 2315/4000
Residual calibration 2316/4000
Residual calibration 2317/4000
Residual calibration 2318/4000
Residual calibration 2319/4000
Residual calibration 2320/4000
Residual calibration 2321/4000
Residual calibration 2322/4000
Residual calibration 2323/4000
Residual calibration 2324/4000
Residual calibration 2325/4000
Residual calibration 2326/4000
Residual calibration 2327/4000
Residual calibration 2328/4000
Residual calibration 2329/4000
Residual calibration 2330/4000
Residual calibration 2331/4000
Residual calibration 2332/4000
Residual calibration 2333/4000
Residual calibration 2334/4000
Residual calibration 2335/4000
Residual calibration 2336/4000
Residual calibration 2337/4000
Residual calibration 2338/4000
Residual calibration 2339/4000
Residual calibration 2340/4000
Residual calibration 2341/4000
Residual calibration 2342/4000
Residual calibration 2343/4000
Residual calibration 2344/4000
Residual calibration 2345/4000
Residual calibration 2346/4000
Residual calibration 2347/4000
Residual calibration 2348/4000
Residual calibration 2349/4000
Residual calibration 2350/4000
Residual calibration 2351/4000
Residual calibration 2352/4000
Residual calibration 2353/4000
Residual calibration 2354/4000
Residual calibration 2355/4000
Residual calibration 2356/4000
Residual calibration 2357/4000
Residual calibration 2358/4000
Residual calibration 2359/4000
Residual calibration 2360/4000
Residual calibration 2361/4000
Residual calibration 2362/4000
Residual calibration 2363/4000
Residual calibration 2364/4000
Residual calibration 2365/4000
Residual calibration 2366/4000
Residual calibration 2367/4000
Residual calibration 2368/4000
Residual calibration 2369/4000
Residual calibration 2370/4000
Residual calibration 2371/4000
Residual calibration 2372/4000
Residual calibration 2373/4000
Residual calibration 2374/4000
Residual calibration 2375/4000
Residual calibration 2376/4000
Residual calibration 2377/4000
Residual calibration 2378/4000
Residual calibration 2379/4000
Residual calibration 2380/4000
Residual calibration 2381/4000
Residual calibration 2382/4000
Residual calibration 2383/4000
Residual calibration 2384/4000
Residual calibration 2385/4000
Residual calibration 2386/4000
Residual calibration 2387/4000
Residual calibration 2388/4000
Residual calibration 2389/4000
Residual calibration 2390/4000
Residual calibration 2391/4000
Residual calibration 2392/4000
Residual calibration 2393/4000
Residual calibration 2394/4000
Residual calibration 2395/4000
Residual calibration 2396/4000
Residual calibration 2397/4000
Residual calibration 2398/4000
Residual calibration 2399/4000
Residual calibration 2400/4000
Residual calibration 2401/4000
Residual calibration 2402/4000
Residual calibration 2403/4000
Residual calibration 2404/4000
Residual calibration 2405/4000
Residual calibration 2406/4000
Residual calibration 2407/4000
Residual calibration 2408/4000
Residual calibration 2409/4000
Residual calibration 2410/4000
Residual calibration 2411/4000
Residual calibration 2412/4000
Residual calibration 2413/4000
Residual calibration 2414/4000
Residual calibration 2415/4000
Residual calibration 2416/4000
Residual calibration 2417/4000
Residual calibration 2418/4000
Residual calibration 2419/4000
Residual calibration 2420/4000
Residual calibration 2421/4000
Residual calibration 2422/4000
Residual calibration 2423/4000
Residual calibration 2424/4000
Residual calibration 2425/4000
Residual calibration 2426/4000
Residual calibration 2427/4000
Residual calibration 2428/4000
Residual calibration 2429/4000
Residual calibration 2430/4000
Residual calibration 2431/4000
Residual calibration 2432/4000
Residual calibration 2433/4000
Residual calibration 2434/4000
Residual calibration 2435/4000
Residual calibration 2436/4000
Residual calibration 2437/4000
Residual calibration 2438/4000
Residual calibration 2439/4000
Residual calibration 2440/4000
Residual calibration 2441/4000
Residual calibration 2442/4000
Residual calibration 2443/4000
Residual calibration 2444/4000
Residual calibration 2445/4000
Residual calibration 2446/4000
Residual calibration 2447/4000
Residual calibration 2448/4000
Residual calibration 2449/4000
Residual calibration 2450/4000
Residual calibration 2451/4000
Residual calibration 2452/4000
Residual calibration 2453/4000
Residual calibration 2454/4000
Residual calibration 2455/4000
Residual calibration 2456/4000
Residual calibration 2457/4000
Residual calibration 2458/4000
Residual calibration 2459/4000
Residual calibration 2460/4000
Residual calibration 2461/4000
Residual calibration 2462/4000
Residual calibration 2463/4000
Residual calibration 2464/4000
Residual calibration 2465/4000
Residual calibration 2466/4000
Residual calibration 2467/4000
Residual calibration 2468/4000
Residual calibration 2469/4000
Residual calibration 2470/4000
Residual calibration 2471/4000
Residual calibration 2472/4000
Residual calibration 2473/4000
Residual calibration 2474/4000
Residual calibration 2475/4000
Residual calibration 2476/4000
Residual calibration 2477/4000
Residual calibration 2478/4000
Residual calibration 2479/4000
Residual calibration 2480/4000
Residual calibration 2481/4000
Residual calibration 2482/4000
Residual calibration 2483/4000
Residual calibration 2484/4000
Residual calibration 2485/4000
Residual calibration 2486/4000
Residual calibration 2487/4000
Residual calibration 2488/4000
Residual calibration 2489/4000
Residual calibration 2490/4000
Residual calibration 2491/4000
Residual calibration 2492/4000
Residual calibration 2493/4000
Residual calibration 2494/4000
Residual calibration 2495/4000
Residual calibration 2496/4000
Residual calibration 2497/4000
Residual calibration 2498/4000
Residual calibration 2499/4000
Residual calibration 2500/4000
Residual calibration 2501/4000
Residual calibration 2502/4000
Residual calibration 2503/4000
Residual calibration 2504/4000
Residual calibration 2505/4000
Residual calibration 2506/4000
Residual calibration 2507/4000
Residual calibration 2508/4000
Residual calibration 2509/4000
Residual calibration 2510/4000
Residual calibration 2511/4000
Residual calibration 2512/4000
Residual calibration 2513/4000
Residual calibration 2514/4000
Residual calibration 2515/4000
Residual calibration 2516/4000
Residual calibration 2517/4000
Residual calibration 2518/4000
Residual calibration 2519/4000
Residual calibration 2520/4000
Residual calibration 2521/4000
Residual calibration 2522/4000
Residual calibration 2523/4000
Residual calibration 2524/4000
Residual calibration 2525/4000
Residual calibration 2526/4000
Residual calibration 2527/4000
Residual calibration 2528/4000
Residual calibration 2529/4000
Residual calibration 2530/4000
Residual calibration 2531/4000
Residual calibration 2532/4000
Residual calibration 2533/4000
Residual calibration 2534/4000
Residual calibration 2535/4000
Residual calibration 2536/4000
Residual calibration 2537/4000
Residual calibration 2538/4000
Residual calibration 2539/4000
Residual calibration 2540/4000
Residual calibration 2541/4000
Residual calibration 2542/4000
Residual calibration 2543/4000
Residual calibration 2544/4000
Residual calibration 2545/4000
Residual calibration 2546/4000
Residual calibration 2547/4000
Residual calibration 2548/4000
Residual calibration 2549/4000
Residual calibration 2550/4000
Residual calibration 2551/4000
Residual calibration 2552/4000
Residual calibration 2553/4000
Residual calibration 2554/4000
Residual calibration 2555/4000
Residual calibration 2556/4000
Residual calibration 2557/4000
Residual calibration 2558/4000
Residual calibration 2559/4000
Residual calibration 2560/4000
Residual calibration 2561/4000
Residual calibration 2562/4000
Residual calibration 2563/4000
Residual calibration 2564/4000
Residual calibration 2565/4000
Residual calibration 2566/4000
Residual calibration 2567/4000
Residual calibration 2568/4000
Residual calibration 2569/4000
Residual calibration 2570/4000
Residual calibration 2571/4000
Residual calibration 2572/4000
Residual calibration 2573/4000
Residual calibration 2574/4000
Residual calibration 2575/4000
Residual calibration 2576/4000
Residual calibration 2577/4000
Residual calibration 2578/4000
Residual calibration 2579/4000
Residual calibration 2580/4000
Residual calibration 2581/4000
Residual calibration 2582/4000
Residual calibration 2583/4000
Residual calibration 2584/4000
Residual calibration 2585/4000
Residual calibration 2586/4000
Residual calibration 2587/4000
Residual calibration 2588/4000
Residual calibration 2589/4000
Residual calibration 2590/4000
Residual calibration 2591/4000
Residual calibration 2592/4000
Residual calibration 2593/4000
Residual calibration 2594/4000
Residual calibration 2595/4000
Residual calibration 2596/4000
Residual calibration 2597/4000
Residual calibration 2598/4000
Residual calibration 2599/4000
Residual calibration 2600/4000
Residual calibration 2601/4000
Residual calibration 2602/4000
Residual calibration 2603/4000
Residual calibration 2604/4000
Residual calibration 2605/4000
Residual calibration 2606/4000
Residual calibration 2607/4000
Residual calibration 2608/4000
Residual calibration 2609/4000
Residual calibration 2610/4000
Residual calibration 2611/4000
Residual calibration 2612/4000
Residual calibration 2613/4000
Residual calibration 2614/4000
Residual calibration 2615/4000
Residual calibration 2616/4000
Residual calibration 2617/4000
Residual calibration 2618/4000
Residual calibration 2619/4000
Residual calibration 2620/4000
Residual calibration 2621/4000
Residual calibration 2622/4000
Residual calibration 2623/4000
Residual calibration 2624/4000
Residual calibration 2625/4000
Residual calibration 2626/4000
Residual calibration 2627/4000
Residual calibration 2628/4000
Residual calibration 2629/4000
Residual calibration 2630/4000
Residual calibration 2631/4000
Residual calibration 2632/4000
Residual calibration 2633/4000
Residual calibration 2634/4000
Residual calibration 2635/4000
Residual calibration 2636/4000
Residual calibration 2637/4000
Residual calibration 2638/4000
Residual calibration 2639/4000
Residual calibration 2640/4000
Residual calibration 2641/4000
Residual calibration 2642/4000
Residual calibration 2643/4000
Residual calibration 2644/4000
Residual calibration 2645/4000
Residual calibration 2646/4000
Residual calibration 2647/4000
Residual calibration 2648/4000
Residual calibration 2649/4000
Residual calibration 2650/4000
Residual calibration 2651/4000
Residual calibration 2652/4000
Residual calibration 2653/4000
Residual calibration 2654/4000
Residual calibration 2655/4000
Residual calibration 2656/4000
Residual calibration 2657/4000
Residual calibration 2658/4000
Residual calibration 2659/4000
Residual calibration 2660/4000
Residual calibration 2661/4000
Residual calibration 2662/4000
Residual calibration 2663/4000
Residual calibration 2664/4000
Residual calibration 2665/4000
Residual calibration 2666/4000
Residual calibration 2667/4000
Residual calibration 2668/4000
Residual calibration 2669/4000
Residual calibration 2670/4000
Residual calibration 2671/4000
Residual calibration 2672/4000
Residual calibration 2673/4000
Residual calibration 2674/4000
Residual calibration 2675/4000
Residual calibration 2676/4000
Residual calibration 2677/4000
Residual calibration 2678/4000
Residual calibration 2679/4000
Residual calibration 2680/4000
Residual calibration 2681/4000
Residual calibration 2682/4000
Residual calibration 2683/4000
Residual calibration 2684/4000
Residual calibration 2685/4000
Residual calibration 2686/4000
Residual calibration 2687/4000
Residual calibration 2688/4000
Residual calibration 2689/4000
Residual calibration 2690/4000
Residual calibration 2691/4000
Residual calibration 2692/4000
Residual calibration 2693/4000
Residual calibration 2694/4000
Residual calibration 2695/4000
Residual calibration 2696/4000
Residual calibration 2697/4000
Residual calibration 2698/4000
Residual calibration 2699/4000
Residual calibration 2700/4000
Residual calibration 2701/4000
Residual calibration 2702/4000
Residual calibration 2703/4000
Residual calibration 2704/4000
Residual calibration 2705/4000
Residual calibration 2706/4000
Residual calibration 2707/4000
Residual calibration 2708/4000
Residual calibration 2709/4000
Residual calibration 2710/4000
Residual calibration 2711/4000
Residual calibration 2712/4000
Residual calibration 2713/4000
Residual calibration 2714/4000
Residual calibration 2715/4000
Residual calibration 2716/4000
Residual calibration 2717/4000
Residual calibration 2718/4000
Residual calibration 2719/4000
Residual calibration 2720/4000
Residual calibration 2721/4000
Residual calibration 2722/4000
Residual calibration 2723/4000
Residual calibration 2724/4000
Residual calibration 2725/4000
Residual calibration 2726/4000
Residual calibration 2727/4000
Residual calibration 2728/4000
Residual calibration 2729/4000
Residual calibration 2730/4000
Residual calibration 2731/4000
Residual calibration 2732/4000
Residual calibration 2733/4000
Residual calibration 2734/4000
Residual calibration 2735/4000
Residual calibration 2736/4000
Residual calibration 2737/4000
Residual calibration 2738/4000
Residual calibration 2739/4000
Residual calibration 2740/4000
Residual calibration 2741/4000
Residual calibration 2742/4000
Residual calibration 2743/4000
Residual calibration 2744/4000
Residual calibration 2745/4000
Residual calibration 2746/4000
Residual calibration 2747/4000
Residual calibration 2748/4000
Residual calibration 2749/4000
Residual calibration 2750/4000
Residual calibration 2751/4000
Residual calibration 2752/4000
Residual calibration 2753/4000
Residual calibration 2754/4000
Residual calibration 2755/4000
Residual calibration 2756/4000
Residual calibration 2757/4000
Residual calibration 2758/4000
Residual calibration 2759/4000
Residual calibration 2760/4000
Residual calibration 2761/4000
Residual calibration 2762/4000
Residual calibration 2763/4000
Residual calibration 2764/4000
Residual calibration 2765/4000
Residual calibration 2766/4000
Residual calibration 2767/4000
Residual calibration 2768/4000
Residual calibration 2769/4000
Residual calibration 2770/4000
Residual calibration 2771/4000
Residual calibration 2772/4000
Residual calibration 2773/4000
Residual calibration 2774/4000
Residual calibration 2775/4000
Residual calibration 2776/4000
Residual calibration 2777/4000
Residual calibration 2778/4000
Residual calibration 2779/4000
Residual calibration 2780/4000
Residual calibration 2781/4000
Residual calibration 2782/4000
Residual calibration 2783/4000
Residual calibration 2784/4000
Residual calibration 2785/4000
Residual calibration 2786/4000
Residual calibration 2787/4000
Residual calibration 2788/4000
Residual calibration 2789/4000
Residual calibration 2790/4000
Residual calibration 2791/4000
Residual calibration 2792/4000
Residual calibration 2793/4000
Residual calibration 2794/4000
Residual calibration 2795/4000
Residual calibration 2796/4000
Residual calibration 2797/4000
Residual calibration 2798/4000
Residual calibration 2799/4000
Residual calibration 2800/4000
Residual calibration 2801/4000
Residual calibration 2802/4000
Residual calibration 2803/4000
Residual calibration 2804/4000
Residual calibration 2805/4000
Residual calibration 2806/4000
Residual calibration 2807/4000
Residual calibration 2808/4000
Residual calibration 2809/4000
Residual calibration 2810/4000
Residual calibration 2811/4000
Residual calibration 2812/4000
Residual calibration 2813/4000
Residual calibration 2814/4000
Residual calibration 2815/4000
Residual calibration 2816/4000
Residual calibration 2817/4000
Residual calibration 2818/4000
Residual calibration 2819/4000
Residual calibration 2820/4000
Residual calibration 2821/4000
Residual calibration 2822/4000
Residual calibration 2823/4000
Residual calibration 2824/4000
Residual calibration 2825/4000
Residual calibration 2826/4000
Residual calibration 2827/4000
Residual calibration 2828/4000
Residual calibration 2829/4000
Residual calibration 2830/4000
Residual calibration 2831/4000
Residual calibration 2832/4000
Residual calibration 2833/4000
Residual calibration 2834/4000
Residual calibration 2835/4000
Residual calibration 2836/4000
Residual calibration 2837/4000
Residual calibration 2838/4000
Residual calibration 2839/4000
Residual calibration 2840/4000
Residual calibration 2841/4000
Residual calibration 2842/4000
Residual calibration 2843/4000
Residual calibration 2844/4000
Residual calibration 2845/4000
Residual calibration 2846/4000
Residual calibration 2847/4000
Residual calibration 2848/4000
Residual calibration 2849/4000
Residual calibration 2850/4000
Residual calibration 2851/4000
Residual calibration 2852/4000
Residual calibration 2853/4000
Residual calibration 2854/4000
Residual calibration 2855/4000
Residual calibration 2856/4000
Residual calibration 2857/4000
Residual calibration 2858/4000
Residual calibration 2859/4000
Residual calibration 2860/4000
Residual calibration 2861/4000
Residual calibration 2862/4000
Residual calibration 2863/4000
Residual calibration 2864/4000
Residual calibration 2865/4000
Residual calibration 2866/4000
Residual calibration 2867/4000
Residual calibration 2868/4000
Residual calibration 2869/4000
Residual calibration 2870/4000
Residual calibration 2871/4000
Residual calibration 2872/4000
Residual calibration 2873/4000
Residual calibration 2874/4000
Residual calibration 2875/4000
Residual calibration 2876/4000
Residual calibration 2877/4000
Residual calibration 2878/4000
Residual calibration 2879/4000
Residual calibration 2880/4000
Residual calibration 2881/4000
Residual calibration 2882/4000
Residual calibration 2883/4000
Residual calibration 2884/4000
Residual calibration 2885/4000
Residual calibration 2886/4000
Residual calibration 2887/4000
Residual calibration 2888/4000
Residual calibration 2889/4000
Residual calibration 2890/4000
Residual calibration 2891/4000
Residual calibration 2892/4000
Residual calibration 2893/4000
Residual calibration 2894/4000
Residual calibration 2895/4000
Residual calibration 2896/4000
Residual calibration 2897/4000
Residual calibration 2898/4000
Residual calibration 2899/4000
Residual calibration 2900/4000
Residual calibration 2901/4000
Residual calibration 2902/4000
Residual calibration 2903/4000
Residual calibration 2904/4000
Residual calibration 2905/4000
Residual calibration 2906/4000
Residual calibration 2907/4000
Residual calibration 2908/4000
Residual calibration 2909/4000
Residual calibration 2910/4000
Residual calibration 2911/4000
Residual calibration 2912/4000
Residual calibration 2913/4000
Residual calibration 2914/4000
Residual calibration 2915/4000
Residual calibration 2916/4000
Residual calibration 2917/4000
Residual calibration 2918/4000
Residual calibration 2919/4000
Residual calibration 2920/4000
Residual calibration 2921/4000
Residual calibration 2922/4000
Residual calibration 2923/4000
Residual calibration 2924/4000
Residual calibration 2925/4000
Residual calibration 2926/4000
Residual calibration 2927/4000
Residual calibration 2928/4000
Residual calibration 2929/4000
Residual calibration 2930/4000
Residual calibration 2931/4000
Residual calibration 2932/4000
Residual calibration 2933/4000
Residual calibration 2934/4000
Residual calibration 2935/4000
Residual calibration 2936/4000
Residual calibration 2937/4000
Residual calibration 2938/4000
Residual calibration 2939/4000
Residual calibration 2940/4000
Residual calibration 2941/4000
Residual calibration 2942/4000
Residual calibration 2943/4000
Residual calibration 2944/4000
Residual calibration 2945/4000
Residual calibration 2946/4000
Residual calibration 2947/4000
Residual calibration 2948/4000
Residual calibration 2949/4000
Residual calibration 2950/4000
Residual calibration 2951/4000
Residual calibration 2952/4000
Residual calibration 2953/4000
Residual calibration 2954/4000
Residual calibration 2955/4000
Residual calibration 2956/4000
Residual calibration 2957/4000
Residual calibration 2958/4000
Residual calibration 2959/4000
Residual calibration 2960/4000
Residual calibration 2961/4000
Residual calibration 2962/4000
Residual calibration 2963/4000
Residual calibration 2964/4000
Residual calibration 2965/4000
Residual calibration 2966/4000
Residual calibration 2967/4000
Residual calibration 2968/4000
Residual calibration 2969/4000
Residual calibration 2970/4000
Residual calibration 2971/4000
Residual calibration 2972/4000
Residual calibration 2973/4000
Residual calibration 2974/4000
Residual calibration 2975/4000
Residual calibration 2976/4000
Residual calibration 2977/4000
Residual calibration 2978/4000
Residual calibration 2979/4000
Residual calibration 2980/4000
Residual calibration 2981/4000
Residual calibration 2982/4000
Residual calibration 2983/4000
Residual calibration 2984/4000
Residual calibration 2985/4000
Residual calibration 2986/4000
Residual calibration 2987/4000
Residual calibration 2988/4000
Residual calibration 2989/4000
Residual calibration 2990/4000
Residual calibration 2991/4000
Residual calibration 2992/4000
Residual calibration 2993/4000
Residual calibration 2994/4000
Residual calibration 2995/4000
Residual calibration 2996/4000
Residual calibration 2997/4000
Residual calibration 2998/4000
Residual calibration 2999/4000
Residual calibration 3000/4000
Residual calibration 3001/4000
Residual calibration 3002/4000
Residual calibration 3003/4000
Residual calibration 3004/4000
Residual calibration 3005/4000
Residual calibration 3006/4000
Residual calibration 3007/4000
Residual calibration 3008/4000
Residual calibration 3009/4000
Residual calibration 3010/4000
Residual calibration 3011/4000
Residual calibration 3012/4000
Residual calibration 3013/4000
Residual calibration 3014/4000
Residual calibration 3015/4000
Residual calibration 3016/4000
Residual calibration 3017/4000
Residual calibration 3018/4000
Residual calibration 3019/4000
Residual calibration 3020/4000
Residual calibration 3021/4000
Residual calibration 3022/4000
Residual calibration 3023/4000
Residual calibration 3024/4000
Residual calibration 3025/4000
Residual calibration 3026/4000
Residual calibration 3027/4000
Residual calibration 3028/4000
Residual calibration 3029/4000
Residual calibration 3030/4000
Residual calibration 3031/4000
Residual calibration 3032/4000
Residual calibration 3033/4000
Residual calibration 3034/4000
Residual calibration 3035/4000
Residual calibration 3036/4000
Residual calibration 3037/4000
Residual calibration 3038/4000
Residual calibration 3039/4000
Residual calibration 3040/4000
Residual calibration 3041/4000
Residual calibration 3042/4000
Residual calibration 3043/4000
Residual calibration 3044/4000
Residual calibration 3045/4000
Residual calibration 3046/4000
Residual calibration 3047/4000
Residual calibration 3048/4000
Residual calibration 3049/4000
Residual calibration 3050/4000
Residual calibration 3051/4000
Residual calibration 3052/4000
Residual calibration 3053/4000
Residual calibration 3054/4000
Residual calibration 3055/4000
Residual calibration 3056/4000
Residual calibration 3057/4000
Residual calibration 3058/4000
Residual calibration 3059/4000
Residual calibration 3060/4000
Residual calibration 3061/4000
Residual calibration 3062/4000
Residual calibration 3063/4000
Residual calibration 3064/4000
Residual calibration 3065/4000
Residual calibration 3066/4000
Residual calibration 3067/4000
Residual calibration 3068/4000
Residual calibration 3069/4000
Residual calibration 3070/4000
Residual calibration 3071/4000
Residual calibration 3072/4000
Residual calibration 3073/4000
Residual calibration 3074/4000
Residual calibration 3075/4000
Residual calibration 3076/4000
Residual calibration 3077/4000
Residual calibration 3078/4000
Residual calibration 3079/4000
Residual calibration 3080/4000
Residual calibration 3081/4000
Residual calibration 3082/4000
Residual calibration 3083/4000
Residual calibration 3084/4000
Residual calibration 3085/4000
Residual calibration 3086/4000
Residual calibration 3087/4000
Residual calibration 3088/4000
Residual calibration 3089/4000
Residual calibration 3090/4000
Residual calibration 3091/4000
Residual calibration 3092/4000
Residual calibration 3093/4000
Residual calibration 3094/4000
Residual calibration 3095/4000
Residual calibration 3096/4000
Residual calibration 3097/4000
Residual calibration 3098/4000
Residual calibration 3099/4000
Residual calibration 3100/4000
Residual calibration 3101/4000
Residual calibration 3102/4000
Residual calibration 3103/4000
Residual calibration 3104/4000
Residual calibration 3105/4000
Residual calibration 3106/4000
Residual calibration 3107/4000
Residual calibration 3108/4000
Residual calibration 3109/4000
Residual calibration 3110/4000
Residual calibration 3111/4000
Residual calibration 3112/4000
Residual calibration 3113/4000
Residual calibration 3114/4000
Residual calibration 3115/4000
Residual calibration 3116/4000
Residual calibration 3117/4000
Residual calibration 3118/4000
Residual calibration 3119/4000
Residual calibration 3120/4000
Residual calibration 3121/4000
Residual calibration 3122/4000
Residual calibration 3123/4000
Residual calibration 3124/4000
Residual calibration 3125/4000
Residual calibration 3126/4000
Residual calibration 3127/4000
Residual calibration 3128/4000
Residual calibration 3129/4000
Residual calibration 3130/4000
Residual calibration 3131/4000
Residual calibration 3132/4000
Residual calibration 3133/4000
Residual calibration 3134/4000
Residual calibration 3135/4000
Residual calibration 3136/4000
Residual calibration 3137/4000
Residual calibration 3138/4000
Residual calibration 3139/4000
Residual calibration 3140/4000
Residual calibration 3141/4000
Residual calibration 3142/4000
Residual calibration 3143/4000
Residual calibration 3144/4000
Residual calibration 3145/4000
Residual calibration 3146/4000
Residual calibration 3147/4000
Residual calibration 3148/4000
Residual calibration 3149/4000
Residual calibration 3150/4000
Residual calibration 3151/4000
Residual calibration 3152/4000
Residual calibration 3153/4000
Residual calibration 3154/4000
Residual calibration 3155/4000
Residual calibration 3156/4000
Residual calibration 3157/4000
Residual calibration 3158/4000
Residual calibration 3159/4000
Residual calibration 3160/4000
Residual calibration 3161/4000
Residual calibration 3162/4000
Residual calibration 3163/4000
Residual calibration 3164/4000
Residual calibration 3165/4000
Residual calibration 3166/4000
Residual calibration 3167/4000
Residual calibration 3168/4000
Residual calibration 3169/4000
Residual calibration 3170/4000
Residual calibration 3171/4000
Residual calibration 3172/4000
Residual calibration 3173/4000
Residual calibration 3174/4000
Residual calibration 3175/4000
Residual calibration 3176/4000
Residual calibration 3177/4000
Residual calibration 3178/4000
Residual calibration 3179/4000
Residual calibration 3180/4000
Residual calibration 3181/4000
Residual calibration 3182/4000
Residual calibration 3183/4000
Residual calibration 3184/4000
Residual calibration 3185/4000
Residual calibration 3186/4000
Residual calibration 3187/4000
Residual calibration 3188/4000
Residual calibration 3189/4000
Residual calibration 3190/4000
Residual calibration 3191/4000
Residual calibration 3192/4000
Residual calibration 3193/4000
Residual calibration 3194/4000
Residual calibration 3195/4000
Residual calibration 3196/4000
Residual calibration 3197/4000
Residual calibration 3198/4000
Residual calibration 3199/4000
Residual calibration 3200/4000
Residual calibration 3201/4000
Residual calibration 3202/4000
Residual calibration 3203/4000
Residual calibration 3204/4000
Residual calibration 3205/4000
Residual calibration 3206/4000
Residual calibration 3207/4000
Residual calibration 3208/4000
Residual calibration 3209/4000
Residual calibration 3210/4000
Residual calibration 3211/4000
Residual calibration 3212/4000
Residual calibration 3213/4000
Residual calibration 3214/4000
Residual calibration 3215/4000
Residual calibration 3216/4000
Residual calibration 3217/4000
Residual calibration 3218/4000
Residual calibration 3219/4000
Residual calibration 3220/4000
Residual calibration 3221/4000
Residual calibration 3222/4000
Residual calibration 3223/4000
Residual calibration 3224/4000
Residual calibration 3225/4000
Residual calibration 3226/4000
Residual calibration 3227/4000
Residual calibration 3228/4000
Residual calibration 3229/4000
Residual calibration 3230/4000
Residual calibration 3231/4000
Residual calibration 3232/4000
Residual calibration 3233/4000
Residual calibration 3234/4000
Residual calibration 3235/4000
Residual calibration 3236/4000
Residual calibration 3237/4000
Residual calibration 3238/4000
Residual calibration 3239/4000
Residual calibration 3240/4000
Residual calibration 3241/4000
Residual calibration 3242/4000
Residual calibration 3243/4000
Residual calibration 3244/4000
Residual calibration 3245/4000
Residual calibration 3246/4000
Residual calibration 3247/4000
Residual calibration 3248/4000
Residual calibration 3249/4000
Residual calibration 3250/4000
Residual calibration 3251/4000
Residual calibration 3252/4000
Residual calibration 3253/4000
Residual calibration 3254/4000
Residual calibration 3255/4000
Residual calibration 3256/4000
Residual calibration 3257/4000
Residual calibration 3258/4000
Residual calibration 3259/4000
Residual calibration 3260/4000
Residual calibration 3261/4000
Residual calibration 3262/4000
Residual calibration 3263/4000
Residual calibration 3264/4000
Residual calibration 3265/4000
Residual calibration 3266/4000
Residual calibration 3267/4000
Residual calibration 3268/4000
Residual calibration 3269/4000
Residual calibration 3270/4000
Residual calibration 3271/4000
Residual calibration 3272/4000
Residual calibration 3273/4000
Residual calibration 3274/4000
Residual calibration 3275/4000
Residual calibration 3276/4000
Residual calibration 3277/4000
Residual calibration 3278/4000
Residual calibration 3279/4000
Residual calibration 3280/4000
Residual calibration 3281/4000
Residual calibration 3282/4000
Residual calibration 3283/4000
Residual calibration 3284/4000
Residual calibration 3285/4000
Residual calibration 3286/4000
Residual calibration 3287/4000
Residual calibration 3288/4000
Residual calibration 3289/4000
Residual calibration 3290/4000
Residual calibration 3291/4000
Residual calibration 3292/4000
Residual calibration 3293/4000
Residual calibration 3294/4000
Residual calibration 3295/4000
Residual calibration 3296/4000
Residual calibration 3297/4000
Residual calibration 3298/4000
Residual calibration 3299/4000
Residual calibration 3300/4000
Residual calibration 3301/4000
Residual calibration 3302/4000
Residual calibration 3303/4000
Residual calibration 3304/4000
Residual calibration 3305/4000
Residual calibration 3306/4000
Residual calibration 3307/4000
Residual calibration 3308/4000
Residual calibration 3309/4000
Residual calibration 3310/4000
Residual calibration 3311/4000
Residual calibration 3312/4000
Residual calibration 3313/4000
Residual calibration 3314/4000
Residual calibration 3315/4000
Residual calibration 3316/4000
Residual calibration 3317/4000
Residual calibration 3318/4000
Residual calibration 3319/4000
Residual calibration 3320/4000
Residual calibration 3321/4000
Residual calibration 3322/4000
Residual calibration 3323/4000
Residual calibration 3324/4000
Residual calibration 3325/4000
Residual calibration 3326/4000
Residual calibration 3327/4000
Residual calibration 3328/4000
Residual calibration 3329/4000
Residual calibration 3330/4000
Residual calibration 3331/4000
Residual calibration 3332/4000
Residual calibration 3333/4000
Residual calibration 3334/4000
Residual calibration 3335/4000
Residual calibration 3336/4000
Residual calibration 3337/4000
Residual calibration 3338/4000
Residual calibration 3339/4000
Residual calibration 3340/4000
Residual calibration 3341/4000
Residual calibration 3342/4000
Residual calibration 3343/4000
Residual calibration 3344/4000
Residual calibration 3345/4000
Residual calibration 3346/4000
Residual calibration 3347/4000
Residual calibration 3348/4000
Residual calibration 3349/4000
Residual calibration 3350/4000
Residual calibration 3351/4000
Residual calibration 3352/4000
Residual calibration 3353/4000
Residual calibration 3354/4000
Residual calibration 3355/4000
Residual calibration 3356/4000
Residual calibration 3357/4000
Residual calibration 3358/4000
Residual calibration 3359/4000
Residual calibration 3360/4000
Residual calibration 3361/4000
Residual calibration 3362/4000
Residual calibration 3363/4000
Residual calibration 3364/4000
Residual calibration 3365/4000
Residual calibration 3366/4000
Residual calibration 3367/4000
Residual calibration 3368/4000
Residual calibration 3369/4000
Residual calibration 3370/4000
Residual calibration 3371/4000
Residual calibration 3372/4000
Residual calibration 3373/4000
Residual calibration 3374/4000
Residual calibration 3375/4000
Residual calibration 3376/4000
Residual calibration 3377/4000
Residual calibration 3378/4000
Residual calibration 3379/4000
Residual calibration 3380/4000
Residual calibration 3381/4000
Residual calibration 3382/4000
Residual calibration 3383/4000
Residual calibration 3384/4000
Residual calibration 3385/4000
Residual calibration 3386/4000
Residual calibration 3387/4000
Residual calibration 3388/4000
Residual calibration 3389/4000
Residual calibration 3390/4000
Residual calibration 3391/4000
Residual calibration 3392/4000
Residual calibration 3393/4000
Residual calibration 3394/4000
Residual calibration 3395/4000
Residual calibration 3396/4000
Residual calibration 3397/4000
Residual calibration 3398/4000
Residual calibration 3399/4000
Residual calibration 3400/4000
Residual calibration 3401/4000
Residual calibration 3402/4000
Residual calibration 3403/4000
Residual calibration 3404/4000
Residual calibration 3405/4000
Residual calibration 3406/4000
Residual calibration 3407/4000
Residual calibration 3408/4000
Residual calibration 3409/4000
Residual calibration 3410/4000
Residual calibration 3411/4000
Residual calibration 3412/4000
Residual calibration 3413/4000
Residual calibration 3414/4000
Residual calibration 3415/4000
Residual calibration 3416/4000
Residual calibration 3417/4000
Residual calibration 3418/4000
Residual calibration 3419/4000
Residual calibration 3420/4000
Residual calibration 3421/4000
Residual calibration 3422/4000
Residual calibration 3423/4000
Residual calibration 3424/4000
Residual calibration 3425/4000
Residual calibration 3426/4000
Residual calibration 3427/4000
Residual calibration 3428/4000
Residual calibration 3429/4000
Residual calibration 3430/4000
Residual calibration 3431/4000
Residual calibration 3432/4000
Residual calibration 3433/4000
Residual calibration 3434/4000
Residual calibration 3435/4000
Residual calibration 3436/4000
Residual calibration 3437/4000
Residual calibration 3438/4000
Residual calibration 3439/4000
Residual calibration 3440/4000
Residual calibration 3441/4000
Residual calibration 3442/4000
Residual calibration 3443/4000
Residual calibration 3444/4000
Residual calibration 3445/4000
Residual calibration 3446/4000
Residual calibration 3447/4000
Residual calibration 3448/4000
Residual calibration 3449/4000
Residual calibration 3450/4000
Residual calibration 3451/4000
Residual calibration 3452/4000
Residual calibration 3453/4000
Residual calibration 3454/4000
Residual calibration 3455/4000
Residual calibration 3456/4000
Residual calibration 3457/4000
Residual calibration 3458/4000
Residual calibration 3459/4000
Residual calibration 3460/4000
Residual calibration 3461/4000
Residual calibration 3462/4000
Residual calibration 3463/4000
Residual calibration 3464/4000
Residual calibration 3465/4000
Residual calibration 3466/4000
Residual calibration 3467/4000
Residual calibration 3468/4000
Residual calibration 3469/4000
Residual calibration 3470/4000
Residual calibration 3471/4000
Residual calibration 3472/4000
Residual calibration 3473/4000
Residual calibration 3474/4000
Residual calibration 3475/4000
Residual calibration 3476/4000
Residual calibration 3477/4000
Residual calibration 3478/4000
Residual calibration 3479/4000
Residual calibration 3480/4000
Residual calibration 3481/4000
Residual calibration 3482/4000
Residual calibration 3483/4000
Residual calibration 3484/4000
Residual calibration 3485/4000
Residual calibration 3486/4000
Residual calibration 3487/4000
Residual calibration 3488/4000
Residual calibration 3489/4000
Residual calibration 3490/4000
Residual calibration 3491/4000
Residual calibration 3492/4000
Residual calibration 3493/4000
Residual calibration 3494/4000
Residual calibration 3495/4000
Residual calibration 3496/4000
Residual calibration 3497/4000
Residual calibration 3498/4000
Residual calibration 3499/4000
Residual calibration 3500/4000
Residual calibration 3501/4000
Residual calibration 3502/4000
Residual calibration 3503/4000
Residual calibration 3504/4000
Residual calibration 3505/4000
Residual calibration 3506/4000
Residual calibration 3507/4000
Residual calibration 3508/4000
Residual calibration 3509/4000
Residual calibration 3510/4000
Residual calibration 3511/4000
Residual calibration 3512/4000
Residual calibration 3513/4000
Residual calibration 3514/4000
Residual calibration 3515/4000
Residual calibration 3516/4000
Residual calibration 3517/4000
Residual calibration 3518/4000
Residual calibration 3519/4000
Residual calibration 3520/4000
Residual calibration 3521/4000
Residual calibration 3522/4000
Residual calibration 3523/4000
Residual calibration 3524/4000
Residual calibration 3525/4000
Residual calibration 3526/4000
Residual calibration 3527/4000
Residual calibration 3528/4000
Residual calibration 3529/4000
Residual calibration 3530/4000
Residual calibration 3531/4000
Residual calibration 3532/4000
Residual calibration 3533/4000
Residual calibration 3534/4000
Residual calibration 3535/4000
Residual calibration 3536/4000
Residual calibration 3537/4000
Residual calibration 3538/4000
Residual calibration 3539/4000
Residual calibration 3540/4000
Residual calibration 3541/4000
Residual calibration 3542/4000
Residual calibration 3543/4000
Residual calibration 3544/4000
Residual calibration 3545/4000
Residual calibration 3546/4000
Residual calibration 3547/4000
Residual calibration 3548/4000
Residual calibration 3549/4000
Residual calibration 3550/4000
Residual calibration 3551/4000
Residual calibration 3552/4000
Residual calibration 3553/4000
Residual calibration 3554/4000
Residual calibration 3555/4000
Residual calibration 3556/4000
Residual calibration 3557/4000
Residual calibration 3558/4000
Residual calibration 3559/4000
Residual calibration 3560/4000
Residual calibration 3561/4000
Residual calibration 3562/4000
Residual calibration 3563/4000
Residual calibration 3564/4000
Residual calibration 3565/4000
Residual calibration 3566/4000
Residual calibration 3567/4000
Residual calibration 3568/4000
Residual calibration 3569/4000
Residual calibration 3570/4000
Residual calibration 3571/4000
Residual calibration 3572/4000
Residual calibration 3573/4000
Residual calibration 3574/4000
Residual calibration 3575/4000
Residual calibration 3576/4000
Residual calibration 3577/4000
Residual calibration 3578/4000
Residual calibration 3579/4000
Residual calibration 3580/4000
Residual calibration 3581/4000
Residual calibration 3582/4000
Residual calibration 3583/4000
Residual calibration 3584/4000
Residual calibration 3585/4000
Residual calibration 3586/4000
Residual calibration 3587/4000
Residual calibration 3588/4000
Residual calibration 3589/4000
Residual calibration 3590/4000
Residual calibration 3591/4000
Residual calibration 3592/4000
Residual calibration 3593/4000
Residual calibration 3594/4000
Residual calibration 3595/4000
Residual calibration 3596/4000
Residual calibration 3597/4000
Residual calibration 3598/4000
Residual calibration 3599/4000
Residual calibration 3600/4000
Residual calibration 3601/4000
Residual calibration 3602/4000
Residual calibration 3603/4000
Residual calibration 3604/4000
Residual calibration 3605/4000
Residual calibration 3606/4000
Residual calibration 3607/4000
Residual calibration 3608/4000
Residual calibration 3609/4000
Residual calibration 3610/4000
Residual calibration 3611/4000
Residual calibration 3612/4000
Residual calibration 3613/4000
Residual calibration 3614/4000
Residual calibration 3615/4000
Residual calibration 3616/4000
Residual calibration 3617/4000
Residual calibration 3618/4000
Residual calibration 3619/4000
Residual calibration 3620/4000
Residual calibration 3621/4000
Residual calibration 3622/4000
Residual calibration 3623/4000
Residual calibration 3624/4000
Residual calibration 3625/4000
Residual calibration 3626/4000
Residual calibration 3627/4000
Residual calibration 3628/4000
Residual calibration 3629/4000
Residual calibration 3630/4000
Residual calibration 3631/4000
Residual calibration 3632/4000
Residual calibration 3633/4000
Residual calibration 3634/4000
Residual calibration 3635/4000
Residual calibration 3636/4000
Residual calibration 3637/4000
Residual calibration 3638/4000
Residual calibration 3639/4000
Residual calibration 3640/4000
Residual calibration 3641/4000
Residual calibration 3642/4000
Residual calibration 3643/4000
Residual calibration 3644/4000
Residual calibration 3645/4000
Residual calibration 3646/4000
Residual calibration 3647/4000
Residual calibration 3648/4000
Residual calibration 3649/4000
Residual calibration 3650/4000
Residual calibration 3651/4000
Residual calibration 3652/4000
Residual calibration 3653/4000
Residual calibration 3654/4000
Residual calibration 3655/4000
Residual calibration 3656/4000
Residual calibration 3657/4000
Residual calibration 3658/4000
Residual calibration 3659/4000
Residual calibration 3660/4000
Residual calibration 3661/4000
Residual calibration 3662/4000
Residual calibration 3663/4000
Residual calibration 3664/4000
Residual calibration 3665/4000
Residual calibration 3666/4000
Residual calibration 3667/4000
Residual calibration 3668/4000
Residual calibration 3669/4000
Residual calibration 3670/4000
Residual calibration 3671/4000
Residual calibration 3672/4000
Residual calibration 3673/4000
Residual calibration 3674/4000
Residual calibration 3675/4000
Residual calibration 3676/4000
Residual calibration 3677/4000
Residual calibration 3678/4000
Residual calibration 3679/4000
Residual calibration 3680/4000
Residual calibration 3681/4000
Residual calibration 3682/4000
Residual calibration 3683/4000
Residual calibration 3684/4000
Residual calibration 3685/4000
Residual calibration 3686/4000
Residual calibration 3687/4000
Residual calibration 3688/4000
Residual calibration 3689/4000
Residual calibration 3690/4000
Residual calibration 3691/4000
Residual calibration 3692/4000
Residual calibration 3693/4000
Residual calibration 3694/4000
Residual calibration 3695/4000
Residual calibration 3696/4000
Residual calibration 3697/4000
Residual calibration 3698/4000
Residual calibration 3699/4000
Residual calibration 3700/4000
Residual calibration 3701/4000
Residual calibration 3702/4000
Residual calibration 3703/4000
Residual calibration 3704/4000
Residual calibration 3705/4000
Residual calibration 3706/4000
Residual calibration 3707/4000
Residual calibration 3708/4000
Residual calibration 3709/4000
Residual calibration 3710/4000
Residual calibration 3711/4000
Residual calibration 3712/4000
Residual calibration 3713/4000
Residual calibration 3714/4000
Residual calibration 3715/4000
Residual calibration 3716/4000
Residual calibration 3717/4000
Residual calibration 3718/4000
Residual calibration 3719/4000
Residual calibration 3720/4000
Residual calibration 3721/4000
Residual calibration 3722/4000
Residual calibration 3723/4000
Residual calibration 3724/4000
Residual calibration 3725/4000
Residual calibration 3726/4000
Residual calibration 3727/4000
Residual calibration 3728/4000
Residual calibration 3729/4000
Residual calibration 3730/4000
Residual calibration 3731/4000
Residual calibration 3732/4000
Residual calibration 3733/4000
Residual calibration 3734/4000
Residual calibration 3735/4000
Residual calibration 3736/4000
Residual calibration 3737/4000
Residual calibration 3738/4000
Residual calibration 3739/4000
Residual calibration 3740/4000
Residual calibration 3741/4000
Residual calibration 3742/4000
Residual calibration 3743/4000
Residual calibration 3744/4000
Residual calibration 3745/4000
Residual calibration 3746/4000
Residual calibration 3747/4000
Residual calibration 3748/4000
Residual calibration 3749/4000
Residual calibration 3750/4000
Residual calibration 3751/4000
Residual calibration 3752/4000
Residual calibration 3753/4000
Residual calibration 3754/4000
Residual calibration 3755/4000
Residual calibration 3756/4000
Residual calibration 3757/4000
Residual calibration 3758/4000
Residual calibration 3759/4000
Residual calibration 3760/4000
Residual calibration 3761/4000
Residual calibration 3762/4000
Residual calibration 3763/4000
Residual calibration 3764/4000
Residual calibration 3765/4000
Residual calibration 3766/4000
Residual calibration 3767/4000
Residual calibration 3768/4000
Residual calibration 3769/4000
Residual calibration 3770/4000
Residual calibration 3771/4000
Residual calibration 3772/4000
Residual calibration 3773/4000
Residual calibration 3774/4000
Residual calibration 3775/4000
Residual calibration 3776/4000
Residual calibration 3777/4000
Residual calibration 3778/4000
Residual calibration 3779/4000
Residual calibration 3780/4000
Residual calibration 3781/4000
Residual calibration 3782/4000
Residual calibration 3783/4000
Residual calibration 3784/4000
Residual calibration 3785/4000
Residual calibration 3786/4000
Residual calibration 3787/4000
Residual calibration 3788/4000
Residual calibration 3789/4000
Residual calibration 3790/4000
Residual calibration 3791/4000
Residual calibration 3792/4000
Residual calibration 3793/4000
Residual calibration 3794/4000
Residual calibration 3795/4000
Residual calibration 3796/4000
Residual calibration 3797/4000
Residual calibration 3798/4000
Residual calibration 3799/4000
Residual calibration 3800/4000
Residual calibration 3801/4000
Residual calibration 3802/4000
Residual calibration 3803/4000
Residual calibration 3804/4000
Residual calibration 3805/4000
Residual calibration 3806/4000
Residual calibration 3807/4000
Residual calibration 3808/4000
Residual calibration 3809/4000
Residual calibration 3810/4000
Residual calibration 3811/4000
Residual calibration 3812/4000
Residual calibration 3813/4000
Residual calibration 3814/4000
Residual calibration 3815/4000
Residual calibration 3816/4000
Residual calibration 3817/4000
Residual calibration 3818/4000
Residual calibration 3819/4000
Residual calibration 3820/4000
Residual calibration 3821/4000
Residual calibration 3822/4000
Residual calibration 3823/4000
Residual calibration 3824/4000
Residual calibration 3825/4000
Residual calibration 3826/4000
Residual calibration 3827/4000
Residual calibration 3828/4000
Residual calibration 3829/4000
Residual calibration 3830/4000
Residual calibration 3831/4000
Residual calibration 3832/4000
Residual calibration 3833/4000
Residual calibration 3834/4000
Residual calibration 3835/4000
Residual calibration 3836/4000
Residual calibration 3837/4000
Residual calibration 3838/4000
Residual calibration 3839/4000
Residual calibration 3840/4000
Residual calibration 3841/4000
Residual calibration 3842/4000
Residual calibration 3843/4000
Residual calibration 3844/4000
Residual calibration 3845/4000
Residual calibration 3846/4000
Residual calibration 3847/4000
Residual calibration 3848/4000
Residual calibration 3849/4000
Residual calibration 3850/4000
Residual calibration 3851/4000
Residual calibration 3852/4000
Residual calibration 3853/4000
Residual calibration 3854/4000
Residual calibration 3855/4000
Residual calibration 3856/4000
Residual calibration 3857/4000
Residual calibration 3858/4000
Residual calibration 3859/4000
Residual calibration 3860/4000
Residual calibration 3861/4000
Residual calibration 3862/4000
Residual calibration 3863/4000
Residual calibration 3864/4000
Residual calibration 3865/4000
Residual calibration 3866/4000
Residual calibration 3867/4000
Residual calibration 3868/4000
Residual calibration 3869/4000
Residual calibration 3870/4000
Residual calibration 3871/4000
Residual calibration 3872/4000
Residual calibration 3873/4000
Residual calibration 3874/4000
Residual calibration 3875/4000
Residual calibration 3876/4000
Residual calibration 3877/4000
Residual calibration 3878/4000
Residual calibration 3879/4000
Residual calibration 3880/4000
Residual calibration 3881/4000
Residual calibration 3882/4000
Residual calibration 3883/4000
Residual calibration 3884/4000
Residual calibration 3885/4000
Residual calibration 3886/4000
Residual calibration 3887/4000
Residual calibration 3888/4000
Residual calibration 3889/4000
Residual calibration 3890/4000
Residual calibration 3891/4000
Residual calibration 3892/4000
Residual calibration 3893/4000
Residual calibration 3894/4000
Residual calibration 3895/4000
Residual calibration 3896/4000
Residual calibration 3897/4000
Residual calibration 3898/4000
Residual calibration 3899/4000
Residual calibration 3900/4000
Residual calibration 3901/4000
Residual calibration 3902/4000
Residual calibration 3903/4000
Residual calibration 3904/4000
Residual calibration 3905/4000
Residual calibration 3906/4000
Residual calibration 3907/4000
Residual calibration 3908/4000
Residual calibration 3909/4000
Residual calibration 3910/4000
Residual calibration 3911/4000
Residual calibration 3912/4000
Residual calibration 3913/4000
Residual calibration 3914/4000
Residual calibration 3915/4000
Residual calibration 3916/4000
Residual calibration 3917/4000
Residual calibration 3918/4000
Residual calibration 3919/4000
Residual calibration 3920/4000
Residual calibration 3921/4000
Residual calibration 3922/4000
Residual calibration 3923/4000
Residual calibration 3924/4000
Residual calibration 3925/4000
Residual calibration 3926/4000
Residual calibration 3927/4000
Residual calibration 3928/4000
Residual calibration 3929/4000
Residual calibration 3930/4000
Residual calibration 3931/4000
Residual calibration 3932/4000
Residual calibration 3933/4000
Residual calibration 3934/4000
Residual calibration 3935/4000
Residual calibration 3936/4000
Residual calibration 3937/4000
Residual calibration 3938/4000
Residual calibration 3939/4000
Residual calibration 3940/4000
Residual calibration 3941/4000
Residual calibration 3942/4000
Residual calibration 3943/4000
Residual calibration 3944/4000
Residual calibration 3945/4000
Residual calibration 3946/4000
Residual calibration 3947/4000
Residual calibration 3948/4000
Residual calibration 3949/4000
Residual calibration 3950/4000
Residual calibration 3951/4000
Residual calibration 3952/4000
Residual calibration 3953/4000
Residual calibration 3954/4000
Residual calibration 3955/4000
Residual calibration 3956/4000
Residual calibration 3957/4000
Residual calibration 3958/4000
Residual calibration 3959/4000
Residual calibration 3960/4000
Residual calibration 3961/4000
Residual calibration 3962/4000
Residual calibration 3963/4000
Residual calibration 3964/4000
Residual calibration 3965/4000
Residual calibration 3966/4000
Residual calibration 3967/4000
Residual calibration 3968/4000
Residual calibration 3969/4000
Residual calibration 3970/4000
Residual calibration 3971/4000
Residual calibration 3972/4000
Residual calibration 3973/4000
Residual calibration 3974/4000
Residual calibration 3975/4000
Residual calibration 3976/4000
Residual calibration 3977/4000
Residual calibration 3978/4000
Residual calibration 3979/4000
Residual calibration 3980/4000
Residual calibration 3981/4000
Residual calibration 3982/4000
Residual calibration 3983/4000
Residual calibration 3984/4000
Residual calibration 3985/4000
Residual calibration 3986/4000
Residual calibration 3987/4000
Residual calibration 3988/4000
Residual calibration 3989/4000
Residual calibration 3990/4000
Residual calibration 3991/4000
Residual calibration 3992/4000
Residual calibration 3993/4000
Residual calibration 3994/4000
Residual calibration 3995/4000
Residual calibration 3996/4000
Residual calibration 3997/4000
Residual calibration 3998/4000
Residual calibration 3999/4000
Residual calibration 4000/4000
{'candidate': 'natural_residual_w4_c1.0_step0', 'source': 'rtn_fallback', 'method': 'natural_residual', 'bits': 4, 'clip': 1.0, 'step': 0, 'psnr': 33.350563049316406, 'ssim': 0.943604588508606, 'psnr_p05': 29.569313049316406, 'min_psnr': 28.79359245300293, 'quality_violation_fraction': 0.0, 'target_mse': 0.004609984279966284, 'feasible': True, 'semantic_lowpass_mse': 8.52526811286225e-05, 'generated_reference_mse': 0.0005406601558206603, 'natural_validation_mse': 0.004609984279966284, 'natural_validation_lpips': 0.08563281597889727, 'natural_validation_residual': 0.031471448441038774, 'natural_validation_spectral': None, 'selection_objective': 0.044815219681152034}
{'candidate': 'natural_residual_w4_c1.0_step100', 'source': 'natural_residual', 'method': 'natural_residual', 'bits': 4, 'clip': 1.0, 'step': 100, 'psnr': 31.18471336364746, 'ssim': 0.8855846524238586, 'psnr_p05': 26.026531219482422, 'min_psnr': 25.498661041259766, 'quality_violation_fraction': 0.05000000074505806, 'target_mse': 0.003968937211993762, 'feasible': True, 'semantic_lowpass_mse': 4.541667758530821e-05, 'generated_reference_mse': 0.000956512548145838, 'natural_validation_mse': 0.003968937211993762, 'natural_validation_lpips': 0.07056213093164843, 'natural_validation_residual': 0.025764723004840562, 'natural_validation_spectral': None, 'selection_objective': 0.03688070666516978}
{'candidate': 'natural_residual_w4_c1.0_step200', 'source': 'natural_residual', 'method': 'natural_residual', 'bits': 4, 'clip': 1.0, 'step': 200, 'psnr': 30.459400177001953, 'ssim': 0.8621524572372437, 'psnr_p05': 25.03954315185547, 'min_psnr': 24.734615325927734, 'quality_violation_fraction': 0.20000000298023224, 'target_mse': 0.003989033108439344, 'feasible': True, 'semantic_lowpass_mse': 5.3117828792892395e-05, 'generated_reference_mse': 0.0011531820870004593, 'natural_validation_mse': 0.003989033108439344, 'natural_validation_lpips': 0.06700673941668356, 'natural_validation_residual': 0.025298731019574916, 'natural_validation_spectral': None, 'selection_objective': 0.036094673727268406}
{'candidate': 'natural_residual_w4_c1.0_step300', 'source': 'natural_residual', 'method': 'natural_residual', 'bits': 4, 'clip': 1.0, 'step': 300, 'psnr': 30.00961685180664, 'ssim': 0.8467448353767395, 'psnr_p05': 24.36517906188965, 'min_psnr': 24.199092864990234, 'quality_violation_fraction': 0.3499999940395355, 'target_mse': 0.003939824480255538, 'feasible': True, 'semantic_lowpass_mse': 6.168359286675695e-05, 'generated_reference_mse': 0.0012929915843415073, 'natural_validation_mse': 0.003939824480255538, 'natural_validation_lpips': 0.06444304730393924, 'natural_validation_residual': 0.024903089311521853, 'natural_validation_spectral': None, 'selection_objective': 0.035410585707904826}
{'candidate': 'natural_residual_w4_c1.0_step400', 'source': 'natural_residual', 'method': 'natural_residual', 'bits': 4, 'clip': 1.0, 'step': 400, 'psnr': 29.807064056396484, 'ssim': 0.8367335200309753, 'psnr_p05': 24.18043327331543, 'min_psnr': 23.83184051513672, 'quality_violation_fraction': 0.3499999940395355, 'target_mse': 0.003948381542102197, 'feasible': True, 'semantic_lowpass_mse': 6.466957602242473e-05, 'generated_reference_mse': 0.0013680449890671297, 'natural_validation_mse': 0.003948381542102197, 'natural_validation_lpips': 0.06260534207103774, 'natural_validation_residual': 0.02476064337031403, 'natural_validation_spectral': None, 'selection_objective': 0.03509889827156485}
{'candidate': 'natural_residual_w4_c1.0_step500', 'source': 'natural_residual', 'method': 'natural_residual', 'bits': 4, 'clip': 1.0, 'step': 500, 'psnr': 29.76740074157715, 'ssim': 0.8332026600837708, 'psnr_p05': 24.023714065551758, 'min_psnr': 23.667713165283203, 'quality_violation_fraction': 0.3499999940395355, 'target_mse': 0.003882246868670336, 'feasible': True, 'semantic_lowpass_mse': 6.086530465836404e-05, 'generated_reference_mse': 0.0013820389343891294, 'natural_validation_mse': 0.003882246868670336, 'natural_validation_lpips': 0.06227719350135885, 'natural_validation_residual': 0.024542938404408687, 'natural_validation_spectral': None, 'selection_objective': 0.03477463523253164}
{'candidate': 'natural_residual_w4_c1.0_step600', 'source': 'natural_residual', 'method': 'natural_residual', 'bits': 4, 'clip': 1.0, 'step': 600, 'psnr': 29.748241424560547, 'ssim': 0.8299674987792969, 'psnr_p05': 23.969947814941406, 'min_psnr': 23.64032554626465, 'quality_violation_fraction': 0.3499999940395355, 'target_mse': 0.003873831164753483, 'feasible': True, 'semantic_lowpass_mse': 5.436866485979408e-05, 'generated_reference_mse': 0.0013941871889983303, 'natural_validation_mse': 0.003873831164753483, 'natural_validation_lpips': 0.0613566637475742, 'natural_validation_residual': 0.024362147976489723, 'natural_validation_spectral': None, 'selection_objective': 0.03448038284572021}
{'candidate': 'natural_residual_w4_c1.0_step700', 'source': 'natural_residual', 'method': 'natural_residual', 'bits': 4, 'clip': 1.0, 'step': 700, 'psnr': 29.699649810791016, 'ssim': 0.8265673518180847, 'psnr_p05': 23.865591049194336, 'min_psnr': 23.575977325439453, 'quality_violation_fraction': 0.4000000059604645, 'target_mse': 0.0038871740081276585, 'feasible': True, 'semantic_lowpass_mse': 5.109977355459705e-05, 'generated_reference_mse': 0.001416641728428658, 'natural_validation_mse': 0.0038871740081276585, 'natural_validation_lpips': 0.06069277870847145, 'natural_validation_residual': 0.024284366474773833, 'natural_validation_spectral': None, 'selection_objective': 0.03434301790085783}
{'candidate': 'natural_residual_w4_c1.0_step800', 'source': 'natural_residual', 'method': 'natural_residual', 'bits': 4, 'clip': 1.0, 'step': 800, 'psnr': 29.750499725341797, 'ssim': 0.8282129168510437, 'psnr_p05': 23.96751594543457, 'min_psnr': 23.66950035095215, 'quality_violation_fraction': 0.3499999940395355, 'target_mse': 0.003836983885094014, 'feasible': True, 'semantic_lowpass_mse': 5.3046352240926355e-05, 'generated_reference_mse': 0.0013945620856247842, 'natural_validation_mse': 0.003836983885094014, 'natural_validation_lpips': 0.0603553974578972, 'natural_validation_residual': 0.024183780737757843, 'natural_validation_spectral': None, 'selection_objective': 0.03416239707312343}
{'candidate': 'natural_residual_w4_c1.0_step900', 'source': 'natural_residual', 'method': 'natural_residual', 'bits': 4, 'clip': 1.0, 'step': 900, 'psnr': 29.76528549194336, 'ssim': 0.8284727334976196, 'psnr_p05': 23.95121192932129, 'min_psnr': 23.631275177001953, 'quality_violation_fraction': 0.3499999940395355, 'target_mse': 0.003842165322339497, 'feasible': True, 'semantic_lowpass_mse': 5.147744832356693e-05, 'generated_reference_mse': 0.001394393152440898, 'natural_validation_mse': 0.003842165322339497, 'natural_validation_lpips': 0.05981259852342191, 'natural_validation_residual': 0.02414068340550557, 'natural_validation_spectral': None, 'selection_objective': 0.03406706347683439}
{'candidate': 'natural_residual_w4_c1.0_step1000', 'source': 'natural_residual', 'method': 'natural_residual', 'bits': 4, 'clip': 1.0, 'step': 1000, 'psnr': 29.727102279663086, 'ssim': 0.8264711499214172, 'psnr_p05': 23.931215286254883, 'min_psnr': 23.6060791015625, 'quality_violation_fraction': 0.4000000059604645, 'target_mse': 0.003850834251238666, 'feasible': True, 'semantic_lowpass_mse': 4.824952338822186e-05, 'generated_reference_mse': 0.001406291374587454, 'natural_validation_mse': 0.003850834251238666, 'natural_validation_lpips': 0.05969378996451269, 'natural_validation_residual': 0.024107135536098667, 'natural_validation_spectral': None, 'selection_objective': 0.03402384783056504}
{'candidate': 'natural_residual_qat_w4_c1.0_step0', 'source': 'rtn_fallback', 'method': 'natural_residual_qat', 'bits': 4, 'clip': 1.0, 'step': 0, 'psnr': 33.35065841674805, 'ssim': 0.943604588508606, 'psnr_p05': 29.569433212280273, 'min_psnr': 28.793678283691406, 'quality_violation_fraction': 0.0, 'target_mse': 0.004610004772871434, 'feasible': True, 'semantic_lowpass_mse': 8.52470307108888e-05, 'generated_reference_mse': 0.0005406524978752714, 'natural_validation_mse': 0.004610004772871434, 'natural_validation_lpips': 0.08563141724152956, 'natural_validation_residual': 0.03147150848292313, 'natural_validation_spectral': None, 'selection_objective': 0.044815149041369295, 'code_change_fraction_vs_rtn': 0.0, 'code_offset_rms': 0.0, 'code_offset_ge_one_fraction': 0.0}
{'candidate': 'natural_residual_qat_w4_c1.0_step100', 'source': 'natural_residual_qat', 'method': 'natural_residual_qat', 'bits': 4, 'clip': 1.0, 'step': 100, 'psnr': 32.21142578125, 'ssim': 0.9123870134353638, 'psnr_p05': 27.36469078063965, 'min_psnr': 26.703474044799805, 'quality_violation_fraction': 0.0, 'target_mse': 0.003997670727812874, 'feasible': True, 'semantic_lowpass_mse': 4.136030074732844e-05, 'generated_reference_mse': 0.0007417684821120929, 'natural_validation_mse': 0.003997670727812874, 'natural_validation_lpips': 0.07312274370633531, 'natural_validation_residual': 0.026042739437343698, 'natural_validation_spectral': None, 'selection_objective': 0.03743540513728476, 'code_change_fraction_vs_rtn': 0.007822327315807343, 'code_offset_rms': 0.00986269266607844, 'code_offset_ge_one_fraction': 0.0}
{'candidate': 'natural_residual_qat_w4_c1.0_step200', 'source': 'natural_residual_qat', 'method': 'natural_residual_qat', 'bits': 4, 'clip': 1.0, 'step': 200, 'psnr': 31.33950424194336, 'ssim': 0.8886351585388184, 'psnr_p05': 26.165117263793945, 'min_psnr': 25.608722686767578, 'quality_violation_fraction': 0.05000000074505806, 'target_mse': 0.003985070249768796, 'feasible': True, 'semantic_lowpass_mse': 4.3688907044270306e-05, 'generated_reference_mse': 0.0009319053417129908, 'natural_validation_mse': 0.003985070249768796, 'natural_validation_lpips': 0.06847756372735603, 'natural_validation_residual': 0.025540005877530803, 'natural_validation_spectral': None, 'selection_objective': 0.03646021031412374, 'code_change_fraction_vs_rtn': 0.010998592711985111, 'code_offset_rms': 0.013954227253392319, 'code_offset_ge_one_fraction': 0.0}
{'candidate': 'natural_residual_qat_w4_c1.0_step300', 'source': 'natural_residual_qat', 'method': 'natural_residual_qat', 'bits': 4, 'clip': 1.0, 'step': 300, 'psnr': 30.834918975830078, 'ssim': 0.8723968267440796, 'psnr_p05': 25.298254013061523, 'min_psnr': 24.995548248291016, 'quality_violation_fraction': 0.15000000596046448, 'target_mse': 0.003929439385274236, 'feasible': True, 'semantic_lowpass_mse': 5.095962724226411e-05, 'generated_reference_mse': 0.0010590056466753595, 'natural_validation_mse': 0.003929439385274236, 'natural_validation_lpips': 0.0668252316172584, 'natural_validation_residual': 0.02506587463864207, 'natural_validation_spectral': None, 'selection_objective': 0.035779756440126674, 'code_change_fraction_vs_rtn': 0.013110805302858353, 'code_offset_rms': 0.016650617400775707, 'code_offset_ge_one_fraction': 0.0}
{'candidate': 'natural_residual_qat_w4_c1.0_step400', 'source': 'natural_residual_qat', 'method': 'natural_residual_qat', 'bits': 4, 'clip': 1.0, 'step': 400, 'psnr': 30.56398582458496, 'ssim': 0.8628039360046387, 'psnr_p05': 24.99334144592285, 'min_psnr': 24.627777099609375, 'quality_violation_fraction': 0.20000000298023224, 'target_mse': 0.003953301070623638, 'feasible': True, 'semantic_lowpass_mse': 4.545889314613305e-05, 'generated_reference_mse': 0.0011364000267349184, 'natural_validation_mse': 0.003953301070623638, 'natural_validation_lpips': 0.0645173247285129, 'natural_validation_residual': 0.024902841458469993, 'natural_validation_spectral': None, 'selection_objective': 0.03539879278823718, 'code_change_fraction_vs_rtn': 0.014545031823217869, 'code_offset_rms': 0.018490292146297733, 'code_offset_ge_one_fraction': 0.0}
{'candidate': 'natural_residual_qat_w4_c1.0_step500', 'source': 'natural_residual_qat', 'method': 'natural_residual_qat', 'bits': 4, 'clip': 1.0, 'step': 500, 'psnr': 30.413936614990234, 'ssim': 0.856654167175293, 'psnr_p05': 24.794031143188477, 'min_psnr': 24.393842697143555, 'quality_violation_fraction': 0.30000001192092896, 'target_mse': 0.003909747715937328, 'feasible': True, 'semantic_lowpass_mse': 5.270146739349002e-05, 'generated_reference_mse': 0.0011800167878391222, 'natural_validation_mse': 0.003909747715937328, 'natural_validation_lpips': 0.06400079068771447, 'natural_validation_residual': 0.024734474000752016, 'natural_validation_spectral': None, 'selection_objective': 0.035149703720247776, 'code_change_fraction_vs_rtn': 0.01564803160727024, 'code_offset_rms': 0.01991216432228009, 'code_offset_ge_one_fraction': 0.0}
{'candidate': 'natural_residual_qat_w4_c1.0_step600', 'source': 'natural_residual_qat', 'method': 'natural_residual_qat', 'bits': 4, 'clip': 1.0, 'step': 600, 'psnr': 30.34206199645996, 'ssim': 0.8522505760192871, 'psnr_p05': 24.669363021850586, 'min_psnr': 24.30975341796875, 'quality_violation_fraction': 0.3499999940395355, 'target_mse': 0.003895302075704876, 'feasible': True, 'semantic_lowpass_mse': 4.299467263990664e-05, 'generated_reference_mse': 0.0012023699498968198, 'natural_validation_mse': 0.003895302075704876, 'natural_validation_lpips': 0.06305779156537028, 'natural_validation_residual': 0.02458732390471141, 'natural_validation_spectral': None, 'selection_objective': 0.03487439448223313, 'code_change_fraction_vs_rtn': 0.016342053189873695, 'code_offset_rms': 0.0207935505374796, 'code_offset_ge_one_fraction': 0.0}
{'candidate': 'natural_residual_qat_w4_c1.0_step700', 'source': 'natural_residual_qat', 'method': 'natural_residual_qat', 'bits': 4, 'clip': 1.0, 'step': 700, 'psnr': 30.255813598632812, 'ssim': 0.8469470143318176, 'psnr_p05': 24.486379623413086, 'min_psnr': 24.182737350463867, 'quality_violation_fraction': 0.3499999940395355, 'target_mse': 0.003898775428353929, 'feasible': True, 'semantic_lowpass_mse': 4.507666717472603e-05, 'generated_reference_mse': 0.0012368807452730834, 'natural_validation_mse': 0.003898775428353929, 'natural_validation_lpips': 0.062418980542133795, 'natural_validation_residual': 0.024497889957387997, 'natural_validation_spectral': None, 'selection_objective': 0.03472871677430476, 'code_change_fraction_vs_rtn': 0.016777683049440384, 'code_offset_rms': 0.02136960109354565, 'code_offset_ge_one_fraction': 0.0}
{'candidate': 'natural_residual_qat_w4_c1.0_step800', 'source': 'natural_residual_qat', 'method': 'natural_residual_qat', 'bits': 4, 'clip': 1.0, 'step': 800, 'psnr': 30.263402938842773, 'ssim': 0.8462005853652954, 'psnr_p05': 24.464799880981445, 'min_psnr': 24.13245964050293, 'quality_violation_fraction': 0.3499999940395355, 'target_mse': 0.003876112261536946, 'feasible': True, 'semantic_lowpass_mse': 4.311963175496203e-05, 'generated_reference_mse': 0.0012393854107358494, 'natural_validation_mse': 0.003876112261536946, 'natural_validation_lpips': 0.06222248004633002, 'natural_validation_residual': 0.024425283952837162, 'natural_validation_spectral': None, 'selection_objective': 0.034609883482517034, 'code_change_fraction_vs_rtn': 0.0170452743768692, 'code_offset_rms': 0.021715852310207524, 'code_offset_ge_one_fraction': 0.0}
{'candidate': 'natural_residual_qat_w4_c1.0_step900', 'source': 'natural_residual_qat', 'method': 'natural_residual_qat', 'bits': 4, 'clip': 1.0, 'step': 900, 'psnr': 30.240747451782227, 'ssim': 0.8461405038833618, 'psnr_p05': 24.466394424438477, 'min_psnr': 24.141569137573242, 'quality_violation_fraction': 0.3499999940395355, 'target_mse': 0.0038661035122231624, 'feasible': True, 'semantic_lowpass_mse': 4.820735730390879e-05, 'generated_reference_mse': 0.00124284022313077, 'natural_validation_mse': 0.0038661035122231624, 'natural_validation_lpips': 0.062046198450843804, 'natural_validation_residual': 0.02439206470216959, 'natural_validation_spectral': None, 'selection_objective': 0.03455920277408495, 'code_change_fraction_vs_rtn': 0.017200008034706116, 'code_offset_rms': 0.021923684807884574, 'code_offset_ge_one_fraction': 0.0}
{'candidate': 'natural_residual_qat_w4_c1.0_step1000', 'source': 'natural_residual_qat', 'method': 'natural_residual_qat', 'bits': 4, 'clip': 1.0, 'step': 1000, 'psnr': 30.211938858032227, 'ssim': 0.8446269035339355, 'psnr_p05': 24.453102111816406, 'min_psnr': 24.0655517578125, 'quality_violation_fraction': 0.3499999940395355, 'target_mse': 0.0038705771514457865, 'feasible': True, 'semantic_lowpass_mse': 4.372333896753844e-05, 'generated_reference_mse': 0.0012543996737804264, 'natural_validation_mse': 0.0038705771514457865, 'natural_validation_lpips': 0.061926089132612105, 'natural_validation_residual': 0.02437295216259372, 'natural_validation_spectral': None, 'selection_objective': 0.03452358490523579, 'code_change_fraction_vs_rtn': 0.017316989600658417, 'code_offset_rms': 0.022075402914462024, 'code_offset_ge_one_fraction': 0.0}
{'candidate': 'natural_residual_qat_w8_c1.0_step0', 'source': 'rtn_fallback', 'method': 'natural_residual_qat', 'bits': 8, 'clip': 1.0, 'step': 0, 'psnr': 57.079551696777344, 'ssim': 0.9997357130050659, 'psnr_p05': 53.200199127197266, 'min_psnr': 52.35443115234375, 'quality_violation_fraction': 0.0, 'target_mse': 0.00448062992109044, 'feasible': True, 'semantic_lowpass_mse': 3.0512774955582246e-07, 'generated_reference_mse': 2.304731731328502e-06, 'natural_validation_mse': 0.00448062992109044, 'natural_validation_lpips': 0.07531345781171694, 'natural_validation_residual': 0.03073531175948574, 'natural_validation_spectral': None, 'selection_objective': 0.042747897717246984, 'code_change_fraction_vs_rtn': 0.0, 'code_offset_rms': 0.0, 'code_offset_ge_one_fraction': 0.0}
{'candidate': 'natural_residual_qat_w8_c1.0_step100', 'source': 'natural_residual_qat', 'method': 'natural_residual_qat', 'bits': 8, 'clip': 1.0, 'step': 100, 'psnr': 43.450279235839844, 'ssim': 0.9952395558357239, 'psnr_p05': 38.62813949584961, 'min_psnr': 38.5245475769043, 'quality_violation_fraction': 0.0, 'target_mse': 0.004246389577758691, 'feasible': True, 'semantic_lowpass_mse': 4.9697228234890645e-06, 'generated_reference_mse': 5.715851475542877e-05, 'natural_validation_mse': 0.004246389577758691, 'natural_validation_lpips': 0.07741673324198928, 'natural_validation_residual': 0.02838975156930701, 'natural_validation_spectral': None, 'selection_objective': 0.04038775391691161, 'code_change_fraction_vs_rtn': 0.008104315958917141, 'code_offset_rms': 0.011562836981829331, 'code_offset_ge_one_fraction': 0.0}
{'candidate': 'natural_residual_qat_w8_c1.0_step200', 'source': 'natural_residual_qat', 'method': 'natural_residual_qat', 'bits': 8, 'clip': 1.0, 'step': 200, 'psnr': 41.412628173828125, 'ssim': 0.9918776750564575, 'psnr_p05': 36.47455978393555, 'min_psnr': 36.456214904785156, 'quality_violation_fraction': 0.0, 'target_mse': 0.0041671911740195355, 'feasible': True, 'semantic_lowpass_mse': 8.045938773193485e-06, 'generated_reference_mse': 9.11689743588795e-05, 'natural_validation_mse': 0.0041671911740195355, 'natural_validation_lpips': 0.07797167085664114, 'natural_validation_residual': 0.02771673187385204, 'natural_validation_spectral': None, 'selection_objective': 0.03969718201108208, 'code_change_fraction_vs_rtn': 0.012351954355835915, 'code_offset_rms': 0.017876070272934128, 'code_offset_ge_one_fraction': 0.0}
{'candidate': 'natural_residual_qat_w8_c1.0_step300', 'source': 'natural_residual_qat', 'method': 'natural_residual_qat', 'bits': 8, 'clip': 1.0, 'step': 300, 'psnr': 40.30839920043945, 'ssim': 0.9890542030334473, 'psnr_p05': 35.289695739746094, 'min_psnr': 35.1945915222168, 'quality_violation_fraction': 0.0, 'target_mse': 0.004127386422226209, 'feasible': True, 'semantic_lowpass_mse': 9.009635653001169e-06, 'generated_reference_mse': 0.00011801515211118385, 'natural_validation_mse': 0.004127386422226209, 'natural_validation_lpips': 0.07816918844036991, 'natural_validation_residual': 0.02731066786725478, 'natural_validation_spectral': None, 'selection_objective': 0.03927299240482398, 'code_change_fraction_vs_rtn': 0.015648718923330307, 'code_offset_rms': 0.02283357973329997, 'code_offset_ge_one_fraction': 0.0}
{'candidate': 'natural_residual_qat_w8_c1.0_step400', 'source': 'natural_residual_qat', 'method': 'natural_residual_qat', 'bits': 8, 'clip': 1.0, 'step': 400, 'psnr': 39.734378814697266, 'ssim': 0.9872838258743286, 'psnr_p05': 34.73978805541992, 'min_psnr': 34.58182907104492, 'quality_violation_fraction': 0.0, 'target_mse': 0.004102467828488443, 'feasible': True, 'semantic_lowpass_mse': 9.91968111065944e-06, 'generated_reference_mse': 0.0001341207464065519, 'natural_validation_mse': 0.004102467828488443, 'natural_validation_lpips': 0.0777321430578013, 'natural_validation_residual': 0.027104029040401656, 'natural_validation_spectral': None, 'selection_objective': 0.038999550536891546, 'code_change_fraction_vs_rtn': 0.01805080659687519, 'code_offset_rms': 0.026471673824866794, 'code_offset_ge_one_fraction': 0.0}
{'candidate': 'natural_residual_qat_w8_c1.0_step500', 'source': 'natural_residual_qat', 'method': 'natural_residual_qat', 'bits': 8, 'clip': 1.0, 'step': 500, 'psnr': 39.27560806274414, 'ssim': 0.9855680465698242, 'psnr_p05': 34.27362060546875, 'min_psnr': 34.060672760009766, 'quality_violation_fraction': 0.0, 'target_mse': 0.004089681146979274, 'feasible': True, 'semantic_lowpass_mse': 1.0324422487428819e-05, 'generated_reference_mse': 0.00014905106309015537, 'natural_validation_mse': 0.004089681146979274, 'natural_validation_lpips': 0.07736280086101033, 'natural_validation_residual': 0.026944958677972863, 'natural_validation_spectral': None, 'selection_objective': 0.03879156875602803, 'code_change_fraction_vs_rtn': 0.01999145932495594, 'code_offset_rms': 0.02943224329372206, 'code_offset_ge_one_fraction': 0.0}
{'candidate': 'natural_residual_qat_w8_c1.0_step600', 'source': 'natural_residual_qat', 'method': 'natural_residual_qat', 'bits': 8, 'clip': 1.0, 'step': 600, 'psnr': 38.94925308227539, 'ssim': 0.9843894839286804, 'psnr_p05': 33.9946174621582, 'min_psnr': 33.747703552246094, 'quality_violation_fraction': 0.0, 'target_mse': 0.004078217213645985, 'feasible': True, 'semantic_lowpass_mse': 1.0850592298083939e-05, 'generated_reference_mse': 0.00016005709603632566, 'natural_validation_mse': 0.004078217213645985, 'natural_validation_lpips': 0.07709434102434898, 'natural_validation_residual': 0.026847798958669955, 'natural_validation_spectral': None, 'selection_objective': 0.038657151459347006, 'code_change_fraction_vs_rtn': 0.02134532667696476, 'code_offset_rms': 0.03150252112437607, 'code_offset_ge_one_fraction': 0.0}
{'candidate': 'natural_residual_qat_w8_c1.0_step700', 'source': 'natural_residual_qat', 'method': 'natural_residual_qat', 'bits': 8, 'clip': 1.0, 'step': 700, 'psnr': 38.74749755859375, 'ssim': 0.9835243225097656, 'psnr_p05': 33.79283142089844, 'min_psnr': 33.521724700927734, 'quality_violation_fraction': 0.0, 'target_mse': 0.004069150388090748, 'feasible': True, 'semantic_lowpass_mse': 1.1192553336059063e-05, 'generated_reference_mse': 0.0001675374996921164, 'natural_validation_mse': 0.004069150388090748, 'natural_validation_lpips': 0.07693209718127036, 'natural_validation_residual': 0.0267783850390515, 'natural_validation_spectral': None, 'selection_objective': 0.0385631302519414, 'code_change_fraction_vs_rtn': 0.022315753623843193, 'code_offset_rms': 0.03299693113056806, 'code_offset_ge_one_fraction': 0.0}
{'candidate': 'natural_residual_qat_w8_c1.0_step800', 'source': 'natural_residual_qat', 'method': 'natural_residual_qat', 'bits': 8, 'clip': 1.0, 'step': 800, 'psnr': 38.60852813720703, 'ssim': 0.9829003214836121, 'psnr_p05': 33.65138244628906, 'min_psnr': 33.366817474365234, 'quality_violation_fraction': 0.0, 'target_mse': 0.004065000895138837, 'feasible': True, 'semantic_lowpass_mse': 1.169721979294991e-05, 'generated_reference_mse': 0.00017299032006121707, 'natural_validation_mse': 0.004065000895138837, 'natural_validation_lpips': 0.07678947832027916, 'natural_validation_residual': 0.026734821700301836, 'natural_validation_spectral': None, 'selection_objective': 0.03850216486705449, 'code_change_fraction_vs_rtn': 0.02294476330280304, 'code_offset_rms': 0.033963839997063205, 'code_offset_ge_one_fraction': 0.0}
{'candidate': 'natural_residual_qat_w8_c1.0_step900', 'source': 'natural_residual_qat', 'method': 'natural_residual_qat', 'bits': 8, 'clip': 1.0, 'step': 900, 'psnr': 38.53662109375, 'ssim': 0.9825701713562012, 'psnr_p05': 33.5742301940918, 'min_psnr': 33.288604736328125, 'quality_violation_fraction': 0.0, 'target_mse': 0.004062869668132407, 'feasible': True, 'semantic_lowpass_mse': 1.1921586610696977e-05, 'generated_reference_mse': 0.0001759055341608473, 'natural_validation_mse': 0.004062869668132407, 'natural_validation_lpips': 0.07669595642801141, 'natural_validation_residual': 0.02671017911166018, 'natural_validation_spectral': None, 'selection_objective': 0.03846648759581512, 'code_change_fraction_vs_rtn': 0.02331598848104477, 'code_offset_rms': 0.034544478006445035, 'code_offset_ge_one_fraction': 0.0}
{'candidate': 'natural_residual_qat_w8_c1.0_step1000', 'source': 'natural_residual_qat', 'method': 'natural_residual_qat', 'bits': 8, 'clip': 1.0, 'step': 1000, 'psnr': 38.4806022644043, 'ssim': 0.9822637438774109, 'psnr_p05': 33.51029586791992, 'min_psnr': 33.22303009033203, 'quality_violation_fraction': 0.0, 'target_mse': 0.0040609723076840964, 'feasible': True, 'semantic_lowpass_mse': 1.204852546834445e-05, 'generated_reference_mse': 0.0001782950008418993, 'natural_validation_mse': 0.0040609723076840964, 'natural_validation_lpips': 0.0766442063904833, 'natural_validation_residual': 0.026689781692994075, 'natural_validation_spectral': None, 'selection_objective': 0.03843927169066319, 'code_change_fraction_vs_rtn': 0.023607926443219185, 'code_offset_rms': 0.034996248106941276, 'code_offset_ge_one_fraction': 0.0}
{'candidate': 'natural_full_finetune_w32_c1.0_step0', 'source': 'marked_fp32_fallback', 'method': 'natural_full_finetune', 'bits': 32, 'clip': 1.0, 'step': 0, 'psnr': 120.0, 'ssim': 1.0, 'psnr_p05': 120.0, 'min_psnr': 120.0, 'quality_violation_fraction': 0.0, 'target_mse': 0.0044825395657994704, 'feasible': True, 'semantic_lowpass_mse': 0.0, 'generated_reference_mse': 0.0, 'natural_validation_mse': 0.0044825395657994704, 'natural_validation_lpips': 0.07518677371990634, 'natural_validation_residual': None, 'natural_validation_spectral': None, 'selection_objective': 0.012001216937790105}
{'candidate': 'natural_full_finetune_w32_c1.0_step100', 'source': 'natural_full_finetune', 'method': 'natural_full_finetune', 'bits': 32, 'clip': 1.0, 'step': 100, 'psnr': 28.00972557067871, 'ssim': 0.8103721737861633, 'psnr_p05': 23.915142059326172, 'min_psnr': 23.107627868652344, 'quality_violation_fraction': 0.44999998807907104, 'target_mse': 0.004574072313914712, 'feasible': True, 'semantic_lowpass_mse': 0.0002371277383645065, 'generated_reference_mse': 0.0018744874425465242, 'natural_validation_mse': 0.004574072313914712, 'natural_validation_lpips': 0.08469113262981409, 'natural_validation_residual': None, 'natural_validation_spectral': None, 'selection_objective': 0.013043185576896122}
{'candidate': 'natural_full_finetune_w32_c1.0_step200', 'source': 'natural_full_finetune', 'method': 'natural_full_finetune', 'bits': 32, 'clip': 1.0, 'step': 200, 'psnr': 27.938373565673828, 'ssim': 0.8087543249130249, 'psnr_p05': 23.38719940185547, 'min_psnr': 22.39034652709961, 'quality_violation_fraction': 0.4000000059604645, 'target_mse': 0.0044547662525360465, 'feasible': True, 'semantic_lowpass_mse': 0.00029756621006526984, 'generated_reference_mse': 0.0019876245845807717, 'natural_validation_mse': 0.0044547662525360465, 'natural_validation_lpips': 0.08590836866642348, 'natural_validation_residual': None, 'natural_validation_spectral': None, 'selection_objective': 0.013045603119178396}
{'candidate': 'natural_full_finetune_w32_c1.0_step300', 'source': 'natural_full_finetune', 'method': 'natural_full_finetune', 'bits': 32, 'clip': 1.0, 'step': 300, 'psnr': 28.154346466064453, 'ssim': 0.8038975596427917, 'psnr_p05': 23.475536346435547, 'min_psnr': 23.16018295288086, 'quality_violation_fraction': 0.44999998807907104, 'target_mse': 0.004336711535472659, 'feasible': True, 'semantic_lowpass_mse': 0.0002151760101696709, 'generated_reference_mse': 0.0018647947610588745, 'natural_validation_mse': 0.004336711535472659, 'natural_validation_lpips': 0.07795282306324225, 'natural_validation_residual': None, 'natural_validation_spectral': None, 'selection_objective': 0.012131993841796885}
{'candidate': 'natural_full_finetune_w32_c1.0_step400', 'source': 'natural_full_finetune', 'method': 'natural_full_finetune', 'bits': 32, 'clip': 1.0, 'step': 400, 'psnr': 28.24123191833496, 'ssim': 0.81207674741745, 'psnr_p05': 23.48760414123535, 'min_psnr': 23.135881423950195, 'quality_violation_fraction': 0.4000000059604645, 'target_mse': 0.004268945491674003, 'feasible': True, 'semantic_lowpass_mse': 0.00025404387997696176, 'generated_reference_mse': 0.0018248417763970792, 'natural_validation_mse': 0.004268945491674003, 'natural_validation_lpips': 0.07821001349657308, 'natural_validation_residual': None, 'natural_validation_spectral': None, 'selection_objective': 0.012089946841331313}
{'candidate': 'natural_full_finetune_w32_c1.0_step500', 'source': 'natural_full_finetune', 'method': 'natural_full_finetune', 'bits': 32, 'clip': 1.0, 'step': 500, 'psnr': 28.476821899414062, 'ssim': 0.8107450604438782, 'psnr_p05': 23.730175018310547, 'min_psnr': 22.96733856201172, 'quality_violation_fraction': 0.44999998807907104, 'target_mse': 0.004126956266702564, 'feasible': True, 'semantic_lowpass_mse': 0.00018116692463081562, 'generated_reference_mse': 0.0017644999286858365, 'natural_validation_mse': 0.004126956266702564, 'natural_validation_lpips': 0.07062105989461998, 'natural_validation_residual': None, 'natural_validation_spectral': None, 'selection_objective': 0.011189062256164561}
{'candidate': 'natural_full_finetune_w32_c1.0_step600', 'source': 'natural_full_finetune', 'method': 'natural_full_finetune', 'bits': 32, 'clip': 1.0, 'step': 600, 'psnr': 28.73378562927246, 'ssim': 0.8132063746452332, 'psnr_p05': 23.50992202758789, 'min_psnr': 23.174278259277344, 'quality_violation_fraction': 0.44999998807907104, 'target_mse': 0.004044603277066017, 'feasible': True, 'semantic_lowpass_mse': 0.00013400029129115865, 'generated_reference_mse': 0.001676101428165566, 'natural_validation_mse': 0.004044603277066017, 'natural_validation_lpips': 0.06687103619333357, 'natural_validation_residual': None, 'natural_validation_spectral': None, 'selection_objective': 0.010731706896399374}
{'candidate': 'natural_full_finetune_w32_c1.0_step700', 'source': 'natural_full_finetune', 'method': 'natural_full_finetune', 'bits': 32, 'clip': 1.0, 'step': 700, 'psnr': 28.8487606048584, 'ssim': 0.8165000081062317, 'psnr_p05': 23.69623374938965, 'min_psnr': 23.208175659179688, 'quality_violation_fraction': 0.4000000059604645, 'target_mse': 0.004003818317414698, 'feasible': True, 'semantic_lowpass_mse': 0.00014089649830566485, 'generated_reference_mse': 0.001643064504605718, 'natural_validation_mse': 0.004003818317414698, 'natural_validation_lpips': 0.06325062424730277, 'natural_validation_residual': None, 'natural_validation_spectral': None, 'selection_objective': 0.010328880742144976}
{'candidate': 'natural_full_finetune_w32_c1.0_step800', 'source': 'natural_full_finetune', 'method': 'natural_full_finetune', 'bits': 32, 'clip': 1.0, 'step': 800, 'psnr': 29.034475326538086, 'ssim': 0.8209251165390015, 'psnr_p05': 23.832069396972656, 'min_psnr': 23.335695266723633, 'quality_violation_fraction': 0.4000000059604645, 'target_mse': 0.0039433923150795636, 'feasible': True, 'semantic_lowpass_mse': 0.00011068046678701649, 'generated_reference_mse': 0.0015822062021470628, 'natural_validation_mse': 0.0039433923150795636, 'natural_validation_lpips': 0.06111545634485083, 'natural_validation_residual': None, 'natural_validation_spectral': None, 'selection_objective': 0.010054937949564646}
{'candidate': 'natural_full_finetune_w32_c1.0_step900', 'source': 'natural_full_finetune', 'method': 'natural_full_finetune', 'bits': 32, 'clip': 1.0, 'step': 900, 'psnr': 29.174707412719727, 'ssim': 0.8243752717971802, 'psnr_p05': 23.99640464782715, 'min_psnr': 23.494909286499023, 'quality_violation_fraction': 0.4000000059604645, 'target_mse': 0.00387101740483331, 'feasible': True, 'semantic_lowpass_mse': 0.00011435229334892938, 'generated_reference_mse': 0.0015291971285478212, 'natural_validation_mse': 0.00387101740483331, 'natural_validation_lpips': 0.05990152500817203, 'natural_validation_residual': None, 'natural_validation_spectral': None, 'selection_objective': 0.009861169905650512}
{'candidate': 'natural_full_finetune_w32_c1.0_step1000', 'source': 'natural_full_finetune', 'method': 'natural_full_finetune', 'bits': 32, 'clip': 1.0, 'step': 1000, 'psnr': 29.188350677490234, 'ssim': 0.8232105374336243, 'psnr_p05': 23.939945220947266, 'min_psnr': 23.46039581298828, 'quality_violation_fraction': 0.4000000059604645, 'target_mse': 0.0038729579635798927, 'feasible': True, 'semantic_lowpass_mse': 0.00010397482637927168, 'generated_reference_mse': 0.0015335083488025702, 'natural_validation_mse': 0.0038729579635798927, 'natural_validation_lpips': 0.05895517114913673, 'natural_validation_residual': None, 'natural_validation_spectral': None, 'selection_objective': 0.009768475078493566}
cached latents 8/100
cached latents 16/100
cached latents 24/100
cached latents 32/100
cached latents 40/100
cached latents 48/100
cached latents 56/100
cached latents 64/100
cached latents 72/100
cached latents 80/100
cached latents 88/100
cached latents 96/100
cached latents 100/100
decoded references 32/100
decoded references 64/100
decoded references 96/100
decoded references 100/100
Test evaluation: fixed_ptq_w8_c1.0_test (100 images)
Test evaluation: reconstruction_w8_c1.0_test (100 images)
Test evaluation: natural_residual_w4_c1.0_test (100 images)
Test evaluation: natural_residual_qat_w4_c1.0_test (100 images)
Test evaluation: natural_residual_qat_w8_c1.0_test (100 images)
Test evaluation: natural_full_finetune_fp32_test (100 images)
Test evaluation: reconstruction_w8_c1.0_final_test (100 images)
[3/4] Preparing or reusing the checksum-pinned official owner extractor...
Reusing verified owner extractor: /home/jovyan/thinhnd39/quantization/output_artifacts/owner_assets/dec_48b_whit.torchscript.pt (sha256=77cd0a2040b9391233bbcd79c1adf00816b196089cbb844da40035f854637a04)
[4/4] Running owner-only evaluation after selection freeze...
Setting up [LPIPS] perceptual loss: trunk [alex], v[0.1], spatial [off]
/opt/conda/envs/wmq/lib/python3.11/site-packages/torchvision/models/_utils.py:208: UserWarning: The parameter 'pretrained' is deprecated since 0.13 and may be removed in the future, please use 'weights' instead.
  warnings.warn(
/opt/conda/envs/wmq/lib/python3.11/site-packages/torchvision/models/_utils.py:223: UserWarning: Arguments other than a weight enum or `None` for 'weights' are deprecated since 0.13 and may be removed in the future. The current behavior is equivalent to passing `weights=AlexNet_Weights.IMAGENET1K_V1`. You can also use `weights=AlexNet_Weights.DEFAULT` to get the most up-to-date weights.
  warnings.warn(msg)
Loading model from: /opt/conda/envs/wmq/lib/python3.11/site-packages/lpips/weights/v0.1/alex.pth
[
  {
    "method": "marked_reference_test",
    "comparison_group": null,
    "role": "reference",
    "detector": "double",
    "test_quality_valid": true,
    "search_quality_valid": null,
    "bit_accuracy": 0.985625,
    "tpr": 0.99,
    "n": 100,
    "evasion_rate": 0.010000000000000009,
    "evasion_ci95_low": 0.0017674320641406505,
    "evasion_ci95_high": 0.054486196178705426,
    "mean_abs_bit_accuracy_minus_half": 0.485625,
    "detected_count": 99,
    "tpr_ci95_low": 0.9455138038212946,
    "tpr_ci95_high": 0.9982325679358593,
    "threshold_matches": 36,
    "lower_threshold_matches": 12,
    "lpips": 0.0,
    "psnr": 120.0,
    "ssim": 1.0,
    "highpass_energy_ratio": 1.0,
    "highpass_mse": 0.0,
    "reference_valid": true,
    "total_bits": 4800,
    "correct_bits": 4731,
    "error_bits": 69,
    "net_additional_bit_errors": 0,
    "decoding_improved_images": 0,
    "decoding_worsened_images": 0,
    "decoding_tied_images": 100,
    "exact_message_accuracy": 0.75,
    "bit_accuracy_drop_pp": 0.0,
    "bit_accuracy_drop_ci95_low_pp": 0.0,
    "bit_accuracy_drop_ci95_high_pp": 0.0,
    "survival_on_originally_detected": 1.0,
    "evasion_on_originally_detected": 0.0,
    "survival_ci95_low": 0.9626467879321725,
    "survival_ci95_high": 1.0,
    "tpr_drop_percentage_points": 0.0,
    "tpr_drop_ci95_low_pp": 0.0,
    "tpr_drop_ci95_high_pp": 0.0,
    "bit_accuracy_retained_percent": 100.0,
    "tpr_retained_percent": 100.0
  },
  {
    "method": "pseudo_target_test",
    "comparison_group": null,
    "role": "diagnostic",
    "detector": "double",
    "test_quality_valid": true,
    "search_quality_valid": null,
    "bit_accuracy": 0.9814583333333331,
    "tpr": 0.99,
    "n": 100,
    "evasion_rate": 0.010000000000000009,
    "evasion_ci95_low": 0.0017674320641406505,
    "evasion_ci95_high": 0.054486196178705426,
    "mean_abs_bit_accuracy_minus_half": 0.48145833333333343,
    "detected_count": 99,
    "tpr_ci95_low": 0.9455138038212946,
    "tpr_ci95_high": 0.9982325679358593,
    "threshold_matches": 36,
    "lower_threshold_matches": 12,
    "lpips": 0.01303590188268572,
    "psnr": 41.636995010375976,
    "ssim": 0.9925714315192385,
    "highpass_energy_ratio": 0.6611548715829849,
    "highpass_mse": 6.312042258286965e-05,
    "reference_valid": true,
    "total_bits": 4800,
    "correct_bits": 4711,
    "error_bits": 89,
    "net_additional_bit_errors": 20,
    "decoding_improved_images": 1,
    "decoding_worsened_images": 15,
    "decoding_tied_images": 84,
    "exact_message_accuracy": 0.69,
    "bit_accuracy_drop_pp": 0.4166666666666667,
    "bit_accuracy_drop_ci95_low_pp": 0.20833333333333323,
    "bit_accuracy_drop_ci95_high_pp": 0.6666666666666664,
    "survival_on_originally_detected": 1.0,
    "evasion_on_originally_detected": 0.0,
    "survival_ci95_low": 0.9626467879321725,
    "survival_ci95_high": 1.0,
    "tpr_drop_percentage_points": 0.0,
    "tpr_drop_ci95_low_pp": 0.0,
    "tpr_drop_ci95_high_pp": 0.0,
    "bit_accuracy_retained_percent": 99.57725639399702,
    "tpr_retained_percent": 100.0
  },
  {
    "method": "fixed_ptq_w8_c1.0_test",
    "comparison_group": "w8_c1.0_all",
    "role": "candidate",
    "detector": "double",
    "test_quality_valid": true,
    "search_quality_valid": true,
    "bit_accuracy": 0.9852083333333332,
    "tpr": 0.99,
    "n": 100,
    "evasion_rate": 0.010000000000000009,
    "evasion_ci95_low": 0.0017674320641406505,
    "evasion_ci95_high": 0.054486196178705426,
    "mean_abs_bit_accuracy_minus_half": 0.4852083333333333,
    "detected_count": 99,
    "tpr_ci95_low": 0.9455138038212946,
    "tpr_ci95_high": 0.9982325679358593,
    "threshold_matches": 36,
    "lower_threshold_matches": 12,
    "lpips": 0.00019757633192057255,
    "psnr": 56.706695556640625,
    "ssim": 0.9997078776359558,
    "highpass_energy_ratio": 0.998166937828064,
    "highpass_mse": 1.5602092038591308e-06,
    "reference_valid": true,
    "total_bits": 4800,
    "correct_bits": 4729,
    "error_bits": 71,
    "net_additional_bit_errors": 2,
    "decoding_improved_images": 0,
    "decoding_worsened_images": 2,
    "decoding_tied_images": 98,
    "exact_message_accuracy": 0.74,
    "bit_accuracy_drop_pp": 0.041666666666666664,
    "bit_accuracy_drop_ci95_low_pp": 0.0,
    "bit_accuracy_drop_ci95_high_pp": 0.10416666666666662,
    "survival_on_originally_detected": 1.0,
    "evasion_on_originally_detected": 0.0,
    "survival_ci95_low": 0.9626467879321725,
    "survival_ci95_high": 1.0,
    "tpr_drop_percentage_points": 0.0,
    "tpr_drop_ci95_low_pp": 0.0,
    "tpr_drop_ci95_high_pp": 0.0,
    "bit_accuracy_retained_percent": 99.9577256393997,
    "tpr_retained_percent": 100.0
  },
  {
    "method": "reconstruction_w8_c1.0_test",
    "comparison_group": "w8_c1.0_all",
    "role": "candidate",
    "detector": "double",
    "test_quality_valid": true,
    "search_quality_valid": true,
    "bit_accuracy": 0.985625,
    "tpr": 0.99,
    "n": 100,
    "evasion_rate": 0.010000000000000009,
    "evasion_ci95_low": 0.0017674320641406505,
    "evasion_ci95_high": 0.054486196178705426,
    "mean_abs_bit_accuracy_minus_half": 0.485625,
    "detected_count": 99,
    "tpr_ci95_low": 0.9455138038212946,
    "tpr_ci95_high": 0.9982325679358593,
    "threshold_matches": 36,
    "lower_threshold_matches": 12,
    "lpips": 0.00018190810955275082,
    "psnr": 56.831050872802734,
    "ssim": 0.9997062683105469,
    "highpass_energy_ratio": 0.9959789550304413,
    "highpass_mse": 1.3889209809292424e-06,
    "reference_valid": true,
    "total_bits": 4800,
    "correct_bits": 4731,
    "error_bits": 69,
    "net_additional_bit_errors": 0,
    "decoding_improved_images": 0,
    "decoding_worsened_images": 0,
    "decoding_tied_images": 100,
    "exact_message_accuracy": 0.75,
    "bit_accuracy_drop_pp": 0.0,
    "bit_accuracy_drop_ci95_low_pp": 0.0,
    "bit_accuracy_drop_ci95_high_pp": 0.0,
    "survival_on_originally_detected": 1.0,
    "evasion_on_originally_detected": 0.0,
    "survival_ci95_low": 0.9626467879321725,
    "survival_ci95_high": 1.0,
    "tpr_drop_percentage_points": 0.0,
    "tpr_drop_ci95_low_pp": 0.0,
    "tpr_drop_ci95_high_pp": 0.0,
    "bit_accuracy_retained_percent": 100.0,
    "tpr_retained_percent": 100.0
  },
  {
    "method": "natural_residual_qat_w8_c1.0_test",
    "comparison_group": "w8_c1.0_all",
    "role": "candidate",
    "detector": "double",
    "test_quality_valid": true,
    "search_quality_valid": true,
    "bit_accuracy": 0.98125,
    "tpr": 0.99,
    "n": 100,
    "evasion_rate": 0.010000000000000009,
    "evasion_ci95_low": 0.0017674320641406505,
    "evasion_ci95_high": 0.054486196178705426,
    "mean_abs_bit_accuracy_minus_half": 0.48125,
    "detected_count": 99,
    "tpr_ci95_low": 0.9455138038212946,
    "tpr_ci95_high": 0.9982325679358593,
    "threshold_matches": 36,
    "lower_threshold_matches": 12,
    "lpips": 0.014609000650234521,
    "psnr": 38.262725830078125,
    "ssim": 0.9807541370391846,
    "highpass_energy_ratio": 0.833271102309227,
    "highpass_mse": 0.00010343057365389541,
    "reference_valid": true,
    "total_bits": 4800,
    "correct_bits": 4710,
    "error_bits": 90,
    "net_additional_bit_errors": 21,
    "decoding_improved_images": 8,
    "decoding_worsened_images": 20,
    "decoding_tied_images": 72,
    "exact_message_accuracy": 0.7,
    "bit_accuracy_drop_pp": 0.4375,
    "bit_accuracy_drop_ci95_low_pp": 0.08333333333333315,
    "bit_accuracy_drop_ci95_high_pp": 0.8541666666666664,
    "survival_on_originally_detected": 1.0,
    "evasion_on_originally_detected": 0.0,
    "survival_ci95_low": 0.9626467879321725,
    "survival_ci95_high": 1.0,
    "tpr_drop_percentage_points": 0.0,
    "tpr_drop_ci95_low_pp": 0.0,
    "tpr_drop_ci95_high_pp": 0.0,
    "bit_accuracy_retained_percent": 99.55611921369689,
    "tpr_retained_percent": 100.0
  },
  {
    "method": "natural_residual_w4_c1.0_test",
    "comparison_group": "w4_c1.0_all",
    "role": "candidate",
    "detector": "double",
    "test_quality_valid": true,
    "search_quality_valid": true,
    "bit_accuracy": 0.7631249999999998,
    "tpr": 0.63,
    "n": 100,
    "evasion_rate": 0.37,
    "evasion_ci95_low": 0.28182360534324535,
    "evasion_ci95_high": 0.4677947041905709,
    "mean_abs_bit_accuracy_minus_half": 0.26437499999999997,
    "detected_count": 63,
    "tpr_ci95_low": 0.5322052958094291,
    "tpr_ci95_high": 0.7181763946567546,
    "threshold_matches": 36,
    "lower_threshold_matches": 12,
    "lpips": 0.043050025897100566,
    "psnr": 29.47989273071289,
    "ssim": 0.8204081058502197,
    "highpass_energy_ratio": 0.747271575331688,
    "highpass_mse": 0.0009001030910440022,
    "reference_valid": true,
    "total_bits": 4800,
    "correct_bits": 3663,
    "error_bits": 1137,
    "net_additional_bit_errors": 1068,
    "decoding_improved_images": 0,
    "decoding_worsened_images": 100,
    "decoding_tied_images": 0,
    "exact_message_accuracy": 0.0,
    "bit_accuracy_drop_pp": 22.25,
    "bit_accuracy_drop_ci95_low_pp": 20.5625,
    "bit_accuracy_drop_ci95_high_pp": 23.91666666666667,
    "survival_on_originally_detected": 0.6363636363636364,
    "evasion_on_originally_detected": 0.36363636363636365,
    "survival_ci95_low": 0.5381589889509573,
    "survival_ci95_high": 0.7243810441214535,
    "tpr_drop_percentage_points": 36.0,
    "tpr_drop_ci95_low_pp": 27.0,
    "tpr_drop_ci95_high_pp": 45.0,
    "bit_accuracy_retained_percent": 77.42549143944197,
    "tpr_retained_percent": 63.63636363636364
  },
  {
    "method": "natural_residual_qat_w4_c1.0_test",
    "comparison_group": "w4_c1.0_all",
    "role": "candidate",
    "detector": "double",
    "test_quality_valid": true,
    "search_quality_valid": true,
    "bit_accuracy": 0.8410416666666666,
    "tpr": 0.84,
    "n": 100,
    "evasion_rate": 0.16000000000000003,
    "evasion_ci95_low": 0.10095288488804788,
    "evasion_ci95_high": 0.24420269389270244,
    "mean_abs_bit_accuracy_minus_half": 0.3414583333333334,
    "detected_count": 84,
    "tpr_ci95_low": 0.7557973061072976,
    "tpr_ci95_high": 0.8990471151119521,
    "threshold_matches": 36,
    "lower_threshold_matches": 12,
    "lpips": 0.04013131320476532,
    "psnr": 29.951087951660156,
    "ssim": 0.8383704423904419,
    "highpass_energy_ratio": 0.7551086488366127,
    "highpass_mse": 0.0008111572698544478,
    "reference_valid": true,
    "total_bits": 4800,
    "correct_bits": 4037,
    "error_bits": 763,
    "net_additional_bit_errors": 694,
    "decoding_improved_images": 0,
    "decoding_worsened_images": 100,
    "decoding_tied_images": 0,
    "exact_message_accuracy": 0.0,
    "bit_accuracy_drop_pp": 14.458333333333334,
    "bit_accuracy_drop_ci95_low_pp": 13.0828125,
    "bit_accuracy_drop_ci95_high_pp": 15.812499999999996,
    "survival_on_originally_detected": 0.8484848484848485,
    "evasion_on_originally_detected": 0.1515151515151515,
    "survival_ci95_low": 0.7649588925157852,
    "survival_ci95_high": 0.9059767475581532,
    "tpr_drop_percentage_points": 15.000000000000002,
    "tpr_drop_ci95_low_pp": 8.0,
    "tpr_drop_ci95_high_pp": 22.0,
    "bit_accuracy_retained_percent": 85.3307968716973,
    "tpr_retained_percent": 84.84848484848484
  },
  {
    "method": "natural_full_finetune_fp32_test",
    "comparison_group": "fp32_unrestricted_decoder_control",
    "role": "finetune_control",
    "detector": "double",
    "test_quality_valid": true,
    "search_quality_valid": true,
    "bit_accuracy": 0.6170833333333334,
    "tpr": 0.01,
    "n": 100,
    "evasion_rate": 0.99,
    "evasion_ci95_low": 0.9455138038212947,
    "evasion_ci95_high": 0.9982325679358593,
    "mean_abs_bit_accuracy_minus_half": 0.12999999999999998,
    "detected_count": 1,
    "tpr_ci95_low": 0.001767432064140647,
    "tpr_ci95_high": 0.054486196178705315,
    "threshold_matches": 36,
    "lower_threshold_matches": 12,
    "lpips": 0.04882435228675604,
    "psnr": 28.894424438476562,
    "ssim": 0.8131155967712402,
    "highpass_energy_ratio": 0.6551320612430572,
    "highpass_mse": 0.0009396846237359569,
    "reference_valid": true,
    "total_bits": 4800,
    "correct_bits": 2962,
    "error_bits": 1838,
    "net_additional_bit_errors": 1769,
    "decoding_improved_images": 0,
    "decoding_worsened_images": 100,
    "decoding_tied_images": 0,
    "exact_message_accuracy": 0.0,
    "bit_accuracy_drop_pp": 36.85416666666667,
    "bit_accuracy_drop_ci95_low_pp": 35.24947916666667,
    "bit_accuracy_drop_ci95_high_pp": 38.4375,
    "survival_on_originally_detected": 0.010101010101010102,
    "evasion_on_originally_detected": 0.98989898989899,
    "survival_ci95_low": 0.0017853072791700758,
    "survival_ci95_high": 0.05501531464587292,
    "tpr_drop_percentage_points": 98.0,
    "tpr_drop_ci95_low_pp": 95.0,
    "tpr_drop_ci95_high_pp": 100.0,
    "bit_accuracy_retained_percent": 62.60832804903827,
    "tpr_retained_percent": 1.0101010101010102
  },
  {
    "method": "reconstruction_w8_c1.0_final_test",
    "comparison_group": "w8_c1.0_all",
    "role": "endpoint_control",
    "detector": "double",
    "test_quality_valid": true,
    "search_quality_valid": true,
    "bit_accuracy": 0.985625,
    "tpr": 0.99,
    "n": 100,
    "evasion_rate": 0.010000000000000009,
    "evasion_ci95_low": 0.0017674320641406505,
    "evasion_ci95_high": 0.054486196178705426,
    "mean_abs_bit_accuracy_minus_half": 0.485625,
    "detected_count": 99,
    "tpr_ci95_low": 0.9455138038212946,
    "tpr_ci95_high": 0.9982325679358593,
    "threshold_matches": 36,
    "lower_threshold_matches": 12,
    "lpips": 0.00018048986101348418,
    "psnr": 56.83897018432617,
    "ssim": 0.9997103214263916,
    "highpass_energy_ratio": 0.9961767739057541,
    "highpass_mse": 1.3791752739678032e-06,
    "reference_valid": true,
    "total_bits": 4800,
    "correct_bits": 4731,
    "error_bits": 69,
    "net_additional_bit_errors": 0,
    "decoding_improved_images": 0,
    "decoding_worsened_images": 0,
    "decoding_tied_images": 100,
    "exact_message_accuracy": 0.75,
    "bit_accuracy_drop_pp": 0.0,
    "bit_accuracy_drop_ci95_low_pp": 0.0,
    "bit_accuracy_drop_ci95_high_pp": 0.0,
    "survival_on_originally_detected": 1.0,
    "evasion_on_originally_detected": 0.0,
    "survival_ci95_low": 0.9626467879321725,
    "survival_ci95_high": 1.0,
    "tpr_drop_percentage_points": 0.0,
    "tpr_drop_ci95_low_pp": 0.0,
    "tpr_drop_ci95_high_pp": 0.0,
    "bit_accuracy_retained_percent": 100.0,
    "tpr_retained_percent": 100.0
  }
]
Loading pipeline components...:   0%|          | 0/6 [00:00<?, ?it/s]Loading pipeline components...:  17%|█▋        | 1/6 [00:00<00:01,  4.35it/s]Loading pipeline components...:  50%|█████     | 3/6 [00:00<00:00,  8.86it/s]Loading pipeline components...:  67%|██████▋   | 4/6 [00:02<00:01,  1.21it/s]`torch_dtype` is deprecated! Use `dtype` instead!
Loading pipeline components...:  83%|████████▎ | 5/6 [00:02<00:00,  1.45it/s]Loading pipeline components...: 100%|██████████| 6/6 [00:02<00:00,  2.02it/s]
Owner mechanism: fixed_ptq_w8_c1.0_test, 4 test samples
Owner mechanism: reconstruction_w8_c1.0_test, 4 test samples
Owner mechanism: natural_residual_qat_w8_c1.0_test, 4 test samples
Owner mechanism: natural_residual_w4_c1.0_test, 4 test samples
Owner mechanism: natural_residual_qat_w4_c1.0_test, 4 test samples
Owner mechanism: natural_full_finetune_fp32_test, 4 test samples
Quality/evasion analysis: /home/jovyan/thinhnd39/quantization/output_attack/run_20260923_083114/run_20260923_083114_seed_3407_preserve_2/tradeoff
Reference validation: valid=True; TPR=0.9900; detected=99
/home/jovyan/thinhnd39/quantization/output_attack/run_20260923_083114/run_20260923_083114_seed_3407_preserve_2/result
Finished: /home/jovyan/thinhnd39/quantization/output_attack/run_20260923_083114/run_20260923_083114_seed_3407_preserve_2
Owner results: /home/jovyan/thinhnd39/quantization/output_attack/run_20260923_083114/run_20260923_083114_seed_3407_preserve_2/owner_evaluation.json
Plot-ready table: /home/jovyan/thinhnd39/quantization/output_attack/run_20260923_083114/run_20260923_083114_seed_3407_preserve_2/watermark_retention.csv
All search candidates: /home/jovyan/thinhnd39/quantization/output_attack/run_20260923_083114/run_20260923_083114_seed_3407_preserve_2/search.csv
Quality diagnostics: /home/jovyan/thinhnd39/quantization/output_attack/run_20260923_083114/run_20260923_083114_seed_3407_preserve_2/quality_summary.csv
Review-ready result bundle: /home/jovyan/thinhnd39/quantization/output_attack/run_20260923_083114/run_20260923_083114_seed_3407_preserve_2/result
Checkpoints: /home/jovyan/thinhnd39/quantization/output_artifacts/checkpoints/run_20260923_083114_seed_3407_preserve_2
Heavy artifacts root: /home/jovyan/thinhnd39/quantization/output_artifacts
