method,parameter_space,test_index,seed,layer,error_l2,owner_error_dot,owner_error_cosine,owner_gradient_l2,quality_error_dot,quality_error_cosine,quality_gradient_l2,ownership_score,image_mse
fixed_ptq_w8_c1.0_test,quantized,0,3459,conv_in.weight,0.0837320263089241,-6.23565389935342e-05,-0.008426438573641141,0.08837844212405642,4.4906519924656757e-07,0.03267117491141263,0.00016415459589162311,0.05988333374261856,3.705482185978326e-06
fixed_ptq_w8_c1.0_test,quantized,0,3459,up_blocks.0.resnets.0.conv1.weight,1.1918811636973365,-3.9827756625922414e-06,-0.00012970020715068523,0.025763936412485956,4.0972632334676926e-07,0.0059438505988021455,5.783530438303175e-05,0.05988333374261856,3.705482185978326e-06
fixed_ptq_w8_c1.0_test,quantized,0,3459,up_blocks.0.resnets.0.conv2.weight,0.8195175184916672,-2.8457388307460437e-05,-0.0009052346713910334,0.0383597368042823,1.305385498888981e-07,0.0018547910325016836,8.587871840374301e-05,0.05988333374261856,3.705482185978326e-06
fixed_ptq_w8_c1.0_test,quantized,0,3459,up_blocks.0.resnets.1.conv1.weight,1.2024793667778395,2.2951420037739512e-06,6.671043503266677e-05,0.02861133716548712,3.443367217054226e-07,0.004159303902729189,6.884700523947887e-05,0.05988333374261856,3.705482185978326e-06
fixed_ptq_w8_c1.0_test,quantized,0,3459,up_blocks.0.resnets.1.conv2.weight,0.76366091380036,2.2592841476178745e-05,0.0006559449044263857,0.04510274035537722,1.4880051700850128e-07,0.0018637110081035227,0.00010455030568444726,0.05988333374261856,3.705482185978326e-06
fixed_ptq_w8_c1.0_test,quantized,0,3459,up_blocks.0.resnets.2.conv1.weight,1.258696229445508,9.332355555380316e-06,0.00025670209117514066,0.02888290946330629,3.849660894426912e-07,0.0045270790915113756,6.755903883183387e-05,0.05988333374261856,3.705482185978326e-06
fixed_ptq_w8_c1.0_test,quantized,0,3459,up_blocks.0.resnets.2.conv2.weight,0.7679976490921732,1.3717020479415236e-05,0.0003915828081241541,0.045611702178581306,9.598919967954152e-08,0.0013633807316364489,9.167381992085054e-05,0.05988333374261856,3.705482185978326e-06
fixed_ptq_w8_c1.0_test,quantized,0,3459,up_blocks.0.upsamplers.0.conv.weight,0.4598796936225145,-1.0322720034137539e-05,-0.0001637514888797128,0.13707702113861667,6.724118827458672e-07,0.005498489339530881,0.00026591801416662596,0.05988333374261856,3.705482185978326e-06
fixed_ptq_w8_c1.0_test,quantized,0,3459,up_blocks.1.resnets.0.conv1.weight,1.1605746129245327,3.2503991851306596e-05,0.0008128188994705195,0.034456395278842845,2.417546874262438e-07,0.002598511213442664,8.016360544707408e-05,0.05988333374261856,3.705482185978326e-06
fixed_ptq_w8_c1.0_test,quantized,0,3459,up_blocks.1.resnets.0.conv2.weight,1.1144503949102627,-9.827020641635685e-06,-0.00025239962622292176,0.0349359388229464,2.2650319212265443e-07,0.002681082069695756,7.580598169162222e-05,0.05988333374261856,3.705482185978326e-06
fixed_ptq_w8_c1.0_test,quantized,0,3459,up_blocks.1.resnets.1.conv1.weight,1.1838596364530638,-3.763507833433067e-05,-0.0009145586778911449,0.03476010148798015,3.4945767682846185e-07,0.004054770582544519,7.279944775048733e-05,0.05988333374261856,3.705482185978326e-06
fixed_ptq_w8_c1.0_test,quantized,0,3459,up_blocks.1.resnets.1.conv2.weight,1.0681922737846614,-4.435333542174844e-06,-0.00011559279938296556,0.03592080584170344,2.5302356077866275e-07,0.0032926501916955074,7.19392551270474e-05,0.05988333374261856,3.705482185978326e-06
fixed_ptq_w8_c1.0_test,quantized,0,3459,up_blocks.1.resnets.2.conv1.weight,1.1443847282752029,-1.4693177987387829e-05,-0.00031812491880480153,0.04035952043063563,2.7024444129935296e-07,0.003161218638835589,7.470164787141735e-05,0.05988333374261856,3.705482185978326e-06
fixed_ptq_w8_c1.0_test,quantized,0,3459,up_blocks.1.resnets.2.conv2.weight,0.9794177813243862,1.1693789940892451e-05,0.00033831982861901207,0.03529066578250625,9.003310716989505e-08,0.0014276679324717583,6.438831342554249e-05,0.05988333374261856,3.705482185978326e-06
fixed_ptq_w8_c1.0_test,quantized,0,3459,up_blocks.1.upsamplers.0.conv.weight,0.5073170002166529,6.920338286915471e-05,0.0011217272964299284,0.12160757285650488,2.751503886392928e-07,0.0029308962169084752,0.00018505050492817777,0.05988333374261856,3.705482185978326e-06
fixed_ptq_w8_c1.0_test,quantized,0,3459,up_blocks.2.resnets.0.conv1.weight,0.7521863972157539,-2.4400080556608703e-05,-0.0009008807047305369,0.03600795852733248,1.5294961929480693e-07,0.0030240858276170185,6.724017146332234e-05,0.05988333374261856,3.705482185978326e-06
fixed_ptq_w8_c1.0_test,quantized,0,3459,up_blocks.2.resnets.0.conv2.weight,0.6131526755805556,-2.3555570043754486e-05,-0.001276238664431204,0.030101843478052226,9.910335986504218e-08,0.0033341063512316266,4.8477509699437486e-05,0.05988333374261856,3.705482185978326e-06
fixed_ptq_w8_c1.0_test,quantized,0,3459,up_blocks.2.resnets.0.conv_shortcut.weight,0.052282203692116065,4.440893796441337e-05,0.0026255313916995347,0.3235186243159243,2.1170809909813503e-07,0.008932879089820822,0.00045330669387723085,0.05988333374261856,3.705482185978326e-06
fixed_ptq_w8_c1.0_test,quantized,0,3459,up_blocks.2.resnets.1.conv1.weight,0.4851332093365615,-2.645619287454408e-05,-0.0014345873753446334,0.03801362958939682,1.1111140122852268e-07,0.002951648683740266,7.759486016021372e-05,0.05988333374261856,3.705482185978326e-06
fixed_ptq_w8_c1.0_test,quantized,0,3459,up_blocks.2.resnets.1.conv2.weight,0.6572459861136889,-2.8399753803324028e-05,-0.0012792306852791617,0.033778298112536596,1.3219452932798864e-07,0.004747181358049313,4.236914663484158e-05,0.05988333374261856,3.705482185978326e-06
fixed_ptq_w8_c1.0_test,quantized,0,3459,up_blocks.2.resnets.2.conv1.weight,0.5146227831899781,-2.9492029394273316e-05,-0.0013953720873634444,0.04107008650862607,1.8927107398772083e-07,0.006592220031078684,5.5790922524180486e-05,0.05988333374261856,3.705482185978326e-06
fixed_ptq_w8_c1.0_test,quantized,0,3459,up_blocks.2.resnets.2.conv2.weight,0.6015476376614555,1.1328246823453888e-05,0.0006372864154400264,0.029550036137952318,2.050247881082248e-08,0.0011140468076062478,3.059376367781828e-05,0.05988333374261856,3.705482185978326e-06
fixed_ptq_w8_c1.0_test,quantized,0,3459,up_blocks.2.upsamplers.0.conv.weight,0.27824634041281426,1.4890708592273827e-05,0.00032964600499085295,0.162344689454054,1.7853688364578192e-07,0.003908077286873443,0.00016418570609733673,0.05988333374261856,3.705482185978326e-06
fixed_ptq_w8_c1.0_test,quantized,0,3459,up_blocks.3.resnets.0.conv1.weight,0.3478885727279285,-6.036684219507271e-05,-0.004246945069434881,0.04085842778010444,1.0408627410105123e-07,0.007589448411149815,3.9422402340386454e-05,0.05988333374261856,3.705482185978326e-06
fixed_ptq_w8_c1.0_test,quantized,0,3459,up_blocks.3.resnets.0.conv2.weight,0.373706320770526,2.5738468032613394e-05,0.0028394084505769667,0.024256290203619114,4.163133696651694e-08,0.008353814509693499,1.3335370519036747e-05,0.05988333374261856,3.705482185978326e-06
fixed_ptq_w8_c1.0_test,quantized,0,3459,up_blocks.3.resnets.0.conv_shortcut.weight,0.04200119050094848,-4.9065404613564325e-05,-0.0036074918678008073,0.32382354541793934,8.536400913049043e-08,0.009944990550652857,0.000204366086430796,0.05988333374261856,3.705482185978326e-06
fixed_ptq_w8_c1.0_test,quantized,0,3459,up_blocks.3.resnets.1.conv1.weight,0.24075198500202138,-3.550184634314326e-05,-0.0027112719023013807,0.05438861379017029,3.1423527869600865e-08,0.005943994003176639,2.1958703863207294e-05,0.05988333374261856,3.705482185978326e-06
fixed_ptq_w8_c1.0_test,quantized,0,3459,up_blocks.3.resnets.1.conv2.weight,0.3872260557515659,3.661201147450542e-05,0.0032857778536293206,0.028775363544966705,1.1806984153391509e-08,0.002384271949834984,1.2788470863749973e-05,0.05988333374261856,3.705482185978326e-06
fixed_ptq_w8_c1.0_test,quantized,0,3459,up_blocks.3.resnets.2.conv1.weight,0.25206567958705234,3.8372255934294257e-05,0.0025911766089296933,0.05874982810717981,3.053175324098249e-08,0.005120342759423255,2.3655873665715958e-05,0.05988333374261856,3.705482185978326e-06
fixed_ptq_w8_c1.0_test,quantized,0,3459,up_blocks.3.resnets.2.conv2.weight,0.3666501936315225,-1.694085578454719e-06,-0.0003483575049667085,0.01326350346975145,1.903985918976125e-11,5.306799417981923e-06,9.785412563260422e-06,0.05988333374261856,3.705482185978326e-06
fixed_ptq_w8_c1.0_test,quantized,0,3459,mid_block.attentions.0.to_q.weight,0.23078628195619744,2.110411094296642e-06,0.0013733748784082506,0.006658370716577946,-1.787803018024046e-10,-4.952246380911836e-05,1.5642545691467284e-05,0.05988333374261856,3.705482185978326e-06
fixed_ptq_w8_c1.0_test,quantized,0,3459,mid_block.attentions.0.to_k.weight,0.23743591046848972,4.0314274716727054e-07,0.0002241898497896953,0.007573497762507331,8.058650985263566e-10,0.0001748705927302114,1.940882130680974e-05,0.05988333374261856,3.705482185978326e-06
fixed_ptq_w8_c1.0_test,quantized,0,3459,mid_block.attentions.0.to_v.weight,0.15740808941460843,2.0362474230559667e-06,0.00034913268487434554,0.03705211402691853,-4.610737938312091e-09,-0.0003101615378002285,9.443988508907295e-05,0.05988333374261856,3.705482185978326e-06
fixed_ptq_w8_c1.0_test,quantized,0,3459,mid_block.attentions.0.to_out.0.weight,0.14889375094583934,9.945381302463334e-06,0.0015708450712971613,0.042521797400822584,4.832881363179746e-08,0.003324350127096003,9.763890610437219e-05,0.05988333374261856,3.705482185978326e-06
fixed_ptq_w8_c1.0_test,quantized,0,3459,mid_block.resnets.0.conv1.weight,1.1884465818355672,-6.254506572068209e-05,-0.001680210560830881,0.03132201384642785,5.701969359477396e-07,0.0051676873827783175,9.284296041503448e-05,0.05988333374261856,3.705482185978326e-06
fixed_ptq_w8_c1.0_test,quantized,0,3459,mid_block.resnets.0.conv2.weight,0.7352252030401639,-4.343976481975818e-06,-0.00010246187303400043,0.0576640031558826,4.4622625928109913e-07,0.004109980326711502,0.00014767092484528618,0.05988333374261856,3.705482185978326e-06
fixed_ptq_w8_c1.0_test,quantized,0,3459,mid_block.resnets.1.conv1.weight,1.1190719629553045,-1.7430448760826155e-05,-0.0006850438467134024,0.022736948792050914,1.2650124429283463e-07,0.0020959628908789386,5.3932827957760625e-05,0.05988333374261856,3.705482185978326e-06
fixed_ptq_w8_c1.0_test,quantized,0,3459,mid_block.resnets.1.conv2.weight,0.7529255505498338,1.2226948617383804e-05,0.0004149237713460166,0.03913791946858409,6.105556197082882e-08,0.0009669035424476743,8.386679495983911e-05,0.05988333374261856,3.705482185978326e-06
fixed_ptq_w8_c1.0_test,quantized,0,3459,conv_out.weight,0.007964138539927095,8.925055922299823e-05,0.021334891530833767,0.5252689153003167,3.4988564419300307e-07,0.057035272702389485,0.0007702714395262501,0.05988333374261856,3.705482185978326e-06
fixed_ptq_w8_c1.0_test,quantized,1,3460,conv_in.weight,0.0837320263089241,-0.0001753355121382779,-0.012363819455049089,0.16936576590238098,7.045539448149397e-07,0.05682847695349141,0.00014806643938887368,0.07565683871507645,2.5755416572792456e-06
fixed_ptq_w8_c1.0_test,quantized,1,3460,up_blocks.0.resnets.0.conv1.weight,1.1918811636973365,1.9317773140009623e-05,0.0004585260631759634,0.03534761196074283,1.8948644265759667e-07,0.006862242819779534,2.3167496432880535e-05,0.07565683871507645,2.5755416572792456e-06
fixed_ptq_w8_c1.0_test,quantized,1,3460,up_blocks.0.resnets.0.conv2.weight,0.8195175184916672,1.5517453319270733e-05,0.00033822467613891323,0.05598309650472943,1.0372046926111602e-07,0.0024509348658986623,5.1638600227658425e-05,0.07565683871507645,2.5755416572792456e-06
fixed_ptq_w8_c1.0_test,quantized,1,3460,up_blocks.0.resnets.1.conv1.weight,1.2024793667778395,-2.704096685511445e-05,-0.0005398220395917322,0.041657573666612345,1.7888559771155347e-07,0.005952983391116001,2.498981680721788e-05,0.07565683871507645,2.5755416572792456e-06
fixed_ptq_w8_c1.0_test,quantized,1,3460,up_blocks.0.resnets.1.conv2.weight,0.76366091380036,-3.76635366100456e-06,-7.485922598255757e-05,0.06588327853214485,9.995512885092015e-08,0.0019931460622517913,6.566975477928809e-05,0.07565683871507645,2.5755416572792456e-06
fixed_ptq_w8_c1.0_test,quantized,1,3460,up_blocks.0.resnets.2.conv1.weight,1.258696229445508,-4.954362743398812e-05,-0.000866123601750763,0.04544509301818523,3.2814925636564415e-07,0.009902404390008168,2.632751296513446e-05,0.07565683871507645,2.5755416572792456e-06
fixed_ptq_w8_c1.0_test,quantized,1,3460,up_blocks.0.resnets.2.conv2.weight,0.7679976490921732,-5.5603932356893855e-05,-0.0010015035002213018,0.07229248345047665,7.973576938989345e-08,0.0015676197136358383,6.622966864991727e-05,0.07565683871507645,2.5755416572792456e-06
fixed_ptq_w8_c1.0_test,quantized,1,3460,up_blocks.0.upsamplers.0.conv.weight,0.4598796936225145,-0.00010152060638737986,-0.0009048700334716134,0.24396288688609055,4.091434073453692e-07,0.005215850710881874,0.00017057138343306224,0.07565683871507645,2.5755416572792456e-06
fixed_ptq_w8_c1.0_test,quantized,1,3460,up_blocks.1.resnets.0.conv1.weight,1.1605746129245327,-4.191976489967193e-05,-0.0007466426413469866,0.04837633719948653,1.8620664521014832e-07,0.006239023503064342,2.5716122609211377e-05,0.07565683871507645,2.5755416572792456e-06
fixed_ptq_w8_c1.0_test,quantized,1,3460,up_blocks.1.resnets.0.conv2.weight,1.1144503949102627,-3.6248292227289776e-06,-5.782151201814007e-05,0.05625192172507104,1.1833562779612903e-07,0.0026718487112055065,3.974137722485366e-05,0.07565683871507645,2.5755416572792456e-06
fixed_ptq_w8_c1.0_test,quantized,1,3460,up_blocks.1.resnets.1.conv1.weight,1.1838596364530638,1.6773554572081125e-05,0.00026634308907726303,0.05319654906972434,1.7840772257976328e-07,0.006250540267068598,2.410992605798878e-05,0.07565683871507645,2.5755416572792456e-06
fixed_ptq_w8_c1.0_test,quantized,1,3460,up_blocks.1.resnets.1.conv2.weight,1.0681922737846614,2.685983328067726e-05,0.0004381330139505023,0.05739154300276023,1.1317624819340796e-07,0.002596324736714176,4.0808144597250195e-05,0.07565683871507645,2.5755416572792456e-06
fixed_ptq_w8_c1.0_test,quantized,1,3460,up_blocks.1.resnets.2.conv1.weight,1.1443847282752029,0.00014060830879628484,0.0020951909855427505,0.05864288317691812,2.1676817079961412e-07,0.00715954474027848,2.6456844936142142e-05,0.07565683871507645,2.5755416572792456e-06
fixed_ptq_w8_c1.0_test,quantized,1,3460,up_blocks.1.resnets.2.conv2.weight,0.9794177813243862,-8.596397362425967e-06,-0.00015817274084858467,0.055490272513232804,8.056080104726251e-08,0.001769868637911231,4.647450340947777e-05,0.07565683871507645,2.5755416572792456e-06
fixed_ptq_w8_c1.0_test,quantized,1,3460,up_blocks.1.upsamplers.0.conv.weight,0.5073170002166529,9.046949861793368e-05,0.0007751324153909261,0.23006304763403757,1.8958905634297236e-07,0.0023277552795101042,0.00016054490548446157,0.07565683871507645,2.5755416572792456e-06
fixed_ptq_w8_c1.0_test,quantized,1,3460,up_blocks.2.resnets.0.conv1.weight,0.7521863972157539,-2.737279980557975e-06,-5.415740888657741e-05,0.0671948313390304,1.0591865163833901e-07,0.00507890454801847,2.7725342344771045e-05,0.07565683871507645,2.5755416572792456e-06
fixed_ptq_w8_c1.0_test,quantized,1,3460,up_blocks.2.resnets.0.conv2.weight,0.6131526755805556,-1.89245495999054e-05,-0.0005933767844938744,0.0520147330169041,4.09251687251659e-08,0.0023665091383695967,2.8204192165495762e-05,0.07565683871507645,2.5755416572792456e-06
fixed_ptq_w8_c1.0_test,quantized,1,3460,up_blocks.2.resnets.0.conv_shortcut.weight,0.052282203692116065,8.078731601153324e-05,0.002462010299651249,0.6276238370010072,8.982912698591624e-08,0.004320793171007437,0.0003976489282810745,0.07565683871507645,2.5755416572792456e-06
fixed_ptq_w8_c1.0_test,quantized,1,3460,up_blocks.2.resnets.1.conv1.weight,0.4851332093365615,2.3596529524606762e-05,0.0007616928927822446,0.06385681088554099,1.0104635499578188e-07,0.009626511953564804,2.163668352027081e-05,0.07565683871507645,2.5755416572792456e-06
fixed_ptq_w8_c1.0_test,quantized,1,3460,up_blocks.2.resnets.1.conv2.weight,0.6572459861136889,-5.7085304664947614e-05,-0.0014934577853120722,0.05815719203011833,4.9061649451020954e-08,0.002533419998644879,2.9465038172664275e-05,0.07565683871507645,2.5755416572792456e-06
fixed_ptq_w8_c1.0_test,quantized,1,3460,up_blocks.2.resnets.2.conv1.weight,0.5146227831899781,2.7055310919726632e-05,0.0008125383623941209,0.06470228905010204,8.234044344898411e-08,0.00741737706021382,2.1571176659992967e-05,0.07565683871507645,2.5755416572792456e-06
fixed_ptq_w8_c1.0_test,quantized,1,3460,up_blocks.2.resnets.2.conv2.weight,0.6015476376614555,-1.9573925120914882e-05,-0.0006170311036680608,0.05273522948444083,2.52879879345997e-08,0.0014900496892115112,2.821262516167047e-05,0.07565683871507645,2.5755416572792456e-06
fixed_ptq_w8_c1.0_test,quantized,1,3460,up_blocks.2.upsamplers.0.conv.weight,0.27824634041281426,6.3433930678927385e-06,6.894669567648723e-05,0.3306577491419644,1.537614654189287e-07,0.0029246049621439955,0.0001889517139965938,0.07565683871507645,2.5755416572792456e-06
fixed_ptq_w8_c1.0_test,quantized,1,3460,up_blocks.3.resnets.0.conv1.weight,0.3478885727279285,-2.4321091216819796e-05,-0.0010160271835619014,0.06880778308127858,7.11949029733761e-08,0.0074212127013637465,2.757616441723058e-05,0.07565683871507645,2.5755416572792456e-06
fixed_ptq_w8_c1.0_test,quantized,1,3460,up_blocks.3.resnets.0.conv2.weight,0.373706320770526,5.5541334311064226e-05,0.003728928243952005,0.03985674601964689,2.6347272560716754e-08,0.005245113630996967,1.3441579948290342e-05,0.07565683871507645,2.5755416572792456e-06
fixed_ptq_w8_c1.0_test,quantized,1,3460,up_blocks.3.resnets.0.conv_shortcut.weight,0.04200119050094848,7.185868913867828e-05,0.0029453558442089477,0.580871298862048,1.0421349927373767e-07,0.008837574588569666,0.0002807561550973571,0.07565683871507645,2.5755416572792456e-06
fixed_ptq_w8_c1.0_test,quantized,1,3460,up_blocks.3.resnets.1.conv1.weight,0.24075198500202138,-6.0923719305157476e-05,-0.0029602227472089225,0.08548543783942911,3.572054007933101e-08,0.004571118729800591,3.245829015871592e-05,0.07565683871507645,2.5755416572792456e-06
fixed_ptq_w8_c1.0_test,quantized,1,3460,up_blocks.3.resnets.1.conv2.weight,0.3872260557515659,5.2995483788489484e-05,0.002814207649104937,0.04863155422298348,5.983128553221554e-09,0.000995976951112813,1.551366730178438e-05,0.07565683871507645,2.5755416572792456e-06
fixed_ptq_w8_c1.0_test,quantized,1,3460,up_blocks.3.resnets.2.conv1.weight,0.25206567958705234,6.014702092868127e-05,0.0023175957386885604,0.10295862177500179,3.376975147740319e-08,0.0029541460139509233,4.535051148585475e-05,0.07565683871507645,2.5755416572792456e-06
fixed_ptq_w8_c1.0_test,quantized,1,3460,up_blocks.3.resnets.2.conv2.weight,0.3666501936315225,1.2102139009181326e-05,0.0014371863235897412,0.022966623061670695,2.022184508602865e-09,0.0003800527149468505,1.451192486110635e-05,0.07565683871507645,2.5755416572792456e-06
fixed_ptq_w8_c1.0_test,quantized,1,3460,mid_block.attentions.0.to_q.weight,0.23078628195619744,5.189648333821724e-06,0.0023384629614684052,0.009616066179909602,-1.9851639182588012e-10,-0.00010722249079956883,8.022329406271361e-06,0.07565683871507645,2.5755416572792456e-06
fixed_ptq_w8_c1.0_test,quantized,1,3460,mid_block.attentions.0.to_k.weight,0.23743591046848972,-3.632163729440538e-06,-0.0012531001594673814,0.012207682584015498,3.0973303234155345e-09,0.0017939431187020296,7.271641378855762e-06,0.07565683871507645,2.5755416572792456e-06
fixed_ptq_w8_c1.0_test,quantized,1,3460,mid_block.attentions.0.to_v.weight,0.15740808941460843,1.4440628062028274e-06,0.00012757971638572402,0.07190803188892615,2.7088418083889784e-08,0.004526402429947737,3.801924015574153e-05,0.07565683871507645,2.5755416572792456e-06
fixed_ptq_w8_c1.0_test,quantized,1,3460,mid_block.attentions.0.to_out.0.weight,0.14889375094583934,2.4096889619489282e-05,0.0018144299345297268,0.08919578153977398,1.2843782449948667e-08,0.001320869393432119,6.530652765181852e-05,0.07565683871507645,2.5755416572792456e-06
fixed_ptq_w8_c1.0_test,quantized,1,3460,mid_block.resnets.0.conv1.weight,1.1884465818355672,3.398708774630592e-05,0.000517963544533965,0.055212205110901955,1.9170386263916435e-07,0.005845277308420807,2.759599630553313e-05,0.07565683871507645,2.5755416572792456e-06
fixed_ptq_w8_c1.0_test,quantized,1,3460,mid_block.resnets.0.conv2.weight,0.7352252030401639,8.85231648311662e-06,0.00013853145261481832,0.08691368386927173,1.7533966147199696e-07,0.0033713594953452813,7.073831538902704e-05,0.07565683871507645,2.5755416572792456e-06
fixed_ptq_w8_c1.0_test,quantized,1,3460,mid_block.resnets.1.conv1.weight,1.1190719629553045,4.005713593120322e-05,0.0011345675441733238,0.03154943043040777,7.706588760991126e-08,0.003622380864469543,1.9011223111827707e-05,0.07565683871507645,2.5755416572792456e-06
fixed_ptq_w8_c1.0_test,quantized,1,3460,mid_block.resnets.1.conv2.weight,0.7529255505498338,-6.0488300653932605e-05,-0.0013126448149714544,0.06120291692921061,8.824858861197797e-08,0.002224135273192855,5.269804880696534e-05,0.07565683871507645,2.5755416572792456e-06
fixed_ptq_w8_c1.0_test,quantized,1,3460,conv_out.weight,0.007964138539927095,0.00027034578588672295,0.04192766863846638,0.809617866734967,4.4987349818277915e-07,0.059951405771671205,0.000942219813469312,0.07565683871507645,2.5755416572792456e-06
fixed_ptq_w8_c1.0_test,quantized,2,3461,conv_in.weight,0.0837320263089241,-4.669293495001328e-06,-0.0005205825194253313,0.10711985862993668,1.0847237692692884e-06,0.051042855848287404,0.0002538005684313482,0.06345941126346588,4.316567355999723e-06
fixed_ptq_w8_c1.0_test,quantized,2,3461,up_blocks.0.resnets.0.conv1.weight,1.1918811636973365,-7.440378934539915e-06,-0.00018895998551029535,0.03303636465626346,3.8298214336701006e-07,0.008558306857989173,3.7545484673988607e-05,0.06345941126346588,4.316567355999723e-06
fixed_ptq_w8_c1.0_test,quantized,2,3461,up_blocks.0.resnets.0.conv2.weight,0.8195175184916672,1.961185006188258e-05,0.0005251998382090623,0.045565457892986855,9.78359370650236e-08,0.0017130722119880057,6.968904239601975e-05,0.06345941126346588,4.316567355999723e-06
fixed_ptq_w8_c1.0_test,quantized,2,3461,up_blocks.0.resnets.1.conv1.weight,1.2024793667778395,-3.3427524019300896e-05,-0.0006814794074410853,0.04079189108059803,3.956297034435801e-07,0.007704510559821755,4.2703768554233195e-05,0.06345941126346588,4.316567355999723e-06
fixed_ptq_w8_c1.0_test,quantized,2,3461,up_blocks.0.resnets.1.conv2.weight,0.76366091380036,-7.348966217898772e-06,-0.00018590719604175796,0.0517641977380625,1.5763094088261393e-07,0.0025195117904576268,8.192652042736247e-05,0.06345941126346588,4.316567355999723e-06
fixed_ptq_w8_c1.0_test,quantized,2,3461,up_blocks.0.resnets.2.conv1.weight,1.258696229445508,-7.864875820591928e-06,-0.00014145097651724865,0.04417382320415155,4.496610201332178e-07,0.008892234887082134,4.01747686192856e-05,0.06345941126346588,4.316567355999723e-06
fixed_ptq_w8_c1.0_test,quantized,2,3461,up_blocks.0.resnets.2.conv2.weight,0.7679976490921732,-1.0795865352643825e-06,-2.6894367644461766e-05,0.05226804199481868,1.594996385269341e-07,0.0024167695478710155,8.593390996412648e-05,0.06345941126346588,4.316567355999723e-06
fixed_ptq_w8_c1.0_test,quantized,2,3461,up_blocks.0.upsamplers.0.conv.weight,0.4598796936225145,-2.96511426935981e-05,-0.00031573137703776036,0.20421115315099833,8.504404969565593e-07,0.006292797890980862,0.0002938704484590721,0.06345941126346588,4.316567355999723e-06
fixed_ptq_w8_c1.0_test,quantized,2,3461,up_blocks.1.resnets.0.conv1.weight,1.1605746129245327,-3.108601477555017e-05,-0.0005898918587964099,0.04540666239143795,2.9604822112751796e-07,0.006883953687857453,3.7055395216126607e-05,0.06345941126346588,4.316567355999723e-06
fixed_ptq_w8_c1.0_test,quantized,2,3461,up_blocks.1.resnets.0.conv2.weight,1.1144503949102627,6.660993809884386e-05,0.0013297928421427438,0.044946336268552635,2.2349283880375409e-07,0.004046058825415544,4.956449399801007e-05,0.06345941126346588,4.316567355999723e-06
fixed_ptq_w8_c1.0_test,quantized,2,3461,up_blocks.1.resnets.1.conv1.weight,1.1838596364530638,-6.799607170684328e-05,-0.0012165737947674793,0.04721121226667881,3.0522831901427047e-07,0.007852295950968273,3.283431434151903e-05,0.06345941126346588,4.316567355999723e-06
fixed_ptq_w8_c1.0_test,quantized,2,3461,up_blocks.1.resnets.1.conv2.weight,1.0681922737846614,-2.1730666291027577e-05,-0.00045158820025666634,0.04504857156999918,1.7858494219698888e-07,0.0032932093069386855,5.076636536404051e-05,0.06345941126346588,4.316567355999723e-06
fixed_ptq_w8_c1.0_test,quantized,2,3461,up_blocks.1.resnets.2.conv1.weight,1.1443847282752029,1.7223914380344964e-05,0.00027702295461208033,0.054330543235733844,4.081974249277924e-07,0.01011296098099467,3.5271170763941495e-05,0.06345941126346588,4.316567355999723e-06
fixed_ptq_w8_c1.0_test,quantized,2,3461,up_blocks.1.resnets.2.conv2.weight,0.9794177813243862,-4.3671109272118095e-06,-0.00010313006378017953,0.04323554648400509,1.23807026455421e-07,0.0023816601490558027,5.3075918522660664e-05,0.06345941126346588,4.316567355999723e-06
fixed_ptq_w8_c1.0_test,quantized,2,3461,up_blocks.1.upsamplers.0.conv.weight,0.5073170002166529,0.00013772530237851307,0.001508638206390037,0.17994890848298997,4.50254504038581e-07,0.0031632039331394675,0.0002805766064319789,0.06345941126346588,4.316567355999723e-06
fixed_ptq_w8_c1.0_test,quantized,2,3461,up_blocks.2.resnets.0.conv1.weight,0.7521863972157539,4.682906716578038e-05,0.001152367697560786,0.0540255199861169,1.9281063478813325e-07,0.007862777488782799,3.260089504482867e-05,0.06345941126346588,4.316567355999723e-06
fixed_ptq_w8_c1.0_test,quantized,2,3461,up_blocks.2.resnets.0.conv2.weight,0.6131526755805556,-1.471738691887591e-06,-5.952014511894192e-05,0.04032720272717408,1.6570312150681695e-07,0.00597563578352661,4.522493410518496e-05,0.06345941126346588,4.316567355999723e-06
fixed_ptq_w8_c1.0_test,quantized,2,3461,up_blocks.2.resnets.0.conv_shortcut.weight,0.052282203692116065,-8.327330156838365e-06,-0.0003500339165733367,0.45503182406753073,2.4365499439614847e-07,0.006774289397904337,0.000687951286804505,0.06345941126346588,4.316567355999723e-06
fixed_ptq_w8_c1.0_test,quantized,2,3461,up_blocks.2.resnets.1.conv1.weight,0.4851332093365615,2.587511039051911e-05,0.0009435019606692123,0.05652992371931052,1.3452449811207387e-07,0.011516808407852377,2.4077324920551985e-05,0.06345941126346588,4.316567355999723e-06
fixed_ptq_w8_c1.0_test,quantized,2,3461,up_blocks.2.resnets.1.conv2.weight,0.6572459861136889,-1.0714185078459282e-05,-0.0003592260272212211,0.04537988660521924,1.1135747563359749e-07,0.003809772857116279,4.44725827130591e-05,0.06345941126346588,4.316567355999723e-06
fixed_ptq_w8_c1.0_test,quantized,2,3461,up_blocks.2.resnets.2.conv1.weight,0.5146227831899781,1.4510423406559943e-05,0.0005158826029064,0.05465629559623109,1.2693650794071514e-07,0.011095892277465807,2.2229787210716918e-05,0.06345941126346588,4.316567355999723e-06
fixed_ptq_w8_c1.0_test,quantized,2,3461,up_blocks.2.resnets.2.conv2.weight,0.6015476376614555,1.639061110569887e-05,0.0007416071042577673,0.036741022535759005,7.489705674389876e-09,0.00029706186266149074,4.191291107275213e-05,0.06345941126346588,4.316567355999723e-06
fixed_ptq_w8_c1.0_test,quantized,2,3461,up_blocks.2.upsamplers.0.conv.weight,0.27824634041281426,2.8870675864902042e-05,0.000514268470365269,0.2017611716002303,2.292266945888471e-07,0.00237849563144829,0.00034636449955040445,0.06345941126346588,4.316567355999723e-06
fixed_ptq_w8_c1.0_test,quantized,2,3461,up_blocks.3.resnets.0.conv1.weight,0.3478885727279285,-3.6729626410061043e-06,-0.0002115442550591456,0.049908568324887895,7.743872884398035e-08,0.007954239686016282,2.7984617705286655e-05,0.06345941126346588,4.316567355999723e-06
fixed_ptq_w8_c1.0_test,quantized,2,3461,up_blocks.3.resnets.0.conv2.weight,0.373706320770526,3.296894086740937e-05,0.0031557591890721127,0.02795572094279341,8.007826545591923e-10,0.00010953359030545223,1.956306467854041e-05,0.06345941126346588,4.316567355999723e-06
fixed_ptq_w8_c1.0_test,quantized,2,3461,up_blocks.3.resnets.0.conv_shortcut.weight,0.04200119050094848,-6.424635815927563e-05,-0.00398144508943956,0.38419011240731116,7.811610916476607e-08,0.004492635713278936,0.00041397851098943665,0.06345941126346588,4.316567355999723e-06
fixed_ptq_w8_c1.0_test,quantized,2,3461,up_blocks.3.resnets.1.conv1.weight,0.24075198500202138,-1.042342412312657e-06,-6.975970588298862e-05,0.06206344689410601,3.144061281374794e-08,0.003560876374895399,3.6674502354565066e-05,0.06345941126346588,4.316567355999723e-06
fixed_ptq_w8_c1.0_test,quantized,2,3461,up_blocks.3.resnets.1.conv2.weight,0.3872260557515659,6.510656387625123e-06,0.000533733731283021,0.031501813221508586,4.126994049707774e-08,0.004310524085461236,2.4725164750085476e-05,0.06345941126346588,4.316567355999723e-06
fixed_ptq_w8_c1.0_test,quantized,2,3461,up_blocks.3.resnets.2.conv1.weight,0.25206567958705234,5.938255336669147e-05,0.0033979086803051874,0.06933195511329787,7.777403681614454e-08,0.006016218142812834,5.128582530688878e-05,0.06345941126346588,4.316567355999723e-06
fixed_ptq_w8_c1.0_test,quantized,2,3461,up_blocks.3.resnets.2.conv2.weight,0.3666501936315225,1.5137436990952981e-05,0.0026747871599839346,0.015435162284139017,1.5871818101576052e-08,0.00212477460562996,2.0373323991613645e-05,0.06345941126346588,4.316567355999723e-06
fixed_ptq_w8_c1.0_test,quantized,2,3461,mid_block.attentions.0.to_q.weight,0.23078628195619744,7.84391821396016e-06,0.0034064180880717587,0.009977577641647938,3.998395223527141e-09,0.0009850528221608625,1.758798999098969e-05,0.06345941126346588,4.316567355999723e-06
fixed_ptq_w8_c1.0_test,quantized,2,3461,mid_block.attentions.0.to_k.weight,0.23743591046848972,-1.1070724870172793e-06,-0.0005144899395061036,0.009062599075430855,2.5271647710650564e-10,6.0646803620894874e-05,1.755008559515084e-05,0.06345941126346588,4.316567355999723e-06
fixed_ptq_w8_c1.0_test,quantized,2,3461,mid_block.attentions.0.to_v.weight,0.15740808941460843,-3.199683938623849e-08,-3.4536932450417676e-06,0.05885674936923549,1.1707862417408554e-07,0.006948190941281405,0.00010704806416904216,0.06345941126346588,4.316567355999723e-06
fixed_ptq_w8_c1.0_test,quantized,2,3461,mid_block.attentions.0.to_out.0.weight,0.14889375094583934,8.494018029462665e-06,0.000737683689393957,0.07733329708092455,6.984623360722379e-08,0.002581621476615439,0.00018170796138887622,0.06345941126346588,4.316567355999723e-06
fixed_ptq_w8_c1.0_test,quantized,2,3461,mid_block.resnets.0.conv1.weight,1.1884465818355672,-8.413937296417123e-05,-0.0019339199543833437,0.03660843057134659,6.218408364032647e-07,0.006700377841468196,7.809087323043095e-05,0.06345941126346588,4.316567355999723e-06
fixed_ptq_w8_c1.0_test,quantized,2,3461,mid_block.resnets.0.conv2.weight,0.7352252030401639,9.623280592517878e-06,0.00018547453759191148,0.0705697316568185,1.9805662530652153e-07,0.0020047525210758017,0.00013437182651292648,0.06345941126346588,4.316567355999723e-06
fixed_ptq_w8_c1.0_test,quantized,2,3461,mid_block.resnets.1.conv1.weight,1.1190719629553045,6.817372539248343e-05,0.002184862586028571,0.02788270372022425,2.073794649339765e-07,0.004145003421977034,4.4707752810382903e-05,0.06345941126346588,4.316567355999723e-06
fixed_ptq_w8_c1.0_test,quantized,2,3461,mid_block.resnets.1.conv2.weight,0.7529255505498338,-1.2461457409450351e-05,-0.00036463975487888167,0.04538922698474914,5.561174222113226e-08,0.0009050296875118196,8.161155264232938e-05,0.06345941126346588,4.316567355999723e-06
fixed_ptq_w8_c1.0_test,quantized,2,3461,conv_out.weight,0.007964138539927095,0.0003177367043044055,0.056345460055412355,0.7080593322181289,2.5356660478396603e-07,0.033926887159015214,0.0009384458865811625,0.06345941126346588,4.316567355999723e-06
fixed_ptq_w8_c1.0_test,quantized,3,3462,conv_in.weight,0.0837320263089241,-2.8024122695252324e-06,-0.002133215405406319,0.01568937751880518,1.6376479702094296e-07,0.03320046460997804,5.890942567924851e-05,0.00268130493350327,6.896938202771707e-07
fixed_ptq_w8_c1.0_test,quantized,3,3462,up_blocks.0.resnets.0.conv1.weight,1.1918811636973365,3.528948808406032e-07,8.909893761876089e-05,0.003323072958936539,4.947450470859852e-08,0.006593496657328508,6.2955359533672095e-06,0.00268130493350327,6.896938202771707e-07
fixed_ptq_w8_c1.0_test,quantized,3,3462,up_blocks.0.resnets.0.conv2.weight,0.8195175184916672,-2.7833666121045534e-06,-0.0004957276374568849,0.006851237765567078,2.4602371621855482e-08,0.001169086919044715,2.567863483053912e-05,0.00268130493350327,6.896938202771707e-07
fixed_ptq_w8_c1.0_test,quantized,3,3462,up_blocks.0.resnets.1.conv1.weight,1.2024793667778395,-3.97988599274228e-06,-0.0010581998566041187,0.003127701512139231,5.4555366977975855e-08,0.00789935148632201,5.743391352520293e-06,0.00268130493350327,6.896938202771707e-07
fixed_ptq_w8_c1.0_test,quantized,3,3462,up_blocks.0.resnets.1.conv2.weight,0.76366091380036,2.0369436361505523e-06,0.00034756888717007566,0.007674278499212857,2.3328551444585858e-08,0.0010943354738589307,2.7914942163263287e-05,0.00268130493350327,6.896938202771707e-07
fixed_ptq_w8_c1.0_test,quantized,3,3462,up_blocks.0.resnets.2.conv1.weight,1.258696229445508,5.812818982518729e-07,0.00011845887953316549,0.0038985063601335106,6.457552349212786e-08,0.0077468277189253155,6.622517376277317e-06,0.00268130493350327,6.896938202771707e-07
fixed_ptq_w8_c1.0_test,quantized,3,3462,up_blocks.0.resnets.2.conv2.weight,0.7679976490921732,-2.6043399128801343e-06,-0.00041086626100045515,0.008253483668852764,-2.8768170018235766e-10,-1.2441500549989658e-05,3.010783886127031e-05,0.00268130493350327,6.896938202771707e-07
fixed_ptq_w8_c1.0_test,quantized,3,3462,up_blocks.0.upsamplers.0.conv.weight,0.4598796936225145,-1.0646144683932975e-05,-0.0009168112553480899,0.025250396049781937,1.5030255842125977e-07,0.004325187294065503,7.556439703645132e-05,0.00268130493350327,6.896938202771707e-07
fixed_ptq_w8_c1.0_test,quantized,3,3462,up_blocks.1.resnets.0.conv1.weight,1.1605746129245327,-4.5847905329676484e-07,-9.256657929812663e-05,0.004267683632095348,4.052846037830792e-08,0.005423104077764944,6.439306543102476e-06,0.00268130493350327,6.896938202771707e-07
fixed_ptq_w8_c1.0_test,quantized,3,3462,up_blocks.1.resnets.0.conv2.weight,1.1144503949102627,-1.4956298088713507e-08,-2.5215154275948328e-06,0.00532232928470104,3.8087572780355995e-08,0.0023435243949844154,1.4583208195148578e-05,0.00268130493350327,6.896938202771707e-07
fixed_ptq_w8_c1.0_test,quantized,3,3462,up_blocks.1.resnets.1.conv1.weight,1.1838596364530638,-3.17531038615255e-06,-0.0006316429990391319,0.004246335294117542,4.622472207031532e-08,0.006394567354785263,6.1060861696267984e-06,0.00268130493350327,6.896938202771707e-07
fixed_ptq_w8_c1.0_test,quantized,3,3462,up_blocks.1.resnets.1.conv2.weight,1.0681922737846614,2.6675763594940637e-06,0.000408677964314765,0.006110633070901504,3.0600555811947285e-08,0.0016694469878279453,1.715960353959698e-05,0.00268130493350327,6.896938202771707e-07
fixed_ptq_w8_c1.0_test,quantized,3,3462,up_blocks.1.resnets.2.conv1.weight,1.1443847282752029,8.918560634444586e-06,0.0015128667864935039,0.005151361493303658,6.566558520554969e-08,0.007580297167996054,7.569715093770953e-06,0.00268130493350327,6.896938202771707e-07
fixed_ptq_w8_c1.0_test,quantized,3,3462,up_blocks.1.resnets.2.conv2.weight,0.9794177813243862,1.0126886689425245e-06,0.00017187999864138044,0.00601565089095773,1.5680072381104477e-08,0.0008398993531823354,1.9061313838608475e-05,0.00268130493350327,6.896938202771707e-07
fixed_ptq_w8_c1.0_test,quantized,3,3462,up_blocks.1.upsamplers.0.conv.weight,0.5073170002166529,1.0573834716052112e-05,0.00094457065871721,0.02206574783372851,7.420250903748887e-08,0.0020136747943231966,7.263565225588561e-05,0.00268130493350327,6.896938202771707e-07
fixed_ptq_w8_c1.0_test,quantized,3,3462,up_blocks.2.resnets.0.conv1.weight,0.7521863972157539,-2.6185949815154277e-06,-0.0006562689220859661,0.005304702314104588,3.76929485822769e-08,0.006478583567553898,7.734897655555076e-06,0.00268130493350327,6.896938202771707e-07
fixed_ptq_w8_c1.0_test,quantized,3,3462,up_blocks.2.resnets.0.conv2.weight,0.6131526755805556,-5.641461122572237e-06,-0.0018749683440674211,0.004907146594597393,2.4473150307425554e-08,0.003742624427312713,1.066461058651401e-05,0.00268130493350327,6.896938202771707e-07
fixed_ptq_w8_c1.0_test,quantized,3,3462,up_blocks.2.resnets.0.conv_shortcut.weight,0.052282203692116065,4.732337484196734e-06,0.001783247513307321,0.0507586656377973,-6.684522259748119e-09,-0.0006941027483041533,0.0001842013144893964,0.00268130493350327,6.896938202771707e-07
fixed_ptq_w8_c1.0_test,quantized,3,3462,up_blocks.2.resnets.1.conv1.weight,0.4851332093365615,3.2058435930535333e-06,0.001132946065798169,0.005832732906911151,1.8621640371357962e-08,0.0065354038831025195,5.873331292331459e-06,0.00268130493350327,6.896938202771707e-07
fixed_ptq_w8_c1.0_test,quantized,3,3462,up_blocks.2.resnets.1.conv2.weight,0.6572459861136889,-3.4837614047890804e-06,-0.0009115118702870918,0.005815112650285025,2.6400533969283508e-08,0.003637086519253919,1.10441204920033e-05,0.00268130493350327,6.896938202771707e-07
fixed_ptq_w8_c1.0_test,quantized,3,3462,up_blocks.2.resnets.2.conv1.weight,0.5146227831899781,-8.377134070436049e-07,-0.00028295800644702324,0.005752868802849449,2.2020874674761718e-08,0.00662676209616862,6.457199084846319e-06,0.00268130493350327,6.896938202771707e-07
fixed_ptq_w8_c1.0_test,quantized,3,3462,up_blocks.2.resnets.2.conv2.weight,0.6015476376614555,1.1024866788009478e-06,0.0003645102441722447,0.005027980524669458,7.622287473740674e-09,0.0012121562148018953,1.0453379227684877e-05,0.00268130493350327,6.896938202771707e-07
fixed_ptq_w8_c1.0_test,quantized,3,3462,up_blocks.2.upsamplers.0.conv.weight,0.27824634041281426,1.2112483099487555e-05,0.0016626376221983616,0.026182199005937948,6.537654659917689e-08,0.002528135927703929,9.293773723186866e-05,0.00268130493350327,6.896938202771707e-07
fixed_ptq_w8_c1.0_test,quantized,3,3462,up_blocks.3.resnets.0.conv1.weight,0.3478885727279285,-1.1827170919130473e-06,-0.0005417046673088069,0.006275930594169555,2.1948630268966172e-08,0.005785819564845616,1.090441505078935e-05,0.00268130493350327,6.896938202771707e-07
fixed_ptq_w8_c1.0_test,quantized,3,3462,up_blocks.3.resnets.0.conv2.weight,0.373706320770526,-2.048286784595925e-06,-0.0015463420195211458,0.0035444982165716127,7.324115929994025e-09,0.003726855789216643,5.258745803186593e-06,0.00268130493350327,6.896938202771707e-07
fixed_ptq_w8_c1.0_test,quantized,3,3462,up_blocks.3.resnets.0.conv_shortcut.weight,0.04200119050094848,-8.59296762979539e-06,-0.0042597098949954835,0.04802877972918016,2.102417732240972e-08,0.003926920896882721,0.00012746919918498901,0.00268130493350327,6.896938202771707e-07
fixed_ptq_w8_c1.0_test,quantized,3,3462,up_blocks.3.resnets.1.conv1.weight,0.24075198500202138,-5.625031363350685e-06,-0.0033764287720503363,0.006919862727978578,1.5087087838439552e-08,0.005355621703443979,1.1701071938955124e-05,0.00268130493350327,6.896938202771707e-07
fixed_ptq_w8_c1.0_test,quantized,3,3462,up_blocks.3.resnets.1.conv2.weight,0.3872260557515659,4.976702473667062e-06,0.0024805459657909926,0.005181193667605381,9.754323321302062e-10,0.00040843612246108254,6.1674896562095614e-06,0.00268130493350327,6.896938202771707e-07
fixed_ptq_w8_c1.0_test,quantized,3,3462,up_blocks.3.resnets.2.conv1.weight,0.25206567958705234,-4.269041420544835e-06,-0.0014102796063107095,0.012009126656627128,9.207180950596447e-09,0.0033889823503328417,1.0778135864602288e-05,0.00268130493350327,6.896938202771707e-07
fixed_ptq_w8_c1.0_test,quantized,3,3462,up_blocks.3.resnets.2.conv2.weight,0.3666501936315225,-1.2972042162100475e-06,-0.0015491961011206085,0.0022837577678619858,-9.157461090269402e-11,-4.894881026965979e-05,5.102476613615128e-06,0.00268130493350327,6.896938202771707e-07
fixed_ptq_w8_c1.0_test,quantized,3,3462,mid_block.attentions.0.to_q.weight,0.23078628195619744,1.9048261453422262e-07,0.0012384273176164879,0.0006664611369402943,8.223023924813325e-10,0.002938793111082684,1.212418487663907e-06,0.00268130493350327,6.896938202771707e-07
fixed_ptq_w8_c1.0_test,quantized,3,3462,mid_block.attentions.0.to_k.weight,0.23743591046848972,2.054900646698863e-07,0.0012320296823944818,0.0007024626767192754,8.842565804582002e-11,0.0003140396103372914,1.1858983563286165e-06,0.00268130493350327,6.896938202771707e-07
fixed_ptq_w8_c1.0_test,quantized,3,3462,mid_block.attentions.0.to_v.weight,0.15740808941460843,-8.946856040931456e-07,-0.0008395871889799647,0.006769827436729843,1.0994739852686202e-08,0.00431013543097296,1.6205670104005716e-05,0.00268130493350327,6.896938202771707e-07
fixed_ptq_w8_c1.0_test,quantized,3,3462,mid_block.attentions.0.to_out.0.weight,0.14889375094583934,-1.6298649550196904e-06,-0.0012311789025976024,0.00889106911101388,7.945220323461286e-09,0.0015084502757235873,3.5375165084188594e-05,0.00268130493350327,6.896938202771707e-07
fixed_ptq_w8_c1.0_test,quantized,3,3462,mid_block.resnets.0.conv1.weight,1.1884465818355672,-4.256914943723588e-06,-0.0007595524205167114,0.0047158236355325615,3.2867359097207544e-08,0.0035541395697314972,7.781273233685383e-06,0.00268130493350327,6.896938202771707e-07
fixed_ptq_w8_c1.0_test,quantized,3,3462,mid_block.resnets.0.conv2.weight,0.7352252030401639,-1.484232489274651e-06,-0.00020808773009269821,0.009701414826983733,5.3438728097911694e-08,0.002343038555982101,3.1021035571312985e-05,0.00268130493350327,6.896938202771707e-07
fixed_ptq_w8_c1.0_test,quantized,3,3462,mid_block.resnets.1.conv1.weight,1.1190719629553045,2.672094596325773e-06,0.0007334611168056731,0.0032554926430445916,2.9669454657945466e-08,0.004178150531396201,6.345523632425035e-06,0.00268130493350327,6.896938202771707e-07
fixed_ptq_w8_c1.0_test,quantized,3,3462,mid_block.resnets.1.conv2.weight,0.7529255505498338,3.4877881829838554e-06,0.0006578792232452478,0.007041284558158545,6.506702957739125e-09,0.0004016884357837285,2.1513923336223966e-05,0.00268130493350327,6.896938202771707e-07
fixed_ptq_w8_c1.0_test,quantized,3,3462,conv_out.weight,0.007964138539927095,1.3343522521332113e-05,0.022223410187206534,0.07539125702041824,1.1820677045346749e-07,0.036956202884383796,0.00040162080585671734,0.00268130493350327,6.896938202771707e-07
reconstruction_w8_c1.0_test,quantized,0,3459,conv_in.weight,0.08474045890351276,-6.090607101155591e-05,-0.008227269046216807,0.08736029124440244,2.123185195040661e-07,0.020382341315829146,0.0001229257865349165,0.059323571622371674,3.180734893248882e-06
reconstruction_w8_c1.0_test,quantized,0,3459,up_blocks.0.resnets.0.conv1.weight,1.191989271321601,-7.298357876334041e-06,-0.00023975447195950735,0.02553795352508045,3.106029271260376e-07,0.005745475576776323,4.5353124782273955e-05,0.059323571622371674,3.180734893248882e-06
reconstruction_w8_c1.0_test,quantized,0,3459,up_blocks.0.resnets.0.conv2.weight,0.819529580548582,-2.3475046998825626e-05,-0.0007530554248094655,0.03803775660624349,8.441383206409677e-08,0.0016195127971897084,6.360109576790979e-05,0.059323571622371674,3.180734893248882e-06
reconstruction_w8_c1.0_test,quantized,0,3459,up_blocks.0.resnets.1.conv1.weight,1.202545676790402,3.057537902530634e-05,0.0008973432903272454,0.028334245224033786,2.992189295505573e-07,0.004648508393496632,5.352711840923861e-05,0.059323571622371674,3.180734893248882e-06
reconstruction_w8_c1.0_test,quantized,0,3459,up_blocks.0.resnets.1.conv2.weight,0.7636672308192776,2.8203320871217008e-05,0.0008259548482059032,0.044713615341091674,1.1585589072764474e-07,0.0019451018461418875,7.799587223090858e-05,0.059323571622371674,3.180734893248882e-06
reconstruction_w8_c1.0_test,quantized,0,3459,up_blocks.0.resnets.2.conv1.weight,1.2587745562164177,9.764338261917357e-06,0.0002711851393622239,0.028604145152344926,2.770601766965246e-07,0.0042288336133817,5.204818063093127e-05,0.059323571622371674,3.180734893248882e-06
reconstruction_w8_c1.0_test,quantized,0,3459,up_blocks.0.resnets.2.conv2.weight,0.7680048157861533,2.0670136780927537e-05,0.0005959622968902502,0.04516069552459922,9.088518218362685e-08,0.0017641764320947483,6.707908390683485e-05,0.059323571622371674,3.180734893248882e-06
reconstruction_w8_c1.0_test,quantized,0,3459,up_blocks.0.upsamplers.0.conv.weight,0.4599311095068276,-2.5758538432270005e-05,-0.00041209789725863186,0.13590268356237684,4.153226121832966e-07,0.004401221330301944,0.00020517270382712025,0.059323571622371674,3.180734893248882e-06
reconstruction_w8_c1.0_test,quantized,0,3459,up_blocks.1.resnets.0.conv1.weight,1.1606087395339602,2.8456406688010996e-05,0.0007178443307798939,0.034155759553712216,2.0576052500779245e-07,0.002719253367791702,6.51968401744945e-05,0.059323571622371674,3.180734893248882e-06
reconstruction_w8_c1.0_test,quantized,0,3459,up_blocks.1.resnets.0.conv2.weight,1.1145016522100666,-1.2945107091749936e-05,-0.0003353656478719757,0.034634295338069436,2.0878418796809147e-07,0.0031033892060759387,6.03643658906964e-05,0.059323571622371674,3.180734893248882e-06
reconstruction_w8_c1.0_test,quantized,0,3459,up_blocks.1.resnets.1.conv1.weight,1.1838875501036343,-2.685608480484437e-05,-0.0006583058790160356,0.03445914619180701,2.9480059365856293e-07,0.004124101873866122,6.037936141796805e-05,0.059323571622371674,3.180734893248882e-06
reconstruction_w8_c1.0_test,quantized,0,3459,up_blocks.1.resnets.1.conv2.weight,1.0682104954114093,-3.226857386080103e-06,-8.481029294871841e-05,0.03561839679792683,2.2942875850910672e-07,0.003768798949447661,5.698860736209036e-05,0.059323571622371674,3.180734893248882e-06
reconstruction_w8_c1.0_test,quantized,0,3459,up_blocks.1.resnets.2.conv1.weight,1.1444292133530356,-2.161780958512418e-05,-0.0004728424638205066,0.039949033817637404,2.3845233790533716e-07,0.0032741004729696737,6.363860439723882e-05,0.059323571622371674,3.180734893248882e-06
reconstruction_w8_c1.0_test,quantized,0,3459,up_blocks.1.resnets.2.conv2.weight,0.9794278485914742,1.4563947448701331e-05,0.00042449698245790795,0.035029347477512955,6.740864546875714e-08,0.0014094558911506485,4.8830555265418557e-05,0.059323571622371674,3.180734893248882e-06
reconstruction_w8_c1.0_test,quantized,0,3459,up_blocks.1.upsamplers.0.conv.weight,0.507350335079075,9.439852063734269e-07,1.542677060404754e-05,0.1206096938767862,2.3490379892464518e-07,0.003365624363618668,0.00013756769037147224,0.059323571622371674,3.180734893248882e-06
reconstruction_w8_c1.0_test,quantized,0,3459,up_blocks.2.resnets.0.conv1.weight,0.7522314256260089,-4.319224349321741e-05,-0.001607058167550564,0.03572915075798029,1.4039053096260159e-07,0.003339573282332737,5.588501423284688e-05,0.059323571622371674,3.180734893248882e-06
reconstruction_w8_c1.0_test,quantized,0,3459,up_blocks.2.resnets.0.conv2.weight,0.6132583573576964,-3.2403538895253455e-05,-0.0017664850182434863,0.029911556274852168,9.010603028389374e-08,0.0038648477972489316,3.801701252676641e-05,0.059323571622371674,3.180734893248882e-06
reconstruction_w8_c1.0_test,quantized,0,3459,up_blocks.2.resnets.0.conv_shortcut.weight,0.05252431277741819,-6.65727675757508e-05,-0.00395050209380027,0.3208366231892776,2.5048824037692573e-07,0.014195892758599456,0.00033594196118140923,0.059323571622371674,3.180734893248882e-06
reconstruction_w8_c1.0_test,quantized,0,3459,up_blocks.2.resnets.1.conv1.weight,0.4851868081605433,-3.297706981251774e-05,-0.001800038249076662,0.03775907493195092,1.3663628474733966e-07,0.004389905033601208,6.415077909692918e-05,0.059323571622371674,3.180734893248882e-06
reconstruction_w8_c1.0_test,quantized,0,3459,up_blocks.2.resnets.1.conv2.weight,0.6573666630031537,-4.093693018313744e-05,-0.001855030419308746,0.03357040344833671,1.282003716736357e-07,0.006092925802496938,3.200779219872281e-05,0.059323571622371674,3.180734893248882e-06
reconstruction_w8_c1.0_test,quantized,0,3459,up_blocks.2.resnets.2.conv1.weight,0.5147271040924972,-3.784082488098534e-05,-0.0018050259926890497,0.04072865768886961,1.6499890546017765e-07,0.006706313520052516,4.7799149904329605e-05,0.059323571622371674,3.180734893248882e-06
reconstruction_w8_c1.0_test,quantized,0,3459,up_blocks.2.resnets.2.conv2.weight,0.6016179118765473,-5.922824442017113e-06,-0.0003352604038340577,0.029364718248148527,2.971187325403322e-08,0.0023659388757303794,2.087400366663866e-05,0.059323571622371674,3.180734893248882e-06
reconstruction_w8_c1.0_test,quantized,0,3459,up_blocks.2.upsamplers.0.conv.weight,0.27847497531781445,-5.209067079355149e-05,-0.0011593971930482496,0.1613398063526182,2.802800803509098e-07,0.008603405895488005,0.00011698647266315388,0.059323571622371674,3.180734893248882e-06
reconstruction_w8_c1.0_test,quantized,0,3459,up_blocks.3.resnets.0.conv1.weight,0.34825077926818504,-8.940711751878896e-05,-0.006314850873601861,0.04065527447984594,1.0506623229619183e-07,0.010139100682062741,2.975579966242696e-05,0.059323571622371674,3.180734893248882e-06
reconstruction_w8_c1.0_test,quantized,0,3459,up_blocks.3.resnets.0.conv2.weight,0.37414570219820154,-8.598916990008159e-06,-0.0009523958905452929,0.02413156470945686,3.125565491148347e-08,0.006198884677945003,1.3476412177625655e-05,0.059323571622371674,3.180734893248882e-06
reconstruction_w8_c1.0_test,quantized,0,3459,up_blocks.3.resnets.0.conv_shortcut.weight,0.04247691819783276,-0.00018967784904351423,-0.013885762901379488,0.3215835836216831,3.211975760175145e-07,0.04395941497945173,0.00017201540999317,0.059323571622371674,3.180734893248882e-06
reconstruction_w8_c1.0_test,quantized,0,3459,up_blocks.3.resnets.1.conv1.weight,0.24094975427996917,-3.86795503401676e-05,-0.0029847062058736343,0.05378402997981227,3.829876692424953e-08,0.007624358591207372,2.0847548354242817e-05,0.059323571622371674,3.180734893248882e-06
reconstruction_w8_c1.0_test,quantized,0,3459,up_blocks.3.resnets.1.conv2.weight,0.387601313099471,-1.9016370306303988e-05,-0.001716579784769115,0.028581063997830166,3.03447875606685e-08,0.008118536922127313,9.643198167616078e-06,0.059323571622371674,3.180734893248882e-06
reconstruction_w8_c1.0_test,quantized,0,3459,up_blocks.3.resnets.2.conv1.weight,0.25243750979002005,1.439032875015163e-05,0.0009730916844443422,0.05858184790422047,2.1331592450432913e-07,0.013407322322411638,6.302710220806865e-05,0.059323571622371674,3.180734893248882e-06
reconstruction_w8_c1.0_test,quantized,0,3459,up_blocks.3.resnets.2.conv2.weight,0.36671141271136176,-5.963625065559832e-06,-0.0012318461112726627,0.013201687504472063,1.4415394139132742e-08,0.003200256214022401,1.2283364670618819e-05,0.059323571622371674,3.180734893248882e-06
reconstruction_w8_c1.0_test,quantized,0,3459,mid_block.attentions.0.to_q.weight,0.2307877396370401,1.5297586230319995e-06,0.0010070589697230238,0.0065819605397299755,-3.593297217031547e-10,-0.00011955599238941627,1.3022940570561696e-05,0.059323571622371674,3.180734893248882e-06
reconstruction_w8_c1.0_test,quantized,0,3459,mid_block.attentions.0.to_k.weight,0.23743732296863673,3.4225219462496643e-07,0.00019304208425175405,0.0074669846165954104,-5.1255501676755465e-09,-0.001425309479673914,1.5145455104103747e-05,0.059323571622371674,3.180734893248882e-06
reconstruction_w8_c1.0_test,quantized,0,3459,mid_block.attentions.0.to_v.weight,0.1574176415321049,-2.1917381090232152e-06,-0.00038047777122653467,0.03659367011664796,-9.039373255261646e-09,-0.0007951333142897267,7.22179187814873e-05,0.059323571622371674,3.180734893248882e-06
reconstruction_w8_c1.0_test,quantized,0,3459,mid_block.attentions.0.to_out.0.weight,0.1489035507061333,8.025781888414959e-06,0.0012803777671962966,0.042096324134925686,4.689246291984123e-08,0.004394436881481899,7.166296268693789e-05,0.059323571622371674,3.180734893248882e-06
reconstruction_w8_c1.0_test,quantized,0,3459,mid_block.resnets.0.conv1.weight,1.1885944424723744,-4.138924026939089e-05,-0.0011215531134726657,0.031048020326855944,2.5329728395008463e-07,0.003052936944367701,6.98037899914116e-05,0.059323571622371674,3.180734893248882e-06
reconstruction_w8_c1.0_test,quantized,0,3459,mid_block.resnets.0.conv2.weight,0.7352471659721437,2.9915212812696196e-06,7.130757127795052e-05,0.05705886030535623,3.695376109809592e-07,0.0044779340124213645,0.00011223998453464434,0.059323571622371674,3.180734893248882e-06
reconstruction_w8_c1.0_test,quantized,0,3459,mid_block.resnets.1.conv1.weight,1.1191322674195403,-2.7984369429625137e-05,-0.0011104927947490609,0.02251740621803848,1.0081664599272029e-07,0.0021434639387267434,4.202760539399995e-05,0.059323571622371674,3.180734893248882e-06
reconstruction_w8_c1.0_test,quantized,0,3459,mid_block.resnets.1.conv2.weight,0.7529332846604857,1.593701692206056e-05,0.0005456496399257629,0.03879150814780187,6.011240880932447e-08,0.0012811112203056929,6.231904653352737e-05,0.059323571622371674,3.180734893248882e-06
reconstruction_w8_c1.0_test,quantized,0,3459,conv_out.weight,0.008234470521140687,7.816812152854554e-05,0.018236709350188507,0.520532103834639,2.7708865390864844e-07,0.05822776218083544,0.000577900358892489,0.059323571622371674,3.180734893248882e-06
reconstruction_w8_c1.0_test,quantized,1,3460,conv_in.weight,0.08474045890351276,-6.497550545782823e-05,-0.004542385596822318,0.16880093854221884,1.6858256678371208e-07,0.020566215448845487,9.673139909466334e-05,0.07492663711309433,2.6945590434479527e-06
reconstruction_w8_c1.0_test,quantized,1,3460,up_blocks.0.resnets.0.conv1.weight,1.191989271321601,1.8999800650745903e-05,0.0004543086589852822,0.03508533950676692,1.0138426500904638e-07,0.003799725771594739,2.2384425680018244e-05,0.07492663711309433,2.6945590434479527e-06
reconstruction_w8_c1.0_test,quantized,1,3460,up_blocks.0.resnets.0.conv2.weight,0.819529580548582,1.9858903293384493e-05,0.0004364738005568971,0.05551782542121192,6.237010406750292e-08,0.002287749928367696,3.3266206909079716e-05,0.07492663711309433,2.6945590434479527e-06
reconstruction_w8_c1.0_test,quantized,1,3460,up_blocks.0.resnets.1.conv1.weight,1.202545676790402,2.6494162219982145e-05,0.0005321743347596417,0.04139946070966891,1.409181215153217e-07,0.004795480139846187,2.443617165253514e-05,0.07492663711309433,2.6945590434479527e-06
reconstruction_w8_c1.0_test,quantized,1,3460,up_blocks.0.resnets.1.conv2.weight,0.7636672308192776,5.371981345814936e-06,0.00010758282930604719,0.06538639279353313,8.013643031729991e-08,0.0025797421819922753,4.0677057800409245e-05,0.07492663711309433,2.6945590434479527e-06
reconstruction_w8_c1.0_test,quantized,1,3460,up_blocks.0.resnets.2.conv1.weight,1.2587745562164177,-3.059030289762233e-05,-0.000538726576087597,0.045109438475973165,2.1519774654998246e-07,0.008172168680739549,2.0919554958777938e-05,0.07492663711309433,2.6945590434479527e-06
reconstruction_w8_c1.0_test,quantized,1,3460,up_blocks.0.resnets.2.conv2.weight,0.7680048157861533,-3.4844741783059673e-05,-0.0006313872833618852,0.07185838902298532,1.0368393112363471e-07,0.003199215785803733,4.2199176653834546e-05,0.07492663711309433,2.6945590434479527e-06
reconstruction_w8_c1.0_test,quantized,1,3460,up_blocks.0.upsamplers.0.conv.weight,0.4599311095068276,-6.122193566531579e-05,-0.0005474542144522566,0.2431456292645651,1.7404744700435052e-07,0.0030374630760640477,0.00012458445708391966,0.07492663711309433,2.6945590434479527e-06
reconstruction_w8_c1.0_test,quantized,1,3460,up_blocks.1.resnets.0.conv1.weight,1.1606087395339602,-2.787895426636182e-05,-0.0004989045211615548,0.04814744029504408,1.48594701317082e-07,0.005675684667472932,2.2557929140973698e-05,0.07492663711309433,2.6945590434479527e-06
reconstruction_w8_c1.0_test,quantized,1,3460,up_blocks.1.resnets.0.conv2.weight,1.1145016522100666,-6.326204226524548e-06,-0.00010130416534783856,0.05603187926594724,1.066726748064259e-07,0.0034543081047924942,2.770839670711138e-05,0.07492663711309433,2.6945590434479527e-06
reconstruction_w8_c1.0_test,quantized,1,3460,up_blocks.1.resnets.1.conv1.weight,1.1838875501036343,1.5598979352890243e-05,0.0002487944373163186,0.052959644821413715,1.570509354602533e-07,0.006509204437738839,2.0379905328515703e-05,0.07492663711309433,2.6945590434479527e-06
reconstruction_w8_c1.0_test,quantized,1,3460,up_blocks.1.resnets.1.conv2.weight,1.0682104954114093,2.509299633029462e-05,0.00041064247653396725,0.05720471311873438,9.053370585281437e-08,0.003195488564622986,2.65226057365289e-05,0.07492663711309433,2.6945590434479527e-06
reconstruction_w8_c1.0_test,quantized,1,3460,up_blocks.1.resnets.2.conv1.weight,1.1444292133530356,0.00014908015588830048,0.002234079860501157,0.058308545660881304,1.9485671613547115e-07,0.0073966210501099795,2.301935098238025e-05,0.07492663711309433,2.6945590434479527e-06
reconstruction_w8_c1.0_test,quantized,1,3460,up_blocks.1.resnets.2.conv2.weight,0.9794278485914742,-7.553908479567592e-06,-0.0001393874076929682,0.055331918574314895,5.013528305206082e-08,0.0019171799701947726,2.669980808931094e-05,0.07492663711309433,2.6945590434479527e-06
reconstruction_w8_c1.0_test,quantized,1,3460,up_blocks.1.upsamplers.0.conv.weight,0.507350335079075,9.660544054233426e-06,8.298094436168806e-05,0.22946437032242323,1.6348351872347173e-07,0.002656610406491849,0.00012129367525162282,0.07492663711309433,2.6945590434479527e-06
reconstruction_w8_c1.0_test,quantized,1,3460,up_blocks.2.resnets.0.conv1.weight,0.7522314256260089,-1.1245871427153133e-05,-0.00022273276988494714,0.06712086168182099,9.988676368383062e-08,0.005288704936380185,2.5107711609594688e-05,0.07492663711309433,2.6945590434479527e-06
reconstruction_w8_c1.0_test,quantized,1,3460,up_blocks.2.resnets.0.conv2.weight,0.6132583573576964,-5.0380727777952976e-05,-0.0015835768360011602,0.05187783231153572,6.847077885611472e-08,0.004948787125919512,2.2561242820646626e-05,0.07492663711309433,2.6945590434479527e-06
reconstruction_w8_c1.0_test,quantized,1,3460,up_blocks.2.resnets.0.conv_shortcut.weight,0.05252431277741819,-3.450483963255668e-05,-0.0010495075972403063,0.6259419344307181,1.5839766074852765e-07,0.009212081210051005,0.0003273637800366899,0.07492663711309433,2.6945590434479527e-06
reconstruction_w8_c1.0_test,quantized,1,3460,up_blocks.2.resnets.1.conv1.weight,0.4851868081605433,9.26984685308696e-06,0.0003000069102317595,0.06368429080278537,9.123855330508044e-08,0.0065619750938593294,2.8657270857636118e-05,0.07492663711309433,2.6945590434479527e-06
reconstruction_w8_c1.0_test,quantized,1,3460,up_blocks.2.resnets.1.conv2.weight,0.6573666630031537,-8.38809908630966e-05,-0.0021999097792812666,0.058003073361283304,8.922565688472859e-08,0.006033762829755123,2.2495406359113826e-05,0.07492663711309433,2.6945590434479527e-06
reconstruction_w8_c1.0_test,quantized,1,3460,up_blocks.2.resnets.2.conv1.weight,0.5147271040924972,2.1118151417899957e-05,0.0006361212494254689,0.06449691745314762,3.662010178790511e-08,0.0020274824274303872,3.509016503179211e-05,0.07492663711309433,2.6945590434479527e-06
reconstruction_w8_c1.0_test,quantized,1,3460,up_blocks.2.resnets.2.conv2.weight,0.6016179118765473,-4.741870322920688e-05,-0.0014961194681771801,0.0526820469307042,3.078758483708181e-08,0.0020749639701516075,2.4662909178250815e-05,0.07492663711309433,2.6945590434479527e-06
reconstruction_w8_c1.0_test,quantized,1,3460,up_blocks.2.upsamplers.0.conv.weight,0.27847497531781445,-2.1831219212699755e-05,-0.0002373474609689228,0.33029897517155166,4.1889034393074123e-07,0.00870502953522565,0.00017280007483466315,0.07492663711309433,2.6945590434479527e-06
reconstruction_w8_c1.0_test,quantized,1,3460,up_blocks.3.resnets.0.conv1.weight,0.34825077926818504,-8.574729629373867e-05,-0.0035787176940932012,0.0688019738261575,2.0836778767228216e-07,0.021068515324557367,2.8399098323612365e-05,0.07492663711309433,2.6945590434479527e-06
reconstruction_w8_c1.0_test,quantized,1,3460,up_blocks.3.resnets.0.conv2.weight,0.37414570219820154,-1.4003818479363804e-05,-0.0009383172411448898,0.039889263293490795,6.515551224594035e-08,0.007741906563013821,2.249378175678897e-05,0.07492663711309433,2.6945590434479527e-06
reconstruction_w8_c1.0_test,quantized,1,3460,up_blocks.3.resnets.0.conv_shortcut.weight,0.04247691819783276,-0.00010532435618800456,-0.004282065578637775,0.5790585771837529,6.186366452661771e-07,0.044686388021949144,0.00032591728188543595,0.07492663711309433,2.6945590434479527e-06
reconstruction_w8_c1.0_test,quantized,1,3460,up_blocks.3.resnets.1.conv1.weight,0.24094975427996917,-4.886066250683082e-05,-0.0023834900440961497,0.08507844064621024,1.0392764926744226e-07,0.010417787537753007,4.140274352130968e-05,0.07492663711309433,2.6945590434479527e-06
reconstruction_w8_c1.0_test,quantized,1,3460,up_blocks.3.resnets.1.conv2.weight,0.387601313099471,-8.643487770767878e-06,-0.00045919861101584785,0.04856274380276502,6.736364360329062e-08,0.008814405934370979,1.9717292649611536e-05,0.07492663711309433,2.6945590434479527e-06
reconstruction_w8_c1.0_test,quantized,1,3460,up_blocks.3.resnets.2.conv1.weight,0.25243750979002005,3.038711574880035e-05,0.0011688585964955474,0.10298491562946722,3.856894107652081e-07,0.011690151352682565,0.0001306964206860423,0.07492663711309433,2.6945590434479527e-06
reconstruction_w8_c1.0_test,quantized,1,3460,up_blocks.3.resnets.2.conv2.weight,0.36671141271136176,4.089252718250594e-06,0.00048561965190929067,0.022962716898098947,6.205877757160699e-08,0.00646860372760288,2.6161837498522937e-05,0.07492663711309433,2.6945590434479527e-06
reconstruction_w8_c1.0_test,quantized,1,3460,mid_block.attentions.0.to_q.weight,0.2307877396370401,4.165120773340338e-06,0.0018868911420724407,0.009564626590225543,1.8297854551409556e-09,0.0014982856049955192,5.29167094601371e-06,0.07492663711309433,2.6945590434479527e-06
reconstruction_w8_c1.0_test,quantized,1,3460,mid_block.attentions.0.to_k.weight,0.23743732296863673,-2.83375789951906e-06,-0.0009896967290241225,0.012059009069557607,1.6466167211573077e-09,0.001288558344876734,5.381947368536602e-06,0.07492663711309433,2.6945590434479527e-06
reconstruction_w8_c1.0_test,quantized,1,3460,mid_block.attentions.0.to_v.weight,0.1574176415321049,-7.609625846634992e-06,-0.0006745059957123305,0.07166780243705838,3.094781073415411e-08,0.005875250588863543,3.346186448820457e-05,0.07492663711309433,2.6945590434479527e-06
reconstruction_w8_c1.0_test,quantized,1,3460,mid_block.attentions.0.to_out.0.weight,0.1489035507061333,2.0325686292731472e-05,0.001533554859611819,0.08901041951502643,3.572633093657775e-08,0.003977043755662218,6.032856480882274e-05,0.07492663711309433,2.6945590434479527e-06
reconstruction_w8_c1.0_test,quantized,1,3460,mid_block.resnets.0.conv1.weight,1.1885944424723744,-4.119504082227535e-05,-0.0006276504663704182,0.05521961653409644,1.542538329452007e-07,0.005371173385127788,2.4162012079150346e-05,0.07492663711309433,2.6945590434479527e-06
reconstruction_w8_c1.0_test,quantized,1,3460,mid_block.resnets.0.conv2.weight,0.7352471659721437,1.8419324712935726e-05,0.00029056488135624026,0.08621785661931754,1.0680705061905422e-07,0.002695753853256004,5.388728817996712e-05,0.07492663711309433,2.6945590434479527e-06
reconstruction_w8_c1.0_test,quantized,1,3460,mid_block.resnets.1.conv1.weight,1.1191322674195403,2.5685543283774165e-05,0.0007318461355602895,0.031360830444202105,5.1329339484571033e-08,0.0026155655099387737,1.753552028446939e-05,0.07492663711309433,2.6945590434479527e-06
reconstruction_w8_c1.0_test,quantized,1,3460,mid_block.resnets.1.conv2.weight,0.7529332846604857,-5.034210314947971e-05,-0.001099334578828448,0.06081979756404705,5.634723600755532e-08,0.0021178314114904586,3.5336597996361076e-05,0.07492663711309433,2.6945590434479527e-06
reconstruction_w8_c1.0_test,quantized,1,3460,conv_out.weight,0.008234470521140687,6.853922078777148e-05,0.010267455047098476,0.8106636008559448,6.919226833356556e-07,0.09274026209311181,0.0009060529323859355,0.07492663711309433,2.6945590434479527e-06
reconstruction_w8_c1.0_test,quantized,2,3461,conv_in.weight,0.08474045890351276,-2.33848898864054e-05,-0.0025945958919330273,0.10635913376447394,3.5193041309835817e-07,0.01815194395434293,0.00022879305944775133,0.06303568929433823,4.5036217670713086e-06
reconstruction_w8_c1.0_test,quantized,2,3461,up_blocks.0.resnets.0.conv1.weight,1.191989271321601,6.149858651638979e-06,0.00015690112485281727,0.03288264398362414,2.4119441174550775e-07,0.006170870821276009,3.2790530258431886e-05,0.06303568929433823,4.5036217670713086e-06
reconstruction_w8_c1.0_test,quantized,2,3461,up_blocks.0.resnets.0.conv2.weight,0.819529580548582,1.344684742227098e-05,0.000361305262164708,0.04541314262025742,1.3245316655511058e-07,0.0027677594314714643,5.839415418199673e-05,0.06303568929433823,4.5036217670713086e-06
reconstruction_w8_c1.0_test,quantized,2,3461,up_blocks.0.resnets.1.conv1.weight,1.202545676790402,-6.160453836842002e-06,-0.00012604071884449053,0.04064435676206279,3.218118911443163e-07,0.0073488129656359815,3.641525134213519e-05,0.06303568929433823,4.5036217670713086e-06
reconstruction_w8_c1.0_test,quantized,2,3461,up_blocks.0.resnets.1.conv2.weight,0.7636672308192776,-1.6240808268383237e-06,-4.120102372260503e-05,0.05161732296255604,1.1397874795844212e-07,0.0022120566155845916,6.747198522148047e-05,0.06303568929433823,4.5036217670713086e-06
reconstruction_w8_c1.0_test,quantized,2,3461,up_blocks.0.resnets.2.conv1.weight,1.2587745562164177,1.6356925961236347e-06,2.9525137002800888e-05,0.04401105816393522,3.241293448079904e-07,0.00738859626974664,3.4850455529654816e-05,0.06303568929433823,4.5036217670713086e-06
reconstruction_w8_c1.0_test,quantized,2,3461,up_blocks.0.resnets.2.conv2.weight,0.7680048157861533,-2.0810593282415714e-06,-5.202512030483767e-05,0.05208437116163255,9.582166199725788e-08,0.0018233485711977348,6.8427402566591e-05,0.06303568929433823,4.5036217670713086e-06
reconstruction_w8_c1.0_test,quantized,2,3461,up_blocks.0.upsamplers.0.conv.weight,0.4599311095068276,-4.2525104825667796e-05,-0.0004556177827004638,0.20293265652633335,5.072931017235875e-07,0.0041734328033263424,0.0002642851404466975,0.06303568929433823,4.5036217670713086e-06
reconstruction_w8_c1.0_test,quantized,2,3461,up_blocks.1.resnets.0.conv1.weight,1.1606087395339602,-2.3553444188361755e-05,-0.0004492164552927434,0.0451765361903562,2.2473447625208056e-07,0.006078169996380835,3.1857450955861103e-05,0.06303568929433823,4.5036217670713086e-06
reconstruction_w8_c1.0_test,quantized,2,3461,up_blocks.1.resnets.0.conv2.weight,1.1145016522100666,7.061555452125991e-05,0.0014165268383250882,0.04472958304845321,2.6830028820754083e-07,0.005545532168866634,4.341074045357776e-05,0.06303568929433823,4.5036217670713086e-06
reconstruction_w8_c1.0_test,quantized,2,3461,up_blocks.1.resnets.1.conv1.weight,1.1838875501036343,-6.155420312328253e-05,-0.0011041872106726,0.04708738225738344,2.6064624838639376e-07,0.007306427841449903,3.0132552732190833e-05,0.06303568929433823,4.5036217670713086e-06
reconstruction_w8_c1.0_test,quantized,2,3461,up_blocks.1.resnets.1.conv2.weight,1.0682104954114093,-2.7891267316914075e-05,-0.00058215369529916,0.04485116712783816,1.9602492526381265e-07,0.004237300953435828,4.330770257239382e-05,0.06303568929433823,4.5036217670713086e-06
reconstruction_w8_c1.0_test,quantized,2,3461,up_blocks.1.resnets.2.conv1.weight,1.1444292133530356,3.371069141743759e-05,0.0005437953208319306,0.05416805708822055,3.7341748459757645e-07,0.010273223922783101,3.176135042303879e-05,0.06303568929433823,4.5036217670713086e-06
reconstruction_w8_c1.0_test,quantized,2,3461,up_blocks.1.resnets.2.conv2.weight,0.9794278485914742,-7.19556773002501e-06,-0.0001706874310937641,0.04304186439489216,1.2470898176559975e-07,0.002853115085720971,4.462785309464745e-05,0.06303568929433823,4.5036217670713086e-06
reconstruction_w8_c1.0_test,quantized,2,3461,up_blocks.1.upsamplers.0.conv.weight,0.507350335079075,0.00011466489969527744,0.0012656742291689543,0.17856675503287214,3.0984162722843594e-07,0.0024160260687982778,0.0002527727173958662,0.06303568929433823,4.5036217670713086e-06
reconstruction_w8_c1.0_test,quantized,2,3461,up_blocks.2.resnets.0.conv1.weight,0.7522314256260089,3.1043789454569304e-05,0.000768683071099089,0.05368784103657208,2.2958436109190624e-07,0.007524953414804441,4.055897890564048e-05,0.06303568929433823,4.5036217670713086e-06
reconstruction_w8_c1.0_test,quantized,2,3461,up_blocks.2.resnets.0.conv2.weight,0.6132583573576964,-3.075043099722458e-05,-0.0012471799589190103,0.04020486501229684,2.1659825634003216e-07,0.007520915259630018,4.696137295303243e-05,0.06303568929433823,4.5036217670713086e-06
reconstruction_w8_c1.0_test,quantized,2,3461,up_blocks.2.resnets.0.conv_shortcut.weight,0.05252431277741819,-0.00010411261852874978,-0.004390579991986991,0.45146189137191,2.899486323485588e-08,0.0008135926568662001,0.0006785059579498916,0.06303568929433823,4.5036217670713086e-06
reconstruction_w8_c1.0_test,quantized,2,3461,up_blocks.2.resnets.1.conv1.weight,0.4851868081605433,1.1752237792309905e-05,0.00043157861758017294,0.05612439422273199,1.7946554537215016e-07,0.010827108451077276,3.416328404514482e-05,0.06303568929433823,4.5036217670713086e-06
reconstruction_w8_c1.0_test,quantized,2,3461,up_blocks.2.resnets.1.conv2.weight,0.6573666630031537,-3.488463185915326e-05,-0.0011716630596391741,0.045292232768019726,1.3246559821326483e-07,0.004205317400171881,4.791777555740515e-05,0.06303568929433823,4.5036217670713086e-06
reconstruction_w8_c1.0_test,quantized,2,3461,up_blocks.2.resnets.2.conv1.weight,0.5147271040924972,-2.3891694764137516e-06,-8.539919996614767e-05,0.05435207363410548,1.0126159570592318e-07,0.004859165637924129,4.0486107675671424e-05,0.06303568929433823,4.5036217670713086e-06
reconstruction_w8_c1.0_test,quantized,2,3461,up_blocks.2.resnets.2.conv2.weight,0.6016179118765473,-3.6002295388853164e-06,-0.00016293104945792617,0.03672870178595281,8.618122934856328e-08,0.003111101386022041,4.604450013601814e-05,0.06303568929433823,4.5036217670713086e-06
reconstruction_w8_c1.0_test,quantized,2,3461,up_blocks.2.upsamplers.0.conv.weight,0.27847497531781445,3.015280306920426e-05,0.0005405531168400898,0.2003102354026492,5.927687472093549e-07,0.005490788398551261,0.0003876719837411489,0.06303568929433823,4.5036217670713086e-06
reconstruction_w8_c1.0_test,quantized,2,3461,up_blocks.3.resnets.0.conv1.weight,0.34825077926818504,-2.9266107955978437e-05,-0.001686558216625645,0.0498277798085407,2.6966228072901606e-07,0.013746468662611406,5.632963797525479e-05,0.06303568929433823,4.5036217670713086e-06
reconstruction_w8_c1.0_test,quantized,2,3461,up_blocks.3.resnets.0.conv2.weight,0.37414570219820154,-8.313463575003529e-07,-7.9251275449516e-05,0.028037221783540362,4.995980517319705e-08,0.0036258289832983436,3.68275356873525e-05,0.06303568929433823,4.5036217670713086e-06
reconstruction_w8_c1.0_test,quantized,2,3461,up_blocks.3.resnets.0.conv_shortcut.weight,0.04247691819783276,-0.00012589941437811297,-0.007733271304835342,0.38327232671416706,5.523772430915841e-07,0.018899259251389133,0.0006880785120803709,0.06303568929433823,4.5036217670713086e-06
reconstruction_w8_c1.0_test,quantized,2,3461,up_blocks.3.resnets.1.conv1.weight,0.24094975427996917,6.550810395076438e-05,0.0043994733308549755,0.06179706546142533,1.3209192175332407e-07,0.0077515535462933174,7.072305613527145e-05,0.06303568929433823,4.5036217670713086e-06
reconstruction_w8_c1.0_test,quantized,2,3461,up_blocks.3.resnets.1.conv2.weight,0.387601313099471,-1.066090167669196e-05,-0.0008739460553070881,0.031471980380965776,6.683596045003181e-08,0.005869162921340879,2.9379796849989155e-05,0.06303568929433823,4.5036217670713086e-06
reconstruction_w8_c1.0_test,quantized,2,3461,up_blocks.3.resnets.2.conv1.weight,0.25243750979002005,4.3978636214479704e-05,0.002514143845766308,0.06929433770674424,4.711466314169844e-07,0.010508307911607541,0.0001776108174585433,0.06303568929433823,4.5036217670713086e-06
reconstruction_w8_c1.0_test,quantized,2,3461,up_blocks.3.resnets.2.conv2.weight,0.36671141271136176,1.0274221943370534e-05,0.0018179046283596323,0.015411802024719281,1.3071946032684828e-07,0.009687731167400829,3.6795418032722556e-05,0.06303568929433823,4.5036217670713086e-06
reconstruction_w8_c1.0_test,quantized,2,3461,mid_block.attentions.0.to_q.weight,0.2307877396370401,7.673661488127968e-06,0.0033125189087372595,0.010037638190946606,7.735119524459331e-10,0.00021220176421862108,1.579447900872303e-05,0.06303568929433823,4.5036217670713086e-06
reconstruction_w8_c1.0_test,quantized,2,3461,mid_block.attentions.0.to_k.weight,0.23743732296863673,-1.2310288478800536e-06,-0.0005738689044826019,0.009034550512419958,2.358086154066332e-09,0.000747893495977908,1.3279169815473787e-05,0.06303568929433823,4.5036217670713086e-06
reconstruction_w8_c1.0_test,quantized,2,3461,mid_block.attentions.0.to_v.weight,0.1574176415321049,-4.508682350220147e-06,-0.0004873957236056656,0.05876442936747242,9.320530757584882e-08,0.006090341542558218,9.721775642255551e-05,0.06303568929433823,4.5036217670713086e-06
reconstruction_w8_c1.0_test,quantized,2,3461,mid_block.attentions.0.to_out.0.weight,0.1489035507061333,7.136174645255307e-06,0.0006242939367272902,0.07676642201595942,9.003516183574904e-08,0.00400589659766903,0.00015094104790811135,0.06303568929433823,4.5036217670713086e-06
reconstruction_w8_c1.0_test,quantized,2,3461,mid_block.resnets.0.conv1.weight,1.1885944424723744,-6.38849735464777e-05,-0.0014635479883069904,0.03672468309936964,3.254375024363801e-07,0.005216094267071604,5.249143812823728e-05,0.06303568929433823,4.5036217670713086e-06
reconstruction_w8_c1.0_test,quantized,2,3461,mid_block.resnets.0.conv2.weight,0.7352471659721437,1.0185665571082343e-06,1.970561280934201e-05,0.07030174554279642,1.818113297974066e-07,0.002095516876609585,0.00011800391641760593,0.06303568929433823,4.5036217670713086e-06
reconstruction_w8_c1.0_test,quantized,2,3461,mid_block.resnets.1.conv1.weight,1.1191322674195403,5.7450375761849534e-05,0.0018497184232887083,0.02775273786921559,2.0729508463778367e-07,0.00442267147170877,4.1881565467862e-05,0.06303568929433823,4.5036217670713086e-06
reconstruction_w8_c1.0_test,quantized,2,3461,mid_block.resnets.1.conv2.weight,0.7529332846604857,-1.7925480236764504e-05,-0.0005275323392289331,0.04512998768632666,5.963743443837597e-08,0.001116463261312229,7.094438352713716e-05,0.06303568929433823,4.5036217670713086e-06
reconstruction_w8_c1.0_test,quantized,2,3461,conv_out.weight,0.008234470521140687,0.00016059360213099426,0.027626541339686606,0.7059371590037243,1.0169000364697256e-06,0.08141732288471064,0.001516791078995272,0.06303568929433823,4.5036217670713086e-06
reconstruction_w8_c1.0_test,quantized,3,3462,conv_in.weight,0.08474045890351276,-6.554715625244545e-06,-0.005036053124785423,0.01535934658285679,8.128976262956798e-08,0.03742615114689708,2.5631255313851236e-05,0.0026292321272194386,5.677140393345326e-07
reconstruction_w8_c1.0_test,quantized,3,3462,up_blocks.0.resnets.0.conv1.weight,1.191989271321601,1.780582459925304e-06,0.00045828426169705513,0.0032595286404023655,3.8234034195607947e-08,0.006439113047665264,4.981403573209112e-06,0.0026292321272194386,5.677140393345326e-07
reconstruction_w8_c1.0_test,quantized,3,3462,up_blocks.0.resnets.0.conv2.weight,0.819529580548582,-1.329388570284288e-06,-0.00024130720434248392,0.006722286508911526,1.499266730488118e-08,0.0014534427192971551,1.2586829498856052e-05,0.0026292321272194386,5.677140393345326e-07
reconstruction_w8_c1.0_test,quantized,3,3462,up_blocks.0.resnets.1.conv1.weight,1.202545676790402,-9.98628806261163e-07,-0.0002703062461478701,0.0030721783675181974,4.578843827641323e-08,0.00785989285040682,4.844373549599213e-06,0.0026292321272194386,5.677140393345326e-07
reconstruction_w8_c1.0_test,quantized,3,3462,up_blocks.0.resnets.1.conv2.weight,0.7636672308192776,2.7936375608283844e-06,0.0004854334734172118,0.007535918375421001,1.8610984384460647e-08,0.0015212193169869953,1.6020400088750445e-05,0.0026292321272194386,5.677140393345326e-07
reconstruction_w8_c1.0_test,quantized,3,3462,up_blocks.0.resnets.2.conv1.weight,1.2587745562164177,9.174519571005612e-07,0.0001902956345023562,0.0038300685779154844,4.78989123818634e-08,0.007025113221576826,5.416570103100113e-06,0.0026292321272194386,5.677140393345326e-07
reconstruction_w8_c1.0_test,quantized,3,3462,up_blocks.0.resnets.2.conv2.weight,0.7680048157861533,-1.0010643021798733e-06,-0.0001611050685147217,0.00809075085009328,1.4418158316845463e-08,0.0010516593813886413,1.7851336900082653e-05,0.0026292321272194386,5.677140393345326e-07
reconstruction_w8_c1.0_test,quantized,3,3462,up_blocks.0.upsamplers.0.conv.weight,0.4599311095068276,-2.246666008930053e-06,-0.00019726965673435025,0.02476198406468729,8.852269268389981e-08,0.0038657895318485523,4.978787884954659e-05,0.0026292321272194386,5.677140393345326e-07
reconstruction_w8_c1.0_test,quantized,3,3462,up_blocks.1.resnets.0.conv1.weight,1.1606087395339602,-1.4314763025943452e-06,-0.0002940571912647001,0.00419436790630773,3.840253712658377e-08,0.006403380895075837,5.167312718577681e-06,0.0026292321272194386,5.677140393345326e-07
reconstruction_w8_c1.0_test,quantized,3,3462,up_blocks.1.resnets.0.conv2.weight,1.1145016522100666,8.319254904598317e-09,1.4285438067388764e-06,0.005225287035196462,3.4081196595309415e-08,0.003604248576004964,8.48436575375784e-06,0.0026292321272194386,5.677140393345326e-07
reconstruction_w8_c1.0_test,quantized,3,3462,up_blocks.1.resnets.1.conv1.weight,1.1838875501036343,-2.7525843523725544e-06,-0.0005577621811265314,0.004168512608803363,4.044863373526737e-08,0.007631285285266887,4.477088855968002e-06,0.0026292321272194386,5.677140393345326e-07
reconstruction_w8_c1.0_test,quantized,3,3462,up_blocks.1.resnets.1.conv2.weight,1.0682104954114093,2.6777415111833226e-06,0.0004180871858563442,0.00599576984610122,2.7334698775408254e-08,0.0024995571156867387,1.0237511125222869e-05,0.0026292321272194386,5.677140393345326e-07
reconstruction_w8_c1.0_test,quantized,3,3462,up_blocks.1.resnets.2.conv1.weight,1.1444292133530356,8.84475769853748e-06,0.0015275882837430925,0.005059302952304218,5.95813319053227e-08,0.009851668778276604,5.284592085517044e-06,0.0026292321272194386,5.677140393345326e-07
reconstruction_w8_c1.0_test,quantized,3,3462,up_blocks.1.resnets.2.conv2.weight,0.9794278485914742,9.889366799256214e-07,0.00017102475265715997,0.0059038738051433275,1.520132859575291e-08,0.0013481058666228675,1.1512909741413608e-05,0.0026292321272194386,5.677140393345326e-07
reconstruction_w8_c1.0_test,quantized,3,3462,up_blocks.1.upsamplers.0.conv.weight,0.507350335079075,4.761063963291853e-06,0.00043414570000545463,0.0216152648194603,5.909834165764921e-08,0.0024932064493562995,4.672067420436965e-05,0.0026292321272194386,5.677140393345326e-07
reconstruction_w8_c1.0_test,quantized,3,3462,up_blocks.2.resnets.0.conv1.weight,0.7522314256260089,-3.6547681556861165e-06,-0.0009335822208918174,0.005204221673112805,4.263509023443079e-08,0.008682792500261846,6.527641446072608e-06,0.0026292321272194386,5.677140393345326e-07
reconstruction_w8_c1.0_test,quantized,3,3462,up_blocks.2.resnets.0.conv2.weight,0.6132583573576964,-6.775980443276532e-06,-0.002294704910713894,0.004815061333102187,3.146095952201e-08,0.005459306343062007,9.397038877135823e-06,0.0026292321272194386,5.677140393345326e-07
reconstruction_w8_c1.0_test,quantized,3,3462,up_blocks.2.resnets.0.conv_shortcut.weight,0.05252431277741819,-3.4895030263582483e-06,-0.001337231107943076,0.04968173219289731,6.967137883163345e-08,0.011013009088617891,0.0001204447928537049,0.0026292321272194386,5.677140393345326e-07
reconstruction_w8_c1.0_test,quantized,3,3462,up_blocks.2.resnets.1.conv1.weight,0.4851868081605433,3.1734547736305215e-06,0.001144250654260212,0.005716130822121987,2.1157317867433657e-08,0.007812686535925081,5.581503828907006e-06,0.0026292321272194386,5.677140393345326e-07
reconstruction_w8_c1.0_test,quantized,3,3462,up_blocks.2.resnets.1.conv2.weight,0.6573666630031537,-4.236895364608002e-06,-0.0011300153135568038,0.005703687643539707,2.8781209594704534e-08,0.004682368456555694,9.350520372937576e-06,0.0026292321272194386,5.677140393345326e-07
reconstruction_w8_c1.0_test,quantized,3,3462,up_blocks.2.resnets.2.conv1.weight,0.5147271040924972,-9.100260348265144e-07,-0.0003135937074673943,0.005637797075323753,2.844429789855566e-08,0.008122471188229037,6.803462593143329e-06,0.0026292321272194386,5.677140393345326e-07
reconstruction_w8_c1.0_test,quantized,3,3462,up_blocks.2.resnets.2.conv2.weight,0.6016179118765473,-1.9824219295109668e-07,-6.688705953369308e-05,0.004926440378702312,4.725746816940362e-09,0.0008990845614053672,8.736734783638288e-06,0.0026292321272194386,5.677140393345326e-07
reconstruction_w8_c1.0_test,quantized,3,3462,up_blocks.2.upsamplers.0.conv.weight,0.27847497531781445,8.376234302923547e-06,0.0011748741785077772,0.02560184618401445,4.770154278002752e-08,0.0026580317793250758,6.444453319251474e-05,0.0026292321272194386,5.677140393345326e-07
reconstruction_w8_c1.0_test,quantized,3,3462,up_blocks.3.resnets.0.conv1.weight,0.34825077926818504,-5.4531121927585135e-06,-0.002540806536082521,0.006162837806715373,2.265011497417693e-08,0.007341973671957401,8.858608140955898e-06,0.0026292321272194386,5.677140393345326e-07
reconstruction_w8_c1.0_test,quantized,3,3462,up_blocks.3.resnets.0.conv2.weight,0.37414570219820154,-4.794123199980938e-06,-0.003690227951943392,0.0034722839701550614,2.4615672412858164e-08,0.006860189382288589,9.590358408012683e-06,0.0026292321272194386,5.677140393345326e-07
reconstruction_w8_c1.0_test,quantized,3,3462,up_blocks.3.resnets.0.conv_shortcut.weight,0.04247691819783276,-1.4453615833368357e-05,-0.007265938351276923,0.04683082390336827,6.458843597419538e-08,0.010149096369599719,0.00014982158652286417,0.0026292321272194386,5.677140393345326e-07
reconstruction_w8_c1.0_test,quantized,3,3462,up_blocks.3.resnets.1.conv1.weight,0.24094975427996917,-3.3824456507288225e-06,-0.002080641393801815,0.006746943990793991,3.3484536866326944e-08,0.010364006232010628,1.340880710715942e-05,0.0026292321272194386,5.677140393345326e-07
reconstruction_w8_c1.0_test,quantized,3,3462,up_blocks.3.resnets.1.conv2.weight,0.387601313099471,-1.5799699847737922e-06,-0.0008063563099161209,0.005055179814165137,8.445827030048076e-09,0.0031161379894975106,6.992625381494447e-06,0.0026292321272194386,5.677140393345326e-07
reconstruction_w8_c1.0_test,quantized,3,3462,up_blocks.3.resnets.2.conv1.weight,0.25243750979002005,-1.0565265765484894e-05,-0.003562936973266006,0.011746768196700636,-2.5684010157901316e-09,-0.00042485600097163595,2.3947886366057418e-05,0.0026292321272194386,5.677140393345326e-07
reconstruction_w8_c1.0_test,quantized,3,3462,up_blocks.3.resnets.2.conv2.weight,0.36671141271136176,-2.3989200151407907e-06,-0.002924097003295463,0.002237172983429147,9.627821887960373e-09,0.0031103676737999756,8.440960958094205e-06,0.0026292321272194386,5.677140393345326e-07
reconstruction_w8_c1.0_test,quantized,3,3462,mid_block.attentions.0.to_q.weight,0.2307877396370401,1.5243558699214013e-07,0.000998858809360694,0.0006612558537262188,1.1634742289776783e-10,0.0003607149141710538,1.3975904853171512e-06,0.0026292321272194386,5.677140393345326e-07
reconstruction_w8_c1.0_test,quantized,3,3462,mid_block.attentions.0.to_k.weight,0.23743732296863673,1.46133857310211e-07,0.0008893008033336558,0.0006920750236621323,5.143706131548947e-10,0.002319292541131992,9.340532379187663e-07,0.0026292321272194386,5.677140393345326e-07
reconstruction_w8_c1.0_test,quantized,3,3462,mid_block.attentions.0.to_v.weight,0.1574176415321049,-8.730156889653322e-07,-0.0008330700646690853,0.006657131230036633,6.329118484074968e-09,0.004534251481902887,8.867153383495917e-06,0.0026292321272194386,5.677140393345326e-07
reconstruction_w8_c1.0_test,quantized,3,3462,mid_block.attentions.0.to_out.0.weight,0.1489035507061333,-2.094438997401551e-06,-0.001615895887628731,0.008704609362338939,8.784039122779197e-10,0.0003395767459444359,1.7372057779678935e-05,0.0026292321272194386,5.677140393345326e-07
reconstruction_w8_c1.0_test,quantized,3,3462,mid_block.resnets.0.conv1.weight,1.1885944424723744,-3.990613417616841e-06,-0.0007237316318331482,0.004639043112264287,2.582431837191775e-08,0.004118106427650668,5.275912760298761e-06,0.0026292321272194386,5.677140393345326e-07
reconstruction_w8_c1.0_test,quantized,3,3462,mid_block.resnets.0.conv2.weight,0.7352471659721437,1.7268173723508106e-06,0.0002464474763799668,0.009529907266374628,5.697544655229298e-09,0.00035457048087634565,2.1855049886530287e-05,0.0026292321272194386,5.677140393345326e-07
reconstruction_w8_c1.0_test,quantized,3,3462,mid_block.resnets.1.conv1.weight,1.1191322674195403,3.110283696731978e-06,0.0008688131157315371,0.0031988377880244126,2.1901672081922586e-08,0.0040189587718812295,4.869476827847605e-06,0.0026292321272194386,5.677140393345326e-07
reconstruction_w8_c1.0_test,quantized,3,3462,mid_block.resnets.1.conv2.weight,0.7529332846604857,3.7721259155248732e-06,0.0007250114044274746,0.0069101081877533,2.191008372673386e-08,0.0022062524209173107,1.3189621765841623e-05,0.0026292321272194386,5.677140393345326e-07
reconstruction_w8_c1.0_test,quantized,3,3462,conv_out.weight,0.008234470521140687,-1.1995736985060503e-05,-0.019687093084687843,0.07399624149793112,-1.675497757592219e-08,-0.006791307654373453,0.0002996089391234136,0.0026292321272194386,5.677140393345326e-07
natural_residual_qat_w8_c1.0_test,quantized,0,3459,conv_in.weight,0.08636579438650682,-0.00013056413438086554,-0.02382331333913485,0.06345706172092509,1.0147364139311914e-05,0.08645278295881467,0.0013590408013214453,0.04197531193494797,0.00030300961225293577
natural_residual_qat_w8_c1.0_test,quantized,0,3459,up_blocks.0.resnets.0.conv1.weight,1.1994321119234381,-0.00033305841251163814,-0.014099543981434936,0.019694260098090964,1.6435400873995434e-05,0.02621411894978793,0.0005227202968434001,0.04197531193494797,0.00030300961225293577
natural_residual_qat_w8_c1.0_test,quantized,0,3459,up_blocks.0.resnets.0.conv2.weight,0.821913345126572,-0.00017890644864271008,-0.007593053777274522,0.028667081897870754,8.740109902790303e-06,0.01376273369963723,0.0007726559531467944,0.04197531193494797,0.00030300961225293577
natural_residual_qat_w8_c1.0_test,quantized,0,3459,up_blocks.0.resnets.1.conv1.weight,1.209156975284251,-0.0004550680589421536,-0.01664156957071247,0.022615145339631017,1.8399996368478413e-05,0.027251813100833463,0.0005583925945082384,0.04197531193494797,0.00030300961225293577
natural_residual_qat_w8_c1.0_test,quantized,0,3459,up_blocks.0.resnets.1.conv2.weight,0.7659764637415571,-0.00019238538915734456,-0.007516581102751118,0.03341460357895914,9.542957693248492e-06,0.014696143461055662,0.0008477429571328496,0.04197531193494797,0.00030300961225293577
natural_residual_qat_w8_c1.0_test,quantized,0,3459,up_blocks.0.resnets.2.conv1.weight,1.268375566009755,-0.00030293377796281854,-0.011059395640931922,0.021595757346537774,2.0776672578420677e-05,0.02918834493812772,0.0005612012873605209,0.04197531193494797,0.00030300961225293577
natural_residual_qat_w8_c1.0_test,quantized,0,3459,up_blocks.0.resnets.2.conv2.weight,0.7713941833765846,-0.0002319213164118514,-0.009077643099471355,0.03312006678434497,1.0689840348412519e-05,0.0171750655773442,0.0008068567849507702,0.04197531193494797,0.00030300961225293577
natural_residual_qat_w8_c1.0_test,quantized,0,3459,up_blocks.0.upsamplers.0.conv.weight,0.4636467349120821,-0.0006991467054686777,-0.014616003523537266,0.10316977198615547,3.066725414777681e-05,0.026504638418637635,0.002495547282241552,0.04197531193494797,0.00030300961225293577
natural_residual_qat_w8_c1.0_test,quantized,0,3459,up_blocks.1.resnets.0.conv1.weight,1.1694938631515839,-0.00043241063541087603,-0.014559862018332589,0.02539458738195642,1.9017268224153786e-05,0.025172881873148825,0.0006459772850697929,0.04197531193494797,0.00030300961225293577
natural_residual_qat_w8_c1.0_test,quantized,0,3459,up_blocks.1.resnets.0.conv2.weight,1.123110474422848,-0.00043698881716702396,-0.01492047245284051,0.026077458951087425,1.9490783114993393e-05,0.0256855342557633,0.0006756444409510711,0.04197531193494797,0.00030300961225293577
natural_residual_qat_w8_c1.0_test,quantized,0,3459,up_blocks.1.resnets.1.conv1.weight,1.1938659238268903,-0.0007479003885330738,-0.024388561673054743,0.025686327415053643,2.0228050730521946e-05,0.027511917070567275,0.0006158537978705213,0.04197531193494797,0.00030300961225293577
natural_residual_qat_w8_c1.0_test,quantized,0,3459,up_blocks.1.resnets.1.conv2.weight,1.0762135284274328,-0.0004156469497562178,-0.014461604952164394,0.026706049954632487,1.492193543302434e-05,0.019928575990662518,0.0006957455583301978,0.04197531193494797,0.00030300961225293577
natural_residual_qat_w8_c1.0_test,quantized,0,3459,up_blocks.1.resnets.2.conv1.weight,1.1578627159427357,-0.0006999373994794728,-0.020588253509491672,0.02936179639996088,2.7925096444371208e-05,0.034273179934099084,0.0007036929680079573,0.04197531193494797,0.00030300961225293577
natural_residual_qat_w8_c1.0_test,quantized,0,3459,up_blocks.1.resnets.2.conv2.weight,0.9867066336228174,-0.000453224948316133,-0.017320849507528064,0.026518965102504184,1.5217464623323209e-05,0.02298941690393712,0.0006708513479211581,0.04197531193494797,0.00030300961225293577
natural_residual_qat_w8_c1.0_test,quantized,0,3459,up_blocks.1.upsamplers.0.conv.weight,0.5119259097172869,-0.0007351838972771512,-0.015934150878755732,0.09012804490581305,2.7059167284229298e-05,0.029772133566510185,0.0017754046708583437,0.04197531193494797,0.00030300961225293577
natural_residual_qat_w8_c1.0_test,quantized,0,3459,up_blocks.2.resnets.0.conv1.weight,0.7641452639334387,-0.0006446140888994481,-0.031151003940820318,0.027080197029507952,2.320243958194416e-05,0.04451357439417562,0.0006821270243061778,0.04197531193494797,0.00030300961225293577
natural_residual_qat_w8_c1.0_test,quantized,0,3459,up_blocks.2.resnets.0.conv2.weight,0.6290494130477868,-0.0007132608588129672,-0.04877587629677288,0.02324655221481405,1.8984285336951068e-05,0.06504108982517962,0.0004640039542719875,0.04197531193494797,0.00030300961225293577
natural_residual_qat_w8_c1.0_test,quantized,0,3459,up_blocks.2.resnets.0.conv_shortcut.weight,0.055025381611338534,-0.000724027693184526,-0.054201437432797095,0.24276233737863093,1.6740670544175523e-05,0.07132016266611184,0.004265770253016772,0.04197531193494797,0.00030300961225293577
natural_residual_qat_w8_c1.0_test,quantized,0,3459,up_blocks.2.resnets.1.conv1.weight,0.498690834183616,-0.0006528906538631257,-0.044188514727177865,0.02962781754053236,1.5637704875059494e-05,0.04573819796904862,0.0006855870041597952,0.04197531193494797,0.00030300961225293577
natural_residual_qat_w8_c1.0_test,quantized,0,3459,up_blocks.2.resnets.1.conv2.weight,0.6796266426594431,-0.000826821220894275,-0.04778118729220385,0.025461517370098063,1.6874493877145968e-05,0.06190623872443294,0.00040107532300162434,0.04197531193494797,0.00030300961225293577
natural_residual_qat_w8_c1.0_test,quantized,0,3459,up_blocks.2.resnets.2.conv1.weight,0.5312565936867625,-0.0007658340356707284,-0.04635918353867405,0.031095285711015774,1.5641589150257634e-05,0.05367641417288023,0.0005485207304532794,0.04197531193494797,0.00030300961225293577
natural_residual_qat_w8_c1.0_test,quantized,0,3459,up_blocks.2.resnets.2.conv2.weight,0.6149589288823394,-0.0006043583527981297,-0.043043736923950734,0.022831710487225473,1.2950721362807639e-05,0.05852241318605784,0.0003598534095148917,0.04197531193494797,0.00030300961225293577
natural_residual_qat_w8_c1.0_test,quantized,0,3459,up_blocks.2.upsamplers.0.conv.weight,0.2863421879196578,-0.0010878088092968888,-0.03143368417788508,0.12085703823291644,2.0252087083090324e-05,0.05311229042097827,0.0013316479250942254,0.04197531193494797,0.00030300961225293577
natural_residual_qat_w8_c1.0_test,quantized,0,3459,up_blocks.3.resnets.0.conv1.weight,0.36124288453391995,-0.000674882613802049,-0.060736799564153524,0.030759341579718966,9.597470804404709e-06,0.07023894822744277,0.0003782504892709857,0.04197531193494797,0.00030300961225293577
natural_residual_qat_w8_c1.0_test,quantized,0,3459,up_blocks.3.resnets.0.conv2.weight,0.38876264189404486,-0.00047636741362798684,-0.0662167722469423,0.018505018072671284,7.067616143626343e-06,0.0996720890501691,0.00018239581461023733,0.04197531193494797,0.00030300961225293577
natural_residual_qat_w8_c1.0_test,quantized,0,3459,up_blocks.3.resnets.0.conv_shortcut.weight,0.045195139720915205,-0.0007049470881335454,-0.06401211091849143,0.24367032273852007,9.86713246689602e-06,0.0973454302323582,0.002242764413550342,0.04197531193494797,0.00030300961225293577
natural_residual_qat_w8_c1.0_test,quantized,0,3459,up_blocks.3.resnets.1.conv1.weight,0.2509050250491674,-0.0003436927537148458,-0.03457484511590193,0.03961875036623799,6.210571267325254e-06,0.07351279916525622,0.0003367124932835264,0.04197531193494797,0.00030300961225293577
natural_residual_qat_w8_c1.0_test,quantized,0,3459,up_blocks.3.resnets.1.conv2.weight,0.40384361716144884,-0.00045646540462332294,-0.050375299588568775,0.02243763107425724,7.756123122085139e-06,0.10095687497930642,0.00019023725574326972,0.04197531193494797,0.00030300961225293577
natural_residual_qat_w8_c1.0_test,quantized,0,3459,up_blocks.3.resnets.2.conv1.weight,0.26353518796234365,-0.000522001028048137,-0.044702090162548974,0.04431032306794508,8.830962907283104e-06,0.0725406452169607,0.0004619426217327978,0.04197531193494797,0.00030300961225293577
natural_residual_qat_w8_c1.0_test,quantized,0,3459,up_blocks.3.resnets.2.conv2.weight,0.3756239432669388,-0.00030136171995023305,-0.07716019267138888,0.010397801323063841,3.224033752695116e-06,0.07686016572038097,0.00011167218037888164,0.04197531193494797,0.00030300961225293577
natural_residual_qat_w8_c1.0_test,quantized,0,3459,mid_block.attentions.0.to_q.weight,0.2311369452656205,3.4431407879833243e-06,0.0028366953505349294,0.005251371162860409,3.374137395897328e-08,0.001224472399093809,0.000119218703289886,0.04197531193494797,0.00030300961225293577
natural_residual_qat_w8_c1.0_test,quantized,0,3459,mid_block.attentions.0.to_k.weight,0.23784871548302133,2.8712607157202192e-06,0.002171896693534026,0.005558180606310623,1.8329366719425783e-07,0.006020219573402504,0.0001280071765826716,0.04197531193494797,0.00030300961225293577
natural_residual_qat_w8_c1.0_test,quantized,0,3459,mid_block.attentions.0.to_v.weight,0.15867349907688313,-4.538706351493789e-05,-0.010045009858605077,0.028475890818183497,3.0360002293682236e-06,0.02716908024580787,0.0007042428795115727,0.04197531193494797,0.00030300961225293577
natural_residual_qat_w8_c1.0_test,quantized,0,3459,mid_block.attentions.0.to_out.0.weight,0.14977777527463135,-3.431088700118783e-05,-0.0072521427861726015,0.03158771593365777,2.196409278353149e-06,0.018323514965398566,0.0008003079055315744,0.04197531193494797,0.00030300961225293577
natural_residual_qat_w8_c1.0_test,quantized,0,3459,mid_block.resnets.0.conv1.weight,1.1971870165674743,-0.00031453855067093523,-0.011251351591674381,0.0233510915712682,3.919234005579383e-05,0.04421460425313107,0.0007404120091358096,0.04197531193494797,0.00030300961225293577
natural_residual_qat_w8_c1.0_test,quantized,0,3459,mid_block.resnets.0.conv2.weight,0.7382668969734565,-0.0002853188897549171,-0.009074158920001591,0.0425903048654491,1.741317852994731e-05,0.02160240545346633,0.001091848907872694,0.04197531193494797,0.00030300961225293577
natural_residual_qat_w8_c1.0_test,quantized,0,3459,mid_block.resnets.1.conv1.weight,1.1231547613511514,-9.77248354896271e-05,-0.005076516905618903,0.017139553684970155,7.182572817297317e-06,0.013629191075471817,0.00046921334431052823,0.04197531193494797,0.00030300961225293577
natural_residual_qat_w8_c1.0_test,quantized,0,3459,mid_block.resnets.1.conv2.weight,0.7549395127918134,-0.0001429778221514779,-0.006490443797708422,0.029179787675027283,9.0358807971262e-06,0.017195383288111234,0.0006960596771198659,0.04197531193494797,0.00030300961225293577
natural_residual_qat_w8_c1.0_test,quantized,0,3459,conv_out.weight,0.00873126407056568,-0.0002082181930587454,-0.0603820533471192,0.39494231949298364,4.122502625079665e-06,0.1128348472512763,0.0041844710947632514,0.04197531193494797,0.00030300961225293577
natural_residual_qat_w8_c1.0_test,quantized,1,3460,conv_in.weight,0.08636579438650682,-0.00021821666663613028,-0.01835540304560184,0.1376519031729973,5.200791180561884e-06,0.06261468302958065,0.0009617262234732365,0.0505668967962265,0.00019251681806053966
natural_residual_qat_w8_c1.0_test,quantized,1,3460,up_blocks.0.resnets.0.conv1.weight,1.1994321119234381,-0.00046743158034500754,-0.013798027189453803,0.028243946641100103,8.542402025401819e-06,0.028408370845568943,0.0002507021197135316,0.0505668967962265,0.00019251681806053966
natural_residual_qat_w8_c1.0_test,quantized,1,3460,up_blocks.0.resnets.0.conv2.weight,0.821913345126572,-0.00015449070669104883,-0.004223944349525153,0.04449980829608894,4.32166067748238e-06,0.014681836200692957,0.0003581329317922659,0.0505668967962265,0.00019251681806053966
natural_residual_qat_w8_c1.0_test,quantized,1,3460,up_blocks.0.resnets.1.conv1.weight,1.209156975284251,-0.0004947825288455905,-0.012593272824867415,0.032493242986939556,9.259477956674822e-06,0.027885082808969928,0.0002746198199433033,0.0505668967962265,0.00019251681806053966
natural_residual_qat_w8_c1.0_test,quantized,1,3460,up_blocks.0.resnets.1.conv2.weight,0.7659764637415571,-0.00022448571264526785,-0.0055949777089607435,0.052381136843910256,4.905553157790697e-06,0.015219051256318478,0.00042080896280845845,0.0505668967962265,0.00019251681806053966
natural_residual_qat_w8_c1.0_test,quantized,1,3460,up_blocks.0.resnets.2.conv1.weight,1.268375566009755,-0.0003820760796515146,-0.00867166494130363,0.03473757462060052,1.1366520007848074e-05,0.030806326183722473,0.00029089733599497845,0.0505668967962265,0.00019251681806053966
natural_residual_qat_w8_c1.0_test,quantized,1,3460,up_blocks.0.resnets.2.conv2.weight,0.7713941833765846,-0.0003441892131585209,-0.007730225451887955,0.057720320697821695,6.745031852724775e-06,0.01942327103977504,0.00045017904405162865,0.0505668967962265,0.00019251681806053966
natural_residual_qat_w8_c1.0_test,quantized,1,3460,up_blocks.0.upsamplers.0.conv.weight,0.4636467349120821,-0.000650229718538335,-0.006923622131841624,0.20255653147106875,1.7526136469575804e-05,0.029549994522510493,0.0012792092130488111,0.0505668967962265,0.00019251681806053966
natural_residual_qat_w8_c1.0_test,quantized,1,3460,up_blocks.1.resnets.0.conv1.weight,1.1694938631515839,-0.0005025683409887471,-0.011069816986311865,0.03882010796300608,1.0964782857506757e-05,0.03104217121671416,0.0003020299413313902,0.0505668967962265,0.00019251681806053966
natural_residual_qat_w8_c1.0_test,quantized,1,3460,up_blocks.1.resnets.0.conv2.weight,1.123110474422848,-0.0005963310718284215,-0.011643032033386872,0.04560357282330488,1.0553618170830792e-05,0.02834226922633134,0.00033154637253945675,0.0505668967962265,0.00019251681806053966
natural_residual_qat_w8_c1.0_test,quantized,1,3460,up_blocks.1.resnets.1.conv1.weight,1.1938659238268903,-0.000731396010528209,-0.01460280723496825,0.04195277359730832,1.2353616009449247e-05,0.03748925880960827,0.0002760143663130798,0.0505668967962265,0.00019251681806053966
natural_residual_qat_w8_c1.0_test,quantized,1,3460,up_blocks.1.resnets.1.conv2.weight,1.0762135284274328,-0.00033865622934211963,-0.0066980180222511315,0.04698014034297844,8.910895270164814e-06,0.02445357632476623,0.0003385949752985853,0.0505668967962265,0.00019251681806053966
natural_residual_qat_w8_c1.0_test,quantized,1,3460,up_blocks.1.resnets.2.conv1.weight,1.1578627159427357,-0.0007164172617253478,-0.013765681120872399,0.044948092597239524,1.7190287524441464e-05,0.04154761391780679,0.000357338643079887,0.0505668967962265,0.00019251681806053966
natural_residual_qat_w8_c1.0_test,quantized,1,3460,up_blocks.1.resnets.2.conv2.weight,0.9867066336228174,-0.0005558202502695492,-0.012401110401280677,0.04542403853675374,1.0355350874458728e-05,0.02982725875611237,0.00035185475870618113,0.0505668967962265,0.00019251681806053966
natural_residual_qat_w8_c1.0_test,quantized,1,3460,up_blocks.1.upsamplers.0.conv.weight,0.5119259097172869,-0.001061364483997929,-0.010841383943147377,0.19123734918544247,1.774952035911978e-05,0.034621840305536104,0.0010014502104419456,0.0505668967962265,0.00019251681806053966
natural_residual_qat_w8_c1.0_test,quantized,1,3460,up_blocks.2.resnets.0.conv1.weight,0.7641452639334387,-0.0010644725726303749,-0.02629188159642301,0.05298304111432245,1.5790231614705787e-05,0.05667891702843498,0.00036457848096515795,0.0505668967962265,0.00019251681806053966
natural_residual_qat_w8_c1.0_test,quantized,1,3460,up_blocks.2.resnets.0.conv2.weight,0.6290494130477868,-0.0008982529278131879,-0.034361066577570716,0.04155729239572086,1.2026034257481739e-05,0.07258683244573907,0.0002633782029865075,0.0505668967962265,0.00019251681806053966
natural_residual_qat_w8_c1.0_test,quantized,1,3460,up_blocks.2.resnets.0.conv_shortcut.weight,0.055025381611338534,-0.0006916790669221258,-0.02482120330533904,0.5064291986322711,1.060851491617827e-05,0.07830533731803394,0.002462068679851446,0.0505668967962265,0.00019251681806053966
natural_residual_qat_w8_c1.0_test,quantized,1,3460,up_blocks.2.resnets.1.conv1.weight,0.498690834183616,-0.0007660150051649489,-0.030474680253218006,0.05040420082689843,9.944204311320234e-06,0.0725862643019251,0.000274716159730152,0.0505668967962265,0.00019251681806053966
natural_residual_qat_w8_c1.0_test,quantized,1,3460,up_blocks.2.resnets.1.conv2.weight,0.6796266426594431,-0.0012105451211444744,-0.03846989836244855,0.04630091217154836,1.2409845492703684e-05,0.0737961643048487,0.00024743560302104754,0.0505668967962265,0.00019251681806053966
natural_residual_qat_w8_c1.0_test,quantized,1,3460,up_blocks.2.resnets.2.conv1.weight,0.5312565936867625,-0.0010045439234398928,-0.03694172909992433,0.05118555048538144,1.1532688646907149e-05,0.08189496382085756,0.00026507516390967016,0.0505668967962265,0.00019251681806053966
natural_residual_qat_w8_c1.0_test,quantized,1,3460,up_blocks.2.resnets.2.conv2.weight,0.6149589288823394,-0.0010951523837638899,-0.04087450374319938,0.04356883508883467,8.911702979676159e-06,0.06410900510622858,0.0002260453380183044,0.0505668967962265,0.00019251681806053966
natural_residual_qat_w8_c1.0_test,quantized,1,3460,up_blocks.2.upsamplers.0.conv.weight,0.2863421879196578,-0.0018166283457285235,-0.022758547580997362,0.2787636901147656,1.3527874770902875e-05,0.05638558261664363,0.0008378690783063549,0.0505668967962265,0.00019251681806053966
natural_residual_qat_w8_c1.0_test,quantized,1,3460,up_blocks.3.resnets.0.conv1.weight,0.36124288453391995,-0.0009309798232440809,-0.04689584599120408,0.05495492158016308,7.658789101601594e-06,0.09281974727439099,0.00022841279468853313,0.0505668967962265,0.00019251681806053966
natural_residual_qat_w8_c1.0_test,quantized,1,3460,up_blocks.3.resnets.0.conv2.weight,0.38876264189404486,-0.0009250480454020588,-0.07298444171217126,0.032602392739993484,4.892379836885293e-06,0.11180453569622267,0.0001125579618415271,0.0505668967962265,0.00019251681806053966
natural_residual_qat_w8_c1.0_test,quantized,1,3460,up_blocks.3.resnets.0.conv_shortcut.weight,0.045195139720915205,-0.0010529810395552112,-0.04857983405056861,0.47959295058257356,7.766464210213067e-06,0.12403730649721241,0.0013854130846413452,0.0505668967962265,0.00019251681806053966
natural_residual_qat_w8_c1.0_test,quantized,1,3460,up_blocks.3.resnets.1.conv1.weight,0.2509050250491674,-0.00042932866792140404,-0.026136340004761685,0.06546900769727526,4.519445386404919e-06,0.09683067904845982,0.00018602135603243097,0.0505668967962265,0.00019251681806053966
natural_residual_qat_w8_c1.0_test,quantized,1,3460,up_blocks.3.resnets.1.conv2.weight,0.40384361716144884,-0.0009444765255532375,-0.05788028320485285,0.04040613380396441,5.6954026545909124e-06,0.10464887818283185,0.0001347648502456648,0.0505668967962265,0.00019251681806053966
natural_residual_qat_w8_c1.0_test,quantized,1,3460,up_blocks.3.resnets.2.conv1.weight,0.26353518796234365,-0.0010266776406301628,-0.046229438731483725,0.08427075240848807,6.7823233450993414e-06,0.09303954351516115,0.0002766128225507281,0.0505668967962265,0.00019251681806053966
natural_residual_qat_w8_c1.0_test,quantized,1,3460,up_blocks.3.resnets.2.conv2.weight,0.3756239432669388,-0.0005592836731776325,-0.08021805319883901,0.018561230154989807,2.5983149146641686e-06,0.08708337774930201,7.943341840859092e-05,0.0505668967962265,0.00019251681806053966
natural_residual_qat_w8_c1.0_test,quantized,1,3460,mid_block.attentions.0.to_q.weight,0.2311369452656205,-6.284270413022713e-06,-0.0036670027164386514,0.007414370148229506,1.6070976911064762e-07,0.010664148524844796,6.519986894483842e-05,0.0505668967962265,0.00019251681806053966
natural_residual_qat_w8_c1.0_test,quantized,1,3460,mid_block.attentions.0.to_k.weight,0.23784871548302133,-6.675086932004591e-06,-0.0030074965316799073,0.009331489689553375,1.2408405600766907e-07,0.006962851915352301,7.492521743731222e-05,0.0505668967962265,0.00019251681806053966
natural_residual_qat_w8_c1.0_test,quantized,1,3460,mid_block.attentions.0.to_v.weight,0.15867349907688313,-0.00010617280741459682,-0.012187562983863344,0.054902488427191296,1.781045764339288e-06,0.03061871463631398,0.0003665926258866666,0.0505668967962265,0.00019251681806053966
natural_residual_qat_w8_c1.0_test,quantized,1,3460,mid_block.attentions.0.to_out.0.weight,0.14977777527463135,-4.273871158591867e-05,-0.003810619033930536,0.07488218663239134,1.4689548911305335e-06,0.021840515668322822,0.00044905361404260283,0.0505668967962265,0.00019251681806053966
natural_residual_qat_w8_c1.0_test,quantized,1,3460,mid_block.resnets.0.conv1.weight,1.1971870165674743,-0.0006560966365844578,-0.013242853975666326,0.04138321457223813,2.0105925380751137e-05,0.043158627469759084,0.00038912975742956237,0.0505668967962265,0.00019251681806053966
natural_residual_qat_w8_c1.0_test,quantized,1,3460,mid_block.resnets.0.conv2.weight,0.7382668969734565,-0.00031565174254639884,-0.0061675112791405315,0.06932419627288831,1.0437131616461548e-05,0.024115363428871554,0.0005862379827171817,0.0505668967962265,0.00019251681806053966
natural_residual_qat_w8_c1.0_test,quantized,1,3460,mid_block.resnets.1.conv1.weight,1.1231547613511514,-0.00018906455017910412,-0.0066146133581416735,0.02544872563819092,5.544080085525436e-06,0.021259067447291034,0.00023219116084340568,0.0505668967962265,0.00019251681806053966
natural_residual_qat_w8_c1.0_test,quantized,1,3460,mid_block.resnets.1.conv2.weight,0.7549395127918134,-0.0002663230394830425,-0.007131772805219056,0.04946512178155468,5.1586432926262885e-06,0.017947667153518695,0.0003807284539280163,0.0505668967962265,0.00019251681806053966
natural_residual_qat_w8_c1.0_test,quantized,1,3460,conv_out.weight,0.00873126407056568,-0.00034625854049196006,-0.06423352499631117,0.6173928774981603,3.2508716190575327e-06,0.13694890177511732,0.0027187178698435286,0.0505668967962265,0.00019251681806053966
natural_residual_qat_w8_c1.0_test,quantized,2,3461,conv_in.weight,0.08636579438650682,2.1525111006230624e-05,0.0025480519001296344,0.09781272497337434,7.613331136285092e-06,0.07927889820536403,0.0011119246080245535,0.05056300386786461,0.00021507851488422602
natural_residual_qat_w8_c1.0_test,quantized,2,3461,up_blocks.0.resnets.0.conv1.weight,1.1994321119234381,-0.00035562967354612295,-0.0104761095653941,0.02830233631560451,9.754178188247628e-06,0.030173249472451234,0.0002695211987527864,0.05056300386786461,0.00021507851488422602
natural_residual_qat_w8_c1.0_test,quantized,2,3461,up_blocks.0.resnets.0.conv2.weight,0.821913345126572,-5.326294659868565e-05,-0.001575300057098819,0.0411373079641749,4.493922131132818e-06,0.01546049430536549,0.0003536520140517178,0.05056300386786461,0.00021507851488422602
natural_residual_qat_w8_c1.0_test,quantized,2,3461,up_blocks.0.resnets.1.conv1.weight,1.209156975284251,-0.0003228906288013639,-0.007751735470627863,0.03444877724513577,1.0612080394772832e-05,0.02974400129652762,0.000295065514385937,0.05056300386786461,0.00021507851488422602
natural_residual_qat_w8_c1.0_test,quantized,2,3461,up_blocks.0.resnets.1.conv2.weight,0.7659764637415571,-0.00014722688264182354,-0.003983801869028664,0.04824740506713697,5.2764713218619744e-06,0.016294538868401355,0.00042275240047542244,0.05056300386786461,0.00021507851488422602
natural_residual_qat_w8_c1.0_test,quantized,2,3461,up_blocks.0.resnets.2.conv1.weight,1.268375566009755,-0.0003818222864904938,-0.007975546169809935,0.03774443887652542,1.3132297721031902e-05,0.03311992179244348,0.00031261049220523805,0.05056300386786461,0.00021507851488422602
natural_residual_qat_w8_c1.0_test,quantized,2,3461,up_blocks.0.resnets.2.conv2.weight,0.7713941833765846,-0.00020853467688581126,-0.0055045502438132625,0.04911114769857536,7.187564671316754e-06,0.020368568964058177,0.0004574513227793461,0.05056300386786461,0.00021507851488422602
natural_residual_qat_w8_c1.0_test,quantized,2,3461,up_blocks.0.upsamplers.0.conv.weight,0.4636467349120821,-0.0004031663442070391,-0.0047109277274357455,0.18458254228642704,2.0620923648210314e-05,0.0294138088056852,0.0015120621538316727,0.05056300386786461,0.00021507851488422602
natural_residual_qat_w8_c1.0_test,quantized,2,3461,up_blocks.1.resnets.0.conv1.weight,1.1694938631515839,-0.00033621122246521075,-0.0071975020700311525,0.03994224397331204,1.0759242370125868e-05,0.031817990828007264,0.00028914187390018624,0.05056300386786461,0.00021507851488422602
natural_residual_qat_w8_c1.0_test,quantized,2,3461,up_blocks.1.resnets.0.conv2.weight,1.123110474422848,-0.0003938659869352428,-0.008428965200555832,0.04160559523212913,1.1154870602499464e-05,0.03105910692313107,0.0003197813233057252,0.05056300386786461,0.00021507851488422602
natural_residual_qat_w8_c1.0_test,quantized,2,3461,up_blocks.1.resnets.1.conv1.weight,1.1938659238268903,-0.0004730451172693382,-0.009028355769693843,0.043887247436451525,1.3070408864454389e-05,0.03930967460188106,0.00027850575128210973,0.05056300386786461,0.00021507851488422602
natural_residual_qat_w8_c1.0_test,quantized,2,3461,up_blocks.1.resnets.1.conv2.weight,1.0762135284274328,-0.0003537735503839586,-0.0077156511728248955,0.042604387715557204,9.825914957025988e-06,0.029369583542375923,0.00031086853440002695,0.05056300386786461,0.00021507851488422602
natural_residual_qat_w8_c1.0_test,quantized,2,3461,up_blocks.1.resnets.2.conv1.weight,1.1578627159427357,-0.0007410193465683008,-0.012588397267219737,0.05083958972599633,1.8243218492288377e-05,0.046031593527814454,0.0003422854042958226,0.05056300386786461,0.00021507851488422602
natural_residual_qat_w8_c1.0_test,quantized,2,3461,up_blocks.1.resnets.2.conv2.weight,0.9867066336228174,-0.00031603266342413046,-0.007935101941397805,0.040363741189223305,1.0159132977636486e-05,0.03437700491756812,0.00029950257512121475,0.05056300386786461,0.00021507851488422602
natural_residual_qat_w8_c1.0_test,quantized,2,3461,up_blocks.1.upsamplers.0.conv.weight,0.5119259097172869,-0.000505479290076716,-0.006083040727473839,0.16232130738007838,1.8682468312540455e-05,0.030500333920764625,0.0011965271280408168,0.05056300386786461,0.00021507851488422602
natural_residual_qat_w8_c1.0_test,quantized,2,3461,up_blocks.2.resnets.0.conv1.weight,0.7641452639334387,-0.0006442191728463232,-0.01745190349892498,0.04830753945386933,1.7987907482461297e-05,0.06183828717493417,0.0003806687864838484,0.05056300386786461,0.00021507851488422602
natural_residual_qat_w8_c1.0_test,quantized,2,3461,up_blocks.2.resnets.0.conv2.weight,0.6290494130477868,-0.0007385914996991426,-0.03207804978721312,0.036602570565366734,1.745324528084728e-05,0.0976265893898085,0.00028419950245998243,0.05056300386786461,0.00021507851488422602
natural_residual_qat_w8_c1.0_test,quantized,2,3461,up_blocks.2.resnets.0.conv_shortcut.weight,0.055025381611338534,-0.0004620725091298393,-0.021001728106993234,0.3998453375237613,1.1420784044383687e-05,0.07011087012160358,0.00296038025809193,0.05056300386786461,0.00021507851488422602
natural_residual_qat_w8_c1.0_test,quantized,2,3461,up_blocks.2.resnets.1.conv1.weight,0.498690834183616,-0.0006698706986942835,-0.026271740140687522,0.051129406974949394,1.4787218692959874e-05,0.08974816119111735,0.00033039202098274467,0.05056300386786461,0.00021507851488422602
natural_residual_qat_w8_c1.0_test,quantized,2,3461,up_blocks.2.resnets.1.conv2.weight,0.6796266426594431,-0.001068833670040371,-0.038538115306411776,0.04080837100009733,1.910218697654233e-05,0.10779721686806923,0.0002607384909857301,0.05056300386786461,0.00021507851488422602
natural_residual_qat_w8_c1.0_test,quantized,2,3461,up_blocks.2.resnets.2.conv1.weight,0.5312565936867625,-0.0005939139731139903,-0.023152110342466992,0.04828682232687643,1.4436113518409535e-05,0.09527332924134943,0.0002852164786175762,0.05056300386786461,0.00021507851488422602
natural_residual_qat_w8_c1.0_test,quantized,2,3461,up_blocks.2.resnets.2.conv2.weight,0.6149589288823394,-0.0008085064934317226,-0.039101871907186586,0.03362326255773857,9.70931237268034e-06,0.07995778268313831,0.0001974611308518595,0.05056300386786461,0.00021507851488422602
natural_residual_qat_w8_c1.0_test,quantized,2,3461,up_blocks.2.upsamplers.0.conv.weight,0.2863421879196578,-0.0007697562399953509,-0.01502103387377797,0.1789649789329445,1.2954748940078803e-05,0.04487955767836719,0.0010080802212155792,0.05056300386786461,0.00021507851488422602
natural_residual_qat_w8_c1.0_test,quantized,2,3461,up_blocks.3.resnets.0.conv1.weight,0.36124288453391995,-0.0006687219826854813,-0.042356013609192264,0.04370500952413739,8.254324390302091e-06,0.10432631365607085,0.00021902231699391027,0.05056300386786461,0.00021507851488422602
natural_residual_qat_w8_c1.0_test,quantized,2,3461,up_blocks.3.resnets.0.conv2.weight,0.38876264189404486,-0.0006050654695791627,-0.0617744945647917,0.025194668207508417,4.52086115447237e-06,0.10305317537777486,0.00011284316693385738,0.05056300386786461,0.00021507851488422602
natural_residual_qat_w8_c1.0_test,quantized,2,3461,up_blocks.3.resnets.0.conv_shortcut.weight,0.045195139720915205,-0.0007628089069200841,-0.049977995956792726,0.3377109826563892,6.715196778212469e-06,0.07881398559348579,0.001885227299235099,0.05056300386786461,0.00021507851488422602
natural_residual_qat_w8_c1.0_test,quantized,2,3461,up_blocks.3.resnets.1.conv1.weight,0.2509050250491674,-0.00013173220863688323,-0.01014345460593426,0.05176029275301846,4.538315667813891e-06,0.08119265951466359,0.00022277608828527904,0.05056300386786461,0.00021507851488422602
natural_residual_qat_w8_c1.0_test,quantized,2,3461,up_blocks.3.resnets.1.conv2.weight,0.40384361716144884,-0.0007107474067393547,-0.06163706904743718,0.028553548077279542,4.503045262437643e-06,0.10444769820386138,0.00010675647260827687,0.05056300386786461,0.00021507851488422602
natural_residual_qat_w8_c1.0_test,quantized,2,3461,up_blocks.3.resnets.2.conv1.weight,0.26353518796234365,-0.00043891281038174084,-0.027791107695033363,0.05992855247366372,6.647057484022631e-06,0.0663261429288701,0.0003802822724716404,0.05056300386786461,0.00021507851488422602
natural_residual_qat_w8_c1.0_test,quantized,2,3461,up_blocks.3.resnets.2.conv2.weight,0.3756239432669388,-0.00034313244249456156,-0.06761194206235385,0.013510925631198574,1.7064484968478832e-06,0.05394637332243097,8.421271402518746e-05,0.05056300386786461,0.00021507851488422602
natural_residual_qat_w8_c1.0_test,quantized,2,3461,mid_block.attentions.0.to_q.weight,0.2311369452656205,-1.3521419228691752e-06,-0.0007494040517844535,0.007806149636934445,2.0576258289048289e-07,0.006987298538003762,0.000127405370269862,0.05056300386786461,0.00021507851488422602
natural_residual_qat_w8_c1.0_test,quantized,2,3461,mid_block.attentions.0.to_k.weight,0.23784871548302133,-1.0158059228718996e-05,-0.005335937047472756,0.008003855386597187,6.661783011483672e-08,0.0031300044221793184,8.948386238021091e-05,0.05056300386786461,0.00021507851488422602
natural_residual_qat_w8_c1.0_test,quantized,2,3461,mid_block.attentions.0.to_v.weight,0.15867349907688313,6.193170887441865e-06,0.0007304007335587289,0.053437663884365647,2.1957988776901665e-06,0.028839557182883266,0.0004798434513049431,0.05056300386786461,0.00021507851488422602
natural_residual_qat_w8_c1.0_test,quantized,2,3461,mid_block.attentions.0.to_out.0.weight,0.14977777527463135,7.743273121710198e-06,0.0007472984937112468,0.06918040428163183,1.923146289960521e-06,0.019156507059002643,0.0006702682101668759,0.05056300386786461,0.00021507851488422602
natural_residual_qat_w8_c1.0_test,quantized,2,3461,mid_block.resnets.0.conv1.weight,1.1971870165674743,-6.962745896389735e-05,-0.0017625178707293787,0.032997802478856794,2.61798778658154e-05,0.04955890475890936,0.00044124918664779293,0.05056300386786461,0.00021507851488422602
natural_residual_qat_w8_c1.0_test,quantized,2,3461,mid_block.resnets.0.conv2.weight,0.7382668969734565,-0.00014710343188051143,-0.0030763330824979673,0.06477032158790329,1.221542352150398e-05,0.025564037671641685,0.0006472404997629211,0.05056300386786461,0.00021507851488422602
natural_residual_qat_w8_c1.0_test,quantized,2,3461,mid_block.resnets.1.conv1.weight,1.1231547613511514,-8.471220501011763e-05,-0.002986888447319222,0.025251511588700776,4.959645614310492e-06,0.01916057927367166,0.00023046363539078527,0.05056300386786461,0.00021507851488422602
natural_residual_qat_w8_c1.0_test,quantized,2,3461,mid_block.resnets.1.conv2.weight,0.7549395127918134,-0.00015332266166376643,-0.00489839196032591,0.0414610846946849,5.512866490940612e-06,0.018459330881058365,0.00039559369751300164,0.05056300386786461,0.00021507851488422602
natural_residual_qat_w8_c1.0_test,quantized,2,3461,conv_out.weight,0.00873126407056568,-0.00028573586341232467,-0.056499687214195224,0.5792173819624763,1.3280833073646527e-06,0.04746338145978768,0.003204715782018267,0.05056300386786461,0.00021507851488422602
natural_residual_qat_w8_c1.0_test,quantized,3,3462,conv_in.weight,0.08636579438650682,-1.01465359258869e-05,-0.022198403349271343,0.005292419818681968,1.3620406768884958e-06,0.06370079405579343,0.00024757310289535495,0.0008511695777997375,2.67705963779008e-05
natural_residual_qat_w8_c1.0_test,quantized,3,3462,up_blocks.0.resnets.0.conv1.weight,1.1994321119234381,-2.405783846584165e-05,-0.016487595654493106,0.001216532188485236,1.090266785233373e-06,0.023803925159774374,3.818638383244562e-05,0.0008511695777997375,2.67705963779008e-05
natural_residual_qat_w8_c1.0_test,quantized,3,3462,up_blocks.0.resnets.0.conv2.weight,0.821913345126572,-1.2872815410147394e-05,-0.006423375262030576,0.00243828358503044,6.958385198797204e-07,0.007532492929570234,0.00011239414860387418,0.0008511695777997375,2.67705963779008e-05
natural_residual_qat_w8_c1.0_test,quantized,3,3462,up_blocks.0.resnets.1.conv1.weight,1.209156975284251,-2.315748680868571e-05,-0.016483535010192903,0.0011618722653492057,1.0601418278179291e-06,0.023391944332741044,3.748132736482486e-05,0.0008511695777997375,2.67705963779008e-05
natural_residual_qat_w8_c1.0_test,quantized,3,3462,up_blocks.0.resnets.1.conv2.weight,0.7659764637415571,-1.3422166067814808e-05,-0.006284431448832047,0.00278831085456911,7.217500311859107e-07,0.007546573396837747,0.00012485949837639745,0.0008511695777997375,2.67705963779008e-05
natural_residual_qat_w8_c1.0_test,quantized,3,3462,up_blocks.0.resnets.2.conv1.weight,1.268375566009755,-2.6810696005568757e-05,-0.014711308442797713,0.0014368416883341858,1.4170552282003531e-06,0.025103396119953308,4.450475662630948e-05,0.0008511695777997375,2.67705963779008e-05
natural_residual_qat_w8_c1.0_test,quantized,3,3462,up_blocks.0.resnets.2.conv2.weight,0.7713941833765846,-2.1457015499230552e-05,-0.009426798256702227,0.0029507250410569733,9.517525518175294e-07,0.009047105108716737,0.00013637603329319403,0.0008511695777997375,2.67705963779008e-05
natural_residual_qat_w8_c1.0_test,quantized,3,3462,up_blocks.0.upsamplers.0.conv.weight,0.4636467349120821,-5.0171606974683525e-05,-0.012040790017698583,0.008987022377484704,2.6698377717590704e-06,0.013832452989626765,0.0004162923827651979,0.0008511695777997375,2.67705963779008e-05
natural_residual_qat_w8_c1.0_test,quantized,3,3462,up_blocks.1.resnets.0.conv1.weight,1.1694938631515839,-1.7887494976267994e-05,-0.009748376911733267,0.0015689867107883599,1.27448230133209e-06,0.02403896409146127,4.533359003770584e-05,0.0008511695777997375,2.67705963779008e-05
natural_residual_qat_w8_c1.0_test,quantized,3,3462,up_blocks.1.resnets.0.conv2.weight,1.123110474422848,-1.822830664420321e-05,-0.008269852539880277,0.0019625741875247326,1.2875008076975831e-06,0.015485486468205254,7.402870964974487e-05,0.0008511695777997375,2.67705963779008e-05
natural_residual_qat_w8_c1.0_test,quantized,3,3462,up_blocks.1.resnets.1.conv1.weight,1.1938659238268903,-2.5034912865750033e-05,-0.013501242963171258,0.0015531620663305253,1.6233360022833992e-06,0.031356230760432986,4.3363967693484275e-05,0.0008511695777997375,2.67705963779008e-05
natural_residual_qat_w8_c1.0_test,quantized,3,3462,up_blocks.1.resnets.1.conv2.weight,1.0762135284274328,-1.3169068323356662e-05,-0.005503101746464943,0.002223561067526835,1.1726058529372632e-06,0.012329601139305561,8.836994468099839e-05,0.0008511695777997375,2.67705963779008e-05
natural_residual_qat_w8_c1.0_test,quantized,3,3462,up_blocks.1.resnets.2.conv1.weight,1.1578627159427357,-2.2664048722078725e-05,-0.010452062799528542,0.0018727440035116527,2.2490066528204043e-06,0.03450027575012177,5.6300351244081326e-05,0.0008511695777997375,2.67705963779008e-05
natural_residual_qat_w8_c1.0_test,quantized,3,3462,up_blocks.1.resnets.2.conv2.weight,0.9867066336228174,-1.0492443442759145e-05,-0.00485224641505699,0.002191521527440313,1.1539351435620718e-06,0.011931573083830287,9.801570013076103e-05,0.0008511695777997375,2.67705963779008e-05
natural_residual_qat_w8_c1.0_test,quantized,3,3462,up_blocks.1.upsamplers.0.conv.weight,0.5119259097172869,-3.8362257014891326e-05,-0.009593156018441028,0.00781151969787038,2.177492052815434e-06,0.010708148467457164,0.00039722363736209603,0.0008511695777997375,2.67705963779008e-05
natural_residual_qat_w8_c1.0_test,quantized,3,3462,up_blocks.2.resnets.0.conv1.weight,0.7641452639334387,-4.2455458219835366e-05,-0.028612319185715707,0.0019418002184875417,1.947294033240113e-06,0.042695400789695324,5.9686280095633045e-05,0.0008511695777997375,2.67705963779008e-05
natural_residual_qat_w8_c1.0_test,quantized,3,3462,up_blocks.2.resnets.0.conv2.weight,0.6290494130477868,-3.771798639060551e-05,-0.033361301889521015,0.001797300718134611,2.0633892068810113e-06,0.04286595339110139,7.652157594564359e-05,0.0008511695777997375,2.67705963779008e-05
natural_residual_qat_w8_c1.0_test,quantized,3,3462,up_blocks.2.resnets.0.conv_shortcut.weight,0.055025381611338534,-2.5322865483713877e-05,-0.0254129881429873,0.018108982582584067,1.5070743067411148e-06,0.026830965302550212,0.0010207874101790173,0.0008511695777997375,2.67705963779008e-05
natural_residual_qat_w8_c1.0_test,quantized,3,3462,up_blocks.2.resnets.1.conv1.weight,0.498690834183616,-4.012498355186288e-05,-0.03847266108081625,0.0020913718334413635,1.79828943386723e-06,0.06666056354875212,5.409526163050874e-05,0.0008511695777997375,2.67705963779008e-05
natural_residual_qat_w8_c1.0_test,quantized,3,3462,up_blocks.2.resnets.1.conv2.weight,0.6796266426594431,-5.71034227929953e-05,-0.040743654112721774,0.0020622046829407606,2.6316404599049724e-06,0.04795501020637375,8.074621453922791e-05,0.0008511695777997375,2.67705963779008e-05
natural_residual_qat_w8_c1.0_test,quantized,3,3462,up_blocks.2.resnets.2.conv1.weight,0.5312565936867625,-4.1350349116558364e-05,-0.037294205330388026,0.002087053056324243,2.2804357001096363e-06,0.08488263957981959,5.057019422502561e-05,0.0008511695777997375,2.67705963779008e-05
natural_residual_qat_w8_c1.0_test,quantized,3,3462,up_blocks.2.resnets.2.conv2.weight,0.6149589288823394,-4.2321512183569e-05,-0.03824212424510565,0.0017995878703417681,1.2613036422855625e-06,0.027131104292817676,7.55972621760934e-05,0.0008511695777997375,2.67705963779008e-05
natural_residual_qat_w8_c1.0_test,quantized,3,3462,up_blocks.2.upsamplers.0.conv.weight,0.2863421879196578,-5.039784688457486e-05,-0.019481594247347845,0.009034458969607764,1.4608965920246952e-06,0.01161829882574383,0.0004391284698408959,0.0008511695777997375,2.67705963779008e-05
natural_residual_qat_w8_c1.0_test,quantized,3,3462,up_blocks.3.resnets.0.conv1.weight,0.36124288453391995,-2.825181918768458e-05,-0.035133414704955485,0.002226008173251692,1.202836270425201e-06,0.07163615966686455,4.648094168897792e-05,0.0008511695777997375,2.67705963779008e-05
natural_residual_qat_w8_c1.0_test,quantized,3,3462,up_blocks.3.resnets.0.conv2.weight,0.38876264189404486,-2.6905887603782266e-05,-0.054014744990103114,0.0012812989457045751,7.806177906113875e-07,0.06846095063545625,2.9329927851626904e-05,0.0008511695777997375,2.67705963779008e-05
natural_residual_qat_w8_c1.0_test,quantized,3,3462,up_blocks.3.resnets.0.conv_shortcut.weight,0.045195139720915205,-3.622167584081264e-05,-0.04747371216159995,0.016881989039599126,1.4386370064049295e-06,0.054433941072442774,0.0005847762357972884,0.0008511695777997375,2.67705963779008e-05
natural_residual_qat_w8_c1.0_test,quantized,3,3462,up_blocks.3.resnets.1.conv1.weight,0.2509050250491674,-1.4213473787747998e-05,-0.02282140306683311,0.0024822672198540267,7.773218078632567e-07,0.05313688874038472,5.830359989445957e-05,0.0008511695777997375,2.67705963779008e-05
natural_residual_qat_w8_c1.0_test,quantized,3,3462,up_blocks.3.resnets.1.conv2.weight,0.40384361716144884,-3.531505837483302e-05,-0.04774847267753038,0.0018314169143968794,7.62649999614993e-07,0.0472611654146341,3.995835716857155e-05,0.0008511695777997375,2.67705963779008e-05
natural_residual_qat_w8_c1.0_test,quantized,3,3462,up_blocks.3.resnets.2.conv1.weight,0.26353518796234365,-4.274461930933793e-05,-0.03760856618608081,0.004312767692563115,7.757645630192619e-07,0.03760966105601202,7.826938222144561e-05,0.0008511695777997375,2.67705963779008e-05
natural_residual_qat_w8_c1.0_test,quantized,3,3462,up_blocks.3.resnets.2.conv2.weight,0.3756239432669388,-2.028695003369563e-05,-0.06414721573990326,0.0008419487976567866,2.5792473826500866e-07,0.022959116524743507,2.990780626305382e-05,0.0008511695777997375,2.67705963779008e-05
natural_residual_qat_w8_c1.0_test,quantized,3,3462,mid_block.attentions.0.to_q.weight,0.2311369452656205,7.477687565340178e-08,0.0013041208769467975,0.0002480733427609491,5.273596159749865e-10,0.0003113431782609324,7.32821404149808e-06,0.0008511695777997375,2.67705963779008e-05
natural_residual_qat_w8_c1.0_test,quantized,3,3462,mid_block.attentions.0.to_k.weight,0.23784871548302133,1.730226900696571e-08,0.0002926398545561217,0.000248581484538177,7.422190995896745e-09,0.005089897211751197,6.130872769128606e-06,0.0008511695777997375,2.67705963779008e-05
natural_residual_qat_w8_c1.0_test,quantized,3,3462,mid_block.attentions.0.to_v.weight,0.15867349907688313,-4.886016927843294e-06,-0.012957733302354658,0.002376410876118533,2.644704679236098e-07,0.02201178878822087,7.572119300435325e-05,0.0008511695777997375,2.67705963779008e-05
natural_residual_qat_w8_c1.0_test,quantized,3,3462,mid_block.attentions.0.to_out.0.weight,0.14977777527463135,-5.627958044528603e-06,-0.011986099605047373,0.0031349137253795043,2.0807728129108118e-07,0.007565487064369394,0.0001836286309152937,0.0008511695777997375,2.67705963779008e-05
natural_residual_qat_w8_c1.0_test,quantized,3,3462,mid_block.resnets.0.conv1.weight,1.1971870165674743,-4.2700816567360774e-05,-0.021938393200501023,0.0016258084100954594,1.8655652845474338e-06,0.03291769901756032,4.7338989510746385e-05,0.0008511695777997375,2.67705963779008e-05
natural_residual_qat_w8_c1.0_test,quantized,3,3462,mid_block.resnets.0.conv2.weight,0.7382668969734565,-2.6516492487144268e-05,-0.010487177308763035,0.003424869832790488,1.0318922974336027e-06,0.008995694734153837,0.0001553768332098194,0.0008511695777997375,2.67705963779008e-05
natural_residual_qat_w8_c1.0_test,quantized,3,3462,mid_block.resnets.1.conv1.weight,1.1231547613511514,-1.7655442791665895e-05,-0.013112801968383419,0.0011987910970717786,6.656121652538628e-07,0.01694003898127271,3.498382106048557e-05,0.0008511695777997375,2.67705963779008e-05
natural_residual_qat_w8_c1.0_test,quantized,3,3462,mid_block.resnets.1.conv2.weight,0.7549395127918134,-1.634594707630062e-05,-0.008582232921673323,0.002522886046841855,8.745153095119861e-07,0.00998780692683554,0.00011598053874904796,0.0008511695777997375,2.67705963779008e-05
natural_residual_qat_w8_c1.0_test,quantized,3,3462,conv_out.weight,0.00873126407056568,-1.4147884719964822e-05,-0.0585153308759808,0.027691387947809086,5.659379165187214e-07,0.050820450883306334,0.0012754197989575033,0.0008511695777997375,2.67705963779008e-05
natural_residual_w4_c1.0_test,quantized,0,3459,conv_in.weight,1.482159240325952,-3.220635810287043e-05,-0.002867183334061131,0.007578640180068519,6.264783674689796e-05,0.025230698069751634,0.0016752589499942458,0.003286516759544611,0.001964459428563714
natural_residual_w4_c1.0_test,quantized,0,3459,up_blocks.0.resnets.0.conv1.weight,19.346703527166678,-4.019856400633477e-05,-0.0008692761361000443,0.0023902636418890997,3.4950104814135e-05,0.0025399429258615687,0.000711242251639411,0.003286516759544611,0.001964459428563714
natural_residual_w4_c1.0_test,quantized,0,3459,up_blocks.0.resnets.0.conv2.weight,14.2031207437357,-1.924027816656901e-05,-0.0003902326840965834,0.0034713941430023912,2.8880098702780654e-05,0.0018893337479127228,0.0010762327706740449,0.003286516759544611,0.001964459428563714
natural_residual_w4_c1.0_test,quantized,0,3459,up_blocks.0.resnets.1.conv1.weight,19.595824744814156,2.0415466956909856e-05,0.000402324884730353,0.0025895176509222587,3.710086609049105e-05,0.002484768505951861,0.0007619642008791979,0.003286516759544611,0.001964459428563714
natural_residual_w4_c1.0_test,quantized,0,3459,up_blocks.0.resnets.1.conv2.weight,13.29955611046898,4.434627758798493e-05,0.0008740332348559116,0.0038149783547054145,4.450411023248653e-05,0.0026546404653260427,0.001260541842929166,0.003286516759544611,0.001964459428563714
natural_residual_w4_c1.0_test,quantized,0,3459,up_blocks.0.resnets.2.conv1.weight,20.42002126586636,-0.00011828579348713289,-0.002213480597114218,0.0026169816542449503,9.513511581486249e-05,0.005973521896330785,0.0007799274416583112,0.003286516759544611,0.001964459428563714
natural_residual_w4_c1.0_test,quantized,0,3459,up_blocks.0.resnets.2.conv2.weight,13.216401746454535,7.594473347368157e-06,0.00014881357555597132,0.0038613740976898123,4.130806469815466e-05,0.0025717754231178577,0.0012153142079503172,0.003286516759544611,0.001964459428563714
natural_residual_w4_c1.0_test,quantized,0,3459,up_blocks.0.upsamplers.0.conv.weight,8.165805270547759,-0.0002878992924297822,-0.002891406785553229,0.012193612303987803,0.00015637463737551267,0.005351530628566384,0.0035784032623418726,0.003286516759544611,0.001964459428563714
natural_residual_w4_c1.0_test,quantized,0,3459,up_blocks.1.resnets.0.conv1.weight,19.042610117834403,-0.0001830541389717848,-0.002884866663444233,0.0033321713973461916,0.00011906840275018415,0.006114343750515388,0.0010226339365157606,0.003286516759544611,0.001964459428563714
natural_residual_w4_c1.0_test,quantized,0,3459,up_blocks.1.resnets.0.conv2.weight,18.915990899404683,-0.0004881685426772265,-0.0073741330702907495,0.0034996911836601813,0.00011352210501306725,0.00577725956229744,0.0010387940635022842,0.003286516759544611,0.001964459428563714
natural_residual_w4_c1.0_test,quantized,0,3459,up_blocks.1.resnets.1.conv1.weight,19.657846741038306,-0.00020442111159407294,-0.003191279074902644,0.0032585547031456323,0.00011384949488522355,0.0059001675092932,0.0009815915736402989,0.003286516759544611,0.001964459428563714
natural_residual_w4_c1.0_test,quantized,0,3459,up_blocks.1.resnets.1.conv2.weight,18.468712834794072,-0.0005474743667057057,-0.00852805787679968,0.00347597802491712,0.00012212862882678336,0.006707781675321584,0.0009858297813436288,0.003286516759544611,0.001964459428563714
natural_residual_w4_c1.0_test,quantized,0,3459,up_blocks.1.resnets.2.conv1.weight,19.168486762306337,-0.0006559286948859734,-0.008739370103777528,0.003915512992843359,0.00011970887864223749,0.006317847497727989,0.0009884834327041243,0.003286516759544611,0.001964459428563714
natural_residual_w4_c1.0_test,quantized,0,3459,up_blocks.1.resnets.2.conv2.weight,16.998980529535835,-0.0006990733907468671,-0.012231287181214854,0.003362232423875182,0.0001252409293167113,0.008276744488831783,0.0008901513539514586,0.003286516759544611,0.001964459428563714
natural_residual_w4_c1.0_test,quantized,0,3459,up_blocks.1.upsamplers.0.conv.weight,8.974179681519743,-0.0008237842417702976,-0.008888656319293529,0.010327200404572195,0.00013757458326713875,0.0066030614458769425,0.0023216572604891597,0.003286516759544611,0.001964459428563714
natural_residual_w4_c1.0_test,quantized,0,3459,up_blocks.2.resnets.0.conv1.weight,12.540809883774564,-0.0011099203797896385,-0.023087350719240333,0.0038334706393749435,0.00012935567235915923,0.011507162586860784,0.0008963789395450766,0.003286516759544611,0.001964459428563714
natural_residual_w4_c1.0_test,quantized,0,3459,up_blocks.2.resnets.0.conv2.weight,10.415139162080004,-0.0009512253729037159,-0.029445669094911357,0.003101679514451648,9.101561532875611e-05,0.01428690105202721,0.0006116638239714986,0.003286516759544611,0.001964459428563714
natural_residual_w4_c1.0_test,quantized,0,3459,up_blocks.2.resnets.0.conv_shortcut.weight,0.9262700666252479,-0.0006212683792199353,-0.02254229500175105,0.02975387206506195,9.758578548166553e-05,0.019082354274358514,0.005520990223078968,0.003286516759544611,0.001964459428563714
natural_residual_w4_c1.0_test,quantized,0,3459,up_blocks.2.resnets.1.conv1.weight,8.303015624085814,-0.0009906277882394056,-0.029336821933048863,0.004066882137895912,9.505439463807741e-05,0.012697277787318655,0.0009016245410606597,0.003286516759544611,0.001964459428563714
natural_residual_w4_c1.0_test,quantized,0,3459,up_blocks.2.resnets.1.conv2.weight,11.210229131166328,-0.0009165132053259508,-0.026703175817366646,0.0030616907499482347,7.022774984376816e-05,0.012231740605613965,0.0005121604064748788,0.003286516759544611,0.001964459428563714
natural_residual_w4_c1.0_test,quantized,0,3459,up_blocks.2.resnets.2.conv1.weight,8.795533160425556,-0.0010657509613980246,-0.02859829889350925,0.004236950224311429,7.571381410068689e-05,0.011308194862852542,0.0007612366168703491,0.003286516759544611,0.001964459428563714
natural_residual_w4_c1.0_test,quantized,0,3459,up_blocks.2.resnets.2.conv2.weight,10.516425306210651,-0.0006817607899857466,-0.024577923524018726,0.002637659250789724,5.47620931600767e-05,0.010111159027199505,0.0005150044209658841,0.003286516759544611,0.001964459428563714
natural_residual_w4_c1.0_test,quantized,0,3459,up_blocks.2.upsamplers.0.conv.weight,4.938099696553044,-0.0009492583957279718,-0.01683244591923341,0.011420296130149598,5.3594244959256616e-05,0.00523205768256898,0.0020743678832990907,0.003286516759544611,0.001964459428563714
natural_residual_w4_c1.0_test,quantized,0,3459,up_blocks.3.resnets.0.conv1.weight,5.909082200903007,-0.000675911044356393,-0.03247491144111338,0.0035222610150608177,2.4959836483659668e-05,0.007972847300329584,0.0005297954913395094,0.003286516759544611,0.001964459428563714
natural_residual_w4_c1.0_test,quantized,0,3459,up_blocks.3.resnets.0.conv2.weight,6.311090710571657,-0.0004226854467734583,-0.03734645794064419,0.0017933433823609163,1.4584143551986099e-05,0.006972518568749218,0.00033142619319092756,0.003286516759544611,0.001964459428563714
natural_residual_w4_c1.0_test,quantized,0,3459,up_blocks.3.resnets.0.conv_shortcut.weight,0.7356782616562167,-0.000532183255960319,-0.031211658964479982,0.023176957795722156,2.008105125326861e-05,0.007283321127287104,0.003747736621029193,0.003286516759544611,0.001964459428563714
natural_residual_w4_c1.0_test,quantized,0,3459,up_blocks.3.resnets.1.conv1.weight,4.202292078879912,-0.00036079381045093123,-0.023503537140747967,0.003652915431141821,1.723031456230624e-05,0.007097928192440566,0.0005776640890605144,0.003286516759544611,0.001964459428563714
natural_residual_w4_c1.0_test,quantized,0,3459,up_blocks.3.resnets.1.conv2.weight,6.5217474156170026,-0.0003594741604258803,-0.028790394674987434,0.0019145031481602175,1.074691258315356e-05,0.004138317045623308,0.00039819516431926084,0.003286516759544611,0.001964459428563714
natural_residual_w4_c1.0_test,quantized,0,3459,up_blocks.3.resnets.2.conv1.weight,4.42786237058004,-0.0004455560190879229,-0.024120844853282433,0.004171725137252797,-2.0161893987825468e-06,-0.0005334716101364816,0.0008535439748455281,0.003286516759544611,0.001964459428563714
natural_residual_w4_c1.0_test,quantized,0,3459,up_blocks.3.resnets.2.conv2.weight,6.328365267560356,-0.00019176699407327612,-0.02421297278930148,0.0012515096668612056,6.0696531338759174e-06,0.0046722336638535065,0.00020528053948495425,0.003286516759544611,0.001964459428563714
natural_residual_w4_c1.0_test,quantized,0,3459,mid_block.attentions.0.to_q.weight,4.036929789058649,-1.1279571837956725e-06,-0.00041393179150958653,0.0006750137745390659,2.934544731735979e-06,0.004820473956551626,0.00015079946366251674,0.003286516759544611,0.001964459428563714
natural_residual_w4_c1.0_test,quantized,0,3459,mid_block.attentions.0.to_k.weight,4.126280069851646,-5.483131167702899e-06,-0.001927051455511472,0.0006895672415398041,3.212638757430498e-06,0.005186702176814535,0.0001501107797444332,0.003286516759544611,0.001964459428563714
natural_residual_w4_c1.0_test,quantized,0,3459,mid_block.attentions.0.to_v.weight,2.7578910794317535,7.217739856057484e-06,0.0007836750266790735,0.003339551210749537,1.5923538405800395e-05,0.005556025263768486,0.0010391978935651895,0.003286516759544611,0.001964459428563714
natural_residual_w4_c1.0_test,quantized,0,3459,mid_block.attentions.0.to_out.0.weight,2.592115416517094,3.3795737370128763e-06,0.000426662750908106,0.0030557854756874353,9.376333761144845e-06,0.003179904244947308,0.0011375347711615913,0.003286516759544611,0.001964459428563714
natural_residual_w4_c1.0_test,quantized,0,3459,mid_block.resnets.0.conv1.weight,19.112051520300252,1.0342120485220396e-05,0.00019920937523936388,0.0027163924334729188,5.057782012355819e-05,0.003538444725323111,0.0007478945772208192,0.003286516759544611,0.001964459428563714
natural_residual_w4_c1.0_test,quantized,0,3459,mid_block.resnets.0.conv2.weight,12.695659400432596,-6.160008550573305e-05,-0.000949474491837169,0.005110257104771634,7.174716473059123e-05,0.0035658967446286927,0.0015848228251675999,0.003286516759544611,0.001964459428563714
natural_residual_w4_c1.0_test,quantized,0,3459,mid_block.resnets.1.conv1.weight,18.311655715811185,1.70552780116292e-05,0.0004662059236315366,0.0019978064055751186,3.0866846267290753e-05,0.0025611850556058005,0.0006581481811967749,0.003286516759544611,0.001964459428563714
natural_residual_w4_c1.0_test,quantized,0,3459,mid_block.resnets.1.conv2.weight,12.980975073329336,8.278923344458384e-05,0.001964540444148708,0.003246426474536502,3.531553354600398e-05,0.0025800687660546408,0.0010544528736065617,0.003286516759544611,0.001964459428563714
natural_residual_w4_c1.0_test,quantized,0,3459,conv_out.weight,0.14285352812983018,-0.00028081527998142575,-0.03861368301267619,0.05090829328416255,1.863657004749954e-05,0.01592782432682414,0.008190653580736392,0.003286516759544611,0.001964459428563714
natural_residual_w4_c1.0_test,quantized,1,3460,conv_in.weight,1.482159240325952,-1.0151393382005185e-05,-0.0007194361103545008,0.009520035313978218,4.2751313185562334e-05,0.02835630136128181,0.0010171968585934463,0.0027660848572850227,0.0012825200101360679
natural_residual_w4_c1.0_test,quantized,1,3460,up_blocks.0.resnets.0.conv1.weight,19.346703527166678,-5.069923624171171e-05,-0.0011311109603047882,0.0023168036557705044,2.104885257462645e-05,0.003694154937566714,0.00029451427077715613,0.0027660848572850227,0.0012825200101360679
natural_residual_w4_c1.0_test,quantized,1,3460,up_blocks.0.resnets.0.conv2.weight,14.2031207437357,6.37859794657528e-06,0.00012177031638375983,0.0036880773014157783,2.0668488859072766e-05,0.003292801317496315,0.0004419360393059794,0.0027660848572850227,0.0012825200101360679
natural_residual_w4_c1.0_test,quantized,1,3460,up_blocks.0.resnets.1.conv1.weight,19.595824744814156,-4.326705330489436e-06,-8.416509254882279e-05,0.0026233834031583183,2.2149816241373693e-05,0.0036657813988955823,0.00030834720613530565,0.0027660848572850227,0.0012825200101360679
natural_residual_w4_c1.0_test,quantized,1,3460,up_blocks.0.resnets.1.conv2.weight,13.29955611046898,-1.175816654233763e-05,-0.00020901685178393984,0.004229812916306643,2.6848020423741672e-05,0.003839512922083463,0.0005257738593583347,0.0027660848572850227,0.0012825200101360679
natural_residual_w4_c1.0_test,quantized,1,3460,up_blocks.0.resnets.2.conv1.weight,20.42002126586636,-4.966330242783066e-05,-0.0008847833056707968,0.002748795843730554,5.1793745282276245e-05,0.007861273003079332,0.00032264745816137154,0.0027660848572850227,0.0012825200101360679
natural_residual_w4_c1.0_test,quantized,1,3460,up_blocks.0.resnets.2.conv2.weight,13.216401746454535,-3.2540512795129476e-05,-0.0005601417141645553,0.004395550204481801,2.9267209659949947e-05,0.004289405955691741,0.0005162629237146582,0.0027660848572850227,0.0012825200101360679
natural_residual_w4_c1.0_test,quantized,1,3460,up_blocks.0.upsamplers.0.conv.weight,8.165805270547759,-0.0003584570028829008,-0.0029723880936305784,0.014768369072005396,7.412217287957205e-05,0.005836909075262155,0.001555128193290554,0.0027660848572850227,0.0012825200101360679
natural_residual_w4_c1.0_test,quantized,1,3460,up_blocks.1.resnets.0.conv1.weight,19.042610117834403,-0.00016605337946575555,-0.0026489712522631726,0.003291880018584665,5.5282460072648046e-05,0.008089644833116656,0.0003588652699239061,0.0027660848572850227,0.0012825200101360679
natural_residual_w4_c1.0_test,quantized,1,3460,up_blocks.1.resnets.0.conv2.weight,18.915990899404683,-0.0005169208400567304,-0.0068590220973717,0.003984123048553252,8.182248124438742e-05,0.010946387554028346,0.00039515977425593493,0.0027660848572850227,0.0012825200101360679
natural_residual_w4_c1.0_test,quantized,1,3460,up_blocks.1.resnets.1.conv1.weight,19.657846741038306,-0.00032045587902181083,-0.0048156872582112,0.003385119647961909,6.681312687629536e-05,0.01066581889510012,0.00031866300511896537,0.0027660848572850227,0.0012825200101360679
natural_residual_w4_c1.0_test,quantized,1,3460,up_blocks.1.resnets.1.conv2.weight,18.468712834794072,-0.00048650602276700046,-0.006592856397418963,0.003995562939226893,8.2648102275537e-05,0.011841910511545851,0.00037789790348101903,0.0027660848572850227,0.0012825200101360679
natural_residual_w4_c1.0_test,quantized,1,3460,up_blocks.1.resnets.2.conv1.weight,19.168486762306337,-0.0008844213312368283,-0.011109539064876507,0.004153128217005125,9.121346245405883e-05,0.012887801158121473,0.0003692260087392728,0.0027660848572850227,0.0012825200101360679
natural_residual_w4_c1.0_test,quantized,1,3460,up_blocks.1.resnets.2.conv2.weight,16.998980529535835,-0.0006496550774243732,-0.009476225978302116,0.0040329659179961395,8.923844327241675e-05,0.013599967989027567,0.0003860034826044567,0.0027660848572850227,0.0012825200101360679
natural_residual_w4_c1.0_test,quantized,1,3460,up_blocks.1.upsamplers.0.conv.weight,8.974179681519743,-0.0009578005132964318,-0.007270734720321651,0.014679187079974277,0.00010968752846895804,0.00920754559916674,0.0013274513447566515,0.0027660848572850227,0.0012825200101360679
natural_residual_w4_c1.0_test,quantized,1,3460,up_blocks.2.resnets.0.conv1.weight,12.540809883774564,-0.0011194046777732902,-0.018747658966759725,0.0047611787712434185,8.86873360385147e-05,0.018697978840285935,0.00037821727549521705,0.0027660848572850227,0.0012825200101360679
natural_residual_w4_c1.0_test,quantized,1,3460,up_blocks.2.resnets.0.conv2.weight,10.415139162080004,-0.0008754265602263483,-0.022494788253505444,0.0037365666412950012,5.976906005857266e-05,0.01904202360916981,0.0003013687728096211,0.0027660848572850227,0.0012825200101360679
natural_residual_w4_c1.0_test,quantized,1,3460,up_blocks.2.resnets.0.conv_shortcut.weight,0.9262700666252479,-0.0006383448021942723,-0.017261405220275042,0.039924689648719015,5.294766349230672e-05,0.017087216134223326,0.0033453214686650933,0.0027660848572850227,0.0012825200101360679
natural_residual_w4_c1.0_test,quantized,1,3460,up_blocks.2.resnets.1.conv1.weight,8.303015624085814,-0.0007974270449052382,-0.02101425145950707,0.004570262875459463,5.559412413782876e-05,0.020928423495558523,0.00031993114659664386,0.0027660848572850227,0.0012825200101360679
natural_residual_w4_c1.0_test,quantized,1,3460,up_blocks.2.resnets.1.conv2.weight,11.210229131166328,-0.0009778191459121305,-0.022174306517551774,0.003933634466875924,6.122861228284139e-05,0.01782681578200225,0.0003063840484073928,0.0027660848572850227,0.0012825200101360679
natural_residual_w4_c1.0_test,quantized,1,3460,up_blocks.2.resnets.2.conv1.weight,8.795533160425556,-0.001020396280917428,-0.022850395372447905,0.0050770679724254945,4.955437149264372e-05,0.016159873756918547,0.0003486437131541831,0.0027660848572850227,0.0012825200101360679
natural_residual_w4_c1.0_test,quantized,1,3460,up_blocks.2.resnets.2.conv2.weight,10.516425306210651,-0.0006283506432855246,-0.01712022638788387,0.0034899919018955665,4.71446083441252e-05,0.014856673691362114,0.0003017465448366098,0.0027660848572850227,0.0012825200101360679
natural_residual_w4_c1.0_test,quantized,1,3460,up_blocks.2.upsamplers.0.conv.weight,4.938099696553044,-0.000877535690168985,-0.010502403243396246,0.016920618965439373,6.655490001210973e-05,0.008030318806030093,0.0016783687872184902,0.0027660848572850227,0.0012825200101360679
natural_residual_w4_c1.0_test,quantized,1,3460,up_blocks.3.resnets.0.conv1.weight,5.909082200903007,-0.0006088323150666246,-0.02479564140509045,0.004155299359573302,2.5974746237942414e-05,0.013748066649757399,0.0003197346126090158,0.0027660848572850227,0.0012825200101360679
natural_residual_w4_c1.0_test,quantized,1,3460,up_blocks.3.resnets.0.conv2.weight,6.311090710571657,-0.0003143806488930174,-0.024090036697704813,0.0020678256683355966,1.2705158975354708e-05,0.009038106393002784,0.00022274000845559378,0.0027660848572850227,0.0012825200101360679
natural_residual_w4_c1.0_test,quantized,1,3460,up_blocks.3.resnets.0.conv_shortcut.weight,0.7356782616562167,-0.0004694324326199226,-0.021008229472404164,0.03037356125747468,3.447600688799563e-05,0.015885002126894063,0.002950134103933653,0.0027660848572850227,0.0012825200101360679
natural_residual_w4_c1.0_test,quantized,1,3460,up_blocks.3.resnets.1.conv1.weight,4.202292078879912,-0.0002514014850192941,-0.012896329956413186,0.004638904885155728,1.1643065258584617e-05,0.0071712452393820365,0.00038635498704606624,0.0027660848572850227,0.0012825200101360679
natural_residual_w4_c1.0_test,quantized,1,3460,up_blocks.3.resnets.1.conv2.weight,6.5217474156170026,-0.00040465300165246505,-0.0248305144376726,0.0024988090729510964,1.8161503818805612e-05,0.010767896040034391,0.00025861694529603414,0.0027660848572850227,0.0012825200101360679
natural_residual_w4_c1.0_test,quantized,1,3460,up_blocks.3.resnets.2.conv1.weight,4.42786237058004,-0.0003095942099768007,-0.012277264545766992,0.005695044245929526,2.120840027151439e-05,0.008154200678088879,0.0005873979175534976,0.0027660848572850227,0.0012825200101360679
natural_residual_w4_c1.0_test,quantized,1,3460,up_blocks.3.resnets.2.conv2.weight,6.328365267560356,-0.0001441789937666802,-0.0148453167134197,0.0015346911353495184,8.258179621319268e-06,0.008607638158184211,0.00015160334523464365,0.0027660848572850227,0.0012825200101360679
natural_residual_w4_c1.0_test,quantized,1,3460,mid_block.attentions.0.to_q.weight,4.036929789058649,-1.5392530448216005e-06,-0.0005494004318315868,0.0006940165526937844,1.1738978003118474e-06,0.003708900190288091,7.840322848702019e-05,0.0027660848572850227,0.0012825200101360679
natural_residual_w4_c1.0_test,quantized,1,3460,mid_block.attentions.0.to_k.weight,4.126280069851646,7.350142634676336e-06,0.0026193072266639094,0.0006800653122476212,1.3455138143047857e-06,0.004057084971361128,8.037395791265816e-05,0.0027660848572850227,0.0012825200101360679
natural_residual_w4_c1.0_test,quantized,1,3460,mid_block.attentions.0.to_v.weight,2.7578910794317535,-2.0614508696659946e-05,-0.0018881694383975282,0.003958721180686897,3.27345248265266e-06,0.0027421928368432363,0.0004328435387269633,0.0027660848572850227,0.0012825200101360679
natural_residual_w4_c1.0_test,quantized,1,3460,mid_block.attentions.0.to_out.0.weight,2.592115416517094,1.985347449992771e-05,0.001648432188100193,0.004646341226872457,2.507589808675252e-06,0.0015567959977978907,0.0006213988635369477,0.0027660848572850227,0.0012825200101360679
natural_residual_w4_c1.0_test,quantized,1,3460,mid_block.resnets.0.conv1.weight,19.112051520300252,-3.696492520195814e-05,-0.0006229695358221822,0.003104671927404888,3.113889147425913e-05,0.004674608883554733,0.0003485383415458715,0.0027660848572850227,0.0012825200101360679
natural_residual_w4_c1.0_test,quantized,1,3460,mid_block.resnets.0.conv2.weight,12.695659400432596,-2.3161017961165443e-05,-0.00034581440367407274,0.005275447463738733,2.3921292895674887e-05,0.0028502291177142877,0.0006610732949460926,0.0027660848572850227,0.0012825200101360679
natural_residual_w4_c1.0_test,quantized,1,3460,mid_block.resnets.1.conv1.weight,18.311655715811185,7.679194176545644e-05,0.001975784045398538,0.002122504212043014,2.1990072492812325e-05,0.004971395400625084,0.00024155761916177352,0.0027660848572850227,0.0012825200101360679
natural_residual_w4_c1.0_test,quantized,1,3460,mid_block.resnets.1.conv2.weight,12.980975073329336,5.3349898949744105e-05,0.001110437287480311,0.0037011121795468547,2.194282079781733e-05,0.00364574988025363,0.0004636585472861497,0.0027660848572850227,0.0012825200101360679
natural_residual_w4_c1.0_test,quantized,1,3460,conv_out.weight,0.14285352812983018,-0.0003275592874617918,-0.042257606988256785,0.05426178136815605,2.7889431885019626e-05,0.026303608294534552,0.007422212228676107,0.0027660848572850227,0.0012825200101360679
natural_residual_w4_c1.0_test,quantized,2,3461,conv_in.weight,1.482159240325952,0.00010654191958352403,0.01070363598564657,0.006715746901568377,4.488979162137583e-05,0.017554055550204173,0.001725342241006822,0.0024592867121100426,0.002180374227464199
natural_residual_w4_c1.0_test,quantized,2,3461,up_blocks.0.resnets.0.conv1.weight,19.346703527166678,-6.984700476688922e-05,-0.0017003937134710148,0.0021232020260403307,1.61709810267018e-05,0.002209394829854974,0.00037831717469958686,0.0024592867121100426,0.002180374227464199
natural_residual_w4_c1.0_test,quantized,2,3461,up_blocks.0.resnets.0.conv2.weight,14.2031207437357,-5.9212296200893895e-06,-0.0001364531119150293,0.00305523541354726,2.4775646831812253e-05,0.002406335174382725,0.0007249116898874033,0.0024592867121100426,0.002180374227464199
natural_residual_w4_c1.0_test,quantized,2,3461,up_blocks.0.resnets.1.conv1.weight,19.595824744814156,-1.0299944061582558e-05,-0.00022920184021510135,0.002293259594727994,2.2512957198169194e-05,0.0029462056519250135,0.0003899473206794181,0.0024592867121100426,0.002180374227464199
natural_residual_w4_c1.0_test,quantized,2,3461,up_blocks.0.resnets.1.conv2.weight,13.29955611046898,-1.569132932784931e-05,-0.0003565646372292964,0.0033089051792776136,2.276346393248886e-05,0.0019488677183640616,0.0008782513816521915,0.0024592867121100426,0.002180374227464199
natural_residual_w4_c1.0_test,quantized,2,3461,up_blocks.0.resnets.2.conv1.weight,20.42002126586636,-9.499811571914262e-05,-0.0018667295757654847,0.0024921684448964585,3.628144635061015e-05,0.004280878271451071,0.0004150453218135097,0.0024592867121100426,0.002180374227464199
natural_residual_w4_c1.0_test,quantized,2,3461,up_blocks.0.resnets.2.conv2.weight,13.216401746454535,-5.1160974685268915e-05,-0.0011319794731265212,0.003419692268623524,1.5287855129502396e-05,0.0012300492511081694,0.0009403961144404031,0.0024592867121100426,0.002180374227464199
natural_residual_w4_c1.0_test,quantized,2,3461,up_blocks.0.upsamplers.0.conv.weight,8.165805270547759,-0.00023392313408710682,-0.0021227845168423666,0.013494855653814733,8.322166376236755e-05,0.0034628043508458353,0.002943129828558897,0.0024592867121100426,0.002180374227464199
natural_residual_w4_c1.0_test,quantized,2,3461,up_blocks.1.resnets.0.conv1.weight,19.042610117834403,-0.00015345108239278506,-0.002488978914124283,0.003237593079524521,9.954136776257164e-05,0.010945537792330427,0.0004775732835290288,0.0024592867121100426,0.002180374227464199
natural_residual_w4_c1.0_test,quantized,2,3461,up_blocks.1.resnets.0.conv2.weight,18.915990899404683,-0.00040272924650788333,-0.005381266752200377,0.003956394162127035,0.00010780504290141592,0.009243752856250669,0.0006165405631964636,0.0024592867121100426,0.002180374227464199
natural_residual_w4_c1.0_test,quantized,2,3461,up_blocks.1.resnets.1.conv1.weight,19.657846741038306,-0.00032127494557492535,-0.00458430176171589,0.00356506716695555,9.982546815823877e-05,0.011638015063741052,0.0004363414754008363,0.0024592867121100426,0.002180374227464199
natural_residual_w4_c1.0_test,quantized,2,3461,up_blocks.1.resnets.1.conv2.weight,18.468712834794072,-0.0004470734181591672,-0.005754315523480624,0.004206767870689999,0.00013777418761061152,0.011340088251386164,0.0006578316972724124,0.0024592867121100426,0.002180374227464199
natural_residual_w4_c1.0_test,quantized,2,3461,up_blocks.1.resnets.2.conv1.weight,19.168486762306337,-0.0004797585282981912,-0.005526341518177111,0.004528946122945102,0.00012678567152440883,0.01343026136180063,0.0004924905272798011,0.0024592867121100426,0.002180374227464199
natural_residual_w4_c1.0_test,quantized,2,3461,up_blocks.1.resnets.2.conv2.weight,16.998980529535835,-0.0005698315906833283,-0.007766658034045336,0.004316079764827887,0.00014907221335871225,0.013092966890083636,0.0006697855189139966,0.0024592867121100426,0.002180374227464199
natural_residual_w4_c1.0_test,quantized,2,3461,up_blocks.1.upsamplers.0.conv.weight,8.974179681519743,-0.0008411461445516422,-0.0059807117486284315,0.015671978478737424,0.00019099125863933442,0.007886900571375349,0.002698437503835649,0.0024592867121100426,0.002180374227464199
natural_residual_w4_c1.0_test,quantized,2,3461,up_blocks.2.resnets.0.conv1.weight,12.540809883774564,-0.0008544109560908687,-0.01134761469611899,0.006003944147638539,0.0001379744042766025,0.018782522976655964,0.000585759060203893,0.0024592867121100426,0.002180374227464199
natural_residual_w4_c1.0_test,quantized,2,3461,up_blocks.2.resnets.0.conv2.weight,10.415139162080004,-0.0009050956125226854,-0.018877473241886936,0.004603472139771304,8.19138106581393e-05,0.014627170121883444,0.000537689728565741,0.0024592867121100426,0.002180374227464199
natural_residual_w4_c1.0_test,quantized,2,3461,up_blocks.2.resnets.0.conv_shortcut.weight,0.9262700666252479,-0.0005387105151132153,-0.012793737565422186,0.045459053088400536,4.193380015776181e-05,0.007839784876515815,0.005774607169761769,0.0024592867121100426,0.002180374227464199
natural_residual_w4_c1.0_test,quantized,2,3461,up_blocks.2.resnets.1.conv1.weight,8.303015624085814,-0.0008765999511880021,-0.014402554271746956,0.007330372875958623,8.742163685155748e-05,0.02176716373038083,0.0004837057328610592,0.0024592867121100426,0.002180374227464199
natural_residual_w4_c1.0_test,quantized,2,3461,up_blocks.2.resnets.1.conv2.weight,11.210229131166328,-0.0010252079931385204,-0.014324832595346487,0.0063842213873333475,7.25562671537266e-05,0.010400701120144426,0.000622297169096657,0.0024592867121100426,0.002180374227464199
natural_residual_w4_c1.0_test,quantized,2,3461,up_blocks.2.resnets.2.conv1.weight,8.795533160425556,-0.0010549943751792562,-0.013198118837194558,0.009088159477831991,6.676574923250827e-05,0.014743247850211654,0.0005148709515113007,0.0024592867121100426,0.002180374227464199
natural_residual_w4_c1.0_test,quantized,2,3461,up_blocks.2.resnets.2.conv2.weight,10.516425306210651,-0.0005551933246036435,-0.010949782693283358,0.004821371471446635,4.939337558893855e-05,0.007941672329349123,0.0005914099153150111,0.0024592867121100426,0.002180374227464199
natural_residual_w4_c1.0_test,quantized,2,3461,up_blocks.2.upsamplers.0.conv.weight,4.938099696553044,-0.0006660643293369267,-0.007635332405212985,0.01766559921628385,7.122735502304222e-05,0.004512573418423603,0.003196411487743971,0.0024592867121100426,0.002180374227464199
natural_residual_w4_c1.0_test,quantized,2,3461,up_blocks.3.resnets.0.conv1.weight,5.909082200903007,-0.0008109553093755069,-0.02199375187161523,0.006239899125278691,3.05900803391804e-05,0.008342684582100484,0.0006205185398881211,0.0024592867121100426,0.002180374227464199
natural_residual_w4_c1.0_test,quantized,2,3461,up_blocks.3.resnets.0.conv2.weight,6.311090710571657,-0.00035712737680551187,-0.020071242804839743,0.0028193205483290793,1.794929836934062e-05,0.0068173667079606416,0.0004171828041917701,0.0024592867121100426,0.002180374227464199
natural_residual_w4_c1.0_test,quantized,2,3461,up_blocks.3.resnets.0.conv_shortcut.weight,0.7356782616562167,-0.0003838961769624258,-0.014574014583384549,0.035805246178266956,7.970362100522548e-05,0.01955103524219017,0.005541411099497551,0.0024592867121100426,0.002180374227464199
natural_residual_w4_c1.0_test,quantized,2,3461,up_blocks.3.resnets.1.conv1.weight,4.202292078879912,-0.00032282043921043156,-0.015096458810800193,0.005088616279978552,5.1894877290391345e-06,0.0021184491406549205,0.000582935108964281,0.0024592867121100426,0.002180374227464199
natural_residual_w4_c1.0_test,quantized,2,3461,up_blocks.3.resnets.1.conv2.weight,6.5217474156170026,-0.00034989575950720064,-0.0194810278387899,0.0027539930341949617,1.2014035176662419e-05,0.003166762899891358,0.0005817138126216205,0.0024592867121100426,0.002180374227464199
natural_residual_w4_c1.0_test,quantized,2,3461,up_blocks.3.resnets.2.conv1.weight,4.42786237058004,-0.0002866600239063876,-0.011779050956886998,0.005496202416917049,1.0118460256168393e-05,0.0022210437945395897,0.0010288763740894534,0.0024592867121100426,0.002180374227464199
natural_residual_w4_c1.0_test,quantized,2,3461,up_blocks.3.resnets.2.conv2.weight,6.328365267560356,-0.00011113235940219157,-0.012801250210588144,0.0013718183572874313,1.4760499937510948e-05,0.008250094843524177,0.00028271613027276986,0.0024592867121100426,0.002180374227464199
natural_residual_w4_c1.0_test,quantized,2,3461,mid_block.attentions.0.to_q.weight,4.036929789058649,1.999278227350868e-06,0.0007545741191244397,0.0006563267948214573,3.5129706047825133e-06,0.005207373385512793,0.00016711083164451453,0.0024592867121100426,0.002180374227464199
natural_residual_w4_c1.0_test,quantized,2,3461,mid_block.attentions.0.to_k.weight,4.126280069851646,1.2356676399356942e-05,0.0043649282470364665,0.000686065944837132,4.436798644323905e-06,0.007048004612924588,0.00015256146050511552,0.0024592867121100426,0.002180374227464199
natural_residual_w4_c1.0_test,quantized,2,3461,mid_block.attentions.0.to_v.weight,2.7578910794317535,1.9453090158956403e-05,0.0018903452308044741,0.003731387596714838,6.148730368491033e-06,0.0024919216510396742,0.0008946928268153871,0.0024592867121100426,0.002180374227464199
natural_residual_w4_c1.0_test,quantized,2,3461,mid_block.attentions.0.to_out.0.weight,2.592115416517094,6.035592269773419e-07,5.692629642584932e-05,0.004090276139014272,-3.575717800279198e-06,-0.0010138442104692448,0.001360622586292933,0.0024592867121100426,0.002180374227464199
natural_residual_w4_c1.0_test,quantized,2,3461,mid_block.resnets.0.conv1.weight,19.112051520300252,-3.269507235834849e-05,-0.0007295059849536304,0.002345017759660585,2.8116638183019857e-05,0.0027775767363535427,0.0005296512708896618,0.0024592867121100426,0.002180374227464199
natural_residual_w4_c1.0_test,quantized,2,3461,mid_block.resnets.0.conv2.weight,12.695659400432596,1.0707495464307756e-05,0.00018858601789838568,0.004472219863729663,2.0309176327130843e-05,0.0012488999708825097,0.0012808827947479492,0.0024592867121100426,0.002180374227464199
natural_residual_w4_c1.0_test,quantized,2,3461,mid_block.resnets.1.conv1.weight,18.311655715811185,2.9277581983184122e-05,0.0008785484779044479,0.0018198762640131354,2.699030595266601e-05,0.0037362420037377274,0.00039449835318383945,0.0024592867121100426,0.002180374227464199
natural_residual_w4_c1.0_test,quantized,2,3461,mid_block.resnets.1.conv2.weight,12.980975073329336,3.946361538468472e-05,0.0010676883688321515,0.0028473774559847438,1.90534131793763e-05,0.0018006563361689341,0.0008151445624212634,0.0024592867121100426,0.002180374227464199
natural_residual_w4_c1.0_test,quantized,2,3461,conv_out.weight,0.14285352812983018,-0.0003022217854862502,-0.03507617193406742,0.06031462138322109,7.706894159722342e-06,0.005569632482372432,0.009686388533007316,0.0024592867121100426,0.002180374227464199
natural_residual_w4_c1.0_test,quantized,3,3462,conv_in.weight,1.482159240325952,1.941805286762032e-06,0.007585076496594625,0.00017272326869204537,6.356783239608919e-06,0.013977206189876317,0.0003068472001358474,2.451751242915634e-05,0.00021673916489817202
natural_residual_w4_c1.0_test,quantized,3,3462,up_blocks.0.resnets.0.conv1.weight,19.346703527166678,-1.632958545954627e-06,-0.0019922359452034383,4.236697063873568e-05,1.8969274265075374e-06,0.001934881302538472,5.067449289942743e-05,2.451751242915634e-05,0.00021673916489817202
natural_residual_w4_c1.0_test,quantized,3,3462,up_blocks.0.resnets.0.conv2.weight,14.2031207437357,6.875306960491967e-07,0.0005942149964487029,8.146380770851211e-05,6.216511422580998e-08,2.4435860936636607e-05,0.00017911638352493577,2.451751242915634e-05,0.00021673916489817202
natural_residual_w4_c1.0_test,quantized,3,3462,up_blocks.0.resnets.1.conv1.weight,19.595824744814156,-6.062193551773984e-07,-0.0008110351597746491,3.814402949487539e-05,2.8542238286318444e-06,0.0029988226408701707,4.857062587603227e-05,2.451751242915634e-05,0.00021673916489817202
natural_residual_w4_c1.0_test,quantized,3,3462,up_blocks.0.resnets.1.conv2.weight,13.29955611046898,-1.1203187800829087e-06,-0.0009185436143848808,9.170746479190781e-05,8.694333764505964e-07,0.00030720582662441335,0.00021279906411973427,2.451751242915634e-05,0.00021673916489817202
natural_residual_w4_c1.0_test,quantized,3,3462,up_blocks.0.resnets.2.conv1.weight,20.42002126586636,-2.1880060259368737e-06,-0.0023801243928797127,4.5018670837939054e-05,3.4657010276828984e-06,0.003000754665481096,5.655935069553907e-05,2.451751242915634e-05,0.00021673916489817202
natural_residual_w4_c1.0_test,quantized,3,3462,up_blocks.0.resnets.2.conv2.weight,13.216401746454535,-1.078161313546697e-06,-0.0008488796537244245,9.610022144699482e-05,3.2921180638961266e-07,0.00010338256619274606,0.0002409433042747801,2.451751242915634e-05,0.00021673916489817202
natural_residual_w4_c1.0_test,quantized,3,3462,up_blocks.0.upsamplers.0.conv.weight,8.165805270547759,-4.668670578157903e-06,-0.002098848321429362,0.0002724037975329517,8.910153958241747e-06,0.0018302862502439711,0.0005961659559086425,2.451751242915634e-05,0.00021673916489817202
natural_residual_w4_c1.0_test,quantized,3,3462,up_blocks.1.resnets.0.conv1.weight,19.042610117834403,-1.2450733524309221e-06,-0.0012139894925174432,5.3858410833736705e-05,6.115037975708227e-06,0.0052644598064995616,6.0998459691835176e-05,2.451751242915634e-05,0.00021673916489817202
natural_residual_w4_c1.0_test,quantized,3,3462,up_blocks.1.resnets.0.conv2.weight,18.915990899404683,-5.658057256316111e-07,-0.00044627222389380475,6.702524103820349e-05,7.186169208475343e-06,0.0030311039122322405,0.00012533360096064308,2.451751242915634e-05,0.00021673916489817202
natural_residual_w4_c1.0_test,quantized,3,3462,up_blocks.1.resnets.1.conv1.weight,19.657846741038306,-9.861953701328833e-07,-0.0009642497879375236,5.2028039639781316e-05,7.274489264683187e-06,0.007323142226880228,5.053230323122232e-05,2.451751242915634e-05,0.00021673916489817202
natural_residual_w4_c1.0_test,quantized,3,3462,up_blocks.1.resnets.1.conv2.weight,18.468712834794072,1.2447663958638083e-06,0.0009577214155820401,7.037396619506823e-05,9.349163590579462e-06,0.0038374784040986344,0.00013191378630550716,2.451751242915634e-05,0.00021673916489817202
natural_residual_w4_c1.0_test,quantized,3,3462,up_blocks.1.resnets.2.conv1.weight,19.168486762306337,-8.547900492452788e-07,-0.0007249134492971074,6.151562931568673e-05,1.2148400446196633e-05,0.010163425222823319,6.235785583125017e-05,2.451751242915634e-05,0.00021673916489817202
natural_residual_w4_c1.0_test,quantized,3,3462,up_blocks.1.resnets.2.conv2.weight,16.998980529535835,-1.8205624830678376e-07,-0.00016239615743630765,6.59488100108999e-05,1.202756840208069e-05,0.0046020095438582195,0.00015374728097725674,2.451751242915634e-05,0.00021673916489817202
natural_residual_w4_c1.0_test,quantized,3,3462,up_blocks.1.upsamplers.0.conv.weight,8.974179681519743,-5.4694609344004686e-06,-0.0025140655406099767,0.00024242263564322697,1.6184447746575564e-05,0.0029784687107259383,0.0006054943317455343,2.451751242915634e-05,0.00021673916489817202
natural_residual_w4_c1.0_test,quantized,3,3462,up_blocks.2.resnets.0.conv1.weight,12.540809883774564,-5.839397434703187e-06,-0.006886556225284226,6.761457974190232e-05,1.1984108048079102e-05,0.012042882363620331,7.935050366925042e-05,2.451751242915634e-05,0.00021673916489817202
natural_residual_w4_c1.0_test,quantized,3,3462,up_blocks.2.resnets.0.conv2.weight,10.415139162080004,-7.035127054766666e-06,-0.011817509984711325,5.715850881723852e-05,4.544979908183804e-06,0.003168161941553411,0.0001377398221725569,2.451751242915634e-05,0.00021673916489817202
natural_residual_w4_c1.0_test,quantized,3,3462,up_blocks.2.resnets.0.conv_shortcut.weight,0.9262700666252479,-4.9172138210002196e-06,-0.009516438213597926,0.000557836634163627,1.0393688570481774e-05,0.00734023847690541,0.001528698714018421,2.451751242915634e-05,0.00021673916489817202
natural_residual_w4_c1.0_test,quantized,3,3462,up_blocks.2.resnets.1.conv1.weight,8.303015624085814,-6.881525917127402e-06,-0.013661435255923143,6.066700655784553e-05,6.819346584307976e-06,0.012664362613555464,6.485202945620376e-05,2.451751242915634e-05,0.00021673916489817202
natural_residual_w4_c1.0_test,quantized,3,3462,up_blocks.2.resnets.1.conv2.weight,11.210229131166328,-7.560968287231571e-06,-0.011067318891286034,6.0942533297598634e-05,6.534415949785883e-06,0.004446454132439032,0.00013109268843094736,2.451751242915634e-05,0.00021673916489817202
natural_residual_w4_c1.0_test,quantized,3,3462,up_blocks.2.resnets.2.conv1.weight,8.795533160425556,-9.445097417927244e-06,-0.015363407342430446,6.989670865142679e-05,4.962456287413871e-06,0.007033236624383771,8.02193788744735e-05,2.451751242915634e-05,0.00021673916489817202
natural_residual_w4_c1.0_test,quantized,3,3462,up_blocks.2.resnets.2.conv2.weight,10.516425306210651,-3.9582224921404935e-06,-0.007537554381890631,4.9934603094005644e-05,5.298727089637869e-06,0.00389066390275473,0.00012950295986730517,2.451751242915634e-05,0.00021673916489817202
natural_residual_w4_c1.0_test,quantized,3,3462,up_blocks.2.upsamplers.0.conv.weight,4.938099696553044,-4.327402807492673e-06,-0.0035531908315209943,0.0002466317224069761,-3.2096650158317633e-06,-0.0007841335699501408,0.0008289146356596012,2.451751242915634e-05,0.00021673916489817202
natural_residual_w4_c1.0_test,quantized,3,3462,up_blocks.3.resnets.0.conv1.weight,5.909082200903007,-4.45755092954855e-06,-0.013135921264979528,5.7426949291572815e-05,1.658280166910733e-06,0.003024461058720033,9.27875864043548e-05,2.451751242915634e-05,0.00021673916489817202
natural_residual_w4_c1.0_test,quantized,3,3462,up_blocks.3.resnets.0.conv2.weight,6.311090710571657,-1.83142778253131e-06,-0.009193615328283365,3.1564509668668826e-05,3.6468623082950976e-06,0.005523597091032975,0.00010461475725448271,2.451751242915634e-05,0.00021673916489817202
natural_residual_w4_c1.0_test,quantized,3,3462,up_blocks.3.resnets.0.conv_shortcut.weight,0.7356782616562167,-3.845406392638666e-06,-0.011705327979100039,0.00044655065792893186,4.600487794199935e-06,0.003785430135693206,0.0016519645528966912,2.451751242915634e-05,0.00021673916489817202
natural_residual_w4_c1.0_test,quantized,3,3462,up_blocks.3.resnets.1.conv1.weight,4.202292078879912,-4.011749437330812e-06,-0.012273182950677596,7.778401521095195e-05,1.942325578719648e-07,0.00026559904389560833,0.00017402405638256967,2.451751242915634e-05,0.00021673916489817202
natural_residual_w4_c1.0_test,quantized,3,3462,up_blocks.3.resnets.1.conv2.weight,6.5217474156170026,-2.4405957047500312e-06,-0.009185831452252468,4.07392843272962e-05,1.6368596101261393e-06,0.002632783400650522,9.533060004387873e-05,2.451751242915634e-05,0.00021673916489817202
natural_residual_w4_c1.0_test,quantized,3,3462,up_blocks.3.resnets.2.conv1.weight,4.42786237058004,-9.610897385660048e-07,-0.002242005632097638,9.681287731391567e-05,3.0365550576887824e-06,0.003101720815215097,0.00022109775968552907,2.451751242915634e-05,0.00021673916489817202
natural_residual_w4_c1.0_test,quantized,3,3462,up_blocks.3.resnets.2.conv2.weight,6.328365267560356,-1.2292135022465032e-06,-0.008630277615483265,2.25066583097633e-05,-2.1730096466759237e-06,-0.0038772188614538622,8.856248605702335e-05,2.451751242915634e-05,0.00021673916489817202
natural_residual_w4_c1.0_test,quantized,3,3462,mid_block.attentions.0.to_q.weight,4.036929789058649,5.601214768174496e-08,0.0009429789155901053,1.4713942235802863e-05,2.51526333652815e-07,0.0031911341279045368,1.9524827502181403e-05,2.451751242915634e-05,0.00021673916489817202
natural_residual_w4_c1.0_test,quantized,3,3462,mid_block.attentions.0.to_k.weight,4.126280069851646,1.489723870286961e-07,0.0037170895333727633,9.712791194338054e-06,1.541175034707881e-07,0.0027650764305802433,1.350784668683396e-05,2.451751242915634e-05,0.00021673916489817202
natural_residual_w4_c1.0_test,quantized,3,3462,mid_block.attentions.0.to_v.weight,2.7578910794317535,-1.457492209426819e-06,-0.006595256255244352,8.01304270825245e-05,1.2459946157886184e-06,0.0035834944753445497,0.00012607596944746213,2.451751242915634e-05,0.00021673916489817202
natural_residual_w4_c1.0_test,quantized,3,3462,mid_block.attentions.0.to_out.0.weight,2.592115416517094,-1.1196195420628454e-06,-0.004500989691162773,9.596395023452045e-05,1.582575007992372e-06,0.002273573057120828,0.0002685350962937758,2.451751242915634e-05,0.00021673916489817202
natural_residual_w4_c1.0_test,quantized,3,3462,mid_block.resnets.0.conv1.weight,19.112051520300252,-3.7685327952576185e-07,-0.0003520972910417573,5.60018414688269e-05,1.5701018279470743e-06,0.001182333984492265,6.948328438633738e-05,2.451751242915634e-05,0.00021673916489817202
natural_residual_w4_c1.0_test,quantized,3,3462,mid_block.resnets.0.conv2.weight,12.695659400432596,-1.1983084705302893e-06,-0.0008020937967887869,0.00011767608437620232,1.55666010639535e-06,0.00047958349705512504,0.0002556667806069533,2.451751242915634e-05,0.00021673916489817202
natural_residual_w4_c1.0_test,quantized,3,3462,mid_block.resnets.1.conv1.weight,18.311655715811185,8.158402120892334e-07,0.0010142025635812674,4.392914889793787e-05,2.420116563980761e-07,0.00022818754454206108,5.791842383069779e-05,2.451751242915634e-05,0.00021673916489817202
natural_residual_w4_c1.0_test,quantized,3,3462,mid_block.resnets.1.conv2.weight,12.980975073329336,-4.366365885682051e-07,-0.0004252545292333889,7.909770111700708e-05,1.6012531953143553e-06,0.0006967611592128341,0.00017703892359433973,2.451751242915634e-05,0.00021673916489817202
natural_residual_w4_c1.0_test,quantized,3,3462,conv_out.weight,0.14285352812983018,-7.714660058926412e-07,-0.005879277110848482,0.0009185480776308527,8.113723950385622e-06,0.018624300824181955,0.003049644941913543,2.451751242915634e-05,0.00021673916489817202
natural_residual_qat_w4_c1.0_test,quantized,0,3459,conv_in.weight,1.4668064671658394,-4.58336961079797e-05,-0.0026522431525787555,0.011781449552419379,5.2081807770598774e-05,0.023095993213487744,0.0015373635886879752,0.0059198723174631596,0.0018082376336678863
natural_residual_qat_w4_c1.0_test,quantized,0,3459,up_blocks.0.resnets.0.conv1.weight,19.287421713339807,-6.040383876744983e-05,-0.0008185396671348908,0.0038260499259732245,3.157056015335744e-05,0.002145456798635805,0.000762936402888041,0.0059198723174631596,0.0018082376336678863
natural_residual_qat_w4_c1.0_test,quantized,0,3459,up_blocks.0.resnets.0.conv2.weight,14.16452509553955,2.1019025275501577e-05,0.00026758532787397323,0.0055455963800595115,3.03037765833019e-05,0.0018628645939783685,0.0011484535876820849,0.0059198723174631596,0.0018082376336678863
natural_residual_qat_w4_c1.0_test,quantized,0,3459,up_blocks.0.resnets.1.conv1.weight,19.52970611279074,2.8854723560443784e-05,0.0003602593318699572,0.004101152991420466,3.984241792627355e-05,0.00247431519095888,0.0008245081582844092,0.0059198723174631596,0.0018082376336678863
natural_residual_qat_w4_c1.0_test,quantized,0,3459,up_blocks.0.resnets.1.conv2.weight,13.265262562306713,-3.2507752634805735e-05,-0.0004023796367580874,0.006090249736059849,4.63436695772533e-05,0.0026083428392873797,0.0013393987654414467,0.0059198723174631596,0.0018082376336678863
natural_residual_qat_w4_c1.0_test,quantized,0,3459,up_blocks.0.resnets.2.conv1.weight,20.348645139448184,-0.00021904151892275492,-0.0025944015471009263,0.00414909854210689,0.00010228190542467964,0.005946385431180874,0.0008452988069701097,0.0059198723174631596,0.0018082376336678863
natural_residual_qat_w4_c1.0_test,quantized,0,3459,up_blocks.0.resnets.2.conv2.weight,13.187807077122415,-4.5237095845506866e-05,-0.000559739411249032,0.006128246758261584,4.8661687473959366e-05,0.002852476007667923,0.001293577877271552,0.0059198723174631596,0.0018082376336678863
natural_residual_qat_w4_c1.0_test,quantized,0,3459,up_blocks.0.upsamplers.0.conv.weight,8.128838296964256,-0.0003624779318225375,-0.0023114833351501295,0.019291336659369517,0.00016369812121029993,0.005242045988042628,0.0038416198245943152,0.0059198723174631596,0.0018082376336678863
natural_residual_qat_w4_c1.0_test,quantized,0,3459,up_blocks.1.resnets.0.conv1.weight,18.978099424940595,-0.00022785800523509935,-0.002331874887307963,0.005148803624289366,0.00012629692371450113,0.005906064740642004,0.0011267870615577237,0.0059198723174631596,0.0018082376336678863
natural_residual_qat_w4_c1.0_test,quantized,0,3459,up_blocks.1.resnets.0.conv2.weight,18.8437805259958,-0.0005129676258599134,-0.004985794161391741,0.005459936288304958,9.653381594001723e-05,0.004453452646839553,0.001150309212069255,0.0059198723174631596,0.0018082376336678863
natural_residual_qat_w4_c1.0_test,quantized,0,3459,up_blocks.1.resnets.1.conv1.weight,19.59002266958306,-0.000283399118202108,-0.002826554621182691,0.005118069437622282,0.00011815014173352052,0.005718087770764412,0.0010547474668840932,0.0059198723174631596,0.0018082376336678863
natural_residual_qat_w4_c1.0_test,quantized,0,3459,up_blocks.1.resnets.1.conv2.weight,18.402452272339847,-0.00068818702957709,-0.006880615948295321,0.0054350490185994926,0.00012173889096384616,0.0063782539891056,0.001037174502388912,0.0059198723174631596,0.0018082376336678863
natural_residual_qat_w4_c1.0_test,quantized,0,3459,up_blocks.1.resnets.2.conv1.weight,19.094967787661588,-0.0009096264447656673,-0.007947199538394725,0.005994183449591444,0.00011818004530195239,0.006163949900504481,0.001004074925879794,0.0059198723174631596,0.0018082376336678863
natural_residual_qat_w4_c1.0_test,quantized,0,3459,up_blocks.1.resnets.2.conv2.weight,16.956787651845886,-0.0008568995182457672,-0.00973107026112051,0.005193088319921456,0.00011133139116436762,0.007278367675828538,0.0009020696340450672,0.0059198723174631596,0.0018082376336678863
natural_residual_qat_w4_c1.0_test,quantized,0,3459,up_blocks.1.upsamplers.0.conv.weight,8.940685900391905,-0.0011898436270262377,-0.008073393697317615,0.016484011915707007,0.00012696660179572074,0.00598697179544683,0.002371982311835227,0.0059198723174631596,0.0018082376336678863
natural_residual_qat_w4_c1.0_test,quantized,0,3459,up_blocks.2.resnets.0.conv1.weight,12.482666374465488,-0.001385459249490486,-0.01871455712947821,0.005930712055859188,0.000108913251869982,0.00971319637593714,0.0008982788881582558,0.0059198723174631596,0.0018082376336678863
natural_residual_qat_w4_c1.0_test,quantized,0,3459,up_blocks.2.resnets.0.conv2.weight,10.361360741556158,-0.001177895545504838,-0.023308745613544353,0.004877205814817391,8.533688261851445e-05,0.013171464082617322,0.0006252963989351483,0.0059198723174631596,0.0018082376336678863
natural_residual_qat_w4_c1.0_test,quantized,0,3459,up_blocks.2.resnets.0.conv_shortcut.weight,0.918738028179132,-0.000759750813253776,-0.017482531105975675,0.04730152809643688,9.636318925929838e-05,0.0179074256469611,0.005857149584326076,0.0059198723174631596,0.0018082376336678863
natural_residual_qat_w4_c1.0_test,quantized,0,3459,up_blocks.2.resnets.1.conv1.weight,8.251709729421332,-0.0013395266101954074,-0.025251666846762014,0.006428614035733411,8.800816860481494e-05,0.011294274999308206,0.0009443232518115186,0.0059198723174631596,0.0018082376336678863
natural_residual_qat_w4_c1.0_test,quantized,0,3459,up_blocks.2.resnets.1.conv2.weight,11.142511038309413,-0.001296962505007957,-0.024165400677753607,0.004816708313837143,7.234422338543478e-05,0.012678792888397478,0.0005120859711515705,0.0059198723174631596,0.0018082376336678863
natural_residual_qat_w4_c1.0_test,quantized,0,3459,up_blocks.2.resnets.2.conv1.weight,8.742319039342894,-0.0013832812378997677,-0.024503422104105093,0.00645739114176188,7.40995920298715e-05,0.011217478844487226,0.0007556034049397965,0.0059198723174631596,0.0018082376336678863
natural_residual_qat_w4_c1.0_test,quantized,0,3459,up_blocks.2.resnets.2.conv2.weight,10.489442724141275,-0.0009938983666460694,-0.022855747240479108,0.004145664345070087,5.809367638258774e-05,0.011139496805976317,0.0004971768196241576,0.0059198723174631596,0.0018082376336678863
natural_residual_qat_w4_c1.0_test,quantized,0,3459,up_blocks.2.upsamplers.0.conv.weight,4.913005542704116,-0.0013177849385730602,-0.014092965574671476,0.019032458626390397,5.94543196681594e-05,0.005803176137262014,0.0020853089508158346,0.0059198723174631596,0.0018082376336678863
natural_residual_qat_w4_c1.0_test,quantized,0,3459,up_blocks.3.resnets.0.conv1.weight,5.879059614377672,-0.0009476446302479338,-0.028606434260264664,0.005634740433231955,2.5078342237668495e-05,0.007838101780408857,0.0005442269725498543,0.0059198723174631596,0.0018082376336678863
natural_residual_qat_w4_c1.0_test,quantized,0,3459,up_blocks.3.resnets.0.conv2.weight,6.284256811749258,-0.000598272712980186,-0.031456179060307454,0.0030264904118989713,1.4209547752314533e-05,0.0076740603245994,0.000294646388634236,0.0059198723174631596,0.0018082376336678863
natural_residual_qat_w4_c1.0_test,quantized,0,3459,up_blocks.3.resnets.0.conv_shortcut.weight,0.731572164781631,-0.000791458947565457,-0.02767907637417193,0.039085855881151904,2.3668501924258217e-05,0.009471961823528436,0.003415652330695764,0.0059198723174631596,0.0018082376336678863
natural_residual_qat_w4_c1.0_test,quantized,0,3459,up_blocks.3.resnets.1.conv1.weight,4.181293095386978,-0.0006223670307634259,-0.025777962290209094,0.00577414097570567,1.6888219144014663e-05,0.007432343326296066,0.0005434348444587231,0.0059198723174631596,0.0018082376336678863
natural_residual_qat_w4_c1.0_test,quantized,0,3459,up_blocks.3.resnets.1.conv2.weight,6.49438087347434,-0.0004825753398324643,-0.022960730231246215,0.0032362470995955907,1.3302390814572472e-05,0.005664086537591239,0.00036162801539734037,0.0059198723174631596,0.0018082376336678863
natural_residual_qat_w4_c1.0_test,quantized,0,3459,up_blocks.3.resnets.2.conv1.weight,4.403415592042278,-0.000648905069069834,-0.021705815403946244,0.006789149711029179,3.831686572475857e-06,0.0011147196588323716,0.0007806109533813989,0.0059198723174631596,0.0018082376336678863
natural_residual_qat_w4_c1.0_test,quantized,0,3459,up_blocks.3.resnets.2.conv2.weight,6.318978735045131,-0.0002801097826719423,-0.02270578889155678,0.001952292055755813,7.8130296195264e-06,0.0067552063411271,0.00018303492161379542,0.0059198723174631596,0.0018082376336678863
natural_residual_qat_w4_c1.0_test,quantized,0,3459,mid_block.attentions.0.to_q.weight,4.027064855402106,-1.1277665329132156e-06,-0.00025784253377996087,0.0010861155168719666,3.0831569214491412e-06,0.004577680732897261,0.00016724822046569233,0.0059198723174631596,0.0018082376336678863
natural_residual_qat_w4_c1.0_test,quantized,0,3459,mid_block.attentions.0.to_k.weight,4.1156842666003755,-2.797097847197115e-06,-0.0006116773193797104,0.0011110746295525374,3.3132593985847115e-06,0.003902202395942102,0.00020630207527702886,0.0059198723174631596,0.0018082376336678863
natural_residual_qat_w4_c1.0_test,quantized,0,3459,mid_block.attentions.0.to_v.weight,2.7483418786542178,-3.421447456692293e-05,-0.0023424283904978525,0.005314627081343923,1.4550534917075874e-05,0.004658073004149685,0.0011365849814261892,0.0059198723174631596,0.0018082376336678863
natural_residual_qat_w4_c1.0_test,quantized,0,3459,mid_block.attentions.0.to_out.0.weight,2.583016881626913,5.413132954786546e-06,0.0004182247992890459,0.005010853067501001,4.6021635240345445e-06,0.0014275772478180625,0.0012480591932793222,0.0059198723174631596,0.0018082376336678863
natural_residual_qat_w4_c1.0_test,quantized,0,3459,mid_block.resnets.0.conv1.weight,19.063155711852,-5.356130664893282e-05,-0.0006426250671964009,0.004372186769104256,4.842520630890536e-05,0.0032571480092762495,0.0007799004849698536,0.0059198723174631596,0.0018082376336678863
natural_residual_qat_w4_c1.0_test,quantized,0,3459,mid_block.resnets.0.conv2.weight,12.66192871692072,-5.7283811157777205e-05,-0.0005690997557441433,0.007949570055734493,6.601433926903402e-05,0.0031542066197532627,0.0016529064627509894,0.0059198723174631596,0.0018082376336678863
natural_residual_qat_w4_c1.0_test,quantized,0,3459,mid_block.resnets.1.conv1.weight,18.269794606262092,5.4730192342928924e-05,0.0009644422655942912,0.003106111738705217,3.0331187498667815e-05,0.002417266702443838,0.0006868014115552141,0.0059198723174631596,0.0018082376336678863
natural_residual_qat_w4_c1.0_test,quantized,0,3459,mid_block.resnets.1.conv2.weight,12.952656819247032,8.816523879376324e-05,0.0013232848748820003,0.005143813104560427,3.439610199284816e-05,0.0024227247495989903,0.0010960901957534563,0.0059198723174631596,0.0018082376336678863
natural_residual_qat_w4_c1.0_test,quantized,0,3459,conv_out.weight,0.1418884838314085,-0.00032724928683312485,-0.02987254555455528,0.07720747130031794,1.2933662115504305e-05,0.013411670268242363,0.006796596624606567,0.0059198723174631596,0.0018082376336678863
natural_residual_qat_w4_c1.0_test,quantized,1,3460,conv_in.weight,1.4668064671658394,0.00020245782201037303,0.00811254276827454,0.017013934050111333,3.2174220594194096e-05,0.026959043078350425,0.0008136371058522824,0.005370129831135273,0.0011265430366620421
natural_residual_qat_w4_c1.0_test,quantized,1,3460,up_blocks.0.resnets.0.conv1.weight,19.287421713339807,-8.470814435838326e-05,-0.0011356092802561482,0.0038674264117440128,2.383642539757916e-05,0.0046185406577675696,0.00026758525599542005,0.005370129831135273,0.0011265430366620421
natural_residual_qat_w4_c1.0_test,quantized,1,3460,up_blocks.0.resnets.0.conv2.weight,14.16452509553955,4.7613707052316604e-05,0.000550283892999093,0.006108620936872985,1.8518659310580907e-05,0.0030650094590451184,0.00042655565572686784,0.005370129831135273,0.0011265430366620421
natural_residual_qat_w4_c1.0_test,quantized,1,3460,up_blocks.0.resnets.1.conv1.weight,19.52970611279074,-1.3261532385869782e-05,-0.00015960839145520546,0.004254438807284564,2.2347988390392102e-05,0.003993313049093234,0.0002865559112497877,0.005370129831135273,0.0011265430366620421
natural_residual_qat_w4_c1.0_test,quantized,1,3460,up_blocks.0.resnets.1.conv2.weight,13.265262562306713,-0.00014267988254525,-0.0015015883367806462,0.007163017403098996,2.4551447165602577e-05,0.0036083561076155624,0.0005129226229707455,0.005370129831135273,0.0011265430366620421
natural_residual_qat_w4_c1.0_test,quantized,1,3460,up_blocks.0.resnets.2.conv1.weight,20.348645139448184,-0.00011234146266835358,-0.0012178730870564434,0.004533175599476919,4.948636976611353e-05,0.007863880919062536,0.00030925246447188683,0.005370129831135273,0.0011265430366620421
natural_residual_qat_w4_c1.0_test,quantized,1,3460,up_blocks.0.resnets.2.conv2.weight,13.187807077122415,-0.00015181743579970736,-0.0015342571720719693,0.007503275701214733,3.060409015031397e-05,0.004571716747059457,0.0005076069651318402,0.005370129831135273,0.0011265430366620421
natural_residual_qat_w4_c1.0_test,quantized,1,3460,up_blocks.0.upsamplers.0.conv.weight,8.128838296964256,-0.0002642610016742469,-0.0012881993500944528,0.02523605798953162,6.740186287472713e-05,0.005907581893795319,0.001403568667488909,0.005370129831135273,0.0011265430366620421
natural_residual_qat_w4_c1.0_test,quantized,1,3460,up_blocks.1.resnets.0.conv1.weight,18.978099424940595,-0.00023837148518456594,-0.0023058903977295066,0.005447069593875455,5.0153855748888905e-05,0.007780309933983589,0.0003396680603352537,0.005370129831135273,0.0011265430366620421
natural_residual_qat_w4_c1.0_test,quantized,1,3460,up_blocks.1.resnets.0.conv2.weight,18.8437805259958,-0.0007663657537663703,-0.006230888427145547,0.006527067099682344,7.060949473280083e-05,0.00971289938219335,0.0003857857453807937,0.005370129831135273,0.0011265430366620421
natural_residual_qat_w4_c1.0_test,quantized,1,3460,up_blocks.1.resnets.1.conv1.weight,19.59002266958306,-0.000507244384646438,-0.004577534106841124,0.005656538149820901,6.733974573852494e-05,0.011057003762313528,0.0003108845047799124,0.005370129831135273,0.0011265430366620421
natural_residual_qat_w4_c1.0_test,quantized,1,3460,up_blocks.1.resnets.1.conv2.weight,18.402452272339847,-0.0007390390804757164,-0.006081882815444299,0.006603187912283959,7.553263841141846e-05,0.011260468401423822,0.0003645041681753808,0.005370129831135273,0.0011265430366620421
natural_residual_qat_w4_c1.0_test,quantized,1,3460,up_blocks.1.resnets.2.conv1.weight,19.094967787661588,-0.0011696339886117831,-0.008961757514042363,0.006834989650661739,8.838490867042729e-05,0.012653833099979653,0.00036579442775324365,0.005370129831135273,0.0011265430366620421
natural_residual_qat_w4_c1.0_test,quantized,1,3460,up_blocks.1.resnets.2.conv2.weight,16.956787651845886,-0.0009522775236398282,-0.008492444044826682,0.00661282847876264,7.411795918697659e-05,0.011661966396992452,0.0003748073383793095,0.005370129831135273,0.0011265430366620421
natural_residual_qat_w4_c1.0_test,quantized,1,3460,up_blocks.1.upsamplers.0.conv.weight,8.940685900391905,-0.0014262767992114004,-0.006397919944051745,0.024934127646958685,9.690634788297161e-05,0.00981322749629809,0.001104509668293527,0.005370129831135273,0.0011265430366620421
natural_residual_qat_w4_c1.0_test,quantized,1,3460,up_blocks.2.resnets.0.conv1.weight,12.482666374465488,-0.0015988191288130243,-0.01598118344967276,0.008014621841113666,6.617542811965611e-05,0.01523873207956575,0.00034788889262938406,0.005370129831135273,0.0011265430366620421
natural_residual_qat_w4_c1.0_test,quantized,1,3460,up_blocks.2.resnets.0.conv2.weight,10.361360741556158,-0.001276177442555899,-0.019760494685090096,0.00623299038486215,5.400721031665349e-05,0.020296404714660096,0.00025681230937977335,0.005370129831135273,0.0011265430366620421
natural_residual_qat_w4_c1.0_test,quantized,1,3460,up_blocks.2.resnets.0.conv_shortcut.weight,0.918738028179132,-0.0009104681129388848,-0.014679608941321368,0.06750851595431241,4.2543443081497195e-05,0.01678449198089061,0.0027588795561195507,0.005370129831135273,0.0011265430366620421
natural_residual_qat_w4_c1.0_test,quantized,1,3460,up_blocks.2.resnets.1.conv1.weight,8.251709729421332,-0.001266041446304056,-0.019773795860390027,0.0077591461938486175,5.052990731347193e-05,0.021359303229543953,0.00028669325663222174,0.005370129831135273,0.0011265430366620421
natural_residual_qat_w4_c1.0_test,quantized,1,3460,up_blocks.2.resnets.1.conv2.weight,11.142511038309413,-0.0014752957590707257,-0.01945270790084089,0.006806376291439455,5.6747918049318644e-05,0.020517667388974092,0.00024822120220349496,0.005370129831135273,0.0011265430366620421
natural_residual_qat_w4_c1.0_test,quantized,1,3460,up_blocks.2.resnets.2.conv1.weight,8.742319039342894,-0.001458223450314816,-0.02018084450027054,0.008265289895388536,4.601072560203999e-05,0.019935385611840755,0.00026400234842827955,0.005370129831135273,0.0011265430366620421
natural_residual_qat_w4_c1.0_test,quantized,1,3460,up_blocks.2.resnets.2.conv2.weight,10.489442724141275,-0.0010190024655826594,-0.016566028911907442,0.005864140997494796,4.847610406471426e-05,0.02040455865007877,0.00022648950768791573,0.005370129831135273,0.0011265430366620421
natural_residual_qat_w4_c1.0_test,quantized,1,3460,up_blocks.2.upsamplers.0.conv.weight,4.913005542704116,-0.0014628055454682415,-0.010098721335098372,0.029483087107888703,5.7435078991359984e-05,0.009328482101073904,0.0012531959596505816,0.005370129831135273,0.0011265430366620421
natural_residual_qat_w4_c1.0_test,quantized,1,3460,up_blocks.3.resnets.0.conv1.weight,5.879059614377672,-0.0008368416998646346,-0.020629384553034924,0.006900001375789544,2.2035830312320406e-05,0.015439120912557964,0.0002427722184829304,0.005370129831135273,0.0011265430366620421
natural_residual_qat_w4_c1.0_test,quantized,1,3460,up_blocks.3.resnets.0.conv2.weight,6.284256811749258,-0.0004698374285307108,-0.020664628391042363,0.0036179793729720273,1.4000896124679188e-05,0.015102922408758587,0.00014751660802736247,0.005370129831135273,0.0011265430366620421
natural_residual_qat_w4_c1.0_test,quantized,1,3460,up_blocks.3.resnets.0.conv_shortcut.weight,0.731572164781631,-0.0008011625937793894,-0.021346006440090562,0.05130348353312116,2.805960971635627e-05,0.019225162147928288,0.001995053019814288,0.005370129831135273,0.0011265430366620421
natural_residual_qat_w4_c1.0_test,quantized,1,3460,up_blocks.3.resnets.1.conv1.weight,4.181293095386978,-0.0004499752152188459,-0.01539398970657732,0.006990798594418884,1.2963908327320285e-05,0.010880301446105033,0.00028496033460609956,0.005370129831135273,0.0011265430366620421
natural_residual_qat_w4_c1.0_test,quantized,1,3460,up_blocks.3.resnets.1.conv2.weight,6.49438087347434,-0.0005735578650095357,-0.020260426489300633,0.004359040472686489,1.663590521075282e-05,0.013449583128654444,0.0001904582803078423,0.005370129831135273,0.0011265430366620421
natural_residual_qat_w4_c1.0_test,quantized,1,3460,up_blocks.3.resnets.2.conv1.weight,4.403415592042278,-0.0005585163561838912,-0.012744538762364529,0.00995226880534309,2.3403371990038788e-05,0.014157410615336959,0.00037540921725477,0.005370129831135273,0.0011265430366620421
natural_residual_qat_w4_c1.0_test,quantized,1,3460,up_blocks.3.resnets.2.conv2.weight,6.318978735045131,-0.00025279686457138606,-0.015347743851480636,0.002606635147272025,9.393596406687975e-06,0.014280863205077121,0.00010409516164820865,0.005370129831135273,0.0011265430366620421
natural_residual_qat_w4_c1.0_test,quantized,1,3460,mid_block.attentions.0.to_q.weight,4.027064855402106,-5.4806158359625255e-06,-0.00128283649449254,0.0010608877409316098,1.0838588007657302e-06,0.003907270592451569,6.888276881636644e-05,0.005370129831135273,0.0011265430366620421
natural_residual_qat_w4_c1.0_test,quantized,1,3460,mid_block.attentions.0.to_k.weight,4.1156842666003755,1.5689137122433456e-05,0.003739910232074584,0.0010192854622385291,5.311027481007634e-07,0.0017541189575046214,7.356605301977639e-05,0.005370129831135273,0.0011265430366620421
natural_residual_qat_w4_c1.0_test,quantized,1,3460,mid_block.attentions.0.to_v.weight,2.7483418786542178,-3.478058841899258e-05,-0.0019122148632839191,0.006618041405488209,5.552239732335243e-06,0.005365818092105325,0.00037649699009054377,0.005370129831135273,0.0011265430366620421
natural_residual_qat_w4_c1.0_test,quantized,1,3460,mid_block.attentions.0.to_out.0.weight,2.583016881626913,3.085681729459574e-05,0.0014375912686468413,0.008309759565281332,8.27472336522877e-07,0.0006491128215329104,0.0004935214707908712,0.005370129831135273,0.0011265430366620421
natural_residual_qat_w4_c1.0_test,quantized,1,3460,mid_block.resnets.0.conv1.weight,19.063155711852,-0.00014663282164639415,-0.0013557968150311967,0.005673378873319812,2.9517352883649746e-05,0.0047408748795124325,0.0003266059696517125,0.005370129831135273,0.0011265430366620421
natural_residual_qat_w4_c1.0_test,quantized,1,3460,mid_block.resnets.0.conv2.weight,12.66192871692072,-9.35313991077116e-05,-0.0008198994682937605,0.009009422667559868,2.6345241802393767e-05,0.003426865419212967,0.0006071629686143546,0.005370129831135273,0.0011265430366620421
natural_residual_qat_w4_c1.0_test,quantized,1,3460,mid_block.resnets.1.conv1.weight,18.269794606262092,0.00014718133627390865,0.002299818030016491,0.0035028827628808194,2.1147495317306525e-05,0.005451726443073163,0.00021232015221474588,0.005370129831135273,0.0011265430366620421
natural_residual_qat_w4_c1.0_test,quantized,1,3460,mid_block.resnets.1.conv2.weight,12.952656819247032,4.270197028613346e-05,0.0005141360239026395,0.006412258477155833,2.173331019319634e-05,0.003880444071708514,0.0004323999063001561,0.005370129831135273,0.0011265430366620421
natural_residual_qat_w4_c1.0_test,quantized,1,3460,conv_out.weight,0.1418884838314085,-0.0003836050129055589,-0.030163308515400552,0.08963098098242281,2.8506251639322326e-05,0.04156695719405693,0.004833310905957879,0.005370129831135273,0.0011265430366620421
natural_residual_qat_w4_c1.0_test,quantized,2,3461,conv_in.weight,1.4668064671658394,0.00010100336938968359,0.00565860186577633,0.012168972430779414,5.2953751273592496e-05,0.021987281780519254,0.0016419214363607442,0.004900149069726467,0.001929132966324687
natural_residual_qat_w4_c1.0_test,quantized,2,3461,up_blocks.0.resnets.0.conv1.weight,19.287421713339807,-0.00014830809571661358,-0.002063550915203511,0.0037262800669542804,2.1071589426153172e-05,0.0027808640552662543,0.00039286501911274215,0.004900149069726467,0.001929132966324687
natural_residual_qat_w4_c1.0_test,quantized,2,3461,up_blocks.0.resnets.0.conv2.weight,14.16452509553955,-2.978872065036258e-05,-0.00038927374160136727,0.005402499360457907,2.4288066351748276e-05,0.0020831894454272394,0.0008231181079697527,0.004900149069726467,0.001929132966324687
natural_residual_qat_w4_c1.0_test,quantized,2,3461,up_blocks.0.resnets.1.conv1.weight,19.52970611279074,-0.000104650037954725,-0.0012949539637541752,0.004137989200532949,2.837721267210625e-05,0.00361753678266537,0.00040166230052639257,0.004900149069726467,0.001929132966324687
natural_residual_qat_w4_c1.0_test,quantized,2,3461,up_blocks.0.resnets.1.conv2.weight,13.265262562306713,-0.00010018568214581746,-0.0012722482115524888,0.005936328970720894,2.919966112907374e-05,0.002178033884753719,0.001010641968083381,0.004900149069726467,0.001929132966324687
natural_residual_qat_w4_c1.0_test,quantized,2,3461,up_blocks.0.resnets.2.conv1.weight,20.348645139448184,-0.00013130635724563458,-0.0014858832539047125,0.004342757377799616,4.458520466355658e-05,0.005050475494273092,0.0004338334137270494,0.004900149069726467,0.001929132966324687
natural_residual_qat_w4_c1.0_test,quantized,2,3461,up_blocks.0.resnets.2.conv2.weight,13.187807077122415,-0.00012888158463069676,-0.0016030721022891501,0.006096284489652957,2.3569217048642918e-05,0.0016615045472039272,0.0010756501357480552,0.004900149069726467,0.001929132966324687
natural_residual_qat_w4_c1.0_test,quantized,2,3461,up_blocks.0.upsamplers.0.conv.weight,8.128838296964256,-0.00032504856489821456,-0.0017824519082728567,0.0224337536971273,8.380803196475636e-05,0.00318870363192782,0.0032332776597465336,0.004900149069726467,0.001929132966324687
natural_residual_qat_w4_c1.0_test,quantized,2,3461,up_blocks.1.resnets.0.conv1.weight,18.978099424940595,-0.0001743720349295172,-0.0016600735898868995,0.005534734310565664,0.00010506954120204052,0.01137080606431565,0.00048689225454743565,0.004900149069726467,0.001929132966324687
natural_residual_qat_w4_c1.0_test,quantized,2,3461,up_blocks.1.resnets.0.conv2.weight,18.8437805259958,-0.0006272507374579486,-0.005269241868922799,0.006317205563797166,0.00010704259974023037,0.008113209700742096,0.0007001577649644177,0.004900149069726467,0.001929132966324687
natural_residual_qat_w4_c1.0_test,quantized,2,3461,up_blocks.1.resnets.1.conv1.weight,19.59002266958306,-0.0003606482225028433,-0.0030811057092872602,0.005975059835656373,0.00010538041548027094,0.01155134796378162,0.0004656850560743008,0.004900149069726467,0.001929132966324687
natural_residual_qat_w4_c1.0_test,quantized,2,3461,up_blocks.1.resnets.1.conv2.weight,18.402452272339847,-0.000521753359802451,-0.004371805490591485,0.006485279877409194,0.00014690509674132759,0.010718998655665534,0.0007447438868044152,0.004900149069726467,0.001929132966324687
natural_residual_qat_w4_c1.0_test,quantized,2,3461,up_blocks.1.resnets.2.conv1.weight,19.094967787661588,-0.0007851995913239882,-0.00568771634223217,0.007229748763924562,0.00014246521539335909,0.014171980449380854,0.0005264527085316567,0.004900149069726467,0.001929132966324687
natural_residual_qat_w4_c1.0_test,quantized,2,3461,up_blocks.1.resnets.2.conv2.weight,16.956787651845886,-0.0008170968299137809,-0.007617688418507225,0.006325673018721388,0.00014209215137062726,0.010946641475190439,0.0007655007383984289,0.004900149069726467,0.001929132966324687
natural_residual_qat_w4_c1.0_test,quantized,2,3461,up_blocks.1.upsamplers.0.conv.weight,8.940685900391905,-0.0011044777273617442,-0.0055496900357032124,0.022259602123729613,0.00017075982642400777,0.006512433757935231,0.0029327263961845336,0.004900149069726467,0.001929132966324687
natural_residual_qat_w4_c1.0_test,quantized,2,3461,up_blocks.2.resnets.0.conv1.weight,12.482666374465488,-0.0012907572320919156,-0.012335903165280137,0.008382358910772374,0.00011916636555278392,0.016153782639973066,0.000590979064107711,0.004900149069726467,0.001929132966324687
natural_residual_qat_w4_c1.0_test,quantized,2,3461,up_blocks.2.resnets.0.conv2.weight,10.361360741556158,-0.0013124862026997557,-0.02091309033037289,0.006057030198841023,9.058536516467962e-05,0.013994499840007495,0.0006247177756650479,0.004900149069726467,0.001929132966324687
natural_residual_qat_w4_c1.0_test,quantized,2,3461,up_blocks.2.resnets.0.conv_shortcut.weight,0.918738028179132,-0.0008234735299902552,-0.014984442711530458,0.05981599825764626,5.0905549775523434e-05,0.008452924265915507,0.006554905896665791,0.004900149069726467,0.001929132966324687
natural_residual_qat_w4_c1.0_test,quantized,2,3461,up_blocks.2.resnets.1.conv1.weight,8.251709729421332,-0.0013089265745042564,-0.01742033042303804,0.009105733894981623,8.652773728971047e-05,0.020882847032470262,0.0005021363915849126,0.004900149069726467,0.001929132966324687
natural_residual_qat_w4_c1.0_test,quantized,2,3461,up_blocks.2.resnets.1.conv2.weight,11.142511038309413,-0.0014045863489323,-0.01741159506359451,0.0072398040499682586,8.176603687500738e-05,0.010795228644182687,0.0006797637956252728,0.004900149069726467,0.001929132966324687
natural_residual_qat_w4_c1.0_test,quantized,2,3461,up_blocks.2.resnets.2.conv1.weight,8.742319039342894,-0.001400812080608819,-0.016815369376493944,0.009528988773242313,5.590433348361621e-05,0.012671844429620552,0.0005046368840378125,0.004900149069726467,0.001929132966324687
natural_residual_qat_w4_c1.0_test,quantized,2,3461,up_blocks.2.resnets.2.conv2.weight,10.489442724141275,-0.0008438937287051985,-0.014552440845610162,0.0055284005434024334,4.664490050126477e-05,0.00648911710956827,0.0006852769800010065,0.004900149069726467,0.001929132966324687
natural_residual_qat_w4_c1.0_test,quantized,2,3461,up_blocks.2.upsamplers.0.conv.weight,4.913005542704116,-0.0011519302775321804,-0.010616366611055448,0.02208528621876415,5.2534660064182804e-05,0.003159112781702275,0.0033848041253705333,0.004900149069726467,0.001929132966324687
natural_residual_qat_w4_c1.0_test,quantized,2,3461,up_blocks.3.resnets.0.conv1.weight,5.879059614377672,-0.0008672283360774564,-0.02107074168508919,0.00700076940298529,2.0848757050582546e-05,0.006226314427163343,0.0005695623272521544,0.004900149069726467,0.001929132966324687
natural_residual_qat_w4_c1.0_test,quantized,2,3461,up_blocks.3.resnets.0.conv2.weight,6.284256811749258,-0.0004985524758184907,-0.022700081327923432,0.0034948580404835514,1.5165580430290872e-05,0.005949963880490317,0.00040559330980337544,0.004900149069726467,0.001929132966324687
natural_residual_qat_w4_c1.0_test,quantized,2,3461,up_blocks.3.resnets.0.conv_shortcut.weight,0.731572164781631,-0.0006109196862095186,-0.01880376229945696,0.044410145348441926,5.716406087034667e-05,0.014408727785973699,0.005423008229971247,0.004900149069726467,0.001929132966324687
natural_residual_qat_w4_c1.0_test,quantized,2,3461,up_blocks.3.resnets.1.conv1.weight,4.181293095386978,-0.00047044832387036666,-0.017640370021595454,0.0063781337718951964,1.0034415747969064e-05,0.004241598924192049,0.000565785586236021,0.004900149069726467,0.001929132966324687
natural_residual_qat_w4_c1.0_test,quantized,2,3461,up_blocks.3.resnets.1.conv2.weight,6.49438087347434,-0.0005213217537120558,-0.021022936175960023,0.0038183410876945225,6.756645398394944e-06,0.0018501629182889872,0.000562319830734885,0.004900149069726467,0.001929132966324687
natural_residual_qat_w4_c1.0_test,quantized,2,3461,up_blocks.3.resnets.2.conv1.weight,4.403415592042278,-0.0003804831899729058,-0.012545790084137672,0.006887280667780962,8.287359187563487e-06,0.0018542736023298197,0.0010149687495476097,0.004900149069726467,0.001929132966324687
natural_residual_qat_w4_c1.0_test,quantized,2,3461,up_blocks.3.resnets.2.conv2.weight,6.318978735045131,-0.00023800935701765702,-0.019967839840225328,0.0018863229674483514,1.3112998820423691e-05,0.007151146704284668,0.0002901879942428628,0.004900149069726467,0.001929132966324687
natural_residual_qat_w4_c1.0_test,quantized,2,3461,mid_block.attentions.0.to_q.weight,4.027064855402106,-1.3931474510481216e-06,-0.0002891218386381001,0.0011965409426726165,3.321621962337996e-06,0.005177205185041225,0.00015931849749061024,0.004900149069726467,0.001929132966324687
natural_residual_qat_w4_c1.0_test,quantized,2,3461,mid_block.attentions.0.to_k.weight,4.1156842666003755,7.814856649669675e-07,0.0001555435028047066,0.0012207510049595978,1.8026674959564917e-06,0.0032975817714354988,0.00013282444309341333,0.004900149069726467,0.001929132966324687
natural_residual_qat_w4_c1.0_test,quantized,2,3461,mid_block.attentions.0.to_v.weight,2.7483418786542178,3.9083872108553876e-05,0.002156765432027714,0.006593619988328965,8.216274510336734e-06,0.0033794369011080454,0.0008846262927989285,0.004900149069726467,0.001929132966324687
natural_residual_qat_w4_c1.0_test,quantized,2,3461,mid_block.attentions.0.to_out.0.weight,2.583016881626913,-6.173455597769543e-06,-0.00031593976411018767,0.00756478857693,1.4373362553705605e-08,3.802720796964681e-06,0.0014633111976302632,0.004900149069726467,0.001929132966324687
natural_residual_qat_w4_c1.0_test,quantized,2,3461,mid_block.resnets.0.conv1.weight,19.063155711852,-0.0002088157044596855,-0.002280348869435925,0.004803602562043411,3.4773670752757326e-05,0.0034394292475248755,0.0005303582909799667,0.004900149069726467,0.001929132966324687
natural_residual_qat_w4_c1.0_test,quantized,2,3461,mid_block.resnets.0.conv2.weight,12.66192871692072,-0.00011920508133777341,-0.0011884607711367444,0.007921547908626595,3.2949892358064624e-05,0.0018796992841925927,0.0013844132904230443,0.004900149069726467,0.001929132966324687
natural_residual_qat_w4_c1.0_test,quantized,2,3461,mid_block.resnets.1.conv1.weight,18.269794606262092,-3.443687456148636e-05,-0.0005869121567171712,0.003211566791791172,4.0445936949739585e-05,0.00547692942328127,0.00040420724265764654,0.004900149069726467,0.001929132966324687
natural_residual_qat_w4_c1.0_test,quantized,2,3461,mid_block.resnets.1.conv2.weight,12.952656819247032,3.1354146461392586e-05,0.0004763861051489813,0.005081325756564793,1.8512030581138375e-05,0.0015937876074045773,0.000896736308205406,0.004900149069726467,0.001929132966324687
natural_residual_qat_w4_c1.0_test,quantized,2,3461,conv_out.weight,0.1418884838314085,-0.00039240621696792706,-0.03235888043398629,0.0854663671322604,7.98092600514862e-06,0.006139667736214854,0.009161387806266049,0.004900149069726467,0.001929132966324687
natural_residual_qat_w4_c1.0_test,quantized,3,3462,conv_in.weight,1.4668064671658394,5.712779361641254e-06,0.008953055702057918,0.00043501411467879126,4.076171532459609e-06,0.007723142707474202,0.00035982022909060137,6.0791160649387166e-05,0.00020215439144521952
natural_residual_qat_w4_c1.0_test,quantized,3,3462,up_blocks.0.resnets.0.conv1.weight,19.287421713339807,-4.557164350106186e-06,-0.002302662429265727,0.00010261013052083262,1.2675841912610215e-06,0.0014972225263464017,4.3895124514220514e-05,6.0791160649387166e-05,0.00020215439144521952
natural_residual_qat_w4_c1.0_test,quantized,3,3462,up_blocks.0.resnets.0.conv2.weight,14.16452509553955,1.3753717651279549e-06,0.0004896440010562967,0.00019830681904826815,1.925603528606168e-07,9.241035910471183e-05,0.00014711067798290982,6.0791160649387166e-05,0.00020215439144521952
natural_residual_qat_w4_c1.0_test,quantized,3,3462,up_blocks.0.resnets.1.conv1.weight,19.52970611279074,-2.0198430148355397e-06,-0.0010875573384068397,9.509764136344108e-05,3.177595634416345e-06,0.0036825735086481242,4.418262324055448e-05,6.0791160649387166e-05,0.00020215439144521952
natural_residual_qat_w4_c1.0_test,quantized,3,3462,up_blocks.0.resnets.1.conv2.weight,13.265262562306713,-1.875878312657966e-06,-0.0006401762113959207,0.00022089672649058147,1.716522198848355e-06,0.0008098956743021868,0.0001597734063578962,6.0791160649387166e-05,0.00020215439144521952
natural_residual_qat_w4_c1.0_test,quantized,3,3462,up_blocks.0.resnets.2.conv1.weight,20.348645139448184,-7.851012770087625e-06,-0.0033909542347228786,0.00011378060983058124,4.488625151049047e-06,0.004293508513534905,5.1376617968880045e-05,6.0791160649387166e-05,0.00020215439144521952
natural_residual_qat_w4_c1.0_test,quantized,3,3462,up_blocks.0.resnets.2.conv2.weight,13.187807077122415,-2.4747179272823683e-06,-0.0007985614817978145,0.00023498749993750015,1.3390629027615465e-06,0.0005674872086102477,0.0001789255317158816,6.0791160649387166e-05,0.00020215439144521952
natural_residual_qat_w4_c1.0_test,quantized,3,3462,up_blocks.0.upsamplers.0.conv.weight,8.128838296964256,-9.85466399961336e-06,-0.0017733374672644724,0.0006836313130576252,9.314847361878008e-06,0.0020139606861830093,0.0005689790419631887,6.0791160649387166e-05,0.00020215439144521952
natural_residual_qat_w4_c1.0_test,quantized,3,3462,up_blocks.1.resnets.0.conv1.weight,18.978099424940595,-4.297387356171898e-06,-0.0017163094320718454,0.0001319338375715211,7.11192082985585e-06,0.006405811073232491,5.8500566276585504e-05,6.0791160649387166e-05,0.00020215439144521952
natural_residual_qat_w4_c1.0_test,quantized,3,3462,up_blocks.1.resnets.0.conv2.weight,18.8437805259958,-1.61921454224376e-06,-0.0005261719973397523,0.00016330843872591706,6.60699110251933e-06,0.003435540424323867,0.00010205648856054357,6.0791160649387166e-05,0.00020215439144521952
natural_residual_qat_w4_c1.0_test,quantized,3,3462,up_blocks.1.resnets.1.conv1.weight,19.59002266958306,-4.681554621038993e-06,-0.0018730195549328157,0.00012758888573598766,7.374358459833333e-06,0.007407646279592899,5.0817005474434455e-05,6.0791160649387166e-05,0.00020215439144521952
natural_residual_qat_w4_c1.0_test,quantized,3,3462,up_blocks.1.resnets.1.conv2.weight,18.402452272339847,-2.535151069320125e-07,-7.955000853040767e-05,0.0001731760834428196,1.0996452106370768e-05,0.005598460602838267,0.00010673534560325728,6.0791160649387166e-05,0.00020215439144521952
natural_residual_qat_w4_c1.0_test,quantized,3,3462,up_blocks.1.resnets.2.conv1.weight,19.094967787661588,-3.880924746203803e-06,-0.0013314518180294447,0.0001526479008604027,1.2562319666937544e-05,0.010501095123601164,6.264931370749146e-05,6.0791160649387166e-05,0.00020215439144521952
natural_residual_qat_w4_c1.0_test,quantized,3,3462,up_blocks.1.resnets.2.conv2.weight,16.956787651845886,-2.113659075441358e-06,-0.0007711227157122624,0.00016164707868609595,1.1591100064012377e-05,0.005603794208892417,0.00012198288353967465,6.0791160649387166e-05,0.00020215439144521952
natural_residual_qat_w4_c1.0_test,quantized,3,3462,up_blocks.1.upsamplers.0.conv.weight,8.940685900391905,-1.3451213162458222e-05,-0.0024904604944154234,0.0006041029552612024,1.4797817586268812e-05,0.0027474402260243627,0.0006024188866413201,6.0791160649387166e-05,0.00020215439144521952
natural_residual_qat_w4_c1.0_test,quantized,3,3462,up_blocks.2.resnets.0.conv1.weight,12.482666374465488,-1.5376090322082628e-05,-0.007101751163046471,0.0001734495219312346,9.931614334250663e-06,0.010722152441228913,7.420454490706089e-05,6.0791160649387166e-05,0.00020215439144521952
natural_residual_qat_w4_c1.0_test,quantized,3,3462,up_blocks.2.resnets.0.conv2.weight,10.361360741556158,-1.6575725223074285e-05,-0.01135271817489812,0.00014091456604764066,5.537223796327782e-06,0.00516015300432654,0.0001035649269311382,6.0791160649387166e-05,0.00020215439144521952
natural_residual_qat_w4_c1.0_test,quantized,3,3462,up_blocks.2.resnets.0.conv_shortcut.weight,0.918738028179132,-1.3631739376438515e-05,-0.010894556620554724,0.001361915055894376,9.682628339412684e-06,0.006810473557605969,0.0015474771966887183,6.0791160649387166e-05,0.00020215439144521952
natural_residual_qat_w4_c1.0_test,quantized,3,3462,up_blocks.2.resnets.1.conv1.weight,8.251709729421332,-1.887745343415325e-05,-0.014265160622443623,0.0001603698781365857,8.063419227446383e-06,0.014829406305096764,6.589485901343654e-05,6.0791160649387166e-05,0.00020215439144521952
natural_residual_qat_w4_c1.0_test,quantized,3,3462,up_blocks.2.resnets.1.conv2.weight,11.142511038309413,-1.923998570852953e-05,-0.011283863832094718,0.00015302550995233027,7.482594276243856e-06,0.006556201990355087,0.00010242755337295591,6.0791160649387166e-05,0.00020215439144521952
natural_residual_qat_w4_c1.0_test,quantized,3,3462,up_blocks.2.resnets.2.conv1.weight,8.742319039342894,-2.3203160913843764e-05,-0.016533386936993195,0.00016053091111839726,6.159822279931749e-06,0.009349735637317733,7.536022725478163e-05,6.0791160649387166e-05,0.00020215439144521952
natural_residual_qat_w4_c1.0_test,quantized,3,3462,up_blocks.2.resnets.2.conv2.weight,10.489442724141275,-1.0323624676999536e-05,-0.007881869009406137,0.00012486783395406016,6.285118511111437e-06,0.005815933091291688,0.00010302476998429184,6.0791160649387166e-05,0.00020215439144521952
natural_residual_qat_w4_c1.0_test,quantized,3,3462,up_blocks.2.upsamplers.0.conv.weight,4.913005542704116,-1.1036694276269185e-05,-0.00352372847377846,0.0006375134071318901,-4.078863546859298e-06,-0.0010365259786155705,0.0008009616661542314,6.0791160649387166e-05,0.00020215439144521952
natural_residual_qat_w4_c1.0_test,quantized,3,3462,up_blocks.3.resnets.0.conv1.weight,5.879059614377672,-8.24098007397021e-06,-0.009283537984379812,0.00015099323202672003,1.8300880526724069e-06,0.003995144334692267,7.791689686393715e-05,6.0791160649387166e-05,0.00020215439144521952
natural_residual_qat_w4_c1.0_test,quantized,3,3462,up_blocks.3.resnets.0.conv2.weight,6.284256811749258,-4.529224848155032e-06,-0.007938720665778916,9.078611582133544e-05,3.6161164887634245e-06,0.008887601727566249,6.474465231789347e-05,6.0791160649387166e-05,0.00020215439144521952
natural_residual_qat_w4_c1.0_test,quantized,3,3462,up_blocks.3.resnets.0.conv_shortcut.weight,0.731572164781631,-1.039186400478479e-05,-0.011563818813617162,0.0012283864109159152,5.653986481501645e-06,0.006096653375408011,0.0012676696388631153,6.0791160649387166e-05,0.00020215439144521952
natural_residual_qat_w4_c1.0_test,quantized,3,3462,up_blocks.3.resnets.1.conv1.weight,4.181293095386978,-7.97048097500857e-06,-0.010114978569479603,0.0001884555583848275,1.1545143870022157e-06,0.002283647132723417,0.00012090930924204788,6.0791160649387166e-05,0.00020215439144521952
natural_residual_qat_w4_c1.0_test,quantized,3,3462,up_blocks.3.resnets.1.conv2.weight,6.49438087347434,-5.722597547902597e-06,-0.007895554333507191,0.00011160221724782054,1.2606850164551677e-06,0.002572534675713535,7.545840113227953e-05,6.0791160649387166e-05,0.00020215439144521952
natural_residual_qat_w4_c1.0_test,quantized,3,3462,up_blocks.3.resnets.2.conv1.weight,4.403415592042278,-4.907139971972015e-06,-0.004139224585103411,0.0002692277236865816,2.218229466381123e-06,0.0028227408395461013,0.00017846201303575043,6.0791160649387166e-05,0.00020215439144521952
natural_residual_qat_w4_c1.0_test,quantized,3,3462,up_blocks.3.resnets.2.conv2.weight,6.318978735045131,-2.010035508125746e-06,-0.005486439357787849,5.797840349582268e-05,-1.2228512968615885e-06,-0.0031882792107857175,6.069744458132877e-05,6.0791160649387166e-05,0.00020215439144521952
natural_residual_qat_w4_c1.0_test,quantized,3,3462,mid_block.attentions.0.to_q.weight,4.027064855402106,3.6019352321129223e-07,0.0030995747295500357,2.885660029599182e-05,2.0913502049406984e-07,0.00329718761136244,1.5750504892727744e-05,6.0791160649387166e-05,0.00020215439144521952
natural_residual_qat_w4_c1.0_test,quantized,3,3462,mid_block.attentions.0.to_k.weight,4.1156842666003755,3.250820777339408e-07,0.0039615727266551805,1.9938080407443078e-05,1.8469678040430547e-07,0.003847197485192243,1.166467906000991e-05,6.0791160649387166e-05,0.00020215439144521952
natural_residual_qat_w4_c1.0_test,quantized,3,3462,mid_block.attentions.0.to_v.weight,2.7483418786542178,-1.0691724582345344e-06,-0.001963605840135771,0.00019811743297141622,1.2383745498217869e-06,0.003908960822133042,0.0001152709692244302,6.0791160649387166e-05,0.00020215439144521952
natural_residual_qat_w4_c1.0_test,quantized,3,3462,mid_block.attentions.0.to_out.0.weight,2.583016881626913,-2.404998830274385e-06,-0.0038764438185468555,0.0002401895623405953,2.8989870090250314e-07,0.0004154325714258411,0.00027015840328232203,6.0791160649387166e-05,0.00020215439144521952
natural_residual_qat_w4_c1.0_test,quantized,3,3462,mid_block.resnets.0.conv1.weight,19.063155711852,-5.123991338988742e-06,-0.001936198179602097,0.0001388237540119465,1.3556468017802563e-06,0.0010903434477953008,6.522114823698708e-05,6.0791160649387166e-05,0.00020215439144521952
natural_residual_qat_w4_c1.0_test,quantized,3,3462,mid_block.resnets.0.conv2.weight,12.66192871692072,-2.4551109964419006e-06,-0.0006808091048635282,0.000284803886888436,4.218130930935032e-06,0.0015249373145535094,0.00021845812424859594,6.0791160649387166e-05,0.00020215439144521952
natural_residual_qat_w4_c1.0_test,quantized,3,3462,mid_block.resnets.1.conv1.weight,18.269794606262092,2.4423808693524623e-06,0.0012555249974814913,0.00010647664556929919,9.72639029506304e-07,0.001048544396704041,5.077281047769231e-05,6.0791160649387166e-05,0.00020215439144521952
natural_residual_qat_w4_c1.0_test,quantized,3,3462,mid_block.resnets.1.conv2.weight,12.952656819247032,-3.168732108389247e-06,-0.001264804484083819,0.00019342084170354852,1.0973831437974839e-06,0.000582517901313818,0.00014544210441657797,6.0791160649387166e-05,0.00020215439144521952
natural_residual_qat_w4_c1.0_test,quantized,3,3462,conv_out.weight,0.1418884838314085,-4.9622367070367104e-08,-0.00016682173350517914,0.002096417127549224,8.569117882041455e-06,0.024127400582234202,0.002503101350305098,6.0791160649387166e-05,0.00020215439144521952
natural_full_finetune_fp32_test,fp32,0,3459,conv_in.weight,0.4848696679796622,-2.7028494342610086e-05,-0.04986623010101184,0.001117867422682745,9.054964336900894e-05,0.11914942821672257,0.00156736362965637,0.00028447006479837,0.0024492433294653893
natural_full_finetune_fp32_test,fp32,0,3459,conv_in.bias,0.05699609845397876,-1.9483070577338873e-06,-0.3372908825618433,0.0001013462477549264,-4.960570275112447e-06,-0.3941360957372495,0.0002208209471606535,0.00028447006479837,0.0024492433294653893
natural_full_finetune_fp32_test,fp32,0,3459,up_blocks.0.resnets.0.norm1.weight,0.1244284702666298,-3.3749612305498553e-07,-0.06335824911072774,4.2810062241636234e-05,-8.477716310244935e-09,-0.0010776310312996756,6.322502780399587e-05,0.00028447006479837,0.0024492433294653893
natural_full_finetune_fp32_test,fp32,0,3459,up_blocks.0.resnets.0.norm1.bias,0.08422343237826685,-1.7724446112606095e-07,-0.048656614742273556,4.325116860772584e-05,5.140207049869641e-07,0.09152565135584663,6.668142132130183e-05,0.00028447006479837,0.0024492433294653893
natural_full_finetune_fp32_test,fp32,0,3459,up_blocks.0.resnets.0.conv1.weight,7.641154296973767,1.0635478391448721e-05,0.0037194631192686155,0.00037421208037152694,3.7887645118168275e-05,0.012053716082565618,0.0004113558573513146,0.00028447006479837,0.0024492433294653893
natural_full_finetune_fp32_test,fp32,0,3459,up_blocks.0.resnets.0.conv1.bias,0.0411214521742979,-3.219161155343336e-08,-0.05249538361710813,1.4912592886253041e-05,-1.706406901512263e-08,-0.01816466968875879,2.2844762687349745e-05,0.00028447006479837,0.0024492433294653893
natural_full_finetune_fp32_test,fp32,0,3459,up_blocks.0.resnets.0.norm2.weight,0.20688781413908697,-7.617324115988018e-07,-0.09730425927877562,3.783865346188726e-05,-3.2775145963722633e-07,-0.025108418925075864,6.30943335378479e-05,0.00028447006479837,0.0024492433294653893
natural_full_finetune_fp32_test,fp32,0,3459,up_blocks.0.resnets.0.norm2.bias,0.054133247822248015,5.137626367559611e-07,0.08842549581846806,0.0001073299505608429,1.15862539820501e-06,0.14141967556873322,0.0001513453645083557,0.00028447006479837,0.0024492433294653893
natural_full_finetune_fp32_test,fp32,0,3459,up_blocks.0.resnets.0.conv2.weight,8.165277197325338,-5.784750508467952e-06,-0.00135228498700221,0.0005238964715721633,7.144829280486153e-05,0.012476320230401365,0.000701349368019753,0.00028447006479837,0.0024492433294653893
natural_full_finetune_fp32_test,fp32,0,3459,up_blocks.0.resnets.0.conv2.bias,0.0362955011356782,2.654108751933739e-08,0.010147932260452406,7.205902098900598e-05,-6.445760608706337e-11,-1.102841142083455e-05,0.00016103060166698698,0.00028447006479837,0.0024492433294653893
natural_full_finetune_fp32_test,fp32,0,3459,up_blocks.0.resnets.1.norm1.weight,0.11975735964716548,8.648221671644721e-07,0.11798986050877298,6.120401500168707e-05,-1.0789469509865154e-06,-0.09574142478544524,9.410181360232104e-05,0.00028447006479837,0.0024492433294653893
natural_full_finetune_fp32_test,fp32,0,3459,up_blocks.0.resnets.1.norm1.bias,0.06023961441714257,2.2405842532897803e-07,0.05651682253920013,6.581143474838247e-05,-2.0388793311276063e-07,-0.0325094145397075,0.0001041118566811239,0.00028447006479837,0.0024492433294653893
natural_full_finetune_fp32_test,fp32,0,3459,up_blocks.0.resnets.1.conv1.weight,7.791945405127236,-7.449954452937067e-06,-0.0024149223743545724,0.00039591735675235246,5.202370964803547e-05,0.014001560231158573,0.00047684692152234385,0.00028447006479837,0.0024492433294653893
natural_full_finetune_fp32_test,fp32,0,3459,up_blocks.0.resnets.1.conv1.bias,0.04231715806587689,-4.062133524196417e-08,-0.04637351205830958,2.0699874529479865e-05,-7.542088638663349e-08,-0.055948602630850455,3.185560769980408e-05,0.00028447006479837,0.0024492433294653893
natural_full_finetune_fp32_test,fp32,0,3459,up_blocks.0.resnets.1.norm2.weight,0.19755031042829488,-4.82548436250128e-07,-0.04227338192048619,5.778248335040464e-05,-4.171180250108595e-07,-0.02238808880207266,9.431140617317654e-05,0.00028447006479837,0.0024492433294653893
natural_full_finetune_fp32_test,fp32,0,3459,up_blocks.0.resnets.1.norm2.bias,0.05490745787720092,-8.862751508028991e-07,-0.13014973703932567,0.00012402063217677184,-1.3778051647139455e-06,-0.14389611221661386,0.00017438431148352916,0.00028447006479837,0.0024492433294653893
natural_full_finetune_fp32_test,fp32,0,3459,up_blocks.0.resnets.1.conv2.weight,8.048670742880525,-5.863489813950985e-06,-0.0012413685924082367,0.0005868556096852466,7.99138695818845e-05,0.012026799112806323,0.0008255586689066379,0.00028447006479837,0.0024492433294653893
natural_full_finetune_fp32_test,fp32,0,3459,up_blocks.0.resnets.1.conv2.bias,0.03873834871453821,4.17828760407109e-08,0.016139984980648055,6.682732848608052e-05,5.514362279199031e-08,0.009709698235306584,0.00014660489041164483,0.00028447006479837,0.0024492433294653893
natural_full_finetune_fp32_test,fp32,0,3459,up_blocks.0.resnets.2.norm1.weight,0.13798212292334963,4.83994419670982e-07,0.056475290371751724,6.210964676806818e-05,-1.1953801818818911e-06,-0.08065049552332221,0.00010741778402375086,0.00028447006479837,0.0024492433294653893
natural_full_finetune_fp32_test,fp32,0,3459,up_blocks.0.resnets.2.norm1.bias,0.07154787354616439,5.988032988176461e-08,0.012698080813798458,6.590970483913505e-05,-1.8274407096711659e-06,-0.20277724681312342,0.00012595846008374694,0.00028447006479837,0.0024492433294653893
natural_full_finetune_fp32_test,fp32,0,3459,up_blocks.0.resnets.2.conv1.weight,8.294466836589645,-1.0123071974811158e-05,-0.0027094568249889568,0.0004504448383157912,5.344986111960978e-05,0.013041889858398612,0.0004941030990961693,0.00028447006479837,0.0024492433294653893
natural_full_finetune_fp32_test,fp32,0,3459,up_blocks.0.resnets.2.conv1.bias,0.09161167912856798,-6.442239766799422e-08,-0.035036385290041966,2.00708953933061e-05,-1.383967144182572e-07,-0.05003656487673839,3.019169182742152e-05,0.00028447006479837,0.0024492433294653893
natural_full_finetune_fp32_test,fp32,0,3459,up_blocks.0.resnets.2.norm2.weight,0.1660266078952845,-1.5116316399614522e-06,-0.1168114654194465,7.794402097485033e-05,2.361420499541236e-06,0.12553269441013803,0.00011330231503384525,0.00028447006479837,0.0024492433294653893
natural_full_finetune_fp32_test,fp32,0,3459,up_blocks.0.resnets.2.norm2.bias,0.06936851704112881,-1.0197715918168505e-06,-0.09771900094053992,0.0001504393613390751,-8.448343132858947e-08,-0.006304897497773378,0.00019316618557005042,0.00028447006479837,0.0024492433294653893
natural_full_finetune_fp32_test,fp32,0,3459,up_blocks.0.resnets.2.conv2.weight,7.429688065205016,-1.6452289987713451e-06,-0.0003401476561133773,0.000651010948962329,9.494523334775627e-05,0.01545644391020155,0.0008267857897521462,0.00028447006479837,0.0024492433294653893
natural_full_finetune_fp32_test,fp32,0,3459,up_blocks.0.resnets.2.conv2.bias,0.041788357118447556,-2.365035587062963e-08,-0.008163042255417266,6.933145874822335e-05,-1.2522750339529594e-07,-0.02095349270490419,0.0001430171105948758,0.00028447006479837,0.0024492433294653893
natural_full_finetune_fp32_test,fp32,0,3459,up_blocks.0.upsamplers.0.conv.weight,8.288149897909044,-7.763977505030359e-05,-0.004516363023629485,0.0020741388599815162,0.0003112034656705282,0.017211868321598222,0.0021815180608863384,0.00028447006479837,0.0024492433294653893
natural_full_finetune_fp32_test,fp32,0,3459,up_blocks.0.upsamplers.0.conv.bias,0.04511538283197228,2.7725796948163275e-08,0.019170684604111293,3.2056918207074e-05,-1.2587418269837638e-08,-0.007821020274388272,3.567373690122534e-05,0.00028447006479837,0.0024492433294653893
natural_full_finetune_fp32_test,fp32,0,3459,up_blocks.1.resnets.0.norm1.weight,0.1337701761082409,1.9485499911916372e-07,0.020352820584007555,7.156944499138069e-05,-7.659736514248277e-07,-0.0711092313579777,8.052459470658113e-05,0.00028447006479837,0.0024492433294653893
natural_full_finetune_fp32_test,fp32,0,3459,up_blocks.1.resnets.0.norm1.bias,0.10355443976185573,3.4644378991691285e-07,0.04547884280922457,7.356219029520446e-05,2.0192628884530933e-07,0.029422515132489387,6.627417729120096e-05,0.00028447006479837,0.0024492433294653893
natural_full_finetune_fp32_test,fp32,0,3459,up_blocks.1.resnets.0.conv1.weight,7.9434960487217525,-4.289147438767998e-06,-0.0009996740151379877,0.0005401332191175608,8.126220611976776e-05,0.019093173724933982,0.0005357951776281203,0.00028447006479837,0.0024492433294653893
natural_full_finetune_fp32_test,fp32,0,3459,up_blocks.1.resnets.0.conv1.bias,0.049588409707641175,-9.939495248102187e-08,-0.07523819502531391,2.6640709167736588e-05,2.0210235785051165e-08,0.017719485211022963,2.3000649449093733e-05,0.00028447006479837,0.0024492433294653893
natural_full_finetune_fp32_test,fp32,0,3459,up_blocks.1.resnets.0.norm2.weight,0.10159606545424404,-2.8704968423448666e-07,-0.036804226745778476,7.676839954387774e-05,1.3746147250020653e-07,0.01862688855607471,7.263798469467591e-05,0.00028447006479837,0.0024492433294653893
natural_full_finetune_fp32_test,fp32,0,3459,up_blocks.1.resnets.0.norm2.bias,0.09328230440667432,6.659604063451615e-08,0.009152787025453206,7.800021261270001e-05,2.7270161133301563e-07,0.04177763022026367,6.997527861691592e-05,0.00028447006479837,0.0024492433294653893
natural_full_finetune_fp32_test,fp32,0,3459,up_blocks.1.resnets.0.conv2.weight,8.135956806676786,-7.130196196420671e-05,-0.01379407068368718,0.0006353315153034215,9.927667834692838e-05,0.022002369442135867,0.0005545863178653724,0.00028447006479837,0.0024492433294653893
natural_full_finetune_fp32_test,fp32,0,3459,up_blocks.1.resnets.0.conv2.bias,0.042666211019209394,-8.924900315609161e-08,-0.07454963196502316,2.8059103648379396e-05,2.3065292948385745e-08,0.015629398133267594,3.458857289632834e-05,0.00028447006479837,0.0024492433294653893
natural_full_finetune_fp32_test,fp32,0,3459,up_blocks.1.resnets.1.norm1.weight,0.11377229905578384,1.2009129000915378e-06,0.14758722141451625,7.15197881463231e-05,9.864078172017568e-07,0.13158032485131907,6.589144274835772e-05,0.00028447006479837,0.0024492433294653893
natural_full_finetune_fp32_test,fp32,0,3459,up_blocks.1.resnets.1.norm1.bias,0.07505300729740838,2.8795336197190397e-07,0.049940758109521685,7.682435524010595e-05,1.0576005839422694e-07,0.022986694435673492,6.130234113372525e-05,0.00028447006479837,0.0024492433294653893
natural_full_finetune_fp32_test,fp32,0,3459,up_blocks.1.resnets.1.conv1.weight,8.466050395031465,-4.7165296554885534e-05,-0.009831534232975683,0.0005666572170086945,7.040235050152545e-05,0.016766717340845276,0.0004959732649322379,0.00028447006479837,0.0024492433294653893
natural_full_finetune_fp32_test,fp32,0,3459,up_blocks.1.resnets.1.conv1.bias,0.06778922094383573,-1.342582803797453e-07,-0.06761673688240577,2.9290462487936974e-05,2.96621894534161e-08,0.01846137193963917,2.3701650481239794e-05,0.00028447006479837,0.0024492433294653893
natural_full_finetune_fp32_test,fp32,0,3459,up_blocks.1.resnets.1.norm2.weight,0.1220904600306943,6.461495107124427e-08,0.0069350795438205964,7.631323127605976e-05,2.7908850385313647e-08,0.003183402365218005,7.180731413076026e-05,0.00028447006479837,0.0024492433294653893
natural_full_finetune_fp32_test,fp32,0,3459,up_blocks.1.resnets.1.norm2.bias,0.12416200218741541,1.1528471981183082e-07,0.013683420819987172,6.78560160285785e-05,6.435270320835298e-08,0.009099712040916674,5.6957436948872345e-05,0.00028447006479837,0.0024492433294653893
natural_full_finetune_fp32_test,fp32,0,3459,up_blocks.1.resnets.1.conv2.weight,8.219017102038638,-9.522712895952576e-05,-0.018368938875495507,0.0006307492425954433,8.506134612690911e-05,0.019079190953794147,0.0005424408808372148,0.00028447006479837,0.0024492433294653893
natural_full_finetune_fp32_test,fp32,0,3459,up_blocks.1.resnets.1.conv2.bias,0.046613103431377985,-1.2941532221397056e-07,-0.12540889572883668,2.213855830830083e-05,1.0470801709481089e-08,0.00695875014507771,3.2280531239848704e-05,0.00028447006479837,0.0024492433294653893
natural_full_finetune_fp32_test,fp32,0,3459,up_blocks.1.resnets.2.norm1.weight,0.11952709468028114,-2.6885636787667496e-07,-0.023546668320855023,9.552663893259727e-05,-1.280966516681376e-07,-0.011070098175639717,9.680993801150652e-05,0.00028447006479837,0.0024492433294653893
natural_full_finetune_fp32_test,fp32,0,3459,up_blocks.1.resnets.2.norm1.bias,0.07140949852579836,-6.611977910321081e-08,-0.01021068118084231,9.068191748458355e-05,-6.469147908451387e-08,-0.010029920948174606,9.03220087074934e-05,0.00028447006479837,0.0024492433294653893
natural_full_finetune_fp32_test,fp32,0,3459,up_blocks.1.resnets.2.conv1.weight,8.376085012277327,-0.00012143582598436105,-0.019728339694445172,0.000734877951342748,8.047979464457105e-05,0.01636318728000908,0.0005871889605421351,0.00028447006479837,0.0024492433294653893
natural_full_finetune_fp32_test,fp32,0,3459,up_blocks.1.resnets.2.conv1.bias,0.059358675005945834,-2.2851589997766585e-07,-0.1248884186465076,3.082549495750028e-05,-8.465613068256113e-08,-0.04868804111269382,2.92921948740591e-05,0.00028447006479837,0.0024492433294653893
natural_full_finetune_fp32_test,fp32,0,3459,up_blocks.1.resnets.2.norm2.weight,0.12179133240475169,1.747184198110961e-07,0.015358213509848598,9.340747032965126e-05,1.8054507117375925e-07,0.01544708290657579,9.596718981368532e-05,0.00028447006479837,0.0024492433294653893
natural_full_finetune_fp32_test,fp32,0,3459,up_blocks.1.resnets.2.norm2.bias,0.10503710350238456,1.1496092348408651e-07,0.01512025472894018,7.238497003377133e-05,1.0397629414420965e-07,0.014193726657212736,6.974212244761121e-05,0.00028447006479837,0.0024492433294653893
natural_full_finetune_fp32_test,fp32,0,3459,up_blocks.1.resnets.2.conv2.weight,7.908477385796403,-0.00012539069526875543,-0.02577573306013041,0.0006151222095876161,8.628208197797118e-05,0.020663752326360557,0.0005279813123431505,0.00028447006479837,0.0024492433294653893
natural_full_finetune_fp32_test,fp32,0,3459,up_blocks.1.resnets.2.conv2.bias,0.04915141763407579,-6.612393866091427e-08,-0.07741511717519962,1.7377883864299482e-05,-2.290157651672355e-09,-0.0015541503118401078,2.99803232702566e-05,0.00028447006479837,0.0024492433294653893
natural_full_finetune_fp32_test,fp32,0,3459,up_blocks.1.upsamplers.0.conv.weight,8.157842140655317,-0.0002902897546128286,-0.019034243013343704,0.001869479905236725,0.0003086269800448903,0.023658812388621334,0.0015990632843079478,0.00028447006479837,0.0024492433294653893
natural_full_finetune_fp32_test,fp32,0,3459,up_blocks.1.upsamplers.0.conv.bias,0.04879880285852507,-1.807750588125097e-08,-0.06023324346240235,6.150254588903949e-06,1.3874479876557733e-08,0.03866575518337044,7.35327903720726e-06,0.00028447006479837,0.0024492433294653893
natural_full_finetune_fp32_test,fp32,0,3459,up_blocks.2.resnets.0.norm1.weight,0.13347992145980123,-1.2204691739234805e-06,-0.10104858673367759,9.048584124666572e-05,1.0613677326874074e-06,0.08233040993234048,9.658054682261361e-05,0.00028447006479837,0.0024492433294653893
natural_full_finetune_fp32_test,fp32,0,3459,up_blocks.2.resnets.0.norm1.bias,0.1055244882378484,-4.990972689619224e-07,-0.06687720974418146,7.072187945380121e-05,1.1394971390049272e-07,0.019623735827875674,5.502731161317824e-05,0.00028447006479837,0.0024492433294653893
natural_full_finetune_fp32_test,fp32,0,3459,up_blocks.2.resnets.0.conv1.weight,5.735075686283302,-0.00016089783800745603,-0.044325947477919354,0.0006329261323804856,8.348575543880268e-05,0.031265422221288704,0.00046559566669998105,0.00028447006479837,0.0024492433294653893
natural_full_finetune_fp32_test,fp32,0,3459,up_blocks.2.resnets.0.conv1.bias,0.04635998589119099,-1.2880658597382835e-07,-0.1447193220725318,1.9198542292269173e-05,4.537543769227427e-08,0.06818409641097353,1.4354710645118527e-05,0.00028447006479837,0.0024492433294653893
natural_full_finetune_fp32_test,fp32,0,3459,up_blocks.2.resnets.0.norm2.weight,0.1011837376588819,-2.941163688509894e-07,-0.04365482759356008,6.658496874774118e-05,-3.6469736202108153e-07,-0.05108502060480472,7.05550869040004e-05,0.00028447006479837,0.0024492433294653893
natural_full_finetune_fp32_test,fp32,0,3459,up_blocks.2.resnets.0.norm2.bias,0.060878838857090244,-2.7945643886343223e-07,-0.08504622313114342,5.397500962283899e-05,3.7537513024388904e-07,0.15460944031221413,3.988073257558734e-05,0.00028447006479837,0.0024492433294653893
natural_full_finetune_fp32_test,fp32,0,3459,up_blocks.2.resnets.0.conv2.weight,3.6556176849127233,-0.00011405733817080493,-0.058924422762611,0.0005295014156202145,2.0473945889161358e-05,0.015590867977021314,0.00035922825406540376,0.00028447006479837,0.0024492433294653893
natural_full_finetune_fp32_test,fp32,0,3459,up_blocks.2.resnets.0.conv2.bias,0.03955287514305909,-4.341670534451211e-08,-0.10832591273650505,1.0133196134748868e-05,3.887503426250805e-08,0.07034490960757052,1.3972047407965894e-05,0.00028447006479837,0.0024492433294653893
natural_full_finetune_fp32_test,fp32,0,3459,up_blocks.2.resnets.0.conv_shortcut.weight,1.3904388579217892,-0.0004340222609120134,-0.054220498156235426,0.005757004981921907,0.0002100712332801811,0.0374690142665419,0.004032203302207935,0.00028447006479837,0.0024492433294653893
natural_full_finetune_fp32_test,fp32,0,3459,up_blocks.2.resnets.0.conv_shortcut.bias,0.03955292548814796,-4.341793623741444e-08,-0.10832884596229843,1.0133196134748868e-05,3.887439190471989e-08,0.07034365771500956,1.3972047407965894e-05,0.00028447006479837,0.0024492433294653893
natural_full_finetune_fp32_test,fp32,0,3459,up_blocks.2.resnets.1.norm1.weight,0.1001080017802537,-8.514700946438589e-07,-0.1492032382503527,5.700623484271213e-05,2.3336673032954423e-07,0.05059894062154789,4.607111515715229e-05,0.00028447006479837,0.0024492433294653893
natural_full_finetune_fp32_test,fp32,0,3459,up_blocks.2.resnets.1.norm1.bias,0.07134910659217164,-4.591478934892361e-07,-0.14331138649018882,4.49038273173186e-05,1.6335067950618752e-07,0.0711840599034802,3.216248910577571e-05,0.00028447006479837,0.0024492433294653893
natural_full_finetune_fp32_test,fp32,0,3459,up_blocks.2.resnets.1.conv1.weight,3.9395394764095406,-0.000118517760318538,-0.052257835876384454,0.0005756871804010179,3.093902243810932e-05,0.01799047992665525,0.0004365343083292069,0.00028447006479837,0.0024492433294653893
natural_full_finetune_fp32_test,fp32,0,3459,up_blocks.2.resnets.1.conv1.bias,0.05072558262453678,-2.920650000760872e-07,-0.19520887035392956,2.949530719495652e-05,3.9541976036730747e-08,0.04121032278073396,1.8915825913809797e-05,0.00028447006479837,0.0024492433294653893
natural_full_finetune_fp32_test,fp32,0,3459,up_blocks.2.resnets.1.norm2.weight,0.09108537490472955,-5.838058484108341e-09,-0.0016253420211278045,3.943438094277974e-05,7.016761936269661e-07,0.2354287412777203,3.2721153953219036e-05,0.00028447006479837,0.0024492433294653893
natural_full_finetune_fp32_test,fp32,0,3459,up_blocks.2.resnets.1.norm2.bias,0.07881958717446078,-3.0096882235618544e-07,-0.12185773669776524,3.133532803595328e-05,3.003938373650293e-07,0.1647992127630296,2.312606437064166e-05,0.00028447006479837,0.0024492433294653893
natural_full_finetune_fp32_test,fp32,0,3459,up_blocks.2.resnets.1.conv2.weight,3.6188057018046034,-0.00012257651067660083,-0.06444716405199995,0.0005255792091920904,1.4744906334689985e-05,0.012013784678990688,0.0003391539724733444,0.00028447006479837,0.0024492433294653893
natural_full_finetune_fp32_test,fp32,0,3459,up_blocks.2.resnets.1.conv2.bias,0.03306269872584046,-1.1915033698969406e-08,-0.0409001255592923,8.811144710938422e-06,5.4264037580657024e-08,0.12008269785440921,1.3667634884734444e-05,0.00028447006479837,0.0024492433294653893
natural_full_finetune_fp32_test,fp32,0,3459,up_blocks.2.resnets.2.norm1.weight,0.09756120090397852,-4.1806002003519326e-07,-0.057652428241293255,7.432653646398351e-05,-2.595590922565496e-07,-0.02923896378151915,9.099072633922749e-05,0.00028447006479837,0.0024492433294653893
natural_full_finetune_fp32_test,fp32,0,3459,up_blocks.2.resnets.2.norm1.bias,0.07005199317041277,-2.2195530246413055e-07,-0.0460205509872512,6.88482988700798e-05,5.637863902687474e-07,0.1437490362204372,5.598725172562563e-05,0.00028447006479837,0.0024492433294653893
natural_full_finetune_fp32_test,fp32,0,3459,up_blocks.2.resnets.2.conv1.weight,3.8684244483153747,-0.0001714180578963693,-0.061589409742987294,0.0007194761617095904,4.886657603058277e-06,0.002360111524941855,0.0005352359367254458,0.00028447006479837,0.0024492433294653893
natural_full_finetune_fp32_test,fp32,0,3459,up_blocks.2.resnets.2.conv1.bias,0.05017014175809355,1.1524002571654018e-07,0.062080029955414714,3.700037286047479e-05,2.1788477773112536e-07,0.20340939483836673,2.1350623093403243e-05,0.00028447006479837,0.0024492433294653893
natural_full_finetune_fp32_test,fp32,0,3459,up_blocks.2.resnets.2.norm2.weight,0.0976116887777321,-9.935656547581104e-07,-0.11680047734123643,8.714653547326346e-05,-4.187245174452064e-06,-0.10144105495000234,0.00042287577538731254,0.00028447006479837,0.0024492433294653893
natural_full_finetune_fp32_test,fp32,0,3459,up_blocks.2.resnets.2.norm2.bias,0.06721548944155421,5.11180706065787e-08,0.016897074362335462,4.500839981930804e-05,2.1914199344503634e-07,0.0720863779909557,4.5227547434209826e-05,0.00028447006479837,0.0024492433294653893
natural_full_finetune_fp32_test,fp32,0,3459,up_blocks.2.resnets.2.conv2.weight,3.5405540665598147,-0.00010258244470511923,-0.058328484831401024,0.0004967308337218562,-4.835897052254805e-05,-0.03414711639909162,0.000399992438288924,0.00028447006479837,0.0024492433294653893
natural_full_finetune_fp32_test,fp32,0,3459,up_blocks.2.resnets.2.conv2.bias,0.04156434568233376,4.089348616156255e-08,0.16493918654048795,5.9649847706426245e-06,7.361726140636309e-08,0.13114193261495358,1.3505700973127725e-05,0.00028447006479837,0.0024492433294653893
natural_full_finetune_fp32_test,fp32,0,3459,up_blocks.2.upsamplers.0.conv.weight,3.1700347317301634,-0.00028650050845426846,-0.04190612840970145,0.002156670694920415,9.750208880568659e-05,0.01637558346204906,0.0018782487843737423,0.00028447006479837,0.0024492433294653893
natural_full_finetune_fp32_test,fp32,0,3459,up_blocks.2.upsamplers.0.conv.bias,0.04296048876056239,-6.094719829395386e-10,-0.004846206220014996,2.927403864438231e-06,1.2607355377059644e-08,0.053341688731335254,5.501587447711276e-06,0.00028447006479837,0.0024492433294653893
natural_full_finetune_fp32_test,fp32,0,3459,up_blocks.3.resnets.0.norm1.weight,0.10128237187721012,-1.1158698697715899e-06,-0.13657634150310094,8.066854296773906e-05,-1.2779209987615184e-06,-0.11256233152242094,0.00011209263104679507,0.00028447006479837,0.0024492433294653893
natural_full_finetune_fp32_test,fp32,0,3459,up_blocks.3.resnets.0.norm1.bias,0.06514436805747784,-1.5978633611088707e-07,-0.03857111907566467,6.359171295885143e-05,-1.1430443850686098e-07,-0.022501923298835647,7.79770101477857e-05,0.00028447006479837,0.0024492433294653893
natural_full_finetune_fp32_test,fp32,0,3459,up_blocks.3.resnets.0.conv1.weight,2.3992453659135955,-7.536434987533342e-05,-0.055708875454942804,0.0005638543050150122,-3.201796304430124e-06,-0.003352963881072652,0.00039800649493473606,0.00028447006479837,0.0024492433294653893
natural_full_finetune_fp32_test,fp32,0,3459,up_blocks.3.resnets.0.conv1.bias,0.03374502759876314,9.150889121115818e-08,0.10919123515591624,2.483508934862414e-05,9.757223725821296e-08,0.14342845537438492,2.015956487732383e-05,0.00028447006479837,0.0024492433294653893
natural_full_finetune_fp32_test,fp32,0,3459,up_blocks.3.resnets.0.norm2.weight,0.11135496403521689,-1.0903330236548774e-06,-0.27723419989915543,3.531854304300178e-05,-6.220551545815953e-06,-0.5181200387875974,0.00010781741666574385,0.00028447006479837,0.0024492433294653893
natural_full_finetune_fp32_test,fp32,0,3459,up_blocks.3.resnets.0.norm2.bias,0.05391550989470895,2.7551834853675605e-08,0.015244243604012235,3.352207779265881e-05,-4.098017176677838e-07,-0.20567837170674486,3.695484900426929e-05,0.00028447006479837,0.0024492433294653893
natural_full_finetune_fp32_test,fp32,0,3459,up_blocks.3.resnets.0.conv2.weight,1.7615356453543558,-4.82334365713211e-05,-0.12561249652656356,0.00021798365136155976,-6.753322985355122e-05,-0.16350039151048024,0.00023448080055441756,0.00028447006479837,0.0024492433294653893
natural_full_finetune_fp32_test,fp32,0,3459,up_blocks.3.resnets.0.conv2.bias,0.028470161742754036,-4.1404533278630667e-08,-0.3057065633565291,4.7572195635519486e-06,-1.8355029872728632e-08,-0.07667225216974728,8.408662874385746e-06,0.00028447006479837,0.0024492433294653893
natural_full_finetune_fp32_test,fp32,0,3459,up_blocks.3.resnets.0.conv_shortcut.weight,0.5481565091330547,-0.00017921139711064168,-0.08542766630627247,0.003827035646615864,-9.656519008355519e-05,-0.04888772399437333,0.003603430957926441,0.00028447006479837,0.0024492433294653893
natural_full_finetune_fp32_test,fp32,0,3459,up_blocks.3.resnets.0.conv_shortcut.bias,0.028470235538946915,-4.1404902490227565e-08,-0.3057084969835051,4.7572195635519486e-06,-1.835454645695621e-08,-0.07667003412249575,8.408662874385746e-06,0.00028447006479837,0.0024492433294653893
natural_full_finetune_fp32_test,fp32,0,3459,up_blocks.3.resnets.1.norm1.weight,0.08482027445231834,2.393382319814294e-07,0.049945781367883926,5.649546575845244e-05,-1.1166360994664532e-06,-0.11675619085801575,0.00011275402989854025,0.00028447006479837,0.0024492433294653893
natural_full_finetune_fp32_test,fp32,0,3459,up_blocks.3.resnets.1.norm1.bias,0.041077779780777764,-4.684076309438192e-08,-0.010652405149889894,0.00010704572390443721,-4.1536171556755576e-07,-0.11239676927185785,8.996336141746874e-05,0.00028447006479837,0.0024492433294653893
natural_full_finetune_fp32_test,fp32,0,3459,up_blocks.3.resnets.1.conv1.weight,1.6791381480180787,-3.932000886811281e-05,-0.041761436848719656,0.0005607273581955432,-2.106243028441996e-05,-0.029155734460784868,0.0004302274001905735,0.00028447006479837,0.0024492433294653893
natural_full_finetune_fp32_test,fp32,0,3459,up_blocks.3.resnets.1.conv1.bias,0.04046036856189261,1.689529919102567e-08,0.004624390412541772,9.029871294940018e-05,-7.659441328279888e-08,-0.039500296784472415,4.792552737410091e-05,0.00028447006479837,0.0024492433294653893
natural_full_finetune_fp32_test,fp32,0,3459,up_blocks.3.resnets.1.norm2.weight,0.10716247762478864,-6.963968253627976e-07,-0.1827678507262681,3.555610924191411e-05,-2.396947927346415e-06,-0.4693623664842261,4.765490282896591e-05,0.00028447006479837,0.0024492433294653893
natural_full_finetune_fp32_test,fp32,0,3459,up_blocks.3.resnets.1.norm2.bias,0.06736571382690573,-1.1692578593530081e-07,-0.06153323009396709,2.820730979938495e-05,-4.429417101974365e-07,-0.26509595891607757,2.4803019494361274e-05,0.00028447006479837,0.0024492433294653893
natural_full_finetune_fp32_test,fp32,0,3459,up_blocks.3.resnets.1.conv2.weight,1.6226096006125352,-4.0752671341283264e-05,-0.10316997663237931,0.0002434381890404572,-6.195239850588727e-05,-0.14379502523611148,0.0002655218236667811,0.00028447006479837,0.0024492433294653893
natural_full_finetune_fp32_test,fp32,0,3459,up_blocks.3.resnets.1.conv2.bias,0.025430732179776875,-3.4033495489667014e-08,-0.3022072263556088,4.428359268063532e-06,-3.080484633835175e-08,-0.14193853876822202,8.53414176071065e-06,0.00028447006479837,0.0024492433294653893
natural_full_finetune_fp32_test,fp32,0,3459,up_blocks.3.resnets.2.norm1.weight,0.05985026816993514,-5.65865057738748e-07,-0.07648854009345947,0.0001236090886720284,-3.1589314848898697e-06,-0.1800126032485009,0.0002932048793269851,0.00028447006479837,0.0024492433294653893
natural_full_finetune_fp32_test,fp32,0,3459,up_blocks.3.resnets.2.norm1.bias,0.03416275530215854,-2.120563059632465e-06,-0.327705533505458,0.0001894150690650505,-1.0533229911344083e-05,-0.5262071171613503,0.000585938393090061,0.00028447006479837,0.0024492433294653893
natural_full_finetune_fp32_test,fp32,0,3459,up_blocks.3.resnets.2.conv1.weight,1.6440285339186496,-6.13724260904529e-05,-0.05483874025788975,0.0006807324771437107,-6.873979484811012e-05,-0.05272786532460544,0.0007929735315509352,0.00028447006479837,0.0024492433294653893
natural_full_finetune_fp32_test,fp32,0,3459,up_blocks.3.resnets.2.conv1.bias,0.035895471614302725,-3.833433174776092e-07,-0.11126041720464058,9.598592381673831e-05,-1.8016008318200486e-06,-0.3198821963158415,0.0001569021305184042,0.00028447006479837,0.0024492433294653893
natural_full_finetune_fp32_test,fp32,0,3459,up_blocks.3.resnets.2.norm2.weight,0.11041402375764235,-1.1317434919721944e-06,-0.23013635032350202,4.453880365881357e-05,-4.236005466590389e-06,-0.4641840344681377,8.264985121173033e-05,0.00028447006479837,0.0024492433294653893
natural_full_finetune_fp32_test,fp32,0,3459,up_blocks.3.resnets.2.norm2.bias,0.07255395298038138,-5.242039098100909e-07,-0.20442796356013412,3.53426308231438e-05,-3.0587738653144116e-06,-0.5923336960340626,7.117375066949062e-05,0.00028447006479837,0.0024492433294653893
natural_full_finetune_fp32_test,fp32,0,3459,up_blocks.3.resnets.2.conv2.weight,1.792806442226171,-3.853243878046357e-05,-0.10453181415635884,0.00020561017622155756,-4.725481296917076e-05,-0.15517726124537737,0.00016985743510903453,0.00028447006479837,0.0024492433294653893
natural_full_finetune_fp32_test,fp32,0,3459,up_blocks.3.resnets.2.conv2.bias,0.040349708398116,-1.1397929510087027e-08,-0.10750982767463535,2.627467788888022e-06,-8.726235767172879e-08,-0.2827091124911382,7.649741063817464e-06,0.00028447006479837,0.0024492433294653893
natural_full_finetune_fp32_test,fp32,0,3459,mid_block.attentions.0.group_norm.weight,0.35647809625715937,5.665783012432437e-08,0.0028343180191479503,5.607619151116847e-05,-1.703980173324335e-06,-0.06978977877902075,6.849200278736075e-05,0.00028447006479837,0.0024492433294653893
natural_full_finetune_fp32_test,fp32,0,3459,mid_block.attentions.0.group_norm.bias,0.06731483719432396,-8.210227692551531e-08,-0.016020803987925727,7.613074764168138e-05,9.993045443489613e-07,0.1264164245209716,0.00011743121646713031,0.00028447006479837,0.0024492433294653893
natural_full_finetune_fp32_test,fp32,0,3459,mid_block.attentions.0.to_q.weight,2.531763729425158,1.4858804133791464e-06,0.004420529513656725,0.00013276585287617964,5.1548389967209036e-06,0.014233217857058878,0.00014305032035456366,0.00028447006479837,0.0024492433294653893
natural_full_finetune_fp32_test,fp32,0,3459,mid_block.attentions.0.to_q.bias,0.1020284812436708,-2.8097044420433704e-07,-0.3568026353241751,7.718113532906102e-06,3.3186634272629024e-07,0.2651129532551478,1.2269047270393268e-05,0.00028447006479837,0.0024492433294653893
natural_full_finetune_fp32_test,fp32,0,3459,mid_block.attentions.0.to_k.weight,2.507266040440629,-5.5243448609511006e-06,-0.017476945223031427,0.00012607089570180249,4.707563912767879e-06,0.014650414777030253,0.0001281580486300397,0.00028447006479837,0.0024492433294653893
natural_full_finetune_fp32_test,fp32,0,3459,mid_block.attentions.0.to_k.bias,4.815356751763761e-05,1.1982858296564337e-16,0.32577261306203736,7.638663596364014e-12,-1.5616854602392627e-17,-0.09036797183486801,3.5888108038867856e-12,0.00028447006479837,0.0024492433294653893
natural_full_finetune_fp32_test,fp32,0,3459,mid_block.attentions.0.to_v.weight,1.9394181435094502,-5.190852421097105e-06,-0.00623988081524444,0.0004289344549193339,2.454315724140389e-05,0.02286500789090561,0.0005534617602848041,0.00028447006479837,0.0024492433294653893
natural_full_finetune_fp32_test,fp32,0,3459,mid_block.attentions.0.to_v.bias,0.03545606978002248,8.112028405566094e-08,0.04847308369266234,4.719958937238435e-05,2.3684252957396245e-07,0.09956792435744985,6.708874128375007e-05,0.00028447006479837,0.0024492433294653893
natural_full_finetune_fp32_test,fp32,0,3459,mid_block.attentions.0.to_out.0.weight,2.522673807234889,-4.07459484614553e-06,-0.004117779808927366,0.0003922475266498335,3.2747752785916824e-05,0.01666548765765194,0.0007789370813529263,0.00028447006479837,0.0024492433294653893
natural_full_finetune_fp32_test,fp32,0,3459,mid_block.attentions.0.to_out.0.bias,0.04774315658515904,-2.349129736938232e-08,-0.006590368745840764,7.465968582931217e-05,-2.4959900752774177e-07,-0.03252884789651284,0.00016071745364192163,0.00028447006479837,0.0024492433294653893
natural_full_finetune_fp32_test,fp32,0,3459,mid_block.resnets.0.norm1.weight,0.09001808099663967,-3.8142976087601786e-07,-0.095752792480351,4.4252048212968275e-05,-1.5467270900823923e-06,-0.1739912591630821,9.875441269104748e-05,0.00028447006479837,0.0024492433294653893
natural_full_finetune_fp32_test,fp32,0,3459,mid_block.resnets.0.norm1.bias,0.0781070835620732,-9.348560989637292e-07,-0.23863878164369445,5.0154894429360716e-05,-2.149724184534596e-06,-0.24424608077476476,0.00011268463872726392,0.00028447006479837,0.0024492433294653893
natural_full_finetune_fp32_test,fp32,0,3459,mid_block.resnets.0.conv1.weight,7.110649508650785,1.2290053689290416e-05,0.003923966977463596,0.0004404728697796787,4.269926992819562e-05,0.010759421772577273,0.0005581131366139974,0.00028447006479837,0.0024492433294653893
natural_full_finetune_fp32_test,fp32,0,3459,mid_block.resnets.0.conv1.bias,0.05284019947156628,-5.152135149003702e-10,-0.0007681161200096449,1.2693924732118157e-05,1.7321053591131562e-08,0.016386854259784367,2.0003881158039094e-05,0.00028447006479837,0.0024492433294653893
natural_full_finetune_fp32_test,fp32,0,3459,mid_block.resnets.0.norm2.weight,0.1888527843453194,2.7482418488592166e-07,0.015426791481924756,9.433132766673964e-05,-1.2967734493468877e-06,-0.03804897075401815,0.00018046700230881792,0.00028447006479837,0.0024492433294653893
natural_full_finetune_fp32_test,fp32,0,3459,mid_block.resnets.0.norm2.bias,0.06044888583380577,-1.6756487195787966e-06,-0.17228196461371426,0.0001608995623713254,-1.335885203173191e-06,-0.0850458658949717,0.00025985293807608017,0.00028447006479837,0.0024492433294653893
natural_full_finetune_fp32_test,fp32,0,3459,mid_block.resnets.0.conv2.weight,7.897858228608481,-1.596503561469377e-05,-0.002351651427318067,0.0008595825867268009,9.91314309704929e-05,0.011411460540232668,0.0010999192652224388,0.00028447006479837,0.0024492433294653893
natural_full_finetune_fp32_test,fp32,0,3459,mid_block.resnets.0.conv2.bias,0.03831969156313472,-7.728942062882453e-08,-0.0247109081589335,8.162239622867945e-05,-3.498807903459526e-07,-0.0544871295369523,0.00016757304635611365,0.00028447006479837,0.0024492433294653893
natural_full_finetune_fp32_test,fp32,0,3459,mid_block.resnets.1.norm1.weight,0.13335593697331052,-3.310905667561828e-09,-0.0007519481714134855,3.301767927281822e-05,-3.027523738823118e-07,-0.03841854524438527,5.909276155509196e-05,0.00028447006479837,0.0024492433294653893
natural_full_finetune_fp32_test,fp32,0,3459,mid_block.resnets.1.norm1.bias,0.08964963116647515,-1.6986052607315963e-07,-0.05687284762734291,3.3314936031268825e-05,9.183374741379347e-08,0.018772513323601747,5.456716342236123e-05,0.00028447006479837,0.0024492433294653893
natural_full_finetune_fp32_test,fp32,0,3459,mid_block.resnets.1.conv1.weight,7.686873163439891,1.0585664214253853e-05,0.0044557653688329845,0.0003090623374581565,5.053349164394004e-05,0.01932093691744788,0.00034025256630721025,0.00028447006479837,0.0024492433294653893
natural_full_finetune_fp32_test,fp32,0,3459,mid_block.resnets.1.conv1.bias,0.053665781505775924,-4.594256611293416e-09,-0.007541461106621293,1.135173633343089e-05,2.103494232799525e-08,0.027220592766903022,1.439946276544341e-05,0.00028447006479837,0.0024492433294653893
natural_full_finetune_fp32_test,fp32,0,3459,mid_block.resnets.1.norm2.weight,0.17747435905330833,1.3989662515927384e-07,0.01658834627165422,4.751913526905693e-05,-1.6102385247136609e-06,-0.12712096754924007,7.137356780779146e-05,0.00028447006479837,0.0024492433294653893
natural_full_finetune_fp32_test,fp32,0,3459,mid_block.resnets.1.norm2.bias,0.052733571806742485,8.324084421967147e-08,0.013241597177170621,0.00011920896453025023,-4.1498898328512283e-07,-0.04363604076294214,0.00018034497270731057,0.00028447006479837,0.0024492433294653893
natural_full_finetune_fp32_test,fp32,0,3459,mid_block.resnets.1.conv2.weight,8.10073151940638,5.428281890998237e-06,0.0013773445453299643,0.0004865142445276619,6.414994545617671e-05,0.011905525141411539,0.00066515597444292,0.00028447006479837,0.0024492433294653893
natural_full_finetune_fp32_test,fp32,0,3459,mid_block.resnets.1.conv2.bias,0.04035880647704052,-8.875342962042619e-09,-0.0030668466619355214,7.17058795483081e-05,-2.1601423108872846e-07,-0.034532508400608605,0.0001549943699235773,0.00028447006479837,0.0024492433294653893
natural_full_finetune_fp32_test,fp32,0,3459,conv_norm_out.weight,0.13418094572288605,-4.285578141967405e-06,-0.16321169466642532,0.00019568939727231206,-1.4382932250023021e-05,-0.10366907679577538,0.001033968612099142,0.00028447006479837,0.0024492433294653893
natural_full_finetune_fp32_test,fp32,0,3459,conv_norm_out.bias,0.044620603358704165,-8.723611251649086e-07,-0.10016943691146993,0.000195175649381116,-4.547077947956417e-06,-0.09975529681304558,0.0010215532162348622,0.00028447006479837,0.0024492433294653893
natural_full_finetune_fp32_test,fp32,0,3459,conv_out.weight,0.10082696078787964,-0.000154798466307484,-0.1263419994711231,0.012151845278739762,-5.184827580952165e-05,-0.046922414907011094,0.01095916048604224,0.00028447006479837,0.0024492433294653893
natural_full_finetune_fp32_test,fp32,0,3459,conv_out.bias,0.0019874670120687906,-1.1501815432684562e-07,-0.45975575601066454,0.00012587494393211934,9.283005058383141e-07,0.23347680314973276,0.002000529316001808,0.00028447006479837,0.0024492433294653893
natural_full_finetune_fp32_test,fp32,1,3460,conv_in.weight,0.4848696679796622,-4.4098295099986694e-05,-0.04768910721941368,0.001907118110956134,0.00010019282276679827,0.1642735455752421,0.0012578937658312128,0.0003562741039786488,0.0015981514006853104
natural_full_finetune_fp32_test,fp32,1,3460,conv_in.bias,0.05699609845397876,-5.987314340470372e-06,-0.4700703693654977,0.0002234724833560049,-1.6440501702574118e-06,-0.15474232392964857,0.00018640640191695725,0.0003562741039786488,0.0015981514006853104
natural_full_finetune_fp32_test,fp32,1,3460,up_blocks.0.resnets.0.norm1.weight,0.1244284702666298,-7.608126429745154e-07,-0.08561201316476139,7.142055972885385e-05,-3.993441642373774e-07,-0.07496250918414395,4.281376937808527e-05,0.0003562741039786488,0.0015981514006853104
natural_full_finetune_fp32_test,fp32,1,3460,up_blocks.0.resnets.0.norm1.bias,0.08422343237826685,-5.198354189809983e-07,-0.07712270419648438,8.002960648028715e-05,-5.079881168463425e-07,-0.1345355741865514,4.4831521695502904e-05,0.0003562741039786488,0.0015981514006853104
natural_full_finetune_fp32_test,fp32,1,3460,up_blocks.0.resnets.0.conv1.weight,7.641154296973767,6.616608550818204e-06,0.0019175702512024928,0.00045157011123964395,2.8514666867310557e-05,0.016337801731900574,0.00022841031427795575,0.0003562741039786488,0.0015981514006853104
natural_full_finetune_fp32_test,fp32,1,3460,up_blocks.0.resnets.0.conv1.bias,0.0411214521742979,-1.3079684243187914e-07,-0.1330072329170281,2.3914073420000367e-05,-8.36649702160919e-08,-0.14866361822481652,1.3685810401417612e-05,0.0003562741039786488,0.0015981514006853104
natural_full_finetune_fp32_test,fp32,1,3460,up_blocks.0.resnets.0.norm2.weight,0.20688781413908697,-1.033636243207426e-06,-0.07895326733928493,6.327945215733382e-05,-4.988874083958662e-07,-0.06939156458738172,3.475049153258333e-05,0.0003562741039786488,0.0015981514006853104
natural_full_finetune_fp32_test,fp32,1,3460,up_blocks.0.resnets.0.norm2.bias,0.054133247822248015,5.339534430303105e-08,0.005796070351641848,0.00017017887913360535,2.799286486608026e-07,0.04949627691571453,0.00010447460328727329,0.0003562741039786488,0.0015981514006853104
natural_full_finetune_fp32_test,fp32,1,3460,up_blocks.0.resnets.0.conv2.weight,8.165277197325338,1.7427665414192118e-05,0.003035723777671726,0.0007030820791200459,4.348600530644884e-05,0.010690062724911418,0.0004981938111212965,0.0003562741039786488,0.0015981514006853104
natural_full_finetune_fp32_test,fp32,1,3460,up_blocks.0.resnets.0.conv2.bias,0.0362955011356782,-1.645858900516158e-07,-0.03317698315034673,0.00013667935197826368,-2.743037187719093e-07,-0.04530621003639704,0.00016680964737417266,0.0003562741039786488,0.0015981514006853104
natural_full_finetune_fp32_test,fp32,1,3460,up_blocks.0.resnets.1.norm1.weight,0.11975735964716548,2.9630739720799976e-07,0.028203095161856265,8.772906656714477e-05,-7.568123894452852e-08,-0.013381878547449719,4.722467054523176e-05,0.0003562741039786488,0.0015981514006853104
natural_full_finetune_fp32_test,fp32,1,3460,up_blocks.0.resnets.1.norm1.bias,0.06023961441714257,-1.2133143288325832e-07,-0.019014166012484995,0.00010592875347730962,-5.925982933563329e-09,-0.001850493382249184,5.31606982624727e-05,0.0003562741039786488,0.0015981514006853104
natural_full_finetune_fp32_test,fp32,1,3460,up_blocks.0.resnets.1.conv1.weight,7.791945405127236,-4.783751540544617e-06,-0.001245414088522015,0.000492956888595191,2.2238636218278784e-05,0.011992797288342332,0.00023798071047633062,0.0003562741039786488,0.0015981514006853104
natural_full_finetune_fp32_test,fp32,1,3460,up_blocks.0.resnets.1.conv1.bias,0.04231715806587689,-1.4270976382519889e-08,-0.010253435393793009,3.2890296943007596e-05,-4.484269342332681e-08,-0.061176383986106087,1.7321735124207847e-05,0.0003562741039786488,0.0015981514006853104
natural_full_finetune_fp32_test,fp32,1,3460,up_blocks.0.resnets.1.norm2.weight,0.19755031042829488,-1.0429391936437247e-06,-0.05831027463413235,9.05391025202803e-05,-6.398442042558347e-07,-0.06216427157818677,5.210215360133612e-05,0.0003562741039786488,0.0015981514006853104
natural_full_finetune_fp32_test,fp32,1,3460,up_blocks.0.resnets.1.norm2.bias,0.05490745787720092,-4.847735870326752e-07,-0.04388361856996687,0.00020118943941964997,-4.90274364644361e-07,-0.08667930807583772,0.00010301308953919745,0.0003562741039786488,0.0015981514006853104
natural_full_finetune_fp32_test,fp32,1,3460,up_blocks.0.resnets.1.conv2.weight,8.048670742880525,-6.3572232506354705e-06,-0.0009682554432809148,0.0008157429975146595,4.7034883554721734e-05,0.00913363995748214,0.000639811473210663,0.0003562741039786488,0.0015981514006853104
natural_full_finetune_fp32_test,fp32,1,3460,up_blocks.0.resnets.1.conv2.bias,0.03873834871453821,-1.8930135422110977e-07,-0.03713224696082287,0.00013160166573219898,-1.1952638493185713e-07,-0.01873230290860039,0.00016471437714482456,0.0003562741039786488,0.0015981514006853104
natural_full_finetune_fp32_test,fp32,1,3460,up_blocks.0.resnets.2.norm1.weight,0.13798212292334963,-1.027537115140331e-06,-0.08207303930311444,9.073486113180677e-05,-3.877201343515513e-07,-0.055733444532525385,5.041730731367285e-05,0.0003562741039786488,0.0015981514006853104
natural_full_finetune_fp32_test,fp32,1,3460,up_blocks.0.resnets.2.norm1.bias,0.07154787354616439,-1.6590758578714969e-06,-0.22266982875179891,0.00010413773747591476,-1.2254155469788567e-06,-0.25460736323142735,6.726911219018823e-05,0.0003562741039786488,0.0015981514006853104
natural_full_finetune_fp32_test,fp32,1,3460,up_blocks.0.resnets.2.conv1.weight,8.294466836589645,-2.8542467423508816e-05,-0.005958124135680422,0.000577555191031872,9.770776289871587e-06,0.004997793671163399,0.0002357014596576249,0.0003562741039786488,0.0015981514006853104
natural_full_finetune_fp32_test,fp32,1,3460,up_blocks.0.resnets.2.conv1.bias,0.09161167912856798,-2.036768450508623e-07,-0.07134417096236573,3.1162502054804344e-05,-1.5153645692735496e-07,-0.09756114451884665,1.6954672254861035e-05,0.0003562741039786488,0.0015981514006853104
natural_full_finetune_fp32_test,fp32,1,3460,up_blocks.0.resnets.2.norm2.weight,0.1660266078952845,-2.616040966595998e-07,-0.01336089270750988,0.00011793192003588844,5.948842179421007e-07,0.05289912191392047,6.773393230719127e-05,0.0003562741039786488,0.0015981514006853104
natural_full_finetune_fp32_test,fp32,1,3460,up_blocks.0.resnets.2.norm2.bias,0.06936851704112881,-8.479308520150206e-07,-0.05796298713840918,0.00021088576638188367,-1.3594837515314449e-06,-0.16369696252175497,0.00011972118038555561,0.0003562741039786488,0.0015981514006853104
natural_full_finetune_fp32_test,fp32,1,3460,up_blocks.0.resnets.2.conv2.weight,7.429688065205016,5.8640610230252645e-06,0.0009061113439472443,0.0008710565146160333,4.6635454551669196e-05,0.010579084979996514,0.0005933316672173184,0.0003562741039786488,0.0015981514006853104
natural_full_finetune_fp32_test,fp32,1,3460,up_blocks.0.resnets.2.conv2.bias,0.041788357118447556,-5.67265221200238e-08,-0.010321590694384299,0.00013151770672880975,-1.061935214837602e-07,-0.015403021885776686,0.00016498208686243406,0.0003562741039786488,0.0015981514006853104
natural_full_finetune_fp32_test,fp32,1,3460,up_blocks.0.upsamplers.0.conv.weight,8.288149897909044,-0.0001517435631199638,-0.005937080130421678,0.0030837543143000627,0.00023986339827896408,0.017716529981404716,0.0016335322829992066,0.0003562741039786488,0.0015981514006853104
natural_full_finetune_fp32_test,fp32,1,3460,up_blocks.0.upsamplers.0.conv.bias,0.04511538283197228,-3.019541094345871e-08,-0.015232418568076285,4.393872316829934e-05,1.8088175151399277e-08,0.01053607873030594,3.8053192714494587e-05,0.0003562741039786488,0.0015981514006853104
natural_full_finetune_fp32_test,fp32,1,3460,up_blocks.1.resnets.0.norm1.weight,0.1337701761082409,-1.690739568560663e-07,-0.013235797832836155,9.549206671614694e-05,-7.507423602753117e-08,-0.010566026105790934,5.311533723685704e-05,0.0003562741039786488,0.0015981514006853104
natural_full_finetune_fp32_test,fp32,1,3460,up_blocks.1.resnets.0.norm1.bias,0.10355443976185573,2.2847110044183631e-07,0.022859114390144864,9.65168521464489e-05,2.4564509816943966e-07,0.048742816319041704,4.866634830689151e-05,0.0003562741039786488,0.0015981514006853104
natural_full_finetune_fp32_test,fp32,1,3460,up_blocks.1.resnets.0.conv1.weight,7.9434960487217525,-2.367884622058974e-05,-0.004242581917421917,0.0007026169404030456,4.2229037288882416e-05,0.020673304857798613,0.00025715181143263057,0.0003562741039786488,0.0015981514006853104
natural_full_finetune_fp32_test,fp32,1,3460,up_blocks.1.resnets.0.conv1.bias,0.049588409707641175,-1.0635601124247932e-07,-0.06737316097939494,3.183427302513301e-05,-6.137776757791352e-09,-0.007847709615944306,1.5772044102713212e-05,0.0003562741039786488,0.0015981514006853104
natural_full_finetune_fp32_test,fp32,1,3460,up_blocks.1.resnets.0.norm2.weight,0.10159606545424404,-7.470154251601727e-07,-0.07419772690497217,9.90973588708804e-05,9.334928998630413e-08,0.018300179940688506,5.0208676069577035e-05,0.0003562741039786488,0.0015981514006853104
natural_full_finetune_fp32_test,fp32,1,3460,up_blocks.1.resnets.0.norm2.bias,0.09328230440667432,1.3023473968694113e-07,0.014507831911492512,9.623323047132815e-05,-9.976160474111104e-08,-0.020782344577607716,5.1459980704075616e-05,0.0003562741039786488,0.0015981514006853104
natural_full_finetune_fp32_test,fp32,1,3460,up_blocks.1.resnets.0.conv2.weight,8.135956806676786,-0.0001033180176498499,-0.013751307147669874,0.0009234713961197422,6.19700624784511e-05,0.020467450800797374,0.0003721427346023262,0.0003562741039786488,0.0015981514006853104
natural_full_finetune_fp32_test,fp32,1,3460,up_blocks.1.resnets.0.conv2.bias,0.042666211019209394,-1.321594137111562e-07,-0.07657703788392489,4.0449714739481276e-05,1.5687839908283845e-08,0.009637504913514276,3.8151749625437795e-05,0.0003562741039786488,0.0015981514006853104
natural_full_finetune_fp32_test,fp32,1,3460,up_blocks.1.resnets.1.norm1.weight,0.11377229905578384,2.17911782870631e-07,0.020579823370394656,9.306846192724953e-05,3.641162759024955e-07,0.0672182822142014,4.7611969672822474e-05,0.0003562741039786488,0.0015981514006853104
natural_full_finetune_fp32_test,fp32,1,3460,up_blocks.1.resnets.1.norm1.bias,0.07505300729740838,-6.600279746858583e-07,-0.08996375801186389,9.775222596806267e-05,-3.0937289248538787e-07,-0.0848612150618604,4.8574116860505e-05,0.0003562741039786488,0.0015981514006853104
natural_full_finetune_fp32_test,fp32,1,3460,up_blocks.1.resnets.1.conv1.weight,8.466050395031465,-7.174191128031804e-05,-0.011406785121315755,0.0007428973903405515,3.298504259285677e-05,0.01764637543969886,0.00022079065352352447,0.0003562741039786488,0.0015981514006853104
natural_full_finetune_fp32_test,fp32,1,3460,up_blocks.1.resnets.1.conv1.bias,0.06778922094383573,-3.172536003839687e-07,-0.12508758802143055,3.7413789473527204e-05,-4.2362109959994165e-08,-0.04066200809377671,1.5368380971243944e-05,0.0003562741039786488,0.0015981514006853104
natural_full_finetune_fp32_test,fp32,1,3460,up_blocks.1.resnets.1.norm2.weight,0.1220904600306943,-2.2134883259554784e-07,-0.01868894209316381,9.700872291800187e-05,-7.978359393278159e-08,-0.015746183215056647,4.150080922721712e-05,0.0003562741039786488,0.0015981514006853104
natural_full_finetune_fp32_test,fp32,1,3460,up_blocks.1.resnets.1.norm2.bias,0.12416200218741541,-3.822996322204044e-07,-0.03382634701612565,9.102487120673791e-05,-6.703776595198429e-08,-0.013668127072458663,3.9502248606666336e-05,0.0003562741039786488,0.0015981514006853104
natural_full_finetune_fp32_test,fp32,1,3460,up_blocks.1.resnets.1.conv2.weight,8.219017102038638,-0.00011063864199514908,-0.015142071052503191,0.0008889998191988956,6.35421028377341e-05,0.02066431938516288,0.0003741283282548608,0.0003562741039786488,0.0015981514006853104
natural_full_finetune_fp32_test,fp32,1,3460,up_blocks.1.resnets.1.conv2.bias,0.046613103431377985,-1.4816589698408957e-07,-0.08741301423258716,3.636337124742744e-05,3.493930855282224e-08,0.0202868094780437,3.694813628814341e-05,0.0003562741039786488,0.0015981514006853104
natural_full_finetune_fp32_test,fp32,1,3460,up_blocks.1.resnets.2.norm1.weight,0.11952709468028114,8.820634364464536e-07,0.05758215763088634,0.00012815794134798334,3.2275168986554113e-07,0.050462712903483024,5.350958303003869e-05,0.0003562741039786488,0.0015981514006853104
natural_full_finetune_fp32_test,fp32,1,3460,up_blocks.1.resnets.2.norm1.bias,0.07140949852579836,-7.436309859799896e-08,-0.008199421277568494,0.00012700426165676725,2.8710813946659573e-07,0.07090477886355419,5.670404162913631e-05,0.0003562741039786488,0.0015981514006853104
natural_full_finetune_fp32_test,fp32,1,3460,up_blocks.1.resnets.2.conv1.weight,8.376085012277327,-0.00015564646265431938,-0.018462532775281752,0.0010064840552888056,5.750113773285705e-05,0.02579368872367527,0.00026614720323482296,0.0003562741039786488,0.0015981514006853104
natural_full_finetune_fp32_test,fp32,1,3460,up_blocks.1.resnets.2.conv1.bias,0.059358675005945834,-3.858474924916611e-07,-0.14483580940327823,4.488027748588222e-05,2.5168058760303903e-08,0.022218454150027087,1.9083221073755934e-05,0.0003562741039786488,0.0015981514006853104
natural_full_finetune_fp32_test,fp32,1,3460,up_blocks.1.resnets.2.norm2.weight,0.12179133240475169,-6.112462652018939e-07,-0.03939229181514337,0.0001274056208004792,3.872569376650381e-07,0.05966098547196382,5.329572843468066e-05,0.0003562741039786488,0.0015981514006853104
natural_full_finetune_fp32_test,fp32,1,3460,up_blocks.1.resnets.2.norm2.bias,0.10503710350238456,-3.391935050912671e-07,-0.030099074912413794,0.00010728812184473623,3.0144348402626434e-07,0.06398240345536911,4.485414817853655e-05,0.0003562741039786488,0.0015981514006853104
natural_full_finetune_fp32_test,fp32,1,3460,up_blocks.1.resnets.2.conv2.weight,7.908477385796403,-0.0001284052197530066,-0.01751393194155078,0.0009270563726250492,7.852732781869363e-05,0.025175295096950205,0.00039441495366041436,0.0003562741039786488,0.0015981514006853104
natural_full_finetune_fp32_test,fp32,1,3460,up_blocks.1.resnets.2.conv2.bias,0.04915141763407579,-1.0632178834128586e-07,-0.06795587440468413,3.183165502462854e-05,2.987016455854783e-08,0.016616068418481105,3.657407027769405e-05,0.0003562741039786488,0.0015981514006853104
natural_full_finetune_fp32_test,fp32,1,3460,up_blocks.1.upsamplers.0.conv.weight,8.157842140655317,-0.00039788734742869316,-0.014409967260550915,0.003384712909074384,0.00029165181476323667,0.025232328724914634,0.0014168766784486793,0.0003562741039786488,0.0015981514006853104
natural_full_finetune_fp32_test,fp32,1,3460,up_blocks.1.upsamplers.0.conv.bias,0.04879880285852507,-2.304634587918787e-08,-0.04573246325515615,1.0326860571993228e-05,1.8208705965656096e-08,0.042439193640669455,8.7923059387925e-06,0.0003562741039786488,0.0015981514006853104
natural_full_finetune_fp32_test,fp32,1,3460,up_blocks.2.resnets.0.norm1.weight,0.13347992145980123,-1.8173628677692192e-06,-0.0948635482139955,0.00014352459934995364,-5.960488169311399e-07,-0.059600777824910224,7.492279325708285e-05,0.0003562741039786488,0.0015981514006853104
natural_full_finetune_fp32_test,fp32,1,3460,up_blocks.2.resnets.0.norm1.bias,0.1055244882378484,-9.64556549947787e-07,-0.08040990683642991,0.00011367497855255872,-3.990996028578309e-07,-0.07286519480225571,5.190484645831196e-05,0.0003562741039786488,0.0015981514006853104
natural_full_finetune_fp32_test,fp32,1,3460,up_blocks.2.resnets.0.conv1.weight,5.735075686283302,-0.00019882682781361956,-0.03390925886465695,0.0010223922109131893,4.537758915193355e-05,0.026710118323389837,0.0002962282364659081,0.0003562741039786488,0.0015981514006853104
natural_full_finetune_fp32_test,fp32,1,3460,up_blocks.2.resnets.0.conv1.bias,0.04635998589119099,-1.9195856071715405e-07,-0.13226087987138668,3.130637494475458e-05,2.4146522915740343e-08,0.039991355740583115,1.3024023734909592e-05,0.0003562741039786488,0.0015981514006853104
natural_full_finetune_fp32_test,fp32,1,3460,up_blocks.2.resnets.0.norm2.weight,0.1011837376588819,-6.760396514898755e-07,-0.07481310545997898,8.930664383535225e-05,-1.290541537710759e-07,-0.022614894949253124,5.6398388495426995e-05,0.0003562741039786488,0.0015981514006853104
natural_full_finetune_fp32_test,fp32,1,3460,up_blocks.2.resnets.0.norm2.bias,0.060878838857090244,-4.089793143828387e-07,-0.08531080034156585,7.874644662758762e-05,8.919988663818054e-08,0.042158725469285424,3.475445391457313e-05,0.0003562741039786488,0.0015981514006853104
natural_full_finetune_fp32_test,fp32,1,3460,up_blocks.2.resnets.0.conv2.weight,3.6556176849127233,-0.00012790218129963096,-0.04318950466701251,0.0008101006083353411,2.580819012553273e-05,0.022781722742555324,0.000309891894957081,0.0003562741039786488,0.0015981514006853104
natural_full_finetune_fp32_test,fp32,1,3460,up_blocks.2.resnets.0.conv2.bias,0.03955287514305909,-8.568968705350953e-08,-0.1257741505712762,1.722499503748297e-05,2.2449941269517622e-08,0.03249029683273748,1.7469620542024475e-05,0.0003562741039786488,0.0015981514006853104
natural_full_finetune_fp32_test,fp32,1,3460,up_blocks.2.resnets.0.conv_shortcut.weight,1.3904388579217892,-0.0004669650535914041,-0.0333502836940034,0.010070080712386168,0.00016487366015130304,0.030967750537100665,0.0038290384122804345,0.0003562741039786488,0.0015981514006853104
natural_full_finetune_fp32_test,fp32,1,3460,up_blocks.2.resnets.0.conv_shortcut.bias,0.03955292548814796,-8.568990069794864e-08,-0.12577430406316537,1.722499503748297e-05,2.2449635869718162e-08,0.03248981349322314,1.7469620542024475e-05,0.0003562741039786488,0.0015981514006853104
natural_full_finetune_fp32_test,fp32,1,3460,up_blocks.2.resnets.1.norm1.weight,0.1001080017802537,-7.966146077913495e-07,-0.1016697652719932,7.826861564042762e-05,-7.398761007612052e-09,-0.0026447674078419205,2.7944910440825817e-05,0.0003562741039786488,0.0015981514006853104
natural_full_finetune_fp32_test,fp32,1,3460,up_blocks.2.resnets.1.norm1.bias,0.07134910659217164,-9.532316619232572e-07,-0.18389347295004518,7.26513359831116e-05,1.203584969541893e-07,0.06705162035605132,2.515816370742128e-05,0.0003562741039786488,0.0015981514006853104
natural_full_finetune_fp32_test,fp32,1,3460,up_blocks.2.resnets.1.conv1.weight,3.9395394764095406,-0.00014516032045257433,-0.0438638340491176,0.0008400320801797182,2.116916178537731e-05,0.02461701076515323,0.00021828449569066659,0.0003562741039786488,0.0015981514006853104
natural_full_finetune_fp32_test,fp32,1,3460,up_blocks.2.resnets.1.conv1.bias,0.05072558262453678,-5.052305579933477e-07,-0.21355187243906587,4.664006881817385e-05,1.7311172820212053e-08,0.021080261796582744,1.6189127669356536e-05,0.0003562741039786488,0.0015981514006853104
natural_full_finetune_fp32_test,fp32,1,3460,up_blocks.2.resnets.1.norm2.weight,0.09108537490472955,-2.9636266379958583e-07,-0.05869476724499958,5.5433902640227275e-05,1.6803525139570732e-07,0.07774182972707595,2.372995922144129e-05,0.0003562741039786488,0.0015981514006853104
natural_full_finetune_fp32_test,fp32,1,3460,up_blocks.2.resnets.1.norm2.bias,0.07881958717446078,-4.217618230070197e-07,-0.10929029435154497,4.896113920723974e-05,1.559968775985086e-07,0.10469422613461303,1.8904231140117426e-05,0.0003562741039786488,0.0015981514006853104
natural_full_finetune_fp32_test,fp32,1,3460,up_blocks.2.resnets.1.conv2.weight,3.6188057018046034,-0.00015776338182339956,-0.05595447656008438,0.0007791231415106613,1.2769277616371136e-05,0.010942924489671805,0.00032245391982610916,0.0003562741039786488,0.0015981514006853104
natural_full_finetune_fp32_test,fp32,1,3460,up_blocks.2.resnets.1.conv2.bias,0.03306269872584046,-1.6980773110096603e-08,-0.03315206350258163,1.5492039434339312e-05,4.9328030607268836e-08,0.08489994714425564,1.757308692388987e-05,0.0003562741039786488,0.0015981514006853104
natural_full_finetune_fp32_test,fp32,1,3460,up_blocks.2.resnets.2.norm1.weight,0.09756120090397852,-4.0574765315669617e-07,-0.04029229380542636,0.00010321834395741737,-5.190237121950515e-07,-0.07293209889873892,7.294429812223241e-05,0.0003562741039786488,0.0015981514006853104
natural_full_finetune_fp32_test,fp32,1,3460,up_blocks.2.resnets.2.norm1.bias,0.07005199317041277,-6.114909171471539e-07,-0.08399653441038113,0.00010392215546329024,1.0964380108038829e-07,0.030628013331804895,5.110280735239671e-05,0.0003562741039786488,0.0015981514006853104
natural_full_finetune_fp32_test,fp32,1,3460,up_blocks.2.resnets.2.conv1.weight,3.8684244483153747,-0.00020948835590899078,-0.0524070137445459,0.0010333236172592672,-9.643848920547483e-06,-0.006566096961407733,0.00037967236464926245,0.0003562741039786488,0.0015981514006853104
natural_full_finetune_fp32_test,fp32,1,3460,up_blocks.2.resnets.2.conv1.bias,0.05017014175809355,4.3539094444176336e-08,0.01652576663668744,5.251367936941001e-05,1.2971378637825025e-07,0.13545090798841686,1.9087932382928584e-05,0.0003562741039786488,0.0015981514006853104
natural_full_finetune_fp32_test,fp32,1,3460,up_blocks.2.resnets.2.norm2.weight,0.0976116887777321,-1.7215950346072474e-06,-0.11704531549578923,0.00015068677501012753,-3.679991518520138e-06,-0.10978448483872613,0.00034340295097239537,0.0003562741039786488,0.0015981514006853104
natural_full_finetune_fp32_test,fp32,1,3460,up_blocks.2.resnets.2.norm2.bias,0.06721548944155421,-1.96901082264693e-07,-0.04613913426266996,6.349058030379462e-05,1.4403128844439794e-07,0.06415218295624371,3.340227454422692e-05,0.0003562741039786488,0.0015981514006853104
natural_full_finetune_fp32_test,fp32,1,3460,up_blocks.2.resnets.2.conv2.weight,3.5405540665598147,-0.00013593461815232652,-0.05072156398390504,0.0007569482764339994,-4.0300717113984775e-05,-0.030004447653265126,0.0003793638175921308,0.0003562741039786488,0.0015981514006853104
natural_full_finetune_fp32_test,fp32,1,3460,up_blocks.2.resnets.2.conv2.bias,0.04156434568233376,7.914484382189413e-08,0.16269336227355116,1.1703933453607672e-05,6.453852237344026e-08,0.08953318149644991,1.7342593822339846e-05,0.0003562741039786488,0.0015981514006853104
natural_full_finetune_fp32_test,fp32,1,3460,up_blocks.2.upsamplers.0.conv.weight,3.1700347317301634,-0.0003014257821135325,-0.025824647557192913,0.0036819846429091275,6.278755449142533e-05,0.009731613260331754,0.002035282535976406,0.0003562741039786488,0.0015981514006853104
natural_full_finetune_fp32_test,fp32,1,3460,up_blocks.2.upsamplers.0.conv.bias,0.04296048876056239,-1.4377384316939657e-08,-0.06415026574072474,5.216896352858501e-06,7.019463574955025e-09,0.025875543612214766,6.314591032985542e-06,0.0003562741039786488,0.0015981514006853104
natural_full_finetune_fp32_test,fp32,1,3460,up_blocks.3.resnets.0.norm1.weight,0.10128237187721012,-1.5319194010668276e-06,-0.14949652600528007,0.00010117447334490174,-7.865400903977217e-07,-0.06859983605968335,0.00011320456041303975,0.0003562741039786488,0.0015981514006853104
natural_full_finetune_fp32_test,fp32,1,3460,up_blocks.3.resnets.0.norm1.bias,0.06514436805747784,-3.185746543317818e-07,-0.05502598409207981,8.88723218944323e-05,-7.418094918456568e-07,-0.14635713936395883,7.780394142093252e-05,0.0003562741039786488,0.0015981514006853104
natural_full_finetune_fp32_test,fp32,1,3460,up_blocks.3.resnets.0.conv1.weight,2.3992453659135955,-8.898003346302459e-05,-0.04590043680396265,0.00080798087601706,2.1643275375662394e-06,0.0029939731902037876,0.0003013008892451342,0.0003562741039786488,0.0015981514006853104
natural_full_finetune_fp32_test,fp32,1,3460,up_blocks.3.resnets.0.conv1.bias,0.03374502759876314,1.0047699517524883e-07,0.08585324907087057,3.46816791092194e-05,-9.955488098978284e-09,-0.016538796699191085,1.783811096228347e-05,0.0003562741039786488,0.0015981514006853104
natural_full_finetune_fp32_test,fp32,1,3460,up_blocks.3.resnets.0.norm2.weight,0.11135496403521689,-2.151988015287484e-06,-0.2979944756355759,6.485180279052956e-05,-5.095751306382487e-06,-0.5374819296281801,8.514022132972912e-05,0.0003562741039786488,0.0015981514006853104
natural_full_finetune_fp32_test,fp32,1,3460,up_blocks.3.resnets.0.norm2.bias,0.05391550989470895,-6.048304624135019e-08,-0.022027373889266424,5.092806974743031e-05,-4.943478254078424e-07,-0.23604560108910363,3.8843915425332794e-05,0.0003562741039786488,0.0015981514006853104
natural_full_finetune_fp32_test,fp32,1,3460,up_blocks.3.resnets.0.conv2.weight,1.7615356453543558,-6.85559448428319e-05,-0.1211300924094797,0.00032129327574980445,-4.6084699246499917e-05,-0.12685695651347298,0.00020622961643921702,0.0003562741039786488,0.0015981514006853104
natural_full_finetune_fp32_test,fp32,1,3460,up_blocks.3.resnets.0.conv2.bias,0.028470161742754036,-5.6871317442769875e-08,-0.235856576710849,8.469453027702432e-06,-1.780200592801794e-08,-0.06992240265010258,8.942576497379797e-06,0.0003562741039786488,0.0015981514006853104
natural_full_finetune_fp32_test,fp32,1,3460,up_blocks.3.resnets.0.conv_shortcut.weight,0.5481565091330547,-0.00022667014349204105,-0.06827155242808389,0.006056893893291543,-4.573443609595104e-05,-0.02172195703909568,0.0038409601612050207,0.0003562741039786488,0.0015981514006853104
natural_full_finetune_fp32_test,fp32,1,3460,up_blocks.3.resnets.0.conv_shortcut.bias,0.028470235538946915,-5.687166469403629e-08,-0.23585740547527886,8.469453027702432e-06,-1.780136763246195e-08,-0.0699197143284904,8.942576497379797e-06,0.0003562741039786488,0.0015981514006853104
natural_full_finetune_fp32_test,fp32,1,3460,up_blocks.3.resnets.1.norm1.weight,0.08482027445231834,-2.6926887543648007e-07,-0.03455149273567133,9.187972108841402e-05,-7.407083130266455e-07,-0.09026174443827999,9.674840697222036e-05,0.0003562741039786488,0.0015981514006853104
natural_full_finetune_fp32_test,fp32,1,3460,up_blocks.3.resnets.1.norm1.bias,0.041077779780777764,-5.484131237075973e-07,-0.09478371041017661,0.00014085334694813247,-1.0274232432516633e-06,-0.2854478963825352,8.762248734561827e-05,0.0003562741039786488,0.0015981514006853104
natural_full_finetune_fp32_test,fp32,1,3460,up_blocks.3.resnets.1.conv1.weight,1.6791381480180787,-3.3414783144176945e-05,-0.02118857766264373,0.0009391834133530528,-1.551308522481914e-05,-0.024990218168415755,0.0003696934043102852,0.0003562741039786488,0.0015981514006853104
natural_full_finetune_fp32_test,fp32,1,3460,up_blocks.3.resnets.1.conv1.bias,0.04046036856189261,-2.2128530448457824e-07,-0.043836275265618646,0.0001247639435613406,-2.659043218207428e-07,-0.1570719905312766,4.184049502213812e-05,0.0003562741039786488,0.0015981514006853104
natural_full_finetune_fp32_test,fp32,1,3460,up_blocks.3.resnets.1.norm2.weight,0.10716247762478864,-1.0615782730097432e-06,-0.22536223475153114,4.395700910280489e-05,-2.411956596481907e-06,-0.42347676440003584,5.314925191385222e-05,0.0003562741039786488,0.0015981514006853104
natural_full_finetune_fp32_test,fp32,1,3460,up_blocks.3.resnets.1.norm2.bias,0.06736571382690573,-2.0084546861214904e-07,-0.07369904698630853,4.045397947623379e-05,-5.070291029575582e-07,-0.24731468629008674,3.0432950892797844e-05,0.0003562741039786488,0.0015981514006853104
natural_full_finetune_fp32_test,fp32,1,3460,up_blocks.3.resnets.1.conv2.weight,1.6226096006125352,-7.253403970779098e-05,-0.10737670400185617,0.0004163108747660388,-3.158650460104331e-05,-0.0843117832437156,0.00023088687876281265,0.0003562741039786488,0.0015981514006853104
natural_full_finetune_fp32_test,fp32,1,3460,up_blocks.3.resnets.1.conv2.bias,0.025430732179776875,-4.697894997460949e-08,-0.2218053838892792,8.328606774714975e-06,-3.423251886330123e-08,-0.14598989694359712,9.220557701348532e-06,0.0003562741039786488,0.0015981514006853104
natural_full_finetune_fp32_test,fp32,1,3460,up_blocks.3.resnets.2.norm1.weight,0.05985026816993514,-1.728679867766597e-06,-0.14651671791027368,0.00019713389006681672,-3.7378864897161213e-06,-0.1942344740088004,0.00032153902777843653,0.0003562741039786488,0.0015981514006853104
natural_full_finetune_fp32_test,fp32,1,3460,up_blocks.3.resnets.2.norm1.bias,0.03416275530215854,-5.171522792216817e-06,-0.41819485611824114,0.0003619819091312264,-1.0109877941305564e-05,-0.5213245384297638,0.0005676555059912327,0.0003562741039786488,0.0015981514006853104
natural_full_finetune_fp32_test,fp32,1,3460,up_blocks.3.resnets.2.conv1.weight,1.6440285339186496,-6.284867920985945e-05,-0.033982662356103345,0.0011249401149915589,-4.058392808919219e-05,-0.032059570953512355,0.0007699934358809207,0.0003562741039786488,0.0015981514006853104
natural_full_finetune_fp32_test,fp32,1,3460,up_blocks.3.resnets.2.conv1.bias,0.035895471614302725,-1.0769386304049338e-06,-0.1937043184720209,0.00015488593752191446,-1.6865968293831737e-06,-0.31826273692425955,0.00014763380825850723,0.0003562741039786488,0.0015981514006853104
natural_full_finetune_fp32_test,fp32,1,3460,up_blocks.3.resnets.2.norm2.weight,0.11041402375764235,-1.7624917509310664e-06,-0.2472201898929185,6.456823581401759e-05,-4.684817110508425e-06,-0.5804525559658449,7.309735734611855e-05,0.0003562741039786488,0.0015981514006853104
natural_full_finetune_fp32_test,fp32,1,3460,up_blocks.3.resnets.2.norm2.bias,0.07255395298038138,-1.3490055146057524e-06,-0.28950577181605597,6.422371435473874e-05,-3.6080173263368667e-06,-0.6580493849316559,7.55699348274959e-05,0.0003562741039786488,0.0015981514006853104
natural_full_finetune_fp32_test,fp32,1,3460,up_blocks.3.resnets.2.conv2.weight,1.792806442226171,-3.3433026349674114e-05,-0.06913287466362944,0.0002697476504102347,-4.283839571101212e-05,-0.13171323430284262,0.00018141382483051276,0.0003562741039786488,0.0015981514006853104
natural_full_finetune_fp32_test,fp32,1,3460,up_blocks.3.resnets.2.conv2.bias,0.040349708398116,-2.6769407337070118e-08,-0.13435099563956499,4.938072552465897e-06,-8.242118419589593e-08,-0.19995123632454917,1.0215846429765946e-05,0.0003562741039786488,0.0015981514006853104
natural_full_finetune_fp32_test,fp32,1,3460,mid_block.attentions.0.group_norm.weight,0.35647809625715937,2.1666313268712416e-06,0.07014480707833506,8.664762101316312e-05,-4.2506732421627474e-07,-0.0236516384964031,5.041544894624527e-05,0.0003562741039786488,0.0015981514006853104
natural_full_finetune_fp32_test,fp32,1,3460,mid_block.attentions.0.group_norm.bias,0.06731483719432396,6.893078181840576e-07,0.08501291468233653,0.00012045296596175246,7.135075914452794e-07,0.13733252409866123,7.71817099740877e-05,0.0003562741039786488,0.0015981514006853104
natural_full_finetune_fp32_test,fp32,1,3460,mid_block.attentions.0.to_q.weight,2.531763729425158,-2.057730786671776e-06,-0.004009482782652848,0.00020271086583465063,2.8868171892802913e-06,0.01334619712521647,8.543554096542202e-05,0.0003562741039786488,0.0015981514006853104
natural_full_finetune_fp32_test,fp32,1,3460,mid_block.attentions.0.to_q.bias,0.1020284812436708,1.7751582989399752e-08,0.021575260296905097,8.064169009257841e-06,1.5054524589017492e-07,0.2784827681812724,5.298431159878145e-06,0.0003562741039786488,0.0015981514006853104
natural_full_finetune_fp32_test,fp32,1,3460,mid_block.attentions.0.to_k.weight,2.507266040440629,3.006480875440567e-06,0.005891515870425492,0.00020353119160727975,3.3187589758916524e-06,0.016644552935176603,7.952490516666995e-05,0.0003562741039786488,0.0015981514006853104
natural_full_finetune_fp32_test,fp32,1,3460,mid_block.attentions.0.to_k.bias,4.815356751763761e-05,1.4227422618438933e-16,0.17301623678972228,1.707697342927214e-11,-3.65834365371551e-17,-0.15847300347532506,4.794029945018153e-12,0.0003562741039786488,0.0015981514006853104
natural_full_finetune_fp32_test,fp32,1,3460,mid_block.attentions.0.to_v.weight,1.9394181435094502,-2.6135842672931064e-05,-0.018924336075599464,0.0007121055998486403,1.9852639200925174e-05,0.02645772399564251,0.00038689606622984763,0.0003562741039786488,0.0015981514006853104
natural_full_finetune_fp32_test,fp32,1,3460,mid_block.attentions.0.to_v.bias,0.03545606978002248,-9.607248623787822e-08,-0.035687264441578034,7.592681414121067e-05,1.4415486883980665e-07,0.07938547103936669,5.1215061176173295e-05,0.0003562741039786488,0.0015981514006853104
natural_full_finetune_fp32_test,fp32,1,3460,mid_block.attentions.0.to_out.0.weight,2.522673807234889,9.057314998625404e-06,0.00398392305388338,0.0009012129678171173,5.0464972232197266e-05,0.028575590524657066,0.0007000575224150559,0.0003562741039786488,0.0015981514006853104
natural_full_finetune_fp32_test,fp32,1,3460,mid_block.attentions.0.to_out.0.bias,0.04774315658515904,-6.731270024481802e-07,-0.0924769388906267,0.00015245877910048008,-1.4955317943100422e-07,-0.018476229062554757,0.00016953961128525187,0.0003562741039786488,0.0015981514006853104
natural_full_finetune_fp32_test,fp32,1,3460,mid_block.resnets.0.norm1.weight,0.09001808099663967,-1.3319496625585668e-06,-0.14892894241619442,9.935253581442453e-05,-1.3620356509099495e-06,-0.2748620588770124,5.5048302269792514e-05,0.0003562741039786488,0.0015981514006853104
natural_full_finetune_fp32_test,fp32,1,3460,mid_block.resnets.0.norm1.bias,0.0781070835620732,-2.858988234559416e-06,-0.280496546577419,0.0001304951669871605,-1.493685805348451e-06,-0.34500251013640904,5.543021677021242e-05,0.0003562741039786488,0.0015981514006853104
natural_full_finetune_fp32_test,fp32,1,3460,mid_block.resnets.0.conv1.weight,7.110649508650785,1.659442721394496e-05,0.0039046045968788657,0.0005976899219743058,3.0834822884173226e-05,0.013061263146693146,0.0003320068211853897,0.0003562741039786488,0.0015981514006853104
natural_full_finetune_fp32_test,fp32,1,3460,mid_block.resnets.0.conv1.bias,0.05284019947156628,1.6473277237560925e-08,0.014168432210313399,2.2003601067645816e-05,1.048044849359389e-08,0.015523340777996655,1.2777039225165611e-05,0.0003562741039786488,0.0015981514006853104
natural_full_finetune_fp32_test,fp32,1,3460,mid_block.resnets.0.norm2.weight,0.1888527843453194,-1.6877155977820097e-06,-0.03531039479355481,0.0002530890167777249,-5.771554555001929e-07,-0.025638770374171446,0.0001191988924625989,0.0003562741039786488,0.0015981514006853104
natural_full_finetune_fp32_test,fp32,1,3460,mid_block.resnets.0.norm2.bias,0.06044888583380577,-4.201064690734063e-06,-0.22201267970174401,0.0003130352823089045,-1.0414578789587388e-06,-0.08445106649592315,0.00020400850386870275,0.0003562741039786488,0.0015981514006853104
natural_full_finetune_fp32_test,fp32,1,3460,mid_block.resnets.0.conv2.weight,7.897858228608481,-5.295746397223496e-05,-0.0059322718141524315,0.0011303080062110033,6.00295368445585e-05,0.010162543494208809,0.0007479167190934287,0.0003562741039786488,0.0015981514006853104
natural_full_finetune_fp32_test,fp32,1,3460,mid_block.resnets.0.conv2.bias,0.03831969156313472,-7.503526666219747e-07,-0.12704335026688046,0.0001541315292863657,-3.2540905256622623e-07,-0.0488446122003435,0.00017385651097211524,0.0003562741039786488,0.0015981514006853104
natural_full_finetune_fp32_test,fp32,1,3460,mid_block.resnets.1.norm1.weight,0.13335593697331052,1.2760312892948183e-07,0.017529031827376442,5.45872277653236e-05,-2.2277091091970498e-07,-0.04950357255812589,3.374501173249806e-05,0.0003562741039786488,0.0015981514006853104
natural_full_finetune_fp32_test,fp32,1,3460,mid_block.resnets.1.norm1.bias,0.08964963116647515,-2.499665917464086e-09,-0.00041724765534939876,6.682509066452858e-05,1.4721230275444197e-07,0.04765360724520949,3.445877369756282e-05,0.0003562741039786488,0.0015981514006853104
natural_full_finetune_fp32_test,fp32,1,3460,mid_block.resnets.1.conv1.weight,7.686873163439891,1.1907377552686727e-05,0.0038783586743476265,0.00039940954428728764,3.395938804366498e-05,0.022740960912358676,0.00019426802667245381,0.0003562741039786488,0.0015981514006853104
natural_full_finetune_fp32_test,fp32,1,3460,mid_block.resnets.1.conv1.bias,0.053665781505775924,-4.83176871581476e-08,-0.04641109001785853,1.939933804663665e-05,-9.294000672621065e-09,-0.01691827532144163,1.023644490301597e-05,0.0003562741039786488,0.0015981514006853104
natural_full_finetune_fp32_test,fp32,1,3460,mid_block.resnets.1.norm2.weight,0.17747435905330833,-6.489018538519628e-07,-0.04889320908938109,7.47816176673339e-05,-5.519225781094141e-07,-0.07408020657927013,4.197979944554425e-05,0.0003562741039786488,0.0015981514006853104
natural_full_finetune_fp32_test,fp32,1,3460,mid_block.resnets.1.norm2.bias,0.052733571806742485,-1.343430578976864e-06,-0.12782570255157683,0.00019930117201845355,-3.923239457616374e-07,-0.05959888171254367,0.00012483015709799903,0.0003562741039786488,0.0015981514006853104
natural_full_finetune_fp32_test,fp32,1,3460,mid_block.resnets.1.conv2.weight,8.10073151940638,2.72907663504556e-05,0.004876016874201644,0.0006909176586822229,5.249650643734005e-05,0.011966393294481978,0.0005415554010685239,0.0003562741039786488,0.0015981514006853104
natural_full_finetune_fp32_test,fp32,1,3460,mid_block.resnets.1.conv2.bias,0.04035880647704052,-3.50560773991238e-07,-0.06304808811975515,0.00013776950028266858,-3.3213552486789396e-07,-0.049126211286282626,0.00016751887337847614,0.0003562741039786488,0.0015981514006853104
natural_full_finetune_fp32_test,fp32,1,3460,conv_norm_out.weight,0.13418094572288605,-8.863496881140062e-06,-0.23046991280081636,0.0002866157224820496,-1.0829694026808141e-05,-0.08114003603672619,0.000994695473989314,0.0003562741039786488,0.0015981514006853104
natural_full_finetune_fp32_test,fp32,1,3460,conv_norm_out.bias,0.044620603358704165,-2.291108924001925e-06,-0.16307326630378566,0.00031486727700500653,-1.7837085865917128e-06,-0.029557351714426184,0.001352455377396363,0.0003562741039786488,0.0015981514006853104
natural_full_finetune_fp32_test,fp32,1,3460,conv_out.weight,0.10082696078787964,-0.00015890017539810182,-0.1101983493719698,0.014301204295845037,-4.805042446349736e-05,-0.03442349175365387,0.013844128794671975,0.0003562741039786488,0.0015981514006853104
natural_full_finetune_fp32_test,fp32,1,3460,conv_out.bias,0.0019874670120687906,1.5767238976047962e-07,0.6219057890977469,0.00012756487903318962,1.993449938723045e-06,0.3429209520031995,0.0029249024349992116,0.0003562741039786488,0.0015981514006853104
natural_full_finetune_fp32_test,fp32,2,3461,conv_in.weight,0.4848696679796622,-4.2925217237066416e-05,-0.04999706547772028,0.001770691776366651,-5.3437442181265775e-05,-0.0652121667122049,0.0016900206657964442,0.0004044156812597066,0.002434568712487817
natural_full_finetune_fp32_test,fp32,2,3461,conv_in.bias,0.05699609845397876,2.4134832228084266e-06,0.2721990290721573,0.0001555652475650394,-5.946943302793316e-06,-0.36637785377172427,0.00028478653777368174,0.0004044156812597066,0.002434568712487817
natural_full_finetune_fp32_test,fp32,2,3461,up_blocks.0.resnets.0.norm1.weight,0.1244284702666298,-2.775150581112427e-07,-0.03362840846674037,6.63224372201113e-05,-9.956014351064268e-07,-0.12689540093279894,6.305504932993289e-05,0.0004044156812597066,0.002434568712487817
natural_full_finetune_fp32_test,fp32,2,3461,up_blocks.0.resnets.0.norm1.bias,0.08422343237826685,-5.980990133287337e-07,-0.11105873126863403,6.394218045526105e-05,-6.079152222926555e-07,-0.10073122309728652,7.165491327402474e-05,0.0004044156812597066,0.002434568712487817
natural_full_finetune_fp32_test,fp32,2,3461,up_blocks.0.resnets.0.conv1.weight,7.641154296973767,-1.373583992823013e-05,-0.003554802850833261,0.0005056857689771046,7.1930606887056e-06,0.0038451459888671985,0.000244817197288246,0.0004044156812597066,0.002434568712487817
natural_full_finetune_fp32_test,fp32,2,3461,up_blocks.0.resnets.0.conv1.bias,0.0411214521742979,-4.725781731054022e-08,-0.05392089561999005,2.1313173426901333e-05,-1.2797604049575027e-07,-0.1651087575680105,1.8849078224973786e-05,0.0004044156812597066,0.002434568712487817
natural_full_finetune_fp32_test,fp32,2,3461,up_blocks.0.resnets.0.norm2.weight,0.20688781413908697,-4.067174627301271e-08,-0.0033659119642977173,5.840568955056335e-05,-1.069158770302722e-06,-0.09519390940692664,5.4287285824328185e-05,0.0004044156812597066,0.002434568712487817
natural_full_finetune_fp32_test,fp32,2,3461,up_blocks.0.resnets.0.norm2.bias,0.054133247822248015,-9.975855329931663e-07,-0.11957681800940138,0.0001541129258813359,-6.617182530471768e-07,-0.07335965510495064,0.0001666294456556334,0.0004044156812597066,0.002434568712487817
natural_full_finetune_fp32_test,fp32,2,3461,up_blocks.0.resnets.0.conv2.weight,8.165277197325338,-3.0322346982860026e-06,-0.0005180604526442625,0.0007168221877932008,3.202452892566572e-05,0.007234095737097055,0.00054216011557638,0.0004044156812597066,0.002434568712487817
natural_full_finetune_fp32_test,fp32,2,3461,up_blocks.0.resnets.0.conv2.bias,0.0362955011356782,-7.0478430360858775e-09,-0.0017261951081154019,0.00011248990359957461,-3.3130998860012814e-08,-0.0047010262255262605,0.0001941730974001078,0.0004044156812597066,0.002434568712487817
natural_full_finetune_fp32_test,fp32,2,3461,up_blocks.0.resnets.1.norm1.weight,0.11975735964716548,1.1412779974907149e-06,0.10259610585334104,9.28877312163349e-05,4.920957479307518e-07,0.061458924300518414,6.685939546884602e-05,0.0004044156812597066,0.002434568712487817
natural_full_finetune_fp32_test,fp32,2,3461,up_blocks.0.resnets.1.norm1.bias,0.06023961441714257,3.4952217740775793e-07,0.053048319235272014,0.00010937572013153856,-1.0713821268325147e-07,-0.02073096601894657,8.579118644462758e-05,0.0004044156812597066,0.002434568712487817
natural_full_finetune_fp32_test,fp32,2,3461,up_blocks.0.resnets.1.conv1.weight,7.791945405127236,1.2012807713260557e-07,2.7565859907917422e-05,0.0005592771548623451,2.601467678758222e-05,0.013267569020888029,0.00025164086995126784,0.0004044156812597066,0.002434568712487817
natural_full_finetune_fp32_test,fp32,2,3461,up_blocks.0.resnets.1.conv1.bias,0.04231715806587689,3.51585795945853e-08,0.025671374156830365,3.236426220724708e-05,-3.121767150745906e-08,-0.032310181444163213,2.283203470013231e-05,0.0004044156812597066,0.002434568712487817
natural_full_finetune_fp32_test,fp32,2,3461,up_blocks.0.resnets.1.norm2.weight,0.19755031042829488,7.440553671392991e-07,0.04639862555234883,8.11750232104821e-05,-1.2414635516816575e-06,-0.10659997796822876,5.895208126195525e-05,0.0004044156812597066,0.002434568712487817
natural_full_finetune_fp32_test,fp32,2,3461,up_blocks.0.resnets.1.norm2.bias,0.05490745787720092,8.027997439792998e-07,0.08138019082726362,0.00017966239482701096,-1.0716656355899608e-06,-0.12417251690379379,0.00015718188166496483,0.0004044156812597066,0.002434568712487817
natural_full_finetune_fp32_test,fp32,2,3461,up_blocks.0.resnets.1.conv2.weight,8.048670742880525,-1.2243828655815882e-05,-0.0019378584662529468,0.0007850024769851348,5.159879155123162e-05,0.009075760427403011,0.0007063701618522923,0.0004044156812597066,0.002434568712487817
natural_full_finetune_fp32_test,fp32,2,3461,up_blocks.0.resnets.1.conv2.bias,0.03873834871453821,-2.468123144626933e-07,-0.06306822900515392,0.00010102179580315332,1.5900202356789304e-07,0.021238847827068585,0.00019325493543059444,0.0004044156812597066,0.002434568712487817
natural_full_finetune_fp32_test,fp32,2,3461,up_blocks.0.resnets.2.norm1.weight,0.13798212292334963,9.668909668076096e-07,0.06631105362096618,0.00010567414723150705,-5.387262364106309e-07,-0.049518772070548354,7.884523232935964e-05,0.0004044156812597066,0.002434568712487817
natural_full_finetune_fp32_test,fp32,2,3461,up_blocks.0.resnets.2.norm1.bias,0.07154787354616439,2.2251573563456735e-06,0.2763842258380535,0.0001125254464900243,-1.8444123372267548e-06,-0.23983925165553574,0.00010748330878681982,0.0004044156812597066,0.002434568712487817
natural_full_finetune_fp32_test,fp32,2,3461,up_blocks.0.resnets.2.conv1.weight,8.294466836589645,-1.7497074944842608e-05,-0.0032685213520427807,0.0006453950803220429,-1.2598872594977281e-05,-0.005483284339158638,0.00027701446156779615,0.0004044156812597066,0.002434568712487817
natural_full_finetune_fp32_test,fp32,2,3461,up_blocks.0.resnets.2.conv1.bias,0.09161167912856798,8.805142937363539e-09,0.0031990364209156723,3.004459697061818e-05,-2.7924292018853054e-07,-0.12553712795403502,2.4280584606822795e-05,0.0004044156812597066,0.002434568712487817
natural_full_finetune_fp32_test,fp32,2,3461,up_blocks.0.resnets.2.norm2.weight,0.1660266078952845,-2.7709393040240886e-06,-0.15410295191731183,0.00010830246965432461,-1.638032513531226e-07,-0.009758439142936141,0.00010110309834943195,0.0004044156812597066,0.002434568712487817
natural_full_finetune_fp32_test,fp32,2,3461,up_blocks.0.resnets.2.norm2.bias,0.06936851704112881,-9.488178265674013e-08,-0.007355072642596096,0.000185965961135738,-1.8586814972135605e-06,-0.15244540033332343,0.00017576331711392806,0.0004044156812597066,0.002434568712487817
natural_full_finetune_fp32_test,fp32,2,3461,up_blocks.0.resnets.2.conv2.weight,7.429688065205016,-5.021886901474188e-06,-0.0007993275444667093,0.0008456128395197788,3.9338788052027295e-05,0.007241015918168349,0.0007312247682629049,0.0004044156812597066,0.002434568712487817
natural_full_finetune_fp32_test,fp32,2,3461,up_blocks.0.resnets.2.conv2.bias,0.041788357118447556,1.8528500893513227e-07,0.04433041786272808,0.000100019150196351,7.24663311348004e-08,0.008953046982546512,0.00019369129961782774,0.0004044156812597066,0.002434568712487817
natural_full_finetune_fp32_test,fp32,2,3461,up_blocks.0.upsamplers.0.conv.weight,8.288149897909044,-0.0001887159564534196,-0.00755251051196421,0.003014808194516833,4.414132759883666e-05,0.002259755430421236,0.0023568196754958242,0.0004044156812597066,0.002434568712487817
natural_full_finetune_fp32_test,fp32,2,3461,up_blocks.0.upsamplers.0.conv.bias,0.04511538283197228,-1.1018816125768989e-07,-0.0719298062522178,3.395481733424599e-05,-1.0550743660582368e-07,-0.05249621484424147,4.454822804814237e-05,0.0004044156812597066,0.002434568712487817
natural_full_finetune_fp32_test,fp32,2,3461,up_blocks.1.resnets.0.norm1.weight,0.1337701761082409,2.912788518727064e-07,0.0205092952153916,0.0001061692914055144,-3.020687316473945e-07,-0.034272146496404095,6.58878244264421e-05,0.0004044156812597066,0.002434568712487817
natural_full_finetune_fp32_test,fp32,2,3461,up_blocks.1.resnets.0.norm1.bias,0.10355443976185573,5.86486977501855e-07,0.06006147592577795,9.429608234453758e-05,7.062743107749691e-07,0.11749371144432692,5.804837462588977e-05,0.0004044156812597066,0.002434568712487817
natural_full_finetune_fp32_test,fp32,2,3461,up_blocks.1.resnets.0.conv1.weight,7.9434960487217525,-1.8834754898192804e-05,-0.0032777270565555864,0.0007233950006332874,5.7656835282150614e-05,0.02598553374186193,0.00027932350003420496,0.0004044156812597066,0.002434568712487817
natural_full_finetune_fp32_test,fp32,2,3461,up_blocks.1.resnets.0.conv1.bias,0.049588409707641175,-4.5631128604427274e-08,-0.029623143123964153,3.106346463846233e-05,5.777495159027956e-09,0.006095412432177778,1.911420823452918e-05,0.0004044156812597066,0.002434568712487817
natural_full_finetune_fp32_test,fp32,2,3461,up_blocks.1.resnets.0.norm2.weight,0.10159606545424404,1.4060152348954692e-07,0.012849310769216615,0.00010770436494878161,-1.5654818881682622e-08,-0.002056736861013209,7.491907844389414e-05,0.0004044156812597066,0.002434568712487817
natural_full_finetune_fp32_test,fp32,2,3461,up_blocks.1.resnets.0.norm2.bias,0.09328230440667432,-6.063668352270928e-07,-0.07033800648087944,9.241577679660217e-05,3.7166386122361295e-07,0.057769833972839954,6.89683679214304e-05,0.0004044156812597066,0.002434568712487817
natural_full_finetune_fp32_test,fp32,2,3461,up_blocks.1.resnets.0.conv2.weight,8.135956806676786,-3.601393574588667e-05,-0.005178070536889422,0.0008548580169589412,6.329550002880707e-05,0.01753198729074866,0.000443744571979415,0.0004044156812597066,0.002434568712487817
natural_full_finetune_fp32_test,fp32,2,3461,up_blocks.1.resnets.0.conv2.bias,0.042666211019209394,-1.2811109194564123e-07,-0.089759769208213,3.345191069253798e-05,-9.147028425042812e-08,-0.048093713781920566,4.457667152937166e-05,0.0004044156812597066,0.002434568712487817
natural_full_finetune_fp32_test,fp32,2,3461,up_blocks.1.resnets.1.norm1.weight,0.11377229905578384,6.012736503901404e-08,0.005291284922848423,9.987907005889991e-05,-3.983909182897573e-07,-0.054100059899408345,6.47254605856539e-05,0.0004044156812597066,0.002434568712487817
natural_full_finetune_fp32_test,fp32,2,3461,up_blocks.1.resnets.1.norm1.bias,0.07505300729740838,-9.70337535513956e-08,-0.013451947418600495,9.611022008851894e-05,-8.327340759111173e-07,-0.16260224113563093,6.823570936712846e-05,0.0004044156812597066,0.002434568712487817
natural_full_finetune_fp32_test,fp32,2,3461,up_blocks.1.resnets.1.conv1.weight,8.466050395031465,-1.7848355756182877e-05,-0.0027072757161789047,0.0007787263615268178,5.438875803892575e-05,0.023947255277407747,0.00026827027147114665,0.0004044156812597066,0.002434568712487817
natural_full_finetune_fp32_test,fp32,2,3461,up_blocks.1.resnets.1.conv1.bias,0.06778922094383573,-1.1906662665734636e-07,-0.05291697807442955,3.3192072595126094e-05,-1.765009420333842e-07,-0.11607920610198319,2.2430138519359883e-05,0.0004044156812597066,0.002434568712487817
natural_full_finetune_fp32_test,fp32,2,3461,up_blocks.1.resnets.1.norm2.weight,0.1220904600306943,2.3293790150667232e-09,0.00020621179900388352,9.252197983550682e-05,-3.5706605547861956e-07,-0.04928044554427472,5.934610356558192e-05,0.0004044156812597066,0.002434568712487817
natural_full_finetune_fp32_test,fp32,2,3461,up_blocks.1.resnets.1.norm2.bias,0.12416200218741541,-1.5699683499520452e-07,-0.016497435033267657,7.664534143734524e-05,-5.05212243940767e-07,-0.0694843659475084,5.8559594549565186e-05,0.0004044156812597066,0.002434568712487817
natural_full_finetune_fp32_test,fp32,2,3461,up_blocks.1.resnets.1.conv2.weight,8.219017102038638,-6.96862260009648e-05,-0.009856981639245449,0.0008601676661995316,0.00010693657564316675,0.026571059068869005,0.0004896632648100521,0.0004044156812597066,0.002434568712487817
natural_full_finetune_fp32_test,fp32,2,3461,up_blocks.1.resnets.1.conv2.bias,0.046613103431377985,-8.802398779414878e-08,-0.06486300683025326,2.911360221933385e-05,-2.5993778780288074e-08,-0.013222245742840873,4.217510528981035e-05,0.0004044156812597066,0.002434568712487817
natural_full_finetune_fp32_test,fp32,2,3461,up_blocks.1.resnets.2.norm1.weight,0.11952709468028114,4.018732442945672e-07,0.025132528968215453,0.00013377856644464513,2.0916116379646655e-07,0.019232233517786065,9.098817678230969e-05,0.0004044156812597066,0.002434568712487817
natural_full_finetune_fp32_test,fp32,2,3461,up_blocks.1.resnets.2.norm1.bias,0.07140949852579836,-6.333418801051754e-07,-0.07218910605131476,0.0001228600138431788,1.6821793704179918e-07,0.0257684002866262,9.141739912438321e-05,0.0004044156812597066,0.002434568712487817
natural_full_finetune_fp32_test,fp32,2,3461,up_blocks.1.resnets.2.conv1.weight,8.376085012277327,-7.581162523056896e-05,-0.008728044073586615,0.0010369977160920296,0.00011692125563500148,0.04052656527517741,0.00034443921942341985,0.0004044156812597066,0.002434568712487817
natural_full_finetune_fp32_test,fp32,2,3461,up_blocks.1.resnets.2.conv1.bias,0.059358675005945834,-3.867613840125965e-07,-0.1457162996782368,4.471474653560864e-05,-5.616864886546836e-08,-0.030527332161510143,3.099709017663431e-05,0.0004044156812597066,0.002434568712487817
natural_full_finetune_fp32_test,fp32,2,3461,up_blocks.1.resnets.2.norm2.weight,0.12179133240475169,-1.4379556385855677e-06,-0.09789370565102243,0.00012060750626615342,-3.1794920364835706e-07,-0.028988497873881504,9.005662107363399e-05,0.0004044156812597066,0.002434568712487817
natural_full_finetune_fp32_test,fp32,2,3461,up_blocks.1.resnets.2.norm2.bias,0.10503710350238456,-6.392311231894513e-07,-0.06034792288652971,0.00010084464653036188,-1.813340830974046e-07,-0.020899203008048577,8.260512237296627e-05,0.0004044156812597066,0.002434568712487817
natural_full_finetune_fp32_test,fp32,2,3461,up_blocks.1.resnets.2.conv2.weight,7.908477385796403,-7.708370793777468e-05,-0.011636923972854487,0.0008375900762209741,0.000133279468821038,0.034057631115135184,0.0004948299056429301,0.0004044156812597066,0.002434568712487817
natural_full_finetune_fp32_test,fp32,2,3461,up_blocks.1.resnets.2.conv2.bias,0.04915141763407579,-9.565236594454015e-08,-0.07666015955718704,2.5385747119420626e-05,-4.572537236059298e-08,-0.022099349645398225,4.2096085157629176e-05,0.0004044156812597066,0.002434568712487817
natural_full_finetune_fp32_test,fp32,2,3461,up_blocks.1.upsamplers.0.conv.weight,8.157842140655317,-0.00026323087757839655,-0.010950210842578178,0.002946721236643586,0.00021054297540983995,0.01206839327903502,0.0021385332379138585,0.0004044156812597066,0.002434568712487817
natural_full_finetune_fp32_test,fp32,2,3461,up_blocks.1.upsamplers.0.conv.bias,0.04879880285852507,-2.136900523970796e-08,-0.05356074318668507,8.175767697883432e-06,2.0496536640958774e-08,0.04102018764311863,1.0239380282326614e-05,0.0004044156812597066,0.002434568712487817
natural_full_finetune_fp32_test,fp32,2,3461,up_blocks.2.resnets.0.norm1.weight,0.13347992145980123,-1.2322536869728855e-06,-0.07581262186816075,0.00012177066211812038,-2.1175159297659869e-07,-0.01795856731642309,8.833626990980433e-05,0.0004044156812597066,0.002434568712487817
natural_full_finetune_fp32_test,fp32,2,3461,up_blocks.2.resnets.0.norm1.bias,0.1055244882378484,-8.783707426321326e-08,-0.008153781690059248,0.00010208584489665102,2.1369664666991928e-07,0.027573006063004488,7.344467887882029e-05,0.0004044156812597066,0.002434568712487817
natural_full_finetune_fp32_test,fp32,2,3461,up_blocks.2.resnets.0.conv1.weight,5.735075686283302,-0.00016856773801786045,-0.029001453948188295,0.0010134808202134516,5.862450682193948e-05,0.02920679702457344,0.0003499903870517862,0.0004044156812597066,0.002434568712487817
natural_full_finetune_fp32_test,fp32,2,3461,up_blocks.2.resnets.0.conv1.bias,0.04635998589119099,-2.2858797154173073e-07,-0.17167828229463503,2.8720680073297213e-05,5.032260160220027e-08,0.06172035915088018,1.7586983077560584e-05,0.0004044156812597066,0.002434568712487817
natural_full_finetune_fp32_test,fp32,2,3461,up_blocks.2.resnets.0.norm2.weight,0.1011837376588819,-6.529086339127458e-07,-0.07606907129529837,8.482689680233384e-05,-4.705493816419294e-07,-0.06471718449466124,7.185795839101385e-05,0.0004044156812597066,0.002434568712487817
natural_full_finetune_fp32_test,fp32,2,3461,up_blocks.2.resnets.0.norm2.bias,0.060878838857090244,-6.872304304039322e-07,-0.16986335059814947,6.645632705330317e-05,1.5902206047262502e-07,0.04559834738433663,5.72851313162443e-05,0.0004044156812597066,0.002434568712487817
natural_full_finetune_fp32_test,fp32,2,3461,up_blocks.2.resnets.0.conv2.weight,3.6556176849127233,-0.00014143086965311288,-0.05585751221057361,0.0006926308847548857,1.339750093306955e-05,0.010590781875822172,0.00034604693164099886,0.0004044156812597066,0.002434568712487817
natural_full_finetune_fp32_test,fp32,2,3461,up_blocks.2.resnets.0.conv2.bias,0.03955287514305909,-1.5809235303523828e-07,-0.23887270638225633,1.673270964930696e-05,6.070475361062051e-08,0.08534936728973273,1.7982262638712592e-05,0.0004044156812597066,0.002434568712487817
natural_full_finetune_fp32_test,fp32,2,3461,up_blocks.2.resnets.0.conv_shortcut.weight,1.3904388579217892,-0.0004012778801430419,-0.034534250799851805,0.008356863058560478,0.00013489573087131762,0.01905053824985752,0.005092594053140873,0.0004044156812597066,0.002434568712487817
natural_full_finetune_fp32_test,fp32,2,3461,up_blocks.2.resnets.0.conv_shortcut.bias,0.03955292548814796,-1.5809300432244376e-07,-0.23887338640601982,1.673270964930696e-05,6.070420786671459e-08,0.08534849135114848,1.7982262638712592e-05,0.0004044156812597066,0.002434568712487817
natural_full_finetune_fp32_test,fp32,2,3461,up_blocks.2.resnets.1.norm1.weight,0.1001080017802537,-4.862003308986111e-07,-0.05947539802188717,8.165994823907375e-05,-2.896796301734264e-07,-0.08029989356289036,3.603580225397173e-05,0.0004044156812597066,0.002434568712487817
natural_full_finetune_fp32_test,fp32,2,3461,up_blocks.2.resnets.1.norm1.bias,0.07134910659217164,-6.130856284380548e-07,-0.14136791360342726,6.0782946348787307e-05,-1.7180542197950455e-07,-0.0743102531211901,3.2404071777802096e-05,0.0004044156812597066,0.002434568712487817
natural_full_finetune_fp32_test,fp32,2,3461,up_blocks.2.resnets.1.conv1.weight,3.9395394764095406,-0.00016344605802913828,-0.043460665492865126,0.0009546246005539495,1.8873945613362235e-05,0.01889390481615847,0.0002535686272027325,0.0004044156812597066,0.002434568712487817
natural_full_finetune_fp32_test,fp32,2,3461,up_blocks.2.resnets.1.conv1.bias,0.05072558262453678,-3.4363169680837105e-07,-0.14921606149102223,4.5399450873577037e-05,-6.838868582301483e-08,-0.06743689509215202,1.9992156733622755e-05,0.0004044156812597066,0.002434568712487817
natural_full_finetune_fp32_test,fp32,2,3461,up_blocks.2.resnets.1.norm2.weight,0.09108537490472955,-6.353884684167059e-08,-0.009968143183161571,6.9980398431707e-05,-2.406585521338782e-07,-0.09844625777253446,2.6838203236677138e-05,0.0004044156812597066,0.002434568712487817
natural_full_finetune_fp32_test,fp32,2,3461,up_blocks.2.resnets.1.norm2.bias,0.07881958717446078,-3.668434983473202e-07,-0.08397310490834252,5.5425096632029275e-05,-4.15020298076029e-08,-0.02049081156387656,2.5696621204097493e-05,0.0004044156812597066,0.002434568712487817
natural_full_finetune_fp32_test,fp32,2,3461,up_blocks.2.resnets.1.conv2.weight,3.6188057018046034,-0.00019483775492948197,-0.06590357931342843,0.0008169563416941136,-1.1694467620791817e-06,-0.0008324765256401885,0.0003881889723583647,0.0004044156812597066,0.002434568712487817
natural_full_finetune_fp32_test,fp32,2,3461,up_blocks.2.resnets.1.conv2.bias,0.03306269872584046,-8.066257860637203e-08,-0.15847013977787103,1.5395236348381696e-05,8.587206006795683e-08,0.14494824215598265,1.791845783735204e-05,0.0004044156812597066,0.002434568712487817
natural_full_finetune_fp32_test,fp32,2,3461,up_blocks.2.resnets.2.norm1.weight,0.09756120090397852,-6.713557047941259e-07,-0.059858027334417634,0.00011496169168354028,2.594269055054912e-07,0.05292473716602706,5.024341703342856e-05,0.0004044156812597066,0.002434568712487817
natural_full_finetune_fp32_test,fp32,2,3461,up_blocks.2.resnets.2.norm1.bias,0.07005199317041277,-1.1607818187247547e-06,-0.15537768825843556,0.00010664523236722387,6.000312296997584e-07,0.1922522110953917,4.455351927907348e-05,0.0004044156812597066,0.002434568712487817
natural_full_finetune_fp32_test,fp32,2,3461,up_blocks.2.resnets.2.conv1.weight,3.8684244483153747,-0.00022035768661175656,-0.05304259559458763,0.0010739135380635066,3.741584511792027e-05,0.03300863605329865,0.00029301770367010777,0.0004044156812597066,0.002434568712487817
natural_full_finetune_fp32_test,fp32,2,3461,up_blocks.2.resnets.2.conv1.bias,0.05017014175809355,-2.567622182297184e-07,-0.10026385023565641,5.1043613658274795e-05,2.1979003381410917e-07,0.18617669316657232,2.3530835918743455e-05,0.0004044156812597066,0.002434568712487817
natural_full_finetune_fp32_test,fp32,2,3461,up_blocks.2.resnets.2.norm2.weight,0.0976116887777321,-1.4456847903188093e-06,-0.1546349229527955,9.577765575695983e-05,-8.706706704876878e-07,-0.09309603440917998,9.581222079383627e-05,0.0004044156812597066,0.002434568712487817
natural_full_finetune_fp32_test,fp32,2,3461,up_blocks.2.resnets.2.norm2.bias,0.06721548944155421,-6.616991875279795e-07,-0.1556389311341265,6.325181564167172e-05,3.8219971321516483e-07,0.15430573914300502,3.685012049256853e-05,0.0004044156812597066,0.002434568712487817
natural_full_finetune_fp32_test,fp32,2,3461,up_blocks.2.resnets.2.conv2.weight,3.5405540665598147,-0.00015941420086221047,-0.06310102237330951,0.000713541734696205,-6.687447144033299e-06,-0.0045865326002283635,0.0004118173569942022,0.0004044156812597066,0.002434568712487817
natural_full_finetune_fp32_test,fp32,2,3461,up_blocks.2.resnets.2.conv2.bias,0.04156434568233376,-1.130589768417789e-08,-0.028699289250566286,9.477918313845274e-06,1.3982747396859165e-07,0.18772961492443774,1.7920031742956433e-05,0.0004044156812597066,0.002434568712487817
natural_full_finetune_fp32_test,fp32,2,3461,up_blocks.2.upsamplers.0.conv.weight,3.1700347317301634,-0.00029190365715552996,-0.030738119162224506,0.0029956993539830387,7.510057704080183e-05,0.008105845749416543,0.0029226776494425013,0.0004044156812597066,0.002434568712487817
natural_full_finetune_fp32_test,fp32,2,3461,up_blocks.2.upsamplers.0.conv.bias,0.04296048876056239,-2.0759024943931338e-08,-0.10659647225384412,4.5330958788359575e-06,8.322636579446393e-09,0.02443901945420916,7.926983243261158e-06,0.0004044156812597066,0.002434568712487817
natural_full_finetune_fp32_test,fp32,2,3461,up_blocks.3.resnets.0.norm1.weight,0.10128237187721012,-1.9008982398748757e-06,-0.18794119898785572,9.986263289176908e-05,1.272001408589533e-07,0.012990303401912569,9.667950860760472e-05,0.0004044156812597066,0.002434568712487817
natural_full_finetune_fp32_test,fp32,2,3461,up_blocks.3.resnets.0.norm1.bias,0.06514436805747784,-4.5851842049868106e-07,-0.09394189979421905,7.492393414730111e-05,7.900588118374766e-07,0.12121585883955326,0.00010005138453800682,0.0004044156812597066,0.002434568712487817
natural_full_finetune_fp32_test,fp32,2,3461,up_blocks.3.resnets.0.conv1.weight,2.3992453659135955,-0.00010575637226891797,-0.057042339486828526,0.000772742059873026,1.350140098449919e-05,0.011751088102854247,0.0004788793265637868,0.0004044156812597066,0.002434568712487817
natural_full_finetune_fp32_test,fp32,2,3461,up_blocks.3.resnets.0.conv1.bias,0.03374502759876314,-2.5801522020803177e-08,-0.02883548449105726,2.6516016776003595e-05,3.516457219750909e-07,0.3308339097693612,3.1498185272049054e-05,0.0004044156812597066,0.002434568712487817
natural_full_finetune_fp32_test,fp32,2,3461,up_blocks.3.resnets.0.norm2.weight,0.11135496403521689,-6.361395186904457e-07,-0.10851857069890297,5.26427694753067e-05,-4.73522806235675e-07,-0.07445460647941826,5.711362769336437e-05,0.0004044156812597066,0.002434568712487817
natural_full_finetune_fp32_test,fp32,2,3461,up_blocks.3.resnets.0.norm2.bias,0.05391550989470895,6.735389986063552e-08,0.03316703425013789,3.766538325272984e-05,4.448707408188869e-07,0.14760428671374257,5.590120323426529e-05,0.0004044156812597066,0.002434568712487817
natural_full_finetune_fp32_test,fp32,2,3461,up_blocks.3.resnets.0.conv2.weight,1.7615356453543558,-5.8635259398300905e-05,-0.10347333457750085,0.0003216910438747663,-1.6653797879730972e-05,-0.03474819423069946,0.0002720756111446669,0.0004044156812597066,0.002434568712487817
natural_full_finetune_fp32_test,fp32,2,3461,up_blocks.3.resnets.0.conv2.bias,0.028470161742754036,-3.473573154926623e-08,-0.1888371278725641,6.460990893317107e-06,7.235769316182267e-09,0.018879469813308642,1.3461857351484265e-05,0.0004044156812597066,0.002434568712487817
natural_full_finetune_fp32_test,fp32,2,3461,up_blocks.3.resnets.0.conv_shortcut.weight,0.5481565091330547,-0.00021611045614651107,-0.07735856008615695,0.005096392020521719,8.843411769552581e-05,0.031030991923838062,0.005198997557567701,0.0004044156812597066,0.002434568712487817
natural_full_finetune_fp32_test,fp32,2,3461,up_blocks.3.resnets.0.conv_shortcut.bias,0.028470235538946915,-3.473634393128546e-08,-0.1888399675392241,6.460990893317107e-06,7.235848367515377e-09,0.018879627135949543,1.3461857351484265e-05,0.0004044156812597066,0.002434568712487817
natural_full_finetune_fp32_test,fp32,2,3461,up_blocks.3.resnets.1.norm1.weight,0.08482027445231834,-2.6481106857436426e-07,-0.04496818367493832,6.942743399466807e-05,-1.089005160032489e-07,-0.02624628140436757,4.891730059314196e-05,0.0004044156812597066,0.002434568712487817
natural_full_finetune_fp32_test,fp32,2,3461,up_blocks.3.resnets.1.norm1.bias,0.041077779780777764,-2.0107327065632188e-07,-0.04953648405983686,9.881484673660252e-05,2.791291065509964e-07,0.0721898693466561,9.412866675600017e-05,0.0004044156812597066,0.002434568712487817
natural_full_finetune_fp32_test,fp32,2,3461,up_blocks.3.resnets.1.conv1.weight,1.6791381480180787,-5.234719229672973e-05,-0.04528312879779211,0.0006884470414757318,2.506913798470472e-05,0.03606317574638295,0.0004139891928599608,0.0004044156812597066,0.002434568712487817
natural_full_finetune_fp32_test,fp32,2,3461,up_blocks.3.resnets.1.conv1.bias,0.04046036856189261,-5.476846535878824e-07,-0.1676057030799207,8.076290747798377e-05,2.3253460087631738e-07,0.11187279458219875,5.137280309457399e-05,0.0004044156812597066,0.002434568712487817
natural_full_finetune_fp32_test,fp32,2,3461,up_blocks.3.resnets.1.norm2.weight,0.10716247762478864,-5.020057816758387e-07,-0.14366773061423171,3.2606692007385753e-05,-2.7422380554618316e-07,-0.047749636792757726,5.359105848521099e-05,0.0004044156812597066,0.002434568712487817
natural_full_finetune_fp32_test,fp32,2,3461,up_blocks.3.resnets.1.norm2.bias,0.06736571382690573,4.977987197643197e-08,0.024203164822613896,3.053111752287823e-05,3.6211635424144e-07,0.11484378265465309,4.6806022239441515e-05,0.0004044156812597066,0.002434568712487817
natural_full_finetune_fp32_test,fp32,2,3461,up_blocks.3.resnets.1.conv2.weight,1.6226096006125352,-6.64970617645908e-05,-0.10383940104701199,0.0003946628432451776,-4.087286956663983e-05,-0.06758786921600901,0.00037269394159246036,0.0004044156812597066,0.002434568712487817
natural_full_finetune_fp32_test,fp32,2,3461,up_blocks.3.resnets.1.conv2.bias,0.025430732179776875,-1.9352107368303178e-08,-0.12462866344538784,6.105924967177917e-06,-2.336604139673401e-08,-0.0654127833816318,1.4046355260166034e-05,0.0004044156812597066,0.002434568712487817
natural_full_finetune_fp32_test,fp32,2,3461,up_blocks.3.resnets.2.norm1.weight,0.05985026816993514,-5.628704026026446e-07,-0.07180391404560857,0.00013097674514053222,-2.6291323803815118e-06,-0.226974380810278,0.00019353945478756568,0.0004044156812597066,0.002434568712487817
natural_full_finetune_fp32_test,fp32,2,3461,up_blocks.3.resnets.2.norm1.bias,0.03416275530215854,-2.962912468316514e-06,-0.3446282862942298,0.00025166047433717074,-4.218689139662491e-06,-0.24847897514501102,0.0004969755094162155,0.0004044156812597066,0.002434568712487817
natural_full_finetune_fp32_test,fp32,2,3461,up_blocks.3.resnets.2.conv1.weight,1.6440285339186496,-4.3401999559481395e-05,-0.03017124950074216,0.0008749980618210572,3.457158213898897e-07,0.00024231277158910146,0.0008678278816526574,0.0004044156812597066,0.002434568712487817
natural_full_finetune_fp32_test,fp32,2,3461,up_blocks.3.resnets.2.conv1.bias,0.035895471614302725,-4.4176399981778305e-07,-0.10128832719300515,0.00012150419126622324,-5.70128756928566e-07,-0.09511381096314665,0.00016698970608241135,0.0004044156812597066,0.002434568712487817
natural_full_finetune_fp32_test,fp32,2,3461,up_blocks.3.resnets.2.norm2.weight,0.11041402375764235,-9.435173174641118e-07,-0.13510718925873416,6.324805572747286e-05,-9.740224917977685e-07,-0.09675385996352578,9.117514204294138e-05,0.0004044156812597066,0.002434568712487817
natural_full_finetune_fp32_test,fp32,2,3461,up_blocks.3.resnets.2.norm2.bias,0.07255395298038138,-3.94805102474607e-07,-0.12262411804195453,4.4375757629087445e-05,-4.651147946072104e-07,-0.08502343910968749,7.539810087631579e-05,0.0004044156812597066,0.002434568712487817
natural_full_finetune_fp32_test,fp32,2,3461,up_blocks.3.resnets.2.conv2.weight,1.792806442226171,-2.7736405008603627e-05,-0.06930944390024225,0.0002232155016908979,2.2718372782474843e-06,0.005453056024192135,0.00023238273448768427,0.0004044156812597066,0.002434568712487817
natural_full_finetune_fp32_test,fp32,2,3461,up_blocks.3.resnets.2.conv2.bias,0.040349708398116,-1.6996887139465438e-08,-0.11604943626824234,3.6298272365428203e-06,-4.704123797799461e-08,-0.11144552646439818,1.046106021280669e-05,0.0004044156812597066,0.002434568712487817
natural_full_finetune_fp32_test,fp32,2,3461,mid_block.attentions.0.group_norm.weight,0.35647809625715937,2.107600955141847e-06,0.059791359391406756,9.888196982491911e-05,2.2628225280404595e-06,0.07229373447834185,8.78045424797877e-05,0.0004044156812597066,0.002434568712487817
natural_full_finetune_fp32_test,fp32,2,3461,mid_block.attentions.0.group_norm.bias,0.06731483719432396,-6.563056960731388e-07,-0.1029030803657078,9.474733393817317e-05,5.272353830112016e-07,0.0715854100168151,0.0001094130769857775,0.0004044156812597066,0.002434568712487817
natural_full_finetune_fp32_test,fp32,2,3461,mid_block.attentions.0.to_q.weight,2.531763729425158,-4.657243061567317e-06,-0.010185244248772483,0.00018060687677246218,1.0273418800848773e-06,0.0031362246015822063,0.00012938521793288664,0.0004044156812597066,0.002434568712487817
natural_full_finetune_fp32_test,fp32,2,3461,mid_block.attentions.0.to_q.bias,0.1020284812436708,6.285101911386918e-08,0.053665571275195605,1.1478764482584442e-05,1.4711750024627837e-07,0.2005713836420831,7.18909039623989e-06,0.0004044156812597066,0.002434568712487817
natural_full_finetune_fp32_test,fp32,2,3461,mid_block.attentions.0.to_k.weight,2.507266040440629,2.6069105904947274e-06,0.005344587453693182,0.00019454117297748559,3.411734403875405e-06,0.011173783032008926,0.00012177960536161209,0.0004044156812597066,0.002434568712487817
natural_full_finetune_fp32_test,fp32,2,3461,mid_block.attentions.0.to_k.bias,4.815356751763761e-05,2.360134350227979e-16,0.2523531400274833,1.9422250218691654e-11,-4.014591116762736e-17,-0.08804490821878813,9.469097891505164e-12,0.0004044156812597066,0.002434568712487817
natural_full_finetune_fp32_test,fp32,2,3461,mid_block.attentions.0.to_v.weight,1.9394181435094502,-1.9714176349561095e-05,-0.012296245332988667,0.000826674732271208,-7.15063495434023e-06,-0.005658014460811744,0.0006516420484952482,0.0004044156812597066,0.002434568712487817
natural_full_finetune_fp32_test,fp32,2,3461,mid_block.attentions.0.to_v.bias,0.03545606978002248,5.03506402871705e-08,0.022673923651325086,6.263076613887431e-05,-8.667763925086709e-08,-0.03418787886260202,7.150630294092848e-05,0.0004044156812597066,0.002434568712487817
natural_full_finetune_fp32_test,fp32,2,3461,mid_block.attentions.0.to_out.0.weight,2.522673807234889,-1.9341649384660703e-05,-0.007095064640198511,0.001080627590957255,-3.788922851767793e-05,-0.0123054119483533,0.0012205582409830884,0.0004044156812597066,0.002434568712487817
natural_full_finetune_fp32_test,fp32,2,3461,mid_block.attentions.0.to_out.0.bias,0.04774315658515904,3.298949303630813e-08,0.006200766957694083,0.00011143435471721582,-4.868200400818544e-07,-0.04875330655894428,0.0002091477719934651,0.0004044156812597066,0.002434568712487817
natural_full_finetune_fp32_test,fp32,2,3461,mid_block.resnets.0.norm1.weight,0.09001808099663967,7.939164240080221e-07,0.10501872538489618,8.398046849429362e-05,-9.056755290418381e-07,-0.10098355694615248,9.963047921324765e-05,0.0004044156812597066,0.002434568712487817
natural_full_finetune_fp32_test,fp32,2,3461,mid_block.resnets.0.norm1.bias,0.0781070835620732,5.110105263527959e-07,0.07301592786661619,8.960284841638068e-05,-3.439077963888162e-06,-0.3606767308810443,0.0001220768950514645,0.0004044156812597066,0.002434568712487817
natural_full_finetune_fp32_test,fp32,2,3461,mid_block.resnets.0.conv1.weight,7.110649508650785,-1.2994186481308171e-05,-0.0031475227105072718,0.0005805918703183075,2.4509443823923554e-05,0.007358149691370049,0.00046844171810642014,0.0004044156812597066,0.002434568712487817
natural_full_finetune_fp32_test,fp32,2,3461,mid_block.resnets.0.conv1.bias,0.05284019947156628,1.1074470660250914e-08,0.014349757742711983,1.4605416939813465e-05,-3.4099900787095654e-08,-0.031323271468013954,2.0602577317525017e-05,0.0004044156812597066,0.002434568712487817
natural_full_finetune_fp32_test,fp32,2,3461,mid_block.resnets.0.norm2.weight,0.1888527843453194,-2.4638720572876503e-06,-0.09057334621994204,0.00014404372607988974,-6.476652132098548e-07,-0.014689971050718825,0.00023345664452216537,0.0004044156812597066,0.002434568712487817
natural_full_finetune_fp32_test,fp32,2,3461,mid_block.resnets.0.norm2.bias,0.06044888583380577,-3.3270259568644096e-06,-0.22298114119779866,0.00024683102961419693,-5.160249256600304e-06,-0.24829118689349255,0.000343812034962708,0.0004044156812597066,0.002434568712487817
natural_full_finetune_fp32_test,fp32,2,3461,mid_block.resnets.0.conv2.weight,7.897858228608481,-8.790002921321042e-05,-0.009633581295026035,0.0011552924074278766,-5.918023056976355e-05,-0.007020173629583091,0.0010673809944916402,0.0004044156812597066,0.002434568712487817
natural_full_finetune_fp32_test,fp32,2,3461,mid_block.resnets.0.conv2.bias,0.03831969156313472,-3.5977582283304176e-07,-0.08016434116208082,0.00011711937408009649,-9.103325982121597e-07,-0.10780041119226093,0.0002203726390429576,0.0004044156812597066,0.002434568712487817
natural_full_finetune_fp32_test,fp32,2,3461,mid_block.resnets.1.norm1.weight,0.13335593697331052,1.2445813335220288e-06,0.18606012209770453,5.016001137464106e-05,5.199318611887828e-07,0.06172635042504869,6.316310577711053e-05,0.0004044156812597066,0.002434568712487817
natural_full_finetune_fp32_test,fp32,2,3461,mid_block.resnets.1.norm1.bias,0.08964963116647515,6.75442145755469e-07,0.1221656103894541,6.167237587296509e-05,5.324382912234874e-07,0.08533587082053257,6.959678038149448e-05,0.0004044156812597066,0.002434568712487817
natural_full_finetune_fp32_test,fp32,2,3461,mid_block.resnets.1.conv1.weight,7.686873163439891,4.315063610948043e-06,0.0013306830764735645,0.00042185466264893165,7.1017277810442244e-06,0.0032417578492463547,0.00028499269946594743,0.0004044156812597066,0.002434568712487817
natural_full_finetune_fp32_test,fp32,2,3461,mid_block.resnets.1.conv1.bias,0.053665781505775924,3.1084953317979595e-08,0.04386962662784815,1.3203492503356181e-05,-1.961101142849267e-08,-0.021884753621293124,1.6697862209835998e-05,0.0004044156812597066,0.002434568712487817
natural_full_finetune_fp32_test,fp32,2,3461,mid_block.resnets.1.norm2.weight,0.17747435905330833,-8.502433461573857e-07,-0.0736259711026996,6.506936813470438e-05,-1.1361468564176969e-06,-0.06885981363346175,9.296789802428588e-05,0.0004044156812597066,0.002434568712487817
natural_full_finetune_fp32_test,fp32,2,3461,mid_block.resnets.1.norm2.bias,0.052733571806742485,-1.257360216719513e-06,-0.11012109184720238,0.0002165219939381203,-2.237597098308251e-06,-0.18585676289255787,0.0002283054784836326,0.0004044156812597066,0.002434568712487817
natural_full_finetune_fp32_test,fp32,2,3461,mid_block.resnets.1.conv2.weight,8.10073151940638,-2.2628835527981513e-05,-0.004237236758622068,0.000659257737998344,1.930321805574934e-05,0.004112617666528039,0.000579411540636543,0.0004044156812597066,0.002434568712487817
natural_full_finetune_fp32_test,fp32,2,3461,mid_block.resnets.1.conv2.bias,0.04035880647704052,-2.551789802333076e-07,-0.05917039478623171,0.00010685678813786971,-4.2851576601486185e-07,-0.05375512871790974,0.00019751886647973398,0.0004044156812597066,0.002434568712487817
natural_full_finetune_fp32_test,fp32,2,3461,conv_norm_out.weight,0.13418094572288605,-5.352816131298443e-06,-0.16878637882119535,0.00023634916990039422,-5.681173643302668e-06,-0.06508836839047451,0.0006504948013375567,0.0004044156812597066,0.002434568712487817
natural_full_finetune_fp32_test,fp32,2,3461,conv_norm_out.bias,0.044620603358704165,-1.1066126115439072e-06,-0.10337714862315237,0.00023990297171969037,-4.351099318511893e-06,-0.1087852458799095,0.0008963828946404145,0.0004044156812597066,0.002434568712487817
natural_full_finetune_fp32_test,fp32,2,3461,conv_out.weight,0.10082696078787964,-7.910021125511003e-05,-0.06186605134067681,0.012680855952187474,0.00011193590516170482,0.09576249439117168,0.011593038792034015,0.0004044156812597066,0.002434568712487817
natural_full_finetune_fp32_test,fp32,2,3461,conv_out.bias,0.0019874670120687906,2.2415520874012346e-07,0.2786112608652289,0.0004048090754643516,-4.391496107615403e-06,-0.8159588535831941,0.0027079729014284864,0.0004044156812597066,0.002434568712487817
natural_full_finetune_fp32_test,fp32,3,3462,conv_in.weight,0.4848696679796622,-7.669140162546343e-07,-0.058181399956049026,2.7185510408975767e-05,0.00012995045712832384,0.22680715785896768,0.0011816695332549268,3.2714779081288725e-06,0.0002914123178925365
natural_full_finetune_fp32_test,fp32,3,3462,conv_in.bias,0.05699609845397876,-7.57176631225228e-08,-0.3738394545061031,3.5535868945449605e-06,1.143878468317913e-06,0.12630779168581197,0.0001588929451694463,3.2714779081288725e-06,0.0002914123178925365
natural_full_finetune_fp32_test,fp32,3,3462,up_blocks.0.resnets.0.norm1.weight,0.1244284702666298,-2.0050049230852927e-08,-0.15825236677676116,1.0182290130217545e-06,3.897222684387571e-08,0.02551298488319261,1.2276489257560164e-05,3.2714779081288725e-06,0.0002914123178925365
natural_full_finetune_fp32_test,fp32,3,3462,up_blocks.0.resnets.0.norm1.bias,0.08422343237826685,-6.920043514104299e-09,-0.08509451947179633,9.65548956524279e-07,6.505843651578459e-08,0.0523117777445262,1.4766283646844958e-05,3.2714779081288725e-06,0.0002914123178925365
natural_full_finetune_fp32_test,fp32,3,3462,up_blocks.0.resnets.0.conv1.weight,7.641154296973767,-1.4101323399986503e-08,-0.00025189255972353904,7.326314597707525e-06,4.1740301937884815e-07,0.0005814184228197077,9.395238909815539e-05,3.2714779081288725e-06,0.0002914123178925365
natural_full_finetune_fp32_test,fp32,3,3462,up_blocks.0.resnets.0.conv1.bias,0.0411214521742979,-1.7513201168173995e-09,-0.1474567409049479,2.888234573339937e-07,5.206375147553178e-09,0.02463409121726562,5.139613602919056e-06,3.2714779081288725e-06,0.0002914123178925365
natural_full_finetune_fp32_test,fp32,3,3462,up_blocks.0.resnets.0.norm2.weight,0.20688781413908697,-2.675761923657173e-08,-0.11443716629904606,1.1301743930511292e-06,3.0344164344864434e-07,0.06750019960327135,2.1728773539246667e-05,3.2714779081288725e-06,0.0002914123178925365
natural_full_finetune_fp32_test,fp32,3,3462,up_blocks.0.resnets.0.norm2.bias,0.054133247822248015,-1.1900437662568882e-08,-0.08495220570171476,2.587761159961496e-06,5.97880247381761e-07,0.21126010138614437,5.2279645918274506e-05,3.2714779081288725e-06,0.0002914123178925365
natural_full_finetune_fp32_test,fp32,3,3462,up_blocks.0.resnets.0.conv2.weight,8.165277197325338,-8.791499038258082e-09,-9.120660581209504e-05,1.1804992241059703e-05,-1.0132475116271059e-06,-0.00023310749623767696,0.0005323391088549355,3.2714779081288725e-06,0.0002914123178925365
natural_full_finetune_fp32_test,fp32,3,3462,up_blocks.0.resnets.0.conv2.bias,0.0362955011356782,1.9387253348623286e-09,0.023657866916857895,2.257812660938983e-06,-2.051549210794958e-07,-0.038423919999048865,0.0001471050128785502,3.2714779081288725e-06,0.0002914123178925365
natural_full_finetune_fp32_test,fp32,3,3462,up_blocks.0.resnets.1.norm1.weight,0.11975735964716548,1.2454135993319154e-08,0.09548201376887694,1.0891553307772724e-06,-2.5908939221535965e-07,-0.15068289278145783,1.4357653588944623e-05,3.2714779081288725e-06,0.0002914123178925365
natural_full_finetune_fp32_test,fp32,3,3462,up_blocks.0.resnets.1.norm1.bias,0.06023961441714257,5.094323836450673e-09,0.05872301833309487,1.4401110920136406e-06,-1.1532039931698863e-07,-0.10971019736727346,1.7449257749890345e-05,3.2714779081288725e-06,0.0002914123178925365
natural_full_finetune_fp32_test,fp32,3,3462,up_blocks.0.resnets.1.conv1.weight,7.791945405127236,9.372962402746668e-09,0.00015456918470897591,7.78230160180124e-06,2.6541583401716737e-06,0.0037174612663159433,9.162932242499225e-05,3.2714779081288725e-06,0.0002914123178925365
natural_full_finetune_fp32_test,fp32,3,3462,up_blocks.0.resnets.1.conv1.bias,0.04231715806587689,-5.142567780633579e-10,-0.03529525536218759,3.443080704253378e-07,4.966622428119718e-10,0.0022299075890436283,5.26329589525721e-06,3.2714779081288725e-06,0.0002914123178925365
natural_full_finetune_fp32_test,fp32,3,3462,up_blocks.0.resnets.1.norm2.weight,0.19755031042829488,-5.38047748550642e-09,-0.024724285436382335,1.1015883978440964e-06,-1.0407636106539142e-08,-0.0033976828275626165,1.5505706081904602e-05,3.2714779081288725e-06,0.0002914123178925365
natural_full_finetune_fp32_test,fp32,3,3462,up_blocks.0.resnets.1.norm2.bias,0.05490745787720092,4.863284838773006e-09,0.03263929314068309,2.713673694340575e-06,1.0356883866021979e-07,0.039124601891205,4.821118850979415e-05,3.2714779081288725e-06,0.0002914123178925365
natural_full_finetune_fp32_test,fp32,3,3462,up_blocks.0.resnets.1.conv2.weight,8.048670742880525,3.334613731732404e-08,0.00030334220973523353,1.3658044601119593e-05,-1.9134990599691824e-07,-3.676839615962909e-05,0.0006465906278771904,3.2714779081288725e-06,0.0002914123178925365
natural_full_finetune_fp32_test,fp32,3,3462,up_blocks.0.resnets.1.conv2.bias,0.03873834871453821,-1.587140486822985e-09,-0.018327040622211518,2.235537316007194e-06,-2.1587424467468422e-07,-0.037950310623269264,0.00014684000540170718,3.2714779081288725e-06,0.0002914123178925365
natural_full_finetune_fp32_test,fp32,3,3462,up_blocks.0.resnets.2.norm1.weight,0.13798212292334963,1.930533309608268e-09,0.010654734568201386,1.3131424526482282e-06,-7.462288218095293e-08,-0.02612438504824979,2.0701562217965292e-05,3.2714779081288725e-06,0.0002914123178925365
natural_full_finetune_fp32_test,fp32,3,3462,up_blocks.0.resnets.2.norm1.bias,0.07154787354616439,-1.0290319581768386e-08,-0.10653838763371688,1.3499758894918001e-06,-1.7533290535194587e-07,-0.12304076037050866,1.9916714239939447e-05,3.2714779081288725e-06,0.0002914123178925365
natural_full_finetune_fp32_test,fp32,3,3462,up_blocks.0.resnets.2.conv1.weight,8.294466836589645,-6.258584968401305e-07,-0.008164923682892988,9.241352748969418e-06,-2.9326640732579854e-06,-0.002886047002862133,0.0001225096908572206,3.2714779081288725e-06,0.0002914123178925365
natural_full_finetune_fp32_test,fp32,3,3462,up_blocks.0.resnets.2.conv1.bias,0.09161167912856798,-3.076467916002767e-09,-0.09332731954277242,3.5982617674321525e-07,-5.583150553718384e-09,-0.008981300992934,6.7856154587567924e-06,3.2714779081288725e-06,0.0002914123178925365
natural_full_finetune_fp32_test,fp32,3,3462,up_blocks.0.resnets.2.norm2.weight,0.1660266078952845,1.8830020181323417e-09,0.006487920044706611,1.7481053481048237e-06,-4.378559212898879e-08,-0.009613308787620137,2.7433463420423092e-05,3.2714779081288725e-06,0.0002914123178925365
natural_full_finetune_fp32_test,fp32,3,3462,up_blocks.0.resnets.2.norm2.bias,0.06936851704112881,-2.3706935626540568e-08,-0.13375900818387235,2.554994504370325e-06,-2.4192892684944546e-08,-0.007163724675613969,4.868402788835846e-05,3.2714779081288725e-06,0.0002914123178925365
natural_full_finetune_fp32_test,fp32,3,3462,up_blocks.0.resnets.2.conv2.weight,7.429688065205016,-3.1255602690618986e-07,-0.0028958113422780556,1.4527371161682459e-05,-9.418429387089861e-06,-0.0020103397313332334,0.0006305774701835929,3.2714779081288725e-06,0.0002914123178925365
natural_full_finetune_fp32_test,fp32,3,3462,up_blocks.0.resnets.2.conv2.bias,0.041788357118447556,-1.6149167008162552e-09,-0.016844798024338865,2.2941880875840145e-06,-1.9375346030292132e-07,-0.031571992084153816,0.00014685616562980927,3.2714779081288725e-06,0.0002914123178925365
natural_full_finetune_fp32_test,fp32,3,3462,up_blocks.0.upsamplers.0.conv.weight,8.288149897909044,-5.901063313623741e-07,-0.00156277030832344,4.555935069473135e-05,8.495710640362946e-05,0.005226536699295977,0.001961228117045154,3.2714779081288725e-06,0.0002914123178925365
natural_full_finetune_fp32_test,fp32,3,3462,up_blocks.0.upsamplers.0.conv.bias,0.04511538283197228,-2.3003799725956133e-09,-0.08746090970341006,5.82989778923314e-07,-2.015183602824078e-09,-0.0013928869156522874,3.206816540421574e-05,3.2714779081288725e-06,0.0002914123178925365
natural_full_finetune_fp32_test,fp32,3,3462,up_blocks.1.resnets.0.norm1.weight,0.1337701761082409,1.7169850611835832e-08,0.07412274064507544,1.7316325828025344e-06,1.420689561438572e-07,0.05913928664015032,1.7958241560557062e-05,3.2714779081288725e-06,0.0002914123178925365
natural_full_finetune_fp32_test,fp32,3,3462,up_blocks.1.resnets.0.norm1.bias,0.10355443976185573,4.631403154569871e-09,0.03227274240635019,1.3858237251455985e-06,1.7322227822230556e-07,0.11088741665597665,1.5085258509035769e-05,3.2714779081288725e-06,0.0002914123178925365
natural_full_finetune_fp32_test,fp32,3,3462,up_blocks.1.resnets.0.conv1.weight,7.9434960487217525,-4.401321107784807e-08,-0.0005065859481516988,1.0937504173120013e-05,4.183336503113915e-07,0.0005409654271359204,9.735126650227568e-05,3.2714779081288725e-06,0.0002914123178925365
natural_full_finetune_fp32_test,fp32,3,3462,up_blocks.1.resnets.0.conv1.bias,0.049588409707641175,-9.92556739478554e-10,-0.045955333600272014,4.3555122417792276e-07,-1.4347538159132122e-08,-0.05881685953874514,4.919210144025998e-06,3.2714779081288725e-06,0.0002914123178925365
natural_full_finetune_fp32_test,fp32,3,3462,up_blocks.1.resnets.0.norm2.weight,0.10159606545424404,-4.188007516850271e-09,-0.02633751754501617,1.565149134405239e-06,8.087054586352923e-08,0.038680670844276684,2.0578773532852337e-05,3.2714779081288725e-06,0.0002914123178925365
natural_full_finetune_fp32_test,fp32,3,3462,up_blocks.1.resnets.0.norm2.bias,0.09328230440667432,9.552683478650577e-09,0.07348515204075347,1.393562735872335e-06,-1.2007796814830336e-07,-0.07124155582203191,1.8068856510765054e-05,3.2714779081288725e-06,0.0002914123178925365
natural_full_finetune_fp32_test,fp32,3,3462,up_blocks.1.resnets.0.conv2.weight,8.135956806676786,-6.70179337472234e-07,-0.006741855522313779,1.2218079824227956e-05,9.009355360878713e-06,0.003385392956345886,0.0003270965750959407,3.2714779081288725e-06,0.0002914123178925365
natural_full_finetune_fp32_test,fp32,3,3462,up_blocks.1.resnets.0.conv2.bias,0.042666211019209394,-1.9465976581309645e-09,-0.08328428588824775,5.47808861587587e-07,2.4368436399750007e-08,0.01782460070011701,3.204230698245869e-05,3.2714779081288725e-06,0.0002914123178925365
natural_full_finetune_fp32_test,fp32,3,3462,up_blocks.1.resnets.1.norm1.weight,0.11377229905578384,4.684908059599163e-10,0.0029143382526912935,1.4129428023165278e-06,-4.162203129217076e-08,-0.023626597323882954,1.548408539069754e-05,3.2714779081288725e-06,0.0002914123178925365
natural_full_finetune_fp32_test,fp32,3,3462,up_blocks.1.resnets.1.norm1.bias,0.07505300729740838,-1.146071670828565e-08,-0.1289278181044923,1.1843963106215176e-06,-2.094155711766738e-08,-0.019476858543462854,1.4325901538490395e-05,3.2714779081288725e-06,0.0002914123178925365
natural_full_finetune_fp32_test,fp32,3,3462,up_blocks.1.resnets.1.conv1.weight,8.466050395031465,-4.2912852890411554e-07,-0.004823677484676633,1.0508198686196354e-05,5.307354472368577e-06,0.007221006860522622,8.681594315424192e-05,3.2714779081288725e-06,0.0002914123178925365
natural_full_finetune_fp32_test,fp32,3,3462,up_blocks.1.resnets.1.conv1.bias,0.06778922094383573,-1.8273781400890184e-09,-0.061921896346991245,4.3533494940482105e-07,-1.2153864031343361e-08,-0.03253557376943842,5.51055397510893e-06,3.2714779081288725e-06,0.0002914123178925365
natural_full_finetune_fp32_test,fp32,3,3462,up_blocks.1.resnets.1.norm2.weight,0.1220904600306943,-2.182108383385446e-09,-0.01257939493600492,1.4208061734271977e-06,4.385327118405063e-08,0.021907427250002966,1.639565934359628e-05,3.2714779081288725e-06,0.0002914123178925365
natural_full_finetune_fp32_test,fp32,3,3462,up_blocks.1.resnets.1.norm2.bias,0.12416200218741541,-6.836599633861262e-10,-0.0048691532775560695,1.1308317515603095e-06,-9.179756891094528e-08,-0.050090207037033235,1.4760111760224774e-05,3.2714779081288725e-06,0.0002914123178925365
natural_full_finetune_fp32_test,fp32,3,3462,up_blocks.1.resnets.1.conv2.weight,8.219017102038638,-7.423389920446283e-07,-0.00752153609621954,1.2008142823120503e-05,9.300398017536902e-06,0.002999759225064605,0.0003772204711836794,3.2714779081288725e-06,0.0002914123178925365
natural_full_finetune_fp32_test,fp32,3,3462,up_blocks.1.resnets.1.conv2.bias,0.046613103431377985,-2.0700559360433047e-09,-0.08721056473391146,5.092194266229469e-07,1.836178919537578e-08,0.012297606529213573,3.2032171806661184e-05,3.2714779081288725e-06,0.0002914123178925365
natural_full_finetune_fp32_test,fp32,3,3462,up_blocks.1.resnets.2.norm1.weight,0.11952709468028114,5.499610284475242e-09,0.025437991594999224,1.8087674443253225e-06,9.04748510998922e-09,0.0029388248845566033,2.575655680654548e-05,3.2714779081288725e-06,0.0002914123178925365
natural_full_finetune_fp32_test,fp32,3,3462,up_blocks.1.resnets.2.norm1.bias,0.07140949852579836,-2.9714027967159035e-09,-0.026297062229659388,1.5823345482356071e-06,1.041452837841778e-07,0.07221321722458135,2.0196072937608333e-05,3.2714779081288725e-06,0.0002914123178925365
natural_full_finetune_fp32_test,fp32,3,3462,up_blocks.1.resnets.2.conv1.weight,8.376085012277327,-8.765984693352846e-07,-0.008397051289890392,1.2463293590269535e-05,9.111596456577201e-06,0.00929647069496235,0.00011701331843813122,3.2714779081288725e-06,0.0002914123178925365
natural_full_finetune_fp32_test,fp32,3,3462,up_blocks.1.resnets.2.conv1.bias,0.059358675005945834,-1.2286055043513747e-09,-0.03995678066875572,5.18009552864185e-07,3.521073023379771e-08,0.07142292358866201,8.305259572609884e-06,3.2714779081288725e-06,0.0002914123178925365
natural_full_finetune_fp32_test,fp32,3,3462,up_blocks.1.resnets.2.norm2.weight,0.12179133240475169,-1.8078811701687502e-08,-0.08337221909050566,1.7804596613110939e-06,1.107249654525752e-07,0.03617768095790185,2.5129766152370637e-05,3.2714779081288725e-06,0.0002914123178925365
natural_full_finetune_fp32_test,fp32,3,3462,up_blocks.1.resnets.2.norm2.bias,0.10503710350238456,4.4772491036967224e-09,0.031969324014957314,1.3333220694930226e-06,1.1436736469212325e-07,0.05565346538840334,1.956442844732084e-05,3.2714779081288725e-06,0.0002914123178925365
natural_full_finetune_fp32_test,fp32,3,3462,up_blocks.1.resnets.2.conv2.weight,7.908477385796403,-5.334302744354069e-07,-0.00606698765816729,1.1117616051383963e-05,1.883212939530572e-05,0.005819841422030933,0.0004091621021411366,3.2714779081288725e-06,0.0002914123178925365
natural_full_finetune_fp32_test,fp32,3,3462,up_blocks.1.resnets.2.conv2.bias,0.04915141763407579,-2.2461290265219256e-09,-0.09841887232621879,4.643230753837492e-07,2.6348126560176448e-08,0.016742954146352844,3.2017071411918996e-05,3.2714779081288725e-06,0.0002914123178925365
natural_full_finetune_fp32_test,fp32,3,3462,up_blocks.1.upsamplers.0.conv.weight,8.157842140655317,-2.7850553883253566e-06,-0.008274424848748215,4.125919246662681e-05,0.00015007819188631426,0.009604106140131885,0.0019155140443952504,3.2714779081288725e-06,0.0002914123178925365
natural_full_finetune_fp32_test,fp32,3,3462,up_blocks.1.upsamplers.0.conv.bias,0.04879880285852507,4.748088270268818e-11,0.007525229587526961,1.292974208404544e-07,6.582069969570533e-09,0.017384656210142426,7.758668921436794e-06,3.2714779081288725e-06,0.0002914123178925365
natural_full_finetune_fp32_test,fp32,3,3462,up_blocks.2.resnets.0.norm1.weight,0.13347992145980123,-1.7628967077722484e-08,-0.08002777870241477,1.6503275958025143e-06,-3.693877924546131e-08,-0.0064624483160705595,4.282225304736e-05,3.2714779081288725e-06,0.0002914123178925365
natural_full_finetune_fp32_test,fp32,3,3462,up_blocks.2.resnets.0.norm1.bias,0.1055244882378484,-8.341887660990027e-10,-0.006759450014052461,1.169498641155468e-06,-3.9092852606197255e-07,-0.1518056649734657,2.44037253653221e-05,3.2714779081288725e-06,0.0002914123178925365
natural_full_finetune_fp32_test,fp32,3,3462,up_blocks.2.resnets.0.conv1.weight,5.735075686283302,-8.080818802242569e-07,-0.012030123944425425,1.1712405856492098e-05,6.645766234692858e-06,0.006539067055127439,0.00017721077149388683,3.2714779081288725e-06,0.0002914123178925365
natural_full_finetune_fp32_test,fp32,3,3462,up_blocks.2.resnets.0.conv1.bias,0.04635998589119099,1.3780526684124019e-09,0.0982140063994567,3.026558647201316e-07,-1.5297574229193704e-08,-0.05147370867955365,6.410528182610783e-06,3.2714779081288725e-06,0.0002914123178925365
natural_full_finetune_fp32_test,fp32,3,3462,up_blocks.2.resnets.0.norm2.weight,0.1011837376588819,1.511468052821476e-08,0.11810023791941558,1.2648455049972022e-06,-4.1247394485381244e-07,-0.09382950981569253,4.344565556810689e-05,3.2714779081288725e-06,0.0002914123178925365
natural_full_finetune_fp32_test,fp32,3,3462,up_blocks.2.resnets.0.norm2.bias,0.060878838857090244,1.794569667760174e-09,0.036070701895538175,8.172207196337786e-07,-2.5282037695614045e-08,-0.021089274508881577,1.9691739147949178e-05,3.2714779081288725e-06,0.0002914123178925365
natural_full_finetune_fp32_test,fp32,3,3462,up_blocks.2.resnets.0.conv2.weight,3.6556176849127233,-7.645975466026189e-07,-0.021994024056930336,9.509713535725315e-06,2.041931129167227e-06,0.0017835938187172442,0.0003131730354507019,3.2714779081288725e-06,0.0002914123178925365
natural_full_finetune_fp32_test,fp32,3,3462,up_blocks.2.resnets.0.conv2.bias,0.03955287514305909,-1.3176515812143855e-10,-0.015809141079968385,2.1072412253699419e-07,6.327539467183145e-09,0.01079372414350549,1.482127241906682e-05,3.2714779081288725e-06,0.0002914123178925365
natural_full_finetune_fp32_test,fp32,3,3462,up_blocks.2.resnets.0.conv_shortcut.weight,1.3904388579217892,-2.068742512794808e-06,-0.014681199482503925,0.00010134282428147186,5.197178852141217e-05,0.007484423847271721,0.004994101818887925,3.2714779081288725e-06,0.0002914123178925365
natural_full_finetune_fp32_test,fp32,3,3462,up_blocks.2.resnets.0.conv_shortcut.bias,0.03955292548814796,-1.317718103426377e-10,-0.01580991908757746,2.1072412253699419e-07,6.327507998008956e-09,0.010793656723593333,1.482127241906682e-05,3.2714779081288725e-06,0.0002914123178925365
natural_full_finetune_fp32_test,fp32,3,3462,up_blocks.2.resnets.1.norm1.weight,0.1001080017802537,-1.7039190690612603e-09,-0.01778254206582448,9.57163933707901e-07,3.6389561951890934e-08,0.029294160328410458,1.2408719884793499e-05,3.2714779081288725e-06,0.0002914123178925365
natural_full_finetune_fp32_test,fp32,3,3462,up_blocks.2.resnets.1.norm1.bias,0.07134910659217164,-1.7242426973887118e-09,-0.03783930359891658,6.386555946081529e-07,-3.662015319260704e-08,-0.05882877408043602,8.724525553992412e-06,3.2714779081288725e-06,0.0002914123178925365
natural_full_finetune_fp32_test,fp32,3,3462,up_blocks.2.resnets.1.conv1.weight,3.9395394764095406,-4.535617068000976e-07,-0.010903589837417538,1.0558966646035524e-05,1.144376859572542e-07,0.0002452958092839222,0.0001184222973569292,3.2714779081288725e-06,0.0002914123178925365
natural_full_finetune_fp32_test,fp32,3,3462,up_blocks.2.resnets.1.conv1.bias,0.05072558262453678,-3.0012256346094666e-10,-0.013687328628656573,4.3226782277192874e-07,-1.3922688940680266e-08,-0.044799815075441556,6.12660463311562e-06,3.2714779081288725e-06,0.0002914123178925365
natural_full_finetune_fp32_test,fp32,3,3462,up_blocks.2.resnets.1.norm2.weight,0.09108537490472955,-1.8131305549737532e-09,-0.026746407466138697,7.442433622575773e-07,2.2241535717951084e-08,0.022468086383979312,1.0868010157257176e-05,3.2714779081288725e-06,0.0002914123178925365
natural_full_finetune_fp32_test,fp32,3,3462,up_blocks.2.resnets.1.norm2.bias,0.07881958717446078,-1.0193905157616431e-09,-0.025350747260956992,5.1017088160432e-07,1.4908761133794497e-09,0.0021467600735915987,8.810973422416898e-06,3.2714779081288725e-06,0.0002914123178925365
natural_full_finetune_fp32_test,fp32,3,3462,up_blocks.2.resnets.1.conv2.weight,3.6188057018046034,-1.0307548145132343e-06,-0.028961425515041075,9.83490505289862e-06,5.294170685975309e-06,0.004128962101661425,0.00035431682565856157,3.2714779081288725e-06,0.0002914123178925365
natural_full_finetune_fp32_test,fp32,3,3462,up_blocks.2.resnets.1.conv2.bias,0.03306269872584046,4.2386071530435113e-10,0.06393039307052772,2.0052914046859974e-07,1.7637757316852388e-08,0.03595824628306472,1.4835649363274094e-05,3.2714779081288725e-06,0.0002914123178925365
natural_full_finetune_fp32_test,fp32,3,3462,up_blocks.2.resnets.2.norm1.weight,0.09756120090397852,-5.277560384003215e-09,-0.04436593606349887,1.2192883508460104e-06,-3.0507523130177755e-07,-0.08497829160875921,3.679779671417528e-05,3.2714779081288725e-06,0.0002914123178925365
natural_full_finetune_fp32_test,fp32,3,3462,up_blocks.2.resnets.2.norm1.bias,0.07005199317041277,-3.6955886053869687e-09,-0.051644851771999074,1.0214946289522144e-06,-4.6849560149436184e-08,-0.03540507641571422,1.8889457492153615e-05,3.2714779081288725e-06,0.0002914123178925365
natural_full_finetune_fp32_test,fp32,3,3462,up_blocks.2.resnets.2.conv1.weight,3.8684244483153747,-1.0615664046930295e-06,-0.02164306104188526,1.267927327696096e-05,-2.1491215163681e-05,-0.0254255520000518,0.00021850252621989638,3.2714779081288725e-06,0.0002914123178925365
natural_full_finetune_fp32_test,fp32,3,3462,up_blocks.2.resnets.2.conv1.bias,0.05017014175809355,2.8162401554703135e-09,0.10291731384534757,5.454260996600973e-07,3.193045258991218e-09,0.007271193034768729,8.752942426077678e-06,3.2714779081288725e-06,0.0002914123178925365
natural_full_finetune_fp32_test,fp32,3,3462,up_blocks.2.resnets.2.norm2.weight,0.0976116887777321,-2.4915332434710227e-08,-0.09736773386513078,2.6214996087544633e-06,-2.403558854594892e-06,-0.11695050949652737,0.00021054785252250471,3.2714779081288725e-06,0.0002914123178925365
natural_full_finetune_fp32_test,fp32,3,3462,up_blocks.2.resnets.2.norm2.bias,0.06721548944155421,2.153302214394103e-09,0.043717389462428195,7.32793150070176e-07,-4.0403858451141404e-08,-0.027446311683031355,2.190127935129457e-05,3.2714779081288725e-06,0.0002914123178925365
natural_full_finetune_fp32_test,fp32,3,3462,up_blocks.2.resnets.2.conv2.weight,3.5405540665598147,-6.301884473453403e-07,-0.020691158847573415,8.602296188895962e-06,-2.6679615026212572e-05,-0.020434503383139676,0.000368760368525925,3.2714779081288725e-06,0.0002914123178925365
natural_full_finetune_fp32_test,fp32,3,3462,up_blocks.2.resnets.2.conv2.bias,0.04156434568233376,1.5141976995760491e-09,0.20458558088349818,1.7806829993992597e-07,2.6084914555964783e-08,0.04200540521955658,1.4940436696830289e-05,3.2714779081288725e-06,0.0002914123178925365
natural_full_finetune_fp32_test,fp32,3,3462,up_blocks.2.upsamplers.0.conv.weight,3.1700347317301634,-2.250128233031398e-06,-0.014756430884700003,4.8101865583052695e-05,5.876098390156507e-06,0.0007039567202101061,0.0026331710967010306,3.2714779081288725e-06,0.0002914123178925365
natural_full_finetune_fp32_test,fp32,3,3462,up_blocks.2.upsamplers.0.conv.bias,0.04296048876056239,-4.142347106267211e-12,-0.0012552346560633979,7.681611744966506e-08,1.5076659547304784e-08,0.06652951083492975,5.274989311853261e-06,3.2714779081288725e-06,0.0002914123178925365
natural_full_finetune_fp32_test,fp32,3,3462,up_blocks.3.resnets.0.norm1.weight,0.10128237187721012,9.20556966099305e-09,0.06640132769904555,1.3688001441557836e-06,-5.367208284032586e-07,-0.1353284553300284,3.9158447139947545e-05,3.2714779081288725e-06,0.0002914123178925365
natural_full_finetune_fp32_test,fp32,3,3462,up_blocks.3.resnets.0.norm1.bias,0.06514436805747784,3.4640357150847058e-09,0.043854032209225034,1.2125396650559571e-06,-3.11224537159829e-07,-0.10260977936349823,4.655948849402189e-05,3.2714779081288725e-06,0.0002914123178925365
natural_full_finetune_fp32_test,fp32,3,3462,up_blocks.3.resnets.0.conv1.weight,2.3992453659135955,-3.268060946650573e-07,-0.013326463549977498,1.0221168944657395e-05,9.042393676568899e-07,0.0020200327107773304,0.0001865736655791217,3.2714779081288725e-06,0.0002914123178925365
natural_full_finetune_fp32_test,fp32,3,3462,up_blocks.3.resnets.0.conv1.bias,0.03374502759876314,2.534990419048124e-09,0.17922289978953615,4.191534399824695e-07,-2.606728372651915e-08,-0.0585447254427175,1.3194660422271155e-05,3.2714779081288725e-06,0.0002914123178925365
natural_full_finetune_fp32_test,fp32,3,3462,up_blocks.3.resnets.0.norm2.weight,0.11135496403521689,-1.9284906512279392e-08,-0.20801313174931257,8.325631856261287e-07,-3.008398383049635e-06,-0.5979613979111162,4.518066470923612e-05,3.2714779081288725e-06,0.0002914123178925365
natural_full_finetune_fp32_test,fp32,3,3462,up_blocks.3.resnets.0.norm2.bias,0.05391550989470895,1.6732256980003714e-09,0.05235059908627218,5.928149578721065e-07,-3.088390989406054e-07,-0.17549020672992843,3.264116676543849e-05,3.2714779081288725e-06,0.0002914123178925365
natural_full_finetune_fp32_test,fp32,3,3462,up_blocks.3.resnets.0.conv2.weight,1.7615356453543558,-6.63578959159216e-07,-0.05892206531750217,6.393272415587147e-06,-1.594166493942032e-05,-0.07000833847482144,0.00012926842893725842,3.2714779081288725e-06,0.0002914123178925365
natural_full_finetune_fp32_test,fp32,3,3462,up_blocks.3.resnets.0.conv2.bias,0.028470161742754036,-4.3794021599713667e-10,-0.12288737096053129,1.2517501171641593e-07,1.4545150798324543e-08,0.07193294216632208,7.102323825872393e-06,3.2714779081288725e-06,0.0002914123178925365
natural_full_finetune_fp32_test,fp32,3,3462,up_blocks.3.resnets.0.conv_shortcut.weight,0.5481565091330547,-7.88896636811102e-07,-0.0118202575492291,0.00012175550032404673,-4.644813387419409e-05,-0.023601151058284735,0.003590298107021798,3.2714779081288725e-06,0.0002914123178925365
natural_full_finetune_fp32_test,fp32,3,3462,up_blocks.3.resnets.0.conv_shortcut.bias,0.028470235538946915,-4.379377764894707e-10,-0.12288636789909518,1.2517501171641593e-07,1.454547190721414e-08,0.0719343437504095,7.102323825872393e-06,3.2714779081288725e-06,0.0002914123178925365
natural_full_finetune_fp32_test,fp32,3,3462,up_blocks.3.resnets.1.norm1.weight,0.08482027445231834,-5.662373878441539e-09,-0.03709600766197009,1.7995822291418498e-06,-2.712971164346976e-07,-0.05852449263236372,5.4652224925182833e-05,3.2714779081288725e-06,0.0002914123178925365
natural_full_finetune_fp32_test,fp32,3,3462,up_blocks.3.resnets.1.norm1.bias,0.041077779780777764,5.272290889416576e-09,0.047240269198395565,2.7169399367652394e-06,3.209113694633265e-07,0.08035224951996126,9.722548133113487e-05,3.2714779081288725e-06,0.0002914123178925365
natural_full_finetune_fp32_test,fp32,3,3462,up_blocks.3.resnets.1.conv1.weight,1.6791381480180787,-5.960532782964493e-07,-0.0203003682352598,1.7486171629868214e-05,-1.976008787043555e-05,-0.04322527987286785,0.00027224795687307067,3.2714779081288725e-06,0.0002914123178925365
natural_full_finetune_fp32_test,fp32,3,3462,up_blocks.3.resnets.1.conv1.bias,0.04046036856189261,-5.729715435418123e-09,-0.06174243740550723,2.2936093414556443e-06,1.5668585751027588e-07,0.0835676192740248,4.634063006464113e-05,3.2714779081288725e-06,0.0002914123178925365
natural_full_finetune_fp32_test,fp32,3,3462,up_blocks.3.resnets.1.norm2.weight,0.10716247762478864,-1.4345114358230799e-08,-0.14386706296187848,9.304646777323126e-07,-1.2340449522169067e-06,-0.3735155618746,3.0830426537034996e-05,3.2714779081288725e-06,0.0002914123178925365
natural_full_finetune_fp32_test,fp32,3,3462,up_blocks.3.resnets.1.norm2.bias,0.06736571382690573,5.462387602500562e-09,0.12668586201779422,6.400522768515473e-07,-2.3094101945005753e-07,-0.13944070493244237,2.4585134745150475e-05,3.2714779081288725e-06,0.0002914123178925365
natural_full_finetune_fp32_test,fp32,3,3462,up_blocks.3.resnets.1.conv2.weight,1.6226096006125352,-6.815445190045839e-07,-0.06113762212983756,6.870235827346051e-06,-8.425584029749433e-06,-0.029842571310193404,0.00017400019406873051,3.2714779081288725e-06,0.0002914123178925365
natural_full_finetune_fp32_test,fp32,3,3462,up_blocks.3.resnets.1.conv2.bias,0.025430732179776875,-2.6955073485601244e-10,-0.08750591877387913,1.211279108750205e-07,1.3657466890113358e-08,0.07270143187858649,7.3870038882882354e-06,3.2714779081288725e-06,0.0002914123178925365
natural_full_finetune_fp32_test,fp32,3,3462,up_blocks.3.resnets.2.norm1.weight,0.05985026816993514,6.48649842132046e-10,0.004871370860414421,2.224810482564285e-06,-1.1421229263759238e-06,-0.16327271850695788,0.00011687809512891157,3.2714779081288725e-06,0.0002914123178925365
natural_full_finetune_fp32_test,fp32,3,3462,up_blocks.3.resnets.2.norm1.bias,0.03416275530215854,-3.2624558917912354e-08,-0.13169046740339055,7.2516597622831e-06,-4.138313744235929e-06,-0.4666948569155226,0.00025955984627242884,3.2714779081288725e-06,0.0002914123178925365
natural_full_finetune_fp32_test,fp32,3,3462,up_blocks.3.resnets.2.conv1.weight,1.6440285339186496,1.067895727361782e-07,0.0031609997983441072,2.0549205242904584e-05,-9.646157595915598e-06,-0.01378277276405427,0.00042570466179858707,3.2714779081288725e-06,0.0002914123178925365
natural_full_finetune_fp32_test,fp32,3,3462,up_blocks.3.resnets.2.conv1.bias,0.035895471614302725,-9.229286596692467e-09,-0.07136721537002372,3.602713417520185e-06,-7.400436147640052e-07,-0.2795415536416027,7.375157130039469e-05,3.2714779081288725e-06,0.0002914123178925365
natural_full_finetune_fp32_test,fp32,3,3462,up_blocks.3.resnets.2.norm2.weight,0.11041402375764235,-2.7542325915522745e-08,-0.20080247150787311,1.242245185673809e-06,-2.069743638367316e-06,-0.46142807914563294,4.062452541595352e-05,3.2714779081288725e-06,0.0002914123178925365
natural_full_finetune_fp32_test,fp32,3,3462,up_blocks.3.resnets.2.norm2.bias,0.07255395298038138,-1.0930311501265835e-08,-0.14218147837191672,1.0595670252672316e-06,-1.709571290474537e-06,-0.5554312758764955,4.2422455799511796e-05,3.2714779081288725e-06,0.0002914123178925365
natural_full_finetune_fp32_test,fp32,3,3462,up_blocks.3.resnets.2.conv2.weight,1.792806442226171,-4.5105096068807233e-07,-0.03910368812542812,6.433902681908145e-06,-2.3384829290846926e-05,-0.08223455756642956,0.00015861579766994556,3.2714779081288725e-06,0.0002914123178925365
natural_full_finetune_fp32_test,fp32,3,3462,up_blocks.3.resnets.2.conv2.bias,0.040349708398116,-2.1216782334983776e-10,-0.07049008741748493,7.459523239555921e-08,-2.4934173053972704e-08,-0.07389638730157434,8.362408176769576e-06,3.2714779081288725e-06,0.0002914123178925365
natural_full_finetune_fp32_test,fp32,3,3462,mid_block.attentions.0.group_norm.weight,0.35647809625715937,2.4586009816003846e-08,0.055712465318573344,1.2379492016413963e-06,-3.6935494790020693e-07,-0.04120873711384948,2.514327040646782e-05,3.2714779081288725e-06,0.0002914123178925365
natural_full_finetune_fp32_test,fp32,3,3462,mid_block.attentions.0.group_norm.bias,0.06731483719432396,9.572046548952947e-09,0.08365766243559357,1.6997626298369605e-06,1.5442274955619235e-07,0.06888229669536522,3.330372886177268e-05,3.2714779081288725e-06,0.0002914123178925365
natural_full_finetune_fp32_test,fp32,3,3462,mid_block.attentions.0.to_q.weight,2.531763729425158,-7.953239799107759e-09,-0.0010371554575274301,3.0288449814233828e-06,9.047804786910742e-07,0.011108975265396472,3.2169628691774614e-05,3.2714779081288725e-06,0.0002914123178925365
natural_full_finetune_fp32_test,fp32,3,3462,mid_block.attentions.0.to_q.bias,0.1020284812436708,-3.5059234471600082e-09,-0.3023467037527369,1.1365165616104319e-07,5.739033979666888e-08,0.3673848936892589,1.531073639681686e-06,3.2714779081288725e-06,0.0002914123178925365
natural_full_finetune_fp32_test,fp32,3,3462,mid_block.attentions.0.to_k.weight,2.507266040440629,1.1181136510754079e-08,0.0020125829633726266,2.2158060271450552e-06,4.760370826503538e-08,0.0009496836721754418,1.999223717256235e-05,3.2714779081288725e-06,0.0002914123178925365
natural_full_finetune_fp32_test,fp32,3,3462,mid_block.attentions.0.to_k.bias,4.815356751763761e-05,-1.2313188422921717e-18,-0.07675962492429876,3.331265242087831e-13,4.792299287310128e-18,0.02394523513586741,4.156199240917281e-12,3.2714779081288725e-06,0.0002914123178925365
natural_full_finetune_fp32_test,fp32,3,3462,mid_block.attentions.0.to_v.weight,1.9394181435094502,-4.073446995880301e-07,-0.01912752785698769,1.098074414075568e-05,8.030820545294017e-06,0.017023887268824454,0.0002432370527113381,3.2714779081288725e-06,0.0002914123178925365
natural_full_finetune_fp32_test,fp32,3,3462,mid_block.attentions.0.to_v.bias,0.03545606978002248,7.643819712786033e-09,0.1909438325537552,1.1290526813435575e-06,1.7228372660401658e-08,0.01717151627788631,2.8297301227118268e-05,3.2714779081288725e-06,0.0002914123178925365
natural_full_finetune_fp32_test,fp32,3,3462,mid_block.attentions.0.to_out.0.weight,2.522673807234889,-3.415648076159501e-07,-0.011179495151587036,1.2111273952780132e-05,3.360281569245728e-05,0.01746543697259192,0.0007626672825129554,3.2714779081288725e-06,0.0002914123178925365
natural_full_finetune_fp32_test,fp32,3,3462,mid_block.attentions.0.to_out.0.bias,0.04774315658515904,-1.2136215326453548e-09,-0.010560655341651428,2.4070287339112935e-06,-1.672750722382361e-07,-0.023590415586348105,0.0001485198510059123,3.2714779081288725e-06,0.0002914123178925365
natural_full_finetune_fp32_test,fp32,3,3462,mid_block.resnets.0.norm1.weight,0.09001808099663967,-2.5401794159876905e-08,-0.1875204146442965,1.504825310980658e-06,1.2945473156800202e-07,0.041728421970011385,3.4463248902930085e-05,3.2714779081288725e-06,0.0002914123178925365
natural_full_finetune_fp32_test,fp32,3,3462,mid_block.resnets.0.norm1.bias,0.0781070835620732,-5.036339849566296e-08,-0.38698803681090943,1.6661997568704316e-06,1.817506584068242e-07,0.06681150612426959,3.48284629573648e-05,3.2714779081288725e-06,0.0002914123178925365
natural_full_finetune_fp32_test,fp32,3,3462,mid_block.resnets.0.conv1.weight,7.110649508650785,-6.432098887759173e-08,-0.0009082776514926599,9.959208211145742e-06,-6.5194069074573e-06,-0.005681301527269234,0.00016138047019252004,3.2714779081288725e-06,0.0002914123178925365
natural_full_finetune_fp32_test,fp32,3,3462,mid_block.resnets.0.conv1.bias,0.05284019947156628,8.705668054331009e-11,0.005970418587114469,2.7595157331019736e-07,2.1848190242136245e-08,0.06578330414297913,6.285434963703966e-06,3.2714779081288725e-06,0.0002914123178925365
natural_full_finetune_fp32_test,fp32,3,3462,mid_block.resnets.0.norm2.weight,0.1888527843453194,-4.265425622365617e-08,-0.057072711998876396,3.957404754672624e-06,-1.821768191446744e-07,-0.01094141736344648,8.816498501960162e-05,3.2714779081288725e-06,0.0002914123178925365
natural_full_finetune_fp32_test,fp32,3,3462,mid_block.resnets.0.norm2.bias,0.06044888583380577,-1.0636022762720329e-07,-0.317235641581072,5.546371849936935e-06,-8.754304609814363e-08,-0.012859150891734651,0.00011262143610780699,3.2714779081288725e-06,0.0002914123178925365
natural_full_finetune_fp32_test,fp32,3,3462,mid_block.resnets.0.conv2.weight,7.897858228608481,-1.5270612521286522e-06,-0.010205144733411347,1.894645468126199e-05,-1.3619240593184953e-05,-0.002414045787546473,0.0007143286274587711,3.2714779081288725e-06,0.0002914123178925365
natural_full_finetune_fp32_test,fp32,3,3462,mid_block.resnets.0.conv2.bias,0.03831969156313472,-3.240513149141036e-09,-0.0337927947386248,2.5024630457567916e-06,-3.75433767938957e-07,-0.06515658206532761,0.0001503671723917308,3.2714779081288725e-06,0.0002914123178925365
natural_full_finetune_fp32_test,fp32,3,3462,mid_block.resnets.1.norm1.weight,0.13335593697331052,-1.47089479076878e-08,-0.11843128905838789,9.313282967099693e-07,1.5422664442662498e-07,0.0736254357096571,1.5707937930558226e-05,3.2714779081288725e-06,0.0002914123178925365
natural_full_finetune_fp32_test,fp32,3,3462,mid_block.resnets.1.norm1.bias,0.08964963116647515,1.2768036136727154e-08,0.13037311917464728,1.0924147108915214e-06,-5.36419149337594e-08,-0.04206977015554638,1.42228171475244e-05,3.2714779081288725e-06,0.0002914123178925365
natural_full_finetune_fp32_test,fp32,3,3462,mid_block.resnets.1.conv1.weight,7.686873163439891,-1.6103325763959915e-07,-0.0029612520332414766,7.074414328243413e-06,3.9925486272180566e-06,0.005340057869014399,9.726453969507328e-05,3.2714779081288725e-06,0.0002914123178925365
natural_full_finetune_fp32_test,fp32,3,3462,mid_block.resnets.1.conv1.bias,0.053665781505775924,1.7929127091236779e-10,0.013859006082059134,2.4106247004613537e-07,1.0350807338177523e-08,0.04984366971334441,3.869606085581911e-06,3.2714779081288725e-06,0.0002914123178925365
natural_full_finetune_fp32_test,fp32,3,3462,mid_block.resnets.1.norm2.weight,0.17747435905330833,-3.907223440424177e-08,-0.18478823023788804,1.1914020010010273e-06,1.5428346323205901e-07,0.04213106903544413,2.063389819832103e-05,3.2714779081288725e-06,0.0002914123178925365
natural_full_finetune_fp32_test,fp32,3,3462,mid_block.resnets.1.norm2.bias,0.052733571806742485,-4.203546423023074e-08,-0.2042379947743203,3.902942218083633e-06,2.960975227770633e-07,0.08375319311993598,6.704188425408116e-05,3.2714779081288725e-06,0.0002914123178925365
natural_full_finetune_fp32_test,fp32,3,3462,mid_block.resnets.1.conv2.weight,8.10073151940638,-5.437900970951323e-07,-0.006002034907043552,1.1184293074242695e-05,1.6183002507957139e-06,0.00039079776915502566,0.0005111905147880759,3.2714779081288725e-06,0.0002914123178925365
natural_full_finetune_fp32_test,fp32,3,3462,mid_block.resnets.1.conv2.bias,0.04035880647704052,-2.23649308224189e-09,-0.024401438277800863,2.270982665822692e-06,-2.3100300639040653e-07,-0.03879410243403124,0.0001475413012444146,3.2714779081288725e-06,0.0002914123178925365
natural_full_finetune_fp32_test,fp32,3,3462,conv_norm_out.weight,0.13418094572288605,-1.4126063815220424e-07,-0.1591472723207212,6.615019303573403e-06,-7.705780814427673e-06,-0.09429459012649631,0.0006090304769760015,3.2714779081288725e-06,0.0002914123178925365
natural_full_finetune_fp32_test,fp32,3,3462,conv_norm_out.bias,0.044620603358704165,-4.54767015068783e-08,-0.12565157456879483,8.111208841006694e-06,9.142319895628701e-07,0.014813437156088623,0.0013831367973323539,3.2714779081288725e-06,0.0002914123178925365
natural_full_finetune_fp32_test,fp32,3,3462,conv_out.weight,0.10082696078787964,-1.4006386737788715e-06,-0.03816240108874413,0.00036401036113750353,-9.816847577958843e-05,-0.09926291670964413,0.009808629701254866,3.2714779081288725e-06,0.0002914123178925365
natural_full_finetune_fp32_test,fp32,3,3462,conv_out.bias,0.0019874670120687906,-2.615630016420511e-09,-0.3531815375478525,3.726304926857931e-06,6.0881520355891014e-06,0.9891751721301949,0.003096794258046849,3.2714779081288725e-06,0.0002914123178925365
