step,applied,reason,joint_w4_loss,cycle_loss,teacher_mse,budget_penalty,dual_mse,dual_ssim,block,discriminator_loss,discriminator_applied,reconstruction_mse,perceptual_loss,preservation_mse,loss,residual_loss,trust_loss,spectral_loss,adversarial_loss,grad_norm,learning_rate,reconstruction_gradient_norm,teacher_gradient_norm,preservation_gradient_norm
1,True,,,,0.001035912660881877,0.0,,,,,,0.004646326880902052,0.08248104155063629,5.96660356677603e-05,0.013960177078843117,0.0,0.0,0.0,0.0,0.00022641323448624462,0.0005,,,
2,True,,,,0.003147832117974758,0.0,,,,,,0.0028436356224119663,0.06859229505062103,0.0001306442281929776,0.012916019186377525,0.0,0.0,0.0,0.0,0.0002328447299078107,0.001,,,
3,True,,,,0.0014542185235768557,0.0,,,,,,0.003081164788454771,0.062231242656707764,9.24450796446763e-05,0.010804729536175728,0.0,0.0,0.0,0.0,0.00015600120241288096,0.0015,,,
4,True,,,,0.0023637216072529554,0.0,,,,,,0.0026282942853868008,0.06210882216691971,0.00010773538815556094,0.011256766505539417,0.0,0.0,0.0,0.0,0.00019292002252768725,0.002,,,
5,True,,,,0.0012866780161857605,0.0,,,,,,0.004800106398761272,0.08477788418531418,6.186423706822097e-05,0.014595504850149155,0.0,0.0,0.0,0.0,0.00019183475524187088,0.0025,,,
6,True,,,,0.0021583091001957655,0.0,,,,,,0.006231352221220732,0.1101517453789711,8.941347186919302e-05,0.019449543207883835,0.0,0.0,0.0,0.0,0.00019484035146888345,0.003,,,
7,True,,,,0.0011679830495268106,0.0,,,,,,0.0046899570152163506,0.09781566262245178,5.205210982239805e-05,0.015665533021092415,0.0,0.0,0.0,0.0,0.0002054236683761701,0.0035000000000000005,,,
8,True,,,,0.0012473268434405327,0.0,,,,,,0.0034518351312726736,0.06583724915981293,4.551711754174903e-05,0.011305646039545536,0.0,0.0,0.0,0.0,0.0001561834360472858,0.004,,,
9,True,,,,0.0009248398127965629,0.0,,,,,,0.009784581139683723,0.12983432412147522,3.500545790302567e-05,0.023710357025265694,0.0,0.0,0.0,0.0,0.00020077764929737896,0.0045,,,
10,True,,,,0.0027904845774173737,0.0,,,,,,0.0024357191286981106,0.06323687732219696,9.574391879141331e-05,0.011597763746976852,0.0,0.0,0.0,0.0,0.00019942730432376266,0.005,,,
11,True,,,,0.0013003273634240031,0.0,,,,,,0.004172118380665779,0.09156996011734009,5.867119034519419e-05,0.014658777974545956,0.0,0.0,0.0,0.0,0.00016172838513739407,0.0055,,,
12,True,,,,0.002154620597139001,0.0,,,,,,0.003781702369451523,0.07786788046360016,8.785016689216718e-05,0.01376703567802906,0.0,0.0,0.0,0.0,0.00013419712195172906,0.006,,,
13,True,,,,0.001124077825807035,0.0,,,,,,0.003981584683060646,0.08470793068408966,5.691029946319759e-05,0.013604910112917423,0.0,0.0,0.0,0.0,0.00012285761476960033,0.006500000000000001,,,
14,True,,,,0.0018828685861080885,0.0,,,,,,0.005717994645237923,0.08200298249721527,0.00011274977441644296,0.01585753634572029,0.0,0.0,0.0,0.0,0.00013362482422962785,0.007000000000000001,,,
15,True,,,,0.0010375534184277058,0.0,,,,,,0.00407237745821476,0.07417700439691544,5.511441850103438e-05,0.012555189430713654,0.0,0.0,0.0,0.0,0.00010349268995923921,0.0075,,,
16,True,,,,0.0011020693928003311,0.0,,,,,,0.003723759902641177,0.08112572133541107,4.590881144395098e-05,0.012961355969309807,0.0,0.0,0.0,0.0,0.0001357026631012559,0.008,,,
17,True,,,,0.0008174741524271667,0.0,,,,,,0.003083470044657588,0.06740184873342514,4.850123877986334e-05,0.010665379464626312,0.0,0.0,0.0,0.0,0.00010493388253962621,0.0085,,,
18,True,,,,0.0024217520840466022,0.0,,,,,,0.004375821445137262,0.09127917885780334,0.00013970237341709435,0.015995342284440994,0.0,0.0,0.0,0.0,0.00013293290976434946,0.009,,,
19,True,,,,0.0011388740967959166,0.0,,,,,,0.00654200604185462,0.08862508833408356,5.5209191486937925e-05,0.01657099276781082,0.0,0.0,0.0,0.0,0.000128835323266685,0.0095,,,
20,True,,,,0.0019090273417532444,0.0,,,,,,0.0016620047390460968,0.04322174936532974,8.621470624348149e-05,0.00793631374835968,0.0,0.0,0.0,0.0,0.00011828318383777514,0.01,,,
21,True,,,,0.0009699339861981571,0.0,,,,,,0.006316500715911388,0.07739526778459549,5.495110963238403e-05,0.01505343709141016,0.0,0.0,0.0,0.0,0.0001266103790840134,0.01,,,
22,True,,,,0.0015858011320233345,0.0,,,,,,0.001826993189752102,0.05156244710087776,0.00012377375969663262,0.008630925789475441,0.0,0.0,0.0,0.0,0.00011751920828828588,0.009999994329901755,,,
23,True,,,,0.0009121049079112709,0.0,,,,,,0.0023728022351861,0.04839181900024414,4.4007436372339725e-05,0.008146093226969242,0.0,0.0,0.0,0.0,8.039349631872028e-05,0.00999997731962131,,,
24,True,,,,0.000978195108473301,0.0,,,,,,0.0027730660513043404,0.05896919220685959,5.3615833166986704e-05,0.009674988687038422,0.0,0.0,0.0,0.0,0.000100955534435343,0.009999948969201533,,,
25,True,,,,0.0007432750426232815,0.0,,,,,,0.003588460385799408,0.06268281489610672,4.375331263872795e-05,0.010621894150972366,0.0,0.0,0.0,0.0,0.00010188601299887523,0.009999909278713864,,,
26,True,,,,0.002173661720007658,0.0,,,,,,0.005694741383194923,0.09171085804700851,8.599401189712808e-05,0.017082486301660538,0.0,0.0,0.0,0.0,0.00011255608114879578,0.00999985824825833,,,
27,True,,,,0.0010018572211265564,0.0,,,,,,0.003484344109892845,0.0588776171207428,5.297318421071395e-05,0.010400449857115746,0.0,0.0,0.0,0.0,0.00012740235251840204,0.009999795877963527,,,
28,True,,,,0.0017694418784230947,0.0,,,,,,0.0021669836714863777,0.04725492745637894,8.145369793055579e-05,0.00870264507830143,0.0,0.0,0.0,0.0,0.00011419751535868272,0.00999972216798663,,,
29,True,,,,0.0008657778380438685,0.0,,,,,,0.0030684105586260557,0.06391216814517975,5.727189272874966e-05,0.010354042053222656,0.0,0.0,0.0,0.0,0.00010528817801969126,0.009999637118513394,,,
30,True,,,,0.0013554360484704375,0.0,,,,,,0.004949751775711775,0.07471351325511932,0.00010965419642161578,0.01383136585354805,0.0,0.0,0.0,0.0,0.00010146341810468584,0.009999540729758146,,,
31,True,,,,0.0008399225771427155,0.0,,,,,,0.002753948327153921,0.07143358886241913,4.6013781684450805e-05,0.010760236531496048,0.0,0.0,0.0,0.0,0.00011775624443544075,0.009999433001963789,,,
32,True,,,,0.0008963537402451038,0.0,,,,,,0.004596801474690437,0.07887768745422363,5.141095243743621e-05,0.013406628742814064,0.0,0.0,0.0,0.0,0.00012549987877719104,0.009999313935401802,,,
33,True,,,,0.0006701539969071746,0.0,,,,,,0.0032427585683763027,0.0669253021478653,4.3333966459613293e-05,0.010627109557390213,0.0,0.0,0.0,0.0,0.00011860420636367053,0.009999183530372241,,,
34,True,,,,0.0020315228030085564,0.0,,,,,,0.003820299869403243,0.07525888085365295,0.0001163998240372166,0.013435911387205124,0.0,0.0,0.0,0.0,0.00011225151683902368,0.00999904178720373,,,
35,True,,,,0.0009493499528616667,0.0,,,,,,0.00444421824067831,0.0703645795583725,5.7110759371425956e-05,0.01245858147740364,0.0,0.0,0.0,0.0,0.00010525414836592972,0.009998888706253465,,,
36,True,,,,0.0017619193531572819,0.0,,,,,,0.00394770223647356,0.06907915323972702,8.507847087457776e-05,0.012660074979066849,0.0,0.0,0.0,0.0,0.00012386971502564847,0.009998724287907221,,,
37,True,,,,0.0008546371245756745,0.0,,,,,,0.005088634788990021,0.08100363612174988,5.2014289394719526e-05,0.014069642871618271,0.0,0.0,0.0,0.0,0.00010584960546111688,0.00999854853257934,,,
38,True,,,,0.001359369489364326,0.0,,,,,,0.002083885483443737,0.05394459888339043,9.541248437017202e-05,0.008885420858860016,0.0,0.0,0.0,0.0,9.76666560745798e-05,0.00999836144071273,,,
39,True,,,,0.0007905511884018779,0.0,,,,,,0.00273791397921741,0.06286156177520752,4.6889501390978694e-05,0.00983806699514389,0.0,0.0,0.0,0.0,0.00010360967280576006,0.00999816301277887,,,
40,True,,,,0.0008420640369877219,0.0,,,,,,0.0025343182496726513,0.05016915500164032,5.51694211026188e-05,0.008420882746577263,0.0,0.0,0.0,0.0,0.0001063023810274899,0.00999795324927781,,,
41,True,,,,0.0006153062568046153,0.0,,,,,,0.006389564834535122,0.08087680488824844,5.939220864092931e-05,0.015122247859835625,0.0,0.0,0.0,0.0,0.00018103439651895314,0.009997732150738165,,,
42,True,,,,0.0018380190012976527,0.0,,,,,,0.0046670688316226006,0.07834679633378983,0.00013691069034393877,0.014408222399652004,0.0,0.0,0.0,0.0,0.00010639821994118392,0.009997499717717106,,,
43,True,,,,0.0008702727500349283,0.0,,,,,,0.003579400246962905,0.08146099001169205,7.419285248033702e-05,0.012632868252694607,0.0,0.0,0.0,0.0,0.000132817353005521,0.00999725595080038,,,
44,True,,,,0.0015961950412020087,0.0,,,,,,0.002739404793828726,0.057933688163757324,0.00010367155482526869,0.010180803947150707,0.0,0.0,0.0,0.0,8.281182090286165e-05,0.00999700085060229,,,
45,True,,,,0.0007758861174806952,0.0,,,,,,0.006150011904537678,0.07927412539720535,6.913718971190974e-05,0.014887879602611065,0.0,0.0,0.0,0.0,0.00010424512583995238,0.009996734417765699,,,
46,True,,,,0.0012333005433902144,0.0,,,,,,0.0033044381998479366,0.07216356694698334,0.00012412758951541036,0.011816158890724182,0.0,0.0,0.0,0.0,0.00011303924111416563,0.009996456652962026,,,
47,True,,,,0.000726353726349771,0.0,,,,,,0.0026285978965461254,0.05093691125512123,4.671906208386645e-05,0.008472002111375332,0.0,0.0,0.0,0.0,8.850419544614851e-05,0.009996167556891254,,,
48,True,,,,0.0008132311049848795,0.0,,,,,,0.004326644353568554,0.08014676719903946,5.2585466619348153e-05,0.01318084541708231,0.0,0.0,0.0,0.0,0.00012390247138682753,0.009995867130281916,,,
49,True,,,,0.0005924669094383717,0.0,,,,,,0.0014954721555113792,0.04259048402309418,4.491743675316684e-05,0.006369446404278278,0.0,0.0,0.0,0.0,7.774517871439457e-05,0.009995555373891102,,,
50,True,,,,0.0018047317862510681,0.0,,,,,,0.0021671203430742025,0.051911450922489166,0.00010408880189061165,0.009215041063725948,0.0,0.0,0.0,0.0,9.86315353657119e-05,0.009995232288504451,,,
51,True,,,,0.0008265564101748168,0.0,,,,,,0.002051507355645299,0.052744053304195404,6.254510662984103e-05,0.008183741942048073,0.0,0.0,0.0,0.0,9.537124424241483e-05,0.009994897874936152,,,
52,True,,,,0.0015582734486088157,0.0,,,,,,0.004820794798433781,0.06726516783237457,8.487829472869635e-05,0.013148024678230286,0.0,0.0,0.0,0.0,0.00012459234858397394,0.009994552134028943,,,
53,True,,,,0.0007707296754233539,0.0,,,,,,0.0026368163526058197,0.05582541972398758,5.335241439752281e-05,0.009016764350235462,0.0,0.0,0.0,0.0,0.00010268202458973974,0.009994195066654103,,,
54,True,,,,0.0011867028661072254,0.0,,,,,,0.004126640968024731,0.06751751154661179,8.170076762326062e-05,0.012105945497751236,0.0,0.0,0.0,0.0,0.00010403254418633878,0.009993826673711459,,,
55,True,,,,0.0007018428295850754,0.0,,,,,,0.005241747014224529,0.0739511027932167,4.735636684927158e-05,0.013362377882003784,0.0,0.0,0.0,0.0,9.657606278778985e-05,0.009993446956129378,,,
56,True,,,,0.0007656477391719818,0.0,,,,,,0.004214286804199219,0.06305202096700668,4.744316538562998e-05,0.01130885910242796,0.0,0.0,0.0,0.0,9.722750110086054e-05,0.009993055914864766,,,
57,True,,,,0.0005788183188997209,0.0,,,,,,0.0026930931489914656,0.054382771253585815,4.382766201160848e-05,0.008732101880013943,0.0,0.0,0.0,0.0,9.492885146755725e-05,0.009992653550903062,,,
58,True,,,,0.0017196123953908682,0.0,,,,,,0.005725875496864319,0.06441672891378403,0.00011479505337774754,0.013944558799266815,0.0,0.0,0.0,0.0,9.655030589783564e-05,0.009992239865258242,,,
59,True,,,,0.0008340859203599393,0.0,,,,,,0.0022198245860636234,0.047021254897117615,4.952093513566069e-05,0.0077807968482375145,0.0,0.0,0.0,0.0,8.323132351506501e-05,0.009991814858972811,,,
60,True,,,,0.0015553770354017615,0.0,,,,,,0.005628617014735937,0.06928560882806778,7.428570825140923e-05,0.014149697497487068,0.0,0.0,0.0,0.0,0.00010339315485907719,0.009991378533117804,,,
61,True,,,,0.0007528694113716483,0.0,,,,,,0.002485458506271243,0.05935864895582199,5.9059613704448566e-05,0.009203721769154072,0.0,0.0,0.0,0.0,0.00010071982978843153,0.00999093088879278,,,
62,True,,,,0.0011695565190166235,0.0,,,,,,0.0035892098676413298,0.06804469227790833,0.00012467967462725937,0.011625575833022594,0.0,0.0,0.0,0.0,0.00011200658627785742,0.009990471927125823,,,
63,True,,,,0.0006892416859045625,0.0,,,,,,0.0049062324687838554,0.06764787435531616,4.3757794628618285e-05,0.012382140383124352,0.0,0.0,0.0,0.0,0.00011967202590312809,0.009990001649273536,,,
64,True,,,,0.0007526588160544634,0.0,,,,,,0.0045151785016059875,0.06646278500556946,4.9925234634429216e-05,0.011939078569412231,0.0,0.0,0.0,0.0,9.079980372916907e-05,0.009989520056421041,,,
65,True,,,,0.0005583791644312441,0.0,,,,,,0.0030966622289270163,0.0551142618060112,5.282290658215061e-05,0.009192879311740398,0.0,0.0,0.0,0.0,8.756858733249828e-05,0.009989027149781974,,,
66,True,,,,0.00166192720644176,0.0,,,,,,0.006730882450938225,0.07985241711139679,0.00011573195661185309,0.01643591746687889,0.0,0.0,0.0,0.0,0.00013754489191342145,0.009988522930598478,,,
67,True,,,,0.0007926851976662874,0.0,,,,,,0.006296849809587002,0.09270232170820236,5.1941500714747235e-05,0.01638573780655861,0.0,0.0,0.0,0.0,0.0001325071934843436,0.009988007400141208,,,
68,True,,,,0.0014726221561431885,0.0,,,,,,0.003971880301833153,0.07176342606544495,0.00010002691851696,0.012670859694480896,0.0,0.0,0.0,0.0,0.00012027491175103933,0.009987480559709326,,,
69,True,,,,0.0006938991136848927,0.0,,,,,,0.006640447303652763,0.07505267858505249,6.880148430354893e-05,0.014874015003442764,0.0,0.0,0.0,0.0,0.00011468670709291473,0.00998694241063049,,,
70,True,,,,0.0011122156865894794,0.0,,,,,,0.004174390807747841,0.0660613626241684,9.981243056245148e-05,0.011942649260163307,0.0,0.0,0.0,0.0,0.00010411066614324227,0.009986392954260861,,,
71,True,,,,0.0006580051849596202,0.0,,,,,,0.0031902629416435957,0.056922730058431625,5.237120421952568e-05,0.009566727094352245,0.0,0.0,0.0,0.0,0.00010460177873028442,0.009985832191985093,,,
72,True,,,,0.0007353861583396792,0.0,,,,,,0.004418732598423958,0.06171704828739166,5.4003321565687656e-05,0.011352825909852982,0.0,0.0,0.0,0.0,8.553301449865103e-05,0.00998526012521633,,,
73,True,,,,0.0005448195151984692,0.0,,,,,,0.003217612160369754,0.05471298098564148,4.8666530346963555e-05,0.00925806351006031,0.0,0.0,0.0,0.0,8.802958473097533e-05,0.009984676755396204,,,
74,True,,,,0.0016166630666702986,0.0,,,,,,0.004057988524436951,0.07447045296430588,0.00015130903921090066,0.01319735124707222,0.0,0.0,0.0,0.0,0.00011549251939868554,0.009984082083994837,,,
75,True,,,,0.0007712393999099731,0.0,,,,,,0.0055212220177054405,0.08372653275728226,5.2966941439080983e-05,0.014691597782075405,0.0,0.0,0.0,0.0,0.00011191071826033294,0.009983476112510823,,,
76,True,,,,0.0014443503459915519,0.0,,,,,,0.005756852682679892,0.06480187922716141,9.047970524989069e-05,0.013726630248129368,0.0,0.0,0.0,0.0,8.841195813147351e-05,0.009982858842471238,,,
77,True,,,,0.0006957097793929279,0.0,,,,,,0.004014877602458,0.054111678153276443,6.695818592561409e-05,0.010155235417187214,0.0,0.0,0.0,0.0,0.00010916175233433023,0.009982230275431629,,,
78,True,,,,0.0010731408838182688,0.0,,,,,,0.004701928235590458,0.07746787369251251,8.11780701042153e-05,0.013562444597482681,0.0,0.0,0.0,0.0,0.00011527061724336818,0.009981590412976013,,,
79,True,,,,0.000625555170699954,0.0,,,,,,0.0015996996080502868,0.037499986588954926,4.566665302263573e-05,0.005998087115585804,0.0,0.0,0.0,0.0,7.53349595470354e-05,0.009980939256716873,,,
80,True,,,,0.0006825405871495605,0.0,,,,,,0.0015414853114634752,0.060391753911972046,6.017101259203628e-05,0.00829328689724207,0.0,0.0,0.0,0.0,0.00013691576896235347,0.009980276808295148,,,
81,True,,,,0.000527172174770385,0.0,,,,,,0.0036332537420094013,0.06642359495162964,4.8196379793807864e-05,0.01082688383758068,0.0,0.0,0.0,0.0,0.0001126835195464082,0.009979603069380236,,,
82,True,,,,0.0015138601884245872,0.0,,,,,,0.0070268562994897366,0.08775073289871216,0.0001282027515117079,0.017379891127347946,0.0,0.0,0.0,0.0,0.00014932005433365703,0.009978918041669994,,,
83,True,,,,0.0007115152548067272,0.0,,,,,,0.002808627439662814,0.048273131251335144,6.139640026958659e-05,0.00837815459817648,0.0,0.0,0.0,0.0,8.778632764006034e-05,0.009978221726890717,,,
84,True,,,,0.0013637598603963852,0.0,,,,,,0.0019828907679766417,0.06323309242725372,9.495577978668734e-05,0.00971743743866682,0.0,0.0,0.0,0.0,0.00011535196972545236,0.009977514126797149,,,
85,True,,,,0.0006584119983017445,0.0,,,,,,0.0029770764522254467,0.07039869576692581,6.810251215938479e-05,0.010709408670663834,0.0,0.0,0.0,0.0,0.00012526936188805848,0.009976795243172474,,,
86,True,,,,0.001024817582219839,0.0,,,,,,0.004426022991538048,0.05621232092380524,0.00012314089690335095,0.011133642867207527,0.0,0.0,0.0,0.0,9.023704478750005e-05,0.009976065077828312,,,
87,True,,,,0.0006362101412378252,0.0,,,,,,0.0021084905602037907,0.04885067045688629,5.502763815457001e-05,0.007657281588762999,0.0,0.0,0.0,0.0,0.00010458315955474973,0.00997532363260471,,,
88,True,,,,0.0006853858358226717,0.0,,,,,,0.0034745759330689907,0.06415876746177673,4.847238233196549e-05,0.0106000741943717,0.0,0.0,0.0,0.0,0.00010294095409335569,0.00997457090937014,,,
89,True,,,,0.0005032975459471345,0.0,,,,,,0.003762455191463232,0.07901540398597717,4.987569627701305e-05,0.012192231602966785,0.0,0.0,0.0,0.0,0.000125957652926445,0.0099738069100215,,,
90,True,,,,0.0014824996469542384,0.0,,,,,,0.0035233069211244583,0.05786767974495888,0.00013167911674827337,0.010858414694666862,0.0,0.0,0.0,0.0,9.085458441404626e-05,0.009973031636484105,,,
91,True,,,,0.0007006553933024406,0.0,,,,,,0.0034144315868616104,0.0561830997467041,7.10162494215183e-05,0.009768905118107796,0.0,0.0,0.0,0.0,9.727984433993697e-05,0.009972245090711672,,,
92,True,,,,0.0013161435490474105,0.0,,,,,,0.0063046859577298164,0.08503562211990356,0.00010097037738887593,0.01617487706243992,0.0,0.0,0.0,0.0,0.00011796601029345766,0.009971447274686332,,,
93,True,,,,0.0006203345838002861,0.0,,,,,,0.006071265321224928,0.0839957445859909,7.795605051796883e-05,0.015130151994526386,0.0,0.0,0.0,0.0,0.0001238542899955064,0.009970638190418619,,,
94,True,,,,0.0009981576586142182,0.0,,,,,,0.004289319273084402,0.06438668072223663,0.00010361617751186714,0.011777954176068306,0.0,0.0,0.0,0.0,9.090125240618363e-05,0.00996981783994746,,,
95,True,,,,0.0005938321119174361,0.0,,,,,,0.003576430259272456,0.07476527243852615,5.542360304389149e-05,0.01167450100183487,0.0,0.0,0.0,0.0,0.00010771189408842474,0.00996898622534017,,,
96,True,,,,0.0006430831854231656,0.0,,,,,,0.004443329758942127,0.07309658825397491,4.660183913074434e-05,0.012419372797012329,0.0,0.0,0.0,0.0,9.714553016237915e-05,0.00996814334869246,,,
97,True,,,,0.00047540123341605067,0.0,,,,,,0.0024389389436692,0.05215638875961304,5.521786442841403e-05,0.008157587610185146,0.0,0.0,0.0,0.0,8.670479292050004e-05,0.009967289212128413,,,
98,True,,,,0.0014098979299888015,0.0,,,,,,0.0030755845364183187,0.062266718596220016,0.00013703026343137026,0.010780669748783112,0.0,0.0,0.0,0.0,0.00010406765795778483,0.009966423817800489,,,
99,True,,,,0.0006864792667329311,0.0,,,,,,0.005703338421881199,0.08180885761976242,6.315207428997383e-05,0.014602279290556908,0.0,0.0,0.0,0.0,0.00012793627684004605,0.009965547167889523,,,
100,True,,,,0.0012963329209014773,0.0,,,,,,0.0021585370413959026,0.05965406075119972,8.420563244726509e-05,0.009462379850447178,0.0,0.0,0.0,0.0,8.601324225310236e-05,0.009964659264604707,8.220134806165808e-05,2.4488972526507053e-05,6.909926451107878e-06
101,True,,,,0.0006125138606876135,0.0,,,,,,0.004127458669245243,0.07279633730649948,6.99047523085028e-05,0.012054558843374252,0.0,0.0,0.0,0.0,9.850475180428475e-05,0.009963760110183599,,,
102,True,,,,0.0009706895798444748,0.0,,,,,,0.0033643662463873625,0.06608103960752487,0.00010518656199565157,0.010995753109455109,0.0,0.0,0.0,0.0,9.503633191343397e-05,0.009962849706892108,,,
103,True,,,,0.0005944906733930111,0.0,,,,,,0.0036183062475174665,0.06543219834566116,6.665801629424095e-05,0.01078934594988823,0.0,0.0,0.0,0.0,0.00011207761417608708,0.00996192805702449,,,
104,True,,,,0.000670537119731307,0.0,,,,,,0.003206280991435051,0.05508294329047203,5.401881571742706e-05,0.009412121959030628,0.0,0.0,0.0,0.0,9.338912059320137e-05,0.009960995162903337,,,
105,True,,,,0.0005011392058804631,0.0,,,,,,0.003768415655940771,0.07560791075229645,5.046188016422093e-05,0.011855577118694782,0.0,0.0,0.0,0.0,0.00014692496915813535,0.00996005102687959,,,
106,True,,,,0.0014140817802399397,0.0,,,,,,0.003590890672057867,0.06129104644060135,0.00013138822396285832,0.011199772357940674,0.0,0.0,0.0,0.0,0.00010078529157908633,0.00995909565133251,,,
107,True,,,,0.000682481040712446,0.0,,,,,,0.004150786437094212,0.06546580791473389,6.14762248005718e-05,0.011410585604608059,0.0,0.0,0.0,0.0,0.00011191114754183218,0.009958129038669687,,,
108,True,,,,0.0012649070704355836,0.0,,,,,,0.002759376307949424,0.051776014268398285,9.531497926218435e-05,0.009249542839825153,0.0,0.0,0.0,0.0,7.347363862209022e-05,0.009957151191327023,,,
109,True,,,,0.0006080645835027099,0.0,,,,,,0.0035750530660152435,0.059926822781562805,6.985488289501518e-05,0.010210727341473103,0.0,0.0,0.0,0.0,8.937940583564341e-05,0.009956162111768741,,,
110,True,,,,0.00092685705749318,0.0,,,,,,0.0030507538467645645,0.06747933477163315,0.00012729267473332584,0.010789190419018269,0.0,0.0,0.0,0.0,9.06699788174592e-05,0.009955161802487362,,,
111,True,,,,0.0005698781460523605,0.0,,,,,,0.003574824659153819,0.09941527247428894,4.925080429529771e-05,0.014110855758190155,0.0,0.0,0.0,0.0,0.00013277043763082474,0.009954150266003709,,,
112,True,,,,0.0006199529743753374,0.0,,,,,,0.0035502794198691845,0.05657355487346649,4.879538755631074e-05,0.009851985611021519,0.0,0.0,0.0,0.0,0.0001002290882752277,0.0099531275048669,,,
113,True,,,,0.00045645562931895256,0.0,,,,,,0.003869433654472232,0.07885098457336426,4.3399122660048306e-05,0.012232687324285507,0.0,0.0,0.0,0.0,0.00010632892372086644,0.009952093521654335,,,
114,True,,,,0.0013509737327694893,0.0,,,,,,0.001590450992807746,0.04808704927563667,0.00012470824003685266,0.007812483236193657,0.0,0.0,0.0,0.0,8.301174239022657e-05,0.009951048318971697,,,
115,True,,,,0.0006398385739885271,0.0,,,,,,0.0016627737786620855,0.042829710990190506,7.18989031156525e-05,0.006621533073484898,0.0,0.0,0.0,0.0,6.772991036996245e-05,0.009949991899452944,,,
116,True,,,,0.0012388576287776232,0.0,,,,,,0.0023134504444897175,0.047132477164268494,9.964478522306308e-05,0.008315378800034523,0.0,0.0,0.0,0.0,8.58853745739907e-05,0.0099489242657603,,,
117,True,,,,0.0005797630874440074,0.0,,,,,,0.004612881690263748,0.08205343037843704,6.14391901763156e-05,0.013428707607090473,0.0,0.0,0.0,0.0,9.627809777157381e-05,0.009947845420584247,,,
118,True,,,,0.0009385828161612153,0.0,,,,,,0.00405464880168438,0.06738441437482834,9.665156539995223e-05,0.011779998429119587,0.0,0.0,0.0,0.0,0.00010250263585476205,0.009946755366643523,,,
119,True,,,,0.0005547945620492101,0.0,,,,,,0.002269545802846551,0.0617302767932415,4.4895103201270103e-05,0.009019815362989902,0.0,0.0,0.0,0.0,9.844103624345735e-05,0.00994565410668511,,,
120,True,,,,0.000609019713010639,0.0,,,,,,0.0010277230758219957,0.041858989745378494,5.237882578512654e-05,0.005848831031471491,0.0,0.0,0.0,0.0,9.10105518414639e-05,0.009944541643484232,,,
121,True,,,,0.0004461549688130617,0.0,,,,,,0.0014300848124548793,0.04077928140759468,5.927456004428677e-05,0.005983805283904076,0.0,0.0,0.0,0.0,0.00010126727283932269,0.009943417979844344,,,
122,True,,,,0.0013242082204669714,0.0,,,,,,0.004253010265529156,0.0723097026348114,0.00011531473137438297,0.012865846045315266,0.0,0.0,0.0,0.0,9.126472286880016e-05,0.00994228311859713,,,
123,True,,,,0.0006289302837103605,0.0,,,,,,0.002577565610408783,0.0627644881606102,5.954818334430456e-05,0.009512719698250294,0.0,0.0,0.0,0.0,8.48564668558538e-05,0.009941137062602487,,,
124,True,,,,0.001185934990644455,0.0,,,,,,0.007032573223114014,0.09035038948059082,9.430282807443291e-05,0.017300698906183243,0.0,0.0,0.0,0.0,0.00010896041931118816,0.009939979814748529,,,
125,True,,,,0.0005619032308459282,0.0,,,,,,0.0022327161859720945,0.04428483173251152,6.476770795416087e-05,0.007255486212670803,0.0,0.0,0.0,0.0,7.983026443980634e-05,0.009938811377951568,,,
126,True,,,,0.0008802420343272388,0.0,,,,,,0.003985574468970299,0.07182890176773071,0.00011298764002276585,0.012105201371014118,0.0,0.0,0.0,0.0,0.00013254230725578964,0.009937631755156119,,,
127,True,,,,0.0005408122669905424,0.0,,,,,,0.0042701605707407,0.06933261454105377,5.8650359278544784e-05,0.01177356019616127,0.0,0.0,0.0,0.0,0.00010049971751868725,0.009936440949334878,,,
128,True,,,,0.0005881621036678553,0.0,,,,,,0.0030574174597859383,0.05903070047497749,4.376054130261764e-05,0.0095705296844244,0.0,0.0,0.0,0.0,0.00011269815149717033,0.009935238963488732,,,
129,True,,,,0.0004359737504273653,0.0,,,,,,0.0030141964089125395,0.05217678099870682,4.410159453982487e-05,0.008689898997545242,0.0,0.0,0.0,0.0,9.915384725900367e-05,0.009934025800646737,,,
130,True,,,,0.0013110979925841093,0.0,,,,,,0.004954557400196791,0.0809842050075531,0.000129658670630306,0.014428905211389065,0.0,0.0,0.0,0.0,0.00011013276525773108,0.009932801463866115,,,
131,True,,,,0.0006208129925653338,0.0,,,,,,0.002951941452920437,0.060602765530347824,7.097575144143775e-05,0.009668519720435143,0.0,0.0,0.0,0.0,9.297296492150053e-05,0.009931565956232251,,,
132,True,,,,0.0011736644664779305,0.0,,,,,,0.0030180911999195814,0.05279547721147537,0.00010091051080962643,0.009521759115159512,0.0,0.0,0.0,0.0,8.500787225784734e-05,0.009930319280858677,,,
133,True,,,,0.0005641488824039698,0.0,,,,,,0.004160461947321892,0.06885465234518051,7.79021720518358e-05,0.011649026535451412,0.0,0.0,0.0,0.0,9.291285823564976e-05,0.009929061440887068,,,
134,True,,,,0.000869099865667522,0.0,,,,,,0.0039338297210633755,0.06474751234054565,0.0001390714169247076,0.011347216553986073,0.0,0.0,0.0,0.0,0.00010105152614414692,0.009927792439487236,,,
135,True,,,,0.0005349960410967469,0.0,,,,,,0.003288768930360675,0.04962661862373352,5.960619819234125e-05,0.008816230110824108,0.0,0.0,0.0,0.0,8.957825048128143e-05,0.009926512279857119,,,
136,True,,,,0.0005953192012384534,0.0,,,,,,0.0028972639702260494,0.0763503760099411,5.031563341617584e-05,0.011152778752148151,0.0,0.0,0.0,0.0,0.0001433726865798235,0.009925220965222777,,,
137,True,,,,0.00043426937190815806,0.0,,,,,,0.0011000677477568388,0.03978307545185089,3.7678964872611687e-05,0.005531483795493841,0.0,0.0,0.0,0.0,0.00010439859761390835,0.009923918498838377,,,
138,True,,,,0.0012764561688527465,0.0,,,,,,0.002919539576396346,0.061369508504867554,0.0001235942036146298,0.010394743643701077,0.0,0.0,0.0,0.0,9.778824460227042e-05,0.009922604883986197,,,
139,True,,,,0.0005956037784926593,0.0,,,,,,0.004902533255517483,0.0742495059967041,6.554756691912189e-05,0.01295586209744215,0.0,0.0,0.0,0.0,0.00011531752534210682,0.009921280123976597,,,
140,True,,,,0.00114485586527735,0.0,,,,,,0.003629518672823906,0.06563495844602585,9.034296090248972e-05,0.01138304267078638,0.0,0.0,0.0,0.0,9.610417328076437e-05,0.009919944222148034,,,
141,True,,,,0.0005479856627061963,0.0,,,,,,0.004976864904165268,0.06652005761861801,6.336899969028309e-05,0.012208540923893452,0.0,0.0,0.0,0.0,9.814538498176262e-05,0.009918597181867037,,,
142,True,,,,0.0008537188987247646,0.0,,,,,,0.0028508957475423813,0.05568021908402443,0.00010545499389991164,0.009325364604592323,0.0,0.0,0.0,0.0,9.21940736589022e-05,0.009917239006528206,,,
143,True,,,,0.0005327530670911074,0.0,,,,,,0.003544799517840147,0.058052487671375275,4.124570841668174e-05,0.00990342441946268,0.0,0.0,0.0,0.0,7.622005796292797e-05,0.009915869699554204,,,
144,True,,,,0.0005859869997948408,0.0,,,,,,0.003415349405258894,0.045994214713573456,4.994223127141595e-05,0.008625729940831661,0.0,0.0,0.0,0.0,7.120201189536601e-05,0.009914489264395743,,,
145,True,,,,0.00043540081242099404,0.0,,,,,,0.0016611110186204314,0.051685087382793427,4.0135109884431586e-05,0.007285088300704956,0.0,0.0,0.0,0.0,9.850680362433195e-05,0.009913097704531583,,,
146,True,,,,0.0012734197080135345,0.0,,,,,,0.005184229463338852,0.08165449649095535,0.00011917260417249054,0.014682685025036335,0.0,0.0,0.0,0.0,0.00010056514292955399,0.00991169502346851,,,
147,True,,,,0.0005900866235606372,0.0,,,,,,0.003332926658913493,0.06490404158830643,6.084978667786345e-05,0.01044384203851223,0.0,0.0,0.0,0.0,0.00010384211782366037,0.009910281224741347,,,
148,True,,,,0.0011224646586924791,0.0,,,,,,0.0017255520215258002,0.045609939843416214,9.306697029387578e-05,0.007455544546246529,0.0,0.0,0.0,0.0,0.00010012865095632151,0.009908856311912923,,,
149,True,,,,0.0005371321458369493,0.0,,,,,,0.005304196383804083,0.07159214466810226,6.793854845454916e-05,0.013034512288868427,0.0,0.0,0.0,0.0,0.00011686324432957917,0.009907420288574087,,,
150,True,,,,0.0008406256092712283,0.0,,,,,,0.005413169972598553,0.08077913522720337,9.933086403179914e-05,0.014381375163793564,0.0,0.0,0.0,0.0,0.00011427034041844308,0.009905973158343673,,,
151,True,,,,0.0005039031966589391,0.0,,,,,,0.0016399789601564407,0.06279055774211884,4.037487815367058e-05,0.008443125523626804,0.0,0.0,0.0,0.0,8.408382564084604e-05,0.00990451492486852,,,
152,True,,,,0.0005526845343410969,0.0,,,,,,0.0017290113028138876,0.04568786919116974,4.676793105318211e-05,0.00687386654317379,0.0,0.0,0.0,0.0,8.028371667023748e-05,0.009903045591823435,,,
153,True,,,,0.00039893630309961736,0.0,,,,,,0.005865627434104681,0.09384274482727051,4.571775207296014e-05,0.01567169837653637,0.0,0.0,0.0,0.0,0.0001297579292440787,0.009901565162911205,,,
154,True,,,,0.0012099891901016235,0.0,,,,,,0.0022928789258003235,0.05233210325241089,0.00015163497300818563,0.008811896666884422,0.0,0.0,0.0,0.0,0.00010448240936966613,0.00990007364186257,,,
155,True,,,,0.000553696823772043,0.0,,,,,,0.0033662025816738605,0.06265988945960999,7.543240644736215e-05,0.010223603807389736,0.0,0.0,0.0,0.0,0.0001054474341799505,0.009898571032436233,,,
156,True,,,,0.001076266635209322,0.0,,,,,,0.0035115801729261875,0.06670036166906357,0.00010580290108919144,0.01131078414618969,0.0,0.0,0.0,0.0,0.00010287799523212016,0.009897057338418835,,,
157,True,,,,0.0005161039298400283,0.0,,,,,,0.004187555518001318,0.06125371903181076,7.810043462086469e-05,0.010868081822991371,0.0,0.0,0.0,0.0,9.636507456889376e-05,0.009895532563624949,,,
158,True,,,,0.0008255191496573389,0.0,,,,,,0.004985078237950802,0.06669117510318756,0.00010546255361987278,0.012532446533441544,0.0,0.0,0.0,0.0,0.00011279305908828974,0.009893996711897076,,,
159,True,,,,0.0005024255951866508,0.0,,,,,,0.003708661301061511,0.056987859308719635,5.2512023103190586e-05,0.009936128742992878,0.0,0.0,0.0,0.0,8.486264414386824e-05,0.009892449787105628,,,
160,True,,,,0.0005577600095421076,0.0,,,,,,0.0030743679963052273,0.04887464642524719,5.8569548855302855e-05,0.008548877201974392,0.0,0.0,0.0,0.0,8.440348028670996e-05,0.009890891793148924,,,
161,True,,,,0.00040893626282922924,0.0,,,,,,0.0013805122580379248,0.06473423540592194,4.614675708580762e-05,0.008285945281386375,0.0,0.0,0.0,0.0,9.861907892627642e-05,0.009889322733953175,,,
162,True,,,,0.0012010461650788784,0.0,,,,,,0.004158519208431244,0.0699746161699295,0.00010490477870916948,0.012409480288624763,0.0,0.0,0.0,0.0,0.00010174841736443341,0.00988774261347248,,,
163,True,,,,0.0005671378457918763,0.0,,,,,,0.004086591769009829,0.07395084947347641,6.851038051536307e-05,0.012083069421350956,0.0,0.0,0.0,0.0,0.00010399048187537119,0.009886151435688814,,,
164,True,,,,0.0010779299773275852,0.0,,,,,,0.0031150318682193756,0.05246210843324661,9.593081631464884e-05,0.009487137198448181,0.0,0.0,0.0,0.0,7.593127520522103e-05,0.00988454920461201,,,
165,True,,,,0.0004961794475093484,0.0,,,,,,0.0043204412795603275,0.06095142289996147,7.468670082744211e-05,0.010949106886982918,0.0,0.0,0.0,0.0,7.319623546209186e-05,0.009882935924279761,,,
166,True,,,,0.0007895624148659408,0.0,,,,,,0.003817805554717779,0.06551233679056168,0.00011515984078869224,0.011216181330382824,0.0,0.0,0.0,0.0,9.167509415419772e-05,0.009881311598757608,,,
167,True,,,,0.00047828524839133024,0.0,,,,,,0.004615099169313908,0.08198020607233047,5.465501089929603e-05,0.013318733312189579,0.0,0.0,0.0,0.0,0.0001793315022950992,0.009879676232138918,,,
168,True,,,,0.0005367379053495824,0.0,,,,,,0.0036605149507522583,0.056616634130477905,5.6024429795797914e-05,0.009886928834021091,0.0,0.0,0.0,0.0,7.38764283596538e-05,0.009878029828544889,,,
169,True,,,,0.0003986342344433069,0.0,,,,,,0.003340627532452345,0.08273796737194061,5.2177660109009594e-05,0.01203914824873209,0.0,0.0,0.0,0.0,0.00010781454329844564,0.009876372392124527,,,
170,True,,,,0.0011806462425738573,0.0,,,,,,0.007057937793433666,0.06251034140586853,0.00011822152009699494,0.014548729173839092,0.0,0.0,0.0,0.0,8.502262062393129e-05,0.009874703927054647,,,
171,True,,,,0.0005647992948070168,0.0,,,,,,0.00609857402741909,0.07722149044275284,5.908222374273464e-05,0.01441506389528513,0.0,0.0,0.0,0.0,0.00011329373228363693,0.009873024437539853,,,
172,True,,,,0.0010955157922580838,0.0,,,,,,0.0021157965529710054,0.04449773579835892,9.325100108981133e-05,0.007707711309194565,0.0,0.0,0.0,0.0,7.473558798665181e-05,0.00987133392781253,,,
173,True,,,,0.0005060128169134259,0.0,,,,,,0.0022041392512619495,0.06478050351142883,6.452678644564003e-05,0.009220466017723083,0.0,0.0,0.0,0.0,0.00011649844964267686,0.009869632402132839,,,
174,True,,,,0.0008148582419380546,0.0,,,,,,0.003397178603336215,0.07183128595352173,0.00012262130621820688,0.011456475593149662,0.0,0.0,0.0,0.0,9.596739982953295e-05,0.009867919864788698,,,
175,True,,,,0.0004903944209218025,0.0,,,,,,0.005851616617292166,0.07681645452976227,6.711965397698805e-05,0.014057217165827751,0.0,0.0,0.0,0.0,9.977594163501635e-05,0.009866196320095775,,,
176,True,,,,0.0005448213196359575,0.0,,,,,,0.0020035486668348312,0.047866448760032654,5.9448131651151925e-05,0.0073647391982376575,0.0,0.0,0.0,0.0,9.199025953421369e-05,0.00986446177239748,,,
177,True,,,,0.00039721373468637466,0.0,,,,,,0.004228068515658379,0.057365670800209045,3.920721064787358e-05,0.010381452739238739,0.0,0.0,0.0,0.0,7.905009988462552e-05,0.009862716226064947,,,
178,True,,,,0.001161924097687006,0.0,,,,,,0.005960229784250259,0.07800062000751495,0.00012176219024695456,0.014983097091317177,0.0,0.0,0.0,0.0,0.00011563150474103168,0.009860959685497028,,,
179,True,,,,0.0005457173683680594,0.0,,,,,,0.0038699954748153687,0.05802806466817856,6.766805017832667e-05,0.010252353735268116,0.0,0.0,0.0,0.0,8.289086690638214e-05,0.009859192155120286,,,
180,True,,,,0.0010342041496187449,0.0,,,,,,0.004737366922199726,0.056655123829841614,9.681923256721348e-05,0.011485491879284382,0.0,0.0,0.0,0.0,0.00010013162682298571,0.009857413639388971,,,
181,True,,,,0.00047573610208928585,0.0,,,,,,0.003242724109441042,0.04962736368179321,5.629006773233414e-05,0.008709341287612915,0.0,0.0,0.0,0.0,0.00010809733794303611,0.009855624142785022,,,
182,True,,,,0.0007737166015431285,0.0,,,,,,0.0016173615586012602,0.04248574376106262,9.475499246036634e-05,0.00668703019618988,0.0,0.0,0.0,0.0,8.41253568069078e-05,0.00985382366981805,,,
183,True,,,,0.0004598905215971172,0.0,,,,,,0.004368963651359081,0.06731152534484863,4.6745721192564815e-05,0.011583379469811916,0.0,0.0,0.0,0.0,0.00014593089872505516,0.00985201222502532,,,
184,True,,,,0.0005218173610046506,0.0,,,,,,0.004309806041419506,0.06428417563438416,5.453990161186084e-05,0.011287311092019081,0.0,0.0,0.0,0.0,0.00020567183673847467,0.009850189812971756,,,
185,True,,,,0.00038582104025408626,0.0,,,,,,0.0028670798055827618,0.055087726563215256,4.8102687287610024e-05,0.008785724639892578,0.0,0.0,0.0,0.0,7.653531065443531e-05,0.00984835643824992,,,
186,True,,,,0.0011452403850853443,0.0,,,,,,0.003970370627939701,0.06851629912853241,0.00015960726886987686,0.012047043070197105,0.0,0.0,0.0,0.0,0.00011018267832696438,0.009846512105479986,,,
187,True,,,,0.0005393800092861056,0.0,,,,,,0.0015676131006330252,0.0366525873541832,6.72557798679918e-05,0.005805879831314087,0.0,0.0,0.0,0.0,7.46915175113827e-05,0.009844656819309763,,,
188,True,,,,0.0010548558784648776,0.0,,,,,,0.002872280776500702,0.05102754756808281,9.548284288030118e-05,0.00907763373106718,0.0,0.0,0.0,0.0,0.00010300833673682064,0.009842790584414647,,,
189,True,,,,0.0004745900514535606,0.0,,,,,,0.00475299684330821,0.07211078703403473,7.167128205765039e-05,0.012474500574171543,0.0,0.0,0.0,0.0,0.00010480379569344223,0.009840913405497635,,,
190,True,,,,0.0007586952997371554,0.0,,,,,,0.0038854058366268873,0.06387840211391449,0.00010983028914779425,0.011086856946349144,0.0,0.0,0.0,0.0,8.367123518837616e-05,0.0098390252872893,,,
191,True,,,,0.00046794171794317663,0.0,,,,,,0.0027229622937738895,0.0551527738571167,5.476365186041221e-05,0.008733563125133514,0.0,0.0,0.0,0.0,0.00010161157842958346,0.009837126234547779,,,
192,True,,,,0.0005310342530719936,0.0,,,,,,0.00491520157083869,0.0643695741891861,5.3395033319247887e-05,0.011909890919923782,0.0,0.0,0.0,0.0,8.405903645325452e-05,0.009835216252058769,,,
193,True,,,,0.0003833322261925787,0.0,,,,,,0.003963505383580923,0.06597532331943512,6.379757542163134e-05,0.010976268909871578,0.0,0.0,0.0,0.0,9.340552060166374e-05,0.009833295344635508,,,
194,True,,,,0.001228284789249301,0.0,,,,,,0.0015007437905296683,0.05350424349308014,0.00013608281733468175,0.008147494867444038,0.0,0.0,0.0,0.0,0.00012172097194707021,0.009831363517118772,,,
195,True,,,,0.00052594521548599,0.0,,,,,,0.0034613930620253086,0.06595670431852341,6.977855082368478e-05,0.010617897845804691,0.0,0.0,0.0,0.0,0.00010183381527895108,0.009829420774376846,,,
196,True,,,,0.000995673704892397,0.0,,,,,,0.004361605737358332,0.07700420171022415,9.691217564977705e-05,0.013106156140565872,0.0,0.0,0.0,0.0,0.00012154407886555418,0.009827467121305526,,,
197,True,,,,0.0004607456212397665,0.0,,,,,,0.003218939295038581,0.04315149039030075,7.9037927207537e-05,0.008034353144466877,0.0,0.0,0.0,0.0,9.461421723244712e-05,0.009825502562828109,,,
198,True,,,,0.0007561955135315657,0.0,,,,,,0.004558593966066837,0.07391291856765747,0.00013226013106759638,0.012772211804986,0.0,0.0,0.0,0.0,9.748281445354223e-05,0.00982352710389536,,,
199,True,,,,0.00044909882126376033,0.0,,,,,,0.002769759390503168,0.06277144700288773,5.814136966364458e-05,0.009525073692202568,0.0,0.0,0.0,0.0,9.372660133522004e-05,0.009821540749485528,,,
200,True,,,,0.0005071010673418641,0.0,,,,,,0.0031100562773644924,0.07126040011644363,5.4376690968638286e-05,0.010770386084914207,0.0,0.0,0.0,0.0,0.00013418895832728595,0.009819543504604308,0.0001329181569827268,1.1742529296480663e-05,5.357862333166601e-06
201,True,,,,0.00036688876571133733,0.0,,,,,,0.005262760445475578,0.06998998671770096,4.7070116124814376e-05,0.012652183882892132,0.0,0.0,0.0,0.0,9.028452768689021e-05,0.009817535374284848,,,
202,True,,,,0.0011718760943040252,0.0,,,,,,0.0046210456639528275,0.06757032871246338,0.00015054826508276165,0.012625228613615036,0.0,0.0,0.0,0.0,0.0001085716939996928,0.009815516363587724,,,
203,True,,,,0.000519049062859267,0.0,,,,,,0.00368272652849555,0.06320201605558395,6.799600669182837e-05,0.010555975139141083,0.0,0.0,0.0,0.0,8.813131717033684e-05,0.009813486477600927,,,
204,True,,,,0.0010095536708831787,0.0,,,,,,0.00534806540235877,0.06775157153606415,9.411491919308901e-05,0.013179834000766277,0.0,0.0,0.0,0.0,8.95446355571039e-05,0.009811445721439863,,,
205,True,,,,0.0004685688763856888,0.0,,,,,,0.0028251386247575283,0.054018694907426834,6.063308319426142e-05,0.008725893683731556,0.0,0.0,0.0,0.0,8.58539278851822e-05,0.009809394100247327,,,
206,True,,,,0.0007346153142862022,0.0,,,,,,0.004739572759717703,0.05680736154317856,0.00010194238711846992,0.01120589580386877,0.0,0.0,0.0,0.0,9.01004095794633e-05,0.00980733161919349,,,
207,True,,,,0.00044510699808597565,0.0,,,,,,0.0018009806517511606,0.04192254692316055,4.4994561903877184e-05,0.006460840348154306,0.0,0.0,0.0,0.0,7.416599692078307e-05,0.009805258283475896,,,
208,True,,,,0.0004907337133772671,0.0,,,,,,0.00415230356156826,0.06812506169080734,5.7759065384743735e-05,0.011484422720968723,0.0,0.0,0.0,0.0,9.688077261671424e-05,0.009803174098319442,,,
209,True,,,,0.00036258972249925137,0.0,,,,,,0.003030313178896904,0.06420227885246277,4.939466452924535e-05,0.009837829507887363,0.0,0.0,0.0,0.0,0.00010048074909718707,0.009801079068976367,,,
210,True,,,,0.0010879086330533028,0.0,,,,,,0.004156395792961121,0.0724465474486351,0.00013105268590152264,0.012554485350847244,0.0,0.0,0.0,0.0,0.00011588475172175094,0.009798973200726232,,,
211,True,,,,0.0004833503335248679,0.0,,,,,,0.002031948883086443,0.04755423963069916,6.441864388762042e-05,0.007302932441234589,0.0,0.0,0.0,0.0,8.573134255129844e-05,0.009796856498875921,,,
212,True,,,,0.0009366461890749633,0.0,,,,,,0.006005724426358938,0.07086145877838135,9.808123286347836e-05,0.014077557250857353,0.0,0.0,0.0,0.0,8.251245162682608e-05,0.009794728968759615,,,
213,True,,,,0.00044263567542657256,0.0,,,,,,0.005014924332499504,0.06412497162818909,7.116008055163547e-05,0.011905636638402939,0.0,0.0,0.0,0.0,8.773345325607806e-05,0.00979259061573878,,,
214,True,,,,0.0007223199936561286,0.0,,,,,,0.002148577943444252,0.05207646265625954,0.00011805800022557378,0.00813757348805666,0.0,0.0,0.0,0.0,8.813419117359444e-05,0.009790441445202162,,,
215,True,,,,0.0004448371473699808,0.0,,,,,,0.0036888569593429565,0.07385518401861191,4.9277157813776284e-05,0.011543850414454937,0.0,0.0,0.0,0.0,0.00011708280362654477,0.009788281462565763,,,
216,True,,,,0.00048072621575556695,0.0,,,,,,0.005822574719786644,0.07906482368707657,5.4028827435104176e-05,0.014236798509955406,0.0,0.0,0.0,0.0,0.00010396596189821139,0.009786110673272832,,,
217,True,,,,0.0003568536485545337,0.0,,,,,,0.0031640164088457823,0.050845205783843994,4.697864278568886e-05,0.00862887967377901,0.0,0.0,0.0,0.0,7.674669905100018e-05,0.009783929082793857,,,
218,True,,,,0.001077902503311634,0.0,,,,,,0.0012233284069225192,0.030609365552663803,0.00012075172708136961,0.00542254326865077,0.0,0.0,0.0,0.0,9.494469122728333e-05,0.009781736696626537,,,
219,True,,,,0.0005076026427559555,0.0,,,,,,0.0018420747946947813,0.04918869584798813,6.717181531712413e-05,0.007302132900804281,0.0,0.0,0.0,0.0,0.00010692755313357338,0.009779533520295784,,,
220,True,,,,0.000941363803576678,0.0,,,,,,0.005337877199053764,0.07047724723815918,9.363904246129096e-05,0.01337378565222025,0.0,0.0,0.0,0.0,9.306521678809077e-05,0.009777319559353695,,,
221,True,,,,0.0004526416305452585,0.0,,,,,,0.0022367234341800213,0.051560040563344955,7.17020157026127e-05,0.007881220430135727,0.0,0.0,0.0,0.0,8.627845090813935e-05,0.009775094819379554,,,
222,True,,,,0.000737077440135181,0.0,,,,,,0.001971317222341895,0.05050339549779892,9.422870789421722e-05,0.0078058489598333836,0.0,0.0,0.0,0.0,9.316864452557638e-05,0.009772859305979797,,,
223,True,,,,0.0004228237085044384,0.0,,,,,,0.010328405536711216,0.10127189755439758,6.0867427237099037e-05,0.02090885303914547,0.0,0.0,0.0,0.0,0.0001217206081491895,0.009770613024788018,,,
224,True,,,,0.0004963773535564542,0.0,,,,,,0.00273634260520339,0.05228150635957718,6.410977221094072e-05,0.008492926135659218,0.0,0.0,0.0,0.0,9.439011046197265e-05,0.009768355981464942,,,
225,True,,,,0.0003603246877901256,0.0,,,,,,0.002266103634610772,0.04135875403881073,5.777141632279381e-05,0.006791189778596163,0.0,0.0,0.0,0.0,7.340803131228313e-05,0.009766088181698421,,,
226,True,,,,0.0010729831410571933,0.0,,,,,,0.008226078003644943,0.09044749289751053,0.00015701678057666868,0.018422318622469902,0.0,0.0,0.0,0.0,0.00012389567564241588,0.009763809631203406,,,
227,True,,,,0.000494272680953145,0.0,,,,,,0.0032982740085572004,0.045499563217163086,8.776776667218655e-05,0.008386386558413506,0.0,0.0,0.0,0.0,8.270296530099586e-05,0.009761520335721943,,,
228,True,,,,0.0009505752241238952,0.0,,,,,,0.0023177331313490868,0.04945499077439308,0.00011025118146790192,0.008268932811915874,0.0,0.0,0.0,0.0,8.537903340766206e-05,0.00975922030102316,,,
229,True,,,,0.00044185173464939,0.0,,,,,,0.0022232995834201574,0.03794485330581665,6.128410313976929e-05,0.006490278523415327,0.0,0.0,0.0,0.0,6.86151470290497e-05,0.009756909532903242,,,
230,True,,,,0.0007317521958611906,0.0,,,,,,0.0038499818183481693,0.0615423247218132,0.00013810065865982324,0.010805017314851284,0.0,0.0,0.0,0.0,0.00010086662950925529,0.009754588037185425,,,
231,True,,,,0.00042713223956525326,0.0,,,,,,0.0033764373511075974,0.06235269829630852,5.112343933433294e-05,0.010064401663839817,0.0,0.0,0.0,0.0,0.00010108599963132292,0.009752255819719982,,,
232,True,,,,0.0004804852360393852,0.0,,,,,,0.0022447225637733936,0.05332773178815842,6.547963130287826e-05,0.008090720511972904,0.0,0.0,0.0,0.0,9.018956916406751e-05,0.0097499128863842,,,
233,True,,,,0.000348436034983024,0.0,,,,,,0.004823255352675915,0.07524508237838745,5.704541035811417e-05,0.012724721804261208,0.0,0.0,0.0,0.0,0.00015695561887696385,0.009747559243082378,,,
234,True,,,,0.0010666068410500884,0.0,,,,,,0.003396139247342944,0.05287478119134903,0.00016040501941461116,0.009830426424741745,0.0,0.0,0.0,0.0,9.536873403703794e-05,0.009745194895745794,,,
235,True,,,,0.0004742273595184088,0.0,,,,,,0.010215639136731625,0.09966093301773071,7.039046613499522e-05,0.020691154524683952,0.0,0.0,0.0,0.0,0.00011399526556488127,0.009742819850332712,,,
236,True,,,,0.0009048469364643097,0.0,,,,,,0.004458792507648468,0.06292629987001419,0.00010315179679309949,0.011707845143973827,0.0,0.0,0.0,0.0,0.00010221778939012438,0.009740434112828347,,,
237,True,,,,0.0004310344811528921,0.0,,,,,,0.004151688888669014,0.06333711743354797,7.15823844075203e-05,0.01095222681760788,0.0,0.0,0.0,0.0,0.0001025285164359957,0.009738037689244862,,,
238,True,,,,0.0007200790569186211,0.0,,,,,,0.0024244252126663923,0.053791772574186325,0.00012191224232083187,0.008584637194871902,0.0,0.0,0.0,0.0,9.828092152019963e-05,0.009735630585621349,,,
239,True,,,,0.00041763868648558855,0.0,,,,,,0.0015969874802976847,0.06508731842041016,5.0285358156543225e-05,0.008548500947654247,0.0,0.0,0.0,0.0,0.00011684664059430361,0.009733212808023816,,,
240,True,,,,0.00046841753646731377,0.0,,,,,,0.003210256574675441,0.04954192042350769,5.135778337717056e-05,0.008658545091748238,0.0,0.0,0.0,0.0,9.126623626798391e-05,0.009730784362545165,,,
241,True,,,,0.0003325223224237561,0.0,,,,,,0.0012583675561472774,0.041092660278081894,4.98699773743283e-05,0.005725090857595205,0.0,0.0,0.0,0.0,8.340637577930465e-05,0.009728345255305188,,,
242,True,,,,0.0010400700848549604,0.0,,,,,,0.004154433961957693,0.05947126820683479,0.00012968559167347848,0.011206473223865032,0.0,0.0,0.0,0.0,9.64629725785926e-05,0.009725895492450539,,,
243,True,,,,0.00047779205488041043,0.0,,,,,,0.003117514308542013,0.05600549280643463,6.0151964135002345e-05,0.009225931949913502,0.0,0.0,0.0,0.0,9.097628208110109e-05,0.009723435080154729,,,
244,True,,,,0.0008941872511059046,0.0,,,,,,0.0030414736829698086,0.04956261068582535,9.592028800398111e-05,0.008939881809055805,0.0,0.0,0.0,0.0,9.725557902129367e-05,0.009720964024618103,,,
245,True,,,,0.0004276710096746683,0.0,,,,,,0.004406507592648268,0.06759250909090042,6.469358049798757e-05,0.011625776067376137,0.0,0.0,0.0,0.0,8.662463369546458e-05,0.009718482332067832,,,
246,True,,,,0.0006700546946376562,0.0,,,,,,0.0021353692281991243,0.05164806544780731,0.00010840887989616022,0.008024434559047222,0.0,0.0,0.0,0.0,8.747521496843547e-05,0.009715990008757884,,,
247,True,,,,0.00039444034337066114,0.0,,,,,,0.0035981396213173866,0.05076371133327484,5.86614478379488e-05,0.00909828208386898,0.0,0.0,0.0,0.0,8.806672849459574e-05,0.00971348706096903,,,
248,True,,,,0.00045289116678759456,0.0,,,,,,0.0029229752253741026,0.05091755837202072,5.6358643632847816e-05,0.008495801128447056,0.0,0.0,0.0,0.0,0.00010015395673690364,0.009710973495008799,,,
249,True,,,,0.0003311033360660076,0.0,,,,,,0.00487079843878746,0.06447543203830719,4.983189865015447e-05,0.011674361303448677,0.0,0.0,0.0,0.0,8.457203512080014e-05,0.009708449317211496,,,
250,True,,,,0.0010052267462015152,0.0,,,,,,0.005302931182086468,0.06172984838485718,0.00012481451267376542,0.01254354976117611,0.0,0.0,0.0,0.0,7.456821913365275e-05,0.009705914533938152,,,
251,True,,,,0.0004634158394765109,0.0,,,,,,0.00406981073319912,0.05443798750638962,6.830255733802915e-05,0.010011176578700542,0.0,0.0,0.0,0.0,9.569776739226654e-05,0.009703369151576534,,,
252,True,,,,0.0008898255764506757,0.0,,,,,,0.005982156842947006,0.08370961248874664,8.996211545309052e-05,0.01528792455792427,0.0,0.0,0.0,0.0,9.316059004049748e-05,0.00970081317654112,,,
253,True,,,,0.00042224719072692096,0.0,,,,,,0.0051091862842440605,0.07890994846820831,6.72279202262871e-05,0.013456041924655437,0.0,0.0,0.0,0.0,8.633120887679979e-05,0.009698246615273073,,,
254,True,,,,0.0006919740699231625,0.0,,,,,,0.00311093358322978,0.05710835009813309,0.0001315013796556741,0.0095794927328825,0.0,0.0,0.0,0.0,8.572929800720885e-05,0.009695669474240243,,,
255,True,,,,0.00040938518941402435,0.0,,,,,,0.00280713546089828,0.0524723082780838,6.0440557717811316e-05,0.008493972010910511,0.0,0.0,0.0,0.0,0.00010609711898723617,0.009693081759937138,,,
256,True,,,,0.0004380859900265932,0.0,,,,,,0.004416357260197401,0.06574168801307678,5.59436266485136e-05,0.011456584557890892,0.0,0.0,0.0,0.0,9.371009218739346e-05,0.009690483478884909,,,
257,True,,,,0.00032320033642463386,0.0,,,,,,0.0027136430144309998,0.04992138594388962,4.821403854293749e-05,0.008053088560700417,0.0,0.0,0.0,0.0,7.429859397234395e-05,0.009687874637631341,,,
258,True,,,,0.0009729095618240535,0.0,,,,,,0.0037637052591890097,0.07027283310890198,0.00013371524983085692,0.011830756440758705,0.0,0.0,0.0,0.0,0.00012041824084008113,0.009685255242750825,,,
259,True,,,,0.00044303893810138106,0.0,,,,,,0.0034826304763555527,0.052397068589925766,6.342270353343338e-05,0.009197087027132511,0.0,0.0,0.0,0.0,9.730060264701024e-05,0.00968262530084435,,,
260,True,,,,0.0008590590441599488,0.0,,,,,,0.0018315915949642658,0.044365283101797104,9.560825128573924e-05,0.007174983154982328,0.0,0.0,0.0,0.0,7.186098810052499e-05,0.009679984818539487,,,
261,True,,,,0.000406148552428931,0.0,,,,,,0.0015201730420812964,0.040476053953170776,6.967443914618343e-05,0.006008764263242483,0.0,0.0,0.0,0.0,8.93724718480371e-05,0.009677333802490364,,,
262,True,,,,0.0006661586230620742,0.0,,,,,,0.004677746910601854,0.057813066989183426,0.00011359958443790674,0.011182012036442757,0.0,0.0,0.0,0.0,8.350906136911362e-05,0.00967467225937766,,,
263,True,,,,0.0003875017282553017,0.0,,,,,,0.0027712699957191944,0.05682254955172539,5.059882460045628e-05,0.00886632688343525,0.0,0.0,0.0,0.0,0.00010523451783228666,0.009672000195908578,,,
264,True,,,,0.000441260461229831,0.0,,,,,,0.002071829279884696,0.05649561434984207,5.267232336336747e-05,0.008188987150788307,0.0,0.0,0.0,0.0,0.00010868196113733575,0.009669317618816835,,,
265,True,,,,0.00030726910335943103,0.0,,,,,,0.003823922947049141,0.06238747015595436,5.881640754523687e-05,0.010399348102509975,0.0,0.0,0.0,0.0,7.90260819485411e-05,0.00966662453486264,,,
266,True,,,,0.0009683700045570731,0.0,,,,,,0.001874915324151516,0.028172969818115234,0.00012622357462532818,0.005723694805055857,0.0,0.0,0.0,0.0,6.755896902177483e-05,0.00966392095083269,,,
267,True,,,,0.0004256684333086014,0.0,,,,,,0.002756946487352252,0.05562016740441322,7.439006003551185e-05,0.008781827054917812,0.0,0.0,0.0,0.0,7.586835999973118e-05,0.009661206873540126,,,
268,True,,,,0.0008357976912520826,0.0,,,,,,0.0028171276208013296,0.053773291409015656,0.0001057675908668898,0.009083138778805733,0.0,0.0,0.0,0.0,7.286807522177696e-05,0.009658482309824544,,,
269,True,,,,0.0003934370761271566,0.0,,,,,,0.004244566895067692,0.06239728629589081,7.087825360940769e-05,0.010913170874118805,0.0,0.0,0.0,0.0,8.500371768604964e-05,0.009655747266551966,,,
270,True,,,,0.0006493532564491034,0.0,,,,,,0.0035442865919321775,0.0692807286977768,0.0001186019362648949,0.011181013658642769,0.0,0.0,0.0,0.0,0.0001197511883219704,0.009653001750614818,,,
271,True,,,,0.00037641142262145877,0.0,,,,,,0.00533653050661087,0.07940128445625305,5.30377437826246e-05,0.01367958914488554,0.0,0.0,0.0,0.0,9.503581532044336e-05,0.009650245768931922,,,
272,True,,,,0.00042575737461447716,0.0,,,,,,0.0018455067183822393,0.04654192924499512,5.4029493185225874e-05,0.006952471565455198,0.0,0.0,0.0,0.0,0.00010727423068601638,0.009647479328448469,,,
273,True,,,,0.0003119143075309694,0.0,,,,,,0.003908284939825535,0.05898304656147957,5.4289190302370116e-05,0.010145648382604122,0.0,0.0,0.0,0.0,0.0001095250845537521,0.009644702436136013,,,
274,True,,,,0.0009814193472266197,0.0,,,,,,0.00445409445092082,0.06066775694489479,0.00014858442591503263,0.011576581746339798,0.0,0.0,0.0,0.0,9.702203533379361e-05,0.009641915098992444,,,
275,True,,,,0.00043861515587195754,0.0,,,,,,0.0024804803542792797,0.038260266184806824,5.694699939340353e-05,0.006773595232516527,0.0,0.0,0.0,0.0,7.425982767017558e-05,0.00963911732404197,,,
276,True,,,,0.0008354732999578118,0.0,,,,,,0.003367498517036438,0.06959521770477295,9.178979962598532e-05,0.011208388954401016,0.0,0.0,0.0,0.0,0.00014749556430615485,0.009636309118335106,,,
277,True,,,,0.0003983598144259304,0.0,,,,,,0.004236800130456686,0.06321423500776291,6.575146107934415e-05,0.010989459231495857,0.0,0.0,0.0,0.0,8.108154725050554e-05,0.009633490488948657,,,
278,True,,,,0.0006288893055170774,0.0,,,,,,0.004866129718720913,0.062224335968494415,0.00015410871128551662,0.011794506572186947,0.0,0.0,0.0,0.0,0.00010737024422269315,0.009630661442985692,,,
279,True,,,,0.00037273787893354893,0.0,,,,,,0.002920684404671192,0.049907270818948746,5.019810487283394e-05,0.008309248834848404,0.0,0.0,0.0,0.0,8.218610309995711e-05,0.009627821987575527,,,
280,True,,,,0.0004141752142459154,0.0,,,,,,0.005880578421056271,0.08302061259746552,5.846518251928501e-05,0.01462604757398367,0.0,0.0,0.0,0.0,0.00013788565411232412,0.009624972129873715,,,
281,True,,,,0.0003023807948920876,0.0,,,,,,0.003749485593289137,0.059243761003017426,6.857435073470697e-05,0.01001053024083376,0.0,0.0,0.0,0.0,0.00011471719335531816,0.009622111877062021,,,
282,True,,,,0.00095676991622895,0.0,,,,,,0.003832436166703701,0.0688730925321579,0.00015165987133514136,0.011752345599234104,0.0,0.0,0.0,0.0,9.934625268215314e-05,0.00961924123634841,,,
283,True,,,,0.00043578637996688485,0.0,,,,,,0.003604433499276638,0.06204958260059357,6.613958248635754e-05,0.01027824729681015,0.0,0.0,0.0,0.0,8.039837121032178e-05,0.009616360214967017,,,
284,True,,,,0.0008066014270298183,0.0,,,,,,0.007403756957501173,0.08134835958480835,0.0001071419392246753,0.01639876514673233,0.0,0.0,0.0,0.0,9.234654135070741e-05,0.009613468820178146,,,
285,True,,,,0.00039536081021651626,0.0,,,,,,0.0024080551229417324,0.05934879928827286,6.383263098541647e-05,0.008770211599767208,0.0,0.0,0.0,0.0,8.284921204904094e-05,0.009610567059268237,,,
286,True,,,,0.0006670568836852908,0.0,,,,,,0.0048822700046002865,0.0677274540066719,9.540434984955937e-05,0.012369775213301182,0.0,0.0,0.0,0.0,0.00010933387966360897,0.009607654939549853,,,
287,True,,,,0.000380196695914492,0.0,,,,,,0.003554324619472027,0.05109749734401703,5.2466777560766786e-05,0.0090705044567585,0.0,0.0,0.0,0.0,8.784123201621696e-05,0.009604732468361665,,,
288,True,,,,0.00042428390588611364,0.0,,,,,,0.003520728088915348,0.06403326243162155,5.037316441303119e-05,0.010373524390161037,0.0,0.0,0.0,0.0,9.328949818154797e-05,0.009601799653068425,,,
289,True,,,,0.0003090153622906655,0.0,,,,,,0.003959042951464653,0.06797000765800476,4.6349035983439535e-05,0.011088233441114426,0.0,0.0,0.0,0.0,9.361752745462582e-05,0.00959885650106096,,,
290,True,,,,0.0009495626436546445,0.0,,,,,,0.0048927683383226395,0.06675715744495392,0.000128978441352956,0.012582536786794662,0.0,0.0,0.0,0.0,9.969047096092254e-05,0.009595903019756135,,,
291,True,,,,0.00042182611650787294,0.0,,,,,,0.0041488660499453545,0.06525599956512451,6.854499224573374e-05,0.011130563914775848,0.0,0.0,0.0,0.0,8.877685468178242e-05,0.009592939216596858,,,
292,True,,,,0.0007967118872329593,0.0,,,,,,0.006498735398054123,0.07162743806838989,0.00010645901784300804,0.01451142132282257,0.0,0.0,0.0,0.0,0.00010621669935062528,0.00958996509905204,,,
293,True,,,,0.00039077294059097767,0.0,,,,,,0.004227545112371445,0.06459717452526093,6.29108544671908e-05,0.011109490878880024,0.0,0.0,0.0,0.0,9.241258521797135e-05,0.009586980674616588,,,
294,True,,,,0.0006301796529442072,0.0,,,,,,0.002438536612316966,0.04501664265990257,0.00010884251969400793,0.007624802179634571,0.0,0.0,0.0,0.0,9.189735283143818e-05,0.00958398595081138,,,
295,True,,,,0.00036533523234538734,0.0,,,,,,0.0018883233424276114,0.044606804847717285,5.3510470024775714e-05,0.006741093937307596,0.0,0.0,0.0,0.0,9.496481652604416e-05,0.009580980935183251,,,
296,True,,,,0.00040943053318187594,0.0,,,,,,0.0025576194748282433,0.06074605509638786,5.460740067064762e-05,0.009068959392607212,0.0,0.0,0.0,0.0,0.00011412698950152844,0.009577965635304974,,,
297,True,,,,0.0003028674691449851,0.0,,,,,,0.002667183056473732,0.06297789514064789,5.0863185606431216e-05,0.009293271228671074,0.0,0.0,0.0,0.0,7.883541547926143e-05,0.009574940058775235,,,
298,True,,,,0.0009349504834972322,0.0,,,,,,0.002741210162639618,0.05724626034498215,0.0001475333992857486,0.009474552236497402,0.0,0.0,0.0,0.0,0.00010132036550203338,0.009571904213218617,,,
299,True,,,,0.0004195818619336933,0.0,,,,,,0.003965032286942005,0.06678563356399536,7.48781967558898e-05,0.011100617237389088,0.0,0.0,0.0,0.0,9.76899973466061e-05,0.009568858106285586,,,
300,True,,,,0.0007968874415382743,0.0,,,,,,0.0039427378214895725,0.061622388660907745,9.414431406185031e-05,0.010948935523629189,0.0,0.0,0.0,0.0,9.828110341913998e-05,0.009565801745652462,8.965731052668631e-05,2.032410673972614e-05,6.686513135773229e-06
301,True,,,,0.0003897879214491695,0.0,,,,,,0.004790611565113068,0.07206472009420395,6.859275163151324e-05,0.012421167455613613,0.0,0.0,0.0,0.0,8.562660514144227e-05,0.009562735139021412,,,
302,True,,,,0.0006241818773560226,0.0,,,,,,0.0038114420603960752,0.05726892128586769,0.00011916400399059057,0.010222097858786583,0.0,0.0,0.0,0.0,8.12228026916273e-05,0.009559658294120414,,,
303,True,,,,0.0003700948436744511,0.0,,,,,,0.0020554959774017334,0.048599302768707275,4.7153440391412005e-05,0.00730909826233983,0.0,0.0,0.0,0.0,7.861010089982301e-05,0.009556571218703252,,,
304,True,,,,0.0004052682197652757,0.0,,,,,,0.0035954981576651335,0.062378957867622375,5.7133816881105304e-05,0.0102672278881073,0.0,0.0,0.0,0.0,0.00012270340812392533,0.00955347392054949,,,
305,True,,,,0.00029479453223757446,0.0,,,,,,0.004476230591535568,0.08846362680196762,4.823540439247154e-05,0.013641505502164364,0.0,0.0,0.0,0.0,0.00014324458607006818,0.00955036640746446,,,
306,True,,,,0.000909986614715308,0.0,,,,,,0.0036950602661818266,0.054587747901678085,0.00013901536294724792,0.010133329778909683,0.0,0.0,0.0,0.0,9.871625661617145e-05,0.009547248687279226,,,
307,True,,,,0.00041326097561977804,0.0,,,,,,0.004265686962753534,0.0691310241818428,7.793221448082477e-05,0.011631017550826073,0.0,0.0,0.0,0.0,9.068307554116473e-05,0.009544120767850578,,,
308,True,,,,0.0007708751363679767,0.0,,,,,,0.0043469681404531,0.07075323164463043,0.00011842715321108699,0.012252380140125751,0.0,0.0,0.0,0.0,0.00011219559382880107,0.009540982657061013,,,
309,True,,,,0.0003858921118080616,0.0,,,,,,0.002779989968985319,0.06427852809429169,8.015749335754663e-05,0.009633813053369522,0.0,0.0,0.0,0.0,0.00010750091314548627,0.009537834362818706,,,
310,True,,,,0.00060425722040236,0.0,,,,,,0.002156580798327923,0.05718693509697914,0.0001307808270212263,0.008544921875,0.0,0.0,0.0,0.0,0.00010078432387672365,0.009534675893057497,,,
311,True,,,,0.0003632909501902759,0.0,,,,,,0.0036209016107022762,0.046124957501888275,5.319503179634921e-05,0.00862328615039587,0.0,0.0,0.0,0.0,6.548522651428357e-05,0.009531507255736864,,,
312,True,,,,0.00040637044003233314,0.0,,,,,,0.0052482811734080315,0.06505516171455383,5.707188029191457e-05,0.012188703753054142,0.0,0.0,0.0,0.0,8.119135600281879e-05,0.009528328458841915,,,
313,True,,,,0.00030594482086598873,0.0,,,,,,0.0054703946225345135,0.07254961133003235,5.893807247048244e-05,0.013060769997537136,0.0,0.0,0.0,0.0,0.00012651196448132396,0.009525139510383356,,,
314,True,,,,0.000943032733630389,0.0,,,,,,0.00436067022383213,0.06380513310432434,0.0001517531054560095,0.01176009327173233,0.0,0.0,0.0,0.0,0.00014099213876761496,0.009521940418397476,,,
315,True,,,,0.00042544363532215357,0.0,,,,,,0.0038879651110619307,0.0626417025923729,5.9552545280894265e-05,0.010607355274260044,0.0,0.0,0.0,0.0,8.958421676652506e-05,0.009518731190946126,,,
316,True,,,,0.0007750511867925525,0.0,,,,,,0.003851602552458644,0.06643647700548172,9.909064101520926e-05,0.011319846846163273,0.0,0.0,0.0,0.0,0.0001118070213124156,0.009515511836116701,,,
317,True,,,,0.00038406241219490767,0.0,,,,,,0.001879063667729497,0.03627898544073105,7.028864638414234e-05,0.005926169455051422,0.0,0.0,0.0,0.0,7.55858127376996e-05,0.009512282362022114,,,
318,True,,,,0.0005970972124487162,0.0,,,,,,0.001822994789108634,0.04312751814723015,0.0001392999110976234,0.006802493706345558,0.0,0.0,0.0,0.0,0.00010824326454894617,0.00950904277680078,,,
319,True,,,,0.00035231903893873096,0.0,,,,,,0.004789247177541256,0.06864967942237854,6.693140312563628e-05,0.012040000408887863,0.0,0.0,0.0,0.0,8.240705938078463e-05,0.009505793088616599,,,
320,True,,,,0.000403690617531538,0.0,,,,,,0.0034252300392836332,0.06651800125837326,5.4522846767213196e-05,0.010507982224225998,0.0,0.0,0.0,0.0,9.737777145346627e-05,0.009502533305658924,,,
321,True,,,,0.000288234994513914,0.0,,,,,,0.0021462207660079002,0.046674977988004684,6.0801143263233826e-05,0.007132354192435741,0.0,0.0,0.0,0.0,7.598042429890484e-05,0.009499263436142552,,,
322,True,,,,0.0008885454153642058,0.0,,,,,,0.001688751159235835,0.041397929191589355,0.0001641332491999492,0.006799156777560711,0.0,0.0,0.0,0.0,7.957036723382771e-05,0.009495983488307694,,,
323,True,,,,0.00040463623008690774,0.0,,,,,,0.0034507985692471266,0.05272718146443367,6.475477857748047e-05,0.009160530753433704,0.0,0.0,0.0,0.0,7.20754760550335e-05,0.009492693470419965,,,
324,True,,,,0.0007535278564319015,0.0,,,,,,0.002883313223719597,0.06028665974736214,0.00011290976544842124,0.009721961803734303,0.0,0.0,0.0,0.0,9.749468881636858e-05,0.009489393390770354,,,
325,True,,,,0.0003699474618770182,0.0,,,,,,0.0028864857740700245,0.06062304973602295,6.145986844785511e-05,0.009349468164145947,0.0,0.0,0.0,0.0,8.476391667500138e-05,0.009486083257675202,,,
326,True,,,,0.0005978827830404043,0.0,,,,,,0.0027562042232602835,0.05054333060979843,0.00010924501111730933,0.008463042788207531,0.0,0.0,0.0,0.0,8.241174509748816e-05,0.009482763079476193,,,
327,True,,,,0.00036136177368462086,0.0,,,,,,0.004520567134022713,0.05913112685084343,6.911007221788168e-05,0.010829595848917961,0.0,0.0,0.0,0.0,9.099715680349618e-05,0.009479432864540319,,,
328,True,,,,0.0004071918083354831,0.0,,,,,,0.0026719989255070686,0.047505855560302734,5.735015656682663e-05,0.007858451455831528,0.0,0.0,0.0,0.0,0.00012745102867484093,0.009476092621259867,,,
329,True,,,,0.0002972205984406173,0.0,,,,,,0.004154933150857687,0.07417509704828262,4.189648461760953e-05,0.011890611611306667,0.0,0.0,0.0,0.0,9.59897370194085e-05,0.009472742358052396,,,
330,True,,,,0.0008936314261518419,0.0,,,,,,0.0037924800999462605,0.05627869814634323,0.00012484118633437902,0.0103764021769166,0.0,0.0,0.0,0.0,8.241449540946633e-05,0.009469382083360716,,,
331,True,,,,0.0004193854983896017,0.0,,,,,,0.005224000196903944,0.06099627912044525,6.732149631716311e-05,0.011776674538850784,0.0,0.0,0.0,0.0,0.00010464876686455682,0.009466011805652867,,,
332,True,,,,0.0007670752238482237,0.0,,,,,,0.005180555861443281,0.07142308354377747,0.0001033558146446012,0.013141618110239506,0.0,0.0,0.0,0.0,0.00010719596320996061,0.009462631533422094,,,
333,True,,,,0.0003828188346233219,0.0,,,,,,0.004054915625602007,0.0658351331949234,7.690468191867694e-05,0.011059700511395931,0.0,0.0,0.0,0.0,0.00013795369886793196,0.00945924127518683,,,
334,True,,,,0.0005850946763530374,0.0,,,,,,0.005169060081243515,0.0748249739408493,0.00012130189861636609,0.013297302648425102,0.0,0.0,0.0,0.0,0.00010249893966829404,0.009455841039490678,,,
335,True,,,,0.0003480084124021232,0.0,,,,,,0.0028847665525972843,0.04715180769562721,5.83770961384289e-05,0.007977144792675972,0.0,0.0,0.0,0.0,8.574098319513723e-05,0.009452430834902376,,,
336,True,,,,0.00038766098441556096,0.0,,,,,,0.005213189870119095,0.08857566118240356,5.8812423958443105e-05,0.014487823471426964,0.0,0.0,0.0,0.0,0.0001090552395908162,0.00944901067001579,,,
337,True,,,,0.0002791148144751787,0.0,,,,,,0.0031313863582909107,0.062128059566020966,5.6655782827874646e-05,0.009651634842157364,0.0,0.0,0.0,0.0,0.00011250194074818864,0.009445580553449887,,,
338,True,,,,0.0008873160695657134,0.0,,,,,,0.003508336842060089,0.05438348278403282,0.00014814230962656438,0.009908071719110012,0.0,0.0,0.0,0.0,9.979312744690105e-05,0.009442140493848707,,,
339,True,,,,0.0003912373795174062,0.0,,,,,,0.0015894247917458415,0.04879779368638992,6.754431524313986e-05,0.006894214078783989,0.0,0.0,0.0,0.0,8.203774632420391e-05,0.009438690499881353,,,
340,True,,,,0.0007243729196488857,0.0,,,,,,0.002617582678794861,0.05992526561021805,0.00011502088455017656,0.009391991421580315,0.0,0.0,0.0,0.0,0.00010430396650917828,0.009435230580241958,,,
341,True,,,,0.0003869239881169051,0.0,,,,,,0.0032486836425960064,0.05069724842905998,9.195011080009863e-05,0.008751306682825089,0.0,0.0,0.0,0.0,0.00010591793397907168,0.009431760743649672,,,
342,True,,,,0.0005865879356861115,0.0,,,,,,0.004198834300041199,0.09912701696157455,0.00010780197044368833,0.014752025716006756,0.0,0.0,0.0,0.0,0.00017250874952878803,0.009428280998848635,,,
343,True,,,,0.00034047028748318553,0.0,,,,,,0.00487535772845149,0.07819898426532745,6.058041981304996e-05,0.01306601706892252,0.0,0.0,0.0,0.0,0.00011292631825199351,0.009424791354607954,,,
344,True,,,,0.000377409509383142,0.0,,,,,,0.002983926795423031,0.0549461804330349,5.474490171764046e-05,0.008883326314389706,0.0,0.0,0.0,0.0,0.00010295523679815233,0.00942129181972169,,,
345,True,,,,0.00028458843007683754,0.0,,,,,,0.0014959536492824554,0.03445570915937424,4.729338616016321e-05,0.005249760113656521,0.0,0.0,0.0,0.0,6.258754001464695e-05,0.009417782403008817,,,
346,True,,,,0.0008627832867205143,0.0,,,,,,0.002991602523252368,0.060322586447000504,0.00015417340910062194,0.009963730350136757,0.0,0.0,0.0,0.0,0.0001010768100968562,0.009414263113313222,,,
347,True,,,,0.0004000620392616838,0.0,,,,,,0.0016527710249647498,0.041250020265579224,8.53057936183177e-05,0.006220488343387842,0.0,0.0,0.0,0.0,8.601724402979016e-05,0.009410733959503668,,,
348,True,,,,0.0007366817444562912,0.0,,,,,,0.002604737877845764,0.06037665158510208,0.00011709593673003837,0.009437632746994495,0.0,0.0,0.0,0.0,9.76661394815892e-05,0.009407194950473778,,,
349,True,,,,0.00037241203244775534,0.0,,,,,,0.001939274719916284,0.047695040702819824,7.90436752140522e-05,0.007120713125914335,0.0,0.0,0.0,0.0,7.475788879673928e-05,0.009403646095142007,,,
350,True,,,,0.0005856669158674777,0.0,,,,,,0.0038257453124970198,0.06310418248176575,0.0001328742946498096,0.010788267478346825,0.0,0.0,0.0,0.0,9.691545710666105e-05,0.009400087402451627,,,
351,True,,,,0.0003520987811498344,0.0,,,,,,0.0020934767089784145,0.0424744188785553,5.220992534304969e-05,0.006719122175127268,0.0,0.0,0.0,0.0,9.22817416721955e-05,0.009396518881370698,,,
352,True,,,,0.0003899710427504033,0.0,,,,,,0.005885790102183819,0.08009844273328781,6.667444540653378e-05,0.01431894302368164,0.0,0.0,0.0,0.0,0.00011784583330154419,0.00939294054089205,,,
353,True,,,,0.00027882447466254234,0.0,,,,,,0.0032871307339519262,0.05578108876943588,6.230638246051967e-05,0.009175216779112816,0.0,0.0,0.0,0.0,9.292968752561137e-05,0.009389352390033256,,,
354,True,,,,0.0008766825776547194,0.0,,,,,,0.00199772953055799,0.062042053788900375,0.00013975529873277992,0.009148496203124523,0.0,0.0,0.0,0.0,9.076348942471668e-05,0.009385754437836614,,,
355,True,,,,0.0003920547605957836,0.0,,,,,,0.0024489739444106817,0.047804322093725204,7.846973312553018e-05,0.007660695817321539,0.0,0.0,0.0,0.0,7.322026795009151e-05,0.00938214669336912,,,
356,True,,,,0.0007169331656768918,0.0,,,,,,0.00486114202067256,0.08038073033094406,0.0001132853067247197,0.013672790490090847,0.0,0.0,0.0,0.0,9.586692613083869e-05,0.009378529165722446,,,
357,True,,,,0.00035994616337120533,0.0,,,,,,0.00136369070969522,0.03991231694817543,8.439157682005316e-05,0.005757064558565617,0.0,0.0,0.0,0.0,9.098245936911553e-05,0.009374901864012923,,,
358,True,,,,0.0005947080790065229,0.0,,,,,,0.0007651395862922072,0.03060501255095005,0.0001226961612701416,0.004481696989387274,0.0,0.0,0.0,0.0,9.183913061860949e-05,0.00937126479738151,,,
359,True,,,,0.00033302311203442514,0.0,,,,,,0.00259416364133358,0.05234445631504059,5.563481681747362e-05,0.008189450949430466,0.0,0.0,0.0,0.0,8.84056426002644e-05,0.00936761797499377,,,
360,True,,,,0.00037586712278425694,0.0,,,,,,0.0029259980656206608,0.0660560205578804,5.070114275440574e-05,0.00993281789124012,0.0,0.0,0.0,0.0,0.0001052405423251912,0.009363961406039857,,,
361,True,,,,0.00027742041856981814,0.0,,,,,,0.002707428764551878,0.056747592985630035,4.608750168699771e-05,0.00868265237659216,0.0,0.0,0.0,0.0,8.858219371177256e-05,0.00936029509973448,,,
362,True,,,,0.0008470462053082883,0.0,,,,,,0.0017167713958770037,0.058355361223220825,0.00013317062985152006,0.008465939201414585,0.0,0.0,0.0,0.0,0.00011233552504563704,0.0093566190653169,,,
363,True,,,,0.0003922331961803138,0.0,,,,,,0.002023629378527403,0.05171706900000572,6.303154077613726e-05,0.007619085256010294,0.0,0.0,0.0,0.0,8.475495269522071e-05,0.009352933312050875,,,
364,True,,,,0.0007131073507480323,0.0,,,,,,0.003950017504394054,0.05733336880803108,9.968137601390481e-05,0.01044630166143179,0.0,0.0,0.0,0.0,8.589735807618126e-05,0.009349237849224671,,,
365,True,,,,0.0003539743775036186,0.0,,,,,,0.004833381623029709,0.061854444444179535,6.266383570618927e-05,0.011404131539165974,0.0,0.0,0.0,0.0,9.588348621036857e-05,0.009345532686151011,,,
366,True,,,,0.000611204537563026,0.0,,,,,,0.003702247515320778,0.06708391010761261,0.00011280563194304705,0.01107824593782425,0.0,0.0,0.0,0.0,0.00010237177048111334,0.009341817832167072,,,
367,True,,,,0.00033227502717636526,0.0,,,,,,0.004310465883463621,0.07016657292842865,5.161363515071571e-05,0.0116852056235075,0.0,0.0,0.0,0.0,0.00010447889508213848,0.009338093296634443,,,
368,True,,,,0.0003793681680690497,0.0,,,,,,0.0016001085750758648,0.04542767256498337,5.980339483357966e-05,0.006552145816385746,0.0,0.0,0.0,0.0,0.00018898522830568254,0.009334359088939122,,,
369,True,,,,0.00026475993217900395,0.0,,,,,,0.002961402526125312,0.06309911608695984,6.122473860159516e-05,0.009566687047481537,0.0,0.0,0.0,0.0,9.594029688742012e-05,0.00933061521849147,,,
370,True,,,,0.0008208950748667121,0.0,,,,,,0.0031235364731401205,0.06044185906648636,0.0001297924027312547,0.010053513571619987,0.0,0.0,0.0,0.0,0.00010271352948620915,0.009326861694726208,,,
371,True,,,,0.0003741644322872162,0.0,,,,,,0.002997106872498989,0.04932393133640289,6.431467772927135e-05,0.008335822261869907,0.0,0.0,0.0,0.0,8.823019015835598e-05,0.009323098527102376,,,
372,True,,,,0.0006983091589063406,0.0,,,,,,0.0049499161541461945,0.06791050732135773,0.00010587832366582006,0.012492216192185879,0.0,0.0,0.0,0.0,9.498029976384714e-05,0.009319325725103324,,,
373,True,,,,0.0003422294685151428,0.0,,,,,,0.0023095887154340744,0.05453573539853096,7.550862210337073e-05,0.008143146522343159,0.0,0.0,0.0,0.0,0.00010432168346596882,0.00931554329823668,,,
374,True,,,,0.000564544927328825,0.0,,,,,,0.004986751824617386,0.07665345072746277,0.00011906660802196711,0.013276174664497375,0.0,0.0,0.0,0.0,0.0001160466781584546,0.009311751256034319,,,
375,True,,,,0.0003334834473207593,0.0,,,,,,0.0014290644321590662,0.041738905012607574,5.406919080996886e-05,0.0059634726494550705,0.0,0.0,0.0,0.0,7.619613461429253e-05,0.009307949608052354,,,
376,True,,,,0.00038709607906639576,0.0,,,,,,0.0025091380812227726,0.04095708578824997,5.834381590830162e-05,0.007021114230155945,0.0,0.0,0.0,0.0,9.21515966183506e-05,0.009304138363871107,,,
377,True,,,,0.0002671625406946987,0.0,,,,,,0.0031281779520213604,0.055079661309719086,6.64150866214186e-05,0.008936514146625996,0.0,0.0,0.0,0.0,9.760625107446685e-05,0.00930031753309508,,,
378,True,,,,0.0008364637615159154,0.0,,,,,,0.0032735278364270926,0.0654367133975029,0.00013721402501687407,0.010722269304096699,0.0,0.0,0.0,0.0,0.00014336216554511338,0.009296487125352929,,,
379,True,,,,0.0003737841034308076,0.0,,,,,,0.004511804319918156,0.05337395519018173,6.62500606267713e-05,0.01025610975921154,0.0,0.0,0.0,0.0,7.695367821725085e-05,0.009292647150297453,,,
380,True,,,,0.0007000357727520168,0.0,,,,,,0.005327002611011267,0.06848721951246262,0.00010215636575594544,0.012926839292049408,0.0,0.0,0.0,0.0,9.06830100575462e-05,0.009288797617605553,,,
381,True,,,,0.0003453790850471705,0.0,,,,,,0.006059734150767326,0.07447534054517746,7.906682731118053e-05,0.01389218121767044,0.0,0.0,0.0,0.0,9.173520084004849e-05,0.009284938536978224,,,
382,True,,,,0.0005581248551607132,0.0,,,,,,0.002500409260392189,0.04630138352513313,0.00011410723527660593,0.007745726499706507,0.0,0.0,0.0,0.0,7.350488158408552e-05,0.009281069918140513,,,
383,True,,,,0.00031698340899311006,0.0,,,,,,0.004436957649886608,0.06802189350128174,6.735501665389165e-05,0.011589807458221912,0.0,0.0,0.0,0.0,8.883045666152611e-05,0.009277191770841513,,,
384,True,,,,0.00036550452932715416,0.0,,,,,,0.004869450815021992,0.06768204271793365,5.4100044508231804e-05,0.012030210345983505,0.0,0.0,0.0,0.0,9.846314787864685e-05,0.009273304104854321,,,
385,True,,,,0.00026034718030132353,0.0,,,,,,0.005485672503709793,0.07206492125988007,4.717748015536927e-05,0.012976100668311119,0.0,0.0,0.0,0.0,8.63154637045227e-05,0.009269406929976028,,,
386,True,,,,0.0008101854473352432,0.0,,,,,,0.00403676088899374,0.0648857057094574,0.00011898425873368979,0.01139500830322504,0.0,0.0,0.0,0.0,0.00010639077663654462,0.009265500256027681,,,
387,True,,,,0.0003728178271558136,0.0,,,,,,0.002804561285302043,0.0670410767197609,6.0301535995677114e-05,0.009911637753248215,0.0,0.0,0.0,0.0,0.00010657355596777052,0.009261584092854273,,,
388,True,,,,0.0006870514480397105,0.0,,,,,,0.0023537962697446346,0.04510115459561348,9.690865408629179e-05,0.007599417585879564,0.0,0.0,0.0,0.0,7.854912837501615e-05,0.009257658450324701,,,
389,True,,,,0.00033387233270332217,0.0,,,,,,0.004686250817030668,0.0700656995177269,6.646386464126408e-05,0.012059926055371761,0.0,0.0,0.0,0.0,9.6120398666244e-05,0.009253723338331762,,,
390,True,,,,0.0005488234455697238,0.0,,,,,,0.004132166504859924,0.059319183230400085,0.00013650557957589626,0.010681161656975746,0.0,0.0,0.0,0.0,8.35262326290831e-05,0.009249778766792106,,,
391,True,,,,0.0003228569985367358,0.0,,,,,,0.006330717355012894,0.06931211799383163,4.623274435289204e-05,0.013607902452349663,0.0,0.0,0.0,0.0,0.00010700729762902483,0.009245824745646227,,,
392,True,,,,0.00036458164686337113,0.0,,,,,,0.005244000814855099,0.08661727607250214,5.2439922001212835e-05,0.014296529814600945,0.0,0.0,0.0,0.0,0.00014735778677277267,0.009241861284858429,,,
393,True,,,,0.0002576048136688769,0.0,,,,,,0.006840088404715061,0.07640162110328674,5.116027023177594e-05,0.014763434417545795,0.0,0.0,0.0,0.0,9.351386688649654e-05,0.00923788839441681,,,
394,True,,,,0.0008119078120216727,0.0,,,,,,0.0037410089280456305,0.057101454585790634,0.0001373658888041973,0.010331745259463787,0.0,0.0,0.0,0.0,0.00011956219532294199,0.009233906084333223,,,
395,True,,,,0.0003695600898936391,0.0,,,,,,0.006474131252616644,0.08257384598255157,7.118644134607166e-05,0.01513666845858097,0.0,0.0,0.0,0.0,0.00010273892257828265,0.009229914364643264,,,
396,True,,,,0.0007085882825776935,0.0,,,,,,0.0034628338180482388,0.06358274817466736,0.00010648278839653358,0.01058293879032135,0.0,0.0,0.0,0.0,9.763405250851065e-05,0.009225913245406244,,,
397,True,,,,0.0003485960769467056,0.0,,,,,,0.005243287887424231,0.05137313902378082,7.74426298448816e-05,0.010767919011414051,0.0,0.0,0.0,0.0,8.070816693361849e-05,0.009221902736705158,,,
398,True,,,,0.0005746610695496202,0.0,,,,,,0.005477101542055607,0.0841662734746933,0.00010997408389812335,0.014523377642035484,0.0,0.0,0.0,0.0,0.00014477514196187258,0.00921788284864666,,,
399,True,,,,0.00032942602410912514,0.0,,,,,,0.0055155083537101746,0.07474367320537567,5.224964115768671e-05,0.013345425948500633,0.0,0.0,0.0,0.0,9.504247282166034e-05,0.009213853591361043,,,
400,True,,,,0.0003661178925540298,0.0,,,,,,0.005082961171865463,0.06247570738196373,5.584628524957225e-05,0.011724572628736496,0.0,0.0,0.0,0.0,8.153340604621917e-05,0.009209814975002215,7.831502857926657e-05,9.139058047709431e-06,6.094559924322529e-06
401,True,,,,0.0002574399986770004,0.0,,,,,,0.003595157526433468,0.06524678319692612,6.333728379104286e-05,0.010408944450318813,0.0,0.0,0.0,0.0,0.00011746311793103814,0.009205767009747663,,,
402,True,,,,0.0008055762154981494,0.0,,,,,,0.004013538360595703,0.05934032052755356,0.00015728466678410769,0.01083178911358118,0.0,0.0,0.0,0.0,9.14354677661322e-05,0.009201709705798436,,,
403,True,,,,0.00036535816616378725,0.0,,,,,,0.004679570440202951,0.06743859499692917,7.049209671095014e-05,0.011824033223092556,0.0,0.0,0.0,0.0,9.25794811337255e-05,0.00919764307337912,,,
404,True,,,,0.000689978594891727,0.0,,,,,,0.00578143959864974,0.0892580896615982,9.755422070156783e-05,0.015446004457771778,0.0,0.0,0.0,0.0,0.00010122070671059191,0.009193567122737804,,,
405,True,,,,0.00034117428003810346,0.0,,,,,,0.004086279310286045,0.06692579388618469,6.532642873935401e-05,0.011152696795761585,0.0,0.0,0.0,0.0,0.00010201596887782216,0.009189481864146061,,,
406,True,,,,0.0005598050775006413,0.0,,,,,,0.0029746810905635357,0.055287618190050125,0.00011363200610503554,0.009120063856244087,0.0,0.0,0.0,0.0,9.325944120064378e-05,0.009185387307898923,,,
407,True,,,,0.0003354941145516932,0.0,,,,,,0.0025391073431819677,0.061074160039424896,4.7302099119406193e-05,0.009005668573081493,0.0,0.0,0.0,0.0,0.00011914990318473428,0.009181283464314849,,,
408,True,,,,0.00038227089680731297,0.0,,,,,,0.006626280955970287,0.07926660776138306,5.86334899708163e-05,0.014964529313147068,0.0,0.0,0.0,0.0,0.0001121774548664689,0.009177170343735705,,,
409,True,,,,0.00026808350230567157,0.0,,,,,,0.004157590679824352,0.04389186203479767,5.234662603470497e-05,0.008841033093631268,0.0,0.0,0.0,0.0,7.442151400027797e-05,0.009173047956526733,,,
410,True,,,,0.0008213872788473964,0.0,,,,,,0.0034426990896463394,0.05891437828540802,0.00013048060645814985,0.010220765136182308,0.0,0.0,0.0,0.0,9.538676386000589e-05,0.009168916313076531,,,
411,True,,,,0.00037032325053587556,0.0,,,,,,0.005854632239788771,0.07944820821285248,7.517976337112486e-05,0.014207366853952408,0.0,0.0,0.0,0.0,0.00010506832040846348,0.009164775423797018,,,
412,True,,,,0.0006839159759692848,0.0,,,,,,0.00713632395491004,0.08570151776075363,0.00011357624316588044,0.01644718088209629,0.0,0.0,0.0,0.0,0.00011507874296512455,0.009160625299123417,,,
413,True,,,,0.00033477076794952154,0.0,,,,,,0.00353171001188457,0.0551808662712574,8.110917406156659e-05,0.009425121359527111,0.0,0.0,0.0,0.0,9.143323404714465e-05,0.009156465949514225,,,
414,True,,,,0.0005513228825293481,0.0,,,,,,0.0033503398299217224,0.06959287822246552,0.00013001097249798477,0.010925955139100552,0.0,0.0,0.0,0.0,9.565077198203653e-05,0.009152297385451185,,,
415,True,,,,0.0003113113925792277,0.0,,,,,,0.003341986332088709,0.05056639760732651,5.577987030846998e-05,0.008737827651202679,0.0,0.0,0.0,0.0,9.540929750073701e-05,0.009148119617439256,,,
416,True,,,,0.00035022475640289485,0.0,,,,,,0.002834407379850745,0.05303902179002762,5.144831811776385e-05,0.008514258079230785,0.0,0.0,0.0,0.0,6.82859608787112e-05,0.0091439326560066,,,
417,True,,,,0.0002514861698728055,0.0,,,,,,0.00314340740442276,0.05593472719192505,4.7800316679058596e-05,0.009012266993522644,0.0,0.0,0.0,0.0,9.759889508131891e-05,0.009139736511704542,,,
418,True,,,,0.0007837334997020662,0.0,,,,,,0.0030057281255722046,0.0657145082950592,0.000126556828035973,0.010424191132187843,0.0,0.0,0.0,0.0,0.00010444188228575513,0.009135531195107545,,,
419,True,,,,0.00035538943484425545,0.0,,,,,,0.0020957798697054386,0.05540637671947479,6.438633863581344e-05,0.008023999631404877,0.0,0.0,0.0,0.0,8.014268678380176e-05,0.009131316716813196,,,
420,True,,,,0.0006589381955564022,0.0,,,,,,0.005479168146848679,0.06605300307273865,0.00010223418939858675,0.012794524431228638,0.0,0.0,0.0,0.0,8.95467892405577e-05,0.009127093087442164,,,
421,True,,,,0.0003280759265180677,0.0,,,,,,0.0023059784434735775,0.0476512685418129,6.514984124805778e-05,0.007431756239384413,0.0,0.0,0.0,0.0,9.03308464330621e-05,0.009122860317638174,,,
422,True,,,,0.0005371959414333105,0.0,,,,,,0.0031287865713238716,0.052313804626464844,0.0001066096592694521,0.008950668387115002,0.0,0.0,0.0,0.0,8.939014514908195e-05,0.009118618418067995,,,
423,True,,,,0.00031197420321404934,0.0,,,,,,0.00421516690403223,0.056769296526908875,5.806444096378982e-05,0.010233103297650814,0.0,0.0,0.0,0.0,8.016166975721717e-05,0.009114367399421399,,,
424,True,,,,0.0003532031551003456,0.0,,,,,,0.005651568993926048,0.07516883313655853,5.492184936883859e-05,0.01354911644011736,0.0,0.0,0.0,0.0,9.455061081098393e-05,0.009110107272411136,,,
425,True,,,,0.00025324459420517087,0.0,,,,,,0.001258098753169179,0.03505123406648636,4.624311623047106e-05,0.005039588548243046,0.0,0.0,0.0,0.0,6.251400918699801e-05,0.009105838047772916,,,
426,True,,,,0.0007914053276181221,0.0,,,,,,0.0025815931148827076,0.06601327657699585,0.00013004470383748412,0.010039348155260086,0.0,0.0,0.0,0.0,0.00012403515574987978,0.009101559736265369,,,
427,True,,,,0.00035394408041611314,0.0,,,,,,0.006427856162190437,0.06809575110673904,5.787322879768908e-05,0.013620312325656414,0.0,0.0,0.0,0.0,0.00010192748595727608,0.009097272348670025,,,
428,True,,,,0.0006673565367236733,0.0,,,,,,0.0031600601505488157,0.05598177760839462,0.00010060223576147109,0.009475895203649998,0.0,0.0,0.0,0.0,0.00011606444604694843,0.009092975895791292,,,
429,True,,,,0.00032426422694697976,0.0,,,,,,0.0025495984591543674,0.04085354506969452,6.762924022041261e-05,0.006993031594902277,0.0,0.0,0.0,0.0,7.3856113885995e-05,0.009088670388456418,,,
430,True,,,,0.0005339236231520772,0.0,,,,,,0.002831795020028949,0.05250483751296997,0.0001222814607899636,0.008677342906594276,0.0,0.0,0.0,0.0,8.796150359557942e-05,0.009084355837515467,,,
431,True,,,,0.00030536495614796877,0.0,,,,,,0.0037309248000383377,0.061993204057216644,6.545386713696644e-05,0.010268337093293667,0.0,0.0,0.0,0.0,7.958765490911901e-05,0.009080032253841299,,,
432,True,,,,0.0003432116936892271,0.0,,,,,,0.0031631342135369778,0.06465539336204529,5.5509932280983776e-05,0.009999641217291355,0.0,0.0,0.0,0.0,0.00010944401583401486,0.00907569964832953,,,
433,True,,,,0.00024279439821839333,0.0,,,,,,0.00381269957870245,0.05238471180200577,5.280806726659648e-05,0.009320368990302086,0.0,0.0,0.0,0.0,8.544716547476128e-05,0.009071358031898518,,,
434,True,,,,0.0007765413029119372,0.0,,,,,,0.0013571595773100853,0.03931238874793053,0.00013176241191104054,0.006130821071565151,0.0,0.0,0.0,0.0,6.835169915575534e-05,0.009067007415489324,,,
435,True,,,,0.00035126000875607133,0.0,,,,,,0.007282093167304993,0.08111424744129181,6.163811485748738e-05,0.015775596722960472,0.0,0.0,0.0,0.0,9.83637073659338e-05,0.009062647810065693,,,
436,True,,,,0.0006654464523307979,0.0,,,,,,0.004324148874729872,0.05723161995410919,9.393361688125879e-05,0.01075972430408001,0.0,0.0,0.0,0.0,7.900414493633434e-05,0.00905827922661402,,,
437,True,,,,0.0003356589877512306,0.0,,,,,,0.0032883144449442625,0.05231223255395889,6.396840035449713e-05,0.008887181058526039,0.0,0.0,0.0,0.0,7.147891301428899e-05,0.009053901676143327,,,
438,True,,,,0.0005428162403404713,0.0,,,,,,0.002485255477949977,0.04886932671070099,0.00010454476432641968,0.007967276498675346,0.0,0.0,0.0,0.0,8.028695447137579e-05,0.00904951516968523,,,
439,True,,,,0.00031117533217184246,0.0,,,,,,0.004589811433106661,0.0843537300825119,5.172610326553695e-05,0.013362223282456398,0.0,0.0,0.0,0.0,0.00011925362923648208,0.009045119718293922,,,
440,True,,,,0.00034961229539476335,0.0,,,,,,0.0022033737041056156,0.0534215122461319,6.049204966984689e-05,0.007925383746623993,0.0,0.0,0.0,0.0,9.676572517491877e-05,0.009040715333046125,,,
441,True,,,,0.0002450625761412084,0.0,,,,,,0.0022108247503638268,0.043701112270355225,5.484578650793992e-05,0.006853421684354544,0.0,0.0,0.0,0.0,8.723005157662556e-05,0.009036302025041089,,,
442,True,,,,0.0007792949909344316,0.0,,,,,,0.004637124948203564,0.07196658849716187,0.0001272780791623518,0.012676717713475227,0.0,0.0,0.0,0.0,0.00012001099821645766,0.009031879805400538,,,
443,True,,,,0.00033447923487983644,0.0,,,,,,0.004603904206305742,0.0576869398355484,6.914632831467316e-05,0.010741650126874447,0.0,0.0,0.0,0.0,8.485514263156801e-05,0.009027448685268662,,,
444,True,,,,0.0006307673174887896,0.0,,,,,,0.004848124925047159,0.07353249192237854,9.804349247133359e-05,0.012881163507699966,0.0,0.0,0.0,0.0,9.917665011016652e-05,0.009023008675812075,,,
445,True,,,,0.00031307601602748036,0.0,,,,,,0.003335010027512908,0.06238403171300888,6.570057303179055e-05,0.009919339790940285,0.0,0.0,0.0,0.0,9.17226861929521e-05,0.009018559788219794,,,
446,True,,,,0.0005348480772227049,0.0,,,,,,0.0022940333001315594,0.049705620855093,0.00011524539877427742,0.007857066579163074,0.0,0.0,0.0,0.0,9.001445869216695e-05,0.009014102033703215,,,
447,True,,,,0.0002981389407068491,0.0,,,,,,0.002656378550454974,0.06119728460907936,5.1766401156783104e-05,0.009100128896534443,0.0,0.0,0.0,0.0,9.358193346997723e-05,0.009009635423496068,,,
448,True,,,,0.0003411568177398294,0.0,,,,,,0.002633035648614168,0.04690685123205185,5.4737287427997217e-05,0.007692246697843075,0.0,0.0,0.0,0.0,7.750520308036357e-05,0.009005159968854407,,,
449,True,,,,0.00024581816978752613,0.0,,,,,,0.005578145384788513,0.07552900165319443,5.1598191930679604e-05,0.013402663171291351,0.0,0.0,0.0,0.0,8.939917461248115e-05,0.009000675681056577,,,
450,True,,,,0.0007726741023361683,0.0,,,,,,0.004380546975880861,0.06587560474872589,0.0001580145617481321,0.011819789186120033,0.0,0.0,0.0,0.0,9.112958650803193e-05,0.008996182571403175,,,
451,True,,,,0.0003464145993348211,0.0,,,,,,0.007678248919546604,0.08094479143619537,6.531918188557029e-05,0.016151802614331245,0.0,0.0,0.0,0.0,0.00010590751480776817,0.008991680651217035,,,
452,True,,,,0.0006535258144140244,0.0,,,,,,0.0035686097107827663,0.06046006828546524,0.00010143595864064991,0.010318860411643982,0.0,0.0,0.0,0.0,9.229165880242363e-05,0.008987169931843193,,,
453,True,,,,0.00031885449425317347,0.0,,,,,,0.005540430545806885,0.07093365490436554,6.639932689722627e-05,0.012985850684344769,0.0,0.0,0.0,0.0,8.659528975840658e-05,0.008982650424648858,,,
454,True,,,,0.0005122821312397718,0.0,,,,,,0.004703703336417675,0.06534023582935333,0.00012268114369362593,0.011811350472271442,0.0,0.0,0.0,0.0,0.00010121741070179269,0.008978122141023384,,,
455,True,,,,0.0003023084718734026,0.0,,,,,,0.003293447196483612,0.05653950572013855,5.083996438770555e-05,0.00927512627094984,0.0,0.0,0.0,0.0,8.582200825912878e-05,0.008973585092378247,,,
456,True,,,,0.0003393833467271179,0.0,,,,,,0.0017662495374679565,0.04644414782524109,6.0740461776731536e-05,0.00678041810169816,0.0,0.0,0.0,0.0,7.320933946175501e-05,0.008969039290147003,,,
457,True,,,,0.00024245654640253633,0.0,,,,,,0.003822722239419818,0.05381491780281067,5.467371011036448e-05,0.009474008344113827,0.0,0.0,0.0,0.0,8.655997226014733e-05,0.008964484745785277,,,
458,True,,,,0.0007814198615960777,0.0,,,,,,0.0029540080577135086,0.05448560789227486,0.00012641387002076954,0.009247195906937122,0.0,0.0,0.0,0.0,9.008294000523165e-05,0.008959921470770718,,,
459,True,,,,0.00034537757164798677,0.0,,,,,,0.0034042522311210632,0.055195484310388565,7.260589336510748e-05,0.009305480867624283,0.0,0.0,0.0,0.0,8.506269659847021e-05,0.008955349476602977,,,
460,True,,,,0.000644656247459352,0.0,,,,,,0.0029060598462820053,0.04786108806729317,0.00010810440289787948,0.008390877395868301,0.0,0.0,0.0,0.0,6.763551937183365e-05,0.00895076877480368,,,
461,True,,,,0.0003156751627102494,0.0,,,,,,0.003650774946436286,0.05788208544254303,7.03668047208339e-05,0.009789842180907726,0.0,0.0,0.0,0.0,7.750666554784402e-05,0.008946179376916396,,,
462,True,,,,0.0005002692923881114,0.0,,,,,,0.0022748825140297413,0.06051435321569443,0.00011801221262430772,0.00888559315353632,0.0,0.0,0.0,0.0,9.919214062392712e-05,0.008941581294506607,,,
463,True,,,,0.00029425928369164467,0.0,,,,,,0.004310714080929756,0.07482077926397324,6.195913010742515e-05,0.012118030339479446,0.0,0.0,0.0,0.0,9.33361952775158e-05,0.008936974539161681,,,
464,True,,,,0.00033759159850887954,0.0,,,,,,0.00856112316250801,0.07213100790977478,5.478802995639853e-05,0.016139209270477295,0.0,0.0,0.0,0.0,0.00011587556946324185,0.008932359122490843,,,
465,True,,,,0.0002439366653561592,0.0,,,,,,0.006649848073720932,0.06920009851455688,5.3419276810018346e-05,0.013840503990650177,0.0,0.0,0.0,0.0,8.649368101032451e-05,0.008927735056125147,,,
466,True,,,,0.0007625672733411193,0.0,,,,,,0.0028145199175924063,0.05505618453025818,0.00015174379223026335,0.009158577769994736,0.0,0.0,0.0,0.0,8.190950029529631e-05,0.008923102351717439,,,
467,True,,,,0.00034452578984200954,0.0,,,,,,0.002275605220347643,0.04548657312989235,5.318590410752222e-05,0.007195381447672844,0.0,0.0,0.0,0.0,7.742844900349155e-05,0.008918461020942335,,,
468,True,,,,0.000635072123259306,0.0,,,,,,0.0038206162862479687,0.07279812544584274,9.25036147236824e-05,0.011781753972172737,0.0,0.0,0.0,0.0,0.00014014000771567225,0.008913811075496197,,,
469,True,,,,0.0003255436313338578,0.0,,,,,,0.002662489889189601,0.04699966311454773,5.5554664868395776e-05,0.007715777028352022,0.0,0.0,0.0,0.0,6.994018622208387e-05,0.008909152527097085,,,
470,True,,,,0.0005237090517766774,0.0,,,,,,0.0032233926467597485,0.06098347157239914,0.0001117280189646408,0.009901313111186028,0.0,0.0,0.0,0.0,8.303343929583207e-05,0.00890448538748475,,,
471,True,,,,0.00030333426548168063,0.0,,,,,,0.004150966182351112,0.08066343516111374,4.275996980140917e-05,0.012542025186121464,0.0,0.0,0.0,0.0,9.945698548108339e-05,0.008899809668420581,,,
472,True,,,,0.0003308212326373905,0.0,,,,,,0.0023636333644390106,0.05891601741313934,4.777932190336287e-05,0.008609946817159653,0.0,0.0,0.0,0.0,7.907222607173026e-05,0.008895125381687598,,,
473,True,,,,0.00023852793674450368,0.0,,,,,,0.003826078725978732,0.045777577906847,4.705182436737232e-05,0.00866589043289423,0.0,0.0,0.0,0.0,8.847276330925524e-05,0.00889043253909041,,,
474,True,,,,0.0007379970047622919,0.0,,,,,,0.005092513747513294,0.06312987953424454,0.00014403514796867967,0.012215515598654747,0.0,0.0,0.0,0.0,8.673196862218902e-05,0.00888573115245518,,,
475,True,,,,0.0003278669319115579,0.0,,,,,,0.003625432960689068,0.05973009765148163,6.884179310873151e-05,0.00996073056012392,0.0,0.0,0.0,0.0,8.224974590120837e-05,0.008881021233629613,,,
476,True,,,,0.0006237141788005829,0.0,,,,,,0.003587127663195133,0.05221793055534363,0.00010503269731998444,0.009485150687396526,0.0,0.0,0.0,0.0,7.090705184964463e-05,0.008876302794482904,,,
477,True,,,,0.0003125688817817718,0.0,,,,,,0.0037213272880762815,0.07034818828105927,7.173369522206485e-05,0.011104581877589226,0.0,0.0,0.0,0.0,0.00010865294461837038,0.008871575846905731,,,
478,True,,,,0.0005152259836904705,0.0,,,,,,0.001658948021940887,0.03366122022271156,0.00011673502740450203,0.005598663352429867,0.0,0.0,0.0,0.0,7.087735139066353e-05,0.008866840402810206,,,
479,True,,,,0.0002889047027565539,0.0,,,,,,0.0031091556884348392,0.05104943364858627,4.849156175623648e-05,0.008527250029146671,0.0,0.0,0.0,0.0,8.522169082425535e-05,0.008862096474129859,,,
480,True,,,,0.000332974101183936,0.0,,,,,,0.003195679746568203,0.06520698964595795,5.281656558508985e-05,0.010075761005282402,0.0,0.0,0.0,0.0,8.246045763371512e-05,0.008857344072819589,,,
481,True,,,,0.00023834947205614299,0.0,,,,,,0.0036978002171963453,0.05802057310938835,5.257069642539136e-05,0.009764492511749268,0.0,0.0,0.0,0.0,9.680747461970896e-05,0.00885258321085566,,,
482,True,,,,0.000752235297113657,0.0,,,,,,0.0035481159575283527,0.08416099846363068,0.000139629963086918,0.012786267325282097,0.0,0.0,0.0,0.0,0.000131504304590635,0.008847813900235655,,,
483,True,,,,0.000342177547281608,0.0,,,,,,0.0022825514897704124,0.045619845390319824,6.724056584062055e-05,0.007220333907753229,0.0,0.0,0.0,0.0,0.00010122243838850409,0.00884303615297844,,,
484,True,,,,0.0006302169640548527,0.0,,,,,,0.0025633201003074646,0.04287634789943695,0.00010788794315885752,0.007535116281360388,0.0,0.0,0.0,0.0,7.125338015612215e-05,0.008838249981124147,,,
485,True,,,,0.0003159926272928715,0.0,,,,,,0.00814330019056797,0.07739753276109695,6.936702993698418e-05,0.01623373106122017,0.0,0.0,0.0,0.0,0.00011179310968145728,0.00883345539673414,,,
486,True,,,,0.0004970381851308048,0.0,,,,,,0.005137175787240267,0.056693464517593384,0.00012682807573582977,0.01136697456240654,0.0,0.0,0.0,0.0,8.705937216291204e-05,0.008828652411890982,,,
487,True,,,,0.0002884867717511952,0.0,,,,,,0.00466602249071002,0.057991333305835724,6.577697058673948e-05,0.010786531493067741,0.0,0.0,0.0,0.0,9.42149999900721e-05,0.008823841038698401,,,
488,True,,,,0.00032987911254167557,0.0,,,,,,0.002699723467230797,0.05839522182941437,6.004341412335634e-05,0.008899147622287273,0.0,0.0,0.0,0.0,0.00010222112177871168,0.008819021289281269,,,
489,True,,,,0.0002429956803098321,0.0,,,,,,0.006572545971721411,0.06280548125505447,5.1355640607653186e-05,0.013121767900884151,0.0,0.0,0.0,0.0,7.37381269573234e-05,0.008814193175785568,,,
490,True,,,,0.0007611754699610174,0.0,,,,,,0.0024127964861691,0.055859699845314026,0.00011913444905076176,0.00881950929760933,0.0,0.0,0.0,0.0,9.695412154542282e-05,0.00880935671037835,,,
491,True,,,,0.0003461661690380424,0.0,,,,,,0.0023002764210104942,0.050433672964572906,5.3667343308916315e-05,0.007716643624007702,0.0,0.0,0.0,0.0,7.936736801639199e-05,0.008804511905247723,,,
492,True,,,,0.0006083070766180754,0.0,,,,,,0.00354745052754879,0.04657724127173424,0.00010663585271686316,0.008866800926625729,0.0,0.0,0.0,0.0,7.296478725038469e-05,0.008799658772602805,,,
493,True,,,,0.0003047589852940291,0.0,,,,,,0.003047023434191942,0.06980495154857635,6.736543582519516e-05,0.01036596018821001,0.0,0.0,0.0,0.0,8.710939437150955e-05,0.008794797324673703,,,
494,True,,,,0.0004863926151301712,0.0,,,,,,0.0014851752202957869,0.036560118198394775,0.00015089643420651555,0.005703027825802565,0.0,0.0,0.0,0.0,8.122790313791484e-05,0.008789927573711479,,,
495,True,,,,0.00028448092052713037,0.0,,,,,,0.003917263820767403,0.05171767622232437,4.9180787755176425e-05,0.009398103691637516,0.0,0.0,0.0,0.0,9.084244084078819e-05,0.008785049531988115,,,
496,True,,,,0.00032836239552125335,0.0,,,,,,0.002602600958198309,0.05104779452085495,5.067003075964749e-05,0.008061078377068043,0.0,0.0,0.0,0.0,7.369102240772918e-05,0.008780163211796494,,,
497,True,,,,0.0002352096198592335,0.0,,,,,,0.0036259868647903204,0.06251271814107895,4.781091047334485e-05,0.010136373341083527,0.0,0.0,0.0,0.0,8.820041693979874e-05,0.00877526862545035,,,
498,True,,,,0.0007303193560801446,0.0,,,,,,0.0024998788721859455,0.040988557040691376,0.00012063630856573582,0.00738937221467495,0.0,0.0,0.0,0.0,6.687120185233653e-05,0.00877036578528426,,,
499,True,,,,0.0003347545862197876,0.0,,,,,,0.00206193164922297,0.045015767216682434,5.2357074309838936e-05,0.0069244420155882835,0.0,0.0,0.0,0.0,7.215484220068902e-05,0.008765454703653591,,,
500,True,,,,0.0006287444848567247,0.0,,,,,,0.00281485915184021,0.049521155655384064,9.24535415833816e-05,0.008441945537924767,0.0,0.0,0.0,0.0,9.031260560732335e-05,0.008760535392934487,8.4550767991069e-05,1.783212530769573e-05,5.8617814922366285e-06
501,True,,,,0.00031303378636948764,0.0,,,,,,0.002590170595794916,0.06506016105413437,6.882618617964908e-05,0.009443633258342743,0.0,0.0,0.0,0.0,0.00010854136053239927,0.008755607865523823,,,
502,True,,,,0.0005290587432682514,0.0,,,,,,0.0019657041411846876,0.039929673075675964,9.094428969547153e-05,0.006533202715218067,0.0,0.0,0.0,0.0,8.232134860008955e-05,0.008750672133839186,,,
503,True,,,,0.00028329744236543775,0.0,,,,,,0.0034106418024748564,0.04955386370420456,5.22094160260167e-05,0.008675429970026016,0.0,0.0,0.0,0.0,7.765056216157973e-05,0.008745728210318831,,,
504,True,,,,0.0003219498321413994,0.0,,,,,,0.007794264238327742,0.10023340582847595,5.0774324336089194e-05,0.018164943903684616,0.0,0.0,0.0,0.0,0.00013059680350124836,0.008740776107421666,,,
505,True,,,,0.00023566988238599151,0.0,,,,,,0.0027716495096683502,0.046259183436632156,4.840581095777452e-05,0.0076574403792619705,0.0,0.0,0.0,0.0,6.969079549890012e-05,0.008735815837627203,,,
506,True,,,,0.000722902943380177,0.0,,,,,,0.0014987288741394877,0.04743446037173271,0.00014022001414559782,0.007035187911242247,0.0,0.0,0.0,0.0,0.00011251716932747513,0.008730847413435541,,,
507,True,,,,0.0003277640789747238,0.0,,,,,,0.0019730757921934128,0.04430518299341202,8.4460130892694e-05,0.0067735882475972176,0.0,0.0,0.0,0.0,8.325499220518395e-05,0.008725870847367324,,,
508,True,,,,0.0005969618214294314,0.0,,,,,,0.0019217049703001976,0.045847125351428986,0.00010900833149207756,0.007157883606851101,0.0,0.0,0.0,0.0,8.30912686069496e-05,0.008720886151963715,,,
509,True,,,,0.000293712189886719,0.0,,,,,,0.0027705305255949497,0.04430519789457321,7.02426623320207e-05,0.007529883645474911,0.0,0.0,0.0,0.0,8.933303615776822e-05,0.008715893339786366,,,
510,True,,,,0.0004989472217857838,0.0,,,,,,0.0026422932278364897,0.049119044095277786,0.00010722644947236404,0.008106758818030357,0.0,0.0,0.0,0.0,8.510446059517562e-05,0.008710892423417382,,,
511,True,,,,0.0002949062327388674,0.0,,,,,,0.004022035747766495,0.04808063805103302,4.955926488037221e-05,0.009149786084890366,0.0,0.0,0.0,0.0,9.800861880648881e-05,0.00870588341545929,,,
512,True,,,,0.0003264957922510803,0.0,,,,,,0.0035710707306861877,0.051085539162158966,5.49057949683629e-05,0.009033572860062122,0.0,0.0,0.0,0.0,8.252484985860065e-05,0.008700866328535008,,,
513,True,,,,0.00023332277487497777,0.0,,,,,,0.004534946288913488,0.048273831605911255,5.4083804570836946e-05,0.009622693993151188,0.0,0.0,0.0,0.0,6.755899084964767e-05,0.008695841175287815,,,
514,True,,,,0.0007313610403798521,0.0,,,,,,0.004829597659409046,0.07361870259046555,0.00011716911103576422,0.0129814138635993,0.0,0.0,0.0,0.0,0.00012182513455627486,0.008690807968381316,,,
515,True,,,,0.0003336908994242549,0.0,,,,,,0.002749083563685417,0.05955340713262558,7.109521538950503e-05,0.00907366257160902,0.0,0.0,0.0,0.0,9.816741658141837e-05,0.008685766720499413,,,
516,True,,,,0.0006122738122940063,0.0,,,,,,0.004434566479176283,0.06636850535869598,0.00010855698201339692,0.01173796970397234,0.0,0.0,0.0,0.0,8.421992970397696e-05,0.00868071744434627,,,
517,True,,,,0.00030462787253782153,0.0,,,,,,0.004302318673580885,0.06707379221916199,6.436074181692675e-05,0.011346505954861641,0.0,0.0,0.0,0.0,0.00010762865713331848,0.008675660152646283,,,
518,True,,,,0.0004847357049584389,0.0,,,,,,0.0027971104718744755,0.03765406832098961,0.00011187322525074705,0.00710318936035037,0.0,0.0,0.0,0.0,8.730380795896053e-05,0.008670594858144049,,,
519,True,,,,0.000280333508271724,0.0,,,,,,0.0018468329217284918,0.04658464714884758,5.5483687901869416e-05,0.006813372951000929,0.0,0.0,0.0,0.0,8.198354043997824e-05,0.00866552157360433,,,
520,True,,,,0.00032456335611641407,0.0,,,,,,0.003320313524454832,0.045963216572999954,5.646844510920346e-05,0.008269432000815868,0.0,0.0,0.0,0.0,7.115186599548906e-05,0.008660440311812028,,,
521,True,,,,0.00023272148973774165,0.0,,,,,,0.0016990903532132506,0.04576214775443077,6.090878014219925e-05,0.006538481451570988,0.0,0.0,0.0,0.0,8.06477473815903e-05,0.00865535108557214,,,
522,True,,,,0.0007181747350841761,0.0,,,,,,0.003980396781116724,0.049786489456892014,0.00012016107211820781,0.00973730068653822,0.0,0.0,0.0,0.0,7.601141987834126e-05,0.00865025390770974,,,
523,True,,,,0.0003238217905163765,0.0,,,,,,0.0024385787546634674,0.04695843160152435,7.02752877259627e-05,0.007493381854146719,0.0,0.0,0.0,0.0,0.00010674396617105231,0.008645148791069939,,,
524,True,,,,0.0005956137902103364,0.0,,,,,,0.005459542386233807,0.07701218873262405,0.00010626166476868093,0.013809505850076675,0.0,0.0,0.0,0.0,0.00010461426427355036,0.008640035748517854,,,
525,True,,,,0.00032092045876197517,0.0,,,,,,0.007830408401787281,0.08544100075960159,9.501272870693356e-05,0.01674293726682663,0.0,0.0,0.0,0.0,0.00012035490362904966,0.008634914792938578,,,
526,True,,,,0.0004896031459793448,0.0,,,,,,0.002682592486962676,0.05064411461353302,0.00018629925034474581,0.008329756557941437,0.0,0.0,0.0,0.0,8.861609967425466e-05,0.008629785937237138,,,
527,True,,,,0.0002777973422780633,0.0,,,,,,0.005556821823120117,0.050686128437519073,5.866442734259181e-05,0.010932564735412598,0.0,0.0,0.0,0.0,8.496412920067087e-05,0.008624649194338476,,,
528,True,,,,0.0003197787737008184,0.0,,,,,,0.0030209082178771496,0.052384696900844574,6.275538180489093e-05,0.00861053541302681,0.0,0.0,0.0,0.0,8.398144564125687e-05,0.00861950457718741,,,
529,True,,,,0.0002350931754335761,0.0,,,,,,0.004255322273820639,0.05826018378138542,7.17335642548278e-05,0.010352300480008125,0.0,0.0,0.0,0.0,0.00010291954822605476,0.008614352098748598,,,
530,True,,,,0.0007401806651614606,0.0,,,,,,0.0026772194541990757,0.05680309236049652,0.00016163276450242847,0.009178525768220425,0.0,0.0,0.0,0.0,0.00011564099258976057,0.008609191772006511,,,
531,True,,,,0.00033362788963131607,0.0,,,,,,0.0019403835758566856,0.04844623804092407,5.689025783794932e-05,0.007147080264985561,0.0,0.0,0.0,0.0,7.648146856809035e-05,0.008604023609965398,,,
532,True,,,,0.0006048793438822031,0.0,,,,,,0.004815207794308662,0.05799037590622902,9.577694436302409e-05,0.011267013847827911,0.0,0.0,0.0,0.0,8.857743523549289e-05,0.008598847625649254,,,
533,True,,,,0.0003056295099668205,0.0,,,,,,0.004088874440640211,0.053156573325395584,6.0330494306981564e-05,0.009740326553583145,0.0,0.0,0.0,0.0,9.430495265405625e-05,0.008593663832101783,,,
534,True,,,,0.0005035084905102849,0.0,,,,,,0.003560427576303482,0.055311962962150574,0.00010994295007549226,0.009650103747844696,0.0,0.0,0.0,0.0,0.00010606899741105735,0.008588472242386375,,,
535,True,,,,0.0002947016037069261,0.0,,,,,,0.0019777759443968534,0.0443919412791729,7.037584146019071e-05,0.006746859289705753,0.0,0.0,0.0,0.0,8.467689622193575e-05,0.008583272869586059,,,
536,True,,,,0.0003216073091607541,0.0,,,,,,0.005617768969386816,0.05955880135297775,6.804422446293756e-05,0.011929278261959553,0.0,0.0,0.0,0.0,0.000104545644717291,0.008578065726803483,,,
537,True,,,,0.00022404221817851067,0.0,,,,,,0.005538029130548239,0.09218967705965042,6.254429172258824e-05,0.015012310817837715,0.0,0.0,0.0,0.0,0.00010246845340589061,0.008572850827160874,,,
538,True,,,,0.0006923581240698695,0.0,,,,,,0.0022842022590339184,0.039266109466552734,0.00015331179019995034,0.006979827303439379,0.0,0.0,0.0,0.0,7.536999328294769e-05,0.008567628183800007,,,
539,True,,,,0.0003265038540121168,0.0,,,,,,0.00447481032460928,0.06891043484210968,7.856220327084884e-05,0.011731638573110104,0.0,0.0,0.0,0.0,0.00010024098446592689,0.008562397809882171,,,
540,True,,,,0.0005875431816093624,0.0,,,,,,0.003429167903959751,0.059503935277462006,0.00011323860962875187,0.010023725219070911,0.0,0.0,0.0,0.0,0.00010093610762851313,0.008557159718588137,,,
541,True,,,,0.0003050430095754564,0.0,,,,,,0.0027205608785152435,0.06424663960933685,7.205118163255975e-05,0.009486292488873005,0.0,0.0,0.0,0.0,9.47051594266668e-05,0.008551913923118121,,,
542,True,,,,0.0005052030319347978,0.0,,,,,,0.005503473337739706,0.07442015409469604,9.726877033244818e-05,0.013499327003955841,0.0,0.0,0.0,0.0,0.00011991046631010249,0.008546660436691764,,,
543,True,,,,0.000293847406283021,0.0,,,,,,0.004118521697819233,0.06608450412750244,6.861662404844537e-05,0.011055126786231995,0.0,0.0,0.0,0.0,9.837326069828123e-05,0.008541399272548074,,,
544,True,,,,0.000324777967762202,0.0,,,,,,0.003209821879863739,0.055811602622270584,5.9072997828479856e-05,0.009145298041403294,0.0,0.0,0.0,0.0,0.00010841660696314648,0.008536130443945416,,,
545,True,,,,0.00023149469052441418,0.0,,,,,,0.0017408765852451324,0.038956232368946075,5.669868551194668e-05,0.005896344315260649,0.0,0.0,0.0,0.0,6.632581789745018e-05,0.00853085396416147,,,
546,True,,,,0.0007059639319777489,0.0,,,,,,0.0018998975865542889,0.04079024866223335,0.00014265772188082337,0.00675621535629034,0.0,0.0,0.0,0.0,7.864687358960509e-05,0.008525569846493193,,,
547,True,,,,0.0003133837890345603,0.0,,,,,,0.003075564978644252,0.049137722700834274,7.048835686873645e-05,0.008337965235114098,0.0,0.0,0.0,0.0,9.860587306320667e-05,0.008520278104256795,,,
548,True,,,,0.0005752294673584402,0.0,,,,,,0.0035270261578261852,0.05417637899518013,0.00012145347136538476,0.009580620564520359,0.0,0.0,0.0,0.0,8.62663218867965e-05,0.008514978750787697,,,
549,True,,,,0.0003011754888575524,0.0,,,,,,0.0015129329403862357,0.03762217238545418,8.345236710738391e-05,0.005618051625788212,0.0,0.0,0.0,0.0,7.131823076633736e-05,0.008509671799440498,,,
550,True,,,,0.00048508518375456333,0.0,,,,,,0.001853959052823484,0.03975170850753784,0.00012025995965814218,0.006374345161020756,0.0,0.0,0.0,0.0,7.257566903717816e-05,0.00850435726358895,,,
551,True,,,,0.00030781974783167243,0.0,,,,,,0.004226946271955967,0.05449507758021355,6.940947787370533e-05,0.010018979199230671,0.0,0.0,0.0,0.0,0.0001188066162285395,0.008499035156625916,,,
552,True,,,,0.0003135210426989943,0.0,,,,,,0.003222554922103882,0.05816558003425598,5.2252213208703324e-05,0.009378761053085327,0.0,0.0,0.0,0.0,7.168090087361634e-05,0.008493705491963335,,,
553,True,,,,0.00023434925242327154,0.0,,,,,,0.0036845176946371794,0.06297282874584198,4.436242670635693e-05,0.010238331742584705,0.0,0.0,0.0,0.0,8.822979725664482e-05,0.008488368283032198,,,
554,True,,,,0.0007202597334980965,0.0,,,,,,0.0026214930694550276,0.054927896708250046,0.00012825042358599603,0.008898667991161346,0.0,0.0,0.0,0.0,8.440967940259725e-05,0.008483023543282502,,,
555,True,,,,0.0003313714114483446,0.0,,,,,,0.0038957479409873486,0.05981689691543579,7.979758083820343e-05,0.010248707607388496,0.0,0.0,0.0,0.0,0.00010313691018382087,0.008477671286183226,,,
556,True,,,,0.000586044741794467,0.0,,,,,,0.0011997702531516552,0.039567165076732635,9.858682460617274e-05,0.005791825242340565,0.0,0.0,0.0,0.0,9.518289152765647e-05,0.00847231152522229,,,
557,True,,,,0.0002958147961180657,0.0,,,,,,0.004510527942329645,0.06324175000190735,6.44518222543411e-05,0.011162743903696537,0.0,0.0,0.0,0.0,7.530993752880022e-05,0.008466944273906528,,,
558,True,,,,0.00048379990039393306,0.0,,,,,,0.0025993615854531527,0.047400303184986115,0.0001328635262325406,0.007889623753726482,0.0,0.0,0.0,0.0,8.564333256799728e-05,0.008461569545761646,,,
559,True,,,,0.0002713786088861525,0.0,,,,,,0.004715770483016968,0.06845208257436752,6.949745875317603e-05,0.011867105960845947,0.0,0.0,0.0,0.0,8.253612031694502e-05,0.008456187354332192,,,
560,True,,,,0.00030497933039441705,0.0,,,,,,0.005394142121076584,0.06538786739110947,6.778720853617415e-05,0.012271801941096783,0.0,0.0,0.0,0.0,0.00011252592958044261,0.008450797713181529,,,
561,True,,,,0.00021920369181316346,0.0,,,,,,0.005001862999051809,0.06419633328914642,5.25952891621273e-05,0.011666997335851192,0.0,0.0,0.0,0.0,7.72088096709922e-05,0.008445400635891782,,,
562,True,,,,0.0006923917680978775,0.0,,,,,,0.005879660602658987,0.0726315975189209,0.00013966124970465899,0.01390504278242588,0.0,0.0,0.0,0.0,9.15808996069245e-05,0.008439996136063825,,,
563,True,,,,0.00031914314604364336,0.0,,,,,,0.0030526078771799803,0.053720857948064804,7.566250133095309e-05,0.008781667798757553,0.0,0.0,0.0,0.0,0.00010195724462391809,0.008434584227317231,,,
564,True,,,,0.0005974473897367716,0.0,,,,,,0.005386222153902054,0.08038201928138733,0.00010388805822003633,0.014073815196752548,0.0,0.0,0.0,0.0,0.00010687876056181267,0.00842916492329025,,,
565,True,,,,0.0003051782841794193,0.0,,,,,,0.004832007456570864,0.06069565936923027,6.434010720113292e-05,0.011238922365009785,0.0,0.0,0.0,0.0,0.00010147998546017334,0.00842373823763976,,,
566,True,,,,0.0004926561377942562,0.0,,,,,,0.0052247787825763226,0.06793506443500519,9.762678382685408e-05,0.012559754773974419,0.0,0.0,0.0,0.0,8.627245551906526e-05,0.008418304184041249,,,
567,True,,,,0.0002724653750192374,0.0,,,,,,0.0033230099361389875,0.062145981937646866,4.848713433602825e-05,0.009834316559135914,0.0,0.0,0.0,0.0,8.233952394220978e-05,0.00841286277618877,,,
568,True,,,,0.00030637896270491183,0.0,,,,,,0.0032854590099304914,0.05652402341365814,5.6322343880310655e-05,0.00927240215241909,0.0,0.0,0.0,0.0,0.00011222630564589053,0.008407414027794905,,,
569,True,,,,0.00022525410167872906,0.0,,,,,,0.002469595754519105,0.049072157591581345,7.015707524260506e-05,0.007637144066393375,0.0,0.0,0.0,0.0,9.575991134624928e-05,0.008401957952590742,,,
570,True,,,,0.0007045149686746299,0.0,,,,,,0.003303852630779147,0.053807638585567474,0.00014418951468542218,0.00946122594177723,0.0,0.0,0.0,0.0,0.00012127140507800505,0.008396494564325825,,,
571,True,,,,0.0003150161064695567,0.0,,,,,,0.003940070979297161,0.06810910254716873,6.0511374613270164e-05,0.01109625305980444,0.0,0.0,0.0,0.0,0.00012185609375592321,0.008391023876768133,,,
572,True,,,,0.0005775549216195941,0.0,,,,,,0.005706732627004385,0.069438636302948,0.00011037143121939152,0.013283336535096169,0.0,0.0,0.0,0.0,0.00010281006689183414,0.008385545903704038,,,
573,True,,,,0.00029483382240869105,0.0,,,,,,0.006527658551931381,0.08190038055181503,7.318375719478354e-05,0.015049122273921967,0.0,0.0,0.0,0.0,0.00011853582691401243,0.008380060658938272,,,
574,True,,,,0.0004593806806951761,0.0,,,,,,0.003876415081322193,0.05789323151111603,0.0001402491907356307,0.01019524410367012,0.0,0.0,0.0,0.0,9.252221207134426e-05,0.008374568156293886,,,
575,True,,,,0.00027587925433181226,0.0,,,,,,0.0026421882212162018,0.04270416498184204,5.239110760157928e-05,0.007214679848402739,0.0,0.0,0.0,0.0,8.41192013467662e-05,0.008369068409612233,,,
576,True,,,,0.00030461628921329975,0.0,,,,,,0.004145826678723097,0.07045218348503113,4.935447941534221e-05,0.011520338244736195,0.0,0.0,0.0,0.0,8.800996874924749e-05,0.00836356143275291,,,
577,True,,,,0.00022137383348308504,0.0,,,,,,0.0042745452374219894,0.08194492757320404,5.050186155131087e-05,0.012715662829577923,0.0,0.0,0.0,0.0,9.583780047250912e-05,0.008358047239593743,,,
578,True,,,,0.0006909735384397209,0.0,,,,,,0.0054015046916902065,0.06099412962794304,0.00012001473805867136,0.0122518977150321,0.0,0.0,0.0,0.0,9.773448982741684e-05,0.008352525844030739,,,
579,True,,,,0.0003214498865418136,0.0,,,,,,0.002254111459478736,0.043613165616989136,5.88833172514569e-05,0.006966319400817156,0.0,0.0,0.0,0.0,6.91541499691084e-05,0.008346997259978051,,,
580,True,,,,0.000574757345020771,0.0,,,,,,0.0035979801323264837,0.06382353603839874,0.00010929755808319896,0.010609740391373634,0.0,0.0,0.0,0.0,0.0001096401538234204,0.008341461501367959,,,
581,True,,,,0.0002909863833338022,0.0,,,,,,0.0036478890106081963,0.06801295280456543,7.276671385625377e-05,0.010776553303003311,0.0,0.0,0.0,0.0,7.436265150317922e-05,0.008335918582150811,,,
582,True,,,,0.0004631797783076763,0.0,,,,,,0.0027561797760427,0.06301356852054596,0.00012739210797008127,0.009584411978721619,0.0,0.0,0.0,0.0,0.0001425336376996711,0.008330368516295008,,,
583,True,,,,0.0002646547509357333,0.0,,,,,,0.0014755390584468842,0.04575435072183609,6.176855822559446e-05,0.0063465130515396595,0.0,0.0,0.0,0.0,7.134178304113448e-05,0.00832481131778696,,,
584,True,,,,0.0003084959462285042,0.0,,,,,,0.0033306130208075047,0.06822040677070618,5.74822879571002e-05,0.010489891283214092,0.0,0.0,0.0,0.0,0.00010974390897899866,0.008319247000631047,,,
585,True,,,,0.00022828354849480093,0.0,,,,,,0.006069724913686514,0.08597533404827118,5.295518712955527e-05,0.014922019094228745,0.0,0.0,0.0,0.0,0.00012779915414284915,0.008313675578849591,,,
586,True,,,,0.0007075861794874072,0.0,,,,,,0.003640507347881794,0.04504133015871048,0.00016608924488537014,0.008935270830988884,0.0,0.0,0.0,0.0,0.0001091739977709949,0.00830809706648282,,,
587,True,,,,0.0003228292043786496,0.0,,,,,,0.003596746828407049,0.05136176198720932,6.974214193178341e-05,0.009090623818337917,0.0,0.0,0.0,0.0,9.235418838215992e-05,0.008302511477588828,,,
588,True,,,,0.0005815319018438458,0.0,,,,,,0.0032075163908302784,0.056650128215551376,0.00011577034456422552,0.009511946700513363,0.0,0.0,0.0,0.0,8.792990411166102e-05,0.008296918826243543,,,
589,True,,,,0.00030466722091659904,0.0,,,,,,0.002790610073134303,0.0656360387802124,8.893785707186908e-05,0.009703350253403187,0.0,0.0,0.0,0.0,8.481624536216259e-05,0.008291319126540691,,,
590,True,,,,0.000472935353172943,0.0,,,,,,0.004846825730055571,0.07628139108419418,0.00011337245814502239,0.013004586100578308,0.0,0.0,0.0,0.0,0.00010992626630468294,0.008285712392591758,,,
591,True,,,,0.00027324791881255805,0.0,,,,,,0.0010279561392962933,0.027176786214113235,4.8400775995105505e-05,0.004043083172291517,0.0,0.0,0.0,0.0,5.4780684877187014e-05,0.008280098638525961,,,
592,True,,,,0.00030391436303034425,0.0,,,,,,0.0020430588629096746,0.03536614403128624,5.8538174926070496e-05,0.005912856664508581,0.0,0.0,0.0,0.0,7.824447675375268e-05,0.008274477878490205,,,
593,True,,,,0.00021921854931861162,0.0,,,,,,0.004494583234190941,0.06328730285167694,5.4037045629229397e-05,0.011069550178945065,0.0,0.0,0.0,0.0,9.543636406306177e-05,0.008268850126649047,,,
594,True,,,,0.0007066403049975634,0.0,,,,,,0.00444911839440465,0.06385155022144318,0.00013353012036532164,0.011607677675783634,0.0,0.0,0.0,0.0,8.923725545173511e-05,0.008263215397184673,,,
595,True,,,,0.0003109498356934637,0.0,,,,,,0.005842901766300201,0.05861587077379227,6.639027560595423e-05,0.012048634700477123,0.0,0.0,0.0,0.0,8.656265708850697e-05,0.008257573704296842,,,
596,True,,,,0.0005707878735847771,0.0,,,,,,0.003910113126039505,0.06602548062801361,9.90939442999661e-05,0.011132996529340744,0.0,0.0,0.0,0.0,8.082053682301193e-05,0.008251925062202868,,,
597,True,,,,0.0002855428901966661,0.0,,,,,,0.007314953953027725,0.0692182332277298,6.024172034813091e-05,0.01455244142562151,0.0,0.0,0.0,0.0,9.717239299789071e-05,0.00824626948513758,,,
598,True,,,,0.0004658925754483789,0.0,,,,,,0.0028533495496958494,0.04835185408592224,0.00010536752961343154,0.008207111619412899,0.0,0.0,0.0,0.0,8.057991362875327e-05,0.008240606987353273,,,
599,True,,,,0.00026964236167259514,0.0,,,,,,0.004781018011271954,0.0797836184501648,5.9895304730162024e-05,0.013058969751000404,0.0,0.0,0.0,0.0,0.00011134365195175633,0.008234937583119691,,,
600,True,,,,0.00030729148420505226,0.0,,,,,,0.0036990996450185776,0.05575675517320633,6.090990427765064e-05,0.009612522087991238,0.0,0.0,0.0,0.0,8.449312736047432e-05,0.008229261286723981,8.257516415225943e-05,1.60072414798089e-05,7.100658198913275e-06
601,True,,,,0.00021791283506900072,0.0,,,,,,0.00200012419372797,0.04842125251889229,5.231148679740727e-05,0.007086317986249924,0.0,0.0,0.0,0.0,9.410459460923448e-05,0.008223578112470658,,,
602,True,,,,0.0006876790430396795,0.0,,,,,,0.002546547446399927,0.04019564390182495,0.00011269276001257822,0.007310137152671814,0.0,0.0,0.0,0.0,6.484384357463568e-05,0.00821788807468157,,,
603,True,,,,0.00030544691253453493,0.0,,,,,,0.004406459629535675,0.05913159251213074,6.86307976138778e-05,0.010659380815923214,0.0,0.0,0.0,0.0,8.403785614063963e-05,0.008212191187695858,,,
604,True,,,,0.0005662997718900442,0.0,,,,,,0.006140136159956455,0.0646301805973053,9.623642836231738e-05,0.013217573054134846,0.0,0.0,0.0,0.0,7.306500629056245e-05,0.008206487465869928,,,
605,True,,,,0.00028535627643577754,0.0,,,,,,0.0029405965469777584,0.05312764272093773,6.779428804293275e-05,0.008572614751756191,0.0,0.0,0.0,0.0,8.380666258744895e-05,0.008200776923577405,,,
606,True,,,,0.0004695002571679652,0.0,,,,,,0.0017574818339198828,0.03724992275238037,0.00011203926987946033,0.006007994059473276,0.0,0.0,0.0,0.0,8.458393858745694e-05,0.008195059575209109,,,
607,True,,,,0.0002635589335113764,0.0,,,,,,0.00430416502058506,0.058122552931308746,5.658406007569283e-05,0.010408271104097366,0.0,0.0,0.0,0.0,6.973497511353344e-05,0.008189335435173004,,,
608,True,,,,0.0003022236633114517,0.0,,,,,,0.002876119688153267,0.05168904364109039,5.146492549101822e-05,0.008372980169951916,0.0,0.0,0.0,0.0,7.300268771359697e-05,0.008183604517894176,,,
609,True,,,,0.00021999298769515008,0.0,,,,,,0.0032918525394052267,0.057719502598047256,4.50717743660789e-05,0.009306332096457481,0.0,0.0,0.0,0.0,7.137323700590059e-05,0.008177866837814785,,,
610,True,,,,0.0006772770429961383,0.0,,,,,,0.004702202044427395,0.05509446561336517,0.00013491792196873575,0.010956385172903538,0.0,0.0,0.0,0.0,0.00010597577784210443,0.008172122409394036,,,
611,True,,,,0.00030207575764507055,0.0,,,,,,0.003799325553700328,0.06016328185796738,6.83423422742635e-05,0.010151900351047516,0.0,0.0,0.0,0.0,0.00010149821173399687,0.008166371247108138,,,
612,True,,,,0.0005613155663013458,0.0,,,,,,0.0029575969092547894,0.047148145735263824,0.00010931395809166133,0.008288383483886719,0.0,0.0,0.0,0.0,6.1820748669561e-05,0.008160613365450275,,,
613,True,,,,0.0002792960440274328,0.0,,,,,,0.003105809446424246,0.04242611676454544,6.660436338279396e-05,0.007661019451916218,0.0,0.0,0.0,0.0,5.907318336539902e-05,0.008154848778930555,,,
614,True,,,,0.000449853454483673,0.0,,,,,,0.0036529991775751114,0.07524355500936508,0.00011665104830171913,0.011685534380376339,0.0,0.0,0.0,0.0,8.891426841728389e-05,0.008149077502075991,,,
615,True,,,,0.00026554259238764644,0.0,,,,,,0.003986012190580368,0.06559611856937408,4.2794414184754714e-05,0.01083256397396326,0.0,0.0,0.0,0.0,0.0001097990243579261,0.00814329954943045,,,
616,True,,,,0.00030050097848288715,0.0,,,,,,0.006898185238242149,0.06901223212480545,5.47879608348012e-05,0.014127302914857864,0.0,0.0,0.0,0.0,0.000104496706626378,0.008137514935554629,,,
617,True,,,,0.00021238088083919138,0.0,,,,,,0.006002738140523434,0.08173640072345734,5.551851791096851e-05,0.014416517689824104,0.0,0.0,0.0,0.0,0.0001161729232990183,0.008131723675026004,,,
618,True,,,,0.000669218716211617,0.0,,,,,,0.004195470362901688,0.06465733051300049,0.00012267334386706352,0.011391758918762207,0.0,0.0,0.0,0.0,0.00013362773461267352,0.008125925782438807,,,
619,True,,,,0.0003029200597666204,0.0,,,,,,0.003039558418095112,0.04778341203927994,6.995532021392137e-05,0.008155797608196735,0.0,0.0,0.0,0.0,9.210919961333275e-05,0.008120121272403979,,,
620,True,,,,0.000554984319023788,0.0,,,,,,0.0037538460455834866,0.0549740269780159,0.00010476447641849518,0.009858615696430206,0.0,0.0,0.0,0.0,8.376859477721155e-05,0.008114310159549139,,,
621,True,,,,0.00028583459788933396,0.0,,,,,,0.0027857343666255474,0.05928985774517059,6.629205745412037e-05,0.00903370138257742,0.0,0.0,0.0,0.0,8.613719546701759e-05,0.008108492458518544,,,
622,True,,,,0.0004791460814885795,0.0,,,,,,0.0038250628858804703,0.06622251868247986,0.00011046089639421552,0.01098169106990099,0.0,0.0,0.0,0.0,9.295911149820313e-05,0.008102668183973056,,,
623,True,,,,0.00026007587439380586,0.0,,,,,,0.0027877227403223515,0.05452537164092064,7.278140401467681e-05,0.008536726236343384,0.0,0.0,0.0,0.0,9.257239435100928e-05,0.008096837350590101,,,
624,True,,,,0.00029251110390760005,0.0,,,,,,0.003714799415320158,0.05334373936057091,5.652059189742431e-05,0.009369944222271442,0.0,0.0,0.0,0.0,7.773997640470043e-05,0.008090999973063633,,,
625,True,,,,0.0002093069488182664,0.0,,,,,,0.0036569777876138687,0.0725373774766922,5.067005622549914e-05,0.011145357973873615,0.0,0.0,0.0,0.0,0.00011885390267707407,0.008085156066104101,,,
626,True,,,,0.0006713166367262602,0.0,,,,,,0.004577813670039177,0.05351320654153824,0.0001361439935863018,0.010668523609638214,0.0,0.0,0.0,0.0,8.07039687060751e-05,0.008079305644438399,,,
627,True,,,,0.0003101439797319472,0.0,,,,,,0.003420931054279208,0.046136002987623215,6.808322359574959e-05,0.008378717117011547,0.0,0.0,0.0,0.0,7.349527004407719e-05,0.008073448722809854,,,
628,True,,,,0.0005626609781756997,0.0,,,,,,0.0032202887814491987,0.05559355020523071,0.00010750488581834361,0.009396057575941086,0.0,0.0,0.0,0.0,9.2707785370294e-05,0.008067585315978157,,,
629,True,,,,0.0002850290620699525,0.0,,,,,,0.0039067696779966354,0.06511808931827545,7.018559699645266e-05,0.010738701559603214,0.0,0.0,0.0,0.0,9.233979653799906e-05,0.008061715438719355,,,
630,True,,,,0.0004744046600535512,0.0,,,,,,0.0018500693840906024,0.04407312348484993,0.00016276891983579844,0.006813170854002237,0.0,0.0,0.0,0.0,9.959567250916734e-05,0.008055839105825791,,,
631,True,,,,0.0002606852794997394,0.0,,,,,,0.003002891317009926,0.053070101886987686,4.587020885082893e-05,0.008593522012233734,0.0,0.0,0.0,0.0,6.680764636257663e-05,0.00804995633210608,,,
632,True,,,,0.00030759343644604087,0.0,,,,,,0.0040264371782541275,0.06296248733997345,5.668273661285639e-05,0.010658620856702328,0.0,0.0,0.0,0.0,8.324349619215354e-05,0.008044067132385072,,,
633,True,,,,0.00021959531295578927,0.0,,,,,,0.0023913485929369926,0.0404849499464035,4.503457967075519e-05,0.006681956350803375,0.0,0.0,0.0,0.0,8.807727135717869e-05,0.008038171521503804,,,
634,True,,,,0.0006535189459100366,0.0,,,,,,0.003578992560505867,0.07392852753400803,0.00012160021287854761,0.011686165817081928,0.0,0.0,0.0,0.0,0.00012743794650305063,0.008032269514319474,,,
635,True,,,,0.0002938910620287061,0.0,,,,,,0.004174502100795507,0.06604312360286713,5.962198702036403e-05,0.011102516204118729,0.0,0.0,0.0,0.0,0.00011959021503571421,0.008026361125705402,,,
636,True,,,,0.0005489015020430088,0.0,,,,,,0.004191144835203886,0.06943786144256592,0.00011301215272396803,0.011740338057279587,0.0,0.0,0.0,0.0,8.493206405546516e-05,0.008020446370550978,,,
637,True,,,,0.00028713265783153474,0.0,,,,,,0.00724485469982028,0.06567573547363281,8.04856390459463e-05,0.014139803126454353,0.0,0.0,0.0,0.0,8.561312279198319e-05,0.008014525263761648,,,
638,True,,,,0.0004743019235320389,0.0,,,,,,0.00334177422337234,0.05395279824733734,0.00010577862849459052,0.009264244697988033,0.0,0.0,0.0,0.0,7.981597445905209e-05,0.008008597820258858,,,
639,True,,,,0.0002565385075286031,0.0,,,,,,0.003505643457174301,0.044914644211530685,5.6027842219918966e-05,0.008281661197543144,0.0,0.0,0.0,0.0,7.45716824894771e-05,0.008002664054980025,,,
640,True,,,,0.0002978625416290015,0.0,,,,,,0.0020335018634796143,0.05673134699463844,6.071254028938711e-05,0.008034855127334595,0.0,0.0,0.0,0.0,0.00010050389391835779,0.007996723982878496,,,
641,True,,,,0.00021831538469996303,0.0,,,,,,0.00424950011074543,0.06699109822511673,4.9137532187160105e-05,0.011191493831574917,0.0,0.0,0.0,0.0,0.0001527182466816157,0.007990777618923514,,,
642,True,,,,0.000685976236127317,0.0,,,,,,0.003902447409927845,0.06034974753856659,0.0001327783684246242,0.010689787566661835,0.0,0.0,0.0,0.0,0.00010040172492153943,0.007984824978100174,,,
643,True,,,,0.00030212808633223176,0.0,,,,,,0.0034978564362972975,0.06434889882802963,7.293840462807566e-05,0.0102713443338871,0.0,0.0,0.0,0.0,9.953288827091455e-05,0.007978866075409392,,,
644,True,,,,0.0005624759942293167,0.0,,,,,,0.003655386157333851,0.05521854758262634,9.24018895602785e-05,0.009785918518900871,0.0,0.0,0.0,0.0,9.647715341998264e-05,0.00797290092586786,,,
645,True,,,,0.0002967740874737501,0.0,,,,,,0.002680602017790079,0.05222262442111969,5.886470898985863e-05,0.008229071274399757,0.0,0.0,0.0,0.0,0.00010309612116543576,0.007966929544508018,,,
646,True,,,,0.0004674414813052863,0.0,,,,,,0.0017428956925868988,0.05051598697900772,0.00010615134669933468,0.007315011695027351,0.0,0.0,0.0,0.0,0.00013414124259725213,0.007960951946378008,,,
647,True,,,,0.00026582396822050214,0.0,,,,,,0.0018269151914864779,0.047590091824531555,4.992987305740826e-05,0.006876714061945677,0.0,0.0,0.0,0.0,0.00010195932554779574,0.007954968146541638,,,
648,True,,,,0.00029477421776391566,0.0,,,,,,0.0030870481859892607,0.05613873526453972,6.0618676798185334e-05,0.009026004932820797,0.0,0.0,0.0,0.0,9.439975110581145e-05,0.007948978160078344,,,
649,True,,,,0.00021445899619720876,0.0,,,,,,0.002534769009798765,0.060548681765794754,5.8804405853152275e-05,0.008833498694002628,0.0,0.0,0.0,0.0,0.00010065946844406426,0.007942982002083153,,,
650,True,,,,0.0007063585799187422,0.0,,,,,,0.00345043046399951,0.06010104715824127,0.00017361585923936218,0.010253701359033585,0.0,0.0,0.0,0.0,0.00018784923304338008,0.007936979687666646,,,
651,True,,,,0.0003158058098051697,0.0,,,,,,0.003440056461840868,0.054155051708221436,0.00010424514039186761,0.00922349002212286,0.0,0.0,0.0,0.0,0.00011157499102409929,0.007930971231954919,,,
652,True,,,,0.000562795321457088,0.0,,,,,,0.0026920295786112547,0.04954313114285469,0.00012962540495209396,0.008273950777947903,0.0,0.0,0.0,0.0,0.00011951220949413255,0.007924956650089538,,,
653,True,,,,0.0002873880439437926,0.0,,,,,,0.0026188278570771217,0.05027933418750763,6.501541793113574e-05,0.007966657169163227,0.0,0.0,0.0,0.0,8.862477989168838e-05,0.007918935957227516,,,
654,True,,,,0.00046270652092061937,0.0,,,,,,0.0022253321949392557,0.04723244160413742,0.0001191174378618598,0.007470841519534588,0.0,0.0,0.0,0.0,8.122633153107017e-05,0.007912909168541262,,,
655,True,,,,0.00028148858109489083,0.0,,,,,,0.0036417830269783735,0.0687127560377121,6.463396130129695e-05,0.010826864279806614,0.0,0.0,0.0,0.0,0.00012045810581184924,0.007906876299218544,,,
656,True,,,,0.0003101576876360923,0.0,,,,,,0.0039779748767614365,0.05985838174819946,6.904113251948729e-05,0.010308491066098213,0.0,0.0,0.0,0.0,9.444075840292498e-05,0.00790083736446246,,,
657,True,,,,0.00022169583826325834,0.0,,,,,,0.004176984541118145,0.07110077887773514,7.569899025838822e-05,0.011546608060598373,0.0,0.0,0.0,0.0,0.00010715005191741511,0.007894792379491384,,,
658,True,,,,0.0007004243670962751,0.0,,,,,,0.005340338684618473,0.06685717403888702,0.0001947449636645615,0.012823853641748428,0.0,0.0,0.0,0.0,0.00011578675912460312,0.007888741359538945,,,
659,True,,,,0.00031377674895338714,0.0,,,,,,0.0034819114953279495,0.061565056443214417,7.276779069798067e-05,0.009988578036427498,0.0,0.0,0.0,0.0,0.00012660272477660328,0.00788268431985398,,,
660,True,,,,0.0005643446929752827,0.0,,,,,,0.0032129711471498013,0.05303977429866791,0.00010851617844309658,0.009135551750659943,0.0,0.0,0.0,0.0,8.731645357329398e-05,0.007876621275700487,,,
661,True,,,,0.00029310683021321893,0.0,,,,,,0.0030436478555202484,0.057196326553821564,7.640956755494699e-05,0.009094592183828354,0.0,0.0,0.0,0.0,7.630103209521621e-05,0.007870552242357607,,,
662,True,,,,0.00044598430395126343,0.0,,,,,,0.004660297185182571,0.06363572925329208,0.00012795998190995306,0.011533834040164948,0.0,0.0,0.0,0.0,9.570617839926854e-05,0.00786447723511957,,,
663,True,,,,0.0002653052215464413,0.0,,,,,,0.005379973910748959,0.06081019341945648,6.803180440329015e-05,0.011760313995182514,0.0,0.0,0.0,0.0,0.00010016831947723404,0.007858396269295657,,,
664,True,,,,0.0002964720188174397,0.0,,,,,,0.003161441069096327,0.04982344061136246,5.717569001717493e-05,0.008468844927847385,0.0,0.0,0.0,0.0,9.042773308465257e-05,0.007852309360210167,,,
665,True,,,,0.00021231375285424292,0.0,,,,,,0.0019026425434276462,0.04730415344238281,5.810303264297545e-05,0.00687442347407341,0.0,0.0,0.0,0.0,7.556597847724333e-05,0.007846216523202377,,,
666,True,,,,0.0006714516784995794,0.0,,,,,,0.0031636725179851055,0.05629286170005798,0.00015217989857774228,0.009540501050651073,0.0,0.0,0.0,0.0,8.402442472288385e-05,0.007840117773626502,,,
667,True,,,,0.0003036244015675038,0.0,,,,,,0.004951818846166134,0.07630687952041626,7.960354560054839e-05,0.012925933115184307,0.0,0.0,0.0,0.0,0.00011836885823868215,0.007834013126851658,,,
668,True,,,,0.0005518594989553094,0.0,,,,,,0.00516930827870965,0.06513689458370209,0.00012849616177845746,0.01229910645633936,0.0,0.0,0.0,0.0,0.00010169298911932856,0.007827902598261825,,,
669,True,,,,0.0002879331004805863,0.0,,,,,,0.002974481787532568,0.03868210315704346,8.787155093159527e-05,0.007174561265856028,0.0,0.0,0.0,0.0,7.545128755737096e-05,0.007821786203255797,,,
670,True,,,,0.00044167612213641405,0.0,,,,,,0.004302573390305042,0.061558619141578674,0.00013478694017976522,0.010967505164444447,0.0,0.0,0.0,0.0,8.416626224061474e-05,0.007815663957247154,,,
671,True,,,,0.0002534339437261224,0.0,,,,,,0.0013873456045985222,0.06124255433678627,5.41716544830706e-05,0.007792120799422264,0.0,0.0,0.0,0.0,0.00010024556831922382,0.007809535875664231,,,
672,True,,,,0.00029240548610687256,0.0,,,,,,0.004167661070823669,0.05567251145839691,5.5748831073287874e-05,0.010055191814899445,0.0,0.0,0.0,0.0,9.62816338869743e-05,0.007803401973950056,,,
673,True,,,,0.00021546517382375896,0.0,,,,,,0.00523839145898819,0.07217098027467728,4.8836191126611084e-05,0.01269537303596735,0.0,0.0,0.0,0.0,0.00010890910198213533,0.007797262267562329,,,
674,True,,,,0.0006492901593446732,0.0,,,,,,0.0031060983892530203,0.06156700849533081,0.00014097940584179014,0.0099825793877244,0.0,0.0,0.0,0.0,8.290534606203437e-05,0.007791116771973381,,,
675,True,,,,0.00030205040820874274,0.0,,,,,,0.0045174709521234035,0.05883098393678665,6.294841296039522e-05,0.010734093375504017,0.0,0.0,0.0,0.0,7.146575080696493e-05,0.007784965502670127,,,
676,True,,,,0.0005384314572438598,0.0,,,,,,0.002651532646268606,0.046582236886024475,9.829855844145641e-05,0.007897336967289448,0.0,0.0,0.0,0.0,6.789294275222346e-05,0.007778808475154036,,,
677,True,,,,0.00027897197287529707,0.0,,,,,,0.0029478035867214203,0.04605676978826523,6.276996282394975e-05,0.007863837294280529,0.0,0.0,0.0,0.0,8.53590463520959e-05,0.007772645704941084,,,
678,True,,,,0.0004979379591532052,0.0,,,,,,0.004550297744572163,0.07247918844223022,9.756665531313047e-05,0.012344937771558762,0.0,0.0,0.0,0.0,0.0001341296883765608,0.007766477207561724,,,
679,True,,,,0.00025085179368034005,0.0,,,,,,0.0020774654112756252,0.04632159322500229,6.131265399744734e-05,0.006991133093833923,0.0,0.0,0.0,0.0,8.843672549119219e-05,0.007760302998560836,,,
680,True,,,,0.0002830574521794915,0.0,,,,,,0.004207976628094912,0.05370980128645897,5.898320159758441e-05,0.009891505353152752,0.0,0.0,0.0,0.0,7.160672976169735e-05,0.007754123093497695,,,
681,True,,,,0.00020395717001520097,0.0,,,,,,0.0033072379883378744,0.052751146256923676,5.745441740145907e-05,0.008815037086606026,0.0,0.0,0.0,0.0,0.0001114311526180245,0.007747937507945937,,,
682,True,,,,0.0006439088610932231,0.0,,,,,,0.004216312896460295,0.06269688904285431,0.00013685290468856692,0.011198337189853191,0.0,0.0,0.0,0.0,9.131622937275097e-05,0.007741746257493503,,,
683,True,,,,0.00029441254446282983,0.0,,,,,,0.005147268529981375,0.06431713700294495,7.527171692345291e-05,0.011911030858755112,0.0,0.0,0.0,0.0,0.00012064693873981014,0.007735549357742616,,,
684,True,,,,0.0005453030462376773,0.0,,,,,,0.002034525852650404,0.04293335974216461,0.00011757778702303767,0.006931953597813845,0.0,0.0,0.0,0.0,9.091207903111354e-05,0.007729346824309734,,,
685,True,,,,0.00028010219102725387,0.0,,,,,,0.0038478709757328033,0.06873288005590439,8.018346852622926e-05,0.011041352525353432,0.0,0.0,0.0,0.0,0.00010219233081443235,0.0077231386728255115,,,
686,True,,,,0.0004624059365596622,0.0,,,,,,0.0028390444349497557,0.054218895733356476,0.00018497658311389387,0.008815828710794449,0.0,0.0,0.0,0.0,0.00011541927233338356,0.0077169249189347625,,,
687,True,,,,0.00025562552036717534,0.0,,,,,,0.005201760679483414,0.09051366150379181,5.7631637901067734e-05,0.014537569135427475,0.0,0.0,0.0,0.0,0.0001220572303282097,0.007710705578296418,,,
688,True,,,,0.00029549963073804975,0.0,,,,,,0.005453205667436123,0.06566604971885681,7.140707748476416e-05,0.012351013720035553,0.0,0.0,0.0,0.0,9.364977449877188e-05,0.007704480666583487,,,
689,True,,,,0.0002106941828969866,0.0,,,,,,0.0030128422658890486,0.046354517340660095,8.290684490930289e-05,0.007900441996753216,0.0,0.0,0.0,0.0,0.00010089411807712168,0.007698250199483018,,,
690,True,,,,0.0006669649155810475,0.0,,,,,,0.011932121589779854,0.08339652419090271,0.00016065410454757512,0.021019065752625465,0.0,0.0,0.0,0.0,0.00011900670506292954,0.007692014192696062,,,
691,True,,,,0.0003002295852638781,0.0,,,,,,0.0046457769349217415,0.07369542121887207,5.665930802933872e-05,0.01234387792646885,0.0,0.0,0.0,0.0,0.00010145820851903409,0.0076857726619376275,,,
692,True,,,,0.0005414230981841683,0.0,,,,,,0.0022413432598114014,0.04155436530709267,0.00010378643492003903,0.006990096066147089,0.0,0.0,0.0,0.0,7.071448635542765e-05,0.007679525622936646,,,
693,True,,,,0.00028229248709976673,0.0,,,,,,0.003847940359264612,0.05673341453075409,6.836724787717685e-05,0.009837756864726543,0.0,0.0,0.0,0.0,8.341853390447795e-05,0.007673273091435926,,,
694,True,,,,0.0004818878951482475,0.0,,,,,,0.002617710269987583,0.041158538311719894,0.00011381115473341197,0.00727235758677125,0.0,0.0,0.0,0.0,7.270389323821291e-05,0.007667015083192123,,,
695,True,,,,0.0002683767525013536,0.0,,,,,,0.0028925647493451834,0.05507741495966911,7.712911610724404e-05,0.008707246743142605,0.0,0.0,0.0,0.0,9.298229269916192e-05,0.007660751613975688,,,
696,True,,,,0.00029461918165907264,0.0,,,,,,0.0030991320963948965,0.047150302678346634,6.142591155366972e-05,0.008139494806528091,0.0,0.0,0.0,0.0,0.00010029225086327642,0.007654482699570837,,,
697,True,,,,0.0002078933612210676,0.0,,,,,,0.003235089359804988,0.05203968286514282,6.209691491676494e-05,0.00867799948900938,0.0,0.0,0.0,0.0,9.173512080451474e-05,0.0076482083557755124,,,
698,True,,,,0.0006516745779663324,0.0,,,,,,0.004944727756083012,0.060985419899225235,0.00015343516133725643,0.01177166122943163,0.0,0.0,0.0,0.0,9.73275164142251e-05,0.0076419285984013294,,,
699,True,,,,0.0002947149914689362,0.0,,,,,,0.004547928459942341,0.06032196432352066,8.329605043400079e-05,0.01091648731380701,0.0,0.0,0.0,0.0,8.72996897669509e-05,0.0076356434432735525,,,
700,True,,,,0.0005348908598534763,0.0,,,,,,0.003192377043887973,0.06684483587741852,0.00011452239414211363,0.010469012893736362,0.0,0.0,0.0,0.0,8.494166104355827e-05,0.0076293529062310475,8.075262296620288e-05,1.3388465011823814e-05,1.020796119755979e-05
701,True,,,,0.00027431047055870295,0.0,,,,,,0.005260057281702757,0.067301444709301,8.112343493849039e-05,0.012305074371397495,0.0,0.0,0.0,0.0,8.589577191742137e-05,0.007623057003126242,,,
702,True,,,,0.0004548713914118707,0.0,,,,,,0.0019553983584046364,0.048488691449165344,0.0001060382928699255,0.0073121581226587296,0.0,0.0,0.0,0.0,8.499620162183419e-05,0.007616755749825088,,,
703,True,,,,0.000248730560997501,0.0,,,,,,0.0044243717566132545,0.061156779527664185,6.353076605591923e-05,0.010820545256137848,0.0,0.0,0.0,0.0,7.905459642643109e-05,0.007610449162207018,,,
704,True,,,,0.0002865200804080814,0.0,,,,,,0.004177541472017765,0.060380902141332626,5.25571740581654e-05,0.010528430342674255,0.0,0.0,0.0,0.0,9.67639934970066e-05,0.0076041372561649065,,,
705,True,,,,0.00021503324387595057,0.0,,,,,,0.004370053298771381,0.05531517416238785,5.0815928261727095e-05,0.010142011567950249,0.0,0.0,0.0,0.0,9.365901496494189e-05,0.007597820047605035,,,
706,True,,,,0.0006460798904299736,0.0,,,,,,0.0018465882167220116,0.038887783885002136,0.00013777577260043472,0.0064503345638513565,0.0,0.0,0.0,0.0,8.382803207496181e-05,0.007591497552447043,,,
707,True,,,,0.00029266378260217607,0.0,,,,,,0.004643708001822233,0.055183105170726776,5.882768891751766e-05,0.01048409566283226,0.0,0.0,0.0,0.0,0.00010544078395469114,0.007585169786623896,,,
708,True,,,,0.0005409861914813519,0.0,,,,,,0.0029894455801695585,0.04667891934514046,9.417213004780933e-05,0.008245410397648811,0.0,0.0,0.0,0.0,0.00010357216524425894,0.007578836766081839,,,
709,True,,,,0.0002743644581642002,0.0,,,,,,0.004756836220622063,0.0827701985836029,6.768350431229919e-05,0.013342062942683697,0.0,0.0,0.0,0.0,0.00012525578495115042,0.007572498506780361,,,
710,True,,,,0.0004437521565705538,0.0,,,,,,0.00779882725328207,0.0824539065361023,0.00015524178161285818,0.016565591096878052,0.0,0.0,0.0,0.0,0.00010655402729753405,0.007566155024692151,,,
711,True,,,,0.000254903978202492,0.0,,,,,,0.003431009128689766,0.04602006822824478,6.168641266413033e-05,0.00831876415759325,0.0,0.0,0.0,0.0,8.758821786614135e-05,0.007559806335803063,,,
712,True,,,,0.0002718358882702887,0.0,,,,,,0.003932013176381588,0.060102954506874084,5.9252328355796635e-05,0.01024377066642046,0.0,0.0,0.0,0.0,9.122809569817036e-05,0.007553452456112068,,,
713,True,,,,0.00019953923765569925,0.0,,,,,,0.006486483849585056,0.06903758645057678,4.980332960258238e-05,0.013614684343338013,0.0,0.0,0.0,0.0,0.00012730648450087756,0.007547093401631221,,,
714,True,,,,0.0006357466336339712,0.0,,,,,,0.002885907655581832,0.04552531987428665,0.0001299095747526735,0.008139140903949738,0.0,0.0,0.0,0.0,7.627405284438282e-05,0.007540729188385619,,,
715,True,,,,0.0002792244195006788,0.0,,,,,,0.00426020473241806,0.06122133880853653,6.592813588213176e-05,0.010694527998566628,0.0,0.0,0.0,0.0,0.00010704740998335183,0.007534359832413352,,,
716,True,,,,0.0005224335473030806,0.0,,,,,,0.0033701749052852392,0.047181643545627594,0.00010800975724123418,0.008664777502417564,0.0,0.0,0.0,0.0,8.039133535930887e-05,0.007527985349765481,,,
717,True,,,,0.0002628345391713083,0.0,,,,,,0.001750296214595437,0.047577131539583206,7.148982695071027e-05,0.00680658919736743,0.0,0.0,0.0,0.0,8.42012232169509e-05,0.0075216057565059774,,,
718,True,,,,0.0004573564510792494,0.0,,,,,,0.0018863414879888296,0.04696940258145332,0.00011253082629991695,0.007096903398633003,0.0,0.0,0.0,0.0,6.958041922189295e-05,0.007515221068711696,,,
719,True,,,,0.0002473107888363302,0.0,,,,,,0.0019925511442124844,0.04453907907009125,4.643887950805947e-05,0.006716989446431398,0.0,0.0,0.0,0.0,8.098542457446456e-05,0.007508831302472326,,,
720,True,,,,0.0002807056880556047,0.0,,,,,,0.0036942162550985813,0.06301209330558777,5.853260154253803e-05,0.010305396281182766,0.0,0.0,0.0,0.0,8.513969805790111e-05,0.007502436473890363,,,
721,True,,,,0.00020519699319265783,0.0,,,,,,0.0031299348920583725,0.05425126850605011,5.753269579145126e-05,0.00878902617841959,0.0,0.0,0.0,0.0,8.212935063056648e-05,0.007496036599081049,,,
722,True,,,,0.0006377226090990007,0.0,,,,,,0.004784401506185532,0.07147899270057678,0.0001277934352401644,0.012633919715881348,0.0,0.0,0.0,0.0,0.00010244978329865262,0.007489631694172351,,,
723,True,,,,0.00028244295390322804,0.0,,,,,,0.003961855545639992,0.06680133193731308,6.238979403860867e-05,0.010955626145005226,0.0,0.0,0.0,0.0,7.7800803410355e-05,0.007483221775304906,,,
724,True,,,,0.0005145354080013931,0.0,,,,,,0.0023188700433820486,0.04821902513504028,0.00010940733773168176,0.007710011210292578,0.0,0.0,0.0,0.0,0.00010285360622219741,0.0074768068586319935,,,
725,True,,,,0.0002625992347020656,0.0,,,,,,0.004684922285377979,0.05942168086767197,5.931978739681654e-05,0.010919350199401379,0.0,0.0,0.0,0.0,0.00010922865476459265,0.007470386960319481,,,
726,True,,,,0.00042948860209435225,0.0,,,,,,0.0020664683543145657,0.04850752279162407,0.00011526368325576186,0.007404340896755457,0.0,0.0,0.0,0.0,0.0001061236034729518,0.007463962096545792,,,
727,True,,,,0.0002363584062550217,0.0,,,,,,0.004286062438040972,0.0596197172999382,5.807491106679663e-05,0.010513430461287498,0.0,0.0,0.0,0.0,9.490972297498956e-05,0.007457532283501866,,,
728,True,,,,0.00027414457872509956,0.0,,,,,,0.0030957176350057125,0.057670239359140396,6.123982893768698e-05,0.009167505428195,0.0,0.0,0.0,0.0,7.592498877784237e-05,0.00745109753739111,,,
729,True,,,,0.0002067211753455922,0.0,,,,,,0.0020947332959622145,0.048696257174015045,5.5730866733938456e-05,0.007198946084827185,0.0,0.0,0.0,0.0,9.741054236656055e-05,0.007444657874429368,,,
730,True,,,,0.000624093459919095,0.0,,,,,,0.007231704890727997,0.06385864317417145,0.00012035421968903393,0.014301840215921402,0.0,0.0,0.0,0.0,9.871569636743516e-05,0.00743821331084487,,,
731,True,,,,0.00028114678571000695,0.0,,,,,,0.002313729375600815,0.05253952741622925,6.635715544689447e-05,0.007882007397711277,0.0,0.0,0.0,0.0,8.780363714322448e-05,0.007431763862878197,,,
732,True,,,,0.0005151170771569014,0.0,,,,,,0.0033233333379030228,0.060640230774879456,0.00011349000851623714,0.00995921902358532,0.0,0.0,0.0,0.0,7.589046435896307e-05,0.007425309546782242,,,
733,True,,,,0.00026976907975040376,0.0,,,,,,0.0028891577385365963,0.05271819978952408,7.698975969105959e-05,0.008469241671264172,0.0,0.0,0.0,0.0,7.002489292062819e-05,0.007418850378822161,,,
734,True,,,,0.00043220267980359495,0.0,,,,,,0.003311521140858531,0.06051865220069885,0.00011606748739723116,0.009853622876107693,0.0,0.0,0.0,0.0,8.928775059757754e-05,0.00741238637527534,,,
735,True,,,,0.0002497758832760155,0.0,,,,,,0.0025892616249620914,0.042801257222890854,5.283097561914474e-05,0.007145578972995281,0.0,0.0,0.0,0.0,7.29462772142142e-05,0.007405917552431351,,,
736,True,,,,0.000284349313005805,0.0,,,,,,0.004597601946443319,0.07730770856142044,5.242721817921847e-05,0.012638936750590801,0.0,0.0,0.0,0.0,9.998243331210688e-05,0.00739944392659191,,,
737,True,,,,0.00020819876226596534,0.0,,,,,,0.0016257328679785132,0.04142295569181442,4.5577529817819595e-05,0.005999016109853983,0.0,0.0,0.0,0.0,8.8782180682756e-05,0.007392965514070835,,,
738,True,,,,0.0006228372803889215,0.0,,,,,,0.0022314456291496754,0.05329388752579689,0.00012138304737163708,0.008244362659752369,0.0,0.0,0.0,0.0,0.00010234880028292537,0.007386482331194011,,,
739,True,,,,0.00028197874780744314,0.0,,,,,,0.003194217337295413,0.04620760679244995,6.597676838282496e-05,0.008129945024847984,0.0,0.0,0.0,0.0,7.97986940597184e-05,0.00737999439429934,,,
740,True,,,,0.0005196111742407084,0.0,,,,,,0.0033874772489070892,0.04745172709226608,0.00010188706801272929,0.008703203871846199,0.0,0.0,0.0,0.0,6.640848005190492e-05,0.007373501719736707,,,
741,True,,,,0.00026106764562428,0.0,,,,,,0.0038978736847639084,0.07984811067581177,8.137330587487668e-05,0.012184439226984978,0.0,0.0,0.0,0.0,0.0001229758490808308,0.007367004323867935,,,
742,True,,,,0.0004275645478628576,0.0,,,,,,0.0040551661513745785,0.062331296503543854,0.00011826773697976023,0.01077499520033598,0.0,0.0,0.0,0.0,0.00011766219540731981,0.007360502223066745,,,
743,True,,,,0.00024151387333404273,0.0,,,,,,0.0028521562926471233,0.05054628103971481,5.801585939479992e-05,0.00817730650305748,0.0,0.0,0.0,0.0,8.372430602321401e-05,0.007353995433718714,,,
744,True,,,,0.00027661543572321534,0.0,,,,,,0.00449632853269577,0.05709587782621384,5.838277138536796e-05,0.010511724278330803,0.0,0.0,0.0,0.0,7.829921378288418e-05,0.007347483972221239,,,
745,True,,,,0.0002031644544331357,0.0,,,,,,0.004727774299681187,0.08227407932281494,5.438582593342289e-05,0.013185539282858372,0.0,0.0,0.0,0.0,0.00010302977898390964,0.0073409678549834845,,,
746,True,,,,0.0006327893352136016,0.0,,,,,,0.0027766262646764517,0.04510776698589325,0.0001295633555855602,0.00798497349023819,0.0,0.0,0.0,0.0,7.805048517184332e-05,0.007334447098426352,,,
747,True,,,,0.00028228465816937387,0.0,,,,,,0.003537032287567854,0.05035628378391266,6.120326725067571e-05,0.008885546587407589,0.0,0.0,0.0,0.0,8.374760363949463e-05,0.007327921718982431,,,
748,True,,,,0.000520374858751893,0.0,,,,,,0.007987507618963718,0.06090259552001953,0.00010317459236830473,0.014649729244410992,0.0,0.0,0.0,0.0,8.141975558828562e-05,0.007321391733095962,,,
749,True,,,,0.00026105332653969526,0.0,,,,,,0.003752938937395811,0.06169072166085243,7.126670243451372e-05,0.010218697600066662,0.0,0.0,0.0,0.0,9.79770629783161e-05,0.007314857157222797,,,
750,True,,,,0.0004315287806093693,0.0,,,,,,0.0051179369911551476,0.06555909663438797,0.00010039426706498489,0.012155573815107346,0.0,0.0,0.0,0.0,8.739019540371373e-05,0.007308318007830352,,,
751,True,,,,0.0002415078633930534,0.0,,,,,,0.005155193619430065,0.06539975106716156,5.510227492777631e-05,0.011964228004217148,0.0,0.0,0.0,0.0,0.00010678321268642321,0.007301774301397568,,,
752,True,,,,0.0002746571262832731,0.0,,,,,,0.004607537295669317,0.06483795493841171,4.905176319880411e-05,0.011390515603125095,0.0,0.0,0.0,0.0,9.549425158184022e-05,0.007295226054414872,,,
753,True,,,,0.00020066555589437485,0.0,,,,,,0.0030080738943070173,0.060047850012779236,4.907708353130147e-05,0.009238063357770443,0.0,0.0,0.0,0.0,7.99321715021506e-05,0.007288673283384131,,,
754,True,,,,0.0006189040141180158,0.0,,,,,,0.003088229801505804,0.0606827549636364,0.00012146243534516543,0.009836141020059586,0.0,0.0,0.0,0.0,8.546678145648912e-05,0.007282116004818615,,,
755,True,,,,0.00028373257373459637,0.0,,,,,,0.0034200716763734818,0.05569695681333542,5.9532816521823406e-05,0.009303267113864422,0.0,0.0,0.0,0.0,9.514843259239569e-05,0.00727555423524295,,,
756,True,,,,0.0005162602756172419,0.0,,,,,,0.0033059786073863506,0.0466742217540741,0.00010453262075316161,0.008541927672922611,0.0,0.0,0.0,0.0,0.0001152752956841141,0.007268987991193085,,,
757,True,,,,0.00026255130069330335,0.0,,,,,,0.003072574734687805,0.058759044855833054,6.685857806587592e-05,0.009244458749890327,0.0,0.0,0.0,0.0,8.860757225193083e-05,0.007262417289216243,,,
758,True,,,,0.0004218059766571969,0.0,,,,,,0.003726413007825613,0.05436614155769348,0.00012842085561715066,0.009649043902754784,0.0,0.0,0.0,0.0,8.493789937347174e-05,0.0072558421458708755,,,
759,True,,,,0.00025119894417002797,0.0,,,,,,0.0022663073614239693,0.05405440181493759,4.975694901077077e-05,0.007947824895381927,0.0,0.0,0.0,0.0,8.474964852211997e-05,0.007249262577726634,,,
760,True,,,,0.00028334581293165684,0.0,,,,,,0.0025743995793163776,0.06541965901851654,5.4696585721103474e-05,0.009427059441804886,0.0,0.0,0.0,0.0,9.185264934785664e-05,0.007242678601364315,,,
761,True,,,,0.00020417655468918383,0.0,,,,,,0.0022742897272109985,0.046844229102134705,5.305214290274307e-05,0.007189415395259857,0.0,0.0,0.0,0.0,8.241664909292012e-05,0.00723609023337583,,,
762,True,,,,0.0006301321554929018,0.0,,,,,,0.008607668802142143,0.08523650467395782,0.0001306615595240146,0.017826782539486885,0.0,0.0,0.0,0.0,9.85338629106991e-05,0.007229497490364148,,,
763,True,,,,0.00028460705652832985,0.0,,,,,,0.0033949771896004677,0.07586624473333359,6.540049071190879e-05,0.011298909783363342,0.0,0.0,0.0,0.0,9.997886081691831e-05,0.007222900388943277,,,
764,True,,,,0.0005247200606390834,0.0,,,,,,0.0012251813896000385,0.03446390852332115,0.00011974228982580826,0.0052561634220182896,0.0,0.0,0.0,0.0,8.325180533574894e-05,0.0072162989457381956,,,
765,True,,,,0.0002605928748380393,0.0,,,,,,0.0018494902178645134,0.041015952825546265,7.207966700661927e-05,0.0062477183528244495,0.0,0.0,0.0,0.0,9.845886961556971e-05,0.00720969317738483,,,
766,True,,,,0.0004448245745152235,0.0,,,,,,0.0026999162510037422,0.05256371945142746,9.380833944305778e-05,0.00844801776111126,0.0,0.0,0.0,0.0,8.250631799455732e-05,0.0072030831005300035,,,
767,True,,,,0.00023797826725058258,0.0,,,,,,0.004031575284898281,0.047273188829422,4.7021381760714576e-05,0.009020382538437843,0.0,0.0,0.0,0.0,7.516898040194064e-05,0.007196468731831401,,,
768,True,,,,0.000271402153884992,0.0,,,,,,0.00271304021589458,0.06362258642911911,5.702851922251284e-05,0.009375215508043766,0.0,0.0,0.0,0.0,9.69100437941961e-05,0.00718985008795752,,,
769,True,,,,0.00019547215197235346,0.0,,,,,,0.0020377773325890303,0.03972932696342468,6.418360862880945e-05,0.006238274276256561,0.0,0.0,0.0,0.0,7.083384844008833e-05,0.00718322718558763,,,
770,True,,,,0.0006038668798282743,0.0,,,,,,0.0030046056490391493,0.047971468418836594,0.0001283905003219843,0.00846981443464756,0.0,0.0,0.0,0.0,7.118408393580467e-05,0.007176600041411736,,,
771,True,,,,0.0002727049286477268,0.0,,,,,,0.0037190946750342846,0.04346368461847305,6.781343836337328e-05,0.00837207492440939,0.0,0.0,0.0,0.0,8.924549183575436e-05,0.007169968672130531,,,
772,True,,,,0.0005038748495280743,0.0,,,,,,0.006270904093980789,0.08895371854305267,0.00010439484321977943,0.015722349286079407,0.0,0.0,0.0,0.0,0.0001251832873094827,0.007163333094455352,,,
773,True,,,,0.0002512812498025596,0.0,,,,,,0.002335084369406104,0.04922281950712204,6.82553363731131e-05,0.0075427754782140255,0.0,0.0,0.0,0.0,6.945600034669042e-05,0.007156693325108149,,,
774,True,,,,0.00041102649993263185,0.0,,,,,,0.00515916058793664,0.06760363280773163,0.00012862752191722393,0.012394864112138748,0.0,0.0,0.0,0.0,8.030112803680822e-05,0.007150049380821428,,,
775,True,,,,0.0002373584284214303,0.0,,,,,,0.0027533783577382565,0.04580336809158325,5.6967382988659665e-05,0.007599557284265757,0.0,0.0,0.0,0.0,6.653351738350466e-05,0.0071434012783382185,,,
776,True,,,,0.0002762640069704503,0.0,,,,,,0.0010408402886241674,0.03565998375415802,6.357867096085101e-05,0.00491489190608263,0.0,0.0,0.0,0.0,7.595168426632881e-05,0.00713674903441203,,,
777,True,,,,0.00020227502682246268,0.0,,,,,,0.004179283510893583,0.07380062341690063,5.3523526730714366e-05,0.011788382194936275,0.0,0.0,0.0,0.0,8.803579112282023e-05,0.007130092665806807,,,
778,True,,,,0.0006062252214178443,0.0,,,,,,0.0022950631100684404,0.04416658729314804,0.0001346841308986768,0.007385289762169123,0.0,0.0,0.0,0.0,6.522104376927018e-05,0.00712343218929689,,,
779,True,,,,0.00027678959304466844,0.0,,,,,,0.005091158673167229,0.05696892365813255,5.5165812227642164e-05,0.011092424392700195,0.0,0.0,0.0,0.0,7.352522516157478e-05,0.00711676762166697,,,
780,True,,,,0.0005157178384251893,0.0,,,,,,0.002398750279098749,0.04253186285495758,9.906355990096927e-05,0.007217186503112316,0.0,0.0,0.0,0.0,8.579505811212584e-05,0.007110098979712049,,,
781,True,,,,0.00025680739781819284,0.0,,,,,,0.0031421545427292585,0.05784720927476883,6.55687035759911e-05,0.00921646784991026,0.0,0.0,0.0,0.0,9.111039980780333e-05,0.007103426280237395,,,
782,True,,,,0.00040908227674663067,0.0,,,,,,0.0029625971801579,0.055405911058187485,0.00011803337110904977,0.008971287868916988,0.0,0.0,0.0,0.0,7.820189784979448e-05,0.007096749540058502,,,
783,True,,,,0.0002319916384294629,0.0,,,,,,0.003475483972579241,0.058975428342819214,6.0557831602636725e-05,0.00963529758155346,0.0,0.0,0.0,0.0,0.00012030709331156686,0.007090068776001046,,,
784,True,,,,0.0002721069031395018,0.0,,,,,,0.004258863162249327,0.04913271591067314,5.638425864162855e-05,0.009472434408962727,0.0,0.0,0.0,0.0,8.195146801881492e-05,0.007083384004900847,,,
785,True,,,,0.00019727593462448567,0.0,,,,,,0.004147118888795376,0.06055282801389694,5.768095070379786e-05,0.010428518056869507,0.0,0.0,0.0,0.0,0.00011458939115982503,0.007076695243603819,,,
786,True,,,,0.0006026261253282428,0.0,,,,,,0.004385682288557291,0.07618947327136993,0.00014516277587972581,0.01267983764410019,0.0,0.0,0.0,0.0,8.991199865704402e-05,0.007070002508965931,,,
787,True,,,,0.00026611617067828774,0.0,,,,,,0.004577275365591049,0.06072792410850525,6.684248364763334e-05,0.010949606075882912,0.0,0.0,0.0,0.0,9.563963249092922e-05,0.007063305817853167,,,
788,True,,,,0.0005016918294131756,0.0,,,,,,0.0064369384199380875,0.06478369235992432,0.00010611086327116936,0.013470055535435677,0.0,0.0,0.0,0.0,0.00010238542017759755,0.0070566051871414825,,,
789,True,,,,0.00025210523745045066,0.0,,,,,,0.0024404791183769703,0.05066113919019699,6.529193342430517e-05,0.007791344542056322,0.0,0.0,0.0,0.0,8.524314762325957e-05,0.007049900633716756,,,
790,True,,,,0.00041857059113681316,0.0,,,,,,0.0049692075699567795,0.07337850332260132,9.572569979354739e-05,0.012773491442203522,0.0,0.0,0.0,0.0,0.00010155027848668396,0.00704319217447476,,,
791,True,,,,0.0002326943213120103,0.0,,,,,,0.0015962024917826056,0.028227511793375015,5.089476690045558e-05,0.004677095450460911,0.0,0.0,0.0,0.0,7.007751992205158e-05,0.0070364798263211,,,
792,True,,,,0.00026956957299262285,0.0,,,,,,0.002384521532803774,0.048850998282432556,5.631986277876422e-05,0.0075673507526516914,0.0,0.0,0.0,0.0,8.070749754551798e-05,0.00702976360617119,,,
793,True,,,,0.00019107808475382626,0.0,,,,,,0.0059371283277869225,0.0685909315943718,5.49850519746542e-05,0.01301479246467352,0.0,0.0,0.0,0.0,0.0001058165289578028,0.007023043530950196,,,
794,True,,,,0.0005898781237192452,0.0,,,,,,0.003299309639260173,0.04971194267272949,0.00013021912309341133,0.008925491943955421,0.0,0.0,0.0,0.0,7.973178435349837e-05,0.007016319617593002,,,
795,True,,,,0.0002678959572222084,0.0,,,,,,0.0069604008458554745,0.07781548798084259,6.746425060555339e-05,0.01504357811063528,0.0,0.0,0.0,0.0,8.37924744701013e-05,0.007009591883044162,,,
796,True,,,,0.0004861144698224962,0.0,,,,,,0.0030144404154270887,0.05287341773509979,0.00010907095565926284,0.00884243194013834,0.0,0.0,0.0,0.0,6.278083310462534e-05,0.007002860344257862,,,
797,True,,,,0.0002550126810092479,0.0,,,,,,0.0029752214904874563,0.054471712559461594,6.19360216660425e-05,0.00870837364345789,0.0,0.0,0.0,0.0,8.48845302243717e-05,0.006996125018197872,,,
798,True,,,,0.00041233384399674833,0.0,,,,,,0.003232517745345831,0.058258067816495895,0.0001290605723625049,0.009535188786685467,0.0,0.0,0.0,0.0,9.74803333519958e-05,0.00698938592183751,,,
799,True,,,,0.00023382411745842546,0.0,,,,,,0.003412471618503332,0.0650734156370163,5.0549610023153946e-05,0.010178912431001663,0.0,0.0,0.0,0.0,0.00012930750381201506,0.006982643072159591,,,
800,True,,,,0.00026368742692284286,0.0,,,,,,0.006292720790952444,0.05758577585220337,5.224719279794954e-05,0.012341109104454517,0.0,0.0,0.0,0.0,7.17030416126363e-05,0.006975896486156394,7.068601920781223e-05,6.234055534504541e-06,4.156501848039074e-06
801,True,,,,0.00019373376562725753,0.0,,,,,,0.005566831678152084,0.06958742439746857,5.0063972594216466e-05,0.012744340114295483,0.0,0.0,0.0,0.0,8.727833483135328e-05,0.006969146180829606,,,
802,True,,,,0.0006172150606289506,0.0,,,,,,0.0029298446606844664,0.06378622353076935,0.00011200584413018078,0.009981685318052769,0.0,0.0,0.0,0.0,0.00017185469914693385,0.006962392173190294,,,
803,True,,,,0.00027246831450611353,0.0,,,,,,0.003232236485928297,0.06300096958875656,6.038446372258477e-05,0.009834994561970234,0.0,0.0,0.0,0.0,8.0514517321717e-05,0.00695563448025885,,,
804,True,,,,0.0005079281982034445,0.0,,,,,,0.002839564112946391,0.043215468525886536,0.00010336021659895778,0.007720719091594219,0.0,0.0,0.0,0.0,6.528252561111003e-05,0.006948873119064959,,,
805,True,,,,0.0002539976267144084,0.0,,,,,,0.0034954899456351995,0.05520310252904892,7.291843212442473e-05,0.009306257590651512,0.0,0.0,0.0,0.0,6.668212154181674e-05,0.006942108106647542,,,
806,True,,,,0.00041281580342911184,0.0,,,,,,0.0024889004416763783,0.04833937808871269,0.00012698884529527277,0.0077991485595703125,0.0,0.0,0.0,0.0,7.58539026719518e-05,0.006935339460054728,,,
807,True,,,,0.00024385040160268545,0.0,,,,,,0.0030074575915932655,0.05297891050577164,5.611590313492343e-05,0.008577256463468075,0.0,0.0,0.0,0.0,7.657488458789885e-05,0.006928567196343802,,,
808,True,,,,0.00027465069433674216,0.0,,,,,,0.00203538010828197,0.048791639506816864,6.01252650085371e-05,0.007219257298856974,0.0,0.0,0.0,0.0,9.404218144482002e-05,0.006921791332581164,,,
809,True,,,,0.00019450450781732798,0.0,,,,,,0.003839384764432907,0.0685378685593605,5.586339102592319e-05,0.010915608145296574,0.0,0.0,0.0,0.0,9.657323244027793e-05,0.006915011885842287,,,
810,True,,,,0.0006062746397219598,0.0,,,,,,0.0037176162004470825,0.057694703340530396,0.000150855106767267,0.010168788954615593,0.0,0.0,0.0,0.0,9.385193698108196e-05,0.00690822887321167,,,
811,True,,,,0.00027820380637422204,0.0,,,,,,0.0046691689640283585,0.06641159951686859,6.239023787202314e-05,0.011619728989899158,0.0,0.0,0.0,0.0,9.123989730142057e-05,0.006901442311782806,,,
812,True,,,,0.0005005679558962584,0.0,,,,,,0.005770381074398756,0.06851666420698166,0.00010247041791444644,0.013173850253224373,0.0,0.0,0.0,0.0,9.430509089725092e-05,0.006894652218658121,,,
813,True,,,,0.0002553498779889196,0.0,,,,,,0.001284026075154543,0.03848922252655029,5.877090370631777e-05,0.005417683627456427,0.0,0.0,0.0,0.0,7.296937110368162e-05,0.0068878586109489505,,,
814,True,,,,0.00043878681026399136,0.0,,,,,,0.003102534217759967,0.05254475027322769,9.615546878194436e-05,0.008843873627483845,0.0,0.0,0.0,0.0,8.280751353595406e-05,0.00688106150577548,,,
815,True,,,,0.00023974786745384336,0.0,,,,,,0.0025976328179240227,0.047451481223106384,5.3813837439520285e-05,0.007609435822814703,0.0,0.0,0.0,0.0,7.91668935562484e-05,0.006874260920266712,,,
816,True,,,,0.00026576066738925874,0.0,,,,,,0.002967825857922435,0.05611102283000946,5.134402817930095e-05,0.008870360441505909,0.0,0.0,0.0,0.0,7.897102477727458e-05,0.006867456871560418,,,
817,True,,,,0.00019008605158887804,0.0,,,,,,0.002541645197197795,0.04856991022825241,5.677295848727226e-05,0.00761710898950696,0.0,0.0,0.0,0.0,8.641000022180378e-05,0.006860649376803099,,,
818,True,,,,0.0006071319803595543,0.0,,,,,,0.005239855498075485,0.057387106120586395,0.00013130709703546017,0.011651352047920227,0.0,0.0,0.0,0.0,0.00019423238700255752,0.006853838453149941,,,
819,True,,,,0.00026704842457547784,0.0,,,,,,0.001752953976392746,0.04011167958378792,6.626245158258826e-05,0.006064301822334528,0.0,0.0,0.0,0.0,0.00010897534230025485,0.006847024117764763,,,
820,True,,,,0.0004943407839164138,0.0,,,,,,0.003243994666263461,0.05470186844468117,0.00010661390842869878,0.00926182884722948,0.0,0.0,0.0,0.0,9.06504355953075e-05,0.006840206387819994,,,
821,True,,,,0.00024671718711033463,0.0,,,,,,0.004670209251344204,0.055494941771030426,6.448200292652473e-05,0.01049866247922182,0.0,0.0,0.0,0.0,7.476185419363901e-05,0.006833385280496608,,,
822,True,,,,0.00040457709110341966,0.0,,,,,,0.003033741842955351,0.05836215987801552,0.00011901732068508863,0.009334043599665165,0.0,0.0,0.0,0.0,8.8617300207261e-05,0.006826560812984094,,,
823,True,,,,0.0002372789167566225,0.0,,,,,,0.0032188049517571926,0.06047879531979561,4.951045775669627e-05,0.009528718888759613,0.0,0.0,0.0,0.0,8.200837328331545e-05,0.006819733002480407,,,
824,True,,,,0.00026673273532651365,0.0,,,,,,0.0032384125515818596,0.054622069001197815,5.5863551096990705e-05,0.00899528432637453,0.0,0.0,0.0,0.0,7.813954289304093e-05,0.0068129018661919295,,,
825,True,,,,0.00018938301946036518,0.0,,,,,,0.0038263611495494843,0.06825041025876999,5.13118393428158e-05,0.010866440832614899,0.0,0.0,0.0,0.0,0.00010790412488859147,0.006806067421333423,,,
826,True,,,,0.0005902576958760619,0.0,,,,,,0.005570252425968647,0.0584179051220417,0.0001254506641998887,0.012065025977790356,0.0,0.0,0.0,0.0,6.911071250215173e-05,0.006799229685127984,,,
827,True,,,,0.0002717196475714445,0.0,,,,,,0.004024395253509283,0.06995632499456406,6.309920718194917e-05,0.011323297396302223,0.0,0.0,0.0,0.0,0.00010193791968049482,0.0067923886748070105,,,
828,True,,,,0.000491620390675962,0.0,,,,,,0.0032535127829760313,0.06450389325618744,9.901174053084105e-05,0.010245028883218765,0.0,0.0,0.0,0.0,8.28431366244331e-05,0.006785544407610145,,,
829,True,,,,0.00025211743195541203,0.0,,,,,,0.004478992894291878,0.07041814923286438,6.383807340171188e-05,0.011804845184087753,0.0,0.0,0.0,0.0,7.804905180819333e-05,0.0067786969007852405,,,
830,True,,,,0.00041842478094622493,0.0,,,,,,0.0015418331604450941,0.044482260942459106,0.00012139891623519361,0.006469183135777712,0.0,0.0,0.0,0.0,8.231828542193398e-05,0.006771846171588312,,,
831,True,,,,0.00023257519933395088,0.0,,,,,,0.003176643280312419,0.050682488828897476,5.548705667024478e-05,0.00850521121174097,0.0,0.0,0.0,0.0,8.080860425252467e-05,0.006764992237283496,,,
832,True,,,,0.0002664827916305512,0.0,,,,,,0.0020298566669225693,0.046606939285993576,5.4170581279322505e-05,0.0069841183722019196,0.0,0.0,0.0,0.0,9.189621778205037e-05,0.006758135115143008,,,
833,True,,,,0.0001924161915667355,0.0,,,,,,0.0022187018766999245,0.05001586675643921,5.272970156511292e-05,0.007439069915562868,0.0,0.0,0.0,0.0,9.851243521552533e-05,0.0067512748224470955,,,
834,True,,,,0.0006021268200129271,0.0,,,,,,0.0016633946215733886,0.04566938057541847,0.00013276624667923898,0.006898842751979828,0.0,0.0,0.0,0.0,9.812117059482262e-05,0.006744411376483993,,,
835,True,,,,0.0002757550391834229,0.0,,,,,,0.003305969526991248,0.04635104909539223,6.801924610044807e-05,0.00825084000825882,0.0,0.0,0.0,0.0,8.806811820250005e-05,0.006737544794549887,,,
836,True,,,,0.0004950708243995905,0.0,,,,,,0.0025308928452432156,0.055363379418849945,0.00010730218491517007,0.008615951985120773,0.0,0.0,0.0,0.0,0.00013461380149237812,0.006730675093948859,,,
837,True,,,,0.0002482340205460787,0.0,,,,,,0.006460628472268581,0.06781817972660065,6.867032061563805e-05,0.013525014743208885,0.0,0.0,0.0,0.0,0.00010802641918417066,0.00672380229199286,,,
838,True,,,,0.00039891828782856464,0.0,,,,,,0.007362830452620983,0.07463014125823975,0.00011612693197093904,0.015282826498150826,0.0,0.0,0.0,0.0,8.830244769342244e-05,0.006716926406001649,,,
839,True,,,,0.00023253631661646068,0.0,,,,,,0.003993465565145016,0.05235132575035095,5.3033225412946194e-05,0.009487651288509369,0.0,0.0,0.0,0.0,8.38381820358336e-05,0.006710047453302759,,,
840,True,,,,0.00026483842520974576,0.0,,,,,,0.0028222515247762203,0.04041401669383049,5.238733865553513e-05,0.007154684979468584,0.0,0.0,0.0,0.0,9.056139970198274e-05,0.00670316545123145,,,
841,True,,,,0.00019234532373957336,0.0,,,,,,0.0022983429953455925,0.0503043606877327,5.022990080760792e-05,0.0075462390668690205,0.0,0.0,0.0,0.0,9.730746387504041e-05,0.006696280417130669,,,
842,True,,,,0.0006102219922468066,0.0,,,,,,0.00804617814719677,0.0718894973397255,0.00010893808212131262,0.015899818390607834,0.0,0.0,0.0,0.0,0.00011022685066564009,0.006689392368351001,,,
843,True,,,,0.00027985480846837163,0.0,,,,,,0.0031320308335125446,0.05314919725060463,5.079952461528592e-05,0.008752205409109592,0.0,0.0,0.0,0.0,9.769388270797208e-05,0.006682501322250633,,,
844,True,,,,0.0004969507572241127,0.0,,,,,,0.005074388347566128,0.0668235570192337,0.00010981719242408872,0.012308604083955288,0.0,0.0,0.0,0.0,0.0001125176640925929,0.0066756072961952975,,,
845,True,,,,0.0002625838096719235,0.0,,,,,,0.0017785750096663833,0.03949720785021782,6.48506756988354e-05,0.006023305002599955,0.0,0.0,0.0,0.0,6.428581400541589e-05,0.006668710307558246,,,
846,True,,,,0.0004312329401727766,0.0,,,,,,0.004566673189401627,0.07607381045818329,9.349905303679407e-05,0.012652037665247917,0.0,0.0,0.0,0.0,9.643231169320643e-05,0.0066618103737201865,,,
847,True,,,,0.00023133560898713768,0.0,,,,,,0.001261408906430006,0.023049477487802505,6.0490820033010095e-05,0.0038279376458376646,0.0,0.0,0.0,0.0,9.031307854456827e-05,0.006654907512069257,,,
848,True,,,,0.00026245808112435043,0.0,,,,,,0.004165675491094589,0.05937793850898743,5.2395102102309465e-05,0.010392124764621258,0.0,0.0,0.0,0.0,7.687848847126588e-05,0.006648001740000968,,,
849,True,,,,0.00018726050620898604,0.0,,,,,,0.004764364566653967,0.06630224734544754,5.56598934053909e-05,0.011609679087996483,0.0,0.0,0.0,0.0,7.649800681974739e-05,0.006641093074918169,,,
850,True,,,,0.0005983629962429404,0.0,,,,,,0.002730616135522723,0.05453941226005554,0.00015111816173885018,0.00885847955942154,0.0,0.0,0.0,0.0,0.00012967207294423133,0.006634181534230994,,,
851,True,,,,0.0002705710649024695,0.0,,,,,,0.0020134546793997288,0.06124228611588478,7.27768856449984e-05,0.008444642648100853,0.0,0.0,0.0,0.0,0.0001334277039859444,0.006627267135356832,,,
852,True,,,,0.00048518163384869695,0.0,,,,,,0.0025724289007484913,0.04372303932905197,0.00010780849697766826,0.00748381856828928,0.0,0.0,0.0,0.0,6.868658238090575e-05,0.006620349895720265,,,
853,True,,,,0.0002485043369233608,0.0,,,,,,0.005871617700904608,0.0648714229464531,6.860395660623908e-05,0.01264156587421894,0.0,0.0,0.0,0.0,0.00010659277177182958,0.006613429832753044,,,
854,True,,,,0.0003950883401557803,0.0,,,,,,0.004939434118568897,0.08180262893438339,0.000122710524010472,0.013576141558587551,0.0,0.0,0.0,0.0,0.00011388928396627307,0.006606506963894027,,,
855,True,,,,0.00023426364350598305,0.0,,,,,,0.004058433696627617,0.06054672598838806,5.09582860104274e-05,0.010372850112617016,0.0,0.0,0.0,0.0,8.38653722894378e-05,0.006599581306589145,,,
856,True,,,,0.00026436883490532637,0.0,,,,,,0.005353402346372604,0.07290121167898178,5.355958637665026e-05,0.012934672646224499,0.0,0.0,0.0,0.0,9.606372623238713e-05,0.00659265287829136,,,
857,True,,,,0.0001949338475242257,0.0,,,,,,0.0025590262375772,0.0546053983271122,4.619844548869878e-05,0.008237600326538086,0.0,0.0,0.0,0.0,8.336811151821166e-05,0.006585721696460609,,,
858,True,,,,0.0006041338201612234,0.0,,,,,,0.003046500263735652,0.05533096566796303,0.0001299915020354092,0.00924872700124979,0.0,0.0,0.0,0.0,8.536586392438039e-05,0.006578787778563778,,,
859,True,,,,0.0002744339872151613,0.0,,,,,,0.005305595230311155,0.0763203352689743,5.887378574698232e-05,0.013241499662399292,0.0,0.0,0.0,0.0,0.0001008873077807948,0.006571851142074639,,,
860,True,,,,0.0005045461584813893,0.0,,,,,,0.0030404790304601192,0.05046643316745758,0.00010383546759840101,0.008643586188554764,0.0,0.0,0.0,0.0,8.249448728747666e-05,0.0065649118044738206,,,
861,True,,,,0.0002614745171740651,0.0,,,,,,0.0017312461277469993,0.038966886699199677,5.8519388403510675e-05,0.005918669048696756,0.0,0.0,0.0,0.0,7.89904806879349e-05,0.006557969783248757,,,
862,True,,,,0.0004269916971679777,0.0,,,,,,0.002144568134099245,0.05131981894373894,9.392073843628168e-05,0.007750502321869135,0.0,0.0,0.0,0.0,0.0001518975041108206,0.006551025095893645,,,
863,True,,,,0.00023475072521250695,0.0,,,,,,0.002010169206187129,0.054831065237522125,5.471143958857283e-05,0.00775538245216012,0.0,0.0,0.0,0.0,7.520918006775901e-05,0.006544077759909397,,,
864,True,,,,0.0002635293349158019,0.0,,,,,,0.002482497366145253,0.05297032743692398,5.546109605347738e-05,0.008070790208876133,0.0,0.0,0.0,0.0,0.00012649035488720983,0.006537127792803607,,,
865,True,,,,0.00018760123930405825,0.0,,,,,,0.00257357070222497,0.04538372904062271,6.958813173696399e-05,0.007334339432418346,0.0,0.0,0.0,0.0,6.354092329274863e-05,0.006530175212090492,,,
866,True,,,,0.0005932433996349573,0.0,,,,,,0.003457317128777504,0.06034239009022713,0.00014253675180952996,0.01015606801956892,0.0,0.0,0.0,0.0,9.819763363339007e-05,0.006523220035290864,,,
867,True,,,,0.0002715106529649347,0.0,,,,,,0.0014174357056617737,0.0390949584543705,7.430660480167717e-05,0.005635595880448818,0.0,0.0,0.0,0.0,0.00012147509551141411,0.006516262279932065,,,
868,True,,,,0.0004902421496808529,0.0,,,,,,0.0014448887668550014,0.0411195382475853,0.0001129930024035275,0.00610358128324151,0.0,0.0,0.0,0.0,8.226182399084792e-05,0.006509301963547949,,,
869,True,,,,0.0002518616965971887,0.0,,,,,,0.0018199770711362362,0.04223300516605377,7.429211109410971e-05,0.006332285702228546,0.0,0.0,0.0,0.0,6.950771785341203e-05,0.006502339103678812,,,
870,True,,,,0.0004047997936140746,0.0,,,,,,0.002832624828442931,0.05166678875684738,0.00013546028640121222,0.008471833541989326,0.0,0.0,0.0,0.0,8.434171468252316e-05,0.0064953737178713705,,,
871,True,,,,0.00023143563885241747,0.0,,,,,,0.005532564129680395,0.0688348263502121,4.9505782953929156e-05,0.012672235257923603,0.0,0.0,0.0,0.0,8.120224811136723e-05,0.006488405823678694,,,
872,True,,,,0.0002684835053514689,0.0,,,,,,0.0036446254234761,0.056823570281267166,5.817343117087148e-05,0.00962455291301012,0.0,0.0,0.0,0.0,9.502437023911625e-05,0.006481435438660187,,,
873,True,,,,0.00019144963880535215,0.0,,,,,,0.0016471747076138854,0.04147147387266159,5.327120015863329e-05,0.006012407597154379,0.0,0.0,0.0,0.0,7.479324995074421e-05,0.006474462580381518,,,
874,True,,,,0.0005888829473406076,0.0,,,,,,0.0026835137978196144,0.04517864063382149,0.00012210168642923236,0.007851311936974525,0.0,0.0,0.0,0.0,7.751023804303259e-05,0.0064674872664146,,,
875,True,,,,0.0002803141833283007,0.0,,,,,,0.0010069843847304583,0.028841257095336914,5.145523027749732e-05,0.004197151865810156,0.0,0.0,0.0,0.0,9.294927440350875e-05,0.006460509514337526,,,
876,True,,,,0.0004962768289260566,0.0,,,,,,0.0035250994842499495,0.05778709053993225,9.165797382593155e-05,0.009845913387835026,0.0,0.0,0.0,0.0,0.000162477110279724,0.006453529341734534,,,
877,True,,,,0.0002557580010034144,0.0,,,,,,0.0019868072122335434,0.043323058634996414,6.136366573628038e-05,0.006605552975088358,0.0,0.0,0.0,0.0,7.412747072521597e-05,0.006446546766195968,,,
878,True,,,,0.0004053510201629251,0.0,,,,,,0.0034316591918468475,0.056107670068740845,0.00012218442861922085,0.009508869610726833,0.0,0.0,0.0,0.0,0.00010511068103369325,0.006439561805318218,,,
879,True,,,,0.00023315046564675868,0.0,,,,,,0.005489584058523178,0.09194771945476532,4.848989919992164e-05,0.014941751025617123,0.0,0.0,0.0,0.0,0.00012499000877141953,0.0064325744767036955,,,
880,True,,,,0.0002637624565977603,0.0,,,,,,0.0023109526373445988,0.052368126809597015,4.926971087115817e-05,0.00783616304397583,0.0,0.0,0.0,0.0,0.00010251357889501378,0.006425584797960772,,,
881,True,,,,0.00018782063852995634,0.0,,,,,,0.002729876432567835,0.05334491282701492,5.117306864121929e-05,0.008277774788439274,0.0,0.0,0.0,0.0,8.097509271465242e-05,0.006418592786703741,,,
882,True,,,,0.0005855426425114274,0.0,,,,,,0.004977704957127571,0.07777643203735352,0.00015497321146540344,0.013418378308415413,0.0,0.0,0.0,0.0,0.00011964225268457085,0.0064115984605527775,,,
883,True,,,,0.00026874098693951964,0.0,,,,,,0.002322711516171694,0.04815619811415672,6.116271106293425e-05,0.007437653839588165,0.0,0.0,0.0,0.0,0.00010996482888003811,0.006404601837133891,,,
884,True,,,,0.0004781130119226873,0.0,,,,,,0.004320760723203421,0.05439666658639908,0.00011269590322626755,0.01029488816857338,0.0,0.0,0.0,0.0,7.270649075508118e-05,0.0063976029340788755,,,
885,True,,,,0.00024255807511508465,0.0,,,,,,0.0025901594199240208,0.062092170119285583,7.444193033734336e-05,0.009079155512154102,0.0,0.0,0.0,0.0,9.606943058315665e-05,0.0063906017690252715,,,
886,True,,,,0.00040030814125202596,0.0,,,,,,0.0021110964007675648,0.044614024460315704,0.0001044521268340759,0.007025033235549927,0.0,0.0,0.0,0.0,7.937451300676912e-05,0.006383598359616325,,,
887,True,,,,0.00022669631289318204,0.0,,,,,,0.0025284248404204845,0.04152993485331535,5.9807876823469996e-05,0.006938018836081028,0.0,0.0,0.0,0.0,7.389891834463924e-05,0.006376592723500928,,,
888,True,,,,0.0002544778981246054,0.0,,,,,,0.002874935744330287,0.057637084275484085,5.7023360568564385e-05,0.008921634405851364,0.0,0.0,0.0,0.0,0.00013023667270317674,0.006369584878333593,,,
889,True,,,,0.00018618121976032853,0.0,,,,,,0.0038182269781827927,0.056001316756010056,5.4841977544128895e-05,0.009631961584091187,0.0,0.0,0.0,0.0,9.098407463170588e-05,0.006362574841774397,,,
890,True,,,,0.000575931859202683,0.0,,,,,,0.002145595382899046,0.04828770086169243,0.000133606226881966,0.007617100607603788,0.0,0.0,0.0,0.0,7.825886859791353e-05,0.0063555626314889336,,,
891,True,,,,0.00026150993653573096,0.0,,,,,,0.0036148703657090664,0.05784258991479874,7.149035081965849e-05,0.009696383960545063,0.0,0.0,0.0,0.0,7.727187767159194e-05,0.006348548265148281,,,
892,True,,,,0.00047668543993495405,0.0,,,,,,0.004353237338364124,0.04970061779022217,0.00011360715143382549,0.009856787510216236,0.0,0.0,0.0,0.0,8.137070835800841e-05,0.006341531760428949,,,
893,True,,,,0.00024880963610485196,0.0,,,,,,0.004719679709523916,0.04835973680019379,6.799401307944208e-05,0.009838460013270378,0.0,0.0,0.0,0.0,7.221257692435756e-05,0.006334513135012837,,,
894,True,,,,0.00039218468009494245,0.0,,,,,,0.0036795735359191895,0.052517183125019073,0.00011310854461044073,0.009380031377077103,0.0,0.0,0.0,0.0,7.119263318600133e-05,0.006327492406587186,,,
895,True,,,,0.00022683333372697234,0.0,,,,,,0.0025640560779720545,0.04276654124259949,5.731383498641662e-05,0.007096200715750456,0.0,0.0,0.0,0.0,8.23561058496125e-05,0.006320469592844539,,,
896,True,,,,0.00026100027025677264,0.0,,,,,,0.001768187154084444,0.05215414613485336,5.614144538412802e-05,0.007272672839462757,0.0,0.0,0.0,0.0,9.918912837747484e-05,0.006313444711482692,,,
897,True,,,,0.00018721437663771212,0.0,,,,,,0.0060861799865961075,0.06612179428339005,5.78533363295719e-05,0.012914501130580902,0.0,0.0,0.0,0.0,0.0001301426236750558,0.006306417780204655,,,
898,True,,,,0.0005819177022203803,0.0,,,,,,0.003996014595031738,0.057102374732494354,0.0001257412222912535,0.01035104040056467,0.0,0.0,0.0,0.0,9.118978778133169e-05,0.0062993888167185985,,,
899,True,,,,0.0002642731415107846,0.0,,,,,,0.0029550641775131226,0.05244189873337746,6.159685290185735e-05,0.008494325913488865,0.0,0.0,0.0,0.0,9.171388956019655e-05,0.00629235783873782,,,
900,True,,,,0.0004822928458452225,0.0,,,,,,0.003865925595164299,0.06018255650997162,0.00011385098332539201,0.01042339950799942,0.0,0.0,0.0,0.0,8.9627894340083e-05,0.006285324863980689,8.39000015791875e-05,1.3215196913016152e-05,9.072108453924309e-06
901,True,,,,0.0002483885909896344,0.0,,,,,,0.004335947334766388,0.0558009147644043,6.274145562201738e-05,0.010195798240602016,0.0,0.0,0.0,0.0,6.574951112270355e-05,0.006278289910170612,,,
902,True,,,,0.00040274299681186676,0.0,,,,,,0.003563667181879282,0.061727967113256454,0.00010460152407176793,0.010191507637500763,0.0,0.0,0.0,0.0,9.284553379984573e-05,0.006271252995035976,,,
903,True,,,,0.0002281066554132849,0.0,,,,,,0.00391043908894062,0.05415522679686546,5.1156774134142324e-05,0.00957964826375246,0.0,0.0,0.0,0.0,0.00011792333680205047,0.006264214136310119,,,
904,True,,,,0.000254464743193239,0.0,,,,,,0.0050236876122653484,0.06745097041130066,5.1055023504886776e-05,0.012048776261508465,0.0,0.0,0.0,0.0,9.622375364415348e-05,0.006257173351731268,,,
905,True,,,,0.00017968265456147492,0.0,,,,,,0.0018775522476062179,0.054642267525196075,5.439966844278388e-05,0.007548661902546883,0.0,0.0,0.0,0.0,6.874395330669358e-05,0.0062501306590425085,,,
906,True,,,,0.0005711815902031958,0.0,,,,,,0.003862642450258136,0.051070213317871094,0.00013050046982243657,0.00960609596222639,0.0,0.0,0.0,0.0,7.282164006028324e-05,0.006243086075991736,,,
907,True,,,,0.00025783019373193383,0.0,,,,,,0.004353724420070648,0.07327774167060852,6.972641131142154e-05,0.011974192224442959,0.0,0.0,0.0,0.0,8.97803038242273e-05,0.006236039620331605,,,
908,True,,,,0.0004750607768073678,0.0,,,,,,0.004544819705188274,0.0551484189927578,0.00010497288894839585,0.010587209835648537,0.0,0.0,0.0,0.0,9.855508687905967e-05,0.006228991309819492,,,
909,True,,,,0.00024171240511350334,0.0,,,,,,0.004377367906272411,0.0634521022439003,6.884714821353555e-05,0.010998713783919811,0.0,0.0,0.0,0.0,7.913860463304445e-05,0.006221941162217449,,,
910,True,,,,0.0003952510596718639,0.0,,,,,,0.006986729800701141,0.07555684447288513,0.00013333553215488791,0.015004333108663559,0.0,0.0,0.0,0.0,0.00011547555186552927,0.006214889195292151,,,
911,True,,,,0.0002237291046185419,0.0,,,,,,0.0017570884665474296,0.040339402854442596,4.8609927034704015e-05,0.006039063446223736,0.0,0.0,0.0,0.0,7.204717257991433e-05,0.006207835426814868,,,
912,True,,,,0.0002543581649661064,0.0,,,,,,0.00409560464322567,0.05547147989273071,5.344730379874818e-05,0.009923834353685379,0.0,0.0,0.0,0.0,8.840319060254842e-05,0.006200779874561401,,,
913,True,,,,0.00018292173626832664,0.0,,,,,,0.004336955025792122,0.06544359773397446,4.9697635404299945e-05,0.011089085601270199,0.0,0.0,0.0,0.0,7.398001616820693e-05,0.006193722556312052,,,
914,True,,,,0.0005728756077587605,0.0,,,,,,0.0013803921174257994,0.035590335726737976,0.00012058421270921826,0.005572593305259943,0.0,0.0,0.0,0.0,8.030630124267191e-05,0.006186663489851569,,,
915,True,,,,0.0002633428084664047,0.0,,,,,,0.002657631877809763,0.04997045546770096,5.6040076742647216e-05,0.007946040481328964,0.0,0.0,0.0,0.0,7.484363595722243e-05,0.006179602692969112,,,
916,True,,,,0.0004726645420305431,0.0,,,,,,0.005563444923609495,0.06527779251337051,0.0001070293874363415,0.012617403641343117,0.0,0.0,0.0,0.0,9.323155973106623e-05,0.00617254018345819,,,
917,True,,,,0.0002460725081618875,0.0,,,,,,0.003728671697899699,0.0625990778207779,6.0399805079214275e-05,0.010264852084219456,0.0,0.0,0.0,0.0,9.048220817930996e-05,0.006165475979116644,,,
918,True,,,,0.0004024082445539534,0.0,,,,,,0.004842012654989958,0.064903125166893,0.00010058730549644679,0.01178502757102251,0.0,0.0,0.0,0.0,0.00011021830141544342,0.006158410097746571,,,
919,True,,,,0.00021855840168427676,0.0,,,,,,0.0025788170751184225,0.05245114117860794,5.933658030699007e-05,0.008072157390415668,0.0,0.0,0.0,0.0,0.0001171072362922132,0.0061513425571543025,,,
920,True,,,,0.00025266269221901894,0.0,,,,,,0.0043149362318217754,0.05578934773802757,5.2783521823585033e-05,0.010172925889492035,0.0,0.0,0.0,0.0,6.945319182705134e-05,0.00614427337515035,,,
921,True,,,,0.00018463812011759728,0.0,,,,,,0.004445926286280155,0.05841047316789627,4.7611742047593e-05,0.01049541775137186,0.0,0.0,0.0,0.0,7.815613935235888e-05,0.006137202569549361,,,
922,True,,,,0.0005646789213642478,0.0,,,,,,0.00451316125690937,0.06485867500305176,0.00014123243454378098,0.011634324677288532,0.0,0.0,0.0,0.0,9.859800775302574e-05,0.006130130158170073,,,
923,True,,,,0.00025518584880046546,0.0,,,,,,0.0032109199091792107,0.0453566238284111,7.012115383986384e-05,0.008036828599870205,0.0,0.0,0.0,0.0,7.494911551475525e-05,0.006123056158835273,,,
924,True,,,,0.00047395145520567894,0.0,,,,,,0.005397051572799683,0.07567361742258072,0.00011044977873098105,0.01349359005689621,0.0,0.0,0.0,0.0,0.00010708727495511994,0.006115980589371747,,,
925,True,,,,0.00024161131295841187,0.0,,,,,,0.006558669731020927,0.06857378035783768,7.264516898430884e-05,0.013693981803953648,0.0,0.0,0.0,0.0,8.502312994096428e-05,0.006108903467610239,,,
926,True,,,,0.00038651397335343063,0.0,,,,,,0.005468131508678198,0.07319901883602142,0.00014565003220923245,0.013247371651232243,0.0,0.0,0.0,0.0,0.00011742861534003168,0.006101824811385405,,,
927,True,,,,0.00021592869597952813,0.0,,,,,,0.0024076965637505054,0.05315442383289337,5.434979539131746e-05,0.007966242730617523,0.0,0.0,0.0,0.0,8.348173287231475e-05,0.0060947446385357686,,,
928,True,,,,0.0002535689854994416,0.0,,,,,,0.0008062057895585895,0.02235208824276924,5.685904034180567e-05,0.0033234129659831524,0.0,0.0,0.0,0.0,5.089607657282613e-05,0.006087662966903674,,,
929,True,,,,0.00018213980365544558,0.0,,,,,,0.0034619455691426992,0.047637760639190674,5.315727321431041e-05,0.00843444000929594,0.0,0.0,0.0,0.0,8.99124497664161e-05,0.006080579814335244,,,
930,True,,,,0.0005731040146201849,0.0,,,,,,0.0019001702312380075,0.04285723343491554,0.0001249802007805556,0.006821488030254841,0.0,0.0,0.0,0.0,8.476660877931863e-05,0.00607349519868033,,,
931,True,,,,0.00026814377633854747,0.0,,,,,,0.006071717943996191,0.07184312492609024,5.159718421055004e-05,0.01354997232556343,0.0,0.0,0.0,0.0,0.0001013506916933693,0.006066409137792475,,,
932,True,,,,0.0004741618176922202,0.0,,,,,,0.005650270264595747,0.06252075731754303,9.623449295759201e-05,0.012424624525010586,0.0,0.0,0.0,0.0,9.839256381383166e-05,0.00605932164952886,,,
933,True,,,,0.0002473015047144145,0.0,,,,,,0.0030845031142234802,0.04994133114814758,5.851141031598672e-05,0.00835519377142191,0.0,0.0,0.0,0.0,0.00010690314957173541,0.0060522327517502665,,,
934,True,,,,0.0003875526017509401,0.0,,,,,,0.0035840976051986217,0.05923981964588165,0.00010556516645010561,0.009948414750397205,0.0,0.0,0.0,0.0,8.732038259040564e-05,0.006045142462321025,,,
935,True,,,,0.00021450307394843549,0.0,,,,,,0.004479486495256424,0.06990368664264679,6.026937626302242e-05,0.011714493855834007,0.0,0.0,0.0,0.0,0.00011054346396122128,0.006038050799108977,,,
936,True,,,,0.0002576489932835102,0.0,,,,,,0.0018705101683735847,0.04256100580096245,6.134850264061242e-05,0.0064149340614676476,0.0,0.0,0.0,0.0,8.867189899319783e-05,0.00603095777998542,,,
937,True,,,,0.0001818577293306589,0.0,,,,,,0.005502710118889809,0.061488136649131775,5.3382012993097305e-05,0.011860071681439877,0.0,0.0,0.0,0.0,7.513388118240982e-05,0.006023863422825074,,,
938,True,,,,0.0005752959987148643,0.0,,,,,,0.004186490550637245,0.06221620738506317,0.00014041583926882595,0.011053614318370819,0.0,0.0,0.0,0.0,0.00010336090781493112,0.0060167677455060286,,,
939,True,,,,0.0002531442733015865,0.0,,,,,,0.0035324888303875923,0.07107384502887726,7.008951797615737e-05,0.010928062722086906,0.0,0.0,0.0,0.0,9.31489048525691e-05,0.006009670765909699,,,
940,True,,,,0.00046545988880097866,0.0,,,,,,0.0055101304315030575,0.0738668143749237,0.00011763758084271103,0.013421090319752693,0.0,0.0,0.0,0.0,0.00011336624447721988,0.0060025725019207865,,,
941,True,,,,0.00025080848718062043,0.0,,,,,,0.0028834666591137648,0.048019059002399445,7.939306669868529e-05,0.007975878193974495,0.0,0.0,0.0,0.0,8.93508768058382e-05,0.005995472971427224,,,
942,True,,,,0.0004051852156408131,0.0,,,,,,0.0029269482474774122,0.042762089520692825,0.00010102787928190082,0.007658856455236673,0.0,0.0,0.0,0.0,8.976695244200528e-05,0.0059883721923201395,,,
943,True,,,,0.00022565448307432234,0.0,,,,,,0.005437344312667847,0.07576088607311249,6.174315058160573e-05,0.013269959948956966,0.0,0.0,0.0,0.0,9.643639350542799e-05,0.005981270182493805,,,
944,True,,,,0.0002576358092483133,0.0,,,,,,0.003105261828750372,0.052330076694488525,6.23383020865731e-05,0.008627074770629406,0.0,0.0,0.0,0.0,9.810949995880947e-05,0.005974166959845598,,,
945,True,,,,0.0001844465732574463,0.0,,,,,,0.0059176115319132805,0.07066837698221207,4.96867869514972e-05,0.013193738646805286,0.0,0.0,0.0,0.0,9.422867879038677e-05,0.005967062542275946,,,
946,True,,,,0.0005694155115634203,0.0,,,,,,0.004610354080796242,0.060639940202236176,0.00012937650899402797,0.011308451183140278,0.0,0.0,0.0,0.0,8.058910316321999e-05,0.005959956947688294,,,
947,True,,,,0.0002516123640816659,0.0,,,,,,0.004859946668148041,0.06602182984352112,6.63077225908637e-05,0.011746896430850029,0.0,0.0,0.0,0.0,9.456786210648715e-05,0.005952850193989051,,,
948,True,,,,0.00045402892283163965,0.0,,,,,,0.0028478065505623817,0.04804418236017227,0.00011391587759135291,0.00816321186721325,0.0,0.0,0.0,0.0,8.325488306581974e-05,0.005945742299087547,,,
949,True,,,,0.0002356975310249254,0.0,,,,,,0.0022232148330658674,0.06298069655895233,7.089357677614316e-05,0.008792429231107235,0.0,0.0,0.0,0.0,9.50532776187174e-05,0.005938633280895984,,,
950,True,,,,0.00038042099913582206,0.0,,,,,,0.002645097440108657,0.047934338450431824,0.00013968022540211678,0.00788879208266735,0.0,0.0,0.0,0.0,8.342073851963505e-05,0.005931523157329401,,,
951,True,,,,0.00022188344155438244,0.0,,,,,,0.0037064345087856054,0.06726991385221481,4.82255345559679e-05,0.010679422877728939,0.0,0.0,0.0,0.0,0.00010771175584523007,0.00592441194630562,,,
952,True,,,,0.00025056369486264884,0.0,,,,,,0.00528456037864089,0.061235979199409485,5.677317312802188e-05,0.011687109246850014,0.0,0.0,0.0,0.0,0.0001084185132640414,0.005917299665745204,,,
953,True,,,,0.00018698113854043186,0.0,,,,,,0.007383978925645351,0.08411921560764313,4.886197712039575e-05,0.0160073135048151,0.0,0.0,0.0,0.0,0.00011958472896367311,0.005910186333571407,,,
954,True,,,,0.0005620582960546017,0.0,,,,,,0.0012886107433587313,0.03622991591691971,0.00012741773389279842,0.005537369754165411,0.0,0.0,0.0,0.0,8.414445619564503e-05,0.005903071967710139,,,
955,True,,,,0.00025857723085209727,0.0,,,,,,0.0054244110360741615,0.06202859804034233,6.828610639786348e-05,0.011919991113245487,0.0,0.0,0.0,0.0,8.462651749141514e-05,0.005895956586089913,,,
956,True,,,,0.0004858726169914007,0.0,,,,,,0.003391251666471362,0.05324224382638931,0.00010606818250380456,0.00925438292324543,0.0,0.0,0.0,0.0,0.00012135626457165927,0.005888840206641801,,,
957,True,,,,0.00025664467830210924,0.0,,,,,,0.0013207867741584778,0.043437257409095764,5.576171679422259e-05,0.005949038080871105,0.0,0.0,0.0,0.0,0.00012082111061317846,0.005881722847299389,,,
958,True,,,,0.00041745929047465324,0.0,,,,,,0.0026619459968060255,0.043971285223960876,0.0001033065709634684,0.007528187707066536,0.0,0.0,0.0,0.0,0.00010535334149608389,0.005874604525998736,,,
959,True,,,,0.000218424538616091,0.0,,,,,,0.003981499932706356,0.0573357492685318,5.1528651965782046e-05,0.009959263727068901,0.0,0.0,0.0,0.0,0.00010536055924603716,0.005867485260678319,,,
960,True,,,,0.00025335937971249223,0.0,,,,,,0.002306235721334815,0.043356094509363174,5.024764686822891e-05,0.006920328363776207,0.0,0.0,0.0,0.0,6.799594848416746e-05,0.005860365069279,,,
961,True,,,,0.00018506983178667724,0.0,,,,,,0.0045053716748952866,0.06969058513641357,4.96288703288883e-05,0.011684314347803593,0.0,0.0,0.0,0.0,8.512459316989407e-05,0.005853243969743972,,,
962,True,,,,0.0005622407188639045,0.0,,,,,,0.002719634212553501,0.04536249861121178,0.00012835759844165295,0.007882303558290005,0.0,0.0,0.0,0.0,7.914788875496015e-05,0.005846121980018715,,,
963,True,,,,0.0002553129743319005,0.0,,,,,,0.0028943954966962337,0.044626280665397644,6.853231752756983e-05,0.00764660257846117,0.0,0.0,0.0,0.0,8.17094769445248e-05,0.005838999118050956,,,
964,True,,,,0.00046930284588597715,0.0,,,,,,0.006039145402610302,0.06979943066835403,0.00010160993406316265,0.013539195992052555,0.0,0.0,0.0,0.0,8.06878597359173e-05,0.0058318754017906175,,,
965,True,,,,0.00024088658392429352,0.0,,,,,,0.003272070549428463,0.04657747969031334,7.517237099818885e-05,0.008208291605114937,0.0,0.0,0.0,0.0,7.842586637707427e-05,0.005824750849189774,,,
966,True,,,,0.00037615018663927913,0.0,,,,,,0.0023147857282310724,0.05537249147891998,0.0001363613409921527,0.008296364918351173,0.0,0.0,0.0,0.0,9.525299537926912e-05,0.005817625478202612,,,
967,True,,,,0.0002181083254981786,0.0,,,,,,0.0031755231320858,0.05913437530398369,5.623757533612661e-05,0.009335188195109367,0.0,0.0,0.0,0.0,7.721098518231884e-05,0.005810499306785374,,,
968,True,,,,0.000247525138547644,0.0,,,,,,0.005330178886651993,0.07642960548400879,5.210452582105063e-05,0.013246716000139713,0.0,0.0,0.0,0.0,0.00010888289398280904,0.005803372352896325,,,
969,True,,,,0.00018270680448040366,0.0,,,,,,0.00294259050861001,0.04712851345539093,4.841181726078503e-05,0.007862354628741741,0.0,0.0,0.0,0.0,7.162875408539549e-05,0.005796244634495704,,,
970,True,,,,0.0005672098486684263,0.0,,,,,,0.003992224112153053,0.0630829781293869,0.0001420388580299914,0.010938752442598343,0.0,0.0,0.0,0.0,0.00013248188770376146,0.005789116169545666,,,
971,True,,,,0.0002596336998976767,0.0,,,,,,0.002335234312340617,0.04549389332532883,6.360073166433722e-05,0.007176057435572147,0.0,0.0,0.0,0.0,8.110592170851305e-05,0.005781986976010257,,,
972,True,,,,0.00046908363583497703,0.0,,,,,,0.003378983587026596,0.051233626902103424,0.00010486740211490542,0.009023863822221756,0.0,0.0,0.0,0.0,8.758369949646294e-05,0.005774857071855356,,,
973,True,,,,0.00023625500034540892,0.0,,,,,,0.0034031756222248077,0.04877982288599014,6.916124402778223e-05,0.00855199433863163,0.0,0.0,0.0,0.0,8.307945245178416e-05,0.005767726475048632,,,
974,True,,,,0.00038425682578235865,0.0,,,,,,0.004663149826228619,0.07412925362586975,0.0001063039744622074,0.012513484805822372,0.0,0.0,0.0,0.0,0.00010118703357875347,0.005760595203559501,,,
975,True,,,,0.0002251221885671839,0.0,,,,,,0.0014791896101087332,0.0484485924243927,4.6187880798242986e-05,0.006572265177965164,0.0,0.0,0.0,0.0,9.016664262162521e-05,0.005753463275359079,,,
976,True,,,,0.0002535213134251535,0.0,,,,,,0.003998479340225458,0.0610324889421463,5.639869414153509e-05,0.01038344856351614,0.0,0.0,0.0,0.0,8.53264718898572e-05,0.005746330708420134,,,
977,True,,,,0.00018152513075619936,0.0,,,,,,0.002107966225594282,0.04776468127965927,5.631689782603644e-05,0.007094117812812328,0.0,0.0,0.0,0.0,8.310819248436019e-05,0.0057391975207170525,,,
978,True,,,,0.0005586621700786054,0.0,,,,,,0.006827454082667828,0.0681283175945282,0.00013451144332066178,0.014266204088926315,0.0,0.0,0.0,0.0,0.0001335929409833625,0.00573206373022577,,,
979,True,,,,0.0002511841885279864,0.0,,,,,,0.0033755588810890913,0.05447324365377426,7.089490827638656e-05,0.009109514765441418,0.0,0.0,0.0,0.0,9.95069567579776e-05,0.0057249293549237554,,,
980,True,,,,0.00046826788457110524,0.0,,,,,,0.004320844542235136,0.05389878526329994,0.00011318112956359982,0.01023558247834444,0.0,0.0,0.0,0.0,9.325454448116943e-05,0.005717794412789946,,,
981,True,,,,0.00024313775065820664,0.0,,,,,,0.004010969772934914,0.0735057070851326,7.726838521193713e-05,0.011643312871456146,0.0,0.0,0.0,0.0,0.00011832215386675671,0.005710658921804704,,,
982,True,,,,0.0003964349743910134,0.0,,,,,,0.003366118064150214,0.056187428534030914,0.00011123398871859536,0.009436912834644318,0.0,0.0,0.0,0.0,0.0001069266872946173,0.005703522899949783,,,
983,True,,,,0.000217414039070718,0.0,,,,,,0.002984896767884493,0.05334707722067833,5.148725904291496e-05,0.008562763221561909,0.0,0.0,0.0,0.0,8.272411650978029e-05,0.0056963863652082685,,,
984,True,,,,0.0002469460596330464,0.0,,,,,,0.0013271387433633208,0.03126128762960434,5.479434912558645e-05,0.004727610852569342,0.0,0.0,0.0,0.0,7.818413723725826e-05,0.005689249335564537,,,
985,True,,,,0.00017885121633298695,0.0,,,,,,0.0031709622126072645,0.05297909677028656,5.064569995738566e-05,0.008673045784235,0.0,0.0,0.0,0.0,7.9021105193533e-05,0.005682111829004216,,,
986,True,,,,0.000557898951228708,0.0,,,,,,0.0036208645906299353,0.053922563791275024,0.00012628588592633605,0.009634162299335003,0.0,0.0,0.0,0.0,7.640127296326682e-05,0.005674973863514134,,,
987,True,,,,0.0002533193619456142,0.0,,,,,,0.00202021817676723,0.042771026492118835,6.496677815448493e-05,0.006583123933523893,0.0,0.0,0.0,0.0,8.402435923926532e-05,0.005667835457082277,,,
988,True,,,,0.000460448965895921,0.0,,,,,,0.001507962471805513,0.05012960731983185,0.0001091562444344163,0.007035950664430857,0.0,0.0,0.0,0.0,0.00014912201731931418,0.005660696627697739,,,
989,True,,,,0.00024126550124492496,0.0,,,,,,0.0017549641197547317,0.03908272087574005,6.194476736709476e-05,0.005935474764555693,0.0,0.0,0.0,0.0,0.0001295143156312406,0.005653557393350684,,,
990,True,,,,0.0003742997068911791,0.0,,,,,,0.0027809585444629192,0.05252721533179283,0.00012387240712996572,0.008469915017485619,0.0,0.0,0.0,0.0,7.955510227475315e-05,0.0056464177720322905,,,
991,True,,,,0.0002127639891114086,0.0,,,,,,0.004528289660811424,0.07580889761447906,5.060585681349039e-05,0.012347246520221233,0.0,0.0,0.0,0.0,0.00010169455345021561,0.005639277781734719,,,
992,True,,,,0.0002452800399623811,0.0,,,,,,0.003420297522097826,0.05666086822748184,5.4038748203311116e-05,0.009358683601021767,0.0,0.0,0.0,0.0,7.631350308656693e-05,0.005632137440451057,,,
993,True,,,,0.00017898796068038791,0.0,,,,,,0.00215137074701488,0.06566069275140762,5.344094824977219e-05,0.008923148736357689,0.0,0.0,0.0,0.0,0.00011458002700237557,0.005624996766175275,,,
994,True,,,,0.0005609260406345129,0.0,,,,,,0.0036162654869258404,0.047749873250722885,0.00011060494580306113,0.00900748185813427,0.0,0.0,0.0,0.0,6.882393063278869e-05,0.005617855776902185,,,
995,True,,,,0.00025853863917291164,0.0,,,,,,0.005704011768102646,0.05974220857024193,6.317043153103441e-05,0.011968356557190418,0.0,0.0,0.0,0.0,8.008762961253524e-05,0.005610714490627389,,,
996,True,,,,0.0004688303451985121,0.0,,,,,,0.0031675284262746572,0.05888170376420021,0.00010789968655444682,0.009578479453921318,0.0,0.0,0.0,0.0,7.847487722756341e-05,0.005603572925347244,,,
997,True,,,,0.0002460293471813202,0.0,,,,,,0.003504321677610278,0.05419175699353218,6.334418867481872e-05,0.009201198816299438,0.0,0.0,0.0,0.0,8.281291229650378e-05,0.005596431099058804,,,
998,True,,,,0.0003827395848929882,0.0,,,,,,0.0030409819446504116,0.04877595603466034,0.00012467752094380558,0.00836365669965744,0.0,0.0,0.0,0.0,0.0001236995740327984,0.005589289029759786,,,
999,True,,,,0.0002201533643528819,0.0,,,,,,0.0029491200111806393,0.0557062029838562,6.420275894924998e-05,0.008771996013820171,0.0,0.0,0.0,0.0,9.341318218503147e-05,0.0055821467354485125,,,
1000,True,,,,0.0002520035777706653,0.0,,,,,,0.007183467503637075,0.06716257333755493,5.555408279178664e-05,0.014179505407810211,0.0,0.0,0.0,0.0,8.655621786601841e-05,0.005575004234123877,8.223099141176997e-05,9.162342534966567e-06,4.3418360720538155e-06
1001,True,,,,0.00018765457207337022,0.0,,,,,,0.0030846763402223587,0.04587457701563835,5.035196591052227e-05,0.007884965278208256,0.0,0.0,0.0,0.0,0.00012344274728093296,0.005567861543785298,,,
1002,True,,,,0.0005600973381660879,0.0,,,,,,0.0018692351877689362,0.04629828780889511,0.00012936527491547167,0.0071238442324101925,0.0,0.0,0.0,0.0,9.006730397231877e-05,0.005560718682432667,,,
1003,True,,,,0.00025443718186579645,0.0,,,,,,0.004457521717995405,0.06428058445453644,6.851641956018284e-05,0.011174275539815426,0.0,0.0,0.0,0.0,0.00010612127516651526,0.005553575668066303,,,
1004,True,,,,0.0004564204718917608,0.0,,,,,,0.0017317179590463638,0.04499785974621773,0.00010218246461590752,0.006739015690982342,0.0,0.0,0.0,0.0,7.707207259954885e-05,0.005546432518686918,,,
1005,True,,,,0.00023859999782871455,0.0,,,,,,0.005579096265137196,0.06494846194982529,7.112564344424754e-05,0.012348105199635029,0.0,0.0,0.0,0.0,8.993039955385029e-05,0.005539289252295556,,,
1006,True,,,,0.00039570819353684783,0.0,,,,,,0.006045210175216198,0.06960991770029068,0.00010131817543879151,0.013452569022774696,0.0,0.0,0.0,0.0,8.376838377444074e-05,0.005532145886893566,,,
1007,True,,,,0.00021833900245837867,0.0,,,,,,0.004425240680575371,0.06196228787302971,4.709698259830475e-05,0.010863357223570347,0.0,0.0,0.0,0.0,8.624686597613618e-05,0.0055250024404825335,,,
1008,True,,,,0.0002426302235107869,0.0,,,,,,0.002782342955470085,0.04369405657052994,5.6968157878145576e-05,0.007422862574458122,0.0,0.0,0.0,0.0,7.5802810897585e-05,0.005517858931064261,,,
1009,True,,,,0.0001809145323932171,0.0,,,,,,0.0041049569845199585,0.05750220641493797,5.4256517614703625e-05,0.01006321981549263,0.0,0.0,0.0,0.0,0.00010371818643761799,0.005510715376640703,,,
1010,True,,,,0.0005563080194406211,0.0,,,,,,0.003007361199706793,0.05356573686003685,0.00012119410530431196,0.00898084044456482,0.0,0.0,0.0,0.0,0.00011168132186867297,0.005503571795213928,,,
1011,True,,,,0.0002474654174875468,0.0,,,,,,0.0022364542819559574,0.042906034737825394,5.8724497648654506e-05,0.006803885567933321,0.0,0.0,0.0,0.0,6.836560351075605e-05,0.005496428204786074,,,
1012,True,,,,0.0004596236103679985,0.0,,,,,,0.011114942841231823,0.07953330129384995,0.00010479936463525519,0.01958029717206955,0.0,0.0,0.0,0.0,9.870387293631211e-05,0.005489284623359298,,,
1013,True,,,,0.00024496944388374686,0.0,,,,,,0.0036134091205894947,0.058745127171278,6.206840043887496e-05,0.009763925336301327,0.0,0.0,0.0,0.0,0.00010086667316500098,0.0054821410689357385,,,
1014,True,,,,0.00038011392462067306,0.0,,,,,,0.0027401670813560486,0.04885420575737953,0.00012127915397286415,0.008066341280937195,0.0,0.0,0.0,0.0,7.713318336755037e-05,0.005474997559517468,,,
1015,True,,,,0.00021199227194301784,0.0,,,,,,0.0036125853657722473,0.06444960832595825,5.864822742296383e-05,0.010298863053321838,0.0,0.0,0.0,0.0,0.0001018188486341387,0.005467854113106438,,,
1016,True,,,,0.00024634203873574734,0.0,,,,,,0.005296587478369474,0.0653916597366333,5.4365133109968156e-05,0.012109278701245785,0.0,0.0,0.0,0.0,8.628064097138122e-05,0.005460710747704445,,,
1017,True,,,,0.0001816892618080601,0.0,,,,,,0.002322206739336252,0.048974744975566864,5.403327668318525e-05,0.007428387645632029,0.0,0.0,0.0,0.0,8.173965034075081e-05,0.0054535674813130834,,,
1018,True,,,,0.0005517080426216125,0.0,,,,,,0.004377902485430241,0.052690278738737106,0.0001270290813408792,0.010262152180075645,0.0,0.0,0.0,0.0,0.00010138790094060823,0.005446424331933697,,,
1019,True,,,,0.00025444774655625224,0.0,,,,,,0.0026868865825235844,0.048061829060316086,5.703282658942044e-05,0.007776033598929644,0.0,0.0,0.0,0.0,7.959883805597201e-05,0.005439281317567335,,,
1020,True,,,,0.00046269988524727523,0.0,,,,,,0.004487926140427589,0.06832421571016312,0.00010253330401610583,0.011834314092993736,0.0,0.0,0.0,0.0,9.930849773809314e-05,0.005432138456214703,,,
1021,True,,,,0.00023616125690750778,0.0,,,,,,0.004680140875279903,0.07461977005004883,6.613325967919081e-05,0.012411345727741718,0.0,0.0,0.0,0.0,0.00013836505240760744,0.005424995765876124,,,
1022,True,,,,0.000392308080336079,0.0,,,,,,0.0028045079670846462,0.05382281541824341,0.00012659121421165764,0.008642393164336681,0.0,0.0,0.0,0.0,0.00010854771971935406,0.005417853264551489,,,
1023,True,,,,0.00021054930402897298,0.0,,,,,,0.003396067302674055,0.0564538799226284,6.427968037314713e-05,0.009284145198762417,0.0,0.0,0.0,0.0,0.000107220585050527,0.005410710970240217,,,
1024,True,,,,0.00024764405679889023,0.0,,,,,,0.0063556646928191185,0.060674794018268585,5.188213981455192e-05,0.012696729972958565,0.0,0.0,0.0,0.0,9.545626380713657e-05,0.005403568900941196,,,
1025,True,,,,0.00018173852004110813,0.0,,,,,,0.005858159624040127,0.06077771261334419,4.875955346506089e-05,0.01214204914867878,0.0,0.0,0.0,0.0,0.00010518646013224497,0.005396427074652757,,,
1026,True,,,,0.0005476500955410302,0.0,,,,,,0.001976139610633254,0.04279729351401329,0.00012460871948860586,0.006865823641419411,0.0,0.0,0.0,0.0,0.00011468767479527742,0.00538928550937261,,,
1027,True,,,,0.0002530299825593829,0.0,,,,,,0.003848948050290346,0.056712739169597626,6.545213545905426e-05,0.00980597734451294,0.0,0.0,0.0,0.0,0.00015904624888207763,0.005382144223097816,,,
1028,True,,,,0.0004631642659660429,0.0,,,,,,0.005013818386942148,0.05339537933468819,9.973702253773808e-05,0.010866389609873295,0.0,0.0,0.0,0.0,0.00010148427099920809,0.005375003233824726,,,
1029,True,,,,0.00022959383204579353,0.0,,,,,,0.0020028227008879185,0.042294397950172424,6.457046401919797e-05,0.006494141649454832,0.0,0.0,0.0,0.0,7.510076102335006e-05,0.005367862559548943,,,
1030,True,,,,0.0003881684970110655,0.0,,,,,,0.00460751261562109,0.05335699021816254,9.816567035159096e-05,0.010380462743341923,0.0,0.0,0.0,0.0,0.0001394630380673334,0.005360722218265282,,,
1031,True,,,,0.00021614604338537902,0.0,,,,,,0.0022941785864531994,0.038638073951005936,5.829108340549283e-05,0.00640327762812376,0.0,0.0,0.0,0.0,8.500808326061815e-05,0.005353582227967711,,,
1032,True,,,,0.00024352820764761418,0.0,,,,,,0.0030137524008750916,0.05172673612833023,5.6166532885981724e-05,0.008458036929368973,0.0,0.0,0.0,0.0,8.331645949510857e-05,0.0053464426066493174,,,
1033,True,,,,0.00018255878239870071,0.0,,,,,,0.0026365877129137516,0.04501605033874512,4.882346183876507e-05,0.0073451632633805275,0.0,0.0,0.0,0.0,8.837826317176223e-05,0.005339303372302261,,,
1034,True,,,,0.0005536465905606747,0.0,,,,,,0.0031679226085543633,0.06494447588920593,0.0001361635368084535,0.010284097865223885,0.0,0.0,0.0,0.0,0.00013780011795461178,0.005332164542917724,,,
1035,True,,,,0.00024606945225968957,0.0,,,,,,0.004649171605706215,0.06546137481927872,7.02143443049863e-05,0.01147648598998785,0.0,0.0,0.0,0.0,9.953161497833207e-05,0.005325026136485867,,,
1036,True,,,,0.00045512226643040776,0.0,,,,,,0.002948580076918006,0.04795166105031967,0.00010681575804483145,0.008252276107668877,0.0,0.0,0.0,0.0,5.842543032485992e-05,0.005317888170995785,,,
1037,True,,,,0.00023766500817146152,0.0,,,,,,0.006492096930742264,0.07170598953962326,7.36851870897226e-05,0.013937203213572502,0.0,0.0,0.0,0.0,8.271009573945776e-05,0.0053107506644354645,,,
1038,True,,,,0.00038284127367660403,0.0,,,,,,0.003447342198342085,0.060919784009456635,0.00013803700858261436,0.009991181083023548,0.0,0.0,0.0,0.0,0.00011779729538829997,0.005303613634791734,,,
1039,True,,,,0.00022104053641669452,0.0,,,,,,0.0009254041942767799,0.03492650389671326,5.647239595418796e-05,0.004667331464588642,0.0,0.0,0.0,0.0,0.00018396001541987062,0.005296477100050218,,,
1040,True,,,,0.00024070758081506938,0.0,,,,,,0.0030884314328432083,0.05481846630573273,5.1610924856504425e-05,0.008836790919303894,0.0,0.0,0.0,0.0,0.0001090571895474568,0.005289341078195297,,,
1041,True,,,,0.00017559427942615002,0.0,,,,,,0.004127215594053268,0.06473426520824432,5.1756644097622484e-05,0.010802115313708782,0.0,0.0,0.0,0.0,0.00010193321941187605,0.005282205587210056,,,
1042,True,,,,0.0005367840058170259,0.0,,,,,,0.0016786683117970824,0.03619709610939026,0.00013512099394574761,0.005902722477912903,0.0,0.0,0.0,0.0,6.410143396351486e-05,0.0052750706450762465,,,
1043,True,,,,0.0002491774212103337,0.0,,,,,,0.0020746090449392796,0.03798120096325874,6.844951712992042e-05,0.006156131159514189,0.0,0.0,0.0,0.0,9.011074871523306e-05,0.005267936269774232,,,
1044,True,,,,0.00044927545241080225,0.0,,,,,,0.0015582775231450796,0.03619876131415367,0.00010479304910404608,0.005679825786501169,0.0,0.0,0.0,0.0,0.0002086420718114823,0.00526080247928295,,,
1045,True,,,,0.00023181995493359864,0.0,,,,,,0.0033584637567400932,0.04274988919496536,5.771591531811282e-05,0.007894130423665047,0.0,0.0,0.0,0.0,5.676678119925782e-05,0.005253669291579864,,,
1046,True,,,,0.00040957724559120834,0.0,,,,,,0.003027974395081401,0.04601297527551651,8.862926915753633e-05,0.008083163760602474,0.0,0.0,0.0,0.0,8.884519047569484e-05,0.005246536724640922,,,
1047,True,,,,0.00021478088456206024,0.0,,,,,,0.003920882940292358,0.06304857134819031,4.628847455023788e-05,0.01046366523951292,0.0,0.0,0.0,0.0,8.934198558563367e-05,0.0052394047964405,,,
1048,True,,,,0.000243974820477888,0.0,,,,,,0.004102833103388548,0.05467228591442108,4.9221092922380194e-05,0.009838647209107876,0.0,0.0,0.0,0.0,9.871883958112448e-05,0.005232273524951369,,,
1049,True,,,,0.00018223506049253047,0.0,,,,,,0.0033703704830259085,0.05985162407159805,4.611111944541335e-05,0.009560823440551758,0.0,0.0,0.0,0.0,0.00011236663704039529,0.005225142928144645,,,
1050,True,,,,0.0005451941979117692,0.0,,,,,,0.002224239520728588,0.04253365099430084,0.00012494722614064813,0.007085272576659918,0.0,0.0,0.0,0.0,7.195413490990177e-05,0.005218013023989745,,,
1051,True,,,,0.00024431804195046425,0.0,,,,,,0.0036794785410165787,0.05468118190765381,7.278090924955904e-05,0.009428305551409721,0.0,0.0,0.0,0.0,8.029206219362095e-05,0.005210883830454335,,,
1052,True,,,,0.0004610639880411327,0.0,,,,,,0.00592126464471221,0.051539793610572815,0.00011082784476457164,0.011591722257435322,0.0,0.0,0.0,0.0,8.465707651339471e-05,0.005203755365504297,,,
1053,True,,,,0.0002289564290549606,0.0,,,,,,0.004552056081593037,0.0504118986427784,7.134732732083648e-05,0.009857876226305962,0.0,0.0,0.0,0.0,8.668923692312092e-05,0.005196627647103673,,,
1054,True,,,,0.00037427255301736295,0.0,,,,,,0.003207061905413866,0.0560901015996933,0.00012157206947449595,0.009251131676137447,0.0,0.0,0.0,0.0,8.656387944938615e-05,0.005189500693214627,,,
1055,True,,,,0.00021061730512883514,0.0,,,,,,0.004980745725333691,0.06431834399700165,5.055273504694924e-05,0.01164847332984209,0.0,0.0,0.0,0.0,0.00010493233276065439,0.005182374521797389,,,
1056,True,,,,0.00024060618306975812,0.0,,,,,,0.0024252948351204395,0.035518668591976166,5.676180444424972e-05,0.0062461490742862225,0.0,0.0,0.0,0.0,6.155490700621158e-05,0.005175249150810226,,,
1057,True,,,,0.00017408780695404857,0.0,,,,,,0.003588567255064845,0.0448421910405159,6.027516792528331e-05,0.00827701110392809,0.0,0.0,0.0,0.0,6.0860424127895385e-05,0.005168124598209384,,,
1058,True,,,,0.0005507203168235719,0.0,,,,,,0.003781763603910804,0.053384918719530106,0.00012541215983219445,0.009733681567013264,0.0,0.0,0.0,0.0,8.10753699624911e-05,0.005161000881949047,,,
1059,True,,,,0.00025022841873578727,0.0,,,,,,0.0019573229365050793,0.04479331895709038,6.060956366127357e-05,0.0067171878181397915,0.0,0.0,0.0,0.0,9.279287769459188e-05,0.005153878019981286,,,
1060,True,,,,0.0004568888689391315,0.0,,,,,,0.003403073875233531,0.045820169150829315,9.466260962653905e-05,0.008489311672747135,0.0,0.0,0.0,0.0,6.489814404631034e-05,0.005146756030256029,,,
1061,True,,,,0.00023231591330841184,0.0,,,,,,0.003479249309748411,0.05098249018192291,6.223440141184255e-05,0.008840931579470634,0.0,0.0,0.0,0.0,7.275103416759521e-05,0.005139634930721,,,
1062,True,,,,0.00037332315696403384,0.0,,,,,,0.003249214729294181,0.04872787743806839,0.00011940710828639567,0.008555029518902302,0.0,0.0,0.0,0.0,7.376158464467153e-05,0.005132514739321681,,,
1063,True,,,,0.00021269728313200176,0.0,,,,,,0.0025170184671878815,0.0584646500647068,6.173872679937631e-05,0.008607050403952599,0.0,0.0,0.0,0.0,9.823551954468712e-05,0.005125395474001266,,,
1064,True,,,,0.00024165824288502336,0.0,,,,,,0.002488001948222518,0.0412474051117897,5.1718554459512234e-05,0.006880259606987238,0.0,0.0,0.0,0.0,6.510956882266328e-05,0.00511827715270061,,,
1065,True,,,,0.00017506975564174354,0.0,,,,,,0.004871556535363197,0.05439998209476471,4.864188304054551e-05,0.010510945692658424,0.0,0.0,0.0,0.0,7.318376447074115e-05,0.005111159793358201,,,
1066,True,,,,0.0005310116102918983,0.0,,,,,,0.002389616100117564,0.04316270351409912,0.00014237701543606818,0.007308086846023798,0.0,0.0,0.0,0.0,7.27873484720476e-05,0.0051040434139100884,,,
1067,True,,,,0.00024076353292912245,0.0,,,,,,0.0014187900815159082,0.03838009387254715,6.932465475983918e-05,0.005532225593924522,0.0,0.0,0.0,0.0,6.2006147345528e-05,0.005096928032289862,,,
1068,True,,,,0.0004438030009623617,0.0,,,,,,0.0023351553827524185,0.038938648998737335,0.00011123156582470983,0.006728439591825008,0.0,0.0,0.0,0.0,8.731501293368638e-05,0.005089813666428594,,,
1069,True,,,,0.00023012996825855225,0.0,,,,,,0.0039931004866957664,0.07201068103313446,6.899345316924155e-05,0.01145879551768303,0.0,0.0,0.0,0.0,0.00010080075298901647,0.005082700334254799,,,
1070,True,,,,0.00037421713932417333,0.0,,,,,,0.0038076795171946287,0.06026558578014374,9.591122216079384e-05,0.010256411507725716,0.0,0.0,0.0,0.0,8.1515361671336e-05,0.005075588053694381,,,
1071,True,,,,0.0002106370811816305,0.0,,,,,,0.002034234581515193,0.04472789540886879,4.6273267798824236e-05,0.006740798242390156,0.0,0.0,0.0,0.0,6.803328142268583e-05,0.0050684768426706,,,
1072,True,,,,0.00023920877720229328,0.0,,,,,,0.00616967398673296,0.056804265826940536,4.807790901395492e-05,0.01211334764957428,0.0,0.0,0.0,0.0,9.392062929691747e-05,0.005061366719104017,,,
1073,True,,,,0.0001824288337957114,0.0,,,,,,0.004032173193991184,0.0524815171957016,4.160799289820716e-05,0.00948355719447136,0.0,0.0,0.0,0.0,7.497503975173458e-05,0.005054257700912456,,,
1074,True,,,,0.0005455262726172805,0.0,,,,,,0.00394066795706749,0.04867321997880936,0.0001122271060012281,0.009409629739820957,0.0,0.0,0.0,0.0,7.32288826839067e-05,0.00504714980601095,,,
1075,True,,,,0.0002538113621994853,0.0,,,,,,0.0035207457840442657,0.0480077862739563,6.212871812749654e-05,0.008606400340795517,0.0,0.0,0.0,0.0,9.901604062179103e-05,0.005040043052311707,,,
1076,True,,,,0.00045693054562434554,0.0,,,,,,0.0037811172660440207,0.05797816440463066,9.859239071374759e-05,0.010085159912705421,0.0,0.0,0.0,0.0,7.199856190709397e-05,0.0050329374577240535,,,
1077,True,,,,0.0002307943650521338,0.0,,,,,,0.0038798688910901546,0.05052165687084198,6.58403369016014e-05,0.009195749647915363,0.0,0.0,0.0,0.0,7.664892473258078e-05,0.005025833040154404,,,
1078,True,,,,0.00036515211104415357,0.0,,,,,,0.0034870877861976624,0.05671045929193497,0.00011709771933965385,0.009581835009157658,0.0,0.0,0.0,0.0,9.62545454967767e-05,0.005018729817506196,,,
1079,True,,,,0.0002096892276313156,0.0,,,,,,0.0025382949970662594,0.0412258543074131,5.882624100195244e-05,0.006899982690811157,0.0,0.0,0.0,0.0,6.382793071679771e-05,0.005011627807679862,,,
1080,True,,,,0.0002407626889180392,0.0,,,,,,0.00443421071395278,0.06015998125076294,5.961244460195303e-05,0.010720777325332165,0.0,0.0,0.0,0.0,7.831603579688817e-05,0.005004527028572776,,,
1081,True,,,,0.0001767840003594756,0.0,,,,,,0.0036285649985074997,0.051492080092430115,6.180986383697018e-05,0.008985461667180061,0.0,0.0,0.0,0.0,7.979585643624887e-05,0.0049974274980792155,,,
1082,True,,,,0.0005332959699444473,0.0,,,,,,0.0015217246254906058,0.033006057143211365,0.0001422377972630784,0.005426745396107435,0.0,0.0,0.0,0.0,7.265205204021186e-05,0.004990329234090301,,,
1083,True,,,,0.00024303232203237712,0.0,,,,,,0.0034372403752058744,0.0467589795589447,6.441699952119961e-05,0.008388379588723183,0.0,0.0,0.0,0.0,6.342647975543514e-05,0.0049832322544939725,,,
1084,True,,,,0.00045187718933448195,0.0,,,,,,0.002717437222599983,0.04500386118888855,0.00011134254600619897,0.007725371979176998,0.0,0.0,0.0,0.0,8.108867768896744e-05,0.004976136577174927,,,
1085,True,,,,0.0002379433426540345,0.0,,,,,,0.004627832677215338,0.05143509432673454,6.18006379227154e-05,0.01004018634557724,0.0,0.0,0.0,0.0,8.234839333454147e-05,0.004969042220014581,,,
1086,True,,,,0.0003740851243492216,0.0,,,,,,0.0020583178848028183,0.043318744748830795,0.00010568373545538634,0.006817119661718607,0.0,0.0,0.0,0.0,8.412369788857177e-05,0.004961949200891025,,,
1087,True,,,,0.0002101327700074762,0.0,,,,,,0.004308084957301617,0.05985678732395172,5.2683910325868055e-05,0.01053023710846901,0.0,0.0,0.0,0.0,8.43442976474762e-05,0.004954857537678975,,,
1088,True,,,,0.00023610363132320344,0.0,,,,,,0.0037095416337251663,0.054493583738803864,5.2311916078906506e-05,0.009421159513294697,0.0,0.0,0.0,0.0,7.323730096686631e-05,0.004947767248249734,,,
1089,True,,,,0.0001759395090630278,0.0,,,,,,0.003323876764625311,0.03572383150458336,4.988202636013739e-05,0.007097140420228243,0.0,0.0,0.0,0.0,6.498777656815946e-05,0.00494067835047114,,,
1090,True,,,,0.0005380928050726652,0.0,,,,,,0.004584458656609058,0.05633573979139328,0.0001098510401789099,0.010811051353812218,0.0,0.0,0.0,0.0,8.483828423777595e-05,0.004933590862207527,,,
1091,True,,,,0.0002465074649080634,0.0,,,,,,0.006451204419136047,0.06958022713661194,6.132994167273864e-05,0.013686398975551128,0.0,0.0,0.0,0.0,9.465507173445076e-05,0.00492650480131967,,,
1092,True,,,,0.00044972327305004,0.0,,,,,,0.0031076311133801937,0.05507080256938934,0.0001052362349582836,0.009117052890360355,0.0,0.0,0.0,0.0,9.881294681690633e-05,0.004919420185664756,,,
1093,True,,,,0.00023245075135491788,0.0,,,,,,0.004817769397050142,0.053423263132572174,6.345628207782283e-05,0.010424274951219559,0.0,0.0,0.0,0.0,8.977811376098543e-05,0.004912337033096327,,,
1094,True,,,,0.00037415308179333806,0.0,,,,,,0.0065027810633182526,0.07097730040550232,0.00011695711873471737,0.014033143408596516,0.0,0.0,0.0,0.0,0.00011317332973703742,0.0049052553614642325,,,
1095,True,,,,0.0002093447546940297,0.0,,,,,,0.005434458609670401,0.06949380040168762,6.843351002316922e-05,0.01262740045785904,0.0,0.0,0.0,0.0,8.056716615101323e-05,0.004898175188614596,,,
1096,True,,,,0.00023924422566778958,0.0,,,,,,0.002818556036800146,0.051686275750398636,6.171464337967336e-05,0.008257285691797733,0.0,0.0,0.0,0.0,9.143801435129717e-05,0.004891096532389762,,,
1097,True,,,,0.00017511026817373931,0.0,,,,,,0.0020362394861876965,0.036588698625564575,5.3376235882751644e-05,0.005896907299757004,0.0,0.0,0.0,0.0,0.00011037596414098516,0.004884019410628254,,,
1098,True,,,,0.0005323506193235517,0.0,,,,,,0.0034277341328561306,0.047193482518196106,0.00013133534230291843,0.008745100349187851,0.0,0.0,0.0,0.0,6.337453669402748e-05,0.004876943841164728,,,
1099,True,,,,0.00024722309899516404,0.0,,,,,,0.0028657587245106697,0.05653328448534012,6.292109173955396e-05,0.00879777129739523,0.0,0.0,0.0,0.0,8.523691212758422e-05,0.004869869841829927,,,
1100,True,,,,0.0004545502015389502,0.0,,,,,,0.0047413962893188,0.06467622518539429,0.00010296500840922818,0.011715051718056202,0.0,0.0,0.0,0.0,8.953359065344557e-05,0.004862797430450642,8.429984907111026e-05,1.5109101964794939e-05,8.136640349868713e-06
1101,True,,,,0.00023555170628242195,0.0,,,,,,0.004068751819431782,0.05066661536693573,5.675682768924162e-05,0.009399344213306904,0.0,0.0,0.0,0.0,8.214748959289864e-05,0.0048557266248496515,,,
1102,True,,,,0.0003797193930950016,0.0,,,,,,0.005777916871011257,0.06706812232732773,9.663397213444114e-05,0.012912766076624393,0.0,0.0,0.0,0.0,0.00010854426363948733,0.004848657442845699,,,
1103,True,,,,0.00021773646585643291,0.0,,,,,,0.0021942052990198135,0.04592226445674896,4.542836541077122e-05,0.0070268819108605385,0.0,0.0,0.0,0.0,7.127135177142918e-05,0.00484158990225343,,,
1104,True,,,,0.00023764987417962402,0.0,,,,,,0.008303355425596237,0.0604352205991745,5.67261413380038e-05,0.014612890779972076,0.0,0.0,0.0,0.0,7.711779471719638e-05,0.004834524020883357,,,
1105,True,,,,0.00017878820654004812,0.0,,,,,,0.002326643094420433,0.037620946764945984,4.836514563066885e-05,0.006291708908975124,0.0,0.0,0.0,0.0,7.614758214913309e-05,0.004827459816541809,,,
1106,True,,,,0.0005346268299035728,0.0,,,,,,0.0036877738311886787,0.044942811131477356,0.00012601385242305696,0.00877968780696392,0.0,0.0,0.0,0.0,0.00021619601466227323,0.004820397307030889,,,
1107,True,,,,0.0002548180636949837,0.0,,,,,,0.006346012931317091,0.057472437620162964,6.303825648501515e-05,0.012379594147205353,0.0,0.0,0.0,0.0,0.00010005201329477131,0.004813336510148431,,,
1108,True,,,,0.0004581231623888016,0.0,,,,,,0.003419962478801608,0.0619603767991066,0.00010012077109422535,0.01012418419122696,0.0,0.0,0.0,0.0,0.00014407366688828915,0.0048062774436879495,,,
1109,True,,,,0.00023576109379064292,0.0,,,,,,0.0049834102392196655,0.056658413261175156,6.0340098571032286e-05,0.010915183462202549,0.0,0.0,0.0,0.0,9.971905819838867e-05,0.0047992201254385995,,,
1110,True,,,,0.00036522126174531877,0.0,,,,,,0.0033940146677196026,0.040161482989788055,0.00011795095633715391,0.007834360003471375,0.0,0.0,0.0,0.0,9.61934492806904e-05,0.004792164573185133,,,
1111,True,,,,0.0002074272488243878,0.0,,,,,,0.004850331693887711,0.05971875786781311,5.4817759519210085e-05,0.011057043448090553,0.0,0.0,0.0,0.0,7.60974726290442e-05,0.0047851108047078485,,,
1112,True,,,,0.0002313049481017515,0.0,,,,,,0.003940337337553501,0.04454168304800987,5.709373363060877e-05,0.008654357865452766,0.0,0.0,0.0,0.0,6.277372449403629e-05,0.004778058837782555,,,
1113,True,,,,0.0001685784664005041,0.0,,,,,,0.0027500991709530354,0.05454103648662567,5.9094425523653626e-05,0.008402328938245773,0.0,0.0,0.0,0.0,0.00010155972267966717,0.004771008690180509,,,
1114,True,,,,0.0005344485398381948,0.0,,,,,,0.003656946588307619,0.04995131492614746,0.00012684176908805966,0.009249947965145111,0.0,0.0,0.0,0.0,0.00012241875811014324,0.004763960379668396,,,
1115,True,,,,0.00024846033193171024,0.0,,,,,,0.0031010403763502836,0.043914273381233215,7.649952021893114e-05,0.007779178209602833,0.0,0.0,0.0,0.0,0.00015204353258013725,0.004756913924008265,,,
1116,True,,,,0.0004458870680537075,0.0,,,,,,0.005061175208538771,0.06380648165941238,0.0001071610240614973,0.011941291391849518,0.0,0.0,0.0,0.0,7.856055162847042e-05,0.004749869340957493,,,
1117,True,,,,0.0002363843232160434,0.0,,,,,,0.005712827201932669,0.0625142827630043,6.1021215515211225e-05,0.012231151573359966,0.0,0.0,0.0,0.0,8.797576447250322e-05,0.004742826648268733,,,
1118,True,,,,0.0003641862131189555,0.0,,,,,,0.00404610438272357,0.05898723378777504,0.00011024178093066439,0.010364135727286339,0.0,0.0,0.0,0.0,0.00012374631478451192,0.004735785863689882,,,
1119,True,,,,0.00020799982303287834,0.0,,,,,,0.00224787974730134,0.04507843032479286,5.007119762012735e-05,0.006988758221268654,0.0,0.0,0.0,0.0,7.52907944843173e-05,0.004728747004964022,,,
1120,True,,,,0.0002377838536631316,0.0,,,,,,0.005214555189013481,0.061795804649591446,5.1295646699145436e-05,0.011657566763460636,0.0,0.0,0.0,0.0,9.061345917871222e-05,0.00472171008982939,,,
1121,True,,,,0.0001717297127470374,0.0,,,,,,0.0045396797358989716,0.05425170063972473,5.3205538279144093e-05,0.010163182392716408,0.0,0.0,0.0,0.0,9.876216063275933e-05,0.004714675136019312,,,
1122,True,,,,0.000526751799043268,0.0,,,,,,0.002567942487075925,0.05529837682843208,0.00012769619934260845,0.00868837907910347,0.0,0.0,0.0,0.0,8.665443601785228e-05,0.004707642161262181,,,
1123,True,,,,0.0002464417484588921,0.0,,,,,,0.0025907866656780243,0.04325715824961662,5.751238131779246e-05,0.007191700395196676,0.0,0.0,0.0,0.0,8.442992111667991e-05,0.004700611183281403,,,
1124,True,,,,0.0004502275260165334,0.0,,,,,,0.002317258855327964,0.04900770261883736,0.00010692641808418557,0.0077217197977006435,0.0,0.0,0.0,0.0,9.301622048951685e-05,0.004693582219795347,,,
1125,True,,,,0.00022833584807813168,0.0,,,,,,0.0037123053334653378,0.04522460699081421,7.847929373383522e-05,0.00850234180688858,0.0,0.0,0.0,0.0,8.60059226397425e-05,0.004686555288517309,,,
1126,True,,,,0.0003638679627329111,0.0,,,,,,0.0019061699276790023,0.042371172457933426,0.00013544445391744375,0.006574877537786961,0.0,0.0,0.0,0.0,0.0001186541048809886,0.0046795304071554624,,,
1127,True,,,,0.00020568977924995124,0.0,,,,,,0.004110648296773434,0.048974595963954926,6.117051816545427e-05,0.009244383312761784,0.0,0.0,0.0,0.0,0.00010345421469537541,0.004672507593412815,,,
1128,True,,,,0.00023501933901570737,0.0,,,,,,0.0032802398782223463,0.05580891668796539,5.704342038370669e-05,0.00912467297166586,0.0,0.0,0.0,0.0,9.060281445272267e-05,0.004665486864987164,,,
1129,True,,,,0.0001721844746498391,0.0,,,,,,0.008999176323413849,0.08683659136295319,5.4246884246822447e-05,0.017882144078612328,0.0,0.0,0.0,0.0,0.00011418793292250484,0.004658468239571052,,,
1130,True,,,,0.0005365854594856501,0.0,,,,,,0.00416156742721796,0.052477821707725525,0.00011608270870056003,0.010003975592553616,0.0,0.0,0.0,0.0,7.434839062625542e-05,0.00465145173485172,,,
1131,True,,,,0.0002473123022355139,0.0,,,,,,0.005978466477245092,0.06474795192480087,5.7655204727780074e-05,0.01272940170019865,0.0,0.0,0.0,0.0,8.34095262689516e-05,0.004644437368511068,,,
1132,True,,,,0.00044668486225418746,0.0,,,,,,0.004286358132958412,0.057607389986515045,9.922467870637774e-05,0.010543393902480602,0.0,0.0,0.0,0.0,0.00010567289427854121,0.004637425158225606,,,
1133,True,,,,0.0002293069555889815,0.0,,,,,,0.0032215795945376158,0.048604581505060196,6.30905560683459e-05,0.00834288913756609,0.0,0.0,0.0,0.0,8.151224756147712e-05,0.004630415121666407,,,
1134,True,,,,0.0003648680285550654,0.0,,,,,,0.0028661973774433136,0.04305440932512283,0.00010147795546799898,0.00758724519982934,0.0,0.0,0.0,0.0,7.370325329247862e-05,0.004623407276499072,,,
1135,True,,,,0.0002034130011452362,0.0,,,,,,0.0025369850918650627,0.046612732112407684,5.777757178293541e-05,0.007430559955537319,0.0,0.0,0.0,0.0,5.867581785423681e-05,0.0046164016403836775,,,
1136,True,,,,0.00024029605265241116,0.0,,,,,,0.0032865870743989944,0.059909943491220474,5.757543840445578e-05,0.009546666406095028,0.0,0.0,0.0,0.0,0.00010896546154981479,0.004609398230974729,,,
1137,True,,,,0.00017570808995515108,0.0,,,,,,0.0028323442675173283,0.04314668849110603,5.162566594663076e-05,0.007348534185439348,0.0,0.0,0.0,0.0,0.00011255251592956483,0.004602397065921125,,,
1138,True,,,,0.0005326829850673676,0.0,,,,,,0.003229685826227069,0.04116391763091087,0.0001382625923724845,0.0079478919506073,0.0,0.0,0.0,0.0,8.5708852566313e-05,0.004595398162866109,,,
1139,True,,,,0.0002473797067068517,0.0,,,,,,0.002710846019908786,0.050844039767980576,6.644757377216592e-05,0.008075853809714317,0.0,0.0,0.0,0.0,0.00012119737220928073,0.004588401539447224,,,
1140,True,,,,0.0004544187104329467,0.0,,,,,,0.0022697611711919308,0.051359981298446655,0.00010325585026293993,0.007911805994808674,0.0,0.0,0.0,0.0,7.035915768938139e-05,0.00458140721329626,,,
1141,True,,,,0.00023334175057243556,0.0,,,,,,0.004244768060743809,0.057690247893333435,6.706864951411262e-05,0.01028066873550415,0.0,0.0,0.0,0.0,9.225488611264154e-05,0.004574415202039229,,,
1142,True,,,,0.00037962221540510654,0.0,,,,,,0.004042379092425108,0.0577336922287941,0.00010167978325625882,0.010246210731565952,0.0,0.0,0.0,0.0,8.138182602124289e-05,0.004567425523296305,,,
1143,True,,,,0.00021620029292535037,0.0,,,,,,0.0030910810455679893,0.040411584079265594,5.6320841395063326e-05,0.00737660052254796,0.0,0.0,0.0,0.0,8.047862502280623e-05,0.004560438194681782,,,
1144,True,,,,0.0002391653833910823,0.0,,,,,,0.005059270188212395,0.06976649910211563,5.934938235441223e-05,0.01230476051568985,0.0,0.0,0.0,0.0,9.267229324905202e-05,0.004553453233804033,,,
1145,True,,,,0.00017690507229417562,0.0,,,,,,0.002559524029493332,0.03843694180250168,4.655465454561636e-05,0.0066034006886184216,0.0,0.0,0.0,0.0,7.614854985149577e-05,0.004546470658265466,,,
1146,True,,,,0.0005332628497853875,0.0,,,,,,0.00211444147862494,0.051570091396570206,0.00011630135122686625,0.00786286499351263,0.0,0.0,0.0,0.0,8.426515705650672e-05,0.004539490485662475,,,
1147,True,,,,0.0002438325172988698,0.0,,,,,,0.0034139365889132023,0.05635382980108261,6.801376730436459e-05,0.009327159263193607,0.0,0.0,0.0,0.0,6.862101145088673e-05,0.0045325127335854015,,,
1148,True,,,,0.00044403562787920237,0.0,,,,,,0.0025643547996878624,0.04916098713874817,0.00011446745338616893,0.007981723174452782,0.0,0.0,0.0,0.0,7.866197120165452e-05,0.004525537419618482,,,
1149,True,,,,0.00022616265050601214,0.0,,,,,,0.0021382146514952183,0.04293762519955635,7.715915853623301e-05,0.00669671967625618,0.0,0.0,0.0,0.0,8.082468411885202e-05,0.004518564561339814,,,
1150,True,,,,0.0003656893386505544,0.0,,,,,,0.005418866872787476,0.06810779869556427,0.00012310835882090032,0.012656890787184238,0.0,0.0,0.0,0.0,9.596745803719386e-05,0.0045115941763213055,,,
1151,True,,,,0.00020536842930596322,0.0,,,,,,0.0037000307347625494,0.06324763596057892,5.009006054024212e-05,0.010255208238959312,0.0,0.0,0.0,0.0,8.089934999588877e-05,0.004504626282128632,,,
1152,True,,,,0.0002346416440559551,0.0,,,,,,0.002094753086566925,0.036555733531713486,4.8772380978334695e-05,0.006009354256093502,0.0,0.0,0.0,0.0,9.384965960634872e-05,0.004497660896321189,,,
1153,True,,,,0.0001690074277576059,0.0,,,,,,0.005325818434357643,0.07089099287986755,5.460143438540399e-05,0.012611225247383118,0.0,0.0,0.0,0.0,7.932337757665664e-05,0.004490698036452052,,,
1154,True,,,,0.0005252297851257026,0.0,,,,,,0.005618640687316656,0.06671158969402313,0.00011814341269200668,0.012874101288616657,0.0,0.0,0.0,0.0,8.065433939918876e-05,0.004483737720067936,,,
1155,True,,,,0.00024396885419264436,0.0,,,,,,0.001411761506460607,0.0354582853615284,6.430227949749678e-05,0.005233710166066885,0.0,0.0,0.0,0.0,6.475003465311602e-05,0.004476779964709139,,,
1156,True,,,,0.0004457893955986947,0.0,,,,,,0.0036661475896835327,0.05428454652428627,0.00010356491839047521,0.009592174552381039,0.0,0.0,0.0,0.0,7.605991413583979e-05,0.004469824787909509,,,
1157,True,,,,0.0002339845959795639,0.0,,,,,,0.0036598534788936377,0.04764363914728165,6.457353447331116e-05,0.008690489456057549,0.0,0.0,0.0,0.0,7.74349391576834e-05,0.004462872207196394,,,
1158,True,,,,0.00036812384496442974,0.0,,,,,,0.004008152522146702,0.054210077971220016,0.00010314314567949623,0.00984885636717081,0.0,0.0,0.0,0.0,7.600850221933797e-05,0.004455922240090603,,,
1159,True,,,,0.00020621283329091966,0.0,,,,,,0.0036537505220621824,0.05386694520711899,5.1122988224960864e-05,0.009272218681871891,0.0,0.0,0.0,0.0,6.837062392150983e-05,0.004448974904106358,,,
1160,True,,,,0.00024018056865315884,0.0,,,,,,0.0021304036490619183,0.04160831868648529,6.003748785587959e-05,0.006561435293406248,0.0,0.0,0.0,0.0,0.00016171841707546264,0.004442030216751244,,,
1161,True,,,,0.00017232394020538777,0.0,,,,,,0.002872931770980358,0.03968185931444168,5.617632268695161e-05,0.007041530217975378,0.0,0.0,0.0,0.0,9.487388888373971e-05,0.0044350881955261805,,,
1162,True,,,,0.0005314770387485623,0.0,,,,,,0.001591881737112999,0.032614607363939285,0.00012719264486804605,0.0054484158754348755,0.0,0.0,0.0,0.0,7.87240278441459e-05,0.004428148857925362,,,
1163,True,,,,0.0002437469083815813,0.0,,,,,,0.005420714616775513,0.06391482055187225,7.166681461967528e-05,0.01209177728742361,0.0,0.0,0.0,0.0,9.969263192033395e-05,0.004421212221436225,,,
1164,True,,,,0.00045271089766174555,0.0,,,,,,0.0016034366562962532,0.038869209587574005,0.0001077283377526328,0.005996932741254568,0.0,0.0,0.0,0.0,8.41279688756913e-05,0.004414278303539392,,,
1165,True,,,,0.0002377054188400507,0.0,,,,,,0.003398615401238203,0.0506376251578331,6.220911018317565e-05,0.00873118732124567,0.0,0.0,0.0,0.0,0.00010056572500616312,0.004407347121708641,,,
1166,True,,,,0.00037752947537228465,0.0,,,,,,0.0025027086958289146,0.060995712876319885,9.894463437376544e-05,0.009029281325638294,0.0,0.0,0.0,0.0,8.706401422386989e-05,0.0044004186934108545,,,
1167,True,,,,0.00020220811711624265,0.0,,,,,,0.00312997167930007,0.0500415600836277,6.307739386102185e-05,0.008367873728275299,0.0,0.0,0.0,0.0,0.00013134139589965343,0.004393493036105976,,,
1168,True,,,,0.00023282362963072956,0.0,,,,,,0.0012308601289987564,0.0268991868942976,5.185430927667767e-05,0.004179529380053282,0.0,0.0,0.0,0.0,5.053605855209753e-05,0.004386570167246957,,,
1169,True,,,,0.00017050246242433786,0.0,,,,,,0.0022711092606186867,0.03710503503680229,5.177969433134422e-05,0.0061780051328241825,0.0,0.0,0.0,0.0,0.00010055552411358804,0.004379650104279735,,,
1170,True,,,,0.0005301469354890287,0.0,,,,,,0.0035914527252316475,0.05151362717151642,0.00013069671695120633,0.009338309988379478,0.0,0.0,0.0,0.0,7.985396223375574e-05,0.004372732864643169,,,
1171,True,,,,0.00023986550513654947,0.0,,,,,,0.0035212342627346516,0.051957204937934875,6.415729149011895e-05,0.008988899178802967,0.0,0.0,0.0,0.0,6.986688094912097e-05,0.004365818465769006,,,
1172,True,,,,0.00044638465624302626,0.0,,,,,,0.004645185545086861,0.04550305753946304,0.0001027418184094131,0.009693247266113758,0.0,0.0,0.0,0.0,6.3466424762737e-05,0.004358906925081832,,,
1173,True,,,,0.0002300222113262862,0.0,,,,,,0.005801912397146225,0.0691777840256691,6.321308319456875e-05,0.01298131886869669,0.0,0.0,0.0,0.0,7.990938320290297e-05,0.004351998259999031,,,
1174,True,,,,0.000363010389264673,0.0,,,,,,0.0034696608781814575,0.05700923129916191,0.00010843567724805325,0.00958781223744154,0.0,0.0,0.0,0.0,8.587550109950826e-05,0.0043450924879307445,,,
1175,True,,,,0.00020415600738488138,0.0,,,,,,0.0031128288246691227,0.04751833900809288,5.50320946786087e-05,0.008096335455775261,0.0,0.0,0.0,0.0,6.219222268555313e-05,0.004338189626279814,,,
1176,True,,,,0.0002359482750762254,0.0,,,,,,0.004923276603221893,0.05278453603386879,5.526331369765103e-05,0.010465309955179691,0.0,0.0,0.0,0.0,6.128857785370201e-05,0.004331289692441755,,,
1177,True,,,,0.00017483874398749322,0.0,,,,,,0.0022140478249639273,0.04737701267004013,5.136292747920379e-05,0.007152269594371319,0.0,0.0,0.0,0.0,0.00010351702803745866,0.004324392703804703,,,
1178,True,,,,0.0005281349876895547,0.0,,,,,,0.0017540054395794868,0.03786127641797066,0.00013202735863160342,0.006134281866252422,0.0,0.0,0.0,0.0,6.326684524537995e-05,0.004317498677749368,,,
1179,True,,,,0.00023876395425759256,0.0,,,,,,0.0027398522943258286,0.04184158146381378,6.49800495011732e-05,0.00719526456668973,0.0,0.0,0.0,0.0,6.5777545387391e-05,0.004310607631648998,,,
1180,True,,,,0.00044115394121035933,0.0,,,,,,0.004107192158699036,0.04892232269048691,0.00010597777145449072,0.009493566118180752,0.0,0.0,0.0,0.0,6.388934707501903e-05,0.004303719582869332,,,
1181,True,,,,0.000227242213441059,0.0,,,,,,0.004250993952155113,0.039195217192173004,8.177428389899433e-05,0.008438643999397755,0.0,0.0,0.0,0.0,6.808078614994884e-05,0.00429683454876855,,,
1182,True,,,,0.00036069215275347233,0.0,,,,,,0.006895401980727911,0.07193256914615631,0.000128060084534809,0.014513380825519562,0.0,0.0,0.0,0.0,9.30079841054976e-05,0.004289952546697242,,,
1183,True,,,,0.00020245090126991272,0.0,,,,,,0.004659517202526331,0.06231080740690231,5.488339229486883e-05,0.011120489798486233,0.0,0.0,0.0,0.0,7.882815407356247e-05,0.004283073593998352,,,
1184,True,,,,0.00023427765700034797,0.0,,,,,,0.0013420907780528069,0.04877866432070732,5.179700019652955e-05,0.006480133626610041,0.0,0.0,0.0,0.0,7.824576459825039e-05,0.004276197708007141,,,
1185,True,,,,0.00017174831009469926,0.0,,,,,,0.003975968342274427,0.05284833908081055,5.198770668357611e-05,0.009458544664084911,0.0,0.0,0.0,0.0,8.60811269376427e-05,0.004269324906051141,,,
1186,True,,,,0.0005298614269122481,0.0,,,,,,0.0036654453724622726,0.058002933859825134,0.00012410548515617847,0.010057653300464153,0.0,0.0,0.0,0.0,8.038517262320966e-05,0.004262455205450115,,,
1187,True,,,,0.00023946771398186684,0.0,,,,,,0.005444474518299103,0.06873573362827301,6.577835301868618e-05,0.012590404599905014,0.0,0.0,0.0,0.0,6.818425754318014e-05,0.004255588623516008,,,
1188,True,,,,0.00044341658940538764,0.0,,,,,,0.00350986048579216,0.0537005290389061,0.00010318435670342296,0.009374922141432762,0.0,0.0,0.0,0.0,7.258116238517687e-05,0.004248725177552906,,,
1189,True,,,,0.00023012298333924264,0.0,,,,,,0.003184516681358218,0.05033136159181595,5.515341035788879e-05,0.008475353009998798,0.0,0.0,0.0,0.0,0.00011321699275868014,0.00424186488485699,,,
1190,True,,,,0.00036478787660598755,0.0,,,,,,0.008247624151408672,0.07411522418260574,9.920668526319787e-05,0.01607353799045086,0.0,0.0,0.0,0.0,8.387647540075704e-05,0.004235007762716505,,,
1191,True,,,,0.0002028863236773759,0.0,,,,,,0.002323413733392954,0.04337428882718086,5.2501716709230095e-05,0.0068899798206985,0.0,0.0,0.0,0.0,6.7855668021366e-05,0.004228153828411689,,,
1192,True,,,,0.00023314035206567496,0.0,,,,,,0.0037339418195188046,0.051592253148555756,5.173502358957194e-05,0.009152175858616829,0.0,0.0,0.0,0.0,9.583514474797994e-05,0.00422130309921476,,,
1193,True,,,,0.0001739557774271816,0.0,,,,,,0.0011084082070738077,0.03735056519508362,4.673643707064912e-05,0.005040789023041725,0.0,0.0,0.0,0.0,0.00012540580064523965,0.004214455592389854,,,
1194,True,,,,0.000530983554199338,0.0,,,,,,0.0025846902281045914,0.04762328788638115,0.00011135661043226719,0.007933680899441242,0.0,0.0,0.0,0.0,7.342118624364957e-05,0.004207611325192991,,,
1195,True,,,,0.0002500625269021839,0.0,,,,,,0.006380125880241394,0.06441406160593033,5.1553310186136514e-05,0.013097371906042099,0.0,0.0,0.0,0.0,7.970772276166826e-05,0.004200770314872017,,,
1196,True,,,,0.0004474617016967386,0.0,,,,,,0.002732163993641734,0.04735560342669487,8.874047489371151e-05,0.007959555834531784,0.0,0.0,0.0,0.0,5.603628233075142e-05,0.004193932578666578,,,
1197,True,,,,0.00023150238848757,0.0,,,,,,0.003765895962715149,0.04987574368715286,6.028861025697552e-05,0.009015117771923542,0.0,0.0,0.0,0.0,0.00011134552187286317,0.004187098133808071,,,
1198,True,,,,0.00036119771539233625,0.0,,,,,,0.001960888970643282,0.05731301009654999,0.00011086590529885143,0.008108820766210556,0.0,0.0,0.0,0.0,0.00011685948993545026,0.004180266997519593,,,
1199,True,,,,0.00020316299924161285,0.0,,,,,,0.001222760882228613,0.03248530626296997,4.815755528397858e-05,0.0046985335648059845,0.0,0.0,0.0,0.0,9.188321564579383e-05,0.004173439187015907,,,
1200,True,,,,0.00023125609732232988,0.0,,,,,,0.004406485706567764,0.06087943911552429,5.2862327720504254e-05,0.010752116329967976,0.0,0.0,0.0,0.0,7.596979412483051e-05,0.004166614719503392,7.545084156243864e-05,5.537297439128028e-06,4.400200869504039e-06
1201,True,,,,0.00017057926743291318,0.0,,,,,,0.0036462456919252872,0.046993277966976166,5.900036194361746e-05,0.008545653894543648,0.0,0.0,0.0,0.0,8.913377678254619e-05,0.004159793612180005,,,
1202,True,,,,0.0005221337778493762,0.0,,,,,,0.0022445651702582836,0.05021596699953079,0.0001419742766302079,0.00785928312689066,0.0,0.0,0.0,0.0,0.0001224409497808665,0.004152975882235237,,,
1203,True,,,,0.00023559757391922176,0.0,,,,,,0.004802376963198185,0.05194719880819321,8.099261322058737e-05,0.010273191146552563,0.0,0.0,0.0,0.0,9.046273771673441e-05,0.0041461615468500615,,,
1204,True,,,,0.0004458727780729532,0.0,,,,,,0.004426854662597179,0.05800928547978401,0.00010678156104404479,0.010727046057581902,0.0,0.0,0.0,0.0,8.721523772692308e-05,0.0041393506231969,,,
1205,True,,,,0.00022285313752945513,0.0,,,,,,0.0022837487049400806,0.060345426201820374,6.926811329321936e-05,0.008575779385864735,0.0,0.0,0.0,0.0,7.802101026754826e-05,0.004132543128439583,,,
1206,True,,,,0.00036424733116291463,0.0,,,,,,0.0027878694236278534,0.0473327711224556,0.00011372973676770926,0.00794225838035345,0.0,0.0,0.0,0.0,0.00010288743214914575,0.004125739079733289,,,
1207,True,,,,0.0002085705491481349,0.0,,,,,,0.0031359591521322727,0.05214269459247589,5.527989560505375e-05,0.008586439304053783,0.0,0.0,0.0,0.0,8.414914918830618e-05,0.00411893849422452,,,
1208,True,,,,0.00023208546917885542,0.0,,,,,,0.0035300198942422867,0.06051243469119072,5.4372503655031323e-05,0.009840535931289196,0.0,0.0,0.0,0.0,9.04681728570722e-05,0.00411214138905105,,,
1209,True,,,,0.00016875038272701204,0.0,,,,,,0.0031813173554837704,0.04488443210721016,5.0579044909682125e-05,0.007863800972700119,0.0,0.0,0.0,0.0,6.186504469951615e-05,0.00410534778134188,,,
1210,True,,,,0.0005162762245163321,0.0,,,,,,0.003813796443864703,0.07214078307151794,0.00013503653462976217,0.011611668393015862,0.0,0.0,0.0,0.0,0.00015232290024869144,0.004098557688217196,,,
1211,True,,,,0.00023722501646261662,0.0,,,,,,0.0026703178882598877,0.038306452333927155,7.936811744002625e-05,0.006777872331440449,0.0,0.0,0.0,0.0,6.282956746872514e-05,0.004091771126788329,,,
1212,True,,,,0.0004454976296983659,0.0,,,,,,0.0042502377182245255,0.06657522916793823,9.460793080506846e-05,0.011400561779737473,0.0,0.0,0.0,0.0,8.64477624418214e-05,0.004084988114157715,,,
1213,True,,,,0.00022935497690923512,0.0,,,,,,0.0024088541977107525,0.04935421794652939,6.486686470452696e-05,0.007606064435094595,0.0,0.0,0.0,0.0,8.66171030793339e-05,0.004078208667418837,,,
1214,True,,,,0.0003542016202118248,0.0,,,,,,0.0030003078281879425,0.048600934445858,0.00011559195991139859,0.008272399194538593,0.0,0.0,0.0,0.0,0.00011870126036228612,0.004071432803656199,,,
1215,True,,,,0.00020269623200874776,0.0,,,,,,0.006515401415526867,0.06468790769577026,5.5659576901234686e-05,0.013214717619121075,0.0,0.0,0.0,0.0,9.249177674064413e-05,0.004064660539945272,,,
1216,True,,,,0.00023272375983651727,0.0,,,,,,0.004089995287358761,0.0650276243686676,5.5118827731348574e-05,0.010853040963411331,0.0,0.0,0.0,0.0,8.308858377858996e-05,0.004057891893352458,,,
1217,True,,,,0.0001714292448014021,0.0,,,,,,0.005729394964873791,0.07340492308139801,6.171040877234191e-05,0.013272171840071678,0.0,0.0,0.0,0.0,0.00011019631347153336,0.004051126880935043,,,
1218,True,,,,0.0005227439687587321,0.0,,,,,,0.0021445672027766705,0.03759901598095894,0.00011720869224518538,0.006485817022621632,0.0,0.0,0.0,0.0,0.00011359546624589711,0.0040443655197411514,,,
1219,True,,,,0.00023638199490960687,0.0,,,,,,0.004122915677726269,0.05573129281401634,6.600347114726901e-05,0.009965428151190281,0.0,0.0,0.0,0.0,8.879487722879276e-05,0.004037607826809707,,,
1220,True,,,,0.00043798316619358957,0.0,,,,,,0.0018093502148985863,0.04701836779713631,0.00010803037730511278,0.0070031858049333096,0.0,0.0,0.0,0.0,7.895599264884368e-05,0.004030853819170394,,,
1221,True,,,,0.0002218774752691388,0.0,,,,,,0.0034565411042422056,0.05198168754577637,6.369129550876096e-05,0.00890843290835619,0.0,0.0,0.0,0.0,0.00011008617002516985,0.004024103513843608,,,
1222,True,,,,0.0003555499715730548,0.0,,,,,,0.0046334401704370975,0.060050513595342636,0.00011538239050423726,0.011051733046770096,0.0,0.0,0.0,0.0,0.0001422912027919665,0.004017356927840408,,,
1223,True,,,,0.00020896439673379064,0.0,,,,,,0.004402062855660915,0.06039677560329437,6.380048580467701e-05,0.010682606138288975,0.0,0.0,0.0,0.0,0.0001199983962578699,0.004010614078162491,,,
1224,True,,,,0.00023648806381970644,0.0,,,,,,0.003398867091163993,0.056787654757499695,5.4371412261389196e-05,0.009341306053102016,0.0,0.0,0.0,0.0,0.00010118759382748976,0.0040038749818021285,,,
1225,True,,,,0.00017388425476383418,0.0,,,,,,0.005648134276270866,0.06311340630054474,4.953097231918946e-05,0.012158124707639217,0.0,0.0,0.0,0.0,8.694930875208229e-05,0.003997139655742139,,,
1226,True,,,,0.0005315141170285642,0.0,,,,,,0.004815724678337574,0.0649835541844368,0.00012403493747115135,0.011907611973583698,0.0,0.0,0.0,0.0,9.86835511866957e-05,0.003990408116955839,,,
1227,True,,,,0.00024004816077649593,0.0,,,,,,0.003131762845441699,0.05452755093574524,6.040656444383785e-05,0.008854770101606846,0.0,0.0,0.0,0.0,8.550643542548642e-05,0.003983680382406999,,,
1228,True,,,,0.00044651361531578004,0.0,,,,,,0.003443604800850153,0.057044945657253265,0.00010473825386725366,0.009646981954574585,0.0,0.0,0.0,0.0,9.287322609452531e-05,0.003976956469049803,,,
1229,True,,,,0.00023170739586930722,0.0,,,,,,0.005488816648721695,0.06157948821783066,7.315700349863619e-05,0.011915052309632301,0.0,0.0,0.0,0.0,9.476157720200717e-05,0.003970236393828811,,,
1230,True,,,,0.00035592023050412536,0.0,,,,,,0.0017965941224247217,0.03761782497167587,0.00011150765203638002,0.00597005058079958,0.0,0.0,0.0,0.0,5.531107308343053e-05,0.003963520173678901,,,
1231,True,,,,0.00020449893781915307,0.0,,,,,,0.003122167196124792,0.05929451435804367,5.697573215002194e-05,0.009284606203436852,0.0,0.0,0.0,0.0,8.479275129502639e-05,0.003956807825525242,,,
1232,True,,,,0.000236911975662224,0.0,,,,,,0.0024232196155935526,0.05100644752383232,5.30702163814567e-05,0.007787311915308237,0.0,0.0,0.0,0.0,0.00010069628478959203,0.003950099366283243,,,
1233,True,,,,0.00017316319281235337,0.0,,,,,,0.0034965090453624725,0.04349900037050247,5.0956190534634516e-05,0.008045051246881485,0.0,0.0,0.0,0.0,9.821307321544737e-05,0.0039433948128585194,,,
1234,True,,,,0.0005244066705927253,0.0,,,,,,0.0033123192843049765,0.05377762392163277,0.00013410919927991927,0.009281542152166367,0.0,0.0,0.0,0.0,7.54009306547232e-05,0.003936694182146834,,,
1235,True,,,,0.0002351868897676468,0.0,,,,,,0.005776312202215195,0.058510005474090576,6.664535612799227e-05,0.011895822361111641,0.0,0.0,0.0,0.0,0.00010177594231208786,0.0039299974910340695,,,
1236,True,,,,0.0004385737411212176,0.0,,,,,,0.002063359133899212,0.03905470669269562,9.747899457579479e-05,0.006456142757087946,0.0,0.0,0.0,0.0,7.574223855044693e-05,0.0039233047563961825,,,
1237,True,,,,0.00022386798809748143,0.0,,,,,,0.006035794969648123,0.08064480870962143,6.295525236055255e-05,0.014355621300637722,0.0,0.0,0.0,0.0,7.981882663443685e-05,0.003916615995099154,,,
1238,True,,,,0.00035425761598162353,0.0,,,,,,0.004976341500878334,0.055791839957237244,0.00011268042726442218,0.010966124013066292,0.0,0.0,0.0,0.0,8.745981176616624e-05,0.003909931223998954,,,
1239,True,,,,0.00020931506878696382,0.0,,,,,,0.004528549965471029,0.04948808252811432,4.0101072954712436e-05,0.009706723503768444,0.0,0.0,0.0,0.0,7.259894482558593e-05,0.0039032504599414986,,,
1240,True,,,,0.00023094634525477886,0.0,,,,,,0.002157782670110464,0.04182402044534683,4.9647100240690634e-05,0.0065959542989730835,0.0,0.0,0.0,0.0,6.823425064794719e-05,0.003896573719762607,,,
1241,True,,,,0.00017075060168281198,0.0,,,,,,0.004900273866951466,0.053182199597358704,4.893866571364924e-05,0.01041371375322342,0.0,0.0,0.0,0.0,7.55978689994663e-05,0.0038899010202879526,,,
1242,True,,,,0.0005249411915428936,0.0,,,,,,0.005438968539237976,0.05688101798295975,0.00011994886881439015,0.011711985804140568,0.0,0.0,0.0,0.0,9.027930354932323e-05,0.00388323237833303,,,
1243,True,,,,0.00024203347857110202,0.0,,,,,,0.0034374441020190716,0.044422052800655365,6.13973243162036e-05,0.008152380585670471,0.0,0.0,0.0,0.0,6.80446028127335e-05,0.00387656781070311,,,
1244,True,,,,0.0004449452681001276,0.0,,,,,,0.002135002054274082,0.05563934147357941,9.46998770814389e-05,0.00819123163819313,0.0,0.0,0.0,0.0,9.587414388079196e-05,0.0038699073341931945,,,
1245,True,,,,0.00022568901476915926,0.0,,,,,,0.0013647524174302816,0.03695834428071976,7.486612594220787e-05,0.005323708988726139,0.0,0.0,0.0,0.0,8.553765655960888e-05,0.003863250965587971,,,
1246,True,,,,0.0003772613708861172,0.0,,,,,,0.005016435869038105,0.0650726854801178,9.92347122519277e-05,0.011950583197176456,0.0,0.0,0.0,0.0,7.915832247817889e-05,0.0038565987216617826,,,
1247,True,,,,0.0002048020833171904,0.0,,,,,,0.0037180129438638687,0.059396419674158096,4.549277218757197e-05,0.009885204024612904,0.0,0.0,0.0,0.0,8.725316729396582e-05,0.0038499506191785726,,,
1248,True,,,,0.0002371631417190656,0.0,,,,,,0.0023937667720019817,0.05599711090326309,5.124682138557546e-05,0.008256264962255955,0.0,0.0,0.0,0.0,7.501777145080268e-05,0.0038433066748918524,,,
1249,True,,,,0.00017650879453867674,0.0,,,,,,0.005489767529070377,0.06290610879659653,4.5729462726740167e-05,0.011979752220213413,0.0,0.0,0.0,0.0,8.89310467755422e-05,0.003836666905544649,,,
1250,True,,,,0.0005296380841173232,0.0,,,,,,0.0028495171573013067,0.056558966636657715,0.00012816603702958673,0.009099136106669903,0.0,0.0,0.0,0.0,8.397239434998482e-05,0.003830031327869471,,,
1251,True,,,,0.00023830163991078734,0.0,,,,,,0.004127565771341324,0.06195361167192459,6.479480362031609e-05,0.010593624785542488,0.0,0.0,0.0,0.0,9.418994886800647e-05,0.003823399958588265,,,
1252,True,,,,0.00043962764902971685,0.0,,,,,,0.00574864586815238,0.06493585556745529,0.00010204719001194462,0.012732882983982563,0.0,0.0,0.0,0.0,0.0001282306620851159,0.0038167728144123713,,,
1253,True,,,,0.00022135824838187546,0.0,,,,,,0.0010248142061755061,0.03307655453681946,6.024546382832341e-05,0.004583950620144606,0.0,0.0,0.0,0.0,6.775531073799357e-05,0.003810149912042482,,,
1254,True,,,,0.0003542675403878093,0.0,,,,,,0.003916461952030659,0.057868052273988724,9.993733692681417e-05,0.010107503272593021,0.0,0.0,0.0,0.0,6.650008435826749e-05,0.0038035312681685986,,,
1255,True,,,,0.0001998815860133618,0.0,,,,,,0.003468274138867855,0.05678687244653702,4.9941198085434735e-05,0.009371813386678696,0.0,0.0,0.0,0.0,8.305218943860382e-05,0.0037969168994699963,,,
1256,True,,,,0.00022748303308617324,0.0,,,,,,0.006026493385434151,0.06907162070274353,5.198531289352104e-05,0.01318713091313839,0.0,0.0,0.0,0.0,7.45643992559053e-05,0.003790306822615173,,,
1257,True,,,,0.00016730581410229206,0.0,,,,,,0.0019180048257112503,0.04424181953072548,5.057068119640462e-05,0.0065347785130143166,0.0,0.0,0.0,0.0,5.9237703680992126e-05,0.003783701054261807,,,
1258,True,,,,0.0005185607587918639,0.0,,,,,,0.005239755846560001,0.06841153651475906,0.00011870477464981377,0.012658822350203991,0.0,0.0,0.0,0.0,0.00011082147102570161,0.0037770996110567234,,,
1259,True,,,,0.0002340368228033185,0.0,,,,,,0.0020487275905907154,0.04797090217471123,6.277153443079442e-05,0.007111240178346634,0.0,0.0,0.0,0.0,7.657843525521457e-05,0.0037705025096358515,,,
1260,True,,,,0.00043588245171122253,0.0,,,,,,0.0038500376977026463,0.06005716323852539,0.00010279382695443928,0.010343033820390701,0.0,0.0,0.0,0.0,9.992746345233172e-05,0.003763909766624172,,,
1261,True,,,,0.00022381919552572072,0.0,,,,,,0.0025164715480059385,0.04387381672859192,6.371333438437432e-05,0.0071595292538404465,0.0,0.0,0.0,0.0,6.236854096641764e-05,0.003757321398635685,,,
1262,True,,,,0.00035457345074974,0.0,,,,,,0.002978735603392124,0.05455690622329712,0.00010813788685481995,0.008843068033456802,0.0,0.0,0.0,0.0,6.82986865285784e-05,0.003750737422273367,,,
1263,True,,,,0.0001959682849701494,0.0,,,,,,0.002334883203729987,0.05497414991259575,6.238571950234473e-05,0.008059458807110786,0.0,0.0,0.0,0.0,7.887247193139046e-05,0.0037441578541291243,,,
1264,True,,,,0.00023050249728839844,0.0,,,,,,0.0034517119638621807,0.0547841340303421,5.145384056959301e-05,0.009186354465782642,0.0,0.0,0.0,0.0,8.586984768044204e-05,0.003737582710783759,,,
1265,True,,,,0.0001685937022557482,0.0,,,,,,0.005412345286458731,0.07888194918632507,5.1772116421489045e-05,0.013495019637048244,0.0,0.0,0.0,0.0,0.00010942244261968881,0.0037310120088069145,,,
1266,True,,,,0.000510402605868876,0.0,,,,,,0.0030954722315073013,0.04267692565917969,0.0001396824955008924,0.007943408563733101,0.0,0.0,0.0,0.0,6.533159466926008e-05,0.0037244457647570496,,,
1267,True,,,,0.00023695771233178675,0.0,,,,,,0.003978214226663113,0.04812752455472946,6.258926441660151e-05,0.009059217758476734,0.0,0.0,0.0,0.0,0.00011845496919704601,0.003717883995181387,,,
1268,True,,,,0.0004390203393995762,0.0,,,,,,0.0030667155515402555,0.058645542711019516,9.69024549704045e-05,0.00941874086856842,0.0,0.0,0.0,0.0,0.00011358054325683042,0.0037113267166158704,,,
1269,True,,,,0.00022428642841987312,0.0,,,,,,0.001555139198899269,0.04297737032175064,6.277628563111648e-05,0.006108550820499659,0.0,0.0,0.0,0.0,8.899042586563155e-05,0.003704773945585129,,,
1270,True,,,,0.0003503125626593828,0.0,,,,,,0.0027453326620161533,0.049959447234869,0.00011124578304588795,0.00814721267670393,0.0,0.0,0.0,0.0,8.367670670850202e-05,0.0036982256986024323,,,
1271,True,,,,0.00020311519620008767,0.0,,,,,,0.003906430210918188,0.044757016003131866,4.6550332626793534e-05,0.008608522824943066,0.0,0.0,0.0,0.0,8.109994087135419e-05,0.00369168199216965,,,
1272,True,,,,0.00023208733182400465,0.0,,,,,,0.004388551227748394,0.06292952597141266,4.905015157419257e-05,0.010938117280602455,0.0,0.0,0.0,0.0,8.172597881639376e-05,0.0036851428427772037,,,
1273,True,,,,0.00016881193732842803,0.0,,,,,,0.007170879747718573,0.07029281556606293,5.0725251639960334e-05,0.014394335448741913,0.0,0.0,0.0,0.0,8.120197162497789e-05,0.0036786082669040387,,,
1274,True,,,,0.0005186166381463408,0.0,,,,,,0.003919168375432491,0.05871563404798508,0.00011732105485862121,0.01036800816655159,0.0,0.0,0.0,0.0,7.873097638366744e-05,0.00367207828101757,,,
1275,True,,,,0.00023560255067422986,0.0,,,,,,0.002819243585690856,0.05418574437499046,6.359562394209206e-05,0.008505218662321568,0.0,0.0,0.0,0.0,0.00015521688328590244,0.003665552901573649,,,
1276,True,,,,0.0004391357651911676,0.0,,,,,,0.0036838576197624207,0.052486665546894073,9.322038386017084e-05,0.009418269619345665,0.0,0.0,0.0,0.0,7.870131230447441e-05,0.0036590321450165153,,,
1277,True,,,,0.0002203376207035035,0.0,,,,,,0.0016323353629559278,0.03835446760058403,6.511808896902949e-05,0.0057206787168979645,0.0,0.0,0.0,0.0,5.883652556804009e-05,0.0036525160277787604,,,
1278,True,,,,0.0003498792357277125,0.0,,,,,,0.0030170665122568607,0.05429169535636902,0.0001315675617661327,0.008861899375915527,0.0,0.0,0.0,0.0,8.52054581628181e-05,0.0036460045662812844,,,
1279,True,,,,0.00020045046403538436,0.0,,,,,,0.002494117943570018,0.05218806862831116,5.2619387133745477e-05,0.007939685136079788,0.0,0.0,0.0,0.0,7.918048504507169e-05,0.003639497776933256,,,
1280,True,,,,0.0002278751926496625,0.0,,,,,,0.0015390182379633188,0.031382426619529724,5.26689036632888e-05,0.004931470844894648,0.0,0.0,0.0,0.0,6.280975503614172e-05,0.003632995676132067,,,
1281,True,,,,0.0001679495326243341,0.0,,,,,,0.0029703876934945583,0.042693085968494415,5.166046321392059e-05,0.0074334763921797276,0.0,0.0,0.0,0.0,7.345579797402024e-05,0.003626498280263295,,,
1282,True,,,,0.0005148990894667804,0.0,,,,,,0.004000090062618256,0.060496985912323,0.00012760504614561796,0.010628489777445793,0.0,0.0,0.0,0.0,9.900300210574642e-05,0.00362000560570066,,,
1283,True,,,,0.0002386443520663306,0.0,,,,,,0.0024897693656384945,0.05235431715846062,5.81450731260702e-05,0.00799291767179966,0.0,0.0,0.0,0.0,7.759595609968528e-05,0.00361351766880599,,,
1284,True,,,,0.00043626176193356514,0.0,,,,,,0.002965729683637619,0.053345900028944016,0.0001062049122992903,0.008789682760834694,0.0,0.0,0.0,0.0,9.012663940666243e-05,0.0036070344859291635,,,
1285,True,,,,0.0002226826036348939,0.0,,,,,,0.004092354327440262,0.05987335741519928,6.583975482499227e-05,0.010335292667150497,0.0,0.0,0.0,0.0,0.00012868647172581404,0.00360055607340809,,,
1286,True,,,,0.00034868702641688287,0.0,,,,,,0.0017135036177933216,0.048146579414606094,0.0001436209713574499,0.00694865919649601,0.0,0.0,0.0,0.0,7.661975541850552e-05,0.0035940824475686486,,,
1287,True,,,,0.00020271411631256342,0.0,,,,,,0.001927879056893289,0.04093573987483978,4.937655103276484e-05,0.006248855497688055,0.0,0.0,0.0,0.0,6.381993443937972e-05,0.0035876136247246604,,,
1288,True,,,,0.00023132399655878544,0.0,,,,,,0.005001881159842014,0.0648282915353775,4.7051929868757725e-05,0.011739560402929783,0.0,0.0,0.0,0.0,8.126281318254769e-05,0.0035811496211778393,,,
1289,True,,,,0.00017342809587717056,0.0,,,,,,0.004582422785460949,0.061915017664432526,4.9365822633262724e-05,0.01097203604876995,0.0,0.0,0.0,0.0,8.119549602270126e-05,0.003574690453217758,,,
1290,True,,,,0.0005220279563218355,0.0,,,,,,0.004556635394692421,0.07196978479623795,0.0001310992956859991,0.012341191060841084,0.0,0.0,0.0,0.0,0.00013169007434044033,0.003568236137121802,,,
1291,True,,,,0.00023379825870506465,0.0,,,,,,0.002008200390264392,0.037895482033491135,6.384183507179841e-05,0.00606346782296896,0.0,0.0,0.0,0.0,7.344275945797563e-05,0.003561786689155132,,,
1292,True,,,,0.0004387528751976788,0.0,,,,,,0.00679792370647192,0.07133160531520844,0.00010475897579453886,0.014422216452658176,0.0,0.0,0.0,0.0,8.650001836940646e-05,0.003555342125570634,,,
1293,True,,,,0.00022355606779456139,0.0,,,,,,0.0018945833435282111,0.042976584285497665,7.340764568652958e-05,0.006452501751482487,0.0,0.0,0.0,0.0,8.543052535969764e-05,0.0035489024626088905,,,
1294,True,,,,0.00035937700886279345,0.0,,,,,,0.0054716141894459724,0.053550705313682556,0.00010414167627459392,0.01123813260346651,0.0,0.0,0.0,0.0,7.13685731170699e-05,0.0035424677164981357,,,
1295,True,,,,0.000196090986719355,0.0,,,,,,0.0027511368971318007,0.043458715081214905,6.727820436935872e-05,0.007326738443225622,0.0,0.0,0.0,0.0,8.326498937094584e-05,0.00353603790345421,,,
1296,True,,,,0.00023019342916086316,0.0,,,,,,0.001950785517692566,0.03687814250588417,5.567693733610213e-05,0.005896632093936205,0.0,0.0,0.0,0.0,8.583178714616224e-05,0.00352961303968052,,,
1297,True,,,,0.00016941662761382759,0.0,,,,,,0.0026359267067164183,0.04263489693403244,4.787052603205666e-05,0.0070927683264017105,0.0,0.0,0.0,0.0,7.578953227493912e-05,0.0035231931413680084,,,
1298,True,,,,0.0005067192250862718,0.0,,,,,,0.001976768020540476,0.04212154820561409,0.00012764512212015688,0.006759464740753174,0.0,0.0,0.0,0.0,6.846733595011756e-05,0.003516778224695094,,,
1299,True,,,,0.00023806960962247103,0.0,,,,,,0.0015124467900022864,0.03455647826194763,5.802468513138592e-05,0.005235176999121904,0.0,0.0,0.0,0.0,6.717345968354493e-05,0.0035103683058276504,,,
1300,True,,,,0.0004443448851816356,0.0,,,,,,0.005028483923524618,0.07251793146133423,9.449083881918341e-05,0.012771867215633392,0.0,0.0,0.0,0.0,0.00010198583186138421,0.0035039634009189514,9.689169981197335e-05,1.763193527035186e-05,5.764806787246742e-06
1301,True,,,,0.00022544828243553638,0.0,,,,,,0.0022498276084661484,0.026941845193505287,5.6572211178718135e-05,0.005197746679186821,0.0,0.0,0.0,0.0,5.685733776772395e-05,0.003497563526109637,,,
1302,True,,,,0.0003499068261589855,0.0,,,,,,0.0046730609610676765,0.05876225605607033,0.00010751436639111489,0.010952950455248356,0.0,0.0,0.0,0.0,0.0001007037571980618,0.0034911686975276726,,,
1303,True,,,,0.0001996757200686261,0.0,,,,,,0.0027215208392590284,0.041193801909685135,4.8012894694693387e-05,0.007064583245664835,0.0,0.0,0.0,0.0,5.912566484767012e-05,0.003484778931288306,,,
1304,True,,,,0.0002267514355480671,0.0,,,,,,0.00466134212911129,0.07068636268377304,5.533568764803931e-05,0.01198439672589302,0.0,0.0,0.0,0.0,8.651805546833202e-05,0.003478394243494024,,,
1305,True,,,,0.00016627213335596025,0.0,,,,,,0.004652976058423519,0.05289711430668831,5.8195128076476976e-05,0.010138057172298431,0.0,0.0,0.0,0.0,9.254612814402208e-05,0.0034720146502345197,,,
1306,True,,,,0.0005105140153318644,0.0,,,,,,0.0034616931807249784,0.054274145513772964,0.00013417299487628043,0.00946670863777399,0.0,0.0,0.0,0.0,8.154284296324477e-05,0.0034656401675866493,,,
1307,True,,,,0.00023657202837057412,0.0,,,,,,0.0031846403144299984,0.05319150537252426,6.318061787169427e-05,0.008771953172981739,0.0,0.0,0.0,0.0,0.0001185387882287614,0.0034592708116143837,,,
1308,True,,,,0.00043023968464694917,0.0,,,,,,0.002822990994900465,0.044655941426754,0.00010677313548512757,0.007772211916744709,0.0,0.0,0.0,0.0,7.831237599020824e-05,0.0034529065983687802,,,
1309,True,,,,0.00022290988999884576,0.0,,,,,,0.0009757608058862388,0.03233595937490463,7.575991185149178e-05,0.004470146726816893,0.0,0.0,0.0,0.0,8.287797390948981e-05,0.0034465475438879333,,,
1310,True,,,,0.00036399555392563343,0.0,,,,,,0.0031181671656668186,0.05154837667942047,0.00010092130105476826,0.008687461726367474,0.0,0.0,0.0,0.0,7.971639570314437e-05,0.0034401936641969377,,,
1311,True,,,,0.00020130479242652655,0.0,,,,,,0.002688430715352297,0.04863226041197777,4.715814066003077e-05,0.007776541169732809,0.0,0.0,0.0,0.0,8.4289102233015e-05,0.003433844975307848,,,
1312,True,,,,0.0002268000243930146,0.0,,,,,,0.0073227351531386375,0.0756889134645462,4.995257404516451e-05,0.015143402852118015,0.0,0.0,0.0,0.0,7.928593549877405e-05,0.003427501493219639,,,
1313,True,,,,0.0001651630736887455,0.0,,,,,,0.0032032704912126064,0.04714709892868996,5.3860370826441795e-05,0.008110074326395988,0.0,0.0,0.0,0.0,9.345545549876988e-05,0.0034211632339181597,,,
1314,True,,,,0.0005106430617161095,0.0,,,,,,0.002039448358118534,0.04022231698036194,0.00012729699665214866,0.006635971833020449,0.0,0.0,0.0,0.0,9.947294893208891e-05,0.0034148302133761043,,,
1315,True,,,,0.00023422364029102027,0.0,,,,,,0.0052275448106229305,0.056939300149679184,6.0879374359501526e-05,0.011186137795448303,0.0,0.0,0.0,0.0,0.00010553943866398185,0.003408502447552957,,,
1316,True,,,,0.0004376227443572134,0.0,,,,,,0.0023403619416058064,0.04699644073843956,0.00010470196139067411,0.0075299800373613834,0.0,0.0,0.0,0.0,0.0001503245730418712,0.003402179952394965,,,
1317,True,,,,0.00021764615667052567,0.0,,,,,,0.010522640310227871,0.08565542101860046,6.709754234179854e-05,0.01933937706053257,0.0,0.0,0.0,0.0,9.759282693266869e-05,0.0033958627438350937,,,
1318,True,,,,0.00035107703297398984,0.0,,,,,,0.0031304757576435804,0.04933011159300804,0.00012000641436316073,0.008474566973745823,0.0,0.0,0.0,0.0,7.293007365660742e-05,0.003389550837792984,,,
1319,True,,,,0.00019669874745886773,0.0,,,,,,0.0021743737161159515,0.04706905782222748,4.714392707683146e-05,0.00710154976695776,0.0,0.0,0.0,0.0,7.263304723892361e-05,0.0033832442501749126,,,
1320,True,,,,0.00022595473274122924,0.0,,,,,,0.004407891072332859,0.05674399435520172,5.152968151378445e-05,0.010334010235965252,0.0,0.0,0.0,0.0,7.35214925953187e-05,0.003376942996873758,,,
1321,True,,,,0.0001718490821076557,0.0,,,,,,0.0015831440687179565,0.039251185953617096,5.0973405450349674e-05,0.005705598276108503,0.0,0.0,0.0,0.0,8.65365145727992e-05,0.0033706470937689527,,,
1322,True,,,,0.0005125945899635553,0.0,,,,,,0.0032772270496934652,0.0570504367351532,0.00012056482955813408,0.009555147960782051,0.0,0.0,0.0,0.0,8.084998989943415e-05,0.00336435655672645,,,
1323,True,,,,0.00023819899070076644,0.0,,,,,,0.001701516448520124,0.034452103078365326,6.171688437461853e-05,0.005415784195065498,0.0,0.0,0.0,0.0,6.340122490655631e-05,0.003358071401598673,,,
1324,True,,,,0.00043394090607762337,0.0,,,,,,0.0026188965421169996,0.046096958220005035,9.422621224075556e-05,0.007709646597504616,0.0,0.0,0.0,0.0,6.872204539831728e-05,0.003351791644224489,,,
1325,True,,,,0.00022163506946526468,0.0,,,,,,0.002601972781121731,0.05046228691935539,6.0172227676957846e-05,0.00789992231875658,0.0,0.0,0.0,0.0,7.074490713421255e-05,0.003345517300429163,,,
1326,True,,,,0.00034320197300985456,0.0,,,,,,0.002907159738242626,0.04543785750865936,0.00011050429748138413,0.00784939993172884,0.0,0.0,0.0,0.0,5.9172794863115996e-05,0.003339248386024313,,,
1327,True,,,,0.00019740492280106992,0.0,,,,,,0.0026863939128816128,0.04453077167272568,4.49297804152593e-05,0.007359341252595186,0.0,0.0,0.0,0.0,6.385095184668899e-05,0.003332984916807878,,,
1328,True,,,,0.0002255717699881643,0.0,,,,,,0.0020646259654313326,0.041168443858623505,4.932724914397113e-05,0.00643170578405261,0.0,0.0,0.0,0.0,5.458035957417451e-05,0.0033267269085640737,,,
1329,True,,,,0.00016926982789300382,0.0,,,,,,0.0038890382274985313,0.04952442646026611,4.498997441260144e-05,0.009033245965838432,0.0,0.0,0.0,0.0,8.003886614460498e-05,0.003320474377063354,,,
1330,True,,,,0.0005135450046509504,0.0,,,,,,0.0023193014785647392,0.04109681397676468,0.00011904260463779792,0.007002049125730991,0.0,0.0,0.0,0.0,7.835274300305173e-05,0.003314227338062373,,,
1331,True,,,,0.00023312700795941055,0.0,,,,,,0.004112620372325182,0.054329678416252136,6.309158925432712e-05,0.00981026142835617,0.0,0.0,0.0,0.0,6.605447561014444e-05,0.0033079858073039392,,,
1332,True,,,,0.000432637520134449,0.0,,,,,,0.0030295378528535366,0.045140113681554794,0.0001026481477310881,0.008027510717511177,0.0,0.0,0.0,0.0,8.654475823277608e-05,0.0033017498005169822,,,
1333,True,,,,0.0002166396880056709,0.0,,,,,,0.0033715961035341024,0.057510051876306534,7.220104453153908e-05,0.009375342167913914,0.0,0.0,0.0,0.0,8.048275049077347e-05,0.0032955193334165147,,,
1334,True,,,,0.00034238811349496245,0.0,,,,,,0.006468354724347591,0.05909290164709091,0.00011889608867932111,0.012779480777680874,0.0,0.0,0.0,0.0,8.675712160766125e-05,0.0032892944217035843,,,
1335,True,,,,0.0002002823748625815,0.0,,,,,,0.00534431729465723,0.05299560725688934,4.937609628541395e-05,0.010868849232792854,0.0,0.0,0.0,0.0,8.383497333852574e-05,0.0032830750810652386,,,
1336,True,,,,0.00022625263954978436,0.0,,,,,,0.003397553926333785,0.05141231045126915,5.061973206466064e-05,0.00879034772515297,0.0,0.0,0.0,0.0,7.796359568601474e-05,0.0032768613271744896,,,
1337,True,,,,0.00016687190509401262,0.0,,,,,,0.004649008624255657,0.05314265936613083,5.272943963063881e-05,0.010156510397791862,0.0,0.0,0.0,0.0,6.221055082278326e-05,0.0032706531756902676,,,
1338,True,,,,0.0005152602680027485,0.0,,,,,,0.0036808005534112453,0.04372751712799072,0.00011422824900364503,0.008625926449894905,0.0,0.0,0.0,0.0,0.00016136873455252498,0.0032644506422573848,,,
1339,True,,,,0.00023585492454003543,0.0,,,,,,0.004774762317538261,0.05290239304304123,5.737023820984177e-05,0.010329541750252247,0.0,0.0,0.0,0.0,6.878520071040839e-05,0.0032582537425064973,,,
1340,True,,,,0.0004287949705030769,0.0,,,,,,0.001815270516090095,0.04273359850049019,0.00010617012594593689,0.006570510566234589,0.0,0.0,0.0,0.0,8.864585106493905e-05,0.0032520624920540633,,,
1341,True,,,,0.00021959433797746897,0.0,,,,,,0.003092228900641203,0.04378575086593628,7.451510464306921e-05,0.007727656047791243,0.0,0.0,0.0,0.0,9.265396511182189e-05,0.0032458769065023055,,,
1342,True,,,,0.0003625223762355745,0.0,,,,,,0.003557578194886446,0.05540085211396217,0.00010805555939441547,0.009514213539659977,0.0,0.0,0.0,0.0,8.230566891143098e-05,0.0032396970014391658,,,
1343,True,,,,0.00019928417168557644,0.0,,,,,,0.002405898179858923,0.04405654966831207,5.570813300437294e-05,0.007038691081106663,0.0,0.0,0.0,0.0,6.812951323809102e-05,0.0032335227924382773,,,
1344,True,,,,0.00022625236306339502,0.0,,,,,,0.0032078828662633896,0.04381752014160156,5.295393566484563e-05,0.007842364721000195,0.0,0.0,0.0,0.0,8.586091280449182e-05,0.0032273542950589157,,,
1345,True,,,,0.00016850295651238412,0.0,,,,,,0.0012803651625290513,0.03909279406070709,4.8796762712299824e-05,0.005382545758038759,0.0,0.0,0.0,0.0,8.557287947041914e-05,0.0032211915248459657,,,
1346,True,,,,0.0005064018769189715,0.0,,,,,,0.003521532751619816,0.05210895091295242,0.00012911070371046662,0.009303385391831398,0.0,0.0,0.0,0.0,6.478674185927957e-05,0.0032150344973298738,,,
1347,True,,,,0.0002351240545976907,0.0,,,,,,0.0018790680915117264,0.03811455890536308,6.034648686181754e-05,0.005955821834504604,0.0,0.0,0.0,0.0,9.837718971539289e-05,0.00320888322802662,,,
1348,True,,,,0.000426938000600785,0.0,,,,,,0.0016059571644291282,0.039617884904146194,0.00010581936658127233,0.006047593429684639,0.0,0.0,0.0,0.0,7.975815242389217e-05,0.0032027377324376715,,,
1349,True,,,,0.0002200718445237726,0.0,,,,,,0.004644347354769707,0.046519361436367035,6.408152694348246e-05,0.009548395872116089,0.0,0.0,0.0,0.0,0.00010419041791465133,0.0031965980260499466,,,
1350,True,,,,0.00035122709232382476,0.0,,,,,,0.0036795875057578087,0.05011872202157974,0.00010279043635819107,0.009094081819057465,0.0,0.0,0.0,0.0,7.60542752686888e-05,0.0031904641243357713,,,
1351,True,,,,0.00019801553571596742,0.0,,,,,,0.004478299058973789,0.05671720951795578,4.871337296208367e-05,0.01037239283323288,0.0,0.0,0.0,0.0,8.992596849566326e-05,0.0031843360427528463,,,
1352,True,,,,0.00022732626530341804,0.0,,,,,,0.0036303806118667126,0.04930094629526138,5.019758464186452e-05,0.008812900632619858,0.0,0.0,0.0,0.0,6.735030183335766e-05,0.0031782137967442054,,,
1353,True,,,,0.00017114653019234538,0.0,,,,,,0.002809664933010936,0.04705145210027695,5.730914563173428e-05,0.007714611012488604,0.0,0.0,0.0,0.0,8.503444405505434e-05,0.0031720974017381766,,,
1354,True,,,,0.0005063937860541046,0.0,,,,,,0.0017817075131461024,0.0488087497651577,0.0001306454505538568,0.007234298624098301,0.0,0.0,0.0,0.0,0.00010148906585527584,0.00316598687314834,,,
1355,True,,,,0.0002305050438735634,0.0,,,,,,0.002469294238835573,0.04016762599349022,6.125152140157297e-05,0.006747187580913305,0.0,0.0,0.0,0.0,7.729913340881467e-05,0.0031598822263734973,,,
1356,True,,,,0.0004233922518324107,0.0,,,,,,0.0028676593210548162,0.04947108030319214,0.00010773159738164395,0.00829202588647604,0.0,0.0,0.0,0.0,9.18130244826898e-05,0.003153783476797623,,,
1357,True,,,,0.00021954304247628897,0.0,,,,,,0.0032616842072457075,0.05079750716686249,6.404069426935166e-05,0.008592999540269375,0.0,0.0,0.0,0.0,8.048630115808919e-05,0.003147690639789835,,,
1358,True,,,,0.00033861183328554034,0.0,,,,,,0.004081782419234514,0.05039282888174057,0.0001225016894750297,0.00952092930674553,0.0,0.0,0.0,0.0,0.00011425543198129162,0.0031416037307043444,,,
1359,True,,,,0.00019336908007971942,0.0,,,,,,0.0036940034478902817,0.05244485288858414,5.010449967812747e-05,0.009156910702586174,0.0,0.0,0.0,0.0,7.543872925452888e-05,0.0031355227648804302,,,
1360,True,,,,0.0002240812173113227,0.0,,,,,,0.0019014471909031272,0.04083632677793503,5.099831469124183e-05,0.006234660744667053,0.0,0.0,0.0,0.0,7.025817467365414e-05,0.003129447757642392,,,
1361,True,,,,0.00016825755301397294,0.0,,,,,,0.002377166412770748,0.05275671184062958,4.696488758781925e-05,0.007844577543437481,0.0,0.0,0.0,0.0,0.00011694449494825676,0.0031233787242995145,,,
1362,True,,,,0.000505687203258276,0.0,,,,,,0.0014243160840123892,0.04088664799928665,0.00011712060950230807,0.0060772281140089035,0.0,0.0,0.0,0.0,7.509171700803563e-05,0.0031173156801460227,,,
1363,True,,,,0.00023303265334106982,0.0,,,,,,0.0018154585268348455,0.03997458145022392,6.48040440864861e-05,0.006078351754695177,0.0,0.0,0.0,0.0,7.039684714982286e-05,0.0031112586404610553,,,
1364,True,,,,0.00042998965363949537,0.0,,,,,,0.0038844661321491003,0.05500565096735954,9.961568139260635e-05,0.00986482948064804,0.0,0.0,0.0,0.0,8.682221960043535e-05,0.0031052076205086167,,,
1365,True,,,,0.00021699994977097958,0.0,,,,,,0.003753119148313999,0.045109204947948456,6.75940464134328e-05,0.008514836430549622,0.0,0.0,0.0,0.0,0.00011833187454612926,0.0030991626355375414,,,
1366,True,,,,0.0003513184783514589,0.0,,,,,,0.006343635730445385,0.07464393973350525,0.00010062339424621314,0.014209659770131111,0.0,0.0,0.0,0.0,8.139023702824488e-05,0.003093123700781455,,,
1367,True,,,,0.00019578446517698467,0.0,,,,,,0.002651860937476158,0.04618828371167183,4.889400952379219e-05,0.007490921299904585,0.0,0.0,0.0,0.0,7.890505366958678e-05,0.0030870908314587376,,,
1368,True,,,,0.00022557895863428712,0.0,,,,,,0.0032358139287680387,0.04877103865146637,4.9324455176247284e-05,0.008363159373402596,0.0,0.0,0.0,0.0,9.569060784997419e-05,0.0030810640427724823,,,
1369,True,,,,0.00016590079758316278,0.0,,,,,,0.004286482930183411,0.06196415796875954,5.241717371973209e-05,0.010675008408725262,0.0,0.0,0.0,0.0,0.00012078134022885934,0.0030750433499104625,,,
1370,True,,,,0.0005054748035036027,0.0,,,,,,0.0015934099210426211,0.03866508603096008,0.00012880799476988614,0.006029797717928886,0.0,0.0,0.0,0.0,0.00011500742402859032,0.0030690287680450825,,,
1371,True,,,,0.0002318884653504938,0.0,,,,,,0.005061673000454903,0.06287940591573715,6.207838305272162e-05,0.011612541042268276,0.0,0.0,0.0,0.0,7.66595039749518e-05,0.0030630203123333533,,,
1372,True,,,,0.0004261244903318584,0.0,,,,,,0.003954319283366203,0.06257949769496918,0.00010979954095091671,0.010693293064832687,0.0,0.0,0.0,0.0,0.00013821337779518217,0.003057017997916847,,,
1373,True,,,,0.00021798639500048012,0.0,,,,,,0.003591696498915553,0.05842752009630203,7.174944039434195e-05,0.009688309393823147,0.0,0.0,0.0,0.0,8.023373811738566e-05,0.0030510218399216575,,,
1374,True,,,,0.0003372601931914687,0.0,,,,,,0.002392753027379513,0.03785380721092224,0.00012201375648146495,0.0065764011815190315,0.0,0.0,0.0,0.0,6.452695379266515e-05,0.003045031853458363,,,
1375,True,,,,0.00019063176296185702,0.0,,,,,,0.004035462625324726,0.051241375505924225,5.6268931075464934e-05,0.00937836617231369,0.0,0.0,0.0,0.0,8.661679021315649e-05,0.003039048053621992,,,
1376,True,,,,0.00022196459758561105,0.0,,,,,,0.007028907537460327,0.0579071119427681,5.080953269498423e-05,0.013066988438367844,0.0,0.0,0.0,0.0,7.733676466159523e-05,0.0030330704554919832,,,
1377,True,,,,0.00016270978085231036,0.0,,,,,,0.005109649617224932,0.05238604545593262,5.056676309322938e-05,0.010536247864365578,0.0,0.0,0.0,0.0,6.70964436721988e-05,0.0030270990741321415,,,
1378,True,,,,0.0005063194548711181,0.0,,,,,,0.0023862242233008146,0.053125012665987015,0.0001176082732854411,0.008263849653303623,0.0,0.0,0.0,0.0,9.211753058480099e-05,0.00302113392459061,,,
1379,True,,,,0.0002257735759485513,0.0,,,,,,0.0029493183828890324,0.05221221223473549,6.214187305886298e-05,0.008427384309470654,0.0,0.0,0.0,0.0,7.953897147672251e-05,0.003015175021899827,,,
1380,True,,,,0.00042955391108989716,0.0,,,,,,0.00297344708815217,0.05604679509997368,9.280144877266139e-05,0.00905408151447773,0.0,0.0,0.0,0.0,0.00010303800809197128,0.003009222381076486,,,
1381,True,,,,0.00022325845202431083,0.0,,,,,,0.003510597627609968,0.05552688241004944,5.3336429118644446e-05,0.00931321270763874,0.0,0.0,0.0,0.0,0.00010862993804039434,0.0030032760171215035,,,
1382,True,,,,0.0003530509420670569,0.0,,,,,,0.002328584436327219,0.045840807259082794,9.571561531629413e-05,0.007313574198633432,0.0,0.0,0.0,0.0,0.00012189654808025807,0.002997335945019975,,,
1383,True,,,,0.0001932625164045021,0.0,,,,,,0.002991107292473316,0.06197936087846756,4.80686649098061e-05,0.009406340308487415,0.0,0.0,0.0,0.0,0.00012013750529149547,0.002991402179741142,,,
1384,True,,,,0.00022322146105580032,0.0,,,,,,0.002837288659065962,0.04815959930419922,4.8945417802315205e-05,0.007900943048298359,0.0,0.0,0.0,0.0,5.781635263701901e-05,0.002985474736238354,,,
1385,True,,,,0.00016701602726243436,0.0,,,,,,0.0022281655110418797,0.040319252759218216,4.271666693966836e-05,0.006448465399444103,0.0,0.0,0.0,0.0,8.066428563324735e-05,0.0029795536294490235,,,
1386,True,,,,0.0005025573773309588,0.0,,,,,,0.0029333247803151608,0.05168977752327919,0.00011641140736173838,0.008663065731525421,0.0,0.0,0.0,0.0,9.119012975133955e-05,0.0029736388742945996,,,
1387,True,,,,0.00022831249225419015,0.0,,,,,,0.0020597863476723433,0.043093472719192505,6.389529153238982e-05,0.006629393436014652,0.0,0.0,0.0,0.0,0.00011269548122072592,0.0029677304856805253,,,
1388,True,,,,0.0004274227540008724,0.0,,,,,,0.002457250375300646,0.04328949749469757,0.00010886927339015529,0.007268057204782963,0.0,0.0,0.0,0.0,6.831476639490575e-05,0.002961828478496198,,,
1389,True,,,,0.00021616210869979113,0.0,,,,,,0.0036774955224245787,0.06373582780361176,7.015440496616066e-05,0.010302317328751087,0.0,0.0,0.0,0.0,7.982242823345587e-05,0.00295593286761493,,,
1390,True,,,,0.0003454904945101589,0.0,,,,,,0.0031928173266351223,0.05664592236280441,0.00012012736988253891,0.009262964129447937,0.0,0.0,0.0,0.0,9.606667299522087e-05,0.0029500436678939214,,,
1391,True,,,,0.0001994375925278291,0.0,,,,,,0.0036902246065437794,0.06017341464757919,5.611291999230161e-05,0.00993505958467722,0.0,0.0,0.0,0.0,8.626644557807595e-05,0.0029441608941742103,,,
1392,True,,,,0.00022510928101837635,0.0,,,,,,0.005711768753826618,0.05832395330071449,5.569391214521602e-05,0.011797119863331318,0.0,0.0,0.0,0.0,7.089489372447133e-05,0.0029382845612806463,,,
1393,True,,,,0.00016597600188106298,0.0,,,,,,0.0028913444839417934,0.04270516708493233,5.8235833421349525e-05,0.007356955204159021,0.0,0.0,0.0,0.0,8.037168299779296e-05,0.0029324146840218417,,,
1394,True,,,,0.000499496643897146,0.0,,,,,,0.004168395884335041,0.04564955085515976,0.00013413970009423792,0.00929991714656353,0.0,0.0,0.0,0.0,8.755391900194809e-05,0.0029265512771901457,,,
1395,True,,,,0.00023907194554340094,0.0,,,,,,0.0025983944069594145,0.04470743611454964,5.623757533612661e-05,0.007336328737437725,0.0,0.0,0.0,0.0,9.031521767610684e-05,0.002920694355561599,,,
1396,True,,,,0.0004272706573829055,0.0,,,,,,0.002441954333335161,0.02655990980565548,9.84232610790059e-05,0.005574427545070648,0.0,0.0,0.0,0.0,7.891556742833927e-05,0.002914843933895901,,,
1397,True,,,,0.00022081649512983859,0.0,,,,,,0.0034772222861647606,0.04857916012406349,5.957048779237084e-05,0.008585739880800247,0.0,0.0,0.0,0.0,6.72612659400329e-05,0.0029090000269363678,,,
1398,True,,,,0.00035023974487558007,0.0,,,,,,0.0029585384763777256,0.050415538251399994,9.978932212106884e-05,0.008400226943194866,0.0,0.0,0.0,0.0,7.15908026904799e-05,0.0029031626494098995,,,
1399,True,,,,0.00019960406643804163,0.0,,,,,,0.0036249919794499874,0.05372399091720581,5.3474155720323324e-05,0.00922373216599226,0.0,0.0,0.0,0.0,8.242427429649979e-05,0.0028973318160269448,,,
1400,True,,,,0.0002253692946396768,0.0,,,,,,0.0017766420496627688,0.03947606310248375,5.091989805805497e-05,0.005975077860057354,0.0,0.0,0.0,0.0,5.8363701100461185e-05,0.0028915075414814575,5.513255609484661e-05,8.82162801033774e-06,4.745759358771742e-06
1401,True,,,,0.00016889729886315763,0.0,,,,,,0.004674059338867664,0.0640752911567688,5.293887807056308e-05,0.011276954784989357,0.0,0.0,0.0,0.0,0.0001372873375657946,0.0028856898404508624,,,
1402,True,,,,0.0005015201168134809,0.0,,,,,,0.001933733350597322,0.03746306896209717,0.00011588507186388597,0.006239503156393766,0.0,0.0,0.0,0.0,7.702284347033128e-05,0.0028798787275960214,,,
1403,True,,,,0.00022742972942069173,0.0,,,,,,0.0057174148969352245,0.06380443274974823,6.538182788062841e-05,0.012357979081571102,0.0,0.0,0.0,0.0,8.264580537797883e-05,0.0028740742175611934,,,
1404,True,,,,0.0004332185199018568,0.0,,,,,,0.003801442449912429,0.06671229004859924,0.0001013605942716822,0.010956570506095886,0.0,0.0,0.0,0.0,0.00014927148004062474,0.0028682763249739964,,,
1405,True,,,,0.0002223580377176404,0.0,,,,,,0.0021319473162293434,0.03210471197962761,6.387721805367619e-05,0.005596715025603771,0.0,0.0,0.0,0.0,8.28075862955302e-05,0.002862485064445372,,,
1406,True,,,,0.0003522300976328552,0.0,,,,,,0.0027497641276568174,0.050429798662662506,0.00010288268094882369,0.00819641537964344,0.0,0.0,0.0,0.0,8.051737677305937e-05,0.0028567004505695493,,,
1407,True,,,,0.00019538792548701167,0.0,,,,,,0.002977356081828475,0.03886953368782997,4.9931077228393406e-05,0.007084662560373545,0.0,0.0,0.0,0.0,0.00010668546019587666,0.00285092249792401,,,
1408,True,,,,0.00022282653662841767,0.0,,,,,,0.00365721108391881,0.04722513258457184,5.3506366384681314e-05,0.00862930342555046,0.0,0.0,0.0,0.0,6.089522139518522e-05,0.002845151221069445,,,
1409,True,,,,0.00016129891446325928,0.0,,,,,,0.003643044736236334,0.060231924057006836,5.413807957665995e-05,0.009854604490101337,0.0,0.0,0.0,0.0,8.154807437676936e-05,0.0028393866345497254,,,
1410,True,,,,0.0004968522698618472,0.0,,,,,,0.003754229983314872,0.055637210607528687,0.0001261396100744605,0.009877873584628105,0.0,0.0,0.0,0.0,7.354713306995109e-05,0.0028336287528918603,,,
1411,True,,,,0.00022514542797580361,0.0,,,,,,0.00296064093708992,0.04492165893316269,6.67116983095184e-05,0.00771130807697773,0.0,0.0,0.0,0.0,7.198082312243059e-05,0.002827877590605965,,,
1412,True,,,,0.0004196741501800716,0.0,,,,,,0.0017991019412875175,0.0405031256377697,0.00010404372005723417,0.006321110296994448,0.0,0.0,0.0,0.0,7.56880544940941e-05,0.0028221331621852155,,,
1413,True,,,,0.00021906729671172798,0.0,,,,,,0.0037732094060629606,0.06114474684000015,5.978861736366525e-05,0.010136646218597889,0.0,0.0,0.0,0.0,7.198326056823134e-05,0.002816395482105824,,,
1414,True,,,,0.0003450844087637961,0.0,,,,,,0.0028398558497428894,0.05150963366031647,0.00010907671821769327,0.008390442468225956,0.0,0.0,0.0,0.0,7.455058948835358e-05,0.0028106645648269955,,,
1415,True,,,,0.0001940922811627388,0.0,,,,,,0.002405288629233837,0.03940015286207199,5.33712372998707e-05,0.006566082127392292,0.0,0.0,0.0,0.0,6.808403850300238e-05,0.0028049404247908927,,,
1416,True,,,,0.0002210609964095056,0.0,,,,,,0.005490242503583431,0.06518499553203583,5.100356065668166e-05,0.01225530356168747,0.0,0.0,0.0,0.0,8.883627742761746e-05,0.002799223076422596,,,
1417,True,,,,0.000164911660249345,0.0,,,,,,0.0013300686841830611,0.029704350978136063,4.652883217204362e-05,0.004488680046051741,0.0,0.0,0.0,0.0,8.896070357877761e-05,0.002793512534130075,,,
1418,True,,,,0.0005006145220249891,0.0,,,,,,0.0032083773985505104,0.04622476175427437,0.00011377148621249944,0.008388354443013668,0.0,0.0,0.0,0.0,0.00013092723384033889,0.0027878088123041433,,,
1419,True,,,,0.00022907332458999008,0.0,,,,,,0.003938932903110981,0.0471215546131134,5.868280277354643e-05,0.008909503929316998,0.0,0.0,0.0,0.0,7.97849424998276e-05,0.0027821119253184307,,,
1420,True,,,,0.0004242776776663959,0.0,,,,,,0.0031478004530072212,0.05476301908493042,9.841978317126632e-05,0.009097591042518616,0.0,0.0,0.0,0.0,0.0001026323443511501,0.002776421887529341,,,
1421,True,,,,0.00021634058794006705,0.0,,,,,,0.006056217011064291,0.05835900455713272,6.396412209142e-05,0.012140439823269844,0.0,0.0,0.0,0.0,9.002229489851743e-05,0.0027707387132760177,,,
1422,True,,,,0.00034297496313229203,0.0,,,,,,0.004992743022739887,0.0693105161190033,0.00010716100223362446,0.012320350855588913,0.0,0.0,0.0,0.0,9.598913311492652e-05,0.0027650624168803085,,,
1423,True,,,,0.00019334620446898043,0.0,,,,,,0.0032874983735382557,0.04134589806199074,5.112874350743368e-05,0.007640998810529709,0.0,0.0,0.0,0.0,7.323067984543741e-05,0.002759393012646728,,,
1424,True,,,,0.00022475316654890776,0.0,,,,,,0.002864943351596594,0.050677068531513214,4.846805677516386e-05,0.008181637153029442,0.0,0.0,0.0,0.0,6.773939094273373e-05,0.0027537305148624216,,,
1425,True,,,,0.00016573735047131777,0.0,,,,,,0.0031601288355886936,0.0446314662694931,4.742133751278743e-05,0.007812723517417908,0.0,0.0,0.0,0.0,7.717601693002507e-05,0.0027480749377971313,,,
1426,True,,,,0.0004955384647473693,0.0,,,,,,0.0014004212571308017,0.0306859090924263,0.00012506532948464155,0.005027083680033684,0.0,0.0,0.0,0.0,5.275655712466687e-05,0.0027424262957031586,,,
1427,True,,,,0.00022421643370762467,0.0,,,,,,0.002915516961365938,0.054056305438280106,6.783173739677295e-05,0.008579280227422714,0.0,0.0,0.0,0.0,6.291140743996948e-05,0.0027367846028153297,,,
1428,True,,,,0.00042258139001205564,0.0,,,,,,0.004023549612611532,0.05316460132598877,0.00010993695468641818,0.009817559272050858,0.0,0.0,0.0,0.0,6.69292567181401e-05,0.002731149873350953,,,
1429,True,,,,0.00021274462051223963,0.0,,,,,,0.0021695008035749197,0.04769189655780792,6.511176616186276e-05,0.007183990906924009,0.0,0.0,0.0,0.0,7.548068970208988e-05,0.0027255221215097968,,,
1430,True,,,,0.0003420392458792776,0.0,,,,,,0.004988439381122589,0.048097848892211914,0.00010611035395413637,0.010193319991230965,0.0,0.0,0.0,0.0,6.398981349775568e-05,0.0027199013614740393,,,
1431,True,,,,0.000190107268281281,0.0,,,,,,0.005923944525420666,0.04945847764611244,5.957868415862322e-05,0.011089688166975975,0.0,0.0,0.0,0.0,9.951922402251512e-05,0.0027142876074082423,,,
1432,True,,,,0.00022354998509399593,0.0,,,,,,0.00375967170111835,0.05785945802927017,5.6514545576646924e-05,0.009797425009310246,0.0,0.0,0.0,0.0,0.00010519939678488299,0.0027086808734593103,,,
1433,True,,,,0.00016203217091970146,0.0,,,,,,0.002270644996315241,0.04457338899374008,6.189531268319115e-05,0.006920963991433382,0.0,0.0,0.0,0.0,7.544388790847734e-05,0.0027030811737564575,,,
1434,True,,,,0.0004918634658679366,0.0,,,,,,0.0024308720603585243,0.043196216225624084,0.00013507611583918333,0.007309895474463701,0.0,0.0,0.0,0.0,5.947609315626323e-05,0.002697488522411172,,,
1435,True,,,,0.0002284972433699295,0.0,,,,,,0.0025327694602310658,0.03439542278647423,5.852291360497475e-05,0.0062300702556967735,0.0,0.0,0.0,0.0,6.241117807803676e-05,0.00269190293351718,,,
1436,True,,,,0.00042445078724995255,0.0,,,,,,0.0023243501782417297,0.04028588905930519,9.328457235824317e-05,0.00682403240352869,0.0,0.0,0.0,0.0,7.803391054039821e-05,0.002686324421150409,,,
1437,True,,,,0.00021967047359794378,0.0,,,,,,0.0036044723819941282,0.058563537895679474,5.540991696761921e-05,0.009708201512694359,0.0,0.0,0.0,0.0,8.945149602368474e-05,0.0026807529993689537,,,
1438,True,,,,0.0003434429527260363,0.0,,,,,,0.001787831773981452,0.038913093507289886,0.00010392471449449658,0.006074546370655298,0.0,0.0,0.0,0.0,7.652037311345339e-05,0.00267518868221304,,,
1439,True,,,,0.00019107986008748412,0.0,,,,,,0.006741044577211142,0.06458519399166107,5.304705700837076e-05,0.013417166657745838,0.0,0.0,0.0,0.0,9.401343413628638e-05,0.002669631483704992,,,
1440,True,,,,0.0002216177963418886,0.0,,,,,,0.005580647848546505,0.05807695910334587,5.4539959819521755e-05,0.011637231335043907,0.0,0.0,0.0,0.0,0.00013364438200369477,0.0026640814178491897,,,
1441,True,,,,0.00016131109441630542,0.0,,,,,,0.0032150556799024343,0.0470268614590168,5.2992134442320094e-05,0.008105549030005932,0.0,0.0,0.0,0.0,0.00010582329559838399,0.0026585384986320426,,,
1442,True,,,,0.0005003231344744563,0.0,,,,,,0.0032736100256443024,0.053683143109083176,0.00012009167403448373,0.009202294051647186,0.0,0.0,0.0,0.0,9.457307896809652e-05,0.0026530027400219493,,,
1443,True,,,,0.0002329564158571884,0.0,,,,,,0.005000208038836718,0.053285613656044006,5.428778240457177e-05,0.010588870383799076,0.0,0.0,0.0,0.0,9.531294927001e-05,0.002647474155969264,,,
1444,True,,,,0.0004232623032294214,0.0,,,,,,0.0032780198380351067,0.030859582126140594,9.67324449447915e-05,0.0068356068804860115,0.0,0.0,0.0,0.0,5.64468173251953e-05,0.002641952760406258,,,
1445,True,,,,0.0002157116396119818,0.0,,,,,,0.003463537199422717,0.051253095269203186,5.894587957300246e-05,0.008834031410515308,0.0,0.0,0.0,0.0,7.823136547813192e-05,0.0026364385672470905,,,
1446,True,,,,0.000338884157827124,0.0,,,,,,0.005413830280303955,0.058018140494823456,0.00010624186688801274,0.011607648804783821,0.0,0.0,0.0,0.0,8.364622772205621e-05,0.0026309315903877677,,,
1447,True,,,,0.0001914969034260139,0.0,,,,,,0.0018726640846580267,0.03724469989538193,5.1213050028309226e-05,0.005814237520098686,0.0,0.0,0.0,0.0,6.444754399126396e-05,0.002625431843706114,,,
1448,True,,,,0.00022121059009805322,0.0,,,,,,0.007336650043725967,0.07819953560829163,5.156395127414726e-05,0.015403595753014088,0.0,0.0,0.0,0.0,0.00010495627793716267,0.0026199393410617287,,,
1449,True,,,,0.00016606929420959204,0.0,,,,,,0.0017532508354634047,0.040001031011343,4.4351683754939586e-05,0.005941599141806364,0.0,0.0,0.0,0.0,6.648635462624952e-05,0.0026144540962959612,,,
1450,True,,,,0.0005014416528865695,0.0,,,,,,0.003024137346073985,0.04885423928499222,0.00011601290316320956,0.008469009771943092,0.0,0.0,0.0,0.0,7.479355554096401e-05,0.0026089761232318664,,,
1451,True,,,,0.00022571573208551854,0.0,,,,,,0.0033786955755203962,0.0524577870965004,5.609777144854888e-05,0.008878238499164581,0.0,0.0,0.0,0.0,6.660642975475639e-05,0.002603505435674175,,,
1452,True,,,,0.0004214648506604135,0.0,,,,,,0.003938826732337475,0.0472646988928318,9.468162170378491e-05,0.009134102612733841,0.0,0.0,0.0,0.0,5.8471727243158966e-05,0.0025980420474092584,,,
1453,True,,,,0.00021512884995900095,0.0,,,,,,0.002064685570076108,0.045187775045633316,5.933390639256686e-05,0.006828259211033583,0.0,0.0,0.0,0.0,7.589937740704045e-05,0.0025925859722050943,,,
1454,True,,,,0.0003371307975612581,0.0,,,,,,0.003321926575154066,0.04570715129375458,0.00010318320710211992,0.008281364105641842,0.0,0.0,0.0,0.0,7.312920934055e-05,0.002587137223811232,,,
1455,True,,,,0.00018955577979795635,0.0,,,,,,0.0027935076504945755,0.048840779811143875,5.384780160966329e-05,0.007894065231084824,0.0,0.0,0.0,0.0,6.282168033067137e-05,0.0025816958159587513,,,
1456,True,,,,0.0002207969519076869,0.0,,,,,,0.007051119115203619,0.0808391124010086,5.179713116376661e-05,0.015381726436316967,0.0,0.0,0.0,0.0,8.491775952279568e-05,0.0025762617623602403,,,
1457,True,,,,0.00016277458053082228,0.0,,,,,,0.0023876498453319073,0.040200069546699524,5.0080147047992796e-05,0.006595471408218145,0.0,0.0,0.0,0.0,7.699152774875984e-05,0.0025708350767097523,,,
1458,True,,,,0.000495947664603591,0.0,,,,,,0.0028216075152158737,0.04591434448957443,0.0001215229494846426,0.0079697510227561,0.0,0.0,0.0,0.0,6.061996100470424e-05,0.0025654157726827703,,,
1459,True,,,,0.0002262568159494549,0.0,,,,,,0.0032472778111696243,0.04470079392194748,5.809831418446265e-05,0.007972663268446922,0.0,0.0,0.0,0.0,6.70836670906283e-05,0.0025600038639361773,,,
1460,True,,,,0.000422038312535733,0.0,,,,,,0.002502014394849539,0.06225069612264633,0.00010663901775842533,0.009202441200613976,0.0,0.0,0.0,0.0,9.858527482720092e-05,0.0025545993641082187,,,
1461,True,,,,0.00021672024740837514,0.0,,,,,,0.005394305568188429,0.04885757341980934,6.145179941086099e-05,0.010527510195970535,0.0,0.0,0.0,0.0,9.04997214092873e-05,0.0025492022868184726,,,
1462,True,,,,0.000338974961778149,0.0,,,,,,0.0032116759102791548,0.05587390810251236,0.00011890733730979264,0.009197495877742767,0.0,0.0,0.0,0.0,0.0001030559724313207,0.0025438126456678073,,,
1463,True,,,,0.00019765071920119226,0.0,,,,,,0.003436075057834387,0.047840312123298645,4.30796790169552e-05,0.00843929685652256,0.0,0.0,0.0,0.0,7.475854363292456e-05,0.0025384304542383548,,,
1464,True,,,,0.00022460070613306016,0.0,,,,,,0.0054017617367208,0.05724678561091423,5.04783820360899e-05,0.011376279406249523,0.0,0.0,0.0,0.0,8.679708116687834e-05,0.0025330557260934716,,,
1465,True,,,,0.00016254690126515925,0.0,,,,,,0.0032434777822345495,0.05964130163192749,4.8704343498684466e-05,0.009394506923854351,0.0,0.0,0.0,0.0,7.618060772074386e-05,0.0025276884747777095,,,
1466,True,,,,0.0004974426119588315,0.0,,,,,,0.006014563143253326,0.07368051260709763,0.00012319166853558272,0.013941653072834015,0.0,0.0,0.0,0.0,0.00010086010297527537,0.002522328713816775,,,
1467,True,,,,0.00022826505301054567,0.0,,,,,,0.0027925302274525166,0.045354217290878296,6.082583422539756e-05,0.007586629595607519,0.0,0.0,0.0,0.0,7.072927110129967e-05,0.002516976456717498,,,
1468,True,,,,0.00041648384649306536,0.0,,,,,,0.0015662114601582289,0.03139157220721245,0.00010403276974102482,0.005173868499696255,0.0,0.0,0.0,0.0,7.726410694885999e-05,0.0025116317169678027,,,
1469,True,,,,0.00021601903426926583,0.0,,,,,,0.0026004095561802387,0.04373859986662865,6.047015995136462e-05,0.007220523431897163,0.0,0.0,0.0,0.0,7.738637941656634e-05,0.002506294508036664,,,
1470,True,,,,0.00034973336732946336,0.0,,,,,,0.0018648680998012424,0.041050300002098083,0.0001020874478854239,0.006370675750076771,0.0,0.0,0.0,0.0,7.930380525067449e-05,0.002500964843374085,,,
1471,True,,,,0.00018830073531717062,0.0,,,,,,0.0031665987335145473,0.05458051338791847,5.50444055988919e-05,0.008840473368763924,0.0,0.0,0.0,0.0,0.00012126216461183503,0.0024956427364110504,,,
1472,True,,,,0.00021904308232478797,0.0,,,,,,0.0054271407425403595,0.06838186085224152,5.8491230447543785e-05,0.012513615190982819,0.0,0.0,0.0,0.0,9.609053813619539e-05,0.0024903282005595026,,,
1473,True,,,,0.00016303203301504254,0.0,,,,,,0.003091663122177124,0.041144002228975296,6.019891588948667e-05,0.007399194873869419,0.0,0.0,0.0,0.0,6.74220354994759e-05,0.002485021249212304,,,
1474,True,,,,0.0004933404270559549,0.0,,,,,,0.0038423179648816586,0.045717108994722366,0.00012551344116218388,0.008970126509666443,0.0,0.0,0.0,0.0,0.00011835297482321039,0.0024797218957432047,,,
1475,True,,,,0.00022820878075435758,0.0,,,,,,0.0034129470586776733,0.05554845184087753,5.7033768825931475e-05,0.009224518202245235,0.0,0.0,0.0,0.0,8.123510633595288e-05,0.002474430153506806,,,
1476,True,,,,0.00041505973786115646,0.0,,,,,,0.003822911065071821,0.04920252412557602,0.00010077607294078916,0.009208611212670803,0.0,0.0,0.0,0.0,6.30050417385064e-05,0.0024691460358385302,,,
1477,True,,,,0.00021045222820248455,0.0,,,,,,0.005654774606227875,0.07268805056810379,6.571396079380065e-05,0.013166888616979122,0.0,0.0,0.0,0.0,9.807619790080935e-05,0.0024638695560545835,,,
1478,True,,,,0.00033160531893372536,0.0,,,,,,0.0024303183890879154,0.03599439561367035,0.00011007559078279883,0.006416400894522667,0.0,0.0,0.0,0.0,6.269592267926782e-05,0.002458600727451927,,,
1479,True,,,,0.00019228411838412285,0.0,,,,,,0.0017623230814933777,0.05072294920682907,4.520281800068915e-05,0.0070495037361979485,0.0,0.0,0.0,0.0,7.915547030279413e-05,0.0024533395633082374,,,
1480,True,,,,0.00021597088198177516,0.0,,,,,,0.003974163439124823,0.06054745614528656,5.293272988637909e-05,0.01027134619653225,0.0,0.0,0.0,0.0,8.517525566276163e-05,0.002448086076881877,,,
1481,True,,,,0.00016296538524329662,0.0,,,,,,0.0026636472903192043,0.04359021410346031,4.8950983909890056e-05,0.007210109382867813,0.0,0.0,0.0,0.0,6.415298412321135e-05,0.002442840281411865,,,
1482,True,,,,0.0004966240376234055,0.0,,,,,,0.0064475638791918755,0.061309121549129486,0.00011552550131455064,0.013132862746715546,0.0,0.0,0.0,0.0,9.432290244149044e-05,0.0024376021901178304,,,
1483,True,,,,0.0002242647751700133,0.0,,,,,,0.0046685077250003815,0.057339273393154144,6.338153616525233e-05,0.010658390820026398,0.0,0.0,0.0,0.0,7.816270226612687e-05,0.0024323718161999943,,,
1484,True,,,,0.00041669432539492846,0.0,,,,,,0.004387959372252226,0.055781442672014236,0.00010202900739386678,0.010433811694383621,0.0,0.0,0.0,0.0,9.149013203568757e-05,0.0024271491728391267,,,
1485,True,,,,0.00021707476116716862,0.0,,,,,,0.003256961703300476,0.04222509264945984,7.404678035527468e-05,0.007733569480478764,0.0,0.0,0.0,0.0,0.00012675415200646967,0.0024219342731965185,,,
1486,True,,,,0.0003340077237226069,0.0,,,,,,0.002472891937941313,0.03792519122362137,0.00012156432785559446,0.006660201121121645,0.0,0.0,0.0,0.0,7.312114030355588e-05,0.0024167271304139427,,,
1487,True,,,,0.00019218194938730448,0.0,,,,,,0.004912788514047861,0.05339030176401138,5.189200601307675e-05,0.010469946078956127,0.0,0.0,0.0,0.0,7.477430335711688e-05,0.0024115277576136265,,,
1488,True,,,,0.0002194970438722521,0.0,,,,,,0.004855492152273655,0.05916859582066536,5.1048318709945306e-05,0.011017371900379658,0.0,0.0,0.0,0.0,7.47807280276902e-05,0.0024063361678982164,,,
1489,True,,,,0.00016370820230804384,0.0,,,,,,0.002533395541831851,0.039122048765420914,4.915412500849925e-05,0.006633886136114597,0.0,0.0,0.0,0.0,7.922155782580376e-05,0.0024011523743507463,,,
1490,True,,,,0.00048642687033861876,0.0,,,,,,0.0026923450641334057,0.04146881401538849,0.00012734535266645253,0.007389326114207506,0.0,0.0,0.0,0.0,7.189943426055834e-05,0.002395976390034602,,,
1491,True,,,,0.00022439981694333255,0.0,,,,,,0.0031540128402411938,0.05655723065137863,5.550575951929204e-05,0.009061887860298157,0.0,0.0,0.0,0.0,7.987912249518558e-05,0.002390808227993489,,,
1492,True,,,,0.00041254458483308554,0.0,,,,,,0.0026889590080827475,0.049234919250011444,9.741955727804452e-05,0.00807370524853468,0.0,0.0,0.0,0.0,7.674483640585095e-05,0.002385647901251402,,,
1493,True,,,,0.00021046258916612715,0.0,,,,,,0.005249516107141972,0.06425591558218002,5.7993322116089985e-05,0.011914567090570927,0.0,0.0,0.0,0.0,9.602630598237738e-05,0.002380495422812591,,,
1494,True,,,,0.00034555920865386724,0.0,,,,,,0.0032926127314567566,0.05010667443275452,9.571311238687485e-05,0.00869669672101736,0.0,0.0,0.0,0.0,9.067310020327568e-05,0.0023753508056615245,,,
1495,True,,,,0.00018840683333110064,0.0,,,,,,0.00311225070618093,0.0561913438141346,5.123511073179543e-05,0.008945409208536148,0.0,0.0,0.0,0.0,8.649927622172982e-05,0.002370214062762863,,,
1496,True,,,,0.00021871265198569745,0.0,,,,,,0.004963463172316551,0.05770488083362579,4.951324808644131e-05,0.010977420024573803,0.0,0.0,0.0,0.0,7.889281550887972e-05,0.002365085207061423,,,
1497,True,,,,0.0001621216651983559,0.0,,,,,,0.0037370845675468445,0.07210712134838104,4.813208579435013e-05,0.011133985593914986,0.0,0.0,0.0,0.0,7.378317968687043e-05,0.002359964251482146,,,
1498,True,,,,0.0004914351738989353,0.0,,,,,,0.005761697422713041,0.06603802740573883,0.00011845444532809779,0.012916162610054016,0.0,0.0,0.0,0.0,7.855024159653112e-05,0.002354851208930062,,,
1499,True,,,,0.00022481870837509632,0.0,,,,,,0.0023823108058422804,0.054728470742702484,5.837808930664323e-05,0.008109165355563164,0.0,0.0,0.0,0.0,0.00011215122503926978,0.0023497460922902607,,,
1500,True,,,,0.00041663157753646374,0.0,,,,,,0.0033193365670740604,0.053931742906570435,9.544995555188507e-05,0.009176868014037609,0.0,0.0,0.0,0.0,6.757205119356513e-05,0.002344648914427861,6.518585327706613e-05,1.115311719196095e-05,8.092471040555846e-06
1501,True,,,,0.0002115286042680964,0.0,,,,,,0.006073202006518841,0.06440035253763199,6.439690332626924e-05,0.012756964191794395,0.0,0.0,0.0,0.0,9.661180956754833e-05,0.0023395596881879734,,,
1502,True,,,,0.00033269840059801936,0.0,,,,,,0.0014469875022768974,0.028948942199349403,0.0001117446445277892,0.0047304523177444935,0.0,0.0,0.0,0.0,7.153305341489613e-05,0.0023344784263956693,,,
1503,True,,,,0.00019082029757555574,0.0,,,,,,0.003037757705897093,0.04884105175733566,5.3819028835278004e-05,0.008139593526721,0.0,0.0,0.0,0.0,8.904972492018715e-05,0.0023294051418559507,,,
1504,True,,,,0.00021739007206633687,0.0,,,,,,0.0034992429427802563,0.05447518453001976,5.1944502047263086e-05,0.009190123528242111,0.0,0.0,0.0,0.0,9.815740486374125e-05,0.002324339847353716,,,
1505,True,,,,0.00016235504881478846,0.0,,,,,,0.005020814016461372,0.051235590130090714,4.7170251491479576e-05,0.010330312885344028,0.0,0.0,0.0,0.0,7.341463060583919e-05,0.002319282555653731,,,
1506,True,,,,0.0004884328227490187,0.0,,,,,,0.003883015364408493,0.04681141674518585,0.00012397769023664296,0.009114579297602177,0.0,0.0,0.0,0.0,7.533189636887982e-05,0.0023142332795005878,,,
1507,True,,,,0.00022933648142497987,0.0,,,,,,0.0027438837569206953,0.04877999424934387,5.56492232135497e-05,0.007879044860601425,0.0,0.0,0.0,0.0,7.03810655977577e-05,0.002309192031618684,,,
1508,True,,,,0.00041410670382902026,0.0,,,,,,0.002450775820761919,0.05804802477359772,9.593518188921735e-05,0.008717653341591358,0.0,0.0,0.0,0.0,7.946814002934843e-05,0.0023041588247121846,,,
1509,True,,,,0.00021428262698464096,0.0,,,,,,0.005134545732289553,0.06551849097013474,5.602743476629257e-05,0.01192869059741497,0.0,0.0,0.0,0.0,7.512787124142051e-05,0.002299133671464993,,,
1510,True,,,,0.0003412593505345285,0.0,,,,,,0.00408534100279212,0.05081809684634209,9.681184019427747e-05,0.009556815028190613,0.0,0.0,0.0,0.0,7.278318662429228e-05,0.002294116584540711,,,
1511,True,,,,0.00019076575699727982,0.0,,,,,,0.003818710334599018,0.04540235921740532,4.8487050662515685e-05,0.008573954924941063,0.0,0.0,0.0,0.0,8.315902960021049e-05,0.0022891075765826183,,,
1512,True,,,,0.00021964634652249515,0.0,,,,,,0.0020827644038945436,0.04380393773317337,4.8658897867426276e-05,0.00670713372528553,0.0,0.0,0.0,0.0,9.343098645331338e-05,0.002284106660213634,,,
1513,True,,,,0.00016288371989503503,0.0,,,,,,0.0027122655883431435,0.05167408287525177,4.477139736991376e-05,0.008064943365752697,0.0,0.0,0.0,0.0,7.316989649552852e-05,0.0022791138480362867,,,
1514,True,,,,0.000493762781843543,0.0,,,,,,0.002624820452183485,0.051724355667829514,0.00011346509563736618,0.008347751572728157,0.0,0.0,0.0,0.0,8.018254447961226e-05,0.0022741291526326784,,,
1515,True,,,,0.0002253698039567098,0.0,,,,,,0.004158098250627518,0.04811711609363556,5.516374221770093e-05,0.00922276172786951,0.0,0.0,0.0,0.0,7.069313141983002e-05,0.0022691525865644606,,,
1516,True,,,,0.00041319761658087373,0.0,,,,,,0.004049952141940594,0.07179997861385345,0.00010276565444655716,0.011694530956447124,0.0,0.0,0.0,0.0,7.29322709958069e-05,0.0022641841623727977,,,
1517,True,,,,0.00021059636492282152,0.0,,,,,,0.0006809262558817863,0.017623674124479294,6.105795910116285e-05,0.0026844190433621407,0.0,0.0,0.0,0.0,5.996718755341135e-05,0.002259223892578335,,,
1518,True,,,,0.0003372731152921915,0.0,,,,,,0.00589868426322937,0.06339002400636673,0.00011588219786062837,0.012632900848984718,0.0,0.0,0.0,0.0,0.00010014513827627525,0.0022542717896811685,,,
1519,True,,,,0.00019282374705653638,0.0,,,,,,0.002837196458131075,0.03701264411211014,4.9252601456828415e-05,0.0067559112794697285,0.0,0.0,0.0,0.0,7.275827374542132e-05,0.0022493278661608147,,,
1520,True,,,,0.00021787713922094554,0.0,,,,,,0.0022481828927993774,0.05103292316198349,5.2305775170680135e-05,0.007595505565404892,0.0,0.0,0.0,0.0,7.541632658103481e-05,0.0022443921344761776,,,
1521,True,,,,0.00016099901404231787,0.0,,,,,,0.0037849578075110912,0.05156152695417404,4.888232069788501e-05,0.00912654958665371,0.0,0.0,0.0,0.0,7.592600013595074e-05,0.0022394646070655138,,,
1522,True,,,,0.00048658240120857954,0.0,,,,,,0.0016474982257932425,0.04202476143836975,0.0001187278758152388,0.006395920645445585,0.0,0.0,0.0,0.0,0.00010249760816805065,0.0022345452963464093,,,
1523,True,,,,0.00022277810785453767,0.0,,,,,,0.004022532142698765,0.06944231688976288,5.871687608305365e-05,0.011218899860978127,0.0,0.0,0.0,0.0,7.683172589167953e-05,0.002229634214715741,,,
1524,True,,,,0.0004137289652135223,0.0,,,,,,0.0035988702438771725,0.052398428320884705,9.873684030026197e-05,0.009301810525357723,0.0,0.0,0.0,0.0,6.357616075547412e-05,0.002224731374549652,,,
1525,True,,,,0.0002114191884174943,0.0,,,,,,0.0032750489190220833,0.06158348172903061,6.541555922012776e-05,0.0096775246784091,0.0,0.0,0.0,0.0,0.000107321742689237,0.002219836788203509,,,
1526,True,,,,0.00034700334072113037,0.0,,,,,,0.0037802427541464567,0.0524764209985733,8.680098108015954e-05,0.009418289177119732,0.0,0.0,0.0,0.0,8.495499059790745e-05,0.002214950468011886,,,
1527,True,,,,0.0001918975031003356,0.0,,,,,,0.003091034246608615,0.06299645453691483,4.490477658691816e-05,0.009605029597878456,0.0,0.0,0.0,0.0,7.976897904882208e-05,0.0022100724262885223,,,
1528,True,,,,0.00021892231598030776,0.0,,,,,,0.004096941091120243,0.06006215140223503,5.0841172196669504e-05,0.010347499512135983,0.0,0.0,0.0,0.0,8.28688353067264e-05,0.0022052026753262973,,,
1529,True,,,,0.000162347627338022,0.0,,,,,,0.005466238595545292,0.05836278945207596,5.316565511748195e-05,0.011491447687149048,0.0,0.0,0.0,0.0,9.056893759407103e-05,0.002200341227397195,,,
1530,True,,,,0.0004886608803644776,0.0,,,,,,0.004108534660190344,0.04786665365099907,0.00012336748477537185,0.009445544332265854,0.0,0.0,0.0,0.0,7.331592496484518e-05,0.0021954880947522766,,,
1531,True,,,,0.00021971811656840146,0.0,,,,,,0.003533411305397749,0.047443293035030365,6.783980643376708e-05,0.008531378582119942,0.0,0.0,0.0,0.0,6.500630843220279e-05,0.002190643289621649,,,
1532,True,,,,0.0004140593227930367,0.0,,,,,,0.003332173451781273,0.05432175472378731,0.00010975272016366944,0.009233284741640091,0.0,0.0,0.0,0.0,8.401046943617985e-05,0.002185806824214433,,,
1533,True,,,,0.00020937816589139402,0.0,,,,,,0.0026785607915371656,0.03703955560922623,6.717362703057006e-05,0.00662548141553998,0.0,0.0,0.0,0.0,5.199696897761896e-05,0.0021809787107187305,,,
1534,True,,,,0.00032945943530648947,0.0,,,,,,0.004121626727283001,0.04714789614081383,0.00011536182137206197,0.009223556146025658,0.0,0.0,0.0,0.0,6.538096931762993e-05,0.002176158961301599,,,
1535,True,,,,0.00018623651703819633,0.0,,,,,,0.004395843483507633,0.06151451915502548,5.285253791953437e-05,0.010759958066046238,0.0,0.0,0.0,0.0,8.164409518940374e-05,0.002171347588109019,,,
1536,True,,,,0.00021932070376351476,0.0,,,,,,0.0031323391012847424,0.05571020394563675,5.2115152357146144e-05,0.008948737755417824,0.0,0.0,0.0,0.0,7.43879281799309e-05,0.0021665446032658607,,,
1537,True,,,,0.00015893908857833594,0.0,,,,,,0.005171623080968857,0.07580503076314926,4.9862515879794955e-05,0.012935997918248177,0.0,0.0,0.0,0.0,9.464087634114549e-05,0.0021617500188758536,,,
1538,True,,,,0.0004850624536629766,0.0,,,,,,0.0022410755045711994,0.042441561818122864,0.0001279905263800174,0.00703428965061903,0.0,0.0,0.0,0.0,6.866143667139113e-05,0.002156963847021562,,,
1539,True,,,,0.00022283608268480748,0.0,,,,,,0.004554415587335825,0.06039061397314072,6.211322033777833e-05,0.010847370140254498,0.0,0.0,0.0,0.0,7.726228795945644e-05,0.002152186099764346,,,
1540,True,,,,0.00041472408338449895,0.0,,,,,,0.006660830229520798,0.07126918435096741,0.00010326710616936907,0.01425410620868206,0.0,0.0,0.0,0.0,9.663168748375028e-05,0.0021474167891443402,,,
1541,True,,,,0.00020966402371414006,0.0,,,,,,0.0023608775809407234,0.046586066484451294,6.12003423157148e-05,0.007259748410433531,0.0,0.0,0.0,0.0,5.7150227803504094e-05,0.0021426559271804126,,,
1542,True,,,,0.00033506224281154573,0.0,,,,,,0.0045081996358931065,0.05334518849849701,0.00010097240738105029,0.010228266008198261,0.0,0.0,0.0,0.0,8.02415597718209e-05,0.002137903525870144,,,
1543,True,,,,0.00019279214029666036,0.0,,,,,,0.005310562904924154,0.058563802391290665,4.124036058783531e-05,0.011380355805158615,0.0,0.0,0.0,0.0,8.40695429360494e-05,0.002133159597189793,,,
1544,True,,,,0.0002195353590650484,0.0,,,,,,0.0059803929179906845,0.060728542506694794,5.083800351712853e-05,0.012298201210796833,0.0,0.0,0.0,0.0,0.00011413473112042993,0.002128424153094269,,,
1545,True,,,,0.0001610941835679114,0.0,,,,,,0.003117825835943222,0.05401459336280823,5.2573879656847566e-05,0.00870666652917862,0.0,0.0,0.0,0.0,8.141426224028692e-05,0.0021236972055170963,,,
1546,True,,,,0.00048774387687444687,0.0,,,,,,0.0019214346539229155,0.04402022808790207,0.00011385645484551787,0.006868129596114159,0.0,0.0,0.0,0.0,7.369731611106545e-05,0.0021189787663703887,,,
1547,True,,,,0.0002216191205661744,0.0,,,,,,0.0013708272017538548,0.03213246539235115,6.131453847046942e-05,0.004836350213736296,0.0,0.0,0.0,0.0,6.803275755373761e-05,0.0021142688475448202,,,
1548,True,,,,0.00041286874329671264,0.0,,,,,,0.006164819933474064,0.07842221111059189,0.00010094714525621384,0.014470383524894714,0.0,0.0,0.0,0.0,8.60276777530089e-05,0.0021095674609095923,,,
1549,True,,,,0.00020934092754032463,0.0,,,,,,0.006054060533642769,0.07634720951318741,6.378092075465247e-05,0.01393001340329647,0.0,0.0,0.0,0.0,9.930702071869746e-05,0.0021048746183124018,,,
1550,True,,,,0.0003246186242904514,0.0,,,,,,0.0040932283736765385,0.06810374557971954,0.00012224039528518915,0.011289341375231743,0.0,0.0,0.0,0.0,0.0001092967067961581,0.0021001903315794193,,,
1551,True,,,,0.0001927035627886653,0.0,,,,,,0.003076301421970129,0.046761397272348404,5.342373333405703e-05,0.007971856743097305,0.0,0.0,0.0,0.0,9.092860273085535e-05,0.0020955146125152526,,,
1552,True,,,,0.0002223543415311724,0.0,,,,,,0.0010871252743527293,0.02888217568397522,5.2427461923798546e-05,0.004223911091685295,0.0,0.0,0.0,0.0,8.225021156249568e-05,0.0020908474729029155,,,
1553,True,,,,0.00016073809820227325,0.0,,,,,,0.00522436760365963,0.060220371931791306,4.818166416953318e-05,0.011431233957409859,0.0,0.0,0.0,0.0,7.816221477696672e-05,0.002086188924503804,,,
1554,True,,,,0.0004931786097586155,0.0,,,,,,0.00550504308193922,0.06794333457946777,0.00011709069076459855,0.012851100414991379,0.0,0.0,0.0,0.0,8.12771322671324e-05,0.0020815389790576643,,,
1555,True,,,,0.00023199539282359183,0.0,,,,,,0.0021476687397807837,0.04299643635749817,5.8265093684894964e-05,0.006708440370857716,0.0,0.0,0.0,0.0,6.652122101513669e-05,0.002076897648282564,,,
1556,True,,,,0.0004263828741386533,0.0,,,,,,0.00169964914675802,0.039443712681531906,9.497239807387814e-05,0.006117889657616615,0.0,0.0,0.0,0.0,7.017963071120903e-05,0.002072264943874854,,,
1557,True,,,,0.00021757232025265694,0.0,,,,,,0.002914480632171035,0.050349652767181396,5.7932640629587695e-05,0.008195985108613968,0.0,0.0,0.0,0.0,7.95462547102943e-05,0.0020676408775091573,,,
1558,True,,,,0.0003312372136861086,0.0,,,,,,0.0031016580760478973,0.04906870797276497,0.0001115596605814062,0.008395545184612274,0.0,0.0,0.0,0.0,5.892218541703187e-05,0.0020630254608383193,,,
1559,True,,,,0.00018956582061946392,0.0,,,,,,0.003033196087926626,0.054649919271469116,5.466816946864128e-05,0.008715088479220867,0.0,0.0,0.0,0.0,9.370691986987367e-05,0.0020584187054933944,,,
1560,True,,,,0.00021947844652459025,0.0,,,,,,0.004693733062595129,0.06022295355796814,5.168090501683764e-05,0.010961347259581089,0.0,0.0,0.0,0.0,7.400140748359263e-05,0.0020538206230836047,,,
1561,True,,,,0.0001577770453877747,0.0,,,,,,0.003014613874256611,0.05104925483465195,5.564627281273715e-05,0.0083051398396492,0.0,0.0,0.0,0.0,7.091261795721948e-05,0.00204923122519632,,,
1562,True,,,,0.0004934431053698063,0.0,,,,,,0.005985948722809553,0.06391835957765579,0.00011950072075705975,0.012930978089571,0.0,0.0,0.0,0.0,7.568629371235147e-05,0.0020446505233970226,,,
1563,True,,,,0.00022419189917854965,0.0,,,,,,0.005027911625802517,0.06360574066638947,6.965805368963629e-05,0.01164750661700964,0.0,0.0,0.0,0.0,7.963613461470231e-05,0.0020400785292292827,,,
1564,True,,,,0.0004162470286246389,0.0,,,,,,0.004895446822047234,0.06448328495025635,0.00010653258505044505,0.011813288554549217,0.0,0.0,0.0,0.0,7.422942871926352e-05,0.0020355152542147225,,,
1565,True,,,,0.0002134759270120412,0.0,,,,,,0.0028453494887799025,0.04304293170571327,6.163477519294247e-05,0.0073939356952905655,0.0,0.0,0.0,0.0,7.104065298335627e-05,0.0020309607098529963,,,
1566,True,,,,0.0003295370261184871,0.0,,,,,,0.003130808239802718,0.04180984944105148,0.00011218457802897319,0.007697422057390213,0.0,0.0,0.0,0.0,6.999792822171003e-05,0.0020264149076217536,,,
1567,True,,,,0.00018755548808258027,0.0,,,,,,0.0022967997938394547,0.04790545254945755,5.063676508143544e-05,0.007300219032913446,0.0,0.0,0.0,0.0,7.248231122503057e-05,0.002021877858976617,,,
1568,True,,,,0.00022028738749213517,0.0,,,,,,0.003709175391122699,0.06897003203630447,5.122650691191666e-05,0.010852079838514328,0.0,0.0,0.0,0.0,9.899000724544749e-05,0.002017349575351144,,,
1569,True,,,,0.00016073594451881945,0.0,,,,,,0.003166449721902609,0.042463816702365875,5.022032928536646e-05,0.007598677650094032,0.0,0.0,0.0,0.0,6.137700256658718e-05,0.0020128300681568085,,,
1570,True,,,,0.0004903676453977823,0.0,,,,,,0.0025934968143701553,0.051434412598609924,0.00012400496052578092,0.008289308287203312,0.0,0.0,0.0,0.0,0.00010352703247917816,0.0020083193487829658,,,
1571,True,,,,0.00022218596132006496,0.0,,,,,,0.004399670287966728,0.05890466272830963,6.132748239906505e-05,0.01054298598319292,0.0,0.0,0.0,0.0,9.407453035237268e-05,0.0020038174285968257,,,
1572,True,,,,0.0004140181408729404,0.0,,,,,,0.002320030936971307,0.03851398080587387,0.00010309926437912509,0.006636996753513813,0.0,0.0,0.0,0.0,7.113992614904419e-05,0.0019993243189434236,,,
1573,True,,,,0.00021168380044400692,0.0,,,,,,0.0032645883038640022,0.05177956447005272,6.908593059051782e-05,0.008688772097229958,0.0,0.0,0.0,0.0,7.775849371682853e-05,0.001994840031145592,,,
1574,True,,,,0.0003353221691213548,0.0,,,,,,0.003623110242187977,0.055060919374227524,0.00011216763232368976,0.009520608000457287,0.0,0.0,0.0,0.0,0.00011825117690023035,0.001990364576503933,,,
1575,True,,,,0.0001913375745061785,0.0,,,,,,0.0016184300184249878,0.03233678266406059,4.951277151121758e-05,0.005068202503025532,0.0,0.0,0.0,0.0,8.141559374053031e-05,0.001985897966296787,,,
1576,True,,,,0.00021933850075583905,0.0,,,,,,0.0049586109817028046,0.07637475430965424,5.428314761957154e-05,0.012842566706240177,0.0,0.0,0.0,0.0,9.159816545434296e-05,0.001981440211780206,,,
1577,True,,,,0.00016432112897746265,0.0,,,,,,0.0019219089299440384,0.03193251043558121,4.569833618006669e-05,0.0053023300133645535,0.0,0.0,0.0,0.0,6.229917926248163e-05,0.0019769913241879256,,,
1578,True,,,,0.0004973422619514167,0.0,,,,,,0.0029387902468442917,0.0516752228140831,0.00011696662841131911,0.008662138134241104,0.0,0.0,0.0,0.0,7.574131450382993e-05,0.0019725513147313386,,,
1579,True,,,,0.00022491777781397104,0.0,,,,,,0.004511247854679823,0.0662161260843277,6.14884847891517e-05,0.011388522572815418,0.0,0.0,0.0,0.0,7.66632947488688e-05,0.0019681201945994627,,,
1580,True,,,,0.0004146941937506199,0.0,,,,,,0.0042951758950948715,0.06502937525510788,0.00010767598723759875,0.011266645044088364,0.0,0.0,0.0,0.0,9.257053898181766e-05,0.001963697974958912,,,
1581,True,,,,0.00021482216834556311,0.0,,,,,,0.0035092667676508427,0.05137576162815094,5.906352453166619e-05,0.008891196921467781,0.0,0.0,0.0,0.0,7.620543328812346e-05,0.001959284666953875,,,
1582,True,,,,0.00032912250026129186,0.0,,,,,,0.0014620580477640033,0.03556043654680252,0.00011485203867778182,0.005404649768024683,0.0,0.0,0.0,0.0,6.814184598624706e-05,0.001954880281706079,,,
1583,True,,,,0.0001880752097349614,0.0,,,,,,0.0018411504570394754,0.03912561386823654,5.2985466027166694e-05,0.005968279670923948,0.0,0.0,0.0,0.0,5.224344931775704e-05,0.0019504848303147691,,,
1584,True,,,,0.00022003351477906108,0.0,,,,,,0.0038118965458124876,0.055074386298656464,5.0794213166227564e-05,0.009564765729010105,0.0,0.0,0.0,0.0,7.469947740901262e-05,0.001946098323856673,,,
1585,True,,,,0.00016455193690489978,0.0,,,,,,0.004547077231109142,0.047826558351516724,4.43398421339225e-05,0.009516454301774502,0.0,0.0,0.0,0.0,7.47488156775944e-05,0.0019417207733859793,,,
1586,True,,,,0.0004965515690855682,0.0,,,,,,0.003699828637763858,0.06275016069412231,0.00011674311099341139,0.010529767721891403,0.0,0.0,0.0,0.0,0.00012099307059543207,0.0019373521899343077,,,
1587,True,,,,0.0002260614128317684,0.0,,,,,,0.003106373129412532,0.05477092042565346,5.471189069794491e-05,0.008836883120238781,0.0,0.0,0.0,0.0,7.155602361308411e-05,0.001932992584510676,,,
1588,True,,,,0.0004172088811174035,0.0,,,,,,0.0033839780371636152,0.045282717794179916,9.87140228971839e-05,0.008378816768527031,0.0,0.0,0.0,0.0,6.956901052035391e-05,0.0019286419681014825,,,
1589,True,,,,0.00021506109624169767,0.0,,,,,,0.0039913952350616455,0.052080102264881134,5.605457045021467e-05,0.009442493319511414,0.0,0.0,0.0,0.0,7.817478035576642e-05,0.00192430035167047,,,
1590,True,,,,0.00033118569990620017,0.0,,,,,,0.003914915956556797,0.04413551092147827,0.00010540132643654943,0.008712354116141796,0.0,0.0,0.0,0.0,8.056240767473355e-05,0.0019199677461587028,,,
1591,True,,,,0.00018819145043380558,0.0,,,,,,0.004021350294351578,0.06293927133083344,4.990672096027993e-05,0.010528421960771084,0.0,0.0,0.0,0.0,0.00010241759446216747,0.0019156441624845334,,,
1592,True,,,,0.0002178795839427039,0.0,,,,,,0.003857144620269537,0.05544546619057655,4.91883656650316e-05,0.009644164703786373,0.0,0.0,0.0,0.0,9.479554137215018e-05,0.0019113296115435827,,,
1593,True,,,,0.00016042948118411005,0.0,,,,,,0.0009409025078639388,0.03440205007791519,5.248717934591696e-05,0.004567780997604132,0.0,0.0,0.0,0.0,6.910135562065989e-05,0.0019070241042087072,,,
1594,True,,,,0.00048376875929534435,0.0,,,,,,0.0037564884405583143,0.05845801532268524,0.00013182518887333572,0.010151971131563187,0.0,0.0,0.0,0.0,0.00010526085679885,0.001902727651329975,,,
1595,True,,,,0.0002247256343252957,0.0,,,,,,0.0016292904037982225,0.04886496812105179,6.329069583443925e-05,0.0067721582017838955,0.0,0.0,0.0,0.0,0.00013069482520222664,0.0018984402637346326,,,
1596,True,,,,0.0004155630595050752,0.0,,,,,,0.002447080099955201,0.04294157028198242,9.933204273693264e-05,0.007206466048955917,0.0,0.0,0.0,0.0,7.7534255979117e-05,0.0018941619522270853,,,
1597,True,,,,0.00020943570416420698,0.0,,,,,,0.003050031140446663,0.03866223245859146,6.164080696180463e-05,0.007156510837376118,0.0,0.0,0.0,0.0,6.82360987411812e-05,0.0018898927275888644,,,
1598,True,,,,0.000330235663568601,0.0,,,,,,0.003097684122622013,0.05330447107553482,0.00010659130930434912,0.008811662904918194,0.0,0.0,0.0,0.0,7.477691542590037e-05,0.0018856326005786024,,,
1599,True,,,,0.00018670159624889493,0.0,,,,,,0.0010834321146830916,0.028827279806137085,5.6476215831935406e-05,0.004181100055575371,0.0,0.0,0.0,0.0,8.146430627675727e-05,0.001881381581932005,,,
1600,True,,,,0.00021758067305199802,0.0,,,,,,0.004850251600146294,0.06442366540431976,5.134293678565882e-05,0.011535869911313057,0.0,0.0,0.0,0.0,0.0001443110522814095,0.0018771396823618264,0.00014183741331260332,5.529519916967806e-06,4.449168976236015e-06
1601,True,,,,0.00016112133744172752,0.0,,,,,,0.0022942472714930773,0.04577163606882095,4.76734057883732e-05,0.007056368514895439,0.0,0.0,0.0,0.0,6.594680598936975e-05,0.0018729069125578374,,,
1602,True,,,,0.0004911044961772859,0.0,,,,,,0.0016238382086157799,0.04246453195810318,0.00012223531666677445,0.006422513630241156,0.0,0.0,0.0,0.0,8.424582483712584e-05,0.001868683283186804,,,
1603,True,,,,0.00022861470642965287,0.0,,,,,,0.0032650872599333525,0.04763416200876236,7.0398353273049e-05,0.008292317390441895,0.0,0.0,0.0,0.0,0.00015981151955202222,0.0018644688048924545,,,
1604,True,,,,0.00041759462328627706,0.0,,,,,,0.00212337588891387,0.04179546982049942,0.0001021507487166673,0.006771593354642391,0.0,0.0,0.0,0.0,9.29184679989703e-05,0.0018602634882954594,,,
1605,True,,,,0.00021218261099420488,0.0,,,,,,0.0038915290497243404,0.0554867759346962,6.709358422085643e-05,0.009685936383903027,0.0,0.0,0.0,0.0,9.462861635256559e-05,0.0018560673439934,,,
1606,True,,,,0.00033061328576877713,0.0,,,,,,0.004883863963186741,0.059706248342990875,0.00010887267853831872,0.011239537969231606,0.0,0.0,0.0,0.0,7.762102904962376e-05,0.001851880382560745,,,
1607,True,,,,0.00019380758749321103,0.0,,,,,,0.002365094143897295,0.048231303691864014,3.9858336094766855e-05,0.007401961833238602,0.0,0.0,0.0,0.0,7.413117418764159e-05,0.0018477026145488162,,,
1608,True,,,,0.00021778489463031292,0.0,,,,,,0.00324912928044796,0.05131670460104942,5.250646063359454e-05,0.008624838665127754,0.0,0.0,0.0,0.0,8.297895692521706e-05,0.0018435340504857744,,,
1609,True,,,,0.00015886680921539664,0.0,,,,,,0.0023707442451268435,0.04695839434862137,5.291361594572663e-05,0.00725190807133913,0.0,0.0,0.0,0.0,7.548471330665052e-05,0.0018393747008765824,,,
1610,True,,,,0.0004952274612151086,0.0,,,,,,0.003916872199624777,0.05086947977542877,0.00010479973570909351,0.00955144688487053,0.0,0.0,0.0,0.0,6.568949174834415e-05,0.0018352245762029834,,,
1611,True,,,,0.00021910322539042681,0.0,,,,,,0.002713653724640608,0.04354740306735039,5.8757297665579244e-05,0.007316876202821732,0.0,0.0,0.0,0.0,6.574970757355914e-05,0.0018310836869234696,,,
1612,True,,,,0.0004066042311023921,0.0,,,,,,0.003249507863074541,0.05096281319856644,9.862283332040533e-05,0.008801705203950405,0.0,0.0,0.0,0.0,6.839246634626761e-05,0.0018269520434732662,,,
1613,True,,,,0.0002078950055874884,0.0,,,,,,0.0035735811106860638,0.057805996388196945,6.210047286003828e-05,0.009593126364052296,0.0,0.0,0.0,0.0,6.71787274768576e-05,0.0018228296562642946,,,
1614,True,,,,0.00032241144799627364,0.0,,,,,,0.0026801726780831814,0.046439964324235916,0.00010957376071019098,0.0077013676054775715,0.0,0.0,0.0,0.0,6.328161543933675e-05,0.0018187165356851505,,,
1615,True,,,,0.00018480797007214278,0.0,,,,,,0.003152321558445692,0.04472564533352852,5.260569741949439e-05,0.007835997268557549,0.0,0.0,0.0,0.0,8.966103632701561e-05,0.0018146126921010767,,,
1616,True,,,,0.00021560161258094013,0.0,,,,,,0.004776261746883392,0.05320857837796211,5.387754208641127e-05,0.01033965963870287,0.0,0.0,0.0,0.0,8.73199533089064e-05,0.0018105181358539378,,,
1617,True,,,,0.0001566350692883134,0.0,,,,,,0.0018662837101146579,0.041308533400297165,5.2149625844322145e-05,0.006179846823215485,0.0,0.0,0.0,0.0,6.164887599879876e-05,0.001806432877262195,,,
1618,True,,,,0.0004797689616680145,0.0,,,,,,0.002736651338636875,0.04988301545381546,0.00012446653272490948,0.008266955614089966,0.0,0.0,0.0,0.0,6.269497680477798e-05,0.00180235692662088,,,
1619,True,,,,0.00021641326020471752,0.0,,,,,,0.004467756487429142,0.055846378207206726,6.888134521432221e-05,0.010303247720003128,0.0,0.0,0.0,0.0,6.986169319134206e-05,0.0017982902942015634,,,
1620,True,,,,0.00041259702993556857,0.0,,,,,,0.0034580635838210583,0.05777610093355179,0.00010383550397818908,0.009700188413262367,0.0,0.0,0.0,0.0,7.629945321241394e-05,0.0017942329902523371,,,
1621,True,,,,0.00020657139248214662,0.0,,,,,,0.0029069005977362394,0.05366077274084091,6.749988824594766e-05,0.008513298816978931,0.0,0.0,0.0,0.0,8.299814362544566e-05,0.001790185024997787,,,
1622,True,,,,0.00033393988269381225,0.0,,,,,,0.0024993657134473324,0.04238055273890495,0.00013438749010674655,0.007138554472476244,0.0,0.0,0.0,0.0,9.027280611917377e-05,0.001786146408638958,,,
1623,True,,,,0.00018482483574189246,0.0,,,,,,0.0024853560607880354,0.0421542227268219,5.414613406173885e-05,0.006912676151841879,0.0,0.0,0.0,0.0,5.564263119595125e-05,0.0017821171513533423,,,
1624,True,,,,0.00021501310402527452,0.0,,,,,,0.003630981780588627,0.06296341866254807,5.1499369874363765e-05,0.010168086737394333,0.0,0.0,0.0,0.0,8.093875658232719e-05,0.0017780972632948442,,,
1625,True,,,,0.00015837090904824436,0.0,,,,,,0.0033198862802237272,0.052391454577445984,4.985609484720044e-05,0.00874232966452837,0.0,0.0,0.0,0.0,7.370225648628548e-05,0.0017740867545937562,,,
1626,True,,,,0.00048711057752370834,0.0,,,,,,0.004614050965756178,0.04753914847970009,0.00011662700853776187,0.009913390502333641,0.0,0.0,0.0,0.0,6.101014878368005e-05,0.0017700856353567358,,,
1627,True,,,,0.000225261872401461,0.0,,,,,,0.003176507307216525,0.050392091274261475,5.0825270591303706e-05,0.008466390892863274,0.0,0.0,0.0,0.0,7.880281191319227e-05,0.0017660939156667783,,,
1628,True,,,,0.00041589257307350636,0.0,,,,,,0.002258291933685541,0.047924913465976715,9.716046042740345e-05,0.007515256293118,0.0,0.0,0.0,0.0,7.1896800363902e-05,0.0017621116055831912,,,
1629,True,,,,0.00021624674263875932,0.0,,,,,,0.0025215065106749535,0.044375136494636536,5.6069675338221714e-05,0.007203301414847374,0.0,0.0,0.0,0.0,7.915285095805302e-05,0.0017581387151415718,,,
1630,True,,,,0.0003476390556897968,0.0,,,,,,0.0033322384115308523,0.04820272698998451,9.345896978629753e-05,0.008546879515051842,0.0,0.0,0.0,0.0,6.541205220855772e-05,0.0017541752543537743,,,
1631,True,,,,0.00019620927923824638,0.0,,,,,,0.005428641568869352,0.06805680692195892,5.09113997395616e-05,0.012455987744033337,0.0,0.0,0.0,0.0,0.00011738776811398566,0.0017502212332078948,,,
1632,True,,,,0.0002152139786630869,0.0,,,,,,0.003763074055314064,0.04962087795138359,5.121480717207305e-05,0.008965983986854553,0.0,0.0,0.0,0.0,6.490197847597301e-05,0.0017462766616682386,,,
1633,True,,,,0.0001586669241078198,0.0,,,,,,0.002849353477358818,0.052843719720840454,4.847757372772321e-05,0.00831663142889738,0.0,0.0,0.0,0.0,9.260266233468428e-05,0.0017423415496752993,,,
1634,True,,,,0.0004768993821926415,0.0,,,,,,0.002361725550144911,0.049235351383686066,0.00012631995195988566,0.007825319655239582,0.0,0.0,0.0,0.0,0.000112298468593508,0.0017384159071457289,,,
1635,True,,,,0.000216879925574176,0.0,,,,,,0.004055792465806007,0.05877894163131714,6.354533252306283e-05,0.010182339698076248,0.0,0.0,0.0,0.0,8.045540016610175e-05,0.0017344997439723198,,,
1636,True,,,,0.0004095669137313962,0.0,,,,,,0.0022365888580679893,0.04764648526906967,0.00010219529212918133,0.007461901754140854,0.0,0.0,0.0,0.0,9.219796629622579e-05,0.0017305930700239735,,,
1637,True,,,,0.00020637523266486824,0.0,,,,,,0.001647499273531139,0.029667099937796593,6.967931403778493e-05,0.004855424165725708,0.0,0.0,0.0,0.0,8.298145985463634e-05,0.0017266958951456801,,,
1638,True,,,,0.0003264773986302316,0.0,,,,,,0.0021107331849634647,0.04399677738547325,0.00011958653340116143,0.006896681617945433,0.0,0.0,0.0,0.0,7.343944162130356e-05,0.0017228082291584883,,,
1639,True,,,,0.00018474151147529483,0.0,,,,,,0.0032740775495767593,0.05579891428351402,5.1570445066317916e-05,0.009064496494829655,0.0,0.0,0.0,0.0,9.575994772603735e-05,0.0017189300818594867,,,
1640,True,,,,0.00021688050765078515,0.0,,,,,,0.0026291953399777412,0.03956151753664017,4.9133115680888295e-05,0.006826793774962425,0.0,0.0,0.0,0.0,6.771271728212014e-05,0.0017150614630217764,,,
1641,True,,,,0.00016100244829431176,0.0,,,,,,0.004396167583763599,0.054603591561317444,4.651015478884801e-05,0.010040784254670143,0.0,0.0,0.0,0.0,7.335955888265744e-05,0.0017112023823944473,,,
1642,True,,,,0.00048446175060234964,0.0,,,,,,0.005960231181234121,0.0691894143819809,0.00011618213466135785,0.013421725481748581,0.0,0.0,0.0,0.0,8.167315536411479e-05,0.0017073528497025486,,,
1643,True,,,,0.00022012635599821806,0.0,,,,,,0.002691289409995079,0.04952339828014374,5.5216205510078e-05,0.007891363464295864,0.0,0.0,0.0,0.0,7.064257079036906e-05,0.0017035128746470715,,,
1644,True,,,,0.00040716849616728723,0.0,,,,,,0.0017074947245419025,0.034531332552433014,9.432018850930035e-05,0.005614956840872765,0.0,0.0,0.0,0.0,6.639672938035801e-05,0.0016996824669049215,,,
1645,True,,,,0.0002071732160402462,0.0,,,,,,0.0033538478892296553,0.047714393585920334,6.370017945300788e-05,0.008364311419427395,0.0,0.0,0.0,0.0,6.840303831268102e-05,0.0016958616361288934,,,
1646,True,,,,0.0003338452661409974,0.0,,,,,,0.0035014047753065825,0.059595800936222076,0.00011393147724447772,0.009851795621216297,0.0,0.0,0.0,0.0,9.22018225537613e-05,0.0016920503919476465,,,
1647,True,,,,0.00019035948207601905,0.0,,,,,,0.0018433950608596206,0.03746878355741501,4.7048415581230074e-05,0.005804157350212336,0.0,0.0,0.0,0.0,5.668882295140065e-05,0.0016882487439656823,,,
1648,True,,,,0.00021850777557119727,0.0,,,,,,0.004592986311763525,0.04864697903394699,5.182388122193515e-05,0.009702104143798351,0.0,0.0,0.0,0.0,7.221513078548014e-05,0.0016844567017633217,,,
1649,True,,,,0.00016038161993492395,0.0,,,,,,0.002377056051045656,0.056293100118637085,4.894507583230734e-05,0.00819121953099966,0.0,0.0,0.0,0.0,7.187563460320234e-05,0.001680674274896676,,,
1650,True,,,,0.00047892783186398447,0.0,,,,,,0.0024019936099648476,0.04380323737859726,0.0001318492868449539,0.0073271701112389565,0.0,0.0,0.0,0.0,8.140258432831615e-05,0.0016769014728976244,,,
1651,True,,,,0.00022027902014087886,0.0,,,,,,0.002288062823936343,0.04141213744878769,6.187322287587449e-05,0.00668049231171608,0.0,0.0,0.0,0.0,7.553042814834043e-05,0.0016731383052737937,,,
1652,True,,,,0.00041073988541029394,0.0,,,,,,0.004849224351346493,0.06272293627262115,0.0001009906263789162,0.011582753621041775,0.0,0.0,0.0,0.0,7.467221439583227e-05,0.0016693847815085312,,,
1653,True,,,,0.0002083116996800527,0.0,,,,,,0.002186515834182501,0.0447826087474823,6.0837919590994716e-05,0.0069035072810947895,0.0,0.0,0.0,0.0,7.05801066942513e-05,0.0016656409110608794,,,
1654,True,,,,0.0003291129251010716,0.0,,,,,,0.0022537948098033667,0.039271317422389984,0.0001139846135629341,0.0065670316107571125,0.0,0.0,0.0,0.0,7.779637235216796e-05,0.001661906703365557,,,
1655,True,,,,0.0001868454273790121,0.0,,,,,,0.003630693070590496,0.059518858790397644,5.772933945991099e-05,0.009798289276659489,0.0,0.0,0.0,0.0,0.00017529248725622892,0.001658182167832929,,,
1656,True,,,,0.00021701256628148258,0.0,,,,,,0.003461279906332493,0.04931505769491196,4.960186197422445e-05,0.008634598925709724,0.0,0.0,0.0,0.0,7.110658043529838e-05,0.0016544673138489897,,,
1657,True,,,,0.00016192049952223897,0.0,,,,,,0.003159897169098258,0.053880881518125534,4.981679012416862e-05,0.008734813891351223,0.0,0.0,0.0,0.0,7.60361654101871e-05,0.00165076215077533,,,
1658,True,,,,0.0004819657187908888,0.0,,,,,,0.0018114325357601047,0.03740560635924339,0.00012417821562848985,0.006096048280596733,0.0,0.0,0.0,0.0,0.00011527629249030724,0.001647066687949125,,,
1659,True,,,,0.00022021762561053038,0.0,,,,,,0.004366121254861355,0.06107697635889053,6.765831494703889e-05,0.010727866552770138,0.0,0.0,0.0,0.0,8.827973942970857e-05,0.0016433809346831014,,,
1660,True,,,,0.00040816119872033596,0.0,,,,,,0.002232592087239027,0.04416610673069954,9.842216968536377e-05,0.007106575183570385,0.0,0.0,0.0,0.0,6.071758980397135e-05,0.0016397049002655202,,,
1661,True,,,,0.0002104905724991113,0.0,,,,,,0.001839039265178144,0.042480871081352234,6.163064244901761e-05,0.006328432355076075,0.0,0.0,0.0,0.0,8.310979319503531e-05,0.0016360385939601459,,,
1662,True,,,,0.00034247440635226667,0.0,,,,,,0.005216096993535757,0.06299890577793121,9.818188846111298e-05,0.011907553300261497,0.0,0.0,0.0,0.0,8.736477320780978e-05,0.0016323820250062316,,,
1663,True,,,,0.00018916133558377624,0.0,,,,,,0.0030620242469012737,0.0461033433675766,4.363146945252083e-05,0.007883335463702679,0.0,0.0,0.0,0.0,6.64812105242163e-05,0.0016287352026184915,,,
1664,True,,,,0.0002188056823797524,0.0,,,,,,0.003702676622197032,0.03917606920003891,4.9903359467862174e-05,0.007864040322601795,0.0,0.0,0.0,0.0,8.112916111713275e-05,0.001625098135987077,,,
1665,True,,,,0.0001600460964255035,0.0,,,,,,0.0014836749760434031,0.036823440343141556,5.210074596107006e-05,0.005352115258574486,0.0,0.0,0.0,0.0,6.096155266277492e-05,0.0016214708342775538,,,
1666,True,,,,0.00048585000331513584,0.0,,,,,,0.0037743765860795975,0.05710507929325104,0.00011524400906637311,0.010028356686234474,0.0,0.0,0.0,0.0,8.975015225587413e-05,0.00161785330663088,,,
1667,True,,,,0.0002243653143523261,0.0,,,,,,0.005592443980276585,0.07370752841234207,5.437851359602064e-05,0.013214750215411186,0.0,0.0,0.0,0.0,9.765648428583518e-05,0.0016142455621633856,,,
1668,True,,,,0.00041258824057877064,0.0,,,,,,0.003746648086234927,0.05969952791929245,9.833039075601846e-05,0.010178354568779469,0.0,0.0,0.0,0.0,0.0001069689606083557,0.0016106476099667444,,,
1669,True,,,,0.0002125114988302812,0.0,,,,,,0.0037614977918565273,0.05510792136192322,6.38160272501409e-05,0.009516709484159946,0.0,0.0,0.0,0.0,6.570037658093497e-05,0.0016070594591079507,,,
1670,True,,,,0.0003338965470902622,0.0,,,,,,0.0032756049185991287,0.05738610029220581,0.00010839632886927575,0.009402310475707054,0.0,0.0,0.0,0.0,6.994062277954072e-05,0.0016034811186293018,,,
1671,True,,,,0.00018830166663974524,0.0,,,,,,0.0031425803899765015,0.057975828647613525,5.3841718909097835e-05,0.009155386127531528,0.0,0.0,0.0,0.0,7.030367851257324e-05,0.0015999125975483734,,,
1672,True,,,,0.0002187249338021502,0.0,,,,,,0.003257651347666979,0.06276850402355194,5.462513581733219e-05,0.009780540131032467,0.0,0.0,0.0,0.0,7.695185922784731e-05,0.0015963539048579934,,,
1673,True,,,,0.0001610852632438764,0.0,,,,,,0.005942023359239101,0.06307917833328247,4.7006484237499535e-05,0.012434529140591621,0.0,0.0,0.0,0.0,8.04862065706402e-05,0.001592805049526223,,,
1674,True,,,,0.0004844954237341881,0.0,,,,,,0.005244000814855099,0.05614017695188522,0.00011681653995765373,0.011400921270251274,0.0,0.0,0.0,0.0,7.306923362193629e-05,0.0015892660404963315,,,
1675,True,,,,0.00022398853616323322,0.0,,,,,,0.005601735319942236,0.06204657629132271,6.159064651001245e-05,0.01206117682158947,0.0,0.0,0.0,0.0,7.545626431237906e-05,0.0015857368866867784,,,
1676,True,,,,0.0004079717618878931,0.0,,,,,,0.00147687504068017,0.04025403410196304,0.00010028602264355868,0.005960393231362104,0.0,0.0,0.0,0.0,9.514023258816451e-05,0.001582217596991184,,,
1677,True,,,,0.0002052041090792045,0.0,,,,,,0.007620650809258223,0.06081859767436981,6.785873847547919e-05,0.013941643759608269,0.0,0.0,0.0,0.0,0.00011496029037516564,0.001578708180278312,,,
1678,True,,,,0.00032896557240746915,0.0,,,,,,0.0034959702752530575,0.04777800291776657,0.0001092227321350947,0.008657348342239857,0.0,0.0,0.0,0.0,6.458116695284843e-05,0.0015752086453920456,,,
1679,True,,,,0.00018495260155759752,0.0,,,,,,0.007645355071872473,0.08659123629331589,5.320650234352797e-05,0.016516035422682762,0.0,0.0,0.0,0.0,9.045494516612962e-05,0.0015717190011513657,,,
1680,True,,,,0.00021356249635573477,0.0,,,,,,0.002784210257232189,0.0463351309299469,5.391197555582039e-05,0.0076582422479987144,0.0,0.0,0.0,0.0,7.910554995760322e-05,0.0015682392563503285,,,
1681,True,,,,0.00015920288569759578,0.0,,,,,,0.0030147801153361797,0.04478784650564194,4.935318065690808e-05,0.007677444722503424,0.0,0.0,0.0,0.0,5.8174453442916274e-05,0.0015647694197580431,,,
1682,True,,,,0.0004827775410376489,0.0,,,,,,0.0026999551337212324,0.03954935818910599,0.0001144214766100049,0.007194879464805126,0.0,0.0,0.0,0.0,6.990195834077895e-05,0.0015613095001186482,,,
1683,True,,,,0.000217784006963484,0.0,,,,,,0.0025325159076601267,0.04528549313545227,6.152120477054268e-05,0.007309610024094582,0.0,0.0,0.0,0.0,7.989905134309083e-05,0.001557859506151293,,,
1684,True,,,,0.00041248564957641065,0.0,,,,,,0.004083414562046528,0.05013023316860199,9.78339376160875e-05,0.009557840414345264,0.0,0.0,0.0,0.0,0.00010969621507683769,0.0015544194465501138,,,
1685,True,,,,0.000205386575544253,0.0,,,,,,0.004834567662328482,0.06633952260017395,6.533707346534356e-05,0.011706575751304626,0.0,0.0,0.0,0.0,8.803629316389561e-05,0.0015509893299842092,,,
1686,True,,,,0.0003255821065977216,0.0,,,,,,0.006049337796866894,0.05903652682900429,0.00010656315134838223,0.012331854552030563,0.0,0.0,0.0,0.0,9.342001430923119e-05,0.0015475691650976239,,,
1687,True,,,,0.00018765352433547378,0.0,,,,,,0.002207201672717929,0.03870214521884918,4.479553172132e-05,0.0062874676659703255,0.0,0.0,0.0,0.0,5.361104922485538e-05,0.0015441589605093224,,,
1688,True,,,,0.00021389142784755677,0.0,,,,,,0.003948928788304329,0.052238866686820984,5.040798714617267e-05,0.009411911480128765,0.0,0.0,0.0,0.0,9.127004886977375e-05,0.00154075872481317,,,
1689,True,,,,0.00015667926345486194,0.0,,,,,,0.003121931105852127,0.05053066462278366,5.070062616141513e-05,0.008357027545571327,0.0,0.0,0.0,0.0,6.671845039818436e-05,0.0015373684665779075,,,
1690,True,,,,0.00048080808483064175,0.0,,,,,,0.004033389966934919,0.05472373217344284,0.0001135587808676064,0.010043350979685783,0.0,0.0,0.0,0.0,7.446628296747804e-05,0.0015339881943471345,,,
1691,True,,,,0.00021605342044495046,0.0,,,,,,0.0024103184696286917,0.04033207520842552,6.107102672103792e-05,0.006690114736557007,0.0,0.0,0.0,0.0,5.586340557783842e-05,0.0015306179166392853,,,
1692,True,,,,0.0004057162441313267,0.0,,,,,,0.0027087449561804533,0.044168367981910706,0.00010150355228688568,0.0075820498168468475,0.0,0.0,0.0,0.0,6.668079004157335e-05,0.001527257641947606,,,
1693,True,,,,0.00021001181448809803,0.0,,,,,,0.003078920766711235,0.04759274795651436,5.793944001197815e-05,0.008077176287770271,0.0,0.0,0.0,0.0,6.601558561669663e-05,0.001523907378740135,,,
1694,True,,,,0.00033440126571804285,0.0,,,,,,0.003837546333670616,0.06490243226289749,9.525824862066656e-05,0.010709820315241814,0.0,0.0,0.0,0.0,8.796126348897815e-05,0.0015205671354596823,,,
1695,True,,,,0.00018327683210372925,0.0,,,,,,0.004471424035727978,0.06331038475036621,5.061177216703072e-05,0.011011045426130295,0.0,0.0,0.0,0.0,8.22933143354021e-05,0.0015172369205238084,,,
1696,True,,,,0.00021565856877714396,0.0,,,,,,0.003992566838860512,0.050350770354270935,4.9520283937454224e-05,0.009268063120543957,0.0,0.0,0.0,0.0,6.895008846186101e-05,0.0015139167423247986,,,
1697,True,,,,0.00015863575390540063,0.0,,,,,,0.0022974719759076834,0.03510153293609619,4.9384885642211884e-05,0.005990953650325537,0.0,0.0,0.0,0.0,7.079610077198595e-05,0.0015106066092296475,,,
1698,True,,,,0.0004748326609842479,0.0,,,,,,0.0013972437009215355,0.030265914276242256,0.00013191011385060847,0.0049646226689219475,0.0,0.0,0.0,0.0,6.058918734197505e-05,0.0015073065295800347,,,
1699,True,,,,0.00021396053489297628,0.0,,,,,,0.0026833736337721348,0.0436401441693306,6.588673568330705e-05,0.0072942920960485935,0.0,0.0,0.0,0.0,5.177746061235666e-05,0.0015040165116923065,,,
1700,True,,,,0.0004034589510411024,0.0,,,,,,0.003177657723426819,0.052480198442935944,0.00010084846144309267,0.008879560977220535,0.0,0.0,0.0,0.0,7.175013888627291e-05,0.0015007365638574496,6.992007435215213e-05,8.783424907924633e-06,8.401203965569606e-06
1701,True,,,,0.0002033984928857535,0.0,,,,,,0.005322228651493788,0.06677031517028809,6.870890501886606e-05,0.012237013317644596,0.0,0.0,0.0,0.0,8.681321196490899e-05,0.0014974666943410766,,,
1702,True,,,,0.00032860678038559854,0.0,,,,,,0.0036952884402126074,0.06687101721763611,9.93664943962358e-05,0.01076068077236414,0.0,0.0,0.0,0.0,7.900999480625615e-05,0.0014942069113834013,,,
1703,True,,,,0.00018287484999746084,0.0,,,,,,0.001918126828968525,0.04158356785774231,5.170742952032015e-05,0.006285212002694607,0.0,0.0,0.0,0.0,6.82528261677362e-05,0.0014909572231992202,,,
1704,True,,,,0.00021127669606357813,0.0,,,,,,0.0027033756487071514,0.053206369280815125,5.1648901717271656e-05,0.008261114358901978,0.0,0.0,0.0,0.0,8.368440467165783e-05,0.0014877176379778873,,,
1705,True,,,,0.00015667450497858226,0.0,,,,,,0.0025214124470949173,0.04756205528974533,5.1612452807603404e-05,0.007460098713636398,0.0,0.0,0.0,0.0,7.411964907078072e-05,0.0014844881638833005,,,
1706,True,,,,0.00047461231588386,0.0,,,,,,0.003901198273524642,0.05326123908162117,0.00012317049549892545,0.009763520210981369,0.0,0.0,0.0,0.0,8.08950571808964e-05,0.0014812688090538742,,,
1707,True,,,,0.00021444202866405249,0.0,,,,,,0.004157148767262697,0.06128890812397003,6.255361222429201e-05,0.010531757958233356,0.0,0.0,0.0,0.0,8.589634671807289e-05,0.001478059581602525,,,
1708,True,,,,0.0004027068498544395,0.0,,,,,,0.0033764992840588093,0.045721836388111115,9.997292363550514e-05,0.008401377126574516,0.0,0.0,0.0,0.0,7.063605153234676e-05,0.0014748604896166442,,,
1709,True,,,,0.000210318059544079,0.0,,,,,,0.0032050167210400105,0.05083268880844116,5.694703941117041e-05,0.008527076803147793,0.0,0.0,0.0,0.0,8.383871318073943e-05,0.0014716715411580846,,,
1710,True,,,,0.0003312580520287156,0.0,,,,,,0.003987911622971296,0.04349292069673538,0.00010105631372425705,0.008718989789485931,0.0,0.0,0.0,0.0,9.397714893566445e-05,0.0014684927442631356,,,
1711,True,,,,0.00018383089627604932,0.0,,,,,,0.0018796290969476104,0.03465045243501663,5.357834743335843e-05,0.005555294454097748,0.0,0.0,0.0,0.0,5.172467353986576e-05,0.0014653241069425042,,,
1712,True,,,,0.00021576779545284808,0.0,,,,,,0.001271821791306138,0.03199608251452446,4.963244646205567e-05,0.004712013993412256,0.0,0.0,0.0,0.0,6.933193071745336e-05,0.0014621656371812935,,,
1713,True,,,,0.00015827553579583764,0.0,,,,,,0.0045137424021959305,0.06213781237602234,5.038546441937797e-05,0.010910991579294205,0.0,0.0,0.0,0.0,7.636136433575302e-05,0.0014590173429389858,,,
1714,True,,,,0.00048565142787992954,0.0,,,,,,0.0020138986874371767,0.03355586156249046,0.00011996962712146342,0.005915121175348759,0.0,0.0,0.0,0.0,6.499623123090714e-05,0.001455879232149421,,,
1715,True,,,,0.0002195248380303383,0.0,,,,,,0.003181193023920059,0.047416552901268005,5.73384459130466e-05,0.008171042427420616,0.0,0.0,0.0,0.0,6.542012852150947e-05,0.001452751312720775,,,
1716,True,,,,0.00041018935735337436,0.0,,,,,,0.0026547666639089584,0.04993904381990433,9.582703933119774e-05,0.008106773719191551,0.0,0.0,0.0,0.0,7.483309309463948e-05,0.0014496335925355405,,,
1717,True,,,,0.00020968224271200597,0.0,,,,,,0.002383751794695854,0.05128069967031479,5.713903738069348e-05,0.007750073913484812,0.0,0.0,0.0,0.0,6.799159018555656e-05,0.0014465260794505092,,,
1718,True,,,,0.00033367046853527427,0.0,,,,,,0.003899532137438655,0.059952959418296814,9.765631693881005e-05,0.01027732715010643,0.0,0.0,0.0,0.0,8.308968972414732e-05,0.0014434287812967492,,,
1719,True,,,,0.00018683359667193145,0.0,,,,,,0.0050007663667202,0.06719847023487091,4.594107667799108e-05,0.011930417269468307,0.0,0.0,0.0,0.0,8.485052239848301e-05,0.0014403417058795882,,,
1720,True,,,,0.00021840886620339006,0.0,,,,,,0.0030552230309695005,0.05404514819383621,5.266294101602398e-05,0.008704477921128273,0.0,0.0,0.0,0.0,8.758528565522283e-05,0.0014372648609785896,,,
1721,True,,,,0.0001645676529733464,0.0,,,,,,0.0037671576719731092,0.06311439722776413,5.546618194784969e-05,0.01027089823037386,0.0,0.0,0.0,0.0,9.473002864979208e-05,0.0014341982543475368,,,
1722,True,,,,0.0004845603834837675,0.0,,,,,,0.003886146005243063,0.056132081896066666,0.00013673884677700698,0.010052284225821495,0.0,0.0,0.0,0.0,0.000127497231005691,0.001431141893714414,,,
1723,True,,,,0.00021634878066834062,0.0,,,,,,0.007508501410484314,0.07205255329608917,7.023992657195777e-05,0.01496522594243288,0.0,0.0,0.0,0.0,9.864020103123039e-05,0.0014280957867813834,,,
1724,True,,,,0.0004055007011629641,0.0,,,,,,0.002317261416465044,0.04349077120423317,0.00010300426947651431,0.0071233413182199,0.0,0.0,0.0,0.0,7.049014675430954e-05,0.0014250599412247659,,,
1725,True,,,,0.0002061390841845423,0.0,,,,,,0.004370101261883974,0.06616085022687912,6.485255289589986e-05,0.011224751360714436,0.0,0.0,0.0,0.0,0.00010587502038106322,0.0014220343646950259,,,
1726,True,,,,0.0003255751798860729,0.0,,,,,,0.006458267569541931,0.07188951969146729,0.00010851353727048263,0.014027051627635956,0.0,0.0,0.0,0.0,7.862286292947829e-05,0.0014190190648167489,,,
1727,True,,,,0.00018648999684955925,0.0,,,,,,0.003270633053034544,0.05253182351589203,4.515772161539644e-05,0.00873288419097662,0.0,0.0,0.0,0.0,6.685387052129954e-05,0.0014160140491886206,,,
1728,True,,,,0.0002159211435355246,0.0,,,,,,0.0029809526167809963,0.04585959389805794,5.133145168656483e-05,0.007808499038219452,0.0,0.0,0.0,0.0,8.438808436039835e-05,0.0014130193253834124,,,
1729,True,,,,0.00016177029465325177,0.0,,,,,,0.004865891300141811,0.06599649786949158,4.785241253557615e-05,0.011651238426566124,0.0,0.0,0.0,0.0,7.462425128323957e-05,0.0014100349009479594,,,
1730,True,,,,0.00048316875472664833,0.0,,,,,,0.0015773968771100044,0.04068896174430847,0.00011521164560690522,0.006187067832797766,0.0,0.0,0.0,0.0,6.927219510544091e-05,0.0014070607834031417,,,
1731,True,,,,0.00022121336951386184,0.0,,,,,,0.003063967451453209,0.0474865697324276,5.899266034248285e-05,0.008063334040343761,0.0,0.0,0.0,0.0,8.638956933282316e-05,0.0014040969802438645,,,
1732,True,,,,0.0004125600680708885,0.0,,,,,,0.0011839644284918904,0.03413190692663193,9.008083725348115e-05,0.0050547560676932335,0.0,0.0,0.0,0.0,9.211459837388247e-05,0.0014011434989390417,,,
1733,True,,,,0.0002052304771495983,0.0,,,,,,0.006334047298878431,0.06449975073337555,6.659312930423766e-05,0.013022550381720066,0.0,0.0,0.0,0.0,7.271397771546617e-05,0.0013982003469315749,,,
1734,True,,,,0.00032608042238280177,0.0,,,,,,0.0017660459270700812,0.03897526115179062,0.00010590496094664559,0.006042604800313711,0.0,0.0,0.0,0.0,6.597526953555644e-05,0.0013952675316383357,,,
1735,True,,,,0.00018330685270484537,0.0,,,,,,0.004552123602479696,0.05466853827238083,5.2158480684738606e-05,0.010228362865746021,0.0,0.0,0.0,0.0,9.697081986814737e-05,0.0013923450604501463,,,
1736,True,,,,0.00021248757548164576,0.0,,,,,,0.0024051880463957787,0.04872399568557739,5.177448474569246e-05,0.007515962701290846,0.0,0.0,0.0,0.0,6.500723247881979e-05,0.001389432940731763,,,
1737,True,,,,0.00015687514678575099,0.0,,,,,,0.0035860086791217327,0.05683372542262077,5.133162630954757e-05,0.009451921097934246,0.0,0.0,0.0,0.0,7.523362728534266e-05,0.0013865311798218535,,,
1738,True,,,,0.0004756912821903825,0.0,,,,,,0.00493972934782505,0.06634628027677536,0.00013275083620101213,0.01211642473936081,0.0,0.0,0.0,0.0,7.711810758337379e-05,0.0013836397850329832,,,
1739,True,,,,0.0002190124650951475,0.0,,,,,,0.001839742879383266,0.03402846306562424,6.40650832792744e-05,0.005493634380400181,0.0,0.0,0.0,0.0,7.09609012119472e-05,0.001380758763651592,,,
1740,True,,,,0.0004039228369947523,0.0,,,,,,0.002891022711992264,0.04923442751169205,9.582821803633124e-05,0.008266301825642586,0.0,0.0,0.0,0.0,6.394698721123859e-05,0.0013778881229379795,,,
1741,True,,,,0.00020821666112169623,0.0,,,,,,0.00389472465030849,0.05941110849380493,5.9897429309785366e-05,0.010074000805616379,0.0,0.0,0.0,0.0,0.00011212909157620743,0.0013750278701262861,,,
1742,True,,,,0.00032615684904158115,0.0,,,,,,0.0022972463630139828,0.031636565923690796,0.0001010283303912729,0.005837573669850826,0.0,0.0,0.0,0.0,5.51984048797749e-05,0.0013721780124244746,,,
1743,True,,,,0.00018321862444281578,0.0,,,,,,0.0036945417523384094,0.05126138776540756,5.009067172068171e-05,0.009028945118188858,0.0,0.0,0.0,0.0,8.50617652758956e-05,0.0013693385570143091,,,
1744,True,,,,0.0002140985307050869,0.0,,,,,,0.002286299131810665,0.049025170505046844,5.022436016588472e-05,0.007428026758134365,0.0,0.0,0.0,0.0,6.240820948733017e-05,0.0013665095110513426,,,
1745,True,,,,0.00015754371997900307,0.0,,,,,,0.002106697764247656,0.03501744568347931,4.907862967229448e-05,0.005790525581687689,0.0,0.0,0.0,0.0,6.221997318789363e-05,0.0013636908816648937,,,
1746,True,,,,0.00047737802378833294,0.0,,,,,,0.0034891876857727766,0.05490989238023758,0.00012917279673274606,0.009522141888737679,0.0,0.0,0.0,0.0,7.987301069078967e-05,0.0013608826759580323,,,
1747,True,,,,0.0002231367107015103,0.0,,,,,,0.0037242199759930372,0.05742307007312775,6.095740172895603e-05,0.009720141999423504,0.0,0.0,0.0,0.0,6.99087031534873e-05,0.0013580849010075586,,,
1748,True,,,,0.00041501474333927035,0.0,,,,,,0.004698426462709904,0.060094550251960754,9.521243919152766e-05,0.011170502752065659,0.0,0.0,0.0,0.0,8.143478044075891e-05,0.0013552975638639877,,,
1749,True,,,,0.0002066853630822152,0.0,,,,,,0.0019483215874060988,0.050925761461257935,6.623835361097008e-05,0.0072807022370398045,0.0,0.0,0.0,0.0,9.036270785145462e-05,0.0013525206715515308,,,
1750,True,,,,0.00032562375417910516,0.0,,,,,,0.0037863559555262327,0.05083600804209709,0.00010390683019068092,0.009247534908354282,0.0,0.0,0.0,0.0,6.180616037454456e-05,0.001349754231068079,,,
1751,True,,,,0.00018477746925782412,0.0,,,,,,0.0045396145433187485,0.06530411541461945,5.764461093349382e-05,0.011283625848591328,0.0,0.0,0.0,0.0,8.523989527020603e-05,0.001346998249385182,,,
1752,True,,,,0.00021497532725334167,0.0,,,,,,0.003246219363063574,0.042816996574401855,5.257060911389999e-05,0.007769179530441761,0.0,0.0,0.0,0.0,0.00012416757817845792,0.0013442527334480343,,,
1753,True,,,,0.00015676289331167936,0.0,,,,,,0.0036955485120415688,0.047195516526699066,5.0765891501214355e-05,0.008597246371209621,0.0,0.0,0.0,0.0,0.00010407125955680385,0.0013415176901754556,,,
1754,True,,,,0.0004762188473250717,0.0,,,,,,0.0026702117174863815,0.05355695262551308,0.00012139932368882,0.008562825620174408,0.0,0.0,0.0,0.0,8.04969749879092e-05,0.0013387931264598754,,,
1755,True,,,,0.0002158801507903263,0.0,,,,,,0.0039708311669528484,0.057960622012615204,6.73087197355926e-05,0.0100164283066988,0.0,0.0,0.0,0.0,7.487561379093677e-05,0.0013360790491673113,,,
1756,True,,,,0.00039903068682178855,0.0,,,,,,0.004253308288753033,0.05778542906045914,0.00010900005872827023,0.010485381819307804,0.0,0.0,0.0,0.0,7.025273225735873e-05,0.0013333754651373587,,,
1757,True,,,,0.00020324507204350084,0.0,,,,,,0.003386343829333782,0.04253483936190605,6.625690002692863e-05,0.007876201532781124,0.0,0.0,0.0,0.0,5.976867760182358e-05,0.001330682381183167,,,
1758,True,,,,0.00031822483288124204,0.0,,,,,,0.0034241867251694202,0.04697985202074051,0.0001194647848024033,0.008500128984451294,0.0,0.0,0.0,0.0,7.072526204865426e-05,0.0013279998040914233,,,
1759,True,,,,0.00018527002248447388,0.0,,,,,,0.005080930422991514,0.05480535700917244,4.6188884880393744e-05,0.010769830085337162,0.0,0.0,0.0,0.0,7.35986977815628e-05,0.0013253277406223413,,,
1760,True,,,,0.00021347170695662498,0.0,,,,,,0.004539987072348595,0.05795114487409592,5.654845881508663e-05,0.010576847940683365,0.0,0.0,0.0,0.0,8.160957804648206e-05,0.0013226661975096366,,,
1761,True,,,,0.00015468212950509042,0.0,,,,,,0.0041317869909107685,0.04987955838441849,6.020786167937331e-05,0.0093045299872756,0.0,0.0,0.0,0.0,8.15020248410292e-05,0.0013200151814605143,,,
1762,True,,,,0.000478158937767148,0.0,,,,,,0.005367361009120941,0.06538549065589905,0.00012140121543779969,0.012444769963622093,0.0,0.0,0.0,0.0,8.405226981267333e-05,0.0013173746991556508,,,
1763,True,,,,0.00021796728833578527,0.0,,,,,,0.0018161002080887556,0.03671223670244217,5.8525067288428545e-05,0.005734553560614586,0.0,0.0,0.0,0.0,5.940740811638534e-05,0.0013147447572491764,,,
1764,True,,,,0.0004029470728710294,0.0,,,,,,0.0034808411728590727,0.0494547076523304,9.55666764639318e-05,0.008877042680978775,0.0,0.0,0.0,0.0,8.224548219004646e-05,0.0013121253623686597,,,
1765,True,,,,0.00020830424909945577,0.0,,,,,,0.0031331772916018963,0.052246034145355225,5.905281796003692e-05,0.008595611900091171,0.0,0.0,0.0,0.0,6.471603410318494e-05,0.001309516521115091,,,
1766,True,,,,0.00032536324579268694,0.0,,,,,,0.005395466461777687,0.05712941288948059,0.00010423530329717323,0.011485888622701168,0.0,0.0,0.0,0.0,8.676415018271655e-05,0.0013069182400628624,,,
1767,True,,,,0.00018351402832195163,0.0,,,,,,0.00753092672675848,0.0822392925620079,4.8205685743596405e-05,0.015962472185492516,0.0,0.0,0.0,0.0,9.794625657377765e-05,0.0013043305257597565,,,
1768,True,,,,0.00021698947239201516,0.0,,,,,,0.0013644096907228231,0.03726624324917793,5.091008642921224e-05,0.005333478096872568,0.0,0.0,0.0,0.0,6.666623812634498e-05,0.0013017533847269266,,,
1769,True,,,,0.00015939207514747977,0.0,,,,,,0.0028894885908812284,0.056997500360012054,4.800235547008924e-05,0.008772632107138634,0.0,0.0,0.0,0.0,9.1969792265445e-05,0.0012991868234588815,,,
1770,True,,,,0.00047964041004888713,0.0,,,,,,0.002435586415231228,0.04552769660949707,0.00012827085447497666,0.00753213232383132,0.0,0.0,0.0,0.0,6.694207695545629e-05,0.001296630848423466,,,
1771,True,,,,0.00021920193103142083,0.0,,,,,,0.005988989025354385,0.0689685195684433,6.698459037579596e-05,0.013138534501194954,0.0,0.0,0.0,0.0,7.321495650103316e-05,0.001294085466061849,,,
1772,True,,,,0.0004077567718923092,0.0,,,,,,0.004542278125882149,0.07016900181770325,9.969505481421947e-05,0.0120167825371027,0.0,0.0,0.0,0.0,8.701175102032721e-05,0.0012915506827885055,,,
1773,True,,,,0.00020799266349058598,0.0,,,,,,0.005284922197461128,0.07157512754201889,6.357893289532512e-05,0.012682217173278332,0.0,0.0,0.0,0.0,8.16577157820575e-05,0.0012890265049912012,,,
1774,True,,,,0.0003254871116951108,0.0,,,,,,0.004553734790533781,0.07085064053535461,0.00010612593905534595,0.012017348781228065,0.0,0.0,0.0,0.0,0.00012221965880598873,0.0012865129390309722,,,
1775,True,,,,0.00018501159502193332,0.0,,,,,,0.0040869638323783875,0.05292656645178795,4.658542457036674e-05,0.009587924927473068,0.0,0.0,0.0,0.0,8.19240667624399e-05,0.0012840099912421158,,,
1776,True,,,,0.0002142986486433074,0.0,,,,,,0.006846513599157333,0.08359648287296295,5.0614005886018276e-05,0.015445766970515251,0.0,0.0,0.0,0.0,0.00010835558350663632,0.001281517667932169,,,
1777,True,,,,0.00015647488180547953,0.0,,,,,,0.007939603179693222,0.07559511065483093,5.133992817718536e-05,0.015681259334087372,0.0,0.0,0.0,0.0,7.858540629968047e-05,0.0012790359753818972,,,
1778,True,,,,0.00047509546857327223,0.0,,,,,,0.0021764887496829033,0.0444740429520607,0.00011873978655785322,0.007158358581364155,0.0,0.0,0.0,0.0,8.040075044846162e-05,0.0012765649198452713,,,
1779,True,,,,0.0002154410321963951,0.0,,,,,,0.0020147357136011124,0.03686545416712761,6.068206130294129e-05,0.005947063211351633,0.0,0.0,0.0,0.0,5.8817353419726714e-05,0.0012741045075494615,,,
1780,True,,,,0.00040092295967042446,0.0,,,,,,0.00341386953368783,0.05671197921037674,9.544870408717543e-05,0.009533715434372425,0.0,0.0,0.0,0.0,8.675937715452164e-05,0.0012716547446948126,,,
1781,True,,,,0.00020650995429605246,0.0,,,,,,0.004284616559743881,0.06735033541917801,6.325468712020665e-05,0.01125778816640377,0.0,0.0,0.0,0.0,8.048860763665289e-05,0.001269215637454835,,,
1782,True,,,,0.0003198734484612942,0.0,,,,,,0.0019689644686877728,0.04423106461763382,0.00011049583554267883,0.006767192389816046,0.0,0.0,0.0,0.0,6.61371013848111e-05,0.0012667871919761849,,,
1783,True,,,,0.00018923715106211603,0.0,,,,,,0.002404426923021674,0.04699783772230148,4.1856248572003096e-05,0.007314376067370176,0.0,0.0,0.0,0.0,6.262514216359705e-05,0.001264369414378651,,,
1784,True,,,,0.00021228790865279734,0.0,,,,,,0.0022647713776677847,0.04151960462331772,4.871125202043913e-05,0.006653374992311001,0.0,0.0,0.0,0.0,6.984818901401013e-05,0.0012619623107551384,,,
1785,True,,,,0.00016038815374486148,0.0,,,,,,0.0022099572233855724,0.034724362194538116,4.5269196562003344e-05,0.005865416023880243,0.0,0.0,0.0,0.0,6.284059782046825e-05,0.0012595658871716539,,,
1786,True,,,,0.00047054182505235076,0.0,,,,,,0.0017365090316161513,0.046028152108192444,0.00011710926628438756,0.006868421100080013,0.0,0.0,0.0,0.0,7.393298437818885e-05,0.0012571801496672882,,,
1787,True,,,,0.00021586094226222485,0.0,,,,,,0.0015599157195538282,0.03941059857606888,5.758634506491944e-05,0.005745630245655775,0.0,0.0,0.0,0.0,9.259048965759575e-05,0.0012548051042542054,,,
1788,True,,,,0.00040731122135184705,0.0,,,,,,0.004584966693073511,0.06488575041294098,9.220570063916966e-05,0.011526956222951412,0.0,0.0,0.0,0.0,8.111599163385108e-05,0.0012524407569176226,,,
1789,True,,,,0.00021100490994285792,0.0,,,,,,0.005981243681162596,0.05651520937681198,5.6517172197345644e-05,0.01187202800065279,0.0,0.0,0.0,0.0,6.610746640944853e-05,0.0012500871136157995,,,
1790,True,,,,0.0003263363032601774,0.0,,,,,,0.002687053522095084,0.058021657168865204,9.890207729768008e-05,0.00886500719934702,0.0,0.0,0.0,0.0,8.837502537062392e-05,0.001247744180280019,,,
1791,True,,,,0.00018178735626861453,0.0,,,,,,0.004696579650044441,0.06051179766654968,5.266256266622804e-05,0.010955878533422947,0.0,0.0,0.0,0.0,6.739963282598183e-05,0.0012454119628145756,,,
1792,True,,,,0.00021147691586520523,0.0,,,,,,0.003321141703054309,0.0580497682094574,4.92538747494109e-05,0.009362222626805305,0.0,0.0,0.0,0.0,7.172506593633443e-05,0.0012430904670967596,,,
1793,True,,,,0.0001568552979733795,0.0,,,,,,0.003717597108334303,0.06414850801229477,5.054597568232566e-05,0.01031457632780075,0.0,0.0,0.0,0.0,8.313659782288596e-05,0.0012407796989768413,,,
1794,True,,,,0.0004688666376750916,0.0,,,,,,0.0038535185158252716,0.04174211621284485,0.00012493552640080452,0.00855906493961811,0.0,0.0,0.0,0.0,7.198542152764276e-05,0.0012384796642780568,,,
1795,True,,,,0.00021541751630138606,0.0,,,,,,0.006539113819599152,0.07758262008428574,6.106320506660268e-05,0.014543324708938599,0.0,0.0,0.0,0.0,0.00015862929285503924,0.0012361903687965945,,,
1796,True,,,,0.00040367356268689036,0.0,,,,,,0.0014557826798409224,0.02877100370824337,9.667286940384656e-05,0.004784893244504929,0.0,0.0,0.0,0.0,5.8314730267738923e-05,0.0012339118183015796,,,
1797,True,,,,0.00020369677804410458,0.0,,,,,,0.004927978850901127,0.044887226074934006,6.419713463401422e-05,0.009652497246861458,0.0,0.0,0.0,0.0,6.593098805751652e-05,0.0012316440185350574,,,
1798,True,,,,0.0003235610784031451,0.0,,,,,,0.001916525885462761,0.035937193781137466,0.00011217249266337603,0.005889892578125,0.0,0.0,0.0,0.0,0.00010574927000561729,0.0012293869752119828,,,
1799,True,,,,0.0001816802832763642,0.0,,,,,,0.0021300166845321655,0.03932438790798187,5.718350803363137e-05,0.006272727157920599,0.0,0.0,0.0,0.0,7.78337343945168e-05,0.0012271406940202042,,,
1800,True,,,,0.00021187917445786297,0.0,,,,,,0.0017905954737216234,0.03145787864923477,5.241412145551294e-05,0.005174469202756882,0.0,0.0,0.0,0.0,6.48943314445205e-05,0.0012249051806204482,6.265434838169669e-05,5.4196807178057615e-06,4.592428989945214e-06
1801,True,,,,0.00015535202692262828,0.0,,,,,,0.004197791218757629,0.06126759201288223,5.440179302240722e-05,0.010507103987038136,0.0,0.0,0.0,0.0,7.519868813687935e-05,0.0012226804406463051,,,
1802,True,,,,0.0004741302109323442,0.0,,,,,,0.0014563025906682014,0.03954561799764633,0.00012000108836218715,0.005944995209574699,0.0,0.0,0.0,0.0,6.589899567188695e-05,0.0012204664797042177,,,
1803,True,,,,0.00021511984232347459,0.0,,,,,,0.003105154959484935,0.04495844617486,6.199689232744277e-05,0.007847118191421032,0.0,0.0,0.0,0.0,7.028430263744667e-05,0.001218263303373464,,,
1804,True,,,,0.0004038253682665527,0.0,,,,,,0.0017841411754488945,0.05569366738200188,0.00010025738447438926,0.007807462010532618,0.0,0.0,0.0,0.0,8.964676089817658e-05,0.0012160709172061442,,,
1805,True,,,,0.00020488262816797942,0.0,,,,,,0.0028821337036788464,0.05829523503780365,6.370838673319668e-05,0.00894839409738779,0.0,0.0,0.0,0.0,9.262029925594106e-05,0.001213889326727168,,,
1806,True,,,,0.00031858915463089943,0.0,,,,,,0.002662577433511615,0.051628872752189636,0.00010976008343277499,0.0081989336758852,0.0,0.0,0.0,0.0,5.743667497881688e-05,0.0012117185374342383,,,
1807,True,,,,0.00018218984769191593,0.0,,,,,,0.002137141302227974,0.036456793546676636,4.812633414985612e-05,0.005989073775708675,0.0,0.0,0.0,0.0,6.422680598916486e-05,0.0012095585547978386,,,
1808,True,,,,0.00021131237735971808,0.0,,,,,,0.0034145493991672993,0.06213705614209175,5.0311813538428396e-05,0.009864723309874535,0.0,0.0,0.0,0.0,7.143682887544855e-05,0.0012074093842612205,,,
1809,True,,,,0.00015513076505158097,0.0,,,,,,0.0024755755439400673,0.05444559454917908,5.375731780077331e-05,0.008102144114673138,0.0,0.0,0.0,0.0,7.862208440201357e-05,0.0012052710312403859,,,
1810,True,,,,0.0004717030096799135,0.0,,,,,,0.004151614382863045,0.06027079373598099,0.00011647716746665537,0.010708635672926903,0.0,0.0,0.0,0.0,7.688392361160368e-05,0.0012031435011240787,,,
1811,True,,,,0.0002134226670023054,0.0,,,,,,0.004506722092628479,0.054914623498916626,6.127337110228837e-05,0.010242244228720665,0.0,0.0,0.0,0.0,0.00010018033935921267,0.0012010267992737676,,,
1812,True,,,,0.00040171429282054305,0.0,,,,,,0.0022799603175371885,0.045546501874923706,9.747220610734075e-05,0.007285060826689005,0.0,0.0,0.0,0.0,6.0326576203806326e-05,0.0011989209310236345,,,
1813,True,,,,0.00020923714328091592,0.0,,,,,,0.0048195188865065575,0.06458521634340286,5.691947808372788e-05,0.011515737511217594,0.0,0.0,0.0,0.0,8.640094893053174e-05,0.0011968259016805582,,,
1814,True,,,,0.0003284827107563615,0.0,,,,,,0.004691200330853462,0.06301058828830719,0.00010637894592946395,0.011373931542038918,0.0,0.0,0.0,0.0,8.549833728466183e-05,0.0011947417165241042,,,
1815,True,,,,0.00018815782095771283,0.0,,,,,,0.003284924430772662,0.05712146311998367,4.350188828539103e-05,0.009206979535520077,0.0,0.0,0.0,0.0,9.472895908402279e-05,0.0011926683808065105,,,
1816,True,,,,0.00021357735386118293,0.0,,,,,,0.006505072116851807,0.06399740278720856,4.8121186409844086e-05,0.013142450712621212,0.0,0.0,0.0,0.0,8.287988748634234e-05,0.0011906058997526736,,,
1817,True,,,,0.00015579297905787826,0.0,,,,,,0.0026383204385638237,0.04071655124425888,4.969910514773801e-05,0.006890618242323399,0.0,0.0,0.0,0.0,5.4620042647002265e-05,0.001188554278560136,,,
1818,True,,,,0.0004706645559053868,0.0,,,,,,0.006242645438760519,0.07450898736715317,0.00011527712194947526,0.01422184705734253,0.0,0.0,0.0,0.0,7.892661960795522e-05,0.0011865135223990719,,,
1819,True,,,,0.000212567625567317,0.0,,,,,,0.0027151028625667095,0.059596262872219086,5.8960744354408234e-05,0.008916777558624744,0.0,0.0,0.0,0.0,8.598810381954536e-05,0.0011844836364122769,,,
1820,True,,,,0.00039988121716305614,0.0,,,,,,0.003349944017827511,0.04143459349870682,9.895630500977859e-05,0.007942763157188892,0.0,0.0,0.0,0.0,7.699818524997681e-05,0.0011824646257151523,,,
1821,True,,,,0.00020163547014817595,0.0,,,,,,0.0007673939689993858,0.026658598333597183,6.979054887779057e-05,0.00366978463716805,0.0,0.0,0.0,0.0,5.544061059481464e-05,0.0011804564953956927,,,
1822,True,,,,0.00031931622652336955,0.0,,,,,,0.002222346607595682,0.05090741068124771,0.00010675295197870582,0.007685780059546232,0.0,0.0,0.0,0.0,6.837707769591361e-05,0.0011784592505144735,,,
1823,True,,,,0.00018458270642440766,0.0,,,,,,0.0033681178465485573,0.047829754650592804,5.7397217460675165e-05,0.008364374749362469,0.0,0.0,0.0,0.0,8.455322677036747e-05,0.0011764728961046402,,,
1824,True,,,,0.00021660048514604568,0.0,,,,,,0.003637976013123989,0.06946677714586258,5.7512101193424314e-05,0.01083001121878624,0.0,0.0,0.0,0.0,0.0001509526773588732,0.001174497437171893,,,
1825,True,,,,0.00015459505084436387,0.0,,,,,,0.00232471595518291,0.04000215604901314,5.592126399278641e-05,0.006507487501949072,0.0,0.0,0.0,0.0,5.979525303700939e-05,0.001172532878694473,,,
1826,True,,,,0.00046534696593880653,0.0,,,,,,0.0030475424136966467,0.04815377667546272,0.00012555030116345733,0.008391041308641434,0.0,0.0,0.0,0.0,7.442687638103962e-05,0.0011705792256231542,,,
1827,True,,,,0.00021850304619874805,0.0,,,,,,0.0033638037275522947,0.06541788578033447,5.7498051319271326e-05,0.010152844712138176,0.0,0.0,0.0,0.0,8.637661812826991e-05,0.001168636482881229,,,
1828,True,,,,0.0004022561479359865,0.0,,,,,,0.004353685770183802,0.06089547276496887,9.500759188085794e-05,0.010892992839217186,0.0,0.0,0.0,0.0,7.298678974620998e-05,0.0011667046553644914,,,
1829,True,,,,0.00020350671547930688,0.0,,,,,,0.0010490569984540343,0.025134343653917313,5.90754316363018e-05,0.0037955360021442175,0.0,0.0,0.0,0.0,4.744780744658783e-05,0.0011647837479412328,,,
1830,True,,,,0.0003299060626886785,0.0,,,,,,0.0029911526944488287,0.043664149940013885,9.056679846253246e-05,0.007732756901532412,0.0,0.0,0.0,0.0,5.946327291894704e-05,0.001162873765452223,,,
1831,True,,,,0.0001825601648306474,0.0,,,,,,0.0032302136532962322,0.05594509467482567,4.716061448561959e-05,0.009030862711369991,0.0,0.0,0.0,0.0,6.8219582317397e-05,0.0011609747127107016,,,
1832,True,,,,0.0002105082239722833,0.0,,,,,,0.0019133253954350948,0.0414755679666996,4.977056960342452e-05,0.006296276114881039,0.0,0.0,0.0,0.0,6.930550443939865e-05,0.0011590865945023648,,,
1833,True,,,,0.00015459986752830446,0.0,,,,,,0.003053277265280485,0.05589248985052109,5.271229019854218e-05,0.008823482319712639,0.0,0.0,0.0,0.0,7.903184450697154e-05,0.0011572094155853521,,,
1834,True,,,,0.00046652386663481593,0.0,,,,,,0.0024712150916457176,0.034746162593364716,0.00011519335384946316,0.006469951942563057,0.0,0.0,0.0,0.0,5.521349885384552e-05,0.0011553431806902374,,,
1835,True,,,,0.00021556223509833217,0.0,,,,,,0.0018729597795754671,0.03295966237783432,5.483529457706027e-05,0.005411905702203512,0.0,0.0,0.0,0.0,5.3959491197019815e-05,0.001153487894520013,,,
1836,True,,,,0.000403905869461596,0.0,,,,,,0.004351430106908083,0.06437334418296814,9.014727402245626e-05,0.011237744241952896,0.0,0.0,0.0,0.0,7.037584873614833e-05,0.0011516435617500822,,,
1837,True,,,,0.0002040318213403225,0.0,,,,,,0.0015682911034673452,0.042932745069265366,5.6836426665540785e-05,0.006094015669077635,0.0,0.0,0.0,0.0,9.455160761717707e-05,0.0011498101870282427,,,
1838,True,,,,0.00031616660999134183,0.0,,,,,,0.004183984827250242,0.055003389716148376,0.00011577104305615649,0.010058376006782055,0.0,0.0,0.0,0.0,7.278710108948871e-05,0.00114798777497468,,,
1839,True,,,,0.00018019534763880074,0.0,,,,,,0.004364384338259697,0.0482645183801651,4.937255289405584e-05,0.009395718574523926,0.0,0.0,0.0,0.0,6.57620039419271e-05,0.0011461763301819521,,,
1840,True,,,,0.00020997993124183267,0.0,,,,,,0.004301778972148895,0.05720052123069763,4.987986176274717e-05,0.01025675144046545,0.0,0.0,0.0,0.0,8.170120418071747e-05,0.0011443758572149782,,,
1841,True,,,,0.00015750501188449562,0.0,,,,,,0.0054680295288562775,0.06549021601676941,4.4196185626788065e-05,0.012196654453873634,0.0,0.0,0.0,0.0,7.17245347914286e-05,0.0011425863606110288,,,
1842,True,,,,0.00047159544192254543,0.0,,,,,,0.002878534374758601,0.05300028249621391,0.00012307194992899895,0.008711694739758968,0.0,0.0,0.0,0.0,7.600073877256364e-05,0.0011408078448797141,,,
1843,True,,,,0.00021365945576690137,0.0,,,,,,0.0027873027138412,0.03987450152635574,6.895321712363511e-05,0.007022888865321875,0.0,0.0,0.0,0.0,7.755957631161436e-05,0.0011390403145029714,,,
1844,True,,,,0.0004031710559502244,0.0,,,,,,0.002486461540684104,0.051048796623945236,9.774690261110663e-05,0.008043386042118073,0.0,0.0,0.0,0.0,0.00010252490028506145,0.0011372837739350536,,,
1845,True,,,,0.00020141317509114742,0.0,,,,,,0.0026288721710443497,0.057241082191467285,6.321199180092663e-05,0.008585999719798565,0.0,0.0,0.0,0.0,6.592972204089165e-05,0.0011355382276025203,,,
1846,True,,,,0.0003238699573557824,0.0,,,,,,0.002172569977119565,0.048749350011348724,9.9539480288513e-05,0.007421144749969244,0.0,0.0,0.0,0.0,6.257195491343737e-05,0.0011338036799042246,,,
1847,True,,,,0.00017991608183365315,0.0,,,,,,0.005304602440446615,0.06689205765724182,5.095318192616105e-05,0.012199200689792633,0.0,0.0,0.0,0.0,9.147530363406986e-05,0.0011320801352113028,,,
1848,True,,,,0.00021160281903576106,0.0,,,,,,0.005788932554423809,0.06430109590291977,4.9477675929665565e-05,0.012455383315682411,0.0,0.0,0.0,0.0,8.839547808747739e-05,0.0011303675978671613,,,
1849,True,,,,0.00015356182120740414,0.0,,,,,,0.002161683514714241,0.04866230860352516,5.2709467126987875e-05,0.007207830436527729,0.0,0.0,0.0,0.0,6.628382107010111e-05,0.00112866607218747,,,
1850,True,,,,0.0004676294920500368,0.0,,,,,,0.005948064848780632,0.07299679517745972,0.00012365056318230927,0.013777199201285839,0.0,0.0,0.0,0.0,7.211499905679375e-05,0.001126975562460148,,,
1851,True,,,,0.00021156387811060995,0.0,,,,,,0.0029445099644362926,0.054723240435123444,6.306845898507163e-05,0.008659932762384415,0.0,0.0,0.0,0.0,6.232964369701222e-05,0.0011252960729453536,,,
1852,True,,,,0.00039536968688480556,0.0,,,,,,0.0027541005983948708,0.04774840921163559,9.941113239619881e-05,0.007974016480147839,0.0,0.0,0.0,0.0,6.82097306707874e-05,0.0011236276078754731,,,
1853,True,,,,0.00020018054055981338,0.0,,,,,,0.0037514646537601948,0.07065460085868835,6.908704381203279e-05,0.011051648296415806,0.0,0.0,0.0,0.0,9.831961506279185e-05,0.001121970171455112,,,
1854,True,,,,0.0003126895462628454,0.0,,,,,,0.003878267016261816,0.04662401229143143,0.00011638439900707453,0.008911550045013428,0.0,0.0,0.0,0.0,6.351224874379113e-05,0.0011203237678610821,,,
1855,True,,,,0.00018138758605346084,0.0,,,,,,0.00364104425534606,0.056585025042295456,4.759682633448392e-05,0.009504731744527817,0.0,0.0,0.0,0.0,7.703953451709822e-05,0.0011186884012423929,,,
1856,True,,,,0.0002093446091748774,0.0,,,,,,0.001702707028016448,0.04552239552140236,4.628980968846008e-05,0.006487436126917601,0.0,0.0,0.0,0.0,8.025313582038507e-05,0.0011170640757202383,,,
1857,True,,,,0.0001561199314892292,0.0,,,,,,0.006430673412978649,0.06585214287042618,4.895709571428597e-05,0.013196486979722977,0.0,0.0,0.0,0.0,0.00010549435683060437,0.001115450795387991,,,
1858,True,,,,0.0004698817792814225,0.0,,,,,,0.0034340748097747564,0.04757055267691612,0.00011282075138296932,0.008717422373592854,0.0,0.0,0.0,0.0,7.464618829544634e-05,0.0011138485643111872,,,
1859,True,,,,0.00021167458908166736,0.0,,,,,,0.005736896302551031,0.06670667231082916,5.980643618386239e-05,0.012649141252040863,0.0,0.0,0.0,0.0,7.115945481928065e-05,0.0011122573865275198,,,
1860,True,,,,0.00039736469625495374,0.0,,,,,,0.005911339074373245,0.07177619636058807,9.269424481317401e-05,0.013532670214772224,0.0,0.0,0.0,0.0,8.039705426199362e-05,0.001110677266046825,,,
1861,True,,,,0.00020139360276516527,0.0,,,,,,0.005442265421152115,0.06329171359539032,6.064130138838664e-05,0.012003151699900627,0.0,0.0,0.0,0.0,9.619302727514878e-05,0.0011091082068510766,,,
1862,True,,,,0.00032102520344778895,0.0,,,,,,0.0036578900180757046,0.055041152983903885,0.00010019399633165449,0.009533126838505268,0.0,0.0,0.0,0.0,8.348590199602768e-05,0.0011075502128943724,,,
1863,True,,,,0.00018227215332444757,0.0,,,,,,0.004916824400424957,0.07354487478733063,4.968065695720725e-05,0.012478424236178398,0.0,0.0,0.0,0.0,0.00011354638263583183,0.001106003288102924,,,
1864,True,,,,0.000214399304240942,0.0,,,,,,0.004974845796823502,0.06102082505822182,5.1680974138434976e-05,0.011317169293761253,0.0,0.0,0.0,0.0,0.00011834166070912033,0.0011044674363750507,,,
1865,True,,,,0.00015769526362419128,0.0,,,,,,0.0027613621205091476,0.04651155322790146,5.4869909945409745e-05,0.007597647607326508,0.0,0.0,0.0,0.0,8.184161561075598e-05,0.001102942661581165,,,
1866,True,,,,0.0004671532369684428,0.0,,,,,,0.0033754571340978146,0.05466952174901962,0.0001281260629184544,0.009373625740408897,0.0,0.0,0.0,0.0,9.503425098955631e-05,0.0011014289675637665,,,
1867,True,,,,0.00021327628928702325,0.0,,,,,,0.006974729709327221,0.06697223335504532,6.603803194593638e-05,0.013918248936533928,0.0,0.0,0.0,0.0,7.930385618237779e-05,0.0010999263581374296,,,
1868,True,,,,0.0004001082561444491,0.0,,,,,,0.0033243000507354736,0.0616341270506382,0.00010239581752102822,0.00993901863694191,0.0,0.0,0.0,0.0,9.761390538187698e-05,0.0010984348370887964,,,
1869,True,,,,0.00020244644838385284,0.0,,,,,,0.0014705969952046871,0.03838775306940079,6.480983574874699e-05,0.005544223356992006,0.0,0.0,0.0,0.0,5.784500899608247e-05,0.0010969544081765644,,,
1870,True,,,,0.00031903432682156563,0.0,,,,,,0.0017666466301307082,0.0361492745578289,0.00010346608905820176,0.005752341356128454,0.0,0.0,0.0,0.0,6.41254591755569e-05,0.0010954850751314796,,,
1871,True,,,,0.00018283957615494728,0.0,,,,,,0.0013592175673693419,0.04152385890483856,4.8164682084461674e-05,0.005718525033444166,0.0,0.0,0.0,0.0,6.16176548646763e-05,0.0010940268416563255,,,
1872,True,,,,0.00020889841835014522,0.0,,,,,,0.0035160165280103683,0.04521121457219124,5.270705878501758e-05,0.008272390812635422,0.0,0.0,0.0,0.0,5.8778110542334616e-05,0.001092579711425914,,,
1873,True,,,,0.00015406846068799496,0.0,,,,,,0.006010504439473152,0.05760880559682846,5.575509203481488e-05,0.011953330598771572,0.0,0.0,0.0,0.0,9.310193854616955e-05,0.001091143688087076,,,
1874,True,,,,0.0004641854902729392,0.0,,,,,,0.0015187978278845549,0.046387091279029846,0.0001284326717723161,0.006685909349471331,0.0,0.0,0.0,0.0,6.54305040370673e-05,0.001089718775258654,,,
1875,True,,,,0.0002162233431590721,0.0,,,,,,0.0023046189453452826,0.04124218970537186,6.205122190294787e-05,0.006676086690276861,0.0,0.0,0.0,0.0,6.626541289733723e-05,0.0010883049765314894,,,
1876,True,,,,0.00040741049451753497,0.0,,,,,,0.0057617537677288055,0.06770157068967819,9.830387716647238e-05,0.012988473288714886,0.0,0.0,0.0,0.0,0.00014497466327156872,0.0010869022954684176,,,
1877,True,,,,0.00020185133325867355,0.0,,,,,,0.002407424384728074,0.05538168177008629,5.9227033489150926e-05,0.008177056908607483,0.0,0.0,0.0,0.0,7.784658373566344e-05,0.0010855107356042557,,,
1878,True,,,,0.00032358471071347594,0.0,,,,,,0.004329234827309847,0.059360992163419724,9.482143650529906e-05,0.010636328719556332,0.0,0.0,0.0,0.0,7.593165355501696e-05,0.0010841303004457954,,,
1879,True,,,,0.00018272234592586756,0.0,,,,,,0.0021672756411135197,0.04241215065121651,4.81338647659868e-05,0.006615279708057642,0.0,0.0,0.0,0.0,8.431109745288268e-05,0.0010827609934717936,,,
1880,True,,,,0.00020849320571869612,0.0,,,,,,0.006377303972840309,0.050221797078847885,5.021294782636687e-05,0.01163308322429657,0.0,0.0,0.0,0.0,7.40442264941521e-05,0.0010814028181329633,,,
1881,True,,,,0.00015315723430830985,0.0,,,,,,0.002819231478497386,0.05161266028881073,5.0142982217948884e-05,0.008158725686371326,0.0,0.0,0.0,0.0,6.14091259194538e-05,0.0010800557778519663,,,
1882,True,,,,0.00046604787348769605,0.0,,,,,,0.001969574950635433,0.034677714109420776,0.00011787762923631817,0.005962332710623741,0.0,0.0,0.0,0.0,8.046197035582736e-05,0.0010787198760234032,,,
1883,True,,,,0.0002121534780599177,0.0,,,,,,0.0022878972813487053,0.03726435452699661,6.201367796165869e-05,0.006257493514567614,0.0,0.0,0.0,0.0,5.1247650844743475e-05,0.0010773951160138037,,,
1884,True,,,,0.00039798341458663344,0.0,,,,,,0.004888460971415043,0.058670833706855774,0.00010118946374859661,0.011204122565686703,0.0,0.0,0.0,0.0,8.961511048255488e-05,0.0010760815011616213,,,
1885,True,,,,0.0002015116042457521,0.0,,,,,,0.0061970921233296394,0.07018925249576569,6.433448288589716e-05,0.013449694961309433,0.0,0.0,0.0,0.0,8.566570613766089e-05,0.0010747790347772237,,,
1886,True,,,,0.00031908333767205477,0.0,,,,,,0.003957493230700493,0.05049549415707588,0.00010338765423512086,0.009377819485962391,0.0,0.0,0.0,0.0,6.4265557739418e-05,0.0010734877201428819,,,
1887,True,,,,0.0001821705373004079,0.0,,,,,,0.003742225468158722,0.052438221871852875,4.7147110308287665e-05,0.009191792458295822,0.0,0.0,0.0,0.0,7.877900497987866e-05,0.001072207560512766,,,
1888,True,,,,0.00020933622727170587,0.0,,,,,,0.0029720577877014875,0.057650383561849594,4.765818448504433e-05,0.008970261551439762,0.0,0.0,0.0,0.0,6.951251998543739e-05,0.0010709385591129335,,,
1889,True,,,,0.00015795226499903947,0.0,,,,,,0.0035436246544122696,0.05507495626807213,4.556616477202624e-05,0.009231855161488056,0.0,0.0,0.0,0.0,6.832719373051077e-05,0.0010696807191413235,,,
1890,True,,,,0.0004730855580419302,0.0,,,,,,0.0053255255334079266,0.06436912715435028,0.00011119706323370337,0.01229112222790718,0.0,0.0,0.0,0.0,0.00012696871999651194,0.0010684340437677484,,,
1891,True,,,,0.00021694837778341025,0.0,,,,,,0.0022020814940333366,0.03963242098689079,5.715122097171843e-05,0.006410847883671522,0.0,0.0,0.0,0.0,7.310665387194604e-05,0.001067198536133884,,,
1892,True,,,,0.00039734478923492134,0.0,,,,,,0.0019491560524329543,0.04655051976442337,9.396555833518505e-05,0.007048535626381636,0.0,0.0,0.0,0.0,7.035335147520527e-05,0.0010659741993532628,,,
1893,True,,,,0.00020290823886170983,0.0,,,,,,0.002772148232907057,0.0428309440612793,6.551724800374359e-05,0.00729090953245759,0.0,0.0,0.0,0.0,9.567795495968312e-05,0.001064761036511268,,,
1894,True,,,,0.00031349548953585327,0.0,,,,,,0.005546782165765762,0.06810715794563293,0.00012798834359273314,0.01273498684167862,0.0,0.0,0.0,0.0,7.991045276867226e-05,0.0010635590506651227,,,
1895,True,,,,0.00018047026242129505,0.0,,,,,,0.003811769187450409,0.04647628962993622,4.8813199100550264e-05,0.008664274588227272,0.0,0.0,0.0,0.0,7.29441744624637e-05,0.0010623682448438836,,,
1896,True,,,,0.00020757717720698565,0.0,,,,,,0.00357048399746418,0.04572004824876785,4.9369009502697736e-05,0.00837475061416626,0.0,0.0,0.0,0.0,6.363171269185841e-05,0.001061188622048433,,,
1897,True,,,,0.00015408947365358472,0.0,,,,,,0.0027093319222331047,0.057649165391922,4.852035999647342e-05,0.008652597665786743,0.0,0.0,0.0,0.0,8.714415889699012e-05,0.0010600201852514722,,,
1898,True,,,,0.0004657193785533309,0.0,,,,,,0.0038464046083390713,0.0480530746281147,0.0001175104989670217,0.00917618628591299,0.0,0.0,0.0,0.0,7.160512905102223e-05,0.0010588629373975132,,,
1899,True,,,,0.00021531048696488142,0.0,,,,,,0.004020185209810734,0.05987042933702469,5.6135722843464464e-05,0.010250607505440712,0.0,0.0,0.0,0.0,7.229015318443999e-05,0.0010577168814028706,,,
1900,True,,,,0.00039399773231707513,0.0,,,,,,0.0031859688460826874,0.05237674340605736,9.664971003076062e-05,0.008865965530276299,0.0,0.0,0.0,0.0,7.483366061933339e-05,0.001056582020155656,7.348296052898542e-05,1.1873263203007001e-05,6.7451789244498e-06
1901,True,,,,0.00020176821271888912,0.0,,,,,,0.0026012654416263103,0.040169134736061096,6.101664621382952e-05,0.006850455421954393,0.0,0.0,0.0,0.0,6.201734504429623e-05,0.001055458356515769,,,
1902,True,,,,0.0003267992287874222,0.0,,,,,,0.00334883201867342,0.05435442179441452,9.983820200432092e-05,0.009160991758108139,0.0,0.0,0.0,0.0,6.794710498070344e-05,0.001054345893314891,,,
1903,True,,,,0.00018213639850728214,0.0,,,,,,0.0021738028153777122,0.037280887365341187,5.500057523022406e-05,0.006111528258770704,0.0,0.0,0.0,0.0,6.759088864782825e-05,0.0010532446333564782,,,
1904,True,,,,0.00021149071108084172,0.0,,,,,,0.002872117795050144,0.04446043074131012,5.570899156737141e-05,0.0075575062073767185,0.0,0.0,0.0,0.0,7.31361287762411e-05,0.001052154579415753,,,
1905,True,,,,0.00015716507914476097,0.0,,,,,,0.004307624883949757,0.06798321008682251,5.0477210606914014e-05,0.011288349516689777,0.0,0.0,0.0,0.0,7.767836359562352e-05,0.0010510757342397006,,,
1906,True,,,,0.00046641501830890775,0.0,,,,,,0.002664069412276149,0.056587450206279755,0.0001109522272599861,0.008844705298542976,0.0,0.0,0.0,0.0,7.905787060735747e-05,0.001050008100547056,,,
1907,True,,,,0.0002118122938554734,0.0,,,,,,0.003613446606323123,0.04966399818658829,6.0437319916673005e-05,0.008821877650916576,0.0,0.0,0.0,0.0,6.996739830356091e-05,0.0010489516810283036,,,
1908,True,,,,0.00039726163959130645,0.0,,,,,,0.004628549329936504,0.0562654584646225,9.765388676896691e-05,0.01070118322968483,0.0,0.0,0.0,0.0,8.886889554560184e-05,0.0010479064783456666,,,
1909,True,,,,0.000200830094399862,0.0,,,,,,0.00386585621163249,0.0507369227707386,6.42617087578401e-05,0.009172509424388409,0.0,0.0,0.0,0.0,7.098473724909127e-05,0.001046872495133102,,,
1910,True,,,,0.0003185864770784974,0.0,,,,,,0.0022084866650402546,0.03730242699384689,0.00010903653310379013,0.00631183385848999,0.0,0.0,0.0,0.0,5.333203444024548e-05,0.0010458497339962917,,,
1911,True,,,,0.0001826322841225192,0.0,,,,,,0.00603008596226573,0.06302960962057114,4.699800774687901e-05,0.012539178133010864,0.0,0.0,0.0,0.0,7.94393417891115e-05,0.0010448381975126386,,,
1912,True,,,,0.00021166277292650193,0.0,,,,,,0.003422633744776249,0.04233524203300476,5.062669515609741e-05,0.007893133908510208,0.0,0.0,0.0,0.0,6.385821325238794e-05,0.0010438378882312597,,,
1913,True,,,,0.00015557766892015934,0.0,,,,,,0.004077957943081856,0.05665077641606331,5.7984841987490654e-05,0.009927605278789997,0.0,0.0,0.0,0.0,8.634416735731065e-05,0.001042848808672977,,,
1914,True,,,,0.0004643756547011435,0.0,,,,,,0.004923191852867603,0.055800214409828186,0.00012085874186595902,0.011028019711375237,0.0,0.0,0.0,0.0,8.310995326610282e-05,0.0010418709613303145,,,
1915,True,,,,0.0002140851429430768,0.0,,,,,,0.0024080839939415455,0.04503222927451134,5.882170080440119e-05,0.007154802791774273,0.0,0.0,0.0,0.0,8.104930748231709e-05,0.0010409043486674903,,,
1916,True,,,,0.0003955345309805125,0.0,,,,,,0.004387029446661472,0.0670333281159401,9.93203284451738e-05,0.011535556986927986,0.0,0.0,0.0,0.0,7.442114292643964e-05,0.0010399489731204106,,,
1917,True,,,,0.00020014712936244905,0.0,,,,,,0.0017471675528213382,0.033070530742406845,6.36516633676365e-05,0.005286193452775478,0.0,0.0,0.0,0.0,6.244739051908255e-05,0.0010390048370966635,,,
1918,True,,,,0.0003093270061071962,0.0,,,,,,0.003152113175019622,0.047945406287908554,0.00011870928574353456,0.00831533595919609,0.0,0.0,0.0,0.0,6.0815655160695314e-05,0.0010380719429755128,,,
1919,True,,,,0.00017990991182159632,0.0,,,,,,0.0027034939266741276,0.048636168241500854,5.34086866537109e-05,0.007773725315928459,0.0,0.0,0.0,0.0,9.027888154378161e-05,0.0010371502931078925,,,
1920,True,,,,0.00020907432190142572,0.0,,,,,,0.004851912148296833,0.06037112697958946,4.8445181164424866e-05,0.011122322641313076,0.0,0.0,0.0,0.0,8.202965545933694e-05,0.0010362398898164005,,,
1921,True,,,,0.00015736088971607387,0.0,,,,,,0.002607270609587431,0.03822716325521469,4.894104495178908e-05,0.0066118184477090836,0.0,0.0,0.0,0.0,7.401445327559486e-05,0.0010353407353952935,,,
1922,True,,,,0.00046228745486587286,0.0,,,,,,0.0032617743127048016,0.04927980154752731,0.0001256699615623802,0.00871487706899643,0.0,0.0,0.0,0.0,6.744742131559178e-05,0.0010344528321104786,,,
1923,True,,,,0.0002163646131521091,0.0,,,,,,0.0038505427073687315,0.05345636606216431,5.510324263013899e-05,0.009440095163881779,0.0,0.0,0.0,0.0,7.223220745800063e-05,0.0010335761821995116,,,
1924,True,,,,0.0003977247979491949,0.0,,,,,,0.002303355373442173,0.047281719744205475,9.990596299758181e-05,0.007479204796254635,0.0,0.0,0.0,0.0,6.806126475566998e-05,0.001032710787871588,,,
1925,True,,,,0.00020440935622900724,0.0,,,,,,0.006594439502805471,0.06439998000860214,5.563871673075482e-05,0.013266666792333126,0.0,0.0,0.0,0.0,0.00011455931235104799,0.0010318566513075405,,,
1926,True,,,,0.0003145997179672122,0.0,,,,,,0.0020664844196289778,0.04341341555118561,0.00010955944890156388,0.006777205970138311,0.0,0.0,0.0,0.0,8.546114986529574e-05,0.0010310137746598297,,,
1927,True,,,,0.00018074098625220358,0.0,,,,,,0.003049219027161598,0.04712677747011185,5.4338539484888315e-05,0.007969807833433151,0.0,0.0,0.0,0.0,7.38908420316875e-05,0.0010301821600525412,,,
1928,True,,,,0.0002076344535453245,0.0,,,,,,0.004262775182723999,0.05599457398056984,4.9201404181076214e-05,0.010094468481838703,0.0,0.0,0.0,0.0,7.613215711899102e-05,0.0010293618095813808,,,
1929,True,,,,0.00015524798072874546,0.0,,,,,,0.005650847218930721,0.057439953088760376,5.116242027725093e-05,0.011575671844184399,0.0,0.0,0.0,0.0,6.901658343849704e-05,0.001028552725313668,,,
1930,True,,,,0.000468485988676548,0.0,,,,,,0.004990931134670973,0.05503902584314346,0.00012576289009302855,0.011026200838387012,0.0,0.0,0.0,0.0,7.027082028798759e-05,0.0010277549092883287,,,
1931,True,,,,0.0002118467091349885,0.0,,,,,,0.002907059621065855,0.05426967889070511,6.32507071713917e-05,0.00857749953866005,0.0,0.0,0.0,0.0,7.719664426986128e-05,0.0010269683635158956,,,
1932,True,,,,0.00039790463051758707,0.0,,,,,,0.0031255788635462523,0.06471940875053406,0.00010087426926475018,0.010045860894024372,0.0,0.0,0.0,0.0,9.920707088895142e-05,0.0010261930899784983,,,
1933,True,,,,0.00020324827346485108,0.0,,,,,,0.0020693258848041296,0.03429791331291199,6.199823110364377e-05,0.005733364261686802,0.0,0.0,0.0,0.0,6.176258466439322e-05,0.0010254290906298597,,,
1934,True,,,,0.00031319897971116006,0.0,,,,,,0.003546557854861021,0.05205487459897995,0.0001155602658400312,0.00912302453070879,0.0,0.0,0.0,0.0,7.336729322560132e-05,0.0010246763673952912,,,
1935,True,,,,0.00018171430565416813,0.0,,,,,,0.0027784574776887894,0.05745523422956467,5.2254512411309406e-05,0.008731822483241558,0.0,0.0,0.0,0.0,7.872338755987585e-05,0.0010239349221716882,,,
1936,True,,,,0.00020760610641445965,0.0,,,,,,0.003210280789062381,0.049713023006916046,4.9836799007607624e-05,0.008414107374846935,0.0,0.0,0.0,0.0,6.54889881843701e-05,0.001023204756827526,,,
1937,True,,,,0.00015470889047719538,0.0,,,,,,0.00346817122772336,0.0633571445941925,5.443655390990898e-05,0.00998581200838089,0.0,0.0,0.0,0.0,8.17850450403057e-05,0.001022485873202852,,,
1938,True,,,,0.0004651954513974488,0.0,,,,,,0.00424087792634964,0.05947113037109375,0.0001292674569413066,0.01071782037615776,0.0,0.0,0.0,0.0,9.072460670722649e-05,0.0010217782731092848,,,
1939,True,,,,0.000216628861380741,0.0,,,,,,0.002885849680751562,0.041008878499269485,5.879883246961981e-05,0.007232766132801771,0.0,0.0,0.0,0.0,6.904574547661468e-05,0.0010210819583300074,,,
1940,True,,,,0.00039187667425721884,0.0,,,,,,0.002685242798179388,0.04426291212439537,0.00010201380064245313,0.007554417476058006,0.0,0.0,0.0,0.0,7.421127520501614e-05,0.0010203969306197638,,,
1941,True,,,,0.00020381843205541372,0.0,,,,,,0.002318751532584429,0.04210086911916733,6.019815555191599e-05,0.006762756034731865,0.0,0.0,0.0,0.0,6.650899013038725e-05,0.0010197231917048538,,,
1942,True,,,,0.0003195925382897258,0.0,,,,,,0.0029199030250310898,0.04095623269677162,0.00010110122093465179,0.007385669741779566,0.0,0.0,0.0,0.0,7.283993909368291e-05,0.001019060743283128,,,
1943,True,,,,0.00018610371625982225,0.0,,,,,,0.0038076932542026043,0.04818606376647949,5.4089148761704564e-05,0.008839447982609272,0.0,0.0,0.0,0.0,0.00012788234744220972,0.0010184095870239863,,,
1944,True,,,,0.00020846449478995055,0.0,,,,,,0.003450776217505336,0.05304413661360741,5.117331602377817e-05,0.008989240974187851,0.0,0.0,0.0,0.0,0.00011041088146157563,0.0010177697245683705,,,
1945,True,,,,0.0001549263542983681,0.0,,,,,,0.004258874338120222,0.055329762399196625,4.612753036781214e-05,0.009969841688871384,0.0,0.0,0.0,0.0,8.751941641094163e-05,0.0010171411575287622,,,
1946,True,,,,0.0004668404289986938,0.0,,,,,,0.003461449407041073,0.04668870195746422,0.00011216795246582478,0.008653244003653526,0.0,0.0,0.0,0.0,5.9762245655292645e-05,0.0010165238874891775,,,
1947,True,,,,0.0002131847431883216,0.0,,,,,,0.004053676035255194,0.054401881992816925,5.9288104239385575e-05,0.009736692532896996,0.0,0.0,0.0,0.0,0.00011578530393308029,0.0010159179160051637,,,
1948,True,,,,0.00039321224903687835,0.0,,,,,,0.0060826814733445644,0.0681270956993103,0.00010043196380138397,0.013338819146156311,0.0,0.0,0.0,0.0,7.229740003822371e-05,0.0010153232446037963,,,
1949,True,,,,0.00020799451158381999,0.0,,,,,,0.003887161146849394,0.05861152708530426,5.919958493905142e-05,0.009985907934606075,0.0,0.0,0.0,0.0,9.361393313156441e-05,0.0010147398747836715,,,
1950,True,,,,0.0003179699997417629,0.0,,,,,,0.0031350618228316307,0.052848078310489655,0.00011324090883135796,0.008794460445642471,0.0,0.0,0.0,0.0,9.075871639652178e-05,0.001014167808014908,,,
1951,True,,,,0.0001810012327041477,0.0,,,,,,0.004334069788455963,0.0512409433722496,4.7870933485683054e-05,0.00966310128569603,0.0,0.0,0.0,0.0,6.768578168703243e-05,0.0010136070457391394,,,
1952,True,,,,0.0002102968719555065,0.0,,,,,,0.0024610147811472416,0.0385749414563179,4.893088043900207e-05,0.0065532708540558815,0.0,0.0,0.0,0.0,6.800414121244103e-05,0.00101305758936951,,,
1953,True,,,,0.00015467090997844934,0.0,,,,,,0.0050300490111112595,0.054324038326740265,4.865479422733188e-05,0.010641451925039291,0.0,0.0,0.0,0.0,7.965917757246643e-05,0.0010125194402906743,,,
1954,True,,,,0.00046575229498557746,0.0,,,,,,0.005834003444761038,0.058146312832832336,0.00011795557657023892,0.012173364870250225,0.0,0.0,0.0,0.0,7.920247298898175e-05,0.0010119925998587915,,,
1955,True,,,,0.00021344434935599566,0.0,,,,,,0.0033564656041562557,0.046711258590221405,5.994876119075343e-05,0.008271010592579842,0.0,0.0,0.0,0.0,7.197163358796388e-05,0.0010114770694015225,,,
1956,True,,,,0.00039451755583286285,0.0,,,,,,0.004057793412357569,0.05075091868638992,0.00010372207907494158,0.009579263627529144,0.0,0.0,0.0,0.0,7.554514013463631e-05,0.001010972850218027,,,
1957,True,,,,0.0002009142772294581,0.0,,,,,,0.0027870810590684414,0.04569900035858154,6.377024692483246e-05,0.007589780725538731,0.0,0.0,0.0,0.0,7.040976197458804e-05,0.0010104799435789583,,,
1958,True,,,,0.0003130284312646836,0.0,,,,,,0.002797038061544299,0.043725501745939255,0.00012984014756511897,0.007547536864876747,0.0,0.0,0.0,0.0,7.1365648182109e-05,0.001009998350726464,,,
1959,True,,,,0.00017878715880215168,0.0,,,,,,0.004435338545590639,0.05795406177639961,5.92638025409542e-05,0.010439163073897362,0.0,0.0,0.0,0.0,7.775169797241688e-05,0.0010095280728741776,,,
1960,True,,,,0.000208341603865847,0.0,,,,,,0.0029232031665742397,0.039735883474349976,5.5531847465317696e-05,0.0071328990161418915,0.0,0.0,0.0,0.0,0.00011568616901058704,0.0010090691112072212,,,
1961,True,,,,0.00015168356185313314,0.0,,,,,,0.003445209003984928,0.06832931935787201,5.474597492138855e-05,0.01045719813555479,0.0,0.0,0.0,0.0,7.671975617995486e-05,0.0010086214668821973,,,
1962,True,,,,0.0004630555340554565,0.0,,,,,,0.0027723207604140043,0.043675731867551804,0.00011975194502156228,0.0076628257520496845,0.0,0.0,0.0,0.0,8.068285387707874e-05,0.0010081851410271897,,,
1963,True,,,,0.00021501138689927757,0.0,,,,,,0.004023782443255186,0.05193959176540375,5.525217784452252e-05,0.009460379369556904,0.0,0.0,0.0,0.0,6.685929838567972e-05,0.0010077601347417587,,,
1964,True,,,,0.00039527981425635517,0.0,,,,,,0.002550899051129818,0.04695100337266922,9.785295696929097e-05,0.007690205704420805,0.0,0.0,0.0,0.0,8.085653826128691e-05,0.0010073464490969381,,,
1965,True,,,,0.00020186134497635067,0.0,,,,,,0.0022339189890772104,0.04116831719875336,5.615199916064739e-05,0.006580688524991274,0.0,0.0,0.0,0.0,7.200847176136449e-05,0.0010069440851352342,,,
1966,True,,,,0.0003253795439377427,0.0,,,,,,0.0035882664378732443,0.04845350980758667,9.316350042354316e-05,0.008805579505860806,0.0,0.0,0.0,0.0,6.330095493467525e-05,0.0010065530438706216,,,
1967,True,,,,0.00017891681636683643,0.0,,,,,,0.003327877027913928,0.049152523279190063,5.245043939794414e-05,0.008448271080851555,0.0,0.0,0.0,0.0,0.00011093475768575445,0.001006173326288541,,,
1968,True,,,,0.00020780469640158117,0.0,,,,,,0.0033366456627845764,0.04542442411184311,4.886890383204445e-05,0.008111326955258846,0.0,0.0,0.0,0.0,7.067489787004888e-05,0.0010058049333458983,,,
1969,True,,,,0.00015873630763962865,0.0,,,,,,0.005080097354948521,0.0497041717171669,4.472480941331014e-05,0.01023161318153143,0.0,0.0,0.0,0.0,8.895370410755277e-05,0.0010054478659710588,,,
1970,True,,,,0.0004627967136912048,0.0,,,,,,0.004352422431111336,0.060115210711956024,0.00011412403546273708,0.01088380254805088,0.0,0.0,0.0,0.0,8.744216029299423e-05,0.0010051021250638485,,,
1971,True,,,,0.00021055297111161053,0.0,,,,,,0.00381598062813282,0.04695374518632889,5.9852987760677934e-05,0.008751834742724895,0.0,0.0,0.0,0.0,5.8615420130081475e-05,0.0010047677114955495,,,
1972,True,,,,0.00039061062852852046,0.0,,,,,,0.0014110620832070708,0.040393561124801636,9.706696437206119e-05,0.005889562424272299,0.0,0.0,0.0,0.0,5.408139986684546e-05,0.0010044446261088982,,,
1973,True,,,,0.0001990916789509356,0.0,,,,,,0.003759140847250819,0.05878075957298279,6.463948375312611e-05,0.009868628345429897,0.0,0.0,0.0,0.0,6.984933133935556e-05,0.0010041328697180838,,,
1974,True,,,,0.0003107023658230901,0.0,,,,,,0.005697460845112801,0.05854704976081848,0.00011732173152267933,0.011921529658138752,0.0,0.0,0.0,0.0,6.936006684554741e-05,0.001003832443108747,,,
1975,True,,,,0.00018059943977277726,0.0,,,,,,0.0031616520136594772,0.05140746384859085,5.333138324203901e-05,0.008509662933647633,0.0,0.0,0.0,0.0,8.154365059453994e-05,0.0010035433470379751,,,
1976,True,,,,0.00021067343186587095,0.0,,,,,,0.0026789873372763395,0.04793902859091759,5.368247366277501e-05,0.00771040515974164,0.0,0.0,0.0,0.0,9.59446479100734e-05,0.0010032655822343028,,,
1977,True,,,,0.00015214223822113127,0.0,,,,,,0.0024516060948371887,0.04512806236743927,5.130941281095147e-05,0.007142209447920322,0.0,0.0,0.0,0.0,6.104211934143677e-05,0.0010029991493977102,,,
1978,True,,,,0.00046279095113277435,0.0,,,,,,0.0011331848800182343,0.027577843517065048,0.00011161866132169962,0.0044095697812736034,0.0,0.0,0.0,0.0,5.790108480141498e-05,0.001002744049199619,,,
1979,True,,,,0.00021226122044026852,0.0,,,,,,0.004670946858823299,0.05160500854253769,5.8912723034154624e-05,0.010073165409266949,0.0,0.0,0.0,0.0,6.566866068169475e-05,0.001002500282282893,,,
1980,True,,,,0.000387450068956241,0.0,,,,,,0.0014247775543481112,0.027034703642129898,9.610354754840955e-05,0.004563749767839909,0.0,0.0,0.0,0.0,5.4507174354512244e-05,0.0010022678492618358,,,
1981,True,,,,0.00020254547416698188,0.0,,,,,,0.00356493704020977,0.05521141365170479,5.4491025366587564e-05,0.009315869770944118,0.0,0.0,0.0,0.0,8.793310553301126e-05,0.0010020467507221886,,,
1982,True,,,,0.00032014260068535805,0.0,,,,,,0.003623939584940672,0.05102039501070976,0.00010165934509132057,0.00909695215523243,0.0,0.0,0.0,0.0,6.775493238819763e-05,0.0010018369872211294,,,
1983,True,,,,0.0001776406861608848,0.0,,,,,,0.0036469493061304092,0.05082316696643829,5.252933988231234e-05,0.008933170698583126,0.0,0.0,0.0,0.0,8.001826790859923e-05,0.0010016385592872706,,,
1984,True,,,,0.00020621373550966382,0.0,,,,,,0.002881015185266733,0.05279307812452316,4.823546623811126e-05,0.008390653878450394,0.0,0.0,0.0,0.0,7.32221596990712e-05,0.0010014514674206605,,,
1985,True,,,,0.0001581913384143263,0.0,,,,,,0.004001769702881575,0.05965191870927811,4.9191468860954046e-05,0.010149748995900154,0.0,0.0,0.0,0.0,0.00010066828690469265,0.0010012757120927782,,,
1986,True,,,,0.0004596399958245456,0.0,,,,,,0.003418348729610443,0.05733506381511688,0.00012453109957277775,0.009673761203885078,0.0,0.0,0.0,0.0,6.982507329666987e-05,0.0010011112937465347,,,
1987,True,,,,0.00021254850435070693,0.0,,,,,,0.0016775215044617653,0.03772910311818123,5.567992047872394e-05,0.005690820515155792,0.0,0.0,0.0,0.0,6.0324451624182984e-05,0.0010009582127962712,,,
1988,True,,,,0.00039253951399587095,0.0,,,,,,0.0068338364362716675,0.06902678310871124,9.818418038776144e-05,0.014178145676851273,0.0,0.0,0.0,0.0,0.00010799223673529923,0.0010008164696277595,,,
1989,True,,,,0.00020020849478896707,0.0,,,,,,0.0058953650295734406,0.06560870260000229,6.521949399029836e-05,0.01268905308097601,0.0,0.0,0.0,0.0,7.641565753147006e-05,0.0010006860645981972,,,
1990,True,,,,0.00032046964042820036,0.0,,,,,,0.0071012782864272594,0.07347530126571655,0.00010094898607349023,0.014819753356277943,0.0,0.0,0.0,0.0,8.72589589562267e-05,0.0010005669980362117,,,
1991,True,,,,0.00017914013005793095,0.0,,,,,,0.0021071755327284336,0.039305225014686584,5.303680518409237e-05,0.006243356503546238,0.0,0.0,0.0,0.0,5.850947854924016e-05,0.0010004592702418551,,,
1992,True,,,,0.00020739871251862496,0.0,,,,,,0.0032142377458512783,0.0534655936062336,4.9640293582342565e-05,0.008793015964329243,0.0,0.0,0.0,0.0,7.299993740161881e-05,0.0010003628814866067,,,
1993,True,,,,0.00015576595615129918,0.0,,,,,,0.003346571698784828,0.05770760029554367,4.6543951611965895e-05,0.009296368807554245,0.0,0.0,0.0,0.0,7.127883873181418e-05,0.00100027783201337,,,
1994,True,,,,0.00045925105223432183,0.0,,,,,,0.0028017680160701275,0.05587276816368103,0.00011892290058312938,0.008907756768167019,0.0,0.0,0.0,0.0,9.284105180995539e-05,0.001000204122036474,,,
1995,True,,,,0.00021145501523278654,0.0,,,,,,0.0025710412301123142,0.05130039155483246,5.8095894928555936e-05,0.007941583171486855,0.0,0.0,0.0,0.0,7.083700620569289e-05,0.0010001417517416702,,,
1996,True,,,,0.00039360258961096406,0.0,,,,,,0.003762849373742938,0.06249735876917839,9.703911928227171e-05,0.010454707778990269,0.0,0.0,0.0,0.0,0.0001018601396935992,0.0010000907212861353,,,
1997,True,,,,0.0002021208347287029,0.0,,,,,,0.001391961588524282,0.043946970254182816,6.499650044133887e-05,0.006021277513355017,0.0,0.0,0.0,0.0,6.240599032025784e-05,0.0010000510307984676,,,
1998,True,,,,0.00031563208904117346,0.0,,,,,,0.003345298347994685,0.05154542624950409,0.0001032841028063558,0.008867114782333374,0.0,0.0,0.0,0.0,6.587770621990785e-05,0.0010000226803786893,,,
1999,True,,,,0.00017878405924420804,0.0,,,,,,0.005231603980064392,0.07410597801208496,5.154611062607728e-05,0.012846759520471096,0.0,0.0,0.0,0.0,8.205333142541349e-05,0.0010000056700982445,,,
2000,True,,,,0.000203389092348516,0.0,,,,,,0.004382089711725712,0.06491314619779587,5.203129694564268e-05,0.011102808639407158,0.0,0.0,0.0,0.0,7.991629536263645e-05,0.001,7.90544453341282e-05,4.380627811428994e-06,4.28593797065012e-06
