step,applied,reason,reconstruction_mse,perceptual_loss,preservation_mse,loss,residual_loss,trust_loss,grad_norm,learning_rate
1,True,,0.0009404639131389558,0.0436001755297184,0.0,0.005300481803715229,0.0,0.0,0.033019375056028366,1.0000000000000002e-06
2,True,,0.0006127431988716125,0.06375227868556976,0.0,0.006987971253693104,0.0,0.0,0.10714979469776154,2.0000000000000003e-06
3,True,,0.002683828119188547,0.1212611123919487,0.0,0.01480994001030922,0.0,0.0,0.11634290963411331,3.0000000000000005e-06
4,True,,0.0008703872445039451,0.03437892720103264,0.0,0.004308280069380999,0.0,0.0,0.07079151272773743,4.000000000000001e-06
5,True,,0.0006948398659005761,0.037484653294086456,0.0,0.0044433050788939,0.0,0.0,0.053870074450969696,5e-06
6,True,,0.0023498700466006994,0.04680732637643814,0.0,0.007030602544546127,0.0,0.0,0.032300304621458054,6.000000000000001e-06
7,True,,0.002371204551309347,0.059780750423669815,0.0,0.008349279873073101,0.0,0.0,0.04668363183736801,7.000000000000001e-06
8,True,,0.00242689810693264,0.03538385033607483,0.0,0.005965283140540123,0.0,0.0,0.04325395077466965,8.000000000000001e-06
9,True,,0.003958238288760185,0.0658014565706253,0.0,0.010538384318351746,0.0,0.0,0.03923945873975754,9e-06
10,True,,0.0005570674547925591,0.04246603697538376,0.0,0.004803671035915613,0.0,0.0,0.04172840714454651,1e-05
11,True,,0.0009921388700604439,0.04406829550862312,0.0,0.005398968700319529,0.0,0.0,0.10979433357715607,1e-05
12,True,,0.011027175933122635,0.13382336497306824,0.0,0.024409513920545578,0.0,0.0,0.06853866577148438,9.999977296682896e-06
13,True,,0.0016573411412537098,0.04300765320658684,0.0,0.005958106368780136,0.0,0.0,0.05118759348988533,9.999909186960666e-06
14,True,,0.0015638833865523338,0.04359765350818634,0.0,0.005923648830503225,0.0,0.0,0.02728576585650444,9.999795671520565e-06
15,True,,0.008210033178329468,0.11080741882324219,0.0,0.019290775060653687,0.0,0.0,0.07328847050666809,9.999636751508002e-06
16,True,,0.0009870335925370455,0.05350877344608307,0.0,0.006337910890579224,0.0,0.0,0.07157855480909348,9.999432428526538e-06
17,True,,0.0017391019500792027,0.04542723670601845,0.0,0.006281825713813305,0.0,0.0,0.05069808289408684,9.999182704637869e-06
18,True,,0.0007843266939744353,0.04129808396100998,0.0,0.004914135206490755,0.0,0.0,0.08162455260753632,9.998887582361798e-06
19,True,,0.0009545790962874889,0.04906421899795532,0.0,0.005861001089215279,0.0,0.0,0.16033774614334106,9.998547064676213e-06
20,True,,0.007585143204778433,0.08940494060516357,0.0,0.016525637358427048,0.0,0.0,0.04435121268033981,9.998161155017067e-06
21,True,,0.0014841448282822967,0.03130340576171875,0.0,0.004614485427737236,0.0,0.0,0.04429474472999573,9.997729857278323e-06
22,True,,0.003169128205627203,0.10270868986845016,0.0,0.013439998030662537,0.0,0.0,0.051477838307619095,9.997253175811935e-06
23,True,,0.005227980669587851,0.13426737487316132,0.0,0.0186547189950943,0.0,0.0,0.11052669584751129,9.996731115427792e-06
24,True,,0.00013779912842437625,0.02057376131415367,0.0,0.0021951752714812756,0.0,0.0,0.10617559403181076,9.996163681393672e-06
25,True,,0.005090341437608004,0.1062956154346466,0.0,0.015719903632998466,0.0,0.0,0.056970592588186264,9.99555087943519e-06
26,True,,0.0061427513137459755,0.11973398178815842,0.0,0.018116150051355362,0.0,0.0,0.09070338308811188,9.99489271573574e-06
27,True,,0.0008992746006697416,0.06724931299686432,0.0,0.007624206133186817,0.0,0.0,0.05364152416586876,9.994189196936434e-06
28,True,,0.008526625111699104,0.10956509411334991,0.0,0.019483134150505066,0.0,0.0,0.04990037903189659,9.993440330136032e-06
29,True,,0.0005865659913979471,0.04882067069411278,0.0,0.005468633025884628,0.0,0.0,0.07626248151063919,9.992646122890873e-06
30,True,,0.004477325361222029,0.07925710082054138,0.0,0.012403035536408424,0.0,0.0,0.06755110621452332,9.991806583214794e-06
31,True,,0.0010406174696981907,0.04402325674891472,0.0,0.005442943423986435,0.0,0.0,0.052566658705472946,9.990921719579058e-06
32,True,,0.013458428904414177,0.15374323725700378,0.0,0.028832752257585526,0.0,0.0,0.09340047091245651,9.98999154091226e-06
33,True,,0.0015750343445688486,0.053306564688682556,0.0,0.0069056907668709755,0.0,0.0,0.09638505429029465,9.989016056600237e-06
34,True,,0.011601777747273445,0.17430666089057922,0.0,0.029032444581389427,0.0,0.0,0.11994672566652298,9.987995276485984e-06
35,True,,0.0010380866006016731,0.060042787343263626,0.0,0.007042365614324808,0.0,0.0,0.064080148935318,9.98692921086954e-06
36,True,,0.002200550865381956,0.09074043482542038,0.0,0.011274594813585281,0.0,0.0,0.07097229361534119,9.985817870507896e-06
37,True,,0.0034646715503185987,0.06282536685466766,0.0,0.009747208096086979,0.0,0.0,0.03437691181898117,9.984661266614882e-06
38,True,,0.0009181849891319871,0.030407041311264038,0.0,0.0039588892832398415,0.0,0.0,0.044991955161094666,9.983459410861047e-06
39,True,,0.001983845606446266,0.11228961497545242,0.0,0.013212807476520538,0.0,0.0,0.05673256143927574,9.982212315373553e-06
40,True,,0.0006610945565626025,0.04180191829800606,0.0,0.004841286689043045,0.0,0.0,0.1100216880440712,9.98091999273605e-06
41,True,,0.017625033855438232,0.1775941401720047,0.0,0.03538444638252258,0.0,0.0,0.11136151850223541,9.979582455988538e-06
42,True,,0.0010670979972928762,0.05869583785533905,0.0,0.00693668145686388,0.0,0.0,0.07271110266447067,9.978199718627251e-06
43,True,,0.0053560431115329266,0.07932112365961075,0.0,0.013288155198097229,0.0,0.0,0.051547784358263016,9.976771794604511e-06
44,True,,0.0007638512179255486,0.02828691527247429,0.0,0.003592542838305235,0.0,0.0,0.06135273352265358,9.97529869832859e-06
45,True,,0.0020116439554840326,0.09008020907640457,0.0,0.011019664816558361,0.0,0.0,0.05256612226366997,9.973780444663564e-06
46,True,,0.006354502402245998,0.07007620483636856,0.0,0.01336212269961834,0.0,0.0,0.04430574178695679,9.972217048929162e-06
47,True,,0.0006604752270504832,0.03382185846567154,0.0,0.0040426612831652164,0.0,0.0,0.03273014351725578,9.970608526900618e-06
48,True,,0.005550322588533163,0.1151973232626915,0.0,0.01707005500793457,0.0,0.0,0.06902477890253067,9.968954894808504e-06
49,True,,0.00036961399018764496,0.023352857679128647,0.0,0.0027048997581005096,0.0,0.0,0.04115045443177223,9.967256169338564e-06
50,True,,0.003022984601557255,0.057808324694633484,0.0,0.008803816512227058,0.0,0.0,0.04996776208281517,9.965512367631558e-06
51,True,,0.0013971863081678748,0.048648297786712646,0.0,0.006262016482651234,0.0,0.0,0.04550633579492569,9.963723507283077e-06
52,True,,0.0007683476433157921,0.020780440419912338,0.0,0.002846391638740897,0.0,0.0,0.03404172137379646,9.961889606343374e-06
53,True,,0.002151679713279009,0.06376871466636658,0.0,0.008528551086783409,0.0,0.0,0.04739028960466385,9.960010683317171e-06
54,True,,0.0011612962698563933,0.045184969902038574,0.0,0.005679793655872345,0.0,0.0,0.03367527574300766,9.958086757163489e-06
55,True,,0.0062727308832108974,0.0982343778014183,0.0,0.016096169129014015,0.0,0.0,0.05249015986919403,9.956117847295439e-06
56,True,,0.004204200580716133,0.10166449844837189,0.0,0.014370650984346867,0.0,0.0,0.07731398940086365,9.954103973580035e-06
57,True,,0.0011111940257251263,0.05773018300533295,0.0,0.006884212605655193,0.0,0.0,0.04145410656929016,9.952045156337998e-06
58,True,,0.0006941822357475758,0.017542973160743713,0.0,0.0024484796449542046,0.0,0.0,0.03769255802035332,9.949941416343538e-06
59,True,,0.0024430067278444767,0.06232971325516701,0.0,0.00867597758769989,0.0,0.0,0.06306388974189758,9.947792774824156e-06
60,True,,0.009580227546393871,0.1202537789940834,0.0,0.021605605259537697,0.0,0.0,0.05932402238249779,9.945599253460427e-06
61,True,,0.002740744035691023,0.08558030426502228,0.0,0.011298773810267448,0.0,0.0,0.06502412259578705,9.943360874385777e-06
62,True,,0.0014340908965095878,0.03842770308256149,0.0,0.005276861134916544,0.0,0.0,0.14614169299602509,9.941077660186265e-06
63,True,,0.0027235597372055054,0.06181950867176056,0.0,0.008905511349439621,0.0,0.0,0.03795507177710533,9.938749633900351e-06
64,True,,0.0006754083442501724,0.04790496826171875,0.0,0.0054659051820635796,0.0,0.0,0.05151713266968727,9.936376819018664e-06
65,True,,0.006405321415513754,0.13533538579940796,0.0,0.019938860088586807,0.0,0.0,0.07571499049663544,9.93395923948377e-06
66,True,,0.004793896339833736,0.04836123809218407,0.0,0.009630020707845688,0.0,0.0,0.05119771882891655,9.931496919689921e-06
67,True,,0.0006468687206506729,0.03251436725258827,0.0,0.0038983055856078863,0.0,0.0,0.03727544844150543,9.928989884482824e-06
68,True,,0.0014580003917217255,0.040528442710638046,0.0,0.0055108447559177876,0.0,0.0,0.0304927546530962,9.926438159159369e-06
69,True,,0.0022383853793144226,0.03870886564254761,0.0,0.006109272129833698,0.0,0.0,0.02980358712375164,9.923841769467393e-06
70,True,,0.0003477340505924076,0.02351544052362442,0.0,0.002699278062209487,0.0,0.0,0.03126421570777893,9.921200741605412e-06
71,True,,0.0018383361166343093,0.04029224440455437,0.0,0.005867560859769583,0.0,0.0,0.04976820945739746,9.918515102222355e-06
72,True,,0.002597466576844454,0.06332157552242279,0.0,0.00892962422221899,0.0,0.0,0.06669828295707703,9.9157848784173e-06
73,True,,0.0025758035480976105,0.0726303681731224,0.0,0.009838839992880821,0.0,0.0,0.03312115743756294,9.913010097739195e-06
74,True,,0.002067919820547104,0.048936378210783005,0.0,0.006961557548493147,0.0,0.0,0.033964481204748154,9.910190788186587e-06
75,True,,0.0009242456289939582,0.044717300683259964,0.0,0.005395975429564714,0.0,0.0,0.0373869426548481,9.907326978207331e-06
76,True,,0.0019717495888471603,0.043947167694568634,0.0,0.006366466637700796,0.0,0.0,0.03163286671042442,9.90441869669831e-06
77,True,,0.006736680865287781,0.11017052829265594,0.0,0.017753735184669495,0.0,0.0,0.05617380887269974,9.901465973005142e-06
78,True,,0.0008357969927601516,0.054200153797864914,0.0,0.006255812477320433,0.0,0.0,0.0745546966791153,9.89846883692188e-06
79,True,,0.003221925115212798,0.09350159019231796,0.0,0.012572084553539753,0.0,0.0,0.10190142691135406,9.895427318690716e-06
80,True,,0.0019877327140420675,0.06540090590715408,0.0,0.008527823723852634,0.0,0.0,0.030904458835721016,9.892341449001673e-06
81,True,,0.009756366722285748,0.07698598504066467,0.0,0.0174549650400877,0.0,0.0,0.04807978495955467,9.889211258992297e-06
82,True,,0.000704303733073175,0.03224308416247368,0.0,0.003928611986339092,0.0,0.0,0.03427541255950928,9.886036780247344e-06
83,True,,0.0014783942606300116,0.05122935399413109,0.0,0.006601329892873764,0.0,0.0,0.041115496307611465,9.882818044798453e-06
84,True,,0.00045862660044804215,0.038518428802490234,0.0,0.00431046960875392,0.0,0.0,0.05271364748477936,9.87955508512384e-06
85,True,,0.0009370725601911545,0.022707952186465263,0.0,0.003207867732271552,0.0,0.0,0.03872426971793175,9.876247934147945e-06
86,True,,0.003259583842009306,0.07634419202804565,0.0,0.010894003324210644,0.0,0.0,0.043884191662073135,9.87289662524113e-06
87,True,,0.000442894030129537,0.06353168934583664,0.0,0.006796063389629126,0.0,0.0,0.0648110881447792,9.869501192219315e-06
88,True,,0.0017005640547722578,0.06171317771077156,0.0,0.007871882058680058,0.0,0.0,0.05130109190940857,9.866061669343651e-06
89,True,,0.00034000532468780875,0.04863252863287926,0.0,0.005203258246183395,0.0,0.0,0.0856865718960762,9.862578091320176e-06
90,True,,0.00038420886266976595,0.03482356667518616,0.0,0.00386656541377306,0.0,0.0,0.07512824982404709,9.859050493299458e-06
91,True,,0.002048552269116044,0.04709242656826973,0.0,0.006757794879376888,0.0,0.0,0.06172335520386696,9.855478910876238e-06
92,True,,0.0012287679128348827,0.053666263818740845,0.0,0.00659539457410574,0.0,0.0,0.14078521728515625,9.851863380089081e-06
93,True,,0.0026245093904435635,0.06037347763776779,0.0,0.00866185687482357,0.0,0.0,0.03318505734205246,9.848203937420009e-06
94,True,,0.00013073037553112954,0.028326693922281265,0.0,0.0029633999802172184,0.0,0.0,0.05787287652492523,9.844500619794123e-06
95,True,,0.0010621276451274753,0.07599364221096039,0.0,0.008661491796374321,0.0,0.0,0.08350302278995514,9.840753464579246e-06
96,True,,0.0035752400290220976,0.08562497794628143,0.0,0.012137738056480885,0.0,0.0,0.08265439420938492,9.836962509585533e-06
97,True,,0.0012130015529692173,0.051035553216934204,0.0,0.006316557060927153,0.0,0.0,0.027918608859181404,9.833127793065098e-06
98,True,,0.0008395349141210318,0.04050898551940918,0.0,0.0048904335126280785,0.0,0.0,0.0841110497713089,9.829249353711622e-06
99,True,,0.008979011327028275,0.16189154982566833,0.0,0.025168167427182198,0.0,0.0,0.07937680929899216,9.825327230659966e-06
100,True,,0.0020185166504234076,0.08048146218061447,0.0,0.010066662915050983,0.0,0.0,0.09699715673923492,9.82136146348578e-06
101,True,,0.0023442714009433985,0.07525202631950378,0.0,0.009869473986327648,0.0,0.0,0.05597575381398201,9.81735209220509e-06
102,True,,0.0014780781930312514,0.05530551075935364,0.0,0.007008629385381937,0.0,0.0,0.050023093819618225,9.813299157273912e-06
103,True,,0.006020260509103537,0.06346191465854645,0.0,0.012366452254354954,0.0,0.0,0.04234347119927406,9.809202699587828e-06
104,True,,0.004423046018928289,0.06993250548839569,0.0,0.011416296474635601,0.0,0.0,0.03321533277630806,9.805062760481586e-06
105,True,,0.001970126060768962,0.037684116512537,0.0,0.005738537758588791,0.0,0.0,0.05740920454263687,9.800879381728673e-06
106,True,,0.0029309175442904234,0.09107384085655212,0.0,0.012038301676511765,0.0,0.0,0.05656924471259117,9.796652605540902e-06
107,True,,0.002802100032567978,0.05243874713778496,0.0,0.008045975118875504,0.0,0.0,0.09336919337511063,9.79238247456798e-06
108,True,,0.0002541174180805683,0.031760212033987045,0.0,0.003430138574913144,0.0,0.0,0.06962528079748154,9.788069031897078e-06
109,True,,0.002361893653869629,0.046014346182346344,0.0,0.006963328458368778,0.0,0.0,0.03852994367480278,9.7837123210524e-06
110,True,,0.0027424476575106382,0.08882355690002441,0.0,0.011624803766608238,0.0,0.0,0.05838257819414139,9.779312385994738e-06
111,True,,0.0006304420530796051,0.03391334414482117,0.0,0.004021776840090752,0.0,0.0,0.04117612913250923,9.774869271121039e-06
112,True,,0.0034969723783433437,0.07498800754547119,0.0,0.01099577359855175,0.0,0.0,0.03801708668470383,9.77038302126394e-06
113,True,,0.0029384938534349203,0.0685051828622818,0.0,0.009789012372493744,0.0,0.0,0.05404110252857208,9.765853681691336e-06
114,True,,0.004016583785414696,0.1362549066543579,0.0,0.017642073333263397,0.0,0.0,0.10421620309352875,9.761281298105904e-06
115,True,,0.0011460785754024982,0.031614162027835846,0.0,0.0043074944987893105,0.0,0.0,0.02601509913802147,9.75666591664466e-06
116,True,,0.0024374276399612427,0.06814802438020706,0.0,0.009252229705452919,0.0,0.0,0.03897963464260101,9.752007583878476e-06
117,True,,0.010438447818160057,0.14988987147808075,0.0,0.025427434593439102,0.0,0.0,0.08468642085790634,9.747306346811622e-06
118,True,,0.006485573947429657,0.09345299005508423,0.0,0.0158308744430542,0.0,0.0,0.04854799434542656,9.742562252881287e-06
119,True,,0.002228760626167059,0.05815894901752472,0.0,0.008044655434787273,0.0,0.0,0.03219211474061012,9.737775349957099e-06
120,True,,0.004254145082086325,0.06731866300106049,0.0,0.01098601147532463,0.0,0.0,0.05798597261309624,9.732945686340652e-06
121,True,,0.0059232041239738464,0.09988522529602051,0.0,0.015911728143692017,0.0,0.0,0.05411167070269585,9.728073310765003e-06
122,True,,0.004585961811244488,0.09175574779510498,0.0,0.01376153714954853,0.0,0.0,0.05431568995118141,9.72315827239419e-06
123,True,,0.003472174284979701,0.06778203696012497,0.0,0.010250378400087357,0.0,0.0,0.0441143661737442,9.718200620822739e-06
124,True,,0.001566923107020557,0.042511675506830215,0.0,0.005818090867251158,0.0,0.0,0.049275316298007965,9.713200406075151e-06
125,True,,0.002366037108004093,0.13725706934928894,0.0,0.01609174534678459,0.0,0.0,0.10589069128036499,9.70815767860541e-06
126,True,,0.003688980359584093,0.07236266881227493,0.0,0.010925247333943844,0.0,0.0,0.03690669685602188,9.703072489296467e-06
127,True,,0.001189274014905095,0.040530215948820114,0.0,0.005242295563220978,0.0,0.0,0.040689531713724136,9.69794488945973e-06
128,True,,0.0012655474711209536,0.03588848561048508,0.0,0.0048543959856033325,0.0,0.0,0.0443233996629715,9.69277493083454e-06
129,True,,0.0009924460900947452,0.03722423315048218,0.0,0.004714869428426027,0.0,0.0,0.03286482021212578,9.687562665587663e-06
130,True,,0.001623069867491722,0.052419185638427734,0.0,0.006864988710731268,0.0,0.0,0.07052484154701233,9.682308146312743e-06
131,True,,0.011071822606027126,0.1054135113954544,0.0,0.021613173186779022,0.0,0.0,0.05935201421380043,9.67701142602979e-06
132,True,,0.002039287704974413,0.06062956154346466,0.0,0.008102243766188622,0.0,0.0,0.09375549852848053,9.671672558184635e-06
133,True,,0.0015371462795883417,0.03736787661910057,0.0,0.0052739339880645275,0.0,0.0,0.061241939663887024,9.666291596648393e-06
134,True,,0.0037422492168843746,0.05476624518632889,0.0,0.009218873456120491,0.0,0.0,0.04517485573887825,9.660868595716922e-06
135,True,,0.003884396981447935,0.07224585860967636,0.0,0.011108983308076859,0.0,0.0,0.029880817979574203,9.655403610110267e-06
136,True,,0.010070545598864555,0.09122491627931595,0.0,0.01919303834438324,0.0,0.0,0.040509529411792755,9.64989669497212e-06
137,True,,0.002657512202858925,0.04890555888414383,0.0,0.007548068184405565,0.0,0.0,0.034189872443675995,9.644347905869255e-06
138,True,,0.0024962015450000763,0.04091805964708328,0.0,0.006588007789105177,0.0,0.0,0.034630998969078064,9.638757298790968e-06
139,True,,0.005636321380734444,0.09980078041553497,0.0,0.015616399236023426,0.0,0.0,0.03633565828204155,9.633124930148514e-06
140,True,,0.0006753385532647371,0.042851563543081284,0.0,0.004960495047271252,0.0,0.0,0.060455456376075745,9.62745085677454e-06
141,True,,0.0009891488589346409,0.04519083350896835,0.0,0.005508232396095991,0.0,0.0,0.02543780952692032,9.621735135922505e-06
142,True,,0.0009362031705677509,0.05436909571290016,0.0,0.0063731130212545395,0.0,0.0,0.07824605703353882,9.61597782526611e-06
143,True,,0.0010457995813339949,0.11024125665426254,0.0,0.012069925665855408,0.0,0.0,0.1168203353881836,9.610178982898707e-06
144,True,,0.011717993766069412,0.0869201272726059,0.0,0.02041000686585903,0.0,0.0,0.047887351363897324,9.604338667332727e-06
145,True,,0.0006995882140472531,0.041859984397888184,0.0,0.004885586444288492,0.0,0.0,0.09144894778728485,9.598456937499069e-06
146,True,,0.0006818732945248485,0.044889193028211594,0.0,0.005170792806893587,0.0,0.0,0.06414739787578583,9.592533852746529e-06
147,True,,0.006094244308769703,0.06251202523708344,0.0,0.012345446273684502,0.0,0.0,0.025514699518680573,9.586569472841177e-06
148,True,,0.00099512143060565,0.04623490571975708,0.0,0.00561861228197813,0.0,0.0,0.03546394407749176,9.580563857965776e-06
149,True,,0.0012848771875724196,0.062450043857097626,0.0,0.0075298817828297615,0.0,0.0,0.08447466045618057,9.57451706871916e-06
150,True,,0.0020315363071858883,0.04618241637945175,0.0,0.006649778224527836,0.0,0.0,0.03703778237104416,9.56842916611563e-06
151,True,,0.003243898507207632,0.07933784276247025,0.0,0.011177683249115944,0.0,0.0,0.05597659572958946,9.56230021158433e-06
152,True,,0.0025451721157878637,0.059283241629600525,0.0,0.008473495952785015,0.0,0.0,0.033251795917749405,9.556130266968644e-06
153,True,,0.0009392385254614055,0.035220496356487274,0.0,0.00446128798648715,0.0,0.0,0.029123317450284958,9.549919394525548e-06
154,True,,0.0011331811547279358,0.03779173642396927,0.0,0.004912354983389378,0.0,0.0,0.05641970783472061,9.543667656925e-06
155,True,,0.004036887548863888,0.06615494191646576,0.0,0.010652381926774979,0.0,0.0,0.03915069252252579,9.537375117249309e-06
156,True,,0.0030494038946926594,0.054533541202545166,0.0,0.008502758108079433,0.0,0.0,0.05637768283486366,9.531041838992478e-06
157,True,,0.0037036011926829815,0.07764827460050583,0.0,0.011468429118394852,0.0,0.0,0.04546304792165756,9.524667886059587e-06
158,True,,0.0006002815789543092,0.037852875888347626,0.0,0.004385569132864475,0.0,0.0,0.05671849846839905,9.51825332276614e-06
159,True,,0.012089032679796219,0.09568582475185394,0.0,0.021657615900039673,0.0,0.0,0.05613862723112106,9.511798213837407e-06
160,True,,0.002987360581755638,0.062263086438179016,0.0,0.00921366922557354,0.0,0.0,0.03023683838546276,9.505302624407778e-06
161,True,,0.0016455247532576323,0.055968672037124634,0.0,0.0072423918172717094,0.0,0.0,0.09807675331830978,9.498766620020116e-06
162,True,,0.0026385271921753883,0.04594115912914276,0.0,0.007232643198221922,0.0,0.0,0.031738877296447754,9.492190266625073e-06
163,True,,0.0027878726832568645,0.05268199369311333,0.0,0.008056072518229485,0.0,0.0,0.02999289706349373,9.485573630580448e-06
164,True,,0.0033097637351602316,0.061998408287763596,0.0,0.009509604424238205,0.0,0.0,0.03536083921790123,9.478916778650497e-06
165,True,,0.0028299605473876,0.07761870324611664,0.0,0.010591831058263779,0.0,0.0,0.037320081144571304,9.472219778005275e-06
166,True,,0.0008204007754102349,0.027250468730926514,0.0,0.0035454477183520794,0.0,0.0,0.026820911094546318,9.465482696219953e-06
167,True,,0.0015009120106697083,0.04886633902788162,0.0,0.006387546192854643,0.0,0.0,0.0349503830075264,9.45870560127413e-06
168,True,,0.0004759992880281061,0.023750439286231995,0.0,0.002851043129339814,0.0,0.0,0.04576531797647476,9.451888561551155e-06
169,True,,0.020263122394680977,0.16028808057308197,0.0,0.036291930824518204,0.0,0.0,0.14765103161334991,9.445031645837437e-06
170,True,,0.0007567038992419839,0.03046095184981823,0.0,0.003802799154073,0.0,0.0,0.021877672523260117,9.438134923321744e-06
171,True,,0.0015823252033442259,0.07233194261789322,0.0,0.008815519511699677,0.0,0.0,0.0415307842195034,9.43119846359451e-06
172,True,,0.007114998530596495,0.14188560843467712,0.0,0.021303558722138405,0.0,0.0,0.07354757934808731,9.424222336647135e-06
173,True,,0.0028061363846063614,0.08850704878568649,0.0,0.01165684126317501,0.0,0.0,0.05824181064963341,9.417206612871272e-06
174,True,,0.002371317707002163,0.11826537549495697,0.0,0.01419785525649786,0.0,0.0,0.14750134944915771,9.41015136305812e-06
175,True,,0.0021739506628364325,0.04041644185781479,0.0,0.006215594708919525,0.0,0.0,0.0572458878159523,9.403056658397715e-06
176,True,,0.0009729559533298016,0.07162739336490631,0.0,0.00813569501042366,0.0,0.0,0.08474458754062653,9.3959225704782e-06
177,True,,0.001382377464324236,0.062119342386722565,0.0,0.007594311609864235,0.0,0.0,0.06304296851158142,9.388749171285118e-06
178,True,,0.003480452112853527,0.053993918001651764,0.0,0.008879844099283218,0.0,0.0,0.04843875765800476,9.381536533200666e-06
179,True,,0.0008788816630840302,0.036080099642276764,0.0,0.004486891441047192,0.0,0.0,0.04636968672275543,9.374284729002986e-06
180,True,,0.0026140939444303513,0.04913979768753052,0.0,0.0075280736200511456,0.0,0.0,0.04855620861053467,9.366993831865414e-06
181,True,,0.001357520348392427,0.07104635238647461,0.0,0.008462155237793922,0.0,0.0,0.06623762845993042,9.35966391535575e-06
182,True,,0.0017368211410939693,0.08212859183549881,0.0,0.009949680417776108,0.0,0.0,0.054195839911699295,9.352295053435514e-06
183,True,,0.007725686766207218,0.1467207968235016,0.0,0.02239776775240898,0.0,0.0,0.0647994801402092,9.3448873204592e-06
184,True,,0.006937965750694275,0.08034929633140564,0.0,0.014972895383834839,0.0,0.0,0.04946161434054375,9.33744079117352e-06
185,True,,0.002480371855199337,0.07309257239103317,0.0,0.00978962890803814,0.0,0.0,0.044751886278390884,9.329955540716662e-06
186,True,,0.00042319082422181964,0.056781139224767685,0.0,0.006101304665207863,0.0,0.0,0.06341733783483505,9.32243164461752e-06
187,True,,0.0035310625098645687,0.08537618815898895,0.0,0.012068681418895721,0.0,0.0,0.05366728827357292,9.314869178794941e-06
188,True,,0.0005798948695883155,0.02483205497264862,0.0,0.003063100390136242,0.0,0.0,0.13112758100032806,9.307268219556946e-06
189,True,,0.0003106482035946101,0.029886845499277115,0.0,0.0032993329223245382,0.0,0.0,0.055624060332775116,9.29962884359998e-06
190,True,,0.0018211062997579575,0.052031729370355606,0.0,0.0070242793299257755,0.0,0.0,0.031144948676228523,9.291951128008116e-06
191,True,,0.0058046188205480576,0.1120968610048294,0.0,0.017014306038618088,0.0,0.0,0.06803994625806808,9.284235150252295e-06
192,True,,0.0008877635700628161,0.04721219837665558,0.0,0.005608983803540468,0.0,0.0,0.0320974662899971,9.276480988189536e-06
193,True,,0.0020679309964179993,0.04914449155330658,0.0,0.0069823800586164,0.0,0.0,0.03834475204348564,9.268688720062145e-06
194,True,,0.0003143245121464133,0.05222461745142937,0.0,0.005536786280572414,0.0,0.0,0.030070552602410316,9.260858424496943e-06
195,True,,0.0012513990513980389,0.04553375765681267,0.0,0.005804774817079306,0.0,0.0,0.030505836009979248,9.252990180504451e-06
196,True,,0.0030411749612540007,0.1197463721036911,0.0,0.01501581259071827,0.0,0.0,0.06113605201244354,9.245084067478114e-06
197,True,,0.0008970448980107903,0.03933980315923691,0.0,0.004831025376915932,0.0,0.0,0.11778805404901505,9.237140165193478e-06
198,True,,0.0028748312033712864,0.043723270297050476,0.0,0.0072471583262085915,0.0,0.0,0.037623610347509384,9.229158553807403e-06
199,True,,0.002595179248601198,0.07117665559053421,0.0,0.009712845087051392,0.0,0.0,0.0542643740773201,9.221139313857251e-06
200,True,,0.0032617084216326475,0.0670965164899826,0.0,0.009971359744668007,0.0,0.0,0.03490407392382622,9.213082526260061e-06
201,True,,0.0020802791696041822,0.050526052713394165,0.0,0.007132884114980698,0.0,0.0,0.027038615196943283,9.204988272311746e-06
202,True,,0.0018997001461684704,0.0694492980837822,0.0,0.008844629861414433,0.0,0.0,0.04539002105593681,9.19685663368627e-06
203,True,,0.0033051250502467155,0.07749290764331818,0.0,0.011054415255784988,0.0,0.0,0.032927289605140686,9.188687692434816e-06
204,True,,0.0006543930503539741,0.03878258541226387,0.0,0.004532651510089636,0.0,0.0,0.04350101202726364,9.180481530984972e-06
205,True,,0.0016876900335773826,0.06014425307512283,0.0,0.007702115457504988,0.0,0.0,0.044246647506952286,9.172238232139885e-06
206,True,,0.0025066807866096497,0.06360933184623718,0.0,0.008867613971233368,0.0,0.0,0.04157153517007828,9.163957879077435e-06
207,True,,0.005565283820033073,0.0868796706199646,0.0,0.014253251254558563,0.0,0.0,0.04314454272389412,9.155640555349392e-06
208,True,,0.00025722599821165204,0.019741058349609375,0.0,0.0022313317749649286,0.0,0.0,0.05599676072597504,9.147286344880569e-06
209,True,,0.0033465593587607145,0.07415569573640823,0.0,0.010762128978967667,0.0,0.0,0.04615234583616257,9.138895331967988e-06
210,True,,0.0038407035171985626,0.08567340672016144,0.0,0.012408044189214706,0.0,0.0,0.04209458827972412,9.130467601280015e-06
211,True,,0.002278103493154049,0.1022835373878479,0.0,0.012506457045674324,0.0,0.0,0.10278772562742233,9.122003237855512e-06
212,True,,0.0033906602766364813,0.07536771893501282,0.0,0.010927432216703892,0.0,0.0,0.06533148139715195,9.113502327102983e-06
213,True,,0.006518406327813864,0.11578096449375153,0.0,0.018096502870321274,0.0,0.0,0.092155322432518,9.1049649547997e-06
214,True,,0.0010638493113219738,0.05316162109375,0.0,0.006380011327564716,0.0,0.0,0.044723473489284515,9.096391207090855e-06
215,True,,0.001713738776743412,0.036126330494880676,0.0,0.005326371639966965,0.0,0.0,0.028830576688051224,9.087781170488672e-06
216,True,,0.0021718363277614117,0.051995035260915756,0.0,0.007371339946985245,0.0,0.0,0.026562286540865898,9.07913493187155e-06
217,True,,0.0011631539091467857,0.0845535472035408,0.0,0.009618508629500866,0.0,0.0,0.07882796972990036,9.070452578483173e-06
218,True,,0.0031757988035678864,0.059190597385168076,0.0,0.009094858542084694,0.0,0.0,0.06106553226709366,9.061734197931645e-06
219,True,,0.0016897607129067183,0.057767510414123535,0.0,0.0074665118008852005,0.0,0.0,0.0420055091381073,9.052979878188586e-06
220,True,,0.0061379168182611465,0.12366624176502228,0.0,0.018504541367292404,0.0,0.0,0.09820962697267532,9.044189707588267e-06
221,True,,0.00045902072452008724,0.02500566467642784,0.0,0.0029595871455967426,0.0,0.0,0.03749391436576843,9.035363774826697e-06
222,True,,0.010945376008749008,0.10819755494594574,0.0,0.021765131503343582,0.0,0.0,0.06546668708324432,9.026502168960746e-06
223,True,,0.006614789366722107,0.10461782664060593,0.0,0.01707657240331173,0.0,0.0,0.04800326004624367,9.017604979407233e-06
224,True,,0.0003268733562435955,0.021924005821347237,0.0,0.0025192738976329565,0.0,0.0,0.026919959113001823,9.008672295942033e-06
225,True,,0.0008147907210513949,0.03707841783761978,0.0,0.0045226323418319225,0.0,0.0,0.040999505668878555,8.999704208699168e-06
226,True,,0.0009120844188146293,0.03588841110467911,0.0,0.004500925540924072,0.0,0.0,0.027520453557372093,8.99070080816989e-06
227,True,,0.004602497909218073,0.056474484503269196,0.0,0.010249946266412735,0.0,0.0,0.03504054620862007,8.981662185201784e-06
228,True,,0.0002264770882902667,0.045964132994413376,0.0,0.004822890739887953,0.0,0.0,0.07498770952224731,8.972588430997838e-06
229,True,,0.0030255536548793316,0.06294763088226318,0.0,0.009320316836237907,0.0,0.0,0.046137481927871704,8.963479637115524e-06
230,True,,0.00038943951949477196,0.019529670476913452,0.0,0.0023424066603183746,0.0,0.0,0.04429494962096214,8.954335895465884e-06
231,True,,0.0063760122284293175,0.11102534830570221,0.0,0.017478547990322113,0.0,0.0,0.09845948219299316,8.945157298312591e-06
232,True,,0.00413953373208642,0.13306888937950134,0.0,0.017446422949433327,0.0,0.0,0.07057324051856995,8.935943938271023e-06
233,True,,0.0021625864319503307,0.05366066098213196,0.0,0.007528652437031269,0.0,0.0,0.030323613435029984,8.926695908307326e-06
234,True,,0.0006960175232961774,0.06913797557353973,0.0,0.0076098148711025715,0.0,0.0,0.07445864379405975,8.917413301737487e-06
235,True,,0.0001314695255132392,0.028538556769490242,0.0,0.002985325176268816,0.0,0.0,0.07033449411392212,8.908096212226371e-06
236,True,,0.0023143577855080366,0.07034412771463394,0.0,0.00934877060353756,0.0,0.0,0.031124837696552277,8.898744733786799e-06
237,True,,0.0016716259997338057,0.05802816152572632,0.0,0.007474442012608051,0.0,0.0,0.05279295891523361,8.889358960778583e-06
238,True,,0.004955544136464596,0.08201976120471954,0.0,0.013157520443201065,0.0,0.0,0.05880633741617203,8.879938987907581e-06
239,True,,0.0007155438652262092,0.023953070864081383,0.0,0.0031108511611819267,0.0,0.0,0.02445053867995739,8.87048491022474e-06
240,True,,0.001534464186988771,0.050696827471256256,0.0,0.006604147143661976,0.0,0.0,0.05651455000042915,8.860996823125137e-06
241,True,,0.0026362547650933266,0.08232194185256958,0.0,0.01086844876408577,0.0,0.0,0.05977697670459747,8.85147482234702e-06
242,True,,0.006212587468326092,0.07698685675859451,0.0,0.013911273330450058,0.0,0.0,0.05605579540133476,8.841919003970829e-06
243,True,,0.0013321427395567298,0.048398952931165695,0.0,0.006172038149088621,0.0,0.0,0.04688658565282822,8.832329464418246e-06
244,True,,0.013846367597579956,0.1372387856245041,0.0,0.027570247650146484,0.0,0.0,0.06797239929437637,8.822706300451205e-06
245,True,,0.0063279373571276665,0.12459079176187515,0.0,0.018787017092108727,0.0,0.0,0.09290999919176102,8.813049609170928e-06
246,True,,0.0010765879414975643,0.04031744599342346,0.0,0.005108332727104425,0.0,0.0,0.03679833561182022,8.803359488016932e-06
247,True,,0.003551228903234005,0.08409596979618073,0.0,0.011960825882852077,0.0,0.0,0.03299615904688835,8.793636034766066e-06
248,True,,0.000578735489398241,0.03898324444890022,0.0,0.004477059934288263,0.0,0.0,0.03061952255666256,8.783879347531496e-06
249,True,,0.00248910253867507,0.0769893154501915,0.0,0.010188033804297447,0.0,0.0,0.0437534935772419,8.774089524761747e-06
250,True,,0.00035735376877710223,0.030003326013684273,0.0,0.0033576865680515766,0.0,0.0,0.058215875178575516,8.76426666523968e-06
251,True,,0.0010883454233407974,0.032196689397096634,0.0,0.004308014176785946,0.0,0.0,0.07092614471912384,8.75441086808152e-06
252,True,,0.0023309183306992054,0.04782978445291519,0.0,0.0071138967759907246,0.0,0.0,0.0274396650493145,8.744522232735835e-06
253,True,,0.002537067048251629,0.08085991442203522,0.0,0.010623058304190636,0.0,0.0,0.06399117410182953,8.73460085898255e-06
254,True,,0.001909715821966529,0.08924299478530884,0.0,0.010834015905857086,0.0,0.0,0.12660154700279236,8.724646846931929e-06
255,True,,0.003882757853716612,0.07580389082431793,0.0,0.011463146656751633,0.0,0.0,0.042198557406663895,8.714660297023564e-06
256,True,,0.001943034352734685,0.03696314990520477,0.0,0.005639349110424519,0.0,0.0,0.026219112798571587,8.704641310025375e-06
257,True,,0.001901704352349043,0.0404488667845726,0.0,0.005946591030806303,0.0,0.0,0.04278627038002014,8.694589987032579e-06
258,True,,0.002642532344907522,0.07841351628303528,0.0,0.010483883321285248,0.0,0.0,0.04488174617290497,8.684506429466673e-06
259,True,,0.00581025704741478,0.09652180224657059,0.0,0.015462437644600868,0.0,0.0,0.06961651891469955,8.674390739074418e-06
260,True,,0.011633306741714478,0.1394117921590805,0.0,0.025574486702680588,0.0,0.0,0.06764557212591171,8.664243017926799e-06
261,True,,0.0030177391599863768,0.0898531898856163,0.0,0.012003058567643166,0.0,0.0,0.04405621439218521,8.654063368418012e-06
262,True,,0.0009677823400124907,0.04302392154932022,0.0,0.005270174704492092,0.0,0.0,0.039521656930446625,8.643851893264413e-06
263,True,,0.0004296721890568733,0.02332313545048237,0.0,0.0027619858738034964,0.0,0.0,0.028613824397325516,8.6336086955035e-06
264,True,,0.003002473618835211,0.05099993944168091,0.0,0.00810246728360653,0.0,0.0,0.07207231223583221,8.623333878492853e-06
265,True,,0.0020194407552480698,0.03785628452897072,0.0,0.0058050695806741714,0.0,0.0,0.029038310050964355,8.61302754590911e-06
266,True,,0.0008820124785415828,0.04621192812919617,0.0,0.005503205116838217,0.0,0.0,0.033187977969646454,8.602689801746912e-06
267,True,,0.006031481549143791,0.08839762955904007,0.0,0.014871244318783283,0.0,0.0,0.055216334760189056,8.592320750317845e-06
268,True,,0.0026350165717303753,0.0653533786535263,0.0,0.009170354343950748,0.0,0.0,0.04844372719526291,8.58192049624941e-06
269,True,,0.0020511215552687645,0.04626595973968506,0.0,0.006677717436105013,0.0,0.0,0.03240145370364189,8.571489144483945e-06
270,True,,0.0012945953058078885,0.04287723824381828,0.0,0.0055823191069066525,0.0,0.0,0.034345559775829315,8.561026800277575e-06
271,True,,0.006417836528271437,0.0954713374376297,0.0,0.015964969992637634,0.0,0.0,0.06024713069200516,8.550533569199157e-06
272,True,,0.0010729697532951832,0.04095791280269623,0.0,0.0051687611266970634,0.0,0.0,0.029880190268158913,8.540009557129202e-06
273,True,,0.0021034330129623413,0.041037045419216156,0.0,0.006207137834280729,0.0,0.0,0.026302359998226166,8.52945487025881e-06
274,True,,0.01168670691549778,0.07752931863069534,0.0,0.019439639523625374,0.0,0.0,0.03931144252419472,8.51886961508861e-06
275,True,,0.00284202815964818,0.0421956405043602,0.0,0.007061592303216457,0.0,0.0,0.04014914110302925,8.508253898427668e-06
276,True,,0.002480250783264637,0.09547922015190125,0.0,0.012028172612190247,0.0,0.0,0.049293793737888336,8.49760782739242e-06
277,True,,0.0004205486620776355,0.03413073718547821,0.0,0.0038336224388331175,0.0,0.0,0.03715335205197334,8.486931509405589e-06
278,True,,0.0026630782522261143,0.07844255864620209,0.0,0.010507334023714066,0.0,0.0,0.041838064789772034,8.476225052195102e-06
279,True,,0.0051865773275494576,0.07045511156320572,0.0,0.01223208848387003,0.0,0.0,0.04628835618495941,8.465488563793001e-06
280,True,,0.0017420090734958649,0.07347056269645691,0.0,0.009089065715670586,0.0,0.0,0.041140731424093246,8.45472215253435e-06
281,True,,0.0023644003085792065,0.060697779059410095,0.0,0.008434178307652473,0.0,0.0,0.024460025131702423,8.443925927056148e-06
282,True,,0.0024787357542663813,0.05476517975330353,0.0,0.007955254055559635,0.0,0.0,0.02935711294412613,8.433099996296234e-06
283,True,,0.003924301825463772,0.08544746786355972,0.0,0.012469048611819744,0.0,0.0,0.05265100672841072,8.422244469492183e-06
284,True,,0.001790637499652803,0.04890887439250946,0.0,0.006681525148451328,0.0,0.0,0.02850547432899475,8.411359456180195e-06
285,True,,0.008350949734449387,0.09412544965744019,0.0,0.017763495445251465,0.0,0.0,0.04216765984892845,8.400445066194015e-06
286,True,,0.006676170043647289,0.09980282932519913,0.0,0.016656452789902687,0.0,0.0,0.051046647131443024,8.389501409663798e-06
287,True,,0.013131290674209595,0.12615355849266052,0.0,0.025746647268533707,0.0,0.0,0.07203713804483414,8.378528597015011e-06
288,True,,0.001037553302012384,0.050032392144203186,0.0,0.006040792912244797,0.0,0.0,0.0297604538500309,8.367526738967322e-06
289,True,,0.0014064740389585495,0.050097156316041946,0.0,0.0064161899499595165,0.0,0.0,0.0344596803188324,8.356495946533472e-06
290,True,,0.0005686370423063636,0.03389929234981537,0.0,0.00395856611430645,0.0,0.0,0.031146150082349777,8.345436331018163e-06
291,True,,0.006310982163995504,0.08560071885585785,0.0,0.014871053397655487,0.0,0.0,0.031429633498191833,8.334348004016934e-06
292,True,,0.00040899147279560566,0.05281761661171913,0.0,0.00569075345993042,0.0,0.0,0.03349413722753525,8.323231077415029e-06
293,True,,0.0021324260160326958,0.051040999591350555,0.0,0.007236525882035494,0.0,0.0,0.024208849295973778,8.312085663386274e-06
294,True,,0.0008615853730589151,0.036206990480422974,0.0,0.004482284188270569,0.0,0.0,0.10017401725053787,8.300911874391944e-06
295,True,,0.006204298697412014,0.12015517801046371,0.0,0.01821981742978096,0.0,0.0,0.05767328664660454,8.289709823179631e-06
296,True,,0.005750544369220734,0.09303519129753113,0.0,0.015054063871502876,0.0,0.0,0.041602231562137604,8.278479622782096e-06
297,True,,0.002330530434846878,0.09726952016353607,0.0,0.01205748226493597,0.0,0.0,0.07383470237255096,8.267221386516142e-06
298,True,,0.0022443144116550684,0.06545542180538177,0.0,0.008789856918156147,0.0,0.0,0.031071526929736137,8.255935227981461e-06
299,True,,0.0022497917525470257,0.05462907999753952,0.0,0.007712699938565493,0.0,0.0,0.052473776042461395,8.24462126105949e-06
300,True,,0.003563652513548732,0.054540153592824936,0.0,0.00901766773313284,0.0,0.0,0.026221521198749542,8.233279599912264e-06
301,True,,0.0003478233702480793,0.0281552504748106,0.0,0.0031633484177291393,0.0,0.0,0.06067946180701256,8.221910358981266e-06
302,True,,0.0010231654159724712,0.05203186348080635,0.0,0.006226351950317621,0.0,0.0,0.046604979783296585,8.210513652986262e-06
303,True,,0.0014986414462327957,0.04694341868162155,0.0,0.006192983593791723,0.0,0.0,0.03865285590291023,8.199089596924156e-06
304,True,,0.0020759450271725655,0.049328505992889404,0.0,0.007008795626461506,0.0,0.0,0.02640378102660179,8.18763830606782e-06
305,True,,0.0032562273554503918,0.06980642676353455,0.0,0.010236870497465134,0.0,0.0,0.04893118143081665,8.176159895964942e-06
306,True,,0.002839007880538702,0.06234019249677658,0.0,0.009073027409613132,0.0,0.0,0.051993537694215775,8.164654482436845e-06
307,True,,0.0022328412160277367,0.09218056499958038,0.0,0.01145089790225029,0.0,0.0,0.08648901432752609,8.153122181577332e-06
308,True,,0.0024466929025948048,0.057159364223480225,0.0,0.00816262885928154,0.0,0.0,0.03243759647011757,8.141563109751505e-06
309,True,,0.002532252809032798,0.04566797986626625,0.0,0.0070990510284900665,0.0,0.0,0.02104409784078598,8.129977383594593e-06
310,True,,0.00045063032303005457,0.022273555397987366,0.0,0.0026779859326779842,0.0,0.0,0.03294060751795769,8.11836512001079e-06
311,True,,0.007841533049941063,0.09018707275390625,0.0,0.0168602392077446,0.0,0.0,0.035363685339689255,8.106726436172043e-06
312,True,,0.0018070524092763662,0.1015506237745285,0.0,0.011962114833295345,0.0,0.0,0.03664414584636688,8.095061449516904e-06
313,True,,0.0014628164935857058,0.04017651081085205,0.0,0.005480467341840267,0.0,0.0,0.0464114286005497,8.083370277749321e-06
314,True,,0.0006481722230091691,0.03853663057088852,0.0,0.004501835443079472,0.0,0.0,0.048391520977020264,8.071653038837468e-06
315,True,,0.002549155615270138,0.05747780576348305,0.0,0.008296936750411987,0.0,0.0,0.032838016748428345,8.059909851012534e-06
316,True,,0.0025607706047594547,0.07131841778755188,0.0,0.009692613035440445,0.0,0.0,0.041581377387046814,8.048140832767555e-06
317,True,,0.0009474445832893252,0.042593084275722504,0.0,0.00520675303414464,0.0,0.0,0.02635500393807888,8.036346102856195e-06
318,True,,0.0007970393635332584,0.037111856043338776,0.0,0.004508225247263908,0.0,0.0,0.03893740102648735,8.024525780291565e-06
319,True,,0.003579662647098303,0.06763727962970734,0.0,0.010343390516936779,0.0,0.0,0.02883496880531311,8.012679984345012e-06
320,True,,0.000834346457850188,0.03398212790489197,0.0,0.0042325593531131744,0.0,0.0,0.07534459978342056,8.000808834544917e-06
321,True,,0.0010431593982502818,0.09650996327400208,0.0,0.010694156400859356,0.0,0.0,0.1165473684668541,7.988912450675493e-06
322,True,,0.0018649686826393008,0.062350913882255554,0.0,0.008100059814751148,0.0,0.0,0.04525046423077583,7.976990952775577e-06
323,True,,0.0029544061981141567,0.05841831862926483,0.0,0.008796238340437412,0.0,0.0,0.04830583184957504,7.965044461137406e-06
324,True,,0.004797342699021101,0.0929889902472496,0.0,0.014096241444349289,0.0,0.0,0.04654673486948013,7.953073096305423e-06
325,True,,0.0019239120883867145,0.03584985062479973,0.0,0.005508897360414267,0.0,0.0,0.024425487965345383,7.94107697907505e-06
326,True,,0.0023826458491384983,0.038368694484233856,0.0,0.006219515576958656,0.0,0.0,0.03337351977825165,7.929056230491458e-06
327,True,,0.0007350281230174005,0.02941054105758667,0.0,0.0036760822404175997,0.0,0.0,0.02486763894557953,7.917010971848371e-06
328,True,,0.0005139886634424329,0.03909558802843094,0.0,0.00442354753613472,0.0,0.0,0.043049897998571396,7.904941324686822e-06
329,True,,0.0007917445036582649,0.026398995891213417,0.0,0.0034316442906856537,0.0,0.0,0.0329655297100544,7.892847410793936e-06
330,True,,0.0002986009931191802,0.019324058666825294,0.0,0.0022310069762170315,0.0,0.0,0.03085600771009922,7.880729352201692e-06
331,True,,0.0008574657840654254,0.04356297850608826,0.0,0.005213764030486345,0.0,0.0,0.030410083010792732,7.868587271185706e-06
332,True,,0.0006668732385151088,0.03549991548061371,0.0,0.004216864705085754,0.0,0.0,0.02878640964627266,7.856421290263982e-06
333,True,,0.0038959465455263853,0.11418744921684265,0.0,0.015314691700041294,0.0,0.0,0.07906682789325714,7.844231532195686e-06
334,True,,0.006009628996253014,0.11487137526273727,0.0,0.01749676652252674,0.0,0.0,0.07512809336185455,7.832018119979908e-06
335,True,,0.0007631470798514783,0.03550877049565315,0.0,0.00431402400135994,0.0,0.0,0.05657206103205681,7.819781176854407e-06
336,True,,0.0011925448197871447,0.03373162820935249,0.0,0.00456570740789175,0.0,0.0,0.04611251875758171,7.807520826294385e-06
337,True,,0.0037867873907089233,0.07831079512834549,0.0,0.011617867276072502,0.0,0.0,0.03353143110871315,7.795237192011233e-06
338,True,,0.007112342398613691,0.12777061760425568,0.0,0.019889404997229576,0.0,0.0,0.050313550978899,7.782930397951278e-06
339,True,,0.0005746069946326315,0.02830810844898224,0.0,0.0034054177813231945,0.0,0.0,0.03175666183233261,7.770600568294547e-06
340,True,,0.004138287156820297,0.11912412941455841,0.0,0.01605070009827614,0.0,0.0,0.054862070828676224,7.758247827453496e-06
341,True,,0.002090432681143284,0.03421944007277489,0.0,0.00551237678155303,0.0,0.0,0.023954272270202637,7.745872300071765e-06
342,True,,0.0008923063287511468,0.03407188877463341,0.0,0.004299495369195938,0.0,0.0,0.027425045147538185,7.733474111022921e-06
343,True,,0.017528172582387924,0.147583469748497,0.0,0.032286521047353745,0.0,0.0,0.09041000157594681,7.721053385409194e-06
344,True,,0.0024730516597628593,0.06583429872989655,0.0,0.009056481532752514,0.0,0.0,0.025062711909413338,7.708610248560214e-06
345,True,,0.002120385877788067,0.0373392179608345,0.0,0.005854307673871517,0.0,0.0,0.06011456251144409,7.696144826031754e-06
346,True,,0.0030147822108119726,0.1084313616156578,0.0,0.013857918791472912,0.0,0.0,0.060671236366033554,7.683657243604454e-06
347,True,,0.0004872451536357403,0.05683870241045952,0.0,0.0061711156740784645,0.0,0.0,0.08736462146043777,7.671147627282552e-06
348,True,,0.0029816306196153164,0.05856426805257797,0.0,0.008838057518005371,0.0,0.0,0.029330164194107056,7.658616103292622e-06
349,True,,0.0025451567489653826,0.07101825624704361,0.0,0.00964698288589716,0.0,0.0,0.04147442430257797,7.646062798082294e-06
350,True,,0.0009354485082440078,0.06335382908582687,0.0,0.007270831149071455,0.0,0.0,0.0664367750287056,7.633487838318972e-06
351,True,,0.002417423529550433,0.07183893024921417,0.0,0.009601316414773464,0.0,0.0,0.03512321785092354,7.620891350888569e-06
352,True,,0.0012055565603077412,0.05550259351730347,0.0,0.00675581581890583,0.0,0.0,0.054414380341768265,7.608273462894219e-06
353,True,,0.0008448915323242545,0.041047029197216034,0.0,0.004949594847857952,0.0,0.0,0.033010102808475494,7.5956343016549915e-06
354,True,,0.0016497069736942649,0.05714642256498337,0.0,0.007364349439740181,0.0,0.0,0.0439051128923893,7.582973994704616e-06
355,True,,0.0023996317759156227,0.06613998860120773,0.0,0.009013630449771881,0.0,0.0,0.030741531401872635,7.570292669790186e-06
356,True,,0.0032027303241193295,0.048423998057842255,0.0,0.008045130409300327,0.0,0.0,0.03641146421432495,7.557590454870874e-06
357,True,,0.005500449799001217,0.0915294736623764,0.0,0.014653397724032402,0.0,0.0,0.029383717104792595,7.544867478116643e-06
358,True,,0.004607286304235458,0.04072839394211769,0.0,0.008680125698447227,0.0,0.0,0.04539592191576958,7.532123867906948e-06
359,True,,0.0064474353566765785,0.09895029664039612,0.0,0.016342464834451675,0.0,0.0,0.05294027552008629,7.519359752829447e-06
360,True,,0.0011451152386143804,0.04685300216078758,0.0,0.005830415524542332,0.0,0.0,0.025377104058861732,7.506575261678694e-06
361,True,,0.0034486819058656693,0.07596608251333237,0.0,0.011045290157198906,0.0,0.0,0.03873193636536598,7.493770523454847e-06
362,True,,0.00945994257926941,0.06860754638910294,0.0,0.016320697963237762,0.0,0.0,0.040949709713459015,7.480945667362361e-06
363,True,,0.0010744864121079445,0.03405993804335594,0.0,0.004480480216443539,0.0,0.0,0.031375523656606674,7.468100822808702e-06
364,True,,0.002733288798481226,0.05231601372361183,0.0,0.007964890450239182,0.0,0.0,0.048428796231746674,7.455236119403007e-06
365,True,,0.0013646273873746395,0.04592631384730339,0.0,0.005957258865237236,0.0,0.0,0.038883451372385025,7.44235168695481e-06
366,True,,0.0030989283695816994,0.0677701011300087,0.0,0.009875938296318054,0.0,0.0,0.03485425189137459,7.429447655472709e-06
367,True,,0.003914528992027044,0.0606057234108448,0.0,0.009975101798772812,0.0,0.0,0.032310474663972855,7.416524155163073e-06
368,True,,0.0014404080575332046,0.03420150652527809,0.0,0.004860558547079563,0.0,0.0,0.034923188388347626,7.40358131642871e-06
369,True,,0.004518879111856222,0.053994886577129364,0.0,0.009918367490172386,0.0,0.0,0.03130091726779938,7.390619269867566e-06
370,True,,0.0007915438036434352,0.03765895962715149,0.0,0.004557439591735601,0.0,0.0,0.0527845099568367,7.377638146271393e-06
371,True,,0.005757608916610479,0.058828338980674744,0.0,0.011640442535281181,0.0,0.0,0.03644556179642677,7.364638076624448e-06
372,True,,0.0018064308678731322,0.03286336734890938,0.0,0.005092767532914877,0.0,0.0,0.046302925795316696,7.3516191921021515e-06
373,True,,0.0027874005027115345,0.08091683685779572,0.0,0.010879084467887878,0.0,0.0,0.0453328862786293,7.338581624069778e-06
374,True,,0.0011608053464442492,0.04827946797013283,0.0,0.005988752469420433,0.0,0.0,0.09969143569469452,7.32552550408112e-06
375,True,,0.007610343396663666,0.1309085339307785,0.0,0.020701196044683456,0.0,0.0,0.05012422427535057,7.312450963877175e-06
376,True,,0.0009301017271354795,0.05455605685710907,0.0,0.006385707296431065,0.0,0.0,0.05627700686454773,7.299358135384799e-06
377,True,,0.0006799122202210128,0.06080570071935654,0.0,0.006760482210665941,0.0,0.0,0.04474375396966934,7.286247150715385e-06
378,True,,0.0016235669609159231,0.05539759621024132,0.0,0.007163326255977154,0.0,0.0,0.04333317652344704,7.273118142163532e-06
379,True,,0.0007824896601960063,0.05170562118291855,0.0,0.005953052081167698,0.0,0.0,0.04496712237596512,7.259971242205702e-06
380,True,,0.0022403753828257322,0.042055629193782806,0.0,0.0064459387212991714,0.0,0.0,0.02839527279138565,7.246806583498894e-06
381,True,,0.001040248665958643,0.03730006515979767,0.0,0.00477025518193841,0.0,0.0,0.043238017708063126,7.233624298879289e-06
382,True,,0.010722342878580093,0.09839682281017303,0.0,0.020562026649713516,0.0,0.0,0.055594101548194885,7.2204245213609324e-06
383,True,,0.00037183123640716076,0.01801738701760769,0.0,0.0021735699847340584,0.0,0.0,0.032412298023700714,7.207207384134367e-06
384,True,,0.0014591042418032885,0.04624371975660324,0.0,0.006083476357161999,0.0,0.0,0.044502850621938705,7.193973020565312e-06
385,True,,0.0012063708854839206,0.03230128809809685,0.0,0.004436499904841185,0.0,0.0,0.12982867658138275,7.1807215641933e-06
386,True,,0.0010682684369385242,0.02923942357301712,0.0,0.003992211073637009,0.0,0.0,0.02865229919552803,7.167453148730339e-06
387,True,,0.011881768703460693,0.08281955868005753,0.0,0.020163726061582565,0.0,0.0,0.03744311258196831,7.154167908059559e-06
388,True,,0.0010557695059105754,0.030196433886885643,0.0,0.004075413104146719,0.0,0.0,0.06453549861907959,7.140865976233863e-06
389,True,,0.004017356317490339,0.056812625378370285,0.0,0.00969861913472414,0.0,0.0,0.032597869634628296,7.127547487474572e-06
390,True,,0.002287361305207014,0.045692723244428635,0.0,0.0068566338159143925,0.0,0.0,0.023329492658376694,7.114212576170078e-06
391,True,,0.0013992608292028308,0.038455531001091,0.0,0.005244813859462738,0.0,0.0,0.024486687034368515,7.100861376874476e-06
392,True,,0.005412583705037832,0.08044181764125824,0.0,0.013456765562295914,0.0,0.0,0.04319794848561287,7.0874940243062175e-06
393,True,,0.003791729686781764,0.070579394698143,0.0,0.010849669575691223,0.0,0.0,0.0351303294301033,7.0741106533467416e-06
394,True,,0.001857947907410562,0.07974487543106079,0.0,0.00983243528753519,0.0,0.0,0.04515502601861954,7.060711399039124e-06
395,True,,0.0015072579262778163,0.048182882368564606,0.0,0.006325546186417341,0.0,0.0,0.04828082397580147,7.047296396586706e-06
396,True,,0.010817180387675762,0.09920530766248703,0.0,0.02073771134018898,0.0,0.0,0.07015954703092575,7.033865781351733e-06
397,True,,0.0008940545376390219,0.042899519205093384,0.0,0.005184006877243519,0.0,0.0,0.07427555322647095,7.020419688853992e-06
398,True,,0.0007681543938815594,0.026984024792909622,0.0,0.003466557012870908,0.0,0.0,0.06245693564414978,7.006958254769438e-06
399,True,,0.002532863523811102,0.04460547864437103,0.0,0.00699341157451272,0.0,0.0,0.028897924348711967,6.9934816149288305e-06
400,True,,0.00024285509425681084,0.017987830564379692,0.0,0.0020416381303220987,0.0,0.0,0.044998086988925934,6.9799899053163585e-06
401,True,,0.009739341214299202,0.08443813025951385,0.0,0.018183153122663498,0.0,0.0,0.036566201597452164,6.966483262068273e-06
402,True,,0.0025635003112256527,0.041681744158267975,0.0,0.0067316750064492226,0.0,0.0,0.019015666097402573,6.952961821471509e-06
403,True,,0.0020455573685467243,0.07999414205551147,0.0,0.010044971480965614,0.0,0.0,0.060064058750867844,6.939425719962311e-06
404,True,,0.00012936514394823462,0.026541950181126595,0.0,0.0027835601940751076,0.0,0.0,0.0765419527888298,6.925875094124861e-06
405,True,,0.0035377999301999807,0.04981381818652153,0.0,0.008519181981682777,0.0,0.0,0.04306844249367714,6.912310080689893e-06
406,True,,0.00029226712649688125,0.02793639525771141,0.0,0.0030859068501740694,0.0,0.0,0.039501070976257324,6.89873081653332e-06
407,True,,0.0018768119625747204,0.06100793182849884,0.0,0.007977604866027832,0.0,0.0,0.03833148255944252,6.885137438674851e-06
408,True,,0.008904589340090752,0.14116749167442322,0.0,0.023021338507533073,0.0,0.0,0.07243915647268295,6.871530084276598e-06
409,True,,0.0072820838540792465,0.07478997111320496,0.0,0.014761080965399742,0.0,0.0,0.034671127796173096,6.857908890641717e-06
410,True,,0.0022445693612098694,0.06907793134450912,0.0,0.009152362123131752,0.0,0.0,0.057189904153347015,6.844273995212991e-06
411,True,,0.000687482301145792,0.022760163992643356,0.0,0.0029634987004101276,0.0,0.0,0.02197551168501377,6.830625535571472e-06
412,True,,0.0059515610337257385,0.058622680604457855,0.0,0.011813828721642494,0.0,0.0,0.03286396339535713,6.816963649435072e-06
413,True,,0.0027211010456085205,0.04868585616350174,0.0,0.0075896866619586945,0.0,0.0,0.028601553291082382,6.803288474657183e-06
414,True,,0.0019837957806885242,0.026652339845895767,0.0,0.004649030044674873,0.0,0.0,0.030274396762251854,6.7896001492252885e-06
415,True,,0.0004589695017784834,0.035916849970817566,0.0,0.004050654359161854,0.0,0.0,0.06213963031768799,6.775898811259557e-06
416,True,,0.0006454141694121063,0.022647829726338387,0.0,0.0029101972468197346,0.0,0.0,0.02807101421058178,6.762184599011469e-06
417,True,,0.013560878112912178,0.12696094810962677,0.0,0.026256972923874855,0.0,0.0,0.058826837688684464,6.748457650862404e-06
418,True,,0.00030039213015697896,0.02903350256383419,0.0,0.003203742438927293,0.0,0.0,0.049608830362558365,6.734718105322256e-06
419,True,,0.0022642486728727818,0.11956554651260376,0.0,0.01422080397605896,0.0,0.0,0.07357034087181091,6.720966101028027e-06
420,True,,0.0005645843921229243,0.029561547562479973,0.0,0.0035207392647862434,0.0,0.0,0.021300194784998894,6.707201776742437e-06
421,True,,0.0006430004723370075,0.039947427809238434,0.0,0.004637743346393108,0.0,0.0,0.04512635990977287,6.693425271352514e-06
422,True,,0.0019766418263316154,0.05617184937000275,0.0,0.007593826856464148,0.0,0.0,0.035669416189193726,6.679636723868201e-06
423,True,,0.0032191239297389984,0.056510958820581436,0.0,0.008870219811797142,0.0,0.0,0.02793302573263645,6.665836273420951e-06
424,True,,0.000935246585868299,0.038527220487594604,0.0,0.004787968471646309,0.0,0.0,0.04592202603816986,6.6520240592623195e-06
425,True,,0.0057168202474713326,0.09913978725671768,0.0,0.015630800276994705,0.0,0.0,0.048581238836050034,6.638200220762563e-06
426,True,,0.0006046890048310161,0.043421316891908646,0.0,0.00494682090356946,0.0,0.0,0.04164772108197212,6.624364897409234e-06
427,True,,0.002009047195315361,0.04780000075697899,0.0,0.00678904727101326,0.0,0.0,0.027582775801420212,6.610518228805769e-06
428,True,,0.00010507107799639925,0.012491359375417233,0.0,0.0013542070519179106,0.0,0.0,0.03692465275526047,6.5966603546700825e-06
429,True,,0.0102973198518157,0.13063135743141174,0.0,0.02336045540869236,0.0,0.0,0.07470301538705826,6.5827914148331555e-06
430,True,,0.006172636058181524,0.11294671893119812,0.0,0.017467308789491653,0.0,0.0,0.05166560038924217,6.568911549237628e-06
431,True,,0.0002941751154139638,0.020449349656701088,0.0,0.002339110244065523,0.0,0.0,0.027004234492778778,6.555020897936387e-06
432,True,,0.0005900891846977174,0.014412101358175278,0.0,0.0020312992855906487,0.0,0.0,0.0330970399081707,6.541119601091147e-06
433,True,,0.0014342085923999548,0.041244588792324066,0.0,0.005558667704463005,0.0,0.0,0.06145153567194939,6.52720779897104e-06
434,True,,0.010815720073878765,0.10261842608451843,0.0,0.021077562123537064,0.0,0.0,0.04739219322800636,6.513285631951204e-06
435,True,,0.0016514258459210396,0.034467119723558426,0.0,0.005098138004541397,0.0,0.0,0.030326586216688156,6.49935324051136e-06
436,True,,0.0008134609088301659,0.019060706719756126,0.0,0.0027195317670702934,0.0,0.0,0.021698476746678352,6.485410765234396e-06
437,True,,0.0005558971897698939,0.03162007033824921,0.0,0.0037179042119532824,0.0,0.0,0.056744690984487534,6.47145834680495e-06
438,True,,0.001598634640686214,0.06547266244888306,0.0,0.008145900443196297,0.0,0.0,0.04473993927240372,6.457496126007993e-06
439,True,,0.0008396461489610374,0.032505035400390625,0.0,0.004090149886906147,0.0,0.0,0.03259461373090744,6.4435242437274024e-06
440,True,,0.0013493358856067061,0.03578334301710129,0.0,0.004927670117467642,0.0,0.0,0.018172210082411766,6.429542840944546e-06
441,True,,0.0014344023074954748,0.036013778299093246,0.0,0.005035780370235443,0.0,0.0,0.029047906398773193,6.415552058736854e-06
442,True,,0.003783526597544551,0.06565055251121521,0.0,0.010348581708967686,0.0,0.0,0.026258209720253944,6.4015520382763976e-06
443,True,,0.004150445107370615,0.0631515309214592,0.0,0.010465597733855247,0.0,0.0,0.03913723677396774,6.387542920828471e-06
444,True,,0.0014476357027888298,0.02903379686176777,0.0,0.004351015202701092,0.0,0.0,0.03571463003754616,6.3735248477501545e-06
445,True,,0.00021837238455191255,0.026517100632190704,0.0,0.002870082389563322,0.0,0.0,0.04584220424294472,6.3594979604888965e-06
446,True,,0.0021266199182718992,0.05216597765684128,0.0,0.007343217730522156,0.0,0.0,0.019724179059267044,6.345462400581085e-06
447,True,,0.001929412130266428,0.04285767674446106,0.0,0.006215179804712534,0.0,0.0,0.0319022536277771,6.331418309650614e-06
448,True,,0.0006300669629126787,0.03469887375831604,0.0,0.0040999543853104115,0.0,0.0,0.02396060898900032,6.317365829407465e-06
449,True,,0.00111662526614964,0.03531814366579056,0.0,0.004648439586162567,0.0,0.0,0.03464553505182266,6.303305101646263e-06
450,True,,0.003231662092730403,0.05673816800117493,0.0,0.00890547875314951,0.0,0.0,0.026691440492868423,6.289236268244861e-06
451,True,,0.0008004115661606193,0.05640481784939766,0.0,0.006440893746912479,0.0,0.0,0.031990908086299896,6.275159471162893e-06
452,True,,0.019935747608542442,0.12925150990486145,0.0,0.0328608974814415,0.0,0.0,0.09442023932933807,6.261074852440356e-06
453,True,,0.004909537732601166,0.07499535381793976,0.0,0.012409073300659657,0.0,0.0,0.04814433678984642,6.246982554196168e-06
454,True,,0.0011513956123962998,0.07612647116184235,0.0,0.008764042519032955,0.0,0.0,0.061649221926927567,6.232882718626737e-06
455,True,,0.000505749718286097,0.02747129090130329,0.0,0.003252878785133362,0.0,0.0,0.030927835032343864,6.218775488004521e-06
456,True,,0.003198185469955206,0.06294602155685425,0.0,0.009492787532508373,0.0,0.0,0.028659630566835403,6.204661004676605e-06
457,True,,0.0013143516844138503,0.05615033209323883,0.0,0.006929385010153055,0.0,0.0,0.041779011487960815,6.1905394110632465e-06
458,True,,0.0035036313347518444,0.07922988384962082,0.0,0.011426620185375214,0.0,0.0,0.03284788504242897,6.176410849656459e-06
459,True,,0.0013166720746085048,0.06488823890686035,0.0,0.007805495988577604,0.0,0.0,0.04591447487473488,6.16227546301855e-06
460,True,,0.0006349371979013085,0.031749606132507324,0.0,0.003809897694736719,0.0,0.0,0.02986885793507099,6.148133393780711e-06
461,True,,0.0019209341844543815,0.0468168780207634,0.0,0.006602622102946043,0.0,0.0,0.1314435452222824,6.1339847846415545e-06
462,True,,0.0005045273574069142,0.019774146378040314,0.0,0.0024819420650601387,0.0,0.0,0.08858942985534668,6.119829778365685e-06
463,True,,0.0006320187821984291,0.0165737085044384,0.0,0.0022893897257745266,0.0,0.0,0.022251704707741737,6.105668517782255e-06
464,True,,0.0007902145152911544,0.02463524602353573,0.0,0.0032537393271923065,0.0,0.0,0.0286039300262928,6.091501145783527e-06
465,True,,0.006841233931481838,0.07317984849214554,0.0,0.014159219339489937,0.0,0.0,0.037895120680332184,6.07732780532343e-06
466,True,,0.000778710818849504,0.03504999727010727,0.0,0.00428371038287878,0.0,0.0,0.042889147996902466,6.063148639416118e-06
467,True,,0.0027853369247168303,0.07141225785017014,0.0,0.009926563128829002,0.0,0.0,0.033281948417425156,6.048963791134522e-06
468,True,,0.003106034127995372,0.07584422081708908,0.0,0.010690456256270409,0.0,0.0,0.049977995455265045,6.034773403608911e-06
469,True,,0.0012875371612608433,0.026040252298116684,0.0,0.003891562344506383,0.0,0.0,0.029634613543748856,6.020577620025452e-06
470,True,,0.0017048974987119436,0.03593422472476959,0.0,0.0052983202040195465,0.0,0.0,0.04225184768438339,6.0063765836247555e-06
471,True,,0.0005731760757043958,0.029354732483625412,0.0,0.0035086493007838726,0.0,0.0,0.024152299389243126,5.992170437700436e-06
472,True,,0.002000024076551199,0.0679042860865593,0.0,0.008790452964603901,0.0,0.0,0.042561475187540054,5.977959325597663e-06
473,True,,0.006496117915958166,0.10118706524372101,0.0,0.016614824533462524,0.0,0.0,0.06973495334386826,5.963743390711722e-06
474,True,,0.0016373678809031844,0.05253490433096886,0.0,0.006890858523547649,0.0,0.0,0.037169720977544785,5.949522776486556e-06
475,True,,0.0003050494415219873,0.020721739158034325,0.0,0.0023772232234477997,0.0,0.0,0.026443351060152054,5.935297626413328e-06
476,True,,0.0009089988889172673,0.03503885492682457,0.0,0.00441288435831666,0.0,0.0,0.02732856012880802,5.921068084028968e-06
477,True,,0.0012987757800146937,0.04477430135011673,0.0,0.0057762060314416885,0.0,0.0,0.038552429527044296,5.906834292914725e-06
478,True,,0.0028392947278916836,0.08309974521398544,0.0,0.011149268597364426,0.0,0.0,0.045145124197006226,5.892596396694722e-06
479,True,,0.0012099707964807749,0.04249013215303421,0.0,0.005458984524011612,0.0,0.0,0.023806054145097733,5.878354539034502e-06
480,True,,0.0032253419049084187,0.07237547636032104,0.0,0.010462889447808266,0.0,0.0,0.03660169243812561,5.86410886363958e-06
481,True,,0.0033061669673770666,0.06168515980243683,0.0,0.009474682621657848,0.0,0.0,0.0390731506049633,5.849859514253996e-06
482,True,,0.0024344068951904774,0.05967257171869278,0.0,0.008401663973927498,0.0,0.0,0.03604356199502945,5.835606634658859e-06
483,True,,0.005277115851640701,0.10517376661300659,0.0,0.01579449325799942,0.0,0.0,0.05899154394865036,5.8213503686708995e-06
484,True,,0.00932916346937418,0.10443553328514099,0.0,0.019772715866565704,0.0,0.0,0.03890561684966087,5.80709086014102e-06
485,True,,0.000213063060073182,0.03956795483827591,0.0,0.004169858526438475,0.0,0.0,0.04700413718819618,5.79282825295284e-06
486,True,,0.005396828055381775,0.09937746077775955,0.0,0.01533457450568676,0.0,0.0,0.03750624135136604,5.778562691021243e-06
487,True,,0.001504671759903431,0.045306988060474396,0.0,0.0060353707522153854,0.0,0.0,0.050226762890815735,5.764294318290933e-06
488,True,,0.0030394967179745436,0.05344107374548912,0.0,0.008383603766560555,0.0,0.0,0.038734786212444305,5.7500232787349704e-06
489,True,,0.00010224914876744151,0.02108386904001236,0.0,0.002210636157542467,0.0,0.0,0.057705800980329514,5.7357497163533274e-06
490,True,,0.001015074085444212,0.06562770158052444,0.0,0.007577844429761171,0.0,0.0,0.054333265870809555,5.721473775171432e-06
491,True,,0.0018871076172217727,0.0737905204296112,0.0,0.009266159497201443,0.0,0.0,0.05063677206635475,5.707195599238716e-06
492,True,,0.00029045052360743284,0.04208248108625412,0.0,0.004498698748648167,0.0,0.0,0.04253336042165756,5.692915332627158e-06
493,True,,0.004227204713970423,0.06462330371141434,0.0,0.010689535178244114,0.0,0.0,0.02951410599052906,5.678633119429835e-06
494,True,,0.0025203516706824303,0.04744613543152809,0.0,0.007264965213835239,0.0,0.0,0.06069236248731613,5.664349103759467e-06
495,True,,0.003320473711937666,0.06997935473918915,0.0,0.010318409651517868,0.0,0.0,0.05881559103727341,5.650063429746955e-06
496,True,,0.0033617131412029266,0.06844554841518402,0.0,0.010206268168985844,0.0,0.0,0.03213595971465111,5.635776241539941e-06
497,True,,0.0034934482537209988,0.0732269212603569,0.0,0.010816140100359917,0.0,0.0,0.05564085394144058,5.621487683301342e-06
498,True,,0.0016132367309182882,0.056798700243234634,0.0,0.007293106988072395,0.0,0.0,0.050116993486881256,5.607197899207898e-06
499,True,,0.0019007581286132336,0.043867431581020355,0.0,0.006287501193583012,0.0,0.0,0.03509907051920891,5.592907033448723e-06
500,True,,0.0035602187272161245,0.06986034661531448,0.0,0.010546253062784672,0.0,0.0,0.03622066229581833,5.578615230223841e-06
501,True,,0.0006252034800127149,0.028360068798065186,0.0,0.003461210522800684,0.0,0.0,0.026286058127880096,5.564322633742735e-06
502,True,,0.0004024211666546762,0.056033454835414886,0.0,0.006005766801536083,0.0,0.0,0.03975933790206909,5.550029388222894e-06
503,True,,0.005798459053039551,0.06294161081314087,0.0,0.012092620134353638,0.0,0.0,0.04527202248573303,5.5357356378883595e-06
504,True,,0.004388771951198578,0.08151790499687195,0.0,0.012540563009679317,0.0,0.0,0.03387795388698578,5.52144152696826e-06
505,True,,0.0008682647603563964,0.03203107416629791,0.0,0.004071372095495462,0.0,0.0,0.02616269327700138,5.5071471996953674e-06
506,True,,0.0009475356200709939,0.045147813856601715,0.0,0.005462316796183586,0.0,0.0,0.05177764594554901,5.492852800304635e-06
507,True,,0.00311465747654438,0.07316349446773529,0.0,0.01043100655078888,0.0,0.0,0.05563001334667206,5.478558473031742e-06
508,True,,0.00029828419792465866,0.04998409375548363,0.0,0.005296693649142981,0.0,0.0,0.04934726655483246,5.464264362111642e-06
509,True,,0.002364759100601077,0.05380142107605934,0.0,0.00774490088224411,0.0,0.0,0.02480771206319332,5.4499706117771075e-06
510,True,,0.002106002066284418,0.04917594790458679,0.0,0.00702359713613987,0.0,0.0,0.021740352734923363,5.435677366257268e-06
511,True,,0.005998445209115744,0.07041527330875397,0.0,0.013039972633123398,0.0,0.0,0.038431212306022644,5.421384769776162e-06
512,True,,0.000554317666683346,0.03668856993317604,0.0,0.004223174881190062,0.0,0.0,0.020701928064227104,5.407092966551279e-06
513,True,,0.00661823432892561,0.09450278431177139,0.0,0.016068512573838234,0.0,0.0,0.055356789380311966,5.3928021007921036e-06
514,True,,0.0009009432978928089,0.03385040536522865,0.0,0.004285983741283417,0.0,0.0,0.03056725487112999,5.3785123166986595e-06
515,True,,0.0009341032127849758,0.0408763661980629,0.0,0.00502173975110054,0.0,0.0,0.033587511628866196,5.364223758460061e-06
516,True,,0.00046301702968776226,0.01833442412316799,0.0,0.0022964593954384327,0.0,0.0,0.08318036049604416,5.349936570253048e-06
517,True,,0.0075797829777002335,0.12163306772708893,0.0,0.019743088632822037,0.0,0.0,0.062368232756853104,5.3356508962405355e-06
518,True,,0.019753795117139816,0.12224425375461578,0.0,0.031978219747543335,0.0,0.0,0.06436394900083542,5.321366880570167e-06
519,True,,0.0005536506650969386,0.03232056275010109,0.0,0.0037857070565223694,0.0,0.0,0.03164070472121239,5.307084667372845e-06
520,True,,0.006431900896131992,0.09195451438426971,0.0,0.01562735252082348,0.0,0.0,0.03295070305466652,5.292804400761286e-06
521,True,,0.0005600592121481895,0.028689146041870117,0.0,0.0034289739560335875,0.0,0.0,0.01981455832719803,5.27852622482857e-06
522,True,,0.0008255115244537592,0.031234147027134895,0.0,0.003948925994336605,0.0,0.0,0.023229120299220085,5.264250283646676e-06
523,True,,0.0013811064418405294,0.03699616342782974,0.0,0.005080722738057375,0.0,0.0,0.026878071948885918,5.249976721265031e-06
524,True,,0.0011972605716437101,0.04129453003406525,0.0,0.005326713435351849,0.0,0.0,0.02263586036860943,5.235705681709069e-06
525,True,,0.003097495064139366,0.06934680044651031,0.0,0.010032175108790398,0.0,0.0,0.046178270131349564,5.221437308978759e-06
526,True,,0.004721581004559994,0.08665560185909271,0.0,0.01338714174926281,0.0,0.0,0.039221350103616714,5.207171747047163e-06
527,True,,0.0041077653877437115,0.11073906719684601,0.0,0.01518167182803154,0.0,0.0,0.05544932931661606,5.192909139858981e-06
528,True,,0.003083264222368598,0.0648183673620224,0.0,0.009565101005136967,0.0,0.0,0.03177008405327797,5.178649631329102e-06
529,True,,0.0003639767528511584,0.016827141866087914,0.0,0.002046691020950675,0.0,0.0,0.02556602656841278,5.164393365341143e-06
530,True,,0.0067631094716489315,0.07095325738191605,0.0,0.013858435675501823,0.0,0.0,0.027175405994057655,5.150140485746005e-06
531,True,,0.0018885539611801505,0.0686492845416069,0.0,0.00875348225235939,0.0,0.0,0.04053928703069687,5.135891136360422e-06
532,True,,0.0023683675099164248,0.06819170713424683,0.0,0.009187538176774979,0.0,0.0,0.03467915952205658,5.121645460965499e-06
533,True,,0.002034102100878954,0.03900471329689026,0.0,0.005934573709964752,0.0,0.0,0.01765787973999977,5.107403603305281e-06
534,True,,0.001961249392479658,0.025668881833553314,0.0,0.004528137855231762,0.0,0.0,0.034346893429756165,5.0931657070852784e-06
535,True,,0.0032658264972269535,0.06570181250572205,0.0,0.009836007840931416,0.0,0.0,0.035393230617046356,5.078931915971035e-06
536,True,,0.0007848003297112882,0.0354415699839592,0.0,0.0043289572931826115,0.0,0.0,0.02958773821592331,5.064702373586674e-06
537,True,,0.0014372281730175018,0.036808039993047714,0.0,0.005118031986057758,0.0,0.0,0.03001050464808941,5.050477223513447e-06
538,True,,0.0009182064677588642,0.0564580000936985,0.0,0.006564006209373474,0.0,0.0,0.03752707690000534,5.036256609288279e-06
539,True,,0.003496150253340602,0.07027631253004074,0.0,0.010523781180381775,0.0,0.0,0.03852656111121178,5.0220406744023384e-06
540,True,,0.0013157728826627135,0.06108661741018295,0.0,0.007424434646964073,0.0,0.0,0.032430220395326614,5.007829562299567e-06
541,True,,0.000798025808762759,0.018289417028427124,0.0,0.002626967616379261,0.0,0.0,0.02080659195780754,4.993623416375246e-06
542,True,,0.0025233791675418615,0.04326801374554634,0.0,0.0068501802161335945,0.0,0.0,0.023321012035012245,4.979422379974549e-06
543,True,,0.001753751072101295,0.0458163321018219,0.0,0.006335384678095579,0.0,0.0,0.022135773673653603,4.965226596391091e-06
544,True,,0.0018565094796940684,0.058709517121315,0.0,0.007727461401373148,0.0,0.0,0.029863206669688225,4.951036208865479e-06
545,True,,0.0009217240731231868,0.03664949908852577,0.0,0.004586673807352781,0.0,0.0,0.032580554485321045,4.936851360583885e-06
546,True,,0.002405609702691436,0.05387439206242561,0.0,0.007793049328029156,0.0,0.0,0.04038829728960991,4.922672194676572e-06
547,True,,0.005362263880670071,0.07563693076372147,0.0,0.012925956398248672,0.0,0.0,0.0382123664021492,4.9084988542164745e-06
548,True,,0.003551352536305785,0.06404132395982742,0.0,0.009955485351383686,0.0,0.0,0.03111833892762661,4.894331482217747e-06
549,True,,0.005702122114598751,0.055773235857486725,0.0,0.011279445141553879,0.0,0.0,0.03142131492495537,4.880170221634317e-06
550,True,,0.0026973614003509283,0.04730432480573654,0.0,0.007427793927490711,0.0,0.0,0.024192120879888535,4.866015215358446e-06
551,True,,0.0022616744972765446,0.04322334751486778,0.0,0.006584009155631065,0.0,0.0,0.01843065395951271,4.8518666062192895e-06
552,True,,0.0023293043486773968,0.057747792452573776,0.0,0.008104084059596062,0.0,0.0,0.025252528488636017,4.8377245369814515e-06
553,True,,0.001618643174879253,0.05296450853347778,0.0,0.006915094330906868,0.0,0.0,0.03888580575585365,4.8235891503435435e-06
554,True,,0.00028218107763677835,0.026928892359137535,0.0,0.002975070383399725,0.0,0.0,0.03606996685266495,4.809460588936755e-06
555,True,,0.0006333235651254654,0.03823504224419594,0.0,0.004456827882677317,0.0,0.0,0.04458340257406235,4.795338995323398e-06
556,True,,0.003306994214653969,0.06822711229324341,0.0,0.01012970507144928,0.0,0.0,0.07155661284923553,4.7812245119954794e-06
557,True,,0.00204443815164268,0.03273656219244003,0.0,0.00531809451058507,0.0,0.0,0.021183151751756668,4.7671172813732645e-06
558,True,,0.00455277506262064,0.03735409304499626,0.0,0.008288184180855751,0.0,0.0,0.03347180783748627,4.753017445803834e-06
559,True,,0.004367072135210037,0.07797832787036896,0.0,0.012164905667304993,0.0,0.0,0.029535606503486633,4.738925147559644e-06
560,True,,0.0020837890915572643,0.04975775629281998,0.0,0.0070595648139715195,0.0,0.0,0.026210620999336243,4.724840528837109e-06
561,True,,0.0009208791307173669,0.04991907626390457,0.0,0.005912786815315485,0.0,0.0,0.04100034385919571,4.710763731755142e-06
562,True,,0.0018273834139108658,0.05981851741671562,0.0,0.0078092352487146854,0.0,0.0,0.03195682913064957,4.696694898353739e-06
563,True,,0.00199371506460011,0.04576616734266281,0.0,0.0065703317523002625,0.0,0.0,0.02149626612663269,4.682634170592537e-06
564,True,,0.0022182592656463385,0.040258340537548065,0.0,0.006244093179702759,0.0,0.0,0.023355435580015182,4.668581690349387e-06
565,True,,0.006222949828952551,0.08148658275604248,0.0,0.014371607452630997,0.0,0.0,0.029080476611852646,4.654537599418917e-06
566,True,,0.001912671490572393,0.04116453975439072,0.0,0.006029125768691301,0.0,0.0,0.029249820858240128,4.640502039511104e-06
567,True,,0.009358427487313747,0.06465182453393936,0.0,0.0158236101269722,0.0,0.0,0.03189956769347191,4.626475152249849e-06
568,True,,0.0011045705759897828,0.03320465236902237,0.0,0.004425035789608955,0.0,0.0,0.02758667804300785,4.612457079171532e-06
569,True,,0.0025054202415049076,0.05412548780441284,0.0,0.007917968556284904,0.0,0.0,0.029319508001208305,4.598447961723605e-06
570,True,,0.0006269205478020012,0.030515465885400772,0.0,0.0036784671247005463,0.0,0.0,0.020177874714136124,4.584447941263149e-06
571,True,,0.0022240362595766783,0.0650143101811409,0.0,0.008725467137992382,0.0,0.0,0.0409037247300148,4.570457159055456e-06
572,True,,9.959778981283307e-05,0.019709164276719093,0.0,0.002070514252409339,0.0,0.0,0.046678073704242706,4.556475756272598e-06
573,True,,0.0010556710185483098,0.028402747586369514,0.0,0.0038959458470344543,0.0,0.0,0.01883542910218239,4.5425038739920095e-06
574,True,,0.0010121033992618322,0.04742729663848877,0.0,0.005754833109676838,0.0,0.0,0.03351705148816109,4.528541653195051e-06
575,True,,0.002193374326452613,0.0620298758149147,0.0,0.008396361954510212,0.0,0.0,0.023622212931513786,4.514589234765607e-06
576,True,,0.0007754758698865771,0.03553304076194763,0.0,0.004328779876232147,0.0,0.0,0.049543291330337524,4.500646759488643e-06
577,True,,0.0004390212707221508,0.020985284820199013,0.0,0.0025375497061759233,0.0,0.0,0.03641519322991371,4.486714368048797e-06
578,True,,0.004886261187493801,0.07083412259817123,0.0,0.011969673447310925,0.0,0.0,0.035668566823005676,4.472792201028961e-06
579,True,,0.0002929414331447333,0.027216749265789986,0.0,0.003014616435393691,0.0,0.0,0.04917747527360916,4.458880398908856e-06
580,True,,0.002095369389280677,0.04778121039271355,0.0,0.006873490288853645,0.0,0.0,0.01863251067698002,4.444979102063614e-06
581,True,,0.0005673766136169434,0.028597019612789154,0.0,0.003427078714594245,0.0,0.0,0.028448939323425293,4.431088450762373e-06
582,True,,0.000545796996448189,0.028912711888551712,0.0,0.0034370680805295706,0.0,0.0,0.03882333263754845,4.417208585166847e-06
583,True,,0.0005551365902647376,0.026168595999479294,0.0,0.0031719962134957314,0.0,0.0,0.03860406205058098,4.4033396453299206e-06
584,True,,0.002069571055471897,0.03536335378885269,0.0,0.005605906248092651,0.0,0.0,0.04666033759713173,4.389481771194232e-06
585,True,,0.005718621890991926,0.09456734359264374,0.0,0.015175355598330498,0.0,0.0,0.04936567693948746,4.375635102590767e-06
586,True,,0.0004765402991324663,0.050801437348127365,0.0,0.005556683987379074,0.0,0.0,0.056547168642282486,4.3617997792374365e-06
587,True,,0.00020986358867958188,0.03801789507269859,0.0,0.004011653363704681,0.0,0.0,0.040505390614271164,4.347975940737682e-06
588,True,,0.0038959328085184097,0.10329961031675339,0.0,0.014225893653929234,0.0,0.0,0.06849109381437302,4.334163726579052e-06
589,True,,0.0010049906559288502,0.04979664459824562,0.0,0.005984655115753412,0.0,0.0,0.034123893827199936,4.3203632761317995e-06
590,True,,0.002580581931397319,0.07532469928264618,0.0,0.01011305209249258,0.0,0.0,0.04194477200508118,4.306574728647488e-06
591,True,,0.0032030984293669462,0.05383531004190445,0.0,0.008586629293859005,0.0,0.0,0.02580239437520504,4.292798223257565e-06
592,True,,0.004099143669009209,0.05944377928972244,0.0,0.010043522343039513,0.0,0.0,0.033357903361320496,4.279033898971974e-06
593,True,,0.005745756905525923,0.05878661200404167,0.0,0.011624418199062347,0.0,0.0,0.03540949150919914,4.265281894677746e-06
594,True,,0.0016166770365089178,0.05401546508073807,0.0,0.007018223404884338,0.0,0.0,0.036879051476716995,4.251542349137598e-06
595,True,,0.0024189837276935577,0.056765031069517136,0.0,0.008095487020909786,0.0,0.0,0.036338720470666885,4.237815400988532e-06
596,True,,0.003748680232092738,0.07418818771839142,0.0,0.011167499236762524,0.0,0.0,0.03456318378448486,4.2241011887404444e-06
597,True,,0.008934425190091133,0.1303824782371521,0.0,0.021972673013806343,0.0,0.0,0.053123410791158676,4.210399850774715e-06
598,True,,0.0015697663184255362,0.06198040768504143,0.0,0.007767806760966778,0.0,0.0,0.03680609539151192,4.196711525342817e-06
599,True,,0.002481432631611824,0.04548301547765732,0.0,0.007029734086245298,0.0,0.0,0.05700993537902832,4.183036350564928e-06
600,True,,0.001988116418942809,0.04379977285861969,0.0,0.006368094123899937,0.0,0.0,0.030964665114879608,4.169374464428529e-06
601,True,,0.0027927113696932793,0.07439733296632767,0.0,0.010232444852590561,0.0,0.0,0.03532078489661217,4.155726004787009e-06
602,True,,0.01034240610897541,0.12086944282054901,0.0,0.02242935076355934,0.0,0.0,0.06342433393001556,4.142091109358285e-06
603,True,,0.0034811822697520256,0.0475960373878479,0.0,0.008240785449743271,0.0,0.0,0.036510076373815536,4.128469915723403e-06
604,True,,0.005997401662170887,0.1068953424692154,0.0,0.01668693497776985,0.0,0.0,0.06001884862780571,4.114862561325152e-06
605,True,,0.001409627846442163,0.03912761062383652,0.0,0.005322389304637909,0.0,0.0,0.041412100195884705,4.101269183466681e-06
606,True,,0.0010121057275682688,0.08522029221057892,0.0,0.009534134529531002,0.0,0.0,0.049895744770765305,4.087689919310108e-06
607,True,,0.0032883225940167904,0.05834473296999931,0.0,0.009122796356678009,0.0,0.0,0.0261300690472126,4.07412490587514e-06
608,True,,0.0062998509965837,0.09003186225891113,0.0,0.01530303806066513,0.0,0.0,0.0735914409160614,4.06057428003769e-06
609,True,,0.00040620050276629627,0.02211805246770382,0.0,0.00261800573207438,0.0,0.0,0.02842768281698227,4.047038178528494e-06
610,True,,0.0007921868818812072,0.05391394719481468,0.0,0.006183581426739693,0.0,0.0,0.029245804995298386,4.033516737931727e-06
611,True,,0.001063322415575385,0.03315474092960358,0.0,0.0043787965551018715,0.0,0.0,0.04127417132258415,4.020010094683643e-06
612,True,,0.001244954182766378,0.04071495682001114,0.0,0.005316450260579586,0.0,0.0,0.02875242941081524,4.006518385071171e-06
613,True,,0.0002986245963256806,0.04879497364163399,0.0,0.005178121849894524,0.0,0.0,0.042743876576423645,3.993041745230562e-06
614,True,,0.0010376670397818089,0.028359435498714447,0.0,0.0038736106362193823,0.0,0.0,0.044119544327259064,3.979580311146009e-06
615,True,,0.01293985452502966,0.11708386242389679,0.0,0.024648241698741913,0.0,0.0,0.0639735758304596,3.9661342186482685e-06
616,True,,0.0016272820066660643,0.05478180572390556,0.0,0.0071054622530937195,0.0,0.0,0.04308835789561272,3.952703603413296e-06
617,True,,0.001313069136813283,0.05374813824892044,0.0,0.006687883287668228,0.0,0.0,0.038938771933317184,3.939288600960877e-06
618,True,,0.003200594102963805,0.05496899411082268,0.0,0.008697493933141232,0.0,0.0,0.030511237680912018,3.925889346653261e-06
619,True,,0.0014361034845933318,0.0441310741007328,0.0,0.005849211011081934,0.0,0.0,0.04607763886451721,3.912505975693785e-06
620,True,,0.003896589856594801,0.057907916605472565,0.0,0.00968738179653883,0.0,0.0,0.030997926369309425,3.899138623125526e-06
621,True,,0.007101103663444519,0.1188209056854248,0.0,0.01898319460451603,0.0,0.0,0.05589178577065468,3.8857874238299245e-06
622,True,,0.0008013455080799758,0.03336436301469803,0.0,0.004137781914323568,0.0,0.0,0.07891764491796494,3.872452512525428e-06
623,True,,0.0029502566903829575,0.05592648684978485,0.0,0.008542905561625957,0.0,0.0,0.025335533544421196,3.859134023766139e-06
624,True,,0.0031959302723407745,0.06941631436347961,0.0,0.010137561708688736,0.0,0.0,0.02882552705705166,3.845832091940444e-06
625,True,,0.0030673551373183727,0.04475367069244385,0.0,0.007542722392827272,0.0,0.0,0.026530811563134193,3.832546851269661e-06
626,True,,0.0006288946606218815,0.021550007164478302,0.0,0.002783895470201969,0.0,0.0,0.024092044681310654,3.819278435806701e-06
627,True,,0.005235051270574331,0.09868933260440826,0.0,0.015103984624147415,0.0,0.0,0.044079240411520004,3.8060269794346895e-06
628,True,,0.0023545799776911736,0.06305285543203354,0.0,0.008659865707159042,0.0,0.0,0.031286876648664474,3.7927926158656337e-06
629,True,,0.0024232228752225637,0.05233091861009598,0.0,0.00765631441026926,0.0,0.0,0.028477072715759277,3.7795754786390702e-06
630,True,,0.0007601805846206844,0.02517130970954895,0.0,0.0032773115672171116,0.0,0.0,0.03102952614426613,3.7663757011207127e-06
631,True,,0.0006329586612991989,0.035383496433496475,0.0,0.004171308130025864,0.0,0.0,0.0284690223634243,3.7531934165011074e-06
632,True,,0.0017908032750710845,0.09529370814561844,0.0,0.011320173740386963,0.0,0.0,0.03349417448043823,3.7400287577942994e-06
633,True,,0.00011782594810938463,0.012144210748374462,0.0,0.0013322470476850867,0.0,0.0,0.03701191768050194,3.7268818578364696e-06
634,True,,0.0015045201871544123,0.0431029312312603,0.0,0.005814813077449799,0.0,0.0,0.05397269129753113,3.7137528492846165e-06
635,True,,0.005880658980458975,0.05668254569172859,0.0,0.011548914015293121,0.0,0.0,0.026533501222729683,3.700641864615203e-06
636,True,,0.0020528342574834824,0.04665594547986984,0.0,0.006718428805470467,0.0,0.0,0.02519543655216694,3.687549036122826e-06
637,True,,0.002097445074468851,0.050665635615587234,0.0,0.007164008915424347,0.0,0.0,0.02179807983338833,3.674474495918879e-06
638,True,,0.005610011518001556,0.08703901618719101,0.0,0.014313912950456142,0.0,0.0,0.04100073128938675,3.6614183759302248e-06
639,True,,0.0007617801311425865,0.033892922103405,0.0,0.0041510723531246185,0.0,0.0,0.03832336142659187,3.648380807897851e-06
640,True,,0.0011471774196252227,0.04528430104255676,0.0,0.005675607826560736,0.0,0.0,0.0694955363869667,3.6353619233755545e-06
641,True,,0.002266691531985998,0.09022074192762375,0.0,0.01128876581788063,0.0,0.0,0.07981590181589127,3.6223618537286074e-06
642,True,,0.0006388331530615687,0.0340573824942112,0.0,0.004044571425765753,0.0,0.0,0.023899300023913383,3.609380730132438e-06
643,True,,0.0028192251920700073,0.0797872394323349,0.0,0.010797949507832527,0.0,0.0,0.03818412125110626,3.5964186835712912e-06
644,True,,0.0002086925960611552,0.025784892961382866,0.0,0.0027871818747371435,0.0,0.0,0.04834582656621933,3.583475844836928e-06
645,True,,0.0011607585474848747,0.02991286851465702,0.0,0.004152045585215092,0.0,0.0,0.08893931657075882,3.5705523445272917e-06
646,True,,0.009605711326003075,0.08099815249443054,0.0,0.0177055262029171,0.0,0.0,0.02852632850408554,3.557648313045192e-06
647,True,,0.003800719976425171,0.07845796644687653,0.0,0.011646516621112823,0.0,0.0,0.0501253604888916,3.5447638805969954e-06
648,True,,0.0022058652248233557,0.0513589046895504,0.0,0.0073417555540800095,0.0,0.0,0.04382000118494034,3.5318991771913e-06
649,True,,0.0028893733397126198,0.09946119040250778,0.0,0.012835492379963398,0.0,0.0,0.0404818132519722,3.519054332637637e-06
650,True,,0.002688793931156397,0.04867343604564667,0.0,0.007556137628853321,0.0,0.0,0.030789826065301895,3.5062294765451565e-06
651,True,,0.0006198179326020181,0.03355492651462555,0.0,0.003975310362875462,0.0,0.0,0.031192854046821594,3.4934247383213093e-06
652,True,,0.001671148231253028,0.03479480370879173,0.0,0.005150628741830587,0.0,0.0,0.03208735212683678,3.4806402471705536e-06
653,True,,0.0023735337890684605,0.08769284188747406,0.0,0.011142818257212639,0.0,0.0,0.04288158565759659,3.467876132093051e-06
654,True,,0.0025731322821229696,0.07395858317613602,0.0,0.009968990460038185,0.0,0.0,0.034367144107818604,3.4551325218833574e-06
655,True,,0.0007147685391828418,0.028290748596191406,0.0,0.0035438435152173042,0.0,0.0,0.02729477919638157,3.4424095451291273e-06
656,True,,0.010644606314599514,0.0928599089384079,0.0,0.01993059739470482,0.0,0.0,0.04562235251069069,3.429707330209816e-06
657,True,,0.005420285277068615,0.08707575500011444,0.0,0.014127860777080059,0.0,0.0,0.027016595005989075,3.4170260052953852e-06
658,True,,0.0023110955953598022,0.03638284280896187,0.0,0.005949379876255989,0.0,0.0,0.02703774720430374,3.4043656983450103e-06
659,True,,0.0018675671890377998,0.034549128264188766,0.0,0.005322480108588934,0.0,0.0,0.019896678626537323,3.3917265371057835e-06
660,True,,0.0014066554140299559,0.03438355028629303,0.0,0.004845010582357645,0.0,0.0,0.02114138752222061,3.3791086491114326e-06
661,True,,0.001833906164392829,0.07586048543453217,0.0,0.009419954381883144,0.0,0.0,0.043358977884054184,3.366512161681029e-06
662,True,,0.0003022403398063034,0.019977280870079994,0.0,0.00229996838606894,0.0,0.0,0.02497129887342453,3.353937201917708e-06
663,True,,0.0017082705162465572,0.06920468807220459,0.0,0.008628739044070244,0.0,0.0,0.037779051810503006,3.3413838967073804e-06
664,True,,0.011408142745494843,0.12916409969329834,0.0,0.024324553087353706,0.0,0.0,0.047976795583963394,3.3288523727174492e-06
665,True,,0.0004030691343359649,0.0501055009663105,0.0,0.005413619335740805,0.0,0.0,0.03239382803440094,3.316342756395548e-06
666,True,,0.003325222060084343,0.0666688084602356,0.0,0.009992103092372417,0.0,0.0,0.029934020712971687,3.303855173968246e-06
667,True,,0.0027445941232144833,0.06827673316001892,0.0,0.009572267532348633,0.0,0.0,0.0293089859187603,3.2913897514397864e-06
668,True,,0.00028201116947457194,0.019162267446517944,0.0,0.0021982379257678986,0.0,0.0,0.020696628838777542,3.2789466145908084e-06
669,True,,0.01737813837826252,0.1346786916255951,0.0,0.030846007168293,0.0,0.0,0.07314695417881012,3.2665258889770807e-06
670,True,,0.0008794829482212663,0.03940737247467041,0.0,0.004820220172405243,0.0,0.0,0.0722924992442131,3.2541276999282356e-06
671,True,,0.00028871462563984096,0.040138110518455505,0.0,0.004302525892853737,0.0,0.0,0.03808277100324631,3.2417521725465063e-06
672,True,,0.0018347138538956642,0.03814006596803665,0.0,0.005648720543831587,0.0,0.0,0.02892458438873291,3.229399431705455e-06
673,True,,0.0023282277397811413,0.05184551328420639,0.0,0.007512778975069523,0.0,0.0,0.023810094222426414,3.2170696020487215e-06
674,True,,0.0008621860179118812,0.031035039573907852,0.0,0.003965689800679684,0.0,0.0,0.024259472265839577,3.2047628079887687e-06
675,True,,0.0016110938740894198,0.032660555094480515,0.0,0.004877149593085051,0.0,0.0,0.02773667313158512,3.192479173705616e-06
676,True,,0.0022481498308479786,0.1092405617237091,0.0,0.013172205537557602,0.0,0.0,0.06303677707910538,3.180218823145595e-06
677,True,,0.0005709151737391949,0.014088073745369911,0.0,0.0019797226414084435,0.0,0.0,0.03034718707203865,3.1679818800200945e-06
678,True,,0.005053126253187656,0.06554631143808365,0.0,0.011607756838202477,0.0,0.0,0.03453943133354187,3.1557684678043145e-06
679,True,,0.003407700452953577,0.07189909368753433,0.0,0.010597609914839268,0.0,0.0,0.03692670539021492,3.1435787097360183e-06
680,True,,0.0005515407538041472,0.035534221678972244,0.0,0.0041049630381166935,0.0,0.0,0.02127297781407833,3.1314127288142966e-06
681,True,,0.00593787245452404,0.08105868101119995,0.0,0.014043740928173065,0.0,0.0,0.034104134887456894,3.1192706477983098e-06
682,True,,0.00249009532853961,0.06627294421195984,0.0,0.009117390029132366,0.0,0.0,0.032622456550598145,3.107152589206065e-06
683,True,,0.011286485008895397,0.07333828508853912,0.0,0.018620314076542854,0.0,0.0,0.029748236760497093,3.0950586753131785e-06
684,True,,0.001376740401610732,0.04757624864578247,0.0,0.006134365685284138,0.0,0.0,0.031802695244550705,3.0829890281516316e-06
685,True,,0.0034965206868946552,0.0514797642827034,0.0,0.008644497022032738,0.0,0.0,0.029817676171660423,3.0709437695085433e-06
686,True,,0.0037411442026495934,0.063388891518116,0.0,0.010080033913254738,0.0,0.0,0.028675170615315437,3.0589230209249525e-06
687,True,,0.010777855291962624,0.0918131172657013,0.0,0.019959166646003723,0.0,0.0,0.04995707422494888,3.046926903694577e-06
688,True,,0.0009439563727937639,0.04216662421822548,0.0,0.005160619039088488,0.0,0.0,0.04485152289271355,3.0349555388625947e-06
689,True,,0.01073584333062172,0.09585310518741608,0.0,0.020321153104305267,0.0,0.0,0.041627977043390274,3.0230090472244256e-06
690,True,,0.0008621110464446247,0.032847486436367035,0.0,0.004146859515458345,0.0,0.0,0.026521064341068268,3.011087549324507e-06
691,True,,0.0019806954078376293,0.06509186327457428,0.0,0.0084898816421628,0.0,0.0,0.038522083312273026,2.999191165455082e-06
692,True,,0.00034467963268980384,0.02548963576555252,0.0,0.002893643220886588,0.0,0.0,0.059569552540779114,2.9873200156549873e-06
693,True,,0.0004070437280461192,0.053030841052532196,0.0,0.005710128229111433,0.0,0.0,0.03448421135544777,2.9754742197084354e-06
694,True,,0.0008185984916053712,0.03862399235367775,0.0,0.00468099769204855,0.0,0.0,0.030262460932135582,2.9636538971438046e-06
695,True,,0.0028000385500490665,0.056347500532865524,0.0,0.008434789255261421,0.0,0.0,0.03480658307671547,2.951859167232446e-06
696,True,,0.0028746731113642454,0.05490363389253616,0.0,0.00836503691971302,0.0,0.0,0.03896147757768631,2.9400901489874666e-06
697,True,,0.004457986447960138,0.0515446737408638,0.0,0.00961245410144329,0.0,0.0,0.027699990198016167,2.928346961162535e-06
698,True,,0.003966817632317543,0.05346805974841118,0.0,0.00931362435221672,0.0,0.0,0.030417682603001595,2.91662972225068e-06
699,True,,0.0030989532824605703,0.07028189301490784,0.0,0.010127143003046513,0.0,0.0,0.0433008186519146,2.9049385504830987e-06
700,True,,0.0009235600009560585,0.04087038338184357,0.0,0.005010598339140415,0.0,0.0,0.022401928901672363,2.8932735638279576e-06
701,True,,0.0013248950708657503,0.03469570726156235,0.0,0.004794465843588114,0.0,0.0,0.02127213589847088,2.8816348799892134e-06
702,True,,0.01351908128708601,0.11924619227647781,0.0,0.025443701073527336,0.0,0.0,0.0469074547290802,2.8700226164054073e-06
703,True,,0.00923757441341877,0.0992698222398758,0.0,0.01916455663740635,0.0,0.0,0.03284132853150368,2.8584368902484972e-06
704,True,,0.0024879658594727516,0.06581053882837296,0.0,0.009069019928574562,0.0,0.0,0.04390865936875343,2.8468778184226686e-06
705,True,,0.0002335293684154749,0.01699160970747471,0.0,0.0019326903857290745,0.0,0.0,0.03919195383787155,2.835345517563155e-06
706,True,,0.0072207096964120865,0.07166197896003723,0.0,0.01438690721988678,0.0,0.0,0.034256767481565475,2.8238401040350597e-06
707,True,,0.0022170261945575476,0.0854349136352539,0.0,0.010760517790913582,0.0,0.0,0.06437157839536667,2.8123616939321795e-06
708,True,,0.0011696340516209602,0.032328829169273376,0.0,0.004402517341077328,0.0,0.0,0.04201614484190941,2.8009104030758453e-06
709,True,,0.0019211480394005775,0.04328780621290207,0.0,0.006249928846955299,0.0,0.0,0.06939869374036789,2.7894863470137396e-06
710,True,,0.005688799545168877,0.08723533898591995,0.0,0.014412333257496357,0.0,0.0,0.04597294703125954,2.7780896410187352e-06
711,True,,0.0005879412638023496,0.04114088416099548,0.0,0.004702029749751091,0.0,0.0,0.03256571665406227,2.766720400087737e-06
712,True,,0.0019454730208963156,0.03555832430720329,0.0,0.0055013056844472885,0.0,0.0,0.022398583590984344,2.7553787389405116e-06
713,True,,0.0007781918975524604,0.0492362417280674,0.0,0.00570181617513299,0.0,0.0,0.046065982431173325,2.7440647720185397e-06
714,True,,0.0014808066189289093,0.044358015060424805,0.0,0.005916608031839132,0.0,0.0,0.03686876222491264,2.7327786134838597e-06
715,True,,0.0029613845981657505,0.08291192352771759,0.0,0.011252576485276222,0.0,0.0,0.043149396777153015,2.7215203772179054e-06
716,True,,0.0004026505630463362,0.03195684030652046,0.0,0.0035983347333967686,0.0,0.0,0.036823853850364685,2.7102901768203705e-06
717,True,,0.0014045856660231948,0.026567181572318077,0.0,0.004061304032802582,0.0,0.0,0.034286390990018845,2.699088125608057e-06
718,True,,0.0010037857573479414,0.0604882575571537,0.0,0.00705261155962944,0.0,0.0,0.05061627924442291,2.6879143366137284e-06
719,True,,0.00615497212857008,0.1054210364818573,0.0,0.016697075217962265,0.0,0.0,0.046282775700092316,2.6767689225849737e-06
720,True,,0.0008306668605655432,0.04148516058921814,0.0,0.004979182966053486,0.0,0.0,0.038389164954423904,2.6656519959830675e-06
721,True,,0.002019520616158843,0.07775665074586868,0.0,0.00979518610984087,0.0,0.0,0.06498314440250397,2.6545636689818373e-06
722,True,,0.011751282028853893,0.07771256566047668,0.0,0.019522538408637047,0.0,0.0,0.033665839582681656,2.643504053466529e-06
723,True,,0.0019469736143946648,0.05359194055199623,0.0,0.007306167855858803,0.0,0.0,0.032560575753450394,2.63247326103268e-06
724,True,,0.0011893190676346421,0.05170895531773567,0.0,0.006360214669257402,0.0,0.0,0.04369233176112175,2.621471402984991e-06
725,True,,0.001283744117245078,0.04335661232471466,0.0,0.005619405768811703,0.0,0.0,0.03086215630173683,2.6104985903362035e-06
726,True,,0.0006121927290223539,0.01566397398710251,0.0,0.0021785900462418795,0.0,0.0,0.01767711155116558,2.5995549338059857e-06
727,True,,0.002431774279102683,0.0629042237997055,0.0,0.008722196333110332,0.0,0.0,0.023787416517734528,2.5886405438198066e-06
728,True,,0.0007246871246024966,0.033251360058784485,0.0,0.0040498231537640095,0.0,0.0,0.052155084908008575,2.577755530507819e-06
729,True,,0.0011367721017450094,0.07153107970952988,0.0,0.008289880119264126,0.0,0.0,0.0525863878428936,2.5669000037037663e-06
730,True,,0.000693316338583827,0.02482009492814541,0.0,0.0031753259245306253,0.0,0.0,0.05179421603679657,2.5560740729438526e-06
731,True,,0.0014876689529046416,0.04607656970620155,0.0,0.006095326039940119,0.0,0.0,0.04164693504571915,2.5452778474656523e-06
732,True,,0.001750756287947297,0.030670402571558952,0.0,0.0048177968710660934,0.0,0.0,0.0367465503513813,2.5345114362070017e-06
733,True,,0.008221290074288845,0.08776699006557465,0.0,0.016997989267110825,0.0,0.0,0.04137386381626129,2.523774947804899e-06
734,True,,0.006125228013843298,0.11108633875846863,0.0,0.01723386161029339,0.0,0.0,0.04715147614479065,2.5130684905944104e-06
735,True,,0.005917747505009174,0.06806115806102753,0.0,0.012723863124847412,0.0,0.0,0.03393612056970596,2.5023921726075818e-06
736,True,,0.0002832433383446187,0.017906449735164642,0.0,0.002073888201266527,0.0,0.0,0.02507896162569523,2.4917461015723343e-06
737,True,,0.0035301796160638332,0.06647274643182755,0.0,0.010177453979849815,0.0,0.0,0.030955223366618156,2.4811303849113905e-06
738,True,,0.0025292816571891308,0.06100691109895706,0.0,0.00862997304648161,0.0,0.0,0.04005539044737816,2.47054512974119e-06
739,True,,0.0034640575759112835,0.076448455452919,0.0,0.011108903214335442,0.0,0.0,0.03230665624141693,2.4599904428707994e-06
740,True,,0.0028799003921449184,0.04673049598932266,0.0,0.0075529501773417,0.0,0.0,0.04754145070910454,2.449466430800844e-06
741,True,,0.002705574966967106,0.04002416878938675,0.0,0.006707991939038038,0.0,0.0,0.03496881574392319,2.4389731997224257e-06
742,True,,0.0008102371357381344,0.03141479194164276,0.0,0.003951716236770153,0.0,0.0,0.0436585359275341,2.4285108555160576e-06
743,True,,0.0006218235939741135,0.027518469840288162,0.0,0.0033736706245690584,0.0,0.0,0.025997575372457504,2.418079503750592e-06
744,True,,0.000447257625637576,0.034775882959365845,0.0,0.003924845717847347,0.0,0.0,0.040635500103235245,2.407679249682156e-06
745,True,,0.0025176675990223885,0.039938557893037796,0.0,0.006511523388326168,0.0,0.0,0.027725351974368095,2.397310198253091e-06
746,True,,0.0010230608750134706,0.03828174248337746,0.0,0.004851235076785088,0.0,0.0,0.03239505738019943,2.3869724540908896e-06
747,True,,0.005366686265915632,0.09498929977416992,0.0,0.014865616336464882,0.0,0.0,0.038276270031929016,2.3766661215071473e-06
748,True,,0.0029856711626052856,0.05051034688949585,0.0,0.00803670659661293,0.0,0.0,0.03239551559090614,2.3663913044965037e-06
749,True,,0.0011193340178579092,0.04543347656726837,0.0,0.00566268153488636,0.0,0.0,0.02266152761876583,2.3561481067355884e-06
750,True,,0.0013468358665704727,0.04392728582024574,0.0,0.0057395645417273045,0.0,0.0,0.030338166281580925,2.345936631581991e-06
751,True,,0.0031667035073041916,0.06076904758810997,0.0,0.009243608452379704,0.0,0.0,0.029045023024082184,2.3357569820732033e-06
752,True,,0.002498943591490388,0.0424722358584404,0.0,0.006746167317032814,0.0,0.0,0.02557556889951229,2.3256092609255846e-06
753,True,,0.0008467215811833739,0.043382879346609116,0.0,0.00518500991165638,0.0,0.0,0.023814862594008446,2.3154935705333287e-06
754,True,,0.0004902068758383393,0.026339905336499214,0.0,0.003124197479337454,0.0,0.0,0.03342844918370247,2.3054100129674233e-06
755,True,,0.00373550271615386,0.06710636615753174,0.0,0.010446139611303806,0.0,0.0,0.032776057720184326,2.295358689974625e-06
756,True,,0.006403975188732147,0.09483633935451508,0.0,0.015887610614299774,0.0,0.0,0.05155310034751892,2.285339702976437e-06
757,True,,0.00776093453168869,0.08407734334468842,0.0,0.016168668866157532,0.0,0.0,0.031164266169071198,2.275353153068075e-06
758,True,,0.0006697966600768268,0.021802332252264023,0.0,0.002850030083209276,0.0,0.0,0.02371012233197689,2.2653991410174507e-06
759,True,,0.0007750567747280002,0.023920800536870956,0.0,0.003167137037962675,0.0,0.0,0.02999231591820717,2.2554777672641656e-06
760,True,,0.0018759066006168723,0.04310469701886177,0.0,0.006186376325786114,0.0,0.0,0.03658250346779823,2.2455891319184812e-06
761,True,,0.001029213541187346,0.03584851324558258,0.0,0.004614064935594797,0.0,0.0,0.02965744026005268,2.23573333476032e-06
762,True,,0.0016178595833480358,0.04996944218873978,0.0,0.0066148038022220135,0.0,0.0,0.027158251032233238,2.2259104752382544e-06
763,True,,0.001389531185850501,0.030677037313580513,0.0,0.004457234870642424,0.0,0.0,0.024677110835909843,2.2161206524685043e-06
764,True,,0.0006691060261800885,0.05802666023373604,0.0,0.006471772212535143,0.0,0.0,0.04215437173843384,2.2063639652339355e-06
765,True,,0.0001187399830087088,0.02398383803665638,0.0,0.002517123706638813,0.0,0.0,0.0676000565290451,2.196640511983069e-06
766,True,,0.0041877226904034615,0.06252843141555786,0.0,0.010440565645694733,0.0,0.0,0.033215560019016266,2.1869503908290752e-06
767,True,,0.0004971030284650624,0.035977888852357864,0.0,0.004094892181456089,0.0,0.0,0.028773589059710503,2.177293699548796e-06
768,True,,0.0012609774712473154,0.024832773953676224,0.0,0.003744254820048809,0.0,0.0,0.02381044253706932,2.1676705355817557e-06
769,True,,0.0001179667524411343,0.023715730756521225,0.0,0.0024895397946238518,0.0,0.0,0.05811750516295433,2.158080996029172e-06
770,True,,0.00183205958455801,0.037581197917461395,0.0,0.005590179469436407,0.0,0.0,0.02811458520591259,2.148525177652982e-06
771,True,,0.0037294034846127033,0.07123419642448425,0.0,0.010852823033928871,0.0,0.0,0.031959909945726395,2.1390031768748633e-06
772,True,,0.005663242191076279,0.08524110913276672,0.0,0.014187353663146496,0.0,0.0,0.047875091433525085,2.129515089775261e-06
773,True,,0.0034471796825528145,0.04629814997315407,0.0,0.008076994679868221,0.0,0.0,0.03316497057676315,2.120061012092421e-06
774,True,,0.0037322938442230225,0.06614342331886292,0.0,0.010346636176109314,0.0,0.0,0.03335971757769585,2.1106410392214187e-06
775,True,,0.002813963918015361,0.07766613364219666,0.0,0.010580576956272125,0.0,0.0,0.036673080176115036,2.1012552662132023e-06
776,True,,0.00040039359009824693,0.021670043468475342,0.0,0.0025673978962004185,0.0,0.0,0.025784596800804138,2.0919037877736288e-06
777,True,,0.003180764615535736,0.06769220530986786,0.0,0.009949985891580582,0.0,0.0,0.030045894905924797,2.082586698262514e-06
778,True,,0.002311986405402422,0.05080835521221161,0.0,0.007392821833491325,0.0,0.0,0.02332092635333538,2.073304091692675e-06
779,True,,0.0027390317991375923,0.06677557528018951,0.0,0.009416589513421059,0.0,0.0,0.026829876005649567,2.0640560617289786e-06
780,True,,0.010696584358811378,0.09319084137678146,0.0,0.020015668123960495,0.0,0.0,0.03578375652432442,2.05484270168741e-06
781,True,,0.00020747048256453127,0.02483837865293026,0.0,0.0026913085021078587,0.0,0.0,0.03916914761066437,2.0456641045341165e-06
782,True,,0.0030737488996237516,0.06719967722892761,0.0,0.009793716482818127,0.0,0.0,0.04573744162917137,2.0365203628844763e-06
783,True,,0.002579532563686371,0.07145299017429352,0.0,0.009724831208586693,0.0,0.0,0.03187889978289604,2.027411569002164e-06
784,True,,0.0004887083196081221,0.025657685473561287,0.0,0.00305447680875659,0.0,0.0,0.029735591262578964,2.0183378147982176e-06
785,True,,0.0004469500854611397,0.034490227699279785,0.0,0.003895972855389118,0.0,0.0,0.03721906617283821,2.0092991918301106e-06
786,True,,0.012832095846533775,0.11274448037147522,0.0,0.024106543511152267,0.0,0.0,0.06138535961508751,2.000295791300835e-06
787,True,,0.0013218888780102134,0.0341903492808342,0.0,0.004740923643112183,0.0,0.0,0.025843661278486252,1.991327704057968e-06
788,True,,0.002064849017187953,0.048271119594573975,0.0,0.006891961209475994,0.0,0.0,0.02169273979961872,1.9823950205927672e-06
789,True,,0.007199303712695837,0.07075782865285873,0.0,0.014275087043642998,0.0,0.0,0.03624073043465614,1.973497831039255e-06
790,True,,0.0173898097127676,0.12940074503421783,0.0,0.030329883098602295,0.0,0.0,0.06329088658094406,1.9646362251733036e-06
791,True,,0.00190532929264009,0.04049064218997955,0.0,0.005954393185675144,0.0,0.0,0.05560150742530823,1.9558102924117347e-06
792,True,,0.0007845952641218901,0.05270037800073624,0.0,0.006054633297026157,0.0,0.0,0.03794112056493759,1.947020121811415e-06
793,True,,0.001051583094522357,0.03226126730442047,0.0,0.004277709871530533,0.0,0.0,0.02884759195148945,1.9382658020683572e-06
794,True,,0.0024587358348071575,0.06313081085681915,0.0,0.008771817199885845,0.0,0.0,0.03995645046234131,1.9295474215168276e-06
795,True,,0.0009102473268285394,0.05396806448698044,0.0,0.006307053845375776,0.0,0.0,0.03293631598353386,1.9208650681284526e-06
796,True,,0.0006274046609178185,0.03475896641612053,0.0,0.0041033015586435795,0.0,0.0,0.03435715287923813,1.9122188295113297e-06
797,True,,0.0013682155404239893,0.04652884602546692,0.0,0.0060211000964045525,0.0,0.0,0.03453327342867851,1.9036087929091459e-06
798,True,,0.0005378301721066236,0.028314704075455666,0.0,0.003369300626218319,0.0,0.0,0.057649772614240646,1.8950350452003e-06
799,True,,0.0019332969095557928,0.024706270545721054,0.0,0.004403924103826284,0.0,0.0,0.026558684185147285,1.8864976728970196e-06
800,True,,0.001475147670134902,0.04183482006192207,0.0,0.005658629350364208,0.0,0.0,0.040374115109443665,1.8779967621444885e-06
801,True,,0.0009176516905426979,0.03950926661491394,0.0,0.004868578631430864,0.0,0.0,0.027300655841827393,1.8695323987199865e-06
802,True,,0.0016138860955834389,0.04914409667253494,0.0,0.0065282960422337055,0.0,0.0,0.025061797350645065,1.8611046680320128e-06
803,True,,0.004342763684689999,0.07571535557508469,0.0,0.011914299800992012,0.0,0.0,0.02431485615670681,1.852713655119432e-06
804,True,,0.0019366417545825243,0.05269850045442581,0.0,0.007206492125988007,0.0,0.0,0.02827400527894497,1.8443594446506102e-06
805,True,,0.0006193206063471735,0.027086786925792694,0.0,0.00332799949683249,0.0,0.0,0.023175939917564392,1.8360421209225662e-06
806,True,,0.0020422753877937794,0.04555114358663559,0.0,0.006597389932721853,0.0,0.0,0.024932125583291054,1.8277617678601145e-06
807,True,,0.00220509828068316,0.08294855058193207,0.0,0.010499953292310238,0.0,0.0,0.059019289910793304,1.8195184690150296e-06
808,True,,0.0019433964043855667,0.034826893359422684,0.0,0.00542608555406332,0.0,0.0,0.021979931741952896,1.8113123075651857e-06
809,True,,0.002898829523473978,0.09621583670377731,0.0,0.012520413845777512,0.0,0.0,0.043181393295526505,1.8031433663137316e-06
810,True,,0.0007808255031704903,0.017731517553329468,0.0,0.0025539773050695658,0.0,0.0,0.018103402107954025,1.795011727688255e-06
811,True,,0.004426480736583471,0.050787556916475296,0.0,0.009505236521363258,0.0,0.0,0.026573974639177322,1.7869174737399408e-06
812,True,,0.0013381460448727012,0.04291745275259018,0.0,0.005629891529679298,0.0,0.0,0.03015410155057907,1.7788606861427504e-06
813,True,,0.0022119213826954365,0.0629071444272995,0.0,0.008502636104822159,0.0,0.0,0.034278880804777145,1.7708414461925973e-06
814,True,,0.002263757400214672,0.08698873966932297,0.0,0.010962631553411484,0.0,0.0,0.06898733228445053,1.762859834806524e-06
815,True,,0.0112087307497859,0.07219972461462021,0.0,0.018428703770041466,0.0,0.0,0.029825342819094658,1.7549159325218874e-06
816,True,,0.0025683725252747536,0.07306274771690369,0.0,0.009874647483229637,0.0,0.0,0.03392603620886803,1.7470098194955502e-06
817,True,,0.0009966571815311909,0.04837968200445175,0.0,0.005834625568240881,0.0,0.0,0.029775254428386688,1.73914157550306e-06
818,True,,0.005880728363990784,0.06692111492156982,0.0,0.012572839856147766,0.0,0.0,0.03233968839049339,1.7313112799378556e-06
819,True,,0.00566796213388443,0.09180887043476105,0.0,0.01484884973615408,0.0,0.0,0.04423747584223747,1.723519011810466e-06
820,True,,0.002499438589438796,0.04196567460894585,0.0,0.006696006283164024,0.0,0.0,0.017915476113557816,1.715764849747707e-06
821,True,,0.0031588114798069,0.060086920857429504,0.0,0.00916750356554985,0.0,0.0,0.025857137516140938,1.7080488719918852e-06
822,True,,0.0018775081261992455,0.06670451164245605,0.0,0.008547959849238396,0.0,0.0,0.04215703904628754,1.7003711564000213e-06
823,True,,0.00010122664389200509,0.011630739085376263,0.0,0.0012643005466088653,0.0,0.0,0.029451021924614906,1.6927317804430545e-06
824,True,,0.0017412644810974598,0.030474558472633362,0.0,0.004788720048964024,0.0,0.0,0.039107877761125565,1.685130821205061e-06
825,True,,0.0008083755965344608,0.03092573955655098,0.0,0.0039009496103972197,0.0,0.0,0.06004681438207626,1.6775683553824806e-06
826,True,,0.002516919281333685,0.05994773656129837,0.0,0.008511693216860294,0.0,0.0,0.03906704857945442,1.6700444592833392e-06
827,True,,0.0008520592818967998,0.03208900988101959,0.0,0.004060960374772549,0.0,0.0,0.023728342726826668,1.6625592088264806e-06
828,True,,0.002384662162512541,0.052221886813640594,0.0,0.007606850937008858,0.0,0.0,0.028348879888653755,1.6551126795408017e-06
829,True,,0.0009982713963836432,0.058945924043655396,0.0,0.0068928636610507965,0.0,0.0,0.0440407320857048,1.6477049465644867e-06
830,True,,0.003232826478779316,0.06365977227687836,0.0,0.009598803706467152,0.0,0.0,0.0335259847342968,1.64033608464425e-06
831,True,,0.007739203982055187,0.08253403753042221,0.0,0.015992607921361923,0.0,0.0,0.030474254861474037,1.6330061681345866e-06
832,True,,0.002391601912677288,0.05556580424308777,0.0,0.00794818252325058,0.0,0.0,0.03421718627214432,1.6257152709970144e-06
833,True,,0.00564724113792181,0.05464593693614006,0.0,0.011111835017800331,0.0,0.0,0.032107096165418625,1.6184634667993343e-06
834,True,,0.003315897658467293,0.06475745141506195,0.0,0.009791642427444458,0.0,0.0,0.027263116091489792,1.6112508287148836e-06
835,True,,0.0023030852898955345,0.05581066012382507,0.0,0.007884151302278042,0.0,0.0,0.02435300312936306,1.6040774295218e-06
836,True,,0.0006077756406739354,0.01543302834033966,0.0,0.0021510785445570946,0.0,0.0,0.016708366572856903,1.5969433416022852e-06
837,True,,0.006727663800120354,0.06875186413526535,0.0,0.013602850958704948,0.0,0.0,0.025204923003911972,1.5898486369418812e-06
838,True,,0.003855563700199127,0.056699927896261215,0.0,0.009525556117296219,0.0,0.0,0.026000358164310455,1.5827933871287301e-06
839,True,,0.00517673883587122,0.0954156145453453,0.0,0.01471830066293478,0.0,0.0,0.034858815371990204,1.5757776633528654e-06
840,True,,0.0028652348555624485,0.04565770924091339,0.0,0.00743100605905056,0.0,0.0,0.043046608567237854,1.5688015364054903e-06
841,True,,0.0008276887238025665,0.0408831462264061,0.0,0.004916003439575434,0.0,0.0,0.02994469180703163,1.5618650766782567e-06
842,True,,0.0034745535813272,0.0504789836704731,0.0,0.008522451855242252,0.0,0.0,0.024940453469753265,1.5549683541625635e-06
843,True,,0.0026707625947892666,0.047040365636348724,0.0,0.007374799344688654,0.0,0.0,0.029301000759005547,1.5481114384488456e-06
844,True,,0.00201427866704762,0.07568738609552383,0.0,0.00958301778882742,0.0,0.0,0.05551685392856598,1.541294398725871e-06
845,True,,0.00023135883384384215,0.016756758093833923,0.0,0.0019070346606895328,0.0,0.0,0.04157780110836029,1.5345173037800484e-06
846,True,,0.0018432628130540252,0.05677495151758194,0.0,0.007520758081227541,0.0,0.0,0.026313772425055504,1.5277802219947258e-06
847,True,,0.0008916595252230763,0.0332556813955307,0.0,0.004217227920889854,0.0,0.0,0.030627937987446785,1.5210832213495048e-06
848,True,,0.0014737345045432448,0.043190017342567444,0.0,0.005792736541479826,0.0,0.0,0.03204578906297684,1.5144263694195533e-06
849,True,,0.0033886339515447617,0.06960690021514893,0.0,0.010349323973059654,0.0,0.0,0.035257481038570404,1.5078097333749269e-06
850,True,,0.0021676840260624886,0.060206688940525055,0.0,0.008188352920114994,0.0,0.0,0.021696990355849266,1.5012333799798858e-06
851,True,,0.0006241712835617363,0.021218683570623398,0.0,0.0027460395358502865,0.0,0.0,0.019159113988280296,1.494697375592222e-06
852,True,,0.002952438546344638,0.08076512068510056,0.0,0.011028951033949852,0.0,0.0,0.037823211401700974,1.4882017861625949e-06
853,True,,0.0008167288033291698,0.03040545992553234,0.0,0.003857275005429983,0.0,0.0,0.026977969333529472,1.4817466772338609e-06
854,True,,0.0002967002510558814,0.047701094299554825,0.0,0.005066809710115194,0.0,0.0,0.04043591022491455,1.4753321139404128e-06
855,True,,0.0026947027072310448,0.039454322308301926,0.0,0.00664013484492898,0.0,0.0,0.031134888529777527,1.468958161007524e-06
856,True,,0.0037211161106824875,0.06198694184422493,0.0,0.00991981104016304,0.0,0.0,0.024225492030382156,1.4626248827506942e-06
857,True,,0.0014228851068764925,0.03561679646372795,0.0,0.004984565079212189,0.0,0.0,0.02613511122763157,1.4563323430749995e-06
858,True,,0.005022712051868439,0.0639556497335434,0.0,0.011418277397751808,0.0,0.0,0.027213068678975105,1.4500806054744549e-06
859,True,,0.0018692542798817158,0.04218532517552376,0.0,0.0060877869836986065,0.0,0.0,0.03194370120763779,1.4438697330313583e-06
860,True,,0.0017351461574435234,0.04449526220560074,0.0,0.006184672471135855,0.0,0.0,0.020731598138809204,1.437699788415669e-06
861,True,,0.0038576405495405197,0.09776133298873901,0.0,0.013633773662149906,0.0,0.0,0.05789744481444359,1.4315708338843714e-06
862,True,,0.00485784187912941,0.06971102207899094,0.0,0.011828944087028503,0.0,0.0,0.04162916541099548,1.4254829312808405e-06
863,True,,0.0008745830855332315,0.038319580256938934,0.0,0.004706541076302528,0.0,0.0,0.06539468467235565,1.4194361420342247e-06
864,True,,0.003176760394126177,0.0539010725915432,0.0,0.00856686756014824,0.0,0.0,0.02630036510527134,1.4134305271588244e-06
865,True,,0.019620757550001144,0.11878640204668045,0.0,0.03149939700961113,0.0,0.0,0.058922454714775085,1.4074661472534733e-06
866,True,,0.0014208285138010979,0.043251994997262955,0.0,0.005746027920395136,0.0,0.0,0.034278031438589096,1.4015430625009312e-06
867,True,,0.000765531905926764,0.03464683145284653,0.0,0.004230215214192867,0.0,0.0,0.037756793200969696,1.395661332667275e-06
868,True,,0.0008518627728335559,0.030309714376926422,0.0,0.0038828342221677303,0.0,0.0,0.021335799247026443,1.3898210171012932e-06
869,True,,0.0009387808386236429,0.04121798276901245,0.0,0.005060579627752304,0.0,0.0,0.04336144030094147,1.3840221747338913e-06
870,True,,0.0013708961196243763,0.03608398512005806,0.0,0.00497929472476244,0.0,0.0,0.02349969930946827,1.378264864077496e-06
871,True,,0.002027304843068123,0.03186334669589996,0.0,0.005213639698922634,0.0,0.0,0.02193397842347622,1.3725491432254627e-06
872,True,,0.0029996889643371105,0.04372832924127579,0.0,0.007372521795332432,0.0,0.0,0.02474162168800831,1.3668750698514872e-06
873,True,,0.002423685509711504,0.062033459544181824,0.0,0.008627030998468399,0.0,0.0,0.022090142592787743,1.3612427012090335e-06
874,True,,0.00034411571687087417,0.02496098354458809,0.0,0.0028402141761034727,0.0,0.0,0.056320711970329285,1.3556520941307464e-06
875,True,,0.0010254406370222569,0.03529660776257515,0.0,0.004555101506412029,0.0,0.0,0.024582598358392715,1.3501033050278805e-06
876,True,,0.0007717327098362148,0.048552270978689194,0.0,0.005626959726214409,0.0,0.0,0.043615151196718216,1.3445963898897337e-06
877,True,,0.002350098919123411,0.06619447469711304,0.0,0.008969546295702457,0.0,0.0,0.029079779982566833,1.3391314042830795e-06
878,True,,0.003461928805336356,0.07464387267827988,0.0,0.010926316492259502,0.0,0.0,0.02626105584204197,1.3337084033516067e-06
879,True,,0.001407601754181087,0.03353898599743843,0.0,0.004761500284075737,0.0,0.0,0.02523697540163994,1.3283274418153657e-06
880,True,,0.010729412548244,0.08954451978206635,0.0,0.01968386396765709,0.0,0.0,0.04146603122353554,1.322988573970211e-06
881,True,,0.0005614766268990934,0.027835458517074585,0.0,0.003345022676512599,0.0,0.0,0.02270769327878952,1.3176918536872574e-06
882,True,,0.0011638603173196316,0.031809002161026,0.0,0.004344760440289974,0.0,0.0,0.03148793429136276,1.3124373344123382e-06
883,True,,0.0031777075491845608,0.05241072177886963,0.0,0.008418779820203781,0.0,0.0,0.025653474032878876,1.3072250691654598e-06
884,True,,0.002243757713586092,0.042366839945316315,0.0,0.006480441894382238,0.0,0.0,0.01950119249522686,1.3020551105402721e-06
885,True,,0.0020838407799601555,0.046867430210113525,0.0,0.006770583800971508,0.0,0.0,0.019481178373098373,1.2969275107035344e-06
886,True,,0.0025124624371528625,0.03932978957891464,0.0,0.006445441395044327,0.0,0.0,0.021015049889683723,1.2918423213945915e-06
887,True,,0.0011186165502294898,0.044707704335451126,0.0,0.005589387379586697,0.0,0.0,0.021702250465750694,1.2867995939248495e-06
888,True,,0.003949308302253485,0.052446939051151276,0.0,0.009194002486765385,0.0,0.0,0.02957339398562908,1.281799379177262e-06
889,True,,0.0007232099305838346,0.032670773565769196,0.0,0.00399028742685914,0.0,0.0,0.052623484283685684,1.27684172760581e-06
890,True,,0.002303799381479621,0.03583446145057678,0.0,0.005887245759367943,0.0,0.0,0.026172582060098648,1.2719266892349974e-06
891,True,,0.002488191705197096,0.05295756459236145,0.0,0.007783948443830013,0.0,0.0,0.02820105105638504,1.2670543136593487e-06
892,True,,0.0028617829084396362,0.05373524874448776,0.0,0.008235307410359383,0.0,0.0,0.04025251045823097,1.2622246500429016e-06
893,True,,0.005365106277167797,0.09297077357769012,0.0,0.014662183821201324,0.0,0.0,0.03488760069012642,1.2574377471187149e-06
894,True,,0.0003606437239795923,0.016252761706709862,0.0,0.0019859198946505785,0.0,0.0,0.0261301901191473,1.2526936531883795e-06
895,True,,0.002477526431903243,0.06428106874227524,0.0,0.008905633352696896,0.0,0.0,0.029974861070513725,1.247992416121525e-06
896,True,,0.0009220661595463753,0.040327463299036026,0.0,0.004954812582582235,0.0,0.0,0.020564142614603043,1.2433340833553408e-06
897,True,,0.0006679523503407836,0.021689672023057938,0.0,0.002836919389665127,0.0,0.0,0.02480754442512989,1.238718701894096e-06
898,True,,0.0011843182146549225,0.05090160295367241,0.0,0.006274478510022163,0.0,0.0,0.04217071086168289,1.2341463183086667e-06
899,True,,0.0006372492061927915,0.03281410411000252,0.0,0.003918659873306751,0.0,0.0,0.019302261993288994,1.229616978736061e-06
900,True,,0.0006646692054346204,0.02394329570233822,0.0,0.0030589988455176353,0.0,0.0,0.04416749253869057,1.2251307288789633e-06
901,True,,0.0032841213978827,0.06622017920017242,0.0,0.009906139224767685,0.0,0.0,0.05153541639447212,1.2206876140052632e-06
902,True,,0.0004007325042039156,0.031201887875795364,0.0,0.0035209213383495808,0.0,0.0,0.03423786535859108,1.216287678947602e-06
903,True,,0.0011476643849164248,0.028874073177576065,0.0,0.004035071469843388,0.0,0.0,0.07479774206876755,1.2119309681029224e-06
904,True,,0.0070524662733078,0.11533194780349731,0.0,0.01858566142618656,0.0,0.0,0.048944391310214996,1.2076175254320203e-06
905,True,,0.0012372257187962532,0.03968602791428566,0.0,0.005205828696489334,0.0,0.0,0.03068750537931919,1.2033473944590984e-06
906,True,,0.005591944791376591,0.0841188132762909,0.0,0.014003826305270195,0.0,0.0,0.03542313352227211,1.1991206182713272e-06
907,True,,0.0023420113138854504,0.06115096062421799,0.0,0.008457107469439507,0.0,0.0,0.03125942870974541,1.1949372395184154e-06
908,True,,0.0020920014940202236,0.049525655806064606,0.0,0.007044567260891199,0.0,0.0,0.020618390291929245,1.190797300412174e-06
909,True,,0.002773033222183585,0.07179247587919235,0.0,0.009952280670404434,0.0,0.0,0.03528933599591255,1.18670084272609e-06
910,True,,0.0024216771125793457,0.04430548474192619,0.0,0.006852225866168737,0.0,0.0,0.04463791847229004,1.182647907794911e-06
911,True,,0.0017879141960293055,0.09254611283540726,0.0,0.011042525060474873,0.0,0.0,0.033642567694187164,1.178638536514222e-06
912,True,,0.001003412762656808,0.045496564358472824,0.0,0.005553069524466991,0.0,0.0,0.024511950090527534,1.1746727693400337e-06
913,True,,0.0019718511030077934,0.042815715074539185,0.0,0.006253422703593969,0.0,0.0,0.02754681557416916,1.170750646288379e-06
914,True,,0.005966645665466785,0.10339150577783585,0.0,0.016305796802043915,0.0,0.0,0.05201844125986099,1.1668722069349041e-06
915,True,,0.0008129369234666228,0.03764515742659569,0.0,0.0045774527825415134,0.0,0.0,0.026645652949810028,1.1630374904144678e-06
916,True,,0.0064126416109502316,0.09255638718605042,0.0,0.01566828042268753,0.0,0.0,0.04922676458954811,1.1592465354207551e-06
917,True,,0.001479636412113905,0.04553433135151863,0.0,0.006033069454133511,0.0,0.0,0.0398501455783844,1.155499380205878e-06
918,True,,0.0010104154935106635,0.08174538612365723,0.0,0.00918495375663042,0.0,0.0,0.043385300785303116,1.151796062579993e-06
919,True,,0.0016625210409983993,0.03420589864253998,0.0,0.005083111114799976,0.0,0.0,0.030901052057743073,1.1481366199109198e-06
920,True,,0.002784445881843567,0.05491156503558159,0.0,0.008275602012872696,0.0,0.0,0.032904502004384995,1.144521089123764e-06
921,True,,0.0005470901960507035,0.035108424723148346,0.0,0.004057932645082474,0.0,0.0,0.019625114277005196,1.140949506700544e-06
922,True,,0.0026776823215186596,0.04619036614894867,0.0,0.0072967191226780415,0.0,0.0,0.0214601531624794,1.1374219086798244e-06
923,True,,0.002011597389355302,0.03827166184782982,0.0,0.005838763900101185,0.0,0.0,0.02053375542163849,1.1339383306563495e-06
924,True,,0.005863240920007229,0.05579733848571777,0.0,0.011442974209785461,0.0,0.0,0.025916241109371185,1.1304988077806866e-06
925,True,,0.004126165993511677,0.10505253821611404,0.0,0.014631420373916626,0.0,0.0,0.044345419853925705,1.1271033747588707e-06
926,True,,0.006181360688060522,0.07930765300989151,0.0,0.01411212608218193,0.0,0.0,0.024966362863779068,1.1237520658520544e-06
927,True,,0.0002853690239135176,0.03879055008292198,0.0,0.004164424259215593,0.0,0.0,0.035765137523412704,1.120444914876162e-06
928,True,,0.0006729931337758899,0.05643227696418762,0.0,0.0063162208534777164,0.0,0.0,0.035619910806417465,1.1171819552015466e-06
929,True,,0.0011890031164512038,0.040055930614471436,0.0,0.005194596480578184,0.0,0.0,0.022294705733656883,1.1139632197526573e-06
930,True,,0.0005439356318674982,0.02487017959356308,0.0,0.003030953695997596,0.0,0.0,0.03278684616088867,1.1107887410077037e-06
931,True,,0.01064009964466095,0.0896696150302887,0.0,0.01960706152021885,0.0,0.0,0.03961643576622009,1.1076585509983285e-06
932,True,,0.011456135660409927,0.12429578602313995,0.0,0.023885715752840042,0.0,0.0,0.041560519486665726,1.1045726813092857e-06
933,True,,0.005295350681990385,0.07316494733095169,0.0,0.012611845508217812,0.0,0.0,0.038966331630945206,1.101531163078121e-06
934,True,,0.0013066850369796157,0.059508368372917175,0.0,0.0072575220838189125,0.0,0.0,0.04299508407711983,1.0985340269948592e-06
935,True,,0.0016031920677050948,0.0515253059566021,0.0,0.006755722686648369,0.0,0.0,0.03621446341276169,1.0955813033016913e-06
936,True,,0.0029281913302838802,0.054766006767749786,0.0,0.008404792286455631,0.0,0.0,0.023504206910729408,1.0926730217926704e-06
937,True,,0.006126863416284323,0.10370589792728424,0.0,0.016497453674674034,0.0,0.0,0.05420884117484093,1.089809211813414e-06
938,True,,0.00029796292074024677,0.01969105750322342,0.0,0.0022670687176287174,0.0,0.0,0.02153756655752659,1.0869899022608052e-06
939,True,,0.0022026305086910725,0.049859508872032166,0.0,0.007188581395894289,0.0,0.0,0.03468052297830582,1.0842151215827007e-06
940,True,,0.0009105022763833404,0.035992853343486786,0.0,0.004509787540882826,0.0,0.0,0.039292287081480026,1.0814848977776454e-06
941,True,,0.0023846104741096497,0.08454922586679459,0.0,0.010839533060789108,0.0,0.0,0.03505400940775871,1.0787992583945892e-06
942,True,,0.0005443644477054477,0.031232228502631187,0.0,0.0036675874143838882,0.0,0.0,0.02643897384405136,1.076158230532608e-06
943,True,,0.0007892285939306021,0.032155923545360565,0.0,0.004004821181297302,0.0,0.0,0.055679332464933395,1.0735618408406328e-06
944,True,,0.0018943030154332519,0.03999830782413483,0.0,0.005894133821129799,0.0,0.0,0.0277083870023489,1.0710101155171786e-06
945,True,,0.008891589939594269,0.12567071616649628,0.0,0.021458663046360016,0.0,0.0,0.05460628122091293,1.0685030803100792e-06
946,True,,0.00020823595696128905,0.036740340292453766,0.0,0.003882270073518157,0.0,0.0,0.03420925512909889,1.0660407605162322e-06
947,True,,0.0005498089594766498,0.02782662957906723,0.0,0.003332471940666437,0.0,0.0,0.01771351881325245,1.0636231809813375e-06
948,True,,0.000844137161038816,0.0425812304019928,0.0,0.0051022605039179325,0.0,0.0,0.020252641290426254,1.0612503660996514e-06
949,True,,0.005696680396795273,0.0573272630572319,0.0,0.011429406702518463,0.0,0.0,0.03430812433362007,1.0589223398137363e-06
950,True,,0.0010300562717020512,0.027575142681598663,0.0,0.003787570632994175,0.0,0.0,0.040249671787023544,1.0566391256142237e-06
951,True,,0.009296122938394547,0.06224486976861954,0.0,0.0155206099152565,0.0,0.0,0.03416866064071655,1.0544007465395746e-06
952,True,,0.009217332117259502,0.09677779674530029,0.0,0.018895111978054047,0.0,0.0,0.030923398211598396,1.0522072251758456e-06
953,True,,0.00029027636628597975,0.026632605120539665,0.0,0.002953536808490753,0.0,0.0,0.05202334374189377,1.0500585836564644e-06
954,True,,0.0018377568339928985,0.07337489724159241,0.0,0.009175246581435204,0.0,0.0,0.034910690039396286,1.047954843662004e-06
955,True,,0.002245214767754078,0.10422119498252869,0.0,0.012667334638535976,0.0,0.0,0.047293972223997116,1.0458960264199655e-06
956,True,,0.003500077873468399,0.0679289773106575,0.0,0.01029297523200512,0.0,0.0,0.047859203070402145,1.043882152704563e-06
957,True,,0.0019726059399545193,0.04464612901210785,0.0,0.006437218748033047,0.0,0.0,0.023628462105989456,1.0419132428365116e-06
958,True,,0.001861858181655407,0.03401106968522072,0.0,0.005262965336441994,0.0,0.0,0.023548709228634834,1.039989316682829e-06
959,True,,0.0015658017946407199,0.06009124219417572,0.0,0.007574926130473614,0.0,0.0,0.029600199311971664,1.0381103936566277e-06
960,True,,0.004538289271295071,0.03599070385098457,0.0,0.008137360215187073,0.0,0.0,0.025824299082159996,1.0362764927169236e-06
961,True,,0.0007085978868417442,0.02758350409567356,0.0,0.00346694840118289,0.0,0.0,0.020545851439237595,1.034487632368443e-06
962,True,,0.0005855773342773318,0.04015524685382843,0.0,0.004601102322340012,0.0,0.0,0.03156812861561775,1.0327438306614369e-06
963,True,,0.0006215914618223906,0.029938627034425735,0.0,0.0036154543049633503,0.0,0.0,0.019391139969229698,1.0310451051914972e-06
964,True,,0.002490135608240962,0.041837479919195175,0.0,0.006673883646726608,0.0,0.0,0.027373814955353737,1.0293914730993812e-06
965,True,,0.00040199438808485866,0.04928196966648102,0.0,0.00533019145950675,0.0,0.0,0.028962666168808937,1.0277829510708374e-06
966,True,,0.005917325150221586,0.07937095314264297,0.0,0.013854419812560081,0.0,0.0,0.034779902547597885,1.0262195553364372e-06
967,True,,0.006401549093425274,0.0887088030576706,0.0,0.015272429212927818,0.0,0.0,0.029477257281541824,1.024701301671411e-06
968,True,,0.0035307910293340683,0.06244943290948868,0.0,0.009775734506547451,0.0,0.0,0.02945522964000702,1.0232282053954896e-06
969,True,,0.006564692594110966,0.09046617895364761,0.0,0.015611310489475727,0.0,0.0,0.04759478569030762,1.021800281372749e-06
970,True,,0.0007747153285890818,0.023669105023145676,0.0,0.0031416257843375206,0.0,0.0,0.031893081963062286,1.0204175440114624e-06
971,True,,0.001720669912174344,0.0664106011390686,0.0,0.00836172979325056,0.0,0.0,0.031049517914652824,1.0190800072639513e-06
972,True,,0.0012831861386075616,0.04246475175023079,0.0,0.005529661197215319,0.0,0.0,0.030117329210042953,1.017787684626447e-06
973,True,,0.001044923672452569,0.027789872139692307,0.0,0.003823910839855671,0.0,0.0,0.015422003343701363,1.0165405891389542e-06
974,True,,0.00027906917966902256,0.01864851824939251,0.0,0.0021439208649098873,0.0,0.0,0.01945887878537178,1.0153387333851197e-06
975,True,,0.001297301147133112,0.052178628742694855,0.0,0.00651516392827034,0.0,0.0,0.038918670266866684,1.0141821294921037e-06
976,True,,0.0030828267335891724,0.06851056218147278,0.0,0.00993388332426548,0.0,0.0,0.041650980710983276,1.0130707891304608e-06
977,True,,0.0013808752410113811,0.02997579239308834,0.0,0.004378454759716988,0.0,0.0,0.023730415850877762,1.0120047235140178e-06
978,True,,0.00047569649177603424,0.049546755850315094,0.0,0.005430371966212988,0.0,0.0,0.05210636556148529,1.0109839433997638e-06
979,True,,0.004694231785833836,0.08336352556943893,0.0,0.013030584901571274,0.0,0.0,0.03617147356271744,1.010008459087742e-06
980,True,,0.0011459304951131344,0.0444694422185421,0.0,0.005592874716967344,0.0,0.0,0.07719618082046509,1.0090782804209421e-06
981,True,,0.0029835558962076902,0.04970330744981766,0.0,0.0079538868740201,0.0,0.0,0.0337025448679924,1.0081934167852057e-06
982,True,,0.0007780627347528934,0.03443153575062752,0.0,0.004221216309815645,0.0,0.0,0.029879208654165268,1.007353877109127e-06
983,True,,0.0010218853130936623,0.0375780425965786,0.0,0.004779689945280552,0.0,0.0,0.024262793362140656,1.0065596698639676e-06
984,True,,0.010325643233954906,0.11604072898626328,0.0,0.02192971669137478,0.0,0.0,0.059268590062856674,1.0058108030635663e-06
985,True,,0.0002772411680780351,0.026046445593237877,0.0,0.002881885739043355,0.0,0.0,0.03323095664381981,1.0051072842642608e-06
986,True,,0.001608075574040413,0.05277302488684654,0.0,0.006885378155857325,0.0,0.0,0.03911964222788811,1.0044491205648121e-06
987,True,,0.0006280808011069894,0.037236735224723816,0.0,0.004351754207164049,0.0,0.0,0.043927885591983795,1.00383631860633e-06
988,True,,0.0013965768739581108,0.025879191234707832,0.0,0.003984495997428894,0.0,0.0,0.03184768185019493,1.0032688845722095e-06
989,True,,0.008206670172512531,0.08513683080673218,0.0,0.016720354557037354,0.0,0.0,0.036322638392448425,1.0027468241880656e-06
990,True,,0.00241440674290061,0.051129572093486786,0.0,0.0075273639522492886,0.0,0.0,0.023792114108800888,1.0022701427216774e-06
991,True,,0.0013960646465420723,0.03793840482831001,0.0,0.005189904943108559,0.0,0.0,0.041744254529476166,1.001838844982934e-06
992,True,,0.0032555970828980207,0.05724651739001274,0.0,0.008980249054729939,0.0,0.0,0.025275060907006264,1.0014529353237867e-06
993,True,,0.003062949515879154,0.06290680170059204,0.0,0.009353630244731903,0.0,0.0,0.032392024993896484,1.0011124176382032e-06
994,True,,0.006111763417720795,0.10845671594142914,0.0,0.016957435756921768,0.0,0.0,0.04405482858419418,1.0008172953621313e-06
995,True,,0.002048203721642494,0.03478008508682251,0.0,0.00552621204406023,0.0,0.0,0.04946162924170494,1.0005675714734616e-06
996,True,,0.013494078069925308,0.11635420471429825,0.0,0.025129498913884163,0.0,0.0,0.04525564983487129,1.000363248491999e-06
997,True,,0.0019778069108724594,0.06357961148023605,0.0,0.00833576824516058,0.0,0.0,0.03645820543169975,1.0002043284794357e-06
998,True,,0.00056473194854334,0.013881704770028591,0.0,0.001952902413904667,0.0,0.0,0.027581837028265,1.000090813039334e-06
999,True,,0.0018145095091313124,0.05790774151682854,0.0,0.00760528352111578,0.0,0.0,0.033461883664131165,1.0000227033171048e-06
1000,True,,0.007544531486928463,0.11483268439769745,0.0,0.019027799367904663,0.0,0.0,0.05091651529073715,1.0000000000000002e-06
