method,layer,n,local_owner_gain,absolute_local_quality_dot,negative_owner_dot_fraction,diagnostic_priority
fixed_ptq_w4_c1.0_test,up_blocks.2.resnets.1.conv1.weight,4,0.0017160223002257806,1.4282496285172429e-05,1.0,99.72046697244265
fixed_ptq_w4_c1.0_test,up_blocks.3.resnets.0.conv1.weight,4,0.0008321092383923681,6.398315841739742e-06,1.0,89.24241231539389
fixed_ptq_w4_c1.0_test,up_blocks.3.resnets.1.conv1.weight,4,0.0007818428739263157,8.077365181505172e-06,0.75,71.0559873166242
fixed_ptq_w4_c1.0_test,up_blocks.3.resnets.1.conv2.weight,4,0.0005100788678261629,4.353475640621189e-06,1.0,70.07246515242161
fixed_ptq_w4_c1.0_test,up_blocks.2.resnets.2.conv1.weight,4,0.0010868386958112716,1.2975660394225033e-05,1.0,68.34822971373016
fixed_ptq_w4_c1.0_test,up_blocks.3.resnets.0.conv_shortcut.weight,4,0.001318983258420459,1.9507142108647446e-05,1.0,58.79663520909036
fixed_ptq_w4_c1.0_test,up_blocks.2.resnets.1.conv2.weight,4,0.000754928067564751,1.5843624305405184e-05,1.0,40.221099052143366
fixed_ptq_w4_c1.0_test,up_blocks.2.upsamplers.0.conv.weight,4,0.0006928117054494299,1.7454968449529964e-05,0.75,33.993354986933696
fixed_ptq_w4_c1.0_test,up_blocks.1.resnets.1.conv2.weight,4,0.0007859103403263246,2.369634821999876e-05,0.75,29.520888318217494
fixed_ptq_w4_c1.0_test,up_blocks.1.resnets.0.conv2.weight,4,0.000741294608021997,2.869789595771289e-05,0.75,23.441090297542306
fixed_ptq_w4_c1.0_test,up_blocks.1.upsamplers.0.conv.weight,4,0.001038402915657634,5.622053164893519e-05,1.0,17.556497009676242
fixed_ptq_w4_c1.0_test,mid_block.attentions.0.to_v.weight,4,0.00010433777830152954,3.2514979745833933e-06,0.75,16.890439406364088
fixed_ptq_w4_c1.0_test,up_blocks.2.resnets.0.conv2.weight,4,0.0003857308838753817,2.1487869153896376e-05,1.0,15.799772358630069
fixed_ptq_w4_c1.0_test,up_blocks.3.resnets.0.conv2.weight,4,0.00014265829686857339,6.1934444141507145e-06,0.5,15.64360227872772
fixed_ptq_w4_c1.0_test,up_blocks.1.resnets.2.conv2.weight,4,0.00033075904076301294,1.9284760026930602e-05,0.75,14.891952228739454
fixed_ptq_w4_c1.0_test,up_blocks.0.resnets.1.conv2.weight,4,0.00035981778174113766,2.162580192374574e-05,1.0,14.655554778240953
fixed_ptq_w4_c1.0_test,up_blocks.1.resnets.2.conv1.weight,4,0.0005159935810404606,4.074999015572201e-05,0.75,11.814170474194192
fixed_ptq_w4_c1.0_test,up_blocks.2.resnets.0.conv1.weight,4,0.00024828713211145657,2.094083457094295e-05,0.75,10.403093184200623
fixed_ptq_w4_c1.0_test,up_blocks.0.resnets.1.conv1.weight,4,0.00034493365041766825,4.0821495787426393e-05,0.75,7.884679732948247
fixed_ptq_w4_c1.0_test,up_blocks.2.resnets.2.conv2.weight,4,7.782518127808969e-05,6.978794167026033e-06,0.5,7.857459560896789
fixed_ptq_w4_c1.0_test,up_blocks.2.resnets.0.conv_shortcut.weight,4,0.0004725045516859282,8.578888877326702e-05,1.0,5.326112284056259
fixed_ptq_w4_c1.0_test,conv_out.weight,4,0.0003360076567797706,7.21769560618497e-05,0.75,4.473970619042013
fixed_ptq_w4_c1.0_test,mid_block.attentions.0.to_q.weight,4,1.3801953561404827e-05,3.09847065497068e-07,0.75,4.265553911199296
fixed_ptq_w4_c1.0_test,up_blocks.0.resnets.2.conv1.weight,4,0.00015714465032690567,5.6283014318229046e-05,0.75,2.654073948037822
fixed_ptq_w4_c1.0_test,up_blocks.0.upsamplers.0.conv.weight,4,0.00030874804465323854,0.00011445565820520403,1.0,2.6302958859851593
fixed_ptq_w4_c1.0_test,up_blocks.0.resnets.2.conv2.weight,4,3.8221405561196373e-05,2.12682451507805e-05,0.75,1.5797837215003385
fixed_ptq_w4_c1.0_test,mid_block.resnets.0.conv1.weight,4,8.939872509683276e-05,6.804261563240277e-05,0.5,1.2596968231986871
fixed_ptq_w4_c1.0_test,conv_in.weight,4,-0.0007152965389797852,0.00012056881648326772,0.0,0.0
fixed_ptq_w4_c1.0_test,up_blocks.0.resnets.0.conv1.weight,4,-0.000159761742636189,3.211556298646481e-05,0.5,0.0
fixed_ptq_w4_c1.0_test,up_blocks.0.resnets.0.conv2.weight,4,-0.000362511051548599,1.6251215933414396e-05,0.0,0.0
fixed_ptq_w4_c1.0_test,up_blocks.1.resnets.0.conv1.weight,4,-0.00024939784495219496,4.239496208476348e-05,0.5,0.0
fixed_ptq_w4_c1.0_test,up_blocks.1.resnets.1.conv1.weight,4,-0.0002984973051364091,3.685973638207218e-05,0.25,0.0
fixed_ptq_w4_c1.0_test,up_blocks.3.resnets.2.conv1.weight,4,-9.012314584136746e-05,2.9298173551484678e-06,0.25,0.0
fixed_ptq_w4_c1.0_test,up_blocks.3.resnets.2.conv2.weight,4,-9.987623128344909e-05,2.4564387345956946e-06,0.25,0.0
fixed_ptq_w4_c1.0_test,mid_block.attentions.0.to_k.weight,4,-1.111642789426314e-05,5.111950604709306e-07,0.25,0.0
fixed_ptq_w4_c1.0_test,mid_block.attentions.0.to_out.0.weight,4,-4.32011165141034e-05,6.354479467606372e-06,0.75,0.0
fixed_ptq_w4_c1.0_test,mid_block.resnets.0.conv2.weight,4,-0.0001800904735576627,3.728672019506289e-05,0.5,0.0
fixed_ptq_w4_c1.0_test,mid_block.resnets.1.conv1.weight,4,-0.0004387126541483803,1.9415893167863843e-05,0.0,0.0
fixed_ptq_w4_c1.0_test,mid_block.resnets.1.conv2.weight,4,-4.426376365669844e-05,1.6761196667617028e-05,0.5,0.0
natural_finetune_rtn_w4_c1.0_test,up_blocks.3.resnets.0.conv1.weight,4,3.879185555779464e-05,6.7599564187070105e-06,1.0,4.451921357802181
natural_finetune_rtn_w4_c1.0_test,up_blocks.2.resnets.1.conv2.weight,4,6.730221332490044e-05,1.3217303622688632e-05,1.0,4.436283204867189
natural_finetune_rtn_w4_c1.0_test,up_blocks.2.resnets.2.conv1.weight,4,8.889178366763912e-05,2.630319086594641e-05,1.0,3.1458609065998657
natural_finetune_rtn_w4_c1.0_test,up_blocks.2.resnets.1.conv1.weight,4,7.305026732160829e-05,2.2476795239712893e-05,1.0,2.9901444180649235
natural_finetune_rtn_w4_c1.0_test,up_blocks.2.resnets.0.conv2.weight,4,4.670901432516566e-05,1.710425599480214e-05,1.0,2.4509121724420195
natural_finetune_rtn_w4_c1.0_test,up_blocks.2.resnets.0.conv1.weight,4,8.414095656981535e-05,3.7586111539609663e-05,1.0,2.128013958721284
natural_finetune_rtn_w4_c1.0_test,up_blocks.2.upsamplers.0.conv.weight,4,0.00014826247309549743,0.000119456112099732,1.0,1.2211752155879636
natural_finetune_rtn_w4_c1.0_test,up_blocks.2.resnets.0.conv_shortcut.weight,4,0.00020880816159695231,0.00020226853147000353,1.0,1.0224563266823081
natural_finetune_rtn_w4_c1.0_test,up_blocks.2.resnets.2.conv2.weight,4,5.340118418588384e-05,5.497476761540723e-05,1.0,0.9380425114777327
natural_finetune_rtn_w4_c1.0_test,up_blocks.3.resnets.1.conv1.weight,4,1.770605306900078e-05,1.8910139138054682e-05,1.0,0.8486538982410942
natural_finetune_rtn_w4_c1.0_test,up_blocks.3.resnets.0.conv_shortcut.weight,4,6.658090637679807e-05,9.707495669819649e-05,1.0,0.6723407940967903
natural_finetune_rtn_w4_c1.0_test,up_blocks.1.resnets.2.conv1.weight,4,4.596681563418285e-05,7.302677830157204e-05,1.0,0.6130516532342093
natural_finetune_rtn_w4_c1.0_test,mid_block.resnets.0.conv2.weight,4,3.967402813960441e-05,7.246702175304194e-05,1.0,0.5331056451181745
natural_finetune_rtn_w4_c1.0_test,up_blocks.3.resnets.2.conv1.weight,4,2.2521724443696167e-05,4.085578580509294e-05,1.0,0.5260937319189932
natural_finetune_rtn_w4_c1.0_test,mid_block.attentions.0.to_v.weight,4,9.274146247138772e-06,1.706976463495365e-05,1.0,0.4875146789474758
natural_finetune_rtn_w4_c1.0_test,up_blocks.0.upsamplers.0.conv.weight,4,0.00010219079663323412,0.00022826063616802422,1.0,0.44389443289359554
natural_finetune_rtn_w4_c1.0_test,conv_out.weight,4,5.49162362941114e-05,0.00012586578188618296,1.0,0.4296395114602281
natural_finetune_rtn_w4_c1.0_test,up_blocks.1.upsamplers.0.conv.weight,4,0.00014620117164202133,0.00035774401637151965,1.0,0.40645582393775403
natural_finetune_rtn_w4_c1.0_test,mid_block.attentions.0.to_q.weight,4,1.8103537051248736e-06,2.6061095524980866e-06,0.5,0.3970368339668227
natural_finetune_rtn_w4_c1.0_test,up_blocks.1.resnets.1.conv1.weight,4,1.891955612930825e-05,4.6405286790229206e-05,1.0,0.39123263680393433
natural_finetune_rtn_w4_c1.0_test,up_blocks.1.resnets.0.conv2.weight,4,2.5766508289548e-05,6.557083296610256e-05,1.0,0.38158819497174956
natural_finetune_rtn_w4_c1.0_test,up_blocks.1.resnets.1.conv2.weight,4,2.578289651775548e-05,6.608318848041435e-05,1.0,0.3789554911468315
natural_finetune_rtn_w4_c1.0_test,up_blocks.3.resnets.0.conv2.weight,4,2.1351240972690833e-05,5.7791535135540064e-05,1.0,0.35737232783201367
natural_finetune_rtn_w4_c1.0_test,mid_block.resnets.0.norm2.bias,4,1.4391194236414436e-06,2.863844040727213e-06,1.0,0.2987338641911921
natural_finetune_rtn_w4_c1.0_test,up_blocks.1.resnets.2.conv2.weight,4,3.320289286085177e-05,0.00010965057723680067,0.75,0.297505952505687
natural_finetune_rtn_w4_c1.0_test,up_blocks.3.resnets.1.conv2.weight,4,1.676109841127785e-05,5.642986265809146e-05,1.0,0.2870866396536024
natural_finetune_rtn_w4_c1.0_test,up_blocks.0.resnets.1.conv2.weight,4,1.4363844972616856e-05,5.268080916344809e-05,1.0,0.26290862725143177
natural_finetune_rtn_w4_c1.0_test,up_blocks.3.resnets.2.conv2.weight,4,1.5383988285499432e-05,6.099576191974479e-05,1.0,0.24438690836660254
natural_finetune_rtn_w4_c1.0_test,conv_in.weight,4,2.6300495963009074e-05,0.00012272642598874466,1.0,0.21094402103999993
natural_finetune_rtn_w4_c1.0_test,up_blocks.0.resnets.2.norm1.bias,4,6.208012634306829e-07,1.0657236831238016e-06,0.75,0.2056126261028075
natural_finetune_rtn_w4_c1.0_test,mid_block.resnets.1.conv2.weight,4,7.277501950425253e-06,3.69917760618352e-05,0.75,0.18686456776443594
natural_finetune_rtn_w4_c1.0_test,up_blocks.2.resnets.1.norm1.weight,4,3.8673157528253633e-07,2.9902753068044045e-07,0.5,0.17168384904260628
natural_finetune_rtn_w4_c1.0_test,up_blocks.0.resnets.1.norm2.weight,4,5.104480496258333e-07,1.123363590575677e-06,0.5,0.16589600369083138
natural_finetune_rtn_w4_c1.0_test,mid_block.resnets.0.norm1.bias,4,8.709192751613603e-07,3.7566368409611583e-06,1.0,0.15252021499641177
natural_finetune_rtn_w4_c1.0_test,up_blocks.3.resnets.2.norm1.weight,4,8.654847444364859e-07,3.9279450121111506e-06,0.75,0.14715381114471554
natural_finetune_rtn_w4_c1.0_test,mid_block.attentions.0.to_out.0.weight,4,8.006261321080593e-06,5.289752634664103e-05,0.75,0.14596360762445465
natural_finetune_rtn_w4_c1.0_test,up_blocks.0.resnets.0.conv1.weight,4,4.065762426247847e-06,2.637523758751206e-05,0.5,0.14352051191255885
natural_finetune_rtn_w4_c1.0_test,up_blocks.0.resnets.2.norm1.weight,4,3.6441146184250537e-07,6.011620933881264e-07,0.75,0.14264274043908287
natural_finetune_rtn_w4_c1.0_test,up_blocks.3.resnets.1.norm1.bias,4,3.6983213158360657e-07,6.611076958590845e-07,0.5,0.1414455923281057
natural_finetune_rtn_w4_c1.0_test,mid_block.attentions.0.group_norm.bias,4,3.2771273820476714e-07,4.685562204963752e-07,1.0,0.1353006009793811
natural_finetune_rtn_w4_c1.0_test,mid_block.resnets.1.norm2.bias,4,4.0407649973021954e-07,1.139234225776197e-06,0.75,0.13065127405639315
natural_finetune_rtn_w4_c1.0_test,mid_block.resnets.0.conv2.bias,4,3.338240675707939e-07,6.596648550005351e-07,1.0,0.1277444804666909
natural_finetune_rtn_w4_c1.0_test,up_blocks.3.resnets.2.norm1.bias,4,1.5043823257231644e-06,9.96182079597545e-06,0.75,0.12625557872542542
natural_finetune_rtn_w4_c1.0_test,up_blocks.1.resnets.0.conv1.weight,4,5.62204686904205e-06,4.2916546036718215e-05,0.75,0.1252960674855078
natural_finetune_rtn_w4_c1.0_test,conv_in.bias,4,1.1837272742000796e-06,7.605002663154205e-06,1.0,0.12383956351112291
natural_finetune_rtn_w4_c1.0_test,up_blocks.3.resnets.0.norm1.weight,4,3.4484660013737897e-07,9.565073220768013e-07,0.75,0.1185015584372125
natural_finetune_rtn_w4_c1.0_test,up_blocks.0.resnets.2.conv1.weight,4,3.599771502356897e-06,2.8431784847906845e-05,0.5,0.11847067830967752
natural_finetune_rtn_w4_c1.0_test,up_blocks.0.resnets.1.norm1.bias,4,2.5043386345804364e-07,2.3361796015930194e-07,0.75,0.11450131168854309
natural_finetune_rtn_w4_c1.0_test,up_blocks.1.resnets.1.norm1.weight,4,2.5734153611686536e-07,3.502976218885065e-07,0.25,0.11170065110707998
natural_finetune_rtn_w4_c1.0_test,conv_norm_out.weight,4,2.482017212333512e-06,2.048999236239497e-05,1.0,0.11058935876119445
natural_finetune_rtn_w4_c1.0_test,up_blocks.2.resnets.1.norm2.bias,4,2.3877198018401684e-07,2.6947233065742904e-07,1.0,0.10740860766637973
natural_finetune_rtn_w4_c1.0_test,up_blocks.1.resnets.0.norm1.weight,4,2.2324000087782702e-07,3.534430922664716e-07,0.5,0.09676655697234149
natural_finetune_rtn_w4_c1.0_test,up_blocks.3.resnets.2.norm2.weight,4,6.722660152547549e-07,5.245318985678066e-06,1.0,0.09338491948990299
natural_finetune_rtn_w4_c1.0_test,up_blocks.1.resnets.0.norm2.bias,4,2.0048167970134112e-07,3.0799071311884406e-07,0.5,0.08864818343312256
natural_finetune_rtn_w4_c1.0_test,up_blocks.0.resnets.0.conv2.weight,4,3.9857831073825275e-06,4.6738561916415076e-05,0.5,0.08185685036846321
natural_finetune_rtn_w4_c1.0_test,up_blocks.1.resnets.2.norm2.bias,4,1.852196259612332e-07,4.0011669749347535e-07,0.25,0.07869399915926431
natural_finetune_rtn_w4_c1.0_test,up_blocks.2.resnets.1.conv1.bias,4,1.4599811278667353e-07,4.2584968057139576e-08,0.75,0.07314031718218719
natural_finetune_rtn_w4_c1.0_test,up_blocks.0.resnets.2.conv2.weight,4,4.066122405070978e-06,5.720349652234575e-05,0.75,0.06873436870408825
natural_finetune_rtn_w4_c1.0_test,up_blocks.1.resnets.0.norm2.weight,4,1.5544074749294126e-07,3.247661797043169e-07,1.0,0.06822608384497615
natural_finetune_rtn_w4_c1.0_test,mid_block.attentions.0.to_out.0.bias,4,1.6639778146822566e-07,6.329611923363995e-07,0.75,0.06433284886501234
natural_finetune_rtn_w4_c1.0_test,mid_block.resnets.1.conv2.bias,4,1.3850733198303062e-07,3.433239373166177e-07,1.0,0.06030247944869523
natural_finetune_rtn_w4_c1.0_test,up_blocks.1.resnets.2.conv1.bias,4,1.244895535841679e-07,2.2569481158997357e-07,0.5,0.05712502865326157
natural_finetune_rtn_w4_c1.0_test,up_blocks.3.resnets.2.norm2.bias,4,3.625983706710338e-07,4.466013183019782e-06,1.0,0.05648331989709694
natural_finetune_rtn_w4_c1.0_test,up_blocks.0.resnets.0.norm2.bias,4,1.3258126910977545e-07,5.717339447044782e-07,0.75,0.05250148155956899
natural_finetune_rtn_w4_c1.0_test,up_blocks.3.resnets.1.norm2.weight,4,2.7283127184197245e-07,3.4283022289525172e-06,1.0,0.05069465747727482
natural_finetune_rtn_w4_c1.0_test,up_blocks.2.resnets.2.norm2.weight,4,3.687418795099523e-07,5.4260810113456795e-06,1.0,0.049967507062642066
natural_finetune_rtn_w4_c1.0_test,up_blocks.1.resnets.1.norm1.bias,4,1.2759328121486228e-07,7.648836192055102e-07,0.75,0.04693628435458808
natural_finetune_rtn_w4_c1.0_test,up_blocks.2.resnets.2.norm1.bias,4,1.1041116945721105e-07,4.0633654713712573e-07,0.75,0.046786597461810936
natural_finetune_rtn_w4_c1.0_test,up_blocks.2.resnets.0.norm1.bias,4,1.1126916953002706e-07,5.111798484307586e-07,0.5,0.04514452805193356
natural_finetune_rtn_w4_c1.0_test,up_blocks.1.resnets.2.norm2.weight,4,1.0462723143569974e-07,5.874879991546792e-07,0.75,0.04117495954248047
natural_finetune_rtn_w4_c1.0_test,mid_block.attentions.0.to_v.bias,4,8.67365145516246e-08,1.7974816013546953e-07,1.0,0.04065836774954199
natural_finetune_rtn_w4_c1.0_test,mid_block.resnets.1.norm2.weight,4,1.1539736232920645e-07,8.998012970191037e-07,0.75,0.040442713628687635
natural_finetune_rtn_w4_c1.0_test,up_blocks.0.resnets.0.conv2.bias,4,8.263644964570326e-08,3.640759533861432e-07,0.75,0.03565561025256972
natural_finetune_rtn_w4_c1.0_test,up_blocks.2.resnets.1.norm1.bias,4,7.46454465112583e-08,2.3366583796025628e-07,0.5,0.034128030158601864
natural_finetune_rtn_w4_c1.0_test,mid_block.resnets.1.norm1.bias,4,7.324414272044041e-08,4.0986236304308887e-07,0.75,0.030990813387226212
natural_finetune_rtn_w4_c1.0_test,up_blocks.0.resnets.2.conv1.bias,4,6.005419152028232e-08,1.726752988957878e-07,1.0,0.02824447937974404
natural_finetune_rtn_w4_c1.0_test,up_blocks.3.resnets.0.norm2.weight,4,2.73097090652213e-07,7.727531546328948e-06,0.75,0.028209350837207867
natural_finetune_rtn_w4_c1.0_test,up_blocks.1.resnets.1.conv2.bias,4,5.7170071519147315e-08,9.340189513145413e-08,1.0,0.027929336038832478
natural_finetune_rtn_w4_c1.0_test,conv_norm_out.bias,4,1.6148890773538673e-07,4.607161017604753e-06,0.5,0.024614535030599037
natural_finetune_rtn_w4_c1.0_test,up_blocks.3.resnets.2.conv1.bias,4,9.283811539880326e-08,1.8383791906631927e-06,0.5,0.02448306771197254
natural_finetune_rtn_w4_c1.0_test,up_blocks.1.resnets.2.conv2.bias,4,4.704172381094342e-08,1.7219502512722988e-07,1.0,0.022129499257370632
natural_finetune_rtn_w4_c1.0_test,up_blocks.1.resnets.0.conv2.bias,4,4.3674645679881896e-08,9.557842575219296e-08,1.0,0.021313743028339764
natural_finetune_rtn_w4_c1.0_test,up_blocks.0.resnets.0.conv1.bias,4,3.7723996959185396e-08,7.44030234618454e-08,1.0,0.01860198622617564
natural_finetune_rtn_w4_c1.0_test,up_blocks.2.resnets.0.norm2.bias,4,4.1879071433995926e-08,3.822361523330978e-07,0.5,0.01792930837809622
natural_finetune_rtn_w4_c1.0_test,up_blocks.2.resnets.0.conv1.bias,4,2.9125778093837004e-08,9.013381348194445e-08,0.5,0.014251590754875958
natural_finetune_rtn_w4_c1.0_test,mid_block.resnets.1.conv1.bias,4,2.8170663378069787e-08,3.884029087280017e-08,1.0,0.014139112709933975
natural_finetune_rtn_w4_c1.0_test,up_blocks.3.resnets.1.norm1.weight,4,3.210707417656611e-08,4.305952831602124e-07,0.5,0.01346689878965282
natural_finetune_rtn_w4_c1.0_test,mid_block.attentions.0.to_q.bias,4,2.803157117773948e-08,1.5394486920137482e-07,0.75,0.013300882018976109
natural_finetune_rtn_w4_c1.0_test,up_blocks.1.resnets.1.conv1.bias,4,2.2654975427406663e-08,1.270284637441511e-07,0.75,0.010888774828050183
natural_finetune_rtn_w4_c1.0_test,up_blocks.3.resnets.0.conv2.bias,4,2.0718708016867485e-08,3.2861259838527815e-08,1.0,0.010430208721622508
natural_finetune_rtn_w4_c1.0_test,up_blocks.3.resnets.0.conv_shortcut.bias,4,2.0718503636193962e-08,3.2861998445808355e-08,1.0,0.010430101954115855
natural_finetune_rtn_w4_c1.0_test,up_blocks.1.resnets.0.conv1.bias,4,2.0034810758935958e-08,3.819673292804154e-08,0.75,0.010058903228631658
natural_finetune_rtn_w4_c1.0_test,up_blocks.0.upsamplers.0.conv.bias,4,2.035629463873978e-08,7.753653019239818e-08,0.75,0.010022355672031505
natural_finetune_rtn_w4_c1.0_test,up_blocks.0.resnets.2.norm2.bias,4,3.466956050743063e-08,1.5584671328364473e-06,0.5,0.009871688123913435
natural_finetune_rtn_w4_c1.0_test,up_blocks.3.resnets.1.conv2.bias,4,1.2488075207838441e-08,4.9295578350297415e-08,1.0,0.006235159122472609
natural_finetune_rtn_w4_c1.0_test,up_blocks.3.resnets.2.conv2.bias,4,6.34573382320626e-09,8.461012886464087e-08,0.5,0.003113458348177151
natural_finetune_rtn_w4_c1.0_test,up_blocks.1.resnets.1.norm2.weight,4,2.2025920888310527e-09,3.1580567170669996e-07,0.5,0.0009705793965191968
natural_finetune_rtn_w4_c1.0_test,up_blocks.0.resnets.0.norm1.weight,4,-1.008381425676177e-08,2.539424530475574e-07,0.75,0.0
natural_finetune_rtn_w4_c1.0_test,up_blocks.0.resnets.0.norm1.bias,4,-1.4311780509733068e-07,6.269173857074775e-07,0.25,0.0
natural_finetune_rtn_w4_c1.0_test,up_blocks.0.resnets.0.norm2.weight,4,-1.9773190286696207e-07,8.773249037225456e-07,0.25,0.0
natural_finetune_rtn_w4_c1.0_test,up_blocks.0.resnets.1.norm1.weight,4,-9.61255983867141e-07,1.3604038584672388e-06,0.0,0.0
natural_finetune_rtn_w4_c1.0_test,up_blocks.0.resnets.1.conv1.weight,4,-4.647587685868749e-06,4.0409680263261044e-05,0.5,0.0
natural_finetune_rtn_w4_c1.0_test,up_blocks.0.resnets.1.conv1.bias,4,-6.12467548105865e-08,1.1073963914998795e-07,0.25,0.0
natural_finetune_rtn_w4_c1.0_test,up_blocks.0.resnets.1.norm2.bias,4,-1.7304141195350973e-07,1.2570264267258767e-06,0.25,0.0
natural_finetune_rtn_w4_c1.0_test,up_blocks.0.resnets.1.conv2.bias,4,-1.4889071492805749e-08,2.9648286785498853e-07,0.5,0.0
natural_finetune_rtn_w4_c1.0_test,up_blocks.0.resnets.2.norm2.weight,4,-7.938971787103401e-08,5.940862744371077e-07,0.0,0.0
natural_finetune_rtn_w4_c1.0_test,up_blocks.0.resnets.2.conv2.bias,4,-2.512972829567419e-08,2.8866560716485554e-07,0.75,0.0
natural_finetune_rtn_w4_c1.0_test,up_blocks.1.resnets.0.norm1.bias,4,-4.6996740940711494e-07,8.004833555300108e-07,0.25,0.0
natural_finetune_rtn_w4_c1.0_test,up_blocks.1.resnets.1.norm2.bias,4,-2.8665801055426186e-08,4.950962915376413e-07,0.5,0.0
natural_finetune_rtn_w4_c1.0_test,up_blocks.1.resnets.2.norm1.weight,4,-3.71280623697351e-07,7.764750047790384e-07,0.25,0.0
natural_finetune_rtn_w4_c1.0_test,up_blocks.1.resnets.2.norm1.bias,4,-1.6346586893302605e-07,5.927949595257318e-07,0.0,0.0
natural_finetune_rtn_w4_c1.0_test,up_blocks.1.upsamplers.0.conv.bias,4,-1.799912627735814e-11,2.883572923496534e-08,0.5,0.0
natural_finetune_rtn_w4_c1.0_test,up_blocks.2.resnets.0.norm1.weight,4,-2.5475927273304846e-07,3.5722280659353174e-07,0.75,0.0
natural_finetune_rtn_w4_c1.0_test,up_blocks.2.resnets.0.norm2.weight,4,-1.2226982742223171e-07,4.755366937843057e-07,0.0,0.0
natural_finetune_rtn_w4_c1.0_test,up_blocks.2.resnets.0.conv2.bias,4,-4.4430360314571075e-09,9.9896058120299e-08,0.5,0.0
natural_finetune_rtn_w4_c1.0_test,up_blocks.2.resnets.0.conv_shortcut.bias,4,-4.443680444994805e-09,9.989618439765382e-08,0.5,0.0
natural_finetune_rtn_w4_c1.0_test,up_blocks.2.resnets.1.norm2.weight,4,-8.107476011278117e-08,2.0746597863820286e-07,0.25,0.0
natural_finetune_rtn_w4_c1.0_test,up_blocks.2.resnets.1.conv2.bias,4,-1.3807462581261384e-08,1.2066283217226892e-07,0.25,0.0
natural_finetune_rtn_w4_c1.0_test,up_blocks.2.resnets.2.norm1.weight,4,-2.824496468051844e-07,3.671209058308263e-07,0.5,0.0
natural_finetune_rtn_w4_c1.0_test,up_blocks.2.resnets.2.conv1.bias,4,-8.108067539820289e-08,1.6193470850317773e-07,0.0,0.0
natural_finetune_rtn_w4_c1.0_test,up_blocks.2.resnets.2.norm2.bias,4,-1.2202452723793268e-07,4.978296673796325e-07,0.0,0.0
natural_finetune_rtn_w4_c1.0_test,up_blocks.2.resnets.2.conv2.bias,4,-6.073689466828775e-08,1.365965143139194e-07,0.0,0.0
natural_finetune_rtn_w4_c1.0_test,up_blocks.2.upsamplers.0.conv.bias,4,-2.356355654601797e-09,3.338376099959806e-08,0.5,0.0
natural_finetune_rtn_w4_c1.0_test,up_blocks.3.resnets.0.norm1.bias,4,-1.5823024388564713e-07,6.897345866322057e-07,0.25,0.0
natural_finetune_rtn_w4_c1.0_test,up_blocks.3.resnets.0.conv1.bias,4,-1.4408988190845e-07,2.0059338313778146e-07,0.0,0.0
natural_finetune_rtn_w4_c1.0_test,up_blocks.3.resnets.0.norm2.bias,4,-2.12028978706521e-07,7.560850038988206e-07,0.0,0.0
natural_finetune_rtn_w4_c1.0_test,up_blocks.3.resnets.1.conv1.bias,4,-5.084314210833651e-08,1.706655570131208e-07,0.25,0.0
natural_finetune_rtn_w4_c1.0_test,up_blocks.3.resnets.1.norm2.bias,4,-6.610369359827359e-08,4.802965726291757e-07,0.0,0.0
natural_finetune_rtn_w4_c1.0_test,mid_block.attentions.0.group_norm.weight,4,-9.674313419857252e-07,3.5819310107400442e-06,0.25,0.0
natural_finetune_rtn_w4_c1.0_test,mid_block.attentions.0.to_k.weight,4,-1.0400862530076807e-06,2.9444606067277952e-06,0.25,0.0
natural_finetune_rtn_w4_c1.0_test,mid_block.attentions.0.to_k.bias,4,-6.522993218283383e-17,9.783960145106714e-17,0.25,0.0
natural_finetune_rtn_w4_c1.0_test,mid_block.resnets.0.norm1.weight,4,-1.143373144953875e-07,1.3949091505625539e-06,0.0,0.0
natural_finetune_rtn_w4_c1.0_test,mid_block.resnets.0.conv1.weight,4,-9.091313405287496e-06,3.876068500869347e-05,0.0,0.0
natural_finetune_rtn_w4_c1.0_test,mid_block.resnets.0.conv1.bias,4,-9.4681111863066e-09,4.3043754065363176e-08,0.0,0.0
natural_finetune_rtn_w4_c1.0_test,mid_block.resnets.0.norm2.weight,4,-1.1061329050954411e-07,1.785040909443763e-06,0.5,0.0
natural_finetune_rtn_w4_c1.0_test,mid_block.resnets.1.norm1.weight,4,-1.1462838194747191e-07,8.782759197601489e-07,0.25,0.0
natural_finetune_rtn_w4_c1.0_test,mid_block.resnets.1.conv1.weight,4,-1.7513495697736253e-06,2.2417855740245164e-05,0.5,0.0
natural_finetune_rtn_w4_c1.0_test,conv_out.bias,4,-2.504799304993645e-07,5.8027794785238645e-06,0.5,0.0
natural_full_finetune_fp32_test,up_blocks.2.resnets.1.conv2.weight,4,7.035712008063279e-05,1.1761626529605531e-05,1.0,5.22329147776888
natural_full_finetune_fp32_test,up_blocks.3.resnets.0.conv1.weight,4,3.068328916163999e-05,7.783843185751065e-06,1.0,3.232508440424868
natural_full_finetune_fp32_test,up_blocks.2.resnets.0.conv2.weight,4,5.220143412638481e-05,1.5904447021359838e-05,1.0,2.963851460275014
natural_full_finetune_fp32_test,up_blocks.2.resnets.1.conv1.weight,4,6.652799795840247e-05,2.185869001039157e-05,1.0,2.8229368074815606
natural_full_finetune_fp32_test,up_blocks.2.resnets.2.conv1.weight,4,8.287884017597433e-05,3.0027592271534434e-05,1.0,2.611521227924889
natural_full_finetune_fp32_test,up_blocks.2.resnets.0.conv1.weight,4,7.85818809254123e-05,3.622229139969188e-05,1.0,2.0717307637540445
natural_full_finetune_fp32_test,up_blocks.2.upsamplers.0.conv.weight,4,0.00014545636700229338,8.299062425120625e-05,1.0,1.7173351927076426
natural_full_finetune_fp32_test,up_blocks.2.resnets.0.conv_shortcut.weight,4,0.00020981103756380934,0.00014442422642907665,1.0,1.4357590781679541
natural_full_finetune_fp32_test,up_blocks.2.resnets.2.conv2.weight,4,5.4834932519491236e-05,5.959452567924238e-05,1.0,0.8944933892537575
natural_full_finetune_fp32_test,up_blocks.3.resnets.1.conv1.weight,4,1.8436374855785726e-05,2.215630789728227e-05,1.0,0.7725418872613158
natural_full_finetune_fp32_test,mid_block.resnets.0.conv2.weight,4,3.884820332640632e-05,5.1111898367492965e-05,1.0,0.7354806919754378
natural_full_finetune_fp32_test,up_blocks.1.resnets.2.conv1.weight,4,4.936768010118417e-05,6.799785782077748e-05,1.0,0.7082259753124799
natural_full_finetune_fp32_test,up_blocks.3.resnets.0.conv_shortcut.weight,4,6.316717070540618e-05,9.133309562521848e-05,1.0,0.6789150193170077
natural_full_finetune_fp32_test,up_blocks.1.resnets.1.conv1.weight,4,2.1656665786427218e-05,4.017830542622334e-05,1.0,0.5170313652094208
natural_full_finetune_fp32_test,conv_out.weight,4,5.723939780959149e-05,0.00011067372980760408,1.0,0.5093289431238197
natural_full_finetune_fp32_test,up_blocks.3.resnets.2.conv1.weight,4,2.0640295398306977e-05,3.9981436967568624e-05,0.75,0.49509349122299945
natural_full_finetune_fp32_test,up_blocks.0.upsamplers.0.conv.weight,4,9.229585299788925e-05,0.00018508030200113022,1.0,0.4941194162325408
natural_full_finetune_fp32_test,up_blocks.1.upsamplers.0.conv.weight,4,0.000133314888067454,0.00030705547074583937,1.0,0.4317699157303774
natural_full_finetune_fp32_test,up_blocks.3.resnets.1.conv2.weight,4,2.221565258927325e-05,5.3737756913057565e-05,1.0,0.4006717817413443
natural_full_finetune_fp32_test,mid_block.resnets.0.norm2.bias,4,1.5595710604935753e-06,2.191264794032043e-06,1.0,0.39993920729410465
natural_full_finetune_fp32_test,up_blocks.1.resnets.0.conv2.weight,4,2.635200186996428e-05,6.427951906156376e-05,1.0,0.3993467280839374
natural_full_finetune_fp32_test,up_blocks.3.resnets.0.conv2.weight,4,2.3446525584551635e-05,5.797218360013185e-05,1.0,0.3928678463647884
natural_full_finetune_fp32_test,up_blocks.0.resnets.2.norm1.weight,4,8.190855318878333e-07,3.7860356744965727e-07,1.0,0.392496809914336
natural_full_finetune_fp32_test,mid_block.attentions.0.to_v.weight,4,6.608580977178882e-06,1.5271891303570846e-05,1.0,0.38919457225538323
natural_full_finetune_fp32_test,up_blocks.1.resnets.1.conv2.weight,4,2.6741615843732252e-05,7.062774771137601e-05,1.0,0.36968611274688595
natural_full_finetune_fp32_test,up_blocks.0.resnets.2.norm1.bias,4,8.536772789242809e-07,8.003434874136634e-07,1.0,0.3403004141842992
natural_full_finetune_fp32_test,mid_block.attentions.0.to_k.weight,4,1.0778509638124153e-06,2.000933711341823e-06,0.5,0.29058937103739196
natural_full_finetune_fp32_test,up_blocks.1.resnets.2.conv2.weight,4,2.588540549853263e-05,9.479208352192134e-05,1.0,0.26824160160843624
natural_full_finetune_fp32_test,up_blocks.3.resnets.2.conv2.weight,4,1.3382774401972044e-05,4.846830919583931e-05,1.0,0.2667136437016087
natural_full_finetune_fp32_test,up_blocks.3.resnets.0.norm1.weight,4,5.388589114851129e-07,6.506290823205152e-07,0.75,0.22843801367519537
natural_full_finetune_fp32_test,mid_block.attentions.0.to_out.0.weight,4,9.956544918851836e-06,4.633978089869981e-05,1.0,0.2072206413078336
natural_full_finetune_fp32_test,mid_block.resnets.0.norm1.bias,4,1.0530333007298665e-06,3.462088650357997e-06,1.0,0.20366793146112866
natural_full_finetune_fp32_test,up_blocks.2.resnets.1.norm1.weight,4,3.757680452054233e-07,1.772990402308548e-07,0.75,0.19928781404161322
natural_full_finetune_fp32_test,up_blocks.1.resnets.0.conv1.weight,4,8.480336447522245e-06,4.1718854004333094e-05,1.0,0.19527747855524136
natural_full_finetune_fp32_test,conv_in.bias,4,1.5775745886878052e-06,6.396494396659271e-06,1.0,0.1946481515453851
natural_full_finetune_fp32_test,mid_block.resnets.1.conv2.weight,4,5.803092233194965e-06,2.9928142423003884e-05,0.75,0.18343087746275175
natural_full_finetune_fp32_test,up_blocks.3.resnets.1.norm1.bias,4,3.796926905250588e-07,4.848482524627536e-07,0.5,0.17313028980815692
natural_full_finetune_fp32_test,up_blocks.1.resnets.2.norm2.bias,4,3.257289049129701e-07,2.5995366411301103e-07,0.5,0.16549506458505264
natural_full_finetune_fp32_test,conv_in.weight,4,2.620602123192946e-05,0.00015779598611139864,1.0,0.16429670436984353
natural_full_finetune_fp32_test,up_blocks.1.resnets.0.norm2.weight,4,3.3063003663581524e-07,4.966389500722698e-07,1.0,0.1499527719563301
natural_full_finetune_fp32_test,up_blocks.1.resnets.0.norm2.bias,4,2.9064417401327974e-07,2.4100344157020944e-07,0.75,0.14910495770971172
natural_full_finetune_fp32_test,conv_norm_out.weight,4,3.438806136501363e-06,2.1610570134603897e-05,1.0,0.14746909593314775
natural_full_finetune_fp32_test,mid_block.resnets.1.norm2.weight,4,3.3113751796751166e-07,6.784668569698902e-07,0.75,0.13874153194732106
natural_full_finetune_fp32_test,up_blocks.3.resnets.2.norm1.bias,4,1.42318883004431e-06,9.726468519402245e-06,0.75,0.12446201814657533
natural_full_finetune_fp32_test,up_blocks.2.resnets.1.norm2.bias,4,2.2807812720663061e-07,1.443141304041457e-07,1.0,0.12311446859584332
natural_full_finetune_fp32_test,up_blocks.0.resnets.0.norm2.weight,4,2.8733391788463585e-07,6.652435547945195e-07,0.75,0.12105920822200317
natural_full_finetune_fp32_test,up_blocks.0.resnets.2.norm2.bias,4,3.238904832277782e-07,1.1117892854317995e-06,0.75,0.11485295672864415
natural_full_finetune_fp32_test,up_blocks.2.resnets.2.norm1.bias,4,2.1981048426469503e-07,3.821056873896909e-07,1.0,0.10515430740142359
natural_full_finetune_fp32_test,up_blocks.0.resnets.1.conv2.weight,4,3.86893680894681e-06,3.797666100598157e-05,1.0,0.09749136821489193
natural_full_finetune_fp32_test,up_blocks.2.resnets.1.norm1.bias,4,1.7643228684897435e-07,1.451255735937311e-07,0.75,0.09519482426364657
natural_full_finetune_fp32_test,up_blocks.2.resnets.1.conv1.bias,4,1.5566446657500141e-07,3.879261302959026e-08,0.75,0.08910141869574509
natural_full_finetune_fp32_test,up_blocks.1.resnets.2.conv1.bias,4,1.6266637162242028e-07,1.3975026411670623e-07,0.5,0.08802265318693286
natural_full_finetune_fp32_test,up_blocks.3.resnets.2.norm1.weight,4,5.107639009412229e-07,4.135751332889551e-06,0.75,0.08739960687841399
natural_full_finetune_fp32_test,mid_block.resnets.1.norm2.bias,4,2.0484592624523044e-07,7.925403401806195e-07,0.75,0.08191229442817943
natural_full_finetune_fp32_test,mid_block.resnets.0.conv2.bias,4,2.0752764916081416e-07,8.550718173798233e-07,1.0,0.08096026078554135
natural_full_finetune_fp32_test,up_blocks.3.resnets.2.norm2.weight,4,5.198548277901717e-07,4.753641301393562e-06,1.0,0.08044926168083556
natural_full_finetune_fp32_test,up_blocks.2.resnets.0.norm1.bias,4,1.7194129662747068e-07,5.914879801676212e-07,0.75,0.0747654236765327
natural_full_finetune_fp32_test,mid_block.attentions.0.group_norm.bias,4,1.5297325377843937e-07,4.09771209449813e-07,0.75,0.07222442103493187
natural_full_finetune_fp32_test,up_blocks.1.resnets.1.norm1.weight,4,1.4883136704420112e-07,4.2684030777064453e-07,0.25,0.06970711364979726
natural_full_finetune_fp32_test,up_blocks.3.resnets.1.norm2.weight,4,3.186386122395573e-07,3.1552812119437017e-06,1.0,0.06551582320609799
natural_full_finetune_fp32_test,mid_block.resnets.0.norm2.weight,4,1.469722020843282e-07,5.407750979223e-07,0.75,0.06534913369289612
natural_full_finetune_fp32_test,up_blocks.1.resnets.1.norm1.bias,4,1.4642827911932156e-07,6.389386306773133e-07,0.75,0.062384391807784906
natural_full_finetune_fp32_test,up_blocks.1.resnets.0.norm1.weight,4,1.3738109233159928e-07,6.255711225208894e-07,0.75,0.05886516600250901
natural_full_finetune_fp32_test,up_blocks.2.resnets.2.norm2.weight,4,4.250117501550088e-07,5.588646552366494e-06,1.0,0.058245505604601885
natural_full_finetune_fp32_test,up_blocks.0.resnets.1.norm2.weight,4,1.574700535482685e-07,1.06243951297293e-06,0.5,0.05683413441822347
natural_full_finetune_fp32_test,conv_norm_out.bias,4,3.65578254818275e-07,4.751999199808208e-06,0.75,0.05658882986197089
natural_full_finetune_fp32_test,up_blocks.3.resnets.0.norm2.weight,4,4.938430795716854e-07,7.381918453792783e-06,1.0,0.054327131842137374
natural_full_finetune_fp32_test,mid_block.resnets.1.conv2.bias,4,1.1648710554680473e-07,4.897338863945046e-07,1.0,0.052997118898464375
natural_full_finetune_fp32_test,up_blocks.3.resnets.2.norm2.bias,4,3.0433334478189255e-07,4.108058151105973e-06,1.0,0.052324094322939656
natural_full_finetune_fp32_test,up_blocks.3.resnets.1.norm1.weight,4,1.1182603102386366e-07,4.6751519490344977e-07,0.75,0.051396055020143244
natural_full_finetune_fp32_test,up_blocks.2.resnets.0.norm2.bias,4,9.741854009347412e-08,2.592336330688231e-07,0.75,0.04951414358712952
natural_full_finetune_fp32_test,up_blocks.1.resnets.0.conv2.bias,4,7.436479278666458e-08,8.165257960021749e-08,1.0,0.04154671018396438
natural_full_finetune_fp32_test,up_blocks.3.resnets.1.conv1.bias,4,8.012068046955566e-08,2.4266351826697026e-07,0.75,0.04106817309078106
natural_full_finetune_fp32_test,up_blocks.0.resnets.2.conv1.bias,4,7.302088439926796e-08,1.5438441829737018e-07,1.0,0.03920289862000215
natural_full_finetune_fp32_test,up_blocks.1.resnets.1.conv2.bias,4,6.632083341647597e-08,4.2729769536523886e-08,1.0,0.03787629403348895
natural_full_finetune_fp32_test,up_blocks.0.resnets.2.conv2.weight,4,1.8227037454569648e-06,4.760476820528157e-05,0.5,0.03696191407493425
natural_full_finetune_fp32_test,up_blocks.0.resnets.0.conv2.bias,4,7.766694293022792e-08,3.968235184049055e-07,0.5,0.036895024730619966
natural_full_finetune_fp32_test,up_blocks.3.resnets.2.conv1.bias,4,1.1887370321102036e-07,1.5202703414236778e-06,0.5,0.03681980834736712
natural_full_finetune_fp32_test,mid_block.attentions.0.to_out.0.bias,4,7.312913359233136e-08,5.983075361149482e-07,1.0,0.031704805821237206
natural_full_finetune_fp32_test,up_blocks.0.upsamplers.0.conv.bias,4,5.2837918370982445e-08,7.418010831317353e-08,0.75,0.029643661590831927
natural_full_finetune_fp32_test,up_blocks.2.resnets.0.conv1.bias,4,4.838424619159108e-08,3.126006173110273e-08,0.75,0.027814781821696992
natural_full_finetune_fp32_test,up_blocks.0.resnets.0.conv2.weight,4,1.018389411303165e-06,4.015479435271868e-05,0.75,0.024326689397103425
natural_full_finetune_fp32_test,up_blocks.1.resnets.2.conv2.bias,4,4.184929092281385e-08,6.520341781943817e-08,1.0,0.0235975528901782
natural_full_finetune_fp32_test,mid_block.attentions.0.to_v.bias,4,3.365749687754807e-08,9.330896696352471e-08,0.5,0.01868237148795811
natural_full_finetune_fp32_test,mid_block.resnets.0.norm1.weight,4,5.255198719476264e-08,1.2217901256633663e-06,0.75,0.017935552435801225
natural_full_finetune_fp32_test,up_blocks.1.resnets.1.conv1.bias,4,3.2178393707940424e-08,1.1692048211819129e-07,1.0,0.017630296360919662
natural_full_finetune_fp32_test,mid_block.attentions.0.to_q.weight,4,5.7850456684483465e-08,2.0133210353026805e-06,0.75,0.015544610175510813
natural_full_finetune_fp32_test,up_blocks.3.resnets.0.conv2.bias,4,2.3985970112882206e-08,2.0343982069643384e-08,1.0,0.013875955754239465
natural_full_finetune_fp32_test,up_blocks.3.resnets.0.conv_shortcut.bias,4,2.3985761336070695e-08,2.034437415123408e-08,1.0,0.01387583182890551
natural_full_finetune_fp32_test,up_blocks.0.resnets.0.norm1.weight,4,2.9155119153875695e-08,4.492475950988619e-07,0.5,0.01351336136759335
natural_full_finetune_fp32_test,up_blocks.0.resnets.0.conv1.bias,4,1.92765296636123e-08,8.360903828663425e-08,0.75,0.01075780512976636
natural_full_finetune_fp32_test,up_blocks.3.resnets.1.conv2.bias,4,1.4209909897598202e-08,3.6594848969763094e-08,1.0,0.0081439132007241
natural_full_finetune_fp32_test,up_blocks.2.resnets.1.norm2.weight,4,1.2546752910344599e-08,2.334644291338261e-07,0.25,0.006461669696503499
natural_full_finetune_fp32_test,up_blocks.3.resnets.2.conv2.bias,4,4.2099987928852415e-09,9.658968948550808e-08,0.75,0.0023326093488062445
natural_full_finetune_fp32_test,mid_block.resnets.1.conv1.bias,4,3.381305559919995e-09,4.2889518859256315e-08,0.5,0.0019309112027018815
natural_full_finetune_fp32_test,up_blocks.1.upsamplers.0.conv.bias,4,2.6830509457001394e-09,2.1156619465275638e-08,0.5,0.001551423686149627
natural_full_finetune_fp32_test,up_blocks.2.resnets.1.conv2.bias,4,1.3088761712505414e-09,1.0416501797742122e-07,0.5,0.0007221702407083291
natural_full_finetune_fp32_test,up_blocks.2.upsamplers.0.conv.bias,4,2.9487325526683e-10,2.6458089535489554e-08,0.5,0.00016998382603633912
natural_full_finetune_fp32_test,mid_block.attentions.0.to_k.bias,4,5.2127118662185825e-17,1.5472737018068438e-17,0.5,3.051482536396565e-11
natural_full_finetune_fp32_test,up_blocks.0.resnets.0.norm1.bias,4,-5.535143148647356e-08,4.6430594262863106e-07,0.25,0.0
natural_full_finetune_fp32_test,up_blocks.0.resnets.0.conv1.weight,4,-1.606286305871629e-06,2.0309104496489954e-05,0.5,0.0
natural_full_finetune_fp32_test,up_blocks.0.resnets.0.norm2.bias,4,-1.690525310190489e-08,1.7905123734609815e-06,0.75,0.0
natural_full_finetune_fp32_test,up_blocks.0.resnets.1.norm1.weight,4,-8.180097867030318e-07,1.0908277312226461e-06,0.0,0.0
natural_full_finetune_fp32_test,up_blocks.0.resnets.1.norm1.bias,4,-1.944335075896526e-08,2.2840417216086837e-07,0.5,0.0
natural_full_finetune_fp32_test,up_blocks.0.resnets.1.conv1.weight,4,-2.274129002405834e-06,2.6878860045130422e-05,0.5,0.0
natural_full_finetune_fp32_test,up_blocks.0.resnets.1.conv1.bias,4,-8.031426652593622e-09,1.1698523553636635e-07,0.5,0.0
natural_full_finetune_fp32_test,up_blocks.0.resnets.1.norm2.bias,4,-8.922492407231906e-08,1.2810073779348451e-06,0.0,0.0
natural_full_finetune_fp32_test,up_blocks.0.resnets.1.conv2.bias,4,-8.31202998109877e-08,2.6489847012132323e-07,0.0,0.0
natural_full_finetune_fp32_test,up_blocks.0.resnets.2.conv1.weight,4,-4.156599386480015e-06,1.758553000870555e-05,0.25,0.0
natural_full_finetune_fp32_test,up_blocks.0.resnets.2.norm2.weight,4,-3.082915756783461e-07,7.934292729318e-07,0.25,0.0
natural_full_finetune_fp32_test,up_blocks.0.resnets.2.conv2.bias,4,-3.0808044388848415e-08,2.519603981529214e-07,0.25,0.0
natural_full_finetune_fp32_test,up_blocks.1.resnets.0.norm1.bias,4,-6.485545355713929e-07,7.376272349206075e-07,0.25,0.0
natural_full_finetune_fp32_test,up_blocks.1.resnets.0.conv1.bias,4,-2.1293346127198662e-08,3.529395468639912e-08,0.25,0.0
natural_full_finetune_fp32_test,up_blocks.1.resnets.1.norm2.weight,4,-9.052297224366086e-08,2.6957101732904417e-07,0.75,0.0
natural_full_finetune_fp32_test,up_blocks.1.resnets.1.norm2.bias,4,-4.7001180681090064e-08,3.573658243225866e-07,0.25,0.0
natural_full_finetune_fp32_test,up_blocks.1.resnets.2.norm1.weight,4,-4.333139048777579e-07,1.0125682479618664e-06,0.25,0.0
natural_full_finetune_fp32_test,up_blocks.1.resnets.2.norm1.bias,4,-2.027104954685723e-07,7.44976307713722e-07,0.0,0.0
natural_full_finetune_fp32_test,up_blocks.1.resnets.2.norm2.weight,4,-5.8271729420583976e-08,5.66817772769971e-07,0.5,0.0
natural_full_finetune_fp32_test,up_blocks.2.resnets.0.norm1.weight,4,-4.3913122472842523e-07,5.142617832631707e-07,0.25,0.0
natural_full_finetune_fp32_test,up_blocks.2.resnets.0.norm2.weight,4,-2.1353977554294396e-07,7.226421287492788e-07,0.0,0.0
natural_full_finetune_fp32_test,up_blocks.2.resnets.0.conv2.bias,4,-1.1636026478043574e-09,8.124774034429009e-08,0.25,0.0
natural_full_finetune_fp32_test,up_blocks.2.resnets.0.conv_shortcut.bias,4,-1.1641219952036508e-09,8.124706112104095e-08,0.25,0.0
natural_full_finetune_fp32_test,up_blocks.2.resnets.2.norm1.weight,4,-1.748877065761794e-07,6.346723258924747e-07,0.5,0.0
natural_full_finetune_fp32_test,up_blocks.2.resnets.2.conv1.bias,4,-6.395738469866624e-08,1.3825880573776316e-07,0.0,0.0
natural_full_finetune_fp32_test,up_blocks.2.resnets.2.norm2.bias,4,-6.883713888764489e-08,3.790146169279293e-07,0.0,0.0
natural_full_finetune_fp32_test,up_blocks.2.resnets.2.conv2.bias,4,-5.553461903929188e-08,1.1445955954544375e-07,0.0,0.0
natural_full_finetune_fp32_test,up_blocks.3.resnets.0.norm1.bias,4,-5.571461854000093e-08,7.130893698275794e-07,0.25,0.0
natural_full_finetune_fp32_test,up_blocks.3.resnets.0.conv1.bias,4,-1.364219460762679e-07,2.0142044304687187e-07,0.0,0.0
natural_full_finetune_fp32_test,up_blocks.3.resnets.0.norm2.bias,4,-1.7540401282639178e-07,6.279697623070585e-07,0.0,0.0
natural_full_finetune_fp32_test,up_blocks.3.resnets.1.norm2.bias,4,-2.8783725747252704e-08,4.8990929255283e-07,0.25,0.0
natural_full_finetune_fp32_test,mid_block.attentions.0.group_norm.weight,4,-7.695825168303747e-07,2.7097151845718037e-06,0.0,0.0
natural_full_finetune_fp32_test,mid_block.attentions.0.to_q.bias,4,-6.631046231494353e-09,1.0435307854203389e-07,0.5,0.0
natural_full_finetune_fp32_test,mid_block.resnets.0.conv1.weight,4,-2.531891511928745e-06,1.7152752029670722e-05,0.0,0.0
natural_full_finetune_fp32_test,mid_block.resnets.0.conv1.bias,4,-1.12615325647671e-08,3.112726767201416e-08,0.5,0.0
natural_full_finetune_fp32_test,mid_block.resnets.1.norm1.weight,4,-1.6837901709298337e-07,4.6069496651450125e-07,0.5,0.0
natural_full_finetune_fp32_test,mid_block.resnets.1.norm1.bias,4,-5.010817760035837e-10,3.8264855877355735e-07,0.5,0.0
natural_full_finetune_fp32_test,mid_block.resnets.1.conv1.weight,4,-7.666549869396121e-08,1.619519617125926e-05,0.5,0.0
natural_full_finetune_fp32_test,conv_out.bias,4,-2.443435168390496e-07,7.067510734700333e-06,0.5,0.0
natural_joint_finetune_fp32_test,up_blocks.2.resnets.1.conv2.weight,4,5.831977691885456e-05,9.21312989872521e-06,1.0,5.323745743160606
natural_joint_finetune_fp32_test,up_blocks.3.resnets.0.conv1.weight,4,3.399234308242707e-05,4.971809474613904e-06,1.0,5.06340964779676
natural_joint_finetune_fp32_test,up_blocks.2.resnets.2.conv1.weight,4,7.963097273952417e-05,2.2543685341369455e-05,1.0,3.278990967159514
natural_joint_finetune_fp32_test,up_blocks.2.resnets.1.conv1.weight,4,5.7314883751255004e-05,1.8417170377934776e-05,1.0,2.8431847203772733
natural_joint_finetune_fp32_test,up_blocks.2.resnets.0.conv1.weight,4,7.554833195363568e-05,4.302001357504816e-05,1.0,1.6877958364935974
natural_joint_finetune_fp32_test,up_blocks.2.resnets.0.conv2.weight,4,4.4092817938928425e-05,2.5591471762102693e-05,1.0,1.6131719666233448
natural_joint_finetune_fp32_test,up_blocks.2.upsamplers.0.conv.weight,4,0.00011925004027017124,7.301351669162834e-05,1.0,1.5952107537380982
natural_joint_finetune_fp32_test,up_blocks.2.resnets.0.conv_shortcut.weight,4,0.00016458202831892425,0.0001742485287956189,1.0,0.935178030601396
natural_joint_finetune_fp32_test,up_blocks.2.resnets.2.conv2.weight,4,5.066638738184889e-05,5.9155726515984565e-05,1.0,0.8319979854426113
natural_joint_finetune_fp32_test,up_blocks.1.resnets.2.conv1.weight,4,4.458985846328119e-05,5.936370691023986e-05,1.0,0.7297224783312607
natural_joint_finetune_fp32_test,up_blocks.3.resnets.1.conv1.weight,4,1.579357868808786e-05,2.08304118144706e-05,1.0,0.6996998754583009
natural_joint_finetune_fp32_test,up_blocks.3.resnets.2.conv1.weight,4,1.725982895600752e-05,2.6810517446000486e-05,1.0,0.6045042596353895
natural_joint_finetune_fp32_test,up_blocks.1.resnets.2.conv2.weight,4,5.428567630916687e-05,9.601451340646054e-05,0.75,0.5553179049488034
natural_joint_finetune_fp32_test,up_blocks.3.resnets.0.conv_shortcut.weight,4,6.951645212202504e-05,0.00012644803029798686,1.0,0.5422942145728269
natural_joint_finetune_fp32_test,up_blocks.1.resnets.1.conv1.weight,4,1.6775791197217735e-05,3.849789764219203e-05,1.0,0.416899440856058
natural_joint_finetune_fp32_test,up_blocks.1.resnets.1.conv2.weight,4,3.083472156102487e-05,7.326656304636368e-05,1.0,0.411085310190775
natural_joint_finetune_fp32_test,up_blocks.1.resnets.0.conv2.weight,4,2.7965219205911697e-05,6.960124232161896e-05,1.0,0.39198396365454397
natural_joint_finetune_fp32_test,up_blocks.1.upsamplers.0.conv.weight,4,0.00011728251495959189,0.00031177677908463333,1.0,0.37408506894073923
natural_joint_finetune_fp32_test,conv_out.weight,4,4.5287200643004675e-05,0.00012094411015049024,1.0,0.3691320667371118
natural_joint_finetune_fp32_test,up_blocks.3.resnets.1.conv2.weight,4,1.97146211369975e-05,6.583483868451239e-05,1.0,0.29173843017900086
natural_joint_finetune_fp32_test,up_blocks.3.resnets.0.conv2.weight,4,2.055725233250807e-05,7.205788409100527e-05,1.0,0.27855579951876774
natural_joint_finetune_fp32_test,up_blocks.0.upsamplers.0.conv.weight,4,3.9105500840322556e-05,0.0001892288570503832,1.0,0.20477259985378726
natural_joint_finetune_fp32_test,up_blocks.3.resnets.2.conv2.weight,4,1.2047824376759031e-05,5.777588801175602e-05,1.0,0.20242521550055825
natural_joint_finetune_fp32_test,up_blocks.0.resnets.1.conv2.weight,4,6.8765415202050675e-06,3.597475804121053e-05,0.75,0.18232290317669214
natural_joint_finetune_fp32_test,mid_block.resnets.0.conv2.weight,4,6.452516235713437e-06,4.423393806631247e-05,0.5,0.14034696650996745
natural_joint_finetune_fp32_test,up_blocks.0.resnets.2.norm1.weight,4,3.157674176786811e-07,5.394304187433539e-07,0.75,0.13843670388069496
natural_joint_finetune_fp32_test,mid_block.attentions.0.group_norm.weight,4,4.943253368390038e-07,1.97479839421966e-06,0.75,0.1330147556467468
natural_joint_finetune_fp32_test,up_blocks.3.resnets.1.norm1.bias,4,2.860150062816855e-07,7.031581545743446e-07,1.0,0.11699489789052227
natural_joint_finetune_fp32_test,conv_norm_out.weight,4,3.0427078524459165e-06,2.8646434556038983e-05,1.0,0.10012874447061255
natural_joint_finetune_fp32_test,up_blocks.0.resnets.0.norm1.bias,4,1.9673117732682734e-07,2.9087339734078555e-07,1.0,0.09679772907854141
natural_joint_finetune_fp32_test,mid_block.attentions.0.to_v.weight,4,1.7490948914764053e-06,1.7923338304414523e-05,0.75,0.08894520172001313
natural_joint_finetune_fp32_test,up_blocks.2.resnets.0.norm1.weight,4,1.9667185989903836e-07,5.123573323296422e-07,1.0,0.08725930033174735
natural_joint_finetune_fp32_test,up_blocks.0.resnets.2.norm2.bias,4,3.0100467472624867e-07,1.7845369463234124e-06,1.0,0.08536577277406193
natural_joint_finetune_fp32_test,up_blocks.2.resnets.1.norm1.weight,4,1.6039039880546932e-07,2.047777713636187e-07,0.5,0.08240789560866651
natural_joint_finetune_fp32_test,mid_block.attentions.0.to_out.0.weight,4,3.6383188355726512e-06,4.3890865363530306e-05,0.75,0.07973106631270911
natural_joint_finetune_fp32_test,conv_in.bias,4,5.788985915994854e-07,5.551591615663205e-06,1.0,0.07937606475411133
natural_joint_finetune_fp32_test,up_blocks.3.resnets.0.norm1.weight,4,2.0768075974142402e-07,8.98299879591435e-07,0.75,0.0786722876150501
natural_joint_finetune_fp32_test,conv_in.weight,4,1.0574457618195917e-05,0.0001456051117742757,1.0,0.07176585856034197
natural_joint_finetune_fp32_test,mid_block.resnets.1.conv2.weight,4,2.2544705295272436e-06,2.96730646579014e-05,1.0,0.07176508844978895
natural_joint_finetune_fp32_test,mid_block.resnets.0.norm1.bias,4,3.3603238067550626e-07,3.1578379771747413e-06,1.0,0.06858700731287509
natural_joint_finetune_fp32_test,up_blocks.0.resnets.0.norm2.weight,4,1.7255623284433493e-07,8.175495182924153e-07,1.0,0.06742925648650212
natural_joint_finetune_fp32_test,up_blocks.0.resnets.2.norm1.bias,4,1.5476036051869923e-07,6.502922842867892e-07,1.0,0.06470419386846675
natural_joint_finetune_fp32_test,mid_block.attentions.0.to_out.0.bias,4,1.3348341906549165e-07,3.6536608635625627e-07,1.0,0.06335574889837894
natural_joint_finetune_fp32_test,up_blocks.0.resnets.1.norm2.weight,4,1.6269362702601144e-07,8.536501111818456e-07,0.75,0.06269090179197308
natural_joint_finetune_fp32_test,up_blocks.0.resnets.2.conv2.weight,4,2.713643058690132e-06,4.3495442039804015e-05,0.5,0.05998729505696101
natural_joint_finetune_fp32_test,up_blocks.3.resnets.1.norm2.weight,4,2.9883785722515825e-07,3.5765638852195856e-06,1.0,0.05619275640108457
natural_joint_finetune_fp32_test,up_blocks.0.resnets.2.norm2.weight,4,1.4458784796582127e-07,8.538735472254617e-07,0.5,0.05570938701629386
natural_joint_finetune_fp32_test,up_blocks.3.resnets.0.norm1.bias,4,1.0936771776748756e-07,5.46549217444094e-07,1.0,0.047799105766474774
natural_joint_finetune_fp32_test,up_blocks.3.resnets.0.norm2.weight,4,4.6985417258752803e-07,8.117580645340735e-06,1.0,0.047656894316427036
natural_joint_finetune_fp32_test,up_blocks.3.resnets.2.norm1.bias,4,4.5157818059650965e-07,7.758042742355629e-06,0.75,0.0475367275216187
natural_joint_finetune_fp32_test,up_blocks.1.resnets.0.conv1.weight,4,1.8923440945239396e-06,4.1964215666725235e-05,0.75,0.04329738455645006
natural_joint_finetune_fp32_test,up_blocks.1.resnets.1.conv1.bias,4,7.900117194825924e-08,9.112039347056792e-08,1.0,0.043107814500670576
natural_joint_finetune_fp32_test,mid_block.resnets.0.conv2.bias,4,8.560286328724321e-08,5.037390772529677e-07,0.75,0.03812603190958886
natural_joint_finetune_fp32_test,up_blocks.3.resnets.2.norm2.weight,4,2.6028413533590173e-07,5.26960123052731e-06,0.75,0.037124460392656544
natural_joint_finetune_fp32_test,up_blocks.3.resnets.1.conv1.bias,4,7.100663237389242e-08,2.5078169515946616e-07,1.0,0.03564048123654285
natural_joint_finetune_fp32_test,up_blocks.3.resnets.2.conv1.bias,4,9.68359317135943e-08,1.0864888710058048e-06,1.0,0.03424172149279158
natural_joint_finetune_fp32_test,mid_block.resnets.1.norm1.bias,4,7.648574584304098e-08,5.373669259659921e-07,0.5,0.03356274775320245
natural_joint_finetune_fp32_test,up_blocks.2.resnets.2.norm2.weight,4,2.1475162070533457e-07,4.824699910120832e-06,1.0,0.03270551182367035
natural_joint_finetune_fp32_test,up_blocks.0.resnets.0.norm1.weight,4,6.443700509201236e-08,3.3823185237770515e-07,0.75,0.030983008482958506
natural_joint_finetune_fp32_test,up_blocks.2.resnets.0.norm2.bias,4,5.552479937199197e-08,2.858186283385694e-07,0.5,0.027388008566148696
natural_joint_finetune_fp32_test,up_blocks.3.resnets.1.norm1.weight,4,6.091312515645783e-08,5.344275752598558e-07,0.75,0.026763838889518613
natural_joint_finetune_fp32_test,mid_block.resnets.1.conv2.bias,4,5.5765291367269205e-08,3.491838174745764e-07,0.75,0.026672960595846663
natural_joint_finetune_fp32_test,up_blocks.2.resnets.1.conv1.bias,4,4.712963809313601e-08,4.282035887089207e-08,0.75,0.02641290229927161
natural_joint_finetune_fp32_test,up_blocks.1.resnets.2.conv1.bias,4,4.2492789825273264e-08,5.343972036850641e-08,0.5,0.023673379398736125
natural_joint_finetune_fp32_test,up_blocks.1.resnets.2.conv2.bias,4,3.9708882330072074e-08,6.588406720817911e-08,1.0,0.021970104892127543
natural_joint_finetune_fp32_test,up_blocks.0.resnets.1.conv2.bias,4,4.014618570733723e-08,2.1310028050939977e-07,0.75,0.020539110522089444
natural_joint_finetune_fp32_test,mid_block.resnets.0.norm2.bias,4,8.479911677642516e-08,2.550616469171561e-06,0.75,0.019756849427395203
natural_joint_finetune_fp32_test,up_blocks.3.resnets.2.norm2.bias,4,1.0620070027400295e-07,3.914304777926039e-06,1.0,0.018777222198870767
natural_joint_finetune_fp32_test,up_blocks.1.resnets.0.conv2.bias,4,3.1784600957182066e-08,6.394485653798738e-08,0.75,0.017604652062999868
natural_joint_finetune_fp32_test,up_blocks.1.resnets.0.norm1.bias,4,3.45962986337867e-08,4.619782799674618e-07,0.5,0.015700616062633146
natural_joint_finetune_fp32_test,up_blocks.1.resnets.1.conv2.bias,4,2.7785862308572177e-08,5.0076315993199066e-08,1.0,0.01550898722924131
natural_joint_finetune_fp32_test,up_blocks.2.resnets.1.norm2.bias,4,2.1439615209390447e-08,1.4158051485848702e-07,0.25,0.011385266947869134
natural_joint_finetune_fp32_test,up_blocks.1.resnets.0.norm1.weight,4,2.3414436546883157e-08,4.436833640126382e-07,0.5,0.010714986325336994
natural_joint_finetune_fp32_test,mid_block.resnets.1.norm1.weight,4,2.0336156528784525e-08,2.505960712134805e-07,0.75,0.010208313172513273
natural_joint_finetune_fp32_test,up_blocks.0.resnets.2.conv1.bias,4,1.7583395098587514e-08,1.9292184172292099e-07,1.0,0.009089642404521306
natural_joint_finetune_fp32_test,mid_block.attentions.0.to_q.bias,4,1.2961618150171751e-08,1.3856283548707937e-07,0.75,0.006894169734366494
natural_joint_finetune_fp32_test,up_blocks.2.resnets.0.norm1.bias,4,1.5465432104981262e-08,6.677896393372288e-07,0.75,0.006419027440037595
natural_joint_finetune_fp32_test,mid_block.resnets.1.conv1.bias,4,1.0015359372380915e-08,2.3618853776911517e-08,0.5,0.005673974482793123
natural_joint_finetune_fp32_test,up_blocks.3.resnets.0.conv2.bias,4,9.874922506071748e-09,1.4545556563151667e-08,0.75,0.005623318543117351
natural_joint_finetune_fp32_test,up_blocks.3.resnets.0.conv_shortcut.bias,4,9.87486227084526e-09,1.4545386439775883e-08,0.75,0.005623284786669556
natural_joint_finetune_fp32_test,up_blocks.1.resnets.1.norm2.bias,4,1.0985465619835114e-08,4.1086708648553595e-07,0.75,0.005103849484251947
natural_joint_finetune_fp32_test,up_blocks.2.resnets.2.norm1.weight,4,9.236303310537252e-09,5.590114808276776e-07,0.75,0.004014854283676468
natural_joint_finetune_fp32_test,up_blocks.3.resnets.1.conv2.bias,4,6.341671166390863e-09,2.038010887981253e-08,0.75,0.0035993340227668527
natural_joint_finetune_fp32_test,up_blocks.1.resnets.0.norm2.bias,4,7.125003616421733e-09,4.681073620276344e-07,0.5,0.0032245255522496824
natural_joint_finetune_fp32_test,up_blocks.2.resnets.1.conv2.bias,4,4.199261471163568e-09,1.0211316811349462e-07,0.5,0.0022777084462480513
natural_joint_finetune_fp32_test,up_blocks.3.resnets.2.conv2.bias,4,2.6722092319274767e-09,1.0098743035205744e-07,0.75,0.0014503103280728812
natural_joint_finetune_fp32_test,up_blocks.1.upsamplers.0.conv.bias,4,2.0971366460485163e-09,2.6229987070647322e-08,0.25,0.0011863302448504162
natural_joint_finetune_fp32_test,up_blocks.1.resnets.0.conv1.bias,4,1.8260446069232952e-09,3.149520894920704e-08,0.75,0.0010299084900297546
natural_joint_finetune_fp32_test,up_blocks.2.upsamplers.0.conv.bias,4,1.4271595897789398e-09,2.2966634765667878e-08,1.0,0.0008088237263432272
natural_joint_finetune_fp32_test,up_blocks.0.upsamplers.0.conv.bias,4,7.474278987328446e-10,4.8115494533057974e-08,0.75,0.0004176422619818966
natural_joint_finetune_fp32_test,up_blocks.0.resnets.0.conv1.bias,4,4.3649749120896906e-10,5.471574752743833e-08,0.5,0.00024300663816808664
natural_joint_finetune_fp32_test,up_blocks.2.resnets.0.conv1.bias,4,3.382827883958256e-10,5.3764812436849055e-08,0.5,0.0001884283587116647
natural_joint_finetune_fp32_test,mid_block.attentions.0.to_k.bias,4,1.2353416479265018e-16,1.6597222363904396e-16,1.0,7.093463342429298e-11
natural_joint_finetune_fp32_test,up_blocks.0.resnets.0.conv1.weight,4,-1.966175538579293e-06,1.8888015665139205e-05,0.0,0.0
natural_joint_finetune_fp32_test,up_blocks.0.resnets.0.norm2.bias,4,-1.0314076616182557e-07,1.591067412581632e-06,0.75,0.0
natural_joint_finetune_fp32_test,up_blocks.0.resnets.0.conv2.weight,4,-3.3525064416905703e-06,2.7658633665069843e-05,0.0,0.0
natural_joint_finetune_fp32_test,up_blocks.0.resnets.0.conv2.bias,4,-3.22202061715644e-08,3.0134665194758175e-07,0.25,0.0
natural_joint_finetune_fp32_test,up_blocks.0.resnets.1.norm1.weight,4,-5.816025244927872e-07,5.170194549909935e-07,0.0,0.0
natural_joint_finetune_fp32_test,up_blocks.0.resnets.1.norm1.bias,4,-4.217460034290402e-08,1.6765829382623266e-07,0.5,0.0
natural_joint_finetune_fp32_test,up_blocks.0.resnets.1.conv1.weight,4,-3.797629152471968e-06,2.2172707673869958e-05,0.0,0.0
natural_joint_finetune_fp32_test,up_blocks.0.resnets.1.conv1.bias,4,-2.144025553610776e-08,9.480150032756026e-08,0.0,0.0
natural_joint_finetune_fp32_test,up_blocks.0.resnets.1.norm2.bias,4,-9.098537725414046e-09,8.78475195220733e-07,0.25,0.0
natural_joint_finetune_fp32_test,up_blocks.0.resnets.2.conv1.weight,4,-1.262339540032402e-06,1.3263626380215029e-05,0.75,0.0
natural_joint_finetune_fp32_test,up_blocks.0.resnets.2.conv2.bias,4,-8.390163747219984e-09,2.183150609498207e-07,0.25,0.0
natural_joint_finetune_fp32_test,up_blocks.1.resnets.0.norm2.weight,4,-8.179019733402079e-08,4.4813791108229463e-07,0.5,0.0
natural_joint_finetune_fp32_test,up_blocks.1.resnets.1.norm1.weight,4,-1.4705223719119918e-07,4.5405969365432774e-07,0.25,0.0
natural_joint_finetune_fp32_test,up_blocks.1.resnets.1.norm1.bias,4,-4.0283682193861565e-08,6.002131258153565e-07,0.75,0.0
natural_joint_finetune_fp32_test,up_blocks.1.resnets.1.norm2.weight,4,-1.300192219883776e-07,3.4600031581407805e-07,0.5,0.0
natural_joint_finetune_fp32_test,up_blocks.1.resnets.2.norm1.weight,4,-1.4460895570412043e-09,5.463863926252264e-07,0.5,0.0
natural_joint_finetune_fp32_test,up_blocks.1.resnets.2.norm1.bias,4,-1.1905786250266625e-07,9.11647962267282e-07,0.25,0.0
natural_joint_finetune_fp32_test,up_blocks.1.resnets.2.norm2.weight,4,-3.0199459364613077e-07,7.44005518407909e-07,0.5,0.0
natural_joint_finetune_fp32_test,up_blocks.1.resnets.2.norm2.bias,4,-1.824058589983153e-07,3.49727168215381e-07,0.0,0.0
natural_joint_finetune_fp32_test,up_blocks.2.resnets.0.norm2.weight,4,-1.7851608127412626e-07,6.107801334626045e-07,0.25,0.0
natural_joint_finetune_fp32_test,up_blocks.2.resnets.0.conv2.bias,4,-3.270579302916237e-09,8.325392900836434e-08,0.25,0.0
natural_joint_finetune_fp32_test,up_blocks.2.resnets.0.conv_shortcut.bias,4,-3.270945582612824e-09,8.325336095473323e-08,0.25,0.0
natural_joint_finetune_fp32_test,up_blocks.2.resnets.1.norm1.bias,4,-8.627070278943462e-08,2.169893882311688e-07,0.25,0.0
natural_joint_finetune_fp32_test,up_blocks.2.resnets.1.norm2.weight,4,-1.6271697146211393e-07,1.8026064133653924e-07,0.25,0.0
natural_joint_finetune_fp32_test,up_blocks.2.resnets.2.norm1.bias,4,-3.906647117710358e-08,6.401888965635732e-07,0.5,0.0
natural_joint_finetune_fp32_test,up_blocks.2.resnets.2.conv1.bias,4,-2.64542006588957e-08,1.2774751800611675e-07,0.25,0.0
natural_joint_finetune_fp32_test,up_blocks.2.resnets.2.norm2.bias,4,-4.5931293016703047e-08,4.326827927700862e-07,0.0,0.0
natural_joint_finetune_fp32_test,up_blocks.2.resnets.2.conv2.bias,4,-2.1598385511307742e-08,1.0676198858221075e-07,0.0,0.0
natural_joint_finetune_fp32_test,up_blocks.3.resnets.0.conv1.bias,4,-5.1465775946433074e-08,1.5193135027961467e-07,0.0,0.0
natural_joint_finetune_fp32_test,up_blocks.3.resnets.0.norm2.bias,4,-5.4989436732929414e-08,6.023710655299069e-07,0.5,0.0
natural_joint_finetune_fp32_test,up_blocks.3.resnets.1.norm2.bias,4,-1.7774464280353258e-08,5.445700585335132e-07,0.5,0.0
natural_joint_finetune_fp32_test,up_blocks.3.resnets.2.norm1.weight,4,-1.7884938129864814e-07,3.239212476013818e-06,0.0,0.0
natural_joint_finetune_fp32_test,mid_block.attentions.0.group_norm.bias,4,-1.7822428096370856e-07,7.500014935046291e-07,0.25,0.0
natural_joint_finetune_fp32_test,mid_block.attentions.0.to_q.weight,4,-8.22065490095285e-08,3.046469040800849e-06,0.75,0.0
natural_joint_finetune_fp32_test,mid_block.attentions.0.to_k.weight,4,-6.788015495956534e-08,3.4018692651584784e-06,0.5,0.0
natural_joint_finetune_fp32_test,mid_block.attentions.0.to_v.bias,4,-7.250968742717706e-09,1.2742892529594287e-07,0.5,0.0
natural_joint_finetune_fp32_test,mid_block.resnets.0.norm1.weight,4,-1.5072902091961466e-07,1.2902228158640323e-06,0.25,0.0
natural_joint_finetune_fp32_test,mid_block.resnets.0.conv1.weight,4,-4.298203046686223e-06,9.963557108612776e-06,0.25,0.0
natural_joint_finetune_fp32_test,mid_block.resnets.0.conv1.bias,4,-5.106445976865983e-09,3.526906774247063e-08,0.0,0.0
natural_joint_finetune_fp32_test,mid_block.resnets.0.norm2.weight,4,-1.3823514434602658e-07,1.2754409993892882e-06,0.5,0.0
natural_joint_finetune_fp32_test,mid_block.resnets.1.conv1.weight,4,-4.7270119528857776e-07,1.9484816069075344e-05,0.25,0.0
natural_joint_finetune_fp32_test,mid_block.resnets.1.norm2.weight,4,-2.756106084286015e-07,7.660697466674263e-07,0.25,0.0
natural_joint_finetune_fp32_test,mid_block.resnets.1.norm2.bias,4,-2.4238636442791324e-07,8.247291832515194e-07,0.25,0.0
natural_joint_finetune_fp32_test,conv_norm_out.bias,4,-2.3815301934489812e-07,4.370123648660863e-06,0.0,0.0
natural_joint_finetune_fp32_test,conv_out.bias,4,-1.2835692908857524e-07,6.326534397826697e-06,0.25,0.0
natural_joint_finetune_rtn_w4_c1.0_test,up_blocks.3.resnets.0.conv1.weight,4,3.9138809961656824e-05,6.317051434650034e-06,1.0,4.888563806606855
natural_joint_finetune_rtn_w4_c1.0_test,up_blocks.2.resnets.2.conv1.weight,4,7.44024439933347e-05,1.7858959708955834e-05,1.0,3.806120286083391
natural_joint_finetune_rtn_w4_c1.0_test,up_blocks.2.resnets.1.conv2.weight,4,5.355584427689069e-05,1.2430182352186046e-05,1.0,3.793087082396467
natural_joint_finetune_rtn_w4_c1.0_test,up_blocks.2.resnets.1.conv1.weight,4,5.780627451926721e-05,1.544125352722913e-05,1.0,3.374484780009815
natural_joint_finetune_rtn_w4_c1.0_test,up_blocks.2.resnets.0.conv1.weight,4,8.169863348425046e-05,4.4760882134187974e-05,1.0,1.7588500094206632
natural_joint_finetune_rtn_w4_c1.0_test,up_blocks.2.upsamplers.0.conv.weight,4,0.00012130714920548978,8.345762453789416e-05,1.0,1.4246829043338802
natural_joint_finetune_rtn_w4_c1.0_test,up_blocks.2.resnets.0.conv2.weight,4,3.757518676296502e-05,2.5018085304437345e-05,1.0,1.4069292875947783
natural_joint_finetune_rtn_w4_c1.0_test,up_blocks.3.resnets.1.conv1.weight,4,1.9533653734799036e-05,1.615723160121543e-05,1.0,1.0945444229563794
natural_joint_finetune_rtn_w4_c1.0_test,up_blocks.2.resnets.2.conv2.weight,4,4.90443168855087e-05,5.217802126383737e-05,1.0,0.9104677083744307
natural_joint_finetune_rtn_w4_c1.0_test,up_blocks.2.resnets.0.conv_shortcut.weight,4,0.00015802234988707224,0.0001765834292939593,1.0,0.8864086306649362
natural_joint_finetune_rtn_w4_c1.0_test,up_blocks.1.resnets.2.conv1.weight,4,4.098636496908243e-05,6.471673228376399e-05,1.0,0.6172098864647312
natural_joint_finetune_rtn_w4_c1.0_test,up_blocks.3.resnets.0.conv_shortcut.weight,4,6.50894553185666e-05,0.00011469326897727965,1.0,0.55927224910494
natural_joint_finetune_rtn_w4_c1.0_test,up_blocks.3.resnets.2.conv1.weight,4,1.5532103311270857e-05,2.9668485446456397e-05,1.0,0.4953213076210075
natural_joint_finetune_rtn_w4_c1.0_test,up_blocks.1.resnets.2.conv2.weight,4,4.9619688957209575e-05,0.00010126436541855044,1.0,0.4819620815480731
natural_joint_finetune_rtn_w4_c1.0_test,up_blocks.1.resnets.0.conv2.weight,4,3.01055668273548e-05,7.10917393776368e-05,1.0,0.41364661093619337
natural_joint_finetune_rtn_w4_c1.0_test,conv_out.weight,4,4.4506730302231575e-05,0.00011833283086322923,1.0,0.3708215048721271
natural_joint_finetune_rtn_w4_c1.0_test,up_blocks.1.upsamplers.0.conv.weight,4,0.00011178483551459052,0.0003000410315111377,1.0,0.37047946682956373
natural_joint_finetune_rtn_w4_c1.0_test,up_blocks.1.resnets.1.conv1.weight,4,1.619050917787901e-05,4.21549125292866e-05,1.0,0.36927486865563613
natural_joint_finetune_rtn_w4_c1.0_test,up_blocks.1.resnets.1.conv2.weight,4,2.8978835437877853e-05,7.989588727219213e-05,1.0,0.35519793350522455
natural_joint_finetune_rtn_w4_c1.0_test,up_blocks.3.resnets.0.conv2.weight,4,1.9998441944313225e-05,6.140000630994134e-05,1.0,0.3169870099778144
natural_joint_finetune_rtn_w4_c1.0_test,up_blocks.0.resnets.1.conv2.weight,4,1.07331480030302e-05,3.304358458144849e-05,0.75,0.3090211347226084
natural_joint_finetune_rtn_w4_c1.0_test,up_blocks.3.resnets.2.conv2.weight,4,1.3485577502130083e-05,4.450709298445032e-05,1.0,0.29191937746852725
natural_joint_finetune_rtn_w4_c1.0_test,up_blocks.3.resnets.1.conv2.weight,4,1.6312354852858637e-05,5.736146327364409e-05,1.0,0.2762436304481933
natural_joint_finetune_rtn_w4_c1.0_test,mid_block.attentions.0.to_q.weight,4,8.589350110110383e-07,2.362540443102786e-06,0.5,0.21199441145513684
natural_joint_finetune_rtn_w4_c1.0_test,conv_in.bias,4,1.3460854900938197e-06,4.822384340071741e-06,1.0,0.20672334994595107
natural_joint_finetune_rtn_w4_c1.0_test,mid_block.resnets.0.conv2.weight,4,9.993106556038101e-06,4.804438343974959e-05,0.75,0.20093298318439126
natural_joint_finetune_rtn_w4_c1.0_test,up_blocks.0.upsamplers.0.conv.weight,4,3.112654487465166e-05,0.00017040143583486674,1.0,0.18087302880538367
natural_joint_finetune_rtn_w4_c1.0_test,up_blocks.1.resnets.0.conv1.weight,4,7.780580801919854e-06,4.553556872532658e-05,1.0,0.1647565421541337
natural_joint_finetune_rtn_w4_c1.0_test,mid_block.attentions.0.to_out.0.weight,4,6.048894019549693e-06,3.655520250480072e-05,1.0,0.15816438664693883
natural_joint_finetune_rtn_w4_c1.0_test,up_blocks.2.resnets.0.norm1.weight,4,3.191724546708806e-07,4.831423761911311e-07,1.0,0.14692909531822804
natural_joint_finetune_rtn_w4_c1.0_test,mid_block.resnets.0.norm1.bias,4,6.411304691996543e-07,2.861531510130493e-06,1.0,0.14088679820462918
natural_joint_finetune_rtn_w4_c1.0_test,up_blocks.3.resnets.1.norm1.bias,4,3.2391300989909996e-07,6.391676492319876e-07,1.0,0.13911911135279123
natural_joint_finetune_rtn_w4_c1.0_test,mid_block.attentions.0.to_v.weight,4,2.1525152347724578e-06,1.4255593692683976e-05,1.0,0.13499845056628834
natural_joint_finetune_rtn_w4_c1.0_test,up_blocks.0.resnets.0.norm1.weight,4,2.401006883085006e-07,1.0046801286975682e-07,0.75,0.13416334779967373
natural_joint_finetune_rtn_w4_c1.0_test,conv_norm_out.weight,4,2.982397313099773e-06,2.5567873402024553e-05,1.0,0.10941758535634383
natural_joint_finetune_rtn_w4_c1.0_test,up_blocks.0.resnets.2.norm1.weight,4,2.2993370624335555e-07,5.359656528879994e-07,0.75,0.10333577800503868
natural_joint_finetune_rtn_w4_c1.0_test,conv_in.weight,4,1.3130781933867015e-05,0.00014512855759554229,1.0,0.0894359573692517
natural_joint_finetune_rtn_w4_c1.0_test,mid_block.attentions.0.to_out.0.bias,4,1.6611921371119468e-07,2.6890246236071456e-07,1.0,0.08483914756840291
natural_joint_finetune_rtn_w4_c1.0_test,up_blocks.3.resnets.0.norm1.weight,4,1.928249900927075e-07,7.231792105936731e-07,0.5,0.0799332282992347
natural_joint_finetune_rtn_w4_c1.0_test,up_blocks.3.resnets.1.norm2.weight,4,3.2164927607096346e-07,2.752590176392183e-06,1.0,0.07241520422154328
natural_joint_finetune_rtn_w4_c1.0_test,up_blocks.3.resnets.1.conv1.bias,4,1.2582302795159204e-07,2.0517787225313696e-07,1.0,0.0664210537899178
natural_joint_finetune_rtn_w4_c1.0_test,up_blocks.3.resnets.2.norm1.bias,4,5.562130926294909e-07,6.785489487771446e-06,1.0,0.06563268163820649
natural_joint_finetune_rtn_w4_c1.0_test,up_blocks.3.resnets.2.conv1.bias,4,1.621309369452811e-07,8.581887518995266e-07,1.0,0.06364726833149548
natural_joint_finetune_rtn_w4_c1.0_test,up_blocks.0.resnets.2.conv2.weight,4,2.396529451471709e-06,3.986825350992445e-05,0.5,0.057667935070181905
natural_joint_finetune_rtn_w4_c1.0_test,up_blocks.1.resnets.0.norm1.weight,4,1.284821423696519e-07,5.58675978934424e-07,0.75,0.0571584889879188
natural_joint_finetune_rtn_w4_c1.0_test,up_blocks.0.resnets.0.norm1.bias,4,1.162900569143766e-07,3.50725243521212e-07,0.75,0.05700851111776051
natural_joint_finetune_rtn_w4_c1.0_test,up_blocks.3.resnets.0.norm2.weight,4,4.660141195350001e-07,6.78391523888845e-06,1.0,0.05499949465263778
natural_joint_finetune_rtn_w4_c1.0_test,up_blocks.2.resnets.1.norm1.weight,4,1.0324520849651824e-07,2.6438685006658675e-07,0.5,0.0528504941989187
natural_joint_finetune_rtn_w4_c1.0_test,mid_block.resnets.0.norm1.weight,4,1.4665426935949572e-07,1.1511200445014576e-06,1.0,0.05163397930340016
natural_joint_finetune_rtn_w4_c1.0_test,up_blocks.1.resnets.1.conv1.bias,4,8.410737555174207e-08,1.066731384271712e-07,1.0,0.046835087927472964
natural_joint_finetune_rtn_w4_c1.0_test,up_blocks.1.resnets.2.conv1.bias,4,7.325067758419106e-08,3.7160592578473356e-08,0.75,0.04243200614429896
natural_joint_finetune_rtn_w4_c1.0_test,up_blocks.0.resnets.2.norm2.bias,4,1.3612190591826186e-07,1.523245325732531e-06,0.75,0.042374003198789714
natural_joint_finetune_rtn_w4_c1.0_test,mid_block.attentions.0.group_norm.weight,4,1.558552588862105e-07,2.20207321711274e-06,0.75,0.040053059462030166
natural_joint_finetune_rtn_w4_c1.0_test,mid_block.resnets.1.norm2.bias,4,8.76927480488951e-08,5.746961062580682e-07,0.75,0.03873623712484874
natural_joint_finetune_rtn_w4_c1.0_test,up_blocks.0.resnets.2.norm1.bias,4,8.923809947435586e-08,7.922342603747365e-07,0.75,0.035963080374060145
natural_joint_finetune_rtn_w4_c1.0_test,mid_block.resnets.1.conv2.weight,4,8.796161146233869e-07,2.3572362449355462e-05,0.5,0.03482041048124478
natural_joint_finetune_rtn_w4_c1.0_test,up_blocks.2.resnets.0.norm2.bias,4,6.716254358671385e-08,2.9358765730280035e-07,0.75,0.03387369900643314
natural_joint_finetune_rtn_w4_c1.0_test,up_blocks.3.resnets.0.norm1.bias,4,7.335521684583036e-08,6.023011444389239e-07,1.0,0.03201260726400229
natural_joint_finetune_rtn_w4_c1.0_test,mid_block.resnets.0.conv2.bias,4,6.304806120284736e-08,5.190974484795625e-07,0.75,0.02855121974582522
natural_joint_finetune_rtn_w4_c1.0_test,up_blocks.2.resnets.2.norm2.weight,4,1.6425013723884444e-07,4.102183409748466e-06,0.75,0.028361384490416006
natural_joint_finetune_rtn_w4_c1.0_test,up_blocks.3.resnets.2.norm2.weight,4,1.6858405843271326e-07,4.369064216993104e-06,0.75,0.02782736742020331
natural_joint_finetune_rtn_w4_c1.0_test,up_blocks.3.resnets.2.norm2.bias,4,1.304891523606604e-07,3.1810622812687472e-06,0.75,0.026793337909543524
natural_joint_finetune_rtn_w4_c1.0_test,up_blocks.1.resnets.1.norm2.bias,4,5.6631517323057634e-08,5.414980455766548e-07,0.75,0.025387960079885537
natural_joint_finetune_rtn_w4_c1.0_test,mid_block.resnets.1.norm1.bias,4,5.418670744961346e-08,6.179929557804535e-07,0.75,0.02348653214897562
natural_joint_finetune_rtn_w4_c1.0_test,up_blocks.2.resnets.1.conv1.bias,4,3.687605871998735e-08,6.456894868693296e-08,0.5,0.02102738876753915
natural_joint_finetune_rtn_w4_c1.0_test,up_blocks.1.resnets.0.conv2.bias,4,3.525290969450361e-08,6.288871765865317e-08,1.0,0.02012111813786213
natural_joint_finetune_rtn_w4_c1.0_test,mid_block.attentions.0.to_q.bias,4,3.662937992038951e-08,1.3807296724046734e-07,1.0,0.02004651246693961
natural_joint_finetune_rtn_w4_c1.0_test,mid_block.resnets.1.conv2.bias,4,3.75428430855726e-08,3.3072212256218446e-07,1.0,0.018586773777225996
natural_joint_finetune_rtn_w4_c1.0_test,up_blocks.3.resnets.1.norm1.weight,4,3.4907461828048677e-08,2.208426853910171e-07,0.75,0.01827626050929264
natural_joint_finetune_rtn_w4_c1.0_test,up_blocks.1.resnets.2.conv2.bias,4,3.2215241114769366e-08,8.247200649868475e-08,1.0,0.018184072417566022
natural_joint_finetune_rtn_w4_c1.0_test,up_blocks.1.resnets.0.norm2.bias,4,3.338836502683448e-08,4.6832689838949183e-07,0.5,0.015475677910050563
natural_joint_finetune_rtn_w4_c1.0_test,up_blocks.3.resnets.1.norm2.bias,4,2.7189952603663075e-08,3.60131989971568e-07,0.5,0.013268060614056254
natural_joint_finetune_rtn_w4_c1.0_test,up_blocks.0.resnets.2.conv1.bias,4,2.3533877982212207e-08,1.6827757032417507e-07,1.0,0.012670168884382126
natural_joint_finetune_rtn_w4_c1.0_test,mid_block.resnets.1.conv1.bias,4,2.096591698760125e-08,1.8604822676727755e-08,0.75,0.012276913757244722
natural_joint_finetune_rtn_w4_c1.0_test,up_blocks.0.upsamplers.0.conv.bias,4,1.9557811360192527e-08,3.9563799601002184e-08,1.0,0.011313526728505883
natural_joint_finetune_rtn_w4_c1.0_test,up_blocks.1.resnets.1.conv2.bias,4,1.8748663851423824e-08,6.29157881516003e-08,1.0,0.010700911070505296
natural_joint_finetune_rtn_w4_c1.0_test,up_blocks.2.resnets.1.norm2.bias,4,1.3311806637004174e-08,1.6453315355823077e-07,0.5,0.007181287156366186
natural_joint_finetune_rtn_w4_c1.0_test,up_blocks.0.resnets.0.conv1.bias,4,1.2332845270387813e-08,4.8013205963216013e-08,0.75,0.007099430459789932
natural_joint_finetune_rtn_w4_c1.0_test,up_blocks.3.resnets.0.conv2.bias,4,1.1289409541300813e-08,1.624425870971423e-08,1.0,0.006619837004102861
natural_joint_finetune_rtn_w4_c1.0_test,up_blocks.3.resnets.0.conv_shortcut.bias,4,1.128933125420889e-08,1.6244739535524412e-08,1.0,0.006619789232029484
natural_joint_finetune_rtn_w4_c1.0_test,mid_block.attentions.0.to_v.bias,4,9.967524796781507e-09,1.5776168743647654e-07,0.5,0.005396870457222047
natural_joint_finetune_rtn_w4_c1.0_test,up_blocks.0.resnets.0.norm2.weight,4,9.209519223493958e-09,6.071411942808166e-07,0.75,0.004010611922970752
natural_joint_finetune_rtn_w4_c1.0_test,up_blocks.3.resnets.1.conv2.bias,4,5.852300207505801e-09,2.393288215052784e-08,0.75,0.003416245570535864
natural_joint_finetune_rtn_w4_c1.0_test,up_blocks.3.resnets.2.conv2.bias,4,4.8915580784886394e-09,8.434318678025336e-08,1.0,0.002758154066144855
natural_joint_finetune_rtn_w4_c1.0_test,up_blocks.2.upsamplers.0.conv.bias,4,2.3760996763750595e-09,2.508217324699553e-08,0.75,0.0013861041813789706
natural_joint_finetune_rtn_w4_c1.0_test,mid_block.resnets.0.norm2.bias,4,4.664244290594213e-09,2.8998640400375854e-06,0.5,0.0010163943063340502
natural_joint_finetune_rtn_w4_c1.0_test,up_blocks.1.upsamplers.0.conv.bias,4,1.7146904751974095e-09,2.226407048451119e-08,0.25,0.0010019164309758267
natural_joint_finetune_rtn_w4_c1.0_test,mid_block.resnets.1.norm1.weight,4,1.6855198090845228e-11,3.5164296090406376e-07,0.75,8.259155367298654e-06
natural_joint_finetune_rtn_w4_c1.0_test,up_blocks.0.resnets.0.conv1.weight,4,-2.4480058822452123e-06,1.7568729155707976e-05,0.5,0.0
natural_joint_finetune_rtn_w4_c1.0_test,up_blocks.0.resnets.0.norm2.bias,4,-1.225044950567488e-07,1.2128876010301883e-06,0.5,0.0
natural_joint_finetune_rtn_w4_c1.0_test,up_blocks.0.resnets.0.conv2.weight,4,-1.2646216551557749e-06,2.8809574130429235e-05,0.5,0.0
natural_joint_finetune_rtn_w4_c1.0_test,up_blocks.0.resnets.0.conv2.bias,4,-7.442571079635176e-08,2.6011295477716886e-07,0.0,0.0
natural_joint_finetune_rtn_w4_c1.0_test,up_blocks.0.resnets.1.norm1.weight,4,-5.606526251133048e-07,3.9874626108021083e-07,0.0,0.0
natural_joint_finetune_rtn_w4_c1.0_test,up_blocks.0.resnets.1.norm1.bias,4,-4.2849688214918255e-08,1.5729888638989635e-07,0.25,0.0
natural_joint_finetune_rtn_w4_c1.0_test,up_blocks.0.resnets.1.conv1.weight,4,-1.4400688787492645e-06,2.2633484110316818e-05,0.0,0.0
natural_joint_finetune_rtn_w4_c1.0_test,up_blocks.0.resnets.1.conv1.bias,4,-3.044761444425957e-08,1.2448272107248483e-07,0.0,0.0
natural_joint_finetune_rtn_w4_c1.0_test,up_blocks.0.resnets.1.norm2.weight,4,-1.8165023037115578e-07,7.960594089482826e-07,0.5,0.0
natural_joint_finetune_rtn_w4_c1.0_test,up_blocks.0.resnets.1.norm2.bias,4,-4.243760460794426e-08,8.952322069150764e-07,0.25,0.0
natural_joint_finetune_rtn_w4_c1.0_test,up_blocks.0.resnets.1.conv2.bias,4,-3.7052717307120144e-08,2.1885517860825877e-07,0.0,0.0
natural_joint_finetune_rtn_w4_c1.0_test,up_blocks.0.resnets.2.conv1.weight,4,-4.36063710389575e-08,1.9216978843210852e-05,0.5,0.0
natural_joint_finetune_rtn_w4_c1.0_test,up_blocks.0.resnets.2.norm2.weight,4,-2.3188503542473278e-08,1.247713373674668e-06,0.25,0.0
natural_joint_finetune_rtn_w4_c1.0_test,up_blocks.0.resnets.2.conv2.bias,4,-3.9305868411945156e-09,1.5844514036607636e-07,0.25,0.0
natural_joint_finetune_rtn_w4_c1.0_test,up_blocks.1.resnets.0.norm1.bias,4,-3.657800718126779e-08,3.7429973377483005e-07,0.5,0.0
natural_joint_finetune_rtn_w4_c1.0_test,up_blocks.1.resnets.0.conv1.bias,4,-2.6093145151938588e-09,1.701370806459764e-08,0.75,0.0
natural_joint_finetune_rtn_w4_c1.0_test,up_blocks.1.resnets.0.norm2.weight,4,-9.978460822079655e-08,3.602069807938619e-07,0.5,0.0
natural_joint_finetune_rtn_w4_c1.0_test,up_blocks.1.resnets.1.norm1.weight,4,-2.3406145425131867e-07,4.994059895834405e-07,0.25,0.0
natural_joint_finetune_rtn_w4_c1.0_test,up_blocks.1.resnets.1.norm1.bias,4,-2.9247858085632115e-08,5.044993017798093e-07,0.5,0.0
natural_joint_finetune_rtn_w4_c1.0_test,up_blocks.1.resnets.1.norm2.weight,4,-1.7246890917288223e-07,3.728347830235608e-07,0.5,0.0
natural_joint_finetune_rtn_w4_c1.0_test,up_blocks.1.resnets.2.norm1.weight,4,-2.06350491281776e-07,6.174031368708635e-07,0.5,0.0
natural_joint_finetune_rtn_w4_c1.0_test,up_blocks.1.resnets.2.norm1.bias,4,-1.6603096539242207e-07,9.840141936697828e-07,0.25,0.0
natural_joint_finetune_rtn_w4_c1.0_test,up_blocks.1.resnets.2.norm2.weight,4,-1.961372410027746e-07,6.216993063484301e-07,0.5,0.0
natural_joint_finetune_rtn_w4_c1.0_test,up_blocks.1.resnets.2.norm2.bias,4,-2.3968044142113403e-07,1.7551358928277113e-07,0.0,0.0
natural_joint_finetune_rtn_w4_c1.0_test,up_blocks.2.resnets.0.norm1.bias,4,-2.7794465621835954e-08,5.515118257836026e-07,0.25,0.0
natural_joint_finetune_rtn_w4_c1.0_test,up_blocks.2.resnets.0.conv1.bias,4,-5.442967567664407e-10,4.611517759608218e-08,0.25,0.0
natural_joint_finetune_rtn_w4_c1.0_test,up_blocks.2.resnets.0.norm2.weight,4,-1.5949297115395484e-07,6.70922247775199e-07,0.0,0.0
natural_joint_finetune_rtn_w4_c1.0_test,up_blocks.2.resnets.0.conv2.bias,4,-7.526765911710542e-09,7.455337836030444e-08,0.25,0.0
natural_joint_finetune_rtn_w4_c1.0_test,up_blocks.2.resnets.0.conv_shortcut.bias,4,-7.526929797018182e-09,7.455281941253805e-08,0.25,0.0
natural_joint_finetune_rtn_w4_c1.0_test,up_blocks.2.resnets.1.norm1.bias,4,-9.855958130656065e-08,1.4440848190866992e-07,0.25,0.0
natural_joint_finetune_rtn_w4_c1.0_test,up_blocks.2.resnets.1.norm2.weight,4,-2.2187905989176484e-07,2.2865470959620935e-07,0.0,0.0
natural_joint_finetune_rtn_w4_c1.0_test,up_blocks.2.resnets.1.conv2.bias,4,-2.4767302928420328e-09,9.425753834274896e-08,0.25,0.0
natural_joint_finetune_rtn_w4_c1.0_test,up_blocks.2.resnets.2.norm1.weight,4,-1.2976129401829602e-07,5.924902950402617e-07,0.5,0.0
natural_joint_finetune_rtn_w4_c1.0_test,up_blocks.2.resnets.2.norm1.bias,4,-1.1314903269782279e-07,6.301965897882177e-07,0.25,0.0
natural_joint_finetune_rtn_w4_c1.0_test,up_blocks.2.resnets.2.conv1.bias,4,-9.471518129621742e-09,1.30765403398173e-07,0.5,0.0
natural_joint_finetune_rtn_w4_c1.0_test,up_blocks.2.resnets.2.norm2.bias,4,-1.9049372008616244e-08,4.4976459531652675e-07,0.25,0.0
natural_joint_finetune_rtn_w4_c1.0_test,up_blocks.2.resnets.2.conv2.bias,4,-1.9864957672838374e-08,1.1414319966316934e-07,0.0,0.0
natural_joint_finetune_rtn_w4_c1.0_test,up_blocks.3.resnets.0.conv1.bias,4,-5.236807221221657e-08,2.075538497920754e-07,0.0,0.0
natural_joint_finetune_rtn_w4_c1.0_test,up_blocks.3.resnets.0.norm2.bias,4,-3.4112984570177625e-08,4.034074251154406e-07,0.5,0.0
natural_joint_finetune_rtn_w4_c1.0_test,up_blocks.3.resnets.2.norm1.weight,4,-2.1865967997873445e-07,2.9401057495876456e-06,0.0,0.0
natural_joint_finetune_rtn_w4_c1.0_test,mid_block.attentions.0.group_norm.bias,4,-2.018506370739257e-07,6.461353043586227e-07,0.0,0.0
natural_joint_finetune_rtn_w4_c1.0_test,mid_block.attentions.0.to_k.weight,4,-5.531248733732965e-07,4.82174617852461e-06,0.25,0.0
natural_joint_finetune_rtn_w4_c1.0_test,mid_block.attentions.0.to_k.bias,4,-6.792235339365762e-17,1.2941643755579918e-16,0.25,0.0
natural_joint_finetune_rtn_w4_c1.0_test,mid_block.resnets.0.conv1.weight,4,-3.7741335218573853e-06,1.2289679128157572e-05,0.0,0.0
natural_joint_finetune_rtn_w4_c1.0_test,mid_block.resnets.0.conv1.bias,4,-6.3981425429999e-09,3.3392289108694585e-08,0.0,0.0
natural_joint_finetune_rtn_w4_c1.0_test,mid_block.resnets.0.norm2.weight,4,-6.24398048247397e-07,1.8024792909541457e-06,0.25,0.0
natural_joint_finetune_rtn_w4_c1.0_test,mid_block.resnets.1.conv1.weight,4,-1.9007823341869609e-06,1.974657491524301e-05,0.0,0.0
natural_joint_finetune_rtn_w4_c1.0_test,mid_block.resnets.1.norm2.weight,4,-1.824657432232872e-07,5.347077548567673e-07,0.25,0.0
natural_joint_finetune_rtn_w4_c1.0_test,conv_norm_out.bias,4,-6.049783499050927e-08,3.79244161535584e-06,0.75,0.0
natural_joint_finetune_rtn_w4_c1.0_test,conv_out.bias,4,-9.82853346895885e-08,6.068033338398804e-06,0.5,0.0
natural_residual_cycle_qat_warm_w4_c1.0_test,up_blocks.3.resnets.0.conv2.weight,4,0.00017549337686990877,1.0160542332663783e-05,1.0,12.152908840832895
natural_residual_cycle_qat_warm_w4_c1.0_test,conv_out.weight,4,0.00017946593274309567,1.1045589777798663e-05,1.0,11.710290351385089
natural_residual_cycle_qat_warm_w4_c1.0_test,up_blocks.3.resnets.1.conv2.weight,4,0.00016277875006109224,9.942338671569434e-06,1.0,11.44536778628542
natural_residual_cycle_qat_warm_w4_c1.0_test,up_blocks.3.resnets.0.conv1.weight,4,0.00035834312594691865,2.7466365635327294e-05,1.0,11.287725375677276
natural_residual_cycle_qat_warm_w4_c1.0_test,up_blocks.2.resnets.2.conv1.weight,4,0.00055193585172778,4.5367030108712264e-05,1.0,11.11722019333728
natural_residual_cycle_qat_warm_w4_c1.0_test,up_blocks.3.resnets.1.conv1.weight,4,0.00013588161899719153,9.720601285506962e-06,1.0,9.705482550878779
natural_residual_cycle_qat_warm_w4_c1.0_test,up_blocks.2.resnets.1.conv2.weight,4,0.0004540995370296542,4.997495334660137e-05,1.0,8.369749629503701
natural_residual_cycle_qat_warm_w4_c1.0_test,up_blocks.3.resnets.2.conv1.weight,4,0.00016668299708850502,1.671732512870551e-05,1.0,7.938334596486981
natural_residual_cycle_qat_warm_w4_c1.0_test,up_blocks.2.resnets.2.conv2.weight,4,0.0003326219965027508,3.9229649647403486e-05,1.0,7.644804433066976
natural_residual_cycle_qat_warm_w4_c1.0_test,up_blocks.2.resnets.0.conv2.weight,4,0.0004422540540672064,5.7536693170243995e-05,1.0,7.154293577357334
natural_residual_cycle_qat_warm_w4_c1.0_test,up_blocks.2.upsamplers.0.conv.weight,4,0.00045276838705970605,5.99081350250813e-05,1.0,7.053781725637068
natural_residual_cycle_qat_warm_w4_c1.0_test,up_blocks.2.resnets.1.conv1.weight,4,0.0003942115564015762,5.61221480154934e-05,1.0,6.526460122680066
natural_residual_cycle_qat_warm_w4_c1.0_test,up_blocks.3.resnets.0.conv_shortcut.weight,4,0.0002364497670940668,3.785825469474593e-05,1.0,5.611298594455114
natural_residual_cycle_qat_warm_w4_c1.0_test,up_blocks.2.resnets.0.conv_shortcut.weight,4,0.0002847826674633808,5.0810620866570276e-05,1.0,5.16935879373164
natural_residual_cycle_qat_warm_w4_c1.0_test,up_blocks.2.resnets.0.conv1.weight,4,0.00048043467275018397,8.885407501106636e-05,1.0,5.158532895438238
natural_residual_cycle_qat_warm_w4_c1.0_test,up_blocks.3.resnets.2.conv2.weight,4,6.570878675244462e-05,9.602534014455269e-06,1.0,4.733232488384266
natural_residual_cycle_qat_warm_w4_c1.0_test,up_blocks.1.resnets.2.conv1.weight,4,0.00029913870761919995,7.682468637308513e-05,1.0,3.688308167650047
natural_residual_cycle_qat_warm_w4_c1.0_test,up_blocks.1.upsamplers.0.conv.weight,4,0.0003842863479953272,0.00012947115217431854,1.0,2.873146359003391
natural_residual_cycle_qat_warm_w4_c1.0_test,up_blocks.1.resnets.2.conv2.weight,4,0.0002809271497194316,9.897838186574501e-05,1.0,2.720625844099395
natural_residual_cycle_qat_warm_w4_c1.0_test,up_blocks.1.resnets.0.conv2.weight,4,0.00019710779430284178,7.767720172763203e-05,1.0,2.405011776000198
natural_residual_cycle_qat_warm_w4_c1.0_test,up_blocks.1.resnets.1.conv2.weight,4,0.0002130873339870973,9.406333752204065e-05,1.0,2.16677160308917
natural_residual_cycle_qat_warm_w4_c1.0_test,up_blocks.1.resnets.1.conv1.weight,4,7.88032827521204e-05,6.992529798172884e-05,1.0,1.0619644594576045
natural_residual_cycle_qat_warm_w4_c1.0_test,mid_block.resnets.0.conv1.weight,4,2.345976152177826e-05,2.3205544214251936e-05,0.75,0.8535340200030501
natural_residual_cycle_qat_warm_w4_c1.0_test,up_blocks.0.upsamplers.0.conv.weight,4,8.83065243060265e-05,0.00010273421855061662,1.0,0.8251857387265642
natural_residual_cycle_qat_warm_w4_c1.0_test,up_blocks.1.resnets.0.conv1.weight,4,3.69484291070529e-05,6.343650947045024e-05,1.0,0.5456347952388076
natural_residual_cycle_qat_warm_w4_c1.0_test,mid_block.resnets.0.conv2.weight,4,1.586741352625244e-05,3.2178980338634526e-05,1.0,0.43521395790400225
natural_residual_cycle_qat_warm_w4_c1.0_test,up_blocks.0.resnets.2.conv1.weight,4,2.231171905282711e-05,4.941844646957843e-05,1.0,0.41550104616749356
natural_residual_cycle_qat_warm_w4_c1.0_test,mid_block.attentions.0.to_v.weight,4,3.7215863829244048e-06,8.773304952423465e-06,0.75,0.28510901753772516
natural_residual_cycle_qat_warm_w4_c1.0_test,up_blocks.0.resnets.2.conv2.weight,4,7.487537662818695e-06,2.3716371180054518e-05,1.0,0.267447677868452
natural_residual_cycle_qat_warm_w4_c1.0_test,up_blocks.0.resnets.0.conv2.weight,4,6.1086813057977135e-06,2.9857423586166497e-05,0.5,0.1789443547328944
natural_residual_cycle_qat_warm_w4_c1.0_test,mid_block.attentions.0.to_q.weight,4,1.1419973237395334e-06,2.534122662000725e-06,0.5,0.16759518037483226
natural_residual_cycle_qat_warm_w4_c1.0_test,conv_in.weight,4,-2.4149082772279867e-05,4.718794497256439e-05,0.0,0.0
natural_residual_cycle_qat_warm_w4_c1.0_test,up_blocks.0.resnets.0.conv1.weight,4,-4.865428465521824e-06,2.5705207954579364e-05,0.5,0.0
natural_residual_cycle_qat_warm_w4_c1.0_test,up_blocks.0.resnets.1.conv1.weight,4,-2.0908495003986768e-06,2.6696383520362064e-05,0.5,0.0
natural_residual_cycle_qat_warm_w4_c1.0_test,up_blocks.0.resnets.1.conv2.weight,4,-5.612463112385129e-06,3.0015664567225814e-05,0.5,0.0
natural_residual_cycle_qat_warm_w4_c1.0_test,mid_block.attentions.0.to_k.weight,4,-1.0212256836574654e-06,2.5796307529024835e-06,0.25,0.0
natural_residual_cycle_qat_warm_w4_c1.0_test,mid_block.attentions.0.to_out.0.weight,4,-1.8908177222399192e-06,1.033572358158735e-05,0.5,0.0
natural_residual_cycle_qat_warm_w4_c1.0_test,mid_block.resnets.1.conv1.weight,4,-2.337174172674848e-05,3.116544400576237e-05,0.0,0.0
natural_residual_cycle_qat_warm_w4_c1.0_test,mid_block.resnets.1.conv2.weight,4,-2.0640692911462825e-06,3.2363087175627816e-05,0.5,0.0
natural_residual_qat_warm_w4_c1.0_test,conv_out.weight,4,0.00017579960967111625,8.72111801134282e-06,1.0,13.531365963334506
natural_residual_qat_warm_w4_c1.0_test,up_blocks.3.resnets.0.conv2.weight,4,0.00017172949104829726,1.0309808610566086e-05,1.0,11.777864715084554
natural_residual_qat_warm_w4_c1.0_test,up_blocks.3.resnets.1.conv2.weight,4,0.0001604209140741449,9.499880673081417e-06,1.0,11.649378416815878
natural_residual_qat_warm_w4_c1.0_test,up_blocks.3.resnets.0.conv1.weight,4,0.00035315138500030324,2.7525407124581472e-05,1.0,11.10668289425848
natural_residual_qat_warm_w4_c1.0_test,up_blocks.2.resnets.2.conv1.weight,4,0.0005428709508436472,4.4864265666760214e-05,1.0,11.048524174352815
natural_residual_qat_warm_w4_c1.0_test,up_blocks.3.resnets.1.conv1.weight,4,0.0001351766265540571,9.829674915114544e-06,1.0,9.586610972200791
natural_residual_qat_warm_w4_c1.0_test,up_blocks.2.resnets.1.conv2.weight,4,0.00044392525895545285,5.0248026713789686e-05,1.0,8.142591396169346
natural_residual_qat_warm_w4_c1.0_test,up_blocks.3.resnets.2.conv1.weight,4,0.00016540638829095147,1.6717975995747054e-05,1.0,7.8806730877238795
natural_residual_qat_warm_w4_c1.0_test,up_blocks.2.resnets.2.conv2.weight,4,0.0003261075409776821,3.9209142534622265e-05,1.0,7.500167891358719
natural_residual_qat_warm_w4_c1.0_test,up_blocks.2.upsamplers.0.conv.weight,4,0.0004453098980120318,5.8792052825775196e-05,1.0,7.061356175895662
natural_residual_qat_warm_w4_c1.0_test,up_blocks.2.resnets.0.conv2.weight,4,0.0004356092235080024,5.803001185198871e-05,1.0,6.992021195720502
natural_residual_qat_warm_w4_c1.0_test,up_blocks.2.resnets.1.conv1.weight,4,0.0003845834500689355,5.615210940618437e-05,1.0,6.3648520655230145
natural_residual_qat_warm_w4_c1.0_test,up_blocks.3.resnets.0.conv_shortcut.weight,4,0.0002374832779135172,3.710102396531584e-05,1.0,5.740205308684179
natural_residual_qat_warm_w4_c1.0_test,up_blocks.3.resnets.2.conv2.weight,4,6.784877328153183e-05,8.791933346773002e-06,1.0,5.194036046105904
natural_residual_qat_warm_w4_c1.0_test,up_blocks.2.resnets.0.conv1.weight,4,0.00047184842414701257,8.927293803465305e-05,1.0,5.044142794313563
natural_residual_qat_warm_w4_c1.0_test,up_blocks.2.resnets.0.conv_shortcut.weight,4,0.00028101227406320293,5.214398212858378e-05,1.0,4.981173676763745
natural_residual_qat_warm_w4_c1.0_test,up_blocks.1.resnets.2.conv1.weight,4,0.00029126047828497114,7.680311703338608e-05,1.0,3.5925260186022787
natural_residual_qat_warm_w4_c1.0_test,up_blocks.1.upsamplers.0.conv.weight,4,0.0003736298457494958,0.00012963657557169442,1.0,2.7902092333178885
natural_residual_qat_warm_w4_c1.0_test,up_blocks.1.resnets.2.conv2.weight,4,0.000275789796195952,9.8677193515074e-05,1.0,2.678921139999518
natural_residual_qat_warm_w4_c1.0_test,up_blocks.1.resnets.0.conv2.weight,4,0.00019243457756917714,7.772340545296817e-05,1.0,2.346926422507362
natural_residual_qat_warm_w4_c1.0_test,up_blocks.1.resnets.1.conv2.weight,4,0.00020945783336052222,9.309685810302563e-05,1.0,2.1512034353108627
natural_residual_qat_warm_w4_c1.0_test,up_blocks.1.resnets.1.conv1.weight,4,7.634853011922996e-05,6.98735606943613e-05,1.0,1.0297268347092146
natural_residual_qat_warm_w4_c1.0_test,mid_block.resnets.0.conv1.weight,4,2.317011371852583e-05,2.2775837531560186e-05,0.75,0.8566697774754374
natural_residual_qat_warm_w4_c1.0_test,up_blocks.0.upsamplers.0.conv.weight,4,8.815524558187664e-05,0.00010255650575642101,1.0,0.8252119719165185
natural_residual_qat_warm_w4_c1.0_test,up_blocks.1.resnets.0.conv1.weight,4,3.715016418476786e-05,6.298865442760525e-05,1.0,0.5523404108435154
natural_residual_qat_warm_w4_c1.0_test,mid_block.resnets.0.conv2.weight,4,1.7682161399218908e-05,3.20538931962886e-05,1.0,0.4867795492508154
natural_residual_qat_warm_w4_c1.0_test,up_blocks.0.resnets.2.conv1.weight,4,2.1562126944956244e-05,4.9819002990300565e-05,1.0,0.3986350482485455
natural_residual_qat_warm_w4_c1.0_test,up_blocks.0.resnets.2.conv2.weight,4,7.3826747171958155e-06,2.3763919941834186e-05,1.0,0.26333957091993315
natural_residual_qat_warm_w4_c1.0_test,mid_block.attentions.0.to_v.weight,4,3.344465908814387e-06,8.683511956374724e-06,0.75,0.2581721658592084
natural_residual_qat_warm_w4_c1.0_test,up_blocks.0.resnets.0.conv2.weight,4,4.794517270269116e-06,3.0020218063369215e-05,0.5,0.1398180926808275
natural_residual_qat_warm_w4_c1.0_test,mid_block.attentions.0.to_q.weight,4,8.49661452978486e-07,2.5712557466743687e-06,0.5,0.12418056167487924
natural_residual_qat_warm_w4_c1.0_test,conv_in.weight,4,-2.5271248196775563e-05,4.794486957166034e-05,0.0,0.0
natural_residual_qat_warm_w4_c1.0_test,up_blocks.0.resnets.0.conv1.weight,4,-5.461894603076542e-06,2.5656316182859628e-05,0.5,0.0
natural_residual_qat_warm_w4_c1.0_test,up_blocks.0.resnets.1.conv1.weight,4,-1.638655386531757e-06,2.665971414378624e-05,0.5,0.0
natural_residual_qat_warm_w4_c1.0_test,up_blocks.0.resnets.1.conv2.weight,4,-5.898269555181316e-06,3.0429697796933757e-05,0.5,0.0
natural_residual_qat_warm_w4_c1.0_test,mid_block.attentions.0.to_k.weight,4,-3.860540006746171e-07,2.5562074999768822e-06,0.25,0.0
natural_residual_qat_warm_w4_c1.0_test,mid_block.attentions.0.to_out.0.weight,4,-1.2570271044140958e-06,1.0342128682517049e-05,0.75,0.0
natural_residual_qat_warm_w4_c1.0_test,mid_block.resnets.1.conv1.weight,4,-2.114028435687361e-05,3.108279981711241e-05,0.0,0.0
natural_residual_qat_warm_w4_c1.0_test,mid_block.resnets.1.conv2.weight,4,-2.4907928458799255e-06,3.2722350929114153e-05,0.5,0.0
natural_residual_w4_c1.0_test,conv_out.weight,4,0.000170984854260235,7.479863211517947e-06,1.0,14.451089747207883
natural_residual_w4_c1.0_test,up_blocks.3.resnets.1.conv2.weight,4,0.00015832976964857599,8.103610506023672e-06,1.0,12.711413663875357
natural_residual_w4_c1.0_test,up_blocks.3.resnets.0.conv2.weight,4,0.00017121110662961914,9.779458562284992e-06,1.0,12.115509321911238
natural_residual_w4_c1.0_test,up_blocks.3.resnets.0.conv1.weight,4,0.0003495986659663239,2.7552955634490875e-05,1.0,10.957467061305232
natural_residual_w4_c1.0_test,up_blocks.2.resnets.2.conv1.weight,4,0.0005352004442960877,4.449440382726566e-05,1.0,10.956779556440674
natural_residual_w4_c1.0_test,up_blocks.3.resnets.1.conv1.weight,4,0.00013300932311725988,9.209737197499398e-06,1.0,9.807613728043503
natural_residual_w4_c1.0_test,up_blocks.2.resnets.1.conv2.weight,4,0.0004428518976487852,5.062180253203741e-05,1.0,8.055674164720287
natural_residual_w4_c1.0_test,up_blocks.3.resnets.2.conv1.weight,4,0.0001635428204902356,1.7187296515758432e-05,1.0,7.592727680666482
natural_residual_w4_c1.0_test,up_blocks.2.resnets.2.conv2.weight,4,0.00032083674103064225,3.8614271645995886e-05,1.0,7.467158179734556
natural_residual_w4_c1.0_test,up_blocks.2.upsamplers.0.conv.weight,4,0.00044101556710786214,5.804020958980757e-05,1.0,7.068427583545531
natural_residual_w4_c1.0_test,up_blocks.2.resnets.0.conv2.weight,4,0.00043406127967497514,5.9459927400010385e-05,1.0,6.8021853254551194
natural_residual_w4_c1.0_test,up_blocks.2.resnets.1.conv1.weight,4,0.00038152489846486533,5.708341097800267e-05,1.0,6.210168237447383
natural_residual_w4_c1.0_test,up_blocks.3.resnets.0.conv_shortcut.weight,4,0.00023411779674455973,3.6843064347042566e-05,1.0,5.683136947573898
natural_residual_w4_c1.0_test,up_blocks.2.resnets.0.conv1.weight,4,0.00046953370407862055,8.99937934210219e-05,1.0,4.976726123078533
natural_residual_w4_c1.0_test,up_blocks.3.resnets.2.conv2.weight,4,6.794503001004661e-05,9.389955953143697e-06,1.0,4.944311008706152
natural_residual_w4_c1.0_test,up_blocks.2.resnets.0.conv_shortcut.weight,4,0.0002822852322671383,5.500678911403433e-05,1.0,4.755567467710535
natural_residual_w4_c1.0_test,up_blocks.1.resnets.2.conv1.weight,4,0.00029267251783680003,7.667142631440706e-05,1.0,3.612191522047167
natural_residual_w4_c1.0_test,up_blocks.1.upsamplers.0.conv.weight,4,0.0003703353213730364,0.00013487426131153315,1.0,2.6599510390809913
natural_residual_w4_c1.0_test,up_blocks.1.resnets.2.conv2.weight,4,0.0002759609825108127,9.96046531757792e-05,1.0,2.6545746878364382
natural_residual_w4_c1.0_test,up_blocks.1.resnets.0.conv2.weight,4,0.00019112936134040796,7.774034147283917e-05,1.0,2.3282210041309686
natural_residual_w4_c1.0_test,up_blocks.1.resnets.1.conv2.weight,4,0.00021078115305459648,9.359742798676753e-05,1.0,2.1519362439649776
natural_residual_w4_c1.0_test,up_blocks.1.resnets.1.conv1.weight,4,7.879828724823145e-05,6.882935111847857e-05,1.0,1.0767520893424676
natural_residual_w4_c1.0_test,mid_block.resnets.0.conv1.weight,4,2.4808306400172158e-05,2.212773960084644e-05,0.75,0.9368750267894547
natural_residual_w4_c1.0_test,up_blocks.0.upsamplers.0.conv.weight,4,8.69551386457838e-05,0.0001076568068194276,1.0,0.7763233850982285
natural_residual_w4_c1.0_test,up_blocks.1.resnets.0.conv1.weight,4,3.6342111300582403e-05,6.286122832451506e-05,1.0,0.5406979354256516
natural_residual_w4_c1.0_test,up_blocks.0.resnets.2.conv1.weight,4,2.4098572668748297e-05,4.9154069389568795e-05,1.0,0.45038862015756465
natural_residual_w4_c1.0_test,mid_block.attentions.0.to_v.weight,4,4.9937767405863936e-06,8.862644761921389e-06,0.75,0.37789411938240275
natural_residual_w4_c1.0_test,mid_block.resnets.0.conv2.weight,4,1.3903133016985624e-05,3.4220346568428274e-05,1.0,0.36044202427024075
natural_residual_w4_c1.0_test,up_blocks.0.resnets.2.conv2.weight,4,7.020995071886344e-06,2.3985098223945055e-05,1.0,0.24776597315524704
natural_residual_w4_c1.0_test,up_blocks.0.resnets.0.conv2.weight,4,5.786458409678092e-06,3.069155191010776e-05,0.5,0.16512141409383235
natural_residual_w4_c1.0_test,mid_block.attentions.0.to_q.weight,4,8.954644324309554e-07,2.7038116783487184e-06,0.5,0.12690969859925946
natural_residual_w4_c1.0_test,conv_in.weight,4,-1.5733937691907987e-05,6.405336628046741e-05,0.25,0.0
natural_residual_w4_c1.0_test,up_blocks.0.resnets.0.conv1.weight,4,-6.099547037807431e-06,2.5947542227425294e-05,0.5,0.0
natural_residual_w4_c1.0_test,up_blocks.0.resnets.1.conv1.weight,4,-1.0965275908445252e-06,2.6303318303219823e-05,0.5,0.0
natural_residual_w4_c1.0_test,up_blocks.0.resnets.1.conv2.weight,4,-6.144927119382181e-06,3.0446566349410714e-05,0.5,0.0
natural_residual_w4_c1.0_test,mid_block.attentions.0.to_k.weight,4,-4.420491464076531e-07,2.682463296389593e-06,0.25,0.0
natural_residual_w4_c1.0_test,mid_block.attentions.0.to_out.0.weight,4,-1.7412224043479195e-06,1.1474261888514368e-05,0.5,0.0
natural_residual_w4_c1.0_test,mid_block.resnets.1.conv1.weight,4,-2.3043797367026145e-05,3.242228338685747e-05,0.0,0.0
natural_residual_w4_c1.0_test,mid_block.resnets.1.conv2.weight,4,-2.9417854662555667e-06,3.155037216557357e-05,0.5,0.0
natural_rounding_w4_c1.0_test,up_blocks.3.resnets.1.conv2.weight,4,0.0003370940582616178,5.898572992019165e-06,1.0,35.038257964652935
natural_rounding_w4_c1.0_test,up_blocks.2.resnets.2.conv1.weight,4,0.0009395762371995623,4.088411427240859e-05,1.0,21.063764051348926
natural_rounding_w4_c1.0_test,up_blocks.3.resnets.0.conv2.weight,4,0.00027945908195391427,1.0702889788663321e-05,1.0,19.37316691741227
natural_rounding_w4_c1.0_test,up_blocks.3.resnets.0.conv1.weight,4,0.00042931706688083824,1.8936128780651036e-05,1.0,18.947454085671986
natural_rounding_w4_c1.0_test,up_blocks.2.resnets.1.conv1.weight,4,0.0006629543212678474,3.3001449403686625e-05,1.0,18.052532417453833
natural_rounding_w4_c1.0_test,up_blocks.2.resnets.2.conv2.weight,4,0.0005223100494066485,2.801943221394756e-05,1.0,16.455062779663734
natural_rounding_w4_c1.0_test,up_blocks.2.resnets.1.conv2.weight,4,0.000716547958500957,3.9967205109656106e-05,1.0,16.40096624014377
natural_rounding_w4_c1.0_test,up_blocks.3.resnets.2.conv1.weight,4,0.00023920226085905857,1.1357395677161086e-05,1.0,15.862676250237087
natural_rounding_w4_c1.0_test,up_blocks.2.resnets.0.conv2.weight,4,0.0006106172110451426,3.618573293527105e-05,1.0,15.30065910109938
natural_rounding_w4_c1.0_test,up_blocks.3.resnets.2.conv2.weight,4,0.00012740411596846347,5.582770739180391e-06,1.0,13.692093908938984
natural_rounding_w4_c1.0_test,up_blocks.2.upsamplers.0.conv.weight,4,0.0006786491295284881,4.8367215548929914e-05,1.0,13.02854945424445
natural_rounding_w4_c1.0_test,conv_out.weight,4,0.000336355043992026,2.2399975252847867e-05,0.75,12.87624147257066
natural_rounding_w4_c1.0_test,up_blocks.3.resnets.0.conv_shortcut.weight,4,0.0004117098852556466,2.838424115858342e-05,1.0,12.82329218492694
natural_rounding_w4_c1.0_test,up_blocks.3.resnets.1.conv1.weight,4,0.00016985922547684888,9.735836076929734e-06,1.0,12.621426268576975
natural_rounding_w4_c1.0_test,up_blocks.2.resnets.0.conv1.weight,4,0.0006537621217441628,5.479260133806178e-05,1.0,11.17259987618957
natural_rounding_w4_c1.0_test,up_blocks.2.resnets.0.conv_shortcut.weight,4,0.0005412232270921084,5.916605056866888e-05,1.0,8.606114567273366
natural_rounding_w4_c1.0_test,up_blocks.1.upsamplers.0.conv.weight,4,0.0006066598713774183,9.95001617021492e-05,1.0,5.877215367468619
natural_rounding_w4_c1.0_test,up_blocks.1.resnets.2.conv2.weight,4,0.0003328160867759071,6.274913664571763e-05,1.0,5.006913598196866
natural_rounding_w4_c1.0_test,up_blocks.1.resnets.2.conv1.weight,4,0.000404357271592667,8.605706918377078e-05,1.0,4.503906219192779
natural_rounding_w4_c1.0_test,up_blocks.1.resnets.1.conv2.weight,4,0.0003067336301375296,7.171802581680066e-05,1.0,4.065917760839431
natural_rounding_w4_c1.0_test,up_blocks.1.resnets.0.conv2.weight,4,0.00028807671175317247,6.784238376821877e-05,1.0,4.025410604561462
natural_rounding_w4_c1.0_test,up_blocks.1.resnets.1.conv1.weight,4,0.00014249529385439294,6.811232563736225e-05,1.0,1.9836611021552173
natural_rounding_w4_c1.0_test,up_blocks.0.upsamplers.0.conv.weight,4,0.00018847077151658656,0.00012166002435879592,1.0,1.5031701525761034
natural_rounding_w4_c1.0_test,mid_block.attentions.0.to_v.weight,4,1.9506284483081964e-05,1.0166562459252405e-05,1.0,1.4044683488482237
natural_rounding_w4_c1.0_test,up_blocks.0.resnets.2.conv1.weight,4,5.7233781282570234e-05,5.0190970891072784e-05,1.0,1.0615924213775207
natural_rounding_w4_c1.0_test,mid_block.resnets.0.conv2.weight,4,4.3474983202316374e-05,3.724449218505572e-05,0.75,1.061228359435525
natural_rounding_w4_c1.0_test,up_blocks.0.resnets.2.conv2.weight,4,2.851951114147199e-05,2.434904212910857e-05,1.0,1.0159700795556246
natural_rounding_w4_c1.0_test,up_blocks.0.resnets.1.conv2.weight,4,2.5994606899835897e-05,2.8865419275015215e-05,0.75,0.7976842673510082
natural_rounding_w4_c1.0_test,up_blocks.1.resnets.0.conv1.weight,4,4.51780973593527e-05,5.7269556546734984e-05,0.75,0.7407250174110926
natural_rounding_w4_c1.0_test,up_blocks.0.resnets.0.conv1.weight,4,2.0915768138403798e-05,2.458223275923213e-05,0.75,0.7389581283307431
natural_rounding_w4_c1.0_test,up_blocks.0.resnets.0.conv2.weight,4,1.4711529971072581e-06,2.318376632130486e-05,0.25,0.05467763713161113
natural_rounding_w4_c1.0_test,conv_in.weight,4,-6.0091550558289704e-05,4.9142625925360186e-05,0.25,0.0
natural_rounding_w4_c1.0_test,up_blocks.0.resnets.1.conv1.weight,4,-3.262675250182057e-05,2.4943970384305216e-05,0.25,0.0
natural_rounding_w4_c1.0_test,mid_block.attentions.0.to_q.weight,4,-3.879161403923036e-06,2.3925009941665097e-06,0.25,0.0
natural_rounding_w4_c1.0_test,mid_block.attentions.0.to_k.weight,4,-1.786968365210414e-06,2.1873211784318726e-06,0.25,0.0
natural_rounding_w4_c1.0_test,mid_block.attentions.0.to_out.0.weight,4,-4.394969038218886e-06,8.654876628597755e-06,0.75,0.0
natural_rounding_w4_c1.0_test,mid_block.resnets.0.conv1.weight,4,-2.100893266087035e-05,2.6014922990277227e-05,0.5,0.0
natural_rounding_w4_c1.0_test,mid_block.resnets.1.conv1.weight,4,-3.347474509617199e-05,2.1686139963966068e-05,0.0,0.0
natural_rounding_w4_c1.0_test,mid_block.resnets.1.conv2.weight,4,-2.956121485988722e-05,2.9750976693530975e-05,0.5,0.0
natural_teacher_rounding_w4_c1.0_test,up_blocks.3.resnets.0.conv2.weight,4,0.00014632031084046193,3.511149240835178e-06,1.0,20.4417659650265
natural_teacher_rounding_w4_c1.0_test,up_blocks.3.resnets.1.conv2.weight,4,0.00017286669630358113,6.419357413491361e-06,1.0,17.173124921572605
natural_teacher_rounding_w4_c1.0_test,up_blocks.3.resnets.2.conv1.weight,4,0.00015111219995431557,6.688501352737293e-06,1.0,14.62103288704456
natural_teacher_rounding_w4_c1.0_test,up_blocks.3.resnets.0.conv1.weight,4,0.0002761241254158962,1.8324810353567753e-05,1.0,12.567336685056011
natural_teacher_rounding_w4_c1.0_test,up_blocks.2.resnets.2.conv1.weight,4,0.00047553219564950476,3.5425069825613126e-05,1.0,12.170717230094414
natural_teacher_rounding_w4_c1.0_test,up_blocks.2.resnets.1.conv1.weight,4,0.0003646010604981828,3.155536536006239e-05,1.0,10.357359223712447
natural_teacher_rounding_w4_c1.0_test,up_blocks.3.resnets.1.conv1.weight,4,0.00010971188067660274,7.05858743298188e-06,1.0,10.248324838222455
natural_teacher_rounding_w4_c1.0_test,up_blocks.3.resnets.2.conv2.weight,4,7.418142072769395e-05,3.6361907234796467e-06,1.0,10.185626799251208
natural_teacher_rounding_w4_c1.0_test,up_blocks.2.resnets.1.conv2.weight,4,0.00039023718211075197,3.569295250186004e-05,1.0,9.919675429778168
natural_teacher_rounding_w4_c1.0_test,up_blocks.2.resnets.2.conv2.weight,4,0.00026160936296207874,2.4055436094516414e-05,1.0,9.443632540985295
natural_teacher_rounding_w4_c1.0_test,up_blocks.2.upsamplers.0.conv.weight,4,0.00041984696455125964,4.6773935775815175e-05,1.0,8.32687760285228
natural_teacher_rounding_w4_c1.0_test,conv_out.weight,4,0.00017497201683770524,1.8271003314123676e-05,1.0,7.983114528815387
natural_teacher_rounding_w4_c1.0_test,up_blocks.3.resnets.0.conv_shortcut.weight,4,0.00021759906144726076,2.386369672558431e-05,1.0,7.909685453476773
natural_teacher_rounding_w4_c1.0_test,up_blocks.2.resnets.0.conv2.weight,4,0.0003371137041386074,3.9202049694114887e-05,1.0,7.867516145483991
natural_teacher_rounding_w4_c1.0_test,up_blocks.2.resnets.0.conv1.weight,4,0.000407194637621825,6.24481275407425e-05,1.0,6.1607584362909
natural_teacher_rounding_w4_c1.0_test,up_blocks.2.resnets.0.conv_shortcut.weight,4,0.0003110573528737576,5.921716170360962e-05,1.0,4.948106054338076
natural_teacher_rounding_w4_c1.0_test,up_blocks.1.upsamplers.0.conv.weight,4,0.0003252590798750727,0.00011056073105244324,1.0,2.8479662422641376
natural_teacher_rounding_w4_c1.0_test,up_blocks.1.resnets.2.conv1.weight,4,0.00024322560699241829,9.013950106823685e-05,1.0,2.593403378538849
natural_teacher_rounding_w4_c1.0_test,up_blocks.1.resnets.2.conv2.weight,4,0.00019307705032572947,8.039521576055479e-05,1.0,2.297388275064305
natural_teacher_rounding_w4_c1.0_test,up_blocks.1.resnets.0.conv2.weight,4,0.00016309889459042358,7.031161666782179e-05,1.0,2.205279528333084
natural_teacher_rounding_w4_c1.0_test,up_blocks.1.resnets.1.conv2.weight,4,0.00015854582428191676,8.091861085733561e-05,1.0,1.8748315319232618
natural_teacher_rounding_w4_c1.0_test,mid_block.resnets.0.conv2.weight,4,3.61907303147239e-05,2.7435901023459623e-05,1.0,1.164338213617739
natural_teacher_rounding_w4_c1.0_test,up_blocks.0.upsamplers.0.conv.weight,4,0.00011821652213597363,0.00011203232130689399,1.0,1.021935172145493
natural_teacher_rounding_w4_c1.0_test,up_blocks.1.resnets.1.conv1.weight,4,7.400726805749075e-05,7.414001849787082e-05,1.0,0.9514119139277666
natural_teacher_rounding_w4_c1.0_test,up_blocks.1.resnets.0.conv1.weight,4,5.11789459735458e-05,5.926416794947901e-05,1.0,0.8135143993125458
natural_teacher_rounding_w4_c1.0_test,up_blocks.0.resnets.2.conv2.weight,4,1.3375583428946873e-05,2.264526010309412e-05,1.0,0.5087316700502109
natural_teacher_rounding_w4_c1.0_test,up_blocks.0.resnets.2.conv1.weight,4,2.2160401566263526e-05,4.339857894812637e-05,0.75,0.4710435069378118
natural_teacher_rounding_w4_c1.0_test,up_blocks.0.resnets.0.conv1.weight,4,9.389383227061761e-06,1.9859516821200664e-05,0.75,0.3994415276450453
natural_teacher_rounding_w4_c1.0_test,mid_block.attentions.0.to_v.weight,4,4.249201501288201e-06,7.0695836974921055e-06,1.0,0.396515968286168
natural_teacher_rounding_w4_c1.0_test,up_blocks.0.resnets.1.conv2.weight,4,9.238562675941761e-06,2.4017324644524304e-05,0.75,0.3339551157180495
natural_teacher_rounding_w4_c1.0_test,up_blocks.0.resnets.0.conv2.weight,4,3.664322448015757e-06,2.350730364494667e-05,0.5,0.1349456368915579
natural_teacher_rounding_w4_c1.0_test,conv_in.weight,4,-1.6571934864967748e-05,6.137300589103699e-05,0.25,0.0
natural_teacher_rounding_w4_c1.0_test,up_blocks.0.resnets.1.conv1.weight,4,-2.1744828341904383e-06,2.4879843377320038e-05,0.75,0.0
natural_teacher_rounding_w4_c1.0_test,mid_block.attentions.0.to_q.weight,4,-2.6483893668615304e-06,1.534572646400914e-06,0.25,0.0
natural_teacher_rounding_w4_c1.0_test,mid_block.attentions.0.to_k.weight,4,-6.403008327700428e-07,1.1593467315460547e-06,0.5,0.0
natural_teacher_rounding_w4_c1.0_test,mid_block.attentions.0.to_out.0.weight,4,-3.5084513519536384e-07,5.913497148534756e-06,0.5,0.0
natural_teacher_rounding_w4_c1.0_test,mid_block.resnets.0.conv1.weight,4,-1.217482350253315e-05,2.3706108068388856e-05,0.25,0.0
natural_teacher_rounding_w4_c1.0_test,mid_block.resnets.1.conv1.weight,4,-1.4150654871099455e-05,1.2005447107238902e-05,0.25,0.0
natural_teacher_rounding_w4_c1.0_test,mid_block.resnets.1.conv2.weight,4,-9.970439517600764e-07,2.3825633820367667e-05,0.5,0.0
reconstruction_w4_c1.0_test,up_blocks.3.resnets.0.conv2.weight,4,0.0008339647945789885,1.6212706224419106e-06,1.0,304.86781910853045
reconstruction_w4_c1.0_test,up_blocks.3.resnets.0.conv_shortcut.weight,4,0.001726221979246998,5.515318898386521e-06,1.0,260.3831917189148
reconstruction_w4_c1.0_test,up_blocks.3.resnets.2.conv2.weight,4,0.0003068248161949777,1.1346167080043499e-06,0.75,136.43678037860877
reconstruction_w4_c1.0_test,up_blocks.3.resnets.1.conv1.weight,4,0.00024374313452060468,9.051772303089588e-07,0.75,120.70059531835436
reconstruction_w4_c1.0_test,up_blocks.2.resnets.1.conv1.weight,4,0.0007473402894145573,5.856032143855211e-06,1.0,107.21845695813398
reconstruction_w4_c1.0_test,up_blocks.1.resnets.2.conv2.weight,4,0.0005295425066655485,6.8633747427315225e-06,0.75,66.37867002895204
reconstruction_w4_c1.0_test,up_blocks.1.upsamplers.0.conv.weight,4,0.0014617531727607728,2.1080147435743665e-05,1.0,65.86143093837532
reconstruction_w4_c1.0_test,up_blocks.2.upsamplers.0.conv.weight,4,0.00035810690384964575,5.3112647298710215e-06,0.75,55.732229062340515
reconstruction_w4_c1.0_test,up_blocks.2.resnets.2.conv2.weight,4,0.00014073022953058114,1.4567012197849626e-06,0.75,54.73910170772313
reconstruction_w4_c1.0_test,up_blocks.0.upsamplers.0.conv.weight,4,0.0016268257270891573,3.173986443215036e-05,1.0,49.51668791013598
reconstruction_w4_c1.0_test,up_blocks.3.resnets.0.conv1.weight,4,0.0002719157524719008,4.4470015993537035e-06,0.5,48.89491804309632
reconstruction_w4_c1.0_test,up_blocks.2.resnets.0.conv2.weight,4,0.0003444056835169695,6.947526852778133e-06,1.0,42.72094457649752
reconstruction_w4_c1.0_test,up_blocks.0.resnets.1.conv2.weight,4,0.0004001617413797078,8.972295290768574e-06,0.75,39.67292014674063
reconstruction_w4_c1.0_test,up_blocks.2.resnets.2.conv1.weight,4,0.0002829884728022753,6.112876838106727e-06,1.0,39.15655987303707
reconstruction_w4_c1.0_test,up_blocks.1.resnets.0.conv2.weight,4,0.0005701746267400847,1.6734524199317985e-05,0.75,31.944793350517585
reconstruction_w4_c1.0_test,up_blocks.0.resnets.2.conv1.weight,4,0.0005459991611543131,2.2729986501739e-05,1.0,22.89860351819948
reconstruction_w4_c1.0_test,up_blocks.1.resnets.1.conv2.weight,4,0.00036778679940540547,1.580582886948214e-05,0.75,21.736738385752044
reconstruction_w4_c1.0_test,up_blocks.2.resnets.0.conv_shortcut.weight,4,0.000257409736607927,1.2552832595485531e-05,1.0,18.834319079800785
reconstruction_w4_c1.0_test,up_blocks.3.resnets.1.conv2.weight,4,4.175574205936496e-05,1.1870016586598701e-06,0.5,18.14498776315044
reconstruction_w4_c1.0_test,up_blocks.1.resnets.2.conv1.weight,4,0.00041451693461995177,2.2475308893403864e-05,0.75,17.57206922315338
reconstruction_w4_c1.0_test,up_blocks.0.resnets.0.conv1.weight,4,0.00018633534059678665,1.162862116818595e-05,0.75,14.622740325491177
reconstruction_w4_c1.0_test,mid_block.attentions.0.to_out.0.weight,4,5.99462834196404e-05,3.0210334556485857e-06,0.75,14.496378903008406
reconstruction_w4_c1.0_test,mid_block.resnets.0.conv2.weight,4,0.0001749124426140859,1.1211482746189057e-05,1.0,14.190863230057339
reconstruction_w4_c1.0_test,up_blocks.0.resnets.1.conv1.weight,4,0.0002384318087247787,1.6765127737644514e-05,0.5,13.335594584338196
reconstruction_w4_c1.0_test,mid_block.resnets.0.conv1.weight,4,0.00014414218459316765,1.0930814152852639e-05,0.5,11.966932985564503
reconstruction_w4_c1.0_test,up_blocks.1.resnets.1.conv1.weight,4,0.00011726162999520446,1.9275308661010706e-05,0.5,5.751069543010844
reconstruction_w4_c1.0_test,mid_block.attentions.0.to_q.weight,4,5.317852658579782e-06,2.021834346864279e-07,0.5,4.039665605333917
reconstruction_w4_c1.0_test,mid_block.attentions.0.to_k.weight,4,2.405046902310901e-06,6.218000307201937e-07,0.5,1.3853751562018515
reconstruction_w4_c1.0_test,conv_in.weight,4,-0.0001282493807611854,7.394630657346216e-05,0.5,0.0
reconstruction_w4_c1.0_test,up_blocks.0.resnets.0.conv2.weight,4,-9.302623063854888e-05,9.011267108203263e-06,0.25,0.0
reconstruction_w4_c1.0_test,up_blocks.0.resnets.2.conv2.weight,4,-4.9714410967488046e-05,8.259207147887617e-06,0.25,0.0
reconstruction_w4_c1.0_test,up_blocks.1.resnets.0.conv1.weight,4,-4.052147268858294e-05,1.7006629200647076e-05,0.5,0.0
reconstruction_w4_c1.0_test,up_blocks.2.resnets.0.conv1.weight,4,-3.739752613506616e-05,1.1924335463202589e-05,0.75,0.0
reconstruction_w4_c1.0_test,up_blocks.2.resnets.1.conv2.weight,4,-0.00024157664100676415,4.965215259312329e-06,0.0,0.0
reconstruction_w4_c1.0_test,up_blocks.3.resnets.2.conv1.weight,4,-0.0002137492995596018,2.9096424910745005e-06,0.25,0.0
reconstruction_w4_c1.0_test,mid_block.attentions.0.to_v.weight,4,-1.7046493262519913e-05,1.8727267997165554e-06,0.25,0.0
reconstruction_w4_c1.0_test,mid_block.resnets.1.conv1.weight,4,-0.0003656394792578776,9.582058141565346e-06,0.0,0.0
reconstruction_w4_c1.0_test,mid_block.resnets.1.conv2.weight,4,-3.288874470078439e-05,8.013122184822941e-06,0.5,0.0
reconstruction_w4_c1.0_test,conv_out.weight,4,-0.001295183912162801,1.3952185401583967e-05,0.0,0.0
