step,applied,reason,block,discriminator_loss,discriminator_applied,reconstruction_mse,perceptual_loss,preservation_mse,loss,residual_loss,trust_loss,spectral_loss,adversarial_loss,grad_norm,learning_rate
1,True,,,,,0.004646362736821175,0.08248079568147659,5.965846867184155e-05,0.04533874988555908,0.03232498839497566,0.0,0.0,0.0,0.0018705235561355948,5e-05
2,True,,,,,0.0028416819404810667,0.06880588829517365,0.00013054189912509173,0.03209768235683441,0.022114325314760208,1.5770754702160161e-09,0.0,0.0,0.0018172436393797398,0.0001
3,True,,,,,0.0030806935392320156,0.06271529197692871,9.804610454011708e-05,0.027666836977005005,0.018118521198630333,9.252558719197168e-09,0.0,0.0,0.0015070567606016994,0.00015000000000000001
4,True,,,,,0.002625584602355957,0.06332073360681534,0.00011417938367230818,0.025595802813768387,0.01640978641808033,2.8681768071692204e-08,0.0,0.0,0.001458429265767336,0.0002
5,True,,,,,0.004805680830031633,0.08629083633422852,7.358583388850093e-05,0.048654209822416306,0.03507227450609207,6.79440361750494e-08,0.0,0.0,0.0020093123894184828,0.00025
6,True,,,,,0.006229659076780081,0.11487267166376114,0.00011059960525017232,0.06049834191799164,0.04256021976470947,1.3664467246599088e-07,0.0,0.0,0.0019059607293456793,0.00030000000000000003
7,True,,,,,0.004685001447796822,0.10250625759363174,5.096067252452485e-05,0.0462319478392601,0.031194394454360008,2.450367162509792e-07,0.0,0.0,0.0018632079008966684,0.00035
8,True,,,,,0.0034463582560420036,0.0717836320400238,6.146160012576729e-05,0.03308763727545738,0.022339988499879837,3.994633459569741e-07,0.0,0.0,0.0016054752049967647,0.0004
9,True,,,,,0.009673835709691048,0.1398586928844452,4.191824700683355e-05,0.09380250424146652,0.07005895674228668,6.072098130971426e-07,0.0,0.0,0.001935867709107697,0.00045000000000000004
10,True,,,,,0.002427448518574238,0.07031069695949554,9.782370034372434e-05,0.026054659858345985,0.01640048436820507,8.792783887656697e-07,0.0,0.0,0.0014317682944238186,0.0005
11,True,,,,,0.004103821702301502,0.1004287600517273,6.36996264802292e-05,0.04285215958952904,0.028578050434589386,1.2296102340769721e-06,0.0,0.0,0.0013809141237288713,0.0005499999999999999
12,True,,,,,0.003687224816530943,0.08977827429771423,7.455227751052007e-05,0.036372341215610504,0.02355816774070263,1.6605127939328668e-06,0.0,0.0,0.0012658574851229787,0.0006000000000000001
13,True,,,,,0.0038487452547997236,0.09464368224143982,3.991184348706156e-05,0.042153626680374146,0.028760667890310287,2.1779831058665877e-06,0.0,0.0,0.0011736833257600665,0.0006500000000000001
14,True,,,,,0.005531241185963154,0.09519438445568085,7.506457041017711e-05,0.054433438926935196,0.03923260420560837,2.7818853141070576e-06,0.0,0.0,0.0011956015368923545,0.0007
15,True,,,,,0.003934284206479788,0.08584418147802353,4.400050238473341e-05,0.038270801305770874,0.025664065033197403,3.481509565972374e-06,0.0,0.0,0.0009621085482649505,0.00075
16,True,,,,,0.0035993303172290325,0.09298747777938843,3.94232411053963e-05,0.04069292172789574,0.027715956792235374,4.266998985258397e-06,0.0,0.0,0.0012651454890146852,0.0008
17,True,,,,,0.003014603164047003,0.07769344747066498,3.719069354701787e-05,0.031509771943092346,0.02065138891339302,5.1163597163395025e-06,0.0,0.0,0.0010986479464918375,0.0008500000000000001
18,True,,,,,0.004323149099946022,0.10578873008489609,9.651231084717438e-05,0.04617013409733772,0.031075026839971542,6.053357083146693e-06,0.0,0.0,0.0014608020428568125,0.0009000000000000001
19,True,,,,,0.006377724930644035,0.10407903790473938,5.089894330012612e-05,0.06740403920412064,0.05051654577255249,7.04110789229162e-06,0.0,0.0,0.0013363988837227225,0.00095
20,True,,,,,0.0017166533507406712,0.04692188650369644,7.877311145421118e-05,0.016081400215625763,0.009514928795397282,8.125801286951173e-06,0.0,0.0,0.0013504278613254428,0.001
21,True,,,,,0.006188129540532827,0.09334638714790344,5.135024548508227e-05,0.05555976554751396,0.039934203028678894,9.26221673580585e-06,0.0,0.0,0.0015288987196981907,0.001
22,True,,,,,0.0018080819863826036,0.05949957296252251,8.932896889746189e-05,0.020992524921894073,0.01305572222918272,1.042635540215997e-05,0.0,0.0,0.0009815717348828912,0.0009999976830508245
23,True,,,,,0.0023797061294317245,0.05577033385634422,3.297005605418235e-05,0.02238217182457447,0.014359376393258572,1.158988834504271e-05,0.0,0.0,0.0011067036539316177,0.0009999907322271572
24,True,,,,,0.0027463603764772415,0.0661693587899208,3.075363201787695e-05,0.025593677535653114,0.0161687470972538,1.2747850632877089e-05,0.0,0.0,0.000917106110136956,0.0009999791476005744
25,True,,,,,0.003552869660779834,0.07349264621734619,3.363647192600183e-05,0.03548290953040123,0.02451336197555065,1.3895991287427023e-05,0.0,0.0,0.001040820381604135,0.0009999629292903696
26,True,,,,,0.0055244057439267635,0.10731944441795349,7.807756628608331e-05,0.056785888969898224,0.04037323594093323,1.5007894944574218e-05,0.0,0.0,0.0010746079497039318,0.0009999420774635514
27,True,,,,,0.003437736537307501,0.07047703862190247,3.832132642855868e-05,0.031906742602586746,0.021344497799873352,1.6108944691950455e-05,0.0,0.0,0.0010311786318197846,0.0009999165923348426
28,True,,,,,0.0021586124785244465,0.0526726208627224,6.703338294755667e-05,0.02158820629119873,0.01402809377759695,1.7191783626913093e-05,0.0,0.0,0.0011527675669640303,0.0009998864741666779
29,True,,,,,0.003004537895321846,0.07596823573112488,3.3944765164051205e-05,0.03116445429623127,0.020495019853115082,1.8248527339892462e-05,0.0,0.0,0.0010273795342072845,0.0009998517232692006
30,True,,,,,0.0048497640527784824,0.08806050568819046,5.786508700111881e-05,0.05004914849996567,0.0362774096429348,1.929739664774388e-05,0.0,0.0,0.0013293494703248143,0.0009998123400002596
31,True,,,,,0.002694087103009224,0.08329683542251587,2.7053521989728324e-05,0.027562277391552925,0.016484197229146957,2.033133387158159e-05,0.0,0.0,0.0010167184518650174,0.0009997683247654065
32,True,,,,,0.004447221290320158,0.0949617400765419,3.1313869840232655e-05,0.043158236891031265,0.029152004048228264,2.1344751075957902e-05,0.0,0.0,0.0010519875213503838,0.0009997196780178901
33,True,,,,,0.0031241949182003736,0.07940908521413803,2.6779805921250954e-05,0.030093254521489143,0.018974367529153824,2.2362612071447074e-05,0.0,0.0,0.001040761824697256,0.0009996664002586532
34,True,,,,,0.003701094537973404,0.0918857753276825,5.937048626947217e-05,0.03745422139763832,0.02444557473063469,2.3362306819763035e-05,0.0,0.0,0.0008914071368053555,0.0009996084920363263
35,True,,,,,0.00424464326351881,0.0820312574505806,3.472762182354927e-05,0.048002228140830994,0.035484760999679565,2.43659542320529e-05,0.0,0.0,0.001437478931620717,0.000999545953947222
36,True,,,,,0.003802028251811862,0.07964959740638733,5.3854291763855144e-05,0.037944916635751724,0.026069965213537216,2.537971522542648e-05,0.0,0.0,0.0008928278693929315,0.0009994787866353296
37,True,,,,,0.00491693802177906,0.09688441455364227,3.250032023061067e-05,0.05102838575839996,0.03635774180293083,2.640700949996244e-05,0.0,0.0,0.0015640993369743228,0.0009994069907923082
38,True,,,,,0.0020804773084819317,0.06015607342123985,5.220334787736647e-05,0.02245950885117054,0.014258742332458496,2.7423815481597558e-05,0.0,0.0,0.0008745515369810164,0.0009993305671574788
39,True,,,,,0.002720686374232173,0.06785526871681213,2.8881233447464183e-05,0.025406578555703163,0.015842318534851074,2.843604852387216e-05,0.0,0.0,0.0008885215502232313,0.0009992495165178183
40,True,,,,,0.002549812663346529,0.05532516539096832,3.1757976103108376e-05,0.024788010865449905,0.016641872003674507,2.9444267056533135e-05,0.0,0.0,0.0009107618825510144,0.0009991638397079496
41,True,,,,,0.006307030096650124,0.09044612944126129,2.735352609306574e-05,0.05434694141149521,0.03894028440117836,3.0443381547229365e-05,0.0,0.0,0.0024356276262551546,0.0009990735376101338
42,True,,,,,0.004660945385694504,0.08750728517770767,5.645508281304501e-05,0.04568928852677345,0.03216439113020897,3.1459800084121525e-05,0.0,0.0,0.0010845883516594768,0.000998978611154262
43,True,,,,,0.0036051184870302677,0.08601055294275284,3.4371321817161515e-05,0.03422499820590019,0.021949758753180504,3.2526168070035055e-05,0.0,0.0,0.0011852567549794912,0.0009988790613178436
44,True,,,,,0.00273798406124115,0.0625254362821579,5.235774369793944e-05,0.029636725783348083,0.020541146397590637,3.3615830034250394e-05,0.0,0.0,0.0009369080071337521,0.000998774889125999
45,True,,,,,0.006143792532384396,0.09020903706550598,3.1169092835625634e-05,0.054891105741262436,0.03966372460126877,3.4718683309620246e-05,0.0,0.0,0.001425724127329886,0.0009986660956514462
46,True,,,,,0.003370042424649,0.07915353029966354,5.140234134159982e-05,0.03439903259277344,0.02301047369837761,3.581996134016663e-05,0.0,0.0,0.0010044518858194351,0.000998552682014492
47,True,,,,,0.0026553641073405743,0.05461099371314049,2.419837619527243e-05,0.02630341425538063,0.018138185143470764,3.693406324600801e-05,0.0,0.0,0.000820827845018357,0.0009984346493830188
48,True,,,,,0.004255760461091995,0.08907146751880646,3.11201365548186e-05,0.04415867477655411,0.03093314915895462,3.8060803490225226e-05,0.0,0.0,0.0010574915213510394,0.0009983119989724742
49,True,,,,,0.0015660969074815512,0.04636072367429733,2.6023515601991676e-05,0.014791097491979599,0.008536488749086857,3.9186877984320745e-05,0.0,0.0,0.0008549604099243879,0.000998184732045857
50,True,,,,,0.0021754074841737747,0.05590581148862839,5.666918877977878e-05,0.0212476197630167,0.013367890380322933,4.0271872421726584e-05,0.0,0.0,0.0009558795718476176,0.0009980528499137047
51,True,,,,,0.0020991158671677113,0.056646522134542465,3.31185401591938e-05,0.019921595230698586,0.012091176584362984,4.132702451897785e-05,0.0,0.0,0.0007476219907402992,0.0009979163539340808
52,True,,,,,0.004884669557213783,0.07459138333797455,5.372590385377407e-05,0.04114270582795143,0.028691021725535393,4.236021777614951e-05,0.0,0.0,0.0014686534414067864,0.0009977752455125595
53,True,,,,,0.0026379418559372425,0.06257369369268417,3.157390165142715e-05,0.02528676949441433,0.0163278765976429,4.335672201705165e-05,0.0,0.0,0.0011684155324473977,0.000997629526102212
54,True,,,,,0.004109492991119623,0.07783927023410797,4.740016447613016e-05,0.03656899556517601,0.02458033338189125,4.436547533259727e-05,0.0,0.0,0.001145289046689868,0.000997479197203592
55,True,,,,,0.005155981983989477,0.08624804019927979,2.7731566660804674e-05,0.05098070949316025,0.0371440052986145,4.537688801065087e-05,0.0,0.0,0.0010931396391242743,0.0009973242603647185
56,True,,,,,0.004192971624433994,0.07501691579818726,3.21052320941817e-05,0.03725692257285118,0.02549758180975914,4.642120256903581e-05,0.0,0.0,0.0010220818221569061,0.000997164717181062
57,True,,,,,0.0027244817465543747,0.06363016366958618,2.8048096282873303e-05,0.026321234181523323,0.017177164554595947,4.747245111502707e-05,0.0,0.0,0.000881330284755677,0.0009970005692955266
58,True,,,,,0.0056039742194116116,0.07337769120931625,5.93676304561086e-05,0.04511914402246475,0.03205818310379982,4.851380072068423e-05,0.0,0.0,0.0010765460319817066,0.0009968318183984338
59,True,,,,,0.0021664630621671677,0.05146636813879013,3.382500653970055e-05,0.023358073085546494,0.01597682759165764,4.956366683472879e-05,0.0,0.0,0.0006852562073618174,0.0009966584662275046
60,True,,,,,0.0055300574749708176,0.08151350170373917,5.73200813960284e-05,0.051924727857112885,0.03812817484140396,5.060495459474623e-05,0.0,0.0,0.002063404070213437,0.0009964805145678418
61,True,,,,,0.0024652527645230293,0.06644947081804276,3.313575143693015e-05,0.024960344657301903,0.015783358365297318,5.161861554370262e-05,0.0,0.0,0.0008566286996938288,0.0009962979652519122
62,True,,,,,0.003497540019452572,0.07703176140785217,4.987814463675022e-05,0.0345187671482563,0.023217767477035522,5.2657629566965625e-05,0.0,0.0,0.0012134459102526307,0.0009961108201595268
63,True,,,,,0.004811510443687439,0.08159949630498886,2.371447772020474e-05,0.042379871010780334,0.029360447078943253,5.372365558287129e-05,0.0,0.0,0.0010774036636576056,0.0009959190812178216
64,True,,,,,0.00439680740237236,0.07473555207252502,2.7834350476041436e-05,0.04202646389603615,0.030099883675575256,5.481786502059549e-05,0.0,0.0,0.001088429824449122,0.0009957227504012386
65,True,,,,,0.0030695400200784206,0.06286194920539856,2.5783947421587072e-05,0.02982686087489128,0.02041899971663952,5.5956868891371414e-05,0.0,0.0,0.0011498472886160016,0.0009955218297315045
66,True,,,,,0.006622453685849905,0.09838040918111801,5.668010999215767e-05,0.06155978515744209,0.04498536139726639,5.7098415709333494e-05,0.0,0.0,0.0018212145660072565,0.0009953163212776102
67,True,,,,,0.0061199902556836605,0.10756173729896545,3.309265593998134e-05,0.06166972219944,0.044726788997650146,5.8264504332328215e-05,0.0,0.0,0.0011578117264434695,0.00099510622715579
68,True,,,,,0.00393029535189271,0.08215305209159851,6.107828085077927e-05,0.03656601905822754,0.024297663941979408,5.950124977971427e-05,0.0,0.0,0.0010134839685633779,0.0009948915495294984
69,True,,,,,0.006461655255407095,0.08859032392501831,3.421051223995164e-05,0.06307295709848404,0.0476832389831543,6.074473640182987e-05,0.0,0.0,0.0012601538328453898,0.0009946722906093901
70,True,,,,,0.004182868637144566,0.0757390633225441,5.428926306194626e-05,0.03769729658961296,0.025831319391727448,6.203650264069438e-05,0.0,0.0,0.0010880514746531844,0.0009944484526532946
71,True,,,,,0.003249343018978834,0.06268718838691711,3.0487120966427028e-05,0.029781226068735123,0.020201556384563446,6.335174839477986e-05,0.0,0.0,0.0010719081619754434,0.0009942200379661954
72,True,,,,,0.004436583258211613,0.07146153599023819,3.745845242519863e-05,0.03877468407154083,0.027116384357213974,6.46565604256466e-05,0.0,0.0,0.0010294612729921937,0.0009939870489002044
73,True,,,,,0.003166826907545328,0.06163729727268219,3.0361668905243278e-05,0.029988108202815056,0.02059616893529892,6.594506703549996e-05,0.0,0.0,0.0011082772398367524,0.0009937494878545384
74,True,,,,,0.004031666554510593,0.08218556642532349,6.260915688471869e-05,0.038035523146390915,0.025659412145614624,6.722722173435614e-05,0.0,0.0,0.0008806684636510909,0.0009935073572754946
75,True,,,,,0.005506766028702259,0.09169560670852661,2.9234228350105695e-05,0.050816021859645844,0.03608053922653198,6.849625788163394e-05,0.0,0.0,0.0014301772462204099,0.0009932606596564256
76,True,,,,,0.0056662908755242825,0.07250580191612244,5.253651033854112e-05,0.05319003388285637,0.040167395025491714,6.976174336159602e-05,0.0,0.0,0.0012843568110838532,0.0009930093975377126
77,True,,,,,0.004050269722938538,0.06170666590332985,3.131442645099014e-05,0.036439914256334305,0.026155637577176094,7.102621020749211e-05,0.0,0.0,0.001389612560160458,0.0009927535735067402
78,True,,,,,0.004751557484269142,0.08375905454158783,4.7402758355019614e-05,0.041224170476198196,0.028001179918646812,7.22674376447685e-05,0.0,0.0,0.000990889617241919,0.0009924931901978701
79,True,,,,,0.0016659339889883995,0.04148256033658981,2.2030984837329015e-05,0.015744732692837715,0.00988574605435133,7.352545071626082e-05,0.0,0.0,0.0007839578902348876,0.0009922282502924124
80,True,,,,,0.0016026913654059172,0.0640217661857605,2.886688889702782e-05,0.017452316358685493,0.009388968348503113,7.475237362086773e-05,0.0,0.0,0.0008565124589949846,0.0009919587565186
81,True,,,,,0.0037280104588717222,0.0698745846748352,2.6611145585775375e-05,0.03369157016277313,0.02292211726307869,7.592651672894135e-05,0.0,0.0,0.0014853853499516845,0.0009916847116515587
82,True,,,,,0.006965539418160915,0.09841300547122955,6.874241080367938e-05,0.059076521545648575,0.04213142395019531,7.704659219598398e-05,0.0,0.0,0.0015143430791795254,0.0009914061185132797
83,True,,,,,0.0028412945102900267,0.05345781147480011,3.292079782113433e-05,0.02789541333913803,0.019641712307929993,7.820224709575996e-05,0.0,0.0,0.0009280893136747181,0.0009911229799725906
84,True,,,,,0.0020206638146191835,0.06752434372901917,5.442802648758516e-05,0.020232951268553734,0.011350203305482864,7.935539906611666e-05,0.0,0.0,0.0007154845516197383,0.000990835298945125
85,True,,,,,0.0029375802259892225,0.07679107785224915,3.609471968957223e-05,0.028895407915115356,0.018205726519227028,8.049255120567977e-05,0.0,0.0,0.0009041361627168953,0.0009905430783932934
86,True,,,,,0.004399900324642658,0.06028226017951965,4.751048982143402e-05,0.037161510437726974,0.026637548580765724,8.160255674738437e-05,0.0,0.0,0.0015852163778617978,0.0009902463213262516
87,True,,,,,0.00213933689519763,0.05483383312821388,2.2204647393664345e-05,0.018968023359775543,0.011300066486001015,8.267816883744672e-05,0.0,0.0,0.0008697615703567863,0.0009899450307998714
88,True,,,,,0.003417904954403639,0.07395830750465393,3.5204720916226506e-05,0.03418993577361107,0.023304950445890427,8.375222387257963e-05,0.0,0.0,0.0008820962393656373,0.0009896392099167076
89,True,,,,,0.003651557955890894,0.0869075208902359,3.0025283194845542e-05,0.03761142119765282,0.025208210572600365,8.484239515382797e-05,0.0,0.0,0.001061619957908988,0.0009893288618259665
90,True,,,,,0.0035372902639210224,0.06479151546955109,6.823412695666775e-05,0.030314428731799126,0.02016066014766693,8.591034566052258e-05,0.0,0.0,0.00084818055620417,0.0009890139897234735
91,True,,,,,0.003402136266231537,0.06298002600669861,3.648352503660135e-05,0.03282596543431282,0.023051990196108818,8.697420707903802e-05,0.0,0.0,0.0008812577580101788,0.0009886945968516406
92,True,,,,,0.0062603820115327835,0.10022029280662537,6.175859016366303e-05,0.0573965348303318,0.04098972678184509,8.801581134321168e-05,0.0,0.0,0.0011264609638601542,0.0009883706864994325
93,True,,,,,0.00604324322193861,0.09293998777866364,3.802769060712308e-05,0.05591246113181114,0.0404982715845108,8.904782589524984e-05,0.0,0.0,0.0012964244233444333,0.0009880422620023328
94,True,,,,,0.004323869943618774,0.07299908995628357,5.48224343219772e-05,0.0398360937833786,0.028101766481995583,9.008619235828519e-05,0.0,0.0,0.0009433980449102819,0.0009877093267423099
95,True,,,,,0.003490760922431946,0.08065666258335114,2.1827047021361068e-05,0.035983920097351074,0.024382926523685455,9.110440441872925e-05,0.0,0.0,0.0010633989004418254,0.0009873718841477816
96,True,,,,,0.004425537772476673,0.08096452057361603,2.8500122425612062e-05,0.04143046215176582,0.028850551694631577,9.21364116948098e-05,0.0,0.0,0.0010333957616239786,0.000987029937693581
97,True,,,,,0.0024319919757544994,0.05831907317042351,2.542554102547001e-05,0.023904437199234962,0.01558875571936369,9.31652175495401e-05,0.0,0.0,0.0007336915004998446,0.000986683490900919
98,True,,,,,0.003069463185966015,0.06769296526908875,5.9942736697848886e-05,0.028900636360049248,0.01894104853272438,9.419422713108361e-05,0.0,0.0,0.0008166180341504514,0.0009863325473373496
99,True,,,,,0.005635684356093407,0.09380095452070236,3.049806946364697e-05,0.05937710031867027,0.04429937154054642,9.520848107058555e-05,0.0,0.0,0.0014495168579742312,0.0009859771106167326
100,True,,,,,0.002135063521564007,0.0682249367237091,4.967896893504076e-05,0.02257218025624752,0.013514300808310509,9.624928497942165e-05,0.0,0.0,0.0007330594817176461,0.0009856171843991956
101,True,,,,,0.004066431894898415,0.08141067624092102,3.0935108952689916e-05,0.04044659435749054,0.02817625179886818,9.725950076244771e-05,0.0,0.0,0.0009603354847058654,0.000985252772391098
102,True,,,,,0.0033352598547935486,0.07340565323829651,4.503548188949935e-05,0.030412934720516205,0.019646055996418,9.829418559093028e-05,0.0,0.0,0.0008470760658383369,0.0009848838783449911
103,True,,,,,0.0035255635157227516,0.07017837464809418,2.302560278621968e-05,0.032494425773620605,0.021903980523347855,9.930931992130354e-05,0.0,0.0,0.0009379201801493764,0.0009845105060595804
104,True,,,,,0.0031229311134666204,0.06038116663694382,2.723152283579111e-05,0.029491251334547997,0.02027473784983158,0.00010031025158241391,0.0,0.0,0.000838068372104317,0.0009841326593796867
105,True,,,,,0.0037000009324401617,0.08587545901536942,2.516556196496822e-05,0.03767286241054535,0.02533397264778614,0.00010131047019967809,0.0,0.0,0.001158140366896987,0.0009837503421962052
106,True,,,,,0.003566074650734663,0.06704273819923401,5.422022513812408e-05,0.03385914862155914,0.023479335010051727,0.0001023088552756235,0.0,0.0,0.0009336848743259907,0.0009833635584460677
107,True,,,,,0.0040996563620865345,0.07178239524364471,3.2055402698460966e-05,0.04004612937569618,0.02870309352874756,0.00010329986980650574,0.0,0.0,0.0010648851748555899,0.0009829723121121993
108,True,,,,,0.00274245860055089,0.0561101995408535,5.0994392950087786e-05,0.02818162925541401,0.019725117832422256,0.00010428101086290553,0.0,0.0,0.000728506245650351,0.0009825766072234798
109,True,,,,,0.0035522053949534893,0.06573058664798737,3.0903564038453624e-05,0.0302512738853693,0.02006314881145954,0.00010526483674766496,0.0,0.0,0.0007971188169904053,0.0009821764478547008
110,True,,,,,0.003117175307124853,0.07504075765609741,4.502942829276435e-05,0.029912689700722694,0.019200317561626434,0.00010623971320455894,0.0,0.0,0.0007892369176261127,0.000981771838126524
111,True,,,,,0.003565780818462372,0.10832690447568893,2.2692132915835828e-05,0.039927639067173004,0.02548271231353283,0.00010720692807808518,0.0,0.0,0.0009476363193243742,0.000981362782205439
112,True,,,,,0.003628054168075323,0.06282242387533188,2.9428640118567273e-05,0.03234569728374481,0.02237546071410179,0.00010820017632795498,0.0,0.0,0.001039800583384931,0.0009809492843037206
113,True,,,,,0.003863434074446559,0.08764519542455673,2.725188824115321e-05,0.03953716903924942,0.026853619143366814,0.00010919551277766004,0.0,0.0,0.0009261175873689353,0.0009805313486793848
114,True,,,,,0.0016128537245094776,0.05183998495340347,6.0753998695872724e-05,0.017076129093766212,0.010156665928661823,0.00011021401587640867,0.0,0.0,0.0005873878253623843,0.0009801089796361454
115,True,,,,,0.0016772610833868384,0.046369537711143494,3.577497409423813e-05,0.017707495018839836,0.011320618912577629,0.00011121138231828809,0.0,0.0,0.000574023462831974,0.0009796821815233694
116,True,,,,,0.002315149176865816,0.0511084720492363,6.31664734100923e-05,0.02244884893298149,0.014895398169755936,0.00011218269355595112,0.0,0.0,0.0008681767503730953,0.000979250958736033
117,True,,,,,0.0046236952766776085,0.09228083491325378,3.625550743890926e-05,0.044264767318964005,0.030339345335960388,0.00011313275899738073,0.0,0.0,0.0009578107274137437,0.0009788153157146747
118,True,,,,,0.004058677703142166,0.07070205360651016,5.196037454879843e-05,0.04022105038166046,0.028987105935811996,0.00011407589772716165,0.0,0.0,0.0010085891699418426,0.0009783752569453511
119,True,,,,,0.0022487896494567394,0.06870731711387634,2.2737367544323206e-05,0.02584455907344818,0.01667841151356697,0.00011502466804813594,0.0,0.0,0.000789828016422689,0.0009779307869595907
120,True,,,,,0.0010633883066475391,0.04585530608892441,3.060998278670013e-05,0.011239876039326191,0.005528577603399754,0.00011595835530897602,0.0,0.0,0.0006973022245801985,0.0009774819103343458
121,True,,,,,0.0014567276230081916,0.042600393295288086,2.619232691358775e-05,0.013932176865637302,0.008161855861544609,0.00011686454672599211,0.0,0.0,0.0006496359710581601,0.000977028631691947
122,True,,,,,0.004204662516713142,0.08141367137432098,5.763163062511012e-05,0.04151793569326401,0.029055466875433922,0.00011774396261898801,0.0,0.0,0.0009164331713691354,0.0009765709557000544
123,True,,,,,0.0026110541075468063,0.06761306524276733,3.115954314125702e-05,0.02456187643110752,0.015126010403037071,0.00011862266546813771,0.0,0.0,0.0007160324603319168,0.0009761088870716104
124,True,,,,,0.007040365599095821,0.10470189899206161,5.115563908475451e-05,0.06410244107246399,0.046488381922245026,0.00011949396866839379,0.0,0.0,0.0013014533324167132,0.0009756424305647909
125,True,,,,,0.00228077732026577,0.0459890142083168,3.33239404426422e-05,0.02033279277384281,0.013385262340307236,0.00012035945110255852,0.0,0.0,0.0008815804030746222,0.0009751715909829557
126,True,,,,,0.003987149801105261,0.0820501446723938,4.8235233407467604e-05,0.03692222014069557,0.024632373824715614,0.00012121308827772737,0.0,0.0,0.0011130721541121602,0.0009746963731745997
127,True,,,,,0.00421740161255002,0.07635988295078278,2.2252304916037247e-05,0.041720714420080185,0.029821598902344704,0.00012206357496324927,0.0,0.0,0.000968218024354428,0.0009742167820333033
128,True,,,,,0.003091271501034498,0.06362500786781311,2.7864840376423672e-05,0.029456932097673416,0.019946200773119926,0.0001229497866006568,0.0,0.0,0.0012765665305778384,0.0009737328224976809
129,True,,,,,0.002978753997012973,0.0547042116522789,2.4605024009360932e-05,0.024189814925193787,0.015690190717577934,0.00012386114394757897,0.0,0.0,0.0007902670186012983,0.0009732444995513311
130,True,,,,,0.004914219491183758,0.08714395761489868,6.228812708286569e-05,0.043462347239255905,0.029707908630371094,0.00012477503332775086,0.0,0.0,0.0010221712291240692,0.0009727518182227847
131,True,,,,,0.0029947031289339066,0.0667407363653183,3.269915760029107e-05,0.028524762019515038,0.018789328634738922,0.00012571358820423484,0.0,0.0,0.0007503302185796201,0.0009722547835854532
132,True,,,,,0.003044167999178171,0.05797148495912552,5.273674469208345e-05,0.02670610323548317,0.017758047208189964,0.00012664614769164473,0.0,0.0,0.0008864301489666104,0.0009717534007575768
133,True,,,,,0.004088684916496277,0.07981720566749573,2.8290203772485256e-05,0.03640473634004593,0.024276476353406906,0.00012755983334500343,0.0,0.0,0.0009056322742253542,0.0009712476749021708
134,True,,,,,0.003874709364026785,0.07262154668569565,4.5235134166432545e-05,0.03901683911681175,0.02778821811079979,0.00012847722973674536,0.0,0.0,0.0012011902872473001,0.0009707376112269738
135,True,,,,,0.003281613811850548,0.05447779968380928,1.8987793737323955e-05,0.030056433752179146,0.021287769079208374,0.000129399704746902,0.0,0.0,0.0007678492111153901,0.0009702232149843928
136,True,,,,,0.0030222046189010143,0.0821540504693985,2.8817856218665838e-05,0.026848874986171722,0.015552325174212456,0.00013031686830800027,0.0,0.0,0.0011650922242552042,0.0009697044914714496
137,True,,,,,0.001139076892286539,0.04081536456942558,2.6226018235320225e-05,0.010149658657610416,0.004875280428677797,0.00013122076052241027,0.0,0.0,0.0006815323140472174,0.0009691814460297271
138,True,,,,,0.0029076053760945797,0.06695141643285751,6.226754339877516e-05,0.02836240828037262,0.018633805215358734,0.00013211744953878224,0.0,0.0,0.0007987322169356048,0.0009686540840453122
139,True,,,,,0.0049508861266076565,0.08392630517482758,3.513589035719633e-05,0.04240192100405693,0.02898680418729782,0.00013301806757226586,0.0,0.0,0.0009228208218701184,0.0009681224109487427
140,True,,,,,0.003619486466050148,0.07157640159130096,5.466435686685145e-05,0.03379344567656517,0.02290564775466919,0.00013394214329309762,0.0,0.0,0.0007862505153752863,0.0009675864322149497
141,True,,,,,0.005026268772780895,0.07395711541175842,3.392882354091853e-05,0.040948301553726196,0.028457114472985268,0.00013487073010765016,0.0,0.0,0.0010039006592705846,0.0009670461533632021
142,True,,,,,0.0028035794384777546,0.05998494476079941,4.635770164895803e-05,0.028377069160342216,0.01948092132806778,0.0001357948494842276,0.0,0.0,0.0008795054163783789,0.0009665015799570495
143,True,,,,,0.0035257497802376747,0.06582020223140717,2.0507384761003777e-05,0.0361575148999691,0.026007361710071564,0.00013671323540620506,0.0,0.0,0.0008617487619630992,0.0009659527176042647
144,True,,,,,0.0034195207990705967,0.04989929497241974,2.8649115847656503e-05,0.03062549978494644,0.022157374769449234,0.0001376540749333799,0.0,0.0,0.0009216570178978145,0.0009653995719567863
145,True,,,,,0.0016785751795396209,0.05483224615454674,2.597758430056274e-05,0.017735766246914864,0.010520625859498978,0.0001385880750603974,0.0,0.0,0.0006978021701797843,0.0009648421487106604
146,True,,,,,0.0051522813737392426,0.09022398293018341,5.798908750875853e-05,0.050774723291397095,0.03648266941308975,0.00013950394350104034,0.0,0.0,0.0009977559093385935,0.0009642804536059814
147,True,,,,,0.0033481677528470755,0.06760987639427185,3.0342916943482123e-05,0.031055577099323273,0.020884331315755844,0.00014044292038306594,0.0,0.0,0.0012331843608990312,0.0009637144924268342
148,True,,,,,0.0017053447663784027,0.0487770177423954,5.3042567742522806e-05,0.019314739853143692,0.012624194845557213,0.000141371157951653,0.0,0.0,0.0008409745641984046,0.0009631442710012335
149,True,,,,,0.005199121311306953,0.07877469807863235,3.166591341141611e-05,0.04950571432709694,0.036364369094371796,0.00014227768406271935,0.0,0.0,0.0010043522343039513,0.0009625697952010636
150,True,,,,,0.005539121106266975,0.09026243537664413,4.5008706365479156e-05,0.044259212911129,0.029602400958538055,0.00014321539492812008,0.0,0.0,0.001057590008713305,0.0009619910709420191
151,True,,,,,0.0016626855358481407,0.06825217604637146,2.3765747755533084e-05,0.019033588469028473,0.010496711358428001,0.00014416124031413347,0.0,0.0,0.0007262707804329693,0.0009614081041835432
152,True,,,,,0.0017669969238340855,0.047872282564640045,2.9140879632905126e-05,0.017883898690342903,0.011269940063357353,0.0001451077259844169,0.0,0.0,0.0006678091594949365,0.0009608209009287662
153,True,,,,,0.005963421426713467,0.10536831617355347,2.45313422055915e-05,0.046475037932395935,0.029924262315034866,0.00014603427553083748,0.0,0.0,0.0010993221076205373,0.0009602294672244439
154,True,,,,,0.002282346598803997,0.05652114748954773,5.9390964452177286e-05,0.024001609534025192,0.015946896746754646,0.00014697339793201536,0.0,0.0,0.0008664109627716243,0.0009596338091608958
155,True,,,,,0.0034103631041944027,0.06810836493968964,3.064349584747106e-05,0.03139835596084595,0.021114390343427658,0.00014790099521633238,0.0,0.0,0.0009188131662085652,0.0009590339328719418
156,True,,,,,0.0035228196065872908,0.07230214029550552,4.937392077408731e-05,0.0325470007956028,0.021693730726838112,0.0001488241832703352,0.0,0.0,0.0008928541792556643,0.000958429844534839
157,True,,,,,0.00415790593251586,0.0677688717842102,3.201650906703435e-05,0.038483381271362305,0.027483057230710983,0.000149763363879174,0.0,0.0,0.0011267985682934523,0.0009578215503702182
158,True,,,,,0.005006387829780579,0.07033920288085938,4.3616317270789295e-05,0.041992928832769394,0.029863879084587097,0.00015072697715368122,0.0,0.0,0.0009946353966370225,0.0009572090566420204
159,True,,,,,0.003768401686102152,0.06327809393405914,2.2029305910109542e-05,0.034822139889001846,0.024680355563759804,0.00015174112922977656,0.0,0.0,0.0009341153199784458,0.0009565923696574314
160,True,,,,,0.003071908373385668,0.0523945577442646,3.0361363315023482e-05,0.027899209409952164,0.019525593146681786,0.00015275135228876024,0.0,0.0,0.000920568301808089,0.0009559714957668177
161,True,,,,,0.0014067882439121604,0.0700860545039177,2.475421024428215e-05,0.016983212903141975,0.008516775444149971,0.00015375659859273583,0.0,0.0,0.0007962925592437387,0.0009553464413636601
162,True,,,,,0.004073571879416704,0.07597614824771881,5.83232322242111e-05,0.040592823177576065,0.028803441673517227,0.0001547315769130364,0.0,0.0,0.001016959547996521,0.0009547172128844888
163,True,,,,,0.004008570685982704,0.08246832340955734,3.136376108159311e-05,0.03966668248176575,0.02734699286520481,0.0001557385257910937,0.0,0.0,0.0008880497189238667,0.0009540838168088168
164,True,,,,,0.0030895881354808807,0.05900680646300316,5.3647218010155484e-05,0.031092675402760506,0.021993543952703476,0.0001567324361531064,0.0,0.0,0.0008923683781176805,0.0009534462596590728
165,True,,,,,0.0042793708853423595,0.06673668324947357,3.443251989665441e-05,0.0405232235789299,0.02949974313378334,0.00015771396283525974,0.0,0.0,0.0008695611031726003,0.0009528045480005352
166,True,,,,,0.003830624744296074,0.07380910217761993,4.372885450720787e-05,0.03675638511776924,0.02545580454170704,0.0001586852449690923,0.0,0.0,0.0008007851429283619,0.0009521586884412624
167,True,,,,,0.004638577811419964,0.09397317469120026,2.0977975509595126e-05,0.0445566289126873,0.03047717921435833,0.00015965155034791678,0.0,0.0,0.0011567209148779511,0.0009515086876320273
168,True,,,,,0.003672476625069976,0.062345240265131,3.072699473705143e-05,0.03387000411748886,0.023899942636489868,0.00016063160728663206,0.0,0.0,0.0008167799678631127,0.0009508545522662467
169,True,,,,,0.003291086759418249,0.08946089446544647,2.6247387722833082e-05,0.037429556250572205,0.02513827010989189,0.00016162521205842495,0.0,0.0,0.0009073760011233389,0.0009501962890799135
170,True,,,,,0.007057806011289358,0.0724523663520813,6.200639472808689e-05,0.060188177973032,0.045759495347738266,0.0001626241282792762,0.0,0.0,0.0015393182402476668,0.000949533904851527
171,True,,,,,0.006074587814509869,0.08925829827785492,3.2528183510294184e-05,0.050915177911520004,0.035848066210746765,0.00016362011956516653,0.0,0.0,0.0009409231715835631,0.0009488674064020232
172,True,,,,,0.0021225311793386936,0.04873528331518173,6.023195601301268e-05,0.02028779685497284,0.013169627636671066,0.00016464733926113695,0.0,0.0,0.000786157208494842,0.0009481968005947044
173,True,,,,,0.0021758421789854765,0.07197914272546768,3.650526195997372e-05,0.02519279718399048,0.015744375064969063,0.00016566176782362163,0.0,0.0,0.0009457506821490824,0.0009475220943351688
174,True,,,,,0.0033453600481152534,0.08271430432796478,4.881758286501281e-05,0.03378951549530029,0.022073425352573395,0.0001666511525399983,0.0,0.0,0.0008024347480386496,0.0009468432945712391
175,True,,,,,0.005732936318963766,0.08414332568645477,2.4769233277766034e-05,0.05336377024650574,0.03916528448462486,0.0001676400424912572,0.0,0.0,0.0010305782780051231,0.0009461604082928911
176,True,,,,,0.002000839449465275,0.05223649740219116,3.104777351836674e-05,0.02214537002146244,0.014857099391520023,0.00016864135977812111,0.0,0.0,0.0007707332842983305,0.0009454734425321816
177,True,,,,,0.004306850954890251,0.0641215592622757,2.7327583666192368e-05,0.03846738114953041,0.027692023664712906,0.00016962135850917548,0.0,0.0,0.000992738758213818,0.0009447824043631763
178,True,,,,,0.005976567044854164,0.08429176360368729,6.372003554133698e-05,0.05484414100646973,0.040309250354766846,0.00017060557729564607,0.0,0.0,0.0012607903918251395,0.0009440873009018765
179,True,,,,,0.003955517895519733,0.06193933263421059,3.218962956452742e-05,0.036697231233119965,0.026481684297323227,0.00017155839304905385,0.0,0.0,0.0010420846519991755,0.0009433881393061462
180,True,,,,,0.004859725944697857,0.06139178201556206,5.463621346279979e-05,0.04200098291039467,0.03089107945561409,0.00017252296674996614,0.0,0.0,0.0010298293782398105,0.0009426849267756381
181,True,,,,,0.003251203102990985,0.05334139242768288,3.1768657208886e-05,0.03266976401209831,0.02401914820075035,0.00017351217684336007,0.0,0.0,0.0010129690635949373,0.0009419776705517199
182,True,,,,,0.0016562383389100432,0.04386850446462631,4.6104058128548786e-05,0.01675032638013363,0.01061328500509262,0.00017449668666813523,0.0,0.0,0.0006529793608933687,0.0009412663779173994
183,True,,,,,0.004499656613916159,0.0701599270105362,2.1560099412454292e-05,0.040773022919893265,0.029212497174739838,0.00017546855087857693,0.0,0.0,0.0014816529583185911,0.0009405510561972489
184,True,,,,,0.004171114414930344,0.06648007035255432,2.942026731034275e-05,0.038307733833789825,0.027428004890680313,0.00017644984473008662,0.0,0.0,0.0026818918995559216,0.0009398317127573313
185,True,,,,,0.00287643913179636,0.05757393687963486,2.3261853129952215e-05,0.028423983603715897,0.019741851836442947,0.00017746609228197485,0.0,0.0,0.0007831096299923956,0.000939108355005123
186,True,,,,,0.003972179256379604,0.07180146872997284,5.6654182117199525e-05,0.03986393287777901,0.028596512973308563,0.000178538728505373,0.0,0.0,0.0010331079829484224,0.0009383809903894379
187,True,,,,,0.0015864374581724405,0.039591580629348755,3.016322989424225e-05,0.016855286434292793,0.011247565969824791,0.00017967229359783232,0.0,0.0,0.0005983178853057325,0.0009376496264003508
188,True,,,,,0.0028918846510350704,0.0504777766764164,5.012651308788918e-05,0.023052938282489777,0.015011213719844818,0.0001808008673833683,0.0,0.0,0.0007776448037475348,0.0009369142705691206
189,True,,,,,0.004728870466351509,0.08115752041339874,3.6532241210807115e-05,0.049035392701625824,0.03611588850617409,0.00018189448746852577,0.0,0.0,0.0013966680271551013,0.0009361749304681119
190,True,,,,,0.0038753494154661894,0.07187870889902115,4.445868398761377e-05,0.036405954509973526,0.02525199018418789,0.00018297760107088834,0.0,0.0,0.0010873216670006514,0.0009354316137107177
191,True,,,,,0.002751245629042387,0.0586991086602211,2.366960688959807e-05,0.02510221116244793,0.01643187552690506,0.00018405582522973418,0.0,0.0,0.0008389268768951297,0.0009346843279512811
192,True,,,,,0.004920626524835825,0.06945368647575378,3.287331492174417e-05,0.04112517461180687,0.029191581532359123,0.00018513260874897242,0.0,0.0,0.0010062913643196225,0.000933933080885016
193,True,,,,,0.0039560915902256966,0.07486668974161148,2.5642846594564617e-05,0.03812704235315323,0.026631135493516922,0.00018624161020852625,0.0,0.0,0.0009325263672508299,0.0009331778802479276
194,True,,,,,0.0015161874471232295,0.05761995539069176,6.675292388536036e-05,0.01676870882511139,0.009355146437883377,0.00018734637706074864,0.0,0.0,0.0010350970551371574,0.0009324187338167342
195,True,,,,,0.003496764227747917,0.07122088968753815,3.1070143450051546e-05,0.03291700780391693,0.022234126925468445,0.0001884399534901604,0.0,0.0,0.000985829159617424,0.0009316556494087853
196,True,,,,,0.004275504499673843,0.08484502881765366,5.561997750191949e-05,0.04242980480194092,0.02955666184425354,0.0001895223540486768,0.0,0.0,0.0011315783485770226,0.0009308886348819823
197,True,,,,,0.003155739977955818,0.04860173538327217,3.1598086934536695e-05,0.0296122245490551,0.021531209349632263,0.0001906208781292662,0.0,0.0,0.0010892227292060852,0.0009301176981346969
198,True,,,,,0.004572191275656223,0.07969120889902115,4.773432374349795e-05,0.04008954390883446,0.027450842782855034,0.00019172164320480078,0.0,0.0,0.0008926955051720142,0.0009293428471056904
199,True,,,,,0.0027893807273358107,0.06897948682308197,2.4197266611736268e-05,0.030646024271845818,0.020908372476696968,0.00019281620916444808,0.0,0.0,0.0008421125821769238,0.0009285640897740315
200,True,,,,,0.0031375675462186337,0.07391659915447235,2.9997769161127508e-05,0.02814750000834465,0.017556337639689445,0.00019390333909541368,0.0,0.0,0.0009745412389747798,0.0009277814341590143
201,True,,,,,0.005292628891766071,0.07592906057834625,2.4891909561119974e-05,0.04811504855751991,0.03517778217792511,0.00019494578009471297,0.0,0.0,0.0010299044661223888,0.0009269948883200753
202,True,,,,,0.004631468094885349,0.07364306598901749,6.255366315599531e-05,0.046282730996608734,0.03415989130735397,0.00019595112826209515,0.0,0.0,0.0025113129522651434,0.0009262044603567113
203,True,,,,,0.0037259270902723074,0.06763680279254913,3.2217034458881244e-05,0.032630156725645065,0.022074144333600998,0.0001968861324712634,0.0,0.0,0.0008510937914252281,0.0009254101584083953
204,True,,,,,0.005311793647706509,0.07494455575942993,5.749449337599799e-05,0.04693428799510002,0.03401106968522072,0.00019784891628660262,0.0,0.0,0.0012367971939966083,0.0009246119906544929
205,True,,,,,0.0028325594030320644,0.058387402445077896,3.567375460988842e-05,0.027957158163189888,0.019212523475289345,0.0001988331787288189,0.0,0.0,0.0008348103729076684,0.0009238099653141777
206,True,,,,,0.004732496105134487,0.06926961988210678,5.157876148587093e-05,0.04297657683491707,0.031211964786052704,0.00019982701633125544,0.0,0.0,0.0010090571595355868,0.0009230040906463475
207,True,,,,,0.00181567610707134,0.04526790976524353,2.1080133592477068e-05,0.01844445802271366,0.012057822197675705,0.00020085064170416445,0.0,0.0,0.0007290845387615263,0.0009221943749495385
208,True,,,,,0.0041359104216098785,0.07203373312950134,3.067395300604403e-05,0.03500125929713249,0.023598607629537582,0.00020186128676868975,0.0,0.0,0.0010145856067538261,0.00092138082656184
209,True,,,,,0.0030923092272132635,0.06899382174015045,2.561706605774816e-05,0.03238571062684059,0.02234075404703617,0.00020288923406042159,0.0,0.0,0.0008377491030842066,0.0009205634538608085
210,True,,,,,0.004239129833877087,0.07602201402187347,6.312907498795539e-05,0.03674507886171341,0.02477545291185379,0.00020391806901898235,0.0,0.0,0.000988443149253726,0.0009197422652633822
211,True,,,,,0.002093442715704441,0.052593182772397995,3.1498217140324414e-05,0.02018282562494278,0.01276501826941967,0.00020492076873779297,0.0,0.0,0.0007563144899904728,0.0009189172692257932
212,True,,,,,0.0060452548786997795,0.07519087195396423,5.4421510867541656e-05,0.0530853196978569,0.039410073310136795,0.00020589758059941232,0.0,0.0,0.0010964719112962484,0.000918088474243481
213,True,,,,,0.005146050360053778,0.06914033740758896,3.180438216077164e-05,0.042933885008096695,0.03080812282860279,0.00020689339726231992,0.0,0.0,0.0007724614697508514,0.0009172558888510049
214,True,,,,,0.0021871845237910748,0.055657170712947845,4.6592624130425975e-05,0.022486962378025055,0.014638795517385006,0.00020787643734365702,0.0,0.0,0.0007184522692114115,0.0009164195216219563
215,True,,,,,0.0037602742668241262,0.07591769844293594,2.239221430500038e-05,0.030077112838625908,0.018678195774555206,0.00020881544332951307,0.0,0.0,0.0009302555117756128,0.0009155793811688697
216,True,,,,,0.005837447941303253,0.08558623492717743,2.972203765239101e-05,0.0541687086224556,0.03971109539270401,0.00020973921346012503,0.0,0.0,0.0010628467425704002,0.0009147354761431357
217,True,,,,,0.0032151404302567244,0.05816400796175003,2.4193457647925243e-05,0.03299596533179283,0.023913927376270294,0.00021066651970613748,0.0,0.0,0.001074978499673307,0.0009138878152349095
218,True,,,,,0.0012381223496049643,0.03227962180972099,6.28650959697552e-05,0.01282034907490015,0.008226417936384678,0.0002116025279974565,0.0,0.0,0.0005826145643368363,0.0009130364071730235
219,True,,,,,0.0018483431776985526,0.05291863530874252,3.3864220313262194e-05,0.01952245458960533,0.012312393635511398,0.00021250412100926042,0.0,0.0,0.0005932308849878609,0.0009121812607248966
220,True,,,,,0.005341823678463697,0.07504992932081223,5.483900895342231e-05,0.0454677976667881,0.03250917047262192,0.0002133886591764167,0.0,0.0,0.000997131341136992,0.0009113223846964434
221,True,,,,,0.002260948531329632,0.055192090570926666,2.9317154258023947e-05,0.021260082721710205,0.013419149443507195,0.00021425174782052636,0.0,0.0,0.0007594988564960659,0.0009104597879319846
222,True,,,,,0.0020022757817059755,0.05543585121631622,4.754765541292727e-05,0.021366512402892113,0.013723403215408325,0.00021508992358576506,0.0,0.0,0.0007259067497216165,0.0009095934793141551
223,True,,,,,0.010317116975784302,0.12000274658203125,2.2240265025175177e-05,0.09220458567142487,0.06984055042266846,0.00021591594850178808,0.0,0.0,0.0014111344935372472,0.0009087234677638127
224,True,,,,,0.0027627169620245695,0.058481067419052124,3.0246104870457202e-05,0.026514355093240738,0.01784086972475052,0.0002168281644117087,0.0,0.0,0.0007697620894759893,0.0009078497622399466
225,True,,,,,0.002293071011081338,0.04853934049606323,2.3967162633198313e-05,0.02113986946642399,0.013942752033472061,0.00021773447224404663,0.0,0.0,0.0007068824488669634,0.0009069723717395846
226,True,,,,,0.00808881875127554,0.11226530373096466,5.624333425657824e-05,0.06965025514364243,0.05022023618221283,0.00021862689754925668,0.0,0.0,0.0010849467944353819,0.0009060913052977012
227,True,,,,,0.003247760934755206,0.05077807977795601,3.48179746652022e-05,0.031115775927901268,0.02271837554872036,0.00021955817646812648,0.0,0.0,0.0011884854175150394,0.0009052065719871238
228,True,,,,,0.002294813981279731,0.051904771476984024,5.8787420130101964e-05,0.02174222655594349,0.014137155376374722,0.0002204824995715171,0.0,0.0,0.0006636302568949759,0.0009043181809184392
229,True,,,,,0.002230036538094282,0.03997310250997543,3.4914814023068175e-05,0.021607598289847374,0.015308206900954247,0.0002213927946286276,0.0,0.0,0.0007242906140163541,0.000903426141239901
230,True,,,,,0.003919549286365509,0.0651962161064148,4.7660880227340385e-05,0.034800801426172256,0.024264086037874222,0.00022228302259463817,0.0,0.0,0.000859204214066267,0.0009025304621373337
231,True,,,,,0.0034684024285525084,0.06674498319625854,2.0554198272293434e-05,0.03067813068628311,0.020491888746619225,0.00022315642854664475,0.0,0.0,0.0008267982047982514,0.0009016311528340395
232,True,,,,,0.0022751439828425646,0.05634390935301781,3.2092793844640255e-05,0.022801529616117477,0.014825567603111267,0.00022404098126571625,0.0,0.0,0.0007579672965221107,0.0009007282225907027
233,True,,,,,0.004900455009192228,0.0800834447145462,2.4021308490773663e-05,0.04412537440657616,0.031166281551122665,0.0002249004173791036,0.0,0.0,0.0020289754029363394,0.000899821680705294
234,True,,,,,0.0034713379573076963,0.055350251495838165,5.815294571220875e-05,0.03193743899464607,0.022812511771917343,0.00022569387510884553,0.0,0.0,0.0010584479896351695,0.0008989115365129758
235,True,,,,,0.010220482014119625,0.114710234105587,3.351127088535577e-05,0.0919790118932724,0.07021822035312653,0.00022652022016700357,0.0,0.0,0.001390335732139647,0.0008979977993860052
236,True,,,,,0.004416638985276222,0.07118057459592819,5.6735902035143226e-05,0.04406867176294327,0.032418232411146164,0.000227414071559906,0.0,0.0,0.0010255539091303945,0.0008970804787336377
237,True,,,,,0.004201358184218407,0.06666798889636993,3.040202136617154e-05,0.035163361579179764,0.02423211559653282,0.0002283338108099997,0.0,0.0,0.0008514975779689848,0.0008961595840020299
238,True,,,,,0.0024464596062898636,0.05711297690868378,4.4671542127616704e-05,0.024151375517249107,0.01590198092162609,0.00022926548263058066,0.0,0.0,0.0007751284865662456,0.0008952351246741436
239,True,,,,,0.001549975830130279,0.06848088651895523,2.2663090931018814e-05,0.021042849868535995,0.012597156688570976,0.00023017941566649824,0.0,0.0,0.0007735183462500572,0.0008943071102696463
240,True,,,,,0.0032209926284849644,0.054117873311042786,3.0279281418188475e-05,0.02929353155195713,0.020597880706191063,0.0002310895943082869,0.0,0.0,0.0011162953451275826,0.0008933755503448148
241,True,,,,,0.0012760193785652518,0.04418295994400978,2.5826870114542544e-05,0.013316814787685871,0.007568525616079569,0.00023198615235742182,0.0,0.0,0.0006063033943064511,0.0008924404544924355
242,True,,,,,0.004166158847510815,0.0638917088508606,5.520185368368402e-05,0.03873175010085106,0.028063690289855003,0.00023284794588107616,0.0,0.0,0.0009857703698799014,0.0008915018323417066
243,True,,,,,0.0031834780238568783,0.058530617505311966,3.022380951733794e-05,0.028474867343902588,0.019375542178750038,0.00023372095893137157,0.0,0.0,0.0007333739777095616,0.0008905596935581384
244,True,,,,,0.0030708201229572296,0.0542386993765831,5.02422044519335e-05,0.027222890406847,0.018625371158123016,0.0002345907560084015,0.0,0.0,0.00088740378851071,0.000889614047843454
245,True,,,,,0.00444156676530838,0.07183821499347687,2.6687426725402474e-05,0.04066872224211693,0.02898760326206684,0.00023544450232293457,0.0,0.0,0.0010513331508263946,0.000888664904935489
246,True,,,,,0.002208516001701355,0.0567193329334259,4.13916350225918e-05,0.02023678459227085,0.01227119006216526,0.00023626523034181446,0.0,0.0,0.0008614837424829602,0.000887712274608092
247,True,,,,,0.0036399129312485456,0.05604618787765503,2.1075376935186796e-05,0.033475112169981,0.024186059832572937,0.00023704813793301582,0.0,0.0,0.0011716285953298211,0.0008867561666710228
248,True,,,,,0.0028764752205461264,0.05522996932268143,2.944042171293404e-05,0.029248015955090523,0.020787283778190613,0.00023782036441843957,0.0,0.0,0.0007506152614951134,0.0008857965909698531
249,True,,,,,0.004966424312442541,0.06981346756219864,2.5128800189122558e-05,0.042468562722206116,0.03046814538538456,0.00023861364752519876,0.0,0.0,0.0010194041533395648,0.0008848335573858631
250,True,,,,,0.00530829606577754,0.06999609619379044,5.826084816362709e-05,0.04894990846514702,0.036523085087537766,0.000239392596995458,0.0,0.0,0.0008861712412908673,0.0008838670758359411
251,True,,,,,0.0040486641228199005,0.05885855108499527,3.3177235309267417e-05,0.03616591915488243,0.02616264298558235,0.00024018643307499588,0.0,0.0,0.0009306585998274386,0.0008828971562724811
252,True,,,,,0.006009650882333517,0.09607281535863876,4.9976973969023675e-05,0.05207427963614464,0.03635498136281967,0.000240974040934816,0.0,0.0,0.0011498089879751205,0.00088192380868328
253,True,,,,,0.0051336148753762245,0.08465477079153061,3.067837315029465e-05,0.04400785267353058,0.03034498542547226,0.0002417991781840101,0.0,0.0,0.0009231382282450795,0.0008809470430914353
254,True,,,,,0.0031683582346886396,0.06362967938184738,4.6558849135180935e-05,0.028774071484804153,0.019147200509905815,0.0002426241699140519,0.0,0.0,0.000814015802461654,0.0008799668695552414
255,True,,,,,0.0028458167798817158,0.054023947566747665,2.0779514670721255e-05,0.02889319136738777,0.02060098573565483,0.0002434530615573749,0.0,0.0,0.0009584810468368232,0.0008789832981680859
256,True,,,,,0.004485834389925003,0.0733463317155838,3.155344893457368e-05,0.03993759676814079,0.028051577508449554,0.0002442565746605396,0.0,0.0,0.0007520134095102549,0.0008779963390583464
257,True,,,,,0.0027310061268508434,0.05384059250354767,2.2526923203258775e-05,0.02430221065878868,0.016139641404151917,0.00024507680791430175,0.0,0.0,0.000671371235512197,0.0008770060023892855
258,True,,,,,0.003872921224683523,0.07215345650911331,5.399849760578945e-05,0.03031541407108307,0.019116690382361412,0.00024588959058746696,0.0,0.0,0.0009253410389646888,0.0008760122983589465
259,True,,,,,0.003500807797536254,0.05332711711525917,2.9189250199124217e-05,0.02965514175593853,0.020760778337717056,0.00024669148842804134,0.0,0.0,0.0012141631450504065,0.0008750152372000478
260,True,,,,,0.0018665496027097106,0.04774719849228859,5.0433496653568e-05,0.018492622300982475,0.011748010292649269,0.0002474891080055386,0.0,0.0,0.0006743019912391901,0.000874014829179879
261,True,,,,,0.0015556046273559332,0.04400540888309479,3.464606561465189e-05,0.01498895138502121,0.008961030282080173,0.00024826612207107246,0.0,0.0,0.0007646084995940328,0.0008730110846001934
262,True,,,,,0.0046123843640089035,0.06633605808019638,5.1750550483120605e-05,0.04595804214477539,0.03460606187582016,0.0002490236365702003,0.0,0.0,0.001024766592308879,0.0008720040137971029
263,True,,,,,0.0028171883895993233,0.0589769184589386,2.1413827198557556e-05,0.023160768672823906,0.014400562271475792,0.00024978508008643985,0.0,0.0,0.0007880370831117034,0.0008709936271409712
264,True,,,,,0.0020862268283963203,0.06067270785570145,2.9497472496586852e-05,0.02113114856183529,0.01291615143418312,0.0002505321172066033,0.0,0.0,0.000604248431045562,0.0008699799350363074
265,True,,,,,0.003906979225575924,0.06946384906768799,2.4095497792586684e-05,0.03243275731801987,0.021528687328100204,0.00025127854314632714,0.0,0.0,0.0008083601715043187,0.0008689629479216585
266,True,,,,,0.001923146890476346,0.02955569699406624,5.620977754006162e-05,0.01577645353972912,0.010782796889543533,0.0002520302077755332,0.0,0.0,0.0006269433652050793,0.0008679426762695024
267,True,,,,,0.0028125494718551636,0.06043612211942673,3.0535546102328226e-05,0.026390617713332176,0.01747085526585579,0.00025277084205299616,0.0,0.0,0.0006969972746446729,0.000866919130586139
268,True,,,,,0.002838620450347662,0.05664290487766266,5.5881711887195706e-05,0.029027557000517845,0.02041034772992134,0.0002534976811148226,0.0,0.0,0.0009507667273283005,0.0008658923214115832
269,True,,,,,0.004288694821298122,0.06592728197574615,3.4071032132487744e-05,0.03602677583694458,0.02507467195391655,0.00025421768077649176,0.0,0.0,0.0008174536051228642,0.0008648622593194559
270,True,,,,,0.003604710102081299,0.07647360116243362,4.875149897998199e-05,0.03148340433835983,0.02013128437101841,0.0002549388154875487,0.0,0.0,0.0007870318368077278,0.0008638289549168746
271,True,,,,,0.005351306404918432,0.0888756513595581,2.006645627261605e-05,0.05133143439888954,0.037049874663352966,0.000255640217801556,0.0,0.0,0.0009908901993185282,0.0008627924188443454
272,True,,,,,0.0018498848658055067,0.05099489539861679,2.8834712793468498e-05,0.02025378681719303,0.013244180008769035,0.0002563508169259876,0.0,0.0,0.0007010801346041262,0.000861752661775652
273,True,,,,,0.003923813346773386,0.06274068355560303,2.765459066722542e-05,0.03554392606019974,0.025288164615631104,0.0002570462820585817,0.0,0.0,0.0008561609429307282,0.0008607096944177472
274,True,,,,,0.004441926255822182,0.06558448821306229,6.014887185301632e-05,0.04346827045083046,0.03234501928091049,0.0002577331324573606,0.0,0.0,0.0012486109044402838,0.000859663527510641
275,True,,,,,0.0024800230748951435,0.041414372622966766,2.778574707917869e-05,0.023514486849308014,0.016834871843457222,0.0002584052854217589,0.0,0.0,0.0007605802384205163,0.0008586141718272916
276,True,,,,,0.0034573308657854795,0.07177352905273438,5.0779664888978004e-05,0.03207993134856224,0.021341098472476006,0.00025907866074703634,0.0,0.0,0.0011079520918428898,0.0008575616381734935
277,True,,,,,0.0043305084109306335,0.06833115220069885,2.7768805011874065e-05,0.039549462497234344,0.02832770347595215,0.00025975453900173306,0.0,0.0,0.0009036863339133561,0.0008565059373877669
278,True,,,,,0.004898730665445328,0.06683994829654694,4.259002162143588e-05,0.0443020798265934,0.03263156861066818,0.00026044403784908354,0.0,0.0,0.0008905741269700229,0.0008554470803412451
279,True,,,,,0.0029867335688322783,0.054557278752326965,1.9957211407017894e-05,0.02865813672542572,0.020173149183392525,0.0002611424133647233,0.0,0.0,0.0007562715327367187,0.0008543850779375637
280,True,,,,,0.00592432077974081,0.08797852694988251,2.7649828552966937e-05,0.049961335957050323,0.03518124297261238,0.00026183700538240373,0.0,0.0,0.0011772681027650833,0.0008533199411127475
281,True,,,,,0.0037993143778294325,0.06367172300815582,2.4828570531099103e-05,0.03322136029601097,0.023002590984106064,0.0002625615743454546,0.0,0.0,0.0008658661972731352,0.0008522516808350982
282,True,,,,,0.0038636159151792526,0.07534869015216827,6.13891679677181e-05,0.03912309929728508,0.02759920433163643,0.00026326332590542734,0.0,0.0,0.0008765295497141778,0.0008511803081050813
283,True,,,,,0.0037314854562282562,0.0663856491446495,2.8403501346474513e-05,0.03202257305383682,0.02159307338297367,0.00026399531634524465,0.0,0.0,0.000764664204325527,0.0008501058339552134
284,True,,,,,0.007391489576548338,0.08718457072973251,5.415650230133906e-05,0.06686452776193619,0.05064362287521362,0.00026474581682123244,0.0,0.0,0.00111093046143651,0.0008490282694499475
285,True,,,,,0.0024370430037379265,0.06206919252872467,2.910019611590542e-05,0.024036601185798645,0.015331781469285488,0.0002655358402989805,0.0,0.0,0.0007532637100666761,0.0008479476256855603
286,True,,,,,0.004900600295513868,0.07264760136604309,4.353094118414447e-05,0.04483700171113014,0.03258191794157028,0.0002663093328010291,0.0,0.0,0.0007886285311542451,0.0008468639137900366
287,True,,,,,0.0035689552314579487,0.05352545529603958,2.0994935766793787e-05,0.030256351456046104,0.021290190517902374,0.00026711117243394256,0.0,0.0,0.0007583771366626024,0.0008457771449229566
288,True,,,,,0.0035776086151599884,0.06903071701526642,3.062425821553916e-05,0.03203720971941948,0.021492600440979004,0.00026790419360622764,0.0,0.0,0.0007188614108599722,0.0008446873302753783
289,True,,,,,0.004045399837195873,0.0737747997045517,2.4918099370552227e-05,0.036072988063097,0.024597585201263428,0.00026866799453273416,0.0,0.0,0.0009266273700632155,0.000843594481069725
290,True,,,,,0.00500317569822073,0.07659229636192322,5.5508782679680735e-05,0.04057688266038895,0.02780076675117016,0.00026943651027977467,0.0,0.0,0.0010580585803836584,0.0008424986085596682
291,True,,,,,0.004176870919764042,0.07178478688001633,3.047355858143419e-05,0.0402977392077446,0.028878740966320038,0.00027019198751077056,0.0,0.0,0.001340795075520873,0.0008413997240300118
292,True,,,,,0.006609856151044369,0.07741601020097733,5.108615005156025e-05,0.05321957916021347,0.03876323997974396,0.0002709402178879827,0.0,0.0,0.000995146343484521,0.0008402978387965762
293,True,,,,,0.00432036817073822,0.0713309645652771,3.253690374549478e-05,0.03749775141477585,0.025976497679948807,0.00027171536930836737,0.0,0.0,0.0009749965975061059,0.0008391929642060818
294,True,,,,,0.0024811725597828627,0.04751371592283249,4.452552821021527e-05,0.023065151646733284,0.015740832313895226,0.0002725035301409662,0.0,0.0,0.0008960429113358259,0.000838085111636032
295,True,,,,,0.0019027970265597105,0.04734955355525017,2.2319418349070475e-05,0.01913400925695896,0.012448885478079319,0.0002732868306338787,0.0,0.0,0.001450711628422141,0.0008369742924945963
296,True,,,,,0.0025898702442646027,0.064334437251091,2.949066401924938e-05,0.026575526222586632,0.017490491271018982,0.00027403043350204825,0.0,0.0,0.0007461412460543215,0.0008358605182204924
297,True,,,,,0.002707201521843672,0.06805939972400665,2.5711464331834577e-05,0.027412844821810722,0.017845533788204193,0.00027478995616547763,0.0,0.0,0.0007506515248678625,0.0008347438002828685
298,True,,,,,0.002771848812699318,0.059900179505348206,5.6463781220372766e-05,0.023880109190940857,0.015002559870481491,0.00027552430401556194,0.0,0.0,0.0006950643146410584,0.0008336241501811857
299,True,,,,,0.004040987230837345,0.07070158421993256,3.2768817618489265e-05,0.032490622252225876,0.02131117880344391,0.00027622675406746566,0.0,0.0,0.0010002936469390988,0.0008325015794450989
300,True,,,,,0.003987172152847052,0.06495563685894012,5.9324429457774386e-05,0.03624545410275459,0.025641299784183502,0.00027688726549968123,0.0,0.0,0.0010803790064528584,0.0008313760996343385
301,True,,,,,0.004869566299021244,0.08010639250278473,3.0366198188858107e-05,0.04283307492733002,0.029889360070228577,0.0002775443426799029,0.0,0.0,0.0009572375565767288,0.0008302477223385914
302,True,,,,,0.0038419447373598814,0.060992490500211716,4.977938806405291e-05,0.03500860184431076,0.024965066462755203,0.00027823325945064425,0.0,0.0,0.0009212317527271807,0.0008291164591773812
303,True,,,,,0.0020695137791335583,0.051998890936374664,2.2279837139649317e-05,0.02215868979692459,0.014841937460005283,0.00027893585502170026,0.0,0.0,0.0007032577996142209,0.000827982321799949
304,True,,,,,0.00362893077544868,0.06746575236320496,3.215704782633111e-05,0.03063684143126011,0.020194225013256073,0.00027963967295363545,0.0,0.0,0.000926843611523509,0.0008268453218851338
305,True,,,,,0.004561370238661766,0.09499052911996841,2.4459941414534114e-05,0.03644060716032982,0.022328456863760948,0.00028036822914145887,0.0,0.0,0.0009109026868827641,0.0008257054711412503
306,True,,,,,0.003711292054504156,0.05572688579559326,5.7343779189977795e-05,0.033706337213516235,0.02430485561490059,0.0002810833975672722,0.0,0.0,0.0012503385078161955,0.0008245627813059712
307,True,,,,,0.0042959656566381454,0.07324203103780746,3.062452015001327e-05,0.04202886298298836,0.030344627797603607,0.0002818052307702601,0.0,0.0,0.0008998857229016721,0.0008234172641462046
308,True,,,,,0.004447014071047306,0.07696136087179184,5.406600394053385e-05,0.040880970656871796,0.028626862913370132,0.00028255945653654635,0.0,0.0,0.0010748953791335225,0.0008222689314579724
309,True,,,,,0.0028878001030534506,0.06798674911260605,2.9664724934264086e-05,0.02678203210234642,0.017033394426107407,0.00028330396162346005,0.0,0.0,0.0007811137475073338,0.0008211177950662904
310,True,,,,,0.002220730297267437,0.0611274316906929,4.744262696476653e-05,0.02184787392616272,0.013416674919426441,0.00028404840850271285,0.0,0.0,0.0007217572419904172,0.0008199638668250452
311,True,,,,,0.0036587812937796116,0.051245659589767456,2.2438796804635786e-05,0.03352100029587746,0.0246899276971817,0.000284770765574649,0.0,0.0,0.0007876840536482632,0.0008188071586168727
312,True,,,,,0.005337837617844343,0.0703902393579483,3.1099414627533406e-05,0.04517202451825142,0.0327301099896431,0.00028548366390168667,0.0,0.0,0.001220777863636613,0.0008176476823530359
313,True,,,,,0.0054914942011237144,0.07906273007392883,2.7526159101398662e-05,0.05160246789455414,0.03814678639173508,0.0002862018591258675,0.0,0.0,0.0012060166336596012,0.0008164854499733014
314,True,,,,,0.004388992674648762,0.06614625453948975,6.366441084537655e-05,0.03809421882033348,0.026960404589772224,0.0002869514864869416,0.0,0.0,0.0010592126054689288,0.0008153204734458179
315,True,,,,,0.00390783092007041,0.06492717564105988,2.9393049771897495e-05,0.037862952798604965,0.02740074135363102,0.00028770562494173646,0.0,0.0,0.0008623888134025037,0.0008141527647669914
316,True,,,,,0.003941447474062443,0.06855733692646027,5.313415749697015e-05,0.031449057161808014,0.020542724058032036,0.0002884714922402054,0.0,0.0,0.0009133567218668759,0.0008129823359613626
317,True,,,,,0.0018941161688417196,0.03842541575431824,2.946374843304511e-05,0.019030123949050903,0.01323164626955986,0.0002892469346988946,0.0,0.0,0.0007533332682214677,0.0008118091990814829
318,True,,,,,0.001853476045653224,0.04588894546031952,4.6822340664220974e-05,0.02040804736316204,0.013869130983948708,0.00029000750510022044,0.0,0.0,0.0006707601714879274,0.0008106333662077901
319,True,,,,,0.004875404294580221,0.0732448473572731,2.181382296839729e-05,0.04220856726169586,0.029962144792079926,0.00029074487974867225,0.0,0.0,0.001165649387985468,0.0008094548494484844
320,True,,,,,0.003528142347931862,0.0689554363489151,2.8960070267203264e-05,0.03077623061835766,0.020291710272431374,0.00029146121232770383,0.0,0.0,0.0008371097501367331,0.0008082736609394031
321,True,,,,,0.0022071399725973606,0.04995821788907051,2.429463893349748e-05,0.02083500102162361,0.013580527156591415,0.0002921857521869242,0.0,0.0,0.0005415743798948824,0.0008070898128438963
322,True,,,,,0.0017061129910871387,0.04400559514760971,6.340225809253752e-05,0.018493296578526497,0.012256891466677189,0.0002928941685240716,0.0,0.0,0.0007314389804378152,0.0008059033173527014
323,True,,,,,0.0034465312492102385,0.054383158683776855,3.138385363854468e-05,0.03475957363843918,0.025809023529291153,0.0002935868105851114,0.0,0.0,0.000992524204775691,0.0008047141866838168
324,True,,,,,0.0029844134114682674,0.06376498192548752,5.3745501645607874e-05,0.02637501060962677,0.01690366491675377,0.0002942678693216294,0.0,0.0,0.0007595070055685937,0.0008035224330823776
325,True,,,,,0.0029386277310550213,0.06350331008434296,3.450926669756882e-05,0.025680219754576683,0.016319293528795242,0.00029494104092009366,0.0,0.0,0.0007497287588194013,0.0008023280688205282
326,True,,,,,0.002818090608343482,0.0542428083717823,4.381821781862527e-05,0.02677110768854618,0.018438143655657768,0.0002956126700155437,0.0,0.0,0.0007058723131194711,0.0008011311061972968
327,True,,,,,0.004575395956635475,0.06356976926326752,1.974788392544724e-05,0.041541360318660736,0.03056653030216694,0.0002962702710647136,0.0,0.0,0.0011543583823367953,0.0007999315575384679
328,True,,,,,0.0027192437555640936,0.05178265646100044,3.0326307751238346e-05,0.024814985692501068,0.016853854060173035,0.00029693118995055556,0.0,0.0,0.0007033519214019179,0.000798729435196456
329,True,,,,,0.004158337600529194,0.07574272155761719,2.4160899556591175e-05,0.03804263845086098,0.02625872939825058,0.00029757615993730724,0.0,0.0,0.0009870448848232627,0.0007975247515501785
330,True,,,,,0.0037536961026489735,0.06344718486070633,6.276997737586498e-05,0.037445615977048874,0.02721867710351944,0.00029822310898452997,0.0,0.0,0.0009122949559241533,0.0007963175190049277
331,True,,,,,0.005235788878053427,0.06700319051742554,3.2156938686966896e-05,0.044613175094127655,0.03260976821184158,0.0002988724154420197,0.0,0.0,0.0008969063637778163,0.0007951077499922434
332,True,,,,,0.005140429828315973,0.07890264689922333,5.7312132412334904e-05,0.048440687358379364,0.0352923721075058,0.0002995345275849104,0.0,0.0,0.001023181714117527,0.0007938954569697847
333,True,,,,,0.004001772962510586,0.06920163333415985,2.9951712349429727e-05,0.04031316563487053,0.029328322038054466,0.0003002376761287451,0.0,0.0,0.0011953205103054643,0.000792680652421202
334,True,,,,,0.005231072194874287,0.07892628014087677,4.5896122173871845e-05,0.04893535003066063,0.03571684658527374,0.0003009694046340883,0.0,0.0,0.0010071087162941694,0.000791463348856008
335,True,,,,,0.0028951382264494896,0.0506986603140831,2.1720534277847037e-05,0.0257829912006855,0.017771529033780098,0.0003017272974830121,0.0,0.0,0.0008666855865158141,0.0007902435588094494
336,True,,,,,0.005275219678878784,0.09395001828670502,3.041554009541869e-05,0.04755422845482826,0.03282015025615692,0.0003024653997272253,0.0,0.0,0.0009109728853218257,0.0007890212948423778
337,True,,,,,0.0032851435244083405,0.06606997549533844,2.6980600523529574e-05,0.02756035141646862,0.017611216753721237,0.0003032418608199805,0.0,0.0,0.0007519634091295302,0.0007877965695411193
338,True,,,,,0.0035922457464039326,0.05423592031002045,6.551511614816263e-05,0.03227679058909416,0.023126881569623947,0.00030400388641282916,0.0,0.0,0.0007818893063813448,0.0007865693955173467
339,True,,,,,0.0016339130233973265,0.05080781504511833,3.326347723486833e-05,0.015838224440813065,0.009053956717252731,0.00030475581297650933,0.0,0.0,0.0005711638368666172,0.0007853397854079479
340,True,,,,,0.0026282749604433775,0.06128976121544838,5.74496625631582e-05,0.0258743017911911,0.016999097540974617,0.00030547045753337443,0.0,0.0,0.0008263243944384158,0.0007841077518748969
341,True,,,,,0.003298767376691103,0.05430499091744423,3.0276889447122812e-05,0.029510632157325745,0.02071775123476982,0.0003061592869926244,0.0,0.0,0.0007089748978614807,0.0007828733076051232
342,True,,,,,0.004282734822481871,0.10111929476261139,4.7080899093998596e-05,0.046121496707201004,0.03162959963083267,0.00030681496718898416,0.0,0.0,0.001169391442090273,0.0007816364653103801
343,True,,,,,0.005001087673008442,0.08346305787563324,2.7623300411505625e-05,0.04453502595424652,0.03112931177020073,0.00030743423849344254,0.0,0.0,0.0010246401652693748,0.000780397237727116
344,True,,,,,0.003056842368096113,0.055647868663072586,3.112805643468164e-05,0.026426423341035843,0.01773945614695549,0.00030806727590970695,0.0,0.0,0.0008438441436737776,0.0007791556376163408
345,True,,,,,0.001538038719445467,0.03762701153755188,2.6461362722329795e-05,0.014836221933364868,0.009479472413659096,0.00030868547037243843,0.0,0.0,0.0006010286160744727,0.0007779116777634962
346,True,,,,,0.003022718708962202,0.06264719367027283,5.840802259626798e-05,0.029348794370889664,0.01994144916534424,0.00030928594060242176,0.0,0.0,0.0008042069966904819,0.0007766653709783232
347,True,,,,,0.001667329459451139,0.04125243425369263,3.27581146848388e-05,0.016999201849102974,0.011138013564050198,0.0003099000023212284,0.0,0.0,0.0005557758850045502,0.0007754167300947309
348,True,,,,,0.002619388047605753,0.06327569484710693,5.872340625501238e-05,0.02695767767727375,0.017890168353915215,0.0003105108335148543,0.0,0.0,0.0006647112313657999,0.0007741657679706634
349,True,,,,,0.001978600863367319,0.04964660480618477,4.003794310847297e-05,0.02008441463112831,0.013057965785264969,0.000311103678541258,0.0,0.0,0.0006636494654230773,0.000772912497487968
350,True,,,,,0.0039012727793306112,0.06581170856952667,4.3967920646537095e-05,0.03463051840662956,0.024057023227214813,0.00031168072018772364,0.0,0.0,0.0009811754571273923,0.0007716569315522626
351,True,,,,,0.002177671529352665,0.04694493114948273,2.1924905013293028e-05,0.021847080439329147,0.014927943237125874,0.00031224219128489494,0.0,0.0,0.0008121049613691866,0.0007703990830928028
352,True,,,,,0.005897196941077709,0.08769650757312775,3.3283049560850486e-05,0.05920391157269478,0.044467367231845856,0.0003128070675302297,0.0,0.0,0.0011231323005631566,0.000769138965062348
353,True,,,,,0.0033312905579805374,0.05821260064840317,2.838151340256445e-05,0.03350674733519554,0.024294301867485046,0.0003134099824819714,0.0,0.0,0.0008130203932523727,0.0007678765904370294
354,True,,,,,0.002065494656562805,0.06571759283542633,6.438610580516979e-05,0.01984468847513199,0.011075522750616074,0.0003140081244055182,0.0,0.0,0.0006079962477087975,0.0007666119722162148
355,True,,,,,0.002446231432259083,0.0518142506480217,3.548961103660986e-05,0.025170881301164627,0.017469098791480064,0.00031460769241675735,0.0,0.0,0.0007872398709878325,0.0007653451234223762
356,True,,,,,0.00492994487285614,0.08736395835876465,5.5314780183834955e-05,0.04480607062578201,0.031025946140289307,0.0003151981218252331,0.0,0.0,0.0009681347291916609,0.0007640760571009548
357,True,,,,,0.001353254308924079,0.04167455434799194,3.439890133449808e-05,0.014924640767276287,0.009331975132226944,0.0003158067702315748,0.0,0.0,0.0007210585754364729,0.0007628047863202268
358,True,,,,,0.0007610731991007924,0.030883468687534332,4.189947503618896e-05,0.008230871520936489,0.004294488113373518,0.00031640674569644034,0.0,0.0,0.0004336682613939047,0.0007615313241711692
359,True,,,,,0.0026258351281285286,0.05273335054516792,2.0046887584612705e-05,0.024107227101922035,0.016164792701601982,0.0003169748233631253,0.0,0.0,0.0006143100908957422,0.0007602556837673244
360,True,,,,,0.0030320589430630207,0.06907112151384354,2.861697976186406e-05,0.02696484513580799,0.016965264454483986,0.0003175404272042215,0.0,0.0,0.0010139765217900276,0.0007589778782446653
361,True,,,,,0.0027777617797255516,0.06144551932811737,2.7162972401129082e-05,0.024945536628365517,0.015965715050697327,0.00031808839412406087,0.0,0.0,0.0007011143607087433,0.0007576979207614615
362,True,,,,,0.0017634223913773894,0.059915944933891296,6.148439570097253e-05,0.018830696120858192,0.010949524119496346,0.00031863641925156116,0.0,0.0,0.0007174164056777954,0.0007564158244981407
363,True,,,,,0.0020385943353176117,0.05468704551458359,3.248599750804715e-05,0.022125879302620888,0.014550418592989445,0.0003191510040778667,0.0,0.0,0.0006398546975106001,0.0007551316026571563
364,True,,,,,0.004005019087344408,0.06203903630375862,5.714345024898648e-05,0.03763420507311821,0.027307797223329544,0.0003196687903255224,0.0,0.0,0.0009290590533055365,0.000753845268462849
365,True,,,,,0.004872079472988844,0.06600093841552734,3.2338371966034174e-05,0.04465848207473755,0.03311843052506447,0.0003201891959179193,0.0,0.0,0.0009931930107995868,0.000752556835161312
366,True,,,,,0.0037258844822645187,0.07107255607843399,4.5307409891393036e-05,0.03473171591758728,0.02380475215613842,0.0003207051195204258,0.0,0.0,0.0008052943740040064,0.0007512663160202543
367,True,,,,,0.004395442549139261,0.07863587141036987,1.9107654225081205e-05,0.03658546507358551,0.024285009130835533,0.00032125096186064184,0.0,0.0,0.0009015139075927436,0.0007499737243288633
368,True,,,,,0.001643123454414308,0.04627872630953789,2.847884752554819e-05,0.016287487000226974,0.009956314228475094,0.00032178484252654016,0.0,0.0,0.0007619610987603664,0.0007486790733976694
369,True,,,,,0.003015164053067565,0.06939482688903809,2.6315623472328298e-05,0.029239047318696976,0.01922854594886303,0.0003223039675503969,0.0,0.0,0.0007864970248192549,0.0007473823765584074
370,True,,,,,0.0031974378507584333,0.06433621793985367,6.106345244916156e-05,0.03051147051155567,0.02075505629181862,0.0003228293498978019,0.0,0.0,0.0007541213999502361,0.0007460836471638807
371,True,,,,,0.0030347963329404593,0.05310384929180145,3.0183055059751496e-05,0.02735109068453312,0.01894230954349041,0.0003233489114791155,0.0,0.0,0.0007260165293700993,0.0007447828985878222
372,True,,,,,0.00494353799149394,0.07308275252580643,5.292182322591543e-05,0.04233304783701897,0.029972154647111893,0.0003238492936361581,0.0,0.0,0.001124899834394455,0.0007434801442247581
373,True,,,,,0.0023440334480255842,0.05917266383767128,3.132513666059822e-05,0.022285128012299538,0.013957936316728592,0.00032434487366117537,0.0,0.0,0.0009435117826797068,0.0007421753974898692
374,True,,,,,0.005018285941332579,0.08098499476909637,4.305709444452077e-05,0.04582417011260986,0.032618023455142975,0.0003248617285862565,0.0,0.0,0.0017773127183318138,0.0007408686718188524
375,True,,,,,0.001435970887541771,0.04435756430029869,1.969629192899447e-05,0.014293255284428596,0.00837888102978468,0.00032539069070480764,0.0,0.0,0.0005783757660537958,0.0007395599806677833
376,True,,,,,0.0025300425477325916,0.04312369227409363,2.8480000764830038e-05,0.022428099066019058,0.015525467693805695,0.0003259175573475659,0.0,0.0,0.0007622026605531573,0.0007382493375129768
377,True,,,,,0.003177965758368373,0.05946877598762512,2.7379923267289996e-05,0.02801438607275486,0.018831517547369003,0.0003264599363319576,0.0,0.0,0.0009397875401191413,0.0007369367558508489
378,True,,,,,0.003351129125803709,0.06748221069574356,5.864765262231231e-05,0.029710182920098305,0.01949026621878147,0.00032698881113901734,0.0,0.0,0.0010540115181356668,0.0007356222491977773
379,True,,,,,0.004475057125091553,0.05928108096122742,3.2696691050659865e-05,0.04688548669219017,0.03641365095973015,0.00032752571860328317,0.0,0.0,0.0011169281788170338,0.0007343058310899627
380,True,,,,,0.005342861637473106,0.072303906083107,5.169414362171665e-05,0.04890211299061775,0.0362221896648407,0.0003280779055785388,0.0,0.0,0.0011636944254860282,0.0007329875150832885
381,True,,,,,0.006163374520838261,0.07966729253530502,3.046435995202046e-05,0.049583129584789276,0.03538880869746208,0.0003286561695858836,0.0,0.0,0.0011104466393589973,0.0007316673147531824
382,True,,,,,0.002517211716622114,0.048970721662044525,4.582992914947681e-05,0.024022167548537254,0.016512930393218994,0.00032926638959906995,0.0,0.0,0.0007650770130567253,0.0007303452436944757
383,True,,,,,0.004483060445636511,0.07099901139736176,2.599777144496329e-05,0.04266431927680969,0.031026063486933708,0.0003298952942714095,0.0,0.0,0.0009309747838415205,0.000729021315521264
384,True,,,,,0.004987983964383602,0.07462964951992035,3.23053500324022e-05,0.04173049330711365,0.029211629182100296,0.000330538721755147,0.0,0.0,0.0011981362476944923,0.0007276955438667661
385,True,,,,,0.005558767821639776,0.07859949767589569,2.5003653718158603e-05,0.05014151707291603,0.03666948154568672,0.0003311619511805475,0.0,0.0,0.0009007503977045417,0.0007263679423831845
386,True,,,,,0.00409180112183094,0.06957874447107315,6.426107574952766e-05,0.04033106192946434,0.02914954535663128,0.00033179917954839766,0.0,0.0,0.0011464129202067852,0.0007250385247415643
387,True,,,,,0.002836299128830433,0.07216344028711319,3.289843880338594e-05,0.02749442495405674,0.01737266033887863,0.00033245093072764575,0.0,0.0,0.0009604299557395279,0.0007237073046316527
388,True,,,,,0.0023674690164625645,0.046906694769859314,5.587003397522494e-05,0.02263912372291088,0.015465915203094482,0.00033309395075775683,0.0,0.0,0.0007082539377734065,0.000722374295761758
389,True,,,,,0.0047676581889390945,0.07500270009040833,3.0023304134374484e-05,0.039160389453172684,0.026829075068235397,0.0003337249218020588,0.0,0.0,0.0010001230984926224,0.0007210395118586078
390,True,,,,,0.004143431782722473,0.06339865922927856,4.548270953819156e-05,0.03227980062365532,0.021702192723751068,0.0003343564458191395,0.0,0.0,0.000995596288703382,0.0007197029666672092
391,True,,,,,0.006350449752062559,0.077363982796669,2.3278258595382795e-05,0.056289222091436386,0.042152468115091324,0.00033498520497232676,0.0,0.0,0.0016177520155906677,0.000718364673950705
392,True,,,,,0.005302896723151207,0.09251061081886292,3.454178659012541e-05,0.04391976073384285,0.02929336205124855,0.00033561422605998814,0.0,0.0,0.001068438170477748,0.0007170246474902345
393,True,,,,,0.006847422569990158,0.08564015477895737,2.6889980290434323e-05,0.05721896141767502,0.04175037890672684,0.0003362563147675246,0.0,0.0,0.001653662882745266,0.0007156829010847893
394,True,,,,,0.0037977248430252075,0.062686488032341,6.256414053495973e-05,0.033235080540180206,0.02304021269083023,0.00033693775185383856,0.0,0.0,0.0016476091695949435,0.0007143394485510728
395,True,,,,,0.006594610400497913,0.08993948996067047,3.5912933526560664e-05,0.05344574898481369,0.03778199106454849,0.00033757026540115476,0.0,0.0,0.0014095465885475278,0.0007129943037233571
396,True,,,,,0.0034973621368408203,0.07282129675149918,6.841727008577436e-05,0.030653659254312515,0.01973395049571991,0.0003382692229934037,0.0,0.0,0.0009134977008216083,0.0007116474804533409
397,True,,,,,0.005322424694895744,0.05383756011724472,3.508174995658919e-05,0.04396899789571762,0.03318926319479942,0.0003389580815564841,0.0,0.0,0.0012566299410536885,0.0007102989926100069
398,True,,,,,0.005527637433260679,0.08561468869447708,5.197838618187234e-05,0.050932627171278,0.03673616796731949,0.0003396818647161126,0.0,0.0,0.0011012211907655,0.0007089488540794785
399,True,,,,,0.005594327114522457,0.07931482046842575,1.9769893697230145e-05,0.04686838015913963,0.03329962491989136,0.0003404494491405785,0.0,0.0,0.0009781052358448505,0.0007075970787648771
400,True,,,,,0.005139719229191542,0.06498870998620987,2.859672167687677e-05,0.0469060055911541,0.035206809639930725,0.00034125425736419857,0.0,0.0,0.001172343734651804,0.0007062436805861793
401,True,,,,,0.003753477241843939,0.06737172603607178,2.405190753052011e-05,0.030772347003221512,0.02023017406463623,0.00034207195858471096,0.0,0.0,0.0007979764486663043,0.000704888673480073
402,True,,,,,0.004147188737988472,0.06302192062139511,5.879588934476487e-05,0.03520806133747101,0.02463766187429428,0.00034288587630726397,0.0,0.0,0.0008550325874239206,0.0007035320713998143
403,True,,,,,0.0048000141978263855,0.07206234335899353,2.8808681236114353e-05,0.043194856494665146,0.031127549707889557,0.0003437002596911043,0.0,0.0,0.0008810695144347847,0.0007021738883150837
404,True,,,,,0.005892002489417791,0.09431102871894836,5.421466994448565e-05,0.05222869664430618,0.03679371625185013,0.00034452450927346945,0.0,0.0,0.0010247521568089724,0.0007008141382118415
405,True,,,,,0.004133503884077072,0.07370070368051529,3.0424975193454884e-05,0.040632348507642746,0.029064469039440155,0.0003453411045484245,0.0,0.0,0.001012743217870593,0.0006994528350921852
406,True,,,,,0.003021277952939272,0.05876840651035309,4.937941412208602e-05,0.02728007361292839,0.01827973499894142,0.0003461552259977907,0.0,0.0,0.0010549369035288692,0.0006980899929742045
407,True,,,,,0.002577004721388221,0.06694740802049637,1.936505941557698e-05,0.025469640269875526,0.016155695542693138,0.00034694335772655904,0.0,0.0,0.0008288671961054206,0.0006967256258918365
408,True,,,,,0.006703031715005636,0.08709923923015594,2.9667400667676702e-05,0.056103143841028214,0.0406273789703846,0.0003477119898889214,0.0,0.0,0.0013270102208480239,0.0006953597478947224
409,True,,,,,0.004210980609059334,0.04740006849169731,2.3014308681013063e-05,0.03499293699860573,0.025992438197135925,0.00034848155337385833,0.0,0.0,0.0007747989147901535,0.0006939923730480612
410,True,,,,,0.0034309704788029194,0.06123688071966171,6.240229413378984e-05,0.031064758077263832,0.02138180285692215,0.0003492516407277435,0.0,0.0,0.0008403719402849674,0.0006926235154324671
411,True,,,,,0.0058965859934687614,0.08963856846094131,3.303537596366368e-05,0.052155546844005585,0.03722553327679634,0.0003500007151160389,0.0,0.0,0.0009843873558565974,0.0006912531891438216
412,True,,,,,0.00717173283919692,0.09245774149894714,5.958990004728548e-05,0.060194604098796844,0.04365440830588341,0.0003507538640405983,0.0,0.0,0.001063923235051334,0.0006898814082931313
413,True,,,,,0.00360476179048419,0.05796308442950249,3.495102282613516e-05,0.033024415373802185,0.02354992739856243,0.00035151001065969467,0.0,0.0,0.0008850681479088962,0.0006885081870063805
414,True,,,,,0.0033750091679394245,0.07393063604831696,5.063048956799321e-05,0.03438344597816467,0.023510586470365524,0.00035224741441197693,0.0,0.0,0.0010493302252143621,0.0006871335394243868
415,True,,,,,0.0034374750684946775,0.05338721349835396,2.4552453396609053e-05,0.03175555169582367,0.022926723584532738,0.00035296264104545116,0.0,0.0,0.0008456684881821275,0.000685757479702655
416,True,,,,,0.0029106519650667906,0.055309511721134186,3.37658821081277e-05,0.02612418867647648,0.017611516639590263,0.00035363269853405654,0.0,0.0,0.0007699045236222446,0.0006843800220112312
417,True,,,,,0.0032554108183830976,0.05765335634350777,2.437350121908821e-05,0.02880772203207016,0.019734684377908707,0.00035427568946033716,0.0,0.0,0.0007466072565875947,0.0006830011805345579
418,True,,,,,0.003069832921028137,0.06824769079685211,6.123806087998673e-05,0.03213290870189667,0.022112280130386353,0.000354909454472363,0.0,0.0,0.0008921495755203068,0.0006816209694713262
419,True,,,,,0.0021738274954259396,0.05891050398349762,3.133214340778068e-05,0.02028099074959755,0.012149892747402191,0.00035553291672840714,0.0,0.0,0.0006457919371314347,0.0006802394030343318
420,True,,,,,0.005578531883656979,0.0743085965514183,5.994096864014864e-05,0.04733969271183014,0.03420685976743698,0.00035613743239082396,0.0,0.0,0.0009546272340230644,0.0006788564954503263
421,True,,,,,0.0023380916099995375,0.04977639764547348,3.357249079272151e-05,0.02267657220363617,0.015290128998458385,0.0003567413950804621,0.0,0.0,0.0006835970561951399,0.0006774722609598725
422,True,,,,,0.0032132556661963463,0.05489032715559006,4.484815144678578e-05,0.027704013511538506,0.018908455967903137,0.0003573268768377602,0.0,0.0,0.0010505414102226496,0.0006760867138171968
423,True,,,,,0.004215331748127937,0.05959196388721466,2.0191775547573343e-05,0.03716183081269264,0.02694333903491497,0.0003578915784601122,0.0,0.0,0.0009334352216683328,0.0006746998682900427
424,True,,,,,0.005645144265145063,0.08441881090402603,3.077664223383181e-05,0.04845128208398819,0.03429912030696869,0.00035844568628817797,0.0,0.0,0.0008824803517200053,0.0006733117386595242
425,True,,,,,0.0012996615841984749,0.035462237894535065,2.395778392383363e-05,0.011695606634020805,0.006798215210437775,0.000359021796612069,0.0,0.0,0.000551020260900259,0.0006719223392199781
426,True,,,,,0.002671646885573864,0.0693776085972786,5.644359043799341e-05,0.02339816838502884,0.013672279193997383,0.00035956446663476527,0.0,0.0,0.0007344664772972465,0.0006705316842788173
427,True,,,,,0.006468377076089382,0.07538864016532898,3.0625535146100447e-05,0.058878976851701736,0.04480688273906708,0.0003601021890062839,0.0,0.0,0.0009601184283383191,0.0006691397881563833
428,True,,,,,0.0031198631040751934,0.05894777178764343,5.474017234519124e-05,0.028549959883093834,0.01942223310470581,0.0003606545797083527,0.0,0.0,0.0010088317794725299,0.0006677466651857982
429,True,,,,,0.002571687800809741,0.043535273522138596,3.0515460821334273e-05,0.02486642636358738,0.01787656918168068,0.00036118458956480026,0.0,0.0,0.0008295747684314847,0.0006663523297128187
430,True,,,,,0.002954148454591632,0.055390454828739166,5.2573232096619904e-05,0.026982972398400307,0.018381014466285706,0.00036170275416225195,0.0,0.0,0.0008065156871452928,0.0006649567960956862
431,True,,,,,0.003794735996052623,0.0667247474193573,2.040430081251543e-05,0.03543008491396904,0.024918444454669952,0.000362193095497787,0.0,0.0,0.000869963550940156,0.0006635600787049808
432,True,,,,,0.003249712288379669,0.0679326131939888,3.393252700334415e-05,0.03100825659930706,0.02089378982782364,0.00036268902476876974,0.0,0.0,0.000765210366807878,0.0006621621919234721
433,True,,,,,0.003983305301517248,0.05519877374172211,2.8829756047343835e-05,0.031936123967170715,0.022371649742126465,0.0003631697327364236,0.0,0.0,0.0008511455380357802,0.000660763150145972
434,True,,,,,0.0013843155466020107,0.04173288494348526,5.7183715398423374e-05,0.015460796654224396,0.009785188362002373,0.00036363807157613337,0.0,0.0,0.0005874484195373952,0.0006593629677791856
435,True,,,,,0.007359933108091354,0.08900326490402222,3.0396191505133174e-05,0.06437987834215164,0.04805518314242363,0.00036409907625056803,0.0,0.0,0.0012025529285892844,0.0006579616592415637
436,True,,,,,0.004336301703006029,0.06635843217372894,5.172611417947337e-05,0.039115265011787415,0.028036020696163177,0.000364582083420828,0.0,0.0,0.0008079833933152258,0.0006565592389631534
437,True,,,,,0.0032726756762713194,0.056564293801784515,2.892926386266481e-05,0.032089512795209885,0.0230988971889019,0.00036508170887827873,0.0,0.0,0.0007865061634220183,0.0006551557213854507
438,True,,,,,0.0024976632557809353,0.051707617938518524,4.7489284042967483e-05,0.024153970181941986,0.016386909410357475,0.0003655789769254625,0.0,0.0,0.0007375291315838695,0.0006537511209612501
439,True,,,,,0.004620888736099005,0.09091580659151077,2.168510945921298e-05,0.04043659567832947,0.026677094399929047,0.0003660651564132422,0.0,0.0,0.0009922200115397573,0.0006523454521544979
440,True,,,,,0.002202145289629698,0.05592717230319977,3.1146286346483976e-05,0.022734705358743668,0.014873885549604893,0.0003665675176307559,0.0,0.0,0.0007104841060936451,0.0006509387294401413
441,True,,,,,0.002191299106925726,0.04697480797767639,2.7344940463081002e-05,0.019821658730506897,0.01287451758980751,0.00036705611273646355,0.0,0.0,0.0007240190752781928,0.0006495309673039806
442,True,,,,,0.004683292005211115,0.07420827448368073,6.312047480605543e-05,0.041190218180418015,0.028956182301044464,0.00036754479515366256,0.0,0.0,0.0008962990250438452,0.0006481221802425193
443,True,,,,,0.004628119524568319,0.06142064929008484,3.3827280276454985e-05,0.03963370621204376,0.028792187571525574,0.00036804823321290314,0.0,0.0,0.0009792534401640296,0.0006467123827628152
444,True,,,,,0.0049518076702952385,0.07527858763933182,5.3867461247136816e-05,0.04447278380393982,0.03188169747591019,0.00036855926737189293,0.0,0.0,0.0008932428318075836,0.0006453015893823312
445,True,,,,,0.003418991342186928,0.06325096637010574,2.9883587558288127e-05,0.03244869038462639,0.022641142830252647,0.0003690767625812441,0.0,0.0,0.0008235492277890444,0.0006438898146287851
446,True,,,,,0.0023810320999473333,0.0521896556019783,4.370502574602142e-05,0.023535404354333878,0.015844300389289856,0.0003695890191011131,0.0,0.0,0.0006348833558149636,0.0006424770730400012
447,True,,,,,0.0027623481582850218,0.06329169869422913,2.055882941931486e-05,0.0253665242344141,0.016230186447501183,0.00037009132211096585,0.0,0.0,0.0006909483345225453,0.0006410633791637588
448,True,,,,,0.0026843424420803785,0.04949292540550232,2.925321678048931e-05,0.02367899939417839,0.015983151271939278,0.00037058029556646943,0.0,0.0,0.0007478305487893522,0.000639648747557644
449,True,,,,,0.005567650310695171,0.08029910922050476,2.3441642042598687e-05,0.05199587345123291,0.03834771737456322,0.000371058180462569,0.0,0.0,0.0010953997261822224,0.0006382331927888994
450,True,,,,,0.004381611477583647,0.07221748679876328,5.866865103598684e-05,0.04182066395878792,0.030096251517534256,0.00037155349855311215,0.0,0.0,0.0007826232467778027,0.0006368167294342736
451,True,,,,,0.007755735423415899,0.08811144530773163,2.8593702154466882e-05,0.06449580937623978,0.0478680282831192,0.00037205699482001364,0.0,0.0,0.001247101346962154,0.0006353993720798714
452,True,,,,,0.003588618477806449,0.06500200182199478,5.53465579287149e-05,0.035663098096847534,0.025459859520196915,0.00037258060183376074,0.0,0.0,0.0009536806028336287,0.0006339811353210039
453,True,,,,,0.005711810197681189,0.07584112882614136,2.8873910196125507e-05,0.04298705235123634,0.029629647731781006,0.00037309006438590586,0.0,0.0,0.0008565960451960564,0.0006325620337620375
454,True,,,,,0.004832260310649872,0.0711873397231102,4.484778764890507e-05,0.03603741154074669,0.023992985486984253,0.0003736046201083809,0.0,0.0,0.0007707067998126149,0.0006311420820162443
455,True,,,,,0.003343652468174696,0.05931735783815384,1.949834040715359e-05,0.03012074902653694,0.02080262452363968,0.0003741098626051098,0.0,0.0,0.0009032232919707894,0.0006297212947056509
456,True,,,,,0.0017679487355053425,0.049516066908836365,2.9556013032561168e-05,0.019923174753785133,0.013140762224793434,0.0003746204311028123,0.0,0.0,0.000616772857028991,0.0006282996864608885
457,True,,,,,0.0038579783868044615,0.05963016673922539,2.3717737349215895e-05,0.031874340027570724,0.02200216054916382,0.0003751307085622102,0.0,0.0,0.0008222851320169866,0.0006268772719210417
458,True,,,,,0.0029167362954467535,0.057336125522851944,5.8543831983115524e-05,0.029540644958615303,0.020769452676177025,0.00037564814556390047,0.0,0.0,0.0007887039100751281,0.0006254540657334982
459,True,,,,,0.003496011719107628,0.05707426369190216,3.118700624327175e-05,0.028931617736816406,0.019662044942378998,0.0003761534462682903,0.0,0.0,0.0006648231646977365,0.0006240300825537974
460,True,,,,,0.002912406576797366,0.051299188286066055,5.527201574295759e-05,0.02787940576672554,0.019722770899534225,0.00037664436968043447,0.0,0.0,0.0008096426608972251,0.00062260533704548
461,True,,,,,0.003720420179888606,0.06424908339977264,3.135063161607832e-05,0.032915230840444565,0.02270343154668808,0.00037712379707954824,0.0,0.0,0.0007852324051782489,0.0006211798438799369
462,True,,,,,0.0023120036348700523,0.06298887729644775,4.5917473471490666e-05,0.02238917537033558,0.013682672753930092,0.0003776104422286153,0.0,0.0,0.0006958138546906412,0.0006197536177362578
463,True,,,,,0.004342557862401009,0.08048021048307419,1.897561742225662e-05,0.0447034053504467,0.032271094620227814,0.00037809822242707014,0.0,0.0,0.0010117815108969808,0.0006183266733010805
464,True,,,,,0.008577212691307068,0.07594553381204605,2.990099528688006e-05,0.07834897935390472,0.062113627791404724,0.0003786137967836112,0.0,0.0,0.002546055242419243,0.0006168990252684394
465,True,,,,,0.006586581468582153,0.0751582682132721,2.4604179998277687e-05,0.0544285923242569,0.04027318209409714,0.0003791272174566984,0.0,0.0,0.0010074920719489455,0.0006154706883396141
466,True,,,,,0.0028377629350870848,0.05757070332765579,6.016247425577603e-05,0.02504102513194084,0.016322070732712746,0.0003796811797656119,0.0,0.0,0.0008134356467053294,0.0006140416772229784
467,True,,,,,0.0023202700540423393,0.04594026133418083,3.135999941150658e-05,0.022131294012069702,0.01515047624707222,0.0003802474238909781,0.0,0.0,0.0006323221023194492,0.0006126120066338482
468,True,,,,,0.003870205720886588,0.07707025110721588,5.614829933620058e-05,0.03829815611243248,0.026604820042848587,0.0003808012988884002,0.0,0.0,0.0009596485178917646,0.0006111816912943307
469,True,,,,,0.0027110534720122814,0.04939214140176773,2.7358952138456516e-05,0.025545233860611916,0.0178364347666502,0.0003813656512647867,0.0,0.0,0.000689392036292702,0.0006097507459331725
470,True,,,,,0.003299407195299864,0.06369218230247498,4.286733383196406e-05,0.030886534601449966,0.021128354594111443,0.0003819259873125702,0.0,0.0,0.0007625598809681833,0.0006083191852856075
471,True,,,,,0.004221433773636818,0.08525355160236359,2.2318459741654806e-05,0.04066179692745209,0.0278665442019701,0.0003824798041023314,0.0,0.0,0.0008085328154265881,0.0006068870240932058
472,True,,,,,0.002436971291899681,0.06135428696870804,3.091631151619367e-05,0.023175422102212906,0.014537360519170761,0.0003830398782156408,0.0,0.0,0.0007220981642603874,0.0006054542771037213
473,True,,,,,0.0039518135599792,0.04758688807487488,2.4500483050360344e-05,0.03030920960009098,0.02154587209224701,0.0003835737588815391,0.0,0.0,0.0006898371502757072,0.0006040209590709412
474,True,,,,,0.005177968647330999,0.0699109360575676,5.964445153949782e-05,0.043039873242378235,0.030747681856155396,0.000384107930585742,0.0,0.0,0.0009317291551269591,0.0006025870847545316
475,True,,,,,0.003696202766150236,0.06265101581811905,2.944950210803654e-05,0.031135885044932365,0.021111836656928062,0.00038465336547233164,0.0,0.0,0.0007717106491327286,0.0006011526689198882
476,True,,,,,0.003701981622725725,0.05694161728024483,5.329180203261785e-05,0.0350789837539196,0.025572404265403748,0.0003851859946735203,0.0,0.0,0.000877092476002872,0.0005997177263379821
477,True,,,,,0.0038078422658145428,0.07257118821144104,2.9346265364438295e-05,0.03205040097236633,0.020922889932990074,0.0003857044503092766,0.0,0.0,0.0010192811023443937,0.0005982822717852091
478,True,,,,,0.0017349648987874389,0.03661097586154938,4.4606757001020014e-05,0.015511379577219486,0.010022241622209549,0.000386221130611375,0.0,0.0,0.0006818089750595391,0.000596846320043237
479,True,,,,,0.003160460852086544,0.05114346742630005,2.0485924324020743e-05,0.02606930211186409,0.01774965599179268,0.00038671857328154147,0.0,0.0,0.0008009911980479956,0.0005954098858988535
480,True,,,,,0.0033027660101652145,0.07183003425598145,3.186228786944412e-05,0.030895357951521873,0.020341990515589714,0.000387205887818709,0.0,0.0,0.0009184767841361463,0.0005939729841438134
481,True,,,,,0.003831349778920412,0.06011870875954628,2.3047803551889956e-05,0.029310474172234535,0.019417282193899155,0.0003876840928569436,0.0,0.0,0.0008752011926844716,0.0005925356295746875
482,True,,,,,0.0035915456246584654,0.08969177305698395,5.877653165953234e-05,0.03424376621842384,0.021561607718467712,0.0003881750162690878,0.0,0.0,0.001078316941857338,0.0005910978369927086
483,True,,,,,0.002341096755117178,0.04784901812672615,3.289478627266362e-05,0.020655633881688118,0.013459958136081696,0.0003886516497004777,0.0,0.0,0.0006774971261620522,0.000589659621203621
484,True,,,,,0.0025949589908123016,0.047020941972732544,5.9584705013548955e-05,0.022179758176207542,0.014759644865989685,0.00038910156581550837,0.0,0.0,0.0007436738815158606,0.0005882209970175257
485,True,,,,,0.00812777690589428,0.08237801492214203,3.3827403967734426e-05,0.05935629457235336,0.04291916638612747,0.00038953652256168425,0.0,0.0,0.0017001653322950006,0.0005867819792487306
486,True,,,,,0.005243978463113308,0.06168011575937271,4.697010081144981e-05,0.04118041321635246,0.029670581221580505,0.0003899968578480184,0.0,0.0,0.0008924203575588763,0.0005853425827155954
487,True,,,,,0.004749905318021774,0.06217535212635994,2.1288191419444047e-05,0.04177045077085495,0.030756529420614243,0.00039047456812113523,0.0,0.0,0.0009089341037906706,0.0005839028222403808
488,True,,,,,0.002761055249720812,0.06027417629957199,3.0533883546013385e-05,0.027335282415151596,0.01848183199763298,0.00039095591637305915,0.0,0.0,0.0007413485436700284,0.0005824627126490949
489,True,,,,,0.006642787717282772,0.0687427669763565,2.3396143660647795e-05,0.0563356876373291,0.04276791587471962,0.0003914195694960654,0.0,0.0,0.001011966378428042,0.0005810222687713411
490,True,,,,,0.0024626932572573423,0.057356130331754684,6.0340749769238755e-05,0.025247488170862198,0.016924582421779633,0.00039190141251310706,0.0,0.0,0.0007532190647907555,0.0005795815054401647
491,True,,,,,0.002331010065972805,0.05260659009218216,3.0998606234788895e-05,0.023919422179460526,0.016261830925941467,0.0003923747281078249,0.0,0.0,0.0007796098943799734,0.000578140437491901
492,True,,,,,0.003634973894804716,0.049345191568136215,5.784202221548185e-05,0.03221393749117851,0.023524831980466843,0.00039283864316530526,0.0,0.0,0.0010273808147758245,0.0005766990797660221
493,True,,,,,0.0031157031189650297,0.07835382223129272,3.0220442567951977e-05,0.030596613883972168,0.019581153988838196,0.0003933094849344343,0.0,0.0,0.0008028661832213402,0.0005752574471049839
494,True,,,,,0.0014852185267955065,0.03739168867468834,4.319348226999864e-05,0.015524016693234444,0.010209305211901665,0.0003937717410735786,0.0,0.0,0.0006277564680203795,0.0005738155543540734
495,True,,,,,0.00399090675637126,0.055028971284627914,2.1453855879371986e-05,0.037401944398880005,0.02786129340529442,0.00039422677946276963,0.0,0.0,0.0006864192546345294,0.0005723734163612563
496,True,,,,,0.0025894343852996826,0.051708996295928955,2.8860986276413314e-05,0.025408733636140823,0.017586730420589447,0.00039468103204853833,0.0,0.0,0.0007519469363614917,0.000570931047977023
497,True,,,,,0.003640077542513609,0.0649741142988205,2.2451553377322853e-05,0.037366833537817,0.027180489152669907,0.00039513365481980145,0.0,0.0,0.0007274427334778011,0.0005694884640542372
498,True,,,,,0.00256321020424366,0.043121930211782455,5.9256355598336086e-05,0.022089313715696335,0.01509144064038992,0.0003955904976464808,0.0,0.0,0.0007213409407995641,0.0005680456794479816
499,True,,,,,0.002108970656991005,0.048307180404663086,3.139784894301556e-05,0.01854221150279045,0.01153576746582985,0.00039602810284122825,0.0,0.0,0.0006157885072752833,0.0005666027090154052
500,True,,,,,0.0028010401874780655,0.05145043134689331,5.623925244435668e-05,0.025536077097058296,0.017473548650741577,0.00039646460209041834,0.0,0.0,0.0007689070771448314,0.0005651595676155715
501,True,,,,,0.0026024174876511097,0.06708075851202011,2.9215361792012118e-05,0.026584863662719727,0.017211969941854477,0.0003968876553699374,0.0,0.0,0.0008264850475825369,0.0005637162701093034
502,True,,,,,0.00200475356541574,0.04209144413471222,4.178669769316912e-05,0.019006608054041862,0.012705164030194283,0.00039730066782794893,0.0,0.0,0.0005825732368975878,0.0005622728313590325
503,True,,,,,0.0034350580535829067,0.05073758214712143,2.0744118955917656e-05,0.03337658941745758,0.024822305887937546,0.00039768824353814125,0.0,0.0,0.0010084959212690592,0.0005608292662286435
504,True,,,,,0.007867835462093353,0.10603022575378418,2.8358996132737957e-05,0.07309658825397491,0.054565031081438065,0.00039805364212952554,0.0,0.0,0.0012518143048509955,0.0005593855895833236
505,True,,,,,0.00284912483766675,0.04781310260295868,2.7376485377317294e-05,0.02430782839655876,0.016618655994534492,0.0003984544309787452,0.0,0.0,0.000638320401776582,0.000557941816289408
506,True,,,,,0.001526338281109929,0.04928375780582428,5.562262231251225e-05,0.016336748376488686,0.009766800329089165,0.00039885618025437,0.0,0.0,0.0006752702756784856,0.0005564979612142269
507,True,,,,,0.0019985013641417027,0.04602207988500595,3.0498395062750205e-05,0.020541861653327942,0.013876163400709629,0.0003992406709585339,0.0,0.0,0.0006440550205297768,0.0005550540392259531
508,True,,,,,0.001993033103644848,0.04753152281045914,5.2475974371191114e-05,0.01834958977997303,0.011494457721710205,0.00039961139555089176,0.0,0.0,0.0005924589931964874,0.0005536100651934482
509,True,,,,,0.0028158477507531643,0.04678354784846306,2.7617381419986486e-05,0.023472854867577553,0.015919417142868042,0.0003999801992904395,0.0,0.0,0.000873152632266283,0.0005521660539861096
510,True,,,,,0.002679147757589817,0.05193474516272545,4.371252725832164e-05,0.02418391965329647,0.016219869256019592,0.0004003532521892339,0.0,0.0,0.0007072323351167142,0.0005507220204737177
511,True,,,,,0.004084558226168156,0.052951447665691376,1.9794559193542227e-05,0.03644837439060211,0.027025073766708374,0.0004007176321465522,0.0,0.0,0.0009097328875213861,0.0005492779795262826
512,True,,,,,0.0035982741974294186,0.05520271137356758,3.0370130843948573e-05,0.02963677980005741,0.02045348472893238,0.0004011024138890207,0.0,0.0,0.0008539652917534113,0.0005478339460138904
513,True,,,,,0.004559324122965336,0.05153194069862366,2.571081495261751e-05,0.03856682777404785,0.028798870742321014,0.0004014738369733095,0.0,0.0,0.0008467838633805513,0.0005463899348065518
514,True,,,,,0.004840941168367863,0.07802474498748779,5.7577097322791815e-05,0.04444527253508568,0.031682685017585754,0.0004018574545625597,0.0,0.0,0.0009771159384399652,0.000544945960774047
515,True,,,,,0.0027569334488362074,0.061962682753801346,2.898621460190043e-05,0.028484778478741646,0.01946958154439926,0.00040224718395620584,0.0,0.0,0.0006089119706302881,0.0005435020387857732
516,True,,,,,0.004487297963351011,0.07104381918907166,5.182049790164456e-05,0.03796500340104103,0.02626565471291542,0.00040263740811496973,0.0,0.0,0.0007913188892416656,0.0005420581837105921
517,True,,,,,0.004374202806502581,0.07216297090053558,2.87088259938173e-05,0.038797810673713684,0.027145862579345703,0.0004030360432807356,0.0,0.0,0.0008452004403807223,0.0005406144104166766
518,True,,,,,0.0028760465793311596,0.04074076563119888,4.465552046895027e-05,0.025933366268873215,0.01888989843428135,0.00040344393346458673,0.0,0.0,0.0007134944316931069,0.0005391707337713568
519,True,,,,,0.0019186640856787562,0.049288779497146606,1.9401257304707542e-05,0.017888668924570084,0.010998286306858063,0.0004038377956021577,0.0,0.0,0.0005461722612380981,0.0005377271686409677
520,True,,,,,0.003378070890903473,0.05174677073955536,3.112443664576858e-05,0.029958494007587433,0.021339453756809235,0.00040421666926704347,0.0,0.0,0.0011655124835669994,0.0005362837298906965
521,True,,,,,0.0017490459140390158,0.04826484993100166,2.2835896743345074e-05,0.017121417447924614,0.010496169328689575,0.0004046018293593079,0.0,0.0,0.0005179830477572978,0.0005348404323844286
522,True,,,,,0.004071678500622511,0.05183272808790207,6.400936399586499e-05,0.032502833753824234,0.023115813732147217,0.00040498096495866776,0.0,0.0,0.0007048264378681779,0.0005333972909845947
523,True,,,,,0.002486180979758501,0.05065916106104851,3.0464256269624457e-05,0.02273784577846527,0.015120767056941986,0.0004053534648846835,0.0,0.0,0.0007370658568106592,0.0005319543205520186
524,True,,,,,0.005569661036133766,0.08353576064109802,5.7767698308452964e-05,0.046684615314006805,0.03264178708195686,0.0004057158075738698,0.0,0.0,0.000983158708550036,0.0005305115359457627
525,True,,,,,0.007912456057965755,0.09277540445327759,3.144396032439545e-05,0.06725942343473434,0.05000247433781624,0.0004060834471601993,0.0,0.0,0.0011107735335826874,0.000529068952022977
526,True,,,,,0.0027069393545389175,0.05292670428752899,4.503888703766279e-05,0.027161406353116035,0.019067654386162758,0.00040646031266078353,0.0,0.0,0.0006835084059275687,0.0005276265836387438
527,True,,,,,0.005682051181793213,0.05694623291492462,2.2264108338276856e-05,0.04540778696537018,0.03398251533508301,0.0004068371781613678,0.0,0.0,0.0009649232379160821,0.0005261844456459266
528,True,,,,,0.0030461137648671865,0.05673074722290039,3.0314484320115298e-05,0.030880596488714218,0.022096708416938782,0.0004072203300893307,0.0,0.0,0.0007326494087465107,0.0005247425528950163
529,True,,,,,0.004347260110080242,0.05837284028530121,2.613713513710536e-05,0.032000068575143814,0.02175917476415634,0.00040761291165836155,0.0,0.0,0.000894697499461472,0.000523300920233978
530,True,,,,,0.0026725991629064083,0.05637931078672409,5.8069002989213914e-05,0.02720102109014988,0.01877027377486229,0.0004080051148775965,0.0,0.0,0.0008282187045551836,0.0005218595625080991
531,True,,,,,0.0020026618149131536,0.0518961101770401,3.1310468330048025e-05,0.019714025780558586,0.01245504803955555,0.00040839536814019084,0.0,0.0,0.0007260609418153763,0.0005204184945598355
532,True,,,,,0.004970982205122709,0.06190774589776993,5.830333611811511e-05,0.041675928980112076,0.030393481254577637,0.0004087862907908857,0.0,0.0,0.0010144788539037108,0.0005189777312286591
533,True,,,,,0.004143421538174152,0.05672628432512283,3.0800176318734884e-05,0.03429316729307175,0.024411426857113838,0.0004091630398761481,0.0,0.0,0.0012854342348873615,0.0005175372873509052
534,True,,,,,0.003662700532004237,0.059828825294971466,4.606638685800135e-05,0.027247799560427666,0.017505988478660583,0.0004095426411367953,0.0,0.0,0.0009052752866409719,0.0005160971777596193
535,True,,,,,0.0020223641768097878,0.04592880234122276,1.908007834572345e-05,0.018661076202988625,0.012003572657704353,0.00040993563015945256,0.0,0.0,0.0005866680876351893,0.0005146574172844047
536,True,,,,,0.005607390310615301,0.06380937993526459,2.817238237184938e-05,0.054521214216947556,0.042472437024116516,0.0004103077226318419,0.0,0.0,0.0011944433208554983,0.0005132180207512696
537,True,,,,,0.005665781907737255,0.09880746155977249,2.961944483104162e-05,0.05019950121641159,0.034589629620313644,0.0004106687556486577,0.0,0.0,0.0008899412350729108,0.0005117790029824743
538,True,,,,,0.0023393048904836178,0.04101079702377319,5.50952936464455e-05,0.01863878034055233,0.012084094807505608,0.0004110409936401993,0.0,0.0,0.0007136738277040422,0.0005103403787963794
539,True,,,,,0.004580637905746698,0.07835730910301208,2.9216083930805326e-05,0.03835798799991608,0.02587907388806343,0.00041140979737974703,0.0,0.0,0.0009323321864940226,0.0005089021630072916
540,True,,,,,0.0034781168214976788,0.06286466866731644,5.1513743528630584e-05,0.03099445067346096,0.02112272009253502,0.00041178049286827445,0.0,0.0,0.0012851642677560449,0.0005074643704253127
541,True,,,,,0.002710796892642975,0.06847270578145981,2.921890700235963e-05,0.02915656380355358,0.019535936415195465,0.0004121435631532222,0.0,0.0,0.0009232663433067501,0.0005060270158561868
542,True,,,,,0.005563670303672552,0.07830475270748138,4.201952469884418e-05,0.04811181500554085,0.03462950512766838,0.00041250267531722784,0.0,0.0,0.000985640101134777,0.0005045901141011468
543,True,,,,,0.004125654231756926,0.07101879268884659,2.106692045344971e-05,0.038035180419683456,0.026761386543512344,0.0004128565778955817,0.0,0.0,0.0008871724712662399,0.0005031536799567631
544,True,,,,,0.003186197718605399,0.05650755390524864,2.945128653664142e-05,0.030868176370859146,0.021968189626932144,0.0004132259637117386,0.0,0.0,0.001030165352858603,0.000501717728214791
545,True,,,,,0.0017733441200107336,0.04118058457970619,2.304704685229808e-05,0.017247453331947327,0.011305822990834713,0.00041359890019521117,0.0,0.0,0.0006338297389447689,0.0005002822736620182
546,True,,,,,0.0019339139107614756,0.04182584583759308,5.7749944971874356e-05,0.01731904223561287,0.01108290534466505,0.0004139624652452767,0.0,0.0,0.0007001557387411594,0.000498847331080112
547,True,,,,,0.003172039519995451,0.052388034760951996,3.334605571581051e-05,0.023356955498456955,0.014875277876853943,0.00041430932469666004,0.0,0.0,0.0007987298886291683,0.0004974129152454684
548,True,,,,,0.0035875532776117325,0.05730042606592178,5.7508659665472806e-05,0.03213120996952057,0.022694449871778488,0.00041464861715212464,0.0,0.0,0.0008320388151332736,0.000495979040929059
549,True,,,,,0.0015201892238110304,0.04041879624128342,2.7739322831621394e-05,0.015835175290703773,0.010213477537035942,0.00041499995859339833,0.0,0.0,0.0005570984212681651,0.0004945457228962786
550,True,,,,,0.0019037974998354912,0.042097967118024826,4.5761273213429376e-05,0.0181026142090559,0.011893343180418015,0.00041534448973834515,0.0,0.0,0.0007082514348439872,0.0004931129759067943
551,True,,,,,0.00426001101732254,0.06110582500696182,2.0771161871380173e-05,0.039437875151634216,0.029021581634879112,0.0004156733921263367,0.0,0.0,0.0010628069285303354,0.0004916808147143926
552,True,,,,,0.0032549072057008743,0.06257357448339462,3.0690047424286604e-05,0.028655262663960457,0.01907745935022831,0.0004160062235314399,0.0,0.0,0.0006819378468208015,0.0004902492540668276
553,True,,,,,0.0037065865471959114,0.06839381158351898,2.4413084247498773e-05,0.03720836713910103,0.026609409600496292,0.00041633917135186493,0.0,0.0,0.0008667256333865225,0.0004888183087056692
554,True,,,,,0.0026117833331227303,0.057866450399160385,6.062513784854673e-05,0.02725888229906559,0.018735036253929138,0.0004166979342699051,0.0,0.0,0.0007752215606160462,0.0004873879933661518
555,True,,,,,0.003937948029488325,0.06287162750959396,3.101776019320823e-05,0.033735617995262146,0.023444298654794693,0.00041705567855387926,0.0,0.0,0.0012117011938244104,0.0004859583227770218
556,True,,,,,0.0012119667371734977,0.04285666346549988,5.4197174904402345e-05,0.012745857238769531,0.007135654799640179,0.0004174130444880575,0.0,0.0,0.000589431612752378,0.00048452931166038607
557,True,,,,,0.004568782635033131,0.0676872581243515,2.9105247449479066e-05,0.0388311930000782,0.027431299909949303,0.0004177530063316226,0.0,0.0,0.0009987646481022239,0.0004831009747315607
558,True,,,,,0.0026460676454007626,0.047922760248184204,4.638899554265663e-05,0.025865687057375908,0.01833038404583931,0.0004180932592134923,0.0,0.0,0.0007451340206898749,0.0004816733266989196
559,True,,,,,0.0048709893599152565,0.07246123999357224,1.943181996466592e-05,0.04218202456831932,0.03002186119556427,0.00041842833161354065,0.0,0.0,0.001013654749840498,0.0004802463822637424
560,True,,,,,0.005536165088415146,0.06764481961727142,2.8218250008649193e-05,0.048547737300395966,0.03618646413087845,0.00041877885814756155,0.0,0.0,0.0010008414974436164,0.00047882015612006325
561,True,,,,,0.005179631058126688,0.06752738356590271,2.6673636966734193e-05,0.04375823959708214,0.03176833316683769,0.00041914544999599457,0.0,0.0,0.0007669400074519217,0.0004773946629545201
562,True,,,,,0.005994307808578014,0.07765524089336395,5.632932879962027e-05,0.050379734486341476,0.03650305047631264,0.00041951227467507124,0.0,0.0,0.0010753344977274537,0.00047596991744620274
563,True,,,,,0.0031021120958030224,0.05955580994486809,2.9882925446145236e-05,0.031197093427181244,0.022075437009334564,0.00041989563032984734,0.0,0.0,0.0008676276193000376,0.00047454593426650193
564,True,,,,,0.0054470691829919815,0.08498157560825348,5.387670171330683e-05,0.04893389716744423,0.03487671539187431,0.00042028448660857975,0.0,0.0,0.0010530302533879876,0.00047312272807895837
565,True,,,,,0.004975257441401482,0.06466501951217651,3.413544618524611e-05,0.0382235050201416,0.026709269732236862,0.0004206858284305781,0.0,0.0,0.001129800919443369,0.0004717003135391117
566,True,,,,,0.005301476921886206,0.07207299768924713,4.588305455399677e-05,0.04499604552984238,0.032391294836997986,0.0004210837360005826,0.0,0.0,0.0009405839373357594,0.00047027870529434926
567,True,,,,,0.003383241593837738,0.06520059704780579,2.171157939301338e-05,0.029623569920659065,0.019672630354762077,0.0004214738146401942,0.0,0.0,0.0007598126539960504,0.0004688579179837559
568,True,,,,,0.0033125109039247036,0.05862491577863693,3.3678512409096584e-05,0.030090970918536186,0.020844392478466034,0.0004218615940771997,0.0,0.0,0.0009186197421513498,0.00046743796623796254
569,True,,,,,0.0025397068820893764,0.04980158060789108,2.2919928596820682e-05,0.019519299268722534,0.011949371546506882,0.0004222388088237494,0.0,0.0,0.0006878831773065031,0.00046601886467899633
570,True,,,,,0.003345797536894679,0.05692388862371445,5.9258643887005746e-05,0.029565157368779182,0.020404227077960968,0.0004225941956974566,0.0,0.0,0.0007936645997688174,0.00046460062792012856
571,True,,,,,0.003984110429883003,0.07060518115758896,2.9866248951293528e-05,0.03472806140780449,0.02361947111785412,0.00042293895967304707,0.0,0.0,0.0007014048751443624,0.0004631832705657264
572,True,,,,,0.005762577056884766,0.07307849824428558,5.3742660384159535e-05,0.04939476028084755,0.03621261566877365,0.00042329583084210753,0.0,0.0,0.0010381708852946758,0.00046176680721110076
573,True,,,,,0.006662256084382534,0.08928298950195312,2.878719533327967e-05,0.05446998402476311,0.038817618042230606,0.00042366140405647457,0.0,0.0,0.0011934898793697357,0.000460351252442356
574,True,,,,,0.003968155477195978,0.06190505251288414,4.1206418245565146e-05,0.03177938610315323,0.02153407409787178,0.0004240227281115949,0.0,0.0,0.0008094800286926329,0.0004589366208362413
575,True,,,,,0.00268152030184865,0.046707574278116226,1.9842249457724392e-05,0.02578045055270195,0.018384244292974472,0.0004243680741637945,0.0,0.0,0.0007749788928776979,0.00045752292695999897
576,True,,,,,0.00429533701390028,0.07684735953807831,2.9172921131248586e-05,0.03397078067064285,0.02192811295390129,0.00042470256448723376,0.0,0.0,0.0006953731644898653,0.000456110185371215
577,True,,,,,0.00433589331805706,0.0888783186674118,2.2694639483233914e-05,0.040236931294202805,0.02696356736123562,0.0004250427009537816,0.0,0.0,0.0007814299315214157,0.0004546984106176689
578,True,,,,,0.00546977948397398,0.06337753683328629,5.795456672785804e-05,0.0513576939702034,0.03942999616265297,0.00042539372225292027,0.0,0.0,0.0019144435646012425,0.00045328761723718495
579,True,,,,,0.0022743104491382837,0.04730962961912155,3.0232671633712016e-05,0.02236584946513176,0.015295853838324547,0.0004257720138411969,0.0,0.0,0.0007317806011997163,0.00045187781975748097
580,True,,,,,0.0036987445782870054,0.0676758885383606,5.2779731049668044e-05,0.03416106104850769,0.02358490414917469,0.00042614745325408876,0.0,0.0,0.0012256905902177095,0.00045046903269601967
581,True,,,,,0.0036983168683946133,0.07198767364025116,3.2349427783628926e-05,0.036809902638196945,0.025843853130936623,0.00042652664706110954,0.0,0.0,0.0007737503619864583,0.0004490612705598588
582,True,,,,,0.0028169676661491394,0.06609487533569336,4.693765004049055e-05,0.02562742494046688,0.016102824360132217,0.0004269049968570471,0.0,0.0,0.0009668659185990691,0.00044765454784550217
583,True,,,,,0.00150932592805475,0.0475730374455452,2.510000740585383e-05,0.014900324866175652,0.008579221554100513,0.00042727612890303135,0.0,0.0,0.000605940178502351,0.00044624887903875
584,True,,,,,0.003410524455830455,0.07145235687494278,3.05226058117114e-05,0.02986694872379303,0.019245866686105728,0.0004276341060176492,0.0,0.0,0.0009056300623342395,0.00044484427861454947
585,True,,,,,0.006068436428904533,0.09229040145874023,2.6171619538217783e-05,0.04904881492257118,0.033694714307785034,0.0004279719723854214,0.0,0.0,0.0010007007513195276,0.0004434407610368465
586,True,,,,,0.0036675874143838882,0.045742470771074295,5.838388460688293e-05,0.029826529324054718,0.02146364562213421,0.0004283123998902738,0.0,0.0,0.0010727269109338522,0.0004420383407584364
587,True,,,,,0.003659084439277649,0.0550384521484375,2.8154307074146345e-05,0.03049483709037304,0.02127131260931492,0.0004286369075998664,0.0,0.0,0.0009912309469655156,0.0004406370322208144
588,True,,,,,0.003288311418145895,0.06150238588452339,5.175567275728099e-05,0.02905547246336937,0.019509121775627136,0.0004289599310141057,0.0,0.0,0.0008322724024765193,0.000439236849854028
589,True,,,,,0.0028340043500065804,0.06963308900594711,2.7176687581231818e-05,0.02962798811495304,0.019772028550505638,0.0004292796365916729,0.0,0.0,0.000702704070135951,0.00043783780807652795
590,True,,,,,0.005026824306696653,0.08253513276576996,4.115400952287018e-05,0.04012812301516533,0.02676117978990078,0.00042960065184161067,0.0,0.0,0.0008746281382627785,0.0004364399212950193
591,True,,,,,0.0010585583513602614,0.029209600761532784,1.8408365576760843e-05,0.010552463121712208,0.006531829014420509,0.0004299112188164145,0.0,0.0,0.0005475725047290325,0.0004350432039043138
592,True,,,,,0.002048760186880827,0.03934963792562485,2.7858024623128586e-05,0.022066127508878708,0.01602238416671753,0.0004302057495806366,0.0,0.0,0.0006888243369758129,0.00043364767028718156
593,True,,,,,0.004618138074874878,0.06415095925331116,2.498060348443687e-05,0.040127336978912354,0.029039835557341576,0.000430481304647401,0.0,0.0,0.0007531721494160593,0.0004322533348142018
594,True,,,,,0.004566612653434277,0.06726496666669846,5.492602213053033e-05,0.04093001037836075,0.029522743076086044,0.00043076707515865564,0.0,0.0,0.000825311173684895,0.0004308602118436168
595,True,,,,,0.005969299003481865,0.06472860276699066,2.7847461751662195e-05,0.05033697932958603,0.03783481568098068,0.0004310360236559063,0.0,0.0,0.0015123792691156268,0.0004294683157211826
596,True,,,,,0.003914537373930216,0.07023729383945465,5.151973164174706e-05,0.03840891644358635,0.02736329659819603,0.000431288150139153,0.0,0.0,0.0009850860806182027,0.00042807766078002197
597,True,,,,,0.0074164895340800285,0.07626152038574219,2.5740355340531096e-05,0.058515969663858414,0.04341753199696541,0.0004315562837291509,0.0,0.0,0.0010308660566806793,0.0004266882613404758
598,True,,,,,0.002904184628278017,0.05070754513144493,4.017381070298143e-05,0.02775425836443901,0.019694652408361435,0.0004318477294873446,0.0,0.0,0.000796967651695013,0.00042530013170995743
599,True,,,,,0.004756515379995108,0.08845625817775726,1.828620588639751e-05,0.04316924512386322,0.029526211321353912,0.0004321426386013627,0.0,0.0,0.0012356534134596586,0.00042391328618280347
600,True,,,,,0.003755685407668352,0.058406926691532135,2.813505125232041e-05,0.034286558628082275,0.024629585444927216,0.0004324617621023208,0.0,0.0,0.0009822860592976213,0.00042252773904012767
601,True,,,,,0.0020234454423189163,0.05117160826921463,2.3116019292501733e-05,0.020831478759646416,0.013640312477946281,0.0004327732021920383,0.0,0.0,0.0005862414836883545,0.00042114350454967376
602,True,,,,,0.0025683841668069363,0.042080819606781006,5.636883361148648e-05,0.023660438135266304,0.016766903921961784,0.0004330888914410025,0.0,0.0,0.0006625500973314047,0.0004197605969656684
603,True,,,,,0.004495829809457064,0.06171806901693344,2.8690939871012233e-05,0.03530089184641838,0.02457154169678688,0.0004333979159127921,0.0,0.0,0.0008729100227355957,0.00041837903052867385
604,True,,,,,0.00622973870486021,0.06935596466064453,5.084885560791008e-05,0.050747815519571304,0.037476446479558945,0.00043370036291889846,0.0,0.0,0.0009262072271667421,0.00041699881946544214
605,True,,,,,0.003026281949132681,0.055035412311553955,2.9267510399222374e-05,0.028659097850322723,0.02006639912724495,0.00043401066795922816,0.0,0.0,0.0007432973943650723,0.00041561997798876885
606,True,,,,,0.0017909089801833034,0.03884633630514145,4.103650280740112e-05,0.017730040475726128,0.011968080885708332,0.0004343230393715203,0.0,0.0,0.0006866937037557364,0.0004142425202973451
607,True,,,,,0.0043916041031479836,0.06129875406622887,1.7652562746661715e-05,0.035891093313694,0.025329962372779846,0.00043462761095725,0.0,0.0,0.0007339668809436262,0.00041286646057561325
608,True,,,,,0.002877920400351286,0.05432106554508209,2.684576975298114e-05,0.02658483199775219,0.01821676269173622,0.00043493995326571167,0.0,0.0,0.0006770474719814956,0.00041149181299361936
609,True,,,,,0.003379573579877615,0.06070130318403244,2.160574877052568e-05,0.029049793258309364,0.019552525132894516,0.00043523963540792465,0.0,0.0,0.0007568065775558352,0.00041011859170686884
610,True,,,,,0.004786728881299496,0.0603107251226902,5.4282885685097426e-05,0.04344136640429497,0.03251064568758011,0.00043553009163588285,0.0,0.0,0.000926094246096909,0.0004087468108561785
611,True,,,,,0.0038199126720428467,0.06333398818969727,2.8424838092178106e-05,0.03445729985833168,0.02424277924001217,0.0004358210717327893,0.0,0.0,0.0009659703355282545,0.00040737648456753306
612,True,,,,,0.003017597598955035,0.04944144934415817,5.06459255120717e-05,0.02702820859849453,0.01896081306040287,0.0004361029714345932,0.0,0.0,0.0006934824050404131,0.0004060076269519387
613,True,,,,,0.0031587183475494385,0.0446024090051651,2.8125647077104077e-05,0.026786671951413155,0.019107095897197723,0.00043637401540763676,0.0,0.0,0.000808330369181931,0.0004046402521052778
614,True,,,,,0.0037124897353351116,0.07934733480215073,4.307645940571092e-05,0.03657915070652962,0.02484140917658806,0.0004366387438494712,0.0,0.0,0.0008736770250834525,0.00040327437410816346
615,True,,,,,0.003995649516582489,0.06995310634374619,2.115856113960035e-05,0.04044320061802864,0.02940555475652218,0.0004369015514384955,0.0,0.0,0.0010228678584098816,0.0004019100070257955
616,True,,,,,0.0070833927020430565,0.07239019870758057,2.837385909515433e-05,0.05845662206411362,0.044073089957237244,0.0004371704999357462,0.0,0.0,0.0015786151634529233,0.00040054716490781485
617,True,,,,,0.006177695468068123,0.08622220903635025,2.140238939318806e-05,0.04973743110895157,0.03489033877849579,0.00043743770220316947,0.0,0.0,0.0009532117401249707,0.0003991858617881585
618,True,,,,,0.004316139966249466,0.06762699782848358,5.688679448212497e-05,0.03350421413779259,0.022307224571704865,0.0004377331060823053,0.0,0.0,0.0009556605946272612,0.00039782611168491646
619,True,,,,,0.0030421605333685875,0.05108397454023361,3.054894114029594e-05,0.03225814551115036,0.02404210716485977,0.0004380262107588351,0.0,0.0,0.0011185075854882598,0.00039646792860018574
620,True,,,,,0.0038609281182289124,0.06047336012125015,5.2194634918123484e-05,0.03231341391801834,0.022296376526355743,0.0004383266787044704,0.0,0.0,0.00074109056731686,0.000395111326519927
621,True,,,,,0.0027736290358006954,0.06309518218040466,2.9249515137053095e-05,0.029815198853611946,0.02066916599869728,0.0004386282234918326,0.0,0.0,0.0007503958186134696,0.00039375631941382085
622,True,,,,,0.003899823874235153,0.06819754838943481,4.24863064836245e-05,0.03386744484305382,0.02305850386619568,0.00043892356916330755,0.0,0.0,0.0008446211577393115,0.0003924029212351229
623,True,,,,,0.002851607045158744,0.05543141067028046,1.8313598047825508e-05,0.023437343537807465,0.015001576393842697,0.0004392219998408109,0.0,0.0,0.0006241324008442461,0.0003910511459205217
624,True,,,,,0.0037402852904051542,0.057310543954372406,2.9135364457033575e-05,0.03588250279426575,0.026348495855927467,0.00043951233965344727,0.0,0.0,0.0007996720960363746,0.00038970100738999313
625,True,,,,,0.003739291336387396,0.07661789655685425,2.2549342247657478e-05,0.03487326577305794,0.023422688245773315,0.00043981074122712016,0.0,0.0,0.0011227059876546264,0.00038835251954665896
626,True,,,,,0.0046730246394872665,0.05571523308753967,5.4076575906947255e-05,0.037906549870967865,0.02754944935441017,0.0004401013720780611,0.0,0.0,0.0007820981554687023,0.00038700569627664295
627,True,,,,,0.0034908149391412735,0.05084046721458435,2.9353686841204762e-05,0.030411265790462494,0.021773291751742363,0.00044039380736649036,0.0,0.0,0.0007964996038936079,0.0003856605514489273
628,True,,,,,0.0032824911177158356,0.059484146535396576,5.1463095587678254e-05,0.029439732432365417,0.02010149322450161,0.00044067332055419683,0.0,0.0,0.0007232247153297067,0.0003843170989152107
629,True,,,,,0.003931532613933086,0.06923745572566986,2.9664666726603173e-05,0.037819989025592804,0.026900969445705414,0.00044095105840824544,0.0,0.0,0.001025497098453343,0.00038297535250976554
630,True,,,,,0.001865309663116932,0.04528777673840523,4.21703553001862e-05,0.017784716561436653,0.011301875114440918,0.0004412368289195001,0.0,0.0,0.0006067404756322503,0.00038163532604929505
631,True,,,,,0.002977905794978142,0.05654815584421158,1.8354512576479465e-05,0.031013717874884605,0.022339873015880585,0.0004415149742271751,0.0,0.0,0.000733675027731806,0.000380297033332791
632,True,,,,,0.004092116840183735,0.06582094728946686,2.8756756364600733e-05,0.03571268543601036,0.024976540356874466,0.00044179463293403387,0.0,0.0,0.0007709226338192821,0.0003789604881413922
633,True,,,,,0.0024553595576435328,0.04382474720478058,2.284746733494103e-05,0.022182878106832504,0.015294929035007954,0.00044206733582541347,0.0,0.0,0.0007480352069251239,0.0003776257042382422
634,True,,,,,0.0036122757010161877,0.07915087789297104,5.718784450436942e-05,0.037648703902959824,0.026002544909715652,0.0004423318023327738,0.0,0.0,0.0008465895080007613,0.00037629269536834745
635,True,,,,,0.004238007590174675,0.0728488340973854,2.9223356250440702e-05,0.03889692947268486,0.027311164885759354,0.0004426007508300245,0.0,0.0,0.0009311905014328659,0.00037496147525843573
636,True,,,,,0.004254921339452267,0.07386097311973572,5.152843368705362e-05,0.03989729657769203,0.028148792684078217,0.00044286419870331883,0.0,0.0,0.0008317209430970252,0.0003736320576168156
637,True,,,,,0.0073198117315769196,0.0697958692908287,2.8596041374839842e-05,0.057080138474702835,0.04271911457180977,0.00044312517275102437,0.0,0.0,0.001140988664701581,0.00037230445613323405
638,True,,,,,0.0034166607074439526,0.057049207389354706,4.194945722701959e-05,0.03180132061243057,0.022591406479477882,0.00044339735177345574,0.0,0.0,0.0008818597416393459,0.00037097868447873606
639,True,,,,,0.003549039363861084,0.04894597828388214,1.928583878907375e-05,0.03359854593873024,0.02511189877986908,0.0004436619929037988,0.0,0.0,0.0009666745318099856,0.00036965475630552425
640,True,,,,,0.002080370206385851,0.060066718608140945,2.6625522878021002e-05,0.02064732275903225,0.01250259019434452,0.0004439120239112526,0.0,0.0,0.0007049414562061429,0.00036833268524681775
641,True,,,,,0.004276005085557699,0.0695924162864685,2.2563639504369348e-05,0.033822447061538696,0.022537633776664734,0.0004441467463038862,0.0,0.0,0.0012787149753421545,0.0003670124849167117
642,True,,,,,0.003913070075213909,0.06425896286964417,5.476121441461146e-05,0.036841537803411484,0.026388604193925858,0.00044438635814003646,0.0,0.0,0.0011573911178857088,0.0003656941689100374
643,True,,,,,0.0035451198928058147,0.06797832250595093,2.9875795007683337e-05,0.0324358269572258,0.022028673440217972,0.00044463170343078673,0.0,0.0,0.0008511765045113862,0.0003643777508022227
644,True,,,,,0.00361418048851192,0.05807880312204361,5.485846122610383e-05,0.03389326483011246,0.024357039481401443,0.0004448667459655553,0.0,0.0,0.0010652492055669427,0.00036306324414915115
645,True,,,,,0.0027080783620476723,0.05396184325218201,2.7039342967327684e-05,0.025951512157917023,0.0177887175232172,0.00044509940198622644,0.0,0.0,0.0007359765004366636,0.0003617506624870232
646,True,,,,,0.0017820373177528381,0.05380170792341232,4.0589526179246604e-05,0.0184717308729887,0.011223890818655491,0.00044533031177707016,0.0,0.0,0.0010347648058086634,0.0003604400193322167
647,True,,,,,0.001853323308750987,0.049681395292282104,1.791362046787981e-05,0.018716152757406235,0.01185440830886364,0.00044554745545610785,0.0,0.0,0.000854422221891582,0.0003591313281811478
648,True,,,,,0.0031745024025440216,0.05749764293432236,2.94280380330747e-05,0.027019497007131577,0.01803191751241684,0.0004457571776583791,0.0,0.0,0.0008640714222565293,0.00035782460251013073
649,True,,,,,0.002616885583847761,0.0624706968665123,2.1743762772530317e-05,0.024907613173127174,0.015995711088180542,0.0004459617775864899,0.0,0.0,0.0006840841961093247,0.0003565198557752417
650,True,,,,,0.0035589253529906273,0.06049861013889313,5.716348459827714e-05,0.029132824391126633,0.019405249506235123,0.0004461754288058728,0.0,0.0,0.0006561442860402167,0.0003552171014121779
651,True,,,,,0.0035521574318408966,0.05741671845316887,3.105155337834731e-05,0.03389995917677879,0.024539561942219734,0.0004463881778065115,0.0,0.0,0.0009612620924599469,0.00035391635283611955
652,True,,,,,0.0027760202065110207,0.052830133587121964,5.453704943647608e-05,0.019368071109056473,0.01119549572467804,0.0004466102982405573,0.0,0.0,0.0008031708421185613,0.0003526176234415925
653,True,,,,,0.0026673104148358107,0.05330700799822807,2.9768372769467533e-05,0.02542559616267681,0.01736357994377613,0.00044682653970085084,0.0,0.0,0.0006652208976447582,0.00035132092660233085
654,True,,,,,0.002231862163171172,0.048208437860012054,4.2014653445221484e-05,0.020225245505571365,0.013084040954709053,0.0004470393469091505,0.0,0.0,0.0006086720968596637,0.0003500262756711369
655,True,,,,,0.003630400402471423,0.0721765011548996,2.1192008716752753e-05,0.035862717777490616,0.02496780827641487,0.000447241123765707,0.0,0.0,0.0008013113401830196,0.000348733683979746
656,True,,,,,0.003995714709162712,0.06143764406442642,3.228853165637702e-05,0.031091755256056786,0.0208832249045372,0.000447452679509297,0.0,0.0,0.0009408652549609542,0.00034744316483868785
657,True,,,,,0.0042176200076937675,0.07682600617408752,2.7602360205492005e-05,0.03841329365968704,0.02645338885486126,0.0004476659232750535,0.0,0.0,0.001011522370390594,0.00034615473153715116
658,True,,,,,0.005444376729428768,0.07151446491479874,5.564158345805481e-05,0.04644732177257538,0.0337357372045517,0.00044788554077968,0.0,0.0,0.0010285605676472187,0.00034486839734284387
659,True,,,,,0.0035583293065428734,0.06452614814043045,2.9220214855740778e-05,0.032089632004499435,0.0220157653093338,0.0004481141804717481,0.0,0.0,0.0010534399189054966,0.0003435841755018592
660,True,,,,,0.0032537183724343777,0.0550508014857769,5.048034290666692e-05,0.03157464414834976,0.02271040342748165,0.00044833627180196345,0.0,0.0,0.0008843519608490169,0.0003423020792385387
661,True,,,,,0.00307479384355247,0.06099238619208336,2.9100081519572996e-05,0.03074055351316929,0.021503835916519165,0.00044855839223600924,0.0,0.0,0.0006673397147096694,0.00034102212175533467
662,True,,,,,0.004692690446972847,0.06634899973869324,4.01069555664435e-05,0.0341513492166996,0.02273905649781227,0.0004487849655561149,0.0,0.0,0.0009097285219468176,0.0003397443162326759
663,True,,,,,0.0054517704993486404,0.06891003251075745,2.1178193492232822e-05,0.044655315577983856,0.03226569667458534,0.0004490097926463932,0.0,0.0,0.0009590962436050177,0.000338468675828831
664,True,,,,,0.0032360441982746124,0.051777228713035583,2.9557744710473344e-05,0.030323155224323273,0.021845780313014984,0.0004492457373999059,0.0,0.0,0.0008485211874358356,0.00033719521367977324
665,True,,,,,0.0019311073701828718,0.04821503907442093,2.248209602839779e-05,0.02176358737051487,0.014961516484618187,0.0004494866298045963,0.0,0.0,0.0005868644220754504,0.00033592394289904526
666,True,,,,,0.0032145488075912,0.05772599205374718,5.408453580457717e-05,0.029187478125095367,0.02008766494691372,0.00044971323222853243,0.0,0.0,0.0006537983426824212,0.0003346548765776239
667,True,,,,,0.005013811402022839,0.08138454705476761,3.041425225092098e-05,0.04343976452946663,0.030222170054912567,0.00044994012569077313,0.0,0.0,0.0010696634417399764,0.0003333880277837853
668,True,,,,,0.005293586757034063,0.06789708882570267,5.299247277434915e-05,0.04282066971063614,0.030626889318227768,0.0004501742369029671,0.0,0.0,0.0009101046016439795,0.00033212340956297076
669,True,,,,,0.0030407141894102097,0.042264655232429504,2.9659688152605668e-05,0.026914164423942566,0.019583161920309067,0.0004504183307290077,0.0,0.0,0.0006658771308138967,0.000330861034937652
670,True,,,,,0.004371298477053642,0.0658406913280487,4.0285867726197466e-05,0.03979618102312088,0.028755735605955124,0.00045065925223752856,0.0,0.0,0.0008877321961335838,0.0003296009169071973
671,True,,,,,0.0014366362011060119,0.06218670681118965,1.9764162061619572e-05,0.014754201285541058,0.007054856978356838,0.00045089804916642606,0.0,0.0,0.0006155548035167158,0.0003283430684477374
672,True,,,,,0.00425827456638217,0.05654246360063553,2.902948108385317e-05,0.0346778929233551,0.024702802300453186,0.000451122090453282,0.0,0.0,0.001084744231775403,0.00032708750251203214
673,True,,,,,0.005293961148709059,0.0752091258764267,2.134490932803601e-05,0.049442920833826065,0.03658084198832512,0.00045134106767363846,0.0,0.0,0.0013294124510139227,0.0003258342320293367
674,True,,,,,0.0031892587430775166,0.06566498428583145,5.497286838362925e-05,0.027162648737430573,0.017292432487010956,0.00045156432315707207,0.0,0.0,0.0007077887421473861,0.00032458326990526923
675,True,,,,,0.004616824444383383,0.06267550587654114,2.9846691177226603e-05,0.03950555995106697,0.028556974604725838,0.000451776257250458,0.0,0.0,0.0008358563063666224,0.00032333462902167675
676,True,,,,,0.0027223522774875164,0.05036291107535362,5.190436422708444e-05,0.02582707814872265,0.01796010509133339,0.0004519899666775018,0.0,0.0,0.000899135775398463,0.0003220883222365039
677,True,,,,,0.003052506595849991,0.04758843034505844,2.8102844225941226e-05,0.025001663714647293,0.01712958700954914,0.0004522107483353466,0.0,0.0,0.0007948888815008104,0.0003208443623836593
678,True,,,,,0.004617994651198387,0.07683644443750381,4.217544847051613e-05,0.042264506220817566,0.02987399511039257,0.00045242009218782187,0.0,0.0,0.0010326600167900324,0.0003196027622728841
679,True,,,,,0.0021451078355312347,0.047052785754203796,1.9880139007000253e-05,0.020039353519678116,0.013144681230187416,0.00045263004722073674,0.0,0.0,0.0006800988339819014,0.0003183635346896199
680,True,,,,,0.0042826831340789795,0.05829213932156563,2.762688927759882e-05,0.04174327477812767,0.03157159313559532,0.00045283237705007195,0.0,0.0,0.0008174383547157049,0.0003171266923948769
681,True,,,,,0.0033394424244761467,0.054369039833545685,2.1701800505979918e-05,0.03498537093400955,0.02616109326481819,0.0004530451842583716,0.0,0.0,0.0008547561592422426,0.0003158922481251031
682,True,,,,,0.004258147440850735,0.06627154350280762,5.484085704665631e-05,0.04044851288199425,0.029448997229337692,0.0004532594175543636,0.0,0.0,0.000897029007319361,0.00031466021459205205
683,True,,,,,0.005230404436588287,0.06742123514413834,2.9149374313419685e-05,0.04203647002577782,0.030001111328601837,0.00045348124695010483,0.0,0.0,0.0008002880495041609,0.00031343060448265334
684,True,,,,,0.0020553329959511757,0.04607880115509033,5.231070099398494e-05,0.020037656649947166,0.013265284709632397,0.00045370389125309885,0.0,0.0,0.0005666911019943655,0.00031220343045888066
685,True,,,,,0.003910055384039879,0.07312069833278656,3.0894232622813433e-05,0.0351918563246727,0.02390340529382229,0.00045392129686661065,0.0,0.0,0.0008159129647538066,0.0003109787051576223
686,True,,,,,0.0028365678153932095,0.05818428099155426,4.02715741074644e-05,0.02714761532843113,0.018407534807920456,0.000454140332294628,0.0,0.0,0.0008381219231523573,0.0003097564411905505
687,True,,,,,0.005240278318524361,0.09541770815849304,2.0459459847188555e-05,0.047617923468351364,0.0327904112637043,0.00045435718493536115,0.0,0.0,0.0011322757927700877,0.00030853665114399223
688,True,,,,,0.005551369395107031,0.07157394289970398,2.6902602257905528e-05,0.04562343284487724,0.03285631909966469,0.0004545841075014323,0.0,0.0,0.0009245763067156076,0.0003073193475787981
689,True,,,,,0.0030274565797299147,0.0485696867108345,2.209636841143947e-05,0.028839193284511566,0.020906027406454086,0.0004548196156974882,0.0,0.0,0.0009262037347070873,0.00030610454303021527
690,True,,,,,0.011786836199462414,0.1050770953297615,5.1138224080204964e-05,0.12121414393186569,0.0988127663731575,0.00045504418085329235,0.0,0.0,0.0014642135938629508,0.00030489225000775654
691,True,,,,,0.004698052536696196,0.07983125746250153,2.770855644484982e-05,0.043609313666820526,0.03086816519498825,0.00045528606278821826,0.0,0.0,0.0009383548749610782,0.0003036824809950722
692,True,,,,,0.0022485898807644844,0.04542630538344383,4.845573494094424e-05,0.022279120981693268,0.015386432409286499,0.00045553187374025583,0.0,0.0,0.0006466431659646332,0.00030247524844982145
693,True,,,,,0.0038769252132624388,0.061405736953020096,2.6270063244737685e-05,0.03613739460706711,0.026062797755002975,0.00045576682896353304,0.0,0.0,0.0009157005115412176,0.0003012705648035439
694,True,,,,,0.002627310808748007,0.0453936941921711,3.9358652429655194e-05,0.024214450269937515,0.016964493319392204,0.00045598874567076564,0.0,0.0,0.0007265721797011793,0.00030006844246153227
695,True,,,,,0.002920360304415226,0.05677291378378868,1.7662099708104506e-05,0.027967138215899467,0.019329600036144257,0.00045620466698892415,0.0,0.0,0.0007485382375307381,0.0002988688938027032
696,True,,,,,0.003201722167432308,0.04866151511669159,2.6634244932211004e-05,0.02522623911499977,0.017100531607866287,0.00045641648466698825,0.0,0.0,0.0006076428107917309,0.0002976719311794717
697,True,,,,,0.0033292423468083143,0.05408628284931183,2.269664764753543e-05,0.02786903828382492,0.01908120885491371,0.00045662090997211635,0.0,0.0,0.0008069782634265721,0.00029647756691762256
698,True,,,,,0.005100704729557037,0.06455250084400177,5.4425065172836185e-05,0.04162903502583504,0.029959661886096,0.00045682137715630233,0.0,0.0,0.0008596397819928825,0.00029528581331618334
699,True,,,,,0.0046056900173425674,0.06615187227725983,2.809776742651593e-05,0.037869613617658615,0.026587968692183495,0.00045702289207838476,0.0,0.0,0.0008146596373990178,0.0002940966826472987
700,True,,,,,0.0032664979808032513,0.07306385040283203,5.134571983944625e-05,0.03362814337015152,0.022947996854782104,0.00045722463983111084,0.0,0.0,0.0007515689358115196,0.0002929101871561036
701,True,,,,,0.0053254058584570885,0.07099427282810211,2.6675950721255504e-05,0.04852977767586708,0.03604701906442642,0.0004574161721393466,0.0,0.0,0.0009219092316925526,0.000291726339060597
702,True,,,,,0.002000659704208374,0.050419822335243225,4.247315155225806e-05,0.01691919006407261,0.00978702399879694,0.0004576138162519783,0.0,0.0,0.00047882788931019604,0.00029054515055151566
703,True,,,,,0.004525196738541126,0.06626401096582413,1.8257404008181766e-05,0.040718454867601395,0.029525764286518097,0.0004578073276206851,0.0,0.0,0.0008863189723342657,0.0002893666337922099
704,True,,,,,0.0043082344345748425,0.06506146490573883,2.7690126444213092e-05,0.03619135916233063,0.02531701885163784,0.0004580001987051219,0.0,0.0,0.0007578331278637052,0.00028819080091851734
705,True,,,,,0.004433305002748966,0.059797465801239014,2.2919242837815545e-05,0.0390162318944931,0.028552761301398277,0.00045819245860911906,0.0,0.0,0.0009150889818556607,0.0002870176640386376
706,True,,,,,0.0018999520689249039,0.04094690456986427,5.6986998970387504e-05,0.017057472839951515,0.010944273322820663,0.00045838337973691523,0.0,0.0,0.0005802997620776296,0.00028584723523300857
707,True,,,,,0.0047844029031693935,0.05677329748868942,3.0289658752735704e-05,0.03456718102097511,0.024040281772613525,0.0004585667047649622,0.0,0.0,0.0011199724394828081,0.00028467952655418223
708,True,,,,,0.0030149794183671474,0.04868054389953613,5.1939536206191406e-05,0.026140326634049416,0.01814882643520832,0.00045874956413172185,0.0,0.0,0.000766859739087522,0.00028351455002669857
709,True,,,,,0.004887724295258522,0.0889044851064682,2.842084359144792e-05,0.04457065835595131,0.03073105402290821,0.0004589326272252947,0.0,0.0,0.0008992187213152647,0.0002823523176469642
710,True,,,,,0.007996933534741402,0.08600305020809174,4.117856951779686e-05,0.06397422403097153,0.04729003831744194,0.0004591124888975173,0.0,0.0,0.001117388834245503,0.00028119284138312717
711,True,,,,,0.0035276252310723066,0.04975300282239914,2.1082698367536068e-05,0.028786076232790947,0.020236391574144363,0.00045929508632980287,0.0,0.0,0.0011843513930216432,0.0002800361331749549
712,True,,,,,0.004053195938467979,0.06183469295501709,2.9463215469149873e-05,0.03609742596745491,0.02579723857343197,0.0004594714555423707,0.0,0.0,0.0007835892029106617,0.00027888220493370964
713,True,,,,,0.0066188424825668335,0.07351267337799072,2.3695536583545618e-05,0.058334045112133026,0.044311948120594025,0.0004596563521772623,0.0,0.0,0.0012789256870746613,0.00027773106854202766
714,True,,,,,0.0029852245934307575,0.049462541937828064,5.697249071090482e-05,0.025786643847823143,0.01773662120103836,0.0004598540544975549,0.0,0.0,0.0007772767567075789,0.0002765827358537956
715,True,,,,,0.004376271739602089,0.0635058581829071,3.0295326723717153e-05,0.036208003759384155,0.025415953248739243,0.0004600488755386323,0.0,0.0,0.0010675480589270592,0.00027543721869402883
716,True,,,,,0.0034919725731015205,0.048511259257793427,5.2565676014637575e-05,0.029500873759388924,0.021048041060566902,0.0004602367989718914,0.0,0.0,0.0008132330258376896,0.00027429452885874983
717,True,,,,,0.0018275382462888956,0.05000956729054451,3.0138106012600474e-05,0.017422784119844437,0.010529409162700176,0.00046041730092838407,0.0,0.0,0.0006035506376065314,0.0002731546781148663
718,True,,,,,0.001922833500429988,0.051228366792201996,4.133448237553239e-05,0.019771454855799675,0.012638509273529053,0.00046058735460974276,0.0,0.0,0.0005361721850931644,0.00027201767820005096
719,True,,,,,0.0020143361762166023,0.045958131551742554,1.9536990294000134e-05,0.01951792649924755,0.012864094227552414,0.00046074704732745886,0.0,0.0,0.0006132948910817504,0.00027088354082261887
720,True,,,,,0.0037784527521580458,0.0662602111697197,2.9808126782882027e-05,0.03253298997879028,0.022064292803406715,0.0004609019379131496,0.0,0.0,0.0007321847951970994,0.0002697522776614087
721,True,,,,,0.0031848473008722067,0.05602211877703667,2.3009297365206294e-05,0.025517160072922707,0.016679473221302032,0.0004610567120835185,0.0,0.0,0.0006548261153511703,0.00026862390036566154
722,True,,,,,0.004838683642446995,0.07732637226581573,5.5268457799684256e-05,0.04506390169262886,0.03237743303179741,0.0004612006014212966,0.0,0.0,0.0008468900341540575,0.0002674984205549012
723,True,,,,,0.004021194763481617,0.06993058323860168,2.887541995733045e-05,0.04000087082386017,0.028924256563186646,0.0004613497294485569,0.0,0.0,0.0007970742299221456,0.0002663758498188144
724,True,,,,,0.002389324828982353,0.04893011599779129,5.584550672210753e-05,0.021157369017601013,0.013758724555373192,0.0004615081415977329,0.0,0.0,0.0009333963389508426,0.00026525619971713157
725,True,,,,,0.0047670877538621426,0.06505727767944336,3.194660530425608e-05,0.04328315705060959,0.03194183111190796,0.000461660441942513,0.0,0.0,0.0009094233391806483,0.00026413948177950766
726,True,,,,,0.0021376735530793667,0.04995522275567055,4.132765388931148e-05,0.020082149654626846,0.01286168023943901,0.00046180898789316416,0.0,0.0,0.0005899270181544125,0.00026302570750540367
727,True,,,,,0.004417815711349249,0.0645981952548027,2.108990156557411e-05,0.03579837083816528,0.02487393654882908,0.0004619611136149615,0.0,0.0,0.0008964990265667439,0.00026191488836396797
728,True,,,,,0.0031860589515417814,0.06043350696563721,2.86597842205083e-05,0.030956333503127098,0.02166498452425003,0.00046211862354539335,0.0,0.0,0.0007030734559521079,0.0002608070357939183
729,True,,,,,0.0021588474046438932,0.053241878747940063,2.203180338256061e-05,0.02146696299314499,0.013935239985585213,0.0004622728447429836,0.0,0.0,0.0006063154432922602,0.00025970216120342393
730,True,,,,,0.00732786301523447,0.06935016065835953,5.451360993902199e-05,0.06598151475191116,0.0516049787402153,0.00046241909149102867,0.0,0.0,0.0017253448022529483,0.00025860027596998823
731,True,,,,,0.00238621374592185,0.05577055364847183,3.043550532311201e-05,0.020698094740509987,0.012669330462813377,0.00046258533257059753,0.0,0.0,0.0005969617632217705,0.0002575013914403318
732,True,,,,,0.0033779542427510023,0.06271885335445404,5.295794835546985e-05,0.03135751187801361,0.021597132086753845,0.0004627515154425055,0.0,0.0,0.0007274785311892629,0.00025640551893027497
733,True,,,,,0.0029676463454961777,0.05629327893257141,2.841429341060575e-05,0.02663213014602661,0.017973698675632477,0.0004629198811016977,0.0,0.0,0.0007359309238381684,0.00025531266972462173
734,True,,,,,0.0033406883012503386,0.06494587659835815,4.0929182432591915e-05,0.03361615911126137,0.023694392293691635,0.00046308166929520667,0.0,0.0,0.0008300936897285283,0.0002542228550770436
735,True,,,,,0.0026339031755924225,0.04396183788776398,1.8957352949655615e-05,0.02382989414036274,0.016757261008024216,0.00046325058792717755,0.0,0.0,0.0007069679559208453,0.00025313608620996337
736,True,,,,,0.004654591903090477,0.08630868047475815,2.835281702573411e-05,0.03959512338042259,0.026248322799801826,0.00046341950655914843,0.0,0.0,0.0009000016725622118,0.00025205237431443985
737,True,,,,,0.0016621968243271112,0.045339565724134445,2.5313009246019647e-05,0.017895134165883064,0.011643717996776104,0.0004635913937818259,0.0,0.0,0.0005214528646320105,0.00025097173055005253
738,True,,,,,0.002276577055454254,0.05644005164504051,5.711702397093177e-05,0.021813683211803436,0.01377422921359539,0.0004637572565115988,0.0,0.0,0.0007447557291015983,0.0002498941660447867
739,True,,,,,0.0032039738725870848,0.048774052411317825,3.0063738449825905e-05,0.030959954485297203,0.022813808172941208,0.00046391633804887533,0.0,0.0,0.0008783225785009563,0.00024881969189491875
740,True,,,,,0.003418744308874011,0.05038810893893242,5.186855196370743e-05,0.03295910358428955,0.024393169209361076,0.0004640720726456493,0.0,0.0,0.0009581124177202582,0.0002477483191649019
741,True,,,,,0.003962038550525904,0.08281362056732178,3.115846266155131e-05,0.03674944117665291,0.02443908154964447,0.000464228360215202,0.0,0.0,0.0008397824713028967,0.0002466800588872527
742,True,,,,,0.004081979859620333,0.0646234005689621,4.4133263145340607e-05,0.03689850494265556,0.02626127377152443,0.0004643872380256653,0.0,0.0,0.0009242884116247296,0.00024561492206243634
743,True,,,,,0.0028830314986407757,0.05126182362437248,2.4505910914740525e-05,0.02731272764503956,0.01924985647201538,0.0004645457083825022,0.0,0.0,0.0005980316200293601,0.00024455291965875495
744,True,,,,,0.004517100751399994,0.06005454808473587,2.982548721774947e-05,0.03718907758593559,0.02660222351551056,0.00046470059896819293,0.0,0.0,0.001073398976586759,0.0002434940626122331
745,True,,,,,0.004864602815359831,0.09084294736385345,2.7361571483197622e-05,0.04304562136530876,0.02903735265135765,0.00046485933125950396,0.0,0.0,0.0008935723453760147,0.00024243836182650662
746,True,,,,,0.002804358256980777,0.048692941665649414,5.641818279400468e-05,0.026617804542183876,0.018826663494110107,0.00046502306940965354,0.0,0.0,0.0008872570469975471,0.00024138582817270846
747,True,,,,,0.0035660485737025738,0.054239995777606964,3.163678775308654e-05,0.02965928241610527,0.020601309835910797,0.00046517825103364885,0.0,0.0,0.0006838272092863917,0.00024033647248935906
748,True,,,,,0.008149851113557816,0.07030884921550751,5.290195986162871e-05,0.06664936989545822,0.0513581708073616,0.0004653294454328716,0.0,0.0,0.0009859577985480428,0.00023929030558225296
749,True,,,,,0.0038220807909965515,0.06646917015314102,2.8348633350105956e-05,0.03312066197395325,0.022590311244130135,0.0004654991498682648,0.0,0.0,0.0007215847726911306,0.00023824733822434786
750,True,,,,,0.005157290026545525,0.07048207521438599,4.2696156015153974e-05,0.04814683645963669,0.035851288586854935,0.00046566437231376767,0.0,0.0,0.0008435352938249707,0.00023720758115565455
751,True,,,,,0.0052589913830161095,0.06972995400428772,2.1084841137053445e-05,0.044635120779275894,0.03235630691051483,0.00046583052608184516,0.0,0.0,0.0010645306902006269,0.00023617104508312533
752,True,,,,,0.00470777740702033,0.06868615001440048,2.9145105145289563e-05,0.040581632405519485,0.0289422906935215,0.0004659891710616648,0.0,0.0,0.0008431811002083123,0.00023513774068054433
753,True,,,,,0.0030946764163672924,0.06551747769117355,2.469083665346261e-05,0.030752627179026604,0.021052159368991852,0.0004661511047743261,0.0,0.0,0.000840179156512022,0.00023410767858841682
754,True,,,,,0.0031313500367105007,0.0639459490776062,5.537379183806479e-05,0.027041181921958923,0.017399827018380165,0.00046631283476017416,0.0,0.0,0.0007595961214974523,0.00023308086941386107
755,True,,,,,0.003510486800223589,0.05902635678648949,3.1635390769224614e-05,0.03185071051120758,0.02236965298652649,0.00046646539703942835,0.0,0.0,0.0009524187189526856,0.0002320573237304978
756,True,,,,,0.0034481685142964125,0.05222352594137192,5.40363798791077e-05,0.028692753985524178,0.01990949548780918,0.0004666162421926856,0.0,0.0,0.0010480073979124427,0.00023103705207834158
757,True,,,,,0.0031106953974813223,0.060793377459049225,3.031728192581795e-05,0.02831396460533142,0.019058628007769585,0.0004667644971050322,0.0,0.0,0.0007902414072304964,0.00023002006496369265
758,True,,,,,0.0037584337405860424,0.05848729610443115,4.4614411308430135e-05,0.03490932658314705,0.025208264589309692,0.00046691138413734734,0.0,0.0,0.0009559401660226285,0.00022900637285902902
759,True,,,,,0.002281392924487591,0.05755697935819626,1.9819135559373535e-05,0.024064812809228897,0.01598341204226017,0.0004670603957492858,0.0,0.0,0.0007836890872567892,0.0002279959862028973
760,True,,,,,0.002628523390740156,0.0704352855682373,3.0258319384302013e-05,0.024241777136921883,0.014504536986351013,0.00046720029786229134,0.0,0.0,0.0008549707708880305,0.00022698891539980656
761,True,,,,,0.0022606803104281425,0.050118185579776764,2.8576323529705405e-05,0.02397027239203453,0.016635946929454803,0.0004673421790357679,0.0,0.0,0.0007269037887454033,0.00022598517082012093
762,True,,,,,0.008573953993618488,0.09540639072656631,5.88929106015712e-05,0.07607898861169815,0.05784193426370621,0.00046748266322538257,0.0,0.0,0.0011078502284362912,0.00022498476279995223
763,True,,,,,0.0034519233740866184,0.07643717527389526,3.0297873308882117e-05,0.03206223249435425,0.02090132050216198,0.0004676359531003982,0.0,0.0,0.0008229397353716195,0.00022398770164105375
764,True,,,,,0.0012343775015324354,0.03533025085926056,5.0787319196388125e-05,0.0128681855276227,0.007994529791176319,0.0004677839169744402,0.0,0.0,0.0005568765918724239,0.0002229939976107145
765,True,,,,,0.001908887643367052,0.04179159179329872,3.0582432373194024e-05,0.017116883769631386,0.010962992906570435,0.00046792434295639396,0.0,0.0,0.0006381868734024465,0.00022200366094165372
766,True,,,,,0.0027422080747783184,0.055243317037820816,4.6251254389062524e-05,0.028105897828936577,0.019742174074053764,0.0004680608108174056,0.0,0.0,0.0008514302899129689,0.00022101670183191419
767,True,,,,,0.004127125255763531,0.05019693821668625,1.99808637262322e-05,0.0355181023478508,0.02632663957774639,0.00046819643466733396,0.0,0.0,0.0008222226751968265,0.00022003313044475877
768,True,,,,,0.002760228468105197,0.06675133109092712,2.686192237888463e-05,0.026204701513051987,0.016710933297872543,0.0004683350271079689,0.0,0.0,0.0008094493532553315,0.00021905295690856475
769,True,,,,,0.002125476486980915,0.042981818318367004,2.166427657357417e-05,0.01905103400349617,0.012579362839460373,0.00046847391058690846,0.0,0.0,0.0006807067547924817,0.00021807619131672002
770,True,,,,,0.0030794949270784855,0.0489044152200222,5.4258907766779885e-05,0.028373265638947487,0.020290125161409378,0.0004686043248511851,0.0,0.0,0.0007001081248745322,0.00021710284372751903
771,True,,,,,0.0038381265476346016,0.0484352707862854,2.787349330901634e-05,0.03461766615509987,0.025875579565763474,0.00046873712562955916,0.0,0.0,0.0011368049308657646,0.00021613292416405888
772,True,,,,,0.0064230929128825665,0.09339576959609985,4.686991451308131e-05,0.05505780503153801,0.03919670358300209,0.0004688611952587962,0.0,0.0,0.0010327240452170372,0.00021516644261413703
773,True,,,,,0.002365310676395893,0.052145786583423615,2.8465865398175083e-05,0.02307179756462574,0.015430286526679993,0.000468996207928285,0.0,0.0,0.0007411137339659035,0.000214203409030147
774,True,,,,,0.0051680663600564,0.07306719571352005,4.0571710997028276e-05,0.05196065083146095,0.03940002992749214,0.00046912446850910783,0.0,0.0,0.0010243912693113089,0.00021324383332897717
775,True,,,,,0.002786756958812475,0.047594450414180756,1.877843533293344e-05,0.02645389921963215,0.018865447491407394,0.000469260907266289,0.0,0.0,0.0007331857923418283,0.00021228772539190816
776,True,,,,,0.0010695194359868765,0.036324210464954376,2.670761023182422e-05,0.010845079086720943,0.006085029803216457,0.00046939647290855646,0.0,0.0,0.0005141927977092564,0.00021133509506451103
777,True,,,,,0.004153214395046234,0.07856588065624237,2.354790922254324e-05,0.04417652264237404,0.03211493045091629,0.00046952025149948895,0.0,0.0,0.0008898008964024484,0.0002103859521565461
778,True,,,,,0.0022959676571190357,0.045339204370975494,5.1399867516011e-05,0.022158877924084663,0.015221494249999523,0.00046965054934844375,0.0,0.0,0.000695871829520911,0.00020944030644186158
779,True,,,,,0.005145718343555927,0.06413238495588303,2.7507045160746202e-05,0.04515933245420456,0.03354066237807274,0.00046977578313089907,0.0,0.0,0.0009182501817122102,0.00020849816765829344
780,True,,,,,0.0024487688206136227,0.04492110759019852,4.967080894857645e-05,0.02168150804936886,0.014636586420238018,0.00046989452675916255,0.0,0.0,0.0006624681991524994,0.00020755954550756453
781,True,,,,,0.0031892198603600264,0.060733363032341,2.9636006729560904e-05,0.031124165281653404,0.02179763652384281,0.0004700102435890585,0.0,0.0,0.0007575543713755906,0.00020662444965518535
782,True,,,,,0.003042669501155615,0.057908471673727036,3.877464769175276e-05,0.026341669261455536,0.01742590218782425,0.0004701277648564428,0.0,0.0,0.0012846729950979352,0.0002056928897303537
783,True,,,,,0.0035717040300369263,0.06060296297073364,2.093730290653184e-05,0.02951192297041416,0.019833343103528023,0.00047023961087688804,0.0,0.0,0.0009261544328182936,0.00020476487532585647
784,True,,,,,0.004272812977433205,0.05199665203690529,2.7046884497394785e-05,0.03964754939079285,0.03011627309024334,0.00047034790623001754,0.0,0.0,0.001011948217637837,0.0002038404159979701
785,True,,,,,0.004232274834066629,0.0633566752076149,2.201930692535825e-05,0.037179358303546906,0.02656267210841179,0.0004704565217252821,0.0,0.0,0.00077581568621099,0.00020291952126636243
786,True,,,,,0.0044813272543251514,0.0802411437034607,5.3285904868971556e-05,0.03899041563272476,0.026373695582151413,0.00047056659241206944,0.0,0.0,0.0007027884130366147,0.00020200220061399477
787,True,,,,,0.004653566516935825,0.062495261430740356,2.83639947156189e-05,0.03942611441016197,0.02846159040927887,0.0004706766048911959,0.0,0.0,0.0010262199211865664,0.00020108846348702413
788,True,,,,,0.00662638247013092,0.07083023339509964,5.201313615543768e-05,0.05693715810775757,0.04311901703476906,0.0004707886837422848,0.0,0.0,0.0011729543330147862,0.00020017831929470604
789,True,,,,,0.0025377734564244747,0.05375733971595764,2.847410178219434e-05,0.022510820999741554,0.014535656198859215,0.00047089866711758077,0.0,0.0,0.0005705676740035415,0.00019927177740929747
790,True,,,,,0.005112216807901859,0.07985258847475052,4.1389052057638764e-05,0.043508611619472504,0.03032364696264267,0.00047100757365114987,0.0,0.0,0.0008883964037522674,0.0001983688471659606
791,True,,,,,0.0016210152534767985,0.03124064952135086,1.7686579667497426e-05,0.013989663682878017,0.009204499423503876,0.0004711243964266032,0.0,0.0,0.0006997594027779996,0.00019746953786266635
792,True,,,,,0.0024552633985877037,0.04933638125658035,2.621406747493893e-05,0.02400542050600052,0.016559377312660217,0.00047123260446824133,0.0,0.0,0.0007264488958753645,0.00019657385876009913
793,True,,,,,0.006108180619776249,0.07198680192232132,2.2635107598034665e-05,0.05187305435538292,0.03851620852947235,0.0004713405214715749,0.0,0.0,0.0009393835789524019,0.0001956818190815608
794,True,,,,,0.0033966226037591696,0.05398387461900711,5.540738857234828e-05,0.03098495863378048,0.022074420005083084,0.00047145606367848814,0.0,0.0,0.0008416156051680446,0.0001947934280128763
795,True,,,,,0.00710406806319952,0.08321483433246613,2.789525024127215e-05,0.05904905125498772,0.04356299340724945,0.0004715677350759506,0.0,0.0,0.0009600446792319417,0.0001939086947022988
796,True,,,,,0.003052148036658764,0.05714737996459007,5.049050014349632e-05,0.028830450028181076,0.01995786651968956,0.00047168091987259686,0.0,0.0,0.0007685769814997911,0.00019302762826041536
797,True,,,,,0.0030215492006391287,0.056128114461898804,2.5555826141498983e-05,0.02836582623422146,0.019675634801387787,0.00047179346438497305,0.0,0.0,0.0007230931078083813,0.00019215023776005352
798,True,,,,,0.003304078010842204,0.061738021671772,4.040957719553262e-05,0.03284865990281105,0.023285239934921265,0.00047190688201226294,0.0,0.0,0.0008153535309247673,0.00019127653223618743
799,True,,,,,0.0035273886751383543,0.06855666637420654,1.8046888726530597e-05,0.030476436018943787,0.02005256712436676,0.00047202149289660156,0.0,0.0,0.0008061224361881614,0.00019040652068584514
800,True,,,,,0.006384397856891155,0.0637088268995285,2.6189252821495757e-05,0.04908188432455063,0.03626950457692146,0.00047213525976985693,0.0,0.0,0.0010784335900098085,0.00018954021206801542
801,True,,,,,0.005683186464011669,0.0761958509683609,2.3713761038379744e-05,0.052197281271219254,0.03884235769510269,0.00047225505113601685,0.0,0.0,0.0008921012631617486,0.00018867761530355658
802,True,,,,,0.0029934102203696966,0.06557241082191467,5.3233605285640806e-05,0.0261140875518322,0.01645224541425705,0.000472379382699728,0.0,0.0,0.001015014131553471,0.0001878187392751035
803,True,,,,,0.0032848375849425793,0.06654028594493866,2.7044054149882868e-05,0.030446598306298256,0.020448919385671616,0.0004725006001535803,0.0,0.0,0.0008241954492405057,0.00018696359282697645
804,True,,,,,0.002883144421502948,0.04558001458644867,4.906502726953477e-05,0.027301037684082985,0.019757036119699478,0.0004726183833554387,0.0,0.0,0.001136863138526678,0.0001861121847650905
805,True,,,,,0.003472649957984686,0.058353714644908905,2.518785186111927e-05,0.03221123293042183,0.022848110646009445,0.000472733227070421,0.0,0.0,0.0007526397821493447,0.0001852645238568644
806,True,,,,,0.0024888133630156517,0.05037955939769745,3.8298850995488465e-05,0.022724170237779617,0.015116074122488499,0.00047284713946282864,0.0,0.0,0.0006332921329885721,0.00018442061883113033
807,True,,,,,0.003043137025088072,0.05746737867593765,1.7734948414727114e-05,0.02687632292509079,0.018046248704195023,0.0004729571519419551,0.0,0.0,0.0006523809861391783,0.00018358047837804375
808,True,,,,,0.002046775072813034,0.05229819566011429,3.05780085909646e-05,0.019774895161390305,0.012432413175702095,0.00047306495252996683,0.0,0.0,0.000589065661188215,0.00018274411114899508
809,True,,,,,0.003851023968309164,0.06956357508897781,2.5260862457798794e-05,0.03325624018907547,0.0223936066031456,0.0004731715307570994,0.0,0.0,0.0008503302233293653,0.00018191152575651904
810,True,,,,,0.0037078857421875,0.06258232891559601,5.6601780670462176e-05,0.036312002688646317,0.026227951049804688,0.0004732796805910766,0.0,0.0,0.001099838293157518,0.00018108273077420683
811,True,,,,,0.004720880649983883,0.06976758688688278,2.9226748665678315e-05,0.03981121629476547,0.028050389140844345,0.000473395106382668,0.0,0.0,0.0008194908150471747,0.00018025773473661773
812,True,,,,,0.005936715751886368,0.07430416345596313,5.0777176511473954e-05,0.04871492460370064,0.0352415032684803,0.00047350727254524827,0.0,0.0,0.0009756627841852605,0.0001794365461391916
813,True,,,,,0.0013273851945996284,0.039198361337184906,3.079682574025355e-05,0.013730046339333057,0.008416496217250824,0.0004736173723358661,0.0,0.0,0.0005411934689618647,0.00017861917343816024
814,True,,,,,0.0032188142649829388,0.054658420383930206,4.0606373659102246e-05,0.028325749561190605,0.019555144011974335,0.0004737251147162169,0.0,0.0,0.0006885581533424556,0.00017780562505046165
815,True,,,,,0.0026857140474021435,0.04978024214506149,2.2292471840046346e-05,0.025352470576763153,0.017639409750699997,0.00047383320634253323,0.0,0.0,0.0006943587213754654,0.00017699590935365246
816,True,,,,,0.0030791766475886106,0.06108025461435318,2.9032895326963626e-05,0.028696756809949875,0.01944674924015999,0.00047393812565132976,0.0,0.0,0.0007170584285631776,0.00017619003468582234
817,True,,,,,0.0026318065356463194,0.053303495049476624,2.2789681679569185e-05,0.021597417071461678,0.013584941625595093,0.00047404083306901157,0.0,0.0,0.0006660516373813152,0.0001753880093455072
818,True,,,,,0.005278292112052441,0.060565587133169174,5.3346837376011536e-05,0.04573020339012146,0.034283917397260666,0.00047414275468327105,0.0,0.0,0.0010795267298817635,0.00017458984159160462
819,True,,,,,0.0018169651739299297,0.042853277176618576,2.8379683499224484e-05,0.017058037221431732,0.01089424267411232,0.0004742480523418635,0.0,0.0,0.0006692095776088536,0.00017379553964328877
820,True,,,,,0.003362112445756793,0.06013159453868866,4.973597970092669e-05,0.028709648177027702,0.019230160862207413,0.0004743473546113819,0.0,0.0,0.0007082433439791203,0.00017300511167992478
821,True,,,,,0.0047775558196008205,0.05904238298535347,2.6416613764013164e-05,0.04306073486804962,0.03232136368751526,0.0004744401667267084,0.0,0.0,0.0009480128064751625,0.00017221856584098588
822,True,,,,,0.003127036616206169,0.062237419188022614,3.9845253922976553e-05,0.028431899845600128,0.01899668388068676,0.00047453457955271006,0.0,0.0,0.0007798855076543987,0.00017143591022596844
823,True,,,,,0.0032950392924249172,0.06312295794487,1.8831218767445534e-05,0.03174535185098648,0.022095609456300735,0.00047463300870731473,0.0,0.0,0.0007231563213281333,0.00017065715289430963
824,True,,,,,0.0032459269277751446,0.0569944903254509,2.8367952836561017e-05,0.03121735341846943,0.022210493683815002,0.0004747382190544158,0.0,0.0,0.0007075650501064956,0.00016988230186530312
825,True,,,,,0.003919926472008228,0.07318668067455292,2.7837344532599673e-05,0.0365203358232975,0.025221318006515503,0.00047484718379564583,0.0,0.0,0.0008623552275821567,0.0001691113651180178
826,True,,,,,0.005639011040329933,0.06364166736602783,5.794488242827356e-05,0.04700326547026634,0.034879446029663086,0.00047495635226368904,0.0,0.0,0.000934496580157429,0.0001683443505912147
827,True,,,,,0.004112028516829014,0.0750015452504158,3.048354119528085e-05,0.037648849189281464,0.025970950722694397,0.000475065695354715,0.0,0.0,0.000763367977924645,0.00016758126618326584
828,True,,,,,0.0033212141133844852,0.06933142244815826,5.087163299322128e-05,0.031006645411252975,0.02064579352736473,0.000475169625133276,0.0,0.0,0.0007642991258762777,0.0001668221197520724
829,True,,,,,0.0045492700301110744,0.07365556061267853,2.68681142188143e-05,0.04611087590456009,0.034137558192014694,0.00047527113929390907,0.0,0.0,0.00083704519784078,0.00016606691911498413
830,True,,,,,0.0016076953615993261,0.045651182532310486,3.979976463597268e-05,0.015827614814043045,0.009570447728037834,0.00047537690261378884,0.0,0.0,0.00047650933265686035,0.00016531567204871892
831,True,,,,,0.003228464862331748,0.05333787202835083,1.711354161670897e-05,0.029457157477736473,0.020855924114584923,0.00047547812573611736,0.0,0.0,0.0006710712914355099,0.0001645683862892823
832,True,,,,,0.002073043491691351,0.05107682943344116,2.8239524908713065e-05,0.020658744499087334,0.013416783884167671,0.000475575914606452,0.0,0.0,0.0006393302464857697,0.0001638250695318882
833,True,,,,,0.002259478671476245,0.052024029195308685,2.227889490313828e-05,0.022399084642529488,0.014887887984514236,0.0004756690177600831,0.0,0.0,0.000687283172737807,0.00016308572943087946
834,True,,,,,0.0016764531610533595,0.04589684307575226,5.394478648668155e-05,0.01667412929236889,0.010295344516634941,0.0004757604328915477,0.0,0.0,0.0007184213027358055,0.00016235037359964917
835,True,,,,,0.0033329217694699764,0.05011152848601341,2.8160997317172587e-05,0.028336787596344948,0.01993163302540779,0.00047584634739905596,0.0,0.0,0.000883456552401185,0.00016161900961056215
836,True,,,,,0.002576683182269335,0.05916178971529007,5.081826384412125e-05,0.025935834273695946,0.01733657717704773,0.0004759344446938485,0.0,0.0,0.0007508586277253926,0.0001608916449948771
837,True,,,,,0.00642799586057663,0.07164281606674194,2.872259938158095e-05,0.052024729549884796,0.038370244204998016,0.0004760252486448735,0.0,0.0,0.0014566333265975118,0.00016016828724266875
838,True,,,,,0.007500260602682829,0.08366663753986359,4.207418533042073e-05,0.06116325408220291,0.045207422226667404,0.000476116721983999,0.0,0.0,0.0010505912359803915,0.00015944894380275117
839,True,,,,,0.004030951298773289,0.055156514048576355,1.9786089978879318e-05,0.03595811128616333,0.026367174461483955,0.0004762182361446321,0.0,0.0,0.0008617837447673082,0.00015873362208260078
840,True,,,,,0.0028570943977683783,0.042859964072704315,2.9778879252262414e-05,0.026575734838843346,0.019368324428796768,0.00047632254427298903,0.0,0.0,0.0007294451934285462,0.0001580223294482801
841,True,,,,,0.002342338440939784,0.05340733751654625,2.3559845431009308e-05,0.022960703819990158,0.015225747600197792,0.00047642577555961907,0.0,0.0,0.0007532183662988245,0.00015731507322436187
842,True,,,,,0.00807237159460783,0.07761472463607788,5.379738286137581e-05,0.06592550873756409,0.04997929930686951,0.0004765259218402207,0.0,0.0,0.001631832798011601,0.00015661186069385386
843,True,,,,,0.0032192030921578407,0.057567745447158813,2.8668753657257184e-05,0.0280595775693655,0.019021496176719666,0.0004766313941217959,0.0,0.0,0.0006711016758345068,0.00015591269909812351
844,True,,,,,0.005077531561255455,0.06992480158805847,5.208006041357294e-05,0.05082524195313454,0.03864630311727524,0.0004767361097037792,0.0,0.0,0.0012212763540446758,0.00015521759563682375
845,True,,,,,0.001816315925680101,0.043269842863082886,2.9270420782268047e-05,0.02021266520023346,0.014006056822836399,0.0004768434737343341,0.0,0.0,0.0005660817841999233,0.00015452655746781834
846,True,,,,,0.00469582062214613,0.08257238566875458,4.3291845940984786e-05,0.0400647297501564,0.027020318433642387,0.00047694871318526566,0.0,0.0,0.0007580651436001062,0.000153839591707109
847,True,,,,,0.0013150926679372787,0.023159107193350792,1.8403514332021587e-05,0.01053658127784729,0.006864000111818314,0.00047705156612209976,0.0,0.0,0.00043174269376322627,0.00015315670542876087
848,True,,,,,0.004222250543534756,0.06445331871509552,2.798173954943195e-05,0.03652943670749664,0.025801118463277817,0.0004771472013089806,0.0,0.0,0.000788578880019486,0.00015247790566483123
849,True,,,,,0.004864224698394537,0.0708475261926651,2.1850442863069475e-05,0.04197311773896217,0.029975667595863342,0.0004772408283315599,0.0,0.0,0.0007962657837197185,0.00015180319940529563
850,True,,,,,0.002824224065989256,0.056025292724370956,5.203880573390052e-05,0.025190379470586777,0.01665477454662323,0.000477335270261392,0.0,0.0,0.0008701001643203199,0.00015113259359797687
851,True,,,,,0.0020292613189667463,0.0628083273768425,2.917538040492218e-05,0.021158600226044655,0.012785379774868488,0.0004774250846821815,0.0,0.0,0.0007590384921059012,0.0001504660951484731
852,True,,,,,0.00269036996178329,0.045502230525016785,5.121405411045998e-05,0.02274969406425953,0.015401897020637989,0.0004775063425768167,0.0,0.0,0.0007247086032293737,0.0001498037109200866
853,True,,,,,0.005968817975372076,0.0674922987818718,2.7279453206574544e-05,0.049412451684474945,0.03663507103919983,0.00047758471919223666,0.0,0.0,0.0013823783956468105,0.00014914544773375344
854,True,,,,,0.00508619612082839,0.08455101400613785,4.226652890793048e-05,0.04592403769493103,0.03229343146085739,0.0004776697023771703,0.0,0.0,0.0008227229118347168,0.00014849131236797271
855,True,,,,,0.004175122827291489,0.06373339891433716,1.9585513655329123e-05,0.03583379089832306,0.02524138242006302,0.0004777602443937212,0.0,0.0,0.0009189187549054623,0.00014784131155873759
856,True,,,,,0.005461732856929302,0.07835628092288971,2.892095290008001e-05,0.04494670405983925,0.031586721539497375,0.00047785628703422844,0.0,0.0,0.0010235346853733063,0.00014719545199946493
857,True,,,,,0.0026458390057086945,0.05560752749443054,2.1445928723551333e-05,0.024247929453849792,0.015993665903806686,0.0004779500886797905,0.0,0.0,0.0006222618976607919,0.00014655374034092724
858,True,,,,,0.0030672091525048018,0.05763297528028488,5.133042577654123e-05,0.03240278363227844,0.023464838042855263,0.00047804482164792717,0.0,0.0,0.000763935036957264,0.00014591618319118334
859,True,,,,,0.005324467085301876,0.08100060373544693,2.8648069928749464e-05,0.04781972989439964,0.03433312848210335,0.0004781402531079948,0.0,0.0,0.0009236754267476499,0.00014528278711551127
860,True,,,,,0.00307666277512908,0.05336112156510353,5.0609505706233904e-05,0.027672216296195984,0.01915343850851059,0.00047823673230595887,0.0,0.0,0.0008070766343735158,0.00014465355863634005
861,True,,,,,0.0017683485057204962,0.039415840059518814,2.7067271730629727e-05,0.01671718806028366,0.01094833854585886,0.00047832855489104986,0.0,0.0,0.000562562549021095,0.00014402850423318235
862,True,,,,,0.0021840455010533333,0.05368581786751747,4.022088251076639e-05,0.02073480188846588,0.013096949085593224,0.00047841540072113276,0.0,0.0,0.0008259335882030427,0.0001434076303425685
863,True,,,,,0.002040984109044075,0.057441167533397675,1.78381033038022e-05,0.020820753648877144,0.012995190918445587,0.00047849901602603495,0.0,0.0,0.0006182487704791129,0.0001427909433579797
864,True,,,,,0.0025267803575843573,0.05541826784610748,2.7886320822290145e-05,0.023151541128754616,0.01502237655222416,0.00047857940080575645,0.0,0.0,0.0007127778371796012,0.0001421784496297819
865,True,,,,,0.002623974345624447,0.04680902510881424,2.261114241264295e-05,0.023228250443935394,0.015873365104198456,0.0004786551871802658,0.0,0.0,0.0007448035757988691,0.0001415701554651611
866,True,,,,,0.003530407790094614,0.0626533180475235,5.301880810293369e-05,0.033091261982917786,0.023184698075056076,0.00047872590948827565,0.0,0.0,0.0011173575185239315,0.00014096606712805826
867,True,,,,,0.001453881966881454,0.03944343328475952,2.7709058485925198e-05,0.013445805758237839,0.007987374439835548,0.0004787993966601789,0.0,0.0,0.000559782434720546,0.0001403661908391043
868,True,,,,,0.001503495266661048,0.04332602024078369,5.188077193452045e-05,0.014472167007625103,0.008527519181370735,0.000478867266792804,0.0,0.0,0.0006159416516311467,0.00013977053277555623
869,True,,,,,0.0018672700971364975,0.043469883501529694,2.666369800863322e-05,0.017597734928131104,0.011325360275804996,0.00047893429291434586,0.0,0.0,0.0006701400852762163,0.00013917909907123393
870,True,,,,,0.0029180876445025206,0.058813661336898804,3.9193695556605235e-05,0.027919653803110123,0.019037021324038506,0.00047899706987664104,0.0,0.0,0.0007647402235306799,0.00013859189581645696
871,True,,,,,0.005733638070523739,0.07289434969425201,1.8225029634777457e-05,0.0402718149125576,0.027207501232624054,0.00047906007966957986,0.0,0.0,0.0013993876054883003,0.00013800892905798095
872,True,,,,,0.0037525740917772055,0.05920401215553284,2.7577756554819643e-05,0.03221012279391289,0.022477202117443085,0.00047912666923366487,0.0,0.0,0.0009296124335378408,0.00013743020479893637
873,True,,,,,0.0016514523886144161,0.04376991093158722,2.160048097721301e-05,0.01583002880215645,0.009753592312335968,0.0004791949177160859,0.0,0.0,0.0006205087993294001,0.00013685572899876664
874,True,,,,,0.0027440274134278297,0.049877069890499115,5.22994487255346e-05,0.023303406313061714,0.015462281182408333,0.0004792623803950846,0.0,0.0,0.0007428577519021928,0.00013628550757316583
875,True,,,,,0.001031888066790998,0.029618293046951294,2.7261117793386802e-05,0.010025103576481342,0.005972070619463921,0.00047933129826560616,0.0,0.0,0.00045179290464147925,0.00013571954639401862
876,True,,,,,0.003546952037140727,0.05891316384077072,4.9014906835509464e-05,0.033478617668151855,0.0239375252276659,0.00047939663636498153,0.0,0.0,0.000871537602506578,0.00013515785128933975
877,True,,,,,0.0020301234908401966,0.045340001583099365,2.884671266656369e-05,0.02007068134844303,0.013444069772958755,0.0004794627893716097,0.0,0.0,0.0005442199180833995,0.0001346004280432138
878,True,,,,,0.003528542583808303,0.05902523174881935,4.183950295555405e-05,0.030457105487585068,0.020937565714120865,0.00047952914610505104,0.0,0.0,0.0007701112772338092,0.00013404728239573534
879,True,,,,,0.005614347290247679,0.09796049445867538,2.017959013755899e-05,0.049577996134757996,0.034122444689273834,0.0004795994027517736,0.0,0.0,0.0009570951806381345,0.00013349842004295058
880,True,,,,,0.0023363130167126656,0.05525177717208862,2.7575111744226888e-05,0.02517334558069706,0.017251908779144287,0.0004796750727109611,0.0,0.0,0.0006630161078646779,0.00013295384663679794
881,True,,,,,0.002763924887403846,0.05850552022457123,2.161581869586371e-05,0.027980690822005272,0.01931818388402462,0.00047974949120543897,0.0,0.0,0.0007747297640889883,0.00013241356778505035
882,True,,,,,0.005096690263599157,0.08216708153486252,5.403857721830718e-05,0.04392693191766739,0.030500657856464386,0.00047982053365558386,0.0,0.0,0.0010777596617117524,0.00013187758905125737
883,True,,,,,0.002388237975537777,0.05059809237718582,2.6514062483329326e-05,0.023216141387820244,0.015710268169641495,0.000479893438750878,0.0,0.0,0.0006696614436805248,0.00013134591595468774
884,True,,,,,0.004450170323252678,0.05675457417964935,4.948500281898305e-05,0.03951272740960121,0.02928333170711994,0.0004799670132342726,0.0,0.0,0.0008833209867589176,0.000130818553970273
885,True,,,,,0.0026405309326946735,0.06726457178592682,2.7199715987080708e-05,0.027369879186153412,0.017943691462278366,0.0004800446331501007,0.0,0.0,0.0007640973781235516,0.0001302955085285503
886,True,,,,,0.002186145633459091,0.04668138921260834,4.001779234386049e-05,0.018930668011307716,0.011991545557975769,0.00048012554179877043,0.0,0.0,0.00060036382637918,0.00012977678501560725
887,True,,,,,0.0025997888296842575,0.04335014149546623,1.825404615374282e-05,0.022613992914557457,0.015637880191206932,0.0004802041803486645,0.0,0.0,0.0007140176021493971,0.00012926238877302625
888,True,,,,,0.0029694547411054373,0.060232579708099365,2.7245579985901713e-05,0.026249289512634277,0.01719728298485279,0.0004802791809197515,0.0,0.0,0.0008263655472546816,0.00012875232509782915
889,True,,,,,0.003839150071144104,0.05932987481355667,2.1790165192214772e-05,0.03532844036817551,0.02550792135298252,0.00048035476356744766,0.0,0.0,0.0008558259578421712,0.0001282465992424233
890,True,,,,,0.002197782974690199,0.050478193908929825,5.3192528866929933e-05,0.02120775543153286,0.013850964605808258,0.00048043151036836207,0.0,0.0,0.000611206516623497,0.00012774521641454676
891,True,,,,,0.0036447695456445217,0.06218235567212105,2.7784901249106042e-05,0.03381708264350891,0.023893700912594795,0.00048050747136585414,0.0,0.0,0.0010573823237791657,0.0001272481817772153
892,True,,,,,0.00441780686378479,0.05335891991853714,4.930335489916615e-05,0.03808491677045822,0.028227804228663445,0.00048058616812340915,0.0,0.0,0.0011329433182254434,0.00012675550044866888
893,True,,,,,0.0047980863600969315,0.05170057713985443,2.618099097162485e-05,0.03869442269206047,0.02866911143064499,0.00048066486488096416,0.0,0.0,0.0007494192686863244,0.00012626717750231905
894,True,,,,,0.0037490278482437134,0.05663882941007614,4.006945891887881e-05,0.03228813037276268,0.022790275514125824,0.00048074201913550496,0.0,0.0,0.0010300246067345142,0.00012578321796669675
895,True,,,,,0.0025813221000134945,0.04546834155917168,1.835649527492933e-05,0.02493298053741455,0.017763303592801094,0.0004808236553799361,0.0,0.0,0.0007065510144457221,0.0001253036268254003
896,True,,,,,0.0018117728177458048,0.05197998508810997,2.7772941393777728e-05,0.016669197008013725,0.009599070064723492,0.00048090374912135303,0.0,0.0,0.0006620730855502188,0.00012482840901704441
897,True,,,,,0.00620664656162262,0.0690445825457573,2.1671465219696984e-05,0.044674817472696304,0.031515561044216156,0.00048098069964908063,0.0,0.0,0.000757190806325525,0.00012435756943520913
898,True,,,,,0.00404419144615531,0.06315307319164276,5.150124343344942e-05,0.03760877996683121,0.027141470462083817,0.000481059483718127,0.0,0.0,0.0010007491800934076,0.00012389111292838948
899,True,,,,,0.0030160928145051003,0.05470220372080803,2.7297126507619396e-05,0.026470240205526352,0.01792452111840248,0.00048113559023477137,0.0,0.0,0.0007517116027884185,0.00012342904429994553
900,True,,,,,0.0039447275921702385,0.0630040168762207,4.897842154605314e-05,0.03586971014738083,0.025521812960505486,0.0004812102415598929,0.0,0.0,0.0007567955763079226,0.00012297136830805304
901,True,,,,,0.004426386673003435,0.05972955748438835,2.6374389562988654e-05,0.04117879644036293,0.030721891671419144,0.0004812857659999281,0.0,0.0,0.0008610929944552481,0.00012251808966565414
902,True,,,,,0.003662653034552932,0.06855843961238861,3.8877318729646504e-05,0.03373438119888306,0.02313331514596939,0.0004813599225599319,0.0,0.0,0.0007398840971291065,0.00012206921304040927
903,True,,,,,0.0039972830563783646,0.058040231466293335,1.8100916349794716e-05,0.035241689532995224,0.02539936825633049,0.0004814351268578321,0.0,0.0,0.0007957880152389407,0.00012162474305464873
904,True,,,,,0.005149229429662228,0.0726139098405838,2.728375511651393e-05,0.04586448892951012,0.03339448571205139,0.0004815078864339739,0.0,0.0,0.0008398754289373755,0.00012118468428532541
905,True,,,,,0.0019106275867670774,0.057784341275691986,2.322964974155184e-05,0.02061663754284382,0.012876302003860474,0.0004815848369617015,0.0,0.0,0.0005965243326500058,0.00012074904126396705
906,True,,,,,0.003947448451071978,0.05453862249851227,5.246039290796034e-05,0.03349938243627548,0.023988334462046623,0.0004816595755983144,0.0,0.0,0.0007630136678926647,0.00012031781847663044
907,True,,,,,0.00448132399469614,0.07917846739292145,2.8027639928041026e-05,0.03646707162261009,0.024007027968764305,0.0004817339067813009,0.0,0.0,0.0007462551584467292,0.00011989102036385467
908,True,,,,,0.004632828291505575,0.05847346782684326,5.2420509746298194e-05,0.040009766817092896,0.02941993437707424,0.0004818104498554021,0.0,0.0,0.002020737621933222,0.00011946865132061524
909,True,,,,,0.00449160672724247,0.06970467418432236,2.7002479328075424e-05,0.03995289281010628,0.02843199297785759,0.0004818833258468658,0.0,0.0,0.0009243208914995193,0.00011905071569627946
910,True,,,,,0.007042673882097006,0.08086137473583221,4.039626946905628e-05,0.05619486793875694,0.040980443358421326,0.00048195591080002487,0.0,0.0,0.001117704319767654,0.0001186372177945611
911,True,,,,,0.0017738461028784513,0.04129141569137573,1.8506982087274082e-05,0.016556622460484505,0.01061179954558611,0.0004820353351533413,0.0,0.0,0.0006406753091141582,0.00011822816187347623
912,True,,,,,0.0042205555364489555,0.05739983171224594,2.7941108783124946e-05,0.033244580030441284,0.023223336786031723,0.00048211199464276433,0.0,0.0,0.0007773449178785086,0.00011782355214529934
913,True,,,,,0.004476409405469894,0.06990400701761246,2.3228632926475257e-05,0.03887001425027847,0.027351925149559975,0.00048218524898402393,0.0,0.0,0.0006712715839967132,0.0001174233927765202
914,True,,,,,0.0014289142563939095,0.03686370328068733,5.283908103592694e-05,0.014152003452181816,0.008926218375563622,0.0004822614719159901,0.0,0.0,0.0005115087842568755,0.00011702768788780077
915,True,,,,,0.002692641457542777,0.05326787382364273,2.9258348149596713e-05,0.026571230962872505,0.018488461151719093,0.0004823343479074538,0.0,0.0,0.0007354158442467451,0.00011663644155393246
916,True,,,,,0.0056676557287573814,0.07062078267335892,4.943317253491841e-05,0.05041160434484482,0.03757818043231964,0.00048240425530821085,0.0,0.0,0.0008907275623641908,0.00011624965780379473
917,True,,,,,0.00382889318279922,0.0653713196516037,2.848844997060951e-05,0.03081732988357544,0.020389502868056297,0.0004824781499337405,0.0,0.0,0.0007697928813286126,0.00011586734062031344
918,True,,,,,0.004980898927897215,0.07222852110862732,3.966781878261827e-05,0.04521619528532028,0.032928284257650375,0.00048254846478812397,0.0,0.0,0.0008423780673183501,0.00011548949394041963
919,True,,,,,0.002651437884196639,0.05633803457021713,2.0504921849351376e-05,0.02422170154750347,0.01589062437415123,0.0004826199437957257,0.0,0.0,0.0009057814604602754,0.00011511612165500893
920,True,,,,,0.004387103021144867,0.05895426496863365,2.7242575015407056e-05,0.038016464561223984,0.02767462283372879,0.00048268880345858634,0.0,0.0,0.0007579469820484519,0.00011474722760890197
921,True,,,,,0.004502847790718079,0.06179918721318245,2.184251025028061e-05,0.04432043433189392,0.03358915448188782,0.0004827620869036764,0.0,0.0,0.0011281720362603664,0.00011438281560080435
922,True,,,,,0.004647623747587204,0.06833275407552719,5.307167521095835e-05,0.03621974214911461,0.024627871811389923,0.0004828360106330365,0.0,0.0,0.000858750834595412,0.00011402288938326747
923,True,,,,,0.003262745914980769,0.04711630195379257,2.9261045710882172e-05,0.028804535046219826,0.020766805857419968,0.000482912000734359,0.0,0.0,0.0009599869954399765,0.00011366745266265033
924,True,,,,,0.00554811954498291,0.07927821576595306,5.0606478907866403e-05,0.048026926815509796,0.034444939345121384,0.00048298522597178817,0.0,0.0,0.0010444241343066096,0.00011331650909908106
925,True,,,,,0.006590267643332481,0.0728229284286499,2.5853329134406522e-05,0.060930270701646805,0.04700117185711861,0.0004830573161598295,0.0,0.0,0.0010913758305832744,0.00011297006230641912
926,True,,,,,0.0055483924224972725,0.07618659734725952,4.075422111782245e-05,0.04555049538612366,0.032297104597091675,0.00048313435399904847,0.0,0.0,0.0011261770268902183,0.00011262811585221842
927,True,,,,,0.0025419974699616432,0.05815057456493378,1.793071351130493e-05,0.022638283669948578,0.014240534976124763,0.0004832125559914857,0.0,0.0,0.0007117129280231893,0.00011229067325769018
928,True,,,,,0.0008427632856182754,0.023151494562625885,2.7531608793651685e-05,0.00778217101469636,0.004564361646771431,0.00048328773118555546,0.0,0.0,0.0004103998653590679,0.00011195773799766724
929,True,,,,,0.003548024222254753,0.04941452294588089,2.3399159545078874e-05,0.029909873381257057,0.021368764340877533,0.0004833561251871288,0.0,0.0,0.0009574221330694854,0.00011162931350056752
930,True,,,,,0.0019356341799721122,0.046165186911821365,5.083711221232079e-05,0.019540848210453987,0.012882186099886894,0.0004834236460737884,0.0,0.0,0.0008547845063731074,0.00011130540314835937
931,True,,,,,0.006153549067676067,0.07734513282775879,2.8244161512702703e-05,0.05726566165685654,0.043316274881362915,0.0004834896244574338,0.0,0.0,0.0011489567114040256,0.00011098601027652656
932,True,,,,,0.005757573526352644,0.06581070274114609,4.826555959880352e-05,0.049565769731998444,0.037125758826732635,0.00048356186016462743,0.0,0.0,0.001254979521036148,0.00011067113817403364
933,True,,,,,0.0031349845230579376,0.05227465555071831,2.5127124899881892e-05,0.029095495119690895,0.020677953958511353,0.0004836370062548667,0.0,0.0,0.0007191506447270513,0.00011036079008329242
934,True,,,,,0.0036574704572558403,0.06448595225811005,3.98976553697139e-05,0.03482164442539215,0.024630945175886154,0.00048371360753662884,0.0,0.0,0.0008669105009175837,0.00011005496920012853
935,True,,,,,0.0046524303033947945,0.07531031221151352,1.980645174626261e-05,0.03923185542225838,0.0270039401948452,0.00048379000509157777,0.0,0.0,0.0008989223279058933,0.0001097536786737484
936,True,,,,,0.0018983182962983847,0.04478340595960617,2.8012987968395464e-05,0.018359391018748283,0.011921867728233337,0.00048386925482191145,0.0,0.0,0.0007658260874450207,0.0001094569216067068
937,True,,,,,0.005625841673463583,0.06786453723907471,2.0840596334892325e-05,0.04874730855226517,0.03628849238157272,0.0004839469329454005,0.0,0.0,0.0011915878858417273,0.00010916470105487504
938,True,,,,,0.004267523530870676,0.06768649816513062,5.3436626330949366e-05,0.03631002455949783,0.025162138044834137,0.000484026619233191,0.0,0.0,0.0008860953385010362,0.00010887702002740944
939,True,,,,,0.0036369520239531994,0.07757662236690521,2.7754329494200647e-05,0.03282811492681503,0.021373150870203972,0.00048410549061372876,0.0,0.0,0.00089902279432863,0.00010859388148672027
940,True,,,,,0.005625196732580662,0.0756717175245285,5.131735815666616e-05,0.04598291218280792,0.03268306702375412,0.0004841822083108127,0.0,0.0,0.0010318014537915587,0.00010831528834844139
941,True,,,,,0.0029306146316230297,0.05014127492904663,3.0894494557287544e-05,0.023727767169475555,0.015716394409537315,0.0004842572961933911,0.0,0.0,0.00066933105699718,0.00010804124348140007
942,True,,,,,0.003044187556952238,0.04622689634561539,4.0947081288322806e-05,0.024228181689977646,0.016474567353725433,0.00048433156916871667,0.0,0.0,0.000626542023383081,0.00010777174970758758
943,True,,,,,0.00554739311337471,0.08342132717370987,1.9581579181249253e-05,0.0493306890130043,0.035397157073020935,0.00048440039972774684,0.0,0.0,0.0009167406242340803,0.00010750680980213003
944,True,,,,,0.0031372783705592155,0.055810652673244476,3.039534749404993e-05,0.030971357598900795,0.022187378257513046,0.00048447190783917904,0.0,0.0,0.0008070897310972214,0.00010724642649325977
945,True,,,,,0.00597468763589859,0.07674520462751389,2.269011383759789e-05,0.05342325195670128,0.03972381725907326,0.0004845426301471889,0.0,0.0,0.0014381257351487875,0.00010699060246228749
946,True,,,,,0.004656913690268993,0.06513296067714691,5.343403609003872e-05,0.043597325682640076,0.03231539949774742,0.00048461565165780485,0.0,0.0,0.0009883611928671598,0.00010673934034357453
947,True,,,,,0.004973127041012049,0.06976649165153503,2.8333857699180953e-05,0.04329051822423935,0.03127922862768173,0.00048468797467648983,0.0,0.0,0.000865684007294476,0.00010649264272450538
948,True,,,,,0.0029282215982675552,0.050286583602428436,5.285598672344349e-05,0.02600879780948162,0.01794135756790638,0.0004847604432143271,0.0,0.0,0.0006935812998563051,0.00010625051214546172
949,True,,,,,0.002287993673235178,0.06649020314216614,2.66362440015655e-05,0.02376813255250454,0.014772998169064522,0.0004848306707572192,0.0,0.0,0.000636545242741704,0.00010601295109979575
950,True,,,,,0.002731006359681487,0.0520804300904274,4.0121849451679736e-05,0.02774154394865036,0.019717402756214142,0.0004848974058404565,0.0,0.0,0.0007664834847673774,0.00010577996203380462
951,True,,,,,0.0037815652322024107,0.06964294612407684,2.0493618649197742e-05,0.037010274827480316,0.026218578219413757,0.00048496207455173135,0.0,0.0,0.0007874469156377017,0.00010555154734670536
952,True,,,,,0.005494836717844009,0.06474902480840683,2.839732405846007e-05,0.04197654128074646,0.02994515560567379,0.00048503035213798285,0.0,0.0,0.0008129550260491669,0.00010532770939060998
953,True,,,,,0.007555143907666206,0.08820757269859314,2.2796550183556974e-05,0.05726790428161621,0.04084156081080437,0.0004851006669923663,0.0,0.0,0.0011940691620111465,0.00010510845047050161
954,True,,,,,0.0013385755009949207,0.03697396069765091,5.1700975745916367e-05,0.012648684903979301,0.007504459470510483,0.00048517470713704824,0.0,0.0,0.0005604436155408621,0.00010489377284421018
955,True,,,,,0.0054629165679216385,0.06524328887462616,2.8406790079316124e-05,0.04645651951432228,0.0344076082110405,0.000485245167510584,0.0,0.0,0.0009703816031105816,0.0001046836787223898
956,True,,,,,0.0033684922382235527,0.05345083028078079,5.111139762448147e-05,0.027601342648267746,0.01878068968653679,0.00048531850916333497,0.0,0.0,0.0010039671324193478,0.00010447817026849558
957,True,,,,,0.001316622830927372,0.047828011214733124,2.740556010394357e-05,0.013494867831468582,0.007335779257118702,0.000485389435198158,0.0,0.0,0.001007477636449039,0.00010427724959876141
958,True,,,,,0.002697698539122939,0.047277215868234634,4.069336500833742e-05,0.024348184466362,0.01683652400970459,0.0004854589933529496,0.0,0.0,0.0008302195928990841,0.00010408091878217844
959,True,,,,,0.004022516310214996,0.06146661192178726,1.8646172975422814e-05,0.03467337787151337,0.024462053552269936,0.0004855278239119798,0.0,0.0,0.0007461418281309307,0.00010388917984047328
960,True,,,,,0.002351018600165844,0.04583439975976944,2.7871084967046045e-05,0.02090628258883953,0.013911226764321327,0.0004855958395637572,0.0,0.0,0.0007148719159886241,0.0001037020347480878
961,True,,,,,0.004574584309011698,0.0751483291387558,2.2689146135235205e-05,0.03920082002878189,0.02706116810441017,0.00048566050827503204,0.0,0.0,0.0007037697941996157,0.00010351948543215816
962,True,,,,,0.0027579828165471554,0.04825080186128616,5.653240077663213e-05,0.026796754449605942,0.01909576915204525,0.0004857253225054592,0.0,0.0,0.0008116699173115194,0.00010334153377249551
963,True,,,,,0.002993821632117033,0.046788036823272705,3.1922634661896154e-05,0.02315502241253853,0.015413694083690643,0.0004857881576754153,0.0,0.0,0.0005839024088345468,0.00010316818160156626
964,True,,,,,0.006180613301694393,0.07473435997962952,5.239187157712877e-05,0.0495767667889595,0.03581307455897331,0.00048585201147943735,0.0,0.0,0.001078312168829143,0.0001029994307044734
965,True,,,,,0.0033810576424002647,0.04937521740794182,2.7318650609231554e-05,0.03109237551689148,0.022714300081133842,0.0004859154869336635,0.0,0.0,0.0006506099016405642,0.00010283528281893806
966,True,,,,,0.00238756462931633,0.05592015013098717,4.17539085901808e-05,0.023386534303426743,0.01531858742237091,0.0004859773616772145,0.0,0.0,0.0006412408547475934,0.00010267573963528152
967,True,,,,,0.003252461552619934,0.06051591783761978,1.8022623407887295e-05,0.033350300043821335,0.024005338549613953,0.0004860408662352711,0.0,0.0,0.0009130745311267674,0.00010252080279640813
968,True,,,,,0.005438768304884434,0.07682008296251297,3.0455543310381472e-05,0.04521678015589714,0.03203023225069046,0.0004861030902247876,0.0,0.0,0.0010301783913746476,0.00010237047389778791
969,True,,,,,0.0030538158025592566,0.0504956990480423,2.388438952038996e-05,0.028216373175382614,0.020060356706380844,0.0004861652560066432,0.0,0.0,0.0009016084368340671,0.00010222475448744056
970,True,,,,,0.004196366295218468,0.06512726098299026,5.58151223231107e-05,0.035243596881628036,0.02441801130771637,0.000486225908389315,0.0,0.0,0.0010494573507457972,0.00010208364606591927
971,True,,,,,0.0023983861319720745,0.04850634187459946,2.8408350772224367e-05,0.020794682204723358,0.013483981601893902,0.00048628190415911376,0.0,0.0,0.0006135997246019542,0.00010194715008629533
972,True,,,,,0.0034488148521631956,0.05472104623913765,4.9750349717214704e-05,0.03210538253188133,0.02308010309934616,0.00048633571714162827,0.0,0.0,0.000731328793335706,0.00010181526795414313
973,True,,,,,0.0034971842542290688,0.051879748702049255,2.7600621251622215e-05,0.030899114906787872,0.022153891623020172,0.00048639270244166255,0.0,0.0,0.0008641868480481207,0.00010168800102752574
974,True,,,,,0.004730851389467716,0.07835666835308075,4.199216346023604e-05,0.043486203998327255,0.030830837786197662,0.00048644861089996994,0.0,0.0,0.0008933504577726126,0.00010156535061698107
975,True,,,,,0.0015158237656578422,0.050992198288440704,1.7930260582943447e-05,0.016308587044477463,0.009652817621827126,0.0004865041410084814,0.0,0.0,0.0005486529553309083,0.00010144731798550802
976,True,,,,,0.004090777598321438,0.06283117830753326,2.8273203497519717e-05,0.03205593675374985,0.021620631217956543,0.00048655763384886086,0.0,0.0,0.0007157077779993415,0.00010133390434855374
977,True,,,,,0.0021544122137129307,0.04939600080251694,2.2085274395067245e-05,0.019743716344237328,0.012600667774677277,0.00048661360051482916,0.0,0.0,0.0005847017164342105,0.00010122511087400096
978,True,,,,,0.006891968660056591,0.07440033555030823,5.234213313087821e-05,0.059580110013484955,0.045138560235500336,0.0004866672388743609,0.0,0.0,0.0010394086129963398,0.0001011209386821563
979,True,,,,,0.0034623700194060802,0.05913208797574043,2.9285183700267226e-05,0.029700687155127525,0.020261671394109726,0.00048672404955141246,0.0,0.0,0.0010647124145179987,0.00010102138884573817
980,True,,,,,0.004409815650433302,0.05814414098858833,4.935287870466709e-05,0.0388697013258934,0.028541896492242813,0.0004867827519774437,0.0,0.0,0.0008902084664441645,0.00010092646238986623
981,True,,,,,0.003996318206191063,0.07814520597457886,2.665104329935275e-05,0.03929060325026512,0.02742159366607666,0.0004868414835073054,0.0,0.0,0.0006948761874809861,0.00010083616029205057
982,True,,,,,0.0034755393862724304,0.058354027569293976,3.9570768421981484e-05,0.030903400853276253,0.02150844782590866,0.0004868991964031011,0.0,0.0,0.0008066834416240454,0.00010075048348218171
983,True,,,,,0.0030489449854940176,0.05633187294006348,1.8336162611376494e-05,0.029044480994343758,0.02032080665230751,0.0004869562981184572,0.0,0.0,0.0006932009709998965,0.00010066943284252111
984,True,,,,,0.0013590137241408229,0.03307484835386276,2.7811247491627e-05,0.013308140449225903,0.008581150323152542,0.0004870122065767646,0.0,0.0,0.0006584099610336125,0.00010059300920769185
985,True,,,,,0.0032474135514348745,0.056242942810058594,2.1451012798934244e-05,0.02932719513773918,0.02040771394968033,0.000487065059132874,0.0,0.0,0.000690414453856647,0.00010052121336467041
986,True,,,,,0.003718641586601734,0.057286761701107025,5.249782407190651e-05,0.03367812931537628,0.02412094548344612,0.00048711770796217024,0.0,0.0,0.00078523502452299,0.00010045404605277808
987,True,,,,,0.002080637263134122,0.04526174068450928,2.7946469344897196e-05,0.02093581110239029,0.014268236234784126,0.00048717076424509287,0.0,0.0,0.0005966686876490712,0.00010039150796367375
988,True,,,,,0.0015424186130985618,0.052129700779914856,4.8329988203477114e-05,0.017410533502697945,0.010553611442446709,0.00048722245264798403,0.0,0.0,0.0005862974794581532,0.00010033359974134668
989,True,,,,,0.0017842532834038138,0.04163406416773796,2.821843918354716e-05,0.01823320984840393,0.012224240228533745,0.0004872743447776884,0.0,0.0,0.0005931474734097719,0.00010028032198210982
990,True,,,,,0.002914123935624957,0.057149097323417664,3.968184319091961e-05,0.02604665420949459,0.017333384603261948,0.00048732548020780087,0.0,0.0,0.0006786648300476372,0.00010023167523459362
991,True,,,,,0.004667432047426701,0.08148827403783798,1.797647200874053e-05,0.039761800318956375,0.026904715225100517,0.00048737676115706563,0.0,0.0,0.0009140873444266617,0.00010018765999974044
992,True,,,,,0.0035381237976253033,0.05853832885622978,2.7614156351774e-05,0.032634884119033813,0.02318282425403595,0.0004874310689046979,0.0,0.0,0.0009406463941559196,0.00010014827673079956
993,True,,,,,0.002215007320046425,0.06935621798038483,2.072757706628181e-05,0.024615734815597534,0.015418775379657745,0.00048748322296887636,0.0,0.0,0.0007095395703800023,0.00010011352583332212
994,True,,,,,0.003660050220787525,0.05268373340368271,5.2306750149000436e-05,0.036903928965330124,0.027866017073392868,0.0004875329905189574,0.0,0.0,0.0008323294459842145,0.00010008340766515734
995,True,,,,,0.0057377200573682785,0.06423231959342957,2.8179423679830506e-05,0.049479853361845016,0.03725766763091087,0.00048758438788354397,0.0,0.0,0.0009965278441086411,0.00010005792253644866
996,True,,,,,0.0032302855979651213,0.064144566655159,5.1647362852236256e-05,0.03183325007557869,0.02208033576607704,0.00048763761878944933,0.0,0.0,0.0007193590863607824,0.00010003707070963044
997,True,,,,,0.003563523991033435,0.05945596843957901,2.6290623281965964e-05,0.031863752752542496,0.022297173738479614,0.00048769256682135165,0.0,0.0,0.00066688924562186,0.00010002085239942553
998,True,,,,,0.0031205732375383377,0.050379835069179535,3.847746484098025e-05,0.02666100487112999,0.018420614302158356,0.00048774885362945497,0.0,0.0,0.0006386065506376326,0.00010000926777284277
999,True,,,,,0.0029970123432576656,0.05813746899366379,1.9911247363779694e-05,0.029740987345576286,0.02088552713394165,0.00048780100769363344,0.0,0.0,0.0008844099938869476,0.00010000231694917542
1000,True,,,,,0.007310647051781416,0.07390698790550232,2.918800601037219e-05,0.06389325112104416,0.04912865161895752,0.0004878535110037774,0.0,0.0,0.0010442258790135384,0.0001
