step,applied,reason,joint_w4_loss,cycle_loss,teacher_mse,budget_penalty,dual_mse,dual_ssim,block,discriminator_loss,discriminator_applied,reconstruction_mse,perceptual_loss,preservation_mse,loss,residual_loss,trust_loss,spectral_loss,adversarial_loss,grad_norm,learning_rate,reconstruction_gradient_norm,residual_gradient_norm,cycle_gradient_norm,preservation_gradient_norm
1,True,,,0.03328896313905716,,0.0,,,,,,0.003799453843384981,0.0541805699467659,4.181037002126686e-05,0.03443605825304985,0.024015765637159348,0.0848984345793724,0.0,0.0,0.0008038763189688325,5e-05,,,,
2,True,,,0.04831657558679581,,0.0,,,,,,0.002188649959862232,0.04437250643968582,8.300004992634058e-05,0.02387404255568981,0.01587449014186859,0.08489836752414703,0.0,0.0,0.0006525886128656566,0.0001,,,,
3,True,,,0.024324467405676842,,0.0,,,,,,0.002242874354124069,0.04078981280326843,4.107535278308205e-05,0.02008761651813984,0.012652996927499771,0.08489823341369629,0.0,0.0,0.000803223461844027,0.00015000000000000001,,,,
4,True,,,0.03740210831165314,,0.0,,,,,,0.0020633358508348465,0.03601423278450966,8.033138874452561e-05,0.018398340791463852,0.011470413766801357,0.08489809185266495,0.0,0.0,0.0005069710896350443,0.0002,,,,
5,True,,,0.032066576182842255,,0.0,,,,,,0.003843043465167284,0.056309379637241364,4.8101712309289724e-05,0.036284856498241425,0.02561718039214611,0.08489783853292465,0.0,0.0,0.0007725019240751863,0.00025,,,,
6,True,,,0.044505517929792404,,0.0,,,,,,0.005406375043094158,0.07339790463447571,6.275133637245744e-05,0.046467170119285583,0.03239559754729271,0.08489755541086197,0.0,0.0,0.0010025619994848967,0.00030000000000000003,,,,
7,True,,,0.05605069920420647,,0.0,,,,,,0.00392808485776186,0.061380401253700256,3.079832822550088e-05,0.03526498004794121,0.023773975670337677,0.08489725738763809,0.0,0.0,0.0008331775316037238,0.00035,,,,
8,True,,,0.03403067961335182,,0.0,,,,,,0.0027221746277064085,0.04808163642883301,4.308111238060519e-05,0.02458125911653042,0.01584010384976864,0.08489695936441422,0.0,0.0,0.0007373925764113665,0.0004,,,,
9,True,,,0.03775567561388016,,0.0,,,,,,0.008802561089396477,0.08974392712116241,4.181037002126686e-05,0.07524854689836502,0.056224167346954346,0.08489660918712616,0.0,0.0,0.0014891476603224874,0.00045000000000000004,,,,
10,True,,,0.025842655450105667,,0.0,,,,,,0.0019573208410292864,0.04370155185461044,8.300004992634058e-05,0.01982797682285309,0.012351610697805882,0.0848962664604187,0.0,0.0,0.0005380521179176867,0.0005,,,,
11,True,,,0.03416901081800461,,0.0,,,,,,0.003514916403219104,0.06366842985153198,4.107535278308205e-05,0.03379162773489952,0.02269867993891239,0.08489590883255005,0.0,0.0,0.0008253210107795894,0.0005499999999999999,,,,
12,True,,,0.03318452090024948,,0.0,,,,,,0.0031673102639615536,0.0563187375664711,8.033138874452561e-05,0.028457295149564743,0.01843714527785778,0.0848955288529396,0.0,0.0,0.000659057404845953,0.0006000000000000001,,,,
13,True,,,0.03970475494861603,,0.0,,,,,,0.003260285360738635,0.06235774606466293,4.8101712309289724e-05,0.03360573947429657,0.022839626297354698,0.08489517122507095,0.0,0.0,0.0007217619568109512,0.0006500000000000001,,,,
14,True,,,0.03223488852381706,,0.0,,,,,,0.004871223587542772,0.06034582108259201,6.275133637245744e-05,0.04381030797958374,0.03170182928442955,0.0848948210477829,0.0,0.0,0.0007925743702799082,0.0007,,,,
15,True,,,0.031215909868478775,,0.0,,,,,,0.0033873103093355894,0.055859699845314026,3.079832822550088e-05,0.03092319145798683,0.02077341079711914,0.08489442616701126,0.0,0.0,0.0006565435905940831,0.00075,,,,
16,True,,,0.038786426186561584,,0.0,,,,,,0.0031722746789455414,0.06341533362865448,4.308111238060519e-05,0.033389557152986526,0.02261740155518055,0.08489403128623962,0.0,0.0,0.0007148421136662364,0.0008,,,,
17,True,,,0.02748160809278488,,0.0,,,,,,0.002549441996961832,0.050667278468608856,4.181037002126686e-05,0.025133557617664337,0.01637272909283638,0.08489364385604858,0.0,0.0,0.0006767846643924713,0.0008500000000000001,,,,
18,True,,,0.040159016847610474,,0.0,,,,,,0.0038381563499569893,0.06563664972782135,8.300004992634058e-05,0.03616882115602493,0.0244749765843153,0.08489324152469635,0.0,0.0,0.000798551831394434,0.0009000000000000001,,,,
19,True,,,0.04021647199988365,,0.0,,,,,,0.005948612000793219,0.06259545683860779,4.107535278308205e-05,0.056417208164930344,0.042937424033880234,0.08489277213811874,0.0,0.0,0.0009203053778037429,0.00095,,,,
20,True,,,0.029150301590561867,,0.0,,,,,,0.0012060812441632152,0.02780357375741005,8.033138874452561e-05,0.011688930913805962,0.006521899718791246,0.08489234745502472,0.0,0.0,0.0006178049370646477,0.001,,,,
21,True,,,0.03708730265498161,,0.0,,,,,,0.005673801526427269,0.05720854550600052,4.8101712309289724e-05,0.0461098775267601,0.033471379429101944,0.0848919078707695,0.0,0.0,0.0008624134352430701,0.001,,,,
22,True,,,0.029859263449907303,,0.0,,,,,,0.0014982328284531832,0.03945007175207138,6.275133637245744e-05,0.01707313023507595,0.010451005771756172,0.08489154279232025,0.0,0.0,0.0005525111919268966,0.0009999994329901755,,,,
23,True,,,0.02364993840456009,,0.0,,,,,,0.0018863945733755827,0.03730074316263199,3.079832822550088e-05,0.017939502373337746,0.011222222819924355,0.08489114791154861,0.0,0.0,0.0006105602951720357,0.000999997731962131,,,,
24,True,,,0.039964459836483,,0.0,,,,,,0.0023304629139602184,0.046751707792282104,4.308111238060519e-05,0.021351732313632965,0.013076003640890121,0.08489075303077698,0.0,0.0,0.0006584433722309768,0.0009999948969201533,,,,
25,True,,,0.029419569298624992,,0.0,,,,,,0.0031465203501284122,0.04764866828918457,4.181037002126686e-05,0.029210662469267845,0.020135268568992615,0.08489038050174713,0.0,0.0,0.0007664274889975786,0.0009999909278713864,,,,
26,True,,,0.03906930238008499,,0.0,,,,,,0.005188317503780127,0.07297098636627197,8.300004992634058e-05,0.048529643565416336,0.03476313129067421,0.08489001542329788,0.0,0.0,0.0010422561317682266,0.000999985824825833,,,,
27,True,,,0.028801726177334785,,0.0,,,,,,0.0031387819908559322,0.04365059360861778,4.107535278308205e-05,0.026571940630674362,0.01791064813733101,0.0848897397518158,0.0,0.0,0.0007125296979211271,0.0009999795877963526,,,,
28,True,,,0.03154013305902481,,0.0,,,,,,0.001837645540945232,0.03404107689857483,8.033138874452561e-05,0.01788420043885708,0.011437986046075821,0.08488950878381729,0.0,0.0,0.0005978959379717708,0.000999972216798663,,,,
29,True,,,0.026232663542032242,,0.0,,,,,,0.0027138690929859877,0.04923456162214279,4.8101712309289724e-05,0.026141390204429626,0.017368795350193977,0.08488921821117401,0.0,0.0,0.0006420373683795333,0.0009999637118513394,,,,
30,True,,,0.04210306704044342,,0.0,,,,,,0.004342866595834494,0.05841479450464249,6.275133637245744e-05,0.04210919514298439,0.030623553320765495,0.0848889946937561,0.0,0.0,0.0009693274623714387,0.0009999540729758146,,,,
31,True,,,0.038768377155065536,,0.0,,,,,,0.002443490317091346,0.052484575659036636,3.079832822550088e-05,0.02227739617228508,0.013333478942513466,0.08488881587982178,0.0,0.0,0.0006791719933971763,0.0009999433001963787,,,,
32,True,,,0.030301524326205254,,0.0,,,,,,0.004053774755448103,0.060767658054828644,4.308111238060519e-05,0.03570403531193733,0.024400051683187485,0.08488857746124268,0.0,0.0,0.0008730535046197474,0.0009999313935401802,,,,
33,True,,,0.03237273544073105,,0.0,,,,,,0.00277715059928596,0.05228481441736221,4.181037002126686e-05,0.024609709158539772,0.015410559251904488,0.08488842099905014,0.0,0.0,0.0008207659120671451,0.000999918353037224,,,,
34,True,,,0.06317491084337234,,0.0,,,,,,0.0034700899850577116,0.05751660466194153,8.300004992634058e-05,0.031758684664964676,0.021014804020524025,0.08488824963569641,0.0,0.0,0.000598483020439744,0.000999904178720373,,,,
35,True,,,0.03134746849536896,,0.0,,,,,,0.0037658929359167814,0.05646893382072449,4.107535278308205e-05,0.04001885652542114,0.029423173516988754,0.08488814532756805,0.0,0.0,0.0010473664151504636,0.0009998888706253465,,,,
36,True,,,0.0383286215364933,,0.0,,,,,,0.0034712578635662794,0.05563604459166527,8.033138874452561e-05,0.032411765307188034,0.022104568779468536,0.08488809317350388,0.0,0.0,0.0006577007588930428,0.000999872428790722,,,,
37,True,,,0.034955717623233795,,0.0,,,,,,0.004550641402602196,0.06626766920089722,4.8101712309289724e-05,0.042911555618047714,0.030511656776070595,0.0848880261182785,0.0,0.0,0.0010307513875886798,0.000999854853257934,,,,
38,True,,,0.026552977040410042,,0.0,,,,,,0.0017683015903458,0.0431876964867115,6.275133637245744e-05,0.018748510628938675,0.011515654623508453,0.08488809317350388,0.0,0.0,0.000616242818068713,0.000999836144071273,,,,
39,True,,,0.036632273346185684,,0.0,,,,,,0.0023455643095076084,0.04836028069257736,3.079832822550088e-05,0.021257130429148674,0.012844935059547424,0.08488815277814865,0.0,0.0,0.0006433623493649065,0.0009998163012778871,,,,
40,True,,,0.03139433637261391,,0.0,,,,,,0.002178346272557974,0.0385906845331192,4.308111238060519e-05,0.02065020427107811,0.013428423553705215,0.08488821238279343,0.0,0.0,0.0007674578228034079,0.0009997953249277812,,,,
41,True,,,0.05476188659667969,,0.0,,,,,,0.00550644239410758,0.06274972856044769,4.181037002126686e-05,0.044689420610666275,0.03149060159921646,0.08488823473453522,0.0,0.0,0.0022614288609474897,0.0009997732150738164,,,,
42,True,,,0.03353852033615112,,0.0,,,,,,0.004174262285232544,0.06274928152561188,8.300004992634058e-05,0.03899410367012024,0.027319148182868958,0.08488821238279343,0.0,0.0,0.0008694070857018232,0.0009997499717717107,,,,
43,True,,,0.03917836397886276,,0.0,,,,,,0.0032555710058659315,0.059976134449243546,4.107535278308205e-05,0.02860063873231411,0.018086250871419907,0.0848882794380188,0.0,0.0,0.0007472155848518014,0.0009997255950800381,,,,
44,True,,,0.02956533059477806,,0.0,,,,,,0.002319023013114929,0.045437462627887726,8.033138874452561e-05,0.024634554982185364,0.01658708229660988,0.08488842844963074,0.0,0.0,0.0007499335333704948,0.0009997000850602291,,,,
45,True,,,0.0367778055369854,,0.0,,,,,,0.005440215580165386,0.06281156837940216,4.8101712309289724e-05,0.045555923134088516,0.03259383514523506,0.08488865196704865,0.0,0.0,0.0010242408607155085,0.0009996734417765697,,,,
46,True,,,0.039098095148801804,,0.0,,,,,,0.00296189496293664,0.0600966140627861,6.275133637245744e-05,0.02959670126438141,0.019353900104761124,0.08488893508911133,0.0,0.0,0.0009352090419270098,0.0009996456652962024,,,,
47,True,,,0.03479432687163353,,0.0,,,,,,0.0022861191537231207,0.04054148122668266,3.079832822550088e-05,0.02250727452337742,0.014954773709177971,0.08488915860652924,0.0,0.0,0.0006229537539184093,0.0009996167556891253,,,,
48,True,,,0.03256044536828995,,0.0,,,,,,0.0038737382274121046,0.06449414789676666,4.308111238060519e-05,0.037853848189115524,0.026334654539823532,0.08488938957452774,0.0,0.0,0.0007552248425781727,0.0009995867130281916,,,,
49,True,,,0.023753926157951355,,0.0,,,,,,0.0012747431173920631,0.033235225826501846,4.181037002126686e-05,0.012388108298182487,0.006682501174509525,0.08488970249891281,0.0,0.0,0.0005512583302333951,0.0009995555373891103,,,,
50,True,,,0.03300177678465843,,0.0,,,,,,0.0018144923960790038,0.040709808468818665,8.300004992634058e-05,0.017832642421126366,0.010726752690970898,0.08488994836807251,0.0,0.0,0.000583061424549669,0.000999523228850445,,,,
51,True,,,0.024610618129372597,,0.0,,,,,,0.0018587717786431313,0.041259296238422394,4.107535278308205e-05,0.017403677105903625,0.010303432121872902,0.08489013463258743,0.0,0.0,0.0005512961652129889,0.0009994897874936151,,,,
52,True,,,0.05431132763624191,,0.0,,,,,,0.0041167945601046085,0.049545127898454666,8.033138874452561e-05,0.033461276441812515,0.022957785055041313,0.08489033579826355,0.0,0.0,0.0010135233169421554,0.0009994552134028943,,,,
53,True,,,0.03316788002848625,,0.0,,,,,,0.002269200049340725,0.04364877939224243,4.8101712309289724e-05,0.020848911255598068,0.013010196387767792,0.08489054441452026,0.0,0.0,0.0007294013630598783,0.0009994195066654102,,,,
54,True,,,0.04000658914446831,,0.0,,,,,,0.003670657519251108,0.05448463186621666,6.275133637245744e-05,0.030235324054956436,0.019835852086544037,0.08489083498716354,0.0,0.0,0.0007454532897099853,0.0009993826673711458,,,,
55,True,,,0.02978251501917839,,0.0,,,,,,0.004699398763477802,0.060960039496421814,3.079832822550088e-05,0.044037893414497375,0.03208035230636597,0.08489111065864563,0.0,0.0,0.0010051483986899257,0.0009993446956129378,,,,
56,True,,,0.02764902263879776,,0.0,,,,,,0.003900822950527072,0.05251871421933174,4.308111238060519e-05,0.03251262754201889,0.022212985903024673,0.08489153534173965,0.0,0.0,0.0006598182953894138,0.0009993055914864768,,,,
57,True,,,0.03286006301641464,,0.0,,,,,,0.0024512624368071556,0.042305879294872284,4.181037002126686e-05,0.022395415231585503,0.014515139162540436,0.0848919078707695,0.0,0.0,0.0007272246875800192,0.0009992653550903062,,,,
58,True,,,0.03889337182044983,,0.0,,,,,,0.005087218713015318,0.051548682153224945,8.300004992634058e-05,0.038989223539829254,0.02746777981519699,0.08489236980676651,0.0,0.0,0.000849403440952301,0.0009992239865258242,,,,
59,True,,,0.025786953046917915,,0.0,,,,,,0.001924516400322318,0.038648538291454315,4.107535278308205e-05,0.020525306463241577,0.013608599081635475,0.08489285409450531,0.0,0.0,0.0006722037796862423,0.000999181485897281,,,,
60,True,,,0.03874502331018448,,0.0,,,,,,0.0044777486473321915,0.05604963377118111,8.033138874452561e-05,0.03865320608019829,0.027293946593999863,0.0848933607339859,0.0,0.0,0.001381032750941813,0.0009991378533117804,,,,
61,True,,,0.030051730573177338,,0.0,,,,,,0.0022426554933190346,0.045915380120277405,4.8101712309289724e-05,0.021408241242170334,0.013400539755821228,0.08489397168159485,0.0,0.0,0.0005375685868784785,0.0009990930888792778,,,,
62,True,,,0.03044246882200241,,0.0,,,,,,0.0030768737196922302,0.05547483265399933,6.275133637245744e-05,0.028854485601186752,0.019045382738113403,0.08489453792572021,0.0,0.0,0.0008491665939800441,0.0009990471927125823,,,,
63,True,,,0.033481232821941376,,0.0,,,,,,0.004393992479890585,0.056694064289331436,3.079832822550088e-05,0.036191366612911224,0.024928802624344826,0.08489519357681274,0.0,0.0,0.0007954395841807127,0.0009990001649273538,,,,
64,True,,,0.033341504633426666,,0.0,,,,,,0.004006959032267332,0.05508604645729065,4.308111238060519e-05,0.03668711706995964,0.025967638939619064,0.08489584922790527,0.0,0.0,0.0008685473585501313,0.0009989520056421042,,,,
65,True,,,0.03359734266996384,,0.0,,,,,,0.002592872828245163,0.04682987928390503,4.181037002126686e-05,0.025032034143805504,0.016550328582525253,0.0848964974284172,0.0,0.0,0.0008337790495716035,0.0009989027149781974,,,,
66,True,,,0.03617604821920395,,0.0,,,,,,0.006211809813976288,0.06469590216875076,8.300004992634058e-05,0.05222025141119957,0.03828662261366844,0.08489711582660675,0.0,0.0,0.0009794337674975395,0.0009988522930598478,,,,
67,True,,,0.04230862855911255,,0.0,,,,,,0.005733802914619446,0.0726117342710495,4.107535278308205e-05,0.05285963788628578,0.03857205808162689,0.08489774912595749,0.0,0.0,0.0009007937042042613,0.000998800740014121,,,,
68,True,,,0.04616080969572067,,0.0,,,,,,0.0036479136906564236,0.05662006139755249,8.033138874452561e-05,0.031507376581430435,0.02084670029580593,0.0848984643816948,0.0,0.0,0.000709340616595,0.0009987480559709326,,,,
69,True,,,0.033598266541957855,,0.0,,,,,,0.006124874111264944,0.06451824307441711,4.8101712309289724e-05,0.055716466158628464,0.04193074256181717,0.0848991647362709,0.0,0.0,0.0009941104799509048,0.000998694241063049,,,,
70,True,,,0.034388795495033264,,0.0,,,,,,0.003753629047423601,0.05405446141958237,6.275133637245744e-05,0.03257941082119942,0.022196069359779358,0.08489997684955597,0.0,0.0,0.0008144259336404502,0.000998639295426086,,,,
71,True,,,0.03589172661304474,,0.0,,,,,,0.0029103392735123634,0.046398863196372986,3.079832822550088e-05,0.025836281478405,0.017062731087207794,0.08490076661109924,0.0,0.0,0.0008848152356222272,0.0009985832191985093,,,,
72,True,,,0.0365256741642952,,0.0,,,,,,0.004020198248326778,0.05176490545272827,4.308111238060519e-05,0.03343693166971207,0.023004427552223206,0.08490151911973953,0.0,0.0,0.0007353213150054216,0.0009985260125216328,,,,
73,True,,,0.03049480728805065,,0.0,,,,,,0.002857031999155879,0.04409180209040642,4.181037002126686e-05,0.025758039206266403,0.017316948622465134,0.08490238338708878,0.0,0.0,0.0007226261659525335,0.0009984676755396204,,,,
74,True,,,0.03260507434606552,,0.0,,,,,,0.0037143926601856947,0.05883996933698654,8.300004992634058e-05,0.03320592641830444,0.022390954196453094,0.08490321785211563,0.0,0.0,0.000659612996969372,0.0009984082083994838,,,,
75,True,,,0.0438772477209568,,0.0,,,,,,0.0048439535312354565,0.06802524626255035,4.107535278308205e-05,0.042700838297605515,0.029746009036898613,0.08490406721830368,0.0,0.0,0.0010364933405071497,0.0009983476112510822,,,,
76,True,,,0.03511127084493637,,0.0,,,,,,0.005068659782409668,0.05445264279842377,8.033138874452561e-05,0.04583580419421196,0.03408155217766762,0.08490504324436188,0.0,0.0,0.0009464685572311282,0.0009982858842471237,,,,
77,True,,,0.03381548821926117,,0.0,,,,,,0.0035690031945705414,0.04361342266201973,4.8101712309289724e-05,0.03140021115541458,0.02225859835743904,0.08490606397390366,0.0,0.0,0.0008246268262155354,0.000998223027543163,,,,
78,True,,,0.041956305503845215,,0.0,,,,,,0.00436558248475194,0.06491433829069138,6.275133637245744e-05,0.036588117480278015,0.02443109080195427,0.08490711450576782,0.0,0.0,0.0007470219861716032,0.0009981590412976014,,,,
79,True,,,0.030515026301145554,,0.0,,,,,,0.0014149220660328865,0.02961309812963009,3.079832822550088e-05,0.013710147701203823,0.008164284750819206,0.08490816503763199,0.0,0.0,0.0006038012797944248,0.0009980939256716871,,,,
80,True,,,0.03498561680316925,,0.0,,,,,,0.0014217033749446273,0.04720769822597504,4.308111238060519e-05,0.015492094680666924,0.00812913291156292,0.08490914851427078,0.0,0.0,0.00053572584874928,0.0009980276808295146,,,,
81,True,,,0.05529753863811493,,0.0,,,,,,0.0031137405894696712,0.05004411190748215,4.181037002126686e-05,0.027065541595220566,0.017524410039186478,0.0849100649356842,0.0,0.0,0.0008922859560698271,0.0009979603069380236,,,,
82,True,,,0.03323947638273239,,0.0,,,,,,0.0064208912663161755,0.072503000497818,8.300004992634058e-05,0.050380460917949677,0.035486266016960144,0.084911048412323,0.0,0.0,0.0010106200352311134,0.0009978918041669994,,,,
83,True,,,0.026115380227565765,,0.0,,,,,,0.002464006654918194,0.039797503501176834,4.107535278308205e-05,0.02386196330189705,0.016287392005324364,0.08491213619709015,0.0,0.0,0.000685271923430264,0.0009978221726890716,,,,
84,True,,,0.034606412053108215,,0.0,,,,,,0.0018221376230940223,0.05041387677192688,8.033138874452561e-05,0.017818979918956757,0.009720093570649624,0.0849132314324379,0.0,0.0,0.0005610050866380334,0.000997751412679715,,,,
85,True,,,0.033292919397354126,,0.0,,,,,,0.0027274598833173513,0.05871867761015892,4.8101712309289724e-05,0.025944173336029053,0.016138723120093346,0.08491428196430206,0.0,0.0,0.0007387906080111861,0.0009976795243172474,,,,
86,True,,,0.03779703006148338,,0.0,,,,,,0.0036360747180879116,0.04550217092037201,6.275133637245744e-05,0.02992345206439495,0.020478662103414536,0.08491533994674683,0.0,0.0,0.0012104016495868564,0.0009976065077828312,,,,
87,True,,,0.034452155232429504,,0.0,,,,,,0.0018854623194783926,0.03971082717180252,3.079832822550088e-05,0.016579899936914444,0.009514270350337029,0.08491634577512741,0.0,0.0,0.000717592251021415,0.000997532363260471,,,,
88,True,,,0.029913771897554398,,0.0,,,,,,0.003145610447973013,0.05328898876905441,4.308111238060519e-05,0.029910385608673096,0.020266026258468628,0.08491731435060501,0.0,0.0,0.000716533453669399,0.000997457090937014,,,,
89,True,,,0.04055590182542801,,0.0,,,,,,0.0033557708375155926,0.06436588615179062,4.181037002126686e-05,0.032311927527189255,0.021243922412395477,0.08491827547550201,0.0,0.0,0.0007591385510750115,0.0009973806910021502,,,,
90,True,,,0.0275048166513443,,0.0,,,,,,0.003302068216726184,0.04842676594853401,8.300004992634058e-05,0.026926197111606598,0.01761571131646633,0.08491929620504379,0.0,0.0,0.0006825023447163403,0.0009973031636484105,,,,
91,True,,,0.03599044308066368,,0.0,,,,,,0.0031055561266839504,0.04772438108921051,4.107535278308205e-05,0.02941213734447956,0.020304499194025993,0.08492026478052139,0.0,0.0,0.0006887390627525747,0.000997224509071167,,,,
92,True,,,0.03368084132671356,,0.0,,,,,,0.006147184409201145,0.0681326687335968,8.033138874452561e-05,0.05114094913005829,0.03695430979132652,0.08492124080657959,0.0,0.0,0.0008189153159037232,0.0009971447274686332,,,,
93,True,,,0.039639733731746674,,0.0,,,,,,0.005546936299651861,0.07162075489759445,4.8101712309289724e-05,0.048310764133930206,0.03433208540081978,0.0849221795797348,0.0,0.0,0.0009830715134739876,0.000997063819041862,,,,
94,True,,,0.030829282477498055,,0.0,,,,,,0.003991620149463415,0.05481061339378357,6.275133637245744e-05,0.03537958487868309,0.02471800148487091,0.08492320030927658,0.0,0.0,0.0007696457905694842,0.000996981783994746,,,,
95,True,,,0.03721046447753906,,0.0,,,,,,0.0031592748127877712,0.06123605743050575,3.079832822550088e-05,0.03121362067759037,0.02069399505853653,0.08492417633533478,0.0,0.0,0.0007463726215064526,0.000996898622534017,,,,
96,True,,,0.028617259114980698,,0.0,,,,,,0.004042973276227713,0.06020050123333931,4.308111238060519e-05,0.036144427955150604,0.024924442172050476,0.08492524176836014,0.0,0.0,0.0008609712240286171,0.000996814334869246,,,,
97,True,,,0.030991919338703156,,0.0,,,,,,0.0022261447738856077,0.043900683522224426,4.181037002126686e-05,0.021484054625034332,0.013687752187252045,0.08492637425661087,0.0,0.0,0.0005448623560369015,0.0009967289212128411,,,,
98,True,,,0.04545397311449051,,0.0,,,,,,0.002851651981472969,0.050299614667892456,8.300004992634058e-05,0.025692764669656754,0.016465837135910988,0.08492744714021683,0.0,0.0,0.0007722331793047488,0.000996642381780049,,,,
99,True,,,0.031186813488602638,,0.0,,,,,,0.005219566635787487,0.0663720890879631,4.107535278308205e-05,0.051785968244075775,0.038747504353523254,0.08492842316627502,0.0,0.0,0.0011272403644397855,0.0009965547167889522,,,,
100,True,,,0.04191545024514198,,0.0,,,,,,0.0019526922842487693,0.05074416846036911,8.033138874452561e-05,0.020095376297831535,0.011759650893509388,0.08492958545684814,0.0,0.0,0.000547769945114851,0.0009964659264604708,0.0003610822347495011,0.00034707176028195465,0.00011206090303297172,3.622093277905964e-05
101,True,,,0.04491511359810829,,0.0,,,,,,0.0038696937263011932,0.05980877950787544,4.8101712309289724e-05,0.03601878508925438,0.024845704436302185,0.08493074029684067,0.0,0.0,0.0006465908954851329,0.00099637601101836,,,,
102,True,,,0.03802240639925003,,0.0,,,,,,0.0030979178845882416,0.054898325353860855,6.275133637245744e-05,0.027141885831952095,0.017293216660618782,0.08493196219205856,0.0,0.0,0.0007354825502261519,0.0009962849706892107,,,,
103,True,,,0.046041183173656464,,0.0,,,,,,0.0032844170928001404,0.05561894178390503,3.079832822550088e-05,0.029282957315444946,0.019111501052975655,0.08493322134017944,0.0,0.0,0.0007848890381865203,0.000996192805702449,,,,
104,True,,,0.03923274204134941,,0.0,,,,,,0.0029441877268254757,0.046372175216674805,4.308111238060519e-05,0.026559768244624138,0.017715152353048325,0.08493436872959137,0.0,0.0,0.0007088870625011623,0.0009960995162903337,,,,
105,True,,,0.029014158993959427,,0.0,,,,,,0.003481827676296234,0.06188172101974487,4.181037002126686e-05,0.03324364498257637,0.022413242608308792,0.08493560552597046,0.0,0.0,0.000784984091296792,0.000996005102687959,,,,
106,True,,,0.038070373237133026,,0.0,,,,,,0.003281259909272194,0.04660206288099289,8.300004992634058e-05,0.029652930796146393,0.020439893007278442,0.08493684977293015,0.0,0.0,0.0007103400421328843,0.000995909565133251,,,,
107,True,,,0.03939156234264374,,0.0,,,,,,0.0038112569600343704,0.05427616834640503,4.107535278308205e-05,0.035557035356760025,0.0250543262809515,0.08493809401988983,0.0,0.0,0.0008281945483759046,0.0009958129038669687,,,,
108,True,,,0.032552771270275116,,0.0,,,,,,0.002555674174800515,0.044997505843639374,8.033138874452561e-05,0.025643140077590942,0.017372628673911095,0.0849393680691719,0.0,0.0,0.0005760587519034743,0.0009957151191327023,,,,
109,True,,,0.037968479096889496,,0.0,,,,,,0.0033417786471545696,0.05080509930849075,4.8101712309289724e-05,0.027340788394212723,0.017665358260273933,0.08494062721729279,0.0,0.0,0.0007400697213597596,0.0009956162111768741,,,,
110,True,,,0.030752629041671753,,0.0,,,,,,0.002906542271375656,0.05662493035197258,6.275133637245744e-05,0.026666317135095596,0.016908962279558182,0.08494188636541367,0.0,0.0,0.000581182714086026,0.0009955161802487362,,,,
111,True,,,0.04354923591017723,,0.0,,,,,,0.0034026778303086758,0.08450068533420563,3.079832822550088e-05,0.035829681903123856,0.022676611319184303,0.08494305610656738,0.0,0.0,0.0007209392497316003,0.000995415026600371,,,,
112,True,,,0.031357817351818085,,0.0,,,,,,0.003220465499907732,0.04608526453375816,4.308111238060519e-05,0.027750127017498016,0.018736574798822403,0.08494418859481812,0.0,0.0,0.0008428367436863482,0.0009953127504866899,,,,
113,True,,,0.03944374620914459,,0.0,,,,,,0.0036854874342679977,0.06598568707704544,4.181037002126686e-05,0.035555433481931686,0.02400658093392849,0.08494537323713303,0.0,0.0,0.0007747510098852217,0.0009952093521654335,,,,
114,True,,,0.026545630767941475,,0.0,,,,,,0.0014698412269353867,0.0392564982175827,8.300004992634058e-05,0.01540767215192318,0.008855758234858513,0.08494660258293152,0.0,0.0,0.0005028138402849436,0.0009951048318971698,,,,
115,True,,,0.021861422806978226,,0.0,,,,,,0.0015194201841950417,0.03560888022184372,4.107535278308205e-05,0.016167381778359413,0.0099984435364604,0.084947869181633,0.0,0.0,0.00046702229883521795,0.0009949991899452944,,,,
116,True,,,0.02032342553138733,,0.0,,,,,,0.002042528009042144,0.03840267285704613,8.033138874452561e-05,0.019505560398101807,0.012529874220490456,0.0849490836262703,0.0,0.0,0.0006771688931621611,0.00099489242657603,,,,
117,True,,,0.036206405609846115,,0.0,,,,,,0.004354141652584076,0.07040853053331375,4.8101712309289724e-05,0.03989453986287117,0.027263926342129707,0.08495032787322998,0.0,0.0,0.0008019115775823593,0.0009947845420584247,,,,
118,True,,,0.039106015115976334,,0.0,,,,,,0.003739890642464161,0.05829590931534767,6.275133637245744e-05,0.03645816072821617,0.025616731494665146,0.08495169132947922,0.0,0.0,0.0009001936414279044,0.0009946755366643523,,,,
119,True,,,0.03588591516017914,,0.0,,,,,,0.002076126169413328,0.05201280117034912,3.079832822550088e-05,0.02314010076224804,0.014638906344771385,0.08495306968688965,0.0,0.0,0.000634825206361711,0.0009945654106685111,,,,
120,True,,,0.02791043370962143,,0.0,,,,,,0.0009399078553542495,0.03565575182437897,4.308111238060519e-05,0.010631028562784195,0.0049753556959331036,0.08495447039604187,0.0,0.0,0.0005682071205228567,0.0009944541643484232,,,,
121,True,,,0.022090818732976913,,0.0,,,,,,0.001287040300667286,0.03279290348291397,4.181037002126686e-05,0.01258562970906496,0.006927927955985069,0.08495581895112991,0.0,0.0,0.0005195908015593886,0.0009943417979844345,,,,
122,True,,,0.03664330393075943,,0.0,,,,,,0.003921497147530317,0.06269390136003494,8.300004992634058e-05,0.03691808506846428,0.025469690561294556,0.0849570631980896,0.0,0.0,0.0007536692428402603,0.0009942283118597132,,,,
123,True,,,0.024270396679639816,,0.0,,,,,,0.002429543761536479,0.05362760275602341,4.107535278308205e-05,0.022569604218006134,0.01366447564214468,0.08495829254388809,0.0,0.0,0.000604315078817308,0.0009941137062602487,,,,
124,True,,,0.038406215608119965,,0.0,,,,,,0.0066472431644797325,0.07547971606254578,8.033138874452561e-05,0.05627273768186569,0.0408037006855011,0.08495952934026718,0.0,0.0,0.001019660965539515,0.000993997981474853,,,,
125,True,,,0.035375919193029404,,0.0,,,,,,0.001973628532141447,0.0348677858710289,4.8101712309289724e-05,0.017566291615366936,0.010878466069698334,0.08496081084012985,0.0,0.0,0.0006567710661329329,0.0009938811377951569,,,,
126,True,,,0.036102473735809326,,0.0,,,,,,0.0038323155604302883,0.059434980154037476,6.275133637245744e-05,0.033136073499917984,0.022118236869573593,0.0849621444940567,0.0,0.0,0.0008796080364845693,0.0009937631755156117,,,,
127,True,,,0.03284990414977074,,0.0,,,,,,0.0038684948813170195,0.06011631712317467,3.079832822550088e-05,0.03723045811057091,0.026156798005104065,0.08496350049972534,0.0,0.0,0.0008936843951232731,0.0009936440949334878,,,,
128,True,,,0.025645244866609573,,0.0,,,,,,0.0026644289027899504,0.047861356288194656,4.308111238060519e-05,0.02464299649000168,0.01606478914618492,0.08496502786874771,0.0,0.0,0.0009087446960620582,0.0009935238963488732,,,,
129,True,,,0.02823704481124878,,0.0,,,,,,0.002729155821725726,0.04450395703315735,4.181037002126686e-05,0.0215971227735281,0.013264629989862442,0.08496658504009247,0.0,0.0,0.0007558045908808708,0.0009934025800646738,,,,
130,True,,,0.04146479815244675,,0.0,,,,,,0.004639031831175089,0.06663984060287476,8.300004992634058e-05,0.03870620205998421,0.026097359135746956,0.08496802300214767,0.0,0.0,0.0007475646561942995,0.0009932801463866116,,,,
131,True,,,0.04269276559352875,,0.0,,,,,,0.0027534253895282745,0.05164845287799835,4.107535278308205e-05,0.026071922853589058,0.016856491565704346,0.08496951311826706,0.0,0.0,0.0006659221835434437,0.000993156595623225,,,,
132,True,,,0.038194283843040466,,0.0,,,,,,0.0027576766442507505,0.044437773525714874,8.033138874452561e-05,0.0238932054489851,0.015419934876263142,0.08497095853090286,0.0,0.0,0.0006358512910082936,0.0009930319280858678,,,,
133,True,,,0.041217148303985596,,0.0,,,,,,0.003871997818350792,0.058586061000823975,4.8101712309289724e-05,0.032916683703660965,0.021900136023759842,0.08497241139411926,0.0,0.0,0.0007326845079660416,0.0009929061440887067,,,,
134,True,,,0.03456313535571098,,0.0,,,,,,0.0034727356396615505,0.0541711263358593,6.275133637245744e-05,0.033419862389564514,0.023303266614675522,0.08497394621372223,0.0,0.0,0.0008653142722323537,0.0009927792439487235,,,,
135,True,,,0.02801641635596752,,0.0,,,,,,0.003044525161385536,0.042512424290180206,3.079832822550088e-05,0.027199018746614456,0.018757931888103485,0.08497553318738937,0.0,0.0,0.0006556445732712746,0.000992651227985712,,,,
136,True,,,0.07882750779390335,,0.0,,,,,,0.002656512660905719,0.05673084408044815,4.308111238060519e-05,0.023440547287464142,0.013451362028717995,0.0849771723151207,0.0,0.0,0.0007797723519615829,0.0009925220965222776,,,,
137,True,,,0.026212278753519058,,0.0,,,,,,0.0009718210203573108,0.02997729554772377,4.181037002126686e-05,0.009329458698630333,0.004227092489600182,0.08497870713472366,0.0,0.0,0.0004381671897135675,0.0009923918498838378,,,,
138,True,,,0.035757869482040405,,0.0,,,,,,0.002666383981704712,0.051739782094955444,8.300004992634058e-05,0.02553597465157509,0.016446731984615326,0.08498015999794006,0.0,0.0,0.0006411734502762556,0.0009922604883986195,,,,
139,True,,,0.0377492681145668,,0.0,,,,,,0.0047283167950809,0.06221996992826462,4.107535278308205e-05,0.038140203803777695,0.025942042469978333,0.08498168736696243,0.0,0.0,0.0007222327985800803,0.0009921280123976596,,,,
140,True,,,0.026863668113946915,,0.0,,,,,,0.003398110857233405,0.05564654618501663,8.033138874452561e-05,0.030523164197802544,0.020401764661073685,0.08498319238424301,0.0,0.0,0.000694926711730659,0.0009919944222148034,,,,
141,True,,,0.04960539564490318,,0.0,,,,,,0.0046317242085933685,0.05644531920552254,4.8101712309289724e-05,0.036500465124845505,0.024854261428117752,0.08498477190732956,0.0,0.0,0.0008972345967777073,0.0009918597181867038,,,,
142,True,,,0.024854399263858795,,0.0,,,,,,0.0025611529126763344,0.045375291258096695,6.275133637245744e-05,0.025186605751514435,0.016958137974143028,0.08498653024435043,0.0,0.0,0.0006984452484175563,0.0009917239006528207,,,,
143,True,,,0.0319792777299881,,0.0,,,,,,0.0032265991903841496,0.051697663962841034,3.079832822550088e-05,0.03221529722213745,0.022633856162428856,0.08498825132846832,0.0,0.0,0.0008169072098098695,0.0009915869699554205,,,,
144,True,,,0.02925502136349678,,0.0,,,,,,0.003029144834727049,0.03775697946548462,4.308111238060519e-05,0.026417111977934837,0.018448278307914734,0.08499014377593994,0.0,0.0,0.0007517689955420792,0.0009914489264395744,,,,
145,True,,,0.02321050316095352,,0.0,,,,,,0.001496784621849656,0.043522901833057404,4.181037002126686e-05,0.016057318076491356,0.009105313569307327,0.08499201387166977,0.0,0.0,0.0005509275943040848,0.0009913097704531582,,,,
146,True,,,0.04191203787922859,,0.0,,,,,,0.0048688855022192,0.07208225131034851,8.300004992634058e-05,0.046090852469205856,0.032703179866075516,0.08499394357204437,0.0,0.0,0.0008511969936080277,0.000991169502346851,,,,
147,True,,,0.04340940713882446,,0.0,,,,,,0.003014517482370138,0.051067568361759186,4.107535278308205e-05,0.026851041242480278,0.01742517575621605,0.08499607443809509,0.0,0.0,0.000759083079174161,0.0009910281224741347,,,,
148,True,,,0.02536221221089363,,0.0,,,,,,0.0014865425182506442,0.037307046353816986,8.033138874452561e-05,0.017124133184552193,0.010763115249574184,0.08499819785356522,0.0,0.0,0.0007043980294838548,0.0009908856311912923,,,,
149,True,,,0.035848699510097504,,0.0,,,,,,0.004925883375108242,0.06423872709274292,4.8101712309289724e-05,0.04539081081748009,0.032808512449264526,0.08500033617019653,0.0,0.0,0.0009039362194016576,0.0009907420288574086,,,,
150,True,,,0.03828302025794983,,0.0,,,,,,0.005229562520980835,0.06572389602661133,6.275133637245744e-05,0.03925233706831932,0.026186153292655945,0.08500263839960098,0.0,0.0,0.0008743045036680996,0.0009905973158343673,,,,
151,True,,,0.04696826636791229,,0.0,,,,,,0.0015387296443805099,0.05455039441585541,3.079832822550088e-05,0.017806779593229294,0.009477879852056503,0.08500492572784424,0.0,0.0,0.0007966408738866448,0.0009904514924868521,,,,
152,True,,,0.02822309359908104,,0.0,,,,,,0.0015762660186737776,0.037829406559467316,4.308111238060519e-05,0.016303978860378265,0.009790929034352303,0.08500711619853973,0.0,0.0,0.0005591966328211129,0.0009903045591823435,,,,
153,True,,,0.04893388971686363,,0.0,,,,,,0.0057832589372992516,0.07735799998044968,4.181037002126686e-05,0.04203945770859718,0.02716005966067314,0.08500923961400986,0.0,0.0,0.0008631703676655889,0.0009901565162911204,,,,
154,True,,,0.03255453705787659,,0.0,,,,,,0.002087996806949377,0.04293766990303993,8.300004992634058e-05,0.02167174592614174,0.014072820544242859,0.08501146733760834,0.0,0.0,0.0007284993189387023,0.000990007364186257,,,,
155,True,,,0.023465612903237343,,0.0,,,,,,0.0031661547254770994,0.05357278883457184,4.107535278308205e-05,0.028290968388319016,0.01866220310330391,0.08501371741294861,0.0,0.0,0.0007720665307715535,0.0009898571032436233,,,,
156,True,,,0.03449636697769165,,0.0,,,,,,0.003322733100503683,0.057317353785037994,8.033138874452561e-05,0.02960050292313099,0.019310742616653442,0.08501609414815903,0.0,0.0,0.0006628556875512004,0.0009897057338418835,,,,
157,True,,,0.028193339705467224,,0.0,,,,,,0.0037155819591134787,0.05103515088558197,4.8101712309289724e-05,0.0328591987490654,0.022883933037519455,0.08501844853162766,0.0,0.0,0.0008921255357563496,0.000989553256362495,,,,
158,True,,,0.04673260450363159,,0.0,,,,,,0.004654652439057827,0.054543331265449524,6.275133637245744e-05,0.037549082189798355,0.026091188192367554,0.08502081036567688,0.0,0.0,0.0008167845080606639,0.0009893996711897077,,,,
159,True,,,0.028866607695817947,,0.0,,,,,,0.003457391168922186,0.051239944994449615,3.079832822550088e-05,0.030975963920354843,0.02124028094112873,0.08502327650785446,0.0,0.0,0.0007760458975099027,0.000989244978710563,,,,
160,True,,,0.025538545101881027,,0.0,,,,,,0.002790166065096855,0.0409323014318943,4.308111238060519e-05,0.024691402912139893,0.016680823639035225,0.08502562344074249,0.0,0.0,0.0007149074226617813,0.0009890891793148924,,,,
161,True,,,0.039284829050302505,,0.0,,,,,,0.001282538054510951,0.05122528225183487,4.181037002126686e-05,0.015090716071426868,0.007421616464853287,0.08502792567014694,0.0,0.0,0.0005381302325986326,0.0009889322733953175,,,,
162,True,,,0.03974081203341484,,0.0,,,,,,0.0038044031243771315,0.05880305916070938,8.300004992634058e-05,0.036255478858947754,0.02528156340122223,0.08503013849258423,0.0,0.0,0.0007556864293292165,0.000988774261347248,,,,
163,True,,,0.03700277581810951,,0.0,,,,,,0.0038191997446119785,0.0632270872592926,4.107535278308205e-05,0.03629792109131813,0.024915121495723724,0.08503229171037674,0.0,0.0,0.0007969777216203511,0.0009886151435688814,,,,
164,True,,,0.023882828652858734,,0.0,,,,,,0.0029202511068433523,0.046230729669332504,8.033138874452561e-05,0.02851315401494503,0.019840490072965622,0.08503460884094238,0.0,0.0,0.0007183885318227112,0.000988454920461201,,,,
165,True,,,0.03858861327171326,,0.0,,,,,,0.004002380184829235,0.05323883146047592,4.8101712309289724e-05,0.03652084991335869,0.025934278964996338,0.08503689616918564,0.0,0.0,0.000754841195885092,0.0009882935924279761,,,,
166,True,,,0.04155644401907921,,0.0,,,,,,0.0036066058091819286,0.05733535438776016,6.275133637245744e-05,0.033486299216747284,0.02284882962703705,0.08503911644220352,0.0,0.0,0.0006597372703254223,0.0009881311598757608,,,,
167,True,,,0.0422566682100296,,0.0,,,,,,0.0044929152354598045,0.06763797998428345,3.079832822550088e-05,0.040267471224069595,0.027722379192709923,0.08504132181406021,0.0,0.0,0.0009394018561579287,0.0009879676232138917,,,,
168,True,,,0.03562210500240326,,0.0,,,,,,0.003438419196754694,0.04919615387916565,4.308111238060519e-05,0.031089529395103455,0.02150329388678074,0.08504378795623779,0.0,0.0,0.0006453048554249108,0.0009878029828544888,,,,
169,True,,,0.037878040224313736,,0.0,,,,,,0.003127884818241,0.06938520818948746,4.181037002126686e-05,0.03393889591097832,0.02262234315276146,0.08504626899957657,0.0,0.0,0.0007459688931703568,0.0009876372392124528,,,,
170,True,,,0.037747256457805634,,0.0,,,,,,0.006473217159509659,0.05601772665977478,8.300004992634058e-05,0.0514652281999588,0.038120776414871216,0.08504876494407654,0.0,0.0,0.0010757072595879436,0.0009874703927054648,,,,
171,True,,,0.03348249942064285,,0.0,,,,,,0.005836829077452421,0.06515029072761536,4.107535278308205e-05,0.04642900452017784,0.032871268689632416,0.08505135029554367,0.0,0.0,0.000796580919995904,0.0009873024437539852,,,,
172,True,,,0.031875960528850555,,0.0,,,,,,0.0019055800512433052,0.0376862958073616,8.033138874452561e-05,0.0180203840136528,0.011136708781123161,0.08505398780107498,0.0,0.0,0.0006050733500160277,0.0009871333927812531,,,,
173,True,,,0.028388647362589836,,0.0,,,,,,0.0020402835216373205,0.05601152777671814,4.8101712309289724e-05,0.022882163524627686,0.014082226902246475,0.08505647629499435,0.0,0.0,0.0007372656255029142,0.000986963240213284,,,,
174,True,,,0.02614484913647175,,0.0,,,,,,0.0031425454653799534,0.06386812776327133,6.275133637245744e-05,0.030639799311757088,0.019967027008533478,0.0850590169429779,0.0,0.0,0.000614653283264488,0.0009867919864788698,,,,
175,True,,,0.045419540256261826,,0.0,,,,,,0.005334846675395966,0.0657234787940979,3.079832822550088e-05,0.04777718707919121,0.034549783915281296,0.08506147563457489,0.0,0.0,0.000997313647530973,0.0009866196320095777,,,,
176,True,,,0.034827008843421936,,0.0,,,,,,0.0017931638285517693,0.03998354822397232,4.308111238060519e-05,0.019905494526028633,0.012893522158265114,0.08506418019533157,0.0,0.0,0.0006724525010213256,0.000986446177239748,,,,
177,True,,,0.02789415419101715,,0.0,,,,,,0.003904019482433796,0.04824884980916977,4.181037002126686e-05,0.034113459289073944,0.024234037846326828,0.08506688475608826,0.0,0.0,0.0009051414672285318,0.0009862716226064945,,,,
178,True,,,0.046036675572395325,,0.0,,,,,,0.005483737215399742,0.06715396791696548,8.300004992634058e-05,0.048050276935100555,0.03449857607483864,0.08506984263658524,0.0,0.0,0.0010105579858645797,0.0009860959685497029,,,,
179,True,,,0.03829304128885269,,0.0,,,,,,0.0035541621036827564,0.04882185161113739,4.107535278308205e-05,0.032079294323921204,0.022388748824596405,0.08507295697927475,0.0,0.0,0.0008038213127292693,0.0009859192155120286,,,,
180,True,,,0.026309236884117126,,0.0,,,,,,0.004444257356226444,0.04765259101986885,8.033138874452561e-05,0.03756239637732506,0.02719886414706707,0.08507604151964188,0.0,0.0,0.0008341119391843677,0.000985741363938897,,,,
181,True,,,0.018856514245271683,,0.0,,,,,,0.003036891808733344,0.04022233188152313,4.8101712309289724e-05,0.02935970388352871,0.021237172186374664,0.08507903665304184,0.0,0.0,0.0007376130670309067,0.0009855624142785023,,,,
182,True,,,0.029133331030607224,,0.0,,,,,,0.0014821288641542196,0.03617878630757332,6.275133637245744e-05,0.01541992835700512,0.009146392345428467,0.08508189767599106,0.0,0.0,0.0014883563853800297,0.000985382366981805,,,,
183,True,,,0.05347470939159393,,0.0,,,,,,0.003969086334109306,0.05546129494905472,3.079832822550088e-05,0.03439214080572128,0.023475930094718933,0.08508501946926117,0.0,0.0,0.00118076556827873,0.000985201222502532,,,,
184,True,,,0.07959887385368347,,0.0,,,,,,0.004125440027564764,0.05194028466939926,4.308111238060519e-05,0.037307243794202805,0.026319364085793495,0.08508829027414322,0.0,0.0,0.0055397008545696735,0.0009850189812971757,,,,
185,True,,,0.03234925493597984,,0.0,,,,,,0.002670587971806526,0.0470089465379715,4.181037002126686e-05,0.026160256937146187,0.017593465745449066,0.0850910097360611,0.0,0.0,0.0006300374516285956,0.000984835643824992,,,,
186,True,,,0.03588259220123291,,0.0,,,,,,0.003680827096104622,0.05570681020617485,8.300004992634058e-05,0.03585983067750931,0.02535705640912056,0.08509385585784912,0.0,0.0,0.0008343865047208965,0.0009846512105479988,,,,
187,True,,,0.019095424562692642,,0.0,,,,,,0.0014371282886713743,0.031408652663230896,4.107535278308205e-05,0.015534719452261925,0.009894264861941338,0.08509694039821625,0.0,0.0,0.0005021990509703755,0.0009844656819309762,,,,
188,True,,,0.03889504075050354,,0.0,,,,,,0.002580479718744755,0.04200555011630058,8.033138874452561e-05,0.02095652185380459,0.0128953717648983,0.08510005474090576,0.0,0.0,0.000695239519700408,0.0009842790584414648,,,,
189,True,,,0.035305626690387726,,0.0,,,,,,0.00440228683874011,0.06452005356550217,4.8101712309289724e-05,0.04366688430309296,0.03158445283770561,0.08510327339172363,0.0,0.0,0.0009429050260223448,0.0009840913405497634,,,,
190,True,,,0.034624986350536346,,0.0,,,,,,0.003578541334718466,0.057353146374225616,6.275133637245744e-05,0.03243587911128998,0.021893329918384552,0.08510662615299225,0.0,0.0,0.0008967223693616688,0.00098390252872893,,,,
191,True,,,0.03074781969189644,,0.0,,,,,,0.0024968257639557123,0.047584809362888336,3.079832822550088e-05,0.022716138511896133,0.014286855235695839,0.08511008322238922,0.0,0.0,0.0007330929511226714,0.000983712623454778,,,,
192,True,,,0.036351561546325684,,0.0,,,,,,0.004520613234490156,0.053817085921764374,4.308111238060519e-05,0.0365513451397419,0.02541283518075943,0.08511366695165634,0.0,0.0,0.0008390024886466563,0.0009835216252058769,,,,
193,True,,,0.02996497042477131,,0.0,,,,,,0.0036834292113780975,0.059422269463539124,4.181037002126686e-05,0.03425029292702675,0.02345290407538414,0.08511750400066376,0.0,0.0,0.0008074420620687306,0.000983329534463551,,,,
194,True,,,0.0556657575070858,,0.0,,,,,,0.0013464950025081635,0.04598375782370567,8.300004992634058e-05,0.015481298789381981,0.008087054826319218,0.08512145280838013,0.0,0.0,0.0007967751589603722,0.0009831363517118774,,,,
195,True,,,0.030152542516589165,,0.0,,,,,,0.003244195133447647,0.05568419396877289,4.107535278308205e-05,0.02941017784178257,0.01942424848675728,0.08512525260448456,0.0,0.0,0.0007572298054583371,0.0009829420774376846,,,,
196,True,,,0.046223342418670654,,0.0,,,,,,0.0041361283510923386,0.06432193517684937,8.033138874452561e-05,0.038695383816957474,0.026773368939757347,0.08512913435697556,0.0,0.0,0.0008021057001315057,0.0009827467121305527,,,,
197,True,,,0.025918858125805855,,0.0,,,,,,0.0028513013385236263,0.03904154524207115,4.8101712309289724e-05,0.026215067133307457,0.018325041979551315,0.08513300865888596,0.0,0.0,0.0008482629200443625,0.0009825502562828107,,,,
198,True,,,0.036592043936252594,,0.0,,,,,,0.004348457790911198,0.06565358489751816,6.275133637245744e-05,0.03687957674264908,0.024717092514038086,0.08513691276311874,0.0,0.0,0.0006942444597370923,0.000982352710389536,,,,
199,True,,,0.027966707944869995,,0.0,,,,,,0.002629562746733427,0.05157299339771271,3.079832822550088e-05,0.027901850640773773,0.01896851509809494,0.08514083176851273,0.0,0.0,0.000552414741832763,0.0009821540749485526,,,,
200,True,,,0.041315652430057526,,0.0,,,,,,0.00289720855653286,0.057154614478349686,4.308111238060519e-05,0.025647569447755814,0.015748756006360054,0.08514447510242462,0.0,0.0,0.0006078596925362945,0.0009819543504604308,0.0004029983850444112,0.0003825921386331978,0.00014809933206907594,2.2254222242392323e-05
201,True,,,0.03638840839266777,,0.0,,,,,,0.004957843571901321,0.06033710390329361,4.181037002126686e-05,0.04381626471877098,0.031588442623615265,0.08514793962240219,0.0,0.0,0.0008946752641350031,0.0009817535374284849,,,,
202,True,,,0.03590240702033043,,0.0,,,,,,0.004108553286641836,0.0577257014811039,8.300004992634058e-05,0.03911954164505005,0.027986377477645874,0.0851515680551529,0.0,0.0,0.0010109430877491832,0.0009815516363587723,,,,
203,True,,,0.04346100240945816,,0.0,,,,,,0.003403108101338148,0.05478247255086899,4.107535278308205e-05,0.02930612303316593,0.019118066877126694,0.08515538275241852,0.0,0.0,0.0007447880925610662,0.000981348647760093,,,,
204,True,,,0.032896921038627625,,0.0,,,,,,0.004991411231458187,0.060265008360147476,8.033138874452561e-05,0.04272104799747467,0.03048241138458252,0.08515901863574982,0.0,0.0,0.0008822093368507922,0.0009811445721439863,,,,
205,True,,,0.027233142405748367,,0.0,,,,,,0.002605514135211706,0.046392422169446945,4.8101712309289724e-05,0.025398341938853264,0.01700557768344879,0.08516255021095276,0.0,0.0,0.0006995419971644878,0.0009809394100247326,,,,
206,True,,,0.02606160379946232,,0.0,,,,,,0.004580606706440449,0.0508032962679863,6.275133637245744e-05,0.03901992365717888,0.028215331956744194,0.08516602963209152,0.0,0.0,0.0008028183947317302,0.000980733161919349,,,,
207,True,,,0.028564728796482086,,0.0,,,,,,0.001618698937818408,0.035535141825675964,3.079832822550088e-05,0.01699247770011425,0.010667521506547928,0.08516959846019745,0.0,0.0,0.0005770251736976206,0.0009805258283475896,,,,
208,True,,,0.03693491965532303,,0.0,,,,,,0.003767090616747737,0.059104613959789276,4.308111238060519e-05,0.03090321458876133,0.019983040168881416,0.08517308533191681,0.0,0.0,0.0008386327535845339,0.0009803174098319443,,,,
209,True,,,0.0329304113984108,,0.0,,,,,,0.002901863306760788,0.056652460247278214,4.181037002126686e-05,0.029910769313573837,0.020141683518886566,0.08517653495073318,0.0,0.0,0.0007144509581848979,0.0009801079068976367,,,,
210,True,,,0.036783456802368164,,0.0,,,,,,0.003918535076081753,0.06064753234386444,8.300004992634058e-05,0.03319362923502922,0.02194920741021633,0.08517982810735703,0.0,0.0,0.0007784826448187232,0.0009798973200726233,,,,
211,True,,,0.035872869193553925,,0.0,,,,,,0.001929715508595109,0.04168938100337982,4.107535278308205e-05,0.018918422982096672,0.011588672176003456,0.0851830244064331,0.0,0.0,0.0007311597000807524,0.0009796856498875922,,,,
212,True,,,0.04250285029411316,,0.0,,,,,,0.005638451781123877,0.06122449040412903,8.033138874452561e-05,0.048152774572372437,0.03507481515407562,0.08518613874912262,0.0,0.0,0.0009799441322684288,0.0009794728968759616,,,,
213,True,,,0.03728272393345833,,0.0,,,,,,0.004890637472271919,0.05500440299510956,4.8101712309289724e-05,0.04003553465008736,0.02839568629860878,0.08518917113542557,0.0,0.0,0.0006945342174731195,0.000979259061573878,,,,
214,True,,,0.039208829402923584,,0.0,,,,,,0.002011643722653389,0.04576076567173004,6.275133637245744e-05,0.021024364978075027,0.013161258772015572,0.08519216626882553,0.0,0.0,0.0006906520575284958,0.0009790441445202162,,,,
215,True,,,0.04894152283668518,,0.0,,,,,,0.0034808553755283356,0.0596197247505188,3.079832822550088e-05,0.02758754976093769,0.016787953674793243,0.08519516885280609,0.0,0.0,0.0007769348449073732,0.0009788281462565762,,,,
216,True,,,0.0328633077442646,,0.0,,,,,,0.005482157226651907,0.06665413081645966,4.308111238060519e-05,0.04878505319356918,0.035435326397418976,0.08519812673330307,0.0,0.0,0.0009306028950959444,0.0009786110673272832,,,,
217,True,,,0.020695075392723083,,0.0,,,,,,0.0029014847241342068,0.045587800443172455,4.181037002126686e-05,0.029157178476452827,0.0206170454621315,0.08520112931728363,0.0,0.0,0.0009265281842090189,0.0009783929082793858,,,,
218,True,,,0.016758035868406296,,0.0,,,,,,0.0011039598612114787,0.026593025773763657,8.300004992634058e-05,0.012183110229671001,0.007358725182712078,0.08520419895648956,0.0,0.0,0.0005229024682193995,0.0009781736696626536,,,,
219,True,,,0.0380280427634716,,0.0,,,,,,0.0017471229657530785,0.04187871515750885,4.107535278308205e-05,0.018573835492134094,0.01138595212250948,0.08520714193582535,0.0,0.0,0.0005027908482588828,0.0009779533520295784,,,,
220,True,,,0.038516223430633545,,0.0,,,,,,0.004965019878000021,0.058967072516679764,8.033138874452561e-05,0.040833644568920135,0.02869448810815811,0.08520998060703278,0.0,0.0,0.0008743175421841443,0.0009777319559353696,,,,
221,True,,,0.03728078678250313,,0.0,,,,,,0.002079734578728676,0.04406648501753807,4.8101712309289724e-05,0.019640466198325157,0.011905090883374214,0.08521323651075363,0.0,0.0,0.000589525792747736,0.0009775094819379554,,,,
222,True,,,0.025036079809069633,,0.0,,,,,,0.0018287161365151405,0.04535546526312828,6.275133637245744e-05,0.01979353465139866,0.012295371852815151,0.0852164626121521,0.0,0.0,0.0006091439281590283,0.0009772859305979796,,,,
223,True,,,0.04432881996035576,,0.0,,,,,,0.010079110972583294,0.09030648320913315,3.079832822550088e-05,0.08415845036506653,0.06373780965805054,0.08521946519613266,0.0,0.0,0.0012341563124209642,0.000977061302478802,,,,
224,True,,,0.03392103686928749,,0.0,,,,,,0.0026063062250614166,0.04590801149606705,4.308111238060519e-05,0.024443237110972404,0.016033150255680084,0.08522289246320724,0.0,0.0,0.0006617255276069045,0.0009768355981464943,,,,
225,True,,,0.022970564663410187,,0.0,,,,,,0.0021273766178637743,0.03686903417110443,4.181037002126686e-05,0.019403785467147827,0.012486632913351059,0.0852261483669281,0.0,0.0,0.000508311262819916,0.0009766088181698421,,,,
226,True,,,0.03898277506232262,,0.0,,,,,,0.007890398614108562,0.0807226151227951,8.300004992634058e-05,0.06421475857496262,0.046968474984169006,0.08522924035787582,0.0,0.0,0.0008202949538826942,0.0009763809631203406,,,,
227,True,,,0.02902909927070141,,0.0,,,,,,0.002949467860162258,0.03955056518316269,4.107535278308205e-05,0.02777155116200447,0.019703874364495277,0.08523242920637131,0.0,0.0,0.0009984945645555854,0.0009761520335721943,,,,
228,True,,,0.031368330121040344,,0.0,,,,,,0.002115433569997549,0.042170993983745575,8.033138874452561e-05,0.020012540742754936,0.012473800219595432,0.08523587137460709,0.0,0.0,0.0005804222309961915,0.000975922030102316,,,,
229,True,,,0.02345968969166279,,0.0,,,,,,0.0020164353772997856,0.03271576017141342,4.8101712309289724e-05,0.0196788739413023,0.013279823586344719,0.08523911982774734,0.0,0.0,0.0006385711021721363,0.000975690953290324,,,,
230,True,,,0.03930756449699402,,0.0,,,,,,0.0036488499026745558,0.052300311625003815,6.275133637245744e-05,0.031722765415906906,0.02156701311469078,0.08524215966463089,0.0,0.0,0.0007277096156030893,0.0009754588037185425,,,,
231,True,,,0.03987383842468262,,0.0,,,,,,0.0031906398944556713,0.05344326049089432,3.079832822550088e-05,0.028200900182127953,0.018399346619844437,0.08524511754512787,0.0,0.0,0.0007339867879636586,0.0009752255819719982,,,,
232,True,,,0.022133328020572662,,0.0,,,,,,0.0020519017707556486,0.04492160677909851,4.308111238060519e-05,0.020835446193814278,0.013196030631661415,0.08524799346923828,0.0,0.0,0.0006484065088443458,0.00097499128863842,,,,
233,True,,,0.05876226723194122,,0.0,,,,,,0.004426413681358099,0.05944790691137314,4.181037002126686e-05,0.038333285599946976,0.026501040905714035,0.08525095134973526,0.0,0.0,0.0008884243434295058,0.0009747559243082378,,,,
234,True,,,0.03136657923460007,,0.0,,,,,,0.0031966629903763533,0.04348029941320419,8.300004992634058e-05,0.028641942888498306,0.01988954469561577,0.08525393158197403,0.0,0.0,0.0008376144105568528,0.0009745194895745795,,,,
235,True,,,0.046582020819187164,,0.0,,,,,,0.009651141241192818,0.09100461006164551,4.107535278308205e-05,0.08308886736631393,0.06299834698438644,0.08525659143924713,0.0,0.0,0.0011975442757830024,0.0009742819850332712,,,,
236,True,,,0.03582341969013214,,0.0,,,,,,0.004117497708648443,0.05578437075018883,8.033138874452561e-05,0.03985760733485222,0.028910677880048752,0.08525940775871277,0.0,0.0,0.0008283837814815342,0.0009740434112828346,,,,
237,True,,,0.02525441348552704,,0.0,,,,,,0.003916032612323761,0.054595574736595154,4.8101712309289724e-05,0.03195986896753311,0.021455056965351105,0.08526240289211273,0.0,0.0,0.0007445255178026855,0.0009738037689244862,,,,
238,True,,,0.029711691662669182,,0.0,,,,,,0.0022794774267822504,0.046992458403110504,6.275133637245744e-05,0.022463131695985794,0.014303263276815414,0.08526543527841568,0.0,0.0,0.000615366268903017,0.000973563058562135,,,,
239,True,,,0.03075769543647766,,0.0,,,,,,0.0014482892584055662,0.0582161620259285,3.079832822550088e-05,0.01971074938774109,0.011265183798968792,0.08526840060949326,0.0,0.0,0.0014938742388039827,0.0009733212808023815,,,,
240,True,,,0.03569864481687546,,0.0,,,,,,0.0028903221245855093,0.042319513857364655,4.308111238060519e-05,0.025710774585604668,0.01735725998878479,0.08527129143476486,0.0,0.0,0.0008463606354780495,0.0009730784362545165,,,,
241,True,,,0.036243874579668045,,0.0,,,,,,0.0011780456406995654,0.036409083753824234,4.181037002126686e-05,0.012945751659572124,0.006890713237226009,0.08527403324842453,0.0,0.0,0.0007763770408928394,0.0009728345255305187,,,,
242,True,,,0.03252863138914108,,0.0,,,,,,0.003884786507114768,0.050389811396598816,8.300004992634058e-05,0.03514667972922325,0.025003358721733093,0.08527664840221405,0.0,0.0,0.0007998442160896957,0.0009725895492450539,,,,
243,True,,,0.038568250834941864,,0.0,,,,,,0.0029666456393897533,0.04738282039761543,4.107535278308205e-05,0.02659515105187893,0.017631210386753082,0.08527921885251999,0.0,0.0,0.0009143839124590158,0.0009723435080154729,,,,
244,True,,,0.02876751497387886,,0.0,,,,,,0.0028704821597784758,0.04056697338819504,8.033138874452561e-05,0.02467196062207222,0.016564123332500458,0.08528178930282593,0.0,0.0,0.0006379426922649145,0.0009720964024618103,,,,
245,True,,,0.041857749223709106,,0.0,,,,,,0.004135490860790014,0.057420514523983,4.8101712309289724e-05,0.03678174689412117,0.025608735159039497,0.08528425544500351,0.0,0.0,0.0008402382954955101,0.0009718482332067832,,,,
246,True,,,0.03599639981985092,,0.0,,,,,,0.0019980010110884905,0.04343751072883606,6.275133637245744e-05,0.018161937594413757,0.010575976222753525,0.0852869525551796,0.0,0.0,0.0006883317255415022,0.0009715990008757884,,,,
247,True,,,0.025028059259057045,,0.0,,,,,,0.0032830038107931614,0.04410908371210098,3.079832822550088e-05,0.029663434252142906,0.02085094526410103,0.08528975397348404,0.0,0.0,0.0008195826667360961,0.000971348706096903,,,,
248,True,,,0.028757791966199875,,0.0,,,,,,0.0026998459361493587,0.044612523168325424,4.308111238060519e-05,0.027052272111177444,0.018729127943515778,0.08529266715049744,0.0,0.0,0.0006610837881453335,0.0009710973495008799,,,,
249,True,,,0.039287272840738297,,0.0,,,,,,0.004667700733989477,0.056870974600315094,4.181037002126686e-05,0.03845454379916191,0.026833008974790573,0.08529556542634964,0.0,0.0,0.0008176987175829709,0.0009708449317211496,,,,
250,True,,,0.028342628851532936,,0.0,,,,,,0.005030216183513403,0.05612967535853386,8.300004992634058e-05,0.04526962339878082,0.03344852477312088,0.08529861271381378,0.0,0.0,0.0008141176658682525,0.0009705914533938151,,,,
251,True,,,0.039495520293712616,,0.0,,,,,,0.0037864416372030973,0.04537174850702286,4.107535278308205e-05,0.03293667733669281,0.023344550281763077,0.08530164510011673,0.0,0.0,0.0008088800823315978,0.0009703369151576535,,,,
252,True,,,0.03548603132367134,,0.0,,,,,,0.005624385084956884,0.07668134570121765,8.033138874452561e-05,0.047603365033864975,0.03306277096271515,0.08530467003583908,0.0,0.0,0.0008088125032372773,0.0009700813176541119,,,,
253,True,,,0.04239434003829956,,0.0,,,,,,0.004829270299524069,0.07075369358062744,4.8101712309289724e-05,0.04075075685977936,0.02754504606127739,0.08530788123607635,0.0,0.0,0.0009337655501440167,0.0009698246615273073,,,,
254,True,,,0.03775335103273392,,0.0,,,,,,0.002944564912468195,0.050895001739263535,6.275133637245744e-05,0.026639321818947792,0.01734323240816593,0.0853113904595375,0.0,0.0,0.0013360283337533474,0.0009695669474240243,,,,
255,True,,,0.03578127175569534,,0.0,,,,,,0.0026145277079194784,0.04192175716161728,3.079832822550088e-05,0.026284821331501007,0.018251758068799973,0.08531484752893448,0.0,0.0,0.0006950194365344942,0.0009693081759937137,,,,
256,True,,,0.032055046409368515,,0.0,,,,,,0.004238609224557877,0.05964474752545357,4.308111238060519e-05,0.037177372723817825,0.025779014453291893,0.08531839400529861,0.0,0.0,0.0007449555560015142,0.0009690483478884909,,,,
257,True,,,0.03670802712440491,,0.0,,,,,,0.0025385187473148108,0.04352746903896332,4.181037002126686e-05,0.02260330319404602,0.014470832422375679,0.08532204478979111,0.0,0.0,0.0006484887562692165,0.000968787463763134,,,,
258,True,,,0.04366906359791756,,0.0,,,,,,0.003638296155259013,0.056896768510341644,8.300004992634058e-05,0.028273362666368484,0.017613939940929413,0.08532577753067017,0.0,0.0,0.0012565890792757273,0.0009685255242750825,,,,
259,True,,,0.035958655178546906,,0.0,,,,,,0.003206444438546896,0.04356777295470238,4.107535278308205e-05,0.026851046830415726,0.018054407089948654,0.08532924950122833,0.0,0.0,0.0007924162782728672,0.000968262530084435,,,,
260,True,,,0.025832850486040115,,0.0,,,,,,0.001710447482764721,0.03832448273897171,8.033138874452561e-05,0.017129315063357353,0.010434597730636597,0.0853327140212059,0.0,0.0,0.0006193372537381947,0.0009679984818539486,,,,
261,True,,,0.0344817191362381,,0.0,,,,,,0.0014401491498574615,0.03517117351293564,4.8101712309289724e-05,0.014044059440493584,0.007864564657211304,0.08533597737550735,0.0,0.0,0.0007480241474695504,0.0009677333802490365,,,,
262,True,,,0.029277682304382324,,0.0,,,,,,0.004475404508411884,0.05155456066131592,6.275133637245744e-05,0.04251234978437424,0.03170394152402878,0.08533920347690582,0.0,0.0,0.0007375909481197596,0.0009674672259377661,,,,
263,True,,,0.037853628396987915,,0.0,,,,,,0.0026230120565742254,0.04918792471289635,3.079832822550088e-05,0.021603208035230637,0.012814043089747429,0.0853424072265625,0.0,0.0,0.0008412938914261758,0.0009672000195908577,,,,
264,True,,,0.03132568299770355,,0.0,,,,,,0.0019924419466406107,0.050207313150167465,4.308111238060519e-05,0.020130060613155365,0.011928634718060493,0.08534564822912216,0.0,0.0,0.0006663404055871069,0.0009669317618816834,,,,
265,True,,,0.05240301042795181,,0.0,,,,,,0.0037192367017269135,0.0555381253361702,4.181037002126686e-05,0.03027215600013733,0.019600683823227882,0.08534868061542511,0.0,0.0,0.0007501888321712613,0.0009666624534862641,,,,
266,True,,,0.01671535149216652,,0.0,,,,,,0.001735194935463369,0.022659217938780785,8.300004992634058e-05,0.014409739524126053,0.009346449747681618,0.08535188436508179,0.0,0.0,0.000524075876455754,0.000966392095083269,,,,
267,True,,,0.03155021369457245,,0.0,,,,,,0.002677671378478408,0.04793224483728409,4.107535278308205e-05,0.024521633982658386,0.0158611498773098,0.08535502105951309,0.0,0.0,0.00055988400708884,0.0009661206873540126,,,,
268,True,,,0.024847667664289474,,0.0,,,,,,0.002632221207022667,0.04711414501070976,8.033138874452561e-05,0.026732832193374634,0.018246974796056747,0.08535803854465485,0.0,0.0,0.0007150645251385868,0.0009658482309824545,,,,
269,True,,,0.02861507423222065,,0.0,,,,,,0.00406596390530467,0.05394663289189339,4.8101712309289724e-05,0.0335073247551918,0.022882886230945587,0.0853610560297966,0.0,0.0,0.0007078181370161474,0.0009655747266551966,,,,
270,True,,,0.0315033495426178,,0.0,,,,,,0.0034431712701916695,0.06367529928684235,6.275133637245744e-05,0.029536733403801918,0.01852598413825035,0.08536414802074432,0.0,0.0,0.0006781332194805145,0.0009653001750614818,,,,
271,True,,,0.041619837284088135,,0.0,,,,,,0.00506925955414772,0.07008872181177139,3.079832822550088e-05,0.04666600748896599,0.03330260515213013,0.08536728471517563,0.0,0.0,0.000822902366053313,0.0009650245768931922,,,,
272,True,,,0.022775493562221527,,0.0,,,,,,0.0017328321700915694,0.03880258649587631,4.308111238060519e-05,0.018917877227067947,0.01220178697258234,0.08537038415670395,0.0,0.0,0.0006715410272590816,0.0009647479328448469,,,,
273,True,,,0.03009529411792755,,0.0,,,,,,0.003724121255800128,0.050887204706668854,4.181037002126686e-05,0.03301366791129112,0.023025233298540115,0.0853736624121666,0.0,0.0,0.0007757888524793088,0.0009644702436136012,,,,
274,True,,,0.02935566008090973,,0.0,,,,,,0.004104760941118002,0.054063960909843445,8.300004992634058e-05,0.03929603844881058,0.028596056625247,0.08537691086530685,0.0,0.0,0.0010201745899394155,0.0009641915098992443,,,,
275,True,,,0.02089959941804409,,0.0,,,,,,0.0022421865724027157,0.03305568918585777,4.107535278308205e-05,0.021288903430104256,0.014657808467745781,0.08538051694631577,0.0,0.0,0.0006827443139627576,0.000963911732404197,,,,
276,True,,,0.032340157777071,,0.0,,,,,,0.0031976893078535795,0.05900251865386963,8.033138874452561e-05,0.02943645603954792,0.01912110671401024,0.0853840783238411,0.0,0.0,0.0009484742186032236,0.0009636309118335108,,,,
277,True,,,0.03623410686850548,,0.0,,,,,,0.003998308442533016,0.05771375447511673,4.8101712309289724e-05,0.036319077014923096,0.02530912682414055,0.08538784086704254,0.0,0.0,0.0008504429133608937,0.0009633490488948658,,,,
278,True,,,0.026455262675881386,,0.0,,,,,,0.004696391522884369,0.053401701152324677,6.275133637245744e-05,0.04114006832242012,0.029953662306070328,0.08539173007011414,0.0,0.0,0.00076671113492921,0.0009630661442985692,,,,
279,True,,,0.02679879032075405,,0.0,,,,,,0.0027410718612372875,0.04439434036612511,3.079832822550088e-05,0.0263991579413414,0.018081307411193848,0.08539572358131409,0.0,0.0,0.0006699582445435226,0.0009627821987575525,,,,
280,True,,,0.04754117876291275,,0.0,,,,,,0.00549261225387454,0.07104525715112686,4.308111238060519e-05,0.04562448337674141,0.03167639672756195,0.0853995829820633,0.0,0.0,0.0010793862165883183,0.0009624972129873714,,,,
281,True,,,0.03421453386545181,,0.0,,,,,,0.0036153970286250114,0.04988884925842285,4.181037002126686e-05,0.030909297987818718,0.021087929606437683,0.08540353924036026,0.0,0.0,0.000773166655562818,0.0009622111877062021,,,,
282,True,,,0.032980918884277344,,0.0,,,,,,0.0036681327037513256,0.061936985701322556,8.300004992634058e-05,0.03633391857147217,0.025246700271964073,0.08540784567594528,0.0,0.0,0.0007261394057422876,0.0009619241236348409,,,,
283,True,,,0.03515540808439255,,0.0,,,,,,0.003469507209956646,0.05561625957489014,4.107535278308205e-05,0.02980826608836651,0.01955091953277588,0.08541209995746613,0.0,0.0,0.0007078776252456009,0.0009616360214967018,,,,
284,True,,,0.04195995628833771,,0.0,,,,,,0.007032387889921665,0.07226163148880005,8.033138874452561e-05,0.06126929447054863,0.045696817338466644,0.08541644364595413,0.0,0.0,0.0010627418523654342,0.0009613468820178147,,,,
285,True,,,0.035492707043886185,,0.0,,,,,,0.0022937478497624397,0.05261176824569702,4.8101712309289724e-05,0.02289554849267006,0.014107432216405869,0.08542123436927795,0.0,0.0,0.0005890083848498762,0.0009610567059268237,,,,
286,True,,,0.029467180371284485,,0.0,,,,,,0.00469207763671875,0.06039112061262131,6.275133637245744e-05,0.04220728576183319,0.03029579296708107,0.08542590588331223,0.0,0.0,0.0008611323428340256,0.0009607654939549853,,,,
287,True,,,0.028380295261740685,,0.0,,,,,,0.0032875481992959976,0.042568374425172806,3.079832822550088e-05,0.02795109711587429,0.0192532017827034,0.08543072640895844,0.0,0.0,0.0008655253914184868,0.0009604732468361665,,,,
288,True,,,0.0336386039853096,,0.0,,,,,,0.003423992544412613,0.05669359117746353,4.308111238060519e-05,0.03027277998626232,0.01996714621782303,0.08543556183576584,0.0,0.0,0.0005578239797614515,0.0009601799653068426,,,,
289,True,,,0.036800168454647064,,0.0,,,,,,0.0038417500909417868,0.05856427550315857,4.181037002126686e-05,0.03342753276228905,0.022486045956611633,0.08544021844863892,0.0,0.0,0.0006911741220392287,0.000959885650106096,,,,
290,True,,,0.03446154296398163,,0.0,,,,,,0.004907584749162197,0.05845779925584793,8.300004992634058e-05,0.0374370776116848,0.025443146005272865,0.08544504642486572,0.0,0.0,0.0007986502605490386,0.0009595903019756136,,,,
291,True,,,0.03172881901264191,,0.0,,,,,,0.0037833822425454855,0.05625079572200775,4.107535278308205e-05,0.03552861511707306,0.024927834048867226,0.08544975519180298,0.0,0.0,0.0008680075407028198,0.0009592939216596859,,,,
292,True,,,0.03856273368000984,,0.0,,,,,,0.006215664558112621,0.0624430812895298,8.033138874452561e-05,0.048384640365839005,0.03464433550834656,0.08545415103435516,0.0,0.0,0.0009043643367476761,0.000958996509905204,,,,
293,True,,,0.03216931223869324,,0.0,,,,,,0.004084032028913498,0.05779236555099487,4.8101712309289724e-05,0.03426848351955414,0.023204883560538292,0.08545875549316406,0.0,0.0,0.000717983755748719,0.0009586980674616588,,,,
294,True,,,0.02769739367067814,,0.0,,,,,,0.002266829600557685,0.03797547146677971,6.275133637245744e-05,0.020938793197274208,0.013711435720324516,0.08546311408281326,0.0,0.0,0.0007248852634802461,0.0009583985950811381,,,,
295,True,,,0.03209005296230316,,0.0,,,,,,0.0016970557626336813,0.03644953668117523,3.079832822550088e-05,0.016843797639012337,0.010310815647244453,0.08546724915504456,0.0,0.0,0.0009152794373221695,0.0009580980935183252,,,,
296,True,,,0.026601774618029594,,0.0,,,,,,0.002404383849352598,0.05348598584532738,4.308111238060519e-05,0.024669645354151726,0.01577438786625862,0.08547168225049973,0.0,0.0,0.0006835768581368029,0.0009577965635304973,,,,
297,True,,,0.03157889470458031,,0.0,,,,,,0.0025662798434495926,0.05767713859677315,4.181037002126686e-05,0.025878677144646645,0.016353227198123932,0.08547617495059967,0.0,0.0,0.0006097311270423234,0.0009574940058775234,,,,
298,True,,,0.04127422720193863,,0.0,,,,,,0.002591464202851057,0.04912285879254341,8.300004992634058e-05,0.022542502731084824,0.013729708269238472,0.08548027276992798,0.0,0.0,0.0006285800482146442,0.0009571904213218617,,,,
299,True,,,0.035801056772470474,,0.0,,,,,,0.0037536376621574163,0.05935271829366684,4.107535278308205e-05,0.02986837364733219,0.018946073949337006,0.08548422157764435,0.0,0.0,0.0006740731187164783,0.0009568858106285586,,,,
300,True,,,0.03813295438885689,,0.0,,,,,,0.0037179559003561735,0.05366265028715134,8.033138874452561e-05,0.03326718509197235,0.02290658839046955,0.08548801392316818,0.0,0.0,0.0007540633669123054,0.0009565801745652462,0.0003584163680610897,0.0005463588127396696,0.00026990206168812307,3.622078993817406e-05
301,True,,,0.03719918802380562,,0.0,,,,,,0.004637612029910088,0.06653653830289841,4.8101712309289724e-05,0.03969171643257141,0.027149492874741554,0.08549163490533829,0.0,0.0,0.000778204295784235,0.0009562735139021411,,,,
302,True,,,0.04334640130400658,,0.0,,,,,,0.0035678576678037643,0.049675099551677704,6.275133637245744e-05,0.0321434885263443,0.022288326174020767,0.0854954943060875,0.0,0.0,0.0007977040368132293,0.0009559658294120414,,,,
303,True,,,0.034665144979953766,,0.0,,,,,,0.0019453733693808317,0.04305794835090637,3.079832822550088e-05,0.020822003483772278,0.013353788293898106,0.08549970388412476,0.0,0.0,0.000840039283502847,0.0009556571218703252,,,,
304,True,,,0.026224946603178978,,0.0,,,,,,0.003408049698919058,0.053399790078401566,4.308111238060519e-05,0.028193622827529907,0.01830676943063736,0.08550368994474411,0.0,0.0,0.0008205254562199116,0.0009553473920549491,,,,
305,True,,,0.05708787217736244,,0.0,,,,,,0.004395520314574242,0.0750245526432991,4.181037002126686e-05,0.03417861461639404,0.020833779126405716,0.08550786972045898,0.0,0.0,0.001045164535753429,0.0009550366407464461,,,,
306,True,,,0.029745634645223618,,0.0,,,,,,0.0032500538509339094,0.04514835402369499,8.300004992634058e-05,0.028174253180623055,0.019215287640690804,0.08551205694675446,0.0,0.0,0.000979626551270485,0.0009547248687279225,,,,
307,True,,,0.0329132005572319,,0.0,,,,,,0.003956134431064129,0.06015315279364586,4.107535278308205e-05,0.03861408680677414,0.027437802404165268,0.08551677316427231,0.0,0.0,0.0009269132278859615,0.0009544120767850578,,,,
308,True,,,0.033157866448163986,,0.0,,,,,,0.004178881179541349,0.06317414343357086,8.033138874452561e-05,0.037713199853897095,0.025989942252635956,0.0855218842625618,0.0,0.0,0.0007802317850291729,0.0009540982657061013,,,,
309,True,,,0.03851769119501114,,0.0,,,,,,0.0027158118318766356,0.0543782040476799,4.8101712309289724e-05,0.02497350238263607,0.015555374324321747,0.08552692085504532,0.0,0.0,0.000650785572361201,0.0009537834362818706,,,,
310,True,,,0.03198356553912163,,0.0,,,,,,0.002086416818201542,0.05002256855368614,6.275133637245744e-05,0.020757468417286873,0.012462262995541096,0.08553218096494675,0.0,0.0,0.0006250758888199925,0.0009534675893057498,,,,
311,True,,,0.028462033718824387,,0.0,,,,,,0.0034429850056767464,0.04199934005737305,3.079832822550088e-05,0.03118237294256687,0.02238406240940094,0.08553733676671982,0.0,0.0,0.0007540995720773935,0.0009531507255736865,,,,
312,True,,,0.03735123574733734,,0.0,,,,,,0.004848930053412914,0.05780692398548126,4.308111238060519e-05,0.039209187030792236,0.027329089120030403,0.08554241806268692,0.0,0.0,0.0010193854104727507,0.0009528328458841915,,,,
313,True,,,0.04849004000425339,,0.0,,,,,,0.005136876832693815,0.06268168985843658,4.181037002126686e-05,0.046895649284124374,0.034129317849874496,0.08554787933826447,0.0,0.0,0.000981297343969345,0.0009525139510383356,,,,
314,True,,,0.0478983111679554,,0.0,,,,,,0.003980775363743305,0.05388728529214859,8.300004992634058e-05,0.034433990716934204,0.02368846908211708,0.0855535939335823,0.0,0.0,0.0008543151780031621,0.0009521940418397476,,,,
315,True,,,0.040516987442970276,,0.0,,,,,,0.0036150780506432056,0.05346214026212692,4.107535278308205e-05,0.03489011153578758,0.02464751899242401,0.08555921167135239,0.0,0.0,0.0008005811250768602,0.0009518731190946126,,,,
316,True,,,0.047739289700984955,,0.0,,,,,,0.0036615272983908653,0.055954333394765854,8.033138874452561e-05,0.02903102897107601,0.01840086281299591,0.08556465059518814,0.0,0.0,0.00121104356367141,0.0009515511836116701,,,,
317,True,,,0.023085981607437134,,0.0,,,,,,0.001721864566206932,0.031400665640830994,4.8101712309289724e-05,0.01778758503496647,0.011815043166279793,0.08556996285915375,0.0,0.0,0.0006064450717531145,0.0009512282362022114,,,,
318,True,,,0.020468952134251595,,0.0,,,,,,0.001739257713779807,0.04010769724845886,6.275133637245744e-05,0.019754359498620033,0.012912512756884098,0.08557531982660294,0.0,0.0,0.0007780386949889362,0.0009509042776800781,,,,
319,True,,,0.02932937815785408,,0.0,,,,,,0.004524907097220421,0.061759620904922485,3.079832822550088e-05,0.038394030183553696,0.02652866020798683,0.08558078855276108,0.0,0.0,0.0008531055063940585,0.0009505793088616599,,,,
320,True,,,0.039083123207092285,,0.0,,,,,,0.0032550841569900513,0.05736995115876198,4.308111238060519e-05,0.028606412932276726,0.01834610104560852,0.08558619767427444,0.0,0.0,0.0007431872072629631,0.0009502533305658923,,,,
321,True,,,0.02676180750131607,,0.0,,,,,,0.0020969961769878864,0.04045914113521576,4.181037002126686e-05,0.02008531242609024,0.012797963805496693,0.08559149503707886,0.0,0.0,0.0004767428326886147,0.0009499263436142551,,,,
322,True,,,0.03206826001405716,,0.0,,,,,,0.0015759154921397567,0.03588671237230301,8.300004992634058e-05,0.017195243388414383,0.010812508873641491,0.0855964794754982,0.0,0.0,0.0005758021143265069,0.0009495983488307695,,,,
323,True,,,0.02589823119342327,,0.0,,,,,,0.0031990264542400837,0.04662474989891052,4.107535278308205e-05,0.03184468671679497,0.022847652435302734,0.08560117334127426,0.0,0.0,0.0007475384045392275,0.0009492693470419966,,,,
324,True,,,0.04494215548038483,,0.0,,,,,,0.0028344006277620792,0.05074761435389519,8.033138874452561e-05,0.024840643629431725,0.015585838817059994,0.08560577780008316,0.0,0.0,0.0006412252550944686,0.0009489393390770353,,,,
325,True,,,0.027575943619012833,,0.0,,,,,,0.002780422568321228,0.055091217160224915,4.8101712309289724e-05,0.024514302611351013,0.015068846754729748,0.08561039716005325,0.0,0.0,0.0006208643899299204,0.0009486083257675203,,,,
326,True,,,0.029860367998480797,,0.0,,,,,,0.002653229981660843,0.044885531067848206,6.275133637245744e-05,0.025167599320411682,0.016839688643813133,0.08561471104621887,0.0,0.0,0.0006255187327042222,0.0009482763079476192,,,,
327,True,,,0.028288155794143677,,0.0,,,,,,0.004233168438076973,0.05140494927763939,3.079832822550088e-05,0.037166777998209,0.02663864567875862,0.0856190100312233,0.0,0.0,0.0008839901420287788,0.0009479432864540319,,,,
328,True,,,0.03713357448577881,,0.0,,,,,,0.0026355364825576544,0.04099578410387039,4.308111238060519e-05,0.023813515901565552,0.015829291194677353,0.08562342077493668,0.0,0.0,0.0006471961387433112,0.0009476092621259867,,,,
329,True,,,0.06288300454616547,,0.0,,,,,,0.003932637628167868,0.06087445467710495,4.181037002126686e-05,0.03471939265727997,0.023193296045064926,0.08562788367271423,0.0,0.0,0.0010572201572358608,0.0009472742358052395,,,,
330,True,,,0.04249226301908493,,0.0,,,,,,0.0035839653573930264,0.05258587375283241,8.300004992634058e-05,0.03513180464506149,0.02496650442481041,0.08563241362571716,0.0,0.0,0.0008223543991334736,0.0009469382083360716,,,,
331,True,,,0.028592370450496674,,0.0,,,,,,0.005033046007156372,0.05423256382346153,4.107535278308205e-05,0.04176303744316101,0.030143901705741882,0.08563705533742905,0.0,0.0,0.0007911279099062085,0.0009466011805652866,,,,
332,True,,,0.040439292788505554,,0.0,,,,,,0.004803873132914305,0.062413036823272705,8.033138874452561e-05,0.04380569979548454,0.03145954757928848,0.08564165979623795,0.0,0.0,0.0008192907553166151,0.0009462631533422094,,,,
333,True,,,0.0335080586373806,,0.0,,,,,,0.003636606503278017,0.055148325860500336,4.8101712309289724e-05,0.0353068932890892,0.02493985742330551,0.08564617484807968,0.0,0.0,0.001094889477826655,0.0009459241275186831,,,,
334,True,,,0.03748617321252823,,0.0,,,,,,0.004899425432085991,0.06284478306770325,6.275133637245744e-05,0.04464714229106903,0.032200489193201065,0.0856509581208229,0.0,0.0,0.0009421491413377225,0.0009455841039490679,,,,
335,True,,,0.024020250886678696,,0.0,,,,,,0.002617789898067713,0.041496921330690384,3.079832822550088e-05,0.023354267701506615,0.015474626794457436,0.0856558308005333,0.0,0.0,0.0006708946893922985,0.0009452430834902375,,,,
336,True,,,0.04737672954797745,,0.0,,,,,,0.005089011043310165,0.07768480479717255,4.308111238060519e-05,0.04471262916922569,0.030503224581480026,0.08566062152385712,0.0,0.0,0.0007925442769192159,0.000944901067001579,,,,
337,True,,,0.03557335585355759,,0.0,,,,,,0.0031113484874367714,0.053982049226760864,4.181037002126686e-05,0.025830162689089775,0.016087312251329422,0.08566562831401825,0.0,0.0,0.0006229245336726308,0.0009445580553449888,,,,
338,True,,,0.02290741726756096,,0.0,,,,,,0.0033524928148835897,0.04601491987705231,8.300004992634058e-05,0.02984277904033661,0.02076151594519615,0.08567051589488983,0.0,0.0,0.0007485208916477859,0.0009442140493848706,,,,
339,True,,,0.03108065202832222,,0.0,,,,,,0.0015131699619814754,0.04331354796886444,4.107535278308205e-05,0.015375564806163311,0.008342941291630268,0.08567545562982559,0.0,0.0,0.0005260184407234192,0.0009438690499881352,,,,
340,True,,,0.02348950318992138,,0.0,,,,,,0.002412930130958557,0.05173847824335098,8.033138874452561e-05,0.02381640486419201,0.015097763389348984,0.08568038791418076,0.0,0.0,0.0006901201559230685,0.0009435230580241958,,,,
341,True,,,0.026040606200695038,,0.0,,,,,,0.003091132966801524,0.04347309097647667,4.8101712309289724e-05,0.02760694921016693,0.01902719959616661,0.08568520098924637,0.0,0.0,0.0006663888925686479,0.0009431760743649672,,,,
342,True,,,0.033330515027046204,,0.0,,,,,,0.004038501530885696,0.08101204037666321,6.275133637245744e-05,0.04231049120426178,0.028949206694960594,0.08568994700908661,0.0,0.0,0.0008592691738158464,0.0009428280998848634,,,,
343,True,,,0.03424164652824402,,0.0,,,,,,0.004710712470114231,0.06872440874576569,3.079832822550088e-05,0.04097847640514374,0.02818056009709835,0.08569467812776566,0.0,0.0,0.0008101375424303114,0.0009424791354607954,,,,
344,True,,,0.029103653505444527,,0.0,,,,,,0.002872737590223551,0.04680994898080826,4.308111238060519e-05,0.02489210106432438,0.01616879552602768,0.08569955080747604,0.0,0.0,0.0006364971050061285,0.0009421291819721689,,,,
345,True,,,0.03544289991259575,,0.0,,,,,,0.0013796889688819647,0.030956551432609558,4.181037002126686e-05,0.01404412928968668,0.008336404338479042,0.08570467680692673,0.0,0.0,0.0005986529868096113,0.0009417782403008816,,,,
346,True,,,0.026823196560144424,,0.0,,,,,,0.0028337377589195967,0.05187547951936722,8.300004992634058e-05,0.027247518301010132,0.01805940456688404,0.08570968359708786,0.0,0.0,0.0006501308525912464,0.0009414263113313222,,,,
347,True,,,0.026862898841500282,,0.0,,,,,,0.0015406417660415173,0.0350370854139328,4.107535278308205e-05,0.01637188531458378,0.010181223042309284,0.08571450412273407,0.0,0.0,0.0004721533914562315,0.0009410733959503668,,,,
348,True,,,0.03642074763774872,,0.0,,,,,,0.002488515106961131,0.05191797390580177,8.033138874452561e-05,0.025598887354135513,0.016657009720802307,0.08571936190128326,0.0,0.0,0.0005799357313662767,0.0009407194950473779,,,,
349,True,,,0.025018617510795593,,0.0,,,,,,0.0018533819820731878,0.04170878604054451,4.8101712309289724e-05,0.01913401484489441,0.011978275142610073,0.08572421222925186,0.0,0.0,0.0005964139709249139,0.0009403646095142008,,,,
350,True,,,0.03501635044813156,,0.0,,,,,,0.003682053415104747,0.05371059477329254,6.275133637245744e-05,0.03202521428465843,0.021733269095420837,0.085729219019413,0.0,0.0,0.0009633353911340237,0.0009400087402451627,,,,
351,True,,,0.021964021027088165,,0.0,,,,,,0.001990854274481535,0.03820912912487984,3.079832822550088e-05,0.020384468138217926,0.013480320572853088,0.08573417365550995,0.0,0.0,0.0006307836156338453,0.0009396518881370699,,,,
352,True,,,0.0261582899838686,,0.0,,,,,,0.005636151414364576,0.070087730884552,4.308111238060519e-05,0.05407864972949028,0.04029321298003197,0.08573910593986511,0.0,0.0,0.0010474229929968715,0.000939294054089205,,,,
353,True,,,0.025206778198480606,,0.0,,,,,,0.0031761766877025366,0.04850322753190994,4.181037002126686e-05,0.03130773454904556,0.02215081825852394,0.08574444055557251,0.0,0.0,0.0007644929573871195,0.0009389352390033256,,,,
354,True,,,0.022182095795869827,,0.0,,,,,,0.0019602272659540176,0.05322843790054321,8.300004992634058e-05,0.018703093752264977,0.010299204848706722,0.08574969321489334,0.0,0.0,0.0005017511430196464,0.0009385754437836615,,,,
355,True,,,0.025553535670042038,,0.0,,,,,,0.0023026224225759506,0.04108172655105591,4.107535278308205e-05,0.023131169378757477,0.015586752444505692,0.08575469255447388,0.0,0.0,0.0006006750045344234,0.000938214669336912,,,,
356,True,,,0.0415814071893692,,0.0,,,,,,0.00471456116065383,0.0713021457195282,8.033138874452561e-05,0.04178944602608681,0.028631094843149185,0.08575964719057083,0.0,0.0,0.0007505500689148903,0.0009378529165722447,,,,
357,True,,,0.02907009795308113,,0.0,,,,,,0.0012243882520124316,0.03368134796619415,4.8101712309289724e-05,0.013816908933222294,0.00805198960006237,0.08576447516679764,0.0,0.0,0.0008468630840070546,0.0009374901864012923,,,,
358,True,,,0.026323985308408737,,0.0,,,,,,0.0006913123652338982,0.025672350078821182,6.275133637245744e-05,0.0083406837657094,0.003929825499653816,0.08576945960521698,0.0,0.0,0.00041434779996052384,0.000937126479738151,,,,
359,True,,,0.033297449350357056,,0.0,,,,,,0.0024766530841588974,0.0458688884973526,3.079832822550088e-05,0.022927043959498405,0.014657385647296906,0.08577420562505722,0.0,0.0,0.0005777304759249091,0.0009367617974993769,,,,
360,True,,,0.042500413954257965,,0.0,,,,,,0.002777494490146637,0.0549343042075634,4.308111238060519e-05,0.024300746619701385,0.014725487679243088,0.08577887713909149,0.0,0.0,0.0006245521362870932,0.0009363961406039856,,,,
361,True,,,0.03173054754734039,,0.0,,,,,,0.0026641925796866417,0.05086802318692207,4.181037002126686e-05,0.023771723732352257,0.014824682846665382,0.08578351885080338,0.0,0.0,0.0005987510085105896,0.000936029509973448,,,,
362,True,,,0.028056787326931953,,0.0,,,,,,0.0016439285827800632,0.050040774047374725,8.300004992634058e-05,0.017960703000426292,0.010132747702300549,0.08578795939683914,0.0,0.0,0.0005371238803490996,0.00093566190653169,,,,
363,True,,,0.032725945115089417,,0.0,,,,,,0.0019195231143385172,0.045309796929359436,4.107535278308205e-05,0.02094392478466034,0.013287702575325966,0.08579225838184357,0.0,0.0,0.0005920695839449763,0.0009352933312050876,,,,
364,True,,,0.0369267463684082,,0.0,,,,,,0.0036283284425735474,0.05129845440387726,8.033138874452561e-05,0.033655278384685516,0.023629706352949142,0.08579647541046143,0.0,0.0,0.0008832712192088366,0.0009349237849224671,,,,
365,True,,,0.029376285150647163,,0.0,,,,,,0.0045737917535007,0.05518319457769394,4.8101712309289724e-05,0.04058866947889328,0.02932073548436165,0.08580073714256287,0.0,0.0,0.0009380984120070934,0.000934553268615101,,,,
366,True,,,0.026398196816444397,,0.0,,,,,,0.0035742733161896467,0.05839667469263077,6.275133637245744e-05,0.032652586698532104,0.022085238248109818,0.08580506592988968,0.0,0.0,0.0006390048074536026,0.0009341817832167072,,,,
367,True,,,0.04185371473431587,,0.0,,,,,,0.004204222001135349,0.06320923566818237,3.079832822550088e-05,0.034306593239307404,0.02248941920697689,0.08580916374921799,0.0,0.0,0.000822640722617507,0.0009338093296634443,,,,
368,True,,,0.038226284086704254,,0.0,,,,,,0.001492100185714662,0.03818425536155701,4.308111238060519e-05,0.015689805150032043,0.009117340669035912,0.085813507437706,0.0,0.0,0.0022987481206655502,0.0009334359088939122,,,,
369,True,,,0.029805783182382584,,0.0,,,,,,0.0028989510610699654,0.054753080010414124,4.181037002126686e-05,0.02744506672024727,0.017893660813570023,0.08581819385290146,0.0,0.0,0.000677680887747556,0.000933061521849147,,,,
370,True,,,0.03662046045064926,,0.0,,,,,,0.003074467182159424,0.052181750535964966,8.300004992634058e-05,0.029000109061598778,0.01944153383374214,0.08582285046577454,0.0,0.0,0.0006859490531496704,0.0009326861694726208,,,,
371,True,,,0.02500210329890251,,0.0,,,,,,0.002817795379087329,0.043453168123960495,4.107535278308205e-05,0.025411086156964302,0.017119139432907104,0.0858277752995491,0.0,0.0,0.0008127623004838824,0.0009323098527102376,,,,
372,True,,,0.0349402092397213,,0.0,,,,,,0.004636197350919247,0.05886846035718918,8.033138874452561e-05,0.03851516544818878,0.02674422413110733,0.08583284914493561,0.0,0.0,0.0009122207993641496,0.0009319325725103324,,,,
373,True,,,0.03405280038714409,,0.0,,,,,,0.0022543345112353563,0.047425154596567154,4.8101712309289724e-05,0.02089628204703331,0.01267646811902523,0.08583830296993256,0.0,0.0,0.0005129094352014363,0.0009315543298236679,,,,
374,True,,,0.0395442396402359,,0.0,,,,,,0.00467525003477931,0.06817026436328888,6.275133637245744e-05,0.04126643389463425,0.028488900512456894,0.08584362268447876,0.0,0.0,0.0009274878539144993,0.0009311751256034319,,,,
375,True,,,0.03420151770114899,,0.0,,,,,,0.0013190790778025985,0.03722572326660156,3.079832822550088e-05,0.013912948779761791,0.007655393332242966,0.08584904670715332,0.0,0.0,0.0005259291501715779,0.0009307949608052354,,,,
376,True,,,0.02892470173537731,,0.0,,,,,,0.002353199291974306,0.03432272747159004,4.308111238060519e-05,0.02058103308081627,0.013626232743263245,0.08585422486066818,0.0,0.0,0.0006659958162344992,0.0009304138363871108,,,,
377,True,,,0.03634428232908249,,0.0,,,,,,0.002991135697811842,0.048771511763334274,4.181037002126686e-05,0.02622414566576481,0.017112918198108673,0.08585921674966812,0.0,0.0,0.0005915808142162859,0.0009300317533095079,,,,
378,True,,,0.033636514097452164,,0.0,,,,,,0.0030959025025367737,0.053227443248033524,8.300004992634058e-05,0.02716977335512638,0.01751461997628212,0.08586408197879791,0.0,0.0,0.0006953635020181537,0.0009296487125352929,,,,
379,True,,,0.021194882690906525,,0.0,,,,,,0.004249919205904007,0.04881139099597931,4.107535278308205e-05,0.04337630793452263,0.03315407410264015,0.08586879819631577,0.0,0.0,0.0008787244441919029,0.0009292647150297452,,,,
380,True,,,0.032991088926792145,,0.0,,,,,,0.005013469140976667,0.06110038608312607,8.033138874452561e-05,0.04529251903295517,0.03294019401073456,0.08587384223937988,0.0,0.0,0.0009432279039174318,0.0009288797617605553,,,,
381,True,,,0.05247868597507477,,0.0,,,,,,0.00577535992488265,0.06459228694438934,4.8101712309289724e-05,0.04555195942521095,0.03190974146127701,0.08587916940450668,0.0,0.0,0.000900230894330889,0.0009284938536978224,,,,
382,True,,,0.024973278865218163,,0.0,,,,,,0.0023197506088763475,0.042040761560201645,6.275133637245744e-05,0.02241654507815838,0.014752758666872978,0.08588508516550064,0.0,0.0,0.0007528956630267203,0.0009281069918140513,,,,
383,True,,,0.046735506504774094,,0.0,,,,,,0.004252958577126265,0.0562233030796051,3.079832822550088e-05,0.03890780359506607,0.027690842747688293,0.08589126914739609,0.0,0.0,0.0008377929334528744,0.0009277191770841512,,,,
384,True,,,0.03781496733427048,,0.0,,,,,,0.004679371602833271,0.05921323969960213,4.308111238060519e-05,0.03778895363211632,0.025929588824510574,0.08589779585599899,0.0,0.0,0.0008355945465154946,0.0009273304104854321,,,,
385,True,,,0.033549681305885315,,0.0,,,,,,0.0053399913012981415,0.0633745938539505,4.181037002126686e-05,0.04675283282995224,0.03385993838310242,0.08590425550937653,0.0,0.0,0.0008409079164266586,0.0009269406929976028,,,,
386,True,,,0.03497743606567383,,0.0,,,,,,0.0038043763488531113,0.05624278262257576,8.300004992634058e-05,0.035788580775260925,0.02510954439640045,0.08591096848249435,0.0,0.0,0.0008354888414032757,0.0009265500256027681,,,,
387,True,,,0.048871010541915894,,0.0,,,,,,0.002629320602864027,0.06056486815214157,4.107535278308205e-05,0.02554834820330143,0.015494121238589287,0.08591737598180771,0.0,0.0,0.0007353448309004307,0.0009261584092854272,,,,
388,True,,,0.03777032345533371,,0.0,,,,,,0.002231535268947482,0.03894761949777603,8.033138874452561e-05,0.021350035443902016,0.01394663192331791,0.08592358231544495,0.0,0.0,0.0006529178936034441,0.0009257658450324702,,,,
389,True,,,0.048252493143081665,,0.0,,,,,,0.004465857055038214,0.06166892498731613,4.8101712309289724e-05,0.03619329258799553,0.02419467270374298,0.08592955023050308,0.0,0.0,0.0008021310204640031,0.0009253723338331762,,,,
390,True,,,0.039044931530952454,,0.0,,,,,,0.0038202402647584677,0.051721006631851196,6.275133637245744e-05,0.02899959124624729,0.01872606948018074,0.08593547344207764,0.0,0.0,0.0008368152193725109,0.0009249778766792106,,,,
391,True,,,0.04511842876672745,,0.0,,,,,,0.005934332963079214,0.05801820009946823,3.079832822550088e-05,0.05003637447953224,0.0369742289185524,0.0859411284327507,0.0,0.0,0.0010951460571959615,0.0009245824745646226,,,,
392,True,,,0.04516414552927017,,0.0,,,,,,0.0050957901403307915,0.07310711592435837,4.308111238060519e-05,0.040850285440683365,0.02711113542318344,0.08594661951065063,0.0,0.0,0.000885862042196095,0.000924186128485843,,,,
393,True,,,0.032588474452495575,,0.0,,,,,,0.006266966462135315,0.07059235870838165,4.181037002126686e-05,0.04995371773838997,0.03542120009660721,0.08595239371061325,0.0,0.0,0.0009582234197296202,0.0009237888394416809,,,,
394,True,,,0.040566302835941315,,0.0,,,,,,0.003309407038614154,0.04380684718489647,8.300004992634058e-05,0.02718673087656498,0.018189892172813416,0.08595824241638184,0.0,0.0,0.0010355374542996287,0.0009233906084333222,,,,
395,True,,,0.056379497051239014,,0.0,,,,,,0.006082344334572554,0.07045136392116547,4.107535278308205e-05,0.04729079827666283,0.03271934390068054,0.0859641507267952,0.0,0.0,0.0010481243953108788,0.0009229914364643263,,,,
396,True,,,0.041999656707048416,,0.0,,,,,,0.0033462797291576862,0.056089624762535095,8.033138874452561e-05,0.028230678290128708,0.01795557513833046,0.08596992492675781,0.0,0.0,0.0006891447119414806,0.0009225913245406245,,,,
397,True,,,0.03849002718925476,,0.0,,,,,,0.004887661896646023,0.042638663202524185,4.8101712309289724e-05,0.039064910262823105,0.028644680976867676,0.08597536385059357,0.0,0.0,0.00087586889276281,0.0009221902736705156,,,,
398,True,,,0.0368034690618515,,0.0,,,,,,0.005245820619165897,0.07097571343183517,6.275133637245744e-05,0.04723573103547096,0.033633120357990265,0.08598071336746216,0.0,0.0,0.0008554384112358093,0.0009217882848646659,,,,
399,True,,,0.03444419428706169,,0.0,,,,,,0.005255760625004768,0.06453470885753632,3.079832822550088e-05,0.04315497726202011,0.030226044356822968,0.08598612993955612,0.0,0.0,0.0008592941449023783,0.0009213853591361043,,,,
400,True,,,0.03903813287615776,,0.0,,,,,,0.004784633871167898,0.05506160110235214,4.308111238060519e-05,0.04245227575302124,0.030889645218849182,0.085991770029068,0.0,0.0,0.0009290639427490532,0.0009209814975002215,0.0003545657621263282,0.0007556500849359496,0.00021839164473835818,2.2254135888863246e-05
401,True,,,0.04091909900307655,,0.0,,,,,,0.0035723946057260036,0.05534498393535614,4.181037002126686e-05,0.02906232699751854,0.018665360286831856,0.08599782735109329,0.0,0.0,0.0006967329536564648,0.0009205767009747663,,,,
402,True,,,0.03209173306822777,,0.0,,,,,,0.0039059061091393232,0.054282043129205704,8.300004992634058e-05,0.033146005123853683,0.022589433938264847,0.08600424975156784,0.0,0.0,0.0007476636092178524,0.0009201709705798437,,,,
403,True,,,0.03949171304702759,,0.0,,,,,,0.004544620402157307,0.061024922877550125,4.107535278308205e-05,0.04027274250984192,0.028350068256258965,0.08601060509681702,0.0,0.0,0.0007828777306713164,0.0009197643073379121,,,,
404,True,,,0.042255137115716934,,0.0,,,,,,0.005618707742542028,0.08075214922428131,8.033138874452561e-05,0.049510203301906586,0.03449339047074318,0.08601682633161545,0.0,0.0,0.0009262216044589877,0.0009193567122737805,,,,
405,True,,,0.03508169949054718,,0.0,,,,,,0.003923836164176464,0.06062282249331474,4.8101712309289724e-05,0.03770323842763901,0.02648201957345009,0.08602314442396164,0.0,0.0,0.0012979779858142138,0.0009189481864146062,,,,
406,True,,,0.025883367285132408,,0.0,,,,,,0.0028063904028385878,0.047722697257995605,6.275133637245744e-05,0.02480461820960045,0.016075454652309418,0.08602944761514664,0.0,0.0,0.0007060097414068878,0.0009185387307898924,,,,
407,True,,,0.03322555124759674,,0.0,,,,,,0.0024827660527080297,0.056527428328990936,3.079832822550088e-05,0.024535376578569412,0.01519185584038496,0.08603568375110626,0.0,0.0,0.0008461656980216503,0.0009181283464314849,,,,
408,True,,,0.04336344450712204,,0.0,,,,,,0.006284800358116627,0.07186048477888107,4.308111238060519e-05,0.05111949145793915,0.03633304685354233,0.08604191988706589,0.0,0.0,0.0010020724730566144,0.0009177170343735706,,,,
409,True,,,0.031208312138915062,,0.0,,,,,,0.0040420182049274445,0.03937003016471863,4.181037002126686e-05,0.033350810408592224,0.024178320541977882,0.08604839444160461,0.0,0.0,0.0007322413148358464,0.0009173047956526734,,,,
410,True,,,0.03360738605260849,,0.0,,,,,,0.003240841208025813,0.05175567790865898,8.300004992634058e-05,0.02893287129700184,0.01927834004163742,0.08605502545833588,0.0,0.0,0.0006656454061158001,0.000916891631307653,,,,
411,True,,,0.03789752349257469,,0.0,,,,,,0.005717141088098288,0.07023236155509949,4.107535278308205e-05,0.04876455292105675,0.03476405143737793,0.08606128394603729,0.0,0.0,0.0008212433895096183,0.0009164775423797019,,,,
412,True,,,0.04261203855276108,,0.0,,,,,,0.006839526351541281,0.0740937814116478,8.033138874452561e-05,0.05509154498577118,0.03951567783951759,0.08606749027967453,0.0,0.0,0.00100000761449337,0.0009160625299123417,,,,
413,True,,,0.0301191508769989,,0.0,,,,,,0.003384379670023918,0.04875047504901886,4.8101712309289724e-05,0.03044743463397026,0.021002022549510002,0.0860743597149849,0.0,0.0,0.0007675066008232534,0.0009156465949514225,,,,
414,True,,,0.04864554852247238,,0.0,,,,,,0.0031241015531122684,0.06115519255399704,6.275133637245744e-05,0.03127595782279968,0.020657695829868317,0.08608102053403854,0.0,0.0,0.0008277299348264933,0.0009152297385451184,,,,
415,True,,,0.030802305787801743,,0.0,,,,,,0.00325933750718832,0.0430334210395813,3.079832822550088e-05,0.029788607731461525,0.0210416316986084,0.08608739078044891,0.0,0.0,0.0008012598264031112,0.0009148119617439256,,,,
416,True,,,0.03621558099985123,,0.0,,,,,,0.002728195395320654,0.046889178454875946,4.308111238060519e-05,0.02464279718697071,0.015981048345565796,0.08609379082918167,0.0,0.0,0.0005818713107146323,0.0009143932656006601,,,,
417,True,,,0.023079879581928253,,0.0,,,,,,0.0030640792101621628,0.05169221758842468,4.181037002126686e-05,0.027502961456775665,0.018156956881284714,0.08609988540410995,0.0,0.0,0.0006971113616600633,0.0009139736511704541,,,,
418,True,,,0.035057514905929565,,0.0,,,,,,0.0029331808909773827,0.05791774392127991,8.300004992634058e-05,0.030245982110500336,0.02026788890361786,0.0861060842871666,0.0,0.0,0.0007236554520204663,0.0009135531195107546,,,,
419,True,,,0.08027159422636032,,0.0,,,,,,0.002080050064250827,0.05012059584259987,4.107535278308205e-05,0.02005201019346714,0.011275522410869598,0.0861123651266098,0.0,0.0,0.001473153941333294,0.0009131316716813196,,,,
420,True,,,0.03303424268960953,,0.0,,,,,,0.005347787402570248,0.06037529185414314,8.033138874452561e-05,0.04395867884159088,0.03134167194366455,0.08611840754747391,0.0,0.0,0.0008306873496621847,0.0009127093087442163,,,,
421,True,,,0.028787076473236084,,0.0,,,,,,0.0021810121834278107,0.04298487678170204,4.8101712309289724e-05,0.021496767178177834,0.013844100758433342,0.08612461388111115,0.0,0.0,0.0006473908433690667,0.0009122860317638174,,,,
422,True,,,0.026965411379933357,,0.0,,,,,,0.0028698293026536703,0.04467673972249031,6.275133637245744e-05,0.024392616003751755,0.015892773866653442,0.08613098412752151,0.0,0.0,0.0007825878565199673,0.0009118618418067995,,,,
423,True,,,0.027737610042095184,,0.0,,,,,,0.0039964462630450726,0.04958265647292137,3.079832822550088e-05,0.03430137410759926,0.024192512035369873,0.08613723516464233,0.0,0.0,0.0007795884739607573,0.0009114367399421398,,,,
424,True,,,0.04266824573278427,,0.0,,,,,,0.005390007048845291,0.06530264019966125,4.308111238060519e-05,0.044787485152482986,0.03155755251646042,0.08614372462034225,0.0,0.0,0.0007558661745861173,0.0009110107272411137,,,,
425,True,,,0.03592078387737274,,0.0,,,,,,0.0012015013489872217,0.030363133177161217,4.181037002126686e-05,0.01147419773042202,0.005994768813252449,0.0861501395702362,0.0,0.0,0.0007956311455927789,0.0009105838047772915,,,,
426,True,,,0.04715734347701073,,0.0,,,,,,0.0025393879041075706,0.057889439165592194,8.300004992634058e-05,0.02241748385131359,0.012714513577520847,0.0861564353108406,0.0,0.0,0.0007183834677562118,0.0009101559736265368,,,,
427,True,,,0.025292500853538513,,0.0,,,,,,0.00632017245516181,0.060687050223350525,4.107535278308205e-05,0.05531205236911774,0.04178808629512787,0.08616269379854202,0.0,0.0,0.0008713113493286073,0.0009097272348670026,,,,
428,True,,,0.037717416882514954,,0.0,,,,,,0.0028461175970733166,0.04805584251880646,8.033138874452561e-05,0.025730226188898087,0.01679949462413788,0.08616898208856583,0.0,0.0,0.0008597284322604537,0.0009092975895791292,,,,
429,True,,,0.027200348675251007,,0.0,,,,,,0.002390400506556034,0.03690177947282791,4.8101712309289724e-05,0.02312394231557846,0.015885554254055023,0.08617540448904037,0.0,0.0,0.0011732741259038448,0.0009088670388456418,,,,
430,True,,,0.039657872170209885,,0.0,,,,,,0.0027634890284389257,0.04662271589040756,6.275133637245744e-05,0.02524476684629917,0.016529232263565063,0.08618173003196716,0.0,0.0,0.0006785865989513695,0.0009084355837515467,,,,
431,True,,,0.035489484667778015,,0.0,,,,,,0.00360703538171947,0.05664313584566116,3.079832822550088e-05,0.033550556749105453,0.023047033697366714,0.08618784695863724,0.0,0.0,0.0008215599227696657,0.0009080032253841299,,,,
432,True,,,0.02539804019033909,,0.0,,,,,,0.0031017493456602097,0.0555037260055542,4.308111238060519e-05,0.029104609042406082,0.019315026700496674,0.08619380742311478,0.0,0.0,0.0006641027866862714,0.0009075699648329531,,,,
433,True,,,0.03767035901546478,,0.0,,,,,,0.00368448905646801,0.04599268361926079,4.181037002126686e-05,0.029440004378557205,0.01989663951098919,0.08619995415210724,0.0,0.0,0.0007478145998902619,0.0009071358031898518,,,,
434,True,,,0.020197274163365364,,0.0,,,,,,0.001281554577872157,0.034301433712244034,8.300004992634058e-05,0.014645588584244251,0.008828357793390751,0.08620602637529373,0.0,0.0,0.0005004622507840395,0.0009067007415489325,,,,
435,True,,,0.040360063314437866,,0.0,,,,,,0.0069794743321835995,0.07340922951698303,4.107535278308205e-05,0.05905544385313988,0.0434487909078598,0.08621153980493546,0.0,0.0,0.0010704282904043794,0.0009062647810065694,,,,
436,True,,,0.03508654236793518,,0.0,,,,,,0.004167524166405201,0.05385113134980202,8.033138874452561e-05,0.036741580814123154,0.025935735553503036,0.08621753752231598,0.0,0.0,0.0007778037106618285,0.000905827922661402,,,,
437,True,,,0.03608435392379761,,0.0,,,,,,0.003116689622402191,0.04741808772087097,4.8101712309289724e-05,0.030097631737589836,0.02099200338125229,0.08622375875711441,0.0,0.0,0.0009274275507777929,0.0009053901676143327,,,,
438,True,,,0.03534400090575218,,0.0,,,,,,0.002354903845116496,0.04333997145295143,6.275133637245744e-05,0.022960804402828217,0.015024786815047264,0.08623003214597702,0.0,0.0,0.0008035408682189882,0.0009049515169685231,,,,
439,True,,,0.03864407539367676,,0.0,,,,,,0.004346457310020924,0.0731746181845665,3.079832822550088e-05,0.03761812672019005,0.024690009653568268,0.08623606711626053,0.0,0.0,0.000778248708229512,0.0009045119718293921,,,,
440,True,,,0.038189131766557693,,0.0,,,,,,0.0021031515207141638,0.047404609620571136,4.308111238060519e-05,0.0220588780939579,0.013949415646493435,0.08624204248189926,0.0,0.0,0.0016288149636238813,0.0009040715333046126,,,,
441,True,,,0.024933962151408195,,0.0,,,,,,0.0020378087647259235,0.039305757731199265,4.181037002126686e-05,0.018809286877512932,0.011708179488778114,0.08624795079231262,0.0,0.0,0.000622641178779304,0.0009036302025041089,,,,
442,True,,,0.031121913343667984,,0.0,,,,,,0.0045154280960559845,0.06140386685729027,8.300004992634058e-05,0.038850922137498856,0.026979852467775345,0.08625368773937225,0.0,0.0,0.0007354567642323673,0.0009031879805400538,,,,
443,True,,,0.033605653792619705,,0.0,,,,,,0.004405551590025425,0.05159618705511093,4.107535278308205e-05,0.0366373285651207,0.02585296891629696,0.08625942468643188,0.0,0.0,0.0007983192335814238,0.0009027448685268662,,,,
444,True,,,0.030635548755526543,,0.0,,,,,,0.004723712336272001,0.06456214189529419,8.033138874452561e-05,0.04198293015360832,0.029593829065561295,0.08626513183116913,0.0,0.0,0.0007884963997639716,0.0009023008675812076,,,,
445,True,,,0.03590170294046402,,0.0,,,,,,0.0032471041195094585,0.05179315060377121,4.8101712309289724e-05,0.030340561643242836,0.020668361335992813,0.08627115935087204,0.0,0.0,0.000695944472681731,0.0009018559788219794,,,,
446,True,,,0.02823691815137863,,0.0,,,,,,0.0022818706929683685,0.044148895889520645,6.275133637245744e-05,0.022583164274692535,0.014709887094795704,0.08627712726593018,0.0,0.0,0.0005708624958060682,0.0009014102033703214,,,,
447,True,,,0.043377116322517395,,0.0,,,,,,0.002639545826241374,0.053624436259269714,3.079832822550088e-05,0.02446325309574604,0.015149264596402645,0.08628296852111816,0.0,0.0,0.0006137382006272674,0.0009009635423496068,,,,
448,True,,,0.0303442794829607,,0.0,,,,,,0.0024358511436730623,0.041089992970228195,4.308111238060519e-05,0.02178649604320526,0.014053774066269398,0.08628862351179123,0.0,0.0,0.0008455077768303454,0.0009005159968854407,,,,
449,True,,,0.03600852191448212,,0.0,,,,,,0.0052805813029408455,0.06758831441402435,4.181037002126686e-05,0.047470130026340485,0.03418678045272827,0.08629442751407623,0.0,0.0,0.0009913054527714849,0.0009000675681056577,,,,
450,True,,,0.04224187135696411,,0.0,,,,,,0.004235651344060898,0.05833515524864197,8.300004992634058e-05,0.03927432745695114,0.027878234162926674,0.08630067110061646,0.0,0.0,0.0007126874988898635,0.0008996182571403175,,,,
451,True,,,0.05224314332008362,,0.0,,,,,,0.0072310916148126125,0.07173134386539459,4.107535278308205e-05,0.05825623869895935,0.04244597628712654,0.08630668371915817,0.0,0.0,0.0011040312238037586,0.0008991680651217036,,,,
452,True,,,0.03203394263982773,,0.0,,,,,,0.003374074585735798,0.053629547357559204,8.033138874452561e-05,0.03266872093081474,0.02270805835723877,0.08631304651498795,0.0,0.0,0.0008375845500268042,0.0008987169931843192,,,,
453,True,,,0.040565624833106995,,0.0,,,,,,0.005484073422849178,0.06271269172430038,4.8101712309289724e-05,0.040680188685655594,0.02763194777071476,0.0863192081451416,0.0,0.0,0.0007062648073770106,0.0008982650424648858,,,,
454,True,,,0.039380159229040146,,0.0,,,,,,0.004617238417267799,0.05917831137776375,6.275133637245744e-05,0.03433624282479286,0.02251274883747101,0.08632510155439377,0.0,0.0,0.0006446730112656951,0.0008978122141023384,,,,
455,True,,,0.04761683940887451,,0.0,,,,,,0.0031540202908217907,0.049844253808259964,3.079832822550088e-05,0.028035297989845276,0.0185419712215662,0.08633115142583847,0.0,0.0,0.000868496426846832,0.0008973585092378247,,,,
456,True,,,0.027940280735492706,,0.0,,,,,,0.0016606161370873451,0.0416068360209465,4.308111238060519e-05,0.019063735380768776,0.012078123167157173,0.0863368809223175,0.0,0.0,0.000568412069696933,0.0008969039290147005,,,,
457,True,,,0.030215365812182426,,0.0,,,,,,0.003587791696190834,0.048040971159935,4.181037002126686e-05,0.02908969670534134,0.019511321559548378,0.08634250611066818,0.0,0.0,0.0007000394398346543,0.0008964484745785277,,,,
458,True,,,0.048075202852487564,,0.0,,,,,,0.00277286721393466,0.04785774275660515,8.300004992634058e-05,0.0280844084918499,0.019140033051371574,0.08634811639785767,0.0,0.0,0.0018869071500375867,0.0008959921470770717,,,,
459,True,,,0.03153547644615173,,0.0,,,,,,0.003316302318125963,0.04735618084669113,4.107535278308205e-05,0.027512675151228905,0.018261320888996124,0.08635413646697998,0.0,0.0,0.000572928402107209,0.0008955349476602977,,,,
460,True,,,0.04209353029727936,,0.0,,,,,,0.0027338149957358837,0.04281459003686905,8.033138874452561e-05,0.026040399447083473,0.017700426280498505,0.08635988086462021,0.0,0.0,0.0007094067404977977,0.0008950768774803681,,,,
461,True,,,0.033712126314640045,,0.0,,,,,,0.0035185643937438726,0.05243236571550369,4.8101712309289724e-05,0.030779821798205376,0.020793192088603973,0.08636566996574402,0.0,0.0,0.0006937430007383227,0.0008946179376916396,,,,
462,True,,,0.0409553162753582,,0.0,,,,,,0.002200695686042309,0.05358143895864487,6.275133637245744e-05,0.021600190550088882,0.012736706994473934,0.08637139201164246,0.0,0.0,0.001331218285486102,0.0008941581294506606,,,,
463,True,,,0.03425382450222969,,0.0,,,,,,0.004126536659896374,0.06835560500621796,3.079832822550088e-05,0.04182194918394089,0.029638145118951797,0.08637712150812149,0.0,0.0,0.0007821702747605741,0.000893697453916168,,,,
464,True,,,0.03879570960998535,,0.0,,,,,,0.007627018727362156,0.06338529288768768,4.308111238060519e-05,0.06503491848707199,0.04979604482650757,0.08638302981853485,0.0,0.0,0.0017180974828079343,0.0008932359122490843,,,,
465,True,,,0.03337007761001587,,0.0,,,,,,0.006349883042275906,0.060429759323596954,4.181037002126686e-05,0.05043097957968712,0.03681962564587593,0.08638875931501389,0.0,0.0,0.0008911255281418562,0.0008927735056125147,,,,
466,True,,,0.034252967685461044,,0.0,,,,,,0.0026580586563795805,0.049338530749082565,8.300004992634058e-05,0.023820661008358,0.014980768784880638,0.08639498054981232,0.0,0.0,0.0007596241775900126,0.0008923102351717438,,,,
467,True,,,0.03857407718896866,,0.0,,,,,,0.002169238403439522,0.03969927877187729,4.107535278308205e-05,0.021046392619609833,0.013636934570968151,0.08640144020318985,0.0,0.0,0.0006359253893606365,0.0008918461020942335,,,,
468,True,,,0.030948519706726074,,0.0,,,,,,0.003711902303621173,0.06543746590614319,8.033138874452561e-05,0.0363059900701046,0.02483661100268364,0.08640790730714798,0.0,0.0,0.0008336387109011412,0.0008913811075496196,,,,
469,True,,,0.024535594508051872,,0.0,,,,,,0.002577004721388221,0.04121086746454239,4.8101712309289724e-05,0.024320296943187714,0.016488656401634216,0.08641432970762253,0.0,0.0,0.0006624736706726253,0.0008909152527097086,,,,
470,True,,,0.03223221004009247,,0.0,,,,,,0.003105011535808444,0.05404096096754074,6.275133637245744e-05,0.029207689687609673,0.01948067732155323,0.08642075955867767,0.0,0.0,0.0006780563271604478,0.0008904485387484748,,,,
471,True,,,0.03018755279481411,,0.0,,,,,,0.004022590816020966,0.07373569905757904,3.079832822550088e-05,0.03848883882164955,0.025911130011081696,0.08642735332250595,0.0,0.0,0.0006898583378642797,0.0008899809668420581,,,,
472,True,,,0.04402558505535126,,0.0,,,,,,0.0022759423591196537,0.05207619071006775,4.308111238060519e-05,0.02210286632180214,0.013293169438838959,0.08643373847007751,0.0,0.0,0.0007844084175303578,0.0008895125381687598,,,,
473,True,,,0.03099243715405464,,0.0,,,,,,0.0038134525530040264,0.03838213533163071,4.181037002126686e-05,0.029295332729816437,0.020448442548513412,0.0864395946264267,0.0,0.0,0.000583386339712888,0.000889043253909041,,,,
474,True,,,0.035451456904411316,,0.0,,,,,,0.004950792528688908,0.0585816390812397,8.300004992634058e-05,0.0404786691069603,0.028409244492650032,0.08644551038742065,0.0,0.0,0.0007533768657594919,0.000888573115245518,,,,
475,True,,,0.03186539560556412,,0.0,,,,,,0.0034544046502560377,0.0523260124027729,4.107535278308205e-05,0.028930900618433952,0.01904018595814705,0.08645171672105789,0.0,0.0,0.0007550653535872698,0.0008881021233629612,,,,
476,True,,,0.05259678140282631,,0.0,,,,,,0.0034808465279638767,0.047655340284109116,8.033138874452561e-05,0.03236623480916023,0.02268913947045803,0.08645803481340408,0.0,0.0,0.0008672283147461712,0.0008876302794482903,,,,
477,True,,,0.044314194470644,,0.0,,,,,,0.0034763168077915907,0.060639940202236176,4.8101712309289724e-05,0.028849909082055092,0.0179777592420578,0.08646448701620102,0.0,0.0,0.0007836896111257374,0.0008871575846905732,,,,
478,True,,,0.03118886798620224,,0.0,,,,,,0.0016146721318364143,0.030655784532427788,6.275133637245744e-05,0.0151637839153409,0.009275561198592186,0.08647076785564423,0.0,0.0,0.0007530681905336678,0.0008866840402810207,,,,
479,True,,,0.04028301686048508,,0.0,,,,,,0.0029675045516341925,0.04317852482199669,3.079832822550088e-05,0.024502476677298546,0.015934119001030922,0.08647697418928146,0.0,0.0,0.0009052025270648301,0.0008862096474129859,,,,
480,True,,,0.04528893530368805,,0.0,,,,,,0.003092086873948574,0.05758672207593918,4.308111238060519e-05,0.028205545619130135,0.018015526235103607,0.08648302406072617,0.0,0.0,0.0008113703806884587,0.0008857344072819589,,,,
481,True,,,0.023021100088953972,,0.0,,,,,,0.0036609098315238953,0.05118671432137489,4.181037002126686e-05,0.02789745293557644,0.01800186187028885,0.0864892229437828,0.0,0.0,0.0008004953269846737,0.000885258321085566,,,,
482,True,,,0.04421614855527878,,0.0,,,,,,0.0033728666603565216,0.07063402235507965,8.300004992634058e-05,0.031225942075252533,0.01944105140864849,0.08649608492851257,0.0,0.0,0.0008297603926621377,0.0008847813900235654,,,,
483,True,,,0.027261748909950256,,0.0,,,,,,0.0021569225937128067,0.03922343626618385,4.107535278308205e-05,0.019224990159273148,0.011987539008259773,0.0865030586719513,0.0,0.0,0.0006281417445279658,0.000884303615297844,,,,
484,True,,,0.03888676315546036,,0.0,,,,,,0.0024104746989905834,0.0380399152636528,8.033138874452561e-05,0.020793067291378975,0.013284468092024326,0.08651003986597061,0.0,0.0,0.0006155269220471382,0.0008838249981124147,,,,
485,True,,,0.04185710847377777,,0.0,,,,,,0.007364771328866482,0.06736784428358078,4.8101712309289724e-05,0.051702555269002914,0.036293212324380875,0.08651699125766754,0.0,0.0,0.0012638485059142113,0.000883345539673414,,,,
486,True,,,0.04234001040458679,,0.0,,,,,,0.004983036313205957,0.051447950303554535,6.275133637245744e-05,0.03782963380217552,0.026381775736808777,0.08652500063180923,0.0,0.0,0.0008252375409938395,0.0008828652411890981,,,,
487,True,,,0.02525429241359234,,0.0,,,,,,0.00447241123765707,0.05457165837287903,3.079832822550088e-05,0.03926798701286316,0.028205139562487602,0.08653280884027481,0.0,0.0,0.000950885412748903,0.0008823841038698401,,,,
488,True,,,0.024880675598978996,,0.0,,,,,,0.0026426161639392376,0.05135791003704071,4.308111238060519e-05,0.026276905089616776,0.017362739890813828,0.08654113113880157,0.0,0.0,0.0006361654959619045,0.0008819021289281269,,,,
489,True,,,0.031478919088840485,,0.0,,,,,,0.006256745662540197,0.05779744312167168,4.181037002126686e-05,0.05118384212255478,0.03794616088271141,0.08654917776584625,0.0,0.0,0.0009626191458664834,0.0008814193175785568,,,,
490,True,,,0.024955442175269127,,0.0,,,,,,0.0023192032240331173,0.048429448157548904,8.300004992634058e-05,0.02409251779317856,0.01577373594045639,0.08655781298875809,0.0,0.0,0.00076123425969854,0.0008809356710378351,,,,
491,True,,,0.025623919442296028,,0.0,,,,,,0.002128779422491789,0.044150687754154205,4.107535278308205e-05,0.0221195537596941,0.01443326473236084,0.08656638115644455,0.0,0.0,0.0007348464569076896,0.0008804511905247724,,,,
492,True,,,0.026688549667596817,,0.0,,,,,,0.0033187875524163246,0.041131552308797836,8.033138874452561e-05,0.029220256954431534,0.020615508779883385,0.08657529205083847,0.0,0.0,0.0007883465732447803,0.0008799658772602805,,,,
493,True,,,0.0418887697160244,,0.0,,,,,,0.0030147514771670103,0.06471996009349823,4.8101712309289724e-05,0.029114000499248505,0.018318472430109978,0.08658406138420105,0.0,0.0,0.0007864533108659089,0.0008794797324673704,,,,
494,True,,,0.028303440660238266,,0.0,,,,,,0.0013823925983160734,0.031916599720716476,6.275133637245744e-05,0.014946221373975277,0.00919183250516653,0.08659258484840393,0.0,0.0,0.0005500041879713535,0.0008789927573711478,,,,
495,True,,,0.01914501003921032,,0.0,,,,,,0.003832681803032756,0.04591874033212662,3.079832822550088e-05,0.035648465156555176,0.026151051744818687,0.08660072088241577,0.0,0.0,0.000642393424641341,0.0008785049531988116,,,,
496,True,,,0.02313901111483574,,0.0,,,,,,0.002440527779981494,0.0448269359767437,4.308111238060519e-05,0.023803621530532837,0.01576138101518154,0.08660867810249329,0.0,0.0,0.0006979370955377817,0.0008780163211796494,,,,
497,True,,,0.03354115039110184,,0.0,,,,,,0.003509142203256488,0.05522339418530464,4.181037002126686e-05,0.035572394728660583,0.025318428874015808,0.08661656081676483,0.0,0.0,0.0006797374808229506,0.000877526862545035,,,,
498,True,,,0.034731559455394745,,0.0,,,,,,0.0023900899104774,0.03626186400651932,8.300004992634058e-05,0.020815709605813026,0.013544376939535141,0.08662404865026474,0.0,0.0,0.0007114712498150766,0.000877036578528426,,,,
499,True,,,0.030563047155737877,,0.0,,,,,,0.0019660014659166336,0.03992118313908577,4.107535278308205e-05,0.017765896394848824,0.010615292936563492,0.08663169294595718,0.0,0.0,0.000520668167155236,0.0008765454703653591,,,,
500,True,,,0.05240614712238312,,0.0,,,,,,0.0026201652362942696,0.04388583451509476,8.033138874452561e-05,0.024132050573825836,0.015692686662077904,0.08663895726203918,0.0,0.0,0.0006693690665997565,0.0008760535392934487,0.00036992658535530407,0.00047846823305379996,0.00010652510916439875,3.622075813820455e-05
501,True,,,0.06756561249494553,,0.0,,,,,,0.002472970634698868,0.056622464209795,4.8101712309289724e-05,0.025680210441350937,0.015978826209902763,0.086646169424057,0.0,0.0,0.0009914939291775227,0.0008755607865523823,,,,
502,True,,,0.026716921478509903,,0.0,,,,,,0.0019000328611582518,0.03594063222408295,6.275133637245744e-05,0.018498089164495468,0.011838912032544613,0.08665356785058975,0.0,0.0,0.0005567169864661992,0.0008750672133839185,,,,
503,True,,,0.02665923535823822,,0.0,,,,,,0.0031571430154144764,0.04340329021215439,3.079832822550088e-05,0.030179116874933243,0.021533044055104256,0.08666078001260757,0.0,0.0,0.0008816552581265569,0.0008745728210318832,,,,
504,True,,,0.04821751266717911,,0.0,,,,,,0.007511473260819912,0.08829255402088165,4.308111238060519e-05,0.06741447001695633,0.04970334842801094,0.08666786551475525,0.0,0.0,0.0010875281877815723,0.0008740776107421665,,,,
505,True,,,0.025309955701231956,,0.0,,,,,,0.002682723104953766,0.04086657613515854,4.181037002126686e-05,0.02289963886141777,0.014989499002695084,0.08667540550231934,0.0,0.0,0.0006551307742483914,0.0008735815837627204,,,,
506,True,,,0.023301538079977036,,0.0,,,,,,0.0014177393168210983,0.042300596833229065,8.300004992634058e-05,0.01561594195663929,0.008826796896755695,0.08668303489685059,0.0,0.0,0.0005512912757694721,0.0008730847413435541,,,,
507,True,,,0.022747023031115532,,0.0,,,,,,0.00189033686183393,0.03966629132628441,4.107535278308205e-05,0.019956424832344055,0.01298454962670803,0.0866900309920311,0.0,0.0,0.0006594177102670074,0.0008725870847367324,,,,
508,True,,,0.022940410301089287,,0.0,,,,,,0.0018720215884968638,0.03995658457279205,8.033138874452561e-05,0.017527122050523758,0.010522902011871338,0.08669717609882355,0.0,0.0,0.0006275105988606811,0.0008720886151963715,,,,
509,True,,,0.030230902135372162,,0.0,,,,,,0.002577959094196558,0.037809502333402634,4.8101712309289724e-05,0.021568506956100464,0.014016196131706238,0.08670413494110107,0.0,0.0,0.000718164723366499,0.0008715893339786366,,,,
510,True,,,0.02788720279932022,,0.0,,,,,,0.0024772216565907,0.04495254158973694,6.275133637245744e-05,0.022859834134578705,0.014710000716149807,0.08671088516712189,0.0,0.0,0.0007319883443415165,0.0008710892423417383,,,,
511,True,,,0.024824418127536774,,0.0,,,,,,0.0038866503164172173,0.04333803430199623,3.079832822550088e-05,0.03382129222154617,0.0244700126349926,0.08671790361404419,0.0,0.0,0.0007476630853489041,0.000870588341545929,,,,
512,True,,,0.038484685122966766,,0.0,,,,,,0.0033792518079280853,0.04688899219036102,4.308111238060519e-05,0.028115149587392807,0.018773363903164864,0.08672460913658142,0.0,0.0,0.0008478053496219218,0.0008700866328535009,,,,
513,True,,,0.026225019246339798,,0.0,,,,,,0.004317427519708872,0.044468123465776443,4.181037002126686e-05,0.03601422160863876,0.026099510490894318,0.08673165738582611,0.0,0.0,0.0008170229848474264,0.0008695841175287814,,,,
514,True,,,0.03883068636059761,,0.0,,,,,,0.004624742083251476,0.06458772718906403,8.300004992634058e-05,0.04184385761618614,0.02946314960718155,0.08673903346061707,0.0,0.0,0.0008536266395822167,0.0008690807968381316,,,,
515,True,,,0.03536904603242874,,0.0,,,,,,0.002660435391589999,0.05248115211725235,4.107535278308205e-05,0.02759232558310032,0.01844208315014839,0.08674632757902145,0.0,0.0,0.000586296955589205,0.0008685766720499413,,,,
516,True,,,0.04021202772855759,,0.0,,,,,,0.004234983120113611,0.05848883092403412,8.033138874452561e-05,0.035663336515426636,0.024269647896289825,0.08675370365381241,0.0,0.0,0.0007349969819188118,0.000868071744434627,,,,
517,True,,,0.038934215903282166,,0.0,,,,,,0.004164748825132847,0.0601392425596714,4.8101712309289724e-05,0.03641318157315254,0.024953505024313927,0.08676119893789291,0.0,0.0,0.0009171896381303668,0.0008675660152646283,,,,
518,True,,,0.020762557163834572,,0.0,,,,,,0.002697410760447383,0.03443391993641853,6.275133637245744e-05,0.024440251290798187,0.017192762345075607,0.08676862716674805,0.0,0.0,0.0007626424776390195,0.0008670594858144049,,,,
519,True,,,0.035031549632549286,,0.0,,,,,,0.0018213156145066023,0.043894700706005096,3.079832822550088e-05,0.01771954819560051,0.010275287553668022,0.08677607774734497,0.0,0.0,0.0006465806509368122,0.000866552157360433,,,,
520,True,,,0.03164559230208397,,0.0,,,,,,0.003108092350885272,0.04262702539563179,4.308111238060519e-05,0.02738984301686287,0.018813222646713257,0.08678295463323593,0.0,0.0,0.000869295559823513,0.0008660440311812028,,,,
521,True,,,0.02558545023202896,,0.0,,,,,,0.0016530909342691302,0.04078025743365288,4.181037002126686e-05,0.016690777614712715,0.009815005585551262,0.0867895558476448,0.0,0.0,0.0005101194838061929,0.000865535108557214,,,,
522,True,,,0.03194582462310791,,0.0,,,,,,0.0038978634402155876,0.043962590396404266,8.300004992634058e-05,0.03122519515454769,0.021702155470848083,0.08679583668708801,0.0,0.0,0.0006582440692000091,0.0008650253907709741,,,,
523,True,,,0.029076702892780304,,0.0,,,,,,0.00238802470266819,0.042070381343364716,4.107535278308205e-05,0.021999137476086617,0.014224749058485031,0.08680207282304764,0.0,0.0,0.0005624208133667707,0.0008645148791069939,,,,
524,True,,,0.03478679060935974,,0.0,,,,,,0.00524591188877821,0.07129678130149841,8.033138874452561e-05,0.0435074046254158,0.029875699430704117,0.08680815994739532,0.0,0.0,0.0009060910088010132,0.0008640035748517854,,,,
525,True,,,0.05430249497294426,,0.0,,,,,,0.007573211565613747,0.0766548216342926,4.8101712309289724e-05,0.06309813261032104,0.04642421007156372,0.08681460469961166,0.0,0.0,0.00113501469604671,0.0008634914792938577,,,,
526,True,,,0.028060797601938248,,0.0,,,,,,0.0025820645969361067,0.04464735463261604,6.275133637245744e-05,0.025893770158290863,0.017666775733232498,0.08682114630937576,0.0,0.0,0.0006393368821591139,0.0008629785937237138,,,,
527,True,,,0.031989745795726776,,0.0,,,,,,0.005359956994652748,0.046109579503536224,3.079832822550088e-05,0.041908442974090576,0.030733950436115265,0.08682788908481598,0.0,0.0,0.000921395025216043,0.0008624649194338476,,,,
528,True,,,0.03548074886202812,,0.0,,,,,,0.002901010913774371,0.04761191084980965,4.308111238060519e-05,0.02927110530436039,0.020364202558994293,0.08683513849973679,0.0,0.0,0.0007592269103042781,0.0008619504577187411,,,,
529,True,,,0.04051004350185394,,0.0,,,,,,0.0040558744221925735,0.04786624759435654,4.181037002126686e-05,0.029667377471923828,0.01953044906258583,0.086842380464077,0.0,0.0,0.0007849227986298501,0.0008614352098748598,,,,
530,True,,,0.039920128881931305,,0.0,,,,,,0.0024725485127419233,0.04907692223787308,8.300004992634058e-05,0.02544170804321766,0.016752272844314575,0.0868491381406784,0.0,0.0,0.0007845917716622353,0.0008609191772006511,,,,
531,True,,,0.03681175783276558,,0.0,,,,,,0.001872620778158307,0.043037593364715576,4.107535278308205e-05,0.018685277551412582,0.011251676827669144,0.0868564322590828,0.0,0.0,0.0007690092315897346,0.0008604023609965398,,,,
532,True,,,0.03575444594025612,,0.0,,,,,,0.004655726253986359,0.05394880101084709,8.033138874452561e-05,0.03881292790174484,0.02749597281217575,0.08686359971761703,0.0,0.0,0.0008564425515942276,0.0008598847625649255,,,,
533,True,,,0.03260701149702072,,0.0,,,,,,0.003769197501242161,0.04585997760295868,4.8101712309289724e-05,0.030787315219640732,0.021213289350271225,0.08687093108892441,0.0,0.0,0.0008330641430802643,0.0008593663832101783,,,,
534,True,,,0.031634386628866196,,0.0,,,,,,0.003455087309703231,0.047610629349946976,6.275133637245744e-05,0.025514155626296997,0.01608150824904442,0.08687777817249298,0.0,0.0,0.000660111487377435,0.0008588472242386375,,,,
535,True,,,0.03360157832503319,,0.0,,,,,,0.0019161642994731665,0.03974488750100136,3.079832822550088e-05,0.018180690705776215,0.01106977742165327,0.086884506046772,0.0,0.0,0.0023081533145159483,0.000858327286958606,,,,
536,True,,,0.036838121712207794,,0.0,,,,,,0.005323248915374279,0.05076933279633522,4.308111238060519e-05,0.04955527186393738,0.037896253168582916,0.08689115196466446,0.0,0.0,0.0009964589262381196,0.0008578065726803483,,,,
537,True,,,0.04227374494075775,,0.0,,,,,,0.0054769678972661495,0.08231466263532639,4.181037002126686e-05,0.04728006571531296,0.032259006053209305,0.08689812570810318,0.0,0.0,0.0008268770179711282,0.0008572850827160874,,,,
538,True,,,0.04210549220442772,,0.0,,,,,,0.0021493975073099136,0.03249132260680199,8.300004992634058e-05,0.017163459211587906,0.010433323681354523,0.08690514415502548,0.0,0.0,0.0008698278688825667,0.0008567628183800007,,,,
539,True,,,0.05085563287138939,,0.0,,,,,,0.004417757969349623,0.0643765777349472,4.107535278308205e-05,0.03628162294626236,0.0240279920399189,0.08691210299730301,0.0,0.0,0.0009493351681157947,0.0008562397809882171,,,,
540,True,,,0.05869467929005623,,0.0,,,,,,0.0032602499704807997,0.05175820738077164,8.033138874452561e-05,0.02856026031076908,0.018627887591719627,0.0869189128279686,0.0,0.0,0.0011350534623488784,0.0008557159718588136,,,,
541,True,,,0.02461950294673443,,0.0,,,,,,0.0025587384589016438,0.0568716898560524,4.8101712309289724e-05,0.027325132861733437,0.017939720302820206,0.0869259387254715,0.0,0.0,0.0007121688686311245,0.0008551913923118122,,,,
542,True,,,0.03999096155166626,,0.0,,,,,,0.005339924246072769,0.0660984069108963,6.275133637245744e-05,0.04518233612179756,0.03193195164203644,0.08693346381187439,0.0,0.0,0.0008368118433281779,0.0008546660436691764,,,,
543,True,,,0.04587055370211601,,0.0,,,,,,0.0038775175344198942,0.058559779077768326,3.079832822550088e-05,0.03559458628296852,0.02451758086681366,0.08694033324718475,0.0,0.0,0.0010128187714144588,0.0008541399272548074,,,,
544,True,,,0.03997588902711868,,0.0,,,,,,0.00293574552051723,0.04510717839002609,4.308111238060519e-05,0.027739690616726875,0.019002456218004227,0.08694709092378616,0.0,0.0,0.0009546573273837566,0.0008536130443945417,,,,
545,True,,,0.021452071145176888,,0.0,,,,,,0.0016674860380589962,0.03449959307909012,4.181037002126686e-05,0.01661098375916481,0.010388579219579697,0.08695337921380997,0.0,0.0,0.0005238032317720354,0.0008530853964161471,,,,
546,True,,,0.026548150926828384,,0.0,,,,,,0.0017937602242454886,0.035444557666778564,8.300004992634058e-05,0.016359593719244003,0.00984480232000351,0.08695942163467407,0.0,0.0,0.0005517132813110948,0.0008525569846493194,,,,
547,True,,,0.04342341050505638,,0.0,,,,,,0.002994012786075473,0.042757757008075714,4.107535278308205e-05,0.022213418036699295,0.013619203120470047,0.086965411901474,0.0,0.0,0.0010850349208340049,0.0008520278104256796,,,,
548,True,,,0.028239235281944275,,0.0,,,,,,0.00344131700694561,0.048252105712890625,8.033138874452561e-05,0.0303715281188488,0.02091273106634617,0.08697117120027542,0.0,0.0,0.0007211049669422209,0.0008514978750787696,,,,
549,True,,,0.025215039029717445,,0.0,,,,,,0.001441324595361948,0.034580569714307785,4.8101712309289724e-05,0.015339222736656666,0.009293871931731701,0.08697687834501266,0.0,0.0,0.0004851250851061195,0.0008509671799440498,,,,
550,True,,,0.030986478552222252,,0.0,,,,,,0.0017881928943097591,0.035296984016895294,6.275133637245744e-05,0.017370635643601418,0.010841678828001022,0.08698255568742752,0.0,0.0,0.0006181237986311316,0.000850435726358895,,,,
551,True,,,0.0478292852640152,,0.0,,,,,,0.004049418494105339,0.05003553256392479,3.079832822550088e-05,0.03660900890827179,0.02619246020913124,0.08698834478855133,0.0,0.0,0.0009076829883269966,0.0008499035156625916,,,,
552,True,,,0.026608441025018692,,0.0,,,,,,0.003142027650028467,0.05290418490767479,4.308111238060519e-05,0.02750658057630062,0.017916567623615265,0.08699417114257812,0.0,0.0,0.0006359084509313107,0.0008493705491963336,,,,
553,True,,,0.03318614885210991,,0.0,,,,,,0.003528585424646735,0.05650930851697922,4.181037002126686e-05,0.03495147451758385,0.02454918622970581,0.08700026571750641,0.0,0.0,0.0008314339793287218,0.0008488368283032198,,,,
554,True,,,0.033334773033857346,,0.0,,,,,,0.0024775550700724125,0.04847736284136772,8.300004992634058e-05,0.025865882635116577,0.017295673489570618,0.08700700849294662,0.0,0.0,0.0006632370641455054,0.0008483023543282502,,,,
555,True,,,0.03655651956796646,,0.0,,,,,,0.0036739055067300797,0.05436848849058151,4.107535278308205e-05,0.03036162070930004,0.019994627684354782,0.08701374381780624,0.0,0.0,0.0009625914972275496,0.0008477671286183226,,,,
556,True,,,0.03255441412329674,,0.0,,,,,,0.0011446771677583456,0.03598316013813019,8.033138874452561e-05,0.012528295628726482,0.006549387704581022,0.08702053874731064,0.0,0.0,0.0004684588930103928,0.000847231152522229,,,,
557,True,,,0.03989304602146149,,0.0,,,,,,0.0043091485276818275,0.058164335787296295,4.8101712309289724e-05,0.0360066257417202,0.02458779327571392,0.08702702075242996,0.0,0.0,0.0009077349677681923,0.0008466944273906529,,,,
558,True,,,0.031450189650058746,,0.0,,,,,,0.0024965214543044567,0.04213017597794533,6.275133637245744e-05,0.024775663390755653,0.016849912703037262,0.0870334804058075,0.0,0.0,0.0009670846629887819,0.0008461569545761646,,,,
559,True,,,0.032682739198207855,,0.0,,,,,,0.004560546018183231,0.06187156215310097,3.079832822550088e-05,0.03908010944724083,0.02711978182196617,0.0870397761464119,0.0,0.0,0.0007967506535351276,0.0008456187354332193,,,,
560,True,,,0.042743660509586334,,0.0,,,,,,0.005330327898263931,0.05666843429207802,4.308111238060519e-05,0.04542626067996025,0.033109650015830994,0.08704610168933868,0.0,0.0,0.0010580060770735145,0.0008450797713181528,,,,
561,True,,,0.033164188265800476,,0.0,,,,,,0.004992011468857527,0.05969617888331413,4.181037002126686e-05,0.04229499399662018,0.03011029027402401,0.08705297112464905,0.0,0.0,0.0007254552911035717,0.0008445400635891783,,,,
562,True,,,0.03317109867930412,,0.0,,,,,,0.005750991404056549,0.06509728729724884,8.300004992634058e-05,0.04713555797934532,0.03363102674484253,0.08705995976924896,0.0,0.0,0.0008899551467038691,0.0008439996136063825,,,,
563,True,,,0.02729499153792858,,0.0,,,,,,0.002906272653490305,0.04748700559139252,4.107535278308205e-05,0.02879592962563038,0.019976794719696045,0.08706746250391006,0.0,0.0,0.0007400410249829292,0.0008434584227317232,,,,
564,True,,,0.0450054407119751,,0.0,,,,,,0.005112788174301386,0.07265350222587585,8.033138874452561e-05,0.04505189508199692,0.03131278604269028,0.08707505464553833,0.0,0.0,0.0009600677294656634,0.0008429164923290249,,,,
565,True,,,0.036410097032785416,,0.0,,,,,,0.0046493979170918465,0.05299031361937523,4.8101712309289724e-05,0.03524274379014969,0.02403532899916172,0.08708321303129196,0.0,0.0,0.0008426630520261824,0.000842373823763976,,,,
566,True,,,0.04405791312456131,,0.0,,,,,,0.005021196324378252,0.06120473891496658,6.275133637245744e-05,0.04187209531664848,0.029387548565864563,0.08709199726581573,0.0,0.0,0.0008775776368565857,0.0008418304184041249,,,,
567,True,,,0.04189414530992508,,0.0,,,,,,0.0031765634194016457,0.05519052594900131,3.079832822550088e-05,0.028046606108546257,0.018045645207166672,0.08710064738988876,0.0,0.0,0.000764329161029309,0.0008412862776188769,,,,
568,True,,,0.028393981978297234,,0.0,,,,,,0.0031027025543153286,0.04977252334356308,4.308111238060519e-05,0.028004972264170647,0.018748445436358452,0.08710923790931702,0.0,0.0,0.0007754270336590707,0.0008407414027794906,,,,
569,True,,,0.05402681231498718,,0.0,,,,,,0.0023796490859240294,0.04125650227069855,4.181037002126686e-05,0.018897786736488342,0.010960137471556664,0.0871177464723587,0.0,0.0,0.0008447453146800399,0.0008401957952590742,,,,
570,True,,,0.025482922792434692,,0.0,,,,,,0.003135284408926964,0.04770304635167122,8.300004992634058e-05,0.027263011783361435,0.01818983629345894,0.08712571859359741,0.0,0.0,0.0007489779382012784,0.0008396494564325825,,,,
571,True,,,0.04219032824039459,,0.0,,,,,,0.003857071977108717,0.060819946229457855,4.107535278308205e-05,0.03350936993956566,0.022256523370742798,0.08713390678167343,0.0,0.0,0.0006278697983361781,0.0008391023876768134,,,,
572,True,,,0.04356466978788376,,0.0,,,,,,0.005505284294486046,0.05936845391988754,8.033138874452561e-05,0.045874614268541336,0.03308524936437607,0.08714194595813751,0.0,0.0,0.0008811028674244881,0.0008385545903704039,,,,
573,True,,,0.040375519543886185,,0.0,,,,,,0.006475184112787247,0.0742250457406044,4.8101712309289724e-05,0.051048535853624344,0.03585154563188553,0.08714983612298965,0.0,0.0,0.0010123950196430087,0.0008380060658938272,,,,
574,True,,,0.03691644221544266,,0.0,,,,,,0.0037751186173409224,0.05249861255288124,6.275133637245744e-05,0.03035968355834484,0.020062576979398727,0.08715853095054626,0.0,0.0,0.0007384683121927083,0.0008374568156293886,,,,
575,True,,,0.03192313760519028,,0.0,,,,,,0.0025512357242405415,0.038254376500844955,3.079832822550088e-05,0.02449037693440914,0.016907403245568275,0.08716686815023422,0.0,0.0,0.0006772577180527151,0.0008369068409612234,,,,
576,True,,,0.0333201065659523,,0.0,,,,,,0.004180097486823797,0.06501341611146927,4.308111238060519e-05,0.033033281564712524,0.021125352010130882,0.08717479556798935,0.0,0.0,0.0005931835039518774,0.0008363561432752911,,,,
577,True,,,0.048820242285728455,,0.0,,,,,,0.004195522051304579,0.07582741975784302,4.181037002126686e-05,0.038648903369903564,0.02548970654606819,0.0871826559305191,0.0,0.0,0.0008068034658208489,0.0008358047239593743,,,,
578,True,,,0.030531637370586395,,0.0,,,,,,0.004823545925319195,0.052193813025951385,8.300004992634058e-05,0.042733218520879745,0.03147156536579132,0.0871909111738205,0.0,0.0,0.0011336893076077104,0.0008352525844030739,,,,
579,True,,,0.04469197988510132,,0.0,,,,,,0.0021132405381649733,0.039833053946495056,4.107535278308205e-05,0.020963115617632866,0.013527115806937218,0.08719978481531143,0.0,0.0,0.0007406804361380637,0.0008346997259978051,,,,
580,True,,,0.07410039752721786,,0.0,,,,,,0.0033739060163497925,0.05581790581345558,8.033138874452561e-05,0.030719468370079994,0.020110517740249634,0.08720839768648148,0.0,0.0,0.007854058407247066,0.0008341461501367958,,,,
581,True,,,0.03217090666294098,,0.0,,,,,,0.003513933625072241,0.062086526304483414,4.8101712309289724e-05,0.03487794101238251,0.023937424644827843,0.08721715211868286,0.0,0.0,0.0007982012466527522,0.0008335918582150812,,,,
582,True,,,0.0361606739461422,,0.0,,,,,,0.0026696508284658194,0.05486799776554108,6.275133637245744e-05,0.024303175508975983,0.014881481416523457,0.0872262716293335,0.0,0.0,0.0007612886838614941,0.0008330368516295009,,,,
583,True,,,0.0346389077603817,,0.0,,,,,,0.0014258696464821696,0.04121534153819084,3.079832822550088e-05,0.014665642753243446,0.007884101010859013,0.08723507076501846,0.0,0.0,0.0005169635987840593,0.0008324811317786959,,,,
584,True,,,0.044800423085689545,,0.0,,,,,,0.0032390356063842773,0.06079050526022911,4.308111238060519e-05,0.028291115537285805,0.01763105019927025,0.08724354207515717,0.0,0.0,0.0007829617825336754,0.0008319247000631048,,,,
585,True,,,0.033429887145757675,,0.0,,,,,,0.005803748033940792,0.07790502905845642,4.181037002126686e-05,0.04602207988500595,0.031200099736452103,0.08725226670503616,0.0,0.0,0.0008964526350609958,0.0008313675578849591,,,,
586,True,,,0.03440522775053978,,0.0,,,,,,0.0033187977969646454,0.03888028860092163,8.300004992634058e-05,0.026316162198781967,0.017851170152425766,0.0872611552476883,0.0,0.0,0.0008004973642528057,0.000830809706648282,,,,
587,True,,,0.038249604403972626,,0.0,,,,,,0.0034576847683638334,0.04743326082825661,4.107535278308205e-05,0.028823325410485268,0.019346579909324646,0.08727018535137177,0.0,0.0,0.0006879176362417638,0.0008302511477588828,,,,
588,True,,,0.03374481946229935,,0.0,,,,,,0.003134453436359763,0.05039076507091522,8.033138874452561e-05,0.027586303651332855,0.01816236972808838,0.0872790515422821,0.0,0.0,0.0006524569471366704,0.0008296918826243544,,,,
589,True,,,0.03470637649297714,,0.0,,,,,,0.002707645995542407,0.06003807485103607,4.8101712309289724e-05,0.028349492698907852,0.018394049257040024,0.08728766441345215,0.0,0.0,0.0008124685846269131,0.0008291319126540692,,,,
590,True,,,0.042207226157188416,,0.0,,,,,,0.004793303553014994,0.06907510757446289,6.275133637245744e-05,0.03787706047296524,0.02484983392059803,0.08729641139507294,0.0,0.0,0.0007528720307163894,0.0008285712392591759,,,,
591,True,,,0.02529851533472538,,0.0,,,,,,0.0009622552315704525,0.02507925033569336,3.079832822550088e-05,0.010329742915928364,0.0057181245647370815,0.08730536699295044,0.0,0.0,0.0004895521560683846,0.0008280098638525961,,,,
592,True,,,0.036296263337135315,,0.0,,,,,,0.001946109114214778,0.03140769898891449,4.308111238060519e-05,0.020985333248972893,0.014640810899436474,0.08731383085250854,0.0,0.0,0.0006537020090036094,0.0008274477878490205,,,,
593,True,,,0.024874407798051834,,0.0,,,,,,0.004433357156813145,0.055875591933727264,4.181037002126686e-05,0.03850540146231651,0.02734161540865898,0.08732204139232635,0.0,0.0,0.0007172157638706267,0.0008268850126649047,,,,
594,True,,,0.04048893228173256,,0.0,,,,,,0.004388422705233097,0.05750400573015213,8.300004992634058e-05,0.03927422687411308,0.02781570702791214,0.08733037859201431,0.0,0.0,0.0008028301526792347,0.0008263215397184673,,,,
595,True,,,0.05158131569623947,,0.0,,,,,,0.005429715849459171,0.05251797288656235,4.107535278308205e-05,0.04467396065592766,0.032582711428403854,0.08733838051557541,0.0,0.0,0.0009583362261764705,0.0008257573704296841,,,,
596,True,,,0.04369395598769188,,0.0,,,,,,0.003670032601803541,0.059822842478752136,8.033138874452561e-05,0.03520297631621361,0.024200089275836945,0.08734642714262009,0.0,0.0,0.0008848299039527774,0.0008251925062202868,,,,
597,True,,,0.041272737085819244,,0.0,,,,,,0.007128637284040451,0.061339013278484344,4.8101712309289724e-05,0.0543479286134243,0.039775069802999496,0.08735441416501999,0.0,0.0,0.0009025837061926723,0.000824626948513758,,,,
598,True,,,0.026785723865032196,,0.0,,,,,,0.002742647659033537,0.04329964518547058,6.275133637245744e-05,0.026334021240472794,0.018088553100824356,0.0873623713850975,0.0,0.0,0.0007873986032791436,0.0008240606987353274,,,,
599,True,,,0.04374665394425392,,0.0,,,,,,0.004402763210237026,0.0730593204498291,3.079832822550088e-05,0.03907882049679756,0.026043549180030823,0.08737079054117203,0.0,0.0,0.0009592988644726574,0.0008234937583119691,,,,
600,True,,,0.05435465648770332,,0.0,,,,,,0.003529750742018223,0.05004287138581276,4.308111238060519e-05,0.03197473660111427,0.02200181782245636,0.08737935870885849,0.0,0.0,0.0008879688684828579,0.0008229261286723981,0.00041251438912452427,0.0006520660677008894,0.00033574926268531354,2.2254137796153276e-05
601,True,,,0.029812300577759743,,0.0,,,,,,0.0019344859756529331,0.04484599828720093,4.181037002126686e-05,0.020480582490563393,0.012868586927652359,0.0873880609869957,0.0,0.0,0.0005589535576291382,0.0008223578112470658,,,,
602,True,,,0.02438061311841011,,0.0,,,,,,0.002426167717203498,0.03632711246609688,8.300004992634058e-05,0.022573061287403107,0.015354912728071213,0.08739646524190903,0.0,0.0,0.0006295525236055255,0.000821788807468157,,,,
603,True,,,0.043103303760290146,,0.0,,,,,,0.004265194293111563,0.05330556631088257,4.107535278308205e-05,0.033470623195171356,0.022549256682395935,0.08740439265966415,0.0,0.0,0.0007330598891712725,0.0008212191187695857,,,,
604,True,,,0.03528518229722977,,0.0,,,,,,0.0059663644060492516,0.05749716982245445,8.033138874452561e-05,0.047319091856479645,0.03433586657047272,0.08741234242916107,0.0,0.0,0.0008848668076097965,0.0008206487465869927,,,,
605,True,,,0.027406439185142517,,0.0,,,,,,0.0028630977030843496,0.047332294285297394,4.8101712309289724e-05,0.02721301093697548,0.0184443648904562,0.08742042630910873,0.0,0.0,0.0006920678424648941,0.0008200776923577406,,,,
606,True,,,0.027686424553394318,,0.0,,,,,,0.0016847585793584585,0.03418764844536781,6.275133637245744e-05,0.017230266705155373,0.010944221168756485,0.0874282568693161,0.0,0.0,0.0006032584933564067,0.0008195059575209109,,,,
607,True,,,0.03671969845890999,,0.0,,,,,,0.004223056137561798,0.05273687094449997,3.079832822550088e-05,0.03444082662463188,0.023687126114964485,0.08743579685688019,0.0,0.0,0.0007059825002215803,0.0008189335435173004,,,,
608,True,,,0.035784028470516205,,0.0,,,,,,0.0027175373397767544,0.04589173197746277,4.308111238060519e-05,0.025552520528435707,0.0169919952750206,0.08744338899850845,0.0,0.0,0.0006993358838371933,0.0008183604517894177,,,,
609,True,,,0.03040553443133831,,0.0,,,,,,0.003189217299222946,0.05208946764469147,4.181037002126686e-05,0.02764653041958809,0.018048901110887527,0.08745045959949493,0.0,0.0,0.0007257601246237755,0.0008177866837814786,,,,
610,True,,,0.034394651651382446,,0.0,,,,,,0.00464295968413353,0.049156785011291504,8.300004992634058e-05,0.04113706201314926,0.030318396165966988,0.08745814859867096,0.0,0.0,0.0008004565606825054,0.0008172122409394036,,,,
611,True,,,0.03161127120256424,,0.0,,,,,,0.003594613168388605,0.054552026093006134,4.107535278308205e-05,0.03211143985390663,0.021850310266017914,0.08746609836816788,0.0,0.0,0.0008312627905979753,0.0008166371247108139,,,,
612,True,,,0.024305637925863266,,0.0,,,,,,0.0028622206300497055,0.04263286292552948,8.033138874452561e-05,0.025749098509550095,0.017465628683567047,0.08747410774230957,0.0,0.0,0.0006153320427983999,0.0008160613365450275,,,,
613,True,,,0.032955266535282135,,0.0,,,,,,0.0029032272286713123,0.03881678730249405,4.8101712309289724e-05,0.024817682802677155,0.016804354265332222,0.08748192340135574,0.0,0.0,0.0007746883784420788,0.0008154848778930555,,,,
614,True,,,0.03687620535492897,,0.0,,,,,,0.0035703410394489765,0.0670376718044281,6.275133637245744e-05,0.03491418436169624,0.023365039378404617,0.08748997747898102,0.0,0.0,0.000775293679907918,0.0008149077502075991,,,,
615,True,,,0.03243739530444145,,0.0,,,,,,0.0037781852297484875,0.05465560406446457,3.079832822550088e-05,0.03700157254934311,0.02654307521879673,0.08749820291996002,0.0,0.0,0.0008667018264532089,0.000814329954943045,,,,
616,True,,,0.03337234631180763,,0.0,,,,,,0.006649010814726353,0.06116117537021637,4.308111238060519e-05,0.052550964057445526,0.038555510342121124,0.0875062644481659,0.0,0.0,0.0010849286336451769,0.0008137514935554629,,,,
617,True,,,0.059579432010650635,,0.0,,,,,,0.005949923302978277,0.07395466417074203,4.181037002126686e-05,0.047359123826026917,0.03252189978957176,0.08751395344734192,0.0,0.0,0.002209356287494302,0.0008131723675026005,,,,
618,True,,,0.053493622690439224,,0.0,,,,,,0.004112512804567814,0.05535654351115227,8.300004992634058e-05,0.031698159873485565,0.02059834450483322,0.087521493434906,0.0,0.0,0.0007879339973442256,0.0008125925782438806,,,,
619,True,,,0.0484338253736496,,0.0,,,,,,0.0027200763579458,0.042076822370290756,4.107535278308205e-05,0.028280962258577347,0.019973039627075195,0.08752888441085815,0.0,0.0,0.0009194744634442031,0.0008120121272403979,,,,
620,True,,,0.037753574550151825,,0.0,,,,,,0.0037623790558427572,0.0501447468996048,8.033138874452561e-05,0.03105185367166996,0.020981935784220695,0.08753624558448792,0.0,0.0,0.0007501111249439418,0.0008114310159549139,,,,
621,True,,,0.035393401980400085,,0.0,,,,,,0.002650585025548935,0.054283637553453445,4.8101712309289724e-05,0.02845543995499611,0.019123069941997528,0.08754359930753708,0.0,0.0,0.0007181416731327772,0.0008108492458518544,,,,
622,True,,,0.048093803226947784,,0.0,,,,,,0.003714421298354864,0.059234730899333954,6.275133637245744e-05,0.031937550753355026,0.02091183513402939,0.08755066245794296,0.0,0.0,0.0013343710452318192,0.0008102668183973056,,,,
623,True,,,0.04227301478385925,,0.0,,,,,,0.0027300319634377956,0.047350551933050156,3.079832822550088e-05,0.022605760022997856,0.013826961629092693,0.08755804598331451,0.0,0.0,0.0005839993827976286,0.00080968373505901,,,,
624,True,,,0.028049323707818985,,0.0,,,,,,0.003606895450502634,0.04710756614804268,4.308111238060519e-05,0.03386940062046051,0.024374065920710564,0.08756527304649353,0.0,0.0,0.0007076055044308305,0.0008090999973063633,,,,
625,True,,,0.052100226283073425,,0.0,,,,,,0.0034748422913253307,0.06497962772846222,4.181037002126686e-05,0.03178421035408974,0.020393777638673782,0.08757217973470688,0.0,0.0,0.0014579513808712363,0.00080851560661041,,,,
626,True,,,0.026971206068992615,,0.0,,,,,,0.004471956752240658,0.04730590432882309,8.300004992634058e-05,0.035878054797649384,0.025488507002592087,0.08757912367582321,0.0,0.0,0.0007083478267304599,0.00080793056444384,,,,
627,True,,,0.030266888439655304,,0.0,,,,,,0.0033372659236192703,0.04203781485557556,4.107535278308205e-05,0.02885194681584835,0.02011183649301529,0.08758561313152313,0.0,0.0,0.0006976685835979879,0.0008073448722809854,,,,
628,True,,,0.046651870012283325,,0.0,,,,,,0.003160332329571247,0.04968797788023949,8.033138874452561e-05,0.028641872107982635,0.01913013495504856,0.08759243786334991,0.0,0.0,0.0007300139404833317,0.0008067585315978158,,,,
629,True,,,0.03213880583643913,,0.0,,,,,,0.0036735231988132,0.05826558917760849,4.8101712309289724e-05,0.03459911048412323,0.023877596482634544,0.08759953081607819,0.0,0.0,0.0009065695921890438,0.0008061715438719355,,,,
630,True,,,0.03226538747549057,,0.0,,,,,,0.0018063387833535671,0.03961925208568573,6.275133637245744e-05,0.0176787581294775,0.010680394247174263,0.0876070111989975,0.0,0.0,0.0007027179817669094,0.0008055839105825791,,,,
631,True,,,0.031444329768419266,,0.0,,,,,,0.002867333125323057,0.04848543927073479,3.0433802749030292e-05,0.029710812494158745,0.02078912779688835,0.08761469274759293,0.0,0.0,0.0007768943905830383,0.0008049956332106079,,,,
632,True,,,0.034914836287498474,,0.0,,,,,,0.003967709839344025,0.05683296546339989,4.272449223208241e-05,0.03437913954257965,0.023481395095586777,0.08762242645025253,0.0,0.0,0.0006913277320563793,0.0008044067132385071,,,,
633,True,,,0.036275945603847504,,0.0,,,,,,0.0023174267262220383,0.03637053817510605,4.074398020748049e-05,0.021117687225341797,0.013903772458434105,0.08763012290000916,0.0,0.0,0.0010488034458830953,0.0008038171521503805,,,,
634,True,,,0.035737909376621246,,0.0,,,,,,0.0034700585529208183,0.06955257058143616,8.148826600518078e-05,0.03585144132375717,0.024151625111699104,0.08763784915208817,0.0,0.0,0.0007373100379481912,0.0008032269514319474,,,,
635,True,,,0.03699726611375809,,0.0,,,,,,0.0041223689913749695,0.0596761628985405,4.0327988244825974e-05,0.036867041140794754,0.025510456413030624,0.08764585852622986,0.0,0.0,0.0007474898011423647,0.0008026361125705401,,,,
636,True,,,0.02948061190545559,,0.0,,,,,,0.004060568753629923,0.06324020028114319,7.4131487053819e-05,0.03754787892103195,0.025954879820346832,0.08765368163585663,0.0,0.0,0.000815224542748183,0.0008020446370550978,,,,
637,True,,,0.04620207101106644,,0.0,,,,,,0.006948481779545546,0.05990937352180481,4.203647768008523e-05,0.052816782146692276,0.038517702370882034,0.08766189217567444,0.0,0.0,0.000920495658647269,0.0008014525263761647,,,,
638,True,,,0.025630567222833633,,0.0,,,,,,0.0032262331806123257,0.048216067254543304,6.04858469159808e-05,0.029685067012906075,0.02047397755086422,0.08767032623291016,0.0,0.0,0.00073880550917238,0.0008008597820258858,,,,
639,True,,,0.027885299175977707,,0.0,,,,,,0.003313847817480564,0.03986813500523567,2.8354479582048953e-05,0.03099626861512661,0.02252579666674137,0.08767814934253693,0.0,0.0,0.0008983127190731466,0.0008002664054980026,,,,
640,True,,,0.0376628115773201,,0.0,,,,,,0.0019872146658599377,0.052192579954862595,3.958424349548295e-05,0.020096005871891975,0.011616252362728119,0.08768611401319504,0.0,0.0,0.0006453357636928558,0.0007996723982878496,,,,
641,True,,,0.05798228457570076,,0.0,,,,,,0.003955376800149679,0.056860655546188354,3.746227957890369e-05,0.0307498499751091,0.019632913172245026,0.08769416809082031,0.0,0.0,0.0008986133616417646,0.0007990777618923514,,,,
642,True,,,0.033852413296699524,,0.0,,,,,,0.003604703349992633,0.054274313151836395,7.934641325846314e-05,0.03390567749738693,0.02361832559108734,0.08770208060741425,0.0,0.0,0.0009822575375437737,0.0007984824978100174,,,,
643,True,,,0.032571397721767426,,0.0,,,,,,0.0033944991882890463,0.05863276496529579,3.801949060289189e-05,0.031217878684401512,0.020738273859024048,0.08771057426929474,0.0,0.0,0.0007547696004621685,0.0007978866075409391,,,,
644,True,,,0.026128392666578293,,0.0,,,,,,0.003329067025333643,0.0485815703868866,7.4131487053819e-05,0.030638432130217552,0.02127566747367382,0.08771909028291702,0.0,0.0,0.0008827705751173198,0.000797290092586786,,,,
645,True,,,0.03450968861579895,,0.0,,,,,,0.0025558178313076496,0.04566650092601776,4.152168912696652e-05,0.024776674807071686,0.01641107350587845,0.08772768080234528,0.0,0.0,0.0006896269624121487,0.0007966929544508018,,,,
646,True,,,0.03058336302638054,,0.0,,,,,,0.001629250473342836,0.04255920276045799,6.009740172885358e-05,0.017404794692993164,0.010306380689144135,0.08773612231016159,0.0,0.0,0.0006496288115158677,0.0007960951946378009,,,,
647,True,,,0.03020406886935234,,0.0,,,,,,0.0016571946907788515,0.0411575622856617,2.801738264679443e-05,0.017314938828349113,0.010348496027290821,0.08774416148662567,0.0,0.0,0.0007467899704352021,0.0007954968146541638,,,,
648,True,,,0.024938086047768593,,0.0,,,,,,0.0029749046079814434,0.04965154081583023,3.9290152926696464e-05,0.025450346991419792,0.01636373996734619,0.08775220811367035,0.0,0.0,0.0007117748609744012,0.0007948978160078344,,,,
649,True,,,0.0423690564930439,,0.0,,,,,,0.002504926873371005,0.05386349931359291,3.555752118700184e-05,0.024123776704072952,0.01491343043744564,0.08776004612445831,0.0,0.0,0.001069559482857585,0.0007942982002083152,,,,
650,True,,,0.03568502888083458,,0.0,,,,,,0.003439132124185562,0.05203329026699066,7.713544619036838e-05,0.028177622705698013,0.018262064084410667,0.08776780217885971,0.0,0.0,0.0007499248604290187,0.0007936979687666647,,,,
651,True,,,0.026692260056734085,,0.0,,,,,,0.0033210953697562218,0.0479554645717144,3.7418765714392066e-05,0.03145923465490341,0.02217921055853367,0.08777526021003723,0.0,0.0,0.00072612235089764,0.0007930971231954919,,,,
652,True,,,0.04490961506962776,,0.0,,,,,,0.00259308866225183,0.04404978081583977,7.115303014870733e-05,0.018848786130547523,0.010488227009773254,0.08778204768896103,0.0,0.0,0.0006087413639761508,0.0007924956650089539,,,,
653,True,,,0.028177276253700256,,0.0,,,,,,0.0025476915761828423,0.04608406871557236,4.038924816995859e-05,0.02460705302655697,0.01627110317349434,0.08778839558362961,0.0,0.0,0.0005979019333608449,0.0007918935957227516,,,,
654,True,,,0.033274173736572266,,0.0,,,,,,0.002109348773956299,0.041326191276311874,5.917160160606727e-05,0.01960020698606968,0.012117965146899223,0.08779457211494446,0.0,0.0,0.0005908282473683357,0.0007912909168541262,,,,
655,True,,,0.031873200088739395,,0.0,,,,,,0.003498789854347706,0.06296093761920929,2.7150381356477737e-05,0.034250952303409576,0.023245755583047867,0.0878007635474205,0.0,0.0,0.0007863038335926831,0.0007906876299218544,,,,
656,True,,,0.03386373072862625,,0.0,,,,,,0.0037838267162442207,0.05200016871094704,3.861617005895823e-05,0.02905650995671749,0.018836654722690582,0.0878065675497055,0.0,0.0,0.0008149290806613863,0.0007900837364462459,,,,
657,True,,,0.035637494176626205,,0.0,,,,,,0.004029914271086454,0.06283865869045258,3.5438679333310574e-05,0.035771533846855164,0.024205539375543594,0.08781196922063828,0.0,0.0,0.000765075208619237,0.0007894792379491383,,,,
658,True,,,0.042422544211149216,,0.0,,,,,,0.005121213383972645,0.06004488468170166,7.713544619036838e-05,0.043076906353235245,0.03061024099588394,0.08781705796718597,0.0,0.0,0.000937538337893784,0.0007888741359538946,,,,
659,True,,,0.03337229788303375,,0.0,,,,,,0.0032811732962727547,0.0519731268286705,3.7418765714392066e-05,0.029398011043667793,0.019688867032527924,0.08782253414392471,0.0,0.0,0.0008256275905296206,0.0007882684319853979,,,,
660,True,,,0.036444880068302155,,0.0,,,,,,0.003028599312528968,0.04736746847629547,7.115303014870733e-05,0.02931758388876915,0.020273927599191666,0.08782859891653061,0.0,0.0,0.0007599644595757127,0.0007876621275700488,,,,
661,True,,,0.02913452684879303,,0.0,,,,,,0.0029714046977460384,0.052120938897132874,4.038924816995859e-05,0.029589755460619926,0.02021636813879013,0.08783493936061859,0.0,0.0,0.0006708166329190135,0.0007870552242357609,,,,
662,True,,,0.037162989377975464,,0.0,,,,,,0.0044015320017933846,0.05612554773688316,5.917160160606727e-05,0.03201247751712799,0.020718764513731003,0.08784080296754837,0.0,0.0,0.000743893557228148,0.0007864477235119571,,,,
663,True,,,0.032615989446640015,,0.0,,,,,,0.005319136194884777,0.05607367679476738,2.7133559342473745e-05,0.04235640913248062,0.030211713165044785,0.08784639090299606,0.0,0.0,0.0007669572369195521,0.0007858396269295656,,,,
664,True,,,0.026863759383559227,,0.0,,,,,,0.0030523210298269987,0.04424579441547394,3.862476660287939e-05,0.028596654534339905,0.019953282549977303,0.08785206824541092,0.0,0.0,0.0007444663788191974,0.0007852309360210167,,,,
665,True,,,0.020659931004047394,,0.0,,,,,,0.0018265217076987028,0.04175475984811783,3.539738827385008e-05,0.020921561866998672,0.013816691935062408,0.0878574401140213,0.0,0.0,0.0005529762129299343,0.0007846216523202378,,,,
666,True,,,0.029399026185274124,,0.0,,,,,,0.003051134292036295,0.049192946404218674,7.709525380050763e-05,0.027889711782336235,0.018708115443587303,0.08786275237798691,0.0,0.0,0.0006015749531798065,0.0007840117773626503,,,,
667,True,,,0.03614652901887894,,0.0,,,,,,0.004759103059768677,0.06625628471374512,3.74715200450737e-05,0.04016808792948723,0.027524475008249283,0.0878681093454361,0.0,0.0,0.0008024778217077255,0.0007834013126851659,,,,
668,True,,,0.035083699971437454,,0.0,,,,,,0.0050185127183794975,0.057808224111795425,7.110380101948977e-05,0.03996312618255615,0.027898665517568588,0.08787363022565842,0.0,0.0,0.000845136062707752,0.0007827902598261825,,,,
669,True,,,0.020837049931287766,,0.0,,,,,,0.002939052414149046,0.0364774614572525,4.042524960823357e-05,0.026170741766691208,0.018476564437150955,0.08787952363491058,0.0,0.0,0.0005673312698490918,0.0007821786203255797,,,,
670,True,,,0.028239093720912933,,0.0,,,,,,0.004128468222916126,0.0556630939245224,5.920654075453058e-05,0.03693482652306557,0.02604920230805874,0.08788508921861649,0.0,0.0,0.0008273911662399769,0.0007815663957247154,,,,
671,True,,,0.04005575180053711,,0.0,,,,,,0.0013798875734210014,0.05397326499223709,2.7133559342473745e-05,0.01478644646704197,0.006716199219226837,0.08789089322090149,0.0,0.0,0.0007305238395929337,0.0007809535875664231,,,,
672,True,,,0.027552247047424316,,0.0,,,,,,0.003962025046348572,0.04768838733434677,3.862476660287939e-05,0.03170861303806305,0.021803945302963257,0.08789687603712082,0.0,0.0,0.000800016860011965,0.0007803401973950056,,,,
673,True,,,0.02638264372944832,,0.0,,,,,,0.004884658381342888,0.06390828639268875,3.539738827385008e-05,0.044139422476291656,0.03170338273048401,0.08790257573127747,0.0,0.0,0.0011189511278644204,0.0007797262267562329,,,,
674,True,,,0.04794762656092644,,0.0,,,,,,0.0030334624461829662,0.05606582760810852,7.711541547905654e-05,0.026155663654208183,0.016118500381708145,0.08790825307369232,0.0,0.0,0.0013656077207997441,0.0007791116771973381,,,,
675,True,,,0.035854771733284,,0.0,,,,,,0.0043799988925457,0.054526131600141525,3.74715200450737e-05,0.03732430934906006,0.026235274970531464,0.08791378140449524,0.0,0.0,0.000763084040954709,0.0007784965502670127,,,,
676,True,,,0.030041731894016266,,0.0,,,,,,0.0025351494550704956,0.04274853318929672,7.110380101948977e-05,0.02391558326780796,0.015890419483184814,0.08791930228471756,0.0,0.0,0.0006945277564227581,0.0007778808475154036,,,,
677,True,,,0.029876358807086945,,0.0,,,,,,0.0028538915794342756,0.040457744151353836,4.042524960823357e-05,0.023703258484601974,0.015605369582772255,0.08792479336261749,0.0,0.0,0.0007017644820734859,0.0007772645704941084,,,,
678,True,,,0.04143676161766052,,0.0,,,,,,0.00446873065084219,0.06590771675109863,5.920654075453058e-05,0.04006073251366615,0.027677956968545914,0.0879301130771637,0.0,0.0,0.0014087959425523877,0.0007766477207561724,,,,
679,True,,,0.0269516222178936,,0.0,,,,,,0.0020006299018859863,0.04066844284534454,2.7133559342473745e-05,0.019176628440618515,0.01194670982658863,0.08793627470731735,0.0,0.0,0.0005647553480230272,0.0007760302998560836,,,,
680,True,,,0.02535024657845497,,0.0,,,,,,0.004119918681681156,0.04934854805469513,3.862476660287939e-05,0.03932028263807297,0.029113272204995155,0.08794216066598892,0.0,0.0,0.0007820245809853077,0.0007754123093497695,,,,
681,True,,,0.03608977049589157,,0.0,,,,,,0.0031798796262592077,0.04683791846036911,3.535272117005661e-05,0.032971885055303574,0.02385016158223152,0.0879477858543396,0.0,0.0,0.0008634918485768139,0.0007747937507945937,,,,
682,True,,,0.030060919001698494,,0.0,,,,,,0.004060246981680393,0.05596907436847687,7.70971819292754e-05,0.037575554102659225,0.02669970877468586,0.08795352280139923,0.0,0.0,0.0008423258550465107,0.0007741746257493503,,,,
683,True,,,0.027829647064208984,,0.0,,,,,,0.005069093778729439,0.05772058665752411,3.768370515899733e-05,0.04003753513097763,0.02801964432001114,0.08795951306819916,0.0,0.0,0.0008474180358462036,0.0007735549357742617,,,,
684,True,,,0.02806701324880123,,0.0,,,,,,0.001983140129595995,0.039952099323272705,7.225260196719319e-05,0.01946510747075081,0.012290309183299541,0.08796511590480804,0.0,0.0,0.0005098393303342164,0.0007729346824309735,,,,
685,True,,,0.055551350116729736,,0.0,,,,,,0.003735809586942196,0.06061108410358429,4.078031633980572e-05,0.0332869291305542,0.022034399211406708,0.08797042816877365,0.0,0.0,0.000731838692445308,0.0007723138672825512,,,,
686,True,,,0.032975200563669205,,0.0,,,,,,0.0027150320820510387,0.04960225149989128,5.984332165098749e-05,0.02592436410486698,0.01700967736542225,0.08797556906938553,0.0,0.0,0.0006903114845044911,0.0007716924918934762,,,,
687,True,,,0.03891903907060623,,0.0,,,,,,0.004987671971321106,0.08012549579143524,2.7520047297002748e-05,0.044641122221946716,0.030358146876096725,0.08798056095838547,0.0,0.0,0.0008411905146203935,0.0007710705578296417,,,,
688,True,,,0.03533430024981499,,0.0,,,,,,0.005330759100615978,0.05860573425889015,3.9087855839170516e-05,0.04275418445467949,0.03031011112034321,0.08798542618751526,0.0,0.0,0.0008189009968191385,0.0007704480666583486,,,,
689,True,,,0.02210322394967079,,0.0,,,,,,0.0028002604376524687,0.04196499288082123,3.619307608460076e-05,0.026238933205604553,0.018123138695955276,0.08799054473638535,0.0,0.0,0.0007625780417583883,0.0007698250199483018,,,,
690,True,,,0.04483582451939583,,0.0,,,,,,0.011602258309721947,0.0787801444530487,7.864654617151245e-05,0.11202491074800491,0.09117699414491653,0.08799554407596588,0.0,0.0,0.0013559552608057857,0.0007692014192696062,,,,
691,True,,,0.05502697080373764,,0.0,,,,,,0.004542821552604437,0.06931981444358826,3.791329436353408e-05,0.041868556290864944,0.02894451469182968,0.08800116926431656,0.0,0.0,0.0007924293167889118,0.0007685772661937628,,,,
692,True,,,0.032077543437480927,,0.0,,,,,,0.0021562734618782997,0.03789663687348366,7.324064790736884e-05,0.021620498970150948,0.014437089674174786,0.0880075991153717,0.0,0.0,0.0006369322654791176,0.0007679525622936646,,,,
693,True,,,0.03500021621584892,,0.0,,,,,,0.003690307727083564,0.05196145176887512,4.085040927748196e-05,0.03398072347044945,0.02384370192885399,0.0880141332745552,0.0,0.0,0.00076684495434165,0.0007673273091435926,,,,
694,True,,,0.026051562279462814,,0.0,,,,,,0.0024712756276130676,0.038536187261343,5.933959619142115e-05,0.022813700139522552,0.015318414196372032,0.08802065998315811,0.0,0.0,0.000772076949942857,0.0007667015083192123,,,,
695,True,,,0.03504078835248947,,0.0,,,,,,0.002799013163894415,0.04935166984796524,2.7453665097709745e-05,0.027005543932318687,0.01802695356309414,0.0880274623632431,0.0,0.0,0.000636035343632102,0.0007660751613975689,,,,
696,True,,,0.023174606263637543,,0.0,,,,,,0.003017447656020522,0.04196887090802193,3.862950688926503e-05,0.024159103631973267,0.015813369303941727,0.08803389966487885,0.0,0.0,0.0005596114788204432,0.0007654482699570838,,,,
697,True,,,0.028076808899641037,,0.0,,,,,,0.003123384667560458,0.04691382497549057,3.5986973671242595e-05,0.026321301236748695,0.01732737198472023,0.08804014325141907,0.0,0.0,0.0006373398355208337,0.0007648208355775512,,,,
698,True,,,0.028402557596564293,,0.0,,,,,,0.004888806492090225,0.054988037794828415,7.754415855742991e-05,0.03967098891735077,0.028080113232135773,0.08804654330015182,0.0,0.0,0.0007278005359694362,0.000764192859840133,,,,
699,True,,,0.054921288043260574,,0.0,,,,,,0.004432643763720989,0.05591105669736862,3.746072616195306e-05,0.03620900958776474,0.024736789986491203,0.08805274218320847,0.0,0.0,0.001282885205000639,0.0007635643443273553,,,,
700,True,,,0.03364187479019165,,0.0,,,,,,0.0031426390632987022,0.06302738934755325,7.063274824758992e-05,0.032568883150815964,0.0218711756169796,0.08805932104587555,0.0,0.0,0.0006780705880373716,0.0007629352906231048,0.0003851398789296097,0.0005025036876732566,9.628817801831923e-05,2.129617579718859e-05
701,True,,,0.040027111768722534,,0.0,,,,,,0.005096314009279013,0.0629081130027771,4.029315459774807e-05,0.04609866812825203,0.03341046720743179,0.08806604146957397,0.0,0.0,0.0008990203496068716,0.0007623057003126242,,,,
702,True,,,0.027782432734966278,,0.0,,,,,,0.0019232997437939048,0.04528910294175148,5.884056008653715e-05,0.017075814306735992,0.009435626678168774,0.08807333558797836,0.0,0.0,0.0004001151828560978,0.0007616755749825087,,,,
703,True,,,0.03602972626686096,,0.0,,,,,,0.00436849519610405,0.055599700659513474,2.682111517060548e-05,0.03866618499159813,0.02748320996761322,0.08808011561632156,0.0,0.0,0.0007243870641104877,0.0007610449162207018,,,,
704,True,,,0.03918817639350891,,0.0,,,,,,0.004123607650399208,0.056927070021629333,3.820323763648048e-05,0.0348382331430912,0.023730065673589706,0.08808690309524536,0.0,0.0,0.0007117583299987018,0.0007604137256164907,,,,
705,True,,,0.029718715697526932,,0.0,,,,,,0.004238407127559185,0.05009308084845543,3.475553967291489e-05,0.036867741495370865,0.026424525305628777,0.0880935788154602,0.0,0.0,0.0007894031004980206,0.0007597820047605035,,,,
706,True,,,0.026294395327568054,,0.0,,,,,,0.00180337717756629,0.03610624372959137,7.65103250159882e-05,0.016926458105444908,0.010330254212021828,0.08810031414031982,0.0,0.0,0.0004944505053572357,0.0007591497552447043,,,,
707,True,,,0.026367761194705963,,0.0,,,,,,0.00443175109103322,0.04888239875435829,3.755423676921055e-05,0.03174782171845436,0.02126430906355381,0.08810671418905258,0.0,0.0,0.000894886557944119,0.0007585169786623897,,,,
708,True,,,0.037528954446315765,,0.0,,,,,,0.00283258780837059,0.04343169555068016,7.008983811829239e-05,0.025078922510147095,0.016611693426966667,0.0881136879324913,0.0,0.0,0.0006998352473601699,0.0007578836766081839,,,,
709,True,,,0.03272692859172821,,0.0,,,,,,0.004725815262645483,0.07723824679851532,4.029315459774807e-05,0.042819831520318985,0.02914157137274742,0.08812011778354645,0.0,0.0,0.0006597880274057388,0.0007572498506780361,,,,
710,True,,,0.04324391484260559,,0.0,,,,,,0.007633342873305082,0.07413795590400696,5.884056008653715e-05,0.060219522565603256,0.043829262256622314,0.0881260558962822,0.0,0.0,0.0009741503745317459,0.0007566155024692151,,,,
711,True,,,0.03647787868976593,,0.0,,,,,,0.0031611332669854164,0.0419350266456604,2.682111517060548e-05,0.025380197912454605,0.016766052693128586,0.08813191950321198,0.0,0.0,0.0007814388372935355,0.0007559806335803063,,,,
712,True,,,0.03145813196897507,,0.0,,,,,,0.0038368243258446455,0.05440843850374222,3.815942909568548e-05,0.033981192857027054,0.023488488048315048,0.08813755214214325,0.0,0.0,0.0007747263298369944,0.0007553452456112068,,,,
713,True,,,0.031492263078689575,,0.0,,,,,,0.00628733029589057,0.06145666167140007,3.5106138966511935e-05,0.05355755612254143,0.039910655468702316,0.08814310282468796,0.0,0.0,0.0011625323677435517,0.0007547093401631221,,,,
714,True,,,0.031675372272729874,,0.0,,,,,,0.002849388401955366,0.042362142354249954,7.66177981859073e-05,0.024829739704728127,0.016507580876350403,0.08814924210309982,0.0,0.0,0.0006094066193327308,0.0007540729188385619,,,,
715,True,,,0.03569801151752472,,0.0,,,,,,0.004119035787880421,0.053559452295303345,3.746072616195306e-05,0.03378186747431755,0.023049617186188698,0.08815548568964005,0.0,0.0,0.0008725884836167097,0.0007534359832413352,,,,
716,True,,,0.044629763811826706,,0.0,,,,,,0.0033179852180182934,0.04138387367129326,7.063274824758992e-05,0.028182461857795715,0.019362855702638626,0.088161900639534,0.0,0.0,0.000717786664608866,0.0007527985349765481,,,,
717,True,,,0.030024122446775436,,0.0,,,,,,0.0017522078705951571,0.04446149244904518,4.046662070322782e-05,0.017279144376516342,0.009878630749881268,0.08816816657781601,0.0,0.0,0.0005355264293029904,0.0007521605756505977,,,,
718,True,,,0.033681031316518784,,0.0,,,,,,0.0018335448112338781,0.04504692554473877,5.863239857717417e-05,0.019430378451943398,0.011844273656606674,0.08817407488822937,0.0,0.0,0.0005325342062860727,0.0007515221068711696,,,,
719,True,,,0.02016223594546318,,0.0,,,,,,0.001896110363304615,0.03983692824840546,2.706695522647351e-05,0.01865144446492195,0.011674685403704643,0.08818002790212631,0.0,0.0,0.0005482250708155334,0.0007508831302472326,,,,
720,True,,,0.03254230320453644,,0.0,,,,,,0.00364452856592834,0.05660586804151535,3.8091264286777005e-05,0.031186355277895927,0.020654913038015366,0.08818578720092773,0.0,0.0,0.0006712181493639946,0.0007502436473890363,,,,
721,True,,,0.034840941429138184,,0.0,,,,,,0.0030252146534621716,0.04878619313240051,3.5106138966511935e-05,0.024685289710760117,0.015533569268882275,0.08819232136011124,0.0,0.0,0.0006043738685548306,0.0007496036599081049,,,,
722,True,,,0.030527407303452492,,0.0,,,,,,0.004662331193685532,0.06745362281799316,7.66177981859073e-05,0.04275132343173027,0.03011806309223175,0.08819850534200668,0.0,0.0,0.0008130271453410387,0.0007489631694172351,,,,
723,True,,,0.03339832276105881,,0.0,,,,,,0.003864145604893565,0.06159859523177147,3.746072616195306e-05,0.03834284096956253,0.027084074914455414,0.0882047787308693,0.0,0.0,0.0007114691543392837,0.0007483221775304906,,,,
724,True,,,0.0331820547580719,,0.0,,,,,,0.002227899618446827,0.03950198367238045,7.063274824758992e-05,0.019415682181715965,0.011988340876996517,0.08821055293083191,0.0,0.0,0.0009350010077469051,0.0007476806858631994,,,,
725,True,,,0.04794849827885628,,0.0,,,,,,0.0045827715657651424,0.05612725391983986,4.3532996642170474e-05,0.04073219746351242,0.029153289273381233,0.08821604400873184,0.0,0.0,0.0012598562752828002,0.0007470386960319481,,,,
726,True,,,0.04411626607179642,,0.0,,,,,,0.00206594355404377,0.04332000017166138,5.870690438314341e-05,0.01987478882074356,0.012124110013246536,0.08822191506624222,0.0,0.0,0.0005140490247868001,0.0007463962096545793,,,,
727,True,,,0.029713740572333336,,0.0,,,,,,0.004217819776386023,0.056368473917245865,2.772037078102585e-05,0.033829547464847565,0.022781608626246452,0.08822766691446304,0.0,0.0,0.0007739514694549143,0.0007457532283501867,,,,
728,True,,,0.028422776609659195,,0.0,,,,,,0.003062896430492401,0.05118140950798988,3.929664671886712e-05,0.02959347888827324,0.02022622711956501,0.08823380619287491,0.0,0.0,0.0006430716603063047,0.000745109753739111,,,,
729,True,,,0.0293172225356102,,0.0,,,,,,0.0020601842552423477,0.045263394713401794,3.6840974644292146e-05,0.020761439576745033,0.012980924919247627,0.08823966234922409,0.0,0.0,0.0009041480370797217,0.0007444657874429368,,,,
730,True,,,0.03217010945081711,,0.0,,,,,,0.0066766031086444855,0.05906802788376808,7.720990106463432e-05,0.05772939696907997,0.04390322417020798,0.08824561536312103,0.0,0.0,0.001294818939641118,0.0007438213310844871,,,,
731,True,,,0.046486996114254,,0.0,,,,,,0.0022651900071650743,0.04788284748792648,3.859308344544843e-05,0.020159078761935234,0.011738908477127552,0.08825289458036423,0.0,0.0,0.0005754792946390808,0.0007431763862878197,,,,
732,True,,,0.03092777542769909,,0.0,,,,,,0.0032446742989122868,0.05375674366950989,7.099404319887981e-05,0.03012201562523842,0.020274292677640915,0.08826002478599548,0.0,0.0,0.0006944740889593959,0.0007425309546782242,,,,
733,True,,,0.03627525269985199,,0.0,,,,,,0.0027871732600033283,0.0480666309595108,4.029781121062115e-05,0.025191552937030792,0.016332145780324936,0.0882670059800148,0.0,0.0,0.0006426061736419797,0.0007418850378822162,,,,
734,True,,,0.0315069779753685,,0.0,,,,,,0.0031748691108077765,0.05521152913570404,5.8513407566351816e-05,0.03168492764234543,0.02176184207201004,0.08827385306358337,0.0,0.0,0.0009733940241858363,0.0007412386375275341,,,,
735,True,,,0.029195677489042282,,0.0,,,,,,0.0024868380278348923,0.03884321078658104,2.691548434086144e-05,0.022940048947930336,0.015380669385194778,0.08828061819076538,0.0,0.0,0.0006042945897206664,0.0007405917552431351,,,,
736,True,,,0.04426164552569389,,0.0,,,,,,0.004554088693112135,0.07099956274032593,3.759635001188144e-05,0.03816892206668854,0.025170594453811646,0.0882868841290474,0.0,0.0,0.0006262282258830965,0.000739944392659191,,,,
737,True,,,0.025557251647114754,,0.0,,,,,,0.001592991640791297,0.038799483329057693,3.444501999183558e-05,0.017582321539521217,0.010953656397759914,0.0882931649684906,0.0,0.0,0.0006746337749063969,0.0007392965514070835,,,,
738,True,,,0.0311325341463089,,0.0,,,,,,0.002172817476093769,0.047376129776239395,7.629123865626752e-05,0.02098085731267929,0.012837963178753853,0.08829910308122635,0.0,0.0,0.0008908651652745903,0.0007386482331194011,,,,
739,True,,,0.02900405041873455,,0.0,,,,,,0.003039602655917406,0.04188951104879379,3.732209370355122e-05,0.029237406328320503,0.020817101001739502,0.08830506354570389,0.0,0.0,0.0008203911129385233,0.000737999439429934,,,,
740,True,,,0.02840365469455719,,0.0,,,,,,0.003175176214426756,0.042926233261823654,6.930442032171413e-05,0.030256858095526695,0.021587254479527473,0.08831162005662918,0.0,0.0,0.000778474030084908,0.0007373501719736707,,,,
741,True,,,0.04691281169652939,,0.0,,,,,,0.0038190861232578754,0.0730259120464325,4.0353967051487416e-05,0.03520233929157257,0.022708170115947723,0.08831831067800522,0.0,0.0,0.0008509336039423943,0.0007367004323867935,,,,
742,True,,,0.03929542005062103,,0.0,,,,,,0.0038340853061527014,0.05461544543504715,5.860773308086209e-05,0.0345502607524395,0.023949118331074715,0.08832519501447678,0.0,0.0,0.0007701811264269054,0.0007360502223066745,,,,
743,True,,,0.02568739838898182,,0.0,,,,,,0.0028029705863445997,0.045083027333021164,2.690769179025665e-05,0.026799345389008522,0.01833442598581314,0.08833179622888565,0.0,0.0,0.0005774355959147215,0.0007353995433718714,,,,
744,True,,,0.03221474587917328,,0.0,,,,,,0.004251331090927124,0.05021645128726959,3.799041951424442e-05,0.034197527915239334,0.02370002679526806,0.08833818137645721,0.0,0.0,0.00084582285489887,0.0007347483972221239,,,,
745,True,,,0.02899116836488247,,0.0,,,,,,0.004754354245960712,0.0749068334698677,3.441018998273648e-05,0.041150908917188644,0.027715306729078293,0.08834458142518997,0.0,0.0,0.000714427325874567,0.0007340967854983485,,,,
746,True,,,0.03171515464782715,,0.0,,,,,,0.002644224790856242,0.03977002948522568,7.609522435814142e-05,0.024711137637495995,0.01685120165348053,0.08835112303495407,0.0,0.0,0.0007430904661305249,0.0007334447098426353,,,,
747,True,,,0.03149374946951866,,0.0,,,,,,0.003425824223086238,0.047323644161224365,3.7414640246424824e-05,0.028984565287828445,0.019609158858656883,0.08835741132497787,0.0,0.0,0.0006401502760127187,0.000732792171898243,,,,
748,True,,,0.03266410529613495,,0.0,,,,,,0.008022361434996128,0.059653140604496,6.969759124331176e-05,0.06408949941396713,0.0488567054271698,0.08836342394351959,0.0,0.0,0.000898028607480228,0.0007321391733095962,,,,
749,True,,,0.034599676728248596,,0.0,,,,,,0.0036877512466162443,0.05746051296591759,4.017347964690998e-05,0.031936489045619965,0.02125290222465992,0.08836999535560608,0.0,0.0,0.0006379199330694973,0.0007314857157222798,,,,
750,True,,,0.03454987704753876,,0.0,,,,,,0.004980540834367275,0.06081042438745499,5.864473860128783e-05,0.045753274112939835,0.033433109521865845,0.08837630599737167,0.0,0.0,0.0008014524937607348,0.0007308318007830352,,,,
751,True,,,0.03979599103331566,,0.0,,,,,,0.004984554834663868,0.057814981788396835,2.692660564207472e-05,0.041667141020298004,0.029605837538838387,0.08838256448507309,0.0,0.0,0.0010324926115572453,0.0007301774301397568,,,,
752,True,,,0.031631458550691605,,0.0,,,,,,0.004539958667010069,0.059039406478405,3.8371865230146796e-05,0.03841093182563782,0.02674764022231102,0.08838910609483719,0.0,0.0,0.000762075069360435,0.0007295226054414872,,,,
753,True,,,0.0302790105342865,,0.0,,,,,,0.002936215838417411,0.05603192374110222,3.570268381736241e-05,0.02889852039515972,0.019154513254761696,0.08839578926563263,0.0,0.0,0.0007404815987683833,0.0007288673283384131,,,,
754,True,,,0.03664068132638931,,0.0,,,,,,0.002968158107250929,0.05591052398085594,7.76821980252862e-05,0.025947008281946182,0.016098525375127792,0.08840244263410568,0.0,0.0,0.0007002869970165193,0.0007282116004818615,,,,
755,True,,,0.03062264248728752,,0.0,,,,,,0.0033203100319951773,0.05063118785619736,3.757502418011427e-05,0.029883142560720444,0.020290613174438477,0.08840867877006531,0.0,0.0,0.0009368913015350699,0.000727555423524295,,,,
756,True,,,0.02746998891234398,,0.0,,,,,,0.0032999124377965927,0.04070800542831421,7.173760968726128e-05,0.02647016942501068,0.01790473982691765,0.0884149894118309,0.0,0.0,0.0008000900270417333,0.0007268987991193086,,,,
757,True,,,0.03487977385520935,,0.0,,,,,,0.0029153141658753157,0.051920145750045776,4.0582985093351454e-05,0.026585912331938744,0.01722528412938118,0.0884210392832756,0.0,0.0,0.0007326018530875444,0.0007262417289216243,,,,
758,True,,,0.029401861131191254,,0.0,,,,,,0.0034845471382141113,0.049699101597070694,5.9406738728284836e-05,0.03205655887722969,0.02239410951733589,0.0884271040558815,0.0,0.0,0.0007704937015660107,0.0007255842145870876,,,,
759,True,,,0.025251517072319984,,0.0,,,,,,0.002176081296056509,0.05077506601810455,2.6783838620758615e-05,0.023076610639691353,0.014672781340777874,0.08843334764242172,0.0,0.0,0.0006690560840070248,0.0007249262577726634,,,,
760,True,,,0.03346636891365051,,0.0,,,,,,0.0024883602745831013,0.05920266732573509,3.824648592853919e-05,0.022957095876336098,0.013310287147760391,0.08843942731618881,0.0,0.0,0.00061373709468171,0.0007242678601364315,,,,
761,True,,,0.022094743326306343,,0.0,,,,,,0.0021478100679814816,0.04171525314450264,3.464304973022081e-05,0.02258957549929619,0.015147518366575241,0.08844536542892456,0.0,0.0,0.0006075408309698105,0.0007236090233375829,,,,
762,True,,,0.038605399429798126,,0.0,,,,,,0.008314140141010284,0.07932211458683014,7.749345240881667e-05,0.07171880453824997,0.054163143038749695,0.08845089375972748,0.0,0.0,0.0010515392059460282,0.0007229497490364149,,,,
763,True,,,0.03324767202138901,,0.0,,,,,,0.0032929040025919676,0.06605658680200577,3.726172508322634e-05,0.030589589849114418,0.019455354660749435,0.0884563997387886,0.0,0.0,0.0007365433848462999,0.0007222900388943276,,,,
764,True,,,0.021883375942707062,,0.0,,,,,,0.0011491629993543029,0.031889185309410095,7.159882807172835e-05,0.012919900938868523,0.007442569825798273,0.08846160024404526,0.0,0.0,0.0004860210174228996,0.0007216298945738195,,,,
765,True,,,0.026047877967357635,,0.0,,,,,,0.0017769110854715109,0.035871610045433044,4.007748793810606e-05,0.016325566917657852,0.009796308353543282,0.08846703916788101,0.0,0.0,0.0007116793422028422,0.000720969317738483,,,,
766,True,,,0.029111389070749283,,0.0,,,,,,0.0025985552929341793,0.047164104878902435,5.962854629615322e-05,0.02648830972611904,0.017967695370316505,0.08847188949584961,0.0,0.0,0.0007424221257679164,0.0007203083100530003,,,,
767,True,,,0.024782471358776093,,0.0,,,,,,0.004021073691546917,0.042442966252565384,2.7144153136759996e-05,0.03421922028064728,0.024807682260870934,0.0884770080447197,0.0,0.0,0.0006567675154656172,0.0007196468731831402,,,,
768,True,,,0.04134354740381241,,0.0,,,,,,0.002633105730637908,0.05775253847241402,3.887177081196569e-05,0.02530829794704914,0.015582246705889702,0.08848217874765396,0.0,0.0,0.0006272635073401034,0.000718985008795752,,,,
769,True,,,0.02929101511836052,,0.0,,,,,,0.002019367879256606,0.037399955093860626,3.600858326535672e-05,0.018638228997588158,0.011683078482747078,0.08848722279071808,0.0,0.0,0.0010903466027230024,0.0007183227185587629,,,,
770,True,,,0.03201381862163544,,0.0,,,,,,0.0029615885578095913,0.043159544467926025,7.776913116686046e-05,0.027305614203214645,0.01878412254154682,0.08849266916513443,0.0,0.0,0.0006759237730875611,0.0007176600041411736,,,,
771,True,,,0.035651616752147675,,0.0,,,,,,0.003507831832394004,0.03878125548362732,3.8235830288613215e-05,0.031064415350556374,0.022417843341827393,0.08849796652793884,0.0,0.0,0.0010866702068597078,0.000716996867213053,,,,
772,True,,,0.03682221472263336,,0.0,,,,,,0.006157339550554752,0.07972896844148636,7.182417175499722e-05,0.05167883634567261,0.03625943139195442,0.08850302547216415,0.0,0.0,0.0009354162029922009,0.0007163333094455352,,,,
773,True,,,0.03138861805200577,,0.0,,,,,,0.00221090205013752,0.044535573571920395,4.07699408242479e-05,0.021949905902147293,0.014066091738641262,0.08850852400064468,0.0,0.0,0.0009311138419434428,0.0007156693325108149,,,,
774,True,,,0.0363483801484108,,0.0,,,,,,0.004909421317279339,0.06169070303440094,5.870580207556486e-05,0.04796315357089043,0.03560668230056763,0.08851432800292969,0.0,0.0,0.0009168139658868313,0.0007150049380821428,,,,
775,True,,,0.02282063476741314,,0.0,,,,,,0.002650014590471983,0.041541874408721924,2.6640827854862437e-05,0.025286134332418442,0.01735520176589489,0.08852051198482513,0.0,0.0,0.0006506404024548829,0.0007143401278338218,,,,
776,True,,,0.02802950143814087,,0.0,,,,,,0.0009935714770108461,0.03095138445496559,3.8550519093405455e-05,0.01089385338127613,0.005620311014354229,0.08852634578943253,0.0,0.0,0.0004684175073634833,0.000713674903441203,,,,
777,True,,,0.02671758271753788,,0.0,,,,,,0.004013310186564922,0.06830054521560669,3.514554919092916e-05,0.04189910739660263,0.029885679483413696,0.08853162825107574,0.0,0.0,0.0008649471565149724,0.0007130092665806806,,,,
778,True,,,0.02861454337835312,,0.0,,,,,,0.0021712929010391235,0.039647236466407776,7.73769206716679e-05,0.021015403792262077,0.013669181615114212,0.08853704482316971,0.0,0.0,0.0006483885226771235,0.000712343218929689,,,,
779,True,,,0.04814980551600456,,0.0,,,,,,0.004913673736155033,0.053305670619010925,3.796318196691573e-05,0.042442794889211655,0.030812647193670273,0.08854272216558456,0.0,0.0,0.000868793751578778,0.000711676762166697,,,,
780,True,,,0.023686498403549194,,0.0,,,,,,0.002324435394257307,0.038557201623916626,7.143993570934981e-05,0.020883072167634964,0.013544849120080471,0.08854828029870987,0.0,0.0,0.0005758135812357068,0.0007110098979712048,,,,
781,True,,,0.02913064695894718,,0.0,,,,,,0.003033322747796774,0.05297026410698891,4.051416908623651e-05,0.029785627499222755,0.02025817707180977,0.08855360746383667,0.0,0.0,0.0007005702937021852,0.0007103426280237395,,,,
782,True,,,0.038555555045604706,,0.0,,,,,,0.0027940734289586544,0.050464779138565063,5.886914368602447e-05,0.02423415146768093,0.015093022957444191,0.08855845034122467,0.0,0.0,0.0008259127498604357,0.0007096749540058501,,,,
783,True,,,0.03438803181052208,,0.0,,,,,,0.003358644200488925,0.051148153841495514,2.653115734574385e-05,0.02754913456737995,0.01783290132880211,0.08856287598609924,0.0,0.0,0.0007444462971761823,0.0007090068776001047,,,,
784,True,,,0.08022616058588028,,0.0,,,,,,0.004011646378785372,0.04444398730993271,3.854541864711791e-05,0.036917492747306824,0.026754241436719894,0.08856745064258575,0.0,0.0,0.0008731969865038991,0.0007083384004900847,,,,
785,True,,,0.028559193015098572,,0.0,,,,,,0.0040764654986560345,0.054031819105148315,3.513635601848364e-05,0.035638704895973206,0.024970175698399544,0.08857212215662003,0.0,0.0,0.0007415895815938711,0.0007076695243603819,,,,
786,True,,,0.049101971089839935,,0.0,,,,,,0.0043410081416368484,0.07119975984096527,7.738236308796331e-05,0.03794669732451439,0.025070233270525932,0.08857699483633041,0.0,0.0,0.0006446480401791632,0.000707000250896593,,,,
787,True,,,0.025518763810396194,,0.0,,,,,,0.004386432934552431,0.05380915850400925,3.796596865868196e-05,0.036158040165901184,0.02523070201277733,0.08858197927474976,0.0,0.0,0.0008840022492222488,0.0007063305817853168,,,,
788,True,,,0.033127740025520325,,0.0,,,,,,0.0062750945799052715,0.05841541290283203,7.144107075873762e-05,0.05251220613718033,0.03914269059896469,0.08858780562877655,0.0,0.0,0.000974043330643326,0.0007056605187141482,,,,
789,True,,,0.02440546825528145,,0.0,,,,,,0.002435477916151285,0.046365924179553986,4.0744936995906755e-05,0.02196452207863331,0.013742082752287388,0.08859407901763916,0.0,0.0,0.0005062886048108339,0.0007049900633716756,,,,
790,True,,,0.0464419424533844,,0.0,,,,,,0.004901411943137646,0.06872865557670593,5.876237992197275e-05,0.04132569953799248,0.028171617537736893,0.08860008418560028,0.0,0.0,0.0018770245369523764,0.0007043192174474761,,,,
791,True,,,0.02922656014561653,,0.0,,,,,,0.0014873910695314407,0.025630511343479156,2.6861976948566735e-05,0.013270298019051552,0.008028097450733185,0.08860621601343155,0.0,0.0,0.0006875991239212453,0.0007036479826321101,,,,
792,True,,,0.0254787839949131,,0.0,,,,,,0.0023293867707252502,0.04281240329146385,3.801226557698101e-05,0.023321380838751793,0.015550839714705944,0.08861202746629715,0.0,0.0,0.0006492446409538388,0.000702976360617119,,,,
793,True,,,0.038973450660705566,,0.0,,,,,,0.005889890715479851,0.06259950995445251,3.380845737410709e-05,0.049242641776800156,0.03579998388886452,0.08861766010522842,0.0,0.0,0.0008493955829180777,0.0007023043530950196,,,,
794,True,,,0.03587924689054489,,0.0,,,,,,0.003234888892620802,0.04634606093168259,7.644892320968211e-05,0.029357805848121643,0.020205063745379448,0.088623046875,0.0,0.0,0.0007877746247686446,0.0007016319617593002,,,,
795,True,,,0.03636899217963219,,0.0,,,,,,0.00688762916252017,0.07452002167701721,3.80468372895848e-05,0.05638055503368378,0.04077192395925522,0.08862865716218948,0.0,0.0,0.0008955954108387232,0.0007009591883044161,,,,
796,True,,,0.03857075423002243,,0.0,,,,,,0.0029353450518101454,0.04958706349134445,7.047904364299029e-05,0.027799058705568314,0.018597710877656937,0.08863488584756851,0.0,0.0,0.0012635975144803524,0.0007002860344257862,,,,
797,True,,,0.03293241187930107,,0.0,,,,,,0.002884381916373968,0.04881525784730911,3.9735834434395656e-05,0.027196908369660378,0.018195396289229393,0.08864101767539978,0.0,0.0,0.0006859106360934675,0.0006996125018197872,,,,
798,True,,,0.028607917949557304,,0.0,,,,,,0.003166417358443141,0.05220630764961243,5.980376954539679e-05,0.031135810539126396,0.021546311676502228,0.08864674717187881,0.0,0.0,0.0007076756446622312,0.000698938592183751,,,,
799,True,,,0.04077071323990822,,0.0,,,,,,0.0034069407265633345,0.05824258178472519,2.7250756829744205e-05,0.029571831226348877,0.019032778218388557,0.08865224570035934,0.0,0.0,0.0008589195786044002,0.0006982643072159591,,,,
800,True,,,0.034616872668266296,,0.0,,,,,,0.006010029464960098,0.05316627770662308,3.83115911972709e-05,0.04481852427124977,0.03223996236920357,0.08865782618522644,0.0,0.0,0.0010694604134187102,0.0006975896486156395,0.0003943839952553188,0.0008071929406555167,0.00042921788185355244,1.3694723516133063e-05
801,True,,,0.047403767704963684,,0.0,,,,,,0.005500440951436758,0.06474530696868896,3.5125078284181654e-05,0.04971252754330635,0.036359310150146484,0.08866407722234726,0.0,0.0,0.000806022493634373,0.0006969146180829607,,,,
802,True,,,0.05339226871728897,,0.0,,,,,,0.0028622872196137905,0.054871566593647,8.278983295895159e-05,0.02507971040904522,0.015268249437212944,0.08866996318101883,0.0,0.0,0.000995814218185842,0.0006962392173190294,,,,
803,True,,,0.03470206260681152,,0.0,,,,,,0.003124358830973506,0.05755520239472389,3.831748472293839e-05,0.02919330634176731,0.019060488790273666,0.08867597579956055,0.0,0.0,0.0007672375068068504,0.000695563448025885,,,,
804,True,,,0.028866920620203018,,0.0,,,,,,0.0026159898843616247,0.03946518898010254,7.373852713499218e-05,0.024281887337565422,0.016507023945450783,0.08868163079023361,0.0,0.0,0.0008344721281901002,0.0006948873119064959,,,,
805,True,,,0.02933637797832489,,0.0,,,,,,0.003281584708020091,0.05027822405099869,3.955361171392724e-05,0.030569693073630333,0.021060269325971603,0.08868774026632309,0.0,0.0,0.0006960288155823946,0.0006942108106647542,,,,
806,True,,,0.02398845925927162,,0.0,,,,,,0.0024080199655145407,0.04405622556805611,6.212837615748867e-05,0.0222861897200346,0.014314662665128708,0.08869367092847824,0.0,0.0,0.0005089184851385653,0.0006935339460054728,,,,
807,True,,,0.039329275488853455,,0.0,,,,,,0.0029132082127034664,0.048787035048007965,2.9193082809797488e-05,0.02589491195976734,0.016808118671178818,0.08869936317205429,0.0,0.0,0.0007273951196111739,0.0006928567196343802,,,,
808,True,,,0.030074095353484154,,0.0,,,,,,0.001961887814104557,0.04651397466659546,3.90014611184597e-05,0.01950252801179886,0.011681951582431793,0.08870495855808258,0.0,0.0,0.0005461262189783156,0.0006921791332581165,,,,
809,True,,,0.038742195814847946,,0.0,,,,,,0.0036547293420881033,0.060789648443460464,3.613010630942881e-05,0.0316430889070034,0.0206168033182621,0.08871026337146759,0.0,0.0,0.0011057914234697819,0.0006915011885842287,,,,
810,True,,,0.04250133037567139,,0.0,,,,,,0.003460066160187125,0.053850460797548294,8.353540033567697e-05,0.03315344452857971,0.022954391315579414,0.08871575444936752,0.0,0.0,0.0008167226333171129,0.0006908228873211671,,,,
811,True,,,0.03523010388016701,,0.0,,,,,,0.004503634758293629,0.059562698006629944,3.9047790778568015e-05,0.03753502666950226,0.02581608295440674,0.0887213721871376,0.0,0.0,0.0007504922104999423,0.0006901442311782806,,,,
812,True,,,0.05064444616436958,,0.0,,,,,,0.005742707755416632,0.06447885930538177,7.645775622222573e-05,0.04658382385969162,0.03296128660440445,0.08872691541910172,0.0,0.0,0.0010255038505420089,0.0006894652218658122,,,,
813,True,,,0.026673657819628716,,0.0,,,,,,0.0012584913056343794,0.034534335136413574,4.054090823046863e-05,0.01365934032946825,0.0077730766497552395,0.08873313665390015,0.0,0.0,0.00044925283873453736,0.0006887858610948951,,,,
814,True,,,0.02867642231285572,,0.0,,,,,,0.0030955392867326736,0.04891867935657501,6.307901639956981e-05,0.027523409575223923,0.018330305814743042,0.08873920142650604,0.0,0.0,0.0006492664106190205,0.000688106150577548,,,,
815,True,,,0.024503488093614578,,0.0,,,,,,0.0025301543064415455,0.044193968176841736,2.9515591450035572e-05,0.02446768432855606,0.01637088879942894,0.08874518424272537,0.0,0.0,0.0006640017381869256,0.0006874260920266712,,,,
816,True,,,0.03860655426979065,,0.0,,,,,,0.0029690340161323547,0.052676618099212646,3.91805442632176e-05,0.028012000024318695,0.018482135608792305,0.08875126391649246,0.0,0.0,0.0006436388939619064,0.0006867456871560418,,,,
817,True,,,0.03661239147186279,,0.0,,,,,,0.002514457330107689,0.04588308557868004,3.6800694942940027e-05,0.02116994373500347,0.012795085087418556,0.08875693380832672,0.0,0.0,0.0007037320174276829,0.0006860649376803098,,,,
818,True,,,0.03367185592651367,,0.0,,,,,,0.005002232268452644,0.05032017081975937,8.519479160895571e-05,0.04159311205148697,0.030291922390460968,0.08876257389783859,0.0,0.0,0.000950031855609268,0.0006853838453149941,,,,
819,True,,,0.03750573471188545,,0.0,,,,,,0.0017385249957442284,0.03734685108065605,3.825212479569018e-05,0.016979742795228958,0.010224663652479649,0.08876865357160568,0.0,0.0,0.0005544131272472441,0.0006847024117764763,,,,
820,True,,,0.03365866094827652,,0.0,,,,,,0.0032405084930360317,0.05152197927236557,7.20519819878973e-05,0.027803052216768265,0.01814998686313629,0.0887744352221489,0.0,0.0,0.0007762745954096317,0.0006840206387819993,,,,
821,True,,,0.0311998650431633,,0.0,,,,,,0.004560310859233141,0.04925961792469025,4.1454284655628726e-05,0.040618620812892914,0.029911821708083153,0.08877986669540405,0.0,0.0,0.0008488422608934343,0.0006833385280496608,,,,
822,True,,,0.02668691799044609,,0.0,,,,,,0.002984308172017336,0.05312839150428772,5.801645966130309e-05,0.02721947245299816,0.01773860678076744,0.08878437429666519,0.0,0.0,0.0007595898350700736,0.0006826560812984094,,,,
823,True,,,0.032238639891147614,,0.0,,,,,,0.003138238564133644,0.05540233850479126,2.8752612706739455e-05,0.030330300331115723,0.020427173003554344,0.08878923952579498,0.0,0.0,0.0006621230859309435,0.0006819733002480407,,,,
824,True,,,0.03498698025941849,,0.0,,,,,,0.003091654507443309,0.050465766340494156,3.8830206904094666e-05,0.02997470460832119,0.020579252392053604,0.08879368752241135,0.0,0.0,0.0006683408282697201,0.000681290186619193,,,,
825,True,,,0.03690967708826065,,0.0,,,,,,0.0037382766604423523,0.06265869736671448,3.571900742826983e-05,0.03452574834227562,0.02324666455388069,0.08879818767309189,0.0,0.0,0.0007670422783121467,0.0006806067421333422,,,,
826,True,,,0.03573285788297653,,0.0,,,,,,0.005401626229286194,0.05325302854180336,7.804494816809893e-05,0.0437593013048172,0.03174799680709839,0.08880240470170975,0.0,0.0,0.0009600757039152086,0.0006799229685127984,,,,
827,True,,,0.036481402814388275,,0.0,,,,,,0.003992029931396246,0.06654570996761322,3.8332738768076524e-05,0.036701593548059464,0.024782942607998848,0.0888068825006485,0.0,0.0,0.0007026121602393687,0.0006792388674807011,,,,
828,True,,,0.03727646544575691,,0.0,,,,,,0.0032066726125776768,0.06035845726728439,7.240997365443036e-05,0.030109278857707977,0.01956968382000923,0.0888107419013977,0.0,0.0,0.0009657174814492464,0.0006785544407610145,,,,
829,True,,,0.027626879513263702,,0.0,,,,,,0.004343837033957243,0.06518557667732239,4.1652601794339716e-05,0.043609216809272766,0.03156157582998276,0.08881521970033646,0.0,0.0,0.0007823260966688395,0.000677869690078524,,,,
830,True,,,0.02568027749657631,,0.0,,,,,,0.0015366366133093834,0.04030291736125946,5.872792098671198e-05,0.015814881771802902,0.009073588997125626,0.08881977200508118,0.0,0.0,0.0004511445004027337,0.0006771846171588311,,,,
831,True,,,0.0374540314078331,,0.0,,,,,,0.0030683428049087524,0.045810259878635406,2.858516018022783e-05,0.02820901945233345,0.019282575696706772,0.08882419764995575,0.0,0.0,0.0006707094144076109,0.0006764992237283497,,,,
832,True,,,0.024862175807356834,,0.0,,,,,,0.001988830976188183,0.04400985687971115,3.866562474286184e-05,0.02011987753212452,0.012573814950883389,0.08882895112037659,0.0,0.0,0.0006306878058239818,0.0006758135115143008,,,,
833,True,,,0.040637705475091934,,0.0,,,,,,0.0021638511680066586,0.04574942961335182,3.559626202331856e-05,0.02196868509054184,0.013917379081249237,0.08883372694253922,0.0,0.0,0.0006539095775224268,0.0006751274822447095,,,,
834,True,,,0.032568588852882385,,0.0,,,,,,0.0015432776417583227,0.03951425850391388,7.811551040504128e-05,0.015878645703196526,0.009130813181400299,0.08883845806121826,0.0,0.0,0.0006969193927943707,0.0006744411376483993,,,,
835,True,,,0.030438290908932686,,0.0,,,,,,0.003159002400934696,0.04321924224495888,3.794721851591021e-05,0.026569629088044167,0.017876911908388138,0.08884347975254059,0.0,0.0,0.0007239182596094906,0.0006737544794549887,,,,
836,True,,,0.029658017680048943,,0.0,,,,,,0.002458958886563778,0.05059826374053955,7.148378062993288e-05,0.02472284995019436,0.015983257442712784,0.08884859085083008,0.0,0.0,0.0006173090077936649,0.0006730675093948859,,,,
837,True,,,0.03613818436861038,,0.0,,,,,,0.0058672926388680935,0.059190619736909866,3.9315018511842936e-05,0.04607870429754257,0.03302277624607086,0.08885354548692703,0.0,0.0,0.0011632730020210147,0.0006723802291992859,,,,
838,True,,,0.031187258660793304,,0.0,,,,,,0.007208982016891241,0.06942462921142578,6.260006193770096e-05,0.05715017765760422,0.041766971349716187,0.08885853737592697,0.0,0.0,0.0009443597518838942,0.0006716926406001649,,,,
839,True,,,0.04188375547528267,,0.0,,,,,,0.003839012235403061,0.04747849702835083,2.7517502530827187e-05,0.03399288281798363,0.0240847859531641,0.08886375278234482,0.0,0.0,0.0008348907576873899,0.0006710047453302759,,,,
840,True,,,0.02109558880329132,,0.0,,,,,,0.002738749608397484,0.036829590797424316,3.862124140141532e-05,0.025553306564688683,0.0180126391351223,0.08886930346488953,0.0,0.0,0.0006611973512917757,0.000670316545123145,,,,
841,True,,,0.025001026690006256,,0.0,,,,,,0.002219540998339653,0.04689537733793259,3.5706496419152245e-05,0.02218855358660221,0.014122866094112396,0.08887461572885513,0.0,0.0,0.0006649323622696102,0.0006696280417130669,,,,
842,True,,,0.031942639499902725,,0.0,,,,,,0.007698774337768555,0.06577549874782562,8.475157665088773e-05,0.06012663245201111,0.044599711894989014,0.0888795256614685,0.0,0.0,0.0012859342386946082,0.0006689392368351002,,,,
843,True,,,0.028798885643482208,,0.0,,,,,,0.0031097098253667355,0.049087755382061005,3.905305129592307e-05,0.0272534117102623,0.01803855411708355,0.08888557553291321,0.0,0.0,0.0005898785893805325,0.0006682501322250633,,,,
844,True,,,0.034499675035476685,,0.0,,,,,,0.0048311795108020306,0.05934468284249306,7.470486161764711e-05,0.04668223857879639,0.03464533016085625,0.08889128267765045,0.0,0.0,0.0009916486451402307,0.0006675607296195297,,,,
845,True,,,0.02941758930683136,,0.0,,,,,,0.0017408779822289944,0.03701397031545639,3.888822902808897e-05,0.01971949264407158,0.013074629008769989,0.08889707177877426,0.0,0.0,0.0005388728459365666,0.0006668710307558245,,,,
846,True,,,0.03768693655729294,,0.0,,,,,,0.004556926898658276,0.07289840281009674,6.269189907470718e-05,0.03915730118751526,0.026013290509581566,0.08890277147293091,0.0,0.0,0.0006823842413723469,0.0006661810373720186,,,,
847,True,,,0.017061006277799606,,0.0,,,,,,0.001260216231457889,0.020562712103128433,2.8753885999321938e-05,0.010858074761927128,0.0064675151370465755,0.08890854567289352,0.0,0.0,0.0003791995986830443,0.0006654907512069257,,,,
848,True,,,0.028808681294322014,,0.0,,,,,,0.004104526247829199,0.05493326485157013,3.8838777982164174e-05,0.03518253564834595,0.024388039484620094,0.08891389518976212,0.0,0.0,0.000722346652764827,0.0006648001740000969,,,,
849,True,,,0.03788083791732788,,0.0,,,,,,0.0047134170308709145,0.06261950731277466,3.549319808371365e-05,0.040446531027555466,0.028185412287712097,0.08891921490430832,0.0,0.0,0.0007400222821161151,0.0006641093074918169,,,,
850,True,,,0.025857223197817802,,0.0,,,,,,0.0026265783235430717,0.04871341213583946,8.427369175478816e-05,0.023789500817656517,0.015101629309356213,0.08892443031072617,0.0,0.0,0.0006871743244118989,0.0006634181534230995,,,,
851,True,,,0.03748270124197006,,0.0,,,,,,0.0018892055377364159,0.054962124675512314,3.934140841010958e-05,0.020375311374664307,0.0117060961201787,0.08892984688282013,0.0,0.0,0.0007482111104764044,0.0006627267135356831,,,,
852,True,,,0.020892644301056862,,0.0,,,,,,0.0024989175144582987,0.03808800131082535,7.436014857375994e-05,0.0213246401399374,0.013881465420126915,0.08893492072820663,0.0,0.0,0.0006571888225153089,0.0006620349895720265,,,,
853,True,,,0.03778799995779991,,0.0,,,,,,0.005616486072540283,0.05931412801146507,3.9574068068759516e-05,0.044849943369627,0.03201498091220856,0.08893978595733643,0.0,0.0,0.0012495103292167187,0.0006613429832753044,,,,
854,True,,,0.042651865631341934,,0.0,,,,,,0.004957006312906742,0.0729052722454071,6.260871305130422e-05,0.04412347078323364,0.030528659000992775,0.08894552290439606,0.0,0.0,0.0018414761871099472,0.0006606506963894027,,,,
855,True,,,0.028098907321691513,,0.0,,,,,,0.003987467847764492,0.05521491542458534,2.8941640266566537e-05,0.03425930440425873,0.023565374314785004,0.08895151317119598,0.0,0.0,0.0008213980472646654,0.0006599581306589146,,,,
856,True,,,0.04242028295993805,,0.0,,,,,,0.005215286277234554,0.06796093285083771,3.88993248634506e-05,0.04267561435699463,0.02933100052177906,0.08895789831876755,0.0,0.0,0.0008784062811173499,0.000659265287829136,,,,
857,True,,,0.03743397444486618,,0.0,,,,,,0.002538183005526662,0.048585355281829834,3.378815745236352e-05,0.02366817370057106,0.014990583062171936,0.08896390348672867,0.0,0.0,0.0005244666826911271,0.0006585721696460609,,,,
858,True,,,0.029717478901147842,,0.0,,,,,,0.002923533320426941,0.049656886607408524,7.773402467137203e-05,0.03087756410241127,0.021762605756521225,0.08896946907043457,0.0,0.0,0.000718828639946878,0.0006578787778563777,,,,
859,True,,,0.03259763494133949,,0.0,,,,,,0.005104655399918556,0.07083655148744583,3.822813232545741e-05,0.04529915750026703,0.03187600523233414,0.08897489309310913,0.0,0.0,0.0008184763137251139,0.0006571851142074638,,,,
860,True,,,0.037721119821071625,,0.0,,,,,,0.002922583371400833,0.0462334044277668,7.052750152070075e-05,0.026356153190135956,0.01750795543193817,0.08897990733385086,0.0,0.0,0.0007940048817545176,0.0006564911804473821,,,,
861,True,,,0.02772051841020584,,0.0,,,,,,0.001674229046329856,0.03450004383921623,4.0530321712139994e-05,0.016451789066195488,0.010140237398445606,0.08898486942052841,0.0,0.0,0.0005287349340505898,0.0006557969783248757,,,,
862,True,,,0.027727989479899406,,0.0,,,,,,0.002021057065576315,0.0438256673514843,5.828278881381266e-05,0.019166603684425354,0.011566665954887867,0.08898939937353134,0.0,0.0,0.0007626450969837606,0.0006551025095893645,,,,
863,True,,,0.026053842157125473,,0.0,,,,,,0.0019560595974326134,0.05030316114425659,2.8936430680914782e-05,0.020455922931432724,0.012304602190852165,0.08899381756782532,0.0,0.0,0.000554863188881427,0.0006544077759909397,,,,
864,True,,,0.0637194961309433,,0.0,,,,,,0.0024205001536756754,0.0477750338613987,3.848905907943845e-05,0.02277720347046852,0.01403278112411499,0.08899793028831482,0.0,0.0,0.000658698845654726,0.0006537127792803607,,,,
865,True,,,0.023609094321727753,,0.0,,,,,,0.002503784839063883,0.04250473529100418,3.419435233809054e-05,0.022535599768161774,0.014638131484389305,0.08900228887796402,0.0,0.0,0.0007464007358066738,0.0006530175212090492,,,,
866,True,,,0.025570418685674667,,0.0,,,,,,0.003250078996643424,0.05185655876994133,7.79016554588452e-05,0.03002200461924076,0.020401541143655777,0.08900739997625351,0.0,0.0,0.0008019705419428647,0.0006523220035290863,,,,
867,True,,,0.026029061526060104,,0.0,,,,,,0.0013783089816570282,0.03379417210817337,3.9158207073342055e-05,0.013379543088376522,0.007451820187270641,0.08901266753673553,0.0,0.0,0.0005160500877536833,0.0006516262279932064,,,,
868,True,,,0.02233005315065384,,0.0,,,,,,0.0014451242750510573,0.03534570336341858,7.139815716072917e-05,0.014192404225468636,0.00806353148072958,0.089017853140831,0.0,0.0,0.0004768497310578823,0.0006509301963547949,,,,
869,True,,,0.03760511800646782,,0.0,,,,,,0.0017447031568735838,0.03812246769666672,4.118802462471649e-05,0.01698760874569416,0.010143784806132317,0.0890229269862175,0.0,0.0,0.0006100799073465168,0.0006502339103678813,,,,
870,True,,,0.0504881851375103,,0.0,,,,,,0.0028367904014885426,0.047918111085891724,5.833655450260267e-05,0.026974830776453018,0.017921902239322662,0.0890277624130249,0.0,0.0,0.0006926002097316086,0.000649537371787137,,,,
871,True,,,0.05154867842793465,,0.0,,,,,,0.005305069964379072,0.061702240258455276,2.962674443551805e-05,0.03637359291315079,0.023477677255868912,0.0890323594212532,0.0,0.0,0.0010029964614659548,0.0006488405823678693,,,,
872,True,,,0.03082156553864479,,0.0,,,,,,0.003535590600222349,0.05068349838256836,3.894638575729914e-05,0.030323684215545654,0.02050168812274933,0.08903677016496658,0.0,0.0,0.0007747621275484562,0.0006481435438660187,,,,
873,True,,,0.02789952978491783,,0.0,,,,,,0.0015734167536720634,0.036548957228660583,3.43141655321233e-05,0.015403112396597862,0.008988234214484692,0.08904119580984116,0.0,0.0,0.0006131271948106587,0.0006474462580381518,,,,
874,True,,,0.035563863813877106,,0.0,,,,,,0.0026296619325876236,0.04267899692058563,7.75491789681837e-05,0.022711072117090225,0.014528637751936913,0.08904602378606796,0.0,0.0,0.0006392740178853273,0.00064674872664146,,,,
875,True,,,0.03159581124782562,,0.0,,,,,,0.0009842094732448459,0.026532534509897232,3.9575341361342e-05,0.010459240525960922,0.005595523398369551,0.08905090391635895,0.0,0.0,0.00046097469748929143,0.0006460509514337525,,,,
876,True,,,0.026984091848134995,,0.0,,,,,,0.0033998950384557247,0.05003984645009041,7.139803346944973e-05,0.03158955276012421,0.021989578381180763,0.08905526250600815,0.0,0.0,0.0007149057346396148,0.0006453529341734534,,,,
877,True,,,0.01589050516486168,,0.0,,,,,,0.001957745524123311,0.04017484188079834,4.041248030262068e-05,0.019653387367725372,0.012608451768755913,0.08905943483114243,0.0,0.0,0.0005128743941895664,0.0006446546766195968,,,,
878,True,,,0.027961669489741325,,0.0,,,,,,0.003380347043275833,0.05057159811258316,5.8755584177561104e-05,0.02905636467039585,0.0194192286580801,0.08906356245279312,0.0,0.0,0.0006506282952614129,0.0006439561805318218,,,,
879,True,,,0.0408351793885231,,0.0,,,,,,0.005446231923997402,0.08378314971923828,2.87226775981253e-05,0.04728241637349129,0.03214448317885399,0.0890674963593483,0.0,0.0,0.0008279979228973389,0.0006432574476703696,,,,
880,True,,,0.02131875604391098,,0.0,,,,,,0.0022341448348015547,0.046594880521297455,3.851539804600179e-05,0.02433217689394951,0.016315385699272156,0.08907138556241989,0.0,0.0,0.0006441345321945846,0.0006425584797960772,,,,
881,True,,,0.02669328823685646,,0.0,,,,,,0.0026610507629811764,0.05057857185602188,3.5986224247608334e-05,0.026706460863351822,0.01781187579035759,0.08907512575387955,0.0,0.0,0.0006985293002799153,0.000641859278670374,,,,
882,True,,,0.047244809567928314,,0.0,,,,,,0.004829945508390665,0.07006007432937622,8.464534766972065e-05,0.04088767617940903,0.02764616720378399,0.08907852321863174,0.0,0.0,0.0009649035637266934,0.0006411598460552778,,,,
883,True,,,0.026683272793889046,,0.0,,,,,,0.002276127925142646,0.04400690272450447,4.0120074118021876e-05,0.02233465388417244,0.014480121433734894,0.08908211439847946,0.0,0.0,0.0006788737373426557,0.0006404601837133892,,,,
884,True,,,0.03147060424089432,,0.0,,,,,,0.004259906243532896,0.04902208596467972,6.967051740502939e-05,0.037356410175561905,0.02695389650762081,0.08908598870038986,0.0,0.0,0.0008534730295650661,0.0006397602934078876,,,,
885,True,,,0.022157464176416397,,0.0,,,,,,0.0025529102422297,0.057423099875450134,4.087382694706321e-05,0.02637714147567749,0.016949012875556946,0.08908981084823608,0.0,0.0,0.000657932017929852,0.0006390601769025271,,,,
886,True,,,0.028055714443325996,,0.0,,,,,,0.002067692345008254,0.0406063050031662,5.8091543905902654e-05,0.018275318667292595,0.010946455411612988,0.08909376710653305,0.0,0.0,0.0005153120728209615,0.0006383598359616325,,,,
887,True,,,0.030416984111070633,,0.0,,,,,,0.0024552708491683006,0.038066089153289795,2.7865422453032807e-05,0.02201431803405285,0.014543360099196434,0.0890975147485733,0.0,0.0,0.0007933022570796311,0.0006376592723500928,,,,
888,True,,,0.033882346004247665,,0.0,,,,,,0.002848239615559578,0.05140778422355652,3.77798241970595e-05,0.025422045961022377,0.016184305772185326,0.08910097926855087,0.0,0.0,0.0007468226831406355,0.0006369584878333593,,,,
889,True,,,0.029789041727781296,,0.0,,,,,,0.003666528267785907,0.051349036395549774,3.40141705237329e-05,0.03307359665632248,0.02306622825562954,0.08910398185253143,0.0,0.0,0.0009740748209878802,0.0006362574841774397,,,,
890,True,,,0.029645297676324844,,0.0,,,,,,0.0021057329140603542,0.041915297508239746,7.750104850856587e-05,0.020471852272748947,0.012948315590620041,0.08910702913999557,0.0,0.0,0.0005497848615050316,0.0006355562631488933,,,,
891,True,,,0.03432384133338928,,0.0,,,,,,0.003447776660323143,0.05211460590362549,3.9671089325565845e-05,0.031392861157655716,0.021479450166225433,0.08910997211933136,0.0,0.0,0.0008714806172065437,0.0006348548265148281,,,,
892,True,,,0.0279838927090168,,0.0,,,,,,0.0040843249298632145,0.04559949040412903,7.039612683001906e-05,0.034635938704013824,0.024785488843917847,0.08911366015672684,0.0,0.0,0.0009548116358928382,0.0006341531760428949,,,,
893,True,,,0.02544548735022545,,0.0,,,,,,0.004649324342608452,0.0457039549946785,4.18264971813187e-05,0.037527866661548615,0.027141602709889412,0.08911755681037903,0.0,0.0,0.0007315493421629071,0.0006334513135012837,,,,
894,True,,,0.027689505368471146,,0.0,,,,,,0.0034759328700602055,0.049682263284921646,6.330059841275215e-05,0.029529711231589317,0.01988578960299492,0.08912166953086853,0.0,0.0,0.0007508734706789255,0.0006327492406587186,,,,
895,True,,,0.025601740926504135,,0.0,,,,,,0.002474664244800806,0.038710687309503555,2.8890612156828865e-05,0.023927772417664528,0.01642032340168953,0.08912530541419983,0.0,0.0,0.0006061257445253432,0.0006320469592844539,,,,
896,True,,,0.07206590473651886,,0.0,,,,,,0.0017283027991652489,0.046060025691986084,3.843391459668055e-05,0.01675308309495449,0.008787614293396473,0.0891287550330162,0.0,0.0,0.0006110842805355787,0.0006313444711482692,,,,
897,True,,,0.029999054968357086,,0.0,,,,,,0.006065440829843283,0.05918785184621811,3.518567973515019e-05,0.04292627424001694,0.029733143746852875,0.08913207054138184,0.0,0.0,0.0006605674861930311,0.0006306417780204655,,,,
898,True,,,0.03537140041589737,,0.0,,,,,,0.0038645125459879637,0.052446700632572174,7.79099646024406e-05,0.035100869834423065,0.024707667529582977,0.08913522958755493,0.0,0.0,0.0008462201803922653,0.0006299388816718599,,,,
899,True,,,0.029046226292848587,,0.0,,,,,,0.0028648762963712215,0.046791139990091324,3.981447662226856e-05,0.025340385735034943,0.01659463904798031,0.08913849294185638,0.0,0.0,0.0006571528501808643,0.000629235783873782,,,,
900,True,,,0.029639165848493576,,0.0,,,,,,0.0038332545664161444,0.05433395504951477,7.14325433364138e-05,0.03453446179628372,0.024044286459684372,0.08914177119731903,0.0,0.0,0.000654280767776072,0.000628532486398069,0.00037380662187398614,0.00047868527345097173,6.805407476766673e-05,2.344174531519227e-05
901,True,,,0.0392315611243248,,0.0,,,,,,0.004193948581814766,0.05170520767569542,4.2238374589942396e-05,0.03897828981280327,0.028308939188718796,0.08914486318826675,0.0,0.0,0.0008443512488156557,0.0006278289910170611,,,,
902,True,,,0.04033985733985901,,0.0,,,,,,0.0035100511740893126,0.0592334046959877,5.80762789468281e-05,0.03250809386372566,0.021750789135694504,0.08914794772863388,0.0,0.0,0.0007430792902596295,0.0006271252995035977,,,,
903,True,,,0.03373636305332184,,0.0,,,,,,0.0037882081232964993,0.049588799476623535,2.8672689950326458e-05,0.03328314051032066,0.023292843252420425,0.08915120363235474,0.0,0.0,0.000735896173864603,0.0006264214136310119,,,,
904,True,,,0.03149142488837242,,0.0,,,,,,0.004996376112103462,0.06369656324386597,3.888089850079268e-05,0.044500887393951416,0.03190895915031433,0.08915448188781738,0.0,0.0,0.0007823723717592657,0.0006257173351731268,,,,
905,True,,,0.02466682717204094,,0.0,,,,,,0.0018473283853381872,0.05099496990442276,3.6511926737148315e-05,0.020323477685451508,0.012220153585076332,0.0891575738787651,0.0,0.0,0.0005322981742210686,0.0006250130659042509,,,,
906,True,,,0.03095519170165062,,0.0,,,,,,0.0037612300366163254,0.047944750636816025,8.48008639877662e-05,0.031786639243364334,0.02198737859725952,0.0891605019569397,0.0,0.0,0.0007234980002976954,0.0006243086075991735,,,,
907,True,,,0.03991612792015076,,0.0,,,,,,0.004361608996987343,0.06818437576293945,4.012457065982744e-05,0.035392045974731445,0.02290114015340805,0.08916366100311279,0.0,0.0,0.0006289301672950387,0.0006236039620331605,,,,
908,True,,,0.03606751561164856,,0.0,,,,,,0.004244917072355747,0.0505080409348011,7.532488962169737e-05,0.0354459173977375,0.024860188364982605,0.08916706591844559,0.0,0.0,0.0010089841671288013,0.0006228991309819491,,,,
909,True,,,0.03269954025745392,,0.0,,,,,,0.004226121120154858,0.05927325040102005,4.195349174551666e-05,0.0374431237578392,0.026050003245472908,0.08917038142681122,0.0,0.0,0.0008365326793864369,0.0006221941162217449,,,,
910,True,,,0.03919964283704758,,0.0,,,,,,0.006776853930205107,0.06930947303771973,5.906396108912304e-05,0.05266473442316055,0.0376436673104763,0.08917389065027237,0.0,0.0,0.0009501039166934788,0.000621488919529215,,,,
911,True,,,0.03715312480926514,,0.0,,,,,,0.0016744419699534774,0.03605654090642929,2.892015254474245e-05,0.01623728685081005,0.00967942550778389,0.08917757123708725,0.0,0.0,0.0007619846728630364,0.0006207835426814868,,,,
912,True,,,0.026422735303640366,,0.0,,,,,,0.004008350428193808,0.04974569380283356,3.8984857383184135e-05,0.031767092645168304,0.021608639508485794,0.08918103575706482,0.0,0.0,0.0007013897993601859,0.0006200779874561401,,,,
913,True,,,0.0381588339805603,,0.0,,,,,,0.004339316859841347,0.06212697923183441,3.4553551813587546e-05,0.03783031925559044,0.025987587869167328,0.08918485045433044,0.0,0.0,0.0009503049659542739,0.0006193722556312051,,,,
914,True,,,0.01922287978231907,,0.0,,,,,,0.0013547766720876098,0.03277949243783951,7.854362775105983e-05,0.014103330671787262,0.008347215130925179,0.0891888216137886,0.0,0.0,0.00044015038292855024,0.000618666348985157,,,,
915,True,,,0.02823830023407936,,0.0,,,,,,0.0025565186515450478,0.0473187118768692,3.929313970729709e-05,0.02560914121568203,0.017126796767115593,0.08919250220060349,0.0,0.0,0.0006708045839332044,0.0006179602692969111,,,,
916,True,,,0.026040688157081604,,0.0,,,,,,0.005510312970727682,0.059308696538209915,7.197201193775982e-05,0.04800045117735863,0.03537091240286827,0.08919645100831985,0.0,0.0,0.0007346349884755909,0.000617254018345819,,,,
917,True,,,0.035894639790058136,,0.0,,,,,,0.0036861798726022243,0.05758272856473923,4.132051981287077e-05,0.02985573373734951,0.019139667972922325,0.08920063078403473,0.0,0.0,0.0006492495886050165,0.0006165475979116644,,,,
918,True,,,0.02671261504292488,,0.0,,,,,,0.004841070622205734,0.06140033155679703,5.8659963542595506e-05,0.043443743139505386,0.031274136155843735,0.08920453488826752,0.0,0.0,0.0007566938293166459,0.0006158410097746571,,,,
919,True,,,0.03451216593384743,,0.0,,,,,,0.002501885872334242,0.04763060808181763,2.8697364541585557e-05,0.0224513690918684,0.013934869319200516,0.08920823037624359,0.0,0.0,0.0006964384810999036,0.0006151342557154302,,,,
920,True,,,0.03099602833390236,,0.0,,,,,,0.004257652908563614,0.05050307512283325,3.860391734633595e-05,0.03653757646679878,0.026008237153291702,0.0892118439078331,0.0,0.0,0.0006720908568240702,0.000614427337515035,,,,
921,True,,,0.02382999286055565,,0.0,,,,,,0.004236182197928429,0.05333155393600464,3.318691233289428e-05,0.04082399606704712,0.030107609927654266,0.08921536803245544,0.0,0.0,0.0009668696438893676,0.0006137202569549362,,,,
922,True,,,0.03051966242492199,,0.0,,,,,,0.00445139454677701,0.05962752923369408,7.77187233325094e-05,0.034604527056217194,0.022954128682613373,0.08921920508146286,0.0,0.0,0.0007193614146672189,0.0006130130158170074,,,,
923,True,,,0.027551893144845963,,0.0,,,,,,0.0030801361426711082,0.04024917632341385,3.955142165068537e-05,0.02661532536149025,0.018322747200727463,0.08922296017408371,0.0,0.0,0.0007654647342860699,0.0006123056158835273,,,,
924,True,,,0.046613872051239014,,0.0,,,,,,0.00529827643185854,0.06822752952575684,7.073745655361563e-05,0.045003607869148254,0.0314888060092926,0.08922659605741501,0.0,0.0,0.0010529635474085808,0.0006115980589371747,,,,
925,True,,,0.03208872675895691,,0.0,,,,,,0.006287389434874058,0.06205623596906662,4.115945193916559e-05,0.05696753039956093,0.0432407483458519,0.08922991156578064,0.0,0.0,0.0010413277195766568,0.000610890346761024,,,,
926,True,,,0.03312494605779648,,0.0,,,,,,0.005284415557980537,0.06324005126953125,5.865381535841152e-05,0.0418865866959095,0.029025264084339142,0.08923265337944031,0.0,0.0,0.0009354981011711061,0.0006101824811385405,,,,
927,True,,,0.033637985587120056,,0.0,,,,,,0.002478994196280837,0.04963646084070206,2.6779196559800766e-05,0.02212090976536274,0.013436151668429375,0.08923494070768356,0.0,0.0,0.0005950539489276707,0.0006094744638535769,,,,
928,True,,,0.017326489090919495,,0.0,,,,,,0.000786811055149883,0.02039748802781105,3.8067595596658066e-05,0.00814705528318882,0.0042358264327049255,0.08923695981502533,0.0,0.0,0.0003649729478638619,0.0006087662966903674,,,,
929,True,,,0.02696509100496769,,0.0,,,,,,0.0033099977299571037,0.04295814782381058,3.340383409522474e-05,0.027853380888700485,0.019068825989961624,0.08923890441656113,0.0,0.0,0.0008316489984281361,0.0006080579814335245,,,,
930,True,,,0.019068218767642975,,0.0,,,,,,0.0017865856643766165,0.04021266847848892,8.26989853521809e-05,0.01809062249958515,0.011158330366015434,0.08924081176519394,0.0,0.0,0.0006918155122548342,0.000607349519868033,,,,
931,True,,,0.030170466750860214,,0.0,,,,,,0.005842623766511679,0.06695147603750229,4.055065073771402e-05,0.05330252647399902,0.03955034911632538,0.0892426148056984,0.0,0.0,0.001010192441754043,0.0006066409137792476,,,,
932,True,,,0.03969424217939377,,0.0,,,,,,0.0053800782188773155,0.05603179335594177,7.454415026586503e-05,0.04470625892281532,0.0323963463306427,0.08924425393342972,0.0,0.0,0.0010362031171098351,0.000605932164952886,,,,
933,True,,,0.03284215182065964,,0.0,,,,,,0.0029830187559127808,0.045685723423957825,4.0709724999032915e-05,0.0279465913772583,0.01915375515818596,0.0892467051744461,0.0,0.0,0.0006329537136480212,0.0006052232751750266,,,,
934,True,,,0.03508418798446655,,0.0,,,,,,0.003514042589813471,0.056292593479156494,6.225250399438664e-05,0.03354817256331444,0.02313040755689144,0.08924950659275055,0.0,0.0,0.0007604830898344517,0.0006045142462321025,,,,
935,True,,,0.03218376636505127,,0.0,,,,,,0.004505141172558069,0.06327049434185028,2.950765883724671e-05,0.03752501308917999,0.025463705882430077,0.08925236016511917,0.0,0.0,0.0007657333626411855,0.0006038050799108976,,,,
936,True,,,0.022543027997016907,,0.0,,,,,,0.0018092523096129298,0.03865310549736023,3.8457415939774364e-05,0.01785886101424694,0.011047085747122765,0.08925533294677734,0.0,0.0,0.0005889267195016146,0.000603095777998542,,,,
937,True,,,0.03318805992603302,,0.0,,,,,,0.0052851056680083275,0.05770363658666611,3.5171735362382606e-05,0.044536273926496506,0.03223875164985657,0.08925828337669373,0.0,0.0,0.0010529733262956142,0.0006023863422825075,,,,
938,True,,,0.03927157446742058,,0.0,,,,,,0.004080589860677719,0.0569305382668972,8.368569251615554e-05,0.03434758633375168,0.02324676513671875,0.08926207572221756,0.0,0.0,0.000841062399558723,0.0006016767745506029,,,,
939,True,,,0.03581450134515762,,0.0,,,,,,0.0034721295814961195,0.06806012243032455,4.083121530129574e-05,0.031147299334406853,0.019597940146923065,0.08926563709974289,0.0,0.0,0.0007418435998260975,0.0006009670765909699,,,,
940,True,,,0.03964966535568237,,0.0,,,,,,0.00534215709194541,0.06626345962285995,7.456734601873904e-05,0.043141141533851624,0.02984616346657276,0.08926939964294434,0.0,0.0,0.0009254022734239697,0.0006002572501920786,,,,
941,True,,,0.040049925446510315,,0.0,,,,,,0.0027891192585229874,0.04357475787401199,4.0251157770399004e-05,0.02309601381421089,0.01463606022298336,0.08927342295646667,0.0,0.0,0.0007830071845091879,0.0005995472971427224,,,,
942,True,,,0.030480805784463882,,0.0,,,,,,0.0029251384548842907,0.04044300317764282,6.288803706411272e-05,0.024044768884778023,0.01584630087018013,0.08927761018276215,0.0,0.0,0.0005701530026271939,0.0005988372192320139,,,,
943,True,,,0.03781573101878166,,0.0,,,,,,0.00537381274625659,0.07131433486938477,2.7989884983981028e-05,0.0473809689283371,0.03359075263142586,0.08928172290325165,0.0,0.0,0.0008491460466757417,0.0005981270182493806,,,,
944,True,,,0.03659076243638992,,0.0,,,,,,0.002971937647089362,0.04905843734741211,3.864906830131076e-05,0.02972985804080963,0.02057398296892643,0.08928609639406204,0.0,0.0,0.0007625144789926708,0.0005974166959845598,,,,
945,True,,,0.05136609822511673,,0.0,,,,,,0.005774693097919226,0.0663202702999115,3.4494536521378905e-05,0.05019078031182289,0.0363602489233017,0.08929048478603363,0.0,0.0,0.0010591988684609532,0.0005967062542275946,,,,
946,True,,,0.029596833512187004,,0.0,,,,,,0.004445552825927734,0.05647405982017517,7.645432197023183e-05,0.04097868502140045,0.02965857833623886,0.08929503709077835,0.0,0.0,0.0009081242606043816,0.0005959956947688294,,,,
947,True,,,0.03631918877363205,,0.0,,,,,,0.004851039499044418,0.06017892062664032,4.045182868139818e-05,0.04148493707180023,0.029339591041207314,0.08929956704378128,0.0,0.0,0.0008002502145245671,0.0005952850193989051,,,,
948,True,,,0.028251349925994873,,0.0,,,,,,0.00282189785502851,0.04361525923013687,7.146181451389566e-05,0.02509087696671486,0.01669616997241974,0.08930400758981705,0.0,0.0,0.0005802442319691181,0.0005945742299087546,,,,
949,True,,,0.05845753476023674,,0.0,,,,,,0.0022217072546482086,0.05803810432553291,4.228325997246429e-05,0.02354949712753296,0.01402517780661583,0.08930817246437073,0.0,0.0,0.0005841291276738048,0.0005938633280895984,,,,
950,True,,,0.02702535316348076,,0.0,,,,,,0.0026542756240814924,0.04496842250227928,5.7793829910224304e-05,0.02693672850728035,0.01859333924949169,0.08931215852499008,0.0,0.0,0.0007234508520923555,0.0005931523157329401,,,,
951,True,,,0.03550561144948006,,0.0,,,,,,0.003643506672233343,0.06096272170543671,2.750926068983972e-05,0.03538046032190323,0.024378707632422447,0.08931615203619003,0.0,0.0,0.0007626109290868044,0.000592441194630562,,,,
952,True,,,0.0294963251799345,,0.0,,,,,,0.005348408129066229,0.05524270236492157,3.8246475014602765e-05,0.040635623037815094,0.028555655851960182,0.08932033181190491,0.0,0.0,0.0007143400143831968,0.0005917299665745203,,,,
953,True,,,0.04055739566683769,,0.0,,,,,,0.007327372208237648,0.07458467781543732,3.550537439878099e-05,0.053847093135118484,0.0377446785569191,0.08932515978813171,0.0,0.0,0.000977683230303228,0.0005910186333571407,,,,
954,True,,,0.023368019610643387,,0.0,,,,,,0.001275260467082262,0.03291081637144089,8.407246059505269e-05,0.012765214778482914,0.007029851898550987,0.08933046460151672,0.0,0.0,0.0004998472868464887,0.0005903071967710139,,,,
955,True,,,0.033384859561920166,,0.0,,,,,,0.0052039180882275105,0.05822698399424553,4.12472800235264e-05,0.04391145333647728,0.03163701295852661,0.08933508396148682,0.0,0.0,0.0008591877412982285,0.0005895956586089912,,,,
956,True,,,0.03985298424959183,,0.0,,,,,,0.0032216801773756742,0.0451509989798069,7.542710227426142e-05,0.02617153711616993,0.017105121165513992,0.08933937549591064,0.0,0.0,0.0009102362673729658,0.0005888840206641801,,,,
957,True,,,0.02453107386827469,,0.0,,,,,,0.001269298605620861,0.038322947919368744,4.142223042435944e-05,0.013178611174225807,0.006917557679116726,0.08934382349252701,0.0,0.0,0.0005377739435061812,0.0005881722847299389,,,,
958,True,,,0.027378514409065247,,0.0,,,,,,0.002576621249318123,0.04078124463558197,6.238439527805895e-05,0.023281646892428398,0.015428445301949978,0.08934801071882248,0.0,0.0,0.0006486006313934922,0.0005874604525998735,,,,
959,True,,,0.035646989941596985,,0.0,,,,,,0.0038752022664994,0.055012501776218414,2.8005459171254188e-05,0.033719658851623535,0.023079216480255127,0.08935194462537766,0.0,0.0,0.0006482138414867222,0.0005867485260678319,,,,
960,True,,,0.023933064192533493,,0.0,,,,,,0.002218581736087799,0.03888469561934471,3.888929495587945e-05,0.019874950870871544,0.012615567073225975,0.08935572952032089,0.0,0.0,0.0006164878723211586,0.0005860365069279,,,,
961,True,,,0.0394592210650444,,0.0,,,,,,0.004442375153303146,0.06586387753486633,3.722152177942917e-05,0.03805370256304741,0.025718141347169876,0.089359350502491,0.0,0.0,0.0006676733028143644,0.0005853243969743972,,,,
962,True,,,0.026378722861409187,,0.0,,,,,,0.002634640783071518,0.04209877550601959,8.312052523251623e-05,0.025628766044974327,0.01758526638150215,0.08936339616775513,0.0,0.0,0.0007321645389311016,0.0005846121980018715,,,,
963,True,,,0.01842961087822914,,0.0,,,,,,0.0028705894947052,0.04065694287419319,4.034205267089419e-05,0.02261396497488022,0.014579543843865395,0.08936705440282822,0.0,0.0,0.0005087382160127163,0.0005838999118050956,,,,
964,True,,,0.04124431312084198,,0.0,,,,,,0.005906533449888229,0.06419707089662552,7.131874735932797e-05,0.046098630875349045,0.032430585473775864,0.08937052637338638,0.0,0.0,0.0009306872962042689,0.0005831875401790617,,,,
965,True,,,0.02772659994661808,,0.0,,,,,,0.0032737141009420156,0.043116502463817596,4.2594903788995e-05,0.03030066005885601,0.021522993221879005,0.08937406539916992,0.0,0.0,0.0006079486920498312,0.0005824750849189774,,,,
966,True,,,0.03277255594730377,,0.0,,,,,,0.0022808476351201534,0.048791058361530304,5.874050475540571e-05,0.022732965648174286,0.014322144910693169,0.08937722444534302,0.0,0.0,0.0006848686607554555,0.0005817625478202612,,,,
967,True,,,0.032210610806941986,,0.0,,,,,,0.0030514542013406754,0.054403916001319885,2.686507286853157e-05,0.031385425478219986,0.02166423574090004,0.08938062191009521,0.0,0.0,0.0008562940638512373,0.0005810499306785374,,,,
968,True,,,0.040291380137205124,,0.0,,,,,,0.005216385703533888,0.06759174913167953,3.884328907588497e-05,0.043371014297008514,0.030079277232289314,0.089384064078331,0.0,0.0,0.0009196562459692359,0.0005803372352896326,,,,
969,True,,,0.03862627595663071,,0.0,,,,,,0.0028592075686901808,0.043555572628974915,3.590624692151323e-05,0.02688310295343399,0.018370237201452255,0.08938845992088318,0.0,0.0,0.0007726906915195286,0.0005796244634495704,,,,
970,True,,,0.03812318667769432,,0.0,,,,,,0.003992958925664425,0.05727044865489006,8.332004654221237e-05,0.03384018689393997,0.02280336245894432,0.08939293771982193,0.0,0.0,0.0008126046159304678,0.0005789116169545666,,,,
971,True,,,0.03185524418950081,,0.0,,,,,,0.0022914044093340635,0.0423247404396534,3.993818972958252e-05,0.020348748192191124,0.012592373415827751,0.08939749002456665,0.0,0.0,0.0005831224843859673,0.0005781986976010257,,,,
972,True,,,0.02413281798362732,,0.0,,,,,,0.003310158383101225,0.048367053270339966,7.474327139789239e-05,0.0309000164270401,0.02158043533563614,0.08940167725086212,0.0,0.0,0.0006371777271851897,0.0005774857071855356,,,,
973,True,,,0.024298910051584244,,0.0,,,,,,0.0033011743798851967,0.04430650919675827,3.9415666833519936e-05,0.02919747680425644,0.020308896899223328,0.0894056111574173,0.0,0.0,0.000764407857786864,0.0005767726475048632,,,,
974,True,,,0.05497661605477333,,0.0,,,,,,0.004569122567772865,0.0677756667137146,6.100784958107397e-05,0.04165155068039894,0.028830494731664658,0.08940955251455307,0.0,0.0,0.0008081112755462527,0.0005760595203559501,,,,
975,True,,,0.03271721675992012,,0.0,,,,,,0.001474047894589603,0.04484381526708603,2.7729982321034186e-05,0.01632525585591793,0.009131653234362602,0.08941370993852615,0.0,0.0,0.0005690777325071394,0.0005753463275359079,,,,
976,True,,,0.04144541546702385,,0.0,,,,,,0.003921035677194595,0.056636422872543335,3.930358070647344e-05,0.031169690191745758,0.020256727933883667,0.0894177183508873,0.0,0.0,0.0006845072493888438,0.0005746330708420134,,,,
977,True,,,0.03071404993534088,,0.0,,,,,,0.002055372344329953,0.043909795582294464,3.6876212107017636e-05,0.019503477960824966,0.011837329715490341,0.08942167460918427,0.0,0.0,0.0005186994676478207,0.0005739197520717053,,,,
978,True,,,0.03487248718738556,,0.0,,,,,,0.006593374069780111,0.06393444538116455,8.506960875820369e-05,0.05628415569663048,0.04201182723045349,0.0894252359867096,0.0,0.0,0.0009472732781432569,0.0005732063730225771,,,,
979,True,,,0.04806358367204666,,0.0,,,,,,0.003227642271667719,0.04867929965257645,4.1074788896366954e-05,0.027724849060177803,0.01823381707072258,0.0894288420677185,0.0,0.0,0.0008848313009366393,0.0005724929354923756,,,,
980,True,,,0.029191045090556145,,0.0,,,,,,0.00426848977804184,0.04802369326353073,7.485003879992291e-05,0.03684769943356514,0.026553180068731308,0.08943241089582443,0.0,0.0,0.0007808235241100192,0.0005717794412789946,,,,
981,True,,,0.04119790345430374,,0.0,,,,,,0.00393000990152359,0.06803308427333832,4.2049137846333906e-05,0.03816158324480057,0.026100900024175644,0.0894358903169632,0.0,0.0,0.0006601725472137332,0.0005710658921804705,,,,
982,True,,,0.027653109282255173,,0.0,,,,,,0.0033407174050807953,0.05171136558055878,5.907383092562668e-05,0.0299527645111084,0.020240454003214836,0.08943888545036316,0.0,0.0,0.0007407437078654766,0.0005703522899949783,,,,
983,True,,,0.026255302131175995,,0.0,,,,,,0.0029300672467797995,0.05020597577095032,2.93731482088333e-05,0.028029531240463257,0.018907207995653152,0.08944186568260193,0.0,0.0,0.0006819932605139911,0.0005696386365208268,,,,
984,True,,,0.03321755677461624,,0.0,,,,,,0.0012921906309202313,0.02811666950583458,3.9139056752901524e-05,0.01323881559073925,0.007888766005635262,0.08944471925497055,0.0,0.0,0.0005872710607945919,0.0005689249335564537,,,,
985,True,,,0.038728125393390656,,0.0,,,,,,0.0031194519251585007,0.049638956785202026,3.459710205788724e-05,0.0285386610776186,0.019156258553266525,0.08944753557443619,0.0,0.0,0.000663190265186131,0.0005682111829004216,,,,
986,True,,,0.03017486445605755,,0.0,,,,,,0.0035562317352741957,0.048562776297330856,7.848750101402402e-05,0.03215949609875679,0.022511493414640427,0.08945014327764511,0.0,0.0,0.0007262389408424497,0.0005674973863514135,,,,
987,True,,,0.025096463039517403,,0.0,,,,,,0.001994025893509388,0.03849329799413681,3.9515689422842115e-05,0.020416855812072754,0.013408251106739044,0.08945267647504807,0.0,0.0,0.00052403355948627,0.0005667835457082277,,,,
988,True,,,0.028625333681702614,,0.0,,,,,,0.0014821486547589302,0.045345745980739594,7.258463301695883e-05,0.01729532517492771,0.010061507113277912,0.08945505321025848,0.0,0.0,0.0005051366752013564,0.000566069662769774,,,,
989,True,,,0.03514627739787102,,0.0,,,,,,0.0017260139575228095,0.0364210419356823,4.214961882098578e-05,0.01814979687333107,0.011514566838741302,0.0894574448466301,0.0,0.0,0.0005724990041926503,0.0005653557393350683,,,,
990,True,,,0.026598474010825157,,0.0,,,,,,0.0028108356054872274,0.05080205947160721,5.786117253592238e-05,0.025486299768090248,0.016405746340751648,0.08945982158184052,0.0,0.0,0.0007288396009244025,0.000564641777203229,,,,
991,True,,,0.04179180786013603,,0.0,,,,,,0.004525365307927132,0.07013057917356491,2.8565664251800627e-05,0.03807557374238968,0.02521033212542534,0.08946188539266586,0.0,0.0,0.0008308773394674063,0.0005639277781734719,,,,
992,True,,,0.04229086637496948,,0.0,,,,,,0.003308095969259739,0.05001942813396454,3.87789259548299e-05,0.03054095432162285,0.02089397981762886,0.08946383744478226,0.0,0.0,0.0008590120705775917,0.0005632137440451057,,,,
993,True,,,0.027501387521624565,,0.0,,,,,,0.002159849042072892,0.05911652743816376,3.5922563256463036e-05,0.024112069979310036,0.014852931722998619,0.0894661545753479,0.0,0.0,0.0005885458085685968,0.0005624996766175276,,,,
994,True,,,0.025778446346521378,,0.0,,,,,,0.0035192957147955894,0.04631686955690384,8.334605081472546e-05,0.03534185513854027,0.0259967353194952,0.08946818113327026,0.0,0.0,0.0007553222239948809,0.0005617855776902184,,,,
995,True,,,0.0489225871860981,,0.0,,,,,,0.005516380071640015,0.05633056163787842,4.026524402434006e-05,0.04698459059000015,0.0344310961663723,0.08947007358074188,0.0,0.0,0.0013696927344426513,0.0005610714490627389,,,,
996,True,,,0.02470436692237854,,0.0,,,,,,0.0031507450621575117,0.055894635617733,7.24812998669222e-05,0.030890721827745438,0.02097250521183014,0.08947230130434036,0.0,0.0,0.0006049441872164607,0.0005603572925347245,,,,
997,True,,,0.03337843343615532,,0.0,,,,,,0.003442986635491252,0.05236341059207916,4.19622338085901e-05,0.03113483637571335,0.021205998957157135,0.08947450667619705,0.0,0.0,0.0005881931865587831,0.0005596431099058804,,,,
998,True,,,0.03159413859248161,,0.0,,,,,,0.002993684960529208,0.043974850326776505,5.85892194067128e-05,0.025899000465869904,0.017267826944589615,0.08947663754224777,0.0,0.0,0.0005912018823437393,0.0005589289029759786,,,,
999,True,,,0.037103071808815,,0.0,,,,,,0.002840772271156311,0.05166392773389816,2.772707011899911e-05,0.02851545624434948,0.019228611141443253,0.08947857469320297,0.0,0.0,0.0008730183471925557,0.0005582146735448512,,,,
1000,True,,,0.04464002326130867,,0.0,,,,,,0.007032644934952259,0.06422168016433716,3.8878129998920485e-05,0.06060926988720894,0.045793816447257996,0.0894799530506134,0.0,0.0,0.0009008298511616886,0.0005575004234123877,0.0003719216490639294,0.000756565744246408,0.00015509475430290992,1.5014891710522364e-05
1001,True,,,0.029904622584581375,,0.0,,,,,,0.0029842283111065626,0.04511392489075661,3.454229954513721e-05,0.027803806588053703,0.01909704878926277,0.08948180079460144,0.0,0.0,0.0006828555488027632,0.0005567861543785299,,,,
1002,True,,,0.04419814050197601,,0.0,,,,,,0.0018202562350779772,0.04446880891919136,7.681542774662375e-05,0.018237484619021416,0.01059512048959732,0.08948363363742828,0.0,0.0,0.0005123407463543117,0.0005560718682432667,,,,
1003,True,,,0.03255470097064972,,0.0,,,,,,0.004437388386577368,0.06416736543178558,4.051483847433701e-05,0.03574458882212639,0.023649806156754494,0.08948567509651184,0.0,0.0,0.0006578098400495946,0.0005553575668066303,,,,
1004,True,,,0.03255186602473259,,0.0,,,,,,0.0016777081182226539,0.04359719157218933,7.509611896239221e-05,0.017363619059324265,0.010068245232105255,0.0894877165555954,0.0,0.0,0.0006391630158759654,0.0005546432518686918,,,,
1005,True,,,0.032363805919885635,,0.0,,,,,,0.00568870734423399,0.06588755548000336,4.0484224882675335e-05,0.04707798734307289,0.033561743795871735,0.08949005603790283,0.0,0.0,0.0006296375649981201,0.0005539289252295556,,,,
1006,True,,,0.042772408574819565,,0.0,,,,,,0.006011758930981159,0.06851284205913544,6.153499271022156e-05,0.050743263214826584,0.03652680292725563,0.08949274569749832,0.0,0.0,0.0009934448171406984,0.0005532145886893566,,,,
1007,True,,,0.030360661447048187,,0.0,,,,,,0.004402894526720047,0.058979861438274384,2.6479141524760053e-05,0.0388386994600296,0.02732602134346962,0.08949538320302963,0.0,0.0,0.000701636599842459,0.0005525002440482534,,,,
1008,True,,,0.03512805700302124,,0.0,,,,,,0.002684554550796747,0.041671592742204666,3.860097785945982e-05,0.02419762685894966,0.016080351546406746,0.08949808031320572,0.0,0.0,0.0007310470100492239,0.0005517858931064261,,,,
1009,True,,,0.025210393592715263,,0.0,,,,,,0.00401698611676693,0.05598623305559158,3.5409382689977065e-05,0.03838743269443512,0.027607006952166557,0.089500792324543,0.0,0.0,0.0007735127583146095,0.0005510715376640704,,,,
1010,True,,,0.028714023530483246,,0.0,,,,,,0.0029799696058034897,0.052335113286972046,7.802780601195991e-05,0.027625776827335358,0.018191106617450714,0.08950360864400864,0.0,0.0,0.0007055405876599252,0.0005503571795213929,,,,
1011,True,,,0.02905944362282753,,0.0,,,,,,0.0021683245431631804,0.04216960445046425,4.026492388220504e-05,0.02127954550087452,0.0136884655803442,0.08950668573379517,0.0,0.0,0.0005909810424782336,0.0005496428204786074,,,,
1012,True,,,0.036179132759571075,,0.0,,,,,,0.01076807826757431,0.0838053897023201,7.19331728760153e-05,0.11288537085056305,0.09244389832019806,0.08950960636138916,0.0,0.0,0.0013880346668884158,0.0005489284623359297,,,,
1013,True,,,0.03536473959684372,,0.0,,,,,,0.0035927705466747284,0.05807895213365555,4.242153954692185e-05,0.029866624623537064,0.01919596642255783,0.089513398706913,0.0,0.0,0.0006974070565775037,0.0005482141068935738,,,,
1014,True,,,0.028851378709077835,,0.0,,,,,,0.002663805615156889,0.047343410551548004,5.834943658555858e-05,0.026738304644823074,0.01812729611992836,0.0895172581076622,0.0,0.0,0.0005631773383356631,0.0005474997559517467,,,,
1015,True,,,0.05083351582288742,,0.0,,,,,,0.003560638055205345,0.06540488451719284,2.7031192075810395e-05,0.031974513083696365,0.020456327125430107,0.08952102065086365,0.0,0.0,0.0007154892082326114,0.0005467854113106438,,,,
1016,True,,,0.034579500555992126,,0.0,,,,,,0.005223398096859455,0.06497970223426819,3.897180067724548e-05,0.04520871490240097,0.032226815819740295,0.0895247757434845,0.0,0.0,0.0008588286582380533,0.0005460710747704445,,,,
1017,True,,,0.02335970103740692,,0.0,,,,,,0.0023018931970000267,0.04570997878909111,3.589048719732091e-05,0.02140197716653347,0.013382261618971825,0.08952847123146057,0.0,0.0,0.0005216671852394938,0.0005453567481313083,,,,
1018,True,,,0.033747658133506775,,0.0,,,,,,0.00435399916023016,0.0523221418261528,7.61653354857117e-05,0.03254414722323418,0.02168705128133297,0.0895320251584053,0.0,0.0,0.0006525719654746354,0.0005446424331933697,,,,
1019,True,,,0.028427887707948685,,0.0,,,,,,0.0026502737309783697,0.047457680106163025,4.014902879134752e-05,0.024209216237068176,0.015613462775945663,0.08953581750392914,0.0,0.0,0.0006905547343194485,0.0005439281317567335,,,,
1020,True,,,0.03192918747663498,,0.0,,,,,,0.00445227324962616,0.0687418282032013,7.209674367913976e-05,0.0371793694794178,0.02460217848420143,0.0895395427942276,0.0,0.0,0.0006614912417717278,0.0005432138456214703,,,,
1021,True,,,0.035691872239112854,,0.0,,,,,,0.004580153618007898,0.07390424609184265,4.20946380472742e-05,0.0386040098965168,0.025360040366649628,0.08954270929098129,0.0,0.0,0.0008425071719102561,0.0005424995765876124,,,,
1022,True,,,0.028415042906999588,,0.0,,,,,,0.0027283341623842716,0.052540335804224014,5.890625106985681e-05,0.02634229138493538,0.01715085841715336,0.089546337723732,0.0,0.0,0.0006098332232795656,0.0005417853264551489,,,,
1023,True,,,0.03215586766600609,,0.0,,,,,,0.003295433707535267,0.055160604417324066,2.8991795261390507e-05,0.03267285227775574,0.02262980490922928,0.08954949676990509,0.0,0.0,0.0007093370077200234,0.0005410710970240217,,,,
1024,True,,,0.03868723288178444,,0.0,,,,,,0.006072500254958868,0.059318628162145615,3.9155253034550697e-05,0.0498817153275013,0.036575376987457275,0.08955270051956177,0.0,0.0,0.0010171274188905954,0.0005403568900941196,,,,
1025,True,,,0.04191377013921738,,0.0,,,,,,0.005806566681712866,0.05948546901345253,3.514418131089769e-05,0.04496707394719124,0.031879689544439316,0.08955632895231247,0.0,0.0,0.0007967478595674038,0.0005396427074652757,,,,
1026,True,,,0.03617091476917267,,0.0,,,,,,0.001941206632182002,0.04174026846885681,8.181044540833682e-05,0.01799902692437172,0.01058557815849781,0.08956006914377213,0.0,0.0,0.0006115350406616926,0.000538928550937261,,,,
1027,True,,,0.028017375618219376,,0.0,,,,,,0.003845830215141177,0.0588638074696064,3.988692697021179e-05,0.03550253063440323,0.024574561044573784,0.08956365287303925,0.0,0.0,0.0005973466322757304,0.0005382144223097817,,,,
1028,True,,,0.02711920253932476,,0.0,,,,,,0.004703229293227196,0.05233893543481827,7.13345070835203e-05,0.04276273399591446,0.031623080372810364,0.08956703543663025,0.0,0.0,0.0011138332774862647,0.0005375003233824726,,,,
1029,True,,,0.03937997668981552,,0.0,,,,,,0.001984173897653818,0.041582465171813965,4.253802399034612e-05,0.017845261842012405,0.010392064228653908,0.0895707905292511,0.0,0.0,0.0005494141951203346,0.0005367862559548942,,,,
1030,True,,,0.027116481214761734,,0.0,,,,,,0.004547974094748497,0.05240677297115326,5.8348603488411754e-05,0.03987003490328789,0.02888530306518078,0.08957428485155106,0.0,0.0,0.0007729692733846605,0.0005360722218265281,,,,
1031,True,,,0.033039506524801254,,0.0,,,,,,0.002180428011342883,0.0370526947081089,2.875601603591349e-05,0.01934979110956192,0.012223541736602783,0.08957768231630325,0.0,0.0,0.0005964060546830297,0.000535358222796771,,,,
1032,True,,,0.029792606830596924,,0.0,,,,,,0.002960420912131667,0.05052623152732849,3.946231663576327e-05,0.029294611886143684,0.020068097859621048,0.08958110213279724,0.0,0.0,0.0007005807128734887,0.0005346442606649317,,,,
1033,True,,,0.025842508301138878,,0.0,,,,,,0.002563345478847623,0.04446388781070709,3.866474435199052e-05,0.02596905268728733,0.01778571493923664,0.08958476036787033,0.0,0.0,0.0006918616709299386,0.0005339303372302261,,,,
1034,True,,,0.04100414365530014,,0.0,,,,,,0.0031769773922860622,0.06056986749172211,8.600053115515038e-05,0.030309146270155907,0.019726261496543884,0.08958792686462402,0.0,0.0,0.0006857795524410903,0.0005332164542917725,,,,
1035,True,,,0.03332111984491348,,0.0,,,,,,0.004539100918918848,0.061690960079431534,4.131871901336126e-05,0.03832079842686653,0.026362814009189606,0.08959122002124786,0.0,0.0,0.0008493878995068371,0.0005325026136485866,,,,
1036,True,,,0.04191292077302933,,0.0,,,,,,0.002903012093156576,0.046708207577466965,7.357995491474867e-05,0.026559820398688316,0.01763411983847618,0.08959483355283737,0.0,0.0,0.0006573728751391172,0.0005317888170995785,,,,
1037,True,,,0.030225403606891632,,0.0,,,,,,0.006502458825707436,0.07038214802742004,4.140195596846752e-05,0.05436231940984726,0.03960270807147026,0.08959823846817017,0.0,0.0,0.0008666515932418406,0.0005310750664435464,,,,
1038,True,,,0.03682616725564003,,0.0,,,,,,0.0033432822674512863,0.05773146450519562,5.755655001848936e-05,0.02859123982489109,0.018181750550866127,0.08960215002298355,0.0,0.0,0.0007801485480740666,0.0005303613634791734,,,,
1039,True,,,0.03366176784038544,,0.0,,,,,,0.0008993704686872661,0.03357914835214615,2.6938321752822958e-05,0.01060930173844099,0.005105869844555855,0.08960599452257156,0.0,0.0,0.0004883462679572403,0.0005296477100050217,,,,
1040,True,,,0.03754160553216934,,0.0,,,,,,0.002987475832924247,0.05244848132133484,3.8408441469073296e-05,0.02875390648841858,0.019230864942073822,0.08960966020822525,0.0,0.0,0.0007413402781821787,0.0005289341078195297,,,,
1041,True,,,0.046120140701532364,,0.0,,,,,,0.004138644319027662,0.0650031715631485,3.7127058021724224e-05,0.03474068641662598,0.022725822404026985,0.0896136462688446,0.0,0.0,0.001970472279936075,0.0005282205587210056,,,,
1042,True,,,0.02701704576611519,,0.0,,,,,,0.0016840919852256775,0.03501502424478531,8.286464435514063e-05,0.01732438988983631,0.010931014083325863,0.08961784094572067,0.0,0.0,0.0006262561655603349,0.0005275070645076247,,,,
1043,True,,,0.027728402987122536,,0.0,,,,,,0.002048419788479805,0.0344691276550293,4.000978515250608e-05,0.01843160390853882,0.011742763221263885,0.0896218940615654,0.0,0.0,0.000604038592427969,0.0005267936269774232,,,,
1044,True,,,0.024897631257772446,,0.0,,,,,,0.0014632719103246927,0.03340085223317146,7.17141228960827e-05,0.016131458804011345,0.01014700811356306,0.0896260216832161,0.0,0.0,0.0007517333724536002,0.000526080247928295,,,,
1045,True,,,0.036395855247974396,,0.0,,,,,,0.0032554338686168194,0.04139358177781105,4.296821862226352e-05,0.028713325038552284,0.020036790519952774,0.08962993323802948,0.0,0.0,0.0007551245507784188,0.0005253669291579864,,,,
1046,True,,,0.02801896631717682,,0.0,,,,,,0.0029367655515670776,0.04632853716611862,6.192184810061008e-05,0.022876620292663574,0.01409951038658619,0.08963383734226227,0.0,0.0,0.000623934029135853,0.0005246536724640923,,,,
1047,True,,,0.024215158075094223,,0.0,,,,,,0.003822388593107462,0.06262783706188202,2.913918979174923e-05,0.037331096827983856,0.026092827320098877,0.08963756263256073,0.0,0.0,0.000756590161472559,0.00052394047964405,,,,
1048,True,,,0.03600689768791199,,0.0,,,,,,0.003943224437534809,0.05353972315788269,3.929322701878846e-05,0.032236192375421524,0.021662868559360504,0.08964113146066666,0.0,0.0,0.0007353863911703229,0.0005232273524951368,,,,
1049,True,,,0.04241998493671417,,0.0,,,,,,0.003296516602858901,0.05720934644341469,3.559940887498669e-05,0.028504375368356705,0.018148476257920265,0.0896448865532875,0.0,0.0,0.000771268387325108,0.0005225142928144645,,,,
1050,True,,,0.031441688537597656,,0.0,,,,,,0.002226539421826601,0.04195296764373779,7.847524102544412e-05,0.021533068269491196,0.013861093670129776,0.08964859694242477,0.0,0.0,0.000533654005266726,0.0005218013023989745,,,,
1051,True,,,0.03840184956789017,,0.0,,,,,,0.00367562472820282,0.05322549492120743,4.0260489186039194e-05,0.03241981938481331,0.022120974957942963,0.08965218812227249,0.0,0.0,0.0006831466453149915,0.0005210883830454335,,,,
1052,True,,,0.037827394902706146,,0.0,,,,,,0.0053516561165452,0.05085546895861626,7.208412716863677e-05,0.046448636800050735,0.03470056504011154,0.089655302464962,0.0,0.0,0.0017499999376013875,0.0005203755365504296,,,,
1053,True,,,0.034768663346767426,,0.0,,,,,,0.004356029909104109,0.049693938344717026,4.261955473339185e-05,0.03539746627211571,0.024806464090943336,0.08965842425823212,0.0,0.0,0.0009323125123046339,0.0005196627647103673,,,,
1054,True,,,0.029028138145804405,,0.0,,,,,,0.0032709594815969467,0.056008562445640564,5.9090685681439936e-05,0.028867419809103012,0.018779156729578972,0.08966204524040222,0.0,0.0,0.0005844349507242441,0.0005189500693214628,,,,
1055,True,,,0.030359670519828796,,0.0,,,,,,0.004868999123573303,0.06148732453584671,2.7957683414570056e-05,0.04117096960544586,0.028939004987478256,0.08966546505689621,0.0,0.0,0.0008830179576762021,0.0005182374521797389,,,,
1056,True,,,0.033254943788051605,,0.0,,,,,,0.0023952980991452932,0.03400528058409691,3.9376387576339766e-05,0.020191144198179245,0.013146397657692432,0.08966833353042603,0.0,0.0,0.0006734567577950656,0.0005175249150810226,,,,
1057,True,,,0.032454006373882294,,0.0,,,,,,0.0035066816490143538,0.04485803470015526,3.57042663381435e-05,0.029034562408924103,0.019802972674369812,0.0896710678935051,0.0,0.0,0.0007245310116559267,0.0005168124598209383,,,,
1058,True,,,0.027303578332066536,,0.0,,,,,,0.0037043550983071327,0.05124586075544357,7.921687210910022e-05,0.03334394842386246,0.023305626586079597,0.0896737277507782,0.0,0.0,0.0008402304956689477,0.0005161000881949046,,,,
1059,True,,,0.05905340611934662,,0.0,,,,,,0.0019086103420704603,0.040762923657894135,3.9662241761107e-05,0.020807737484574318,0.013315699994564056,0.08967678993940353,0.0,0.0,0.000655540672596544,0.0005153878019981287,,,,
1060,True,,,0.025203468278050423,,0.0,,,,,,0.0032979431562125683,0.04413328692317009,7.153075421229005e-05,0.02870023436844349,0.019804364070296288,0.08967988193035126,0.0,0.0,0.0007374064298346639,0.0005146756030256029,,,,
1061,True,,,0.03661569952964783,,0.0,,,,,,0.0034804835449904203,0.04960246384143829,4.2298517655581236e-05,0.030228398740291595,0.020503530278801918,0.08968319743871689,0.0,0.0,0.0006593161961063743,0.0005139634930721,,,,
1062,True,,,0.03386479616165161,,0.0,,,,,,0.0032007000409066677,0.04772103205323219,5.901473559788428e-05,0.030849099159240723,0.021611277014017105,0.08968645334243774,0.0,0.0,0.000654670293442905,0.0005132514739321681,,,,
1063,True,,,0.0359993577003479,,0.0,,,,,,0.0024804065469652414,0.05777089297771454,2.858220977941528e-05,0.026540260761976242,0.017011579126119614,0.08969001471996307,0.0,0.0,0.000612458330579102,0.0005125395474001265,,,,
1064,True,,,0.03290535509586334,,0.0,,,,,,0.002372966380789876,0.03916144371032715,3.9704602386336774e-05,0.02170599065721035,0.01417104434221983,0.08969315886497498,0.0,0.0,0.0008557011606171727,0.000511827715270061,,,,
1065,True,,,0.037679217755794525,,0.0,,,,,,0.004681111313402653,0.0540805459022522,3.5189576010452583e-05,0.03888828679919243,0.02750777266919613,0.08969645202159882,0.0,0.0,0.0013239188119769096,0.0005111159793358202,,,,
1066,True,,,0.031862787902355194,,0.0,,,,,,0.0023676517885178328,0.04164774715900421,7.618582458235323e-05,0.0230901837348938,0.015304035507142544,0.08970017731189728,0.0,0.0,0.0005922018317505717,0.0005104043413910089,,,,
1067,True,,,0.03117203339934349,,0.0,,,,,,0.0014047808945178986,0.038183726370334625,3.96820942114573e-05,0.015107300132513046,0.0086555490270257,0.08970355242490768,0.0,0.0,0.0005464187706820667,0.0005096928032289862,,,,
1068,True,,,0.025445520877838135,,0.0,,,,,,0.002298390492796898,0.03866928070783615,7.20401294529438e-05,0.019788088276982307,0.012435226701200008,0.08970669656991959,0.0,0.0,0.0006049436051398516,0.0005089813666428594,,,,
1069,True,,,0.040835365653038025,,0.0,,,,,,0.003950231708586216,0.07146704196929932,3.948068115278147e-05,0.03714777156710625,0.024725642055273056,0.08970986306667328,0.0,0.0,0.0007482438231818378,0.00050827003342548,,,,
1070,True,,,0.04136955365538597,,0.0,,,,,,0.0036837980151176453,0.05966858193278313,6.12510193604976e-05,0.030937494710087776,0.019945386797189713,0.08971301466226578,0.0,0.0,0.0007605634746141732,0.0005075588053694381,,,,
1071,True,,,0.02609950117766857,,0.0,,,,,,0.002009960822761059,0.0440862663090229,2.8777465558960102e-05,0.019873734563589096,0.012282597832381725,0.0897163525223732,0.0,0.0,0.0005800016224384308,0.00050684768426706,,,,
1072,True,,,0.04153352230787277,,0.0,,,,,,0.005860460922122002,0.05259966105222702,3.982530324719846e-05,0.04525679349899292,0.03280392289161682,0.08971947431564331,0.0,0.0,0.002301478525623679,0.0005061366719104017,,,,
1073,True,,,0.038227539509534836,,0.0,,,,,,0.004011977929621935,0.05066748708486557,3.5936951462645084e-05,0.033821213990449905,0.023445013910531998,0.0897233709692955,0.0,0.0,0.0007030251435935497,0.0005054257700912455,,,,
1074,True,,,0.029596444219350815,,0.0,,,,,,0.0037967688404023647,0.04674641042947769,8.411137241637334e-05,0.034177012741565704,0.024470310658216476,0.08972746133804321,0.0,0.0,0.0008360546780750155,0.000504714980601095,,,,
1075,True,,,0.02575206197798252,,0.0,,,,,,0.0034572898875921965,0.04807400330901146,4.218766116537154e-05,0.03158555552363396,0.02214493416249752,0.08973153680562973,0.0,0.0,0.0009053646354004741,0.0005040043052311707,,,,
1076,True,,,0.03611355647444725,,0.0,,,,,,0.0037892169784754515,0.05876182019710541,7.188535528257489e-05,0.034639857709407806,0.023680023849010468,0.08973551541566849,0.0,0.0,0.0006746347062289715,0.0005032937457724053,,,,
1077,True,,,0.032843492925167084,,0.0,,,,,,0.003762331558391452,0.050147585570812225,4.297925624996424e-05,0.0348605252802372,0.024836117401719093,0.08973921090364456,0.0,0.0,0.0008020475506782532,0.0005025833040154403,,,,
1078,True,,,0.03098873607814312,,0.0,,,,,,0.003434485523030162,0.056006819009780884,5.823788160341792e-05,0.034835297614336014,0.024563690647482872,0.08974333852529526,0.0,0.0,0.0006815880769863725,0.0005018729817506196,,,,
1079,True,,,0.023886390030384064,,0.0,,,,,,0.00245453673414886,0.04041709005832672,2.8847460271208547e-05,0.022837989032268524,0.015190981328487396,0.08974739164113998,0.0,0.0,0.0006311891484074295,0.0005011627807679862,,,,
1080,True,,,0.028453007340431213,,0.0,,,,,,0.004345620982348919,0.05819549411535263,3.9240730984602123e-05,0.03974040970206261,0.02837357670068741,0.08975133299827576,0.0,0.0,0.0007304669125005603,0.0005004527028572777,,,,
1081,True,,,0.046947792172431946,,0.0,,,,,,0.0036347133573144674,0.04979780688881874,3.4938580938614905e-05,0.029394324868917465,0.019395336508750916,0.08975476026535034,0.0,0.0,0.0007039292831905186,0.0004997427498079215,,,,
1082,True,,,0.02169031836092472,,0.0,,,,,,0.0015203815419226885,0.031112682074308395,7.861970516387373e-05,0.014747676439583302,0.008962232619524002,0.08975820243358612,0.0,0.0,0.0005333603476174176,0.0004990329234090301,,,,
1083,True,,,0.0343375988304615,,0.0,,,,,,0.0033422193955630064,0.04711252078413963,3.8568719901377335e-05,0.029738593846559525,0.020424848422408104,0.08976144343614578,0.0,0.0,0.000726526603102684,0.0004983232254493973,,,,
1084,True,,,0.030453018844127655,,0.0,,,,,,0.002603239845484495,0.044234856963157654,7.186413859017193e-05,0.024918636307120323,0.01665380224585533,0.08976460993289948,0.0,0.0,0.0006748182349838316,0.0004976136577174927,,,,
1085,True,,,0.043956443667411804,,0.0,,,,,,0.004535632207989693,0.0525740310549736,4.1197661630576476e-05,0.04322904720902443,0.03207816928625107,0.08976760506629944,0.0,0.0,0.0008757609757594764,0.0004969042220014582,,,,
1086,True,,,0.019070856273174286,,0.0,,,,,,0.0020388723351061344,0.042047418653964996,5.8262303355149925e-05,0.02337346412241459,0.016012301668524742,0.08977073431015015,0.0,0.0,0.0005113031947985291,0.0004961949200891025,,,,
1087,True,,,0.03428465127944946,,0.0,,,,,,0.0042726327665150166,0.05990001559257507,3.008565545314923e-05,0.04182600602507591,0.030307741835713387,0.08977394551038742,0.0,0.0,0.0007566543063148856,0.0004954857537678975,,,,
1088,True,,,0.034424763172864914,,0.0,,,,,,0.0036455902736634016,0.05454189330339432,3.9997274143388495e-05,0.02956688031554222,0.01920507848262787,0.08977741748094559,0.0,0.0,0.000815699459053576,0.0004947767248249734,,,,
1089,True,,,0.03827189654111862,,0.0,,,,,,0.003159942105412483,0.035768069326877594,3.5760545870289207e-05,0.025258658453822136,0.017223497852683067,0.08978109061717987,0.0,0.0,0.000787198543548584,0.0004940678350471141,,,,
1090,True,,,0.0294407457113266,,0.0,,,,,,0.004514723550528288,0.05439019948244095,8.550204074708745e-05,0.03937436267733574,0.028185609728097916,0.0897851437330246,0.0,0.0,0.0008243105257861316,0.0004933590862207526,,,,
1091,True,,,0.036608193069696426,,0.0,,,,,,0.006222994532436132,0.06822031736373901,3.957229637308046e-05,0.05645579844713211,0.042127013206481934,0.08978927880525589,0.0,0.0,0.0011025166604667902,0.000492650480131967,,,,
1092,True,,,0.039906494319438934,,0.0,,,,,,0.0030817119404673576,0.05283781513571739,7.558151992270723e-05,0.02896273508667946,0.019262446090579033,0.08979403227567673,0.0,0.0,0.0007017150637693703,0.0004919420185664756,,,,
1093,True,,,0.03835330903530121,,0.0,,,,,,0.004738000221550465,0.05149243772029877,3.931754326913506e-05,0.03645368292927742,0.02526525966823101,0.08979852497577667,0.0,0.0,0.0009433868690393865,0.0004912337033096326,,,,
1094,True,,,0.031217098236083984,,0.0,,,,,,0.006566701456904411,0.07105663418769836,6.26602559350431e-05,0.05717381462454796,0.04225991666316986,0.08980297297239304,0.0,0.0,0.0008071199408732355,0.0004905255361464233,,,,
1095,True,,,0.03610530495643616,,0.0,,,,,,0.0054081398993730545,0.07103115320205688,2.716951712500304e-05,0.04754464700818062,0.0337606817483902,0.08980754017829895,0.0,0.0,0.000813754100818187,0.0004898175188614596,,,,
1096,True,,,0.028943246230483055,,0.0,,,,,,0.0027583837509155273,0.05121179670095444,3.910612213076092e-05,0.027716245502233505,0.01862957701086998,0.08981195837259293,0.0,0.0,0.0006075636483728886,0.0004891096532389762,,,,
1097,True,,,0.02468988299369812,,0.0,,,,,,0.001975687686353922,0.03588318079710007,3.6934969102730975e-05,0.019666999578475952,0.012939466163516045,0.08981601148843765,0.0,0.0,0.0006077831494621933,0.0004884019410628254,,,,
1098,True,,,0.031073296442627907,,0.0,,,,,,0.0033131788950413465,0.04781564325094223,7.8415367170237e-05,0.030107660219073296,0.020764781162142754,0.08981970697641373,0.0,0.0,0.0007764931651763618,0.00048769438411647284,,,,
1099,True,,,0.028685208410024643,,0.0,,,,,,0.0028385533951222897,0.05576237663626671,3.975051367888227e-05,0.027893859893083572,0.018274107947945595,0.08982335031032562,0.0,0.0,0.0006577894673682749,0.0004869869841829927,,,,
1100,True,,,0.03616753965616226,,0.0,,,,,,0.004602895118296146,0.06469186395406723,7.26470461813733e-05,0.042068593204021454,0.02970024384558201,0.08982708305120468,0.0,0.0,0.0008625198388472199,0.00048627974304506417,0.0003550973778280468,0.0007098453697964172,0.00015565109824299735,2.4720102816316513e-05
1101,True,,,0.02721971459686756,,0.0,,,,,,0.003979058936238289,0.05040525645017624,4.01216784666758e-05,0.03301025927066803,0.022800102829933167,0.0898314043879509,0.0,0.0,0.0008078205864876509,0.00048557266248496514,,,,
1102,True,,,0.036112524569034576,,0.0,,,,,,0.005519852973520756,0.06848195195198059,5.789790520793758e-05,0.05730593949556351,0.04364946112036705,0.08983563631772995,0.0,0.0,0.0011214747792109847,0.00048486574428456986,,,,
1103,True,,,0.02105969749391079,,0.0,,,,,,0.002158456714823842,0.04335491359233856,2.7677006073645316e-05,0.02011118270456791,0.012494392693042755,0.08984055370092392,0.0,0.0,0.0005284201470203698,0.00048415899022534307,,,,
1104,True,,,0.034428615123033524,,0.0,,,,,,0.00825421791523695,0.05854276940226555,3.9445927541237324e-05,0.06431174278259277,0.04894079267978668,0.08984517306089401,0.0,0.0,0.000805994204711169,0.00048345240208833576,,,,
1105,True,,,0.025403395295143127,,0.0,,,,,,0.002339709550142288,0.03657130151987076,3.538663440849632e-05,0.01944701187312603,0.012279948219656944,0.08984969556331635,0.0,0.0,0.0005355308530852199,0.00048274598165418093,,,,
1106,True,,,0.03455042839050293,,0.0,,,,,,0.003611862426623702,0.04429811239242554,7.994692714419216e-05,0.030062703415751457,0.020737014710903168,0.08985380828380585,0.0,0.0,0.0007885629311203957,0.00048203973070308893,,,,
1107,True,,,0.04130043089389801,,0.0,,,,,,0.006277894135564566,0.05722738057374954,4.115816409466788e-05,0.05008280277252197,0.036750007420778275,0.08985796570777893,0.0,0.0,0.0007702988805249333,0.0004813336510148431,,,,
1108,True,,,0.027729405090212822,,0.0,,,,,,0.003408437594771385,0.06072142720222473,7.194426143541932e-05,0.034744471311569214,0.024052005261182785,0.0898619070649147,0.0,0.0,0.0006795359659008682,0.000480627744368795,,,,
1109,True,,,0.035570643842220306,,0.0,,,,,,0.0049689942970871925,0.05666715279221535,4.2130071960855275e-05,0.04057871550321579,0.02866758592426777,0.08986536413431168,0.0,0.0,0.0007346977363340557,0.0004799220125438599,,,,
1110,True,,,0.031624551862478256,,0.0,,,,,,0.00327061559073627,0.03894210234284401,5.876902650925331e-05,0.02715631015598774,0.01874716952443123,0.08986853808164597,0.0,0.0,0.0007667269674129784,0.00047921645731851327,,,,
1111,True,,,0.03533993661403656,,0.0,,,,,,0.0047653610818088055,0.05925855040550232,2.9550021281465888e-05,0.04032197594642639,0.028363868594169617,0.08987148851156235,0.0,0.0,0.0007916676113381982,0.00047851108047078486,,,,
1112,True,,,0.03327663987874985,,0.0,,,,,,0.0039444053545594215,0.043757811188697815,3.928280057152733e-05,0.03322051092982292,0.023649174720048904,0.08987431973218918,0.0,0.0,0.0007134549086913466,0.00047780588377825553,,,,
1113,True,,,0.03344324976205826,,0.0,,,,,,0.0027193091809749603,0.05148231238126755,3.3672105928417295e-05,0.023659247905015945,0.014541665092110634,0.08987735211849213,0.0,0.0,0.0005272361449897289,0.00047710086901805093,,,,
1114,True,,,0.0452742725610733,,0.0,,,,,,0.0035331666003912687,0.047978561371564865,7.847716915421188e-05,0.034310657531023026,0.024588851258158684,0.08988037705421448,0.0,0.0,0.002073268871754408,0.0004763960379668396,,,,
1115,True,,,0.03536241874098778,,0.0,,,,,,0.0030056934338063,0.04161476716399193,3.9326740079559386e-05,0.02698436938226223,0.01854506880044937,0.08988424390554428,0.0,0.0,0.0008516614907421172,0.0004756913924008265,,,,
1116,True,,,0.040920376777648926,,0.0,,,,,,0.0050119198858737946,0.06403274834156036,7.261316932272166e-05,0.04298112168908119,0.03022153303027153,0.08988833427429199,0.0,0.0,0.0007952261948958039,0.0004749869340957492,,,,
1117,True,,,0.03175906836986542,,0.0,,,,,,0.005652057006955147,0.06191415339708328,4.1263599996455014e-05,0.05002424865961075,0.03694362938404083,0.08989248424768448,0.0,0.0,0.0008853702456690371,0.0004742826648268733,,,,
1118,True,,,0.033940356224775314,,0.0,,,,,,0.004041548352688551,0.05796772241592407,5.809147114632651e-05,0.03533992916345596,0.024234190583229065,0.08989668637514114,0.0,0.0,0.0006864469614811242,0.0004735785863689882,,,,
1119,True,,,0.028830282390117645,,0.0,,,,,,0.002125272061675787,0.04413409158587456,3.0346924177138135e-05,0.020315632224082947,0.012574465945363045,0.08990086615085602,0.0,0.0,0.0007055847672745585,0.00047287470049640223,,,,
1120,True,,,0.032613642513751984,,0.0,,,,,,0.005138931795954704,0.06003686413168907,3.965353607782163e-05,0.0421665720641613,0.029778940603137016,0.08990478515625,0.0,0.0,0.0009696080232970417,0.000472171008982939,,,,
1121,True,,,0.0347360223531723,,0.0,,,,,,0.00447732862085104,0.053152959793806076,3.358294634381309e-05,0.03693798929452896,0.025882121175527573,0.08990897238254547,0.0,0.0,0.0007989492150954902,0.0004714675136019312,,,,
1122,True,,,0.03616558760404587,,0.0,,,,,,0.0025252981577068567,0.05295414477586746,8.693337440490723e-05,0.02538936585187912,0.01626439392566681,0.08991362154483795,0.0,0.0,0.0007682978175580502,0.00047076421612621814,,,,
1123,True,,,0.025834746658802032,,0.0,,,,,,0.0024998884182423353,0.04126220941543579,4.133912079851143e-05,0.02247261069715023,0.014668302610516548,0.0899181142449379,0.0,0.0,0.0006840908899903297,0.0004700611183281402,,,,
1124,True,,,0.03511115908622742,,0.0,,,,,,0.002298243809491396,0.04727374017238617,7.823323539923877e-05,0.021353930234909058,0.013038858771324158,0.0899224728345871,0.0,0.0,0.0006216809852048755,0.0004693582219795347,,,,
1125,True,,,0.02707328088581562,,0.0,,,,,,0.003607415361329913,0.042731430381536484,4.197262751404196e-05,0.029764818027615547,0.020693272352218628,0.08992673456668854,0.0,0.0,0.0007621375843882561,0.0004686555288517309,,,,
1126,True,,,0.033841561526060104,,0.0,,,,,,0.0018740985542535782,0.041141021996736526,5.9212899941485375e-05,0.01864834874868393,0.011392809450626373,0.08993139863014221,0.0,0.0,0.0006213611923158169,0.00046795304071554623,,,,
1127,True,,,0.028483346104621887,,0.0,,,,,,0.004060323350131512,0.04878393933176994,2.8342055884422734e-05,0.032796189188957214,0.02265910990536213,0.08993584662675858,0.0,0.0,0.0007549980655312538,0.0004672507593412815,,,,
1128,True,,,0.04468478634953499,,0.0,,,,,,0.003124249167740345,0.05515385419130325,3.900839146808721e-05,0.029444454237818718,0.01943906396627426,0.08994019031524658,0.0,0.0,0.0008371943258680403,0.0004665486864987164,,,,
1129,True,,,0.047038525342941284,,0.0,,,,,,0.008994136936962605,0.0859578475356102,3.390989513718523e-05,0.06209239363670349,0.04311568662524223,0.08994420617818832,0.0,0.0,0.0009476582636125386,0.0004658468239571052,,,,
1130,True,,,0.02910831943154335,,0.0,,,,,,0.004071862902492285,0.05043293535709381,8.222863834816962e-05,0.03455081209540367,0.024203980341553688,0.08994793891906738,0.0,0.0,0.0008084374712780118,0.00046514517348517206,,,,
1131,True,,,0.04602888599038124,,0.0,,,,,,0.005853203125298023,0.06336961686611176,4.225267548463307e-05,0.04580794647336006,0.032236844301223755,0.08995192497968674,0.0,0.0,0.0009641579235903919,0.00046444373685110686,,,,
1132,True,,,0.025561347603797913,,0.0,,,,,,0.004200648050755262,0.05454672500491142,7.248455949593335e-05,0.03968124836683273,0.0288345105946064,0.08995606005191803,0.0,0.0,0.0007861165213398635,0.00046374251582256056,,,,
1133,True,,,0.026613354682922363,,0.0,,,,,,0.003141967114061117,0.047537483274936676,4.2253050196450204e-05,0.028800373896956444,0.01971779763698578,0.08996012061834335,0.0,0.0,0.0006108094821684062,0.0004630415121666407,,,,
1134,True,,,0.0382130965590477,,0.0,,,,,,0.0027281399816274643,0.042666710913181305,5.705033981939778e-05,0.02421649359166622,0.015911385416984558,0.08996400237083435,0.0,0.0,0.0009988551028072834,0.0004623407276499072,,,,
1135,True,,,0.03087400458753109,,0.0,,,,,,0.0025261417031288147,0.04521143436431885,2.934420990641229e-05,0.024800820276141167,0.016530442982912064,0.08996789902448654,0.0,0.0,0.000555939506739378,0.0004616401640383677,,,,
1136,True,,,0.033966660499572754,,0.0,,,,,,0.003247163724154234,0.05768571048974991,3.894518886227161e-05,0.03288191184401512,0.02260732091963291,0.08997152000665665,0.0,0.0,0.0007980514783412218,0.00046093982309747283,,,,
1137,True,,,0.03211518004536629,,0.0,,,,,,0.0027864277362823486,0.04113714024424553,3.3499818528071046e-05,0.02536187134683132,0.017224078997969627,0.08997485041618347,0.0,0.0,0.0006562143680639565,0.00046023970659211244,,,,
1138,True,,,0.03744886443018913,,0.0,,,,,,0.003159727668389678,0.038234271109104156,7.68575191614218e-05,0.02704847976565361,0.018752625212073326,0.08997815102338791,0.0,0.0,0.0007713818340562284,0.0004595398162866109,,,,
1139,True,,,0.03176366537809372,,0.0,,,,,,0.002686693798750639,0.050875820219516754,3.934028063667938e-05,0.02351456508040428,0.014503170736134052,0.08998125046491623,0.0,0.0,0.0006549853715114295,0.00045884015394472233,,,,
1140,True,,,0.03311324492096901,,0.0,,,,,,0.0022493021097034216,0.0509340800344944,7.095637556631118e-05,0.02097899653017521,0.012369833886623383,0.08998427540063858,0.0,0.0,0.0005231969407759607,0.000458140721329626,,,,
1141,True,,,0.032136719673871994,,0.0,,,,,,0.00420515239238739,0.057956159114837646,4.088756031705998e-05,0.03480362147092819,0.02356116846203804,0.08998739719390869,0.0,0.0,0.0009736921056173742,0.00045744152020392296,,,,
1142,True,,,0.02825923264026642,,0.0,,,,,,0.004045584239065647,0.05642680078744888,6.352465425152332e-05,0.03529531881213188,0.02439279481768608,0.08999039977788925,0.0,0.0,0.0006189511623233557,0.0004567425523296305,,,,
1143,True,,,0.03247169405221939,,0.0,,,,,,0.0030017076060175896,0.04020402207970619,2.9234219255158678e-05,0.028392599895596504,0.020131224766373634,0.08999314159154892,0.0,0.0,0.0006941413157619536,0.0004560438194681782,,,,
1144,True,,,0.038542553782463074,,0.0,,,,,,0.0049574291333556175,0.06793341785669327,4.002235800726339e-05,0.044218797236680984,0.031162630766630173,0.08999577909708023,0.0,0.0,0.0007971402956172824,0.00045534532338040336,,,,
1145,True,,,0.03652884438633919,,0.0,,,,,,0.0024762225802987814,0.03686250001192093,3.439623105805367e-05,0.02269989438354969,0.01525494921952486,0.08999848365783691,0.0,0.0,0.0006189260166138411,0.0004546470658265466,,,,
1146,True,,,0.03057986870408058,,0.0,,,,,,0.002045950386673212,0.05040769279003143,7.783611363265663e-05,0.021981939673423767,0.013650493696331978,0.0900009348988533,0.0,0.0,0.0005657717119902372,0.00045394904856624753,,,,
1147,True,,,0.02832074463367462,,0.0,,,,,,0.0033633331768214703,0.055696338415145874,4.022474604425952e-05,0.031583916395902634,0.021447598934173584,0.09000319242477417,0.0,0.0,0.0006680461810901761,0.0004532512733585401,,,,
1148,True,,,0.04786117747426033,,0.0,,,,,,0.002526762429624796,0.04790657013654709,7.193328929133713e-05,0.025312568992376328,0.01658051833510399,0.09000521898269653,0.0,0.0,0.0006440436118282378,0.00045255374196184815,,,,
1149,True,,,0.02688714861869812,,0.0,,,,,,0.002107547828927636,0.04202666133642197,4.251951031619683e-05,0.021463729441165924,0.013963311910629272,0.09000726789236069,0.0,0.0,0.001228979555889964,0.00045185645613398143,,,,
1150,True,,,0.0445256382226944,,0.0,,,,,,0.005470791831612587,0.06678611040115356,5.787613190477714e-05,0.04337656497955322,0.029852870851755142,0.0900094136595726,0.0,0.0,0.0007488683331757784,0.0004511594176321305,,,,
1151,True,,,0.044981636106967926,,0.0,,,,,,0.0037142224609851837,0.05983341485261917,2.8921596822328866e-05,0.03271307051181793,0.02165111154317856,0.09001164883375168,0.0,0.0,0.0006924773915670812,0.00045046262821286324,,,,
1152,True,,,0.023842785507440567,,0.0,,,,,,0.0020450688898563385,0.035363856703042984,3.865323742502369e-05,0.01744586043059826,0.010706515051424503,0.09001360088586807,0.0,0.0,0.000559046573471278,0.00044976608963211883,,,,
1153,True,,,0.039753008633852005,,0.0,,,,,,0.005132722668349743,0.07142075896263123,3.360750270076096e-05,0.052035581320524216,0.03844629228115082,0.09001557528972626,0.0,0.0,0.000982877565547824,0.0004490698036452052,,,,
1154,True,,,0.03496918827295303,,0.0,,,,,,0.00553404726088047,0.06599052250385284,7.685594755457714e-05,0.04939982295036316,0.035978421568870544,0.09001794457435608,0.0,0.0,0.0008768647094257176,0.0004483737720067935,,,,
1155,True,,,0.027713390067219734,,0.0,,,,,,0.0014056190848350525,0.03430524468421936,4.1553717892384157e-05,0.015186606906354427,0.009152348153293133,0.09002043306827545,0.0,0.0,0.0004577299696393311,0.00044767799647091387,,,,
1156,True,,,0.026289574801921844,,0.0,,,,,,0.003700360655784607,0.05440385639667511,7.44912467780523e-05,0.0348207950592041,0.02447967603802681,0.09002292901277542,0.0,0.0,0.0005696445005014539,0.0004469824787909509,,,,
1157,True,,,0.027001116424798965,,0.0,,,,,,0.0034606419503688812,0.04603029042482376,4.079115387867205e-05,0.02950681932270527,0.020252488553524017,0.09002545475959778,0.0,0.0,0.000754033972043544,0.00044628722071963947,,,,
1158,True,,,0.03765859454870224,,0.0,,,,,,0.004063548520207405,0.054297469556331635,6.260693771764636e-05,0.033719997853040695,0.02291853167116642,0.09002820402383804,0.0,0.0,0.0006664707325398922,0.0004455922240090603,,,,
1159,True,,,0.022892290726304054,,0.0,,,,,,0.0035965428687632084,0.05402068793773651,2.9847051337128505e-05,0.034172069281339645,0.02402930147945881,0.09003110975027084,0.0,0.0,0.0007407554658129811,0.00044489749041063575,,,,
1160,True,,,0.03322623297572136,,0.0,,,,,,0.0020873649045825005,0.04069541394710541,3.989683682448231e-05,0.02059527300298214,0.013185813091695309,0.09003422409296036,0.0,0.0,0.0005940141272731125,0.00044420302167512437,,,,
1161,True,,,0.02040368691086769,,0.0,,,,,,0.002799108624458313,0.03808033838868141,3.722981637110934e-05,0.02423972450196743,0.016509559005498886,0.09003724902868271,0.0,0.0,0.0006361897685565054,0.000443508819552618,,,,
1162,True,,,0.021920479834079742,,0.0,,,,,,0.0015076121781021357,0.032404474914073944,8.741840429138392e-05,0.014986579306423664,0.009075205773115158,0.09004012495279312,0.0,0.0,0.0006436138646677136,0.00044281488579253614,,,,
1163,True,,,0.02532104216516018,,0.0,,,,,,0.005392900668084621,0.06326255202293396,4.2343162931501865e-05,0.045511700212955475,0.032617729157209396,0.09004329890012741,0.0,0.0,0.000770072394516319,0.00044212122214362247,,,,
1164,True,,,0.03939128667116165,,0.0,,,,,,0.0015573104610666633,0.035952650010585785,7.738250133115798e-05,0.0172958355396986,0.010810190811753273,0.09004653990268707,0.0,0.0,0.0007318562129512429,0.0004414278303539392,,,,
1165,True,,,0.03128225356340408,,0.0,,,,,,0.003360541071742773,0.049024973064661026,4.0356058889301494e-05,0.024558668956160545,0.015062135644257069,0.09004954248666763,0.0,0.0,0.0007088131969794631,0.00044073471217086414,,,,
1166,True,,,0.036816179752349854,,0.0,,,,,,0.0024337605573236942,0.05938759073615074,6.212139851413667e-05,0.02636750414967537,0.016695238649845123,0.09005237370729446,0.0,0.0,0.0006672189338132739,0.00044004186934108546,,,,
1167,True,,,0.05451115220785141,,0.0,,,,,,0.0030346321873366833,0.04679930955171585,2.7786081773228943e-05,0.022609282284975052,0.013435164466500282,0.09005511552095413,0.0,0.0,0.0007896258612163365,0.00043934930361059756,,,,
1168,True,,,0.02165951021015644,,0.0,,,,,,0.001225409796461463,0.02665599435567856,3.9855985960457474e-05,0.012174516916275024,0.007146408781409264,0.0900576263666153,0.0,0.0,0.00043095735600218177,0.0004386570167246957,,,,
1169,True,,,0.05995072051882744,,0.0,,,,,,0.002264756243675947,0.03628702461719513,3.884358375216834e-05,0.02064940705895424,0.01323642022907734,0.09005999565124512,0.0,0.0,0.0011051881592720747,0.00043796501042797344,,,,
1170,True,,,0.043946802616119385,,0.0,,,,,,0.0033694575540721416,0.04828377068042755,7.815934077370912e-05,0.028620898723602295,0.01904389262199402,0.09006232023239136,0.0,0.0,0.0008231878746300936,0.00043727328646431696,,,,
1171,True,,,0.04314617067575455,,0.0,,,,,,0.0035085976123809814,0.05050801485776901,3.986866067862138e-05,0.029214218258857727,0.019302774220705032,0.09006498008966446,0.0,0.0,0.0006888326024636626,0.0004365818465769006,,,,
1172,True,,,0.03965718671679497,,0.0,,,,,,0.004582616966217756,0.04448065534234047,7.160806853789836e-05,0.03653325140476227,0.026169514283537865,0.09006764739751816,0.0,0.0,0.0007919450290501118,0.00043589069250818326,,,,
1173,True,,,0.04097047075629234,,0.0,,,,,,0.00582493981346488,0.06697708368301392,4.1497980419080704e-05,0.046889208257198334,0.03303540498018265,0.09007050842046738,0.0,0.0,0.0007420037873089314,0.0004351998259999032,,,,
1174,True,,,0.03442651033401489,,0.0,,,,,,0.003466031514108181,0.05496922880411148,5.7640903833089396e-05,0.028431706130504608,0.018194932490587234,0.09007351100444794,0.0,0.0,0.0006016952684149146,0.0004345092487930744,,,,
1175,True,,,0.03153514117002487,,0.0,,,,,,0.003073334228247404,0.04820321500301361,2.843765469151549e-05,0.027155766263604164,0.018031777814030647,0.09007648378610611,0.0,0.0,0.0006989556713961065,0.0004338189626279814,,,,
1176,True,,,0.03651197627186775,,0.0,,,,,,0.004824175965040922,0.05244394391775131,3.855167597066611e-05,0.041530266404151917,0.03017650917172432,0.0900794193148613,0.0,0.0,0.0009007721091620624,0.00043312896924417555,,,,
1177,True,,,0.024394430220127106,,0.0,,,,,,0.002197795081883669,0.0472419448196888,3.467443093541078e-05,0.02249908819794655,0.01441499125212431,0.09008253365755081,0.0,0.0,0.000523796770721674,0.00043243927038047025,,,,
1178,True,,,0.028441598638892174,,0.0,,,,,,0.001733081298880279,0.03654489666223526,8.236543362727389e-05,0.016340088099241257,0.009726063348352909,0.09008549153804779,0.0,0.0,0.0005745815578848124,0.00043174986777493686,,,,
1179,True,,,0.021832600235939026,,0.0,,,,,,0.0027233248110860586,0.041052982211112976,4.0020604501478374e-05,0.02470913715660572,0.016741294413805008,0.09008827805519104,0.0,0.0,0.0006442665471695364,0.00043106076316489986,,,,
1180,True,,,0.025480300188064575,,0.0,,,,,,0.0040128170512616634,0.047978878021240234,7.429843390127644e-05,0.034691933542490005,0.024688366800546646,0.09009109437465668,0.0,0.0,0.0007581597892567515,0.0004303719582869332,,,,
1181,True,,,0.027734952047467232,,0.0,,,,,,0.003991563804447651,0.0380060039460659,4.0325921872863546e-05,0.032371941953897476,0.023381326347589493,0.09009379893541336,0.0,0.0,0.0008619126165285707,0.000429683454876855,,,,
1182,True,,,0.04029520973563194,,0.0,,,,,,0.0068768407218158245,0.0718279778957367,6.18146441411227e-05,0.05102231726050377,0.035627853125333786,0.09009666740894318,0.0,0.0,0.0008426572312600911,0.0004289952546697242,,,,
1183,True,,,0.03820430487394333,,0.0,,,,,,0.004553841892629862,0.059754446148872375,2.9227481718407944e-05,0.037543635815382004,0.025716695934534073,0.09009964764118195,0.0,0.0,0.0007625350262969732,0.00042830735939983525,,,,
1184,True,,,0.029211821034550667,,0.0,,,,,,0.001346547156572342,0.047384172677993774,3.9492024370701984e-05,0.014716832898557186,0.00741897989064455,0.09010236710309982,0.0,0.0,0.0006054829573258758,0.000427619770800714,,,,
1185,True,,,0.030960282310843468,,0.0,,,,,,0.0038955321069806814,0.051916033029556274,3.5460645449347794e-05,0.03448900580406189,0.024173488840460777,0.09010493755340576,0.0,0.0,0.0007842761115171015,0.0004269324906051141,,,,
1186,True,,,0.03648771345615387,,0.0,,,,,,0.003650714410468936,0.057235442101955414,7.878801261540502e-05,0.03132907301187515,0.020649466663599014,0.09010785073041916,0.0,0.0,0.0007802567561157048,0.0004262455205450115,,,,
1187,True,,,0.03239324688911438,,0.0,,,,,,0.005392495077103376,0.06686052680015564,3.9911486965138465e-05,0.04604790732264519,0.03272436931729317,0.09011045843362808,0.0,0.0,0.0008310006815008819,0.0004255588623516008,,,,
1188,True,,,0.031180748715996742,,0.0,,,,,,0.0035114027559757233,0.053527433425188065,7.261562859639525e-05,0.031183479353785515,0.02107008919119835,0.0901130959391594,0.0,0.0,0.0006477101123891771,0.00042487251775529054,,,,
1189,True,,,0.0305507630109787,,0.0,,,,,,0.003164077177643776,0.049257464706897736,4.244659066898748e-05,0.027037890627980232,0.0177201796323061,0.09011566638946533,0.0,0.0,0.0006507720099762082,0.00042418648848569906,,,,
1190,True,,,0.040734414011240005,,0.0,,,,,,0.008197935298085213,0.07226075977087021,5.819447687827051e-05,0.05607397481799126,0.03931234031915665,0.09011802077293396,0.0,0.0,0.0008841519593261182,0.0004235007762716505,,,,
1191,True,,,0.0379578173160553,,0.0,,,,,,0.002270282246172428,0.0424235463142395,2.8872160328319296e-05,0.021743247285485268,0.013935395516455173,0.09012024849653244,0.0,0.0,0.000986714381724596,0.0004228153828411689,,,,
1192,True,,,0.034297384321689606,,0.0,,,,,,0.0035533588379621506,0.04999803379178047,3.9497503166785464e-05,0.03676557540893555,0.026948465034365654,0.09012246131896973,0.0,0.0,0.0008631746168248355,0.00042213030992147596,,,,
1193,True,,,0.032809481024742126,,0.0,,,,,,0.0010722726583480835,0.035116538405418396,3.507782457745634e-05,0.013314689509570599,0.007483881898224354,0.09012462198734283,0.0,0.0,0.0006043072789907455,0.0004214455592389854,,,,
1194,True,,,0.030387990176677704,,0.0,,,,,,0.002537306398153305,0.04735172912478447,7.887241372372955e-05,0.024274319410324097,0.015757255256175995,0.09012679755687714,0.0,0.0,0.0006197963957674801,0.00042076113251929905,,,,
1195,True,,,0.0367317721247673,,0.0,,,,,,0.006109872367233038,0.06497975438833237,4.117305434192531e-05,0.048487886786460876,0.03459084406495094,0.0901288166642189,0.0,0.0,0.0009663150412961841,0.00042007703148720166,,,,
1196,True,,,0.03368144482374191,,0.0,,,,,,0.002708568936213851,0.04893336072564125,7.328092033276334e-05,0.025526758283376694,0.016650088131427765,0.09013102203607559,0.0,0.0,0.0006545112701132894,0.0004193932578666578,,,,
1197,True,,,0.02950376644730568,,0.0,,,,,,0.003720536595210433,0.04816026985645294,4.07673760491889e-05,0.031751848757267,0.021998530253767967,0.0901331678032875,0.0,0.0,0.0006400474812835455,0.00041870981338080706,,,,
1198,True,,,0.05371282622218132,,0.0,,,,,,0.0019689169712364674,0.054462186992168427,5.8240835642209277e-05,0.018885185942053795,0.010002447292208672,0.09013532102108002,0.0,0.0,0.0008894913480617106,0.0004180266997519593,,,,
1199,True,,,0.01713351346552372,,0.0,,,,,,0.0012183671351522207,0.031700827181339264,2.7335590857546777e-05,0.013499385677278042,0.008024558424949646,0.09013736993074417,0.0,0.0,0.0004967106506228447,0.00041734391870159075,,,,
1200,True,,,0.04464875906705856,,0.0,,,,,,0.004327018745243549,0.06066245585680008,3.94694616261404e-05,0.036815840750932693,0.025054961442947388,0.0901394635438919,0.0,0.0,0.0008084797882474959,0.0004166614719503392,0.0003749797742846004,0.0006299970360359054,0.0001884263863344532,1.3894085126411712e-05
1201,True,,,0.026828788220882416,,0.0,,,,,,0.003264303784817457,0.04386824741959572,3.589447806007229e-05,0.028877519071102142,0.02003873512148857,0.09014201164245605,0.0,0.0,0.0009204399539157748,0.0004159793612180005,,,,
1202,True,,,0.031292401254177094,,0.0,,,,,,0.0022232276387512684,0.0496784970164299,8.494661597069353e-05,0.023068221285939217,0.014620297588407993,0.09014483541250229,0.0,0.0,0.0005815192125737667,0.00041529758822352373,,,,
1203,True,,,0.030156422406435013,,0.0,,,,,,0.004605355206876993,0.051906146109104156,4.0462207834934816e-05,0.03973645344376564,0.02871721051633358,0.09014758467674255,0.0,0.0,0.001040904549881816,0.00041461615468500615,,,,
1204,True,,,0.05168762803077698,,0.0,,,,,,0.004330760799348354,0.05845267325639725,7.47056765248999e-05,0.037299949675798416,0.02566819079220295,0.09015034139156342,0.0,0.0,0.0010999260703101754,0.00041393506231969003,,,,
1205,True,,,0.03883045166730881,,0.0,,,,,,0.002296603750437498,0.06072703376412392,4.1630086343502626e-05,0.0239096786826849,0.014229722321033478,0.09015323966741562,0.0,0.0,0.0007718295673839748,0.0004132543128439583,,,,
1206,True,,,0.030640391632914543,,0.0,,,,,,0.002723430749028921,0.04665224254131317,6.215102621354163e-05,0.025820789858698845,0.01719309203326702,0.09015641361474991,0.0,0.0,0.000658430450130254,0.00041257390797332896,,,,
1207,True,,,0.03442943096160889,,0.0,,,,,,0.0031163671519607306,0.050904206931591034,2.7858235625899397e-05,0.02667727693915367,0.017210669815540314,0.09015954285860062,0.0,0.0,0.0006870999932289124,0.000411893849422452,,,,
1208,True,,,0.02749890834093094,,0.0,,,,,,0.003448640927672386,0.05790463462471962,4.080120925209485e-05,0.029671981930732727,0.01923586055636406,0.09016257524490356,0.0,0.0,0.0007524109096266329,0.00041121413890510494,,,,
1209,True,,,0.034844495356082916,,0.0,,,,,,0.003205063519999385,0.04417303204536438,3.6447330785449594e-05,0.027545221149921417,0.018654529005289078,0.0901656448841095,0.0,0.0,0.0006798739195801318,0.00041053477813418794,,,,
1210,True,,,0.028295625001192093,,0.0,,,,,,0.003776246216148138,0.07001234591007233,7.753029785817489e-05,0.03735564649105072,0.025354761630296707,0.09016837179660797,0.0,0.0,0.0006862225709483027,0.0004098557688217196,,,,
1211,True,,,0.02392476610839367,,0.0,,,,,,0.002597599057480693,0.036967720836400986,4.030386116937734e-05,0.024040857329964638,0.016585376113653183,0.09017111361026764,0.0,0.0,0.0006600922206416726,0.00040917711267883294,,,,
1212,True,,,0.03891599923372269,,0.0,,,,,,0.004213328473269939,0.06557746231555939,7.243758591357619e-05,0.034806545823812485,0.022708356380462646,0.09017357230186462,0.0,0.0,0.0008449017768725753,0.0004084988114157715,,,,
1213,True,,,0.030047472566366196,,0.0,,,,,,0.002396621275693178,0.048357393592596054,4.2869731259997934e-05,0.022743595764040947,0.014287564903497696,0.09017601609230042,0.0,0.0,0.0005754061858169734,0.0004078208667418837,,,,
1214,True,,,0.024776309728622437,,0.0,,,,,,0.0029686957132071257,0.04830462858080864,5.73593242734205e-05,0.02793564461171627,0.018958257511258125,0.09017843008041382,0.0,0.0,0.0007060521165840328,0.0004071432803656199,,,,
1215,True,,,0.027870625257492065,,0.0,,,,,,0.006426188163459301,0.06424757093191147,2.777693407551851e-05,0.057042546570301056,0.042997196316719055,0.09018063545227051,0.0,0.0,0.0009933520341292024,0.0004064660539945272,,,,
1216,True,,,0.04196969047188759,,0.0,,,,,,0.004082654602825642,0.06392259895801544,3.8856131141074e-05,0.036598090082407,0.024782219901680946,0.09018286317586899,0.0,0.0,0.0007506246329285204,0.00040578918933524576,,,,
1217,True,,,0.03491789475083351,,0.0,,,,,,0.005626540631055832,0.07290033996105194,3.570925764506683e-05,0.04964360222220421,0.035458143800497055,0.0901850163936615,0.0,0.0,0.0011676991125568748,0.00040511268809350433,,,,
1218,True,,,0.020112313330173492,,0.0,,,,,,0.0021192196290940046,0.03584611415863037,7.692856161156669e-05,0.01984892599284649,0.013003634288907051,0.09018751233816147,0.0,0.0,0.0005388312856666744,0.0004044365519741151,,,,
1219,True,,,0.03730154410004616,,0.0,,,,,,0.004118914715945721,0.05401330068707466,3.96008908865042e-05,0.03402728587388992,0.023212328553199768,0.09018977731466293,0.0,0.0,0.0007972207968123257,0.00040376078268097073,,,,
1220,True,,,0.028872616589069366,,0.0,,,,,,0.0017944404389709234,0.04616617411375046,7.367700163740665e-05,0.01964053139090538,0.012001986615359783,0.09019206464290619,0.0,0.0,0.0007908442639745772,0.00040308538191703936,,,,
1221,True,,,0.025800537317991257,,0.0,,,,,,0.0034304787404835224,0.052288345992565155,4.215077933622524e-05,0.03116234950721264,0.021322010084986687,0.09019435942173004,0.0,0.0,0.0008661596802994609,0.00040241035138436075,,,,
1222,True,,,0.03128262236714363,,0.0,,,,,,0.0045594885013997555,0.058861978352069855,5.570240318775177e-05,0.03690725564956665,0.02521892450749874,0.09019685536623001,0.0,0.0,0.0008636226411908865,0.00040173569278404087,,,,
1223,True,,,0.045160695910453796,,0.0,,,,,,0.004441473633050919,0.06147654354572296,2.7010108169633895e-05,0.034779515117406845,0.022823287174105644,0.09019909054040909,0.0,0.0,0.0019126787083223462,0.0004010614078162491,,,,
1224,True,,,0.027791794389486313,,0.0,,,,,,0.0033170320093631744,0.05534615367650986,3.8580554246436805e-05,0.030451463535428047,0.02040059119462967,0.09020179510116577,0.0,0.0,0.0006435243412852287,0.0004003874981802128,,,,
1225,True,,,0.08652067184448242,,0.0,,,,,,0.005738516803830862,0.07307665795087814,3.527080116327852e-05,0.05336834490299225,0.03853727504611015,0.09020436555147171,0.0,0.0,0.005580116994678974,0.0003997139655742139,,,,
1226,True,,,0.042158208787441254,,0.0,,,,,,0.004694605711847544,0.06185748428106308,8.231237006839365e-05,0.04050210863351822,0.028256934136152267,0.09020807594060898,0.0,0.0,0.0009695414337329566,0.00039904081169558393,,,,
1227,True,,,0.0270887091755867,,0.0,,,,,,0.0031188810244202614,0.05440787225961685,3.8875165046192706e-05,0.026947135105729103,0.01719503104686737,0.09021132439374924,0.0,0.0,0.0005848052678629756,0.0003983680382406999,,,,
1228,True,,,0.02648482844233513,,0.0,,,,,,0.003407898359000683,0.05497413128614426,7.450480916304514e-05,0.03007323481142521,0.01996367983520031,0.09021421521902084,0.0,0.0,0.0006089081871323287,0.00039769564690498026,,,,
1229,True,,,0.02940637245774269,,0.0,,,,,,0.005425012670457363,0.061117250472307205,4.0842031012289226e-05,0.04663316532969475,0.03387977182865143,0.09021705389022827,0.0,0.0,0.0008944481960497797,0.0003970236393828811,,,,
1230,True,,,0.026285331696271896,,0.0,,,,,,0.0017434509936720133,0.037229716777801514,6.045804911991581e-05,0.016331830993294716,0.009670127183198929,0.0902198776602745,0.0,0.0,0.0005428582080639899,0.00039635201736789005,,,,
1231,True,,,0.034387122839689255,,0.0,,,,,,0.0031365526374429464,0.06070106476545334,2.8093729270040058e-05,0.029029881581664085,0.018563080579042435,0.09022239595651627,0.0,0.0,0.0005907619488425553,0.00039568078255252417,,,,
1232,True,,,0.01917031966149807,,0.0,,,,,,0.0024308289866894484,0.049943313002586365,3.87385516660288e-05,0.024906210601329803,0.016367729753255844,0.09022486209869385,0.0,0.0,0.0006046171765774488,0.0003950099366283243,,,,
1233,True,,,0.04440817981958389,,0.0,,,,,,0.003430892713367939,0.040227051824331284,3.441313310759142e-05,0.028566468507051468,0.019749309867620468,0.0902271568775177,0.0,0.0,0.0008285032818093896,0.00039433948128585194,,,,
1234,True,,,0.03684215620160103,,0.0,,,,,,0.0032859700731933117,0.053441211581230164,7.690278289373964e-05,0.029274357482790947,0.019335098564624786,0.09022955596446991,0.0,0.0,0.0007413151324726641,0.0003936694182146834,,,,
1235,True,,,0.026429476216435432,,0.0,,,,,,0.005668372847139835,0.055912792682647705,3.871919398079626e-05,0.045480091124773026,0.033034466207027435,0.09023191034793854,0.0,0.0,0.0009308891603723168,0.00039299974910340696,,,,
1236,True,,,0.021621592342853546,,0.0,,,,,,0.0019771538209170103,0.03782275319099426,7.293940871022642e-05,0.02073577791452408,0.013821320608258247,0.0902344286441803,0.0,0.0,0.0006172474822960794,0.0003923304756396182,,,,
1237,True,,,0.052555639296770096,,0.0,,,,,,0.005962004419416189,0.07843946665525436,4.154596172156744e-05,0.05412743613123894,0.03887278586626053,0.09023693203926086,0.0,0.0,0.0010178807424381375,0.0003916615995099154,,,,
1238,True,,,0.03820239007472992,,0.0,,,,,,0.004923022352159023,0.05491342768073082,5.649415106745437e-05,0.03990096598863602,0.028173930943012238,0.09023969620466232,0.0,0.0,0.0008489983738400042,0.00039099312239989536,,,,
1239,True,,,0.03675488382577896,,0.0,,,,,,0.0045242030173540115,0.050340984016656876,2.8774720703950152e-05,0.03552599251270294,0.024683328345417976,0.0902424156665802,0.0,0.0,0.0008076569065451622,0.00039032504599414986,,,,
1240,True,,,0.023003630340099335,,0.0,,,,,,0.0021072248928248882,0.0401289127767086,3.9279431803151965e-05,0.0223963875323534,0.015124145895242691,0.09024505317211151,0.0,0.0,0.00063639524159953,0.00038965737197626073,,,,
1241,True,,,0.027133308351039886,,0.0,,,,,,0.004819278139621019,0.05334416776895523,3.59376790584065e-05,0.04392608255147934,0.03258061036467552,0.09024772047996521,0.0,0.0,0.0007735508843325078,0.00038899010202879527,,,,
1242,True,,,0.03729484975337982,,0.0,,,,,,0.00532278697937727,0.056196972727775574,7.673854270251468e-05,0.03933793306350708,0.027081625536084175,0.09025027602910995,0.0,0.0,0.0008944580913521349,0.000388323237833303,,,,
1243,True,,,0.034388378262519836,,0.0,,,,,,0.0033563426695764065,0.043108195066452026,3.96570612792857e-05,0.030072523280978203,0.02113911882042885,0.09025293588638306,0.0,0.0,0.0007328491774387658,0.00038765678107031097,,,,
1244,True,,,0.03457331657409668,,0.0,,,,,,0.002088396344333887,0.0553472600877285,7.14455236447975e-05,0.021943826228380203,0.013036694377660751,0.09025544673204422,0.0,0.0,0.0006522682378999889,0.00038699073341931945,,,,
1245,True,,,0.02863510511815548,,0.0,,,,,,0.0013534714234992862,0.036009762436151505,4.1019458876689896e-05,0.015480149537324905,0.009316262789070606,0.09025788307189941,0.0,0.0,0.0004975793999619782,0.0003863250965587971,,,,
1246,True,,,0.04450397938489914,,0.0,,,,,,0.0049817562103271484,0.06592497229576111,5.672202314599417e-05,0.0400954894721508,0.02714523673057556,0.09026014059782028,0.0,0.0,0.000757830566726625,0.00038565987216617826,,,,
1247,True,,,0.038911908864974976,,0.0,,,,,,0.0035542442928999662,0.058884043246507645,2.8982707590330392e-05,0.028792859986424446,0.01804397441446781,0.09026270359754562,0.0,0.0,0.0007446673116646707,0.00038499506191785724,,,,
1248,True,,,0.03316344693303108,,0.0,,,,,,0.0024010413326323032,0.055145107209682465,3.859933349303901e-05,0.023398594930768013,0.01422945037484169,0.09026572108268738,0.0,0.0,0.0005458916421048343,0.00038433066748918524,,,,
1249,True,,,0.027726147323846817,,0.0,,,,,,0.005536923184990883,0.06204626336693764,3.491978714009747e-05,0.04680703580379486,0.033868081867694855,0.09026830643415451,0.0,0.0,0.0008431921596638858,0.0003836666905544649,,,,
1250,True,,,0.03394816815853119,,0.0,,,,,,0.002824457362294197,0.055143460631370544,7.809147064108402e-05,0.02808487042784691,0.0184648260474205,0.09027121216058731,0.0,0.0,0.0007499877829104662,0.0003830031327869471,,,,
1251,True,,,0.03717011958360672,,0.0,,,,,,0.004130894783884287,0.060659367591142654,3.942846888094209e-05,0.03512077033519745,0.02362978458404541,0.09027397632598877,0.0,0.0,0.0007135385531000793,0.0003823399958588265,,,,
1252,True,,,0.04342631250619888,,0.0,,,,,,0.005678487475961447,0.0659654513001442,7.175583596108481e-05,0.050563037395477295,0.036915093660354614,0.09027697890996933,0.0,0.0,0.0009733266779221594,0.00038167728144123715,,,,
1253,True,,,0.03128116577863693,,0.0,,,,,,0.0010528789134696126,0.03227370232343674,4.2098250560229644e-05,0.011238002218306065,0.0057210857048630714,0.09028065204620361,0.0,0.0,0.00045576991396956146,0.00038101499120424823,,,,
1254,True,,,0.02643321454524994,,0.0,,,,,,0.0038678625132888556,0.057021744549274445,5.891627733944915e-05,0.03364502638578415,0.022878358140587807,0.09028410911560059,0.0,0.0,0.0007698757690377533,0.00038035312681685985,,,,
1255,True,,,0.03690090775489807,,0.0,,,,,,0.003381249262019992,0.056182846426963806,2.8139518690295517e-05,0.03190965577960014,0.021624166518449783,0.0902874693274498,0.0,0.0,0.0007357308058999479,0.00037969168994699963,,,,
1256,True,,,0.04139534384012222,,0.0,,,,,,0.005954249761998653,0.06966102123260498,3.9011789340293035e-05,0.05304506793618202,0.03878834843635559,0.09029081463813782,0.0,0.0,0.0009898872813209891,0.0003790306822615173,,,,
1257,True,,,0.03720167279243469,,0.0,,,,,,0.0019288131734356284,0.044889047741889954,3.408084739930928e-05,0.019804703071713448,0.012094982899725437,0.09029445052146912,0.0,0.0,0.0012631372082978487,0.00037837010542618064,,,,
1258,True,,,0.03696628659963608,,0.0,,,,,,0.005109334364533424,0.06700800359249115,7.827222725609317e-05,0.044303048402071,0.031181132420897484,0.09029798954725266,0.0,0.0,0.0009049337240867317,0.00037770996110567237,,,,
1259,True,,,0.03090684860944748,,0.0,,,,,,0.0020240044686943293,0.04678862541913986,4.1087809222517535e-05,0.020765671506524086,0.012830173596739769,0.0903017446398735,0.0,0.0,0.0011047630105167627,0.0003770502509635851,,,,
1260,True,,,0.03598814457654953,,0.0,,,,,,0.0037765882443636656,0.05844271183013916,7.644449215149507e-05,0.034659139811992645,0.023737123236060143,0.09030509740114212,0.0,0.0,0.0008024494163691998,0.00037639097666241717,,,,
1261,True,,,0.027239354327321053,,0.0,,,,,,0.0024818002711981535,0.04325828701257706,4.125580744585022e-05,0.022183388471603394,0.014179657213389874,0.09030817449092865,0.0,0.0,0.0013758541317656636,0.00037573213986356847,,,,
1262,True,,,0.032308585941791534,,0.0,,,,,,0.0029673222452402115,0.05571896582841873,6.516043504234403e-05,0.028535278514027596,0.01873728260397911,0.09031111747026443,0.0,0.0,0.0006954408599995077,0.0003750737422273367,,,,
1263,True,,,0.024492621421813965,,0.0,,,,,,0.002326682675629854,0.053327322006225586,2.9823326258338057e-05,0.022326523438096046,0.013504132628440857,0.09031372517347336,0.0,0.0,0.0005702657508663833,0.00037441578541291245,,,,
1264,True,,,0.030605457723140717,,0.0,,,,,,0.0033918290864676237,0.05349976196885109,4.054714736412279e-05,0.031117409467697144,0.02114611119031906,0.09031622111797333,0.0,0.0,0.0011016040807589889,0.0003737582710783759,,,,
1265,True,,,0.03316042572259903,,0.0,,,,,,0.0054753609001636505,0.07969191670417786,3.5879907954949886e-05,0.04839625209569931,0.03369896486401558,0.09031884372234344,0.0,0.0,0.0007902240031398833,0.00037310120088069145,,,,
1266,True,,,0.032862477004528046,,0.0,,,,,,0.0031122970394790173,0.0414896234869957,8.600231376476586e-05,0.025855746120214462,0.01731964759528637,0.09032132476568222,0.0,0.0,0.0005840835510753095,0.00037244457647570494,,,,
1267,True,,,0.027536556124687195,,0.0,,,,,,0.0039888955652713776,0.04708040505647659,3.893012763001025e-05,0.034617844969034195,0.024722840636968613,0.09032360464334488,0.0,0.0,0.0006978202727623284,0.0003717883995181387,,,,
1268,True,,,0.08130209147930145,,0.0,,,,,,0.0030525566544383764,0.05568419396877289,7.279210694832727e-05,0.02476150542497635,0.01438784971833229,0.09032610803842545,0.0,0.0,0.0008295554434880614,0.00037113267166158706,,,,
1269,True,,,0.039920907467603683,,0.0,,,,,,0.0015222281217575073,0.04103294759988785,4.079637801623903e-05,0.01676155813038349,0.009813141077756882,0.0903286263346672,0.0,0.0,0.0006084362976253033,0.00037047739455851295,,,,
1270,True,,,0.035528868436813354,,0.0,,,,,,0.0027193487621843815,0.04872545227408409,5.746267197537236e-05,0.023748068138957024,0.014868845231831074,0.09033097326755524,0.0,0.0,0.0005697483429685235,0.0003698225698602432,,,,
1271,True,,,0.03291124105453491,,0.0,,,,,,0.003908857703208923,0.044777676463127136,2.8252441552467644e-05,0.03514651209115982,0.025513315573334694,0.09033329784870148,0.0,0.0,0.0007418409804813564,0.000369168199216965,,,,
1272,True,,,0.03633224219083786,,0.0,,,,,,0.004383745603263378,0.06262943893671036,3.916682180715725e-05,0.03857538849115372,0.026642434298992157,0.09033560007810593,0.0,0.0,0.0007040456403046846,0.00036851428427772036,,,,
1273,True,,,0.038464874029159546,,0.0,,,,,,0.007136834319680929,0.06893891096115112,3.4060387406498194e-05,0.06149360537528992,0.046157822012901306,0.09033796936273575,0.0,0.0,0.000902200466953218,0.00036786082669040387,,,,
1274,True,,,0.039167337119579315,,0.0,,,,,,0.0038676715921610594,0.0578165128827095,7.890525012044236e-05,0.03525611013174057,0.024272259324789047,0.09034021198749542,0.0,0.0,0.000716721173375845,0.000367207828101757,,,,
1275,True,,,0.03832021355628967,,0.0,,,,,,0.0027891043573617935,0.05306145176291466,3.9692429709248245e-05,0.02612810768187046,0.016726387664675713,0.09034227579832077,0.0,0.0,0.0006452954839915037,0.0003665552901573649,,,,
1276,True,,,0.02990543469786644,,0.0,,,,,,0.0036326441913843155,0.05320524424314499,7.078382623149082e-05,0.03163963928818703,0.02144858054816723,0.09034413844347,0.0,0.0,0.0007119342917576432,0.0003659032145016515,,,,
1277,True,,,0.031141608953475952,,0.0,,,,,,0.0015835319645702839,0.03820386528968811,4.078607162227854e-05,0.01582488603889942,0.00918569602072239,0.09034628421068192,0.0,0.0,0.0006034497637301683,0.00036525160277787604,,,,
1278,True,,,0.032982029020786285,,0.0,,,,,,0.0029554578941315413,0.0556829459965229,5.8986122894566506e-05,0.02775420807301998,0.01796765811741352,0.09034833312034607,0.0,0.0,0.0007683589938096702,0.00036460045662812846,,,,
1279,True,,,0.026236597448587418,,0.0,,,,,,0.002462499774992466,0.0510876327753067,2.8393227694323286e-05,0.025605469942092896,0.016854140907526016,0.09035022556781769,0.0,0.0,0.0006728461012244225,0.0003639497776933256,,,,
1280,True,,,0.02286074310541153,,0.0,,,,,,0.0014876786153763533,0.031045101583003998,3.909015140379779e-05,0.014385165646672249,0.008641304448246956,0.09035202115774155,0.0,0.0,0.000552660261746496,0.0003632995676132067,,,,
1281,True,,,0.022574003785848618,,0.0,,,,,,0.0028783748857676983,0.0414746031165123,3.4628581488505006e-05,0.026614513248205185,0.01844208687543869,0.09035373479127884,0.0,0.0,0.0008180732256732881,0.0003626498280263295,,,,
1282,True,,,0.03329440951347351,,0.0,,,,,,0.003927464596927166,0.06057121604681015,7.914382149465382e-05,0.035189438611269,0.02392878197133541,0.09035550057888031,0.0,0.0,0.0008233877597376704,0.000362000560570066,,,,
1283,True,,,0.035651084035634995,,0.0,,,,,,0.0025122426450252533,0.05362337827682495,3.923699841834605e-05,0.023410238325595856,0.014255957677960396,0.09035738557577133,0.0,0.0,0.0007292963564395905,0.000361351766880599,,,,
1284,True,,,0.02788573130965233,,0.0,,,,,,0.0029747276566922665,0.05245059356093407,7.243101572385058e-05,0.027947479858994484,0.018509026616811752,0.0903593972325325,0.0,0.0,0.0005567226908169687,0.00036070344859291637,,,,
1285,True,,,0.04810250550508499,,0.0,,,,,,0.004066165536642075,0.05783028528094292,4.180564428679645e-05,0.033577241003513336,0.022322505712509155,0.09036127477884293,0.0,0.0,0.0009716236963868141,0.000360055607340809,,,,
1286,True,,,0.030740894377231598,,0.0,,,,,,0.0017265717033296824,0.048558589071035385,5.5921067541930825e-05,0.016876069828867912,0.00905463844537735,0.09036315232515335,0.0,0.0,0.0006242557428777218,0.00035940824475686487,,,,
1287,True,,,0.022225290536880493,,0.0,,,,,,0.0019666976295411587,0.0420721061527729,2.6916211936622858e-05,0.017994549125432968,0.010681279003620148,0.09036505967378616,0.0,0.0,0.0004360686580184847,0.000358761362472466,,,,
1288,True,,,0.03918386623263359,,0.0,,,,,,0.004967975430190563,0.06272462755441666,3.7957193853799254e-05,0.04652407020330429,0.03396914526820183,0.09036686271429062,0.0,0.0,0.0007996254716999829,0.0003581149621177839,,,,
1289,True,,,0.03338554501533508,,0.0,,,,,,0.004436164163053036,0.06129435449838638,3.46024171449244e-05,0.039300382137298584,0.02747993916273117,0.09036856144666672,0.0,0.0,0.0008271020487882197,0.0003574690453217758,,,,
1290,True,,,0.03919331729412079,,0.0,,,,,,0.004522164352238178,0.07057879865169525,7.836318400222808e-05,0.03890360891819,0.02598874643445015,0.09037020057439804,0.0,0.0,0.0008557644323445857,0.0003568236137121802,,,,
1291,True,,,0.024803943932056427,,0.0,,,,,,0.0019732057116925716,0.037365030497312546,4.024194277008064e-05,0.01872914656996727,0.011847557500004768,0.09037207067012787,0.0,0.0,0.0005739755579270422,0.0003561786689155132,,,,
1292,True,,,0.03369395062327385,,0.0,,,,,,0.006744622252881527,0.07248737663030624,7.149576413212344e-05,0.0571657232940197,0.04189593717455864,0.09037373214960098,0.0,0.0,0.0008833992760628462,0.00035553421255706344,,,,
1293,True,,,0.03086058422923088,,0.0,,,,,,0.0018651889404281974,0.04276517033576965,4.196568261249922e-05,0.01812773197889328,0.010752681642770767,0.09037554264068604,0.0,0.0,0.0005656207213178277,0.0003548902462608891,,,,
1294,True,,,0.029524806886911392,,0.0,,,,,,0.005231351591646671,0.05255802720785141,5.7652312534628436e-05,0.04695146530866623,0.03523646295070648,0.09037736058235168,0.0,0.0,0.0009587674285285175,0.00035424677164981356,,,,
1295,True,,,0.023332469165325165,,0.0,,,,,,0.00276946066878736,0.044087618589401245,2.8742331778630614e-05,0.02643495984375477,0.018105249851942062,0.09037929028272629,0.0,0.0,0.0006289936718530953,0.000353603790345421,,,,
1296,True,,,0.026124082505702972,,0.0,,,,,,0.0018505242187529802,0.035670094192028046,3.862432640744373e-05,0.018831860274076462,0.012229960411787033,0.09038133174180984,0.0,0.0,0.0005887783481739461,0.00035296130396805206,,,,
1297,True,,,0.031890325248241425,,0.0,,,,,,0.002609359100461006,0.042278535664081573,3.489047958282754e-05,0.022252462804317474,0.014175068587064743,0.09038344025611877,0.0,0.0,0.0006670423317700624,0.00035231931413680085,,,,
1298,True,,,0.027992263436317444,,0.0,,,,,,0.0019368778448551893,0.04169226437807083,7.887061656219885e-05,0.02087196707725525,0.01354264933615923,0.09038553386926651,0.0,0.0,0.0005575809627771378,0.00035167782246950944,,,,
1299,True,,,0.022734608501195908,,0.0,,,,,,0.001522999256849289,0.032096173614263535,3.977811138611287e-05,0.01447632908821106,0.008592602796852589,0.09038746356964111,0.0,0.0,0.0005279528559185565,0.00035103683058276505,,,,
1300,True,,,0.030362823978066444,,0.0,,,,,,0.004975832998752594,0.0731905996799469,7.182684203144163e-05,0.04415815696120262,0.030619826167821884,0.09038933366537094,0.0,0.0,0.000720876909326762,0.0003503963400918951,0.0004365268161662567,0.0005359138696759938,7.315653825358924e-05,2.24689495290672e-05
1301,True,,,0.01983841508626938,,0.0,,,,,,0.0021708705462515354,0.026792217046022415,4.123892722418532e-05,0.018019050359725952,0.012046042829751968,0.09039103984832764,0.0,0.0,0.0006616903701797128,0.0003497563526109637,,,,
1302,True,,,0.03310735523700714,,0.0,,,,,,0.004556430038064718,0.057901781052351,5.627205246128142e-05,0.04378070309758186,0.03217095881700516,0.0903925746679306,0.0,0.0,0.0008293656283058226,0.00034911686975276727,,,,
1303,True,,,0.03266138583421707,,0.0,,,,,,0.002736320486292243,0.0406235009431839,2.8455766369006597e-05,0.022368812933564186,0.014325359836220741,0.09039419889450073,0.0,0.0,0.0005674947751685977,0.0003484778931288306,,,,
1304,True,,,0.0445893220603466,,0.0,,,,,,0.004556611645966768,0.07079838216304779,3.848151391139254e-05,0.04357190430164337,0.03056635893881321,0.0903959646821022,0.0,0.0,0.0008969858172349632,0.0003478394243494024,,,,
1305,True,,,0.03083682432770729,,0.0,,,,,,0.004590221680700779,0.0532822422683239,3.401698631932959e-05,0.03891822323203087,0.027770420536398888,0.09039788693189621,0.0,0.0,0.0008330710115842521,0.000347201465023452,,,,
1306,True,,,0.028704099357128143,,0.0,,,,,,0.003424043534323573,0.05408652871847153,7.791179814375937e-05,0.03027733974158764,0.02021465077996254,0.09039957076311111,0.0,0.0,0.0006600292981602252,0.00034656401675866493,,,,
1307,True,,,0.03222233057022095,,0.0,,,,,,0.0031774709932506084,0.0531998835504055,4.0081322367768735e-05,0.029458722099661827,0.01971498690545559,0.09040123969316483,0.0,0.0,0.0006722342222929001,0.0003459270811614384,,,,
1308,True,,,0.022614017128944397,,0.0,,,,,,0.0027932263910770416,0.043860673904418945,7.107779674697667e-05,0.02734246663749218,0.018997468054294586,0.09040253609418869,0.0,0.0,0.0006287485593929887,0.000345290659836878,,,,
1309,True,,,0.022660765796899796,,0.0,,,,,,0.0009639459894970059,0.031051773577928543,4.215121589368209e-05,0.011544718407094479,0.006323871668428183,0.09040391445159912,0.0,0.0,0.0003870965738315135,0.00034465475438879336,,,,
1310,True,,,0.030250785872340202,,0.0,,,,,,0.0030791722238063812,0.04963923618197441,5.719420005334541e-05,0.02621515654027462,0.016936901956796646,0.09040533751249313,0.0,0.0,0.0006340310792438686,0.0003440193664196938,,,,
1311,True,,,0.028065262362360954,,0.0,,,,,,0.002624071668833494,0.04834930598735809,2.9027583877905272e-05,0.0279715433716774,0.019313309341669083,0.09040653705596924,0.0,0.0,0.0006841544527560472,0.0003433844975307848,,,,
1312,True,,,0.0384209118783474,,0.0,,,,,,0.007176295854151249,0.07442620396614075,3.897897113347426e-05,0.059555258601903915,0.04362856596708298,0.09040796756744385,0.0,0.0,0.0009852619841694832,0.00034275014932196393,,,,
1313,True,,,0.03304075449705124,,0.0,,,,,,0.0031017966102808714,0.04724521189928055,3.6697361792903394e-05,0.027987563982605934,0.018908394500613213,0.09040963649749756,0.0,0.0,0.0008907468873076141,0.000342116323391816,,,,
1314,True,,,0.024747153744101524,,0.0,,,,,,0.001991995144635439,0.03939332440495491,8.741945202928036e-05,0.017667481675744057,0.010540857911109924,0.09041157364845276,0.0,0.0,0.0006229821592569351,0.00034148302133761045,,,,
1315,True,,,0.02410728670656681,,0.0,,,,,,0.005096519831568003,0.05472549796104431,4.161592369200662e-05,0.04331423342227936,0.0315791517496109,0.09041323512792587,0.0,0.0,0.000933817820623517,0.0003408502447552957,,,,
1316,True,,,0.029641006141901016,,0.0,,,,,,0.002288020448759198,0.04618271440267563,7.796238060109317e-05,0.02454414963722229,0.016398318111896515,0.09041479974985123,0.0,0.0,0.000660442397929728,0.00034021799523949647,,,,
1317,True,,,0.043338216841220856,,0.0,,,,,,0.010558455251157284,0.08731859922409058,4.215335866319947e-05,0.09041908383369446,0.06977014243602753,0.09041629731655121,0.0,0.0,0.0010984865948557854,0.00033958627438350936,,,,
1318,True,,,0.033841557800769806,,0.0,,,,,,0.003080398542806506,0.04907459765672684,6.278375803958625e-05,0.02709326148033142,0.017831414937973022,0.09041821956634521,0.0,0.0,0.0007987131248228252,0.0003389550837792984,,,,
1319,True,,,0.031845822930336,,0.0,,,,,,0.002186870900914073,0.049018494784832,2.9140814149286598e-05,0.019761448726058006,0.011435499414801598,0.09041991829872131,0.0,0.0,0.0005122176953591406,0.0003383244250174913,,,,
1320,True,,,0.02727285958826542,,0.0,,,,,,0.004343822132796049,0.056401170790195465,3.878504503518343e-05,0.039238326251506805,0.02805805206298828,0.09042149782180786,0.0,0.0,0.0007843061466701329,0.0003376942996873758,,,,
1321,True,,,0.020552992820739746,,0.0,,,,,,0.0015824537258595228,0.03786007687449455,3.4119577321689576e-05,0.015438125468790531,0.008942843414843082,0.0904231145977974,0.0,0.0,0.000510077690705657,0.00033706470937689526,,,,
1322,True,,,0.036821287125349045,,0.0,,,,,,0.0032548410817980766,0.05462430417537689,7.699546404182911e-05,0.02651759795844555,0.016489369794726372,0.09042461961507797,0.0,0.0,0.0007585800485685468,0.000336435655672645,,,,
1323,True,,,0.032125312834978104,,0.0,,,,,,0.0016729439375922084,0.03442305698990822,3.9472659409511834e-05,0.015737146139144897,0.0093766450881958,0.09042620658874512,0.0,0.0,0.000544467126019299,0.0003358071401598673,,,,
1324,True,,,0.03274691477417946,,0.0,,,,,,0.00260234996676445,0.045277372002601624,7.16132199158892e-05,0.023830758407711983,0.015433115884661674,0.09042779356241226,0.0,0.0,0.0006122117629274726,0.00033517916442244887,,,,
1325,True,,,0.0314992219209671,,0.0,,,,,,0.00264502945356071,0.049589283764362335,4.2017753003165126e-05,0.022911110892891884,0.014066857285797596,0.0904294103384018,0.0,0.0,0.0005102822324261069,0.0003345517300429163,,,,
1326,True,,,0.03144108131527901,,0.0,,,,,,0.002867551287636161,0.04500174522399902,5.779344792244956e-05,0.02559063211083412,0.016975287348031998,0.09043115377426147,0.0,0.0,0.0006259491783566773,0.00033392483860243135,,,,
1327,True,,,0.031772032380104065,,0.0,,,,,,0.002686717314645648,0.044392477720975876,2.7240681447437964e-05,0.021789727732539177,0.013428093865513802,0.09043272584676743,0.0,0.0,0.0006005229079164565,0.0003332984916807878,,,,
1328,True,,,0.024426547810435295,,0.0,,,,,,0.0020778076723217964,0.039428871124982834,3.882414603140205e-05,0.01843862608075142,0.011249909177422523,0.09043443948030472,0.0,0.0,0.00046165610547177494,0.0003326726908564074,,,,
1329,True,,,0.03196246922016144,,0.0,,,,,,0.003828685497865081,0.048594895750284195,3.4884578781202435e-05,0.03283732011914253,0.022907719016075134,0.09043601155281067,0.0,0.0,0.000836583727505058,0.0003320474377063354,,,,
1330,True,,,0.02982962876558304,,0.0,,,,,,0.002229975536465645,0.0401955209672451,7.771838863845915e-05,0.02004152163863182,0.01255046296864748,0.09043756127357483,0.0,0.0,0.0006960770697332919,0.00033142273380623734,,,,
1331,True,,,0.055713482201099396,,0.0,,,,,,0.004070513416081667,0.05607285350561142,4.027831892017275e-05,0.038477297872304916,0.0273178331553936,0.09043899923563004,0.0,0.0,0.0013573893811553717,0.00033079858073039394,,,,
1332,True,,,0.02964145317673683,,0.0,,,,,,0.0030614733695983887,0.045642297714948654,7.257411198224872e-05,0.025133533403277397,0.016270721331238747,0.09044074267148972,0.0,0.0,0.0005450954777188599,0.0003301749800516982,,,,
1333,True,,,0.027604544535279274,,0.0,,,,,,0.0033620118629187346,0.05689521133899689,4.229386104270816e-05,0.03335099667310715,0.023097846657037735,0.09044278413057327,0.0,0.0,0.0006787694292142987,0.00032955193334165145,,,,
1334,True,,,0.03343688324093819,,0.0,,,,,,0.006311716046184301,0.05773981660604477,6.20743230683729e-05,0.04912124574184418,0.035765696316957474,0.09044470638036728,0.0,0.0,0.0009668776183389127,0.00032892944217035843,,,,
1335,True,,,0.032505009323358536,,0.0,,,,,,0.005299602635204792,0.05295522138476372,3.006988663400989e-05,0.04034111276268959,0.028501436114311218,0.0904468521475792,0.0,0.0,0.0007997929933480918,0.0003283075081065239,,,,
1336,True,,,0.025286460295319557,,0.0,,,,,,0.0033766268752515316,0.053189706057310104,3.957440276280977e-05,0.03111102804541588,0.021238289773464203,0.0904490128159523,0.0,0.0,0.0006343210116028786,0.00032768613271744895,,,,
1337,True,,,0.030980318784713745,,0.0,,,,,,0.004627062473446131,0.05340933799743652,3.6095687391934916e-05,0.04308284446597099,0.03188248723745346,0.09045103937387466,0.0,0.0,0.0008695962023921311,0.00032706531756902677,,,,
1338,True,,,0.023245804011821747,,0.0,,,,,,0.0036063087172806263,0.04247339442372322,8.45654503791593e-05,0.0332733653485775,0.024240441620349884,0.09045354276895523,0.0,0.0,0.0007880998309701681,0.0003264450642257385,,,,
1339,True,,,0.027285797521471977,,0.0,,,,,,0.004731018096208572,0.0532999187707901,3.9896614907775074e-05,0.04160260781645775,0.030344229191541672,0.09045590460300446,0.0,0.0,0.0007840379257686436,0.00032582537425064975,,,,
1340,True,,,0.030582308769226074,,0.0,,,,,,0.0018173118587583303,0.04220930486917496,7.139230729080737e-05,0.018565434962511063,0.011281090788543224,0.0904582142829895,0.0,0.0,0.0004999111406505108,0.0003252062492054063,,,,
1341,True,,,0.03330296650528908,,0.0,,,,,,0.003049127757549286,0.04303703084588051,4.156741488259286e-05,0.026477258652448654,0.017866011708974838,0.09046022593975067,0.0,0.0,0.000721482269000262,0.0003245876906502305,,,,
1342,True,,,0.03424456715583801,,0.0,,,,,,0.0035069212317466736,0.0544867068529129,5.763373337686062e-05,0.0323859304189682,0.02215445227921009,0.09046231210231781,0.0,0.0,0.0007095953915268183,0.0003239697001439166,,,,
1343,True,,,0.03243381157517433,,0.0,,,,,,0.002430490916594863,0.0443224161863327,2.9331233236007392e-05,0.022755444049835205,0.014649063348770142,0.09046447277069092,0.0,0.0,0.0005813711904920638,0.0003233522792438277,,,,
1344,True,,,0.0256731528788805,,0.0,,,,,,0.003049188992008567,0.04355141520500183,3.9746330003254116e-05,0.02685016579926014,0.018264565616846085,0.09046637266874313,0.0,0.0,0.0007738760905340314,0.00032273542950589157,,,,
1345,True,,,0.024634266272187233,,0.0,,,,,,0.0012950062518939376,0.03932439535856247,3.573612775653601e-05,0.014272584579885006,0.00787624716758728,0.09046808630228043,0.0,0.0,0.0005478965467773378,0.00032211915248459656,,,,
1346,True,,,0.026402954012155533,,0.0,,,,,,0.0034835021942853928,0.051345162093639374,7.791304960846901e-05,0.03230270370841026,0.022477002814412117,0.090469591319561,0.0,0.0,0.0007720530848018825,0.0003215034497329874,,,,
1347,True,,,0.02553912252187729,,0.0,,,,,,0.00187679473310709,0.03791908919811249,3.955320789827965e-05,0.01748056337237358,0.010631980374455452,0.0904712826013565,0.0,0.0,0.000523898343089968,0.000320888322802662,,,,
1348,True,,,0.026525873690843582,,0.0,,,,,,0.001554864807985723,0.038326699286699295,7.257342076627538e-05,0.016722625121474266,0.010128814727067947,0.09047292917966843,0.0,0.0,0.0005798112833872437,0.0003202737732437672,,,,
1349,True,,,0.03606173396110535,,0.0,,,,,,0.004677250050008297,0.045565441250801086,4.149055894231424e-05,0.03309100866317749,0.022571105509996414,0.09047453850507736,0.0,0.0,0.0006730956374667585,0.00031965980260499464,,,,
1350,True,,,0.028287459164857864,,0.0,,,,,,0.0036316271871328354,0.04957739636301994,5.8067013014806435e-05,0.033491846174001694,0.02368580922484398,0.09047624468803406,0.0,0.0,0.0007508014678023756,0.0003190464124335771,,,,
1351,True,,,0.034745920449495316,,0.0,,,,,,0.004495073109865189,0.05666522681713104,2.918453174061142e-05,0.032869454473257065,0.021441033110022545,0.09047777950763702,0.0,0.0,0.0007208319148048759,0.0003184336042752846,,,,
1352,True,,,0.03493029624223709,,0.0,,,,,,0.003558178199455142,0.04968370497226715,3.910643863491714e-05,0.0361117459833622,0.02631155215203762,0.09047916531562805,0.0,0.0,0.0007454025908373296,0.0003178213796744205,,,,
1353,True,,,0.031750138849020004,,0.0,,,,,,0.0027680143248289824,0.04606505483388901,3.3514817914692685e-05,0.028067441657185555,0.019453858956694603,0.09048069268465042,0.0,0.0,0.0006747308652848005,0.00031720974017381763,,,,
1354,True,,,0.031169671565294266,,0.0,,,,,,0.0017907693982124329,0.049421049654483795,7.80920236138627e-05,0.018965324386954308,0.010976886376738548,0.09048205614089966,0.0,0.0,0.0006516488501802087,0.000316598687314834,,,,
1355,True,,,0.03404480218887329,,0.0,,,,,,0.0024244552478194237,0.03998902812600136,4.129902663407847e-05,0.02174537628889084,0.014056086540222168,0.09048344194889069,0.0,0.0,0.0006291745812632143,0.0003159882226373497,,,,
1356,True,,,0.02803865633904934,,0.0,,,,,,0.002801777794957161,0.04890628904104233,7.71592603996396e-05,0.028285780921578407,0.01936955936253071,0.09048490971326828,0.0,0.0,0.0010863583302125335,0.0003153783476797623,,,,
1357,True,,,0.03236031532287598,,0.0,,,,,,0.003080799011513591,0.05084752291440964,4.1934057662729174e-05,0.03250809758901596,0.02309310995042324,0.09048649668693542,0.0,0.0,0.0008752565481700003,0.0003147690639789835,,,,
1358,True,,,0.027108456939458847,,0.0,,,,,,0.003968898206949234,0.04882959648966789,5.8269084547646344e-05,0.03366370499134064,0.023606743663549423,0.09048832952976227,0.0,0.0,0.0008802383090369403,0.0003141603730704344,,,,
1359,True,,,0.03039177507162094,,0.0,,,,,,0.0036285424139350653,0.05301576480269432,2.930235132225789e-05,0.03389914333820343,0.023745553568005562,0.09049031138420105,0.0,0.0,0.0008240932365879416,0.000313552276488043,,,,
1360,True,,,0.02877088449895382,,0.0,,,,,,0.0018751909956336021,0.04094759374856949,3.931899118470028e-05,0.01912318542599678,0.011940942145884037,0.09049253910779953,0.0,0.0,0.0005914251087233424,0.0003129447757642392,,,,
1361,True,,,0.033852532505989075,,0.0,,,,,,0.0023581788409501314,0.05427214503288269,3.487256617518142e-05,0.024383505806326866,0.015337204560637474,0.0904945656657219,0.0,0.0,0.0005708527169190347,0.00031233787242995146,,,,
1362,True,,,0.03450677916407585,,0.0,,,,,,0.001394771272316575,0.04173722863197327,7.796077261446044e-05,0.014153697527945042,0.007296192459762096,0.0904962345957756,0.0,0.0,0.0006526427459903061,0.0003117315680146023,,,,
1363,True,,,0.04386540502309799,,0.0,,,,,,0.0017973541980609298,0.03937036916613579,3.884877514792606e-05,0.016866445541381836,0.009768996387720108,0.09049780666828156,0.0,0.0,0.0005454876227304339,0.00031112586404610554,,,,
1364,True,,,0.04599286988377571,,0.0,,,,,,0.0037304717116057873,0.054958850145339966,7.323654426727444e-05,0.03466547653079033,0.024037577211856842,0.0904994085431099,0.0,0.0,0.0009200903004966676,0.00031052076205086165,,,,
1365,True,,,0.031134197488427162,,0.0,,,,,,0.003709112759679556,0.042525045573711395,3.983480928582139e-05,0.029299529269337654,0.0201016403734684,0.0905013456940651,0.0,0.0,0.000762956973630935,0.0003099162635537541,,,,
1366,True,,,0.03654711693525314,,0.0,,,,,,0.006187323480844498,0.0751168429851532,5.7270051911473274e-05,0.0519796684384346,0.03698152303695679,0.09050343930721283,0.0,0.0,0.0010554559994488955,0.0003093123700781455,,,,
1367,True,,,0.029434261843562126,,0.0,,,,,,0.0025927270762622356,0.04525145888328552,2.8120140996179543e-05,0.026318760588765144,0.017987428233027458,0.09050571918487549,0.0,0.0,0.0006672671879641712,0.00030870908314587376,,,,
1368,True,,,0.02785947546362877,,0.0,,,,,,0.00317228096537292,0.049536094069480896,4.0280829125549644e-05,0.030430570244789124,0.021100865676999092,0.09050795435905457,0.0,0.0,0.0006950678071007133,0.00030810640427724823,,,,
1369,True,,,0.04525923728942871,,0.0,,,,,,0.004205130040645599,0.06222987174987793,3.625731551437639e-05,0.04268965497612953,0.030885715037584305,0.0905100628733635,0.0,0.0,0.0010046417592093349,0.00030750433499104624,,,,
1370,True,,,0.034794699400663376,,0.0,,,,,,0.001574863912537694,0.038611579686403275,7.625132275279611e-05,0.017232587561011314,0.010505370795726776,0.09051229059696198,0.0,0.0,0.0005020183161832392,0.00030690287680450824,,,,
1371,True,,,0.028954993933439255,,0.0,,,,,,0.0049558295868337154,0.06308309733867645,3.894061592291109e-05,0.043357111513614655,0.030878806486725807,0.0905144214630127,0.0,0.0,0.0009155527222901583,0.00030630203123333536,,,,
1372,True,,,0.03249374404549599,,0.0,,,,,,0.003839160082861781,0.06186049431562424,7.191298936959356e-05,0.03666199371218681,0.025370720773935318,0.09051688015460968,0.0,0.0,0.0008399943471886218,0.00030570179979168467,,,,
1373,True,,,0.03139244765043259,,0.0,,,,,,0.00353994220495224,0.05899203196167946,4.154691123403609e-05,0.034837935119867325,0.024158900603652,0.09051928669214249,0.0,0.0,0.000677131989505142,0.00030510218399216576,,,,
1374,True,,,0.03702249377965927,,0.0,,,,,,0.0023958845995366573,0.03787922114133835,5.6566808780189604e-05,0.020259900018572807,0.012772368267178535,0.09052155166864395,0.0,0.0,0.0006771170301362872,0.0003045031853458363,,,,
1375,True,,,0.0414789542555809,,0.0,,,,,,0.003968625795096159,0.049404896795749664,2.8625698178075254e-05,0.03426697105169296,0.02402351424098015,0.09052372723817825,0.0,0.0,0.0007859275210648775,0.0003039048053621992,,,,
1376,True,,,0.03420724719762802,,0.0,,,,,,0.006859517656266689,0.057894885540008545,3.919590380974114e-05,0.0633300393819809,0.04941410571336746,0.09052573889493942,0.0,0.0,0.0011397001799196005,0.0003033070455491983,,,,
1377,True,,,0.04082848131656647,,0.0,,,,,,0.004928720649331808,0.05203528702259064,3.508830923237838e-05,0.04241269454360008,0.030949339270591736,0.09052779525518417,0.0,0.0,0.0009403942385688424,0.00030270990741321414,,,,
1378,True,,,0.025497961789369583,,0.0,,,,,,0.002376893535256386,0.052064284682273865,7.688470941502601e-05,0.0248907171189785,0.016108674928545952,0.09053000062704086,0.0,0.0,0.0005686595686711371,0.000302113392459061,,,,
1379,True,,,0.03140660747885704,,0.0,,,,,,0.0029503218829631805,0.05186983197927475,3.909218139597215e-05,0.029328739270567894,0.019952502101659775,0.09053207188844681,0.0,0.0,0.0006719623343087733,0.0003015175021899827,,,,
1380,True,,,0.02724536880850792,,0.0,,,,,,0.0029609878547489643,0.05510867014527321,7.113005267456174e-05,0.029404498636722565,0.019719285890460014,0.09053393453359604,0.0,0.0,0.0006332627381198108,0.00030092223810764863,,,,
1381,True,,,0.0386907234787941,,0.0,,,,,,0.0034911090042442083,0.05452657863497734,4.156729482929222e-05,0.032536525279283524,0.022279711440205574,0.09053553640842438,0.0,0.0,0.0008116716635413468,0.00030032760171215035,,,,
1382,True,,,0.04165659099817276,,0.0,,,,,,0.0023074776399880648,0.04562411084771156,5.649957893183455e-05,0.022358905524015427,0.014138828963041306,0.0905371606349945,0.0,0.0,0.0007561249658465385,0.0002997335945019975,,,,
1383,True,,,0.029087623581290245,,0.0,,,,,,0.0029804352670907974,0.06113514304161072,2.9089569579809904e-05,0.028792696073651314,0.01848793961107731,0.09053877741098404,0.0,0.0,0.0007426312658935785,0.00029914021797411417,,,,
1384,True,,,0.03124355711042881,,0.0,,,,,,0.0028464372735470533,0.04682961478829384,3.877904237015173e-05,0.02614254504442215,0.017375914379954338,0.09054050594568253,0.0,0.0,0.0005762507789768279,0.0002985474736238354,,,,
1385,True,,,0.02835647389292717,,0.0,,,,,,0.0021301887463778257,0.03922053426504135,3.4579108614707366e-05,0.02151365950703621,0.014255139976739883,0.09054223448038101,0.0,0.0,0.0006689132424071431,0.00029795536294490235,,,,
1386,True,,,0.028918344527482986,,0.0,,,,,,0.002987369429320097,0.051038213074207306,7.670217019040138e-05,0.024097997695207596,0.014773832634091377,0.09054398536682129,0.0,0.0,0.000575685000512749,0.00029736388742946,,,,
1387,True,,,0.021541409194469452,,0.0,,,,,,0.0020433643367141485,0.04171675443649292,3.931697574444115e-05,0.022894540801644325,0.015538970939815044,0.0905456617474556,0.0,0.0,0.0005991849466226995,0.00029677304856805253,,,,
1388,True,,,0.027189718559384346,,0.0,,,,,,0.0024401377886533737,0.04344981163740158,7.215773803181946e-05,0.02388901636004448,0.015890449285507202,0.09054706990718842,0.0,0.0,0.0006301123648881912,0.0002961828478496198,,,,
1389,True,,,0.03446421027183533,,0.0,,,,,,0.0036546625196933746,0.06428663432598114,4.167162114754319e-05,0.031523697078228,0.020169410854578018,0.09054843336343765,0.0,0.0,0.0006616623722948134,0.000295593286761493,,,,
1390,True,,,0.0354321226477623,,0.0,,,,,,0.0031173075549304485,0.055819299072027206,6.115707219578326e-05,0.02880776859819889,0.01881813071668148,0.0905500128865242,0.0,0.0,0.0008098419639281929,0.0002950043667893921,,,,
1391,True,,,0.029701927676796913,,0.0,,,,,,0.003607544582337141,0.06187484785914421,2.9186001484049484e-05,0.03405163437128067,0.023039478808641434,0.09055110067129135,0.0,0.0,0.0007667046156711876,0.00029441608941742104,,,,
1392,True,,,0.03515830263495445,,0.0,,,,,,0.005712700542062521,0.059856340289115906,3.8698475691489875e-05,0.04623369872570038,0.03325891122221947,0.09055209159851074,0.0,0.0,0.0008790903957560658,0.0002938284561280646,,,,
1393,True,,,0.038125764578580856,,0.0,,,,,,0.0028062663041055202,0.04237672686576843,3.4789009077940136e-05,0.028182482346892357,0.019834361970424652,0.09055310487747192,0.0,0.0,0.000737945840228349,0.0002932414684021842,,,,
1394,True,,,0.0361909344792366,,0.0,,,,,,0.0039724730886518955,0.04611407220363617,7.64352225814946e-05,0.03270558640360832,0.022816039621829987,0.09055402874946594,0.0,0.0,0.0009200882632285357,0.00029265512771901457,,,,
1395,True,,,0.03666890785098076,,0.0,,,,,,0.0025270094629377127,0.045381538569927216,3.925803321180865e-05,0.023678211495280266,0.015321176499128342,0.09055520594120026,0.0,0.0,0.0007105247350409627,0.0002920694355561599,,,,
1396,True,,,0.026921521872282028,,0.0,,,,,,0.0023965975269675255,0.02603403851389885,7.068600098136812e-05,0.015463649295270443,0.009253522381186485,0.09055668860673904,0.0,0.0,0.0006193805602379143,0.0002914843933895901,,,,
1397,True,,,0.029405247420072556,,0.0,,,,,,0.003413058817386627,0.047447990626096725,4.128279397264123e-05,0.031633391976356506,0.02225525677204132,0.09055809676647186,0.0,0.0,0.000698434014339,0.00029090000269363673,,,,
1398,True,,,0.03982623293995857,,0.0,,,,,,0.002973357681185007,0.04948333278298378,5.523450090549886e-05,0.027609046548604965,0.01835588365793228,0.09055938571691513,0.0,0.0,0.000608878384809941,0.0002903162649409899,,,,
1399,True,,,0.03482237085700035,,0.0,,,,,,0.0035991575568914413,0.05339803174138069,2.8979184207855724e-05,0.028965018689632416,0.018757738173007965,0.09056061506271362,0.0,0.0,0.0006785369478166103,0.00028973318160269444,,,,
1400,True,,,0.021485846489667892,,0.0,,,,,,0.0017436600755900145,0.04011935740709305,3.91002613469027e-05,0.018404031172394753,0.011508407071232796,0.09056198596954346,0.0,0.0,0.00048187782522290945,0.00028915075414814574,0.00028285440828049706,0.0003313334213300201,4.725128611600777e-05,1.4290940440991782e-05
1401,True,,,0.03783386945724487,,0.0,,,,,,0.004700907506048679,0.06384925544261932,3.5219221899751574e-05,0.0416465625166893,0.029259145259857178,0.0905633196234703,0.0,0.0,0.0007989213336259127,0.00028856898404508625,,,,
1402,True,,,0.024172073230147362,,0.0,,,,,,0.0018659110646694899,0.035787805914878845,8.249806705862284e-05,0.017170697450637817,0.010537391528487206,0.09056435525417328,0.0,0.0,0.0006827245815657079,0.00028798787275960213,,,,
1403,True,,,0.03181016817688942,,0.0,,,,,,0.0057379151694476604,0.0654739961028099,4.002381319878623e-05,0.05015581101179123,0.036626726388931274,0.09056566655635834,0.0,0.0,0.00075417390326038,0.00028740742175611934,,,,
1404,True,,,0.03387799113988876,,0.0,,,,,,0.0037408415228128433,0.0646216869354248,7.46937730582431e-05,0.03448260948061943,0.022997800260782242,0.09056708216667175,0.0,0.0,0.0007710388163104653,0.00028682763249739964,,,,
1405,True,,,0.02755407989025116,,0.0,,,,,,0.002065889071673155,0.030732441693544388,4.128610453335568e-05,0.01789894886314869,0.011557945981621742,0.09056854248046875,0.0,0.0,0.0006186157697811723,0.0002862485064445372,,,,
1406,True,,,0.021827079355716705,,0.0,,,,,,0.002704355400055647,0.04940081015229225,5.515867815120146e-05,0.02540566399693489,0.01660967618227005,0.0905701145529747,0.0,0.0,0.0006218408234417439,0.00028567004505695493,,,,
1407,True,,,0.026883669197559357,,0.0,,,,,,0.002912097377702594,0.03842424601316452,2.863840745703783e-05,0.025542091578245163,0.017598697915673256,0.09057143330574036,0.0,0.0,0.0007724033785052598,0.000285092249792401,,,,
1408,True,,,0.03192806988954544,,0.0,,,,,,0.0036524678580462933,0.047653697431087494,3.8276572013273835e-05,0.02792600356042385,0.01826401799917221,0.0905727818608284,0.0,0.0,0.0007118296343833208,0.0002845151221069445,,,,
1409,True,,,0.029050417244434357,,0.0,,,,,,0.0036763108801096678,0.06059310957789421,3.493129770504311e-05,0.03315103054046631,0.022201696410775185,0.09057402610778809,0.0,0.0,0.0006958037265576422,0.00028393866345497256,,,,
1410,True,,,0.0386737659573555,,0.0,,,,,,0.0033391020260751247,0.053922709077596664,7.5765055953525e-05,0.029884647578001022,0.019822902977466583,0.09057527780532837,0.0,0.0,0.0010670340852811933,0.000283362875289186,,,,
1411,True,,,0.0285364780575037,,0.0,,,,,,0.0029715197160840034,0.04463419318199158,3.8846632378408685e-05,0.025893965736031532,0.017248474061489105,0.09057659655809402,0.0,0.0,0.0006087900837883353,0.0002827877590605965,,,,
1412,True,,,0.018877563998103142,,0.0,,,,,,0.0018072286620736122,0.04018905758857727,7.135665509849787e-05,0.017211275175213814,0.010254905559122562,0.09057793021202087,0.0,0.0,0.0005777497426606715,0.00028221331621852155,,,,
1413,True,,,0.03747725486755371,,0.0,,,,,,0.003764373017475009,0.06083235144615173,4.1354149288963526e-05,0.033666376024484634,0.022517524659633636,0.09057920426130295,0.0,0.0,0.0006513104308396578,0.00028163954821058243,,,,
1414,True,,,0.02855531871318817,,0.0,,,,,,0.002837467473000288,0.050491586327552795,5.633543332805857e-05,0.02710556797683239,0.017999418079853058,0.09058037400245667,0.0,0.0,0.0006090421811677516,0.0002810664564826996,,,,
1415,True,,,0.023980140686035156,,0.0,,,,,,0.002387766493484378,0.0394601933658123,2.835674604284577e-05,0.02013249881565571,0.012638920918107033,0.09058136492967606,0.0,0.0,0.0005651897517964244,0.00028049404247908926,,,,
1416,True,,,0.039444152265787125,,0.0,,,,,,0.005461007356643677,0.0640423595905304,3.863974052364938e-05,0.04729278013110161,0.03410795331001282,0.09058243036270142,0.0,0.0,0.0008280136971734464,0.00027992230764225964,,,,
1417,True,,,0.027625277638435364,,0.0,,,,,,0.001310480642132461,0.030111458152532578,3.445732727413997e-05,0.01335165649652481,0.00783071294426918,0.09058362990617752,0.0,0.0,0.0006060295272618532,0.0002793512534130075,,,,
1418,True,,,0.025457117706537247,,0.0,,,,,,0.003207654459401965,0.0458647757768631,7.856600859668106e-05,0.02866322174668312,0.019669387489557266,0.09058467298746109,0.0,0.0,0.0005969777703285217,0.00027878088123041433,,,,
1419,True,,,0.04073150083422661,,0.0,,,,,,0.0037479130551218987,0.04619057476520538,3.960064350394532e-05,0.029358647763729095,0.019658703356981277,0.09058582037687302,0.0,0.0,0.0009780398104339838,0.00027821119253184306,,,,
1420,True,,,0.026880815625190735,,0.0,,,,,,0.0031614736653864384,0.05267686769366264,7.180195825640112e-05,0.028058690950274467,0.01841895282268524,0.09058695286512375,0.0,0.0,0.0006390516646206379,0.0002776421887529341,,,,
1421,True,,,0.028562486171722412,,0.0,,,,,,0.006031419616192579,0.056813739240169525,4.153797635808587e-05,0.0465986467897892,0.03367357701063156,0.09058810025453568,0.0,0.0,0.0008728363900445402,0.0002770738713276018,,,,
1422,True,,,0.05068115144968033,,0.0,,,,,,0.0049549429677426815,0.06769260764122009,6.237127672648057e-05,0.0413246788084507,0.0281565859913826,0.09058926999568939,0.0,0.0,0.0008163245511241257,0.00027650624168803085,,,,
1423,True,,,0.03619459643959999,,0.0,,,,,,0.0032438836060464382,0.041589535772800446,2.9005994292674586e-05,0.029066165909171104,0.020380975678563118,0.0905904471874237,0.0,0.0,0.0007240719860419631,0.0002759393012646728,,,,
1424,True,,,0.03558929264545441,,0.0,,,,,,0.002830700483173132,0.051032889634370804,3.891816959367134e-05,0.026667339727282524,0.01745208166539669,0.09059154987335205,0.0,0.0,0.0007499079802073538,0.0002753730514862421,,,,
1425,True,,,0.04243846237659454,,0.0,,,,,,0.0030952338129281998,0.04511869698762894,3.5650042264023796e-05,0.02696128375828266,0.01800604537129402,0.09059260040521622,0.0,0.0,0.0006811158382333815,0.00027480749377971315,,,,
1426,True,,,0.031949691474437714,,0.0,,,,,,0.0013915575109422207,0.03266773745417595,7.89468758739531e-05,0.014255978167057037,0.00833274144679308,0.0905935987830162,0.0,0.0,0.0005116067477501929,0.00027424262957031586,,,,
1427,True,,,0.036588817834854126,,0.0,,,,,,0.0028813451062887907,0.052058037370443344,3.9331207517534494e-05,0.02715061418712139,0.017771964892745018,0.09059467911720276,0.0,0.0,0.0006265504634939134,0.00027367846028153296,,,,
1428,True,,,0.038155462592840195,,0.0,,,,,,0.00390969030559063,0.052786003798246384,7.267606270033866e-05,0.03279164806008339,0.02227950468659401,0.09059589356184006,0.0,0.0,0.0009664537501521409,0.00027311498733509533,,,,
1429,True,,,0.029500141739845276,,0.0,,,,,,0.00212893751449883,0.04800137132406235,4.1750347008928657e-05,0.02206515334546566,0.013914230279624462,0.09059719741344452,0.0,0.0,0.0005762788350693882,0.0002725522121509797,,,,
1430,True,,,0.02543902024626732,,0.0,,,,,,0.0049408734776079655,0.049174752086400986,6.163174111861736e-05,0.04117927327752113,0.03012973442673683,0.09059838950634003,0.0,0.0,0.0008304445655085146,0.0002719901361474039,,,,
1431,True,,,0.045496828854084015,,0.0,,,,,,0.005836795549839735,0.05079253017902374,2.8296497475821525e-05,0.05266398563981056,0.0403728261590004,0.09059958159923553,0.0,0.0,0.0009183335932902992,0.0002714287607408242,,,,
1432,True,,,0.03500429540872574,,0.0,,,,,,0.003703691065311432,0.05928913503885269,3.955891588702798e-05,0.032812099903821945,0.021903663873672485,0.0906008705496788,0.0,0.0,0.0008278252207674086,0.00027086808734593106,,,,
1433,True,,,0.02614305168390274,,0.0,,,,,,0.0022522928193211555,0.04369065910577774,3.461755477474071e-05,0.02108021080493927,0.013274095021188259,0.09060192853212357,0.0,0.0,0.0005722878850065172,0.00027030811737564574,,,,
1434,True,,,0.047268096357584,,0.0,,,,,,0.002378777600824833,0.04354672133922577,7.757325511192903e-05,0.021867146715521812,0.01371619664132595,0.09060312062501907,0.0,0.0,0.000691212248057127,0.00026974885224111724,,,,
1435,True,,,0.0333724245429039,,0.0,,,,,,0.0024727655109018087,0.03313416615128517,4.071088187629357e-05,0.019302422180771828,0.012256115674972534,0.09060446172952652,0.0,0.0,0.0005996663821861148,0.000269190293351718,,,,
1436,True,,,0.029505379498004913,,0.0,,,,,,0.0022812874522060156,0.03860180824995041,7.293338421732187e-05,0.018625503405928612,0.01124645583331585,0.09060576558113098,0.0,0.0,0.0005970389465801418,0.0002686324421150409,,,,
1437,True,,,0.03233874589204788,,0.0,,,,,,0.003609464270994067,0.05843010172247887,4.1661623981781304e-05,0.032264593988657,0.02156182937324047,0.0906069427728653,0.0,0.0,0.0006489594816230237,0.0002680752999368954,,,,
1438,True,,,0.02717273309826851,,0.0,,,,,,0.0016980122309178114,0.03802148252725601,5.8306897699367255e-05,0.016551092267036438,0.009843970648944378,0.0906081348657608,0.0,0.0,0.0007288315682671964,0.000267518868221304,,,,
1439,True,,,0.03399904817342758,,0.0,,,,,,0.0067603327333927155,0.06329354643821716,2.8512717108242214e-05,0.05294583737850189,0.038595810532569885,0.09060930460691452,0.0,0.0,0.0008807065896689892,0.00026696314837049915,,,,
1440,True,,,0.04248188063502312,,0.0,,,,,,0.00544734438881278,0.056854069232940674,3.933949483325705e-05,0.043251752853393555,0.030768409371376038,0.09061043709516525,0.0,0.0,0.0009398693218827248,0.00026640814178491897,,,,
1441,True,,,0.03446793556213379,,0.0,,,,,,0.00320723420009017,0.04745130240917206,3.50911941495724e-05,0.025840722024440765,0.01662001758813858,0.09061169624328613,0.0,0.0,0.0007625996368005872,0.00026585384986320426,,,,
1442,True,,,0.0333716981112957,,0.0,,,,,,0.0032348751556128263,0.05389461666345596,7.80726331868209e-05,0.02880694717168808,0.01890372857451439,0.09061290323734283,0.0,0.0,0.0007049074629321694,0.0002653002740021949,,,,
1443,True,,,0.037248171865940094,,0.0,,,,,,0.004878763109445572,0.05322478711605072,3.933914558729157e-05,0.043155863881111145,0.031656332314014435,0.09061401337385178,0.0,0.0,0.0011535516241565347,0.0002647474155969264,,,,
1444,True,,,0.022451147437095642,,0.0,,,,,,0.0031412511598318815,0.029925594106316566,7.242541323648766e-05,0.02453913539648056,0.017238447442650795,0.09061531722545624,0.0,0.0,0.0008001280366443098,0.00026419527604062574,,,,
1445,True,,,0.02632066421210766,,0.0,,,,,,0.0033582299947738647,0.05091139301657677,4.129398075747304e-05,0.03069911152124405,0.02105971984565258,0.09061671048402786,0.0,0.0,0.0007548959110863507,0.000263643856724709,,,,
1446,True,,,0.029526984319090843,,0.0,,,,,,0.005453783553093672,0.059139639139175415,5.624313416774385e-05,0.04530218616127968,0.03270486742258072,0.09061821550130844,0.0,0.0,0.0007837096345610917,0.0002630931590387768,,,,
1447,True,,,0.01968671940267086,,0.0,,,,,,0.0018737202044576406,0.03684141859412193,2.919949110946618e-05,0.01787670888006687,0.011201182380318642,0.09061969816684723,0.0,0.0,0.0005327730905264616,0.0002625431843706114,,,,
1448,True,,,0.042550597339868546,,0.0,,,,,,0.007368851453065872,0.07595735043287277,3.9667047531111166e-05,0.053268685936927795,0.03695255145430565,0.09062112122774124,0.0,0.0,0.0008895234204828739,0.0002619939341061729,,,,
1449,True,,,0.02444281615316868,,0.0,,,,,,0.0017558552790433168,0.03856980800628662,3.5156550438841805e-05,0.018036536872386932,0.011255469173192978,0.09062259644269943,0.0,0.0,0.0006370058399625123,0.0002614454096295961,,,,
1450,True,,,0.032504111528396606,,0.0,,,,,,0.002981628989800811,0.04844685643911362,8.27411058708094e-05,0.02720034122467041,0.018101375550031662,0.09062407165765762,0.0,0.0,0.0008787841652520001,0.00026089761232318663,,,,
1451,True,,,0.03128610923886299,,0.0,,,,,,0.003324588295072317,0.05150379613041878,3.972128251916729e-05,0.028116926550865173,0.018402980640530586,0.0906255915760994,0.0,0.0,0.0006256692577153444,0.0002603505435674175,,,,
1452,True,,,0.03061974234879017,,0.0,,,,,,0.003994043450802565,0.04815679043531418,7.626735896337777e-05,0.0326773039996624,0.022616980597376823,0.09062709659337997,0.0,0.0,0.0005770829156972468,0.00025980420474092585,,,,
1453,True,,,0.03392957150936127,,0.0,,,,,,0.0020059244707226753,0.04581478610634804,4.15572794736363e-05,0.018956473097205162,0.011102709919214249,0.09062853455543518,0.0,0.0,0.000724188459571451,0.00025925859722050943,,,,
1454,True,,,0.027045464143157005,,0.0,,,,,,0.0032712079118937254,0.04705999791622162,6.054457844584249e-05,0.033832911401987076,0.024648673832416534,0.09062999486923218,0.0,0.0,0.000776023487560451,0.00025871372238112317,,,,
1455,True,,,0.03363355994224548,,0.0,,,,,,0.002781348070129752,0.04909791797399521,2.8841091989306733e-05,0.023200327530503273,0.014252112247049809,0.09063177555799484,0.0,0.0,0.0006028793286532164,0.0002581695815958751,,,,
1456,True,,,0.03967408835887909,,0.0,,,,,,0.0070062056183815,0.0809304267168045,4.005621303804219e-05,0.06458543241024017,0.04816307872533798,0.09063350409269333,0.0,0.0,0.0008507161983288825,0.00025762617623602404,,,,
1457,True,,,0.024431388825178146,,0.0,,,,,,0.0023739102762192488,0.03914186358451843,3.7642177630914375e-05,0.02168530970811844,0.014227724634110928,0.09063530713319778,0.0,0.0,0.0006014664540998638,0.0002570835076709752,,,,
1458,True,,,0.032012809067964554,,0.0,,,,,,0.002769940299913287,0.04598937928676605,8.336878090631217e-05,0.025361163541674614,0.016724104061722755,0.09063688665628433,0.0,0.0,0.0006498123402707279,0.000256541577268277,,,,
1459,True,,,0.028712157160043716,,0.0,,,,,,0.0032435161992907524,0.044226374477148056,3.97956209781114e-05,0.026675697416067123,0.017796140164136887,0.09063837677240372,0.0,0.0,0.0007234411896206439,0.0002560003863936177,,,,
1460,True,,,0.031029503792524338,,0.0,,,,,,0.0024755813647061586,0.062444787472486496,7.151097088353708e-05,0.024845048785209656,0.014872542582452297,0.09063958376646042,0.0,0.0,0.0007279805722646415,0.00025545993641082186,,,,
1461,True,,,0.027174394577741623,,0.0,,,,,,0.0053124199621379375,0.04916498064994812,4.203808930469677e-05,0.042043522000312805,0.030615434050559998,0.09064080566167831,0.0,0.0,0.000901491497643292,0.0002549202286818473,,,,
1462,True,,,0.031979016959667206,,0.0,,,,,,0.0031840417068451643,0.05596572160720825,5.709520701202564e-05,0.029893595725297928,0.0198582224547863,0.09064225852489471,0.0,0.0,0.0006782207055948675,0.00025438126456678073,,,,
1463,True,,,0.02551848627626896,,0.0,,,,,,0.003365636570379138,0.04862605035305023,2.912130548793357e-05,0.030369915068149567,0.020965492352843285,0.09064362943172455,0.0,0.0,0.000724726589396596,0.00025384304542383544,,,,
1464,True,,,0.03179880604147911,,0.0,,,,,,0.005303786601871252,0.05883723869919777,3.9163100154837593e-05,0.049421798437833786,0.036990270018577576,0.09064487367868423,0.0,0.0,0.0009172151912935078,0.00025330557260934715,,,,
1465,True,,,0.03127826750278473,,0.0,,,,,,0.003204429056495428,0.060049839317798615,3.410964200156741e-05,0.03174964711070061,0.02130393497645855,0.0906461551785469,0.0,0.0,0.0007029679836705327,0.00025276884747777096,,,,
1466,True,,,0.033061932772397995,,0.0,,,,,,0.0058957310393452644,0.0753859132528305,7.82959396019578e-05,0.04632561281323433,0.03161504864692688,0.09064745903015137,0.0,0.0,0.000951334077399224,0.0002522328713816775,,,,
1467,True,,,0.0402800478041172,,0.0,,,,,,0.00277018453925848,0.04610166698694229,4.118943979847245e-05,0.025513842701911926,0.01680360920727253,0.09064867347478867,0.0,0.0,0.0007269365014508367,0.0002516976456717498,,,,
1468,True,,,0.027708034962415695,,0.0,,,,,,0.0015494100516662002,0.03182605654001236,7.29046732885763e-05,0.015209675766527653,0.009257626719772816,0.09065009653568268,0.0,0.0,0.0005321362405084074,0.00025116317169678027,,,,
1469,True,,,0.027589987963438034,,0.0,,,,,,0.0025619040243327618,0.04407909885048866,4.3449497752590105e-05,0.024755511432886124,0.01658155769109726,0.09065137058496475,0.0,0.0,0.0006356588564813137,0.0002506294508036664,,,,
1470,True,,,0.027930818498134613,,0.0,,,,,,0.001857640570960939,0.040368370711803436,5.7509209000272676e-05,0.018118280917406082,0.01100921630859375,0.09065256267786026,0.0,0.0,0.0006135473377071321,0.0002500964843374085,,,,
1471,True,,,0.039756666868925095,,0.0,,,,,,0.0031430786475539207,0.055278025567531586,2.9199873097240925e-05,0.031334441155195236,0.021344857290387154,0.09065371751785278,0.0,0.0,0.0008247406221926212,0.000249564273641105,,,,
1472,True,,,0.04390139877796173,,0.0,,,,,,0.005373138934373856,0.06971583515405655,3.891083906637505e-05,0.047690097242593765,0.0339803546667099,0.0906548723578453,0.0,0.0,0.0008972542127594352,0.0002490328200559502,,,,
1473,True,,,0.027424026280641556,,0.0,,,,,,0.003042377531528473,0.0402984693646431,3.386475145816803e-05,0.02585766278207302,0.017587702721357346,0.09065618366003036,0.0,0.0,0.0006584268994629383,0.0002485021249212304,,,,
1474,True,,,0.03004523739218712,,0.0,,,,,,0.003726386930793524,0.04486459493637085,7.884475053288043e-05,0.030111942440271378,0.020652644336223602,0.09065768867731094,0.0,0.0,0.0007758070714771748,0.0002479721895743205,,,,
1475,True,,,0.02952311560511589,,0.0,,,,,,0.0033929606433957815,0.05585312098264694,3.921298775821924e-05,0.031778063625097275,0.021578362211585045,0.09065912663936615,0.0,0.0,0.0007728585624136031,0.0002474430153506806,,,,
1476,True,,,0.03310999274253845,,0.0,,,,,,0.0037928535602986813,0.050614647567272186,7.088866550475359e-05,0.035050638020038605,0.024923168122768402,0.09066065400838852,0.0,0.0,0.0007582293474115431,0.000246914603583853,,,,
1477,True,,,0.035144295543432236,,0.0,,,,,,0.005610037129372358,0.07091149687767029,4.114030161872506e-05,0.04772673919796944,0.03374691680073738,0.09066213667392731,0.0,0.0,0.0008772616856731474,0.00024638695560545834,,,,
1478,True,,,0.018836086615920067,,0.0,,,,,,0.0024005265440791845,0.03740233927965164,5.5804670409997925e-05,0.020904170349240303,0.0136405099183321,0.09066377580165863,0.0,0.0,0.0006136096781119704,0.0002458600727451927,,,,
1479,True,,,0.030546199530363083,,0.0,,,,,,0.001771430834196508,0.051998965442180634,2.898553793784231e-05,0.01831958442926407,0.010121647268533707,0.09066538512706757,0.0,0.0,0.0006401021382771432,0.00024533395633082375,,,,
1480,True,,,0.03511923924088478,,0.0,,,,,,0.003954533487558365,0.06074407324194908,3.891063533956185e-05,0.0367860421538353,0.02547978237271309,0.09066712111234665,0.0,0.0,0.0007998723885975778,0.0002448086076881877,,,,
1481,True,,,0.034214768558740616,,0.0,,,,,,0.002628278685733676,0.04486062005162239,3.5850451240548864e-05,0.02734685130417347,0.01896575093269348,0.0906687080860138,0.0,0.0,0.0006240251241251826,0.0002442840281411865,,,,
1482,True,,,0.031384967267513275,,0.0,,,,,,0.006350982002913952,0.06222080439329147,8.348554547410458e-05,0.052290067076683044,0.03845471143722534,0.09067033976316452,0.0,0.0,0.0009371726191602647,0.00024376021901178303,,,,
1483,True,,,0.03160742670297623,,0.0,,,,,,0.0046132635325193405,0.05732691287994385,4.0108927350956947e-05,0.03903190419077873,0.02744310349225998,0.09067169576883316,0.0,0.0,0.0007863214705139399,0.00024323718161999944,,,,
1484,True,,,0.03530295193195343,,0.0,,,,,,0.004359215032309294,0.05648049712181091,7.572588219773024e-05,0.04078012332320213,0.02947523631155491,0.09067297726869583,0.0,0.0,0.0007577282376587391,0.00024271491728391264,,,,
1485,True,,,0.04008990526199341,,0.0,,,,,,0.0032865083776414394,0.042356498539447784,4.2127794586122036e-05,0.025811918079853058,0.016961054876446724,0.09067407250404358,0.0,0.0,0.0005980239948257804,0.00024219342731965186,,,,
1486,True,,,0.03966161608695984,,0.0,,,,,,0.0024652963038533926,0.03748203068971634,6.36069817119278e-05,0.022476589307188988,0.014927919954061508,0.09067514538764954,0.0,0.0,0.0006146164378151298,0.00024167271304139425,,,,
1487,True,,,0.025942504405975342,,0.0,,,,,,0.004881764762103558,0.05411648750305176,2.9325339710339904e-05,0.042941879481077194,0.03146761655807495,0.09067615121603012,0.0,0.0,0.0007801582105457783,0.00024115277576136263,,,,
1488,True,,,0.031807493418455124,,0.0,,,,,,0.0048804013058543205,0.05919688194990158,4.0067610825644806e-05,0.040351394563913345,0.028306426480412483,0.09067702293395996,0.0,0.0,0.0008028015727177262,0.00024063361678982163,,,,
1489,True,,,0.02594238519668579,,0.0,,,,,,0.0024569923989474773,0.038305457681417465,3.396144165890291e-05,0.02134585566818714,0.013875134289264679,0.09067782014608383,0.0,0.0,0.000656627700664103,0.00024011523743507464,,,,
1490,True,,,0.03058280609548092,,0.0,,,,,,0.002668809611350298,0.04148054122924805,7.680774433538318e-05,0.02307928167283535,0.015011400915682316,0.09067866951227188,0.0,0.0,0.0006100378232076764,0.00023959763900346017,,,,
1491,True,,,0.03387648984789848,,0.0,,,,,,0.0031700078397989273,0.05692558363080025,3.940729220630601e-05,0.030178925022482872,0.020051095634698868,0.09067957103252411,0.0,0.0,0.0008441814570687711,0.00023908082279934889,,,,
1492,True,,,0.034707605838775635,,0.0,,,,,,0.002684876322746277,0.04742945730686188,7.20752141205594e-05,0.0238262377679348,0.015108495950698853,0.09068062156438828,0.0,0.0,0.0005788712296634912,0.0002385647901251402,,,,
1493,True,,,0.04056090861558914,,0.0,,,,,,0.005130947567522526,0.06275005638599396,4.273027298040688e-05,0.042034514248371124,0.02929476834833622,0.09068165719509125,0.0,0.0,0.0011163325980305672,0.00023804954228125915,,,,
1494,True,,,0.03068925440311432,,0.0,,,,,,0.003243454732000828,0.05052057281136513,5.743697329307906e-05,0.030478788539767265,0.020940838381648064,0.09068277478218079,0.0,0.0,0.00084348936798051,0.00023753508056615245,,,,
1495,True,,,0.022133298218250275,,0.0,,,,,,0.0030705961398780346,0.05635715648531914,2.8039246899425052e-05,0.028990911319851875,0.019142407923936844,0.09068391472101212,0.0,0.0,0.000616495730355382,0.0002370214062762863,,,,
1496,True,,,0.028861386701464653,,0.0,,,,,,0.005038497503846884,0.0577666200697422,3.95132192352321e-05,0.042306166142225266,0.03027578815817833,0.09068495780229568,0.0,0.0,0.0007266082102432847,0.00023650852070614229,,,,
1497,True,,,0.03618310019373894,,0.0,,,,,,0.0037296470254659653,0.07244079560041428,3.4529599361121655e-05,0.035800423473119736,0.023540742695331573,0.09068603813648224,0.0,0.0,0.000711365370079875,0.0002359964251482146,,,,
1498,True,,,0.035904936492443085,,0.0,,,,,,0.005659985356032848,0.06664897501468658,7.706495671300218e-05,0.05553392693400383,0.04190459102392197,0.0906871110200882,0.0,0.0,0.0008900142856873572,0.00023548512089300618,,,,
1499,True,,,0.038522861897945404,,0.0,,,,,,0.0023797862231731415,0.0541352778673172,4.035157326143235e-05,0.023243224248290062,0.014137621968984604,0.09068835526704788,0.0,0.0,0.0006439215503633022,0.00023497460922902608,,,,
1500,True,,,0.03725908696651459,,0.0,,,,,,0.003239256329834461,0.05375463515520096,7.213426579255611e-05,0.032145511358976364,0.022215237841010094,0.09068950265645981,0.0,0.0,0.0007340803858824074,0.0002344648914427861,0.00034320815025702016,0.0005943094403274354,0.00010788294191578466,2.3397102573349154e-05
1501,True,,,0.04999630153179169,,0.0,,,,,,0.005996237508952618,0.06295503675937653,4.209942926536314e-05,0.05066533386707306,0.03694567084312439,0.09069053828716278,0.0,0.0,0.001030578394420445,0.00023395596881879731,,,,
1502,True,,,0.02377958595752716,,0.0,,,,,,0.0014078961685299873,0.0287478044629097,5.708298704121262e-05,0.012681826949119568,0.00722589623183012,0.0906917005777359,0.0,0.0,0.0006409030756913126,0.00023344784263956692,,,,
1503,True,,,0.033564116805791855,,0.0,,,,,,0.0030420077964663506,0.050046954303979874,2.7873471481143497e-05,0.026850663125514984,0.017547456547617912,0.09069264680147171,0.0,0.0,0.0006441433797590435,0.0002329405141855951,,,,
1504,True,,,0.02959289774298668,,0.0,,,,,,0.0034673064947128296,0.055145617574453354,3.959367313655093e-05,0.02995593287050724,0.019751403480768204,0.09069349616765976,0.0,0.0,0.0007140099769458175,0.00023243398473537163,,,,
1505,True,,,0.030068563297390938,,0.0,,,,,,0.00499895540997386,0.050589147955179214,3.493944677757099e-05,0.04387069121003151,0.032587721943855286,0.09069448709487915,0.0,0.0,0.0008818438509479165,0.00023192825556537312,,,,
1506,True,,,0.031066883355379105,,0.0,,,,,,0.00382427079603076,0.04671565443277359,8.178129064617679e-05,0.032702505588531494,0.02294815145432949,0.09069553762674332,0.0,0.0,0.0008269019308499992,0.0002314233279500588,,,,
1507,True,,,0.02549399808049202,,0.0,,,,,,0.002758604474365711,0.0497376024723053,4.014352089143358e-05,0.026267696171998978,0.017353352159261703,0.09069672971963882,0.0,0.0,0.0005555193056352437,0.0002309192031618684,,,,
1508,True,,,0.06359871476888657,,0.0,,,,,,0.0023888363502919674,0.0581931509077549,7.480772183043882e-05,0.02486846223473549,0.015079941600561142,0.09069778025150299,0.0,0.0,0.0008172271191142499,0.00023041588247121848,,,,
1509,True,,,0.03934231400489807,,0.0,,,,,,0.005113267805427313,0.06575188040733337,4.1754490666789934e-05,0.04395666718482971,0.030946923419833183,0.09069854766130447,0.0,0.0,0.000770864135120064,0.00022991336714649928,,,,
1510,True,,,0.030755773186683655,,0.0,,,,,,0.004082036204636097,0.052533023059368134,5.729201075155288e-05,0.035560719668865204,0.024982184171676636,0.09069934487342834,0.0,0.0,0.0008205759804695845,0.0002294116584540711,,,,
1511,True,,,0.0356891006231308,,0.0,,,,,,0.00377698615193367,0.04551315680146217,2.921373197750654e-05,0.030185550451278687,0.020578749477863312,0.09070014953613281,0.0,0.0,0.0007553383475169539,0.00022891075765826184,,,,
1512,True,,,0.033894650638103485,,0.0,,,,,,0.002074833493679762,0.042790599167346954,3.949335223296657e-05,0.02016209065914154,0.012542493641376495,0.09070102870464325,0.0,0.0,0.0005963988369330764,0.0002284106660213634,,,,
1513,True,,,0.03484044969081879,,0.0,,,,,,0.002730483887717128,0.051961202174425125,3.447735434747301e-05,0.023473821580410004,0.014274556189775467,0.0907018631696701,0.0,0.0,0.0006943929474800825,0.00022791138480362865,,,,
1514,True,,,0.02519458532333374,,0.0,,,,,,0.0026076710782945156,0.05123285949230194,7.78056273702532e-05,0.026338592171669006,0.017409760504961014,0.09070267528295517,0.0,0.0,0.0006041842279955745,0.00022741291526326781,,,,
1515,True,,,0.029575936496257782,,0.0,,,,,,0.004142489284276962,0.04802536964416504,4.026106034871191e-05,0.03662107139825821,0.02645312435925007,0.09070350974798203,0.0,0.0,0.0007153977639973164,0.00022691525865644607,,,,
1516,True,,,0.03845573216676712,,0.0,,,,,,0.004051189869642258,0.07262367010116577,7.171070319600403e-05,0.03644156828522682,0.023800555616617203,0.09070421010255814,0.0,0.0,0.0006937996950000525,0.00022641841623727976,,,,
1517,True,,,0.01751689612865448,,0.0,,,,,,0.0006564796785824001,0.017665009945631027,4.2773499444592744e-05,0.007534084841609001,0.0040074982680380344,0.0907050296664238,0.0,0.0,0.00043843864114023745,0.0002259223892578335,,,,
1518,True,,,0.045074719935655594,,0.0,,,,,,0.005943617783486843,0.06391847133636475,6.187624967424199e-05,0.04714661464095116,0.033422403037548065,0.09070580452680588,0.0,0.0,0.0008878257358446717,0.00022542717896811685,,,,
1519,True,,,0.020929856225848198,,0.0,,,,,,0.002764051780104637,0.03659816458821297,2.8726291930070147e-05,0.025281023234128952,0.01772642694413662,0.09070669114589691,0.0,0.0,0.0006961090257391334,0.00022493278661608147,,,,
1520,True,,,0.03573117405176163,,0.0,,,,,,0.002239159308373928,0.049705903977155685,3.985628791269846e-05,0.023134926334023476,0.014640862122178078,0.09070752561092377,0.0,0.0,0.0005967110628262162,0.00022443921344761776,,,,
1521,True,,,0.03612886741757393,,0.0,,,,,,0.003802473424002528,0.051794081926345825,3.670781006803736e-05,0.03415888547897339,0.023890279233455658,0.09070821106433868,0.0,0.0,0.0006977924495004117,0.00022394646070655137,,,,
1522,True,,,0.02707597240805626,,0.0,,,,,,0.0016679306281730533,0.04257294163107872,8.39765853015706e-05,0.01847885549068451,0.01133379340171814,0.09070891886949539,0.0,0.0,0.0005697463639080524,0.0002234545296346409,,,,
1523,True,,,0.03487788140773773,,0.0,,,,,,0.003985565155744553,0.06790552288293839,4.097238343092613e-05,0.03520076349377632,0.02314828336238861,0.09070972353219986,0.0,0.0,0.0007625652942806482,0.00022296342147157413,,,,
1524,True,,,0.03409959375858307,,0.0,,,,,,0.003551944624632597,0.05341781675815582,7.760820153634995e-05,0.03283435478806496,0.022653724998235703,0.09071052074432373,0.0,0.0,0.0007283329032361507,0.00022247313745496516,,,,
1525,True,,,0.039984915405511856,,0.0,,,,,,0.0032554268836975098,0.06195339560508728,4.1811566916294396e-05,0.029975667595863342,0.01919703185558319,0.0907113254070282,0.0,0.0,0.0007159863598644733,0.00022198367882035093,,,,
1526,True,,,0.04114001989364624,,0.0,,,,,,0.0037778958212584257,0.051473356783390045,5.682123810402118e-05,0.028593476861715317,0.018321312963962555,0.0907120555639267,0.0,0.0,0.0007395654101856053,0.0002214950468011886,,,,
1527,True,,,0.03397253900766373,,0.0,,,,,,0.003059977199882269,0.06509914994239807,2.892459997383412e-05,0.033867351710796356,0.023036140948534012,0.09071286767721176,0.0,0.0,0.0006698434590362012,0.00022100724262885224,,,,
1528,True,,,0.03190912306308746,,0.0,,,,,,0.004157013259828091,0.05934998765587807,3.896367707056925e-05,0.03543126583099365,0.024093544110655785,0.09071363508701324,0.0,0.0,0.0007570595480501652,0.00022052026753262974,,,,
1529,True,,,0.03997621685266495,,0.0,,,,,,0.005420618690550327,0.058887410908937454,3.579155236366205e-05,0.04709462821483612,0.03446047008037567,0.09071435034275055,0.0,0.0,0.0008588980999775231,0.0002200341227397195,,,,
1530,True,,,0.033742550760507584,,0.0,,,,,,0.004068583715707064,0.04897983372211456,8.37385596241802e-05,0.03667990863323212,0.0264268945902586,0.09071525931358337,0.0,0.0,0.0008245036588050425,0.00021954880947522764,,,,
1531,True,,,0.02287929132580757,,0.0,,,,,,0.0034425072371959686,0.046919211745262146,3.995563383796252e-05,0.03367334231734276,0.024382982403039932,0.09071607887744904,0.0,0.0,0.0008437499054707587,0.00021906432896216492,,,,
1532,True,,,0.030221547931432724,,0.0,,,,,,0.0033633792772889137,0.05330706387758255,7.525409455411136e-05,0.029639845713973045,0.019698746502399445,0.09071703255176544,0.0,0.0,0.0006309640593826771,0.0002185806824214433,,,,
1533,True,,,0.02533671446144581,,0.0,,,,,,0.0026919743977487087,0.03674605116248131,4.14527821703814e-05,0.02274632453918457,0.015198471024632454,0.0907180905342102,0.0,0.0,0.0006143052596598864,0.00021809787107187305,,,,
1534,True,,,0.033824220299720764,,0.0,,,,,,0.004074727650731802,0.047600146383047104,6.156893505249172e-05,0.0357172004878521,0.02560623735189438,0.09071928262710571,0.0,0.0,0.0008065487490966916,0.00021761589613015993,,,,
1535,True,,,0.029009325429797173,,0.0,,,,,,0.004395277239382267,0.0618719756603241,2.9713792173424736e-05,0.03783029690384865,0.026035668328404427,0.09072043746709824,0.0,0.0,0.0007772797252982855,0.0002171347588109019,,,,
1536,True,,,0.03563956171274185,,0.0,,,,,,0.0031217492651194334,0.05646861344575882,3.934604683308862e-05,0.026282917708158493,0.016231022775173187,0.09072159230709076,0.0,0.0,0.0006440467550419271,0.00021665446032658608,,,,
1537,True,,,0.03901902586221695,,0.0,,,,,,0.005100171081721783,0.07588540017604828,3.3628301025601104e-05,0.04636243358254433,0.03235948830842972,0.0907226949930191,0.0,0.0,0.0008896700455807149,0.00021617500188758537,,,,
1538,True,,,0.03255431354045868,,0.0,,,,,,0.0022284139413386583,0.04321419075131416,7.89147597970441e-05,0.021236246451735497,0.013414173386991024,0.09072384238243103,0.0,0.0,0.0006533028208650649,0.0002156963847021562,,,,
1539,True,,,0.07221658527851105,,0.0,,,,,,0.004553876351565123,0.059282321482896805,3.982525595347397e-05,0.03827366977930069,0.026142233982682228,0.09072494506835938,0.0,0.0,0.0008745963568799198,0.0002152186099764346,,,,
1540,True,,,0.035510145127773285,,0.0,,,,,,0.0065175266936421394,0.07097864151000977,7.223514694487676e-05,0.05257584899663925,0.03766197711229324,0.09072607010602951,0.0,0.0,0.0011328223627060652,0.000214741678914434,,,,
1541,True,,,0.031852878630161285,,0.0,,,,,,0.002341425744816661,0.045170530676841736,4.202929267194122e-05,0.022301560267806053,0.014196263626217842,0.09072741121053696,0.0,0.0,0.0005636047571897507,0.00021426559271804126,,,,
1542,True,,,0.025870151817798615,,0.0,,,,,,0.00440755020827055,0.054056502878665924,5.722519927076064e-05,0.037618644535541534,0.0266108401119709,0.0907287523150444,0.0,0.0,0.0008046673610806465,0.0002137903525870144,,,,
1543,True,,,0.04726572334766388,,0.0,,,,,,0.005158732179552317,0.05910603702068329,2.9314152925508097e-05,0.04049108922481537,0.028027137741446495,0.09073011577129364,0.0,0.0,0.000954461342189461,0.00021331595971897934,,,,
1544,True,,,0.03351848945021629,,0.0,,,,,,0.005923287943005562,0.06171766668558121,3.82861981051974e-05,0.04523757845163345,0.031880877912044525,0.09073173254728317,0.0,0.0,0.0009921763557940722,0.00021284241530942688,,,,
1545,True,,,0.048172205686569214,,0.0,,,,,,0.0031257232185453176,0.05422082170844078,3.361935887369327e-05,0.026904981583356857,0.016951311379671097,0.0907333716750145,0.0,0.0,0.0006428798660635948,0.00021236972055170962,,,,
1546,True,,,0.037646010518074036,,0.0,,,,,,0.001931087113916874,0.0437454879283905,7.855911098886281e-05,0.017016107216477394,0.009387383237481117,0.09073487669229507,0.0,0.0,0.0006328844465315342,0.00021189787663703885,,,,
1547,True,,,0.032111331820487976,,0.0,,,,,,0.0013649614993482828,0.03232802823185921,3.984018258051947e-05,0.012686548754572868,0.006840387359261513,0.09073635190725327,0.0,0.0,0.00048186242929659784,0.00021142688475448202,,,,
1548,True,,,0.04798223078250885,,0.0,,,,,,0.006073336116969585,0.0776854157447815,7.185333379311487e-05,0.05457296222448349,0.039307959377765656,0.09073774516582489,0.0,0.0,0.0010068431729450822,0.00021095674609095921,,,,
1549,True,,,0.04936370998620987,,0.0,,,,,,0.006087118294090033,0.0774972140789032,4.175353024038486e-05,0.051370374858379364,0.03611162677407265,0.09073931723833084,0.0,0.0,0.0008315909653902054,0.00021048746183124017,,,,
1550,True,,,0.04359249398112297,,0.0,,,,,,0.004060791805386543,0.06767479330301285,5.7296696468256414e-05,0.036734554916620255,0.024534299969673157,0.09074082225561142,0.0,0.0,0.0008297418826259673,0.00021001903315794192,,,,
1551,True,,,0.025312522426247597,,0.0,,,,,,0.0031149499118328094,0.04720713943243027,2.744200719462242e-05,0.028521811589598656,0.01951187662780285,0.0907423198223114,0.0,0.0,0.000706189894117415,0.00020955146125152524,,,,
1552,True,,,0.02943635731935501,,0.0,,,,,,0.0010880979243665934,0.02941565401852131,3.940468741348013e-05,0.010843460448086262,0.0055922954343259335,0.09074372053146362,0.0,0.0,0.0004980407538823783,0.00020908474729029153,,,,
1553,True,,,0.027325540781021118,,0.0,,,,,,0.0052112434059381485,0.0609523169696331,3.6032430216437206e-05,0.04447656869888306,0.03197137266397476,0.09074505418539047,0.0,0.0,0.0007762835593894124,0.0002086188924503804,,,,
1554,True,,,0.0277110505849123,,0.0,,,,,,0.005492223426699638,0.06919827312231064,7.638183160452172e-05,0.04463944584131241,0.03100462816655636,0.0907464325428009,0.0,0.0,0.0007781428284943104,0.00020815389790576643,,,,
1555,True,,,0.02571631595492363,,0.0,,,,,,0.0021515116095542908,0.04289873689413071,4.0346312744077295e-05,0.0206447783857584,0.013018579222261906,0.09074770659208298,0.0,0.0,0.0005574914393946528,0.00020768976482825642,,,,
1556,True,,,0.029791411012411118,,0.0,,,,,,0.001692462246865034,0.03896860033273697,7.099553477019072e-05,0.017300650477409363,0.010470429435372353,0.0907488688826561,0.0,0.0,0.0004813226405531168,0.00020722649438748543,,,,
1557,True,,,0.03018954023718834,,0.0,,,,,,0.0029139460530132055,0.05120890587568283,4.2692827264545485e-05,0.0284345094114542,0.019168931990861893,0.09074997901916504,0.0,0.0,0.0007131455349735916,0.0002067640877509157,,,,
1558,True,,,0.03228161484003067,,0.0,,,,,,0.0031354515813291073,0.04915960878133774,5.6982808018801734e-05,0.027825452387332916,0.018515221774578094,0.09075107425451279,0.0,0.0,0.0005800377111881971,0.0002063025460838319,,,,
1559,True,,,0.034803494811058044,,0.0,,,,,,0.002988948253914714,0.05346693843603134,2.8322543585090898e-05,0.028347747400403023,0.018742386251688004,0.09075211733579636,0.0,0.0,0.0008434910560026765,0.00020584187054933944,,,,
1560,True,,,0.038765713572502136,,0.0,,,,,,0.0047355941496789455,0.06046663597226143,3.829650449915789e-05,0.036373358219861984,0.02427676133811474,0.09075310826301575,0.0,0.0,0.0006292371544986963,0.00020538206230836048,,,,
1561,True,,,0.02578900381922722,,0.0,,,,,,0.003043532371520996,0.05307590961456299,3.3941698347916827e-05,0.028146591037511826,0.018613064661622047,0.09075413644313812,0.0,0.0,0.0005809934227727354,0.00020492312251963198,,,,
1562,True,,,0.03974538296461105,,0.0,,,,,,0.005994222592562437,0.06490850448608398,7.712660590186715e-05,0.05106188356876373,0.03723324090242386,0.09075503051280975,0.0,0.0,0.001043766736984253,0.00020446505233970226,,,,
1563,True,,,0.05028773844242096,,0.0,,,,,,0.005028177052736282,0.06355342268943787,3.946196738979779e-05,0.03952436149120331,0.026710672304034233,0.0907561406493187,0.0,0.0,0.002592001808807254,0.00020400785292292828,,,,
1564,True,,,0.04771082475781441,,0.0,,,,,,0.004883590154349804,0.06530006229877472,7.115509652066976e-05,0.038696955889463425,0.025863097980618477,0.0907573401927948,0.0,0.0,0.0007345530320890248,0.00020355152542147226,,,,
1565,True,,,0.0440773144364357,,0.0,,,,,,0.0027823166456073523,0.04461574926972389,4.1388375393580645e-05,0.02545543946325779,0.016842495650053024,0.09075872600078583,0.0,0.0,0.0009043639292940497,0.00020309607098529964,,,,
1566,True,,,0.029379315674304962,,0.0,,,,,,0.0030144359916448593,0.04134046286344528,5.6928369303932413e-05,0.026562251150608063,0.018183909356594086,0.09076010435819626,0.0,0.0,0.0009377673268318176,0.00020264149076217535,,,,
1567,True,,,0.030939660966396332,,0.0,,,,,,0.0022636810317635536,0.048150382936000824,2.8447317163227126e-05,0.02514932118356228,0.016839366406202316,0.09076141566038132,0.0,0.0,0.0008095338707789779,0.0002021877858976617,,,,
1568,True,,,0.03699742257595062,,0.0,,,,,,0.003696663770824671,0.07123275846242905,3.894344990840182e-05,0.03282451257109642,0.020707499235868454,0.09076263755559921,0.0,0.0,0.0007572716567665339,0.00020173495753511442,,,,
1569,True,,,0.031190119683742523,,0.0,,,,,,0.003184984903782606,0.04285849258303642,3.413242302485742e-05,0.02614118903875351,0.01743374764919281,0.09076382219791412,0.0,0.0,0.0006318481173366308,0.00020128300681568085,,,,
1570,True,,,0.02872868813574314,,0.0,,,,,,0.0025826003402471542,0.05163433402776718,7.843336061341688e-05,0.02723129652440548,0.01825110800564289,0.09076505899429321,0.0,0.0,0.0006365217850543559,0.0002008319348782966,,,,
1571,True,,,0.029736563563346863,,0.0,,,,,,0.004367495886981487,0.05783363804221153,3.977966116508469e-05,0.03719841316342354,0.02582263946533203,0.09076613187789917,0.0,0.0,0.0007639108807779849,0.00020038174285968259,,,,
1572,True,,,0.028660601004958153,,0.0,,,,,,0.0023204050958156586,0.03843164071440697,7.243417348945513e-05,0.020339449867606163,0.012945384718477726,0.0907672718167305,0.0,0.0,0.0005421552923507988,0.00019993243189434236,,,,
1573,True,,,0.029050495475530624,,0.0,,,,,,0.0032452885061502457,0.050481293350458145,4.1237166442442685e-05,0.027725962921977043,0.01821373589336872,0.09076835215091705,0.0,0.0,0.0006550641846843064,0.00019948400311455922,,,,
1574,True,,,0.02753511443734169,,0.0,,,,,,0.003601452335715294,0.05607553571462631,5.744689769926481e-05,0.03237663209438324,0.021955857053399086,0.09076937288045883,0.0,0.0,0.000730181927792728,0.00019903645765039326,,,,
1575,True,,,0.026424311101436615,,0.0,,,,,,0.0016068369150161743,0.032332923263311386,2.8669488528976217e-05,0.01526255439966917,0.009236144833266735,0.09077027440071106,0.0,0.0,0.0006226159748621285,0.0001985897966296787,,,,
1576,True,,,0.034434303641319275,,0.0,,,,,,0.004916730336844921,0.07648830860853195,3.897913848049939e-05,0.045580025762319565,0.031742919236421585,0.09077111631631851,0.0,0.0,0.0009102695039473474,0.00019814402117802058,,,,
1577,True,,,0.023851051926612854,,0.0,,,,,,0.0019412351539358497,0.032708968967199326,3.353142528794706e-05,0.01829417608678341,0.011919045820832253,0.09077220410108566,0.0,0.0,0.0005755676538683474,0.00019769913241879256,,,,
1578,True,,,0.03856901079416275,,0.0,,,,,,0.0029022707603871822,0.05243334174156189,7.814470154698938e-05,0.030083978548645973,0.02060587890446186,0.09077324718236923,0.0,0.0,0.000768544152379036,0.00019725513147313383,,,,
1579,True,,,0.030845124274492264,,0.0,,,,,,0.0045657530426979065,0.06664690375328064,3.9107206248445436e-05,0.03791426867246628,0.025448080152273178,0.09077426046133041,0.0,0.0,0.0006700293160974979,0.00019681201945994625,,,,
1580,True,,,0.03834462910890579,,0.0,,,,,,0.0042620752938091755,0.06600378453731537,7.266594911925495e-05,0.03661124408245087,0.02442125603556633,0.09077515453100204,0.0,0.0,0.0008431373862549663,0.00019636979749589124,,,,
1581,True,,,0.024312984198331833,,0.0,,,,,,0.0034696157090365887,0.0516158826649189,4.1050057916436344e-05,0.032943226397037506,0.02314060553908348,0.09077608585357666,0.0,0.0,0.0006330019677989185,0.0001959284666953875,,,,
1582,True,,,0.029628198593854904,,0.0,,,,,,0.001394894439727068,0.0349351167678833,5.801399674965069e-05,0.015440169721841812,0.009318705648183823,0.09077692776918411,0.0,0.0,0.0006385771557688713,0.0001954880281706079,,,,
1583,True,,,0.027937719598412514,,0.0,,,,,,0.0018144006608054042,0.03843016177415848,3.060210292460397e-05,0.018219834193587303,0.011359963566064835,0.09077771753072739,0.0,0.0,0.0006668418063782156,0.0001950484830314769,,,,
1584,True,,,0.03068765625357628,,0.0,,,,,,0.003750429954379797,0.05614958703517914,4.0511658880859613e-05,0.03613114729523659,0.025530841201543808,0.0907784029841423,0.0,0.0,0.0010832494590431452,0.00019460983238566733,,,,
1585,True,,,0.04389505833387375,,0.0,,,,,,0.004350544884800911,0.04710628092288971,3.477202699286863e-05,0.03716788440942764,0.02674258127808571,0.09077933430671692,0.0,0.0,0.0011902076657861471,0.00019417207733859793,,,,
1586,True,,,0.04328480735421181,,0.0,,,,,,0.0034946769010275602,0.061698198318481445,8.616740524303168e-05,0.029628543183207512,0.01858031004667282,0.09078032523393631,0.0,0.0,0.0009519336163066328,0.00019373521899343079,,,,
1587,True,,,0.033239368349313736,,0.0,,,,,,0.003096267580986023,0.054316211491823196,4.180142059340142e-05,0.029886960983276367,0.020097965374588966,0.09078124165534973,0.0,0.0,0.0006398269906640053,0.00019329925845106762,,,,
1588,True,,,0.030750254169106483,,0.0,,,,,,0.003412518184632063,0.04540880024433136,7.745850598439574e-05,0.03056418150663376,0.0213567316532135,0.09078217297792435,0.0,0.0,0.0007054852321743965,0.00019286419681014826,,,,
1589,True,,,0.038068175315856934,,0.0,,,,,,0.0038556777872145176,0.05213010683655739,4.124460247112438e-05,0.03181304782629013,0.021435227245092392,0.09078312665224075,0.0,0.0,0.0009169977274723351,0.00019243003516704698,,,,
1590,True,,,0.03135916218161583,,0.0,,,,,,0.003932254854589701,0.044947050511837006,5.78800099901855e-05,0.037242572754621506,0.0275652427226305,0.09078399091959,0.0,0.0,0.0007802845793776214,0.00019199677461587028,,,,
1591,True,,,0.033263370394706726,,0.0,,,,,,0.003924898337572813,0.06268079578876495,3.0187657102942467e-05,0.035369642078876495,0.023921087384223938,0.0907849445939064,0.0,0.0,0.0010085171088576317,0.00019156441624845332,,,,
1592,True,,,0.034246284514665604,,0.0,,,,,,0.0037856311537325382,0.05832967907190323,3.9836784708313644e-05,0.037560608237981796,0.026671767234802246,0.0907861590385437,0.0,0.0,0.0008946688612923026,0.00019113296115435828,,,,
1593,True,,,0.024820048362016678,,0.0,,,,,,0.0009205182432197034,0.03500868007540703,3.388680124771781e-05,0.010399138554930687,0.004804734140634537,0.09078743308782578,0.0,0.0,0.00047512928722426295,0.00019070241042087071,,,,
1594,True,,,0.033247560262680054,,0.0,,,,,,0.0037617383059114218,0.06014935299754143,7.859122706577182e-05,0.033090993762016296,0.0220346637070179,0.09078851342201233,0.0,0.0,0.0006741320830769837,0.00019027276513299753,,,,
1595,True,,,0.033947598189115524,,0.0,,,,,,0.0016139004146680236,0.04953397065401077,3.907894279109314e-05,0.016202839091420174,0.008368631824851036,0.09078950434923172,0.0,0.0,0.0008947060559876263,0.00018984402637346328,,,,
1596,True,,,0.03298824653029442,,0.0,,,,,,0.0024412560742348433,0.04402706399559975,7.29705934645608e-05,0.022543400526046753,0.014425165951251984,0.09079048782587051,0.0,0.0,0.0005583840538747609,0.00018941619522270853,,,,
1597,True,,,0.022673174738883972,,0.0,,,,,,0.0030374829657375813,0.03921801596879959,4.115437332075089e-05,0.02818160690367222,0.02006709761917591,0.09079142659902573,0.0,0.0,0.000607416033744812,0.00018898927275888644,,,,
1598,True,,,0.027136240154504776,,0.0,,,,,,0.0031104176305234432,0.05507675185799599,5.7037406804738566e-05,0.028006501495838165,0.01818060502409935,0.09079227596521378,0.0,0.0,0.0006364410510286689,0.00018856326005786022,,,,
1599,True,,,0.024070074781775475,,0.0,,,,,,0.0010744312312453985,0.028877578675746918,2.9775648727081716e-05,0.012667853385210037,0.0075421445071697235,0.09079312533140182,0.0,0.0,0.0004910642164759338,0.0001881381581932005,,,,
1600,True,,,0.02978011593222618,,0.0,,,,,,0.0046719335950911045,0.06283874809741974,3.964127608924173e-05,0.03191611170768738,0.019734743982553482,0.09079394489526749,0.0,0.0,0.0009008641936816275,0.00018771396823618263,0.0005163056873286457,0.0006622764421986372,0.00016237319400093812,1.4060295955238716e-05
1601,True,,,0.029167141765356064,,0.0,,,,,,0.0022965935058891773,0.045214056968688965,3.332318374305032e-05,0.021558815613389015,0.013524535112082958,0.0907948762178421,0.0,0.0,0.0005187894566915929,0.00018729069125578374,,,,
1602,True,,,0.027438301593065262,,0.0,,,,,,0.001640699221752584,0.043636709451675415,7.847521919757128e-05,0.016740797087550163,0.009514851495623589,0.09079565852880478,0.0,0.0,0.0003953060950152576,0.0001868683283186804,,,,
1603,True,,,0.025124946609139442,,0.0,,,,,,0.003144045826047659,0.046820200979709625,4.001096749561839e-05,0.03013741597533226,0.021132130175828934,0.09079638868570328,0.0,0.0,0.0007823993801139295,0.00018644688048924548,,,,
1604,True,,,0.035069093108177185,,0.0,,,,,,0.002079231897369027,0.04234156385064125,7.252867362694815e-05,0.02542830817401409,0.017819993197917938,0.09079712629318237,0.0,0.0,0.0006337668746709824,0.00018602634882954595,,,,
1605,True,,,0.032049596309661865,,0.0,,,,,,0.0037736501544713974,0.05547202751040459,4.1356164729222655e-05,0.03584784269332886,0.025277838110923767,0.090798020362854,0.0,0.0,0.0008072225609794259,0.00018560673439934,,,,
1606,True,,,0.031749580055475235,,0.0,,,,,,0.004793019965291023,0.06108713150024414,5.8252095186617225e-05,0.04499820992350578,0.032841868698596954,0.09079891443252563,0.0,0.0,0.0009394244407303631,0.0001851880382560745,,,,
1607,True,,,0.038031645119190216,,0.0,,,,,,0.0023592007346451283,0.048139724880456924,2.9619139240821823e-05,0.02220391482114792,0.013727616518735886,0.09079990535974503,0.0,0.0,0.0005943518481217325,0.00018477026145488162,,,,
1608,True,,,0.02560677006840706,,0.0,,,,,,0.003253770526498556,0.05117614567279816,3.9624854252906516e-05,0.0292580034583807,0.01970273070037365,0.09080088883638382,0.0,0.0,0.0008270759135484695,0.00018435340504857744,,,,
1609,True,,,0.0259823277592659,,0.0,,,,,,0.0023915464989840984,0.0488303080201149,3.4709279134403914e-05,0.022623220458626747,0.014163445681333542,0.09080188721418381,0.0,0.0,0.0005773245939053595,0.00018393747008765824,,,,
1610,True,,,0.035414036363363266,,0.0,,,,,,0.003901389893144369,0.05071890726685524,7.985324191395193e-05,0.036287691444158554,0.02601231448352337,0.09080281853675842,0.0,0.0,0.0007552018505521119,0.00018352245762029835,,,,
1611,True,,,0.030250687152147293,,0.0,,,,,,0.0026854299940168858,0.043708980083465576,3.99670607293956e-05,0.022736746817827225,0.014449892565608025,0.0908035859465599,0.0,0.0,0.0007087849662639201,0.00018310836869234697,,,,
1612,True,,,0.03604888916015625,,0.0,,,,,,0.0032793893478810787,0.05060853064060211,7.229383481899276e-05,0.028101399540901184,0.01845647767186165,0.09080430865287781,0.0,0.0,0.0006988035747781396,0.00018269520434732663,,,,
1613,True,,,0.037822648882865906,,0.0,,,,,,0.0035892303567379713,0.05715322121977806,4.175355934421532e-05,0.03124944679439068,0.020637739449739456,0.09080509841442108,0.0,0.0,0.00063707324443385,0.00018228296562642946,,,,
1614,True,,,0.03521876782178879,,0.0,,,,,,0.0026785521768033504,0.047440119087696075,5.6470176787115633e-05,0.02418009750545025,0.015469053760170937,0.09080575406551361,0.0,0.0,0.0009377707610838115,0.00018187165356851504,,,,
1615,True,,,0.03512438386678696,,0.0,,,,,,0.0030860118567943573,0.04370182752609253,2.793688872770872e-05,0.026668034493923187,0.017938561737537384,0.0908064991235733,0.0,0.0,0.0007524538668803871,0.00018146126921010766,,,,
1616,True,,,0.033878035843372345,,0.0,,,,,,0.004744344856590033,0.05249058082699776,3.884298348566517e-05,0.0429040752351284,0.03164439648389816,0.09080734103918076,0.0,0.0,0.0009740007226355374,0.00018105181358539377,,,,
1617,True,,,0.027764733880758286,,0.0,,,,,,0.0018150070682168007,0.04091668128967285,3.525389911374077e-05,0.01889214850962162,0.011782115325331688,0.09080817550420761,0.0,0.0,0.0008781293872743845,0.0001806432877262195,,,,
1618,True,,,0.03804633021354675,,0.0,,,,,,0.0026836616452783346,0.05122917890548706,7.902297511463985e-05,0.023795070126652718,0.014660424552857876,0.0908089280128479,0.0,0.0,0.0006255857879295945,0.000180235692662088,,,,
1619,True,,,0.03422728553414345,,0.0,,,,,,0.00448237732052803,0.0568104013800621,3.99442324123811e-05,0.039736635982990265,0.028302878141403198,0.0908096432685852,0.0,0.0,0.0007480207714252174,0.00017982902942015634,,,,
1620,True,,,0.03928688168525696,,0.0,,,,,,0.003466628259047866,0.056717582046985626,7.270049536600709e-05,0.028123686090111732,0.01764797419309616,0.09081041067838669,0.0,0.0,0.000694398011546582,0.00017942329902523373,,,,
1621,True,,,0.0402032732963562,,0.0,,,,,,0.0029248713981360197,0.054183050990104675,4.236877430230379e-05,0.02629912458360195,0.01662461645901203,0.09081117063760757,0.0,0.0,0.0006669037975370884,0.00017901850249977868,,,,
1622,True,,,0.02550503984093666,,0.0,,,,,,0.0024655391462147236,0.04238263517618179,5.630781379295513e-05,0.02387845143675804,0.015983326360583305,0.0908118486404419,0.0,0.0,0.0006297219661064446,0.00017861464086389579,,,,
1623,True,,,0.03833235055208206,,0.0,,,,,,0.0024824785068631172,0.04303019493818283,2.865036003640853e-05,0.021326115354895592,0.013234843499958515,0.09081261605024338,0.0,0.0,0.0005705906660296023,0.00017821171513533423,,,,
1624,True,,,0.04037569463253021,,0.0,,,,,,0.0035779268946498632,0.06257401406764984,3.92505171475932e-05,0.03239230811595917,0.0212254635989666,0.0908132866024971,0.0,0.0,0.000802838709205389,0.00017780972632948442,,,,
1625,True,,,0.03241840749979019,,0.0,,,,,,0.003260923083871603,0.05388718843460083,3.503854895825498e-05,0.033749692142009735,0.023850206285715103,0.0908140316605568,0.0,0.0,0.0009662581142038107,0.0001774086754593756,,,,
1626,True,,,0.0331929475069046,,0.0,,,,,,0.0046566263772547245,0.04944619536399841,7.966755947563797e-05,0.03788251429796219,0.027001354843378067,0.09081491082906723,0.0,0.0,0.0006974282441660762,0.00017700856353567357,,,,
1627,True,,,0.03396160528063774,,0.0,,,,,,0.0031498733442276716,0.050908997654914856,3.9895625377539545e-05,0.03061418980360031,0.0211056936532259,0.09081578999757767,0.0,0.0,0.0007122330134734511,0.00017660939156667783,,,,
1628,True,,,0.04665175452828407,,0.0,,,,,,0.0022227074950933456,0.048988230526447296,7.190245378296822e-05,0.024511568248271942,0.015979401767253876,0.0908166840672493,0.0,0.0,0.0008079538238234818,0.00017621116055831912,,,,
1629,True,,,0.022148502990603447,,0.0,,,,,,0.0024758772924542427,0.044773250818252563,4.1647112084319815e-05,0.025912972167134285,0.01780928485095501,0.09081754088401794,0.0,0.0,0.0006603982765227556,0.00017581387151415718,,,,
1630,True,,,0.03067760542035103,,0.0,,,,,,0.003325505880638957,0.04816965386271477,5.797380435978994e-05,0.029086517170071602,0.019700098782777786,0.09081843495368958,0.0,0.0,0.0006105929496698081,0.00017541752543537742,,,,
1631,True,,,0.03090360201895237,,0.0,,,,,,0.005401918198913336,0.06879021227359772,2.890493124141358e-05,0.046781860291957855,0.0332692414522171,0.09081920236349106,0.0,0.0,0.0008145101019181311,0.00017502212332078947,,,,
1632,True,,,0.03459916263818741,,0.0,,,,,,0.0036571379750967026,0.05020132660865784,3.88395092159044e-05,0.03421657904982567,0.024265697225928307,0.09081996977329254,0.0,0.0,0.0008302245987579226,0.00017462766616682386,,,,
1633,True,,,0.029826104640960693,,0.0,,,,,,0.002797699999064207,0.05361458659172058,3.556326555553824e-05,0.025604180991649628,0.01622077077627182,0.09082063287496567,0.0,0.0,0.0008340944186784327,0.0001742341549675299,,,,
1634,True,,,0.034194640815258026,,0.0,,,,,,0.0023471235763281584,0.04734908789396286,7.914511661510915e-05,0.020275060087442398,0.011903297156095505,0.09082133322954178,0.0,0.0,0.0006833104998804629,0.0001738415907145729,,,,
1635,True,,,0.053709689527750015,,0.0,,,,,,0.004037659615278244,0.059855371713638306,3.9823109545977786e-05,0.0353398472070694,0.0238514207303524,0.09082192927598953,0.0,0.0,0.0007505446556024253,0.00017344997439723198,,,,
1636,True,,,0.023025959730148315,,0.0,,,,,,0.0021984379272907972,0.0492454469203949,7.178515079431236e-05,0.023220332339406013,0.01492297276854515,0.09082247316837311,0.0,0.0,0.0006526241195388138,0.00017305930700239736,,,,
1637,True,,,0.031321931630373,,0.0,,,,,,0.0016351708909496665,0.029265299439430237,4.178794188192114e-05,0.01693531684577465,0.01113127265125513,0.09082313627004623,0.0,0.0,0.0005839269142597914,0.00017266958951456802,,,,
1638,True,,,0.08235177397727966,,0.0,,,,,,0.0021236110478639603,0.047085538506507874,5.748761032009497e-05,0.021519888192415237,0.012927223928272724,0.0908237099647522,0.0,0.0,0.0006482446333393455,0.00017228082291584885,,,,
1639,True,,,0.052999213337898254,,0.0,,,,,,0.0032282155007123947,0.0549568347632885,2.876314647437539e-05,0.029239078983664513,0.01906256377696991,0.09082424640655518,0.0,0.0,0.005804569460451603,0.00017189300818594867,,,,
1640,True,,,0.02604263462126255,,0.0,,,,,,0.002602432854473591,0.03998367860913277,3.868763451464474e-05,0.022163191810250282,0.014374369755387306,0.09082510322332382,0.0,0.0,0.0007276782998815179,0.00017150614630217766,,,,
1641,True,,,0.027901463210582733,,0.0,,,,,,0.004316914826631546,0.05582372099161148,3.401081630727276e-05,0.03962266817688942,0.028519105166196823,0.09082595258951187,0.0,0.0,0.0007539139478467405,0.00017112023823944472,,,,
1642,True,,,0.03189800679683685,,0.0,,,,,,0.0059242453426122665,0.06792294979095459,7.75420485297218e-05,0.049750667065382004,0.03576810657978058,0.09082683175802231,0.0,0.0,0.0008284409996122122,0.00017073528497025487,,,,
1643,True,,,0.036145713180303574,,0.0,,,,,,0.002658391371369362,0.04949932545423508,4.0071801777230576e-05,0.025157392024993896,0.016259295865893364,0.09082774072885513,0.0,0.0,0.001437675324268639,0.00017035128746470716,,,,
1644,True,,,0.021191248670220375,,0.0,,,,,,0.0016759661957621574,0.03468305990099907,7.121766975615174e-05,0.01707124151289463,0.010771160945296288,0.09082866460084915,0.0,0.0,0.0006865320610813797,0.00016996824669049217,,,,
1645,True,,,0.026204392313957214,,0.0,,,,,,0.003365975571796298,0.04832495376467705,4.1602743294788525e-05,0.02897780016064644,0.019588187336921692,0.09082960337400436,0.0,0.0,0.0005701764021068811,0.00016958616361288935,,,,
1646,True,,,0.02625499665737152,,0.0,,,,,,0.003392089158296585,0.06014294549822807,5.674650310538709e-05,0.03099471889436245,0.02038910798728466,0.09083040058612823,0.0,0.0,0.000929874018765986,0.00016920503919476467,,,,
1647,True,,,0.028456006199121475,,0.0,,,,,,0.001844264566898346,0.03700767830014229,2.8040934921591543e-05,0.0182217825204134,0.011469857767224312,0.09083118289709091,0.0,0.0,0.0004675585951190442,0.00016882487439656823,,,,
1648,True,,,0.02956281788647175,,0.0,,,,,,0.0043466342613101006,0.04815465211868286,3.895090048899874e-05,0.03636518865823746,0.02597966603934765,0.09083189815282822,0.0,0.0,0.0009996539447456598,0.00016844567017633216,,,,
1649,True,,,0.03977006673812866,,0.0,,,,,,0.002404597122222185,0.056829724460840225,3.453419776633382e-05,0.023678213357925415,0.014267349615693092,0.09083269536495209,0.0,0.0,0.0006214658496901393,0.0001680674274896676,,,,
1650,True,,,0.023935362696647644,,0.0,,,,,,0.0023297437001019716,0.04369422793388367,7.906319660833105e-05,0.02486390992999077,0.016977522522211075,0.09083347767591476,0.0,0.0,0.0007267309702001512,0.00016769014728976246,,,,
1651,True,,,0.024459319189190865,,0.0,,,,,,0.002295461483299732,0.04076974838972092,3.885009209625423e-05,0.01958506926894188,0.012040270492434502,0.09083430469036102,0.0,0.0,0.0006096441647969186,0.00016731383052737936,,,,
1652,True,,,0.041291411966085434,,0.0,,,,,,0.004801696166396141,0.06472686678171158,7.22648183000274e-05,0.04215647280216217,0.02952469140291214,0.09083512425422668,0.0,0.0,0.000831887882668525,0.0001669384781508531,,,,
1653,True,,,0.03140932321548462,,0.0,,,,,,0.0021795067004859447,0.045660726726055145,4.2008083255495876e-05,0.019542640075087547,0.01155360322445631,0.09083585441112518,0.0,0.0,0.0006664255633950233,0.00016656409110608794,,,,
1654,True,,,0.026254719123244286,,0.0,,,,,,0.0022636849898844957,0.03946878761053085,5.6593777117086574e-05,0.021035127341747284,0.013625353574752808,0.0908365324139595,0.0,0.0,0.0005612415843643248,0.00016619067033655572,,,,
1655,True,,,0.03295700252056122,,0.0,,,,,,0.003641407936811447,0.058291759341955185,2.8574815587489866e-05,0.033653222024440765,0.022930409759283066,0.09083713591098785,0.0,0.0,0.0006357118836604059,0.0001658182167832929,,,,
1656,True,,,0.033385373651981354,,0.0,,,,,,0.0034423526376485825,0.04810556024312973,3.909219958586618e-05,0.03195231035351753,0.022437624633312225,0.09083778411149979,0.0,0.0,0.0007994699408300221,0.00016544673138489896,,,,
1657,True,,,0.030673498287796974,,0.0,,,,,,0.003124660812318325,0.052680887281894684,3.4155891626141965e-05,0.031178267672657967,0.021553320810198784,0.09083857387304306,0.0,0.0,0.0006817163084633648,0.00016507621507753302,,,,
1658,True,,,0.026937926188111305,,0.0,,,,,,0.0018137337174266577,0.0381326898932457,7.743893365841359e-05,0.018505843356251717,0.011662349104881287,0.09083936363458633,0.0,0.0,0.0006120573962107301,0.0001647066687949125,,,,
1659,True,,,0.027005476877093315,,0.0,,,,,,0.004376853816211224,0.06344228982925415,3.923171971109696e-05,0.038237445056438446,0.026318291202187538,0.09084007143974304,0.0,0.0,0.0006740871467627585,0.00016433809346831014,,,,
1660,True,,,0.03029862977564335,,0.0,,,,,,0.002209329977631569,0.04451867565512657,7.234372606035322e-05,0.020986389368772507,0.013077624142169952,0.09084078669548035,0.0,0.0,0.000563356967177242,0.00016397049002655201,,,,
1661,True,,,0.020576659590005875,,0.0,,,,,,0.001837108633480966,0.04377075284719467,4.2041559936478734e-05,0.02041912078857422,0.013069734908640385,0.09084136039018631,0.0,0.0,0.0005076539237052202,0.00016360385939601457,,,,
1662,True,,,0.03028573840856552,,0.0,,,,,,0.0051817805506289005,0.06319034099578857,5.702410271624103e-05,0.04738106578588486,0.03464046120643616,0.09084189683198929,0.0,0.0,0.0008226467180065811,0.00016323820250062316,,,,
1663,True,,,0.027599243447184563,,0.0,,,,,,0.00297562126070261,0.046197544783353806,2.9933971745776944e-05,0.027919473126530647,0.01912471279501915,0.09084242582321167,0.0,0.0,0.0006748702726326883,0.00016287352026184916,,,,
1664,True,,,0.02368539571762085,,0.0,,,,,,0.0036567319184541702,0.03992199897766113,4.0038554288912565e-05,0.029337158426642418,0.02052292414009571,0.09084285795688629,0.0,0.0,0.0007220160332508385,0.0001625098135987077,,,,
1665,True,,,0.020463742315769196,,0.0,,,,,,0.0014735053991898894,0.03655985742807388,3.54677285940852e-05,0.013987390324473381,0.007727094925940037,0.09084329009056091,0.0,0.0,0.0005016488721594214,0.0001621470834277554,,,,
1666,True,,,0.0368366464972496,,0.0,,,,,,0.0036857868544757366,0.05722296983003616,8.368928683921695e-05,0.033069416880607605,0.022342681884765625,0.09084368497133255,0.0,0.0,0.000904217769857496,0.000161785330663088,,,,
1667,True,,,0.07545076310634613,,0.0,,,,,,0.00566646596416831,0.07566508650779724,4.0233317122329026e-05,0.04404610022902489,0.029130056500434875,0.09084427356719971,0.0,0.0,0.0008213650435209274,0.00016142455621633855,,,,
1668,True,,,0.04806380718946457,,0.0,,,,,,0.0037987595424056053,0.06061282753944397,7.570748857688159e-05,0.03302561864256859,0.021738635376095772,0.09084475040435791,0.0,0.0,0.0007178925443440676,0.00016106476099667444,,,,
1669,True,,,0.030275210738182068,,0.0,,,,,,0.0036598299629986286,0.05633825808763504,4.187916056253016e-05,0.03250366449356079,0.0219778660684824,0.0908452719449997,0.0,0.0,0.0008177569252438843,0.00016070594591079506,,,,
1670,True,,,0.04749085754156113,,0.0,,,,,,0.003220782382413745,0.0573807954788208,6.165375816635787e-05,0.030409488826990128,0.02003643289208412,0.09084583818912506,0.0,0.0,0.0008003792027011514,0.00016034811186293018,,,,
1671,True,,,0.033207036554813385,,0.0,,,,,,0.0031045242212712765,0.05847180634737015,2.9601036658277735e-05,0.0298299677670002,0.01962292566895485,0.09084653109312057,0.0,0.0,0.0007000061450526118,0.00015999125975483733,,,,
1672,True,,,0.03702252730727196,,0.0,,,,,,0.003271964145824313,0.06512148678302765,3.993865902884863e-05,0.03217963129281998,0.0210968516767025,0.09084735065698624,0.0,0.0,0.0007368030492216349,0.00015963539048579933,,,,
1673,True,,,0.03340386971831322,,0.0,,,,,,0.006004489026963711,0.06518925726413727,3.5785116779152304e-05,0.04972704127430916,0.03594321012496948,0.09084811806678772,0.0,0.0,0.0007154630729928613,0.0001592805049526223,,,,
1674,True,,,0.04100080206990242,,0.0,,,,,,0.0053273532539606094,0.055697251111269,8.370112482225522e-05,0.040852464735507965,0.028595037758350372,0.0908488929271698,0.0,0.0,0.0006666058325208724,0.00015892660404963316,,,,
1675,True,,,0.03680410236120224,,0.0,,,,,,0.005564154591411352,0.0643085241317749,4.014702426502481e-05,0.04673870652914047,0.033447086811065674,0.09084959328174591,0.0,0.0,0.0008854367770254612,0.00015857368866867782,,,,
1676,True,,,0.027073249220848083,,0.0,,,,,,0.0014753997093066573,0.04038827121257782,7.587656727991998e-05,0.015217535197734833,0.008486134931445122,0.09085021167993546,0.0,0.0,0.0005989531055092812,0.0001582217596991184,,,,
1677,True,,,0.034597691148519516,,0.0,,,,,,0.00772792287170887,0.06323827803134918,4.061720028403215e-05,0.06122738867998123,0.045900847762823105,0.09085072576999664,0.0,0.0,0.0008426178828813136,0.00015787081802783121,,,,
1678,True,,,0.027197282761335373,,0.0,,,,,,0.003447994589805603,0.04826284945011139,6.077935540815815e-05,0.029567375779151917,0.020082222297787666,0.09085121750831604,0.0,0.0,0.0007787512731738389,0.00015752086453920454,,,,
1679,True,,,0.038710009306669235,,0.0,,,,,,0.007784189190715551,0.09099599719047546,2.834677798091434e-05,0.06896773725748062,0.05077416077256203,0.09085161238908768,0.0,0.0,0.0008807814447209239,0.00015717190011513656,,,,
1680,True,,,0.029648102819919586,,0.0,,,,,,0.002797673922032118,0.0468880869448185,3.896735142916441e-05,0.025951849296689034,0.01724088005721569,0.09085217118263245,0.0,0.0,0.0007094291504472494,0.00015682392563503284,,,,
1681,True,,,0.030610786750912666,,0.0,,,,,,0.003039061790332198,0.04539785906672478,3.333286440465599e-05,0.027407223358750343,0.0185970738530159,0.09085281938314438,0.0,0.0,0.0006072204560041428,0.0001564769419758043,,,,
1682,True,,,0.02215610072016716,,0.0,,,,,,0.0027212053537368774,0.04019884020090103,7.7064149081707e-05,0.021038569509983063,0.013128852471709251,0.09085342288017273,0.0,0.0,0.0005259898607619107,0.00015613095001186481,,,,
1683,True,,,0.03448375314474106,,0.0,,,,,,0.0024806249421089888,0.04538827762007713,3.957453736802563e-05,0.02290320210158825,0.014610583893954754,0.09085404872894287,0.0,0.0,0.0008650570525787771,0.00015578595061512928,,,,
1684,True,,,0.03437536954879761,,0.0,,,,,,0.004053059499710798,0.04903491958975792,7.185906724771485e-05,0.03370528668165207,0.023460503667593002,0.0908546894788742,0.0,0.0,0.0008115259115584195,0.0001554419446550114,,,,
1685,True,,,0.04844772815704346,,0.0,,,,,,0.004787185229361057,0.06602811068296432,4.1916231566574425e-05,0.04214773699641228,0.029343748465180397,0.0908552035689354,0.0,0.0,0.0009850842179730535,0.00015509893299842092,,,,
1686,True,,,0.0282535869628191,,0.0,,,,,,0.005968695040792227,0.05961483716964722,5.588710700976662e-05,0.05001939460635185,0.03687017783522606,0.09085576981306076,0.0,0.0,0.0009448842029087245,0.0001547569165097624,,,,
1687,True,,,0.021789241582155228,,0.0,,,,,,0.0021314590703696012,0.039118219166994095,2.9097122023813426e-05,0.023442499339580536,0.01625821366906166,0.09085628390312195,0.0,0.0,0.0006829687627032399,0.00015441589605093224,,,,
1688,True,,,0.02996153011918068,,0.0,,,,,,0.003965000621974468,0.052427858114242554,3.908342478098348e-05,0.03504151478409767,0.02460600435733795,0.09085676819086075,0.0,0.0,0.0007518690545111895,0.000154075872481317,,,,
1689,True,,,0.032206352800130844,,0.0,,,,,,0.003112399484962225,0.05204978212714195,3.3790554880397394e-05,0.029436873272061348,0.019871963188052177,0.09085725992918015,0.0,0.0,0.000672477821353823,0.00015373684665779074,,,,
1690,True,,,0.02951941080391407,,0.0,,,,,,0.004011010751128197,0.05540899932384491,7.622902921866626e-05,0.03711508959531784,0.02632129192352295,0.09085771441459656,0.0,0.0,0.0007384528871625662,0.00015339881943471345,,,,
1691,True,,,0.030474144965410233,,0.0,,,,,,0.002400150755420327,0.0403272807598114,3.8688493077643216e-05,0.022712329402565956,0.015046782791614532,0.09085819870233536,0.0,0.0,0.0005928304162807763,0.00015306179166392852,,,,
1692,True,,,0.05186787247657776,,0.0,,,,,,0.002687379252165556,0.044000059366226196,7.141579408198595e-05,0.023607734590768814,0.015057375654578209,0.09085869044065475,0.0,0.0,0.000740108429454267,0.0001527257641947606,,,,
1693,True,,,0.03147612884640694,,0.0,,,,,,0.0030540635343641043,0.04943860322237015,4.163215635344386e-05,0.029197581112384796,0.01995548978447914,0.090859055519104,0.0,0.0,0.0006738765514455736,0.00015239073787401351,,,,
1694,True,,,0.035169802606105804,,0.0,,,,,,0.0038357339799404144,0.06666862964630127,5.961424903944135e-05,0.03366740792989731,0.02187471091747284,0.09085945039987564,0.0,0.0,0.0008079495746642351,0.00015205671354596824,,,,
1695,True,,,0.03453889489173889,,0.0,,,,,,0.004351755138486624,0.06386000663042068,2.955059608211741e-05,0.03822798654437065,0.026221465319395065,0.09085970371961594,0.0,0.0,0.0008519167895428836,0.00015172369205238085,,,,
1696,True,,,0.025511782616376877,,0.0,,,,,,0.003923237789422274,0.051131781190633774,3.9283346268348396e-05,0.033769626170396805,0.023549849167466164,0.09085990488529205,0.0,0.0,0.0007327467319555581,0.00015139167423247984,,,,
1697,True,,,0.030965467914938927,,0.0,,,,,,0.0022985395044088364,0.036079488694667816,3.5059718356933445e-05,0.021152639761567116,0.014010364189743996,0.09086018055677414,0.0,0.0,0.0008688091184012592,0.00015106066092296475,,,,
1698,True,,,0.02026674896478653,,0.0,,,,,,0.001392536680214107,0.031205225735902786,8.277987217297778e-05,0.012202054262161255,0.006536331959068775,0.09086044877767563,0.0,0.0,0.000466041499748826,0.0001507306529580035,,,,
1699,True,,,0.026793859899044037,,0.0,,,,,,0.0026961693074554205,0.04479236900806427,4.047955007990822e-05,0.02503001131117344,0.016657819971442223,0.09086070209741592,0.0,0.0,0.0005505876033566892,0.00015040165116923066,,,,
1700,True,,,0.022110294550657272,,0.0,,,,,,0.003136818762868643,0.05293750762939453,7.531882147304714e-05,0.032613594084978104,0.02301565371453762,0.09086106717586517,0.0,0.0,0.0006967970402911305,0.00015007365638574496,0.0003599946547632463,0.0005341233316256403,5.168167122258225e-05,2.767940094243819e-05
1701,True,,,0.04951566457748413,,0.0,,,,,,0.005313641857355833,0.06720030307769775,4.253310908097774e-05,0.046501412987709045,0.033042702823877335,0.09086140990257263,0.0,0.0,0.0009526948560960591,0.00014974666943410767,,,,
1702,True,,,0.033012039959430695,,0.0,,,,,,0.0036280639469623566,0.06771059334278107,5.702268026652746e-05,0.037297364324331284,0.025630991905927658,0.09086175262928009,0.0,0.0,0.0007771686068736017,0.00014942069113834015,,,,
1703,True,,,0.027019089087843895,,0.0,,,,,,0.001914352411404252,0.04120837152004242,2.9200364224379882e-05,0.018445951864123344,0.011217349208891392,0.09086205810308456,0.0,0.0,0.0005849777953699231,0.00014909572231992202,,,,
1704,True,,,0.030802424997091293,,0.0,,,,,,0.0027241106145083904,0.05358196049928665,3.9025788282742724e-05,0.02469762973487377,0.015379160642623901,0.09086253494024277,0.0,0.0,0.00068497727625072,0.00014877176379778873,,,,
1705,True,,,0.03097786195576191,,0.0,,,,,,0.002534926403313875,0.049745045602321625,3.4856333513744175e-05,0.02404818870127201,0.015302920714020729,0.09086301177740097,0.0,0.0,0.000582324166316539,0.00014844881638833004,,,,
1706,True,,,0.041482847183942795,,0.0,,,,,,0.0037851908709853888,0.0532420352101326,7.752926467219368e-05,0.0292951837182045,0.018823562189936638,0.09086340665817261,0.0,0.0,0.000935407995712012,0.00014812688090538742,,,,
1707,True,,,0.03408415615558624,,0.0,,,,,,0.0042170314118266106,0.06171927601099014,3.9906910387799144e-05,0.03379924222826958,0.022140849381685257,0.09086383134126663,0.0,0.0,0.0006273252074606717,0.0001478059581602525,,,,
1708,True,,,0.04089263826608658,,0.0,,,,,,0.00330095156095922,0.047022685408592224,7.130193989723921e-05,0.031119437888264656,0.021762998774647713,0.09086420387029648,0.0,0.0,0.001042471849359572,0.00014748604896166442,,,,
1709,True,,,0.035583339631557465,,0.0,,,,,,0.003179224906489253,0.051516853272914886,4.239409463480115e-05,0.027659738436341286,0.018043149262666702,0.09086469560861588,0.0,0.0,0.0008616345003247261,0.00014716715411580846,,,,
1710,True,,,0.023437287658452988,,0.0,,,,,,0.003915227483958006,0.04425306245684624,5.578720447374508e-05,0.031109342351555824,0.021597888320684433,0.09086524695158005,0.0,0.0,0.0009756963117979467,0.00014684927442631354,,,,
1711,True,,,0.029713742434978485,,0.0,,,,,,0.001874406822025776,0.03530099242925644,2.866334943973925e-05,0.016997937113046646,0.010373303666710854,0.09086599200963974,0.0,0.0,0.0005563028971664608,0.00014653241069425042,,,,
1712,True,,,0.02948383241891861,,0.0,,,,,,0.001258340897038579,0.031492993235588074,3.865270264213905e-05,0.013082540594041348,0.007452067919075489,0.09086678177118301,0.0,0.0,0.000672645284794271,0.00014621656371812937,,,,
1713,True,,,0.03542626276612282,,0.0,,,,,,0.004446462728083134,0.06254889816045761,3.497901343507692e-05,0.03992411866784096,0.027942335233092308,0.09086751937866211,0.0,0.0,0.0009169757249765098,0.0001459017342938986,,,,
1714,True,,,0.021213339641690254,,0.0,,,,,,0.0019351663067936897,0.03273795545101166,7.865988300181925e-05,0.018283409997820854,0.011914304457604885,0.09086819738149643,0.0,0.0,0.0006931417156010866,0.0001455879232149421,,,,
1715,True,,,0.03761987388134003,,0.0,,,,,,0.003128336276859045,0.04810507968068123,3.996738450950943e-05,0.02812514826655388,0.018881432712078094,0.09086894243955612,0.0,0.0,0.0007568006403744221,0.0001452751312720775,,,,
1716,True,,,0.04351615905761719,,0.0,,,,,,0.0025745416060090065,0.0497378334403038,7.292377267731354e-05,0.022522808983922005,0.013594161719083786,0.09086969494819641,0.0,0.0,0.0007319771102629602,0.00014496335925355406,,,,
1717,True,,,0.02649633213877678,,0.0,,,,,,0.00235698907636106,0.052755773067474365,4.1457562474533916e-05,0.026310071349143982,0.01748310774564743,0.0908704623579979,0.0,0.0,0.0007001378107815981,0.0001446526079450509,,,,
1718,True,,,0.053490594029426575,,0.0,,,,,,0.0038847061805427074,0.061150819063186646,5.6022829085122794e-05,0.033019691705703735,0.021548276767134666,0.0908711776137352,0.0,0.0,0.0007589096203446388,0.00014434287812967493,,,,
1719,True,,,0.03624683618545532,,0.0,,,,,,0.004954155068844557,0.06665365397930145,2.8228310839040205e-05,0.04254109412431717,0.02963627129793167,0.09087202697992325,0.0,0.0,0.0009639639174565673,0.00014403417058795882,,,,
1720,True,,,0.03755905479192734,,0.0,,,,,,0.003063513897359371,0.05449613928794861,3.79638877348043e-05,0.027420740574598312,0.01760431006550789,0.09087289869785309,0.0,0.0,0.0007386642973870039,0.00014372648609785896,,,,
1721,True,,,0.030805746093392372,,0.0,,,,,,0.003760996274650097,0.06365181505680084,3.3818650990724564e-05,0.03701193258166313,0.025652047246694565,0.09087381511926651,0.0,0.0,0.0007587402360513806,0.0001434198254347537,,,,
1722,True,,,0.04347056895494461,,0.0,,,,,,0.003878215327858925,0.05782445892691612,7.80937698436901e-05,0.03316429629921913,0.022121137008070946,0.09087466448545456,0.0,0.0,0.0008313824655488133,0.00014311418937144142,,,,
1723,True,,,0.03886015713214874,,0.0,,,,,,0.00735001266002655,0.07282181084156036,4.0486302168574184e-05,0.05585864931344986,0.03990885987877846,0.09087548404932022,0.0,0.0,0.00118926540017128,0.00014280957867813835,,,,
1724,True,,,0.03719218075275421,,0.0,,,,,,0.0023120874539017677,0.04349713772535324,7.171252218540758e-05,0.021361976861953735,0.013383633457124233,0.09087633341550827,0.0,0.0,0.0006067540962249041,0.00014250599412247658,,,,
1725,True,,,0.0379292368888855,,0.0,,,,,,0.00439677806571126,0.06647123396396637,4.284559327061288e-05,0.03287261724472046,0.020519226789474487,0.09087710082530975,0.0,0.0,0.0006506172358058393,0.00014220343646950258,,,,
1726,True,,,0.03621511161327362,,0.0,,,,,,0.0063259536400437355,0.07383959740400314,5.815711847390048e-05,0.058164943009614944,0.04315502196550369,0.09087774902582169,0.0,0.0,0.0010994753101840615,0.0001419019064816749,,,,
1727,True,,,0.049633610993623734,,0.0,,,,,,0.0032178745605051517,0.05492144823074341,2.871455035347026e-05,0.031707972288131714,0.021578475832939148,0.0908784568309784,0.0,0.0,0.0009661468211561441,0.00014160140491886205,,,,
1728,True,,,0.020998114719986916,,0.0,,,,,,0.00298125809058547,0.04629446938633919,4.012713907286525e-05,0.02960328571498394,0.020853742957115173,0.0908791646361351,0.0,0.0,0.0007101012161001563,0.00014130193253834126,,,,
1729,True,,,0.0392080694437027,,0.0,,,,,,0.004753501154482365,0.06759503483772278,3.509609814500436e-05,0.03784537315368652,0.025013942271471024,0.09087987244129181,0.0,0.0,0.0010587458964437246,0.00014100349009479594,,,,
1730,True,,,0.03527902439236641,,0.0,,,,,,0.0015883392188698053,0.04028434306383133,8.294617873616517e-05,0.01658371090888977,0.009663864970207214,0.09088080376386642,0.0,0.0,0.000603622873313725,0.00014070607834031418,,,,
1731,True,,,0.03334244340658188,,0.0,,,,,,0.003065390046685934,0.04810607433319092,4.015097874798812e-05,0.028437869623303413,0.01929955556988716,0.0908815935254097,0.0,0.0,0.0006773436907678843,0.00014040969802438645,,,,
1732,True,,,0.028171241283416748,,0.0,,,,,,0.0011981718707829714,0.034660011529922485,7.561270467704162e-05,0.012962955981492996,0.007070440798997879,0.09088236838579178,0.0,0.0,0.00045349757419899106,0.00014011434989390418,,,,
1733,True,,,0.038854435086250305,,0.0,,,,,,0.006270907819271088,0.06641481816768646,4.116395575692877e-05,0.049523767083883286,0.035293422639369965,0.09088309109210968,0.0,0.0,0.000926281965803355,0.0001398200346931575,,,,
1734,True,,,0.029573677107691765,,0.0,,,,,,0.0017529693432152271,0.03876901790499687,6.117004522820935e-05,0.017737677320837975,0.010872649028897285,0.09088371694087982,0.0,0.0,0.0005521636339835823,0.00013952675316383355,,,,
1735,True,,,0.032474763691425323,,0.0,,,,,,0.004545906558632851,0.05383262410759926,2.9276354325702414e-05,0.036879152059555054,0.025701753795146942,0.09088436514139175,0.0,0.0,0.0009173396392725408,0.00013923450604501464,,,,
1736,True,,,0.05088496208190918,,0.0,,,,,,0.0023955469951033592,0.048593804240226746,3.8935584598220885e-05,0.021850334480404854,0.013158239424228668,0.0908849909901619,0.0,0.0,0.0008155629620887339,0.0001389432940731763,,,,
1737,True,,,0.03464144468307495,,0.0,,,,,,0.003511731280013919,0.05659962072968483,3.494593329378404e-05,0.03380110487341881,0.023356666788458824,0.09088559448719025,0.0,0.0,0.00102941261138767,0.00013865311798218536,,,,
1738,True,,,0.03423825278878212,,0.0,,,,,,0.005020580254495144,0.06714313477277756,7.807031215634197e-05,0.03977879136800766,0.026753615587949753,0.09088630229234695,0.0,0.0,0.0007101856754161417,0.00013836397850329832,,,,
1739,True,,,0.017450692132115364,,0.0,,,,,,0.0018070990918204188,0.03574543446302414,3.909951192326844e-05,0.016666192561388016,0.010181622579693794,0.09088705480098724,0.0,0.0,0.0005063737626187503,0.0001380758763651592,,,,
1740,True,,,0.0312507189810276,,0.0,,,,,,0.002880458254367113,0.049673616886138916,7.246271707117558e-05,0.02727637067437172,0.018170934170484543,0.09088774025440216,0.0,0.0,0.0008379202336072922,0.00013778881229379794,,,,
1741,True,,,0.04143555834889412,,0.0,,,,,,0.0038732513785362244,0.061971697956323624,4.2665058572310954e-05,0.032915811985731125,0.02150081843137741,0.0908883661031723,0.0,0.0,0.0009004636667668819,0.0001375027870126286,,,,
1742,True,,,0.027348928153514862,,0.0,,,,,,0.002272292971611023,0.031577371060848236,5.6256056268466637e-05,0.01905789226293564,0.012417354620993137,0.09088912606239319,0.0,0.0,0.0007911920547485352,0.00013721780124244744,,,,
1743,True,,,0.03481607139110565,,0.0,,,,,,0.003737076884135604,0.052636951208114624,2.7671694624586962e-05,0.0322066955268383,0.021935027092695236,0.09088987112045288,0.0,0.0,0.0007516199839301407,0.0001369338557014309,,,,
1744,True,,,0.026477105915546417,,0.0,,,,,,0.0023435582406818867,0.05031493306159973,3.913024556823075e-05,0.02025204710662365,0.011683753691613674,0.0908905491232872,0.0,0.0,0.0005257647717371583,0.00013665095110513425,,,,
1745,True,,,0.023687558248639107,,0.0,,,,,,0.0020651444792747498,0.035500772297382355,3.623449811129831e-05,0.019477669149637222,0.012698540464043617,0.09089125692844391,0.0,0.0,0.0007031797431409359,0.0001363690881664894,,,,
1746,True,,,0.033583030104637146,,0.0,,,,,,0.0034612794406712055,0.055078309029340744,8.391594747081399e-05,0.03161267191171646,0.02135685458779335,0.09089186787605286,0.0,0.0,0.0007912403671070933,0.00013608826759580324,,,,
1747,True,,,0.024654490873217583,,0.0,,,,,,0.0036933317314833403,0.05823034420609474,4.003874710178934e-05,0.03687833622097969,0.02618648298084736,0.09089246392250061,0.0,0.0,0.0006341195548884571,0.00013580849010075586,,,,
1748,True,,,0.03554530814290047,,0.0,,,,,,0.0046468633227050304,0.0631476417183876,7.676475070184097e-05,0.04137306287884712,0.029108671471476555,0.0908929854631424,0.0,0.0,0.000946670537814498,0.00013552975638639878,,,,
1749,True,,,0.031250130385160446,,0.0,,,,,,0.001944024465046823,0.05077667161822319,4.141217505093664e-05,0.019553009420633316,0.011289173737168312,0.09089350700378418,0.0,0.0,0.0006170885753817856,0.0001352520671551531,,,,
1750,True,,,0.029321184381842613,,0.0,,,,,,0.0037784725427627563,0.05160456895828247,5.920022522332147e-05,0.031210532411932945,0.021039851009845734,0.09089402109384537,0.0,0.0,0.000740693649277091,0.0001349754231068079,,,,
1751,True,,,0.03357180953025818,,0.0,,,,,,0.0045373267494142056,0.06690166890621185,2.9526525395340286e-05,0.040986720472574234,0.028499798849225044,0.09089450538158417,0.0,0.0,0.0008302241330966353,0.00013469982493851822,,,,
1752,True,,,0.04571807384490967,,0.0,,,,,,0.0031721065752208233,0.04362931475043297,3.9180034946184605e-05,0.02846948429942131,0.019548725336790085,0.09089501202106476,0.0,0.0,0.0007974639302119613,0.00013442527334480342,,,,
1753,True,,,0.02963627316057682,,0.0,,,,,,0.003688464406877756,0.04823778569698334,3.479849692666903e-05,0.031281426548957825,0.021546466276049614,0.09089543670415878,0.0,0.0,0.0007383338524959981,0.00013415176901754555,,,,
1754,True,,,0.02930167317390442,,0.0,,,,,,0.0026946242433041334,0.05337250605225563,8.40845750644803e-05,0.025193581357598305,0.015917688608169556,0.09089573472738266,0.0,0.0,0.0005727364914491773,0.00013387931264598755,,,,
1755,True,,,0.03491365164518356,,0.0,,,,,,0.00396000687032938,0.05883176997303963,4.174356217845343e-05,0.035841722041368484,0.024719569832086563,0.09089605510234833,0.0,0.0,0.0008120012935250998,0.00013360790491673114,,,,
1756,True,,,0.03596023470163345,,0.0,,,,,,0.004059395752847195,0.05636001378297806,7.650742190890014e-05,0.037243619561195374,0.026241403073072433,0.09089644253253937,0.0,0.0,0.0009336898801848292,0.00013333754651373585,,,,
1757,True,,,0.02861587330698967,,0.0,,,,,,0.0033902935683727264,0.04177863523364067,4.248498589731753e-05,0.028271300718188286,0.019486773759126663,0.09089691936969757,0.0,0.0,0.0006434186361730099,0.0001330682381183167,,,,
1758,True,,,0.02248734049499035,,0.0,,,,,,0.003442799672484398,0.0460965670645237,5.851559035363607e-05,0.029057728126645088,0.01984216645359993,0.09089735895395279,0.0,0.0,0.0006458465941250324,0.0001327999804091423,,,,
1759,True,,,0.024268392473459244,,0.0,,,,,,0.005119964946061373,0.0552009716629982,2.8663111152127385e-05,0.04669468104839325,0.034888625144958496,0.09089776873588562,0.0,0.0,0.0007417664746753871,0.00013253277406223413,,,,
1760,True,,,0.040822725743055344,,0.0,,,,,,0.004620752297341824,0.060120850801467896,3.917239882866852e-05,0.03793985769152641,0.025970224291086197,0.09089813381433487,0.0,0.0,0.0007210361654870212,0.00013226661975096365,,,,
1761,True,,,0.04174404963850975,,0.0,,,,,,0.0040793707594275475,0.04957560449838638,3.461020969552919e-05,0.03815903514623642,0.027778374031186104,0.09089849889278412,0.0,0.0,0.0008777625625953078,0.00013200151814605143,,,,
1762,True,,,0.037271544337272644,,0.0,,,,,,0.005210059694945812,0.06689558178186417,7.731019286438823e-05,0.04133673384785652,0.028116755187511444,0.09089886397123337,0.0,0.0,0.0009833128424361348,0.00013173746991556505,,,,
1763,True,,,0.027311526238918304,,0.0,,,,,,0.0018018519040197134,0.03728250414133072,4.027261820738204e-05,0.018740803003311157,0.012008454650640488,0.0908992663025856,0.0,0.0,0.0005986476317048073,0.00013147447572491762,,,,
1764,True,,,0.03398550674319267,,0.0,,,,,,0.003434167243540287,0.050316739827394485,7.582783291582018e-05,0.03212552145123482,0.022372916340827942,0.09089963883161545,0.0,0.0,0.0007852388662286103,0.00013121253623686596,,,,
1765,True,,,0.025018539279699326,,0.0,,,,,,0.003086674027144909,0.053073473274707794,4.094093310413882e-05,0.03418270871043205,0.024609031155705452,0.0909000039100647,0.0,0.0,0.0006818631081841886,0.00013095165211150908,,,,
1766,True,,,0.029006866738200188,,0.0,,,,,,0.005392088554799557,0.06000589579343796,5.9474576119100675e-05,0.045594919472932816,0.032973431050777435,0.09090045839548111,0.0,0.0,0.0008538188994862139,0.00013069182400628625,,,,
1767,True,,,0.047310713678598404,,0.0,,,,,,0.007384429685771465,0.08292100578546524,2.854862395906821e-05,0.05855918675661087,0.04148626700043678,0.09090091288089752,0.0,0.0,0.0011314897565171123,0.00013043305257597564,,,,
1768,True,,,0.02285332791507244,,0.0,,,,,,0.0013422199990600348,0.03666207194328308,4.002999048680067e-05,0.014667140319943428,0.008501147851347923,0.09090162068605423,0.0,0.0,0.0007247196044772863,0.00013017533847269267,,,,
1769,True,,,0.030772844329476357,,0.0,,,,,,0.0028859765734523535,0.057518623769283295,3.6019973777001724e-05,0.028449539095163345,0.018576938658952713,0.09090223908424377,0.0,0.0,0.0007333109970204532,0.00012991868234588815,,,,
1770,True,,,0.030415745452046394,,0.0,,,,,,0.002391862915828824,0.04705385863780975,8.352030999958515e-05,0.021952271461486816,0.013600077480077744,0.09090283513069153,0.0,0.0,0.0006615835591219366,0.0001296630848423466,,,,
1771,True,,,0.033510662615299225,,0.0,,,,,,0.005928786005824804,0.06972384452819824,3.942140028811991e-05,0.050810664892196655,0.036645639687776566,0.0909033715724945,0.0,0.0,0.0008681563194841146,0.0001294085466061849,,,,
1772,True,,,0.026532422751188278,,0.0,,,,,,0.004585122223943472,0.07212119549512863,7.207463204395026e-05,0.039291027933359146,0.02628338895738125,0.0909038707613945,0.0,0.0,0.0007957022171467543,0.00012915506827885053,,,,
1773,True,,,0.036145005375146866,,0.0,,,,,,0.005225613713264465,0.07406297326087952,4.201487172394991e-05,0.04722350090742111,0.03330008685588837,0.09090439230203629,0.0,0.0,0.0007839248282834888,0.0001289026504991201,,,,
1774,True,,,0.032292481511831284,,0.0,,,,,,0.004557719454169273,0.07259851694107056,6.074678822187707e-05,0.041476890444755554,0.0283969733864069,0.09090492874383926,0.0,0.0,0.0007644766592420638,0.0001286512939030972,,,,
1775,True,,,0.04528655484318733,,0.0,,,,,,0.004003505222499371,0.05355960130691528,2.9877359338570386e-05,0.03133176639676094,0.02059544250369072,0.09090534597635269,0.0,0.0,0.0008765300153754652,0.00012840099912421156,,,,
1776,True,,,0.05076870694756508,,0.0,,,,,,0.006909506395459175,0.09042936563491821,3.95369206671603e-05,0.05222759395837784,0.034838639199733734,0.09090574085712433,0.0,0.0,0.0008513442589901388,0.0001281517667932169,,,,
1777,True,,,0.03903620317578316,,0.0,,,,,,0.007988114841282368,0.07767759263515472,3.460484731476754e-05,0.05959169566631317,0.04251909255981445,0.09090626239776611,0.0,0.0,0.0008599630673415959,0.00012790359753818973,,,,
1778,True,,,0.026265595108270645,,0.0,,,,,,0.0021234843879938126,0.043750666081905365,8.433159382548183e-05,0.02196267992258072,0.014250241219997406,0.09090674668550491,0.0,0.0,0.0006304926937445998,0.00012765649198452715,,,,
1779,True,,,0.02547852322459221,,0.0,,,,,,0.001968560740351677,0.03610650449991226,4.0705184801481664e-05,0.01886938326060772,0.012105962261557579,0.09090722352266312,0.0,0.0,0.0005871874163858593,0.00012741045075494615,,,,
1780,True,,,0.027751019224524498,,0.0,,,,,,0.003414437873288989,0.05770985409617424,7.59483955334872e-05,0.02988232672214508,0.01947234384715557,0.09090772271156311,0.0,0.0,0.000885414017830044,0.00012716547446948128,,,,
1781,True,,,0.03220609575510025,,0.0,,,,,,0.004312252160161734,0.06863828003406525,4.1733910620678216e-05,0.03989606350660324,0.027467971667647362,0.09090816229581833,0.0,0.0,0.0007294897804968059,0.0001269215637454835,,,,
1782,True,,,0.028220299631357193,,0.0,,,,,,0.001966110896319151,0.043250568211078644,5.6482746003894135e-05,0.02104630321264267,0.013535606674849987,0.09090852737426758,0.0,0.0,0.0006212712032720447,0.00012667871919761847,,,,
1783,True,,,0.02581758052110672,,0.0,,,,,,0.0024306303821504116,0.0481586828827858,2.863990084733814e-05,0.023545611649751663,0.015117529779672623,0.09090887010097504,0.0,0.0,0.000553877791389823,0.00012643694143786512,,,,
1784,True,,,0.02673071250319481,,0.0,,,,,,0.002276110928505659,0.0417608842253685,3.889889194397256e-05,0.020450405776500702,0.012802359648048878,0.09090923517942429,0.0,0.0,0.0005927183665335178,0.00012619623107551384,,,,
1785,True,,,0.02570853754878044,,0.0,,,,,,0.002216266468167305,0.034698329865932465,3.4651711757760495e-05,0.02048320509493351,0.013613598421216011,0.09090951085090637,0.0,0.0,0.0006328311283141375,0.0001259565887171654,,,,
1786,True,,,0.02795036882162094,,0.0,,,,,,0.0017417436465620995,0.04756537824869156,7.790484232828021e-05,0.017563242465257645,0.009837407618761063,0.09090976417064667,0.0,0.0,0.0006420763093046844,0.00012571801496672882,,,,
1787,True,,,0.0316486693918705,,0.0,,,,,,0.0015585054643452168,0.04054185003042221,3.91004687116947e-05,0.01586182415485382,0.00900399498641491,0.09091007709503174,0.0,0.0,0.0006708940491080284,0.00012548051042542054,,,,
1788,True,,,0.034896232187747955,,0.0,,,,,,0.004574066959321499,0.06603655219078064,7.28136656107381e-05,0.04079194366931915,0.028319746255874634,0.0909104272723198,0.0,0.0,0.0007411408005282283,0.00012524407569176226,,,,
1789,True,,,0.02821945771574974,,0.0,,,,,,0.005753867328166962,0.055609412491321564,4.208054451737553e-05,0.046209003776311874,0.033681854605674744,0.09091067314147949,0.0,0.0,0.0009030535002239048,0.00012500871136157996,,,,
1790,True,,,0.0601058155298233,,0.0,,,,,,0.0027155778370797634,0.05774044245481491,5.636424612021074e-05,0.024905264377593994,0.014877291396260262,0.09091099351644516,0.0,0.0,0.0006509037921205163,0.0001247744180280019,,,,
1791,True,,,0.040209509432315826,,0.0,,,,,,0.004684257321059704,0.061581406742334366,2.8854585252702236e-05,0.039172906428575516,0.027004873380064964,0.09091127663850784,0.0,0.0,0.0008375740726478398,0.00012454119628145754,,,,
1792,True,,,0.04148286581039429,,0.0,,,,,,0.0033634731080383062,0.05984441563487053,3.92923757317476e-05,0.028616463765501976,0.01792495884001255,0.09091169387102127,0.0,0.0,0.0006553901475854218,0.00012430904670967597,,,,
1793,True,,,0.030337397009134293,,0.0,,,,,,0.003726346418261528,0.06612225621938705,3.5027405829168856e-05,0.03328409045934677,0.02171551063656807,0.09091205894947052,0.0,0.0,0.0006812720093876123,0.00012407796989768414,,,,
1794,True,,,0.03149370104074478,,0.0,,,,,,0.00378519669175148,0.04145580530166626,7.82949646236375e-05,0.03158361092209816,0.022389627993106842,0.09091223776340485,0.0,0.0,0.0007871784619055688,0.00012384796642780568,,,,
1795,True,,,0.05165090411901474,,0.0,,,,,,0.006567627191543579,0.08046333491802216,3.950071914005093e-05,0.049835026264190674,0.033775683492422104,0.09091249853372574,0.0,0.0,0.0010204052086919546,0.00012361903687965945,,,,
1796,True,,,0.027830984443426132,,0.0,,,,,,0.001445665373466909,0.029073266312479973,7.196224760264158e-05,0.015420390293002129,0.00984397903084755,0.09091286361217499,0.0,0.0,0.0005952722858637571,0.00012339118183015796,,,,
1797,True,,,0.025973865762352943,,0.0,,,,,,0.00487559987232089,0.04526522010564804,4.2442596168257296e-05,0.04051564633846283,0.02992343157529831,0.09091325104236603,0.0,0.0,0.0008476173388771713,0.00012316440185350575,,,,
1798,True,,,0.026156902313232422,,0.0,,,,,,0.001911404775455594,0.03607037663459778,5.7226694480050355e-05,0.018268514424562454,0.011550753377377987,0.09091368317604065,0.0,0.0,0.0005970136262476444,0.0001229386975211983,,,,
1799,True,,,0.0325453020632267,,0.0,,,,,,0.0021265377290546894,0.040096379816532135,2.830699668265879e-05,0.0209683608263731,0.013583438470959663,0.09091407060623169,0.0,0.0,0.0005666304496116936,0.0001227140694020204,,,,
1800,True,,,0.028437616303563118,,0.0,,,,,,0.0018110047094523907,0.03381992131471634,3.893213943229057e-05,0.018533462658524513,0.01212748046964407,0.09091450273990631,0.0,0.0,0.0006056037964299321,0.00012249051806204482,0.00034030298578539744,0.0003887554475401661,0.00017957962514548903,1.3337184731576634e-05
1801,True,,,0.02654443308711052,,0.0,,,,,,0.004055320750921965,0.06154856085777283,3.403071968932636e-05,0.04110122099518776,0.029699433594942093,0.09091493487358093,0.0,0.0,0.000866295478772372,0.0001222680440646305,,,,
1802,True,,,0.023661363869905472,,0.0,,,,,,0.0014508067397400737,0.04036349803209305,7.781614840496331e-05,0.01406040508300066,0.007388574071228504,0.0909152626991272,0.0,0.0,0.0004996357602067292,0.00012204664797042176,,,,
1803,True,,,0.02837444841861725,,0.0,,,,,,0.003123542293906212,0.04614265263080597,3.990980621892959e-05,0.029006805270910263,0.020056143403053284,0.09091556817293167,0.0,0.0,0.0006843026494607329,0.00012182633033734638,,,,
1804,True,,,0.033439479768276215,,0.0,,,,,,0.001799251651391387,0.056579142808914185,7.177303632488474e-05,0.022016212344169617,0.013279606588184834,0.09091585874557495,0.0,0.0,0.0005807187990285456,0.00012160709172061444,,,,
1805,True,,,0.029532814398407936,,0.0,,,,,,0.002871723845601082,0.0584922656416893,4.3400599679443985e-05,0.028645319864153862,0.018698180094361305,0.09091614931821823,0.0,0.0,0.0007695658132433891,0.00012138893267271679,,,,
1806,True,,,0.025876730680465698,,0.0,,,,,,0.0027044755406677723,0.05364552140235901,5.6665892770979553e-05,0.02613154985010624,0.016866257414221764,0.09091649204492569,0.0,0.0,0.0005204267799854279,0.00012117185374342383,,,,
1807,True,,,0.018763814121484756,,0.0,,,,,,0.0020594578236341476,0.035865798592567444,2.8268656024010852e-05,0.020359259098768234,0.013602280989289284,0.09091679006814957,0.0,0.0,0.0006673974567092955,0.00012095585547978385,,,,
1808,True,,,0.0376395508646965,,0.0,,,,,,0.0034403614699840546,0.06309858709573746,3.928109799744561e-05,0.031495869159698486,0.020440444350242615,0.09091708064079285,0.0,0.0,0.0005808589048683643,0.00012074093842612205,,,,
1809,True,,,0.03812526538968086,,0.0,,,,,,0.002481150906533003,0.05572142452001572,3.5684854083228856e-05,0.023169897496700287,0.013808336108922958,0.0909174233675003,0.0,0.0,0.0006164610385894775,0.0001205271031240386,,,,
1810,True,,,0.03341660648584366,,0.0,,,,,,0.0041605937294662,0.06160631403326988,7.783160253893584e-05,0.03628644719719887,0.024682965129613876,0.09091775119304657,0.0,0.0,0.0007396021974273026,0.00012031435011240787,,,,
1811,True,,,0.02502145618200302,,0.0,,,,,,0.004507928155362606,0.056514911353588104,3.8813996070530266e-05,0.04051034525036812,0.029172126203775406,0.09091809391975403,0.0,0.0,0.0007795488345436752,0.00012010267992737675,,,,
1812,True,,,0.033448733389377594,,0.0,,,,,,0.0022669765166938305,0.04563886672258377,7.251308124978095e-05,0.022443491965532303,0.014332699589431286,0.09091848880052567,0.0,0.0,0.0005752129363827407,0.00011989209310236345,,,,
1813,True,,,0.031339406967163086,,0.0,,,,,,0.004830754362046719,0.06607996672391891,4.178197923465632e-05,0.04016252979636192,0.02748030237853527,0.0909188985824585,0.0,0.0,0.0008559920825064182,0.00011968259016805583,,,,
1814,True,,,0.03237655758857727,,0.0,,,,,,0.0046514663845300674,0.06368549913167953,5.6829259847290814e-05,0.04405248165130615,0.03177109360694885,0.09091939777135849,0.0,0.0,0.0008704680949449539,0.00011947417165241043,,,,
1815,True,,,0.023860208690166473,,0.0,,,,,,0.003291965229436755,0.058707114309072495,2.7687656256603077e-05,0.0333893746137619,0.023065056651830673,0.09091997146606445,0.0,0.0,0.0006641678628511727,0.00011926683808065105,,,,
1816,True,,,0.030648108571767807,,0.0,,,,,,0.006444928701967001,0.06413763016462326,3.926553836208768e-05,0.05620376765727997,0.04210975766181946,0.09092044830322266,0.0,0.0,0.0011351009598001838,0.00011906058997526736,,,,
1817,True,,,0.030362799763679504,,0.0,,,,,,0.002620421350002289,0.04185120016336441,3.504023698042147e-05,0.022927194833755493,0.014891293831169605,0.09092103689908981,0.0,0.0,0.0006111083785071969,0.0001188554278560136,,,,
1818,True,,,0.042984284460544586,,0.0,,,,,,0.006261130329221487,0.07647957652807236,7.746370101813227e-05,0.04813288524746895,0.03284600377082825,0.09092152863740921,0.0,0.0,0.000860454689245671,0.00011865135223990718,,,,
1819,True,,,0.027718711644411087,,0.0,,,,,,0.0027397144585847855,0.05846806615591049,3.9454833313357085e-05,0.02828359603881836,0.01849093846976757,0.09092206507921219,0.0,0.0,0.0006218957132659853,0.00011844836364122769,,,,
1820,True,,,0.029059208929538727,,0.0,,,,,,0.0033345201518386602,0.04271962493658066,7.313565583899617e-05,0.029218820855021477,0.020375952124595642,0.09092254936695099,0.0,0.0,0.0008181263110600412,0.00011824646257151522,,,,
1821,True,,,0.020206142216920853,,0.0,,,,,,0.0007617607479915023,0.026208896189928055,4.177771552349441e-05,0.008326445706188679,0.0038116145879030228,0.09092308580875397,0.0,0.0,0.0004273677186574787,0.00011804564953956925,,,,
1822,True,,,0.028706591576337814,,0.0,,,,,,0.002165439771488309,0.0514175146818161,6.072010728530586e-05,0.02222263067960739,0.013688778504729271,0.09092357009649277,0.0,0.0,0.0005858871154487133,0.00011784592505144736,,,,
1823,True,,,0.02856713905930519,,0.0,,,,,,0.0033790478482842445,0.048830464482307434,2.8505150112323463e-05,0.029832322150468826,0.02036106213927269,0.09092406928539276,0.0,0.0,0.0006746616563759744,0.00011764728961046402,,,,
1824,True,,,0.040295422077178955,,0.0,,,,,,0.003692973405122757,0.06950676441192627,3.9417795051122084e-05,0.034407828003168106,0.022432269528508186,0.09092453122138977,0.0,0.0,0.0006413051160052419,0.0001174497437171893,,,,
1825,True,,,0.028274713084101677,,0.0,,,,,,0.00229937513358891,0.03961045295000076,3.685931005747989e-05,0.02250426821410656,0.01503342017531395,0.09092498570680618,0.0,0.0,0.0006246875273063779,0.00011725328786944731,,,,
1826,True,,,0.028377659618854523,,0.0,,,,,,0.00307239918038249,0.04914075508713722,8.563035225961357e-05,0.027861462906003,0.01863914355635643,0.09092548489570618,0.0,0.0,0.0007734959945082664,0.00011705792256231543,,,,
1827,True,,,0.038173120468854904,,0.0,,,,,,0.003369459416717291,0.06935234367847443,3.9838872908148915e-05,0.03148410841822624,0.019868504256010056,0.09092596173286438,0.0,0.0,0.0012176533928140998,0.0001168636482881229,,,,
1828,True,,,0.032725200057029724,,0.0,,,,,,0.0043253409676253796,0.06002797931432724,7.366053614532575e-05,0.038565635681152344,0.026964150369167328,0.09092645347118378,0.0,0.0,0.0008193211979232728,0.00011667046553644915,,,,
1829,True,,,0.01998329535126686,,0.0,,,,,,0.0010528306011110544,0.02525169774889946,4.2946761823259294e-05,0.009780663065612316,0.00507208751514554,0.09092684090137482,0.0,0.0,0.00040573428850620985,0.00011647837479412327,,,,
1830,True,,,0.0335407592356205,,0.0,,,,,,0.0029110144823789597,0.045022472739219666,5.651469109579921e-05,0.02907145395874977,0.0203852541744709,0.09092720597982407,0.0,0.0,0.0007934187888167799,0.0001162873765452223,,,,
1831,True,,,0.03705320134758949,,0.0,,,,,,0.003205416491255164,0.056738436222076416,2.960672281915322e-05,0.02946271188557148,0.019288839772343636,0.09092756360769272,0.0,0.0,0.0007054248708300292,0.00011609747127107017,,,,
1832,True,,,0.028920605778694153,,0.0,,,,,,0.0019106044201180339,0.04146300256252289,3.911449311999604e-05,0.019032346084713936,0.011757399886846542,0.09092786908149719,0.0,0.0,0.0005509259062819183,0.00011590865945023647,,,,
1833,True,,,0.031768448650836945,,0.0,,,,,,0.0030274991877377033,0.054941870272159576,3.388129698578268e-05,0.027688955888152122,0.01792336069047451,0.09092817455530167,0.0,0.0,0.0007044876110740006,0.00011572094155853521,,,,
1834,True,,,0.025940164923667908,,0.0,,,,,,0.00245575699955225,0.03510516136884689,7.860244659241289e-05,0.021466001868247986,0.014291742816567421,0.09092836827039719,0.0,0.0,0.0005867053405381739,0.00011553431806902372,,,,
1835,True,,,0.023051386699080467,,0.0,,,,,,0.0018964374903589487,0.033483900129795074,3.936793655157089e-05,0.01811533235013485,0.011711020953953266,0.09092855453491211,0.0,0.0,0.0005145068862475455,0.00011534878945200131,,,,
1836,True,,,0.041434891521930695,,0.0,,,,,,0.0043848296627402306,0.06524934619665146,7.249267946463078e-05,0.03919100761413574,0.026921361684799194,0.09092874825000763,0.0,0.0,0.0007533134776167572,0.00011516435617500821,,,,
1837,True,,,0.02238495461642742,,0.0,,,,,,0.0015670284628868103,0.04314254969358444,4.1745701309992e-05,0.017752015963196754,0.010716721415519714,0.09092900156974792,0.0,0.0,0.000488783698529005,0.00011498101870282426,,,,
1838,True,,,0.0269613116979599,,0.0,,,,,,0.0041501326486468315,0.054839517921209335,5.773907105321996e-05,0.03571580350399017,0.024873942136764526,0.09092925488948822,0.0,0.0,0.000726712285540998,0.00011479877749746799,,,,
1839,True,,,0.02423972077667713,,0.0,,,,,,0.004357844591140747,0.050211962312459946,2.8575799660757184e-05,0.03897034749388695,0.028425324708223343,0.09092957526445389,0.0,0.0,0.0007562991813756526,0.00011461763301819521,,,,
1840,True,,,0.03649730980396271,,0.0,,,,,,0.0043165478855371475,0.058169394731521606,3.9278282201848924e-05,0.03829856216907501,0.02687116339802742,0.09092992544174194,0.0,0.0,0.0008198354043997824,0.00011443758572149782,,,,
1841,True,,,0.038544848561286926,,0.0,,,,,,0.005426226183772087,0.06872852146625519,3.285515049356036e-05,0.04762575402855873,0.03401549533009529,0.09093022346496582,0.0,0.0,0.0009000119171105325,0.00011425863606110287,,,,
1842,True,,,0.031917206943035126,,0.0,,,,,,0.00287750456482172,0.05360078066587448,7.68338140915148e-05,0.02567507140338421,0.016170596703886986,0.09093047678470612,0.0,0.0,0.0007485072710551322,0.0001140807844879714,,,,
1843,True,,,0.034563712775707245,,0.0,,,,,,0.0027153599075973034,0.03980813920497894,3.952490442316048e-05,0.02445094659924507,0.016480064019560814,0.0909307599067688,0.0,0.0,0.0007608813466504216,0.00011390403145029713,,,,
1844,True,,,0.041881263256073,,0.0,,,,,,0.002477077767252922,0.05097724869847298,7.262268627528101e-05,0.023037243634462357,0.014098008163273335,0.09093104302883148,0.0,0.0,0.0006353131029754877,0.00011372837739350535,,,,
1845,True,,,0.02840934880077839,,0.0,,,,,,0.002646485809236765,0.05739202722907066,4.251141945132986e-05,0.026080388575792313,0.016480037942528725,0.09093135595321655,0.0,0.0,0.0005822233506478369,0.00011355382276025205,,,,
1846,True,,,0.03676654398441315,,0.0,,,,,,0.0021664132364094257,0.050716936588287354,5.849223816767335e-05,0.02205929346382618,0.013514957390725613,0.09093163907527924,0.0,0.0,0.0005652529071085155,0.00011338036799042246,,,,
1847,True,,,0.037021562457084656,,0.0,,,,,,0.005296497605741024,0.06791145354509354,2.931088602053933e-05,0.03792596235871315,0.0245441272854805,0.0909319818019867,0.0,0.0,0.0008276115986518562,0.00011320801352113028,,,,
1848,True,,,0.03334500640630722,,0.0,,,,,,0.005588502623140812,0.06506024301052094,3.9407776057487354e-05,0.05369216576218605,0.04033516347408295,0.09093226492404938,0.0,0.0,0.0011847038986161351,0.00011303675978671612,,,,
1849,True,,,0.026282107457518578,,0.0,,,,,,0.0021850750781595707,0.05032747983932495,3.236890188418329e-05,0.023160064592957497,0.014753906987607479,0.09093280136585236,0.0,0.0,0.000527071999385953,0.000112866607218747,,,,
1850,True,,,0.035245630890131,,0.0,,,,,,0.0059050507843494415,0.07562650740146637,7.711844227742404e-05,0.056144919246435165,0.04137687012553215,0.09093327075242996,0.0,0.0,0.0008578433189541101,0.0001126975562460148,,,,
1851,True,,,0.028873590752482414,,0.0,,,,,,0.0029543880373239517,0.05679933354258537,4.0158629417419434e-05,0.028611110523343086,0.018758635967969894,0.09093372523784637,0.0,0.0,0.0005698097520507872,0.00011252960729453536,,,,
1852,True,,,0.023582549765706062,,0.0,,,,,,0.0027780267409980297,0.04766494780778885,7.246402674354613e-05,0.026987692341208458,0.018261771649122238,0.0909341499209404,0.0,0.0,0.0006164652295410633,0.00011236276078754732,,,,
1853,True,,,0.027711737900972366,,0.0,,,,,,0.003687627147883177,0.07597671449184418,4.220848131808452e-05,0.042295072227716446,0.02980220504105091,0.09093460440635681,0.0,0.0,0.0008488952880725265,0.00011219701714551119,,,,
1854,True,,,0.029056666418910027,,0.0,,,,,,0.0038669458590447903,0.048142388463020325,5.5740849347785115e-05,0.031154664233326912,0.021245691925287247,0.09093502163887024,0.0,0.0,0.0007654617074877024,0.00011203237678610821,,,,
1855,True,,,0.049120694398880005,,0.0,,,,,,0.00369481323286891,0.056088827550411224,2.8287089662626386e-05,0.030486157163977623,0.019767755642533302,0.09093545377254486,0.0,0.0,0.0007414958090521395,0.0001118688401242393,,,,
1856,True,,,0.027956483885645866,,0.0,,,,,,0.0016976462211459875,0.045117974281311035,3.911593375960365e-05,0.01738305762410164,0.009965134784579277,0.09093590080738068,0.0,0.0,0.000775481341406703,0.00011170640757202384,,,,
1857,True,,,0.038166344165802,,0.0,,,,,,0.006381032522767782,0.06625163555145264,3.5052624298259616e-05,0.05037391185760498,0.03605916351079941,0.0909363329410553,0.0,0.0,0.0010816265130415559,0.0001115450795387991,,,,
1858,True,,,0.02843220718204975,,0.0,,,,,,0.00343923456966877,0.048634305596351624,8.266136137535796e-05,0.032289884984493256,0.022752203047275543,0.09093672782182693,0.0,0.0,0.0006910317461006343,0.00011138485643111872,,,,
1859,True,,,0.04281500726938248,,0.0,,,,,,0.005691114813089371,0.06683419644832611,4.0055499994196e-05,0.05334697291254997,0.03961488604545593,0.09093714505434036,0.0,0.0,0.0010851991828531027,0.00011122573865275197,,,,
1860,True,,,0.03310765326023102,,0.0,,,,,,0.005908535793423653,0.07337866723537445,7.657636160729453e-05,0.05091458931565285,0.03638944402337074,0.09093760699033737,0.0,0.0,0.0008745795930735767,0.0001110677266046825,,,,
1861,True,,,0.04065772145986557,,0.0,,,,,,0.005402062088251114,0.06502613425254822,4.13532652601134e-05,0.04502725973725319,0.03178595006465912,0.09093809872865677,0.0,0.0,0.0009019622229970992,0.00011091082068510766,,,,
1862,True,,,0.035177163779735565,,0.0,,,,,,0.003610551357269287,0.05537151172757149,5.947600584477186e-05,0.03294360637664795,0.022505007684230804,0.09093862771987915,0.0,0.0,0.0007247057510539889,0.00011075502128943723,,,,
1863,True,,,0.04092109948396683,,0.0,,,,,,0.004936160519719124,0.07583701610565186,2.8419764930731617e-05,0.044510096311569214,0.030657418072223663,0.09093905985355377,0.0,0.0,0.0009332213667221367,0.00011060032881029241,,,,
1864,True,,,0.03191915899515152,,0.0,,,,,,0.004964268766343594,0.06367228925228119,3.955009378842078e-05,0.044828739017248154,0.032248880714178085,0.0909394845366478,0.0,0.0,0.0008780102944001555,0.00011044674363750507,,,,
1865,True,,,0.025169583037495613,,0.0,,,,,,0.002722999546676874,0.048365674912929535,3.736393045983277e-05,0.02411651238799095,0.015377169474959373,0.09093984216451645,0.0,0.0,0.0006945860222913325,0.0001102942661581165,,,,
1866,True,,,0.0402987115085125,,0.0,,,,,,0.003254041075706482,0.05456967651844025,8.24591115815565e-05,0.032167449593544006,0.022102823480963707,0.09094018489122391,0.0,0.0,0.0008766631945036352,0.00011014289675637667,,,,
1867,True,,,0.033330146223306656,,0.0,,,,,,0.006931019015610218,0.06913185119628906,3.910573650500737e-05,0.055462535470724106,0.040356069803237915,0.09094049036502838,0.0,0.0,0.0009314619819633663,0.00010999263581374296,,,,
1868,True,,,0.041363444179296494,,0.0,,,,,,0.0033414801582694054,0.06314247101545334,7.179290696512908e-05,0.02883293852210045,0.01781827211380005,0.09094086289405823,0.0,0.0,0.0006925539928488433,0.00010984348370887964,,,,
1869,True,,,0.022662963718175888,,0.0,,,,,,0.0014900866663083434,0.037553057074546814,4.240812995703891e-05,0.015901848673820496,0.009499210864305496,0.09094120562076569,0.0,0.0,0.0005165970069356263,0.00010969544081765645,,,,
1870,True,,,0.03384719789028168,,0.0,,,,,,0.0017664998304098845,0.036865174770355225,5.6978853535838425e-05,0.01778581365942955,0.011056417599320412,0.09094151109457016,0.0,0.0,0.0006479403818957508,0.00010954850751314796,,,,
1871,True,,,0.04122701287269592,,0.0,,,,,,0.0013508166885003448,0.042288392782211304,2.9045826522633433e-05,0.014185456559062004,0.007269589696079493,0.09094179421663284,0.0,0.0,0.0005443997215479612,0.00010940268416563255,,,,
1872,True,,,0.02547704614698887,,0.0,,,,,,0.0035213991068303585,0.04510434716939926,3.9391423342749476e-05,0.030857380479574203,0.02164165861904621,0.09094209223985672,0.0,0.0,0.0006944286869838834,0.0001092579711425914,,,,
1873,True,,,0.03315169736742973,,0.0,,,,,,0.005991767160594463,0.05712588131427765,3.502070467220619e-05,0.04335162416100502,0.030388817191123962,0.09094244986772537,0.0,0.0,0.0009299307130277157,0.0001091143688087076,,,,
1874,True,,,0.020779596641659737,,0.0,,,,,,0.0015363162383437157,0.04730607941746712,7.873006688896567e-05,0.017231890931725502,0.009808375500142574,0.09094297885894775,0.0,0.0,0.0004760312440339476,0.0001089718775258654,,,,
1875,True,,,0.029821401461958885,,0.0,,,,,,0.0023364268708974123,0.042535386979579926,3.995676161139272e-05,0.021139739081263542,0.013322146609425545,0.09094344824552536,0.0,0.0,0.0004770458326674998,0.00010883049765314894,,,,
1876,True,,,0.03148097172379494,,0.0,,,,,,0.005623804405331612,0.06830116361379623,7.3003422585316e-05,0.053081996738910675,0.039367325603961945,0.09094393253326416,0.0,0.0,0.0012332459446042776,0.00010869022954684177,,,,
1877,True,,,0.026189571246504784,,0.0,,,,,,0.002409431617707014,0.05683539807796478,4.2981737351510674e-05,0.024529239162802696,0.015243436209857464,0.09094449877738953,0.0,0.0,0.001040926668792963,0.00010855107356042557,,,,
1878,True,,,0.027726586908102036,,0.0,,,,,,0.004286778625100851,0.06027568504214287,6.056333222659305e-05,0.03676271066069603,0.025231363251805305,0.09094508737325668,0.0,0.0,0.000747406913433224,0.00010841303004457954,,,,
1879,True,,,0.04070776700973511,,0.0,,,,,,0.0021245412062853575,0.04293656721711159,2.9606293537653983e-05,0.018984371796250343,0.011234834790229797,0.09094563126564026,0.0,0.0,0.0008714530267752707,0.00010827609934717936,,,,
1880,True,,,0.039225030690431595,,0.0,,,,,,0.005969655700027943,0.05062486231327057,3.958933666581288e-05,0.05164707452058792,0.039293427020311356,0.09094619750976562,0.0,0.0,0.0012718578800559044,0.00010814028181329632,,,,
1881,True,,,0.03489156812429428,,0.0,,,,,,0.0028485716320574284,0.05320378765463829,3.509858652250841e-05,0.026211492717266083,0.016766607761383057,0.09094690531492233,0.0,0.0,0.0006512184045277536,0.00010800557778519662,,,,
1882,True,,,0.029095347970724106,,0.0,,,,,,0.0019532665610313416,0.03558080643415451,8.261504990514368e-05,0.01928398571908474,0.012530902400612831,0.09094755351543427,0.0,0.0,0.0009864099556580186,0.00010787198760234032,,,,
1883,True,,,0.02388911321759224,,0.0,,,,,,0.0022932717110961676,0.03770720213651657,4.0494367567589507e-05,0.020524000748991966,0.013291386887431145,0.09094826132059097,0.0,0.0,0.0006140090408734977,0.00010773951160138037,,,,
1884,True,,,0.03271938115358353,,0.0,,,,,,0.0048967949114739895,0.06042575463652611,7.663510768907145e-05,0.04109441861510277,0.028880048543214798,0.09094893932342529,0.0,0.0,0.0008599881548434496,0.00010760815011616214,,,,
1885,True,,,0.05188927799463272,,0.0,,,,,,0.0062905955128371716,0.07362127304077148,4.139000520808622e-05,0.04320110008120537,0.028099292889237404,0.09094962477684021,0.0,0.0,0.0007685074233449996,0.00010747790347772237,,,,
1886,True,,,0.023186489939689636,,0.0,,,,,,0.0038992760237306356,0.05163009464740753,6.153860886115581e-05,0.0339643619954586,0.02372993715107441,0.09095019102096558,0.0,0.0,0.0008118744008243084,0.00010734877201428818,,,,
1887,True,,,0.038159072399139404,,0.0,,,,,,0.0036977415438741446,0.052532121539115906,2.8998092602705583e-05,0.02874581702053547,0.01848926767706871,0.09095075726509094,0.0,0.0,0.0007811796967871487,0.00010722075605127658,,,,
1888,True,,,0.024375014007091522,,0.0,,,,,,0.0029495840426534414,0.05915800482034683,3.9219765312736854e-05,0.03064253181219101,0.020604275166988373,0.09095132350921631,0.0,0.0,0.0006484483019448817,0.00010709385591129335,,,,
1889,True,,,0.03755039721727371,,0.0,,,,,,0.003529298584908247,0.05679360032081604,3.435953112784773e-05,0.029944898560643196,0.019434038549661636,0.09095185995101929,0.0,0.0,0.0006723853875882924,0.00010696807191413233,,,,
1890,True,,,0.05528680980205536,,0.0,,,,,,0.00530972657725215,0.06416718661785126,7.808056398062035e-05,0.04283473268151283,0.029606860131025314,0.09095235913991928,0.0,0.0,0.0009205706883221865,0.00010684340437677484,,,,
1891,True,,,0.03031187877058983,,0.0,,,,,,0.002149927895516157,0.04047229886054993,3.943443516618572e-05,0.01962566003203392,0.012196135707199574,0.09095288068056107,0.0,0.0,0.0006533461855724454,0.00010671985361338838,,,,
1892,True,,,0.020915528759360313,,0.0,,,,,,0.001964764203876257,0.046959348022937775,7.306463521672413e-05,0.01935339905321598,0.011537479236721992,0.09095337241888046,0.0,0.0,0.0004956123884767294,0.00010659741993532628,,,,
1893,True,,,0.023404039442539215,,0.0,,,,,,0.0027837641537189484,0.04407831281423569,4.178793460596353e-05,0.024899108335375786,0.016543041914701462,0.09095379710197449,0.0,0.0,0.0006605366943404078,0.0001064761036511268,,,,
1894,True,,,0.04330403357744217,,0.0,,,,,,0.005493318196386099,0.06845170259475708,5.6787139328662306e-05,0.047150835394859314,0.03344137221574783,0.09095422923564911,0.0,0.0,0.0009383325232192874,0.00010635590506651226,,,,
1895,True,,,0.028401615098118782,,0.0,,,,,,0.003832925111055374,0.047160305082798004,2.881152249756269e-05,0.030153661966323853,0.02039673738181591,0.09095456451177597,0.0,0.0,0.0007635637884959579,0.00010623682448438836,,,,
1896,True,,,0.028239408507943153,,0.0,,,,,,0.00356163433752954,0.046690113842487335,3.927699799533002e-05,0.031108887866139412,0.02166666090488434,0.09095487743616104,0.0,0.0,0.0005920447292737663,0.00010611886220484329,,,,
1897,True,,,0.035798318684101105,,0.0,,,,,,0.0027315784245729446,0.059441033750772476,3.4501928894314915e-05,0.02544534206390381,0.01548487413674593,0.09095517545938492,0.0,0.0,0.000650088069960475,0.00010600201852514723,,,,
1898,True,,,0.026354040950536728,,0.0,,,,,,0.003824576735496521,0.048813801258802414,7.798894512234256e-05,0.03125537186861038,0.021337322890758514,0.09095554053783417,0.0,0.0,0.0008172005764208734,0.00010588629373975132,,,,
1899,True,,,0.03898397833108902,,0.0,,,,,,0.004021910019218922,0.0609341636300087,3.936360735679045e-05,0.0385097973048687,0.0270753875374794,0.09095590561628342,0.0,0.0,0.0007483913796022534,0.00010577168814028705,,,,
1900,True,,,0.040659382939338684,,0.0,,,,,,0.0032195337116718292,0.05309519171714783,7.342926983255893e-05,0.031031440943479538,0.021149516105651855,0.09095632284879684,0.0,0.0,0.0009288753499276936,0.00010565820201556558,0.00038477718257418314,0.0004905271265078179,0.0007370567378861387,2.5545593326555066e-05
1901,True,,,0.0298755019903183,,0.0,,,,,,0.0025939256884157658,0.040563344955444336,4.181700205663219e-05,0.021589970216155052,0.013710479252040386,0.09095676988363266,0.0,0.0,0.0006660695653408766,0.0001055458356515769,,,,
1902,True,,,0.02711808681488037,,0.0,,,,,,0.003336610272526741,0.056411754339933395,5.6563352700322866e-05,0.03312184289097786,0.02293502166867256,0.09095712006092072,0.0,0.0,0.0007810291135683656,0.0001054345893314891,,,,
1903,True,,,0.028977686539292336,,0.0,,,,,,0.002166958525776863,0.03733798861503601,2.891597614507191e-05,0.020641885697841644,0.013527316972613335,0.09095758199691772,0.0,0.0,0.0006441323785111308,0.00010532446333564781,,,,
1904,True,,,0.02858833223581314,,0.0,,,,,,0.002804999705404043,0.044687286019325256,3.914061744580977e-05,0.02466709353029728,0.016178332269191742,0.09095793962478638,0.0,0.0,0.0007672709762118757,0.0001052154579415753,,,,
1905,True,,,0.041906632483005524,,0.0,,,,,,0.0044023627415299416,0.07053962349891663,3.406724863452837e-05,0.03653058409690857,0.02372857555747032,0.09095832705497742,0.0,0.0,0.0007928038248792291,0.00010510757342397005,,,,
1906,True,,,0.03331612050533295,,0.0,,,,,,0.0026239063590765,0.05703629553318024,7.82949646236375e-05,0.025985270738601685,0.016375837847590446,0.09095876663923264,0.0,0.0,0.0006705325795337558,0.00010500081005470561,,,,
1907,True,,,0.0307165514677763,,0.0,,,,,,0.0036929589696228504,0.05095977336168289,3.941803515772335e-05,0.03260915353894234,0.022583751007914543,0.09095917642116547,0.0,0.0,0.0006857496919110417,0.00010489516810283035,,,,
1908,True,,,0.037971965968608856,,0.0,,,,,,0.004555137827992439,0.058564383536577225,7.312529487535357e-05,0.03497529774904251,0.023237843066453934,0.0909595638513565,0.0,0.0,0.0008362423395738006,0.00010479064783456665,,,,
1909,True,,,0.025113588199019432,,0.0,,,,,,0.003851483343169093,0.05323628708720207,4.188925231574103e-05,0.03229599818587303,0.02193920500576496,0.09095998853445053,0.0,0.0,0.000687784340698272,0.0001046872495133102,,,,
1910,True,,,0.028664883226156235,,0.0,,,,,,0.0022103162482380867,0.039002664387226105,5.6934495660243556e-05,0.021701393648982048,0.0143660893663764,0.0909605547785759,0.0,0.0,0.0005329513223841786,0.00010458497339962916,,,,
1911,True,,,0.041006430983543396,,0.0,,,,,,0.006013590842485428,0.06570564210414886,2.926350680354517e-05,0.04821702837944031,0.03429856523871422,0.09096106141805649,0.0,0.0,0.0010041777277365327,0.00010448381975126387,,,,
1912,True,,,0.04069000482559204,,0.0,,,,,,0.003337578848004341,0.04225499555468559,3.894781548297033e-05,0.02494959346950054,0.01605052500963211,0.09096157550811768,0.0,0.0,0.0008108819019980729,0.00010438378882312597,,,,
1913,True,,,0.032244838774204254,,0.0,,,,,,0.004025619942694902,0.05827806890010834,3.374139123479836e-05,0.038211990147829056,0.027109621092677116,0.09096212685108185,0.0,0.0,0.0007938622147776186,0.0001042848808672977,,,,
1914,True,,,0.0303974449634552,,0.0,,,,,,0.004941250663250685,0.056569330394268036,8.334797894349322e-05,0.0432417131960392,0.03138825297355652,0.0909627303481102,0.0,0.0,0.0008436504867859185,0.00010418709613303144,,,,
1915,True,,,0.026061197742819786,,0.0,,,,,,0.0024098651483654976,0.04673747345805168,3.9450405893148854e-05,0.023737134411931038,0.015463552437722683,0.09096318483352661,0.0,0.0,0.0006613046280108392,0.00010409043486674903,,,,
1916,True,,,0.035833682864904404,,0.0,,,,,,0.0044371746480464935,0.06948345899581909,7.315581024158746e-05,0.039234060794115067,0.026543987914919853,0.09096360206604004,0.0,0.0,0.0006844838499091566,0.00010399489731204107,,,,
1917,True,,,0.02699308656156063,,0.0,,,,,,0.0017318222671747208,0.03315962105989456,4.1245173633797094e-05,0.016927208751440048,0.010679231956601143,0.09096396714448929,0.0,0.0,0.0005396841443143785,0.00010390048370966635,,,,
1918,True,,,0.0271918922662735,,0.0,,,,,,0.0031377028208225965,0.04823736101388931,5.676336513715796e-05,0.027073737233877182,0.017902355641126633,0.09096433967351913,0.0,0.0,0.0007735711988061666,0.00010380719429755126,,,,
1919,True,,,0.036249417811632156,,0.0,,,,,,0.0026367437094449997,0.049866147339344025,2.8731170459650457e-05,0.02305794134736061,0.014148076064884663,0.09096468240022659,0.0,0.0,0.0006460390868596733,0.00010371502931078926,,,,
1920,True,,,0.03287118300795555,,0.0,,,,,,0.004634884186089039,0.06240882724523544,3.857066622003913e-05,0.03964964300394058,0.027516229078173637,0.09096505492925644,0.0,0.0,0.0010428216774016619,0.00010362398898164005,,,,
1921,True,,,0.03758193179965019,,0.0,,,,,,0.0025836224667727947,0.0383322536945343,3.345728327985853e-05,0.025333210825920105,0.01761416159570217,0.09096550941467285,0.0,0.0,0.0006712969043292105,0.00010353407353952934,,,,
1922,True,,,0.027189403772354126,,0.0,,,,,,0.0033100934233516455,0.05086686089634895,7.682880823267624e-05,0.02790725789964199,0.018290510401129723,0.09096600860357285,0.0,0.0,0.0006785615114495158,0.00010344528321104786,,,,
1923,True,,,0.033626917749643326,,0.0,,,,,,0.003875735215842724,0.05383581668138504,4.017659739474766e-05,0.03398491069674492,0.023459572345018387,0.09096649289131165,0.0,0.0,0.0006208019913174212,0.00010335761821995115,,,,
1924,True,,,0.03147640824317932,,0.0,,,,,,0.002314681187272072,0.04709074646234512,7.52713531255722e-05,0.022167639806866646,0.013881814666092396,0.09096693992614746,0.0,0.0,0.0004987448337487876,0.0001032710787871588,,,,
1925,True,,,0.02970464713871479,,0.0,,,,,,0.006557847838848829,0.06600840389728546,4.16575167037081e-05,0.05347323417663574,0.03908699378371239,0.09096737951040268,0.0,0.0,0.0010187517618760467,0.00010318566513075406,,,,
1926,True,,,0.02373393625020981,,0.0,,,,,,0.002050030045211315,0.04275951161980629,6.166956154629588e-05,0.022452497854828835,0.014948664233088493,0.09096783399581909,0.0,0.0,0.0006244740798138082,0.00010310137746598295,,,,
1927,True,,,0.01960657350718975,,0.0,,,,,,0.0029776780866086483,0.048076801002025604,2.91627711703768e-05,0.029559586197137833,0.020653897896409035,0.09096824377775192,0.0,0.0,0.0007549739675596356,0.00010301821600525412,,,,
1928,True,,,0.031350817531347275,,0.0,,,,,,0.004268956370651722,0.05598314851522446,3.941461181966588e-05,0.03795536980032921,0.02684519626200199,0.09096872806549072,0.0,0.0,0.0007698317640461028,0.00010293618095813809,,,,
1929,True,,,0.03997048735618591,,0.0,,,,,,0.005670163780450821,0.05948493629693985,3.4739787224680185e-05,0.04849884286522865,0.03555341809988022,0.09096923470497131,0.0,0.0,0.0009521544561721385,0.0001028552725313668,,,,
1930,True,,,0.03179815411567688,,0.0,,,,,,0.005017560441046953,0.05605683475732803,8.310728298965842e-05,0.04222514107823372,0.030332662165164948,0.09096966683864594,0.0,0.0,0.0007556409691460431,0.00010277549092883288,,,,
1931,True,,,0.03351263329386711,,0.0,,,,,,0.0029318262822926044,0.05526743829250336,4.026199894724414e-05,0.02725783735513687,0.01753430813550949,0.09097005426883698,0.0,0.0,0.0006406307220458984,0.00010269683635158957,,,,
1932,True,,,0.038868702948093414,,0.0,,,,,,0.003095547668635845,0.06342846155166626,7.485652895411476e-05,0.02725345455110073,0.016479242593050003,0.09097038209438324,0.0,0.0,0.0007360475137829781,0.00010261930899784984,,,,
1933,True,,,0.021404234692454338,,0.0,,,,,,0.0020045763812959194,0.03411330282688141,4.205753066344187e-05,0.021010061725974083,0.014449377544224262,0.09097074717283249,0.0,0.0,0.0006827800534665585,0.00010254290906298596,,,,
1934,True,,,0.02323613315820694,,0.0,,,,,,0.0035126302391290665,0.052723176777362823,6.158383621368557e-05,0.034866053611040115,0.024908240884542465,0.09097108989953995,0.0,0.0,0.0007722133304923773,0.00010246763673952914,,,,
1935,True,,,0.0350131094455719,,0.0,,,,,,0.002748398808762431,0.05650685727596283,3.0101557058515027e-05,0.027255862951278687,0.017581881955266,0.09097141027450562,0.0,0.0,0.0008316955645568669,0.00010239349221716882,,,,
1936,True,,,0.024505548179149628,,0.0,,,,,,0.003165514674037695,0.050675638020038605,3.956136788474396e-05,0.03061351552605629,0.021205883473157883,0.09097170829772949,0.0,0.0,0.0007844549254514277,0.0001023204756827526,,,,
1937,True,,,0.03220131993293762,,0.0,,,,,,0.003444795263931155,0.06594642996788025,3.559778269845992e-05,0.03545580431818962,0.024166831746697426,0.09097204357385635,0.0,0.0,0.0007289686473086476,0.00010224858732028521,,,,
1938,True,,,0.028621254488825798,,0.0,,,,,,0.00426968839019537,0.06010589376091957,8.243246702477336e-05,0.03741905838251114,0.02590162493288517,0.09097231924533844,0.0,0.0,0.0006683755782432854,0.0001021778273109285,,,,
1939,True,,,0.034606266766786575,,0.0,,,,,,0.0028334488160908222,0.04221078008413315,4.02741388825234e-05,0.02553999423980713,0.01720954291522503,0.09097260236740112,0.0,0.0,0.0007347890641540289,0.00010210819583300074,,,,
1940,True,,,0.028911370784044266,,0.0,,,,,,0.0026527640875428915,0.044797107577323914,7.315768743865192e-05,0.026029463857412338,0.01766156777739525,0.0909728854894638,0.0,0.0,0.0007179056410677731,0.00010203969306197638,,,,
1941,True,,,0.033362604677677155,,0.0,,,,,,0.0023346098605543375,0.04181163012981415,4.334074765210971e-05,0.020913703367114067,0.013132902793586254,0.09097312390804291,0.0,0.0,0.0005867514992132783,0.00010197231917048539,,,,
1942,True,,,0.03125201165676117,,0.0,,,,,,0.0028878548182547092,0.04120654612779617,5.60980370210018e-05,0.027233242988586426,0.018974430859088898,0.09097332507371902,0.0,0.0,0.0006469068466685712,0.00010190607432831282,,,,
1943,True,,,0.032125018537044525,,0.0,,,,,,0.0037462799809873104,0.04743717610836029,2.9712557079619728e-05,0.025970203801989555,0.01623436249792576,0.09097360074520111,0.0,0.0,0.0008096503443084657,0.00010184095870239864,,,,
1944,True,,,0.03236212581396103,,0.0,,,,,,0.0034513790160417557,0.05315244942903519,3.9821672544348985e-05,0.030027171596884727,0.02000727504491806,0.09097392112016678,0.0,0.0,0.0007423142669722438,0.00010177697245683706,,,,
1945,True,,,0.02879318967461586,,0.0,,,,,,0.004230511374771595,0.05607018992304802,3.5682904126588255e-05,0.03511490672826767,0.024061862379312515,0.09097425639629364,0.0,0.0,0.0008290017140097916,0.00010171411575287623,,,,
1946,True,,,0.026742391288280487,,0.0,,,,,,0.0034031409304589033,0.046423137187957764,8.289673132821918e-05,0.029421651735901833,0.020157579332590103,0.0909745842218399,0.0,0.0,0.0007221234263852239,0.00010165238874891775,,,,
1947,True,,,0.026370186358690262,,0.0,,,,,,0.003998450469225645,0.0550827831029892,3.995247243437916e-05,0.03662053868174553,0.025920383632183075,0.09097488224506378,0.0,0.0,0.0007515847100876272,0.00010159179160051638,,,,
1948,True,,,0.036665380001068115,,0.0,,,,,,0.00601554661989212,0.06854009628295898,7.2761184128467e-05,0.05020977184176445,0.03602743148803711,0.09097510576248169,0.0,0.0,0.0009495808626525104,0.00010153232446037961,,,,
1949,True,,,0.03141888231039047,,0.0,,,,,,0.0039041980635374784,0.0594048798084259,4.3128380639245734e-05,0.033989641815423965,0.022899452596902847,0.09097541868686676,0.0,0.0,0.0006630021380260587,0.00010147398747836714,,,,
1950,True,,,0.041490789502859116,,0.0,,,,,,0.003092034487053752,0.05377202108502388,5.583467645919882e-05,0.030305763706564903,0.020483944565057755,0.09097574651241302,0.0,0.0,0.0006831648061051965,0.00010141678080149081,,,,
1951,True,,,0.025271520018577576,,0.0,,,,,,0.004301600158214569,0.05125975236296654,2.882003172999248e-05,0.038862891495227814,0.0282584298402071,0.09097611159086227,0.0,0.0,0.0007957582711242139,0.00010136070457391395,,,,
1952,True,,,0.031039973720908165,,0.0,,,,,,0.0023839310742914677,0.03885385021567345,3.937894871341996e-05,0.02163613773882389,0.014126966707408428,0.0909765213727951,0.0,0.0,0.0007085881079547107,0.000101305758936951,,,,
1953,True,,,0.03585712984204292,,0.0,,,,,,0.004920072387903929,0.05334937199950218,3.522360202623531e-05,0.045676279813051224,0.03413531929254532,0.09097681939601898,0.0,0.0,0.0010851573897525668,0.00010125194402906743,,,,
1954,True,,,0.02630946971476078,,0.0,,,,,,0.005760946776717901,0.05885934829711914,7.738290878478438e-05,0.05045592412352562,0.03759748488664627,0.09097716212272644,0.0,0.0,0.0009695403859950602,0.00010119925998587914,,,,
1955,True,,,0.03423269838094711,,0.0,,,,,,0.0033087986521422863,0.04653862491250038,3.945985372411087e-05,0.030295656993985176,0.021061165258288383,0.09097747504711151,0.0,0.0,0.0007030545966699719,0.00010114770694015224,,,,
1956,True,,,0.03987710177898407,,0.0,,,,,,0.003918148577213287,0.05201158672571182,7.267743058037013e-05,0.032186754047870636,0.02172255888581276,0.09097778797149658,0.0,0.0,0.0009627590188756585,0.00010109728502180271,,,,
1957,True,,,0.026366326957941055,,0.0,,,,,,0.002824060618877411,0.045865245163440704,4.2204512283205986e-05,0.024761827662587166,0.016156695783138275,0.09097810089588165,0.0,0.0,0.0006446578190661967,0.00010104799435789584,,,,
1958,True,,,0.03074946254491806,,0.0,,,,,,0.0028033878188580275,0.044282812625169754,6.048641444067471e-05,0.02620769292116165,0.017728501930832863,0.09097838401794434,0.0,0.0,0.000612684350926429,0.00010099983507264638,,,,
1959,True,,,0.03677857667207718,,0.0,,,,,,0.004396746400743723,0.060343433171510696,2.9512637411244214e-05,0.04010844975709915,0.02838503196835518,0.09097859263420105,0.0,0.0,0.0008922977140173316,0.00010095280728741776,,,,
1960,True,,,0.020805779844522476,,0.0,,,,,,0.002797036897391081,0.03855225816369057,3.995412407675758e-05,0.025842463597655296,0.018052376806735992,0.09097883850336075,0.0,0.0,0.0008399476064369082,0.00010090691112072212,,,,
1961,True,,,0.03655710816383362,,0.0,,,,,,0.0034284922294318676,0.06952555477619171,3.364141957717948e-05,0.03347642719745636,0.021803196519613266,0.09097906947135925,0.0,0.0,0.0007827791851013899,0.00010086214668821973,,,,
1962,True,,,0.029173463582992554,,0.0,,,,,,0.002714843023568392,0.043614037334918976,8.253166743088514e-05,0.02696317806839943,0.01864413544535637,0.09097937494516373,0.0,0.0,0.0006998240132816136,0.00010081851410271897,,,,
1963,True,,,0.025698835030198097,,0.0,,,,,,0.0040163639932870865,0.05239849537611008,4.0815251850290224e-05,0.03884825110435486,0.02840484119951725,0.09097961336374283,0.0,0.0,0.000784164818469435,0.00010077601347417586,,,,
1964,True,,,0.05511479452252388,,0.0,,,,,,0.0025332251098006964,0.04664512723684311,7.593080954393372e-05,0.023479685187339783,0.014783035032451153,0.09097989648580551,0.0,0.0,0.0007561229867860675,0.00010073464490969382,,,,
1965,True,,,0.023000460118055344,,0.0,,,,,,0.002250482328236103,0.042389340698719025,4.184443605481647e-05,0.023674575611948967,0.016024429351091385,0.09098019450902939,0.0,0.0,0.0005202803877182305,0.00010069440851352342,,,,
1966,True,,,0.034824661910533905,,0.0,,,,,,0.003647269681096077,0.050242286175489426,6.0933001805096865e-05,0.02986304648220539,0.01990303210914135,0.09098049998283386,0.0,0.0,0.0006386692402884364,0.00010065530438706216,,,,
1967,True,,,0.029074206948280334,,0.0,,,,,,0.003387190168723464,0.04843442887067795,2.778482303256169e-05,0.03061763010919094,0.021172553300857544,0.09098087251186371,0.0,0.0,0.0007262514554895461,0.00010061733262885411,,,,
1968,True,,,0.03748435899615288,,0.0,,,,,,0.0033226206433027983,0.044917285442352295,3.9315196772804484e-05,0.026628907769918442,0.017510246485471725,0.090981125831604,0.0,0.0,0.0008318647742271423,0.00010058049333458984,,,,
1969,True,,,0.036342062056064606,,0.0,,,,,,0.004947861656546593,0.049539100378751755,3.4057848097290844e-05,0.040672849863767624,0.029480814933776855,0.09098144620656967,0.0,0.0,0.0011111522326245904,0.00010054478659710588,,,,
1970,True,,,0.03746335953474045,,0.0,,,,,,0.004322870168834925,0.06146020069718361,7.627400191267952e-05,0.04143620654940605,0.02964472770690918,0.09098173677921295,0.0,0.0,0.0010182708501815796,0.00010051021250638484,,,,
1971,True,,,0.0261752437800169,,0.0,,,,,,0.0037979725748300552,0.048587314784526825,3.938949521398172e-05,0.03222711756825447,0.02237914502620697,0.09098216146230698,0.0,0.0,0.000741457799449563,0.00010047677114955494,,,,
1972,True,,,0.02683335170149803,,0.0,,,,,,0.0014335470041260123,0.041540395468473434,7.242969877552241e-05,0.015008702874183655,0.008206741884350777,0.0909826010465622,0.0,0.0,0.0004548709839582443,0.00010044446261088981,,,,
1973,True,,,0.03554253652691841,,0.0,,,,,,0.003790583461523056,0.059731945395469666,4.249893390806392e-05,0.0349029004573822,0.023852616548538208,0.09098298102617264,0.0,0.0,0.0007571917958557606,0.00010041328697180838,,,,
1974,True,,,0.029324697330594063,,0.0,,,,,,0.005719962529838085,0.06078330799937248,6.182247307151556e-05,0.04951408877968788,0.03648180514574051,0.0909833163022995,0.0,0.0,0.0008339909836649895,0.0001003832443108747,,,,
1975,True,,,0.020482994616031647,,0.0,,,,,,0.003171476535499096,0.053641874343156815,2.9284445190569386e-05,0.030233154073357582,0.020568180829286575,0.09098362177610397,0.0,0.0,0.0006387409521266818,0.00010035433470379751,,,,
1976,True,,,0.026338933035731316,,0.0,,,,,,0.0026673597749322653,0.04833801090717316,4.001217894256115e-05,0.024005688726902008,0.015311293303966522,0.09098383039236069,0.0,0.0,0.0006290970486588776,0.00010032655822343028,,,,
1977,True,,,0.0344352126121521,,0.0,,,,,,0.002502972027286887,0.046387929469347,3.3371627068845555e-05,0.023126060143113136,0.014713415876030922,0.090984046459198,0.0,0.0,0.0005449805175885558,0.00010029991493977102,,,,
1978,True,,,0.04061702638864517,,0.0,,,,,,0.0011360426433384418,0.026739373803138733,7.768120121909305e-05,0.011659210547804832,0.006494377739727497,0.09098421037197113,0.0,0.0,0.0006845881580375135,0.00010027440491996191,,,,
1979,True,,,0.04345379024744034,,0.0,,,,,,0.0046440353617072105,0.052000585943460464,3.941991599276662e-05,0.03978731110692024,0.02857912704348564,0.09098439663648605,0.0,0.0,0.0009504565969109535,0.00010025002822828929,,,,
1980,True,,,0.03281240165233612,,0.0,,,,,,0.001424257643520832,0.026937007904052734,7.294969691429287e-05,0.013277090154588223,0.007884688675403595,0.09098456799983978,0.0,0.0,0.0005561566213145852,0.00010022678492618359,,,,
1981,True,,,0.03158821910619736,,0.0,,,,,,0.003596917260438204,0.0565197728574276,4.231363709550351e-05,0.03324032202363014,0.022744540125131607,0.09098473191261292,0.0,0.0,0.0007227776222862303,0.00010020467507221886,,,,
1982,True,,,0.03230505809187889,,0.0,,,,,,0.003617309033870697,0.05183849856257439,5.684785355697386e-05,0.028453370556235313,0.018390890210866928,0.09098489582538605,0.0,0.0,0.0007154555642046034,0.00010018369872211292,,,,
1983,True,,,0.03876371681690216,,0.0,,,,,,0.0036544036120176315,0.050419263541698456,2.9776643714285456e-05,0.03023231215775013,0.020223606377840042,0.09098503738641739,0.0,0.0,0.0008193488465622067,0.00010016385592872706,,,,
1984,True,,,0.03782765939831734,,0.0,,,,,,0.002854608930647373,0.05407298356294632,3.9014328649500385e-05,0.029584044590592384,0.020014500245451927,0.09098520129919052,0.0,0.0,0.0007456615567207336,0.00010014514674206606,,,,
1985,True,,,0.029519513249397278,,0.0,,,,,,0.0040278928354382515,0.05826710909605026,3.397472755750641e-05,0.03711555153131485,0.026038913056254387,0.09098535776138306,0.0,0.0,0.0008036927902139723,0.00010012757120927782,,,,
1986,True,,,0.023051023483276367,,0.0,,,,,,0.003412345191463828,0.05935164541006088,7.63623247621581e-05,0.033955324441194534,0.02342926897108555,0.09098551422357559,0.0,0.0,0.0006373423966579139,0.00010011112937465346,,,,
1987,True,,,0.03211461007595062,,0.0,,,,,,0.0017069111345335841,0.037924762815237045,3.9382292015943676e-05,0.016909433528780937,0.010159352794289589,0.09098563343286514,0.0,0.0,0.0006154917064122856,0.00010009582127962713,,,,
1988,True,,,0.037853777408599854,,0.0,,,,,,0.006562892347574234,0.07076895236968994,7.314726826734841e-05,0.0561116561293602,0.0411469005048275,0.09098571538925171,0.0,0.0,0.001264544203877449,0.00010008164696277595,,,,
1989,True,,,0.037058986723423004,,0.0,,,,,,0.005904444959014654,0.06676452606916428,4.137797441217117e-05,0.05213210731744766,0.03825007379055023,0.09098571538925171,0.0,0.0,0.0008983620791696012,0.00010006860645981972,,,,
1990,True,,,0.056673623621463776,,0.0,,,,,,0.007036884780973196,0.07514850795269012,5.644464908982627e-05,0.05770253390073776,0.04164598137140274,0.09098565578460693,0.0,0.0,0.0010547942947596312,0.00010005669980362117,,,,
1991,True,,,0.031167082488536835,,0.0,,,,,,0.0020953742787241936,0.03847471624612808,2.8690677936538123e-05,0.019741978496313095,0.01256326213479042,0.0909854993224144,0.0,0.0,0.0005246613291092217,0.00010004592702418552,,,,
1992,True,,,0.025150705128908157,,0.0,,,,,,0.0032633680384606123,0.05289960652589798,3.901615855284035e-05,0.028998706489801407,0.01926450803875923,0.09098535031080246,0.0,0.0,0.0005261305486783385,0.00010003628814866067,,,,
1993,True,,,0.04050741717219353,,0.0,,,,,,0.0033408435992896557,0.05918242409825325,3.5098069929517806e-05,0.028852127492427826,0.018260564655065536,0.09098521620035172,0.0,0.0,0.001107482356019318,0.00010002778320133702,,,,
1994,True,,,0.035684000700712204,,0.0,,,,,,0.0027575641870498657,0.05707892030477524,7.749134965706617e-05,0.026392586529254913,0.016621693968772888,0.09098510444164276,0.0,0.0,0.0007204025750979781,0.0001000204122036474,,,,
1995,True,,,0.027934152632951736,,0.0,,,,,,0.0025988772977143526,0.053325362503528595,3.9172078686533496e-05,0.023778587579727173,0.01463839691132307,0.09098495543003082,0.0,0.0,0.0006385720334947109,0.00010001417517416702,,,,
1996,True,,,0.039250604808330536,,0.0,,,,,,0.0038450630381703377,0.06212277710437775,7.282965816557407e-05,0.0325000062584877,0.02110389620065689,0.0909847766160965,0.0,0.0,0.0011861955281347036,0.00010000907212861354,,,,
1997,True,,,0.027151640504598618,,0.0,,,,,,0.0014103783760219812,0.044617779552936554,4.2768508137669414e-05,0.01546458899974823,0.008389686234295368,0.0909845307469368,0.0,0.0,0.00045915297232568264,0.00010000510307984676,,,,
1998,True,,,0.02837609313428402,,0.0,,,,,,0.0033652805723249912,0.05271899327635765,5.6157135986723006e-05,0.03102915920317173,0.021170295774936676,0.09098432958126068,0.0,0.0,0.0006790991756133735,0.00010000226803786893,,,,
1999,True,,,0.043355584144592285,,0.0,,,,,,0.005313086323440075,0.07733699679374695,2.901044899772387e-05,0.04515598341822624,0.030751291662454605,0.09098419547080994,0.0,0.0,0.0008881136309355497,0.00010000056700982445,,,,
2000,True,,,0.03478778153657913,,0.0,,,,,,0.004453469067811966,0.06694760918617249,3.9130136428866535e-05,0.03640109673142433,0.023975584656000137,0.090984046459198,0.0,0.0,0.0007178030209615827,0.0001,0.0004637201029011969,0.0005033262616508263,0.00010285829083766958,1.3933850680895956e-05
