method,parameter_space,test_index,seed,layer,error_l2,owner_error_dot,owner_error_cosine,owner_gradient_l2,quality_error_dot,quality_error_cosine,quality_gradient_l2,ownership_score,image_mse
fixed_ptq_w8_c1.0_test,quantized,0,3459,conv_in.weight,0.0837320263089241,-6.235654976354901e-05,-0.008426440271281851,0.08837843958323914,4.490652164600963e-07,0.03267117485405167,0.00016415460247219013,0.05988333374261856,3.705482185978326e-06
fixed_ptq_w8_c1.0_test,quantized,0,3459,up_blocks.0.resnets.0.conv1.weight,1.1918811636973365,-3.9827495304254425e-06,-0.00012969935577993125,0.02576393648586658,4.0972628735404546e-07,0.005943850152787572,5.783530364228965e-05,0.05988333374261856,3.705482185978326e-06
fixed_ptq_w8_c1.0_test,quantized,0,3459,up_blocks.0.resnets.0.conv2.weight,0.8195175184916672,-2.8457353463749906e-05,-0.0009052335749806068,0.03835973629686476,1.3053853452084488e-07,0.0018547908565405983,8.587871644058385e-05,0.05988333374261856,3.705482185978326e-06
fixed_ptq_w8_c1.0_test,quantized,0,3459,up_blocks.0.resnets.1.conv1.weight,1.2024793667778395,2.2951094623082676e-06,6.670949109911382e-05,0.028611336344417676,3.44336704189947e-07,0.004159303856138545,6.884700250861137e-05,0.05988333374261856,3.705482185978326e-06
fixed_ptq_w8_c1.0_test,quantized,0,3459,up_blocks.0.resnets.1.conv2.weight,0.76366091380036,2.259281388893165e-05,0.000655944121509846,0.04510273911546349,1.4880053156177608e-07,0.001863711245225409,0.00010455030260783412,0.05988333374261856,3.705482185978326e-06
fixed_ptq_w8_c1.0_test,quantized,0,3459,up_blocks.0.resnets.2.conv1.weight,1.258696229445508,9.332287108539615e-06,0.000256700211426279,0.028882909126175794,3.8496611703689986e-07,0.004527079549642066,6.755903683760802e-05,0.05988333374261856,3.705482185978326e-06
fixed_ptq_w8_c1.0_test,quantized,0,3459,up_blocks.0.resnets.2.conv2.weight,0.7679976490921732,1.3717041370328313e-05,0.0003915834099821313,0.045611701540214614,9.598913739970785e-08,0.0013633798456146487,9.167382001709759e-05,0.05988333374261856,3.705482185978326e-06
fixed_ptq_w8_c1.0_test,quantized,0,3459,up_blocks.0.upsamplers.0.conv.weight,0.4598796936225145,-1.0322762145396783e-05,-0.00016375215655873088,0.1370770214238876,6.724118489179151e-07,0.00549848910400457,0.00026591801217924814,0.05988333374261856,3.705482185978326e-06
fixed_ptq_w8_c1.0_test,quantized,0,3459,up_blocks.1.resnets.0.conv1.weight,1.1605746129245327,3.2504063640450554e-05,0.0008128206897052366,0.034456395489857405,2.4175474348958087e-07,0.0025985118378774215,8.016360477345488e-05,0.05988333374261856,3.705482185978326e-06
fixed_ptq_w8_c1.0_test,quantized,0,3459,up_blocks.1.resnets.0.conv2.weight,1.1144503949102627,-9.826962453897252e-06,-0.0002523981321283092,0.03493593876569223,2.2650309728464064e-07,0.002681080958616773,7.580598136636974e-05,0.05988333374261856,3.705482185978326e-06
fixed_ptq_w8_c1.0_test,quantized,0,3459,up_blocks.1.resnets.1.conv1.weight,1.1838596364530638,-3.7635150200523786e-05,-0.0009145603986137705,0.034760102463860736,3.4945775649055894e-07,0.004054771387884466,7.279944988669912e-05,0.05988333374261856,3.705482185978326e-06
fixed_ptq_w8_c1.0_test,quantized,0,3459,up_blocks.1.resnets.1.conv2.weight,1.0681922737846614,-4.435269947202225e-06,-0.00011559114170207195,0.035920805929056346,2.5302356646032333e-07,0.003292650206713876,7.193925641432021e-05,0.05988333374261856,3.705482185978326e-06
fixed_ptq_w8_c1.0_test,quantized,0,3459,up_blocks.1.resnets.2.conv1.weight,1.1443847282752029,-1.4693182549998504e-05,-0.0003181250156152418,0.04035952068126756,2.702444317430136e-07,0.0031612186069042143,7.470164598438908e-05,0.05988333374261856,3.705482185978326e-06
fixed_ptq_w8_c1.0_test,quantized,0,3459,up_blocks.1.resnets.2.conv2.weight,0.9794177813243862,1.1693777105725389e-05,0.000338319456193365,0.035290665895577396,9.003309277081561e-08,0.0014276676944488188,6.438831386277528e-05,0.05988333374261856,3.705482185978326e-06
fixed_ptq_w8_c1.0_test,quantized,0,3459,up_blocks.1.upsamplers.0.conv.weight,0.5073170002166529,6.920346509191672e-05,0.0011217286378936327,0.12160757191295378,2.7515026760045127e-07,0.002930894878186143,0.00018505050804839583,0.05988333374261856,3.705482185978326e-06
fixed_ptq_w8_c1.0_test,quantized,0,3459,up_blocks.2.resnets.0.conv1.weight,0.7521863972157539,-2.440007182596617e-05,-0.0009008803815921585,0.03600795855900524,1.5294965066350725e-07,0.0030240864415810795,6.724017160231028e-05,0.05988333374261856,3.705482185978326e-06
fixed_ptq_w8_c1.0_test,quantized,0,3459,up_blocks.2.resnets.0.conv2.weight,0.6131526755805556,-2.3555569681444444e-05,-0.0012762386500471483,0.03010184335432117,9.910342257988869e-08,0.0033341084699462253,4.84775095712434e-05,0.05988333374261856,3.705482185978326e-06
fixed_ptq_w8_c1.0_test,quantized,0,3459,up_blocks.2.resnets.0.conv_shortcut.weight,0.052282203692116065,4.440894132273029e-05,0.002625531613511198,0.32351862144953863,2.117081109511269e-07,0.008932879592016075,0.000453306693772373,0.05988333374261856,3.705482185978326e-06
fixed_ptq_w8_c1.0_test,quantized,0,3459,up_blocks.2.resnets.1.conv1.weight,0.4851332093365615,-2.6456230304796052e-05,-0.0014345894211895995,0.03801362916041929,1.1111136600099791e-07,0.002951647743330504,7.759486028110767e-05,0.05988333374261856,3.705482185978326e-06
fixed_ptq_w8_c1.0_test,quantized,0,3459,up_blocks.2.resnets.1.conv2.weight,0.6572459861136889,-2.8399722228011354e-05,-0.001279229269872203,0.033778297931325,1.3219459412847823e-07,0.004747183720913492,4.2369146314952735e-05,0.05988333374261856,3.705482185978326e-06
fixed_ptq_w8_c1.0_test,quantized,0,3459,up_blocks.2.resnets.2.conv1.weight,0.5146227831899781,-2.9492084076537614e-05,-0.0013953746711393026,0.04107008660973507,1.8927105485619293e-07,0.006592219455153694,5.579092175896913e-05,0.05988333374261856,3.705482185978326e-06
fixed_ptq_w8_c1.0_test,quantized,0,3459,up_blocks.2.resnets.2.conv2.weight,0.6015476376614555,1.1328234265650768e-05,0.0006372857118644289,0.02955003600435367,2.050249415867429e-08,0.0011140476355571036,3.059376384281089e-05,0.05988333374261856,3.705482185978326e-06
fixed_ptq_w8_c1.0_test,quantized,0,3459,up_blocks.2.upsamplers.0.conv.weight,0.27824634041281426,1.4890739948798782e-05,0.0003296467066084767,0.16234468578194236,1.7853690276605003e-07,0.0039080777093325305,0.00016418570593237277,0.05988333374261856,3.705482185978326e-06
fixed_ptq_w8_c1.0_test,quantized,0,3459,up_blocks.3.resnets.0.conv1.weight,0.3478885727279285,-6.0366926891971546e-05,-0.004246951042736361,0.04085842763885965,1.0408627227765171e-07,0.007589448242293107,3.9422402526882895e-05,0.05988333374261856,3.705482185978326e-06
fixed_ptq_w8_c1.0_test,quantized,0,3459,up_blocks.3.resnets.0.conv2.weight,0.373706320770526,2.5738522774816183e-05,0.002839414469583515,0.02425629037470436,4.1631342517271395e-08,0.008353815674030811,1.3335370438400942e-05,0.05988333374261856,3.705482185978326e-06
fixed_ptq_w8_c1.0_test,quantized,0,3459,up_blocks.3.resnets.0.conv_shortcut.weight,0.04200119050094848,-4.906537077512025e-05,-0.003607489377665795,0.3238235456147368,8.536400931571408e-08,0.00994499056119368,0.00020436608665762125,0.05988333374261856,3.705482185978326e-06
fixed_ptq_w8_c1.0_test,quantized,0,3459,up_blocks.3.resnets.1.conv1.weight,0.24075198500202138,-3.5501858046569666e-05,-0.0027112728704286435,0.054388612298938044,3.142352961536518e-08,0.00594399436954831,2.1958703729669257e-05,0.05988333374261856,3.705482185978326e-06
fixed_ptq_w8_c1.0_test,quantized,0,3459,up_blocks.3.resnets.1.conv2.weight,0.3872260557515659,3.661197094832832e-05,0.0032857741784406576,0.028775363878896832,1.1806991378322485e-08,0.0023842734213375045,1.2788470796604364e-05,0.05988333374261856,3.705482185978326e-06
fixed_ptq_w8_c1.0_test,quantized,0,3459,up_blocks.3.resnets.2.conv1.weight,0.25206567958705234,3.8372289230039175e-05,0.002591178833328797,0.05874982865074687,3.053175214503611e-08,0.0051203425971212595,2.3655873566413054e-05,0.05988333374261856,3.705482185978326e-06
fixed_ptq_w8_c1.0_test,quantized,0,3459,up_blocks.3.resnets.2.conv2.weight,0.3666501936315225,-1.6940812852486154e-06,-0.00034835661970049044,0.013263503562936362,1.903985918976125e-11,5.306799417981923e-06,9.785412563260422e-06,0.05988333374261856,3.705482185978326e-06
fixed_ptq_w8_c1.0_test,quantized,0,3459,mid_block.attentions.0.to_q.weight,0.23078628195619744,2.1104126993735235e-06,0.0013733759523797465,0.006658370573804886,-1.7877770644459204e-10,-4.9521735184821484e-05,1.564254875717698e-05,0.05988333374261856,3.705482185978326e-06
fixed_ptq_w8_c1.0_test,quantized,0,3459,mid_block.attentions.0.to_k.weight,0.23743591046848972,4.0314067911188e-07,0.00022418871084350908,0.0075734973871733665,8.058655065861101e-10,0.00017487064580075192,1.9408825244425788e-05,0.05988333374261856,3.705482185978326e-06
fixed_ptq_w8_c1.0_test,quantized,0,3459,mid_block.attentions.0.to_v.weight,0.15740808941460843,2.0362418530847712e-06,0.000349131720161375,0.03705211505549578,-4.610724820573918e-09,-0.00031016065070546686,9.443988651178548e-05,0.05988333374261856,3.705482185978326e-06
fixed_ptq_w8_c1.0_test,quantized,0,3459,mid_block.attentions.0.to_out.0.weight,0.14889375094583934,9.945381795041034e-06,0.001570845179790973,0.04252179656999454,4.832881803366728e-08,0.003324350389976375,9.763890727647484e-05,0.05988333374261856,3.705482185978326e-06
fixed_ptq_w8_c1.0_test,quantized,0,3459,mid_block.resnets.0.conv1.weight,1.1884465818355672,-6.2545074717329e-05,-0.0016802107952081568,0.03132201398267334,5.701970417058283e-07,0.0051676879461636065,9.28429675134024e-05,0.05988333374261856,3.705482185978326e-06
fixed_ptq_w8_c1.0_test,quantized,0,3459,mid_block.resnets.0.conv2.weight,0.7352252030401639,-4.343908821939965e-06,-0.00010246027890564618,0.057664002155969556,4.4622617579535683e-07,0.00410997931526819,0.00014767093355810796,0.05988333374261856,3.705482185978326e-06
fixed_ptq_w8_c1.0_test,quantized,0,3459,mid_block.resnets.1.conv1.weight,1.1190719629553045,-1.743046952202574e-05,-0.0006850446744553995,0.022736948400587893,1.2650122334642733e-07,0.002095962514405488,5.393282871474884e-05,0.05988333374261856,3.705482185978326e-06
fixed_ptq_w8_c1.0_test,quantized,0,3459,mid_block.resnets.1.conv2.weight,0.7529255505498338,1.2226945205730936e-05,0.0004149236620711918,0.0391379188554443,6.105551204697228e-08,0.0009669027645306419,8.386679385829114e-05,0.05988333374261856,3.705482185978326e-06
fixed_ptq_w8_c1.0_test,quantized,0,3459,conv_out.weight,0.007964138539927095,8.92505567137583e-05,0.02133489067165924,0.5252689216856474,3.498856405732496e-07,0.05703527184115506,0.0007702714431885047,0.05988333374261856,3.705482185978326e-06
fixed_ptq_w8_c1.0_test,quantized,1,3460,conv_in.weight,0.0837320263089241,-0.00017533549953995399,-0.012363817495647418,0.16936578057386298,7.045539720107809e-07,0.05682847909662116,0.000148066439520332,0.07565683871507645,2.5755416572792456e-06
fixed_ptq_w8_c1.0_test,quantized,1,3460,up_blocks.0.resnets.0.conv1.weight,1.1918811636973365,1.9317772756034148e-05,0.000458526045386056,0.03534761262956318,1.8948641735715937e-07,0.006862241779808507,2.3167496850558875e-05,0.07565683871507645,2.5755416572792456e-06
fixed_ptq_w8_c1.0_test,quantized,1,3460,up_blocks.0.resnets.0.conv2.weight,0.8195175184916672,1.5517404885009777e-05,0.0003382236101364553,0.05598309821121008,1.0372045162900778e-07,0.0024509344043951056,5.163860117267238e-05,0.07565683871507645,2.5755416572792456e-06
fixed_ptq_w8_c1.0_test,quantized,1,3460,up_blocks.0.resnets.1.conv1.weight,1.2024793667778395,-2.7040962728163518e-05,-0.0005398219388606028,0.04165757508222678,1.788856479677329e-07,0.005952984941852767,2.4989817318082602e-05,0.07565683871507645,2.5755416572792456e-06
fixed_ptq_w8_c1.0_test,quantized,1,3460,up_blocks.0.resnets.1.conv2.weight,0.76366091380036,-3.766409171951465e-06,-7.486032796738917e-05,0.06588327971028732,9.995513821515351e-08,0.0019931462433782597,6.566975496380116e-05,0.07565683871507645,2.5755416572792456e-06
fixed_ptq_w8_c1.0_test,quantized,1,3460,up_blocks.0.resnets.2.conv1.weight,1.258696229445508,-4.954363290782834e-05,-0.0008661236782843485,0.04544509402351696,3.2814930253575617e-07,0.009902405747309223,2.6327513060721336e-05,0.07565683871507645,2.5755416572792456e-06
fixed_ptq_w8_c1.0_test,quantized,1,3460,up_blocks.0.resnets.2.conv2.weight,0.7679976490921732,-5.5604040685661794e-05,-0.001001505448300988,0.07229248367213949,7.9735797114077e-08,0.0015676202458249644,6.622966919379796e-05,0.07565683871507645,2.5755416572792456e-06
fixed_ptq_w8_c1.0_test,quantized,1,3460,up_blocks.0.upsamplers.0.conv.weight,0.4598796936225145,-0.00010152059072830468,-0.0009048698932387121,0.24396288706429325,4.0914332982042645e-07,0.005215849812203651,0.0001705713805020374,0.07565683871507645,2.5755416572792456e-06
fixed_ptq_w8_c1.0_test,quantized,1,3460,up_blocks.1.resnets.0.conv1.weight,1.1605746129245327,-4.1919735723322234e-05,-0.0007466421177975294,0.04837633745105621,1.862066860529783e-07,0.0062390248571730575,2.571612266843183e-05,0.07565683871507645,2.5755416572792456e-06
fixed_ptq_w8_c1.0_test,quantized,1,3460,up_blocks.1.resnets.0.conv2.weight,1.1144503949102627,-3.6248751441488257e-06,-5.782224415261351e-05,0.05625192209637756,1.183355476968579e-07,0.002671846916656631,3.974137701694681e-05,0.07565683871507645,2.5755416572792456e-06
fixed_ptq_w8_c1.0_test,quantized,1,3460,up_blocks.1.resnets.1.conv1.weight,1.1838596364530638,1.6773641201698132e-05,0.0002663444644801492,0.05319654910311763,1.784077421303005e-07,0.006250540935423386,2.4109926122023447e-05,0.07565683871507645,2.5755416572792456e-06
fixed_ptq_w8_c1.0_test,quantized,1,3460,up_blocks.1.resnets.1.conv2.weight,1.0681922737846614,2.6859847357985904e-05,0.0004381332412060401,0.05739154331335539,1.1317622776721635e-07,0.0025963242746010508,4.080814449548104e-05,0.07565683871507645,2.5755416572792456e-06
fixed_ptq_w8_c1.0_test,quantized,1,3460,up_blocks.1.resnets.2.conv1.weight,1.1443847282752029,0.0001406082131171502,0.0020951895989412914,0.05864288208241931,2.1676820341038738e-07,0.007159545886632101,2.645684468018141e-05,0.07565683871507645,2.5755416572792456e-06
fixed_ptq_w8_c1.0_test,quantized,1,3460,up_blocks.1.resnets.2.conv2.weight,0.9794177813243862,-8.596331057516347e-06,-0.00015817152109994951,0.055490272424048116,8.056075229215885e-08,0.0017698675581752034,4.647450363577479e-05,0.07565683871507645,2.5755416572792456e-06
fixed_ptq_w8_c1.0_test,quantized,1,3460,up_blocks.1.upsamplers.0.conv.weight,0.5073170002166529,9.046949185108001e-05,0.0007751323582530028,0.23006304738480685,1.8958902073955623e-07,0.0023277548713593645,0.00016054490348541142,0.07565683871507645,2.5755416572792456e-06
fixed_ptq_w8_c1.0_test,quantized,1,3460,up_blocks.2.resnets.0.conv1.weight,0.7521863972157539,-2.73731090727169e-06,-5.4158019820128725e-05,0.06719483252409665,1.0591862124663036e-07,0.00507890310141629,2.77253422863036e-05,0.07565683871507645,2.5755416572792456e-06
fixed_ptq_w8_c1.0_test,quantized,1,3460,up_blocks.2.resnets.0.conv2.weight,0.6131526755805556,-1.8924567138515645e-05,-0.0005933773216892764,0.05201473413240021,4.0925213030492626e-08,0.002366511693555414,2.8204192246322593e-05,0.07565683871507645,2.5755416572792456e-06
fixed_ptq_w8_c1.0_test,quantized,1,3460,up_blocks.2.resnets.0.conv_shortcut.weight,0.052282203692116065,8.078737004633832e-05,0.0024620118991147424,0.6276238490482823,8.982913031867572e-08,0.004320793388097104,0.00039764892305520753,0.07565683871507645,2.5755416572792456e-06
fixed_ptq_w8_c1.0_test,quantized,1,3460,up_blocks.2.resnets.1.conv1.weight,0.4851332093365615,2.359656983385813e-05,0.0007616941876444133,0.06385681141497757,1.0104638054310023e-07,0.00962651431695686,2.1636683678630687e-05,0.07565683871507645,2.5755416572792456e-06
fixed_ptq_w8_c1.0_test,quantized,1,3460,up_blocks.2.resnets.1.conv2.weight,0.6572459861136889,-5.708548197040944e-05,-0.0014934624224016604,0.0581571920905237,4.906163989144063e-08,0.002533419489888455,2.9465038348561956e-05,0.07565683871507645,2.5755416572792456e-06
fixed_ptq_w8_c1.0_test,quantized,1,3460,up_blocks.2.resnets.2.conv1.weight,0.5146227831899781,2.7055321767699414e-05,0.0008125386752210056,0.06470229008248264,8.234044690077712e-08,0.007417377461203146,2.1571176398123055e-05,0.07565683871507645,2.5755416572792456e-06
fixed_ptq_w8_c1.0_test,quantized,1,3460,up_blocks.2.resnets.2.conv2.weight,0.6015476376614555,-1.9573842049143778e-05,-0.0006170284816584215,0.052735229768924294,2.528799310930382e-08,0.0014900499933382678,2.82126251765048e-05,0.07565683871507645,2.5755416572792456e-06
fixed_ptq_w8_c1.0_test,quantized,1,3460,up_blocks.2.upsamplers.0.conv.weight,0.27824634041281426,6.34339354354306e-06,6.894670249134672e-05,0.3306577412528489,1.5376148054004617e-07,0.0029246052260809186,0.00018895171552603767,0.07565683871507645,2.5755416572792456e-06
fixed_ptq_w8_c1.0_test,quantized,1,3460,up_blocks.3.resnets.0.conv1.weight,0.3478885727279285,-2.4321016359413227e-05,-0.0010160240467688231,0.06880778373026865,7.119490547887529e-08,0.007421212960999144,2.7576164422926136e-05,0.07565683871507645,2.5755416572792456e-06
fixed_ptq_w8_c1.0_test,quantized,1,3460,up_blocks.3.resnets.0.conv2.weight,0.373706320770526,5.554130588555301e-05,0.003728926339862885,0.03985674597326023,2.6347276531677998e-08,0.005245114421599977,1.3441579948087054e-05,0.07565683871507645,2.5755416572792456e-06
fixed_ptq_w8_c1.0_test,quantized,1,3460,up_blocks.3.resnets.0.conv_shortcut.weight,0.04200119050094848,7.185870747301054e-05,0.002945356599219353,0.5808712981678952,1.0421348741983532e-07,0.008837573672960102,0.0002807561522498845,0.07565683871507645,2.5755416572792456e-06
fixed_ptq_w8_c1.0_test,quantized,1,3460,up_blocks.3.resnets.1.conv1.weight,0.24075198500202138,-6.0923811025028256e-05,-0.0029602272235981554,0.08548543726729226,3.572054052460841e-08,0.00457111883340357,3.245828982767046e-05,0.07565683871507645,2.5755416572792456e-06
fixed_ptq_w8_c1.0_test,quantized,1,3460,up_blocks.3.resnets.1.conv2.weight,0.3872260557515659,5.2995501092639614e-05,0.002814208592856536,0.04863155379350436,5.983125920093907e-09,0.0009959765161388539,1.5513667249640484e-05,0.07565683871507645,2.5755416572792456e-06
fixed_ptq_w8_c1.0_test,quantized,1,3460,up_blocks.3.resnets.2.conv1.weight,0.25206567958705234,6.0146980066263995e-05,0.0023175941367698017,0.10295862299227679,3.3769748272268024e-08,0.0029541457499560973,4.535051123428427e-05,0.07565683871507645,2.5755416572792456e-06
fixed_ptq_w8_c1.0_test,quantized,1,3460,up_blocks.3.resnets.2.conv2.weight,0.3666501936315225,1.210213171471651e-05,0.001437185457228454,0.022966623063413242,2.022184508602865e-09,0.0003800527149468505,1.451192486110635e-05,0.07565683871507645,2.5755416572792456e-06
fixed_ptq_w8_c1.0_test,quantized,1,3460,mid_block.attentions.0.to_q.weight,0.23078628195619744,5.1896487074472436e-06,0.002338463037105127,0.009616066561184211,-1.9852015279187695e-10,-0.00010722452760052317,8.022328999899964e-06,0.07565683871507645,2.5755416572792456e-06
fixed_ptq_w8_c1.0_test,quantized,1,3460,mid_block.attentions.0.to_k.weight,0.23743591046848972,-3.6321599348317595e-06,-0.0012530987947405052,0.012207683125504926,3.0973313397325562e-09,0.0017939437423452758,7.2716412369753915e-06,0.07565683871507645,2.5755416572792456e-06
fixed_ptq_w8_c1.0_test,quantized,1,3460,mid_block.attentions.0.to_v.weight,0.15740808941460843,1.444055062584291e-06,0.00012757902958970068,0.07190803339082222,2.7088413505870867e-08,0.004526401649350874,3.80192402869585e-05,0.07565683871507645,2.5755416572792456e-06
fixed_ptq_w8_c1.0_test,quantized,1,3460,mid_block.attentions.0.to_out.0.weight,0.14889375094583934,2.4096897189917704e-05,0.001814430456460146,0.08919578390443282,1.2843783598764435e-08,0.0013208695035027628,6.530652805105804e-05,0.07565683871507645,2.5755416572792456e-06
fixed_ptq_w8_c1.0_test,quantized,1,3460,mid_block.resnets.0.conv1.weight,1.1884465818355672,3.398706008697482e-05,0.000517963074514725,0.05521221027976889,1.917038791451656e-07,0.005845277766650477,2.7595996518254466e-05,0.07565683871507645,2.5755416572792456e-06
fixed_ptq_w8_c1.0_test,quantized,1,3460,mid_block.resnets.0.conv2.weight,0.7352252030401639,8.852348517070491e-06,0.00013853194860523617,0.08691368720356728,1.753396504679287e-07,0.003371359289130362,7.073831527641976e-05,0.07565683871507645,2.5755416572792456e-06
fixed_ptq_w8_c1.0_test,quantized,1,3460,mid_block.resnets.1.conv1.weight,1.1190719629553045,4.005716391714754e-05,0.0011345683169961028,0.03154943098220677,7.706592431768246e-08,0.0036223826369278706,1.9011222864856244e-05,0.07565683871507645,2.5755416572792456e-06
fixed_ptq_w8_c1.0_test,quantized,1,3460,mid_block.resnets.1.conv2.weight,0.7529255505498338,-6.0488305710710653e-05,-0.0013126449033158444,0.06120291792661544,8.824860458910835e-08,0.0022241356478550026,5.269804947064003e-05,0.07565683871507645,2.5755416572792456e-06
fixed_ptq_w8_c1.0_test,quantized,1,3460,conv_out.weight,0.007964138539927095,0.000270345739416625,0.04192766094804699,0.8096178760696783,4.4987348402561605e-07,0.05995140379936752,0.0009422198148158983,0.07565683871507645,2.5755416572792456e-06
fixed_ptq_w8_c1.0_test,quantized,2,3461,conv_in.weight,0.0837320263089241,-4.669267058869978e-06,-0.0005205795840224248,0.10711985616515877,1.0847237073557567e-06,0.05104285534242971,0.00025380055646027477,0.06345941126346588,4.316567355999723e-06
fixed_ptq_w8_c1.0_test,quantized,2,3461,up_blocks.0.resnets.0.conv1.weight,1.1918811636973365,-7.440489350278072e-06,-0.00018896279899578838,0.03303636302925452,3.8298203898438637e-07,0.008558304522156373,3.7545484688235396e-05,0.06345941126346588,4.316567355999723e-06
fixed_ptq_w8_c1.0_test,quantized,2,3461,up_blocks.0.resnets.0.conv2.weight,0.8195175184916672,1.9611728219361053e-05,0.0005251965928782793,0.04556545636796273,9.783597579420715e-08,0.0017130729019724513,6.968904191394038e-05,0.06345941126346588,4.316567355999723e-06
fixed_ptq_w8_c1.0_test,quantized,2,3461,up_blocks.0.resnets.1.conv1.weight,1.2024793667778395,-3.342746111291056e-05,-0.0006814781292232815,0.04079189082676345,3.9562959507089567e-07,0.007704508748403977,4.2703766896762776e-05,0.06345941126346588,4.316567355999723e-06
fixed_ptq_w8_c1.0_test,quantized,2,3461,up_blocks.0.resnets.1.conv2.weight,0.76366091380036,-7.348984925465516e-06,-0.00018590767386088923,0.051764196464809585,1.57630878488118e-07,0.002519510802690801,8.192652011771814e-05,0.06345941126346588,4.316567355999723e-06
fixed_ptq_w8_c1.0_test,quantized,2,3461,up_blocks.0.resnets.2.conv1.weight,1.258696229445508,-7.864749962173677e-06,-0.00014144871401051656,0.04417382286815845,4.496609851086552e-07,0.00889223438613041,4.0174767753311466e-05,0.06345941126346588,4.316567355999723e-06
fixed_ptq_w8_c1.0_test,quantized,2,3461,up_blocks.0.resnets.2.conv2.weight,0.7679976490921732,-1.0796378025332415e-06,-2.6895645763648442e-05,0.052268040123636395,1.5949964143950643e-07,0.002416769599719362,8.593390968974881e-05,0.06345941126346588,4.316567355999723e-06
fixed_ptq_w8_c1.0_test,quantized,2,3461,up_blocks.0.upsamplers.0.conv.weight,0.4598796936225145,-2.9651177109903964e-05,-0.000315731755761937,0.20421114522632222,8.504404439784194e-07,0.006292797470422048,0.00029387044979231207,0.06345941126346588,4.316567355999723e-06
fixed_ptq_w8_c1.0_test,quantized,2,3461,up_blocks.1.resnets.0.conv1.weight,1.1605746129245327,-3.108608503993684e-05,-0.0005898931921954526,0.04540666238729609,2.9604819557780725e-07,0.006883953262902867,3.7055394305625454e-05,0.06345941126346588,4.316567355999723e-06
fixed_ptq_w8_c1.0_test,quantized,2,3461,up_blocks.1.resnets.0.conv2.weight,1.1144503949102627,6.660984777094608e-05,0.0013297910643372927,0.04494633540700544,2.2349287613275712e-07,0.004046059541227439,4.956449350780044e-05,0.06345941126346588,4.316567355999723e-06
fixed_ptq_w8_c1.0_test,quantized,2,3461,up_blocks.1.resnets.1.conv1.weight,1.1838596364530638,-6.799593466818743e-05,-0.0012165713974340222,0.04721121015022913,3.0522843182973967e-07,0.007852298892728184,3.283431417646713e-05,0.06345941126346588,4.316567355999723e-06
fixed_ptq_w8_c1.0_test,quantized,2,3461,up_blocks.1.resnets.1.conv2.weight,1.0681922737846614,-2.1730571670066374e-05,-0.0004515862332400689,0.04504857163826883,1.7858488015466136e-07,0.003293208151461352,5.076636553948464e-05,0.06345941126346588,4.316567355999723e-06
fixed_ptq_w8_c1.0_test,quantized,2,3461,up_blocks.1.resnets.2.conv1.weight,1.1443847282752029,1.7223855875579726e-05,0.0002770220123256338,0.054330543494190905,4.0819746793495284e-07,0.010112962091708465,3.5271170606209e-05,0.06345941126346588,4.316567355999723e-06
fixed_ptq_w8_c1.0_test,quantized,2,3461,up_blocks.1.resnets.2.conv2.weight,0.9794177813243862,-4.367103990709927e-06,-0.00010312990007226139,0.04323554644260659,1.2380701735871456e-07,0.0023816599673123287,5.307591867311471e-05,0.06345941126346588,4.316567355999723e-06
fixed_ptq_w8_c1.0_test,quantized,2,3461,up_blocks.1.upsamplers.0.conv.weight,0.5073170002166529,0.00013772526384271626,0.0015086377896728512,0.1799489078385727,4.502545181730439e-07,0.0031632040856178984,0.0002805766017150288,0.06345941126346588,4.316567355999723e-06
fixed_ptq_w8_c1.0_test,quantized,2,3461,up_blocks.2.resnets.0.conv1.weight,0.7521863972157539,4.682902863911479e-05,0.001152366742998926,0.054025520290818946,1.928107015232499e-07,0.007862780152415335,3.260089528452889e-05,0.06345941126346588,4.316567355999723e-06
fixed_ptq_w8_c1.0_test,quantized,2,3461,up_blocks.2.resnets.0.conv2.weight,0.6131526755805556,-1.471881355611865e-06,-5.95259143530027e-05,0.04032720298522214,1.6570316908531773e-07,0.0059756374715381165,4.522493431542018e-05,0.06345941126346588,4.316567355999723e-06
fixed_ptq_w8_c1.0_test,quantized,2,3461,up_blocks.2.resnets.0.conv_shortcut.weight,0.052282203692116065,-8.327334966323186e-06,-0.00035003411805030894,0.45503182496008565,2.436550018237697e-07,0.006774289560622862,0.0006879512912515321,0.06345941126346588,4.316567355999723e-06
fixed_ptq_w8_c1.0_test,quantized,2,3461,up_blocks.2.resnets.1.conv1.weight,0.4851332093365615,2.587509218551514e-05,0.0009435013003570936,0.05652992350904035,1.345244926492741e-07,0.011516808074343243,2.407732464005724e-05,0.06345941126346588,4.316567355999723e-06
fixed_ptq_w8_c1.0_test,quantized,2,3461,up_blocks.2.resnets.1.conv2.weight,0.6572459861136889,-1.071414003774639e-05,-0.0003592245210422829,0.04537988610628016,1.1135743571304327e-07,0.003809771518340429,4.447258239799621e-05,0.06345941126346588,4.316567355999723e-06
fixed_ptq_w8_c1.0_test,quantized,2,3461,up_blocks.2.resnets.2.conv1.weight,0.5146227831899781,1.4510490303656923e-05,0.0005158849828894976,0.05465629542454605,1.2693648797719053e-07,0.011095890635734636,2.2229787003684878e-05,0.06345941126346588,4.316567355999723e-06
fixed_ptq_w8_c1.0_test,quantized,2,3461,up_blocks.2.resnets.2.conv2.weight,0.6015476376614555,1.6390584523386423e-05,0.0007416059050187592,0.03674102236234686,7.489676280689683e-09,0.0002970606938601668,4.1912911491534744e-05,0.06345941126346588,4.316567355999723e-06
fixed_ptq_w8_c1.0_test,quantized,2,3461,up_blocks.2.upsamplers.0.conv.weight,0.27824634041281426,2.88706397267684e-05,0.0005142678211109604,0.2017611737705211,2.2922665731667686e-07,0.0023784952458414557,0.00034636449938503185,0.06345941126346588,4.316567355999723e-06
fixed_ptq_w8_c1.0_test,quantized,2,3461,up_blocks.3.resnets.0.conv1.weight,0.3478885727279285,-3.672904537442423e-06,-0.00021154091243856177,0.04990856741568493,7.743871625099156e-08,0.007954238361414838,2.7984617814678043e-05,0.06345941126346588,4.316567355999723e-06
fixed_ptq_w8_c1.0_test,quantized,2,3461,up_blocks.3.resnets.0.conv2.weight,0.373706320770526,3.2968988760165906e-05,0.0031557637593605564,0.02795572106651101,8.007755207481271e-10,0.00010953261443450166,1.9563064693838976e-05,0.06345941126346588,4.316567355999723e-06
fixed_ptq_w8_c1.0_test,quantized,2,3461,up_blocks.3.resnets.0.conv_shortcut.weight,0.04200119050094848,-6.424633189423148e-05,-0.003981443463825863,0.3841901122074441,7.811609825251314e-08,0.004492635072987759,0.00041397851215993156,0.06345941126346588,4.316567355999723e-06
fixed_ptq_w8_c1.0_test,quantized,2,3461,up_blocks.3.resnets.1.conv1.weight,0.24075198500202138,-1.0423620410923277e-06,-6.976102044023426e-05,0.06206344610812363,3.144061934825652e-08,0.003560877094516201,3.6674502565283045e-05,0.06345941126346588,4.316567355999723e-06
fixed_ptq_w8_c1.0_test,quantized,2,3461,up_blocks.3.resnets.1.conv2.weight,0.3872260557515659,6.510640836989828e-06,0.0005337324586848374,0.0315018130905216,4.126993678048063e-08,0.0043105237152041235,2.4725164647235896e-05,0.06345941126346588,4.316567355999723e-06
fixed_ptq_w8_c1.0_test,quantized,2,3461,up_blocks.3.resnets.2.conv1.weight,0.25206567958705234,5.9382521961129736e-05,0.0033979068893431625,0.06933195498914108,7.777403711479372e-08,0.006016218189958098,5.128582510193e-05,0.06345941126346588,4.316567355999723e-06
fixed_ptq_w8_c1.0_test,quantized,2,3461,up_blocks.3.resnets.2.conv2.weight,0.3666501936315225,1.5137443383465537e-05,0.0026747883519155193,0.015435161924204367,1.5871818101576052e-08,0.00212477460562996,2.0373323991613645e-05,0.06345941126346588,4.316567355999723e-06
fixed_ptq_w8_c1.0_test,quantized,2,3461,mid_block.attentions.0.to_q.weight,0.23078628195619744,7.843922014732925e-06,0.003406420073471126,0.009977576660947434,3.998381627402286e-09,0.000985049321370273,1.7587992691039006e-05,0.06345941126346588,4.316567355999723e-06
fixed_ptq_w8_c1.0_test,quantized,2,3461,mid_block.attentions.0.to_k.weight,0.23743591046848972,-1.1070646860254791e-06,-0.0005144862919084761,0.009062599467215132,2.5271826982334057e-10,6.064724090773536e-05,1.7550083548848165e-05,0.06345941126346588,4.316567355999723e-06
fixed_ptq_w8_c1.0_test,quantized,2,3461,mid_block.attentions.0.to_v.weight,0.15740808941460843,-3.199441470305612e-08,-3.453431603421182e-06,0.05885674808714815,1.1707861127741416e-07,0.006948190719856559,0.0001070480557886823,0.06345941126346588,4.316567355999723e-06
fixed_ptq_w8_c1.0_test,quantized,2,3461,mid_block.attentions.0.to_out.0.weight,0.14889375094583934,8.494014464624875e-06,0.0007376834145062704,0.07733329344225334,6.984622789448431e-08,0.0025816213430783722,0.00018170795592597417,0.06345941126346588,4.316567355999723e-06
fixed_ptq_w8_c1.0_test,quantized,2,3461,mid_block.resnets.0.conv1.weight,1.1884465818355672,-8.413950402606203e-05,-0.0019339229303382598,0.036608431261633954,6.218408305774917e-07,0.00670037819519919,7.809086837620216e-05,0.06345941126346588,4.316567355999723e-06
fixed_ptq_w8_c1.0_test,quantized,2,3461,mid_block.resnets.0.conv2.weight,0.7352252030401639,9.623327073515515e-06,0.00018547543930328016,0.07056972942769692,1.9805661920623773e-07,0.0020047525071384582,0.00013437182330835272,0.06345941126346588,4.316567355999723e-06
fixed_ptq_w8_c1.0_test,quantized,2,3461,mid_block.resnets.1.conv1.weight,1.1190719629553045,6.817370711406882e-05,0.0021848620329794183,0.027882703302329934,2.0737949067714598e-07,0.004145004164681845,4.4707750349437455e-05,0.06345941126346588,4.316567355999723e-06
fixed_ptq_w8_c1.0_test,quantized,2,3461,mid_block.resnets.1.conv2.weight,0.7529255505498338,-1.2461428390294461e-05,-0.0003646389200098483,0.045389225208180076,5.5611777527290246e-08,0.0009050302638146442,8.161155248652898e-05,0.06345941126346588,4.316567355999723e-06
fixed_ptq_w8_c1.0_test,quantized,2,3461,conv_out.weight,0.007964138539927095,0.00031773671343202575,0.05634546126659532,0.7080593373383406,2.535666118340269e-07,0.03392688821195902,0.0009384458835480228,0.06345941126346588,4.316567355999723e-06
fixed_ptq_w8_c1.0_test,quantized,3,3462,conv_in.weight,0.0837320263089241,-2.8024144225950945e-06,-0.0021332169728987952,0.015689378044224832,1.6376479625576892e-07,0.03320046459175862,5.890942543632805e-05,0.00268130493350327,6.896938202771707e-07
fixed_ptq_w8_c1.0_test,quantized,3,3462,up_blocks.0.resnets.0.conv1.weight,1.1918811636973365,3.528904013182242e-07,8.909781067901649e-05,0.0033230728078635606,4.9474500781229205e-08,0.006593496120683885,6.295535966010593e-06,0.00268130493350327,6.896938202771707e-07
fixed_ptq_w8_c1.0_test,quantized,3,3462,up_blocks.0.resnets.0.conv2.weight,0.8195175184916672,-2.7833686335612317e-06,-0.0004957280146625647,0.006851237528172031,2.4602371499203927e-08,0.00116908692502695,2.567863457112406e-05,0.00268130493350327,6.896938202771707e-07
fixed_ptq_w8_c1.0_test,quantized,3,3462,up_blocks.0.resnets.1.conv1.weight,1.2024793667778395,-3.9798902687582085e-06,-0.0010582010593999064,0.003127701317481718,5.4555373572705125e-08,0.007899352420542585,5.7433913675445715e-06,0.00268130493350327,6.896938202771707e-07
fixed_ptq_w8_c1.0_test,quantized,3,3462,up_blocks.0.resnets.1.conv2.weight,0.76366091380036,2.0369454497041414e-06,0.000347569200951529,0.007674278403603107,2.332855314745751e-08,0.0010943355501185162,2.7914942255645705e-05,0.00268130493350327,6.896938202771707e-07
fixed_ptq_w8_c1.0_test,quantized,3,3462,up_blocks.0.resnets.2.conv1.weight,1.258696229445508,5.812790299422842e-07,0.00011845829703751394,0.003898506293180537,6.457552440797351e-08,0.007746827895662009,6.622517319114912e-06,0.00268130493350327,6.896938202771707e-07
fixed_ptq_w8_c1.0_test,quantized,3,3462,up_blocks.0.resnets.2.conv2.weight,0.7679976490921732,-2.6043459944946354e-06,-0.00041086722875559745,0.008253483501990731,-2.876843020944572e-10,-1.2441613141938648e-05,3.0107838701845087e-05,0.00268130493350327,6.896938202771707e-07
fixed_ptq_w8_c1.0_test,quantized,3,3462,up_blocks.0.upsamplers.0.conv.weight,0.4598796936225145,-1.0646142582544126e-05,-0.0009168110684482831,0.02525039621324249,1.5030253768129878e-07,0.004325186755843781,7.556439601261885e-05,0.00268130493350327,6.896938202771707e-07
fixed_ptq_w8_c1.0_test,quantized,3,3462,up_blocks.1.resnets.0.conv1.weight,1.1605746129245327,-4.5847697077120363e-07,-9.256616131511046e-05,0.004267683517879562,4.052846996890174e-08,0.00542310527576404,6.439306644405401e-06,0.00268130493350327,6.896938202771707e-07
fixed_ptq_w8_c1.0_test,quantized,3,3462,up_blocks.1.resnets.0.conv2.weight,1.1144503949102627,-1.4943875605985662e-08,-2.5194210777189303e-06,0.005322329318486965,3.8087575128787896e-08,0.002343524538349458,1.4583208202203503e-05,0.00268130493350327,6.896938202771707e-07
fixed_ptq_w8_c1.0_test,quantized,3,3462,up_blocks.1.resnets.1.conv1.weight,1.1838596364530638,-3.1753079596519664e-06,-0.0006316425216411593,0.004246335258558817,4.622471395473026e-08,0.0063945663298851825,6.106086076256315e-06,0.00268130493350327,6.896938202771707e-07
fixed_ptq_w8_c1.0_test,quantized,3,3462,up_blocks.1.resnets.1.conv2.weight,1.0681922737846614,2.667560017242607e-06,0.00040867546296649793,0.006110633036258291,3.0600554773730286e-08,0.0016694469314232953,1.7159603537166905e-05,0.00268130493350327,6.896938202771707e-07
fixed_ptq_w8_c1.0_test,quantized,3,3462,up_blocks.1.resnets.2.conv1.weight,1.1443847282752029,8.918549762562156e-06,0.0015128649597772373,0.005151361433732596,6.56655975543671e-08,0.0075802986167385605,7.5697150705824e-06,0.00268130493350327,6.896938202771707e-07
fixed_ptq_w8_c1.0_test,quantized,3,3462,up_blocks.1.resnets.2.conv2.weight,0.9794177813243862,1.0126877370811264e-06,0.00017187984104943019,0.006015650871024763,1.568007429788226e-08,0.0008398994605768787,1.9061313731425756e-05,0.00268130493350327,6.896938202771707e-07
fixed_ptq_w8_c1.0_test,quantized,3,3462,up_blocks.1.upsamplers.0.conv.weight,0.5073170002166529,1.0573835027144647e-05,0.0009445707011706089,0.022065747491187015,7.420250398731734e-08,0.002013674649145093,7.263565254910069e-05,0.00268130493350327,6.896938202771707e-07
fixed_ptq_w8_c1.0_test,quantized,3,3462,up_blocks.2.resnets.0.conv1.weight,0.7521863972157539,-2.618596339286212e-06,-0.0006562692714322359,0.005304702240843293,3.769295002794429e-08,0.0064785837682943374,7.734897712550078e-06,0.00268130493350327,6.896938202771707e-07
fixed_ptq_w8_c1.0_test,quantized,3,3462,up_blocks.2.resnets.0.conv2.weight,0.6131526755805556,-5.641459942116671e-06,-0.0018749679459605698,0.004907146609715407,2.4473146527808613e-08,0.003742623836554434,1.0664610622844777e-05,0.00268130493350327,6.896938202771707e-07
fixed_ptq_w8_c1.0_test,quantized,3,3462,up_blocks.2.resnets.0.conv_shortcut.weight,0.052282203692116065,4.732335156572378e-06,0.0017832466379614335,0.05075866558788514,-6.6845235451166295e-09,-0.0006941028909078419,0.00018420131206528108,0.00268130493350327,6.896938202771707e-07
fixed_ptq_w8_c1.0_test,quantized,3,3462,up_blocks.2.resnets.1.conv1.weight,0.4851332093365615,3.20584464549685e-06,0.0011329464277566887,0.005832732958266634,1.8621645380967566e-08,0.006535405581597519,5.8733313459519946e-06,0.00268130493350327,6.896938202771707e-07
fixed_ptq_w8_c1.0_test,quantized,3,3462,up_blocks.2.resnets.1.conv2.weight,0.6572459861136889,-3.483768259849463e-06,-0.0009115136627404399,0.005815112657590075,2.640052976627309e-08,0.0036370859373267934,1.1044120500799202e-05,0.00268130493350327,6.896938202771707e-07
fixed_ptq_w8_c1.0_test,quantized,3,3462,up_blocks.2.resnets.2.conv1.weight,0.5146227831899781,-8.377112945837503e-07,-0.00028295729703473613,0.0057528687190395115,2.2020871570384388e-08,0.006626761128372257,6.457199117579988e-06,0.00268130493350327,6.896938202771707e-07
fixed_ptq_w8_c1.0_test,quantized,3,3462,up_blocks.2.resnets.2.conv2.weight,0.6015476376614555,1.1024836150990173e-06,0.000364509232557549,0.005027980506414923,7.622291942346399e-09,0.0012121569239480921,1.0453379240505825e-05,0.00268130493350327,6.896938202771707e-07
fixed_ptq_w8_c1.0_test,quantized,3,3462,up_blocks.2.upsamplers.0.conv.weight,0.27824634041281426,1.2112479988523149e-05,0.0016626371993899022,0.02618219893944305,6.537654040948327e-08,0.002528135667647263,9.293773799278713e-05,0.00268130493350327,6.896938202771707e-07
fixed_ptq_w8_c1.0_test,quantized,3,3462,up_blocks.3.resnets.0.conv1.weight,0.3478885727279285,-1.182713890221628e-06,-0.0005417031997047868,0.006275930607777495,2.194862862738413e-08,0.005785819138001449,1.0904415039690712e-05,0.00268130493350327,6.896938202771707e-07
fixed_ptq_w8_c1.0_test,quantized,3,3462,up_blocks.3.resnets.0.conv2.weight,0.373706320770526,-2.0482915114764668e-06,-0.001546345596445687,0.0035444981973311385,7.324118366232064e-09,0.0037268570416256644,5.258745785215374e-06,0.00268130493350327,6.896938202771707e-07
fixed_ptq_w8_c1.0_test,quantized,3,3462,up_blocks.3.resnets.0.conv_shortcut.weight,0.04200119050094848,-8.592965123528093e-06,-0.0042597086300246376,0.04802877998357939,2.1024181498397288e-08,0.0039269216690665226,0.0001274691994385735,0.00268130493350327,6.896938202771707e-07
fixed_ptq_w8_c1.0_test,quantized,3,3462,up_blocks.3.resnets.1.conv1.weight,0.24075198500202138,-5.625031305256877e-06,-0.0033764286656396665,0.0069198628745967385,1.5087086870651838e-08,0.005355621342937132,1.170107197601208e-05,0.00268130493350327,6.896938202771707e-07
fixed_ptq_w8_c1.0_test,quantized,3,3462,up_blocks.3.resnets.1.conv2.weight,0.3872260557515659,4.9767029630005565e-06,0.0024805462541208994,0.005181193574801789,9.754338886213598e-10,0.00040843677214418163,6.167489687252882e-06,0.00268130493350327,6.896938202771707e-07
fixed_ptq_w8_c1.0_test,quantized,3,3462,up_blocks.3.resnets.2.conv1.weight,0.25206567958705234,-4.269048199199465e-06,-0.001410281843665775,0.012009126673456189,9.207180807763008e-09,0.003388982297602086,1.077813586510025e-05,0.00268130493350327,6.896938202771707e-07
fixed_ptq_w8_c1.0_test,quantized,3,3462,up_blocks.3.resnets.2.conv2.weight,0.3666501936315225,-1.2972023770358126e-06,-0.0015491939056932662,0.0022837577663574337,-9.157461090269402e-11,-4.894881026965979e-05,5.102476613615128e-06,0.00268130493350327,6.896938202771707e-07
fixed_ptq_w8_c1.0_test,quantized,3,3462,mid_block.attentions.0.to_q.weight,0.23078628195619744,1.904830928341178e-07,0.0012384304943996523,0.0006664611008278333,8.223028645634639e-10,0.002938794877329129,1.2124184550342908e-06,0.00268130493350327,6.896938202771707e-07
fixed_ptq_w8_c1.0_test,quantized,3,3462,mid_block.attentions.0.to_k.weight,0.23743591046848972,2.0548976738437045e-07,0.0012320278616726546,0.0007024626985716785,8.842549822818563e-11,0.0003140390468624903,1.1858983408077735e-06,0.00268130493350327,6.896938202771707e-07
fixed_ptq_w8_c1.0_test,quantized,3,3462,mid_block.attentions.0.to_v.weight,0.15740808941460843,-8.946869119775092e-07,-0.0008395884185489474,0.006769827418752692,1.0994741611715742e-08,0.004310136095548678,1.6205670197986028e-05,0.00268130493350327,6.896938202771707e-07
fixed_ptq_w8_c1.0_test,quantized,3,3462,mid_block.attentions.0.to_out.0.weight,0.14889375094583934,-1.629864978585692e-06,-0.001231178956012451,0.008891068853828551,7.945219929127655e-09,0.0015084502017619658,3.5375165062962565e-05,0.00268130493350327,6.896938202771707e-07
fixed_ptq_w8_c1.0_test,quantized,3,3462,mid_block.resnets.0.conv1.weight,1.1884465818355672,-4.256915646092881e-06,-0.0007595525371784914,0.004715823689302907,3.2867359117957766e-08,0.003554139474356457,7.781273447407779e-06,0.00268130493350327,6.896938202771707e-07
fixed_ptq_w8_c1.0_test,quantized,3,3462,mid_block.resnets.0.conv2.weight,0.7352252030401639,-1.484227112420657e-06,-0.00020808697729722225,0.009701414778803584,5.3438736997336265e-08,0.0023430389509826515,3.102103550773135e-05,0.00268130493350327,6.896938202771707e-07
fixed_ptq_w8_c1.0_test,quantized,3,3462,mid_block.resnets.1.conv1.weight,1.1190719629553045,2.672090544053439e-06,0.0007334600130923305,0.0032554926049101446,2.9669452049119366e-08,0.004178150198396145,6.345523580205522e-06,0.00268130493350327,6.896938202771707e-07
fixed_ptq_w8_c1.0_test,quantized,3,3462,mid_block.resnets.1.conv2.weight,0.7529255505498338,3.487786676242788e-06,0.0006578789510775011,0.0070412844293028356,6.506701803616019e-09,0.000401688365445335,2.1513923287437995e-05,0.00268130493350327,6.896938202771707e-07
fixed_ptq_w8_c1.0_test,quantized,3,3462,conv_out.weight,0.007964138539927095,1.3343521968106474e-05,0.02222340976913298,0.07539125531296191,1.1820677602572897e-07,0.036956204583859925,0.00040162080632007955,0.00268130493350327,6.896938202771707e-07
reconstruction_w8_c1.0_test,quantized,0,3459,conv_in.weight,0.08414798006888881,-2.353833307583567e-05,-0.0031895727579467734,0.08769998017581139,1.5721453447564584e-07,0.01387705296002713,0.00013463307121785306,0.05959693342447281,3.4284175853827037e-06
reconstruction_w8_c1.0_test,quantized,0,3459,up_blocks.0.resnets.0.conv1.weight,1.1919096088054009,-2.2977494004211097e-06,-7.512714523756671e-05,0.025660342816237098,3.6120344787086606e-07,0.0063021943908072395,4.808579177190815e-05,0.05959693342447281,3.4284175853827037e-06
reconstruction_w8_c1.0_test,quantized,0,3459,up_blocks.0.resnets.0.conv2.weight,0.8195200901836349,-2.247493341246504e-05,-0.0007181870566922724,0.03818574211073208,9.285831673381563e-08,0.0016508572891698302,6.863595338446317e-05,0.05959693342447281,3.4284175853827037e-06
reconstruction_w8_c1.0_test,quantized,0,3459,up_blocks.0.resnets.1.conv1.weight,1.2024992902396014,2.00758364084254e-05,0.0005863559627300906,0.028472622719930556,3.064221576500277e-07,0.004618396297642204,5.517522860861614e-05,0.05959693342447281,3.4284175853827037e-06
reconstruction_w8_c1.0_test,quantized,0,3459,up_blocks.0.resnets.1.conv2.weight,0.7636623340119247,2.4869768834877692e-05,0.0007254795816589618,0.044889543004860526,1.2355973932383497e-07,0.001925105414900409,8.404678346425987e-05,0.05959693342447281,3.4284175853827037e-06
reconstruction_w8_c1.0_test,quantized,0,3459,up_blocks.0.resnets.2.conv1.weight,1.2587220756912305,1.4460280917762573e-05,0.0003999626761490647,0.028722842409746124,3.111095825033415e-07,0.004627440635444665,5.3412472603560375e-05,0.05959693342447281,3.4284175853827037e-06
reconstruction_w8_c1.0_test,quantized,0,3459,up_blocks.0.resnets.2.conv2.weight,0.7679992279558009,1.9269680535176478e-05,0.0005530056573290426,0.04537160651769236,1.0801125352939875e-07,0.0018831404750084785,7.468364483686506e-05,0.05959693342447281,3.4284175853827037e-06
reconstruction_w8_c1.0_test,quantized,0,3459,up_blocks.0.upsamplers.0.conv.weight,0.4598896532845408,-1.960192005927655e-05,-0.0003122784248464496,0.13649067917638735,4.226826938916468e-07,0.00409805626291754,0.00022427605652256823,0.05959693342447281,3.4284175853827037e-06
reconstruction_w8_c1.0_test,quantized,0,3459,up_blocks.1.resnets.0.conv1.weight,1.1605817636654474,3.362791037554403e-05,0.000844622735382206,0.03430531185023916,2.0556517740838172e-07,0.0026759858556334288,6.618963583084204e-05,0.05959693342447281,3.4284175853827037e-06
reconstruction_w8_c1.0_test,quantized,0,3459,up_blocks.1.resnets.0.conv2.weight,1.114462976202442,-7.67668404889842e-06,-0.00019815011499809134,0.034762715378258695,2.0296032793416906e-07,0.002860045170812808,6.367553731030784e-05,0.05959693342447281,3.4284175853827037e-06
reconstruction_w8_c1.0_test,quantized,0,3459,up_blocks.1.resnets.1.conv1.weight,1.183865582457782,-3.117520266685798e-05,-0.0007612018911501018,0.034594497925686,3.153949676311036e-07,0.004314235147562172,6.175164795657473e-05,0.05959693342447281,3.4284175853827037e-06
reconstruction_w8_c1.0_test,quantized,0,3459,up_blocks.1.resnets.1.conv2.weight,1.0681959495291329,-5.393367247891449e-06,-0.00014119220718557802,0.03576006827210138,2.226656188030406e-07,0.003406090116326302,6.119925044611791e-05,0.05959693342447281,3.4284175853827037e-06
reconstruction_w8_c1.0_test,quantized,0,3459,up_blocks.1.resnets.2.conv1.weight,1.144397543777476,-1.7367857379841323e-05,-0.00037838432684868234,0.04010847855221269,2.516747682050301e-07,0.0033749535051329016,6.516208411110195e-05,0.05959693342447281,3.4284175853827037e-06
reconstruction_w8_c1.0_test,quantized,0,3459,up_blocks.1.resnets.2.conv2.weight,0.979419541183529,1.4590588165323605e-05,0.0004237703231690478,0.0351538985355041,5.440181640172464e-08,0.0010102133153846618,5.498339435638238e-05,0.05959693342447281,3.4284175853827037e-06
reconstruction_w8_c1.0_test,quantized,0,3459,up_blocks.1.upsamplers.0.conv.weight,0.5073226303407816,3.8754537781229266e-05,0.0006310025796744119,0.12106181794123018,2.124173276200864e-07,0.0024902039739910136,0.00016813989946883043,0.05959693342447281,3.4284175853827037e-06
reconstruction_w8_c1.0_test,quantized,0,3459,up_blocks.2.resnets.0.conv1.weight,0.7521949641292277,-3.475527806932862e-05,-0.0012890748412595831,0.03584364881676164,1.3215795852673553e-07,0.002933560448422795,5.989186792641875e-05,0.05959693342447281,3.4284175853827037e-06
reconstruction_w8_c1.0_test,quantized,0,3459,up_blocks.2.resnets.0.conv2.weight,0.6131732432293109,-2.3311230358062684e-05,-0.0012668973068735714,0.03000824435667746,6.366350913689569e-08,0.0024280376317566727,4.27614048054712e-05,0.05959693342447281,3.4284175853827037e-06
reconstruction_w8_c1.0_test,quantized,0,3459,up_blocks.2.resnets.0.conv_shortcut.weight,0.052359187919505,-6.434084855022086e-05,-0.0038166074822628005,0.32197072443109565,1.7921686915959846e-07,0.007925813429223499,0.00043185916331987866,0.05959693342447281,3.4284175853827037e-06
reconstruction_w8_c1.0_test,quantized,0,3459,up_blocks.2.resnets.1.conv1.weight,0.48514401459282847,-3.4535125132891896e-05,-0.0018798637614356269,0.037867268607648795,1.0169396290734683e-07,0.003059578359772039,6.851141123642676e-05,0.05959693342447281,3.4284175853827037e-06
reconstruction_w8_c1.0_test,quantized,0,3459,up_blocks.2.resnets.1.conv2.weight,0.6572742245917679,-3.5361743538028e-05,-0.001596921203451114,0.03369019938574769,1.0812375796749073e-07,0.004441446930348001,3.703821539597916e-05,0.05959693342447281,3.4284175853827037e-06
reconstruction_w8_c1.0_test,quantized,0,3459,up_blocks.2.resnets.2.conv1.weight,0.5146428711345612,-3.416456785244727e-05,-0.001623675642410496,0.04088563006174739,1.5295887743548523e-07,0.005301280878136528,5.606449457174971e-05,0.05959693342447281,3.4284175853827037e-06
reconstruction_w8_c1.0_test,quantized,0,3459,up_blocks.2.resnets.2.conv2.weight,0.6015580590555007,7.273397139391376e-06,0.0004103630592179544,0.029463985575283885,3.413462249508041e-08,0.001815716260847109,3.125140678009817e-05,0.05959693342447281,3.4284175853827037e-06
reconstruction_w8_c1.0_test,quantized,0,3459,up_blocks.2.upsamplers.0.conv.weight,0.2782960283541002,2.0555914449833952e-06,4.5623302376588686e-05,0.16189859329546058,2.5220814430409134e-07,0.0051575922108918135,0.0001757134868469132,0.05959693342447281,3.4284175853827037e-06
reconstruction_w8_c1.0_test,quantized,0,3459,up_blocks.3.resnets.0.conv1.weight,0.34802235810083215,-6.900193484719012e-05,-0.004866701579929726,0.040739848225275335,9.678997776241947e-08,0.007807413113524599,3.562181837196421e-05,0.05959693342447281,3.4284175853827037e-06
reconstruction_w8_c1.0_test,quantized,0,3459,up_blocks.3.resnets.0.conv2.weight,0.3738088208892511,1.209280210076592e-05,0.0013348407335976034,0.02423527484805752,3.3655731246045605e-08,0.003774783247229443,2.3851597212989063e-05,0.05959693342447281,3.4284175853827037e-06
reconstruction_w8_c1.0_test,quantized,0,3459,up_blocks.3.resnets.0.conv_shortcut.weight,0.04216920492392108,-0.0001677719591228793,-0.01231468622556205,0.3230729614040518,3.8930100556243905e-07,0.03005246913117799,0.0003071920364895901,0.05959693342447281,3.4284175853827037e-06
reconstruction_w8_c1.0_test,quantized,0,3459,up_blocks.3.resnets.1.conv1.weight,0.24078383905468576,-3.3297120162643504e-05,-0.002551527809530939,0.0541974723773962,3.750181581180205e-08,0.004492110527958244,3.4671651476483695e-05,0.05959693342447281,3.4284175853827037e-06
reconstruction_w8_c1.0_test,quantized,0,3459,up_blocks.3.resnets.1.conv2.weight,0.38731196648279553,7.448458069217745e-06,0.0006698391783672281,0.02871011397046861,2.721803326506209e-08,0.00417210514213195,1.68438195693985e-05,0.05959693342447281,3.4284175853827037e-06
reconstruction_w8_c1.0_test,quantized,0,3459,up_blocks.3.resnets.2.conv1.weight,0.252148444714214,6.439181698467552e-06,0.00043432598934112443,0.05879746045823307,3.5218497325630106e-07,0.011843178019523084,0.0001179359665839512,0.05959693342447281,3.4284175853827037e-06
reconstruction_w8_c1.0_test,quantized,0,3459,up_blocks.3.resnets.2.conv2.weight,0.3666579897861231,-4.24000740343506e-07,-8.722235042404591e-05,0.013257989666625022,2.298506451977714e-08,0.0026112525626968493,2.400687852185288e-05,0.05959693342447281,3.4284175853827037e-06
reconstruction_w8_c1.0_test,quantized,0,3459,mid_block.attentions.0.to_q.weight,0.23078641321929214,1.8131932967904593e-06,0.0011851850102982547,0.006628995392653199,-3.8135525917031995e-10,-0.00012471651196816182,1.3249379700327101e-05,0.05959693342447281,3.4284175853827037e-06
reconstruction_w8_c1.0_test,quantized,0,3459,mid_block.attentions.0.to_k.weight,0.23743614370855914,5.461209925254148e-07,0.0003060665343771535,0.007514951718946816,-3.1084213443743036e-09,-0.0008460865284595884,1.5473133483904196e-05,0.05959693342447281,3.4284175853827037e-06
reconstruction_w8_c1.0_test,quantized,0,3459,mid_block.attentions.0.to_v.weight,0.1574095763835994,-4.778647802074814e-08,-8.25330478091603e-06,0.03678290197739448,-9.763552892230053e-12,-8.179520464447071e-07,7.583136784334457e-05,0.05959693342447281,3.4284175853827037e-06
reconstruction_w8_c1.0_test,quantized,0,3459,mid_block.attentions.0.to_out.0.weight,0.14889584926963265,9.242868180769562e-06,0.0014695402568854026,0.04224182571337945,4.776805647963294e-08,0.0040743398920066775,7.87404195170472e-05,0.05959693342447281,3.4284175853827037e-06
reconstruction_w8_c1.0_test,quantized,0,3459,mid_block.resnets.0.conv1.weight,1.1884909866201425,-4.705272428799106e-05,-0.0012719203150928927,0.031126405947914982,2.822472333575021e-07,0.003340163966501542,7.10994128985569e-05,0.05959693342447281,3.4284175853827037e-06
reconstruction_w8_c1.0_test,quantized,0,3459,mid_block.resnets.0.conv2.weight,0.7352291548814647,3.158961040513101e-06,7.497492226033065e-05,0.05730671649241407,3.6921274025681334e-07,0.004240137314787297,0.0001184333563262187,0.05959693342447281,3.4284175853827037e-06
reconstruction_w8_c1.0_test,quantized,0,3459,mid_block.resnets.1.conv1.weight,1.1190956100915124,-2.2226860199912714e-05,-0.0008781588682510471,0.022617147707352316,8.116636122261589e-08,0.0016560412975383687,4.379633021280357e-05,0.05959693342447281,3.4284175853827037e-06
reconstruction_w8_c1.0_test,quantized,0,3459,mid_block.resnets.1.conv2.weight,0.7529273162367485,1.848847161782274e-05,0.0006303826444646739,0.038953251018009026,5.7430926640516405e-08,0.001130482064358739,6.747285601688084e-05,0.05959693342447281,3.4284175853827037e-06
reconstruction_w8_c1.0_test,quantized,0,3459,conv_out.weight,0.00815626578917246,8.582713079265942e-05,0.02014087635649076,0.5224621835626083,6.690673108977792e-07,0.08409845248045171,0.0009754172635116371,0.05959693342447281,3.4284175853827037e-06
reconstruction_w8_c1.0_test,quantized,1,3460,conv_in.weight,0.08414798006888881,-3.7420433896862495e-05,-0.0026343970983568844,0.168804447241264,2.2133652620783644e-07,0.028593569345009024,9.199008545453094e-05,0.07523658871650696,2.7149271772941574e-06
reconstruction_w8_c1.0_test,quantized,1,3460,up_blocks.0.resnets.0.conv1.weight,1.1919096088054009,2.1403557333327365e-05,0.0005099052933465632,0.03521706176284127,1.3636387814904998e-07,0.004549474797709596,2.5147496678084147e-05,0.07523658871650696,2.7149271772941574e-06
reconstruction_w8_c1.0_test,quantized,1,3460,up_blocks.0.resnets.0.conv2.weight,0.8195200901836349,1.7487073255087703e-05,0.0003832074005843077,0.05568312970609971,7.18536941018188e-08,0.00238369366189596,3.678231458733639e-05,0.07523658871650696,2.7149271772941574e-06
reconstruction_w8_c1.0_test,quantized,1,3460,up_blocks.0.resnets.1.conv1.weight,1.2024992902396014,3.969568003875205e-06,7.944418522645274e-05,0.04155241811770504,1.5668358774326706e-07,0.00477354487295093,2.729591576916791e-05,0.07523658871650696,2.7149271772941574e-06
reconstruction_w8_c1.0_test,quantized,1,3460,up_blocks.0.resnets.1.conv2.weight,0.7636623340119247,-4.2087685984749424e-07,-8.404715076506423e-06,0.06557384998342285,7.760730235980726e-08,0.0022903785046817773,4.4370462730615656e-05,0.07523658871650696,2.7149271772941574e-06
reconstruction_w8_c1.0_test,quantized,1,3460,up_blocks.0.resnets.2.conv1.weight,1.2587220756912305,-4.3401094472018756e-05,-0.0007613539613106702,0.045288112511694546,2.4555308303696366e-07,0.00855942714743285,2.2791391560114186e-05,0.07523658871650696,2.7149271772941574e-06
reconstruction_w8_c1.0_test,quantized,1,3460,up_blocks.0.resnets.2.conv2.weight,0.7679992279558009,-5.049594852579085e-05,-0.000914171159711826,0.0719230730197696,1.0224842966400585e-07,0.00297684556531578,4.472388877455052e-05,0.07523658871650696,2.7149271772941574e-06
reconstruction_w8_c1.0_test,quantized,1,3460,up_blocks.0.upsamplers.0.conv.weight,0.4598896532845408,-7.648607010251684e-05,-0.0006832626198362672,0.2434114741499214,2.0579281679029502e-07,0.003439102728666491,0.00013011621579018777,0.07523658871650696,2.7149271772941574e-06
reconstruction_w8_c1.0_test,quantized,1,3460,up_blocks.1.resnets.0.conv1.weight,1.1605817636654474,-2.7453121154434046e-05,-0.0004898271811150899,0.04829176777250042,1.6221807437456332e-07,0.005633944241933066,2.480909688075186e-05,0.07523658871650696,2.7149271772941574e-06
reconstruction_w8_c1.0_test,quantized,1,3460,up_blocks.1.resnets.0.conv2.weight,1.114462976202442,-3.100225109176297e-06,-4.9588124196255744e-05,0.05609832625008359,9.78104420674087e-08,0.002768818601485452,3.169750452534758e-05,0.07523658871650696,2.7149271772941574e-06
reconstruction_w8_c1.0_test,quantized,1,3460,up_blocks.1.resnets.1.conv1.weight,1.183865582457782,2.1659730148538307e-05,0.00034505552575992126,0.053022678166158174,1.5782288660041966e-07,0.0059145838478333445,2.2539454167314764e-05,0.07523658871650696,2.7149271772941574e-06
reconstruction_w8_c1.0_test,quantized,1,3460,up_blocks.1.resnets.1.conv2.weight,1.0681959495291329,2.638569204826683e-05,0.0004316228747603728,0.05722859839658173,8.82652654255167e-08,0.0028135217544680065,2.9368964017511008e-05,0.07523658871650696,2.7149271772941574e-06
reconstruction_w8_c1.0_test,quantized,1,3460,up_blocks.1.resnets.2.conv1.weight,1.144397543777476,0.0001589496603701137,0.0023767179013337407,0.05843930602792931,2.0519020976976572e-07,0.006964476020090052,2.574490366536408e-05,0.07523658871650696,2.7149271772941574e-06
reconstruction_w8_c1.0_test,quantized,1,3460,up_blocks.1.resnets.2.conv2.weight,0.979419541183529,-7.062143168004242e-06,-0.00013030510002760186,0.055335818591623794,4.3884610026462474e-08,0.001460696732310763,3.0674918743872584e-05,0.07523658871650696,2.7149271772941574e-06
reconstruction_w8_c1.0_test,quantized,1,3460,up_blocks.1.upsamplers.0.conv.weight,0.5073226303407816,7.69644911816362e-05,0.0006614414516619054,0.22935845738512856,1.4698409617478948e-07,0.002262456942193988,0.00012805772672871515,0.07523658871650696,2.7149271772941574e-06
reconstruction_w8_c1.0_test,quantized,1,3460,up_blocks.2.resnets.0.conv1.weight,0.7521949641292277,-1.239560675678918e-05,-0.000245642949838701,0.06708618021087548,9.36772653293611e-08,0.004385807859321991,2.8395804737909453e-05,0.07523658871650696,2.7149271772941574e-06
reconstruction_w8_c1.0_test,quantized,1,3460,up_blocks.2.resnets.0.conv2.weight,0.6131732432293109,-2.527208167353472e-05,-0.0007937877452396099,0.051922241295542064,4.475967814695565e-08,0.002830093230297152,2.5793068826252218e-05,0.07523658871650696,2.7149271772941574e-06
reconstruction_w8_c1.0_test,quantized,1,3460,up_blocks.2.resnets.0.conv_shortcut.weight,0.052359187919505,-8.101455649876075e-05,-0.00247183474864437,0.6259659695618751,1.1228011613697721e-07,0.006066940090943452,0.00035345997680157244,0.07523658871650696,2.7149271772941574e-06
reconstruction_w8_c1.0_test,quantized,1,3460,up_blocks.2.resnets.1.conv1.weight,0.48514401459282847,1.4756182793158047e-05,0.00047721914863468044,0.06373610023220748,8.736427687718536e-08,0.005573768176570616,3.2308314904569167e-05,0.07523658871650696,2.7149271772941574e-06
reconstruction_w8_c1.0_test,quantized,1,3460,up_blocks.2.resnets.1.conv2.weight,0.6572742245917679,-7.098320483154842e-05,-0.0018595538043710285,0.05807647561514885,5.945826124616242e-08,0.003519578312890396,2.5702476479330308e-05,0.07523658871650696,2.7149271772941574e-06
reconstruction_w8_c1.0_test,quantized,1,3460,up_blocks.2.resnets.2.conv1.weight,0.5146428711345612,1.9823301598173237e-05,0.0005962438392391713,0.06460202367086475,4.001576959838223e-08,0.0019189032250763662,4.052025220111836e-05,0.07523658871650696,2.7149271772941574e-06
reconstruction_w8_c1.0_test,quantized,1,3460,up_blocks.2.resnets.2.conv2.weight,0.6015580590555007,-2.9333639013873014e-05,-0.0009251098610508641,0.05271025090426491,3.887255593220551e-08,0.002260787789135312,2.8582864395253585e-05,0.07523658871650696,2.7149271772941574e-06
reconstruction_w8_c1.0_test,quantized,1,3460,up_blocks.2.upsamplers.0.conv.weight,0.2782960283541002,1.8048559387784683e-05,0.00019663494632277684,0.32981836194412595,3.068346191783719e-07,0.006107402118262059,0.0001805264468166631,0.07523658871650696,2.7149271772941574e-06
reconstruction_w8_c1.0_test,quantized,1,3460,up_blocks.3.resnets.0.conv1.weight,0.34802235810083215,-5.1669500815680765e-05,-0.0021590304072625728,0.06876514476024861,1.5709486628726686e-07,0.014600744970409224,3.091575324684827e-05,0.07523658871650696,2.7149271772941574e-06
reconstruction_w8_c1.0_test,quantized,1,3460,up_blocks.3.resnets.0.conv2.weight,0.3738088208892511,2.1304938633472476e-05,0.0014277616142376608,0.039918576011293117,3.594070130444967e-08,0.0037963164356642582,2.5326466183214344e-05,0.07523658871650696,2.7149271772941574e-06
reconstruction_w8_c1.0_test,quantized,1,3460,up_blocks.3.resnets.0.conv_shortcut.weight,0.04216920492392108,-7.220164570403916e-05,-0.0029557037727253274,0.5792829924829698,5.887941259430227e-07,0.03973708236120908,0.0003513759877334972,0.07523658871650696,2.7149271772941574e-06
reconstruction_w8_c1.0_test,quantized,1,3460,up_blocks.3.resnets.1.conv1.weight,0.24078383905468576,-6.499079608609932e-05,-0.0031584000521491322,0.08545891685007728,5.1690943087616924e-08,0.005067380933459799,4.236464468041483e-05,0.07523658871650696,2.7149271772941574e-06
reconstruction_w8_c1.0_test,quantized,1,3460,up_blocks.3.resnets.1.conv2.weight,0.38731196648279553,4.050953765500766e-05,0.002151628139627706,0.048610395635130865,2.2722268049594582e-08,0.0027508164479557377,2.1326969659091647e-05,0.07523658871650696,2.7149271772941574e-06
reconstruction_w8_c1.0_test,quantized,1,3460,up_blocks.3.resnets.2.conv1.weight,0.252148444714214,2.5082695025992198e-05,0.0009649768489988072,0.10308631369551756,4.2523491206532417e-07,0.011638327201034521,0.00014490456138168003,0.07523658871650696,2.7149271772941574e-06
reconstruction_w8_c1.0_test,quantized,1,3460,up_blocks.3.resnets.2.conv2.weight,0.3666579897861231,1.2827719048580127e-05,0.0015213379730489348,0.02299654438332027,4.2948927747171835e-08,0.0038689306994434346,3.0276120289348397e-05,0.07523658871650696,2.7149271772941574e-06
reconstruction_w8_c1.0_test,quantized,1,3460,mid_block.attentions.0.to_q.weight,0.23078641321929214,4.780698197348125e-06,0.0021598274545746986,0.009590958964029115,9.220515351387809e-10,0.0006149232400175153,6.497167314750898e-06,0.07523658871650696,2.7149271772941574e-06
reconstruction_w8_c1.0_test,quantized,1,3460,mid_block.attentions.0.to_k.weight,0.23743614370855914,-3.8080605122837864e-06,-0.0013240945291852066,0.012112617964692379,2.821140426749702e-09,0.0019488250207992876,6.096843221601546e-06,0.07523658871650696,2.7149271772941574e-06
reconstruction_w8_c1.0_test,quantized,1,3460,mid_block.attentions.0.to_v.weight,0.1574095763835994,1.288412409662832e-06,0.00011406883391889724,0.07175575644015617,2.671307692442075e-08,0.004649894196076273,3.64963719104184e-05,0.07523658871650696,2.7149271772941574e-06
reconstruction_w8_c1.0_test,quantized,1,3460,mid_block.attentions.0.to_out.0.weight,0.14889584926963265,2.4399743601245193e-05,0.0018427857737521346,0.08892580813298558,2.583651703836306e-08,0.0028406079811398063,6.108577284917977e-05,0.07523658871650696,2.7149271772941574e-06
reconstruction_w8_c1.0_test,quantized,1,3460,mid_block.resnets.0.conv1.weight,1.1884909866201425,-1.4060996343056242e-05,-0.00021430105659224206,0.055207221535798975,1.611594396582452e-07,0.005187147281020781,2.6141546540601373e-05,0.07523658871650696,2.7149271772941574e-06
reconstruction_w8_c1.0_test,quantized,1,3460,mid_block.resnets.0.conv2.weight,0.7352291548814647,1.1870235331368199e-05,0.000186789810123696,0.08643376443112456,9.094423340799533e-08,0.002149259992671024,5.7552406985888316e-05,0.07523658871650696,2.7149271772941574e-06
reconstruction_w8_c1.0_test,quantized,1,3460,mid_block.resnets.1.conv1.weight,1.1190956100915124,3.338877795634096e-05,0.0009483049039761891,0.03146192818633692,4.370356461017943e-08,0.0019499121661773228,2.002786336220316e-05,0.07523658871650696,2.7149271772941574e-06
reconstruction_w8_c1.0_test,quantized,1,3460,mid_block.resnets.1.conv2.weight,0.7529273162367485,-5.584549244784882e-05,-0.001217180069554015,0.06093688342787088,5.9253590228570554e-08,0.0020985907962566626,3.7500223167960745e-05,0.07523658871650696,2.7149271772941574e-06
reconstruction_w8_c1.0_test,quantized,1,3460,conv_out.weight,0.00815626578917246,0.00011805105748865785,0.017826578643992647,0.8119149020437917,8.860130751390413e-07,0.11479503253250686,0.0009462930833033724,0.07523658871650696,2.7149271772941574e-06
reconstruction_w8_c1.0_test,quantized,2,3461,conv_in.weight,0.08414798006888881,-2.2397523551601218e-05,-0.002491196466287945,0.10684355438284875,4.954414672738005e-07,0.027261114665295027,0.00021597577857624127,0.06313448399305344,4.1118378248938825e-06
reconstruction_w8_c1.0_test,quantized,2,3461,up_blocks.0.resnets.0.conv1.weight,1.1919096088054009,1.3094593851635186e-05,0.0003343076251738187,0.03286263848634891,2.813012965268846e-07,0.006803012340703209,3.4691825573155334e-05,0.06313448399305344,4.1118378248938825e-06
reconstruction_w8_c1.0_test,quantized,2,3461,up_blocks.0.resnets.0.conv2.weight,0.8195200901836349,1.354597242494641e-05,0.0003640389380055785,0.04540490212685312,1.0310156445858245e-07,0.002593036627768173,4.8517341897531984e-05,0.06313448399305344,4.1118378248938825e-06
reconstruction_w8_c1.0_test,quantized,2,3461,up_blocks.0.resnets.1.conv1.weight,1.2024992902396014,-1.718815695246736e-05,-0.0003520344967350817,0.04060310618588581,3.261173400303901e-07,0.007078760008997687,3.831173975331033e-05,0.06313448399305344,4.1118378248938825e-06
reconstruction_w8_c1.0_test,quantized,2,3461,up_blocks.0.resnets.1.conv2.weight,0.7636623340119247,-3.5515289343223586e-06,-9.022286406446107e-05,0.051546285796494076,1.21565452759968e-07,0.0030069622012995553,5.2939621574915625e-05,0.06313448399305344,4.1118378248938825e-06
reconstruction_w8_c1.0_test,quantized,2,3461,up_blocks.0.resnets.2.conv1.weight,1.2587220756912305,1.956453142229272e-06,3.5394216823722036e-05,0.04391443452433202,3.3954739738884967e-07,0.0075889327145373,3.554592782260913e-05,0.06313448399305344,4.1118378248938825e-06
reconstruction_w8_c1.0_test,quantized,2,3461,up_blocks.0.resnets.2.conv2.weight,0.7679992279558009,-6.157640423596198e-06,-0.00015406382669323282,0.052041866025946654,1.1237478833310293e-07,0.0027626838598646198,5.296352876024068e-05,0.06313448399305344,4.1118378248938825e-06
reconstruction_w8_c1.0_test,quantized,2,3461,up_blocks.0.upsamplers.0.conv.weight,0.4598896532845408,-3.719347114517035e-05,-0.00039852329794822606,0.202936122049381,5.205527859783621e-07,0.005009968502385906,0.00022593116454264022,0.06313448399305344,4.1118378248938825e-06
reconstruction_w8_c1.0_test,quantized,2,3461,up_blocks.1.resnets.0.conv1.weight,1.1605817636654474,-1.9097015710948964e-05,-0.00036464843658704383,0.04512481218504988,2.3865707729397727e-07,0.006439823129893757,3.193189084156558e-05,0.06313448399305344,4.1118378248938825e-06
reconstruction_w8_c1.0_test,quantized,2,3461,up_blocks.1.resnets.0.conv2.weight,1.114462976202442,7.281581317971565e-05,0.001461441286567327,0.04470732511758146,2.3855568881550793e-07,0.005852158399839469,3.657699809632551e-05,0.06313448399305344,4.1118378248938825e-06
reconstruction_w8_c1.0_test,quantized,2,3461,up_blocks.1.resnets.1.conv1.weight,1.183865582457782,-6.613597753323372e-05,-0.001187522451449356,0.04704284223021497,2.7757608782101646e-07,0.00812306514075899,2.886421293186257e-05,0.06313448399305344,4.1118378248938825e-06
reconstruction_w8_c1.0_test,quantized,2,3461,up_blocks.1.resnets.1.conv2.weight,1.0681959495291329,-2.4683314307112432e-05,-0.0005154291377093581,0.04483153205602853,1.8445387768042688e-07,0.0048876322467350545,3.5329569161557254e-05,0.06313448399305344,4.1118378248938825e-06
reconstruction_w8_c1.0_test,quantized,2,3461,up_blocks.1.resnets.2.conv1.weight,1.144397543777476,3.590808229957467e-05,0.000580345808600017,0.05406652319165128,3.7599225053874184e-07,0.010688407682951876,3.073894560066662e-05,0.06313448399305344,4.1118378248938825e-06
reconstruction_w8_c1.0_test,quantized,2,3461,up_blocks.1.resnets.2.conv2.weight,0.979419541183529,-5.5899406874997845e-06,-0.00013271028688430648,0.04300647497436463,1.1842019743304435e-07,0.003480124065038076,3.474259785728971e-05,0.06313448399305344,4.1118378248938825e-06
reconstruction_w8_c1.0_test,quantized,2,3461,up_blocks.1.upsamplers.0.conv.weight,0.5073226303407816,0.00011740235213656685,0.0012944041008058527,0.1787815434783955,2.7834028557939787e-07,0.0026207410834991154,0.00020934746970254994,0.06313448399305344,4.1118378248938825e-06
reconstruction_w8_c1.0_test,quantized,2,3461,up_blocks.2.resnets.0.conv1.weight,0.7521949641292277,3.402169418809688e-05,0.0008419571044888112,0.053719943727792756,2.1663380190491367e-07,0.00796581040881238,3.6154789252057345e-05,0.06313448399305344,4.1118378248938825e-06
reconstruction_w8_c1.0_test,quantized,2,3461,up_blocks.2.resnets.0.conv2.weight,0.6131732432293109,-1.1726329041052496e-05,-0.0004757655758498453,0.04019628025295817,1.7425226997634668e-07,0.008065843480352724,3.5232662097740163e-05,0.06313448399305344,4.1118378248938825e-06
reconstruction_w8_c1.0_test,quantized,2,3461,up_blocks.2.resnets.0.conv_shortcut.weight,0.052359187919505,-6.97346607507691e-05,-0.0029448176382256617,0.45226958720258037,6.079086374017065e-09,0.0002065156086455543,0.0005622021865005149,0.06313448399305344,4.1118378248938825e-06
reconstruction_w8_c1.0_test,quantized,2,3461,up_blocks.2.resnets.1.conv1.weight,0.48514401459282847,1.3658496089870403e-05,0.0005013542478168314,0.05615488032621945,1.601288194956373e-07,0.011049466802887,2.9871532432039645e-05,0.06313448399305344,4.1118378248938825e-06
reconstruction_w8_c1.0_test,quantized,2,3461,up_blocks.2.resnets.1.conv2.weight,0.6572742245917679,-2.831690028535392e-05,-0.0009516224908801915,0.045272493212763686,8.740371785786817e-08,0.003782218287899077,3.515901622842419e-05,0.06313448399305344,4.1118378248938825e-06
reconstruction_w8_c1.0_test,quantized,2,3461,up_blocks.2.resnets.2.conv1.weight,0.5146428711345612,5.482911777833552e-06,0.00019590562413154922,0.05438240284345341,1.0413165243028438e-07,0.00549400441563139,3.6828819192428004e-05,0.06313448399305344,4.1118378248938825e-06
reconstruction_w8_c1.0_test,quantized,2,3461,up_blocks.2.resnets.2.conv2.weight,0.6015580590555007,9.600379753447773e-06,0.00043521040387167574,0.03667005777262108,5.035648113780623e-08,0.0024265544721496367,3.4497512450714274e-05,0.06313448399305344,4.1118378248938825e-06
reconstruction_w8_c1.0_test,quantized,2,3461,up_blocks.2.upsamplers.0.conv.weight,0.2782960283541002,2.5790214455049255e-05,0.0004616920602595777,0.2007222603711439,2.6216902099556856e-07,0.0029148619939306456,0.0003231888477900238,0.06313448399305344,4.1118378248938825e-06
reconstruction_w8_c1.0_test,quantized,2,3461,up_blocks.3.resnets.0.conv1.weight,0.34802235810083215,-1.3444394188623958e-05,-0.0007763831504978932,0.04975743571700173,2.0847252888197448e-07,0.011846138793767292,5.0566730303346026e-05,0.06313448399305344,4.1118378248938825e-06
reconstruction_w8_c1.0_test,quantized,2,3461,up_blocks.3.resnets.0.conv2.weight,0.3738088208892511,1.6487032700662023e-05,0.0015769703022258334,0.027968517018209415,4.381097671907011e-08,0.003623088963611774,3.23485182283353e-05,0.06313448399305344,4.1118378248938825e-06
reconstruction_w8_c1.0_test,quantized,2,3461,up_blocks.3.resnets.0.conv_shortcut.weight,0.04216920492392108,-0.00011312215493315046,-0.006999875805224975,0.3832321382346892,5.892192973073483e-07,0.02404628867745835,0.0005810767416200154,0.06313448399305344,4.1118378248938825e-06
reconstruction_w8_c1.0_test,quantized,2,3461,up_blocks.3.resnets.1.conv1.weight,0.24078383905468576,1.873362463331679e-05,0.0012580861797780287,0.06184207994254142,6.24948027734269e-08,0.004396573975207052,5.903399612035399e-05,0.06313448399305344,4.1118378248938825e-06
reconstruction_w8_c1.0_test,quantized,2,3461,up_blocks.3.resnets.1.conv2.weight,0.38731196648279553,-9.039610786905486e-06,-0.0007413116280669963,0.031483862282737786,1.6126752242139515e-08,0.0017508051112586573,2.3781990034696753e-05,0.06313448399305344,4.1118378248938825e-06
reconstruction_w8_c1.0_test,quantized,2,3461,up_blocks.3.resnets.2.conv1.weight,0.252148444714214,3.400147529686558e-05,0.0019455729865424723,0.06930968734993521,3.6125044599398825e-07,0.008703865290883102,0.00016460383045796296,0.06313448399305344,4.1118378248938825e-06
reconstruction_w8_c1.0_test,quantized,2,3461,up_blocks.3.resnets.2.conv2.weight,0.3666579897861231,1.4549014171446888e-05,0.0025724177961871596,0.01542520371891532,9.717220676610779e-08,0.008516926278483685,3.111702182462338e-05,0.06313448399305344,4.1118378248938825e-06
reconstruction_w8_c1.0_test,quantized,2,3461,mid_block.attentions.0.to_q.weight,0.23078641321929214,7.080580762045555e-06,0.0030831304235531868,0.0099510004618676,3.0198101965866e-09,0.0006452571731634423,2.0278534614637497e-05,0.06313448399305344,4.1118378248938825e-06
reconstruction_w8_c1.0_test,quantized,2,3461,mid_block.attentions.0.to_k.weight,0.23743614370855914,-1.5557562727908816e-06,-0.0007292987146017398,0.008984404206305875,2.6930953424988734e-09,0.0006911770288965388,1.6410265317069815e-05,0.06313448399305344,4.1118378248938825e-06
reconstruction_w8_c1.0_test,quantized,2,3461,mid_block.attentions.0.to_v.weight,0.1574095763835994,-4.029808478564375e-06,-0.0004350339395662688,0.058847784334733984,9.914869199648282e-08,0.006507692287026588,9.678963000727563e-05,0.06313448399305344,4.1118378248938825e-06
reconstruction_w8_c1.0_test,quantized,2,3461,mid_block.attentions.0.to_out.0.weight,0.14889584926963265,6.186007285298561e-06,0.0005387994102918312,0.07710822824043524,5.6051944155776274e-08,0.0028095546185631826,0.00013398945175458274,0.06313448399305344,4.1118378248938825e-06
reconstruction_w8_c1.0_test,quantized,2,3461,mid_block.resnets.0.conv1.weight,1.1884909866201425,-5.022349307490313e-05,-0.0011526167581104487,0.03666283909988444,3.199256208803734e-07,0.004842186181353061,5.559191633106161e-05,0.06313448399305344,4.1118378248938825e-06
reconstruction_w8_c1.0_test,quantized,2,3461,mid_block.resnets.0.conv2.weight,0.7352291548814647,1.3226098397861851e-05,0.0002557015611520072,0.0703518706106089,1.5326619622571164e-07,0.0020174289113561302,0.00010332975949765818,0.06313448399305344,4.1118378248938825e-06
reconstruction_w8_c1.0_test,quantized,2,3461,mid_block.resnets.1.conv1.weight,1.1190956100915124,6.279142433527254e-05,0.002019686590299741,0.027781082259685765,1.992387570401963e-07,0.004219303099606295,4.219547759999594e-05,0.06313448399305344,4.1118378248938825e-06
reconstruction_w8_c1.0_test,quantized,2,3461,mid_block.resnets.1.conv2.weight,0.7529273162367485,-1.554614756502457e-05,-0.0004566992202155548,0.045210515815528436,7.11596590669851e-08,0.0016292021421969506,5.801039632490926e-05,0.06313448399305344,4.1118378248938825e-06
reconstruction_w8_c1.0_test,quantized,2,3461,conv_out.weight,0.00815626578917246,0.00016640308635166494,0.028875848561588934,0.7065375561899656,8.73522214604813e-07,0.0833538815756193,0.0012848628008796565,0.06313448399305344,4.1118378248938825e-06
reconstruction_w8_c1.0_test,quantized,3,3462,conv_in.weight,0.08414798006888881,-7.4817810503867745e-06,-0.005724598691288161,0.01553160197104941,8.822756495636915e-08,0.03750965760646907,2.795229671821682e-05,0.002659459365531802,5.83847395319026e-07
reconstruction_w8_c1.0_test,quantized,3,3462,up_blocks.0.resnets.0.conv1.weight,1.1919096088054009,2.1808294770709784e-06,0.0005556147586084358,0.0032930976914633653,3.6260851253374645e-08,0.007042975513274516,4.319549905071539e-06,0.002659459365531802,5.83847395319026e-07
reconstruction_w8_c1.0_test,quantized,3,3462,up_blocks.0.resnets.0.conv2.weight,0.8195200901836349,-1.6771287431061489e-06,-0.0003015050635684815,0.006787536644579598,1.9887507996583553e-08,0.002310466878372851,1.050318501280504e-05,0.002659459365531802,5.83847395319026e-07
reconstruction_w8_c1.0_test,quantized,3,3462,up_blocks.0.resnets.1.conv1.weight,1.2024992902396014,-2.257003138154607e-06,-0.0006047911250976873,0.0031034297901513784,4.3170656440262745e-08,0.008199631555106283,4.378340019936274e-06,0.002659459365531802,5.83847395319026e-07
reconstruction_w8_c1.0_test,quantized,3,3462,up_blocks.0.resnets.1.conv2.weight,0.7636623340119247,2.4671008916473695e-06,0.0004245407147543522,0.007609676472311232,1.667858491189372e-08,0.0017608728089082862,1.2403088502004195e-05,0.002659459365531802,5.83847395319026e-07
reconstruction_w8_c1.0_test,quantized,3,3462,up_blocks.0.resnets.2.conv1.weight,1.2587220756912305,1.1844742458387353e-06,0.00024336268531851296,0.0038667116278772165,5.33734288688203e-08,0.009153570053121066,4.632386054166086e-06,0.002659459365531802,5.83847395319026e-07
reconstruction_w8_c1.0_test,quantized,3,3462,up_blocks.0.resnets.2.conv2.weight,0.7679992279558009,-1.923666467444479e-06,-0.0003063305582752651,0.008176711387269858,1.6829512054014827e-08,0.0014928445979182788,1.467898883317498e-05,0.002659459365531802,5.83847395319026e-07
reconstruction_w8_c1.0_test,quantized,3,3462,up_blocks.0.upsamplers.0.conv.weight,0.4598896532845408,-5.310070066588387e-06,-0.00046132333344920106,0.02502886704605375,1.1178442816177798e-07,0.00604584517494021,4.0204128215927286e-05,0.002659459365531802,5.83847395319026e-07
reconstruction_w8_c1.0_test,quantized,3,3462,up_blocks.1.resnets.0.conv1.weight,1.1605817636654474,-1.8489357168661697e-07,-3.763722915911088e-05,0.004232806608271279,3.932256558485118e-08,0.0071153509527056066,4.761784943710774e-06,0.002659459365531802,5.83847395319026e-07
reconstruction_w8_c1.0_test,quantized,3,3462,up_blocks.1.resnets.0.conv2.weight,1.114462976202442,6.469183939513178e-07,0.00010996338277044718,0.005278806745336067,3.306374051776924e-08,0.0041802909596204115,7.097082076454033e-06,0.002659459365531802,5.83847395319026e-07
reconstruction_w8_c1.0_test,quantized,3,3462,up_blocks.1.resnets.1.conv1.weight,1.183865582457782,-3.255559077782841e-06,-0.0006530225962043658,0.004211094396325561,4.1709079604618916e-08,0.00828612619176163,4.2518376030809e-06,0.002659459365531802,5.83847395319026e-07
reconstruction_w8_c1.0_test,quantized,3,3462,up_blocks.1.resnets.1.conv2.weight,1.0681959495291329,2.297212346751363e-06,0.00035506742231986715,0.0060567463693545235,2.692841342414697e-08,0.0033824957477289687,7.452853426297297e-06,0.002659459365531802,5.83847395319026e-07
reconstruction_w8_c1.0_test,quantized,3,3462,up_blocks.1.resnets.2.conv1.weight,1.144397543777476,9.369122717721779e-06,0.0016028059442572248,0.005107884471874092,5.7259494341852626e-08,0.00974845786702757,5.132567533345024e-06,0.002659459365531802,5.83847395319026e-07
reconstruction_w8_c1.0_test,quantized,3,3462,up_blocks.1.resnets.2.conv2.weight,0.979419541183529,1.0640492261547467e-06,0.00018217157902187552,0.005963652547319573,1.3044834507497308e-08,0.001629868611195592,8.171790293212452e-06,0.002659459365531802,5.83847395319026e-07
reconstruction_w8_c1.0_test,quantized,3,3462,up_blocks.1.upsamplers.0.conv.weight,0.5073226303407816,9.283415734961575e-06,0.0008369292927710828,0.021864260629057886,6.18213796492169e-08,0.003182405045788368,3.8291202307211005e-05,0.002659459365531802,5.83847395319026e-07
reconstruction_w8_c1.0_test,quantized,3,3462,up_blocks.2.resnets.0.conv1.weight,0.7521949641292277,-3.0410324750376713e-06,-0.0007691934831169071,0.005255996173296867,3.9607826861507043e-08,0.009748244606747862,5.401621823191281e-06,0.002659459365531802,5.83847395319026e-07
reconstruction_w8_c1.0_test,quantized,3,3462,up_blocks.2.resnets.0.conv2.weight,0.6131732432293109,-5.7394284182816385e-06,-0.0019239531472465328,0.004865090871393559,2.682219046649151e-08,0.0065224990447087065,6.706516887370197e-06,0.002659459365531802,5.83847395319026e-07
reconstruction_w8_c1.0_test,quantized,3,3462,up_blocks.2.resnets.0.conv_shortcut.weight,0.052359187919505,-1.425422587726804e-06,-0.000541296096299994,0.050293960840551044,8.376173099712355e-08,0.016383776921236853,9.764246070360669e-05,0.002659459365531802,5.83847395319026e-07
reconstruction_w8_c1.0_test,quantized,3,3462,up_blocks.2.resnets.1.conv1.weight,0.48514401459282847,3.2102684707923648e-06,0.0011457803876745343,0.00577523009027442,2.0595135594931894e-08,0.008952618702448043,4.741807179852036e-06,0.002659459365531802,5.83847395319026e-07
reconstruction_w8_c1.0_test,quantized,3,3462,up_blocks.2.resnets.1.conv2.weight,0.6572742245917679,-4.158671518144442e-06,-0.0010973823264711121,0.005765673627137562,2.756063941650443e-08,0.006201715817706343,6.761309651782519e-06,0.002659459365531802,5.83847395319026e-07
reconstruction_w8_c1.0_test,quantized,3,3462,up_blocks.2.resnets.2.conv1.weight,0.5146428711345612,-1.0777778306186783e-06,-0.0003672861732298923,0.0057018883040622385,2.994171873910718e-08,0.009918496001153684,5.8657688188403016e-06,0.002659459365531802,5.83847395319026e-07
reconstruction_w8_c1.0_test,quantized,3,3462,up_blocks.2.resnets.2.conv2.weight,0.6015580590555007,7.223969457309334e-07,0.0002411428526637101,0.004979938248515411,3.444499661837826e-09,0.0009501763906968055,6.02621138865385e-06,0.002659459365531802,5.83847395319026e-07
reconstruction_w8_c1.0_test,quantized,3,3462,up_blocks.2.upsamplers.0.conv.weight,0.2782960283541002,1.302019614848239e-05,0.0018035691739013587,0.025940462478077707,4.854467271938359e-08,0.0031658323604846664,5.5099372765793915e-05,0.002659459365531802,5.83847395319026e-07
reconstruction_w8_c1.0_test,quantized,3,3462,up_blocks.3.resnets.0.conv1.weight,0.34802235810083215,-2.565900995002328e-06,-0.001184677296915446,0.006223471199113879,1.862180476213335e-08,0.006327950816492339,8.455738209395283e-06,0.002659459365531802,5.83847395319026e-07
reconstruction_w8_c1.0_test,quantized,3,3462,up_blocks.3.resnets.0.conv2.weight,0.3738088208892511,-3.7970850833917034e-06,-0.0028938550560082643,0.003510136525111251,1.3100400448648242e-08,0.0038259154842506227,9.160088166148355e-06,0.002659459365531802,5.83847395319026e-07
reconstruction_w8_c1.0_test,quantized,3,3462,up_blocks.3.resnets.0.conv_shortcut.weight,0.04216920492392108,-8.135799853940762e-06,-0.004060349706028461,0.04751616740087529,9.945685353394602e-08,0.01691174488085216,0.00013946039286682368,0.002659459365531802,5.83847395319026e-07
reconstruction_w8_c1.0_test,quantized,3,3462,up_blocks.3.resnets.1.conv1.weight,0.24078383905468576,-3.3053532863186897e-06,-0.002008439067041283,0.006834895674510691,2.158778661211627e-08,0.0068803458658541015,1.3030782976538194e-05,0.002659459365531802,5.83847395319026e-07
reconstruction_w8_c1.0_test,quantized,3,3462,up_blocks.3.resnets.1.conv2.weight,0.38731196648279553,3.143063603887344e-06,0.0015831519739003188,0.005125894313617373,2.3406240338236532e-09,0.0010066069233791608,6.003587320786383e-06,0.002659459365531802,5.83847395319026e-07
reconstruction_w8_c1.0_test,quantized,3,3462,up_blocks.3.resnets.2.conv1.weight,0.252148444714214,-8.902653728329564e-06,-0.002967877902073201,0.011896443813430803,2.240488465717336e-08,0.0032949336434520545,2.6967441541406652e-05,0.002659459365531802,5.83847395319026e-07
reconstruction_w8_c1.0_test,quantized,3,3462,up_blocks.3.resnets.2.conv2.weight,0.3666579897861231,-1.7348625109406759e-06,-0.0020898630272692172,0.0022640503796079675,3.7046451558624765e-09,0.0013220598499644276,7.642480631280605e-06,0.002659459365531802,5.83847395319026e-07
reconstruction_w8_c1.0_test,quantized,3,3462,mid_block.attentions.0.to_q.weight,0.23078641321929214,2.2111285855950673e-07,0.0014439330264980814,0.0006635241153721931,6.326244126769861e-10,0.002361524377917591,1.160762251965905e-06,0.002659459365531802,5.83847395319026e-07
reconstruction_w8_c1.0_test,quantized,3,3462,mid_block.attentions.0.to_k.weight,0.23743614370855914,1.625973242927814e-07,0.0009819276091642744,0.0006974082700467809,2.027969846220918e-10,0.0008465362914373788,1.0089486924096637e-06,0.002659459365531802,5.83847395319026e-07
reconstruction_w8_c1.0_test,quantized,3,3462,mid_block.attentions.0.to_v.weight,0.1574095763835994,-1.1566528499634132e-06,-0.0010925685411676796,0.0067254785297526315,4.313647862881844e-09,0.003177670727223949,8.62391854650171e-06,0.002659459365531802,5.83847395319026e-07
reconstruction_w8_c1.0_test,quantized,3,3462,mid_block.attentions.0.to_out.0.weight,0.14889584926963265,-2.1275075449071416e-06,-0.0016229497326727392,0.008804069231526969,-5.028634847207735e-10,-0.00020409873534979567,1.6547302096044302e-05,0.002659459365531802,5.83847395319026e-07
reconstruction_w8_c1.0_test,quantized,3,3462,mid_block.resnets.0.conv1.weight,1.1884909866201425,-3.436266987286868e-06,-0.0006184846459370007,0.0046747897675103655,2.2709996840852222e-08,0.0037628924781473888,5.078078059626096e-06,0.002659459365531802,5.83847395319026e-07
reconstruction_w8_c1.0_test,quantized,3,3462,mid_block.resnets.0.conv2.weight,0.7352291548814647,4.344146400365217e-07,6.140142040274853e-05,0.009622841105859831,2.6722130493884296e-08,0.001908645773844748,1.904245882318072e-05,0.002659459365531802,5.83847395319026e-07
reconstruction_w8_c1.0_test,quantized,3,3462,mid_block.resnets.1.conv1.weight,1.1190956100915124,3.8656935209243725e-06,0.0010691573641502302,0.0032308633932921537,2.0780556542895792e-08,0.004256067454312377,4.3629624981315575e-06,0.002659459365531802,5.83847395319026e-07
reconstruction_w8_c1.0_test,quantized,3,3462,mid_block.resnets.1.conv2.weight,0.7529273162367485,4.667739064567286e-06,0.0008880042094140461,0.00698133522311901,2.375389195207724e-08,0.0029714536523927962,1.061726757075294e-05,0.002659459365531802,5.83847395319026e-07
reconstruction_w8_c1.0_test,quantized,3,3462,conv_out.weight,0.00815626578917246,-7.302059379410003e-06,-0.01196218207133838,0.07484168938529323,-5.9561971131067875e-08,-0.026696863741265692,0.00027353786138671697,0.002659459365531802,5.83847395319026e-07
natural_residual_qat_w8_c1.0_test,quantized,0,3459,conv_in.weight,0.08640016867152366,-0.00015019546388015268,-0.027453242687874805,0.06332111840586192,1.3466385960676753e-05,0.09747372396219417,0.0015990016386943555,0.04188225045800209,0.0003254408366046846
natural_residual_qat_w8_c1.0_test,quantized,0,3459,up_blocks.0.resnets.0.conv1.weight,1.1997318037677525,-0.0003507374300494847,-0.014848135110917999,0.019689107625680144,1.7695159135024473e-05,0.02755578418191621,0.0005352510479219402,0.04188225045800209,0.0003254408366046846
natural_residual_qat_w8_c1.0_test,quantized,0,3459,up_blocks.0.resnets.0.conv2.weight,0.8219712315562385,-0.00019163078040524193,-0.008141772079730124,0.028634506972436108,9.681384766413972e-06,0.013310553287668371,0.0008848807641894417,0.04188225045800209,0.0003254408366046846
natural_residual_qat_w8_c1.0_test,quantized,0,3459,up_blocks.0.resnets.1.conv1.weight,1.2092616276745494,-0.00045934871625757473,-0.01683027147408986,0.022569976853734075,1.8978461013275478e-05,0.027489238802606,0.000570923613568843,0.04188225045800209,0.0003254408366046846
natural_residual_qat_w8_c1.0_test,quantized,0,3459,up_blocks.0.resnets.1.conv2.weight,0.7660140220939499,-0.00019604428835961904,-0.007666986979048203,0.03338049316073839,9.830380741535893e-06,0.012769715630975082,0.0010049683701676224,0.04188225045800209,0.0003254408366046846
natural_residual_qat_w8_c1.0_test,quantized,0,3459,up_blocks.0.resnets.2.conv1.weight,1.2685348438663506,-0.00030328339415774974,-0.01109779980163794,0.02154315691994183,2.157254655610359e-05,0.02950666381450489,0.0005763401902401553,0.04188225045800209,0.0003254408366046846
natural_residual_qat_w8_c1.0_test,quantized,0,3459,up_blocks.0.resnets.2.conv2.weight,0.7714528258865023,-0.00023839005054412596,-0.00933181472369166,0.033114076204099716,1.1404355357388653e-05,0.015572579356116854,0.0009492941716907782,0.04188225045800209,0.0003254408366046846
natural_residual_qat_w8_c1.0_test,quantized,0,3459,up_blocks.0.upsamplers.0.conv.weight,0.463753820370587,-0.0007275811354745408,-0.015216969927101613,0.10310168133366039,3.39051990044395e-05,0.02560116493118945,0.0028557426649646464,0.04188225045800209,0.0003254408366046846
natural_residual_qat_w8_c1.0_test,quantized,0,3459,up_blocks.1.resnets.0.conv1.weight,1.1695852439597803,-0.00042763833310306145,-0.014422638299671345,0.02535128837852163,2.0020125998582886e-05,0.025794623713624863,0.0006635990095965522,0.04188225045800209,0.0003254408366046846
natural_residual_qat_w8_c1.0_test,quantized,0,3459,up_blocks.1.resnets.0.conv2.weight,1.1231776725111902,-0.00043762618331999513,-0.014955863186037028,0.02605213697155291,2.0382373682903196e-05,0.024510829661056967,0.0007403691022649649,0.04188225045800209,0.0003254408366046846
natural_residual_qat_w8_c1.0_test,quantized,0,3459,up_blocks.1.resnets.1.conv1.weight,1.1939849237378362,-0.0007542759933846874,-0.024606325157935625,0.025673476640991004,2.0846686280740752e-05,0.027718075106608172,0.0006299050940668026,0.04188225045800209,0.0003254408366046846
natural_residual_qat_w8_c1.0_test,quantized,0,3459,up_blocks.1.resnets.1.conv2.weight,1.0762749592226533,-0.00042001200559200797,-0.014628111644014756,0.026677811654396557,1.5594162628573646e-05,0.01856896748393635,0.0007802810636619544,0.04188225045800209,0.0003254408366046846
natural_residual_qat_w8_c1.0_test,quantized,0,3459,up_blocks.1.resnets.2.conv1.weight,1.157907766319851,-0.0007084132362647677,-0.02084366671215577,0.02935205956305756,2.865130797295828e-05,0.034447273520307915,0.0007183161529071973,0.04188225045800209,0.0003254408366046846
natural_residual_qat_w8_c1.0_test,quantized,0,3459,up_blocks.1.resnets.2.conv2.weight,0.9867930640002547,-0.0004510104532849309,-0.017249955125657284,0.026495526258803644,1.609693444742248e-05,0.020665171531215158,0.0007893653755099032,0.04188225045800209,0.0003254408366046846
natural_residual_qat_w8_c1.0_test,quantized,0,3459,up_blocks.1.upsamplers.0.conv.weight,0.5119906092167433,-0.0007482895412657219,-0.01621301102608125,0.0901454895946118,3.0130005438093516e-05,0.02808470974751255,0.0020954016177192718,0.04188225045800209,0.0003254408366046846
natural_residual_qat_w8_c1.0_test,quantized,0,3459,up_blocks.2.resnets.0.conv1.weight,0.7641673559548378,-0.0006344860263871881,-0.030683579221345698,0.02705998565644694,2.3597134902956977e-05,0.04396435269054707,0.0007023767235384651,0.04188225045800209,0.0003254408366046846
natural_residual_qat_w8_c1.0_test,quantized,0,3459,up_blocks.2.resnets.0.conv2.weight,0.6290333487030966,-0.0007168009215388776,-0.04905584851639619,0.02322919139812799,1.9711230673639913e-05,0.05722012399775362,0.0005476350991404295,0.04188225045800209,0.0003254408366046846
natural_residual_qat_w8_c1.0_test,quantized,0,3459,up_blocks.2.resnets.0.conv_shortcut.weight,0.05505623436416277,-0.0007475984100313419,-0.055921355769545544,0.2428198424986511,1.8842954593588746e-05,0.06655839804310515,0.0051420895657460115,0.04188225045800209,0.0003254408366046846
natural_residual_qat_w8_c1.0_test,quantized,0,3459,up_blocks.2.resnets.1.conv1.weight,0.49875371492154685,-0.0006531581690686339,-0.04423427183591262,0.02960556385817735,1.5758495280014576e-05,0.04548468356121233,0.0006946458169596372,0.04188225045800209,0.0003254408366046846
natural_residual_qat_w8_c1.0_test,quantized,0,3459,up_blocks.2.resnets.1.conv2.weight,0.6796323582330414,-0.0008293865165420924,-0.04801262148623816,0.02541718813759643,1.746601061393171e-05,0.050870543042770146,0.0005051883163620692,0.04188225045800209,0.0003254408366046846
natural_residual_qat_w8_c1.0_test,quantized,0,3459,up_blocks.2.resnets.2.conv1.weight,0.5313193047300276,-0.0007766582078023098,-0.04701002163468739,0.031094522324581427,1.628637996133628e-05,0.0554530954035783,0.0005527683561870867,0.04188225045800209,0.0003254408366046846
natural_residual_qat_w8_c1.0_test,quantized,0,3459,up_blocks.2.resnets.2.conv2.weight,0.614901255907465,-0.0005914399816216726,-0.042205136591989954,0.022789772480819773,1.3677678402813275e-05,0.04567741708445983,0.00048697365878411545,0.04188225045800209,0.0003254408366046846
natural_residual_qat_w8_c1.0_test,quantized,0,3459,up_blocks.2.upsamplers.0.conv.weight,0.28632474156178395,-0.0011002487817146091,-0.031833930503302695,0.12070958452794742,2.172054818433583e-05,0.04461317335567468,0.001700390964275972,0.04188225045800209,0.0003254408366046846
natural_residual_qat_w8_c1.0_test,quantized,0,3459,up_blocks.3.resnets.0.conv1.weight,0.36103035639461956,-0.0006766186619943039,-0.061095564438867836,0.030675423729081497,1.0321996620472152e-05,0.06886857154580009,0.00041514414518512276,0.04188225045800209,0.0003254408366046846
natural_residual_qat_w8_c1.0_test,quantized,0,3459,up_blocks.3.resnets.0.conv2.weight,0.3887493016162334,-0.00045679451952405686,-0.06378506946884217,0.01842180708658765,7.585056211879209e-06,0.0959994076309686,0.00020324535483364097,0.04188225045800209,0.0003254408366046846
natural_residual_qat_w8_c1.0_test,quantized,0,3459,up_blocks.3.resnets.0.conv_shortcut.weight,0.0452578461045613,-0.0007129187110610188,-0.0646896694073662,0.2435068598134693,1.1769823743106972e-05,0.09954706763954818,0.002612447709100151,0.04188225045800209,0.0003254408366046846
natural_residual_qat_w8_c1.0_test,quantized,0,3459,up_blocks.3.resnets.1.conv1.weight,0.2510131998320389,-0.0003543133358815341,-0.03558641972871098,0.03966492542858004,6.976666467459869e-06,0.07583621513584149,0.0003665006517697445,0.04188225045800209,0.0003254408366046846
natural_residual_qat_w8_c1.0_test,quantized,0,3459,up_blocks.3.resnets.1.conv2.weight,0.4037407674509953,-0.00043940612309523755,-0.04857137047874411,0.022406970514899194,8.301545811049747e-06,0.08747443237771567,0.00023505810553415155,0.04188225045800209,0.0003254408366046846
natural_residual_qat_w8_c1.0_test,quantized,0,3459,up_blocks.3.resnets.2.conv1.weight,0.2634275233604706,-0.0004938657405683559,-0.042526416093111606,0.04408480937697528,8.512369210331027e-06,0.06763671177803778,0.00047775673441728076,0.04188225045800209,0.0003254408366046846
natural_residual_qat_w8_c1.0_test,quantized,0,3459,up_blocks.3.resnets.2.conv2.weight,0.37551774705765345,-0.0002924596199567636,-0.07515306873068932,0.010363077016333655,3.4122374256582033e-06,0.058093118708050465,0.00015641704726219885,0.04188225045800209,0.0003254408366046846
natural_residual_qat_w8_c1.0_test,quantized,0,3459,mid_block.attentions.0.to_q.weight,0.23113818907113898,3.5421129572306422e-06,0.00291720689145091,0.005253194361679401,5.1018481807327906e-08,0.0018111933879703627,0.00012186836944780943,0.04188225045800209,0.0003254408366046846
natural_residual_qat_w8_c1.0_test,quantized,0,3459,mid_block.attentions.0.to_k.weight,0.23785487895538032,3.1461970374603796e-06,0.0023611648177045753,0.005602057344714251,2.2580295048461183e-07,0.007177540314305857,0.00013226407763912472,0.04188225045800209,0.0003254408366046846
natural_residual_qat_w8_c1.0_test,quantized,0,3459,mid_block.attentions.0.to_v.weight,0.15872151404908422,-4.291582381616797e-05,-0.00951666113192247,0.0284116889140079,3.2195620392959843e-06,0.027457368987427715,0.0007387578020512902,0.04188225045800209,0.0003254408366046846
natural_residual_qat_w8_c1.0_test,quantized,0,3459,mid_block.attentions.0.to_out.0.weight,0.14981378659107963,-4.074700450368614e-05,-0.008608240021494091,0.03159581326243309,2.653290481278518e-06,0.01897213705302642,0.0009335052496915526,0.04188225045800209,0.0003254408366046846
natural_residual_qat_w8_c1.0_test,quantized,0,3459,mid_block.resnets.0.conv1.weight,1.1975917729070191,-0.0003104960076262842,-0.011127661951567374,0.023299322501948657,4.338464475762245e-05,0.04724935591571435,0.0007667103908549805,0.04188225045800209,0.0003254408366046846
natural_residual_qat_w8_c1.0_test,quantized,0,3459,mid_block.resnets.0.conv2.weight,0.7383546324173071,-0.0002908619028920449,-0.009253281116073485,0.042572198728055705,1.8737336899741754e-05,0.020792374100730707,0.0012205028027792353,0.04188225045800209,0.0003254408366046846
natural_residual_qat_w8_c1.0_test,quantized,0,3459,mid_block.resnets.1.conv1.weight,1.1234507319317253,-9.830851791721151e-05,-0.00510729477344486,0.01713350410214206,8.60928396029171e-06,0.01564933310956385,0.0004896854115066929,0.04188225045800209,0.0003254408366046846
natural_residual_qat_w8_c1.0_test,quantized,0,3459,mid_block.resnets.1.conv2.weight,0.7550087773687095,-0.00015580127259932948,-0.007084016649808536,0.0291299290534151,1.0468893719343942e-05,0.016740334220406085,0.0008282942869297939,0.04188225045800209,0.0003254408366046846
natural_residual_qat_w8_c1.0_test,quantized,0,3459,conv_out.weight,0.008846902123813857,-0.00018642735902856238,-0.05357987088877946,0.3932934937992453,7.043475824334121e-06,0.14099544688619337,0.00564664802308901,0.04188225045800209,0.0003254408366046846
natural_residual_qat_w8_c1.0_test,quantized,1,3460,conv_in.weight,0.08640016867152366,-0.00020965894209931093,-0.017668058535497792,0.137344088147452,8.007822741214539e-06,0.07104095687288803,0.0013046411073473956,0.050552550703287125,0.0002077472017845139
natural_residual_qat_w8_c1.0_test,quantized,1,3460,up_blocks.0.resnets.0.conv1.weight,1.1997318037677525,-0.00048126202392922393,-0.013954231175882782,0.02874693240936623,9.460000888358046e-06,0.029827982813133962,0.0002643523169941067,0.050552550703287125,0.0002077472017845139
natural_residual_qat_w8_c1.0_test,quantized,1,3460,up_blocks.0.resnets.0.conv2.weight,0.8219712315562385,-0.00016092483000129025,-0.004337219566597297,0.045139322131407235,4.919829918362079e-06,0.013901777021816279,0.00043054956328977795,0.050552550703287125,0.0002077472017845139
natural_residual_qat_w8_c1.0_test,quantized,1,3460,up_blocks.0.resnets.1.conv1.weight,1.2092616276745494,-0.000505770405420374,-0.012669555530872192,0.03301199434804336,9.84339261386351e-06,0.028877160539521954,0.0002818837551715657,0.050552550703287125,0.0002077472017845139
natural_residual_qat_w8_c1.0_test,quantized,1,3460,up_blocks.0.resnets.1.conv2.weight,0.7660140220939499,-0.00023982494818528335,-0.00588958744814055,0.053158505808240705,5.175061769912865e-06,0.012972765470173023,0.0005207703522541188,0.050552550703287125,0.0002077472017845139
natural_residual_qat_w8_c1.0_test,quantized,1,3460,up_blocks.0.resnets.2.conv1.weight,1.2685348438663506,-0.00036631744980277365,-0.008143020991428614,0.03546252475123093,1.2063387773656772e-05,0.03205067779700285,0.00029670828218887537,0.050552550703287125,0.0002077472017845139
natural_residual_qat_w8_c1.0_test,quantized,1,3460,up_blocks.0.resnets.2.conv2.weight,0.7714528258865023,-0.0003689942984418812,-0.008217326408530685,0.05820760671892115,7.415772101028828e-06,0.016884044294613706,0.0005693384539468156,0.050552550703287125,0.0002077472017845139
natural_residual_qat_w8_c1.0_test,quantized,1,3460,up_blocks.0.upsamplers.0.conv.weight,0.463753820370587,-0.0006696051100715658,-0.007068619459666875,0.20426626927597039,1.9659032554746933e-05,0.026325596801169866,0.0016102615247238442,0.050552550703287125,0.0002077472017845139
natural_residual_qat_w8_c1.0_test,quantized,1,3460,up_blocks.1.resnets.0.conv1.weight,1.1695852439597803,-0.0004840477462155618,-0.01048950824143361,0.039454922390110087,1.1644864579201073e-05,0.03206141435374553,0.0003105416706903914,0.050552550703287125,0.0002077472017845139
natural_residual_qat_w8_c1.0_test,quantized,1,3460,up_blocks.1.resnets.0.conv2.weight,1.1231776725111902,-0.0005950598568453134,-0.01151870401158939,0.04599478289131955,1.1063450135006515e-05,0.026167533154390177,0.00037642576186503477,0.050552550703287125,0.0002077472017845139
natural_residual_qat_w8_c1.0_test,quantized,1,3460,up_blocks.1.resnets.1.conv1.weight,1.1939849237378362,-0.0007255840022483357,-0.014354236937194296,0.04233589497419196,1.279059264114345e-05,0.03781938055942452,0.0002832548881525905,0.050552550703287125,0.0002077472017845139
natural_residual_qat_w8_c1.0_test,quantized,1,3460,up_blocks.1.resnets.1.conv2.weight,1.0762749592226533,-0.0003488571011998304,-0.006860062146025078,0.04724939822662382,9.356601715455753e-06,0.021573742433852964,0.0004029669402250986,0.050552550703287125,0.0002077472017845139
natural_residual_qat_w8_c1.0_test,quantized,1,3460,up_blocks.1.resnets.2.conv1.weight,1.157907766319851,-0.0007307809235567115,-0.013890167151587174,0.04543659343355331,1.775016843200249e-05,0.041798246625467224,0.00036675027440657586,0.050552550703287125,0.0002077472017845139
natural_residual_qat_w8_c1.0_test,quantized,1,3460,up_blocks.1.resnets.2.conv2.weight,0.9867930640002547,-0.000566780296004695,-0.012598969984448696,0.045588322737892796,1.0980604485549638e-05,0.025242006190932576,0.000440835227088743,0.050552550703287125,0.0002077472017845139
natural_residual_qat_w8_c1.0_test,quantized,1,3460,up_blocks.1.upsamplers.0.conv.weight,0.5119906092167433,-0.0010406332110150713,-0.010594582384430408,0.19184560049606644,1.9947341073270203e-05,0.028669373509111522,0.0013589541853071525,0.050552550703287125,0.0002077472017845139
natural_residual_qat_w8_c1.0_test,quantized,1,3460,up_blocks.2.resnets.0.conv1.weight,0.7641673559548378,-0.0010649126257355258,-0.02625768162941484,0.05307244754676879,1.614248248788782e-05,0.05627481586603244,0.00037537708713196753,0.050552550703287125,0.0002077472017845139
natural_residual_qat_w8_c1.0_test,quantized,1,3460,up_blocks.2.resnets.0.conv2.weight,0.6290333487030966,-0.0008988713590146267,-0.03432649102422868,0.04162885458887919,1.2639700097883351e-05,0.059345463579747404,0.00033859112652241674,0.050552550703287125,0.0002077472017845139
natural_residual_qat_w8_c1.0_test,quantized,1,3460,up_blocks.2.resnets.0.conv_shortcut.weight,0.05505623436416277,-0.0006835549298685586,-0.024486563316931144,0.5070363313796576,1.1679308656469721e-05,0.06277761703785895,0.003379137045899209,0.050552550703287125,0.0002077472017845139
natural_residual_qat_w8_c1.0_test,quantized,1,3460,up_blocks.2.resnets.1.conv1.weight,0.49875371492154685,-0.0007549882214629439,-0.02991117162221823,0.05060816704366399,1.0007972169850831e-05,0.07020783851867304,0.00028580797495727156,0.050552550703287125,0.0002077472017845139
natural_residual_qat_w8_c1.0_test,quantized,1,3460,up_blocks.2.resnets.1.conv2.weight,0.6796323582330414,-0.0011991644373331885,-0.0380773404376256,0.04633808539384685,1.2923152775951012e-05,0.05695538573354905,0.0003338563438487326,0.050552550703287125,0.0002077472017845139
natural_residual_qat_w8_c1.0_test,quantized,1,3460,up_blocks.2.resnets.2.conv1.weight,0.5313193047300276,-0.0010093500762586047,-0.03707178707108619,0.05124396224012007,1.1923676184935671e-05,0.08211897625078812,0.00027328201489217307,0.050552550703287125,0.0002077472017845139
natural_residual_qat_w8_c1.0_test,quantized,1,3460,up_blocks.2.resnets.2.conv2.weight,0.614901255907465,-0.001063609029262716,-0.039745365905712725,0.04352012518009124,9.406035629311724e-06,0.04583788051114664,0.0003337157555409105,0.050552550703287125,0.0002077472017845139
natural_residual_qat_w8_c1.0_test,quantized,1,3460,up_blocks.2.upsamplers.0.conv.weight,0.28632474156178395,-0.001810862530451508,-0.022684416737751675,0.27880399213989154,1.5186599347013185e-05,0.03909528589948428,0.0013566795063736346,0.050552550703287125,0.0002077472017845139
natural_residual_qat_w8_c1.0_test,quantized,1,3460,up_blocks.3.resnets.0.conv1.weight,0.36103035639461956,-0.0009217057173999332,-0.04647446013131951,0.05493311263961905,8.008916830372176e-06,0.08282437349711058,0.00026783782164347065,0.050552550703287125,0.0002077472017845139
natural_residual_qat_w8_c1.0_test,quantized,1,3460,up_blocks.3.resnets.0.conv2.weight,0.3887493016162334,-0.0008983241992969808,-0.0709081332005806,0.03258872918890083,5.349485580841876e-06,0.09555882837761819,0.0001440030143497107,0.050552550703287125,0.0002077472017845139
natural_residual_qat_w8_c1.0_test,quantized,1,3460,up_blocks.3.resnets.0.conv_shortcut.weight,0.0452578461045613,-0.0010650417266705812,-0.048956952281350136,0.4806825627453156,9.279527808103928e-06,0.10536398311264093,0.001945986469068355,0.050552550703287125,0.0002077472017845139
natural_residual_qat_w8_c1.0_test,quantized,1,3460,up_blocks.3.resnets.1.conv1.weight,0.2510131998320389,-0.00044165452141719933,-0.02677366421780606,0.06571708760755715,4.9063420007015955e-06,0.08425586096568731,0.000231985658322467,0.050552550703287125,0.0002077472017845139
natural_residual_qat_w8_c1.0_test,quantized,1,3460,up_blocks.3.resnets.1.conv2.weight,0.4037407674509953,-0.00090467469250145,-0.05541684531399551,0.04043412393912865,6.216356338948291e-06,0.08476895357816404,0.00018163371893646792,0.050552550703287125,0.0002077472017845139
natural_residual_qat_w8_c1.0_test,quantized,1,3460,up_blocks.3.resnets.2.conv1.weight,0.2634275233604706,-0.0010122197376624276,-0.04562644766283642,0.08421646259182525,6.617774817007763e-06,0.07407069063491666,0.0003391598562161518,0.050552550703287125,0.0002077472017845139
natural_residual_qat_w8_c1.0_test,quantized,1,3460,up_blocks.3.resnets.2.conv2.weight,0.37551774705765345,-0.0005486449913542537,-0.07864220149366234,0.018578270828197404,2.789289738786092e-06,0.060017790805835615,0.00012376081396630898,0.050552550703287125,0.0002077472017845139
natural_residual_qat_w8_c1.0_test,quantized,1,3460,mid_block.attentions.0.to_q.weight,0.23113818907113898,-6.935328737473654e-06,-0.003952043098657094,0.007592305469345036,1.8121782718754946e-07,0.011300093945792906,6.938205492938607e-05,0.050552550703287125,0.0002077472017845139
natural_residual_qat_w8_c1.0_test,quantized,1,3460,mid_block.attentions.0.to_k.weight,0.23785487895538032,-6.097718367448747e-06,-0.002676342238694105,0.009578856108043717,1.4843814858416252e-07,0.007891576085199506,7.908055646242746e-05,0.050552550703287125,0.0002077472017845139
natural_residual_qat_w8_c1.0_test,quantized,1,3460,mid_block.attentions.0.to_v.weight,0.15872151404908422,-9.59776022106472e-05,-0.010988355146630543,0.05503024049334793,1.8841324258364337e-06,0.030344627831060123,0.0003911954644436455,0.050552550703287125,0.0002077472017845139
natural_residual_qat_w8_c1.0_test,quantized,1,3460,mid_block.attentions.0.to_out.0.weight,0.14981378659107963,-2.848137596484797e-05,-0.0025239645659411287,0.07532270916194138,1.669106071768853e-06,0.01873810788015044,0.0005945746938716125,0.050552550703287125,0.0002077472017845139
natural_residual_qat_w8_c1.0_test,quantized,1,3460,mid_block.resnets.0.conv1.weight,1.1975917729070191,-0.000672825967194515,-0.013637006337316175,0.04119788283706339,2.2213358691646544e-05,0.04567502349036719,0.00040609406856831283,0.050552550703287125,0.0002077472017845139
natural_residual_qat_w8_c1.0_test,quantized,1,3460,mid_block.resnets.0.conv2.weight,0.7383546324173071,-0.00035509104185933423,-0.0068631901815441616,0.07007267206835495,1.1412821011110581e-05,0.022120010377801494,0.000698783555005383,0.050552550703287125,0.0002077472017845139
natural_residual_qat_w8_c1.0_test,quantized,1,3460,mid_block.resnets.1.conv1.weight,1.1234507319317253,-0.0002324361429138956,-0.007963891629550935,0.025979111083112585,6.514199553885252e-06,0.023424934098662337,0.00024753046015742885,0.050552550703287125,0.0002077472017845139
natural_residual_qat_w8_c1.0_test,quantized,1,3460,mid_block.resnets.1.conv2.weight,0.7550087773687095,-0.0002863600562940579,-0.007590807499879882,0.04996575573765126,6.223125634812156e-06,0.01695394001902311,0.0004861675030412358,0.050552550703287125,0.0002077472017845139
natural_residual_qat_w8_c1.0_test,quantized,1,3460,conv_out.weight,0.008846902123813857,-0.00030369313467894503,-0.05544544847801008,0.6191243016038133,4.976346308642939e-06,0.1221425394458381,0.004605241695138811,0.050552550703287125,0.0002077472017845139
natural_residual_qat_w8_c1.0_test,quantized,2,3461,conv_in.weight,0.08640016867152366,2.373959044647495e-05,0.002834143680590603,0.09694753438224873,9.807269167466673e-06,0.08043375387020311,0.0014112214431271156,0.05052910000085831,0.0002345560642424971
natural_residual_qat_w8_c1.0_test,quantized,2,3461,up_blocks.0.resnets.0.conv1.weight,1.1997318037677525,-0.0003547262353406253,-0.010534407737416436,0.028067195146551694,1.1193371709368566e-05,0.031389748879848745,0.00029722744822677656,0.05052910000085831,0.0002345560642424971
natural_residual_qat_w8_c1.0_test,quantized,2,3461,up_blocks.0.resnets.0.conv2.weight,0.8219712315562385,-6.409301609116431e-05,-0.0019054465341555463,0.04092204457689415,5.120289909167788e-06,0.014776003215584138,0.0004215809290239187,0.05052910000085831,0.0002345560642424971
natural_residual_qat_w8_c1.0_test,quantized,2,3461,up_blocks.0.resnets.1.conv1.weight,1.2092616276745494,-0.00032740502945300895,-0.007931425574791423,0.03413609363941314,1.0978976330332809e-05,0.029069061644343468,0.00031232774374161527,0.05052910000085831,0.0002345560642424971
natural_residual_qat_w8_c1.0_test,quantized,2,3461,up_blocks.0.resnets.1.conv2.weight,0.7660140220939499,-0.00015417516148489178,-0.004195486173019157,0.04797283654642202,5.5724001098858445e-06,0.014731802627107774,0.000493798402813196,0.05052910000085831,0.0002345560642424971
natural_residual_qat_w8_c1.0_test,quantized,2,3461,up_blocks.0.resnets.2.conv1.weight,1.2685348438663506,-0.0003598535531695713,-0.00757181787745483,0.037464784162061934,1.3817766117835983e-05,0.033796724462295175,0.00032230038596953495,0.05052910000085831,0.0002345560642424971
natural_residual_qat_w8_c1.0_test,quantized,2,3461,up_blocks.0.resnets.2.conv2.weight,0.7714528258865023,-0.0002252523220657171,-0.0059706417529559125,0.04890338135008833,7.872056698135416e-06,0.01859238765100063,0.000548837368485285,0.05052910000085831,0.0002345560642424971
natural_residual_qat_w8_c1.0_test,quantized,2,3461,up_blocks.0.upsamplers.0.conv.weight,0.463753820370587,-0.00039834425024900535,-0.0046780915904433475,0.18361253732858435,2.256020614438225e-05,0.0253890043996508,0.0019160634764029873,0.05052910000085831,0.0002345560642424971
natural_residual_qat_w8_c1.0_test,quantized,2,3461,up_blocks.1.resnets.0.conv1.weight,1.1695852439597803,-0.0003317056067706182,-0.007151160017389205,0.03965924442449727,1.1132143636964847e-05,0.0313978904855663,0.00030314223667784416,0.05052910000085831,0.0002345560642424971
natural_residual_qat_w8_c1.0_test,quantized,2,3461,up_blocks.1.resnets.0.conv2.weight,1.1231776725111902,-0.0003970772303624383,-0.008539700195421813,0.04139843258274541,1.1463762895417954e-05,0.02887810728283569,0.0003534353688631289,0.05052910000085831,0.0002345560642424971
natural_residual_qat_w8_c1.0_test,quantized,2,3461,up_blocks.1.resnets.1.conv1.weight,1.1939849237378362,-0.0005010766961209337,-0.009627750387768945,0.04358936476996339,1.3421164431106235e-05,0.03925737329819189,0.00028633215142671864,0.05052910000085831,0.0002345560642424971
natural_residual_qat_w8_c1.0_test,quantized,2,3461,up_blocks.1.resnets.1.conv2.weight,1.0762749592226533,-0.0003575354785656749,-0.007832855611744408,0.042410733791499726,1.0080341797245267e-05,0.02592160285751912,0.0003613184758139818,0.05052910000085831,0.0002345560642424971
natural_residual_qat_w8_c1.0_test,quantized,2,3461,up_blocks.1.resnets.2.conv1.weight,1.157907766319851,-0.0007537081109029902,-0.01288913875774793,0.05050162153755992,1.8477593579512243e-05,0.045141877354583006,0.00035350196081209475,0.05052910000085831,0.0002345560642424971
natural_residual_qat_w8_c1.0_test,quantized,2,3461,up_blocks.1.resnets.2.conv2.weight,0.9867930640002547,-0.0003151344086262663,-0.007934278011360334,0.0402496699172826,1.069190075572588e-05,0.029406785778655638,0.00036845230079987927,0.05052910000085831,0.0002345560642424971
natural_residual_qat_w8_c1.0_test,quantized,2,3461,up_blocks.1.upsamplers.0.conv.weight,0.5119906092167433,-0.0004991124532008676,-0.006024582074119426,0.16181153782877075,2.0889790850304064e-05,0.02249100912281291,0.0018141080678197928,0.05052910000085831,0.0002345560642424971
natural_residual_qat_w8_c1.0_test,quantized,2,3461,up_blocks.2.resnets.0.conv1.weight,0.7641673559548378,-0.0006455222703508736,-0.017548068274601168,0.04813859749735638,1.828596564787543e-05,0.06021527288257668,0.0003973953301814032,0.05052910000085831,0.0002345560642424971
natural_residual_qat_w8_c1.0_test,quantized,2,3461,up_blocks.2.resnets.0.conv2.weight,0.6290333487030966,-0.0007325110805353212,-0.031859650089314615,0.03655102213540202,1.8014586256048807e-05,0.08319565287869664,0.0003442310069938265,0.05052910000085831,0.0002345560642424971
natural_residual_qat_w8_c1.0_test,quantized,2,3461,up_blocks.2.resnets.0.conv_shortcut.weight,0.05505623436416277,-0.0004701230165561981,-0.021407809491948912,0.3988712910095411,1.423748145280122e-05,0.05623600259667658,0.0045984580086336135,0.05052910000085831,0.0002345560642424971
natural_residual_qat_w8_c1.0_test,quantized,2,3461,up_blocks.2.resnets.1.conv1.weight,0.49875371492154685,-0.0006744232374381876,-0.026501739927379708,0.051023705396255815,1.482427798057935e-05,0.08692988854414002,0.00034191510225886775,0.05052910000085831,0.0002345560642424971
natural_residual_qat_w8_c1.0_test,quantized,2,3461,up_blocks.2.resnets.1.conv2.weight,0.6796323582330414,-0.00105176590243952,-0.037956560791499595,0.04077164034862017,1.956399247220699e-05,0.089004197934388,0.0003234245243484253,0.05052910000085831,0.0002345560642424971
natural_residual_qat_w8_c1.0_test,quantized,2,3461,up_blocks.2.resnets.2.conv1.weight,0.5313193047300276,-0.0005956371519875015,-0.023235104838147558,0.04824824784162107,1.505097040380536e-05,0.08658940473943869,0.0003271479114047751,0.05052910000085831,0.0002345560642424971
natural_residual_qat_w8_c1.0_test,quantized,2,3461,up_blocks.2.resnets.2.conv2.weight,0.614901255907465,-0.0007889861258260403,-0.03820023275685707,0.03358906981925187,9.855893556759875e-06,0.05689169763513768,0.000281735602250605,0.05052910000085831,0.0002345560642424971
natural_residual_qat_w8_c1.0_test,quantized,2,3461,up_blocks.2.upsamplers.0.conv.weight,0.28632474156178395,-0.0008035505525987252,-0.01572842669144546,0.17843048017348406,1.555219749766246e-05,0.026511123851574878,0.002048824442985922,0.05052910000085831,0.0002345560642424971
natural_residual_qat_w8_c1.0_test,quantized,2,3461,up_blocks.3.resnets.0.conv1.weight,0.36103035639461956,-0.000668115218117534,-0.04246358440081921,0.043580378049428534,9.451204294428515e-06,0.08737539370627294,0.00029960860680971904,0.05052910000085831,0.0002345560642424971
natural_residual_qat_w8_c1.0_test,quantized,2,3461,up_blocks.3.resnets.0.conv2.weight,0.3887493016162334,-0.0005986492279512411,-0.06130827363660006,0.025117922597891442,5.395857135640309e-06,0.09416677975244814,0.00014739851279964284,0.05052910000085831,0.0002345560642424971
natural_residual_qat_w8_c1.0_test,quantized,2,3461,up_blocks.3.resnets.0.conv_shortcut.weight,0.0452578461045613,-0.0007939821471876207,-0.05217331698497085,0.33625473422900787,1.0273061437130924e-05,0.07526105992234558,0.0030160301157169645,0.05052910000085831,0.0002345560642424971
natural_residual_qat_w8_c1.0_test,quantized,2,3461,up_blocks.3.resnets.1.conv1.weight,0.2510131998320389,-0.0001621590745444107,-0.012513176524291935,0.05162702812794516,5.35651483183428e-06,0.06634435983200689,0.0003216486581365072,0.05052910000085831,0.0002345560642424971
natural_residual_qat_w8_c1.0_test,quantized,2,3461,up_blocks.3.resnets.1.conv2.weight,0.4037407674509953,-0.000695129120532456,-0.060284482585491274,0.028559943272809012,5.5256772890354165e-06,0.08208460653303809,0.00016673285726419377,0.05052910000085831,0.0002345560642424971
natural_residual_qat_w8_c1.0_test,quantized,2,3461,up_blocks.3.resnets.2.conv1.weight,0.2634275233604706,-0.00041398133661451003,-0.026322866176166495,0.05970166424819777,6.7863546687434775e-06,0.06234208634581368,0.00041323212052901936,0.05052910000085831,0.0002345560642424971
natural_residual_qat_w8_c1.0_test,quantized,2,3461,up_blocks.3.resnets.2.conv2.weight,0.37551774705765345,-0.00033991096546853375,-0.06703991158922791,0.013502098611627893,2.0605349645740742e-06,0.04397217854638821,0.0001247876306784692,0.05052910000085831,0.0002345560642424971
natural_residual_qat_w8_c1.0_test,quantized,2,3461,mid_block.attentions.0.to_q.weight,0.23113818907113898,-2.1378610780406855e-08,-1.183612500889067e-05,0.007814446655732209,2.7150849790295806e-07,0.00881893276005966,0.00013319738216675722,0.05052910000085831,0.0002345560642424971
natural_residual_qat_w8_c1.0_test,quantized,2,3461,mid_block.attentions.0.to_k.weight,0.23785487895538032,-9.806740364885783e-06,-0.005154899212224675,0.0079982032231397,1.0240460046838397e-07,0.004611037182155296,9.337030533316046e-05,0.05052910000085831,0.0002345560642424971
natural_residual_qat_w8_c1.0_test,quantized,2,3461,mid_block.attentions.0.to_v.weight,0.15872151404908422,1.5221790332136338e-05,0.001810505208491687,0.05297002275159783,2.519618689914946e-06,0.029302204371857654,0.0005417497636659693,0.05052910000085831,0.0002345560642424971
natural_residual_qat_w8_c1.0_test,quantized,2,3461,mid_block.attentions.0.to_out.0.weight,0.14981378659107963,6.582050222566115e-06,0.0006377794196933874,0.06888725978720792,2.3096030190879495e-06,0.015584653778590397,0.000989209774111071,0.05052910000085831,0.0002345560642424971
natural_residual_qat_w8_c1.0_test,quantized,2,3461,mid_block.resnets.0.conv1.weight,1.1975917729070191,-0.00010434477350847849,-0.0026552478167090805,0.03281382339863938,3.0174611757083294e-05,0.052139319281913545,0.0004832451791853101,0.05052910000085831,0.0002345560642424971
natural_residual_qat_w8_c1.0_test,quantized,2,3461,mid_block.resnets.0.conv2.weight,0.7383546324173071,-0.0001730262977392033,-0.0036371886106600438,0.06442898487474848,1.367103401322038e-05,0.023550079455604663,0.000786219811409387,0.05052910000085831,0.0002345560642424971
natural_residual_qat_w8_c1.0_test,quantized,2,3461,mid_block.resnets.1.conv1.weight,1.1234507319317253,-8.914684563972763e-05,-0.003169716208871942,0.025034076126524543,5.877471236538266e-06,0.021033151539372904,0.0002487322681048173,0.05052910000085831,0.0002345560642424971
natural_residual_qat_w8_c1.0_test,quantized,2,3461,mid_block.resnets.1.conv2.weight,0.7550087773687095,-0.00016002240792388405,-0.0051334100275810856,0.04128790492105793,6.8676547529755165e-06,0.018373686888264625,0.0004950626277568126,0.05052910000085831,0.0002345560642424971
natural_residual_qat_w8_c1.0_test,quantized,2,3461,conv_out.weight,0.008846902123813857,-0.0003062503847303283,-0.059840879738497034,0.5784788042435437,1.7639144003704082e-06,0.03489741029509178,0.00571337965100479,0.05052910000085831,0.0002345560642424971
natural_residual_qat_w8_c1.0_test,quantized,3,3462,conv_in.weight,0.08640016867152366,-8.31740583810805e-06,-0.01857931462966242,0.005181358153462276,3.649730697721503e-06,0.06157609440997279,0.0006860157563539338,0.0008351245778612792,3.4610118746059015e-05
natural_residual_qat_w8_c1.0_test,quantized,3,3462,up_blocks.0.resnets.0.conv1.weight,1.1997318037677525,-2.6142894138307023e-05,-0.018269202872581766,0.0011927512875807612,1.2437534037764509e-06,0.01583947266003474,6.544996097188887e-05,0.0008351245778612792,3.4610118746059015e-05
natural_residual_qat_w8_c1.0_test,quantized,3,3462,up_blocks.0.resnets.0.conv2.weight,0.8219712315562385,-1.359485270608181e-05,-0.0069184559025987896,0.0023906098887904507,1.1210682175892482e-06,0.004536067877295865,0.00030067400189681215,0.0008351245778612792,3.4610118746059015e-05
natural_residual_qat_w8_c1.0_test,quantized,3,3462,up_blocks.0.resnets.1.conv1.weight,1.2092616276745494,-2.342933497346352e-05,-0.016987726250967033,0.0011405240185909426,1.0316408745141384e-06,0.014750515293881506,5.783637656355752e-05,0.0008351245778612792,3.4610118746059015e-05
natural_residual_qat_w8_c1.0_test,quantized,3,3462,up_blocks.0.resnets.1.conv2.weight,0.7660140220939499,-1.4233698113738483e-05,-0.006790937160819586,0.002736221928956752,1.0102289881950922e-06,0.003934462404951814,0.0003351951351437508,0.0008351245778612792,3.4610118746059015e-05
natural_residual_qat_w8_c1.0_test,quantized,3,3462,up_blocks.0.resnets.2.conv1.weight,1.2685348438663506,-2.746045065816398e-05,-0.015314958907168837,0.0014134792049534594,1.548209823519598e-06,0.017480408912155358,6.981935464699435e-05,0.0008351245778612792,3.4610118746059015e-05
natural_residual_qat_w8_c1.0_test,quantized,3,3462,up_blocks.0.resnets.2.conv2.weight,0.7714528258865023,-2.327604684449199e-05,-0.01041915585235286,0.0028957916665235577,1.0617890658362868e-06,0.003812700221926766,0.0003609908672616344,0.0008351245778612792,3.4610118746059015e-05
natural_residual_qat_w8_c1.0_test,quantized,3,3462,up_blocks.0.upsamplers.0.conv.weight,0.463753820370587,-5.365793631312838e-05,-0.013111904223687866,0.008824308791559406,5.383538797449132e-06,0.010625457908773256,0.0010925282905596798,0.0008351245778612792,3.4610118746059015e-05
natural_residual_qat_w8_c1.0_test,quantized,3,3462,up_blocks.1.resnets.0.conv1.weight,1.1695852439597803,-1.771009025937998e-05,-0.009812738197312479,0.0015431163830064761,1.3467330094839776e-06,0.018098258390223998,6.362280910723986e-05,0.0008351245778612792,3.4610118746059015e-05
natural_residual_qat_w8_c1.0_test,quantized,3,3462,up_blocks.1.resnets.0.conv2.weight,1.1231776725111902,-1.904660723474904e-05,-0.008793901587541376,0.0019283575540442366,1.4883019050353704e-06,0.007542814071974679,0.00017567468093731233,0.0008351245778612792,3.4610118746059015e-05
natural_residual_qat_w8_c1.0_test,quantized,3,3462,up_blocks.1.resnets.1.conv1.weight,1.1939849237378362,-2.5321743346674884e-05,-0.013883471701749982,0.0015275543811644756,1.8768659436078694e-06,0.025911592856373063,6.06652930473415e-05,0.0008351245778612792,3.4610118746059015e-05
natural_residual_qat_w8_c1.0_test,quantized,3,3462,up_blocks.1.resnets.1.conv2.weight,1.0762749592226533,-1.393402037893882e-05,-0.005924644924988581,0.0021851984206276228,1.3761407065935684e-06,0.005505618610747756,0.00023223810666081032,0.0008351245778612792,3.4610118746059015e-05
natural_residual_qat_w8_c1.0_test,quantized,3,3462,up_blocks.1.resnets.2.conv1.weight,1.157907766319851,-2.3074253166156495e-05,-0.01083302162526489,0.0018395181462878168,2.3681325383770113e-06,0.028644572939816492,7.139859841734753e-05,0.0008351245778612792,3.4610118746059015e-05
natural_residual_qat_w8_c1.0_test,quantized,3,3462,up_blocks.1.resnets.2.conv2.weight,0.9867930640002547,-1.0650530850688067e-05,-0.0050052441153035036,0.0021563532254310286,1.4020857224998682e-06,0.005329303756317921,0.00026661096329973254,0.0008351245778612792,3.4610118746059015e-05
natural_residual_qat_w8_c1.0_test,quantized,3,3462,up_blocks.1.upsamplers.0.conv.weight,0.5119906092167433,-3.900605083189895e-05,-0.009925684975497825,0.007675549904950801,3.3630584996808463e-06,0.006192011871191795,0.0010608174283043032,0.0008351245778612792,3.4610118746059015e-05
natural_residual_qat_w8_c1.0_test,quantized,3,3462,up_blocks.2.resnets.0.conv1.weight,0.7641673559548378,-4.284313924453531e-05,-0.02936690440726234,0.0019091261855846604,2.0426065438085563e-06,0.02774582567249408,9.633821256750571e-05,0.0008351245778612792,3.4610118746059015e-05
natural_residual_qat_w8_c1.0_test,quantized,3,3462,up_blocks.2.resnets.0.conv2.weight,0.6290333487030966,-3.744453364818384e-05,-0.033645852842888166,0.0017692255983489825,2.1083321173711306e-06,0.01757801387686988,0.00019067578856287492,0.0008351245778612792,3.4610118746059015e-05
natural_residual_qat_w8_c1.0_test,quantized,3,3462,up_blocks.2.resnets.0.conv_shortcut.weight,0.05505623436416277,-2.519414664611082e-05,-0.025662824605669043,0.017831533473134414,2.488577408639603e-06,0.016868905835867944,0.0026795245246336854,0.0008351245778612792,3.4610118746059015e-05
natural_residual_qat_w8_c1.0_test,quantized,3,3462,up_blocks.2.resnets.1.conv1.weight,0.49875371492154685,-4.012975279121852e-05,-0.039100823626565855,0.0020577586469807596,1.7373543531668028e-06,0.04634120299470567,7.516834001783696e-05,0.0008351245778612792,3.4610118746059015e-05
natural_residual_qat_w8_c1.0_test,quantized,3,3462,up_blocks.2.resnets.1.conv2.weight,0.6796323582330414,-5.5864873932094476e-05,-0.04048540874925608,0.0020303281995,2.827400748743103e-06,0.02046112167007422,0.000203321770465197,0.0008351245778612792,3.4610118746059015e-05
natural_residual_qat_w8_c1.0_test,quantized,3,3462,up_blocks.2.resnets.2.conv1.weight,0.5313193047300276,-4.101689387584521e-05,-0.037533166645870496,0.002056799539139215,2.4198379941888753e-06,0.05124738488787671,8.887077901655467e-05,0.0008351245778612792,3.4610118746059015e-05
natural_residual_qat_w8_c1.0_test,quantized,3,3462,up_blocks.2.resnets.2.conv2.weight,0.614901255907465,-4.079437591192827e-05,-0.03745857936434666,0.0017711021527236682,1.1455825940359013e-06,0.009267083453578686,0.00020103790610830348,0.0008351245778612792,3.4610118746059015e-05
natural_residual_qat_w8_c1.0_test,quantized,3,3462,up_blocks.2.upsamplers.0.conv.weight,0.28632474156178395,-5.003631935312815e-05,-0.01964650733388689,0.008894901099627078,1.3130188076526271e-06,0.0038261781402983753,0.0011985244094073943,0.0008351245778612792,3.4610118746059015e-05
natural_residual_qat_w8_c1.0_test,quantized,3,3462,up_blocks.3.resnets.0.conv1.weight,0.36103035639461956,-2.6288736644298806e-05,-0.033245341213176,0.0021902576252939405,1.3911353837677018e-06,0.04885239188149579,7.887508582086114e-05,0.0008351245778612792,3.4610118746059015e-05
natural_residual_qat_w8_c1.0_test,quantized,3,3462,up_blocks.3.resnets.0.conv2.weight,0.3887493016162334,-2.563079870912411e-05,-0.052332596863569114,0.001259854037515953,1.0887337632824142e-06,0.03961891461476687,7.06886187777005e-05,0.0008351245778612792,3.4610118746059015e-05
natural_residual_qat_w8_c1.0_test,quantized,3,3462,up_blocks.3.resnets.0.conv_shortcut.weight,0.0452578461045613,-3.3893320763550136e-05,-0.044921162359335506,0.016671291877263225,2.5646881391178117e-06,0.03972238392559692,0.0014266103725991907,0.0008351245778612792,3.4610118746059015e-05
natural_residual_qat_w8_c1.0_test,quantized,3,3462,up_blocks.3.resnets.1.conv1.weight,0.2510131998320389,-1.4054747987157474e-05,-0.02280561076675804,0.0024551882389120135,9.881017865146522e-07,0.032750430490574765,0.00012019547319024997,0.0008351245778612792,3.4610118746059015e-05
natural_residual_qat_w8_c1.0_test,quantized,3,3462,up_blocks.3.resnets.1.conv2.weight,0.4037407674509953,-3.3419262873817684e-05,-0.045913424133741366,0.0018028291826243294,1.1961864084929013e-06,0.031400106245061885,9.435504839662613e-05,0.0008351245778612792,3.4610118746059015e-05
natural_residual_qat_w8_c1.0_test,quantized,3,3462,up_blocks.3.resnets.2.conv1.weight,0.2634275233604706,-4.1651566418540636e-05,-0.03711981025424417,0.004259557080958729,7.413927664816906e-07,0.015622325985200143,0.00018015300049065882,0.0008351245778612792,3.4610118746059015e-05
natural_residual_qat_w8_c1.0_test,quantized,3,3462,up_blocks.3.resnets.2.conv2.weight,0.37551774705765345,-1.920221794116745e-05,-0.06164261761764723,0.0008295448192114347,4.292588439433412e-07,0.01569797405513402,7.281907836204359e-05,0.0008351245778612792,3.4610118746059015e-05
natural_residual_qat_w8_c1.0_test,quantized,3,3462,mid_block.attentions.0.to_q.weight,0.23113818907113898,1.241782517119531e-07,0.002216667019339875,0.00024236693746917406,-2.2114474320416114e-09,-0.0008032604418941191,1.1911008488042505e-05,0.0008351245778612792,3.4610118746059015e-05
natural_residual_qat_w8_c1.0_test,quantized,3,3462,mid_block.attentions.0.to_k.weight,0.23785487895538032,3.521448100547698e-08,0.0006088248783893785,0.00024317383122103245,1.2453335686352256e-08,0.0055668587132164825,9.405100304109627e-06,0.0008351245778612792,3.4610118746059015e-05
natural_residual_qat_w8_c1.0_test,quantized,3,3462,mid_block.attentions.0.to_v.weight,0.15872151404908422,-5.222116832726697e-06,-0.014116089780091596,0.0023307536579324326,2.6781509010346725e-07,0.011482088835821466,0.00014695296179293953,0.0008351245778612792,3.4610118746059015e-05
natural_residual_qat_w8_c1.0_test,quantized,3,3462,mid_block.attentions.0.to_out.0.weight,0.14981378659107963,-6.268180256721892e-06,-0.0136090170004338,0.0030744181792773887,4.19837165240776e-07,0.005733662209498055,0.0004887615083319468,0.0008351245778612792,3.4610118746059015e-05
natural_residual_qat_w8_c1.0_test,quantized,3,3462,mid_block.resnets.0.conv1.weight,1.1975917729070191,-4.319450530924574e-05,-0.022637466953825573,0.0015932791442703192,2.1025892706815734e-06,0.02342137487907397,7.496063462008974e-05,0.0008351245778612792,3.4610118746059015e-05
natural_residual_qat_w8_c1.0_test,quantized,3,3462,mid_block.resnets.0.conv2.weight,0.7383546324173071,-2.854470103562027e-05,-0.011515307720895743,0.003357259773347244,1.7360012934983983e-06,0.005762668263501298,0.0004080011817131358,0.0008351245778612792,3.4610118746059015e-05
natural_residual_qat_w8_c1.0_test,quantized,3,3462,mid_block.resnets.1.conv1.weight,1.1234507319317253,-1.9851416908176734e-05,-0.01506572531560391,0.0011728633993658174,7.102268086427865e-07,0.010393330212552386,6.08258664630486e-05,0.0008351245778612792,3.4610118746059015e-05
natural_residual_qat_w8_c1.0_test,quantized,3,3462,mid_block.resnets.1.conv2.weight,0.7550087773687095,-1.7435538110395105e-05,-0.009342291536007455,0.0024718945452196035,1.7569166509474598e-06,0.007787304128829182,0.0002988216243026135,0.0008351245778612792,3.4610118746059015e-05
natural_residual_qat_w8_c1.0_test,quantized,3,3462,conv_out.weight,0.008846902123813857,-1.0954642041595449e-05,-0.04544022772433493,0.027249997652911456,1.5674070470776097e-06,0.05220220379232351,0.0033939210440964767,0.0008351245778612792,3.4610118746059015e-05
natural_residual_w4_c1.0_test,quantized,0,3459,conv_in.weight,1.481962664706085,-8.609464751594767e-05,-0.009194726269018093,0.006318297705510818,7.563635519486952e-05,0.02863397594904554,0.0017824266802703135,0.002651190385222435,0.002043022308498621
natural_residual_w4_c1.0_test,quantized,0,3459,up_blocks.0.resnets.0.conv1.weight,19.34726471472785,-2.7831437073783523e-05,-0.0006862966991512487,0.0020960621116050404,3.954096008855212e-05,0.002839595273027611,0.0007197326288964875,0.002651190385222435,0.002043022308498621
natural_residual_w4_c1.0_test,quantized,0,3459,up_blocks.0.resnets.0.conv2.weight,14.203307723935417,-1.896045434323748e-05,-0.00043342443648099085,0.0030799654896651956,3.403875796300535e-05,0.002080036800013624,0.0011521610511047646,0.002651190385222435,0.002043022308498621
natural_residual_w4_c1.0_test,quantized,0,3459,up_blocks.0.resnets.1.conv1.weight,19.5964259693699,3.6104475441041414e-05,0.0007976487069881085,0.002309790032189582,3.810792716962797e-05,0.0024477556295679254,0.0007944570023780179,0.002651190385222435,0.002043022308498621
natural_residual_w4_c1.0_test,quantized,0,3459,up_blocks.0.resnets.1.conv2.weight,13.299414655772237,3.012585088589367e-05,0.0006793186923781489,0.003334519260551844,4.949586467760012e-05,0.002791481507661376,0.0013332194276948184,0.002651190385222435,0.002043022308498621
natural_residual_w4_c1.0_test,quantized,0,3459,up_blocks.0.resnets.2.conv1.weight,20.41770861288236,-7.456179130541015e-05,-0.0016018432633074853,0.002279760961056532,9.678098969424993e-05,0.0059245978122268676,0.0008000629947799943,0.002651190385222435,0.002043022308498621
natural_residual_w4_c1.0_test,quantized,0,3459,up_blocks.0.resnets.2.conv2.weight,13.214954131483951,9.314476632315504e-06,0.00020969794687781184,0.0033612330027905785,4.411611355211444e-05,0.002556061777538686,0.0013060513118989244,0.002651190385222435,0.002043022308498621
natural_residual_w4_c1.0_test,quantized,0,3459,up_blocks.0.upsamplers.0.conv.weight,8.166523044090699,-0.00023757794095505844,-0.002717538042001931,0.010705163134058759,0.0001751771730988915,0.005816605472678538,0.003687828482592644,0.002651190385222435,0.002043022308498621
natural_residual_w4_c1.0_test,quantized,0,3459,up_blocks.1.resnets.0.conv1.weight,19.04146150155089,-0.00013392729148315732,-0.002415186092099502,0.0029121799515079557,0.00012130690470358338,0.006194037461609517,0.001028516858509458,0.002651190385222435,0.002043022308498621
natural_residual_w4_c1.0_test,quantized,0,3459,up_blocks.1.resnets.0.conv2.weight,18.91485004093152,-0.00041959219444885485,-0.007179456270871962,0.0030898183169633213,0.00011096546245986326,0.005566727282019925,0.001053864995549029,0.002651190385222435,0.002043022308498621
natural_residual_w4_c1.0_test,quantized,0,3459,up_blocks.1.resnets.1.conv1.weight,19.660306597662874,-0.0001809840709815154,-0.003220491744026444,0.002858432074317432,0.00011332478955919706,0.00581506656103118,0.0009912425695717156,0.002651190385222435,0.002043022308498621
natural_residual_w4_c1.0_test,quantized,0,3459,up_blocks.1.resnets.1.conv2.weight,18.468824077596356,-0.0004621959760580282,-0.008199832117957677,0.00305198190813054,0.00012864355253633007,0.007021861415014707,0.0009919654051635115,0.002651190385222435,0.002043022308498621
natural_residual_w4_c1.0_test,quantized,0,3459,up_blocks.1.resnets.2.conv1.weight,19.168218708995383,-0.0005531426194826787,-0.008316505198187519,0.003469880375395691,0.00011764967623412262,0.006292503391398297,0.0009754062230428918,0.002651190385222435,0.002043022308498621
natural_residual_w4_c1.0_test,quantized,0,3459,up_blocks.1.resnets.2.conv2.weight,16.99917535954793,-0.0006172534694292957,-0.012179760459097093,0.002981239993076287,0.00012806074238668939,0.008295096827609098,0.0009081690584888881,0.002651190385222435,0.002043022308498621
natural_residual_w4_c1.0_test,quantized,0,3459,up_blocks.1.upsamplers.0.conv.weight,8.97593955298784,-0.000766703031092087,-0.00938703582275079,0.009099526324928758,0.0001474927247875917,0.006854057661730398,0.0023974133860604615,0.002651190385222435,0.002043022308498621
natural_residual_w4_c1.0_test,quantized,0,3459,up_blocks.2.resnets.0.conv1.weight,12.538917556304936,-0.000940003810290327,-0.022144557696999165,0.003385342058169165,0.00011940067847818045,0.011071244989854814,0.0008601026516526049,0.002651190385222435,0.002043022308498621
natural_residual_w4_c1.0_test,quantized,0,3459,up_blocks.2.resnets.0.conv2.weight,10.41643102360137,-0.0008292017040836037,-0.029094857753181626,0.002736056146904388,8.531746679928888e-05,0.013251382756303618,0.0006180986731982348,0.002651190385222435,0.002043022308498621
natural_residual_w4_c1.0_test,quantized,0,3459,up_blocks.2.resnets.0.conv_shortcut.weight,0.9271177647213634,-0.0005481726115198,-0.022428309051778655,0.02636245784970432,0.00010600028200315339,0.019744406820254693,0.005790659481597492,0.002651190385222435,0.002043022308498621
natural_residual_w4_c1.0_test,quantized,0,3459,up_blocks.2.resnets.1.conv1.weight,8.302302073049553,-0.0008568372807570639,-0.028967114203676984,0.003562825827310636,9.128214307150143e-05,0.012453714076062787,0.0008828530186268127,0.002651190385222435,0.002043022308498621
natural_residual_w4_c1.0_test,quantized,0,3459,up_blocks.2.resnets.1.conv2.weight,11.213934772450502,-0.0008224626365336235,-0.027308162928633865,0.0026857505086748494,7.056803263333816e-05,0.011891648002798683,0.0005291855037524016,0.002651190385222435,0.002043022308498621
natural_residual_w4_c1.0_test,quantized,0,3459,up_blocks.2.resnets.2.conv1.weight,8.794872611493215,-0.0009554264590374841,-0.02876988508993143,0.0037759791155211856,6.996323951093482e-05,0.0101229822424144,0.0007858359305855426,0.002651190385222435,0.002043022308498621
natural_residual_w4_c1.0_test,quantized,0,3459,up_blocks.2.resnets.2.conv2.weight,10.52099510068953,-0.0006065809121590161,-0.024609626365254853,0.0023427551507619283,5.66190195111003e-05,0.009792042324896397,0.0005495816757011059,0.002651190385222435,0.002043022308498621
natural_residual_w4_c1.0_test,quantized,0,3459,up_blocks.2.upsamplers.0.conv.weight,4.941797159323927,-0.000880780915535,-0.017602761254886568,0.010125166692188681,5.589394552270317e-05,0.005032985447422998,0.002247264427200467,0.002651190385222435,0.002043022308498621
natural_residual_w4_c1.0_test,quantized,0,3459,up_blocks.3.resnets.0.conv1.weight,5.909388423099345,-0.0006201337216241455,-0.03298598711953852,0.003181363733655516,2.1984433116183382e-05,0.006704176571862398,0.000554916055404494,0.002651190385222435,0.002043022308498621
natural_residual_w4_c1.0_test,quantized,0,3459,up_blocks.3.resnets.0.conv2.weight,6.3154178512368855,-0.0003643516935942565,-0.036427496564583474,0.0015837600227193104,1.2720696425056668e-05,0.005868176658981069,0.0003432461055657595,0.002651190385222435,0.002043022308498621
natural_residual_w4_c1.0_test,quantized,0,3459,up_blocks.3.resnets.0.conv_shortcut.weight,0.7368249887572563,-0.0005032430808950369,-0.03334630832490224,0.020481686053601098,1.4676195309987965e-05,0.0049977239663417695,0.003985445466538357,0.002651190385222435,0.002043022308498621
natural_residual_w4_c1.0_test,quantized,0,3459,up_blocks.3.resnets.1.conv1.weight,4.2022246654681235,-0.0003211416083544665,-0.023736133190686903,0.0032196401921801825,1.5330109858580214e-05,0.005929920045769676,0.0006152011828296868,0.002651190385222435,0.002043022308498621
natural_residual_w4_c1.0_test,quantized,0,3459,up_blocks.3.resnets.1.conv2.weight,6.525870247096186,-0.0002976139442935137,-0.02751567166262894,0.001657428195499212,7.558685742695588e-06,0.0028499662631039976,0.00040641350978015754,0.002651190385222435,0.002043022308498621
natural_residual_w4_c1.0_test,quantized,0,3459,up_blocks.3.resnets.2.conv1.weight,4.428891958730612,-0.00041438989439307526,-0.02542391123482946,0.0036802024179535073,-1.5500545630892902e-06,-0.00036012778373991435,0.0009718411220106322,0.002651190385222435,0.002043022308498621
natural_residual_w4_c1.0_test,quantized,0,3459,up_blocks.3.resnets.2.conv2.weight,6.332356351754222,-0.00017836389677594263,-0.025220490089855777,0.001116832603243585,6.748683152127231e-06,0.00475932933211278,0.00022392775918684714,0.002651190385222435,0.002043022308498621
natural_residual_w4_c1.0_test,quantized,0,3459,mid_block.attentions.0.to_q.weight,4.0369469595169125,-2.483636224650641e-06,-0.0010734392018254247,0.0005731357390040668,2.347163386527037e-06,0.0037097961916478937,0.0001567257033645297,0.002651190385222435,0.002043022308498621
natural_residual_w4_c1.0_test,quantized,0,3459,mid_block.attentions.0.to_k.weight,4.126523614106249,-1.0387550436966417e-05,-0.004192872495524657,0.0006003674733197582,3.474773155093998e-06,0.005171196067777362,0.00016283625977790532,0.002651190385222435,0.002043022308498621
natural_residual_w4_c1.0_test,quantized,0,3459,mid_block.attentions.0.to_v.weight,2.758899503083599,3.3490439905096192e-06,0.0004146965110268971,0.0029272147823461896,1.4914387008049019e-05,0.005087283446033839,0.0010626337164527865,0.002651190385222435,0.002043022308498621
natural_residual_w4_c1.0_test,quantized,0,3459,mid_block.attentions.0.to_out.0.weight,2.5924322671130207,7.021963804330425e-06,0.0010206450926951304,0.002653850270059688,1.036580733157798e-05,0.0033711635615481014,0.0011860852087157803,0.002651190385222435,0.002043022308498621
natural_residual_w4_c1.0_test,quantized,0,3459,mid_block.resnets.0.conv1.weight,19.11282306298718,-4.2390981335619095e-06,-9.402955127305501e-05,0.002358762787053689,4.342711181499237e-05,0.0029859435918711988,0.0007609471739511785,0.002651190385222435,0.002043022308498621
natural_residual_w4_c1.0_test,quantized,0,3459,mid_block.resnets.0.conv2.weight,12.69668446472241,-7.009822547652216e-05,-0.0012391651566052717,0.004455408243456577,6.654034743956187e-05,0.003215785919897672,0.0016296997845131162,0.002651190385222435,0.002043022308498621
natural_residual_w4_c1.0_test,quantized,0,3459,mid_block.resnets.1.conv1.weight,18.31235274449499,1.8105438791457972e-05,0.0005547760612821726,0.0017821620698623573,3.3759641177847225e-05,0.0028096143407974976,0.0006561557902509265,0.002651190385222435,0.002043022308498621
natural_residual_w4_c1.0_test,quantized,0,3459,mid_block.resnets.1.conv2.weight,12.98123828601485,6.185313132334676e-05,0.001663584240476715,0.0028641830561141556,5.112956580002534e-05,0.0034970527027715207,0.0011262992767139763,0.002651190385222435,0.002043022308498621
natural_residual_w4_c1.0_test,quantized,0,3459,conv_out.weight,0.14395332388399742,-0.00031361454465511044,-0.04872483613420614,0.044712001538311924,2.4224147906899636e-05,0.0171213367004061,0.009828543051927199,0.002651190385222435,0.002043022308498621
natural_residual_w4_c1.0_test,quantized,1,3460,conv_in.weight,1.481962664706085,6.939299686094949e-05,0.005843890393719181,0.008012652703513222,5.63157878546013e-05,0.027383264347180965,0.0013877386459810366,0.0021731581073254347,0.0013451622799038887
natural_residual_w4_c1.0_test,quantized,1,3460,up_blocks.0.resnets.0.conv1.weight,19.34726471472785,-5.343402883320401e-05,-0.0013760342202357731,0.002007100468187211,2.3910160322763217e-05,0.004010115383697974,0.000308181131599053,0.0021731581073254347,0.0013451622799038887
natural_residual_w4_c1.0_test,quantized,1,3460,up_blocks.0.resnets.0.conv2.weight,14.203307723935417,1.2242222760631937e-05,0.00027211899456900003,0.0031674657215253754,2.327730219084736e-05,0.0031230550324293387,0.0005247633684751135,0.0021731581073254347,0.0013451622799038887
natural_residual_w4_c1.0_test,quantized,1,3460,up_blocks.0.resnets.1.conv1.weight,19.5964259693699,-1.2795753872527463e-05,-0.0002893130220941204,0.002256945254486883,2.34162926854166e-05,0.003727433658852836,0.00032057624975732874,0.0021731581073254347,0.0013451622799038887
natural_residual_w4_c1.0_test,quantized,1,3460,up_blocks.0.resnets.1.conv2.weight,13.299414655772237,-3.5232051013039974e-05,-0.0007316564434632158,0.003620747150722178,2.8289633223641263e-05,0.003376639344686775,0.0006299558501266775,0.0021731581073254347,0.0013451622799038887
natural_residual_w4_c1.0_test,quantized,1,3460,up_blocks.0.resnets.2.conv1.weight,20.41770861288236,-6.14389286945517e-05,-0.0012486330454491066,0.002409915462831129,5.173360539732909e-05,0.00782575136639802,0.00032377230629139264,0.0021731581073254347,0.0013451622799038887
natural_residual_w4_c1.0_test,quantized,1,3460,up_blocks.0.resnets.2.conv2.weight,13.214954131483951,-4.134886255560401e-05,-0.0008299269567658838,0.003770144849051236,3.036369349132997e-05,0.0036124703710073342,0.000636040316398779,0.0021731581073254347,0.0013451622799038887
natural_residual_w4_c1.0_test,quantized,1,3460,up_blocks.0.upsamplers.0.conv.weight,8.166523044090699,-0.0002919855687179492,-0.0027734465295988046,0.012891528049429854,9.070438904568338e-05,0.00602828215251721,0.0018424577569791135,0.0021731581073254347,0.0013451622799038887
natural_residual_w4_c1.0_test,quantized,1,3460,up_blocks.1.resnets.0.conv1.weight,19.04146150155089,-0.00016517153564052391,-0.003028083253133078,0.0028646206363085046,5.639224266601929e-05,0.008270540524255956,0.0003580842286002517,0.0021731581073254347,0.0013451622799038887
natural_residual_w4_c1.0_test,quantized,1,3460,up_blocks.1.resnets.0.conv2.weight,18.91485004093152,-0.0005116977270237515,-0.007860750015013858,0.00344149069862153,8.31757141406807e-05,0.010360697249193015,0.00042442861125201013,0.0021731581073254347,0.0013451622799038887
natural_residual_w4_c1.0_test,quantized,1,3460,up_blocks.1.resnets.1.conv1.weight,19.660306597662874,-0.0003379307449281959,-0.005874382949552605,0.0029260056793200427,6.869021500981531e-05,0.011005222450967085,0.0003174722456872172,0.0021731581073254347,0.0013451622799038887
natural_residual_w4_c1.0_test,quantized,1,3460,up_blocks.1.resnets.1.conv2.weight,18.468824077596356,-0.000496224175881648,-0.007853318329587524,0.0034212552193310453,8.45338648416757e-05,0.010596862393045997,0.0004319308120834907,0.0021731581073254347,0.0013451622799038887
natural_residual_w4_c1.0_test,quantized,1,3460,up_blocks.1.resnets.2.conv1.weight,19.168218708995383,-0.0007871281220807377,-0.01133766451554134,0.003621930153007483,9.291666346380546e-05,0.013235753385797834,0.00036623781451660043,0.0021731581073254347,0.0013451622799038887
natural_residual_w4_c1.0_test,quantized,1,3460,up_blocks.1.resnets.2.conv2.weight,16.99917535954793,-0.0006217987105700134,-0.010549785722857615,0.003467195452469327,9.445692215570125e-05,0.012744904711807994,0.00043598278710122514,0.0021731581073254347,0.0013451622799038887
natural_residual_w4_c1.0_test,quantized,1,3460,up_blocks.1.upsamplers.0.conv.weight,8.97593955298784,-0.0009155668848620036,-0.007990488959902252,0.012765469763014894,0.0001292134398542169,0.008804288891988383,0.0016350592108283965,0.0021731581073254347,0.0013451622799038887
natural_residual_w4_c1.0_test,quantized,1,3460,up_blocks.2.resnets.0.conv1.weight,12.538917556304936,-0.0010436221587406275,-0.019931793220415515,0.004175772903270841,8.851765810601203e-05,0.01758154855437474,0.0004015251417548809,0.0021731581073254347,0.0013451622799038887
natural_residual_w4_c1.0_test,quantized,1,3460,up_blocks.2.resnets.0.conv2.weight,10.41643102360137,-0.0007826899452479108,-0.023183708047217602,0.0032410662861349078,5.7560044838161366e-05,0.015509634184692752,0.0003562875335329851,0.0021731581073254347,0.0013451622799038887
natural_residual_w4_c1.0_test,quantized,1,3460,up_blocks.2.resnets.0.conv_shortcut.weight,0.9271177647213634,-0.0005609140702904677,-0.017380862423191302,0.03480888478679652,5.448499244966703e-05,0.014396971371611963,0.004081979799742236,0.0021731581073254347,0.0013451622799038887
natural_residual_w4_c1.0_test,quantized,1,3460,up_blocks.2.resnets.1.conv1.weight,8.302302073049553,-0.0007146844972592784,-0.02168321019908001,0.003970015943423816,5.0441245875894217e-05,0.01761732600107364,0.0003448635410840142,0.0021731581073254347,0.0013451622799038887
natural_residual_w4_c1.0_test,quantized,1,3460,up_blocks.2.resnets.1.conv2.weight,11.213934772450502,-0.0008600578632347627,-0.02251247329607246,0.003406798399296218,6.0178324114929576e-05,0.014153320896175629,0.00037916104360433356,0.0021731581073254347,0.0013451622799038887
natural_residual_w4_c1.0_test,quantized,1,3460,up_blocks.2.resnets.2.conv1.weight,8.794872611493215,-0.0009196560722825282,-0.0234582438535758,0.0044575927956787866,4.440804792982848e-05,0.011830435282614104,0.0004268068741965932,0.0021731581073254347,0.0013451622799038887
natural_residual_w4_c1.0_test,quantized,1,3460,up_blocks.2.resnets.2.conv2.weight,10.52099510068953,-0.0006072393813223241,-0.019391006382244325,0.002976478579474589,4.657297986448458e-05,0.011336333358954759,0.0003904852191573629,0.0021731581073254347,0.0013451622799038887
natural_residual_w4_c1.0_test,quantized,1,3460,up_blocks.2.upsamplers.0.conv.weight,4.941797159323927,-0.0008137125236642952,-0.011570039024674237,0.014231519132118498,7.084256206856142e-05,0.0069779066432417896,0.002054396134237846,0.0021731581073254347,0.0013451622799038887
natural_residual_w4_c1.0_test,quantized,1,3460,up_blocks.3.resnets.0.conv1.weight,5.909388423099345,-0.0005695318016984026,-0.027142488452252773,0.003550796479468764,2.6107677048486193e-05,0.012940458919469593,0.00034140982614797434,0.0021731581073254347,0.0013451622799038887
natural_residual_w4_c1.0_test,quantized,1,3460,up_blocks.3.resnets.0.conv2.weight,6.3154178512368855,-0.0002825293048747893,-0.026020867767075608,0.0017192523826482298,1.0818289800386666e-05,0.006539380815878035,0.0002619508981652781,0.0021731581073254347,0.0013451622799038887
natural_residual_w4_c1.0_test,quantized,1,3460,up_blocks.3.resnets.0.conv_shortcut.weight,0.7368249887572563,-0.00042516971945265867,-0.022857222280272652,0.025244950803033846,3.196852362082761e-05,0.012527490169600234,0.0034633323000073843,0.0021731581073254347,0.0013451622799038887
natural_residual_w4_c1.0_test,quantized,1,3460,up_blocks.3.resnets.1.conv1.weight,4.2022246654681235,-0.0002160531458067128,-0.013361985134264988,0.0038477809693849047,1.1753970781646392e-05,0.006208961027310411,0.00045049129706853873,0.0021731581073254347,0.0013451622799038887
natural_residual_w4_c1.0_test,quantized,1,3460,up_blocks.3.resnets.1.conv2.weight,6.525870247096186,-0.00030756057815153247,-0.023184802464727854,0.0020327727679275375,1.6451530839237905e-05,0.008922395093855725,0.00028254422235686575,0.0021731581073254347,0.0013451622799038887
natural_residual_w4_c1.0_test,quantized,1,3460,up_blocks.3.resnets.2.conv1.weight,4.428891958730612,-0.00027388886219790174,-0.013075378487554287,0.0047296065827258016,2.0263381494555173e-05,0.005987288289145259,0.0007641641598086479,0.0021731581073254347,0.0013451622799038887
natural_residual_w4_c1.0_test,quantized,1,3460,up_blocks.3.resnets.2.conv2.weight,6.332356351754222,-0.00014183586061386965,-0.017339101737461927,0.001291796509288303,9.195281503523013e-06,0.007869354459680946,0.00018452727775375435,0.0021731581073254347,0.0013451622799038887
natural_residual_w4_c1.0_test,quantized,1,3460,mid_block.attentions.0.to_q.weight,4.0369469595169125,-4.709821168431939e-06,-0.0019308209234480433,0.000604239868991481,1.683460329971828e-06,0.0046492795780178255,8.969416286419644e-05,0.0021731581073254347,0.0013451622799038887
natural_residual_w4_c1.0_test,quantized,1,3460,mid_block.attentions.0.to_k.weight,4.126523614106249,7.121091662710127e-06,0.002999913479930243,0.0005752458733657142,1.3532975984227908e-06,0.003903024009209175,8.402485149613709e-05,0.0021731581073254347,0.0013451622799038887
natural_residual_w4_c1.0_test,quantized,1,3460,mid_block.attentions.0.to_v.weight,2.758899503083599,-2.9257188392812853e-05,-0.003197076607934303,0.00331698619751412,3.334806194172041e-06,0.0025598730868085797,0.0004721894549815784,0.0021731581073254347,0.0013451622799038887
natural_residual_w4_c1.0_test,quantized,1,3460,mid_block.attentions.0.to_out.0.weight,2.5924322671130207,8.762684943443087e-06,0.0008612078018010923,0.003924838792383399,3.948154175707612e-06,0.002001544711740613,0.000760889146283348,0.0021731581073254347,0.0013451622799038887
natural_residual_w4_c1.0_test,quantized,1,3460,mid_block.resnets.0.conv1.weight,19.11282306298718,-4.35908558835214e-05,-0.0008766865645305679,0.0026015142312300417,3.2158135053263684e-05,0.004587645359378985,0.0003667551131767219,0.0021731581073254347,0.0013451622799038887
natural_residual_w4_c1.0_test,quantized,1,3460,mid_block.resnets.0.conv2.weight,12.69668446472241,-1.8962247741292188e-05,-0.00033390144895915187,0.004472817577048841,3.104306180472692e-05,0.0031492822805694325,0.0007763590736998274,0.0021731581073254347,0.0013451622799038887
natural_residual_w4_c1.0_test,quantized,1,3460,mid_block.resnets.1.conv1.weight,18.31235274449499,9.195601050022432e-05,0.002731755931766362,0.0018382055838177156,2.4470077591463515e-05,0.00524867978780854,0.00025458987213957193,0.0021731581073254347,0.0013451622799038887
natural_residual_w4_c1.0_test,quantized,1,3460,mid_block.resnets.1.conv2.weight,12.98123828601485,2.4184428286051617e-05,0.0005826295306963345,0.0031976226393727507,2.8398298061571096e-05,0.003815796851921608,0.0005733118860458676,0.0021731581073254347,0.0013451622799038887
natural_residual_w4_c1.0_test,quantized,1,3460,conv_out.weight,0.14395332388399742,-0.00036928322198281877,-0.05641805126277273,0.04546946016258688,3.5015184994018316e-05,0.02362429841112098,0.010296172456035943,0.0021731581073254347,0.0013451622799038887
natural_residual_w4_c1.0_test,quantized,2,3461,conv_in.weight,1.481962664706085,4.374052378226788e-05,0.005302292615206142,0.005566510408858523,5.7107277928666274e-05,0.019102172425963286,0.0020173044017800556,0.0019076408352702856,0.0022743509616702795
natural_residual_w4_c1.0_test,quantized,2,3461,up_blocks.0.resnets.0.conv1.weight,19.34726471472785,-4.3615598504394904e-05,-0.0012735046080784452,0.0017701975761440704,2.2049738837895776e-05,0.002828316853842218,0.0004029543186189282,0.0019076408352702856,0.0022743509616702795
natural_residual_w4_c1.0_test,quantized,2,3461,up_blocks.0.resnets.0.conv2.weight,14.203307723935417,3.593476260576946e-06,9.735548525919018e-05,0.0025987521276304355,2.8943325456965374e-05,0.0025287872895918113,0.0008058359379230815,0.0019076408352702856,0.0022743509616702795
natural_residual_w4_c1.0_test,quantized,2,3461,up_blocks.0.resnets.1.conv1.weight,19.5964259693699,2.3085273545712483e-06,6.118196326125298e-05,0.0019254610819365609,2.064500795575515e-05,0.002664108268534652,0.00039544520417481065,0.0019076408352702856,0.0022743509616702795
natural_residual_w4_c1.0_test,quantized,2,3461,up_blocks.0.resnets.1.conv2.weight,13.299414655772237,1.4581157975285173e-06,3.8854369297836144e-05,0.0028217570882189402,2.732755502967635e-05,0.0021166611845006666,0.0009707712476360743,0.0019076408352702856,0.0022743509616702795
natural_residual_w4_c1.0_test,quantized,2,3461,up_blocks.0.resnets.2.conv1.weight,20.41770861288236,-7.98814218453299e-05,-0.0018764056466560198,0.002085028778576341,3.595638854053013e-05,0.004087659405933554,0.00043081851658736736,0.0019076408352702856,0.0022743509616702795
natural_residual_w4_c1.0_test,quantized,2,3461,up_blocks.0.resnets.2.conv2.weight,13.214954131483951,-5.287369661398765e-05,-0.0013639720377126327,0.0029333814926460105,1.4067213128219613e-05,0.0010193036969410657,0.001044332534482748,0.0019076408352702856,0.0022743509616702795
natural_residual_w4_c1.0_test,quantized,2,3461,up_blocks.0.upsamplers.0.conv.weight,8.166523044090699,-0.00020255761927218796,-0.0021721132764290314,0.011419022323199014,9.624555470243477e-05,0.0036577413062611223,0.003222036836283168,0.0019076408352702856,0.0022743509616702795
natural_residual_w4_c1.0_test,quantized,2,3461,up_blocks.1.resnets.0.conv1.weight,19.04146150155089,-0.000136828003496686,-0.002573658319011176,0.0027920540540453207,0.00010225676779003089,0.011047697393013796,0.00048609372198101365,0.0019076408352702856,0.0022743509616702795
natural_residual_w4_c1.0_test,quantized,2,3461,up_blocks.1.resnets.0.conv2.weight,18.91485004093152,-0.0003883031977588202,-0.006186001922373813,0.0033186237271053184,0.00010356105226320138,0.00830551291084409,0.0006592150204900115,0.0019076408352702856,0.0022743509616702795
natural_residual_w4_c1.0_test,quantized,2,3461,up_blocks.1.resnets.1.conv1.weight,19.660306597662874,-0.0002863578990983958,-0.00490899966860532,0.002967056923786767,0.0001005761750217121,0.011420046712505282,0.00044795764053273316,0.0019076408352702856,0.0022743509616702795
natural_residual_w4_c1.0_test,quantized,2,3461,up_blocks.1.resnets.1.conv2.weight,18.468824077596356,-0.00042695588638947714,-0.006680000809214532,0.0034607262402549166,0.00013801971677874223,0.010661171244608957,0.0007009660240435913,0.0019076408352702856,0.0022743509616702795
natural_residual_w4_c1.0_test,quantized,2,3461,up_blocks.1.resnets.2.conv1.weight,19.168218708995383,-0.0004482748824111905,-0.006161825576973602,0.003795362381739735,0.0001221037276343418,0.01272182823835985,0.0005007231131757542,0.0019076408352702856,0.0022743509616702795
natural_residual_w4_c1.0_test,quantized,2,3461,up_blocks.1.resnets.2.conv2.weight,16.99917535954793,-0.0005274046728071028,-0.008698666838351351,0.003566674048235874,0.00015131255907454625,0.012266709858291584,0.0007256363484774515,0.0019076408352702856,0.0022743509616702795
natural_residual_w4_c1.0_test,quantized,2,3461,up_blocks.1.upsamplers.0.conv.weight,8.97593955298784,-0.0007173851293592652,-0.006251874787924402,0.012783865104435778,0.00020088543938632923,0.007309029672371065,0.003062025584275794,0.0019076408352702856,0.0022743509616702795
natural_residual_w4_c1.0_test,quantized,2,3461,up_blocks.2.resnets.0.conv1.weight,12.538917556304936,-0.0007631557473118521,-0.012555830715809735,0.004847386853286747,0.00013185190815351693,0.016907849612230005,0.0006219249730980543,0.0019076408352702856,0.0022743509616702795
natural_residual_w4_c1.0_test,quantized,2,3461,up_blocks.2.resnets.0.conv2.weight,10.41643102360137,-0.0007808826160092521,-0.020406550808328205,0.0036736451795118725,8.153573989912137e-05,0.01299820929335042,0.0006022066522956025,0.0019076408352702856,0.0022743509616702795
natural_residual_w4_c1.0_test,quantized,2,3461,up_blocks.2.resnets.0.conv_shortcut.weight,0.9271177647213634,-0.00046624940215130587,-0.013753551844966879,0.03656524740633158,4.138629003973335e-05,0.006534065252313205,0.0068318469258431295,0.0019076408352702856,0.0022743509616702795
natural_residual_w4_c1.0_test,quantized,2,3461,up_blocks.2.resnets.1.conv1.weight,8.302302073049553,-0.0006955536392893748,-0.014843311316450771,0.005644185779965462,8.595616454583894e-05,0.019904963153605786,0.0005201362470538697,0.0019076408352702856,0.0022743509616702795
natural_residual_w4_c1.0_test,quantized,2,3461,up_blocks.2.resnets.1.conv2.weight,11.213934772450502,-0.0007410336366543384,-0.01343586348797819,0.00491829204674216,7.126881768920249e-05,0.00943224808377234,0.0006737927188890288,0.0019076408352702856,0.0022743509616702795
natural_residual_w4_c1.0_test,quantized,2,3461,up_blocks.2.resnets.2.conv1.weight,8.794872611493215,-0.0008808229517801802,-0.01393979748987859,0.0071846001771598885,5.5757790777694846e-05,0.011369780666266345,0.0005576014799310283,0.0019076408352702856,0.0022743509616702795
natural_residual_w4_c1.0_test,quantized,2,3461,up_blocks.2.resnets.2.conv2.weight,10.52099510068953,-0.0005371182878707236,-0.01309875651484199,0.003897472430505999,5.092700387722423e-05,0.00755074645296643,0.0006410640471150057,0.0019076408352702856,0.0022743509616702795
natural_residual_w4_c1.0_test,quantized,2,3461,up_blocks.2.upsamplers.0.conv.weight,4.941797159323927,-0.0006745257000661162,-0.00951788594374437,0.014340790446318462,7.778079469160983e-05,0.004190398897675998,0.0037560563040396674,0.0019076408352702856,0.0022743509616702795
natural_residual_w4_c1.0_test,quantized,2,3461,up_blocks.3.resnets.0.conv1.weight,5.909388423099345,-0.0007147071677082661,-0.02366406343650681,0.0051108870089336,3.409762818931677e-05,0.008491667746833947,0.0006794987162202851,0.0019076408352702856,0.0022743509616702795
natural_residual_w4_c1.0_test,quantized,2,3461,up_blocks.3.resnets.0.conv2.weight,6.3154178512368855,-0.0002904331974760761,-0.019366032994623524,0.0023746712722045077,2.0083787745811473e-05,0.007164484293745523,0.0004438728662582521,0.0019076408352702856,0.0022743509616702795
natural_residual_w4_c1.0_test,quantized,2,3461,up_blocks.3.resnets.0.conv_shortcut.weight,0.7368249887572563,-0.0003066082096847477,-0.014162947801352193,0.029380946244240907,8.828551361602069e-05,0.019006593405432756,0.006304066961091922,0.0019076408352702856,0.0022743509616702795
natural_residual_w4_c1.0_test,quantized,2,3461,up_blocks.3.resnets.1.conv1.weight,4.2022246654681235,-0.0002821288226034853,-0.01580122086547413,0.004248910129981161,2.778171908437473e-06,0.001031782332369892,0.0006407546418431392,0.0019076408352702856,0.0022743509616702795
natural_residual_w4_c1.0_test,quantized,2,3461,up_blocks.3.resnets.1.conv2.weight,6.525870247096186,-0.00024928257936339225,-0.016578153626957685,0.0023041849483206116,-1.4230087262133433e-06,-0.0003620503348947044,0.0006022824040146307,0.0019076408352702856,0.0022743509616702795
natural_residual_w4_c1.0_test,quantized,2,3461,up_blocks.3.resnets.2.conv1.weight,4.428891958730612,-0.00022544363879944818,-0.011430984499260716,0.004453067351926804,2.4258111148295168e-05,0.004740744022559331,0.0011553548440055214,0.0019076408352702856,0.0022743509616702795
natural_residual_w4_c1.0_test,quantized,2,3461,up_blocks.3.resnets.2.conv2.weight,6.332356351754222,-0.00010768263483857714,-0.014717048966358018,0.0011554724419960694,1.458763674224647e-05,0.007045108792079007,0.00032698805606990453,0.0019076408352702856,0.0022743509616702795
natural_residual_w4_c1.0_test,quantized,2,3461,mid_block.attentions.0.to_q.weight,4.0369469595169125,1.607451488588646e-06,0.0007004245357209486,0.000568490852493612,4.893937217249106e-06,0.006676297664531482,0.00018158068858956176,0.0019076408352702856,0.0022743509616702795
natural_residual_w4_c1.0_test,quantized,2,3461,mid_block.attentions.0.to_k.weight,4.126523614106249,1.5767874322324725e-05,0.006451369106736463,0.0005922934430465678,3.996686213129754e-06,0.00625530184856752,0.00015483439672338918,0.0019076408352702856,0.0022743509616702795
natural_residual_w4_c1.0_test,quantized,2,3461,mid_block.attentions.0.to_v.weight,2.758899503083599,1.9357614110849248e-05,0.0022246644646366207,0.003153925491898431,5.427608467123753e-06,0.0020216900272608325,0.0009731013197476528,0.0019076408352702856,0.0022743509616702795
natural_residual_w4_c1.0_test,quantized,2,3461,mid_block.attentions.0.to_out.0.weight,2.5924322671130207,3.0987544060546394e-06,0.00035715953030797344,0.0033467054874071265,-4.577644011864798e-06,-0.0011324376624194498,0.0015592663012880773,0.0019076408352702856,0.0022743509616702795
natural_residual_w4_c1.0_test,quantized,2,3461,mid_block.resnets.0.conv1.weight,19.11282306298718,-5.653817638690322e-05,-0.001413511076549028,0.0020927518813065996,2.601091112935918e-05,0.002498920837153269,0.0005446007404765476,0.0019076408352702856,0.0022743509616702795
natural_residual_w4_c1.0_test,quantized,2,3461,mid_block.resnets.0.conv2.weight,12.69668446472241,1.4579327956512425e-05,0.0003032588747180992,0.003786462495098485,2.538946749189739e-05,0.0014099263842099854,0.0014182958361285605,0.0019076408352702856,0.0022743509616702795
natural_residual_w4_c1.0_test,quantized,2,3461,mid_block.resnets.1.conv1.weight,18.31235274449499,1.2348456334155902e-05,0.0004464106077126018,0.0015105462222231277,3.4030635543331115e-05,0.004295293534408416,0.00043264637197042274,0.0019076408352702856,0.0022743509616702795
natural_residual_w4_c1.0_test,quantized,2,3461,mid_block.resnets.1.conv2.weight,12.98123828601485,1.4661666385200436e-05,0.0004760950319293304,0.0023723215919555602,1.571558630982137e-05,0.0013460229499720293,0.0008994188833595264,0.0019076408352702856,0.0022743509616702795
natural_residual_w4_c1.0_test,quantized,2,3461,conv_out.weight,0.14395332388399742,-0.00034491501698111107,-0.04789258305159946,0.050029037189963155,-2.5625318683046206e-06,-0.001550675868179972,0.01147959455277601,0.0019076408352702856,0.0022743509616702795
natural_residual_w4_c1.0_test,quantized,3,3462,conv_in.weight,1.481962664706085,7.472923395889488e-07,0.004129546226409613,0.00012210991694172694,2.161035296978968e-05,0.016230782985359685,0.0008984318237526366,1.64157354447525e-05,0.000249136530328542
natural_residual_w4_c1.0_test,quantized,3,3462,up_blocks.0.resnets.0.conv1.weight,19.34726471472785,-1.0783316437202563e-06,-0.0017992229974832788,3.0977601054006207e-05,3.497054626143813e-06,0.001658432472716041,0.00010898959773276554,1.64157354447525e-05,0.000249136530328542
natural_residual_w4_c1.0_test,quantized,3,3462,up_blocks.0.resnets.0.conv2.weight,14.203307723935417,4.334481577110778e-07,0.0005295166744130294,5.7632575043742454e-05,6.842469431148914e-06,0.0008354909042491537,0.000576609300643583,1.64157354447525e-05,0.000249136530328542
natural_residual_w4_c1.0_test,quantized,3,3462,up_blocks.0.resnets.1.conv1.weight,19.5964259693699,-7.829741077724535e-07,-0.0014205162838884801,2.8127058265510828e-05,4.472937212843962e-06,0.002386767576311653,9.563256434847233e-05,1.64157354447525e-05,0.000249136530328542
natural_residual_w4_c1.0_test,quantized,3,3462,up_blocks.0.resnets.1.conv2.weight,13.299414655772237,-7.695220444011731e-07,-0.0008969994532639785,6.450544272584808e-05,6.04385253312718e-06,0.0006684067459838106,0.0006798929031305641,1.64157354447525e-05,0.000249136530328542
natural_residual_w4_c1.0_test,quantized,3,3462,up_blocks.0.resnets.2.conv1.weight,20.41770861288236,-1.3941536377849331e-06,-0.0020558804511993287,3.321282198436253e-05,2.960488790670994e-06,0.0014053976574309199,0.00010317089408143157,1.64157354447525e-05,0.000249136530328542
natural_residual_w4_c1.0_test,quantized,3,3462,up_blocks.0.resnets.2.conv2.weight,13.214954131483951,-9.76270700839191e-07,-0.001099111582997077,6.721447503298311e-05,-2.5834780412098797e-06,-0.0002652711659090473,0.0007369687425489658,1.64157354447525e-05,0.000249136530328542
natural_residual_w4_c1.0_test,quantized,3,3462,up_blocks.0.upsamplers.0.conv.weight,8.166523044090699,-4.0128507035308344e-06,-0.002525241601840936,0.00019458657545250876,3.6959095843168644e-05,0.0023766250637752297,0.0019042478480344345,1.64157354447525e-05,0.000249136530328542
natural_residual_w4_c1.0_test,quantized,3,3462,up_blocks.1.resnets.0.conv1.weight,19.04146150155089,-1.366420660925656e-06,-0.001814996431316598,3.953742359537168e-05,5.5171623241470335e-06,0.0028657219737130406,0.0001011070476408509,1.64157354447525e-05,0.000249136530328542
natural_residual_w4_c1.0_test,quantized,3,3462,up_blocks.1.resnets.0.conv2.weight,18.91485004093152,-9.52807621084247e-07,-0.0010339360580137204,4.872015242047344e-05,7.5606922863897085e-06,0.0011220045123490525,0.00035625753365376583,1.64157354447525e-05,0.000249136530328542
natural_residual_w4_c1.0_test,quantized,3,3462,up_blocks.1.resnets.1.conv1.weight,19.660306597662874,-9.374282763976403e-07,-0.0012611363145636667,3.780817649548714e-05,6.92199223976597e-06,0.004056379536944433,8.67965051314896e-05,1.64157354447525e-05,0.000249136530328542
natural_residual_w4_c1.0_test,quantized,3,3462,up_blocks.1.resnets.1.conv2.weight,18.468824077596356,1.1034116702483296e-07,0.00011969706873313457,4.9913130978812826e-05,7.089912964985636e-06,0.0009109190819078114,0.00042142651777054733,1.64157354447525e-05,0.000249136530328542
natural_residual_w4_c1.0_test,quantized,3,3462,up_blocks.1.resnets.2.conv1.weight,19.168218708995383,-1.4333655947061013e-06,-0.0016776651536891572,4.457280195734976e-05,1.3010255075789852e-05,0.007044055095938611,9.635656535097515e-05,1.64157354447525e-05,0.000249136530328542
natural_residual_w4_c1.0_test,quantized,3,3462,up_blocks.1.resnets.2.conv2.weight,16.99917535954793,-4.6723937504534967e-07,-0.0005872299689899897,4.6806198371981865e-05,1.6301707832439944e-05,0.0020202773279874467,0.0004746727069849268,1.64157354447525e-05,0.000249136530328542
natural_residual_w4_c1.0_test,quantized,3,3462,up_blocks.1.upsamplers.0.conv.weight,8.97593955298784,-4.645538805572706e-06,-0.0029527046479707994,0.0001752815339735178,2.2856859504727105e-05,0.0013506227670024844,0.0018853959652820147,1.64157354447525e-05,0.000249136530328542
natural_residual_w4_c1.0_test,quantized,3,3462,up_blocks.2.resnets.0.conv1.weight,12.538917556304936,-4.597204299181278e-06,-0.007366217087884891,4.977247574047789e-05,9.667945928094669e-06,0.004521911337328995,0.00017051089074564163,1.64157354447525e-05,0.000249136530328542
natural_residual_w4_c1.0_test,quantized,3,3462,up_blocks.2.resnets.0.conv2.weight,10.41643102360137,-5.166408286496945e-06,-0.012006203873735577,4.131084402636258e-05,1.2390871254505016e-06,0.0003013120612494149,0.0003947902202110189,1.64157354447525e-05,0.000249136530328542
natural_residual_w4_c1.0_test,quantized,3,3462,up_blocks.2.resnets.0.conv_shortcut.weight,0.9271177647213634,-3.6232148152128445e-06,-0.009582538270518385,0.000407829482547592,2.0977269167098928e-05,0.004838261967065687,0.004676540163839811,1.64157354447525e-05,0.000249136530328542
natural_residual_w4_c1.0_test,quantized,3,3462,up_blocks.2.resnets.1.conv1.weight,8.302302073049553,-4.4430803466371385e-06,-0.011715701426975271,4.567907920653203e-05,3.278854369861427e-06,0.003260706684642675,0.00012111888477273381,1.64157354447525e-05,0.000249136530328542
natural_residual_w4_c1.0_test,quantized,3,3462,up_blocks.2.resnets.1.conv2.weight,11.213934772450502,-5.6679859669823845e-06,-0.011378370416435687,4.4421239519511606e-05,2.994728339615282e-06,0.000664712621425825,0.00040175887719666524,1.64157354447525e-05,0.000249136530328542
natural_residual_w4_c1.0_test,quantized,3,3462,up_blocks.2.resnets.2.conv1.weight,8.794872611493215,-7.2232751285504295e-06,-0.015468450779671676,5.309550844844384e-05,4.0636151638158354e-06,0.0027443280154189837,0.00016836313340652854,1.64157354447525e-05,0.000249136530328542
natural_residual_w4_c1.0_test,quantized,3,3462,up_blocks.2.resnets.2.conv2.weight,10.52099510068953,-3.085977212711907e-06,-0.008152139017632428,3.598026183328088e-05,-3.3806078666344114e-07,-7.840561285953541e-05,0.0004098178074852969,1.64157354447525e-05,0.000249136530328542
natural_residual_w4_c1.0_test,quantized,3,3462,up_blocks.2.upsamplers.0.conv.weight,4.941797159323927,-3.827428795390361e-06,-0.004334323567720248,0.00017869025771620733,-1.4749958865387478e-05,-0.0013178191346220336,0.0022649054904660985,1.64157354447525e-05,0.000249136530328542
natural_residual_w4_c1.0_test,quantized,3,3462,up_blocks.3.resnets.0.conv1.weight,5.909388423099345,-3.844826501452092e-06,-0.015293193054162397,4.254377655636344e-05,3.226105427104986e-06,0.003643879544795445,0.00014982076372911378,1.64157354447525e-05,0.000249136530328542
natural_residual_w4_c1.0_test,quantized,3,3462,up_blocks.3.resnets.0.conv2.weight,6.3154178512368855,-1.3693410390515221e-06,-0.009176403172944849,2.362854869526243e-05,4.2730048961743266e-06,0.004772574584397772,0.00014176811861729412,1.64157354447525e-05,0.000249136530328542
natural_residual_w4_c1.0_test,quantized,3,3462,up_blocks.3.resnets.0.conv_shortcut.weight,0.7368249887572563,-2.2115847429652754e-06,-0.00911170571368332,0.00032941210513335456,1.9432915359195364e-06,0.0009933017066405174,0.002655170604207443,1.64157354447525e-05,0.000249136530328542
natural_residual_w4_c1.0_test,quantized,3,3462,up_blocks.3.resnets.1.conv1.weight,4.2022246654681235,-2.6299054772231947e-06,-0.010970838600951929,5.704545468725875e-05,-1.0359798315491193e-06,-0.0010580602076895394,0.0002330030745112326,1.64157354447525e-05,0.000249136530328542
natural_residual_w4_c1.0_test,quantized,3,3462,up_blocks.3.resnets.1.conv2.weight,6.525870247096186,-1.5380944524742338e-06,-0.008199663560386337,2.874408827799878e-05,3.2137641449761818e-06,0.0026944427854389704,0.00018277071067421255,1.64157354447525e-05,0.000249136530328542
natural_residual_w4_c1.0_test,quantized,3,3462,up_blocks.3.resnets.2.conv1.weight,4.428891958730612,-2.741294100411531e-07,-0.0008946345960168813,6.918546383718228e-05,-1.7430160581633724e-06,-0.0013090461744880303,0.0003006431661272773,1.64157354447525e-05,0.000249136530328542
natural_residual_w4_c1.0_test,quantized,3,3462,up_blocks.3.resnets.2.conv2.weight,6.332356351754222,-1.3305866866507822e-06,-0.01224519333515648,1.7159798373575366e-05,-1.286345353039032e-06,-0.001347843934871798,0.00015071366346335358,1.64157354447525e-05,0.000249136530328542
natural_residual_w4_c1.0_test,quantized,3,3462,mid_block.attentions.0.to_q.weight,4.0369469595169125,9.102979499308761e-08,0.0019543895341070415,1.1537704002151588e-05,2.2098931251236498e-07,0.0016428313984569718,3.332155289795465e-05,1.64157354447525e-05,0.000249136530328542
natural_residual_w4_c1.0_test,quantized,3,3462,mid_block.attentions.0.to_k.weight,4.126523614106249,1.1933061168476038e-07,0.004067365134010918,7.109750666435968e-06,-2.285062039890917e-07,-0.0030869535649329775,1.793839423401127e-05,1.64157354447525e-05,0.000249136530328542
natural_residual_w4_c1.0_test,quantized,3,3462,mid_block.attentions.0.to_v.weight,2.758899503083599,-1.2153087651380642e-06,-0.007824582849225202,5.629755784790396e-05,1.6248214013899934e-06,0.001959958148925113,0.0003004851069995526,1.64157354447525e-05,0.000249136530328542
natural_residual_w4_c1.0_test,quantized,3,3462,mid_block.attentions.0.to_out.0.weight,2.5924322671130207,-9.889709395396704e-07,-0.0056926184516077885,6.701376768403385e-05,5.908048902273583e-06,0.0027837043405735374,0.0008186788228800227,1.64157354447525e-05,0.000249136530328542
natural_residual_w4_c1.0_test,quantized,3,3462,mid_block.resnets.0.conv1.weight,19.11282306298718,-6.305446597467173e-07,-0.000816801592479841,4.0390054273129066e-05,2.5023728396078027e-06,0.0008907905600561612,0.0001469777423927164,1.64157354447525e-05,0.000249136530328542
natural_residual_w4_c1.0_test,quantized,3,3462,mid_block.resnets.0.conv2.weight,12.69668446472241,-1.136137512753034e-06,-0.0010865784076359954,8.235301474325026e-05,3.869468459236347e-06,0.0003921873640898785,0.0007770829626543419,1.64157354447525e-05,0.000249136530328542
natural_residual_w4_c1.0_test,quantized,3,3462,mid_block.resnets.1.conv1.weight,18.31235274449499,3.006634453597007e-07,0.0005318435527492235,3.087113418838267e-05,1.4933436686741188e-06,0.0006989370040458942,0.00011667493981396451,1.64157354447525e-05,0.000249136530328542
natural_residual_w4_c1.0_test,quantized,3,3462,mid_block.resnets.1.conv2.weight,12.98123828601485,-6.193376008670675e-07,-0.0008566752885769932,5.5692291282355815e-05,9.964595929958644e-06,0.0013328933206685752,0.0005759014591217137,1.64157354447525e-05,0.000249136530328542
natural_residual_w4_c1.0_test,quantized,3,3462,conv_out.weight,0.14395332388399742,-1.1765968384241895e-06,-0.011587621471338369,0.0007053613842343207,1.69619364030706e-05,0.019526492198679014,0.006034336173340602,1.64157354447525e-05,0.000249136530328542
natural_residual_qat_w4_c1.0_test,quantized,0,3459,conv_in.weight,1.466370620301321,-3.10583219146517e-05,-0.0018429061974452605,0.011492936465076958,8.393933683247806e-05,0.030001033353015218,0.0019080316274550043,0.005361064802855253,0.0018680751090869308
natural_residual_qat_w4_c1.0_test,quantized,0,3459,up_blocks.0.resnets.0.conv1.weight,19.286962431928785,-8.423734936431694e-05,-0.0011746256107024362,0.003718274023464136,3.873362842755317e-05,0.00254842943374509,0.0007880463013949975,0.005361064802855253,0.0018680751090869308
natural_residual_qat_w4_c1.0_test,quantized,0,3459,up_blocks.0.resnets.0.conv2.weight,14.16434270661396,1.1479551016625126e-05,0.00015149508788577307,0.005349706118430082,3.425930141104071e-05,0.002098323940722559,0.0011526820792259332,0.005361064802855253,0.0018680751090869308
natural_residual_qat_w4_c1.0_test,quantized,0,3459,up_blocks.0.resnets.1.conv1.weight,19.52948799652366,-1.9486554318595537e-05,-0.0002522575972523051,0.003955486804879555,4.100544997917715e-05,0.002469134226327791,0.0008503662689737993,0.005361064802855253,0.0018680751090869308
natural_residual_qat_w4_c1.0_test,quantized,0,3459,up_blocks.0.resnets.1.conv2.weight,13.265049262703974,-7.835607347578222e-06,-0.00010221032441784151,0.0057792173869744634,5.118152111431153e-05,0.002939968143754689,0.0013123863273646456,0.005361064802855253,0.0018680751090869308
natural_residual_qat_w4_c1.0_test,quantized,0,3459,up_blocks.0.resnets.2.conv1.weight,20.3487405046209,-0.0001914166555520393,-0.0024255935451136814,0.003878146065274955,0.00010455128036755324,0.006023692012087094,0.0008529607825753433,0.005361064802855253,0.0018680751090869308
natural_residual_qat_w4_c1.0_test,quantized,0,3459,up_blocks.0.resnets.2.conv2.weight,13.187741594626553,-6.865720939490478e-05,-0.0008890228356879264,0.005856023380351841,4.7941210901771715e-05,0.002892366045730189,0.001256855401298336,0.005361064802855253,0.0018680751090869308
natural_residual_qat_w4_c1.0_test,quantized,0,3459,up_blocks.0.upsamplers.0.conv.weight,8.128857461857121,-0.00046426468345576376,-0.0030896894310513,0.018485079069510097,0.00018398852337661277,0.005860056996445117,0.003862419006163859,0.005361064802855253,0.0018680751090869308
natural_residual_qat_w4_c1.0_test,quantized,0,3459,up_blocks.1.resnets.0.conv1.weight,18.97725192763036,-0.00018945366371759764,-0.002044287886833075,0.004883459945306203,0.00012225066701936923,0.005737519808291019,0.0011227775400888937,0.005361064802855253,0.0018680751090869308
natural_residual_qat_w4_c1.0_test,quantized,0,3459,up_blocks.1.resnets.0.conv2.weight,18.843570867735856,-0.0005236842551360127,-0.00537192859164232,0.005173400258662685,9.783914733484914e-05,0.004651264423535265,0.001116293572408757,0.005361064802855253,0.0018680751090869308
natural_residual_qat_w4_c1.0_test,quantized,0,3459,up_blocks.1.resnets.1.conv1.weight,19.590360037602885,-0.0003248590503666822,-0.00344594912482267,0.004812200251145458,0.00012445575542279375,0.006018435166388663,0.00105557472094517,0.005361064802855253,0.0018680751090869308
natural_residual_qat_w4_c1.0_test,quantized,0,3459,up_blocks.1.resnets.1.conv2.weight,18.401927614134713,-0.0006687291956988203,-0.007071899777658961,0.005138671660207313,0.00012227289138424838,0.006593303168018395,0.0010077755520666147,0.005361064802855253,0.0018680751090869308
natural_residual_qat_w4_c1.0_test,quantized,0,3459,up_blocks.1.resnets.2.conv1.weight,19.094172377394283,-0.0008991885288178767,-0.008306837470830249,0.005669101146713235,0.00011662720218230452,0.006007630905069348,0.0010167069107896375,0.005361064802855253,0.0018680751090869308
natural_residual_qat_w4_c1.0_test,quantized,0,3459,up_blocks.1.resnets.2.conv2.weight,16.956411711870683,-0.0008270848138032813,-0.00986187872827192,0.004946026468156172,0.00011653525815863922,0.007895752357773697,0.000870422023320871,0.005361064802855253,0.0018680751090869308
natural_residual_qat_w4_c1.0_test,quantized,0,3459,up_blocks.1.upsamplers.0.conv.weight,8.941289696301002,-0.0012121026775209574,-0.008607726811604826,0.0157489197246746,0.00013327666616976894,0.006128669690549446,0.002432135344528135,0.005361064802855253,0.0018680751090869308
natural_residual_qat_w4_c1.0_test,quantized,0,3459,up_blocks.2.resnets.0.conv1.weight,12.482253722694438,-0.001295066814626164,-0.0184040382506666,0.005637493337652584,0.00010977527787755685,0.009719360441987979,0.0009048442914169539,0.005361064802855253,0.0018680751090869308
natural_residual_qat_w4_c1.0_test,quantized,0,3459,up_blocks.2.resnets.0.conv2.weight,10.361270923592494,-0.0011199840747990073,-0.02352770149614759,0.004594299638103762,8.05535666605094e-05,0.012626589774152465,0.0006157234212291482,0.005361064802855253,0.0018680751090869308
natural_residual_qat_w4_c1.0_test,quantized,0,3459,up_blocks.2.resnets.0.conv_shortcut.weight,0.9187977346219415,-0.0007428532823883562,-0.018102802567360653,0.0446619124623614,0.00010609498547438739,0.019867353370610578,0.005812124725984921,0.005361064802855253,0.0018680751090869308
natural_residual_qat_w4_c1.0_test,quantized,0,3459,up_blocks.2.resnets.1.conv1.weight,8.252839554894136,-0.0012911424246377374,-0.02564205203494617,0.0061012380824677056,8.853409210533532e-05,0.011234123707064498,0.0009549220774444371,0.005361064802855253,0.0018680751090869308
natural_residual_qat_w4_c1.0_test,quantized,0,3459,up_blocks.2.resnets.1.conv2.weight,11.143594564254325,-0.0012132513910836722,-0.02385149055647832,0.00456467614307895,7.18369648981899e-05,0.012868587707585127,0.0005009470061602744,0.005361064802855253,0.0018680751090869308
natural_residual_qat_w4_c1.0_test,quantized,0,3459,up_blocks.2.resnets.2.conv1.weight,8.742514199647175,-0.0013051669132354382,-0.024035677450205344,0.0062111689400320925,6.987600167433064e-05,0.009928229150353154,0.0008050445379768874,0.005361064802855253,0.0018680751090869308
natural_residual_qat_w4_c1.0_test,quantized,0,3459,up_blocks.2.resnets.2.conv2.weight,10.49251157760429,-0.0009934257372996133,-0.024100245429683483,0.0039285699008429955,5.8981113298987274e-05,0.01141065250252915,0.0004926324651814693,0.005361064802855253,0.0018680751090869308
natural_residual_qat_w4_c1.0_test,quantized,0,3459,up_blocks.2.upsamplers.0.conv.weight,4.914806119541259,-0.0013120845496719827,-0.014960186446422457,0.017845076951956022,6.389523745434027e-05,0.006071240672005338,0.002141335164189149,0.005361064802855253,0.0018680751090869308
natural_residual_qat_w4_c1.0_test,quantized,0,3459,up_blocks.3.resnets.0.conv1.weight,5.879553189441029,-0.0008713476424477352,-0.02801792388095096,0.00528945815606425,2.4719071826954586e-05,0.007669459494425543,0.0005481798627382411,0.005361064802855253,0.0018680751090869308
natural_residual_qat_w4_c1.0_test,quantized,0,3459,up_blocks.3.resnets.0.conv2.weight,6.287157926093068,-0.000526933813378138,-0.029710047831080045,0.0028209692212612515,1.3307889578036701e-05,0.006607639712158829,0.0003203380035334686,0.005361064802855253,0.0018680751090869308
natural_residual_qat_w4_c1.0_test,quantized,0,3459,up_blocks.3.resnets.0.conv_shortcut.weight,0.7316879066454338,-0.0008104861540454073,-0.03001463928168244,0.036905117685207794,1.5698558290706865e-05,0.005726043713440736,0.0037469615253967682,0.005361064802855253,0.0018680751090869308
natural_residual_qat_w4_c1.0_test,quantized,0,3459,up_blocks.3.resnets.1.conv1.weight,4.1811381468035,-0.0005719047176801833,-0.025610927818300475,0.005340769684810921,1.6228960574682426e-05,0.006529880347716802,0.0005944166485160977,0.005361064802855253,0.0018680751090869308
natural_residual_qat_w4_c1.0_test,quantized,0,3459,up_blocks.3.resnets.1.conv2.weight,6.496054360167957,-0.0004516116622043498,-0.02320945361562316,0.002995370727218947,1.1817372586830646e-05,0.00493777204473375,0.00036841749169281424,0.005361064802855253,0.0018680751090869308
natural_residual_qat_w4_c1.0_test,quantized,0,3459,up_blocks.3.resnets.2.conv1.weight,4.40417636237988,-0.000611049063344544,-0.022005094036998876,0.006305044443469519,4.3729119617385405e-06,0.0010543213498522674,0.0009417443671582988,0.005361064802855253,0.0018680751090869308
natural_residual_qat_w4_c1.0_test,quantized,0,3459,up_blocks.3.resnets.2.conv2.weight,6.322814896889391,-0.0002817700398448132,-0.0243593708396467,0.0018294404548849983,8.746555295857118e-06,0.006642263100624334,0.00020826222513667278,0.005361064802855253,0.0018680751090869308
natural_residual_qat_w4_c1.0_test,quantized,0,3459,mid_block.attentions.0.to_q.weight,4.027281462235296,1.66482033833689e-06,0.00040657107919961713,0.0010167610647402717,3.094205602174001e-06,0.004633284350551771,0.00016582432221161033,0.005361064802855253,0.0018680751090869308
natural_residual_qat_w4_c1.0_test,quantized,0,3459,mid_block.attentions.0.to_k.weight,4.115814261193637,-6.1136406802772665e-06,-0.0013745012159812047,0.0010806847278956666,3.3536638120269833e-06,0.004122812864908855,0.00019763785619739496,0.005361064802855253,0.0018680751090869308
natural_residual_qat_w4_c1.0_test,quantized,0,3459,mid_block.attentions.0.to_v.weight,2.7485594155722475,-3.304623261659643e-05,-0.0022888695134972116,0.005252859580899407,1.6949895170313733e-05,0.005402037244875269,0.001141574641296949,0.005361064802855253,0.0018680751090869308
natural_residual_qat_w4_c1.0_test,quantized,0,3459,mid_block.attentions.0.to_out.0.weight,2.582984731338441,-3.7415517199368402e-06,-0.00029703740176554645,0.004876618440322577,5.541534165126535e-06,0.001696971658618143,0.001264251818541976,0.005361064802855253,0.0018680751090869308
natural_residual_qat_w4_c1.0_test,quantized,0,3459,mid_block.resnets.0.conv1.weight,19.063642837897948,-4.2799454949528484e-05,-0.0005389198195836994,0.004165893755813202,4.626689554552696e-05,0.0031448024080507355,0.0007717401651656242,0.005361064802855253,0.0018680751090869308
natural_residual_qat_w4_c1.0_test,quantized,0,3459,mid_block.resnets.0.conv2.weight,12.662314220123081,-0.0001137862557576616,-0.001171103141726736,0.007673289332812294,7.387644453552289e-05,0.0035157558319434757,0.0016594882951848095,0.005361064802855253,0.0018680751090869308
natural_residual_qat_w4_c1.0_test,quantized,0,3459,mid_block.resnets.1.conv1.weight,18.269515264674705,2.3591377682718848e-05,0.00042876350322028996,0.003011677526163939,3.08070370410763e-05,0.002439519274198768,0.0006912237509644995,0.005361064802855253,0.0018680751090869308
natural_residual_qat_w4_c1.0_test,quantized,0,3459,mid_block.resnets.1.conv2.weight,12.9526231519973,7.311994538659178e-05,0.0011305837383215047,0.004993158975488713,3.9703491145788335e-05,0.0027288349773892675,0.00112329465625532,0.005361064802855253,0.0018680751090869308
natural_residual_qat_w4_c1.0_test,quantized,0,3459,conv_out.weight,0.1422696120149418,-0.0003544767194314443,-0.034707251400597584,0.07178857770278417,1.3227590730498013e-05,0.010368659714618103,0.008966975439367164,0.005361064802855253,0.0018680751090869308
natural_residual_qat_w4_c1.0_test,quantized,1,3460,conv_in.weight,1.466370620301321,0.00022126202179673438,0.009338666077868754,0.01615765307927753,6.97705016439524e-05,0.030821919834913603,0.0015437195646594737,0.004749863874167204,0.001191911636851728
natural_residual_qat_w4_c1.0_test,quantized,1,3460,up_blocks.0.resnets.0.conv1.weight,19.286962431928785,-9.294499721261952e-05,-0.0013094365419684464,0.0036802534435457484,2.4913420807555593e-05,0.004345100100506868,0.00029728277284923286,0.004749863874167204,0.001191911636851728
natural_residual_qat_w4_c1.0_test,quantized,1,3460,up_blocks.0.resnets.0.conv2.weight,14.16434270661396,3.737047462216358e-05,0.00045978030659206263,0.005738281139390859,2.0386711213260764e-05,0.002719398440510267,0.0005292707589706829,0.004749863874167204,0.001191911636851728
natural_residual_qat_w4_c1.0_test,quantized,1,3460,up_blocks.0.resnets.1.conv1.weight,19.52948799652366,-9.956932045018006e-06,-0.00012544442738093866,0.0040642771180240695,2.3766874252467806e-05,0.0039105460458885,0.0003112030228564084,0.004749863874167204,0.001191911636851728
natural_residual_qat_w4_c1.0_test,quantized,1,3460,up_blocks.0.resnets.1.conv2.weight,13.265049262703974,-7.840659192824609e-05,-0.0008765567520903423,0.00674316319370657,2.9342816397307956e-05,0.00352927054410924,0.0006267696775002295,0.004749863874167204,0.001191911636851728
natural_residual_qat_w4_c1.0_test,quantized,1,3460,up_blocks.0.resnets.2.conv1.weight,20.3487405046209,-0.00011765465322377929,-0.0013187507351881263,0.00438438678283406,5.193361525975472e-05,0.00813940754684076,0.00031355824730059794,0.004749863874167204,0.001191911636851728
natural_residual_qat_w4_c1.0_test,quantized,1,3460,up_blocks.0.resnets.2.conv2.weight,13.187741594626553,-0.00014494737852455776,-0.0015521358649535559,0.007081254483930252,3.36107148125504e-05,0.003936026853521941,0.000647514155815662,0.004749863874167204,0.001191911636851728
natural_residual_qat_w4_c1.0_test,quantized,1,3460,up_blocks.0.upsamplers.0.conv.weight,8.128857461857121,-0.00032461113658848216,-0.0016725964730788527,0.023874964268059663,9.301990171017392e-05,0.005895934559057538,0.0019408577828093918,0.004749863874167204,0.001191911636851728
natural_residual_qat_w4_c1.0_test,quantized,1,3460,up_blocks.1.resnets.0.conv1.weight,18.97725192763036,-0.00022364963122599533,-0.002317234355385066,0.0050858658977102735,4.971526373033871e-05,0.007426158393678395,0.0003527704641403031,0.004749863874167204,0.001191911636851728
natural_residual_qat_w4_c1.0_test,quantized,1,3460,up_blocks.1.resnets.0.conv2.weight,18.843570867735856,-0.0006923816979664045,-0.005990789235911007,0.0061333582604921055,7.437176097997884e-05,0.009026967538797209,0.0004372229788558489,0.004749863874167204,0.001191911636851728
natural_residual_qat_w4_c1.0_test,quantized,1,3460,up_blocks.1.resnets.1.conv1.weight,19.590360037602885,-0.00047724100387798267,-0.004634374472200888,0.005256591272519618,6.684841268165474e-05,0.010790919367083675,0.0003162206553167931,0.004749863874167204,0.001191911636851728
natural_residual_qat_w4_c1.0_test,quantized,1,3460,up_blocks.1.resnets.1.conv2.weight,18.401927614134713,-0.0006748516602341688,-0.005924357364227724,0.006190186799921633,7.827397671465735e-05,0.009573818131615964,0.0004442924237412732,0.004749863874167204,0.001191911636851728
natural_residual_qat_w4_c1.0_test,quantized,1,3460,up_blocks.1.resnets.2.conv1.weight,19.094172377394283,-0.00109501065133625,-0.008987226777983373,0.0063810449532733715,9.230423864503364e-05,0.012902984729005794,0.00037465421438507,0.004749863874167204,0.001191911636851728
natural_residual_qat_w4_c1.0_test,quantized,1,3460,up_blocks.1.resnets.2.conv2.weight,16.956411711870683,-0.0008942131805675645,-0.008460116704001661,0.0062334827222975935,7.64379348081198e-05,0.01018179555258163,0.00044274189500313917,0.004749863874167204,0.001191911636851728
natural_residual_qat_w4_c1.0_test,quantized,1,3460,up_blocks.1.upsamplers.0.conv.weight,8.941289696301002,-0.0013469686002811332,-0.006318950861004904,0.023840333562159782,0.00011963896057917878,0.007512987776584573,0.0017809830360265345,0.004749863874167204,0.001191911636851728
natural_residual_qat_w4_c1.0_test,quantized,1,3460,up_blocks.2.resnets.0.conv1.weight,12.482253722694438,-0.001495077912434188,-0.015705537249323658,0.007626372644192323,7.248707440621959e-05,0.014401445107764333,0.0004032380374622926,0.004749863874167204,0.001191911636851728
natural_residual_qat_w4_c1.0_test,quantized,1,3460,up_blocks.2.resnets.0.conv2.weight,10.361270923592494,-0.0011733886665283482,-0.019481350744819676,0.005813126770371215,5.2199492671609854e-05,0.014207455979120447,0.00035459853201582226,0.004749863874167204,0.001191911636851728
natural_residual_qat_w4_c1.0_test,quantized,1,3460,up_blocks.2.resnets.0.conv_shortcut.weight,0.9187977346219415,-0.0008926589599303602,-0.01519984636969554,0.06391848229582744,4.016182057329257e-05,0.010016284003528173,0.00436402114013359,0.004749863874167204,0.001191911636851728
natural_residual_qat_w4_c1.0_test,quantized,1,3460,up_blocks.2.resnets.1.conv1.weight,8.252839554894136,-0.0011595891335408376,-0.01933166421072447,0.007268277365098528,4.934242597146851e-05,0.017252700111912694,0.00034654530771333693,0.004749863874167204,0.001191911636851728
natural_residual_qat_w4_c1.0_test,quantized,1,3460,up_blocks.2.resnets.1.conv2.weight,11.143594564254325,-0.0013503140958880458,-0.01897371500459437,0.006386414840786867,5.729659372083535e-05,0.013875525458522543,0.0003705561815825502,0.004749863874167204,0.001191911636851728
natural_residual_qat_w4_c1.0_test,quantized,1,3460,up_blocks.2.resnets.2.conv1.weight,8.742514199647175,-0.0013650025747962854,-0.019840495144288973,0.007869454304524378,4.438508744054263e-05,0.01309897559635217,0.00038758182236233287,0.004749863874167204,0.001191911636851728
natural_residual_qat_w4_c1.0_test,quantized,1,3460,up_blocks.2.resnets.2.conv2.weight,10.49251157760429,-0.0009748357810114307,-0.016817530006613526,0.005524459487340907,4.472298027955154e-05,0.01124261955763685,0.0003791261711261065,0.004749863874167204,0.001191911636851728
natural_residual_qat_w4_c1.0_test,quantized,1,3460,up_blocks.2.upsamplers.0.conv.weight,4.914806119541259,-0.0014185632279784225,-0.010246186907908702,0.028169558063338984,6.554291074425732e-05,0.006153915345771927,0.0021670444336625632,0.004749863874167204,0.001191911636851728
natural_residual_qat_w4_c1.0_test,quantized,1,3460,up_blocks.3.resnets.0.conv1.weight,5.879553189441029,-0.0008106468981222705,-0.02142954327932457,0.006433902666432504,2.3745561886861133e-05,0.0129237026232314,0.0003125008268842882,0.004749863874167204,0.001191911636851728
natural_residual_qat_w4_c1.0_test,quantized,1,3460,up_blocks.3.resnets.0.conv2.weight,6.287157926093068,-0.00042411515950149505,-0.020246191864178215,0.0033318548889522525,1.4042811894224967e-05,0.00926509277125534,0.00024107375730237686,0.004749863874167204,0.001191911636851728
natural_residual_qat_w4_c1.0_test,quantized,1,3460,up_blocks.3.resnets.0.conv_shortcut.weight,0.7316879066454338,-0.000732840828852841,-0.02060572855195782,0.04860666292988374,3.050087048065912e-05,0.012706018969788324,0.003280778102755528,0.004749863874167204,0.001191911636851728
natural_residual_qat_w4_c1.0_test,quantized,1,3460,up_blocks.3.resnets.1.conv1.weight,4.1811381468035,-0.00041310815470814926,-0.014924855228116842,0.006620017290561807,1.1791400774440117e-05,0.0065891182206678795,0.00042799981766443153,0.004749863874167204,0.001191911636851728
natural_residual_qat_w4_c1.0_test,quantized,1,3460,up_blocks.3.resnets.1.conv2.weight,6.496054360167957,-0.0005208900109938617,-0.019915696578160242,0.004026251295669292,1.865365757142712e-05,0.01162277610240117,0.0002470611609216483,0.004749863874167204,0.001191911636851728
natural_residual_qat_w4_c1.0_test,quantized,1,3460,up_blocks.3.resnets.2.conv1.weight,4.40417636237988,-0.0005172046791933378,-0.012390101316344026,0.009478134906909502,1.796718780266542e-05,0.00545286537382816,0.0007481533589777802,0.004749863874167204,0.001191911636851728
natural_residual_qat_w4_c1.0_test,quantized,1,3460,up_blocks.3.resnets.2.conv2.weight,6.322814896889391,-0.0002764201770820362,-0.017908524577498197,0.002441178102957899,7.369258092631097e-06,0.006584217828790967,0.00017701460845051236,0.004749863874167204,0.001191911636851728
natural_residual_qat_w4_c1.0_test,quantized,1,3460,mid_block.attentions.0.to_q.weight,4.027281462235296,-1.2182872513244768e-05,-0.0029782501370082385,0.0010157259455100857,1.8199755960026344e-06,0.005655077518051374,7.991255550270908e-05,0.004749863874167204,0.001191911636851728
natural_residual_qat_w4_c1.0_test,quantized,1,3460,mid_block.attentions.0.to_k.weight,4.115814261193637,1.3745363056048342e-05,0.0034334158906173867,0.0009726890679442198,4.069975142668232e-07,0.001315308559911906,7.518104234053272e-05,0.004749863874167204,0.001191911636851728
natural_residual_qat_w4_c1.0_test,quantized,1,3460,mid_block.attentions.0.to_v.weight,2.7485594155722475,-4.0401326563161476e-05,-0.0024253398878074425,0.006060631606361903,5.5332703493578e-06,0.0045072470964268,0.000446647999030107,0.004749863874167204,0.001191911636851728
natural_residual_qat_w4_c1.0_test,quantized,1,3460,mid_block.attentions.0.to_out.0.weight,2.582984731338441,2.8567609128458468e-05,0.00139587593288604,0.007923284251327127,1.9296995475330587e-06,0.0008624966792336348,0.0008661845328469389,0.004749863874167204,0.001191911636851728
natural_residual_qat_w4_c1.0_test,quantized,1,3460,mid_block.resnets.0.conv1.weight,19.063642837897948,-6.719071275749393e-05,-0.0006659114484206521,0.005292816944640701,3.067549886966434e-05,0.004513735574723524,0.00035649186839445385,0.004749863874167204,0.001191911636851728
natural_residual_qat_w4_c1.0_test,quantized,1,3460,mid_block.resnets.0.conv2.weight,12.662314220123081,-0.00012633907196734224,-0.001184043008757786,0.008426691952946302,3.123626128350026e-05,0.003152271655343078,0.0007825684294802106,0.004749863874167204,0.001191911636851728
natural_residual_qat_w4_c1.0_test,quantized,1,3460,mid_block.resnets.1.conv1.weight,18.269515264674705,0.00013166467983032374,0.0021747503096337015,0.003313850115021171,2.3067706287037557e-05,0.0051999541074933585,0.0002428163226920725,0.004749863874167204,0.001191911636851728
natural_residual_qat_w4_c1.0_test,quantized,1,3460,mid_block.resnets.1.conv2.weight,12.9526231519973,4.1957582458981266e-05,0.000535813692430789,0.006045593175861564,2.6042854782898596e-05,0.003499589033388122,0.0005745314567482361,0.004749863874167204,0.001191911636851728
natural_residual_qat_w4_c1.0_test,quantized,1,3460,conv_out.weight,0.1422696120149418,-0.00035941839406662234,-0.03030736857071044,0.08335658650193623,2.507062831326084e-05,0.01959055525526934,0.00899510683307733,0.004749863874167204,0.001191911636851728
natural_residual_qat_w4_c1.0_test,quantized,2,3461,conv_in.weight,1.466370620301321,3.892993468466468e-05,0.002427288425253385,0.010937511923705328,6.136276102743757e-05,0.01975852912443799,0.0021179052670311695,0.004376858938485384,0.0020172586664557457
natural_residual_qat_w4_c1.0_test,quantized,2,3461,up_blocks.0.resnets.0.conv1.weight,19.286962431928785,-0.00012843819410926678,-0.001991626190311544,0.003343663214771965,2.157014350591654e-05,0.0027895523562644613,0.00040091719480403806,0.004376858938485384,0.0020172586664557457
natural_residual_qat_w4_c1.0_test,quantized,2,3461,up_blocks.0.resnets.0.conv2.weight,14.16434270661396,-3.432828020889854e-05,-0.0004921005050123214,0.0049249498195737965,2.8495270244396113e-05,0.002732515113154659,0.0007362304599433553,0.004376858938485384,0.0020172586664557457
natural_residual_qat_w4_c1.0_test,quantized,2,3461,up_blocks.0.resnets.1.conv1.weight,19.52948799652366,-7.288314820028207e-05,-0.001005280853002441,0.0037123494925336447,3.2180615326271585e-05,0.003994318269553742,0.0004125350181783041,0.004376858938485384,0.0020172586664557457
natural_residual_qat_w4_c1.0_test,quantized,2,3461,up_blocks.0.resnets.1.conv2.weight,13.265049262703974,-4.258712998187669e-05,-0.0005917070892626042,0.0054257869097936425,3.123695125042847e-05,0.002694201990805993,0.0008740366019608458,0.004376858938485384,0.0020172586664557457
natural_residual_qat_w4_c1.0_test,quantized,2,3461,up_blocks.0.resnets.2.conv1.weight,20.3487405046209,-0.00013546274052637935,-0.001679434046580345,0.003963869707210929,5.015307685019025e-05,0.005570360869162853,0.0004424627527388208,0.004376858938485384,0.0020172586664557457
natural_residual_qat_w4_c1.0_test,quantized,2,3461,up_blocks.0.resnets.2.conv2.weight,13.187741594626553,-0.00013474178500568422,-0.0018460120656334093,0.005534741376897045,2.4852124687950962e-05,0.0021215579842698345,0.0008882560804746841,0.004376858938485384,0.0020172586664557457
natural_residual_qat_w4_c1.0_test,quantized,2,3461,up_blocks.0.upsamplers.0.conv.weight,8.128857461857121,-0.00032491437711709107,-0.0019530362608507783,0.020465818290916062,0.00011334489642840032,0.0044888477116841515,0.003106258466555943,0.004376858938485384,0.0020172586664557457
natural_residual_qat_w4_c1.0_test,quantized,2,3461,up_blocks.1.resnets.0.conv1.weight,18.97725192763036,-0.00018265901528462608,-0.001907289869376405,0.005046509405618038,0.00011056372511657935,0.01129498532294582,0.0005158146451941545,0.004376858938485384,0.0020172586664557457
natural_residual_qat_w4_c1.0_test,quantized,2,3461,up_blocks.1.resnets.0.conv2.weight,18.843570867735856,-0.0005874230862634741,-0.005309448528519885,0.00587135568231719,0.00011080944918859894,0.00927195623130251,0.0006342233363545376,0.004376858938485384,0.0020172586664557457
natural_residual_qat_w4_c1.0_test,quantized,2,3461,up_blocks.1.resnets.1.conv1.weight,19.590360037602885,-0.0003651792813576929,-0.003385507415916948,0.005506047358459234,0.00010707023801870051,0.011425759884137528,0.0004783450205938397,0.004376858938485384,0.0020172586664557457
natural_residual_qat_w4_c1.0_test,quantized,2,3461,up_blocks.1.resnets.1.conv2.weight,18.401927614134713,-0.0005510773077335737,-0.0049682438550290135,0.006027626116580914,0.00014877038222318843,0.012244111949810026,0.0006602765433412951,0.004376858938485384,0.0020172586664557457
natural_residual_qat_w4_c1.0_test,quantized,2,3461,up_blocks.1.resnets.2.conv1.weight,19.094172377394283,-0.0007510453174654779,-0.005840320186704054,0.006734861150773943,0.00014232095081550902,0.013925825997561852,0.000535238115792989,0.004376858938485384,0.0020172586664557457
natural_residual_qat_w4_c1.0_test,quantized,2,3461,up_blocks.1.resnets.2.conv2.weight,16.956411711870683,-0.0008007860904509288,-0.007931087724949088,0.005954561900988359,0.0001479727505133077,0.013457612279222231,0.0006484549080131614,0.004376858938485384,0.0020172586664557457
natural_residual_qat_w4_c1.0_test,quantized,2,3461,up_blocks.1.upsamplers.0.conv.weight,8.941289696301002,-0.0011927792103086754,-0.006276698992236492,0.021253408654198558,0.00019223827600293224,0.007676604186849943,0.0028007255178321352,0.004376858938485384,0.0020172586664557457
natural_residual_qat_w4_c1.0_test,quantized,2,3461,up_blocks.2.resnets.0.conv1.weight,12.482253722694438,-0.001232773785204523,-0.012315015046896405,0.008019650421175908,0.0001246032805264347,0.01585870358669123,0.0006294609437429095,0.004376858938485384,0.0020172586664557457
natural_residual_qat_w4_c1.0_test,quantized,2,3461,up_blocks.2.resnets.0.conv2.weight,10.361270923592494,-0.0012165416227840438,-0.020095119313279,0.00584283138856378,8.831159919557013e-05,0.01607253422758883,0.0005302984531724547,0.004376858938485384,0.0020172586664557457
natural_residual_qat_w4_c1.0_test,quantized,2,3461,up_blocks.2.resnets.0.conv_shortcut.weight,0.9187977346219415,-0.0008045652848939291,-0.015275645947532683,0.05732469994716958,6.328451860732219e-05,0.010531540462546167,0.006540119209409317,0.004376858938485384,0.0020172586664557457
natural_residual_qat_w4_c1.0_test,quantized,2,3461,up_blocks.2.resnets.1.conv1.weight,8.252839554894136,-0.0012831403381076798,-0.017483359129249434,0.008892950552985484,8.806468359726338e-05,0.019446336062824646,0.0005487323828027743,0.004376858938485384,0.0020172586664557457
natural_residual_qat_w4_c1.0_test,quantized,2,3461,up_blocks.2.resnets.1.conv2.weight,11.143594564254325,-0.001360548994836374,-0.017293995189588428,0.007059818714049935,8.212805055840306e-05,0.01274997225177598,0.000578038774796991,0.004376858938485384,0.0020172586664557457
natural_residual_qat_w4_c1.0_test,quantized,2,3461,up_blocks.2.resnets.2.conv1.weight,8.742514199647175,-0.0013782735427277748,-0.01661619364485635,0.009487843846725704,5.645018824885298e-05,0.011932697186598425,0.0005411160658317576,0.004376858938485384,0.0020172586664557457
natural_residual_qat_w4_c1.0_test,quantized,2,3461,up_blocks.2.resnets.2.conv2.weight,10.49251157760429,-0.0008647937934813524,-0.015197884041275086,0.005423129565812044,4.7979401250473585e-05,0.008262453861858258,0.0005534346157278975,0.004376858938485384,0.0020172586664557457
natural_residual_qat_w4_c1.0_test,quantized,2,3461,up_blocks.2.upsamplers.0.conv.weight,4.914806119541259,-0.001154455727075498,-0.011221876281705134,0.02093174405823737,4.774650922167343e-05,0.0026986155161520028,0.003599931376190763,0.004376858938485384,0.0020172586664557457
natural_residual_qat_w4_c1.0_test,quantized,2,3461,up_blocks.3.resnets.0.conv1.weight,5.879553189441029,-0.0008565623874645894,-0.021363977257123388,0.006819186521365266,2.0051518880047932e-05,0.005360067900630963,0.0006362571277915099,0.004376858938485384,0.0020172586664557457
natural_residual_qat_w4_c1.0_test,quantized,2,3461,up_blocks.3.resnets.0.conv2.weight,6.287157926093068,-0.00042098891432701917,-0.019668261520422285,0.0034044763077193283,1.3869152666262445e-05,0.005430839191945529,0.00040618942809451567,0.004376858938485384,0.0020172586664557457
natural_residual_qat_w4_c1.0_test,quantized,2,3461,up_blocks.3.resnets.0.conv_shortcut.weight,0.7316879066454338,-0.0005686095063903232,-0.01821931686361989,0.04265364501173888,6.0416251415096626e-05,0.0137743516557167,0.00599455200569594,0.004376858938485384,0.0020172586664557457
natural_residual_qat_w4_c1.0_test,quantized,2,3461,up_blocks.3.resnets.1.conv1.weight,4.1811381468035,-0.00043679261135467243,-0.016880085285805906,0.00618879546375933,9.27352113274169e-06,0.003504852147748429,0.0006328203650643975,0.004376858938485384,0.0020172586664557457
natural_residual_qat_w4_c1.0_test,quantized,2,3461,up_blocks.3.resnets.1.conv2.weight,6.496054360167957,-0.00047062752940470507,-0.020183762261851108,0.003589430551991582,6.66930041686393e-06,0.001867691952274258,0.0005496995514481405,0.004376858938485384,0.0020172586664557457
natural_residual_qat_w4_c1.0_test,quantized,2,3461,up_blocks.3.resnets.2.conv1.weight,4.40417636237988,-0.00033774299282086304,-0.011787581774616172,0.006505743360151449,9.961874308228438e-06,0.0019041542392697968,0.0011878845455400603,0.004376858938485384,0.0020172586664557457
natural_residual_qat_w4_c1.0_test,quantized,2,3461,up_blocks.3.resnets.2.conv2.weight,6.322814896889391,-0.0002448174616970352,-0.022025577639485313,0.0017579422984647204,1.6581681924282022e-05,0.008737784969869272,0.0003001350802517254,0.004376858938485384,0.0020172586664557457
natural_residual_qat_w4_c1.0_test,quantized,2,3461,mid_block.attentions.0.to_q.weight,4.027281462235296,3.943029550724895e-06,0.0009372676428881987,0.001044610590798642,4.386526674776824e-06,0.005759650851589236,0.00018910918990900648,0.004376858938485384,0.0020172586664557457
natural_residual_qat_w4_c1.0_test,quantized,2,3461,mid_block.attentions.0.to_k.weight,4.115814261193637,3.746378324528246e-06,0.0008430584490630576,0.0010796877630751202,9.07393144484486e-07,0.0015824228549939047,0.00013932119128132759,0.004376858938485384,0.0020172586664557457
natural_residual_qat_w4_c1.0_test,quantized,2,3461,mid_block.attentions.0.to_v.weight,2.7485594155722475,2.5265313166760837e-05,0.00155883902708803,0.005896825631815448,9.426954772317886e-06,0.0035631018569955864,0.0009625827096083179,0.004376858938485384,0.0020172586664557457
natural_residual_qat_w4_c1.0_test,quantized,2,3461,mid_block.attentions.0.to_out.0.weight,2.582984731338441,-1.0256089812390999e-05,-0.0005937801521667971,0.0066870458299705645,3.6020546117893386e-06,0.000931850316568168,0.0014965192132351914,0.004376858938485384,0.0020172586664557457
natural_residual_qat_w4_c1.0_test,quantized,2,3461,mid_block.resnets.0.conv1.weight,19.063642837897948,-0.00021640951140198007,-0.0025438953408889087,0.004462427895544851,4.5521585476479947e-05,0.0044080853830981565,0.0005417033094936121,0.004376858938485384,0.0020172586664557457
natural_residual_qat_w4_c1.0_test,quantized,2,3461,mid_block.resnets.0.conv2.weight,12.662314220123081,-9.887691829557526e-05,-0.0010857139206631617,0.007192277401764711,3.4440148983797876e-05,0.002104549794041206,0.0012923874417746265,0.004376858938485384,0.0020172586664557457
natural_residual_qat_w4_c1.0_test,quantized,2,3461,mid_block.resnets.1.conv1.weight,18.269515264674705,-2.635217172397875e-05,-0.0004938375229719208,0.00292082341639751,4.107393667139407e-05,0.005336506497057689,0.00042129107821418986,0.004376858938485384,0.0020172586664557457
natural_residual_qat_w4_c1.0_test,quantized,2,3461,mid_block.resnets.1.conv2.weight,12.9526231519973,2.9009038552112647e-05,0.0004940056501636951,0.004533605106704895,2.1301429882253958e-05,0.0020505388543221675,0.000802015984172112,0.004376858938485384,0.0020172586664557457
natural_residual_qat_w4_c1.0_test,quantized,2,3461,conv_out.weight,0.1422696120149418,-0.000429333112893372,-0.03832463799816807,0.07874158940861876,-7.913221856896366e-06,-0.004817294422955041,0.011546171512636361,0.004376858938485384,0.0020172586664557457
natural_residual_qat_w4_c1.0_test,quantized,3,3462,conv_in.weight,1.466370620301321,3.130001329350652e-06,0.0063477271033776485,0.0003362656638614252,2.0316653439507405e-05,0.017234346682947356,0.0008039214137167835,4.663054278353229e-05,0.00023058091755956411
natural_residual_qat_w4_c1.0_test,quantized,3,3462,up_blocks.0.resnets.0.conv1.weight,19.286962431928785,-3.1298705230606562e-06,-0.002018814058624073,8.038337136304381e-05,1.745959218899815e-06,0.0009523827830840424,9.505144536703402e-05,4.663054278353229e-05,0.00023058091755956411
natural_residual_qat_w4_c1.0_test,quantized,3,3462,up_blocks.0.resnets.0.conv2.weight,14.16434270661396,1.1324149970976365e-06,0.0005151171965897816,0.00015520408142381153,4.853670902317999e-06,0.0007144363772517462,0.0004796344186277818,4.663054278353229e-05,0.00023058091755956411
natural_residual_qat_w4_c1.0_test,quantized,3,3462,up_blocks.0.resnets.1.conv1.weight,19.52948799652366,-1.534696257659233e-06,-0.0010482849775597539,7.496390719609485e-05,3.426887386539116e-06,0.002055757058577849,8.535661528338085e-05,4.663054278353229e-05,0.00023058091755956411
natural_residual_qat_w4_c1.0_test,quantized,3,3462,up_blocks.0.resnets.1.conv2.weight,13.265049262703974,-1.385872353612823e-06,-0.0006058537376897242,0.000172443398195189,4.2319190536546324e-06,0.000578762757209852,0.0005512237331205655,4.663054278353229e-05,0.00023058091755956411
natural_residual_qat_w4_c1.0_test,quantized,3,3462,up_blocks.0.resnets.2.conv1.weight,20.3487405046209,-5.451356755078056e-06,-0.0030093618163086148,8.902104025320222e-05,4.22586446126593e-06,0.0021542469074053304,9.640122482721574e-05,4.663054278353229e-05,0.00023058091755956411
natural_residual_qat_w4_c1.0_test,quantized,3,3462,up_blocks.0.resnets.2.conv2.weight,13.187741594626553,-2.475966223202449e-06,-0.0010297146204130741,0.00018232969599231191,-1.3892609893756348e-07,-1.7342258834881975e-05,0.0006074461001271029,4.663054278353229e-05,0.00023058091755956411
natural_residual_qat_w4_c1.0_test,quantized,3,3462,up_blocks.0.upsamplers.0.conv.weight,8.128857461857121,-9.681081282033354e-06,-0.0022311687055947185,0.0005337795709305502,3.271949338389915e-05,0.0024694275955665906,0.0016299743313435222,4.663054278353229e-05,0.00023058091755956411
natural_residual_qat_w4_c1.0_test,quantized,3,3462,up_blocks.1.resnets.0.conv1.weight,18.97725192763036,-2.742024595886871e-06,-0.0013936435172288155,0.00010367793155441244,6.67621488454491e-06,0.003690467772232894,9.532692116845944e-05,4.663054278353229e-05,0.00023058091755956411
natural_residual_qat_w4_c1.0_test,quantized,3,3462,up_blocks.1.resnets.0.conv2.weight,18.843570867735856,-1.3843135789895885e-06,-0.0005710147013531897,0.00012865420454203388,5.769942219559436e-06,0.001000187734636653,0.0003061446922860148,4.663054278353229e-05,0.00023058091755956411
natural_residual_qat_w4_c1.0_test,quantized,3,3462,up_blocks.1.resnets.1.conv1.weight,19.590360037602885,-3.7457581298002986e-06,-0.0018994105603380646,0.00010066499234740574,5.095582289634136e-06,0.0032153107702034413,8.089626052560504e-05,4.663054278353229e-05,0.00023058091755956411
natural_residual_qat_w4_c1.0_test,quantized,3,3462,up_blocks.1.resnets.1.conv2.weight,18.401927614134713,-1.0820938863956146e-06,-0.0004344227016669573,0.00013535961586026983,1.0059586541895736e-05,0.0015310144564432745,0.0003570569752963016,4.663054278353229e-05,0.00023058091755956411
natural_residual_qat_w4_c1.0_test,quantized,3,3462,up_blocks.1.resnets.2.conv1.weight,19.094172377394283,-2.962801369543909e-06,-0.001294506413404269,0.00011986640805998876,1.2527443538084275e-05,0.006973042818837146,9.408909321383724e-05,4.663054278353229e-05,0.00023058091755956411
natural_residual_qat_w4_c1.0_test,quantized,3,3462,up_blocks.1.resnets.2.conv2.weight,16.956411711870683,-1.2422524894425034e-06,-0.000574917952958985,0.0001274295214656556,1.3403098777663487e-05,0.001958849371375575,0.0004035247933088126,4.663054278353229e-05,0.00023058091755956411
natural_residual_qat_w4_c1.0_test,quantized,3,3462,up_blocks.1.upsamplers.0.conv.weight,8.941289696301002,-1.1907485762118238e-05,-0.0027917022277067103,0.00047703562308054354,1.963019959621022e-05,0.0013349339636879126,0.0016446169678542822,4.663054278353229e-05,0.00023058091755956411
natural_residual_qat_w4_c1.0_test,quantized,3,3462,up_blocks.2.resnets.0.conv1.weight,12.482253722694438,-1.2744021651533417e-05,-0.007408201338538511,0.00013781634171637852,9.40103981315033e-06,0.005127264021202835,0.00014689168221059746,4.663054278353229e-05,0.00023058091755956411
natural_residual_qat_w4_c1.0_test,quantized,3,3462,up_blocks.2.resnets.0.conv2.weight,10.361270923592494,-1.2791983880793054e-05,-0.01105083648319599,0.00011171968976184568,1.7961505831724566e-06,0.0005132255139073393,0.00033777031254490807,4.663054278353229e-05,0.00023058091755956411
natural_residual_qat_w4_c1.0_test,quantized,3,3462,up_blocks.2.resnets.0.conv_shortcut.weight,0.9187977346219415,-1.0916696997385543e-05,-0.010947234154985818,0.0010853428086672037,1.71578770169123e-05,0.0046135099178879,0.004047735971430884,4.663054278353229e-05,0.00023058091755956411
natural_residual_qat_w4_c1.0_test,quantized,3,3462,up_blocks.2.resnets.1.conv1.weight,8.252839554894136,-1.4949675635358375e-05,-0.014274755766365967,0.00012689943293881883,6.842900638484723e-06,0.0071074750808502035,0.00011665986948697762,4.663054278353229e-05,0.00023058091755956411
natural_residual_qat_w4_c1.0_test,quantized,3,3462,up_blocks.2.resnets.1.conv2.weight,11.143594564254325,-1.4985902754549855e-05,-0.011284638995985126,0.0001191708225607116,4.697773535749779e-06,0.0012442488364438136,0.0003388125829221806,4.663054278353229e-05,0.00023058091755956411
natural_residual_qat_w4_c1.0_test,quantized,3,3462,up_blocks.2.resnets.2.conv1.weight,8.742514199647175,-1.8112336468537072e-05,-0.016190231655645555,0.00012796319296695175,7.683075341360589e-06,0.005779222593094718,0.00015206502002820436,4.663054278353229e-05,0.00023058091755956411
natural_residual_qat_w4_c1.0_test,quantized,3,3462,up_blocks.2.resnets.2.conv2.weight,10.49251157760429,-8.381402039661772e-06,-0.008295758090420217,9.628998899465841e-05,2.0948803838808903e-06,0.000565640113894374,0.00035297144428069084,4.663054278353229e-05,0.00023058091755956411
natural_residual_qat_w4_c1.0_test,quantized,3,3462,up_blocks.2.upsamplers.0.conv.weight,4.914806119541259,-9.186895199488978e-06,-0.003791939315417903,0.0004929478687963321,-1.6243429282566695e-05,-0.0016757095735141364,0.001972298211217351,4.663054278353229e-05,0.00023058091755956411
natural_residual_qat_w4_c1.0_test,quantized,3,3462,up_blocks.3.resnets.0.conv1.weight,5.879553189441029,-6.457668094686735e-06,-0.009508801063376905,0.000115506289989245,2.179510030049329e-06,0.0025211067751318254,0.00014703587450327703,4.663054278353229e-05,0.00023058091755956411
natural_residual_qat_w4_c1.0_test,quantized,3,3462,up_blocks.3.resnets.0.conv2.weight,6.287157926093068,-2.84299939455243e-06,-0.00662967375908553,6.820720291925711e-05,4.480136813048917e-06,0.005063944357515995,0.0001407174582902067,4.663054278353229e-05,0.00023058091755956411
natural_residual_qat_w4_c1.0_test,quantized,3,3462,up_blocks.3.resnets.0.conv_shortcut.weight,0.7316879066454338,-7.656970626802273e-06,-0.011200662823875914,0.0009343022188799138,7.4331714224191205e-06,0.0040108235835115665,0.002532880564596725,4.663054278353229e-05,0.00023058091755956411
natural_residual_qat_w4_c1.0_test,quantized,3,3462,up_blocks.3.resnets.1.conv1.weight,4.1811381468035,-6.194552315140791e-06,-0.009663483810844578,0.00015331395407904743,8.452273003538592e-07,0.0009087680467964099,0.0002224466914021259,4.663054278353229e-05,0.00023058091755956411
natural_residual_qat_w4_c1.0_test,quantized,3,3462,up_blocks.3.resnets.1.conv2.weight,6.496054360167957,-4.2412522839080195e-06,-0.0077653153129478136,8.407857857468894e-05,2.0645056033729473e-06,0.0019358122369252221,0.00016417354824495563,4.663054278353229e-05,0.00023058091755956411
natural_residual_qat_w4_c1.0_test,quantized,3,3462,up_blocks.3.resnets.2.conv1.weight,4.40417636237988,-3.5047194004945035e-06,-0.004046046358139359,0.00019667886640608887,-1.3100342185525124e-06,-0.0009817849305570436,0.0003029713598640794,4.663054278353229e-05,0.00023058091755956411
natural_residual_qat_w4_c1.0_test,quantized,3,3462,up_blocks.3.resnets.2.conv2.weight,6.322814896889391,-2.2637979013831928e-06,-0.008128928992596913,4.404472017737295e-05,-2.94827750331323e-06,-0.0033632589899934163,0.0001386428824588834,4.663054278353229e-05,0.00023058091755956411
natural_residual_qat_w4_c1.0_test,quantized,3,3462,mid_block.attentions.0.to_q.weight,4.027281462235296,2.5135375792197843e-07,0.0025813044334288826,2.4178768231429315e-05,1.8338330947185842e-07,0.0019100925364122997,2.383929541591233e-05,4.663054278353229e-05,0.00023058091755956411
natural_residual_qat_w4_c1.0_test,quantized,3,3462,mid_block.attentions.0.to_k.weight,4.115814261193637,1.800695615302721e-07,0.0027281093035832074,1.6036986838022615e-05,4.191417051054191e-08,0.0006109563765072298,1.6668438088544137e-05,4.663054278353229e-05,0.00023058091755956411
natural_residual_qat_w4_c1.0_test,quantized,3,3462,mid_block.attentions.0.to_v.weight,2.7485594155722475,-1.025749854038213e-06,-0.002433052009165978,0.0001533857244045591,1.5798219466909818e-06,0.0022401679736505247,0.00025657978038061175,4.663054278353229e-05,0.00023058091755956411
natural_residual_qat_w4_c1.0_test,quantized,3,3462,mid_block.attentions.0.to_out.0.weight,2.582984731338441,-2.2897575068811755e-06,-0.0047297226206335745,0.0001874269252890782,4.2290117877676585e-06,0.0023100213380056315,0.000708763044795001,4.663054278353229e-05,0.00023058091755956411
natural_residual_qat_w4_c1.0_test,quantized,3,3462,mid_block.resnets.0.conv1.weight,19.063642837897948,-3.2619734140421134e-06,-0.0015709349354409762,0.00010892218038420761,1.7894452137602226e-06,0.0007291194760625598,0.0001287400917988999,4.663054278353229e-05,0.00023058091755956411
natural_residual_qat_w4_c1.0_test,quantized,3,3462,mid_block.resnets.0.conv2.weight,12.662314220123081,-1.3719976716504225e-06,-0.0004929420101427518,0.00021980848659826038,5.714847475020866e-06,0.0006965254267398668,0.0006479695273235046,4.663054278353229e-05,0.00023058091755956411
natural_residual_qat_w4_c1.0_test,quantized,3,3462,mid_block.resnets.1.conv1.weight,18.269515264674705,1.0210530277128327e-06,0.0006739285430610475,8.292918977797269e-05,5.909943448781864e-07,0.00031422160312263614,0.00010294855628488524,4.663054278353229e-05,0.00023058091755956411
natural_residual_qat_w4_c1.0_test,quantized,3,3462,mid_block.resnets.1.conv2.weight,12.9526231519973,-2.3443199139356456e-06,-0.001203571062043756,0.00015037907504646258,4.872580287321756e-06,0.0007972995016442299,0.0004718237315763264,4.663054278353229e-05,0.00023058091755956411
natural_residual_qat_w4_c1.0_test,quantized,3,3462,conv_out.weight,0.1422696120149418,-5.169606531414897e-07,-0.0022533785136956918,0.0016125425876825214,7.563105136018273e-06,0.00977575544304761,0.0054379807021841696,4.663054278353229e-05,0.00023058091755956411
natural_full_finetune_fp32_test,fp32,0,3459,conv_in.weight,0.48198976153301,-3.419491778644812e-05,-0.06575725637881455,0.0010788972006478261,0.0001146823686433044,0.14258721854292106,0.0016686999155064693,0.000288109527900815,0.002500208793208003
natural_full_finetune_fp32_test,fp32,0,3459,conv_in.bias,0.05993026829428392,2.8188166960807294e-07,0.04759273679975888,9.88279834481039e-05,-7.728853539068408e-06,-0.45598052220152485,0.0002828281052033293,0.000288109527900815,0.002500208793208003
natural_full_finetune_fp32_test,fp32,0,3459,up_blocks.0.resnets.0.norm1.weight,0.1231950067601581,-6.970069674791094e-07,-0.11947190837319835,4.7356349035405184e-05,-2.6667604761609954e-07,-0.02923142264800669,7.405270922206694e-05,0.000288109527900815,0.002500208793208003
natural_full_finetune_fp32_test,fp32,0,3459,up_blocks.0.resnets.0.norm1.bias,0.08158493245719015,-6.149678427284188e-07,-0.15877967996572362,4.7473092782639235e-05,2.1790092053407493e-08,0.0033181853513982594,8.049121163642972e-05,0.000288109527900815,0.002500208793208003
natural_full_finetune_fp32_test,fp32,0,3459,up_blocks.0.resnets.0.conv1.weight,7.717062840790411,-2.9837436524492924e-06,-0.001004500567042723,0.0003849100805116985,3.2631363723521143e-05,0.008735635390383535,0.0004840482878258169,0.000288109527900815,0.002500208793208003
natural_full_finetune_fp32_test,fp32,0,3459,up_blocks.0.resnets.0.conv1.bias,0.042161752992925974,-2.821980793597601e-08,-0.03980089849293797,1.6816767418405535e-05,-1.110254146712341e-07,-0.10103205393649027,2.606420976737673e-05,0.000288109527900815,0.002500208793208003
natural_full_finetune_fp32_test,fp32,0,3459,up_blocks.0.resnets.0.norm2.weight,0.20046835522155956,-1.5186403055386462e-07,-0.017142353916241967,4.4191489278411756e-05,-1.4555215611266334e-07,-0.010976212837048619,6.614854505725815e-05,0.000288109527900815,0.002500208793208003
natural_full_finetune_fp32_test,fp32,0,3459,up_blocks.0.resnets.0.norm2.bias,0.055142997909171966,1.3359210555495707e-07,0.020317901209123534,0.00011923714731071748,1.1595954877034322e-06,0.11581671608158108,0.00018157033582609592,0.000288109527900815,0.002500208793208003
natural_full_finetune_fp32_test,fp32,0,3459,up_blocks.0.resnets.0.conv2.weight,8.251081935219325,-6.881680832503e-06,-0.001610605149167908,0.0005178387473813721,8.345077198845756e-05,0.01208017304094474,0.0008372329335749508,0.000288109527900815,0.002500208793208003
natural_full_finetune_fp32_test,fp32,0,3459,up_blocks.0.resnets.0.conv2.bias,0.03718127277935157,-1.9370679075110039e-07,-0.06976092149168658,7.46807008460667e-05,-1.5441302415013993e-08,-0.0019760832454212085,0.0002101621198208872,0.000288109527900815,0.002500208793208003
natural_full_finetune_fp32_test,fp32,0,3459,up_blocks.0.resnets.1.norm1.weight,0.11832450922740292,6.929115573872566e-07,0.09402463590469702,6.228183978471968e-05,-8.640481455209079e-07,-0.06864229213806235,0.0001063828089523184,0.000288109527900815,0.002500208793208003
natural_full_finetune_fp32_test,fp32,0,3459,up_blocks.0.resnets.1.norm1.bias,0.05993940584336388,2.8556168510594857e-07,0.06440178035011324,7.397579295245089e-05,-3.7338770770196074e-07,-0.0533117169171853,0.00011684897671671706,0.000288109527900815,0.002500208793208003
natural_full_finetune_fp32_test,fp32,0,3459,up_blocks.0.resnets.1.conv1.weight,7.864165002639292,-1.566422735507795e-05,-0.004897273414202538,0.00040672606926335834,5.9565783997355856e-05,0.014731170662138034,0.000514170296917388,0.000288109527900815,0.002500208793208003
natural_full_finetune_fp32_test,fp32,0,3459,up_blocks.0.resnets.1.conv1.bias,0.043027480688013764,-1.2806247267835012e-08,-0.01297444260858533,2.2939674721214577e-05,-1.319834889679668e-07,-0.08630814120683411,3.554036820885759e-05,0.000288109527900815,0.002500208793208003
natural_full_finetune_fp32_test,fp32,0,3459,up_blocks.0.resnets.1.norm2.weight,0.19567949522537043,-7.9651918638653e-07,-0.062411421062886226,6.522090951398968e-05,6.722725887585748e-08,0.003667983791143695,9.366399475941643e-05,0.000288109527900815,0.002500208793208003
natural_full_finetune_fp32_test,fp32,0,3459,up_blocks.0.resnets.1.norm2.bias,0.05693917839998559,-4.853596975695764e-07,-0.06400715696561561,0.00013317539013547956,-1.6752287957876583e-06,-0.15182800006750483,0.00019378094163936013,0.000288109527900815,0.002500208793208003
natural_full_finetune_fp32_test,fp32,0,3459,up_blocks.0.resnets.1.conv2.weight,8.11124769032121,-2.5399460321636067e-06,-0.0005514595971963899,0.0005678362660789402,8.053990877901292e-05,0.01011501769462953,0.000981650343848552,0.000288109527900815,0.002500208793208003
natural_full_finetune_fp32_test,fp32,0,3459,up_blocks.0.resnets.1.conv2.bias,0.03902283960140366,-1.332758865432524e-07,-0.05573126659938532,6.128212240539731e-05,8.04705232569676e-08,0.01047210594275412,0.000196917325824521,0.000288109527900815,0.002500208793208003
natural_full_finetune_fp32_test,fp32,0,3459,up_blocks.0.resnets.2.norm1.weight,0.13845986476911515,3.5209032287144605e-07,0.0423323687808436,6.00699976255164e-05,-1.2391707146339324e-06,-0.0816964895148399,0.00010954784602359146,0.000288109527900815,0.002500208793208003
natural_full_finetune_fp32_test,fp32,0,3459,up_blocks.0.resnets.2.norm1.bias,0.07190528289094782,5.471170789369132e-07,0.11942604316424064,6.371188131770648e-05,-1.5310694211187504e-06,-0.1719437392980552,0.00012383622834311733,0.000288109527900815,0.002500208793208003
natural_full_finetune_fp32_test,fp32,0,3459,up_blocks.0.resnets.2.conv1.weight,8.378988009351785,-4.420665435530898e-06,-0.0012008014556414033,0.00043936440857284085,4.188540760886319e-05,0.008720430171318553,0.0005732357512170147,0.000288109527900815,0.002500208793208003
natural_full_finetune_fp32_test,fp32,0,3459,up_blocks.0.resnets.2.conv1.bias,0.09178063325956466,-3.2531852787426374e-08,-0.01881270108150655,1.8841114703416874e-05,-1.4641354181137914e-07,-0.04817223695934849,3.31156575344947e-05,0.000288109527900815,0.002500208793208003
natural_full_finetune_fp32_test,fp32,0,3459,up_blocks.0.resnets.2.norm2.weight,0.1625101556532037,-1.5849514022705052e-06,-0.13052227110508846,7.472240166786183e-05,2.0713548092773733e-06,0.10196022387486624,0.00012500955533047462,0.000288109527900815,0.002500208793208003
natural_full_finetune_fp32_test,fp32,0,3459,up_blocks.0.resnets.2.norm2.bias,0.069952625797527,-4.7842034612059394e-08,-0.0051025878082583045,0.00013403404759411352,1.2822356612936696e-07,0.008486829507928317,0.00021598239483153973,0.000288109527900815,0.002500208793208003
natural_full_finetune_fp32_test,fp32,0,3459,up_blocks.0.resnets.2.conv2.weight,7.561135440835963,1.5857467935617816e-05,0.0034358825073746444,0.0006103915600936615,8.888193974383745e-05,0.012226080265606827,0.0009614778060522568,0.000288109527900815,0.002500208793208003
natural_full_finetune_fp32_test,fp32,0,3459,up_blocks.0.resnets.2.conv2.bias,0.042278094939367517,3.589616649571596e-08,0.01422379512116688,5.96921433291762e-05,1.4173534040166152e-07,0.01728380645652627,0.00019396498936836463,0.000288109527900815,0.002500208793208003
natural_full_finetune_fp32_test,fp32,0,3459,up_blocks.0.upsamplers.0.conv.weight,8.371644070331701,-8.317835159207908e-05,-0.0049834184812107525,0.001993756863035768,0.00028064164845453116,0.012801003399279066,0.0026187699826623087,0.000288109527900815,0.002500208793208003
natural_full_finetune_fp32_test,fp32,0,3459,up_blocks.0.upsamplers.0.conv.bias,0.045199826805294156,3.2345568785018964e-08,0.025637434127459526,2.7912803885012813e-05,-9.766518594134908e-08,-0.04578934456373126,4.718876197585661e-05,0.000288109527900815,0.002500208793208003
natural_full_finetune_fp32_test,fp32,0,3459,up_blocks.1.resnets.0.norm1.weight,0.13520485618415579,1.1489052958603658e-07,0.012882451365722416,6.596194137464259e-05,-6.348040947613768e-07,-0.04748438313447346,9.887730674598474e-05,0.000288109527900815,0.002500208793208003
natural_full_finetune_fp32_test,fp32,0,3459,up_blocks.1.resnets.0.norm1.bias,0.10092126084151706,-3.449652073761586e-07,-0.050350467010961054,6.788739190948775e-05,1.1453640135706768e-07,0.014751865205009389,7.693322368266172e-05,0.000288109527900815,0.002500208793208003
natural_full_finetune_fp32_test,fp32,0,3459,up_blocks.1.resnets.0.conv1.weight,8.020612225580605,-2.5912690345416485e-05,-0.006108927537440346,0.0005288591366674794,6.92876965012343e-05,0.013348013145500222,0.0006471902674601886,0.000288109527900815,0.002500208793208003
natural_full_finetune_fp32_test,fp32,0,3459,up_blocks.1.resnets.0.conv1.bias,0.04949735706569676,-2.1118953101110267e-08,-0.017664236441500156,2.4154358414650267e-05,3.631284357532279e-08,0.027610238785987142,2.6571011417730653e-05,0.000288109527900815,0.002500208793208003
natural_full_finetune_fp32_test,fp32,0,3459,up_blocks.1.resnets.0.norm2.weight,0.10149643863115111,-8.063126751602872e-08,-0.010693566906197206,7.428995446893403e-05,8.010648981942128e-07,0.09328086814596932,8.461051116172993e-05,0.000288109527900815,0.002500208793208003
natural_full_finetune_fp32_test,fp32,0,3459,up_blocks.1.resnets.0.norm2.bias,0.09255201237281951,3.943063818357373e-07,0.05743457870150064,7.417789421861722e-05,3.8573102250366914e-07,0.05036430873260874,8.275149049309786e-05,0.000288109527900815,0.002500208793208003
natural_full_finetune_fp32_test,fp32,0,3459,up_blocks.1.resnets.0.conv2.weight,8.258164937512348,-9.068203655335309e-05,-0.017706234479186633,0.0006201710671290561,9.851544847519749e-05,0.017995417806370977,0.0006629165352049716,0.000288109527900815,0.002500208793208003
natural_full_finetune_fp32_test,fp32,0,3459,up_blocks.1.resnets.0.conv2.bias,0.04466196595069504,2.1642596487950727e-08,0.019083574378307194,2.539287088079391e-05,6.842570020450167e-08,0.03275518680767967,4.677365774894066e-05,0.000288109527900815,0.002500208793208003
natural_full_finetune_fp32_test,fp32,0,3459,up_blocks.1.resnets.1.norm1.weight,0.11514799169892696,7.596469792966673e-07,0.09493014047973969,6.949464229580272e-05,4.830170948864974e-07,0.046701925925002094,8.981964682164411e-05,0.000288109527900815,0.002500208793208003
natural_full_finetune_fp32_test,fp32,0,3459,up_blocks.1.resnets.1.norm1.bias,0.0782070066426261,7.054628386245025e-07,0.129102108607281,6.98707077245632e-05,-1.9234511235387343e-07,-0.030329857950073747,8.108959195397185e-05,0.000288109527900815,0.002500208793208003
natural_full_finetune_fp32_test,fp32,0,3459,up_blocks.1.resnets.1.conv1.weight,8.566649499449625,-6.205055597490777e-05,-0.013273929904348137,0.0005456763843607491,6.775587066118943e-05,0.013004078872937197,0.0006082138942374325,0.000288109527900815,0.002500208793208003
natural_full_finetune_fp32_test,fp32,0,3459,up_blocks.1.resnets.1.conv1.bias,0.06828835087642991,-1.6067697702671535e-08,-0.009325570722067055,2.5230834069053743e-05,5.824634342677832e-08,0.02924482327310919,2.9165742716952013e-05,0.000288109527900815,0.002500208793208003
natural_full_finetune_fp32_test,fp32,0,3459,up_blocks.1.resnets.1.norm2.weight,0.12052185331046246,-7.479277245563696e-08,-0.009396279072442292,6.604469270522748e-05,-6.535772762228727e-08,-0.006454256188847668,8.40204383250528e-05,0.000288109527900815,0.002500208793208003
natural_full_finetune_fp32_test,fp32,0,3459,up_blocks.1.resnets.1.norm2.bias,0.1237713401424968,7.408658999719517e-09,0.0010079071915047014,5.9388036748664355e-05,-1.717736293560119e-07,-0.01999314251118979,6.941532108579093e-05,0.000288109527900815,0.002500208793208003
natural_full_finetune_fp32_test,fp32,0,3459,up_blocks.1.resnets.1.conv2.weight,8.300920837877786,-9.4711040891782e-05,-0.018737639775008526,0.0006089188967970298,0.00011385866052089156,0.02046036173163782,0.0006703883993125454,0.000288109527900815,0.002500208793208003
natural_full_finetune_fp32_test,fp32,0,3459,up_blocks.1.resnets.1.conv2.bias,0.04738114322703417,-6.264739126777723e-08,-0.06771658308163037,1.9525511506776338e-05,3.3420693654786263e-09,0.0016188993386873904,4.3570252679932667e-05,0.000288109527900815,0.002500208793208003
natural_full_finetune_fp32_test,fp32,0,3459,up_blocks.1.resnets.2.norm1.weight,0.11630191505635318,-2.344856399859736e-07,-0.02446039178316322,8.242633249013624e-05,2.6311105169629214e-07,0.01856730607072326,0.00012184376995667684,0.000288109527900815,0.002500208793208003
natural_full_finetune_fp32_test,fp32,0,3459,up_blocks.1.resnets.2.norm1.bias,0.06920830902582786,4.979251406000883e-08,0.009119840052868675,7.88893894421658e-05,-4.63392374562555e-07,-0.060815211390060166,0.00011009774502594621,0.000288109527900815,0.002500208793208003
natural_full_finetune_fp32_test,fp32,0,3459,up_blocks.1.resnets.2.conv1.weight,8.491667395628745,-0.00011755033046483453,-0.01920698038107957,0.0007207286502274527,9.55571711749475e-05,0.017253446123847025,0.0006522205184921107,0.000288109527900815,0.002500208793208003
natural_full_finetune_fp32_test,fp32,0,3459,up_blocks.1.resnets.2.conv1.bias,0.061738176723107975,-9.73285803065045e-08,-0.05752577676968699,2.7404639745086557e-05,-2.3081950025748704e-07,-0.11909694069843958,3.139193533913451e-05,0.000288109527900815,0.002500208793208003
natural_full_finetune_fp32_test,fp32,0,3459,up_blocks.1.resnets.2.norm2.weight,0.1179273031088141,1.6722553461326056e-08,0.0017731832100528805,7.997138471112565e-05,3.532115827198727e-07,0.026708192987546255,0.00011214400560800786,0.000288109527900815,0.002500208793208003
natural_full_finetune_fp32_test,fp32,0,3459,up_blocks.1.resnets.2.norm2.bias,0.10364182781050948,-1.1255310035095339e-07,-0.01755540475957472,6.186023305389432e-05,1.0473707451518052e-07,0.013117782055780947,7.703799380780478e-05,0.000288109527900815,0.002500208793208003
natural_full_finetune_fp32_test,fp32,0,3459,up_blocks.1.resnets.2.conv2.weight,7.964809045986483,-0.0001472948711131192,-0.03086811954290145,0.0005991038121996859,0.00010324216545457034,0.020427125063319444,0.0006345626249899922,0.000288109527900815,0.002500208793208003
natural_full_finetune_fp32_test,fp32,0,3459,up_blocks.1.resnets.2.conv2.bias,0.05115036241123614,-2.2161990255572247e-08,-0.029207627184925655,1.483418763237978e-05,1.0612632275119563e-08,0.0050332238833956005,4.122191395640649e-05,0.000288109527900815,0.002500208793208003
natural_full_finetune_fp32_test,fp32,0,3459,up_blocks.1.upsamplers.0.conv.weight,8.267905208125878,-0.00033030878763684043,-0.021778455629947922,0.0018344148593946539,0.0003267467237138826,0.020580478237723833,0.0019202611273115098,0.000288109527900815,0.002500208793208003
natural_full_finetune_fp32_test,fp32,0,3459,up_blocks.1.upsamplers.0.conv.bias,0.04985253026898898,-1.3534757508319452e-08,-0.04678969374540055,5.802472232170633e-06,1.2966979295799696e-08,0.02618654283487033,9.932840122719015e-06,0.000288109527900815,0.002500208793208003
natural_full_finetune_fp32_test,fp32,0,3459,up_blocks.2.resnets.0.norm1.weight,0.1365707682149231,-6.893400306822184e-07,-0.05607130527407391,9.001918584040457e-05,6.578332425868312e-07,0.04219128492263476,0.00011416561273099364,0.000288109527900815,0.002500208793208003
natural_full_finetune_fp32_test,fp32,0,3459,up_blocks.2.resnets.0.norm1.bias,0.10526902862179811,-3.052699971096703e-07,-0.04256380721658187,6.813072958093179e-05,-8.29408768264659e-08,-0.011578969373766266,6.804529505570153e-05,0.000288109527900815,0.002500208793208003
natural_full_finetune_fp32_test,fp32,0,3459,up_blocks.2.resnets.0.conv1.weight,5.764780775253505,-0.000174546357783857,-0.0476835264199173,0.0006349793887271714,6.0051398289709575e-05,0.01881597840157953,0.000553622232115408,0.000288109527900815,0.002500208793208003
natural_full_finetune_fp32_test,fp32,0,3459,up_blocks.2.resnets.0.conv1.bias,0.044594227595209014,-9.688271512884981e-08,-0.111166060136215,1.954318941785658e-05,-1.649987316132546e-08,-0.021493784287587893,1.7214288362283035e-05,0.000288109527900815,0.002500208793208003
natural_full_finetune_fp32_test,fp32,0,3459,up_blocks.2.resnets.0.norm2.weight,0.09948839024909692,6.707880960698154e-08,0.0101469530232911,6.644729305727717e-05,-1.1607208219644027e-07,-0.015365115168474714,7.593107552686469e-05,0.000288109527900815,0.002500208793208003
natural_full_finetune_fp32_test,fp32,0,3459,up_blocks.2.resnets.0.norm2.bias,0.05815218775938698,-2.3194221947726754e-07,-0.07382967256251284,5.402351132225203e-05,2.5540027911068865e-07,0.0911768414951791,4.8169347781100175e-05,0.000288109527900815,0.002500208793208003
natural_full_finetune_fp32_test,fp32,0,3459,up_blocks.2.resnets.0.conv2.weight,3.6753482007726124,-0.00010806403524986474,-0.05785989717286514,0.000508165331490145,3.281844200349304e-05,0.0209093122087278,0.0004270509794517639,0.000288109527900815,0.002500208793208003
natural_full_finetune_fp32_test,fp32,0,3459,up_blocks.2.resnets.0.conv2.bias,0.03928895771280883,-4.626819437020105e-08,-0.11600908004624357,1.015126256001255e-05,4.85246170054682e-08,0.06636852436180656,1.860927470913713e-05,0.000288109527900815,0.002500208793208003
natural_full_finetune_fp32_test,fp32,0,3459,up_blocks.2.resnets.0.conv_shortcut.weight,1.4061649417967312,-0.0004507624250679855,-0.05598278875417643,0.005726073414775091,0.00023003803200704543,0.03427146872715029,0.00477343112631708,0.000288109527900815,0.002500208793208003
natural_full_finetune_fp32_test,fp32,0,3459,up_blocks.2.resnets.0.conv_shortcut.bias,0.03928889274874867,-4.626731712679241e-08,-0.11600707233499966,1.015126256001255e-05,4.8523866875239835e-08,0.06636760812541222,1.860927470913713e-05,0.000288109527900815,0.002500208793208003
natural_full_finetune_fp32_test,fp32,0,3459,up_blocks.2.resnets.1.norm1.weight,0.10200962652026205,-9.123304945728615e-07,-0.16092449696307193,5.557620318152143e-05,3.1949491652151623e-07,0.05861195204917059,5.3436328293878656e-05,0.000288109527900815,0.002500208793208003
natural_full_finetune_fp32_test,fp32,0,3459,up_blocks.2.resnets.1.norm1.bias,0.0730374077531738,-4.738127184938006e-07,-0.14389741281396443,4.508254011393505e-05,3.045825804157125e-07,0.12071023686306548,3.454741912048207e-05,0.000288109527900815,0.002500208793208003
natural_full_finetune_fp32_test,fp32,0,3459,up_blocks.2.resnets.1.conv1.weight,3.951593592787576,-0.00012322677708899291,-0.053564523584258054,0.0005821777064616729,3.2770190015400685e-05,0.01691689640232586,0.0004902143241860191,0.000288109527900815,0.002500208793208003
natural_full_finetune_fp32_test,fp32,0,3459,up_blocks.2.resnets.1.conv1.bias,0.05109802455191541,-3.090716241942821e-07,-0.2049747209442394,2.9509015460106504e-05,6.381250404845401e-08,0.06146931793285195,2.0316237546256232e-05,0.000288109527900815,0.002500208793208003
natural_full_finetune_fp32_test,fp32,0,3459,up_blocks.2.resnets.1.norm2.weight,0.09092484716786138,1.645760988191537e-07,0.042716022485099925,4.237340628984037e-05,7.17000254588854e-07,0.2083872466897761,3.784126042448791e-05,0.000288109527900815,0.002500208793208003
natural_full_finetune_fp32_test,fp32,0,3459,up_blocks.2.resnets.1.norm2.bias,0.07640268816894114,-3.790584490875222e-07,-0.15149136970967772,3.274987524225896e-05,2.52968536849145e-07,0.13784631740940823,2.4019430237876672e-05,0.000288109527900815,0.002500208793208003
natural_full_finetune_fp32_test,fp32,0,3459,up_blocks.2.resnets.1.conv2.weight,3.672018742128276,-0.00011465377847060462,-0.06138653636248545,0.0005086398152183711,1.780099260148206e-05,0.012082533213486062,0.0004012188537657797,0.000288109527900815,0.002500208793208003
natural_full_finetune_fp32_test,fp32,0,3459,up_blocks.2.resnets.1.conv2.bias,0.03223160511780684,-2.2329410140658403e-08,-0.07862218817810483,8.811506995458005e-06,5.2982455251764325e-08,0.09070870384886147,1.8121793823715117e-05,0.000288109527900815,0.002500208793208003
natural_full_finetune_fp32_test,fp32,0,3459,up_blocks.2.resnets.2.norm1.weight,0.09992913762094888,-7.758106072337532e-07,-0.09715972218950733,7.990561700253209e-05,-2.7958588121749966e-07,-0.02992562039842956,9.349318048960523e-05,0.000288109527900815,0.002500208793208003
natural_full_finetune_fp32_test,fp32,0,3459,up_blocks.2.resnets.2.norm1.bias,0.06632843635738632,-3.709886403301954e-07,-0.07832647923383118,7.14088841864232e-05,4.021737245154489e-07,0.11687153885356907,5.1880621665276736e-05,0.000288109527900815,0.002500208793208003
natural_full_finetune_fp32_test,fp32,0,3459,up_blocks.2.resnets.2.conv1.weight,3.8831271523485436,-0.0002058202074094567,-0.07461019716275391,0.0007104086031792823,-3.994820160016132e-06,-0.001757175158558159,0.0005854644996886062,0.000288109527900815,0.002500208793208003
natural_full_finetune_fp32_test,fp32,0,3459,up_blocks.2.resnets.2.conv1.bias,0.04786683860286782,-1.5179038278907275e-07,-0.09682676939147043,3.275020849032277e-05,1.9876530574170357e-07,0.18148498948331426,2.288047969397404e-05,0.000288109527900815,0.002500208793208003
natural_full_finetune_fp32_test,fp32,0,3459,up_blocks.2.resnets.2.norm2.weight,0.09246981135429803,-7.642057384203688e-07,-0.10477605168762077,7.8876620369889e-05,-4.9450088137741235e-06,-0.11819018913636316,0.00045246570878990506,0.000288109527900815,0.002500208793208003
natural_full_finetune_fp32_test,fp32,0,3459,up_blocks.2.resnets.2.norm2.bias,0.0679727840556926,-2.634593104574266e-07,-0.09595916928331022,4.039168891625943e-05,2.4209025562514027e-07,0.0741502843314098,4.803186280059262e-05,0.000288109527900815,0.002500208793208003
natural_full_finetune_fp32_test,fp32,0,3459,up_blocks.2.resnets.2.conv2.weight,3.5475524810659724,-9.923298344677133e-05,-0.05727114160516444,0.0004884176835702882,-6.064855090227285e-05,-0.036847751653431585,0.0004639600708117282,0.000288109527900815,0.002500208793208003
natural_full_finetune_fp32_test,fp32,0,3459,up_blocks.2.resnets.2.conv2.bias,0.040131337812490196,3.0991204252825784e-08,0.12774147357628268,6.0453700914078716e-06,8.728613712379822e-08,0.12008462611799377,1.8112325997047223e-05,0.000288109527900815,0.002500208793208003
natural_full_finetune_fp32_test,fp32,0,3459,up_blocks.2.upsamplers.0.conv.weight,3.1727483355589565,-0.00030157580593277765,-0.04464525750951253,0.0021290484266939815,9.31687767054904e-05,0.013888313793667166,0.002114390738966599,0.000288109527900815,0.002500208793208003
natural_full_finetune_fp32_test,fp32,0,3459,up_blocks.2.upsamplers.0.conv.bias,0.0447081410803337,-1.1056955409534102e-08,-0.08500451479613998,2.9094235690104345e-06,2.278760271272687e-08,0.07409425190846146,6.879034838971977e-06,0.000288109527900815,0.002500208793208003
natural_full_finetune_fp32_test,fp32,0,3459,up_blocks.3.resnets.0.norm1.weight,0.10245989680670056,-1.0902040331803779e-06,-0.14069086441073236,7.562893282432759e-05,-1.2551625402916708e-06,-0.10583186241169329,0.00011575229660957353,0.000288109527900815,0.002500208793208003
natural_full_finetune_fp32_test,fp32,0,3459,up_blocks.3.resnets.0.norm1.bias,0.06493255293430271,-1.8587294061059048e-07,-0.04760970828933943,6.012542663294424e-05,-7.197048201716423e-08,-0.013931412979153037,7.956036494759525e-05,0.000288109527900815,0.002500208793208003
natural_full_finetune_fp32_test,fp32,0,3459,up_blocks.3.resnets.0.conv1.weight,2.3881473924240746,-8.027789588234714e-05,-0.05772588932422296,0.0005823233721835746,-2.46104694494822e-06,-0.002468515134824265,0.00041746779355938984,0.000288109527900815,0.002500208793208003
natural_full_finetune_fp32_test,fp32,0,3459,up_blocks.3.resnets.0.conv1.bias,0.03492113484819175,8.920273729616332e-08,0.09542556456852831,2.6768565268429326e-05,9.320668981938888e-08,0.12739095794058503,2.0951741752896904e-05,0.000288109527900815,0.002500208793208003
natural_full_finetune_fp32_test,fp32,0,3459,up_blocks.3.resnets.0.norm2.weight,0.10992886604588033,-8.137787659233175e-07,-0.19620748548219613,3.772932481731942e-05,-6.396615399085216e-06,-0.5143180188377126,0.00011313754517288272,0.000288109527900815,0.002500208793208003
natural_full_finetune_fp32_test,fp32,0,3459,up_blocks.3.resnets.0.norm2.bias,0.053777159023397074,-9.259315076493661e-09,-0.004717798347032678,3.649569457045642e-05,-4.0621832035075474e-07,-0.18381855546495865,4.1093421418553206e-05,0.000288109527900815,0.002500208793208003
natural_full_finetune_fp32_test,fp32,0,3459,up_blocks.3.resnets.0.conv2.weight,1.7659323289523887,-5.1921962830309174e-05,-0.12929379988315925,0.00022740465228825163,-6.804394744323603e-05,-0.14842285696223417,0.0002596059584996833,0.000288109527900815,0.002500208793208003
natural_full_finetune_fp32_test,fp32,0,3459,up_blocks.3.resnets.0.conv2.bias,0.02780623252323675,-4.177740218051485e-08,-0.2785420623436113,5.393969594902988e-06,-9.54741323253379e-09,-0.035229231297835034,9.74631408964746e-06,0.000288109527900815,0.002500208793208003
natural_full_finetune_fp32_test,fp32,0,3459,up_blocks.3.resnets.0.conv_shortcut.weight,0.5466907730245707,-0.00020536044833549847,-0.09531302537221834,0.0039411485526301545,-0.00010222385802891516,-0.047584321845375394,0.003929584565847262,0.000288109527900815,0.002500208793208003
natural_full_finetune_fp32_test,fp32,0,3459,up_blocks.3.resnets.0.conv_shortcut.bias,0.027806202912896677,-4.177711730732513e-08,-0.27854045962395463,5.393969594902988e-06,-9.547593086797825e-09,-0.03522993246213958,9.74631408964746e-06,0.000288109527900815,0.002500208793208003
natural_full_finetune_fp32_test,fp32,0,3459,up_blocks.3.resnets.1.norm1.weight,0.08451409374872287,-2.5821820895514135e-07,-0.05160850675264628,5.920200732054809e-05,-1.0931814436916156e-06,-0.10060523843732036,0.00012857085073251327,0.000288109527900815,0.002500208793208003
natural_full_finetune_fp32_test,fp32,0,3459,up_blocks.3.resnets.1.norm1.bias,0.04131474478376032,-2.296236971157287e-07,-0.055084485238467144,0.0001008979483685907,-4.36003665468866e-07,-0.10738712584058019,9.827269070809475e-05,0.000288109527900815,0.002500208793208003
natural_full_finetune_fp32_test,fp32,0,3459,up_blocks.3.resnets.1.conv1.weight,1.664990337032608,-4.2422911312353096e-05,-0.04484979866156753,0.000568104532137979,-2.7762749276081375e-05,-0.033329334578052365,0.0005002926362628277,0.000288109527900815,0.002500208793208003
natural_full_finetune_fp32_test,fp32,0,3459,up_blocks.3.resnets.1.conv1.bias,0.03869437760056058,-1.4703347807701444e-07,-0.04541432063905781,8.367111246825742e-05,-8.234306254328479e-08,-0.04089131532494861,5.204129194847871e-05,0.000288109527900815,0.002500208793208003
natural_full_finetune_fp32_test,fp32,0,3459,up_blocks.3.resnets.1.norm2.weight,0.10786050131792908,-5.314668126768501e-07,-0.1531150018989021,3.218073593853818e-05,-2.3030016765062385e-06,-0.4267113827333854,5.0037729105159096e-05,0.000288109527900815,0.002500208793208003
natural_full_finetune_fp32_test,fp32,0,3459,up_blocks.3.resnets.1.norm2.bias,0.06477052278536159,-9.016165213725919e-08,-0.05416649089265009,2.569885402493485e-05,-3.984428783562778e-07,-0.23161214338559885,2.6559955358264816e-05,0.000288109527900815,0.002500208793208003
natural_full_finetune_fp32_test,fp32,0,3459,up_blocks.3.resnets.1.conv2.weight,1.624848718641176,-4.499659997182485e-05,-0.10911247987996446,0.00025380042220795446,-6.013170475120517e-05,-0.1271080605764013,0.00029115046754665683,0.000288109527900815,0.002500208793208003
natural_full_finetune_fp32_test,fp32,0,3459,up_blocks.3.resnets.1.conv2.bias,0.024273688098819836,-2.988428572902168e-08,-0.2516489224804855,4.892288253384329e-06,-1.6313062350345587e-08,-0.06800065333990642,9.88295103161007e-06,0.000288109527900815,0.002500208793208003
natural_full_finetune_fp32_test,fp32,0,3459,up_blocks.3.resnets.2.norm1.weight,0.059601911203464926,-4.3705769414457124e-07,-0.05981269735362475,0.00012259851110562312,-3.1191155459261105e-06,-0.17101795631156363,0.00030600573430603463,0.000288109527900815,0.002500208793208003
natural_full_finetune_fp32_test,fp32,0,3459,up_blocks.3.resnets.2.norm1.bias,0.03454226083126922,-1.2504189177105095e-06,-0.19535525299929868,0.0001853018190342571,-1.076021942259916e-05,-0.48554209821393485,0.0006415691573130138,0.000288109527900815,0.002500208793208003
natural_full_finetune_fp32_test,fp32,0,3459,up_blocks.3.resnets.2.conv1.weight,1.6553094460687718,-6.384092889705754e-05,-0.05559911581012802,0.0006936687327021953,-7.772147267851281e-05,-0.05399960491043787,0.0008695033216178483,0.000288109527900815,0.002500208793208003
natural_full_finetune_fp32_test,fp32,0,3459,up_blocks.3.resnets.2.conv1.bias,0.037092596499306345,-2.3676732615235037e-07,-0.06970060586180844,9.157943952220751e-05,-1.7984856690536454e-06,-0.27802575021172243,0.0001743952793780666,0.000288109527900815,0.002500208793208003
natural_full_finetune_fp32_test,fp32,0,3459,up_blocks.3.resnets.2.norm2.weight,0.11090273281002422,-1.0406922138427428e-06,-0.20997310441070846,4.4690620862603774e-05,-4.269939617811316e-06,-0.432289183712608,8.906459890880081e-05,0.000288109527900815,0.002500208793208003
natural_full_finetune_fp32_test,fp32,0,3459,up_blocks.3.resnets.2.norm2.bias,0.07265759843190528,-3.6744763975689274e-07,-0.1451562216686979,3.4840049865323044e-05,-3.3269093556577076e-06,-0.5922496915854845,7.731345582095941e-05,0.000288109527900815,0.002500208793208003
natural_full_finetune_fp32_test,fp32,0,3459,up_blocks.3.resnets.2.conv2.weight,1.7806654251627738,-3.728549652348633e-05,-0.10296915030954165,0.0002033529493888988,-4.785221279443592e-05,-0.14010712852385965,0.00019180479797956354,0.000288109527900815,0.002500208793208003
natural_full_finetune_fp32_test,fp32,0,3459,up_blocks.3.resnets.2.conv2.bias,0.03866062021653349,-1.0389803570655036e-08,-0.10553583251589017,2.546470090275122e-06,-8.645904332615245e-08,-0.2339436820829527,9.559392367883306e-06,0.000288109527900815,0.002500208793208003
natural_full_finetune_fp32_test,fp32,0,3459,mid_block.attentions.0.group_norm.weight,0.3596357421626234,-2.1605465022759238e-06,-0.10963917973377844,5.479425080507208e-05,-4.6726304131337713e-07,-0.01782430135607724,7.289304085300134e-05,0.000288109527900815,0.002500208793208003
natural_full_finetune_fp32_test,fp32,0,3459,mid_block.attentions.0.group_norm.bias,0.06769844553830587,-7.895424362310722e-08,-0.015573469875358315,7.488785537774455e-05,4.941542514599082e-07,0.0611446526064553,0.00011937829106714006,0.000288109527900815,0.002500208793208003
natural_full_finetune_fp32_test,fp32,0,3459,mid_block.attentions.0.to_q.weight,2.522656628836125,8.512110468641954e-06,0.026134437019318,0.00012911180763049395,4.016516740839391e-06,0.012241396450449134,0.0001300650096821854,0.000288109527900815,0.002500208793208003
natural_full_finetune_fp32_test,fp32,0,3459,mid_block.attentions.0.to_q.bias,0.09956281420773305,-2.6836802733038327e-08,-0.05154462961778563,5.229379822786987e-06,2.941004909464649e-07,0.2678913428287701,1.1026556485775049e-05,0.000288109527900815,0.002500208793208003
natural_full_finetune_fp32_test,fp32,0,3459,mid_block.attentions.0.to_k.weight,2.4954198571446087,-2.0789112471095048e-06,-0.0063330757099814,0.00013154599864071063,5.770481781232103e-06,0.018941316176644542,0.0001220838717534925,0.000288109527900815,0.002500208793208003
natural_full_finetune_fp32_test,fp32,0,3459,mid_block.attentions.0.to_k.bias,3.469475754221511e-05,3.7300790725418237e-17,0.11829176836968894,9.088655818718857e-12,-4.53650994214702e-18,-0.026749196611366308,4.888180872019047e-12,0.000288109527900815,0.002500208793208003
natural_full_finetune_fp32_test,fp32,0,3459,mid_block.attentions.0.to_v.weight,1.9478668400094432,-6.038659845026796e-06,-0.007267547570534078,0.00042657305493005413,1.652483368547447e-05,0.0142747139857741,0.0005943064142906319,0.000288109527900815,0.002500208793208003
natural_full_finetune_fp32_test,fp32,0,3459,mid_block.attentions.0.to_v.bias,0.03607908072423175,4.338438499576429e-09,0.0025500709006276356,4.715478038224876e-05,7.105144472328661e-08,0.026887701737236324,7.324260254019068e-05,0.000288109527900815,0.002500208793208003
natural_full_finetune_fp32_test,fp32,0,3459,mid_block.attentions.0.to_out.0.weight,2.5354071315210933,-1.6934297955627718e-06,-0.0016909178462940285,0.00039499989617154294,3.18974270567518e-05,0.014200421667062429,0.0008859448845925295,0.000288109527900815,0.002500208793208003
natural_full_finetune_fp32_test,fp32,0,3459,mid_block.attentions.0.to_out.0.bias,0.04661746684673299,-2.7583116777992883e-07,-0.07585118724867189,7.800676801806725e-05,-5.941686128619952e-07,-0.06076430928839086,0.0002097550714991761,0.000288109527900815,0.002500208793208003
natural_full_finetune_fp32_test,fp32,0,3459,mid_block.resnets.0.norm1.weight,0.08989003386097506,3.985741424855832e-07,0.10751974423051644,4.123911662522215e-05,-2.223164631444611e-06,-0.2159288388860741,0.00011453795666897964,0.000288109527900815,0.002500208793208003
natural_full_finetune_fp32_test,fp32,0,3459,mid_block.resnets.0.norm1.bias,0.08093230848859313,2.3752990171514367e-07,0.0691927126865982,4.2416614622968475e-05,-3.4179545732664562e-06,-0.3015262594059143,0.00014006164347929776,0.000288109527900815,0.002500208793208003
natural_full_finetune_fp32_test,fp32,0,3459,mid_block.resnets.0.conv1.weight,7.126690612571936,-1.3243735809823341e-05,-0.004569300244263875,0.0004066988152478998,3.4554527708199155e-05,0.008722668582276619,0.0005558628940783409,0.000288109527900815,0.002500208793208003
natural_full_finetune_fp32_test,fp32,0,3459,mid_block.resnets.0.conv1.bias,0.054001732025447814,1.3197230901225671e-08,0.02148758658301109,1.1373325959394007e-05,1.4080829703298461e-08,0.012946086476570908,2.0141047468147698e-05,0.000288109527900815,0.002500208793208003
natural_full_finetune_fp32_test,fp32,0,3459,mid_block.resnets.0.norm2.weight,0.18716631207456177,1.2108995788656258e-09,8.095315139851004e-05,7.991838244211379e-05,-1.1320329154256072e-06,-0.0307346926669323,0.0001967897603870851,0.000288109527900815,0.002500208793208003
natural_full_finetune_fp32_test,fp32,0,3459,mid_block.resnets.0.norm2.bias,0.05855375082136904,-7.015356348740864e-07,-0.078630300386457,0.0001523719695125624,-2.4332847320907348e-06,-0.13205470412405598,0.00031469100861645453,0.000288109527900815,0.002500208793208003
natural_full_finetune_fp32_test,fp32,0,3459,mid_block.resnets.0.conv2.weight,7.92200752801097,-4.258656121248499e-05,-0.006485432614297636,0.0008288928071634869,0.00011793489830887995,0.012194097397457016,0.0012208362792693536,0.000288109527900815,0.002500208793208003
natural_full_finetune_fp32_test,fp32,0,3459,mid_block.resnets.0.conv2.bias,0.03888606602877038,-3.186189708880303e-07,-0.09664086370137008,8.478456935467169e-05,-8.783889586934289e-07,-0.10528340064433381,0.00021455219136869082,0.000288109527900815,0.002500208793208003
natural_full_finetune_fp32_test,fp32,0,3459,mid_block.resnets.1.norm1.weight,0.134272795259863,1.1714894565323386e-07,0.02366221380316439,3.687185439006582e-05,-2.331745886966995e-07,-0.02846565140277072,6.1005931497913535e-05,0.000288109527900815,0.002500208793208003
natural_full_finetune_fp32_test,fp32,0,3459,mid_block.resnets.1.norm1.bias,0.09185343818856902,9.296745613510139e-08,0.026071001311548818,3.882199228313598e-05,1.5807653383207887e-07,0.028945798783730287,5.945473511787261e-05,0.000288109527900815,0.002500208793208003
natural_full_finetune_fp32_test,fp32,0,3459,mid_block.resnets.1.conv1.weight,7.740766152332887,-5.314889985393635e-06,-0.002103394289272418,0.00032642968145199535,3.683820011230477e-05,0.012662839289953596,0.00037582300433852635,0.000288109527900815,0.002500208793208003
natural_full_finetune_fp32_test,fp32,0,3459,mid_block.resnets.1.conv1.bias,0.052281188478095736,-6.769855079352864e-09,-0.009728469652720602,1.3310347435850987e-05,-3.400461840842079e-08,-0.03951395959441378,1.646045753348938e-05,0.000288109527900815,0.002500208793208003
natural_full_finetune_fp32_test,fp32,0,3459,mid_block.resnets.1.norm2.weight,0.17716864159102413,-7.871359053350894e-07,-0.08051828073309361,5.517830747504679e-05,-6.386759947849127e-07,-0.04208295362145538,8.566186477458741e-05,0.000288109527900815,0.002500208793208003
natural_full_finetune_fp32_test,fp32,0,3459,mid_block.resnets.1.norm2.bias,0.05242262545637909,-5.820414166984009e-07,-0.08238267570314761,0.00013477186185623848,-2.067306384063694e-07,-0.018924221484209473,0.0002083857684370149,0.000288109527900815,0.002500208793208003
natural_full_finetune_fp32_test,fp32,0,3459,mid_block.resnets.1.conv2.weight,8.146982521691196,5.3962147308902706e-06,0.0013827120517199622,0.000479027769475124,7.783885217714017e-05,0.01223363881426147,0.000780987322718241,0.000288109527900815,0.002500208793208003
natural_full_finetune_fp32_test,fp32,0,3459,mid_block.resnets.1.conv2.bias,0.03981342907173873,-1.9491395803012452e-07,-0.0629961707118198,7.771398962844447e-05,-5.867877050547215e-07,-0.07153008765805134,0.00020604527695160886,0.000288109527900815,0.002500208793208003
natural_full_finetune_fp32_test,fp32,0,3459,conv_norm_out.weight,0.12900715250914593,-4.024929816213006e-06,-0.15382994982444417,0.0002028166588740803,-1.4720614464110163e-05,-0.10352009125406084,0.0011022687700950001,0.000288109527900815,0.002500208793208003
natural_full_finetune_fp32_test,fp32,0,3459,conv_norm_out.bias,0.042918096621359696,-5.978310301111868e-07,-0.07578676521789901,0.0001837996285463624,-2.780525523330826e-06,-0.051217907379730455,0.001264924494086817,0.000288109527900815,0.002500208793208003
natural_full_finetune_fp32_test,fp32,0,3459,conv_out.weight,0.10175039504632229,-0.0001632989788249865,-0.13458536738259494,0.011924756524142804,-4.9043894631718355e-05,-0.04053224448428035,0.011891816335246984,0.000288109527900815,0.002500208793208003
natural_full_finetune_fp32_test,fp32,0,3459,conv_out.bias,0.0020828498361349828,2.9299670548625515e-08,0.14254761129405238,9.868356551756057e-05,1.6837307992506947e-06,0.32182835083901573,0.002511830884080762,0.000288109527900815,0.002500208793208003
natural_full_finetune_fp32_test,fp32,1,3460,conv_in.weight,0.48198976153301,-5.789081434955291e-05,-0.06416842050123556,0.001871761441422999,0.00014056812681323527,0.20794366307043105,0.0014025015646120804,0.0003237925993744284,0.001607292564585805
natural_full_finetune_fp32_test,fp32,1,3460,conv_in.bias,0.05993026829428392,-5.1328353658116e-06,-0.4499173670288676,0.0001903611655331367,-4.302366172130795e-06,-0.32800640518396573,0.00021886626352793484,0.0003237925993744284,0.001607292564585805
natural_full_finetune_fp32_test,fp32,1,3460,up_blocks.0.resnets.0.norm1.weight,0.1231950067601581,-1.488496472947796e-06,-0.1706066120165889,7.082047667346669e-05,-7.250905947907009e-07,-0.14098686932863966,4.174654122334986e-05,0.0003237925993744284,0.001607292564585805
natural_full_finetune_fp32_test,fp32,1,3460,up_blocks.0.resnets.0.norm1.bias,0.08158493245719015,-9.713802844788957e-07,-0.1601658797245721,7.433773472464933e-05,-3.9294425558640144e-07,-0.10994612165113796,4.380675377233648e-05,0.0003237925993744284,0.001607292564585805
natural_full_finetune_fp32_test,fp32,1,3460,up_blocks.0.resnets.0.conv1.weight,7.717062840790411,1.1221475059398674e-05,0.0034307018573807185,0.0004238526805871322,2.9851160551373793e-05,0.016494610379742942,0.00023451310777224634,0.0003237925993744284,0.001607292564585805
natural_full_finetune_fp32_test,fp32,1,3460,up_blocks.0.resnets.0.conv1.bias,0.042161752992925974,-5.4579355969194923e-08,-0.05652941459153806,2.2899988230696713e-05,-7.671892781778213e-08,-0.12816346636319587,1.4197753121271641e-05,0.0003237925993744284,0.001607292564585805
natural_full_finetune_fp32_test,fp32,1,3460,up_blocks.0.resnets.0.norm2.weight,0.20046835522155956,-1.4897293487584291e-06,-0.11342712423484198,6.551558529987618e-05,-6.350053429969559e-07,-0.08581664193435981,3.691135906487491e-05,0.0003237925993744284,0.001607292564585805
natural_full_finetune_fp32_test,fp32,1,3460,up_blocks.0.resnets.0.norm2.bias,0.055142997909171966,-2.3210371932112153e-07,-0.027771667032691013,0.00015156180781355122,3.9393972454778515e-07,0.0644318991934649,0.00011087623513622249,0.0003237925993744284,0.001607292564585805
natural_full_finetune_fp32_test,fp32,1,3460,up_blocks.0.resnets.0.conv2.weight,8.251081935219325,7.685277001524388e-06,0.001431574606657783,0.0006506308315561746,4.982543471766752e-05,0.011970464250215895,0.0005044628658440585,0.0003237925993744284,0.001607292564585805
natural_full_finetune_fp32_test,fp32,1,3460,up_blocks.0.resnets.0.conv2.bias,0.03718127277935157,-8.585410477333624e-08,-0.019905641772515158,0.0001160007047110159,-2.0266883475928563e-07,-0.029711221297865124,0.0001834603484692089,0.0003237925993744284,0.001607292564585805
natural_full_finetune_fp32_test,fp32,1,3460,up_blocks.0.resnets.1.norm1.weight,0.11832450922740292,1.1052431337179457e-07,0.013056901013658188,7.15390225555835e-05,9.513081740373196e-08,0.01587752310644916,5.063650974373389e-05,0.0003237925993744284,0.001607292564585805
natural_full_finetune_fp32_test,fp32,1,3460,up_blocks.0.resnets.1.norm1.bias,0.05993940584336388,2.2725902772871288e-07,0.042034886387541416,9.019839978207015e-05,-1.3974283206152726e-07,-0.04022099360012919,5.7964796018135504e-05,0.0003237925993744284,0.001607292564585805
natural_full_finetune_fp32_test,fp32,1,3460,up_blocks.0.resnets.1.conv1.weight,7.864165002639292,8.307270000375407e-06,0.0023908433110602124,0.0004418293828449448,1.876588407355167e-05,0.009327729217757473,0.00025582352684132075,0.0003237925993744284,0.001607292564585805
natural_full_finetune_fp32_test,fp32,1,3460,up_blocks.0.resnets.1.conv1.bias,0.043027480688013764,-3.8697864890516796e-08,-0.03649795805840205,2.4641805076505075e-05,-7.425568422751333e-08,-0.09493077801562462,1.817928280165615e-05,0.0003237925993744284,0.001607292564585805
natural_full_finetune_fp32_test,fp32,1,3460,up_blocks.0.resnets.1.norm2.weight,0.19567949522537043,-1.4921898757022467e-06,-0.1038340139018128,7.344109217539518e-05,-3.692851616814559e-07,-0.036805491298705195,5.127479336404078e-05,0.0003237925993744284,0.001607292564585805
natural_full_finetune_fp32_test,fp32,1,3460,up_blocks.0.resnets.1.norm2.bias,0.05693917839998559,-1.2992987354281669e-07,-0.012993083460569054,0.000175624698384048,-3.7664982435026377e-07,-0.05927464162162076,0.00011159831468904641,0.0003237925993744284,0.001607292564585805
natural_full_finetune_fp32_test,fp32,1,3460,up_blocks.0.resnets.1.conv2.weight,8.11124769032121,1.2180805850735017e-06,0.00020879608363276908,0.0007192270440244918,3.617929662887547e-05,0.006597390665699028,0.000676083371119743,0.0003237925993744284,0.001607292564585805
natural_full_finetune_fp32_test,fp32,1,3460,up_blocks.0.resnets.1.conv2.bias,0.03902283960140366,-2.026336358966869e-08,-0.004765916338972064,0.00010895477140814392,1.2371681543447836e-08,0.001741314533058881,0.00018206758805629358,0.0003237925993744284,0.001607292564585805
natural_full_finetune_fp32_test,fp32,1,3460,up_blocks.0.resnets.2.norm1.weight,0.13845986476911515,-6.163148707521045e-07,-0.06559621040464177,6.785783406231112e-05,-1.800192983394488e-07,-0.02561502617466369,5.07575156869819e-05,0.0003237925993744284,0.001607292564585805
natural_full_finetune_fp32_test,fp32,1,3460,up_blocks.0.resnets.2.norm1.bias,0.07190528289094782,-5.793830524300539e-07,-0.11385434650056997,7.077100669766296e-05,-7.771303370943963e-07,-0.16760581442331646,6.448281421493758e-05,0.0003237925993744284,0.001607292564585805
natural_full_finetune_fp32_test,fp32,1,3460,up_blocks.0.resnets.2.conv1.weight,8.378988009351785,-1.1651302461629934e-05,-0.002729767609973604,0.0005093979949366577,7.163356601123233e-06,0.0035742273915140774,0.0002391898925647881,0.0003237925993744284,0.001607292564585805
natural_full_finetune_fp32_test,fp32,1,3460,up_blocks.0.resnets.2.conv1.bias,0.09178063325956466,-7.637731864877995e-08,-0.03785550794551757,2.1982864343837593e-05,-1.5638591084311118e-07,-0.10120125659840885,1.6836843261417666e-05,0.0003237925993744284,0.001607292564585805
natural_full_finetune_fp32_test,fp32,1,3460,up_blocks.0.resnets.2.norm2.weight,0.1625101556532037,-8.130129359936822e-07,-0.05076202484548973,9.855485247192505e-05,6.059105767478181e-07,0.04530997366798098,8.228756620655409e-05,0.0003237925993744284,0.001607292564585805
natural_full_finetune_fp32_test,fp32,1,3460,up_blocks.0.resnets.2.norm2.bias,0.069952625797527,-3.2117844842286103e-07,-0.027759139019345028,0.00016540033419631942,-2.1379158998220875e-06,-0.2247874143513659,0.00013596107952266854,0.0003237925993744284,0.001607292564585805
natural_full_finetune_fp32_test,fp32,1,3460,up_blocks.0.resnets.2.conv2.weight,7.561135440835963,-1.885802416517068e-05,-0.0032680859236851635,0.0007631601839243292,6.354244199266065e-05,0.013232450612432743,0.0006350919410724323,0.0003237925993744284,0.001607292564585805
natural_full_finetune_fp32_test,fp32,1,3460,up_blocks.0.resnets.2.conv2.bias,0.042278094939367517,8.275789330800597e-08,0.0182575826949941,0.0001072138127307715,4.6030635869088146e-08,0.005949079648154122,0.00018301293301338495,0.0003237925993744284,0.001607292564585805
natural_full_finetune_fp32_test,fp32,1,3460,up_blocks.0.upsamplers.0.conv.weight,8.371644070331701,-0.00015263976217420823,-0.006525026339763781,0.0027943104570470833,0.00028197369678593313,0.01941223112093602,0.001735091527891178,0.0003237925993744284,0.001607292564585805
natural_full_finetune_fp32_test,fp32,1,3460,up_blocks.0.upsamplers.0.conv.bias,0.045199826805294156,-8.12952100317576e-08,-0.04868495906105318,3.694310357816528e-05,3.142953261598714e-08,0.016587052305728607,4.192102933766084e-05,0.0003237925993744284,0.001607292564585805
natural_full_finetune_fp32_test,fp32,1,3460,up_blocks.1.resnets.0.norm1.weight,0.13520485618415579,4.040151791473604e-08,0.003686005425704319,8.106799303016756e-05,-3.1953851953594256e-08,-0.004257461908466813,5.551114139109552e-05,0.0003237925993744284,0.001607292564585805
natural_full_finetune_fp32_test,fp32,1,3460,up_blocks.1.resnets.0.norm1.bias,0.10092126084151706,2.7170401317068066e-07,0.035684228698772996,7.544614803518012e-05,4.939352730619255e-07,0.09813265377210087,4.987395741037914e-05,0.0003237925993744284,0.001607292564585805
natural_full_finetune_fp32_test,fp32,1,3460,up_blocks.1.resnets.0.conv1.weight,8.020612225580605,-5.552454038217215e-05,-0.010780724567232404,0.0006421396718872923,3.910007750561679e-05,0.01865900866065891,0.00026126517933890055,0.0003237925993744284,0.001607292564585805
natural_full_finetune_fp32_test,fp32,1,3460,up_blocks.1.resnets.0.conv1.bias,0.04949735706569676,-1.708373299977672e-08,-0.013571089988455812,2.5432323242959136e-05,-2.101069735417035e-08,-0.025818570007845692,1.6440925908692862e-05,0.0003237925993744284,0.001607292564585805
natural_full_finetune_fp32_test,fp32,1,3460,up_blocks.1.resnets.0.norm2.weight,0.10149643863115111,-2.8168522041069764e-07,-0.03254826611866796,8.526786695907714e-05,3.559238330483426e-07,0.06634795637674233,5.285410408737103e-05,0.0003237925993744284,0.001607292564585805
natural_full_finetune_fp32_test,fp32,1,3460,up_blocks.1.resnets.0.norm2.bias,0.09255201237281951,-2.518631180793758e-07,-0.03524089592463767,7.722035051668414e-05,2.5697332542751367e-07,0.04992809457661932,5.5610549478371526e-05,0.0003237925993744284,0.001607292564585805
natural_full_finetune_fp32_test,fp32,1,3460,up_blocks.1.resnets.0.conv2.weight,8.258164937512348,-9.288151985823104e-05,-0.013274112780018513,0.0008473059526334698,6.483347448186064e-05,0.021238571770104624,0.0003696497658238594,0.0003237925993744284,0.001607292564585805
natural_full_finetune_fp32_test,fp32,1,3460,up_blocks.1.resnets.0.conv2.bias,0.04466196595069504,-3.239352263999086e-08,-0.021675827579204707,3.3461442112433466e-05,-3.540253612532891e-08,-0.018844109517167123,4.206500248504837e-05,0.0003237925993744284,0.001607292564585805
natural_full_finetune_fp32_test,fp32,1,3460,up_blocks.1.resnets.1.norm1.weight,0.11514799169892696,-6.169370937993258e-08,-0.006234358476765719,8.593948460607637e-05,-2.727677440146906e-08,-0.0048927303257871564,4.8415605172497085e-05,0.0003237925993744284,0.001607292564585805
natural_full_finetune_fp32_test,fp32,1,3460,up_blocks.1.resnets.1.norm1.bias,0.0782070066426261,-5.686482526309238e-07,-0.08832200492723824,8.23245046497151e-05,-6.296631974600606e-07,-0.16205253015996032,4.968288773972276e-05,0.0003237925993744284,0.001607292564585805
natural_full_finetune_fp32_test,fp32,1,3460,up_blocks.1.resnets.1.conv1.weight,8.566649499449625,-6.594816683003232e-05,-0.011128125273805084,0.0006917827422480969,3.846587160329573e-05,0.019773862503523296,0.00022707695888570808,0.0003237925993744284,0.001607292564585805
natural_full_finetune_fp32_test,fp32,1,3460,up_blocks.1.resnets.1.conv1.bias,0.06828835087642991,-1.1790457419750009e-07,-0.057181683358062445,3.0194447899576212e-05,-8.43615839704326e-08,-0.07814598921145549,1.5808527079121886e-05,0.0003237925993744284,0.001607292564585805
natural_full_finetune_fp32_test,fp32,1,3460,up_blocks.1.resnets.1.norm2.weight,0.12052185331046246,3.9868522594730086e-07,0.040234948970635696,8.221685996100559e-05,6.572942467800046e-08,0.012400578928535029,4.3979680364116174e-05,0.0003237925993744284,0.001607292564585805
natural_full_finetune_fp32_test,fp32,1,3460,up_blocks.1.resnets.1.norm2.bias,0.1237713401424968,-1.988607276340578e-07,-0.021456808475372083,7.487965006846749e-05,9.837123037401387e-08,0.019058816338943765,4.170153920050873e-05,0.0003237925993744284,0.001607292564585805
natural_full_finetune_fp32_test,fp32,1,3460,up_blocks.1.resnets.1.conv2.weight,8.300920837877786,-9.985749028143577e-05,-0.01467629626241983,0.0008196678565734347,6.455706115528683e-05,0.019662308554772155,0.0003955332268835547,0.0003237925993744284,0.001607292564585805
natural_full_finetune_fp32_test,fp32,1,3460,up_blocks.1.resnets.1.conv2.bias,0.04738114322703417,-7.619284702149134e-08,-0.05232722891657397,3.073129983619205e-05,1.6828612503694574e-09,0.0008680748516178029,4.091528685964956e-05,0.0003237925993744284,0.001607292564585805
natural_full_finetune_fp32_test,fp32,1,3460,up_blocks.1.resnets.2.norm1.weight,0.11630191505635318,5.3100696251088785e-08,0.003934414426015794,0.00011604682044499671,2.899826106122962e-07,0.042766633523891574,5.830153969459092e-05,0.0003237925993744284,0.001607292564585805
natural_full_finetune_fp32_test,fp32,1,3460,up_blocks.1.resnets.2.norm1.bias,0.06920830902582786,-3.482300420176486e-07,-0.04766332437530309,0.00010556590306286874,-5.572380404477147e-08,-0.01263166861543149,6.374142883631074e-05,0.0003237925993744284,0.001607292564585805
natural_full_finetune_fp32_test,fp32,1,3460,up_blocks.1.resnets.2.conv1.weight,8.491667395628745,-0.00014285919334420695,-0.017576228074446552,0.0009571710149175915,5.80651809829493e-05,0.024927504227472308,0.00027431149698710973,0.0003237925993744284,0.001607292564585805
natural_full_finetune_fp32_test,fp32,1,3460,up_blocks.1.resnets.2.conv1.bias,0.061738176723107975,-3.079724999631986e-07,-0.13392772764869149,3.724668607674038e-05,-1.148320784586136e-07,-0.09613477611067844,1.9347680492386398e-05,0.0003237925993744284,0.001607292564585805
natural_full_finetune_fp32_test,fp32,1,3460,up_blocks.1.resnets.2.norm2.weight,0.1179273031088141,-2.7485158220799013e-07,-0.021400932309700596,0.00010890584304903148,3.5430581061498197e-07,0.04901865021361195,6.129182597437239e-05,0.0003237925993744284,0.001607292564585805
natural_full_finetune_fp32_test,fp32,1,3460,up_blocks.1.resnets.2.norm2.bias,0.10364182781050948,-2.2151786126728486e-07,-0.02393904947705101,8.928259073904255e-05,3.459103648392427e-07,0.06282219729840614,5.312701183932722e-05,0.0003237925993744284,0.001607292564585805
natural_full_finetune_fp32_test,fp32,1,3460,up_blocks.1.resnets.2.conv2.weight,7.964809045986483,-0.0001287144826605161,-0.01875088023298618,0.0008618474230961759,8.091328668414187e-05,0.024394590516055907,0.00041643856551585315,0.0003237925993744284,0.001607292564585805
natural_full_finetune_fp32_test,fp32,1,3460,up_blocks.1.resnets.2.conv2.bias,0.05115036241123614,-3.593388115017528e-08,-0.0260980247898724,2.6918308904011588e-05,1.7792618651492265e-08,0.008565515646518735,4.061043512075162e-05,0.0003237925993744284,0.001607292564585805
natural_full_finetune_fp32_test,fp32,1,3460,up_blocks.1.upsamplers.0.conv.weight,8.267905208125878,-0.00039695462862458314,-0.015469868494507202,0.0031035500939653265,0.0003390809031735619,0.026894781793595723,0.001524894568212218,0.0003237925993744284,0.001607292564585805
natural_full_finetune_fp32_test,fp32,1,3460,up_blocks.1.upsamplers.0.conv.bias,0.04985253026898898,4.2768481602148033e-11,9.566991343872385e-05,8.967290620510898e-06,2.9357077028521393e-08,0.0598276150010601,9.842919114726797e-06,0.0003237925993744284,0.001607292564585805
natural_full_finetune_fp32_test,fp32,1,3460,up_blocks.2.resnets.0.norm1.weight,0.1365707682149231,-6.743796371637703e-07,-0.03764993887762121,0.00013115426576914356,-4.6318975496552975e-07,-0.04195992690906692,8.082886296876476e-05,0.0003237925993744284,0.001607292564585805
natural_full_finetune_fp32_test,fp32,1,3460,up_blocks.2.resnets.0.norm1.bias,0.10526902862179811,-3.204635583125353e-07,-0.030180187919457604,0.00010086862379241368,-2.2272297406861408e-07,-0.03707789168755545,5.706231282118343e-05,0.0003237925993744284,0.001607292564585805
natural_full_finetune_fp32_test,fp32,1,3460,up_blocks.2.resnets.0.conv1.weight,5.764780775253505,-0.0001762057576513279,-0.0318235495304119,0.0009604807838503122,4.6203571467419574e-05,0.024931406750474918,0.0003214740832506015,0.0003237925993744284,0.001607292564585805
natural_full_finetune_fp32_test,fp32,1,3460,up_blocks.2.resnets.0.conv1.bias,0.044594227595209014,-1.2175500405735377e-07,-0.0998598910529897,2.7341169391906732e-05,9.619765799367204e-09,0.01536452301666685,1.4039989097225289e-05,0.0003237925993744284,0.001607292564585805
natural_full_finetune_fp32_test,fp32,1,3460,up_blocks.2.resnets.0.norm2.weight,0.09948839024909692,-2.5799384426902467e-07,-0.030861769885320144,8.402646849823454e-05,-1.6410923298518423e-07,-0.025804485490883586,6.392421559426924e-05,0.0003237925993744284,0.001607292564585805
natural_full_finetune_fp32_test,fp32,1,3460,up_blocks.2.resnets.0.norm2.bias,0.05815218775938698,-2.620761451638479e-07,-0.06392927180086685,7.04955456691699e-05,8.915504106368568e-08,0.04035716140193295,3.798912009955317e-05,0.0003237925993744284,0.001607292564585805
natural_full_finetune_fp32_test,fp32,1,3460,up_blocks.2.resnets.0.conv2.weight,3.6753482007726124,-0.00012076995660200828,-0.04568349339522362,0.0007192851815405873,2.1284523966138877e-05,0.016681787851628927,0.0003471545465954761,0.0003237925993744284,0.001607292564585805
natural_full_finetune_fp32_test,fp32,1,3460,up_blocks.2.resnets.0.conv2.bias,0.03928895771280883,-7.111741209663988e-08,-0.11819669824811763,1.5314403725971632e-05,3.052437298514536e-08,0.03913257923806971,1.985353156554941e-05,0.0003237925993744284,0.001607292564585805
natural_full_finetune_fp32_test,fp32,1,3460,up_blocks.2.resnets.0.conv_shortcut.weight,1.4061649417967312,-0.0004674092365812421,-0.03620246947820474,0.009181694283602992,0.0002057298602969942,0.035154868035177575,0.004161746214397336,0.0003237925993744284,0.001607292564585805
natural_full_finetune_fp32_test,fp32,1,3460,up_blocks.2.resnets.0.conv_shortcut.bias,0.03928889274874867,-7.111630089037109e-08,-0.11819504686499793,1.5314403725971632e-05,3.052390309493361e-08,0.03913204153829117,1.985353156554941e-05,0.0003237925993744284,0.001607292564585805
natural_full_finetune_fp32_test,fp32,1,3460,up_blocks.2.resnets.1.norm1.weight,0.10200962652026205,-1.0813691220441094e-06,-0.13648142378064704,7.767106541286609e-05,-2.8346066812356767e-07,-0.077321189047097,3.593793550142395e-05,0.0003237925993744284,0.001607292564585805
natural_full_finetune_fp32_test,fp32,1,3460,up_blocks.2.resnets.1.norm1.bias,0.0730374077531738,-8.375678653963149e-07,-0.1628658826922071,7.041165273612856e-05,1.6673094641972119e-07,0.07902914394732989,2.8885745925217856e-05,0.0003237925993744284,0.001607292564585805
natural_full_finetune_fp32_test,fp32,1,3460,up_blocks.2.resnets.1.conv1.weight,3.951593592787576,-0.00015368298571310376,-0.04974765195929908,0.0007817734720646281,3.098149082389716e-05,0.029854070727905482,0.0002626192048988727,0.0003237925993744284,0.001607292564585805
natural_full_finetune_fp32_test,fp32,1,3460,up_blocks.2.resnets.1.conv1.bias,0.05109802455191541,-4.080176230671905e-07,-0.18085539889738664,4.415128347476799e-05,3.0275798899427515e-08,0.034670194632536844,1.708973079201635e-05,0.0003237925993744284,0.001607292564585805
natural_full_finetune_fp32_test,fp32,1,3460,up_blocks.2.resnets.1.norm2.weight,0.09092484716786138,8.700991831871823e-08,0.01800344205440431,5.3153349360346083e-05,3.6327463082085863e-07,0.13642889313344958,2.9285061115309958e-05,0.0003237925993744284,0.001607292564585805
natural_full_finetune_fp32_test,fp32,1,3460,up_blocks.2.resnets.1.norm2.bias,0.07640268816894114,-4.466904932573289e-07,-0.12661438332949226,4.6175863582144486e-05,1.9202168034568534e-07,0.11599394446074726,2.1667375482562863e-05,0.0003237925993744284,0.001607292564585805
natural_full_finetune_fp32_test,fp32,1,3460,up_blocks.2.resnets.1.conv2.weight,3.672018742128276,-0.00013376499971066015,-0.05108007312097571,0.0007131585502897962,6.566177357751842e-06,0.0048670153596523415,0.0003674049499837532,0.0003237925993744284,0.001607292564585805
natural_full_finetune_fp32_test,fp32,1,3460,up_blocks.2.resnets.1.conv2.bias,0.03223160511780684,-1.951747282767632e-08,-0.0447258912245359,1.3538877117206348e-05,4.181406690625694e-08,0.06455955155821048,2.009462801437166e-05,0.0003237925993744284,0.001607292564585805
natural_full_finetune_fp32_test,fp32,1,3460,up_blocks.2.resnets.2.norm1.weight,0.09992913762094888,-1.377961813658762e-07,-0.014555406401177388,9.473723540290775e-05,-6.886041902583083e-07,-0.07599340831691308,9.06779302123502e-05,0.0003237925993744284,0.001607292564585805
natural_full_finetune_fp32_test,fp32,1,3460,up_blocks.2.resnets.2.norm1.bias,0.06632843635738632,-3.969725797756627e-07,-0.06268406751322024,9.547805881239802e-05,4.9769805162452405e-08,0.01092844953005934,6.866060571298805e-05,0.0003237925993744284,0.001607292564585805
natural_full_finetune_fp32_test,fp32,1,3460,up_blocks.2.resnets.2.conv1.weight,3.8831271523485436,-0.0001918840998266347,-0.05297903258808973,0.0009327244337235614,-1.6025225270893543e-05,-0.00891499613312991,0.0004629151266315262,0.0003237925993744284,0.001607292564585805
natural_full_finetune_fp32_test,fp32,1,3460,up_blocks.2.resnets.2.conv1.bias,0.04786683860286782,4.285405168791341e-09,0.0018433871977049368,4.856692162455281e-05,1.6504778452160868e-07,0.15143087736077604,2.2769868124076794e-05,0.0003237925993744284,0.001607292564585805
natural_full_finetune_fp32_test,fp32,1,3460,up_blocks.2.resnets.2.norm2.weight,0.09246981135429803,-1.2189496846060727e-06,-0.10243161726430738,0.00012869206746512617,-5.329726361350734e-06,-0.12767490326291384,0.00045143934065676624,0.0003237925993744284,0.001607292564585805
natural_full_finetune_fp32_test,fp32,1,3460,up_blocks.2.resnets.2.norm2.bias,0.0679727840556926,-2.0325713361990044e-07,-0.05137474585320993,5.820510164703191e-05,9.615753172502836e-08,0.02990586341701766,4.7303350513129295e-05,0.0003237925993744284,0.001607292564585805
natural_full_finetune_fp32_test,fp32,1,3460,up_blocks.2.resnets.2.conv2.weight,3.5475524810659724,-0.00012071826846829911,-0.049835782030701284,0.0006828147449473353,-6.898056057948399e-05,-0.04424567143762124,0.00043946784129956606,0.0003237925993744284,0.001607292564585805
natural_full_finetune_fp32_test,fp32,1,3460,up_blocks.2.resnets.2.conv2.bias,0.040131337812490196,5.791340545113991e-08,0.14408516970492577,1.0015581824196842e-05,6.832015914946439e-08,0.085753030353887,1.9852525185448626e-05,0.0003237925993744284,0.001607292564585805
natural_full_finetune_fp32_test,fp32,1,3460,up_blocks.2.upsamplers.0.conv.weight,3.1727483355589565,-0.00026912329940387275,-0.025386422812846945,0.0033412899513175095,6.04408062360929e-05,0.008835635745306677,0.0021560400326322703,0.0003237925993744284,0.001607292564585805
natural_full_finetune_fp32_test,fp32,1,3460,up_blocks.2.upsamplers.0.conv.bias,0.0447081410803337,-1.2321899468794144e-08,-0.05844838059171311,4.715400287511451e-06,9.946742090460042e-09,0.03121900220228505,7.126482551839786e-06,0.0003237925993744284,0.001607292564585805
natural_full_finetune_fp32_test,fp32,1,3460,up_blocks.3.resnets.0.norm1.weight,0.10245989680670056,-1.360878393329617e-06,-0.1446254670333564,9.18376221064415e-05,-7.9881440881703e-07,-0.0677212671231721,0.00011512427289698315,0.0003237925993744284,0.001607292564585805
natural_full_finetune_fp32_test,fp32,1,3460,up_blocks.3.resnets.0.norm1.bias,0.06493255293430271,-3.22522985646225e-07,-0.06285815133379578,7.901992061172326e-05,-6.00584080507917e-07,-0.11594971521750576,7.977037832251114e-05,0.0003237925993744284,0.001607292564585805
natural_full_finetune_fp32_test,fp32,1,3460,up_blocks.3.resnets.0.conv1.weight,2.3881473924240746,-8.83671503954603e-05,-0.04898824198228809,0.0007553319731806398,-4.275571913649658e-06,-0.005678616392608938,0.0003152757420310113,0.0003237925993744284,0.001607292564585805
natural_full_finetune_fp32_test,fp32,1,3460,up_blocks.3.resnets.0.conv1.bias,0.03492113484819175,7.711813740957406e-08,0.07409297075392604,2.9805140600423695e-05,1.530124847032325e-08,0.023322664463213322,1.878712628003655e-05,0.0003237925993744284,0.001607292564585805
natural_full_finetune_fp32_test,fp32,1,3460,up_blocks.3.resnets.0.norm2.weight,0.10992886604588033,-1.4070410327677219e-06,-0.22778421812903524,5.619159809113866e-05,-6.4830085372558585e-06,-0.5565107109684332,0.00010597204566298057,0.0003237925993744284,0.001607292564585805
natural_full_finetune_fp32_test,fp32,1,3460,up_blocks.3.resnets.0.norm2.bias,0.053777159023397074,6.633299241119446e-09,0.00271058500264417,4.55060042696389e-05,-6.112171197530128e-07,-0.26496931855476785,4.2894545044689645e-05,0.0003237925993744284,0.001607292564585805
natural_full_finetune_fp32_test,fp32,1,3460,up_blocks.3.resnets.0.conv2.weight,1.7659323289523887,-5.9450601003314215e-05,-0.10895184088665516,0.00030899227326526004,-5.9752423565540795e-05,-0.1416306234582978,0.00023890448384786476,0.0003237925993744284,0.001607292564585805
natural_full_finetune_fp32_test,fp32,1,3460,up_blocks.3.resnets.0.conv2.bias,0.02780623252323675,-4.2661854101219406e-08,-0.19529592487722142,7.856052820491412e-06,-1.3552029251253423e-08,-0.04823982975471506,1.0103140993956497e-05,0.0003237925993744284,0.001607292564585805
natural_full_finetune_fp32_test,fp32,1,3460,up_blocks.3.resnets.0.conv_shortcut.weight,0.5466907730245707,-0.0002242003728374724,-0.07109382018973091,0.005768497849265909,-6.22732665955944e-05,-0.027283577679772075,0.004175020238759378,0.0003237925993744284,0.001607292564585805
natural_full_finetune_fp32_test,fp32,1,3460,up_blocks.3.resnets.0.conv_shortcut.bias,0.027806202912896677,-4.2661737606403434e-08,-0.19529559955803166,7.856052820491412e-06,-1.3552479934072205e-08,-0.04824148537761674,1.0103140993956497e-05,0.0003237925993744284,0.001607292564585805
natural_full_finetune_fp32_test,fp32,1,3460,up_blocks.3.resnets.1.norm1.weight,0.08451409374872287,-3.359484344473187e-07,-0.04965534223829238,8.005297997938488e-05,-9.128142245117069e-07,-0.10140325188337002,0.0001065126960638807,0.0003237925993744284,0.001607292564585805
natural_full_finetune_fp32_test,fp32,1,3460,up_blocks.3.resnets.1.norm1.bias,0.04131474478376032,-9.531139190678878e-07,-0.1831017383687577,0.00012599324750389268,-1.060129152674668e-06,-0.28071726586416745,9.14080781100448e-05,0.0003237925993744284,0.001607292564585805
natural_full_finetune_fp32_test,fp32,1,3460,up_blocks.3.resnets.1.conv1.weight,1.664990337032608,-3.997017959768172e-05,-0.029357600389225517,0.0008177185082061207,-2.448919458448263e-05,-0.03478378772120154,0.000422849588850699,0.0003237925993744284,0.001607292564585805
natural_full_finetune_fp32_test,fp32,1,3460,up_blocks.3.resnets.1.conv1.bias,0.03869437760056058,-4.7344599493766523e-07,-0.11381269628691565,0.00010750579360135115,-3.3588248149105964e-07,-0.19005144307719646,4.5673923071163886e-05,0.0003237925993744284,0.001607292564585805
natural_full_finetune_fp32_test,fp32,1,3460,up_blocks.3.resnets.1.norm2.weight,0.10786050131792908,-8.124284163382734e-07,-0.18622927193183528,4.044592064729084e-05,-2.9819927287598642e-06,-0.47856962512102513,5.7769554076527933e-05,0.0003237925993744284,0.001607292564585805
natural_full_finetune_fp32_test,fp32,1,3460,up_blocks.3.resnets.1.norm2.bias,0.06477052278536159,-1.832458643383628e-07,-0.0784022689604962,3.608511952175214e-05,-6.649018767528192e-07,-0.3221751706425425,3.186310459306926e-05,0.0003237925993744284,0.001607292564585805
natural_full_finetune_fp32_test,fp32,1,3460,up_blocks.3.resnets.1.conv2.weight,1.624848718641176,-7.034441313394192e-05,-0.1100863997418227,0.00039326292918834163,-4.07829676731822e-05,-0.09951115066813891,0.0002522284927900212,0.0003237925993744284,0.001607292564585805
natural_full_finetune_fp32_test,fp32,1,3460,up_blocks.3.resnets.1.conv2.bias,0.024273688098819836,-3.6009830529913336e-08,-0.1858737309219468,7.981183461040739e-06,-3.135278353033991e-08,-0.12403328935540567,1.0413628379837563e-05,0.0003237925993744284,0.001607292564585805
natural_full_finetune_fp32_test,fp32,1,3460,up_blocks.3.resnets.2.norm1.weight,0.059601911203464926,-1.010717110343641e-06,-0.0957442718215578,0.00017711552520432826,-4.094356888406717e-06,-0.191381711672098,0.00035894265847964777,0.0003237925993744284,0.001607292564585805
natural_full_finetune_fp32_test,fp32,1,3460,up_blocks.3.resnets.2.norm1.bias,0.03454226083126922,-3.7030555328773337e-06,-0.339465423469456,0.00031580130498287234,-1.1325625484843286e-05,-0.4932706645259868,0.0006647007195571573,0.0003237925993744284,0.001607292564585805
natural_full_finetune_fp32_test,fp32,1,3460,up_blocks.3.resnets.2.conv1.weight,1.6553094460687718,-3.857455584238638e-05,-0.023151911427998752,0.0010065489230457435,-5.178157354003092e-05,-0.03679204447658618,0.0008502411667816913,0.0003237925993744284,0.001607292564585805
natural_full_finetune_fp32_test,fp32,1,3460,up_blocks.3.resnets.2.conv1.bias,0.037092596499306345,-4.923753550096306e-07,-0.09444591050045914,0.00014054840259319906,-1.8627580948219612e-06,-0.29613663981094457,0.0001695809562546304,0.0003237925993744284,0.001607292564585805
natural_full_finetune_fp32_test,fp32,1,3460,up_blocks.3.resnets.2.norm2.weight,0.11090273281002422,-1.2926551591372873e-06,-0.20269857572911992,5.750289882121131e-05,-5.496460528814386e-06,-0.5993546434212618,8.26907614855993e-05,0.0003237925993744284,0.001607292564585805
natural_full_finetune_fp32_test,fp32,1,3460,up_blocks.3.resnets.2.norm2.bias,0.07265759843190528,-9.210824426692693e-07,-0.2277834781791097,5.5653854066298035e-05,-4.341092166312259e-06,-0.687140440163204,8.695057510005886e-05,0.0003237925993744284,0.001607292564585805
natural_full_finetune_fp32_test,fp32,1,3460,up_blocks.3.resnets.2.conv2.weight,1.7806654251627738,-2.863229273677287e-05,-0.0635441002904411,0.0002530454685289726,-5.2848514599840536e-05,-0.14810692672393716,0.00020038955866166249,0.0003237925993744284,0.001607292564585805
natural_full_finetune_fp32_test,fp32,1,3460,up_blocks.3.resnets.2.conv2.bias,0.03866062021653349,-1.7304734474971928e-08,-0.09825056633746936,4.555762342694864e-06,-9.306647457892878e-08,-0.2100582748791526,1.1460000891440173e-05,0.0003237925993744284,0.001607292564585805
natural_full_finetune_fp32_test,fp32,1,3460,mid_block.attentions.0.group_norm.weight,0.3596357421626234,-3.66291386837995e-07,-0.01208928470865717,8.42487088303893e-05,-1.0521443199394434e-06,-0.05120809311667614,5.7131268086875e-05,0.0003237925993744284,0.001607292564585805
natural_full_finetune_fp32_test,fp32,1,3460,mid_block.attentions.0.group_norm.bias,0.06769844553830587,-3.8409082930177956e-08,-0.005375759761643067,0.000105539586665568,8.866659467178132e-07,0.17382995587217115,7.53453947594518e-05,0.0003237925993744284,0.001607292564585805
natural_full_finetune_fp32_test,fp32,1,3460,mid_block.attentions.0.to_q.weight,2.522656628836125,3.4082775939677504e-06,0.007322343229156726,0.0001845129008278587,7.195433996776849e-06,0.03057852298334619,9.327867084902524e-05,0.0003237925993744284,0.001607292564585805
natural_full_finetune_fp32_test,fp32,1,3460,mid_block.attentions.0.to_q.bias,0.09956281420773305,3.974172273530913e-07,0.44738988770102905,8.922023479430992e-06,3.104917779060546e-07,0.45315854078204076,6.881811470197087e-06,0.0003237925993744284,0.001607292564585805
natural_full_finetune_fp32_test,fp32,1,3460,mid_block.attentions.0.to_k.weight,2.4954198571446087,2.126592356246972e-06,0.0044767646583831625,0.00019036028993290818,4.932387919818021e-06,0.02319749564031609,8.520645501687086e-05,0.0003237925993744284,0.001607292564585805
natural_full_finetune_fp32_test,fp32,1,3460,mid_block.attentions.0.to_k.bias,3.469475754221511e-05,1.3089642840984542e-16,0.15245580051101126,2.4746853491181842e-11,-4.2010714636891206e-17,-0.15777094690348756,7.674837349646765e-12,0.0003237925993744284,0.001607292564585805
natural_full_finetune_fp32_test,fp32,1,3460,mid_block.attentions.0.to_v.weight,1.9478668400094432,-2.147794213889749e-05,-0.0157658079212596,0.0006993863833397792,2.7736632986305854e-05,0.03853948102562067,0.00036947802497943396,0.0003237925993744284,0.001607292564585805
natural_full_finetune_fp32_test,fp32,1,3460,mid_block.attentions.0.to_v.bias,0.03607908072423175,-2.292692227718891e-08,-0.00944768684870729,6.726123008318276e-05,1.611957891554738e-07,0.0850024484933971,5.256138417222808e-05,0.0003237925993744284,0.001607292564585805
natural_full_finetune_fp32_test,fp32,1,3460,mid_block.attentions.0.to_out.0.weight,2.5354071315210933,-3.564355000161472e-06,-0.0017096040419614313,0.0008223140460650791,5.433423298367989e-05,0.030206601372391093,0.0007094535541622757,0.0003237925993744284,0.001607292564585805
natural_full_finetune_fp32_test,fp32,1,3460,mid_block.attentions.0.to_out.0.bias,0.04661746684673299,-7.418783992771684e-07,-0.1280218900053268,0.00012430821238977607,-3.0757794266645733e-07,-0.035597145297221806,0.00018534946884280398,0.0003237925993744284,0.001607292564585805
natural_full_finetune_fp32_test,fp32,1,3460,mid_block.resnets.0.norm1.weight,0.08989003386097506,-1.2659814713384401e-06,-0.16155395140945483,8.717625749228777e-05,-2.109429739207615e-06,-0.3147196637783861,7.456407624466958e-05,0.0003237925993744284,0.001607292564585805
natural_full_finetune_fp32_test,fp32,1,3460,mid_block.resnets.0.norm1.bias,0.08093230848859313,-2.7691786116439654e-06,-0.32139821298329924,0.00010645978447788304,-2.7487883535357334e-06,-0.3763035308893548,9.025703871678936e-05,0.0003237925993744284,0.001607292564585805
natural_full_finetune_fp32_test,fp32,1,3460,mid_block.resnets.0.conv1.weight,7.126690612571936,8.127642787788081e-07,0.00019990930012562565,0.0005704843091298237,3.538902631141281e-05,0.014110113716594853,0.0003519250609036038,0.0003237925993744284,0.001607292564585805
natural_full_finetune_fp32_test,fp32,1,3460,mid_block.resnets.0.conv1.bias,0.054001732025447814,1.8674158801935454e-08,0.019236825680490333,1.797628515969705e-05,3.836646439829014e-10,0.0005107258397825303,1.3910932993657149e-05,0.0003237925993744284,0.001607292564585805
natural_full_finetune_fp32_test,fp32,1,3460,mid_block.resnets.0.norm2.weight,0.18716631207456177,-1.8776836819883676e-06,-0.043397427846000446,0.00023116962005226293,-6.858584765845406e-07,-0.025245803584797222,0.0001451501965867302,0.0003237925993744284,0.001607292564585805
natural_full_finetune_fp32_test,fp32,1,3460,mid_block.resnets.0.norm2.bias,0.05855375082136904,-3.876820295741011e-06,-0.23576727657587643,0.0002808260706613531,-1.078264770710222e-06,-0.08418953880932421,0.0002187321215836039,0.0003237925993744284,0.001607292564585805
natural_full_finetune_fp32_test,fp32,1,3460,mid_block.resnets.0.conv2.weight,7.92200752801097,-7.92636975664455e-05,-0.009567535014920067,0.0010457768331212742,0.00010692662484013398,0.01723794558598822,0.0007830060220820524,0.0003237925993744284,0.001607292564585805
natural_full_finetune_fp32_test,fp32,1,3460,mid_block.resnets.0.conv2.bias,0.03888606602877038,-9.359923988010253e-07,-0.17942671996833,0.00013415015986172662,-3.450825962422137e-07,-0.04690178340817421,0.00018920808525042435,0.0003237925993744284,0.001607292564585805
natural_full_finetune_fp32_test,fp32,1,3460,mid_block.resnets.1.norm1.weight,0.134272795259863,2.6224702705836134e-07,0.03807544314881832,5.129530031997517e-05,-3.0841018007192364e-07,-0.05798039009666493,3.961498919925407e-05,0.0003237925993744284,0.001607292564585805
natural_full_finetune_fp32_test,fp32,1,3460,mid_block.resnets.1.norm1.bias,0.09185343818856902,5.401464094158191e-07,0.09926467531685892,5.9240859374947156e-05,1.0646885453273232e-07,0.02940101436085676,3.942437801180317e-05,0.0003237925993744284,0.001607292564585805
natural_full_finetune_fp32_test,fp32,1,3460,mid_block.resnets.1.conv1.weight,7.740766152332887,-3.3286235958139374e-07,-0.00011684185190870633,0.00036802922573913796,3.755962343208258e-05,0.022499333266442503,0.0002156590228655148,0.0003237925993744284,0.001607292564585805
natural_full_finetune_fp32_test,fp32,1,3460,mid_block.resnets.1.conv1.bias,0.052281188478095736,-2.6823774892027456e-08,-0.03359948099307308,1.5270099792703866e-05,1.3108101023394735e-09,0.0021450216426111474,1.1688604119096855e-05,0.0003237925993744284,0.001607292564585805
natural_full_finetune_fp32_test,fp32,1,3460,mid_block.resnets.1.norm2.weight,0.17716864159102413,-1.2130126342431918e-06,-0.09932077953089688,6.893477295181409e-05,-5.189955901191878e-07,-0.0659528635742668,4.441637955515615e-05,0.0003237925993744284,0.001607292564585805
natural_full_finetune_fp32_test,fp32,1,3460,mid_block.resnets.1.norm2.bias,0.05242262545637909,-1.654938329552821e-06,-0.16197859009897309,0.00019489712489651745,-5.19092855458686e-07,-0.07478609821805803,0.00013240531176048003,0.0003237925993744284,0.001607292564585805
natural_full_finetune_fp32_test,fp32,1,3460,mid_block.resnets.1.conv2.weight,8.146982521691196,1.687254115979685e-05,0.003257448453610643,0.0006357789716815783,5.844102231422774e-05,0.012284026579108927,0.0005839561981559547,0.0003237925993744284,0.001607292564585805
natural_full_finetune_fp32_test,fp32,1,3460,mid_block.resnets.1.conv2.bias,0.03981342907173873,-4.603791384379184e-07,-0.09782678847235862,0.00011820293358010368,-2.3492369052527984e-07,-0.03218117884120683,0.0001833560656562076,0.0003237925993744284,0.001607292564585805
natural_full_finetune_fp32_test,fp32,1,3460,conv_norm_out.weight,0.12900715250914593,-7.250744799581212e-06,-0.1981019727747329,0.000283713518612957,-1.4081504494595184e-05,-0.08985866463161249,0.0012147175561473952,0.0003237925993744284,0.001607292564585805
natural_full_finetune_fp32_test,fp32,1,3460,conv_norm_out.bias,0.042918096621359696,-1.533908883985627e-06,-0.12295934119356584,0.0002906682407078883,-1.7000482889329635e-06,-0.025349473962774066,0.0015626145100822713,0.0003237925993744284,0.001607292564585805
natural_full_finetune_fp32_test,fp32,1,3460,conv_out.weight,0.10175039504632229,-0.00014648984309242695,-0.1006331019381171,0.014306406145029349,-8.766551326307733e-05,-0.05902196702666848,0.014597517233871761,0.0003237925993744284,0.001607292564585805
natural_full_finetune_fp32_test,fp32,1,3460,conv_out.bias,0.0020828498361349828,2.669890354338065e-07,0.5097590841859649,0.00025146091529889924,2.5903123049850554e-06,0.4072330360763617,0.0030538743622873766,0.0003237925993744284,0.001607292564585805
natural_full_finetune_fp32_test,fp32,2,3461,conv_in.weight,0.48198976153301,-5.446514712841256e-05,-0.06669535365118097,0.0016942804061850006,-3.194948879894021e-05,-0.04144732350239469,0.0015992987943786619,0.0003829194465652108,0.002390506211668253
natural_full_finetune_fp32_test,fp32,2,3461,conv_in.bias,0.05993026829428392,-1.1791017136107542e-06,-0.14771561079397316,0.00013319215754706144,-7.604371220373271e-06,-0.4322172674918858,0.00029357223164801335,0.0003829194465652108,0.002390506211668253
natural_full_finetune_fp32_test,fp32,2,3461,up_blocks.0.resnets.0.norm1.weight,0.1231950067601581,-4.7142727678527027e-07,-0.06046828204845835,6.32840072107777e-05,-4.390934143401917e-07,-0.05816184591428649,6.128097073860283e-05,0.0003829194465652108,0.002390506211668253
natural_full_finetune_fp32_test,fp32,2,3461,up_blocks.0.resnets.0.norm1.bias,0.08158493245719015,-2.3472558169175656e-07,-0.04849734673605715,5.9324281421509e-05,-2.4802611661709995e-07,-0.04140234593691453,7.342813630050788e-05,0.0003829194465652108,0.002390506211668253
natural_full_finetune_fp32_test,fp32,2,3461,up_blocks.0.resnets.0.conv1.weight,7.717062840790411,3.378358804934111e-06,0.0008435018407906165,0.000519000410418429,1.4664728198230841e-05,0.007522835622021829,0.0002526041079132403,0.0003829194465652108,0.002390506211668253
natural_full_finetune_fp32_test,fp32,2,3461,up_blocks.0.resnets.0.conv1.bias,0.042161752992925974,-3.353239143211104e-08,-0.04239557577492808,1.8759675843911073e-05,-1.0457111563711575e-07,-0.1254625093255849,1.9768745589665722e-05,0.0003829194465652108,0.002390506211668253
natural_full_finetune_fp32_test,fp32,2,3461,up_blocks.0.resnets.0.norm2.weight,0.20046835522155956,-5.831953895296201e-07,-0.051143623208311055,5.688224950866181e-05,-9.303577415337378e-07,-0.09226557972841808,5.0299588688341605e-05,0.0003829194465652108,0.002390506211668253
natural_full_finetune_fp32_test,fp32,2,3461,up_blocks.0.resnets.0.norm2.bias,0.055142997909171966,-3.973487413400601e-08,-0.00529822952892314,0.00013600369248147724,-2.833241366976861e-07,-0.031043898389146018,0.00016550722137177395,0.0003829194465652108,0.002390506211668253
natural_full_finetune_fp32_test,fp32,2,3461,up_blocks.0.resnets.0.conv2.weight,8.251081935219325,9.302084904713546e-06,0.0015624425652268751,0.0007215481833756893,3.382097665716992e-05,0.007827680662548405,0.0005236512505073733,0.0003829194465652108,0.002390506211668253
natural_full_finetune_fp32_test,fp32,2,3461,up_blocks.0.resnets.0.conv2.bias,0.03718127277935157,-3.310158017505215e-07,-0.08638942681836828,0.00010305376934586591,-1.2835103392100515e-07,-0.018043418790907685,0.00019131820159175178,0.0003829194465652108,0.002390506211668253
natural_full_finetune_fp32_test,fp32,2,3461,up_blocks.0.resnets.1.norm1.weight,0.11832450922740292,1.351944154739432e-07,0.01504539956232717,7.594169998196167e-05,-3.933206871785815e-08,-0.005378141411843598,6.180731251191088e-05,0.0003829194465652108,0.002390506211668253
natural_full_finetune_fp32_test,fp32,2,3461,up_blocks.0.resnets.1.norm1.bias,0.05993940584336388,-2.5938300494369696e-07,-0.05214202863584863,8.299294194576017e-05,-4.818457308215557e-07,-0.09976991267006807,8.057419768938872e-05,0.0003829194465652108,0.002390506211668253
natural_full_finetune_fp32_test,fp32,2,3461,up_blocks.0.resnets.1.conv1.weight,7.864165002639292,2.300894597841042e-05,0.005188496230449564,0.0005639006585599475,2.8689692362963605e-05,0.014001828064025588,0.00026054847396941817,0.0003829194465652108,0.002390506211668253
natural_full_finetune_fp32_test,fp32,2,3461,up_blocks.0.resnets.1.conv1.bias,0.043027480688013764,3.2310771294783527e-08,0.02922839211573867,2.569191531710301e-05,-6.348907396398226e-08,-0.06500875458946316,2.269766741969318e-05,0.0003829194465652108,0.002390506211668253
natural_full_finetune_fp32_test,fp32,2,3461,up_blocks.0.resnets.1.norm2.weight,0.19567949522537043,-6.282710373714497e-07,-0.03845568735150721,8.349128437310698e-05,-1.137088440027591e-06,-0.09809100678026282,5.92406388040483e-05,0.0003829194465652108,0.002390506211668253
natural_full_finetune_fp32_test,fp32,2,3461,up_blocks.0.resnets.1.norm2.bias,0.05693917839998559,4.784756861341309e-07,0.05045887215565372,0.00016653715400062236,-1.3987727791250713e-06,-0.17356755119856218,0.0001415361701144798,0.0003829194465652108,0.002390506211668253
natural_full_finetune_fp32_test,fp32,2,3461,up_blocks.0.resnets.1.conv2.weight,8.11124769032121,-7.651984845213746e-06,-0.0012001415454529942,0.0007860568699776709,4.593132093003411e-05,0.008375449716066562,0.000676103425490429,0.0003829194465652108,0.002390506211668253
natural_full_finetune_fp32_test,fp32,2,3461,up_blocks.0.resnets.1.conv2.bias,0.03902283960140366,-6.062940651777782e-08,-0.015550193025959697,9.991453325627852e-05,5.719725877153034e-08,0.007764939034007213,0.00018876361952285548,0.0003829194465652108,0.002390506211668253
natural_full_finetune_fp32_test,fp32,2,3461,up_blocks.0.resnets.2.norm1.weight,0.13845986476911515,-1.4885728581919984e-07,-0.012011043868639958,8.950873919302146e-05,-7.691654788260722e-07,-0.08030914199840596,6.917208956474144e-05,0.0003829194465652108,0.002390506211668253
natural_full_finetune_fp32_test,fp32,2,3461,up_blocks.0.resnets.2.norm1.bias,0.07190528289094782,-1.7256555500220476e-07,-0.02870684014983288,8.360031663478697e-05,-1.8671107675155564e-06,-0.2728051489641052,9.518241535272372e-05,0.0003829194465652108,0.002390506211668253
natural_full_finetune_fp32_test,fp32,2,3461,up_blocks.0.resnets.2.conv1.weight,8.378988009351785,4.698660282759638e-06,0.0008632297739912094,0.0006496150322161182,-1.1424603313908947e-05,-0.005015810800246109,0.0002718369033219112,0.0003829194465652108,0.002390506211668253
natural_full_finetune_fp32_test,fp32,2,3461,up_blocks.0.resnets.2.conv1.bias,0.09178063325956466,2.3853613954334292e-08,0.009597619266846021,2.7079436251632176e-05,-2.552672083598354e-07,-0.12446189772380835,2.2346399592822524e-05,0.0003829194465652108,0.002390506211668253
natural_full_finetune_fp32_test,fp32,2,3461,up_blocks.0.resnets.2.norm2.weight,0.1625101556532037,-1.5703646388261412e-06,-0.10036626312874176,9.6279149769829e-05,-3.896686426547321e-07,-0.02547037578486342,9.414117183608512e-05,0.0003829194465652108,0.002390506211668253
natural_full_finetune_fp32_test,fp32,2,3461,up_blocks.0.resnets.2.norm2.bias,0.069952625797527,-1.4246773648932125e-06,-0.1253183625476174,0.00016251662382625636,-2.09654670163742e-06,-0.18027933008769392,0.00016624729369421,0.0003829194465652108,0.002390506211668253
natural_full_finetune_fp32_test,fp32,2,3461,up_blocks.0.resnets.2.conv2.weight,7.561135440835963,3.068523438118736e-06,0.0004954986708834735,0.0008190302333981587,4.0955980437579895e-05,0.00774752065923209,0.000699145499459004,0.0003829194465652108,0.002390506211668253
natural_full_finetune_fp32_test,fp32,2,3461,up_blocks.0.resnets.2.conv2.bias,0.042278094939367517,3.301780045743477e-08,0.008044071627089871,9.708604282510364e-05,1.8503248001889022e-07,0.023168751854965194,0.0001888991144471769,0.0003829194465652108,0.002390506211668253
natural_full_finetune_fp32_test,fp32,2,3461,up_blocks.0.upsamplers.0.conv.weight,8.371644070331701,-0.00016924333743253172,-0.0068212221175094736,0.0029637299831164316,3.473198569798687e-05,0.0018920014836767,0.00219279173362018,0.0003829194465652108,0.002390506211668253
natural_full_finetune_fp32_test,fp32,2,3461,up_blocks.0.upsamplers.0.conv.bias,0.045199826805294156,-1.2808787732121285e-07,-0.08086647238890077,3.5043119482370256e-05,-1.2490683753829342e-07,-0.06350147721566493,4.351766792198547e-05,0.0003829194465652108,0.002390506211668253
natural_full_finetune_fp32_test,fp32,2,3461,up_blocks.1.resnets.0.norm1.weight,0.13520485618415579,2.3801413291424028e-07,0.018249136724071132,9.646463604050895e-05,-2.45185219383625e-07,-0.027589289737793937,6.572967353272827e-05,0.0003829194465652108,0.002390506211668253
natural_full_finetune_fp32_test,fp32,2,3461,up_blocks.1.resnets.0.norm1.bias,0.10092126084151706,3.3864976675383426e-07,0.04269182760545775,7.860014842371501e-05,7.334704612520937e-07,0.1324739463607113,5.486172851576678e-05,0.0003829194465652108,0.002390506211668253
natural_full_finetune_fp32_test,fp32,2,3461,up_blocks.1.resnets.0.conv1.weight,8.020612225580605,-2.4534512895668556e-05,-0.004253413113765528,0.0007191713110912647,5.771738525759441e-05,0.02623015101088527,0.00027434581359797074,0.0003829194465652108,0.002390506211668253
natural_full_finetune_fp32_test,fp32,2,3461,up_blocks.1.resnets.0.conv1.bias,0.04949735706569676,-3.662594923133924e-08,-0.025745841125207922,2.8740862299438985e-05,6.843969807086847e-08,0.07319078870154905,1.8891639415582564e-05,0.0003829194465652108,0.002390506211668253
natural_full_finetune_fp32_test,fp32,2,3461,up_blocks.1.resnets.0.norm2.weight,0.10149643863115111,2.2556820519646471e-07,0.020591173700383027,0.00010793094461849657,4.206819914158701e-07,0.0582681434071231,7.113313295022444e-05,0.0003829194465652108,0.002390506211668253
natural_full_finetune_fp32_test,fp32,2,3461,up_blocks.1.resnets.0.norm2.bias,0.09255201237281951,-3.0174933147190865e-07,-0.038103314411247376,8.556530369150288e-05,5.051433427894879e-07,0.08032478859241185,6.79483908940103e-05,0.0003829194465652108,0.002390506211668253
natural_full_finetune_fp32_test,fp32,2,3461,up_blocks.1.resnets.0.conv2.weight,8.258164937512348,-6.65363193193299e-05,-0.009584231491329814,0.0008406552416943325,7.699293303079521e-05,0.022047308283109364,0.00042287473327881685,0.0003829194465652108,0.002390506211668253
natural_full_finetune_fp32_test,fp32,2,3461,up_blocks.1.resnets.0.conv2.bias,0.04466196595069504,-1.5853683731865263e-07,-0.10458858055344548,3.393970671276888e-05,-1.0923205137112587e-07,-0.05633728321161075,4.341265568042316e-05,0.0003829194465652108,0.002390506211668253
natural_full_finetune_fp32_test,fp32,2,3461,up_blocks.1.resnets.1.norm1.weight,0.11514799169892696,-2.0127717070409012e-07,-0.01861579241125239,9.389806093269723e-05,-1.2415013492718796e-07,-0.017596397297239174,6.127270718654289e-05,0.0003829194465652108,0.002390506211668253
natural_full_finetune_fp32_test,fp32,2,3461,up_blocks.1.resnets.1.norm1.bias,0.0782070066426261,-5.066275358796388e-08,-0.007333283339025974,8.833740994303899e-05,-8.321971892509463e-07,-0.16716476692964935,6.36554853477458e-05,0.0003829194465652108,0.002390506211668253
natural_full_finetune_fp32_test,fp32,2,3461,up_blocks.1.resnets.1.conv1.weight,8.566649499449625,-3.176625267763588e-05,-0.004693671378856084,0.0007900276803121632,5.465655143219563e-05,0.02502898455165326,0.0002549106601950656,0.0003829194465652108,0.002390506211668253
natural_full_finetune_fp32_test,fp32,2,3461,up_blocks.1.resnets.1.conv1.bias,0.06828835087642991,-1.2787229489336142e-07,-0.05509193890667583,3.398926531560181e-05,-9.716226112289346e-08,-0.06714945658252569,2.1188903626526108e-05,0.0003829194465652108,0.002390506211668253
natural_full_finetune_fp32_test,fp32,2,3461,up_blocks.1.resnets.1.norm2.weight,0.12052185331046246,6.767486725597522e-07,0.05915957390628141,9.49153762966546e-05,-4.2880477141745645e-07,-0.062348425918125915,5.706480194915446e-05,0.0003829194465652108,0.002390506211668253
natural_full_finetune_fp32_test,fp32,2,3461,up_blocks.1.resnets.1.norm2.bias,0.1237713401424968,-1.8874436073651333e-07,-0.01984498936681682,7.684277161277306e-05,-5.742218635045633e-07,-0.08306484390470796,5.585246918706199e-05,0.0003829194465652108,0.002390506211668253
natural_full_finetune_fp32_test,fp32,2,3461,up_blocks.1.resnets.1.conv2.weight,8.300920837877786,-6.367254182655855e-05,-0.00907631979997173,0.0008451156137886683,9.956664907935034e-05,0.02737442210227236,0.00043817001993822944,0.0003829194465652108,0.002390506211668253
natural_full_finetune_fp32_test,fp32,2,3461,up_blocks.1.resnets.1.conv2.bias,0.04738114322703417,-1.3111184009712704e-07,-0.09271004538892275,2.984761152189804e-05,-4.315194883054729e-08,-0.02231237211701089,4.081775687177476e-05,0.0003829194465652108,0.002390506211668253
natural_full_finetune_fp32_test,fp32,2,3461,up_blocks.1.resnets.2.norm1.weight,0.11630191505635318,5.8335873262276066e-08,0.0037907962672438173,0.00013231783709092586,-3.3530919871571855e-07,-0.032744540398484324,8.804804202894685e-05,0.0003829194465652108,0.002390506211668253
natural_full_finetune_fp32_test,fp32,2,3461,up_blocks.1.resnets.2.norm1.bias,0.06920830902582786,-6.638772019041055e-07,-0.08016238023144319,0.00011966273163654527,-4.705070186405433e-08,-0.007668365391886773,8.865537467333184e-05,0.0003829194465652108,0.002390506211668253
natural_full_finetune_fp32_test,fp32,2,3461,up_blocks.1.resnets.2.conv1.weight,8.491667395628745,-9.679538603630097e-05,-0.011068531416412213,0.0010298445591481974,0.00010705763957763711,0.03856630583575351,0.000326901299944299,0.0003829194465652108,0.002390506211668253
natural_full_finetune_fp32_test,fp32,2,3461,up_blocks.1.resnets.2.conv1.bias,0.061738176723107975,-4.700587739011299e-07,-0.1826074393961859,4.169460820463137e-05,-8.941122444711376e-08,-0.0493144720949667,2.9367288818103882e-05,0.0003829194465652108,0.002390506211668253
natural_full_finetune_fp32_test,fp32,2,3461,up_blocks.1.resnets.2.norm2.weight,0.1179273031088141,-3.416451907386296e-08,-0.0023861143876169376,0.00012141425671306302,-6.036297253053888e-07,-0.06045622022449818,8.466721220189231e-05,0.0003829194465652108,0.002390506211668253
natural_full_finetune_fp32_test,fp32,2,3461,up_blocks.1.resnets.2.norm2.bias,0.10364182781050948,-6.586427635029679e-07,-0.06735418167990184,9.43518232856489e-05,-2.9619371899088243e-07,-0.03625784028887654,7.882043903596938e-05,0.0003829194465652108,0.002390506211668253
natural_full_finetune_fp32_test,fp32,2,3461,up_blocks.1.resnets.2.conv2.weight,7.964809045986483,-9.96207621588411e-05,-0.015264175254274754,0.0008194097894523212,0.00012129621594147802,0.03175337200575984,0.0004796031566824897,0.0003829194465652108,0.002390506211668253
natural_full_finetune_fp32_test,fp32,2,3461,up_blocks.1.resnets.2.conv2.bias,0.05115036241123614,-6.236290135501978e-08,-0.050533217307637615,2.4126851293542226e-05,-8.888767783777985e-08,-0.04291283982032834,4.0495390369391276e-05,0.0003829194465652108,0.002390506211668253
natural_full_finetune_fp32_test,fp32,2,3461,up_blocks.1.upsamplers.0.conv.weight,8.267905208125878,-0.0003637579465187082,-0.015891572635508763,0.002768535670777901,0.00019856227425750045,0.012250263635459651,0.0019604501990897237,0.0003829194465652108,0.002390506211668253
natural_full_finetune_fp32_test,fp32,2,3461,up_blocks.1.upsamplers.0.conv.bias,0.04985253026898898,-3.5278916379626655e-08,-0.09251666178082023,7.649060167393216e-06,2.073438296546487e-08,0.04169525840709147,9.975099585886853e-06,0.0003829194465652108,0.002390506211668253
natural_full_finetune_fp32_test,fp32,2,3461,up_blocks.2.resnets.0.norm1.weight,0.1365707682149231,-2.316312791867785e-07,-0.015019821660815152,0.00011292099003701893,-1.4522575039046326e-07,-0.01200438679177702,8.858208464291803e-05,0.0003829194465652108,0.002390506211668253
natural_full_finetune_fp32_test,fp32,2,3461,up_blocks.2.resnets.0.norm1.bias,0.10526902862179811,-3.0859369666945037e-07,-0.03421746000644111,8.567195296687865e-05,1.355388634571458e-07,0.018082775231981717,7.120297506060227e-05,0.0003829194465652108,0.002390506211668253
natural_full_finetune_fp32_test,fp32,2,3461,up_blocks.2.resnets.0.conv1.weight,5.764780775253505,-0.0001873912051891102,-0.034604772546155925,0.0009393564220920489,5.44360512499876e-05,0.02901014310497417,0.00032550221382204804,0.0003829194465652108,0.002390506211668253
natural_full_finetune_fp32_test,fp32,2,3461,up_blocks.2.resnets.0.conv1.bias,0.044594227595209014,-1.556921643637367e-07,-0.14713662012195697,2.3728338782750453e-05,6.978445983601994e-08,0.095497048552972,1.6386648037375804e-05,0.0003829194465652108,0.002390506211668253
natural_full_finetune_fp32_test,fp32,2,3461,up_blocks.2.resnets.0.norm2.weight,0.09948839024909692,-6.488635264844165e-07,-0.09156544095624768,7.122777324392213e-05,-3.005829658784459e-07,-0.046954643914227615,6.434479329598072e-05,0.0003829194465652108,0.002390506211668253
natural_full_finetune_fp32_test,fp32,2,3461,up_blocks.2.resnets.0.norm2.bias,0.05815218775938698,-4.76360898804286e-07,-0.1413458870830714,5.7954461142141164e-05,2.067250626627103e-07,0.06563894482335009,5.415835731291892e-05,0.0003829194465652108,0.002390506211668253
natural_full_finetune_fp32_test,fp32,2,3461,up_blocks.2.resnets.0.conv2.weight,3.6753482007726124,-0.0001326643030884507,-0.05554294032789884,0.0006498703501160103,1.7623950036845736e-05,0.015175965304187274,0.0003159718825770296,0.0003829194465652108,0.002390506211668253
natural_full_finetune_fp32_test,fp32,2,3461,up_blocks.2.resnets.0.conv2.bias,0.03928895771280883,-1.042692593640423e-07,-0.185296641016778,1.4322480326291737e-05,8.326654909224543e-08,0.12159934983515677,1.7428852943591404e-05,0.0003829194465652108,0.002390506211668253
natural_full_finetune_fp32_test,fp32,2,3461,up_blocks.2.resnets.0.conv_shortcut.weight,1.4061649417967312,-0.0004838064386629508,-0.043641728308710645,0.007883760756208577,0.00013105942664691774,0.01991330916920934,0.004680460249020899,0.0003829194465652108,0.002390506211668253
natural_full_finetune_fp32_test,fp32,2,3461,up_blocks.2.resnets.0.conv_shortcut.bias,0.03928889274874867,-1.0426751677476941e-07,-0.18529385064801365,1.4322480326291737e-05,8.326596509583813e-08,0.12159869805140608,1.7428852943591404e-05,0.0003829194465652108,0.002390506211668253
natural_full_finetune_fp32_test,fp32,2,3461,up_blocks.2.resnets.1.norm1.weight,0.10200962652026205,-9.94826219702804e-07,-0.1295311350234988,7.52890633865797e-05,-4.207831700991546e-07,-0.13425940488592314,3.072362713659223e-05,0.0003829194465652108,0.002390506211668253
natural_full_finetune_fp32_test,fp32,2,3461,up_blocks.2.resnets.1.norm1.bias,0.0730374077531738,-9.178191499725191e-07,-0.20321142136385015,6.183916980548338e-05,-1.3244215994592972e-07,-0.06374714941325467,2.84459298641416e-05,0.0003829194465652108,0.002390506211668253
natural_full_finetune_fp32_test,fp32,2,3461,up_blocks.2.resnets.1.conv1.weight,3.951593592787576,-0.0001407497909878964,-0.04061720891634825,0.000876930972414399,2.326304369863832e-05,0.02628883775994543,0.00022393546438408704,0.0003829194465652108,0.002390506211668253
natural_full_finetune_fp32_test,fp32,2,3461,up_blocks.2.resnets.1.conv1.bias,0.05109802455191541,-4.651934878897327e-07,-0.21543969858265993,4.2257498341709565e-05,3.4122597767973103e-10,0.0003740916386975927,1.7850894147745625e-05,0.0003829194465652108,0.002390506211668253
natural_full_finetune_fp32_test,fp32,2,3461,up_blocks.2.resnets.1.norm2.weight,0.09092484716786138,-2.621355535173771e-08,-0.004336987261030684,6.647451879441513e-05,1.1809191225921569e-08,0.005485744172886134,2.3675656207072482e-05,0.0003829194465652108,0.002390506211668253
natural_full_finetune_fp32_test,fp32,2,3461,up_blocks.2.resnets.1.norm2.bias,0.07640268816894114,-4.970441004160434e-07,-0.12888350181457658,5.047646781109616e-05,1.0267446097121484e-08,0.0057941006152666865,2.3193578471365145e-05,0.0003829194465652108,0.002390506211668253
natural_full_finetune_fp32_test,fp32,2,3461,up_blocks.2.resnets.1.conv2.weight,3.672018742128276,-0.00015636472884831423,-0.05606625639733778,0.0007595079919747491,5.045670705974422e-06,0.003703838811294841,0.00037098977198926446,0.0003829194465652108,0.002390506211668253
natural_full_finetune_fp32_test,fp32,2,3461,up_blocks.2.resnets.1.conv2.bias,0.03223160511780684,-5.455252720918069e-08,-0.12553773756712996,1.3482134124727347e-05,8.775475288753835e-08,0.1556997330335161,1.7486417610510783e-05,0.0003829194465652108,0.002390506211668253
natural_full_finetune_fp32_test,fp32,2,3461,up_blocks.2.resnets.2.norm1.weight,0.09992913762094888,-1.801929395943466e-07,-0.01717883111150325,0.00010496681524804648,7.996923262386186e-08,0.01651338235885155,4.846126563923024e-05,0.0003829194465652108,0.002390506211668253
natural_full_finetune_fp32_test,fp32,2,3461,up_blocks.2.resnets.2.norm1.bias,0.06632843635738632,-7.114804363487401e-07,-0.11159601608689092,9.612016611290777e-05,4.6429552821846496e-07,0.15434380008060047,4.535295121910263e-05,0.0003829194465652108,0.002390506211668253
natural_full_finetune_fp32_test,fp32,2,3461,up_blocks.2.resnets.2.conv1.weight,3.8831271523485436,-0.000211078758631736,-0.05548073797761848,0.000979762223659255,4.228924502570192e-05,0.0408074893509364,0.00026687533914655515,0.0003829194465652108,0.002390506211668253
natural_full_finetune_fp32_test,fp32,2,3461,up_blocks.2.resnets.2.conv1.bias,0.04786683860286782,-2.3749823877239898e-07,-0.09911472640589847,5.0059609986111396e-05,2.1824072490196214e-07,0.20476768809566762,2.2265867656583653e-05,0.0003829194465652108,0.002390506211668253
natural_full_finetune_fp32_test,fp32,2,3461,up_blocks.2.resnets.2.norm2.weight,0.09246981135429803,-8.153957219334675e-07,-0.10767248618138417,8.189619338311496e-05,-9.036204418631656e-07,-0.10005349145403053,9.766834465655314e-05,0.0003829194465652108,0.002390506211668253
natural_full_finetune_fp32_test,fp32,2,3461,up_blocks.2.resnets.2.norm2.bias,0.0679727840556926,-5.469499273027717e-07,-0.13080853843147294,6.151434690581799e-05,4.1509838873604223e-07,0.17695972902729948,3.450972867108941e-05,0.0003829194465652108,0.002390506211668253
natural_full_finetune_fp32_test,fp32,2,3461,up_blocks.2.resnets.2.conv2.weight,3.5475524810659724,-0.00013641014674102455,-0.056719512298727265,0.00067793079040109,-2.9417791473610277e-06,-0.002166279116660138,0.00038279549949525723,0.0003829194465652108,0.002390506211668253
natural_full_finetune_fp32_test,fp32,2,3461,up_blocks.2.resnets.2.conv2.bias,0.040131337812490196,2.7129656165813676e-08,0.07023360271007645,9.625331717297866e-06,1.3449923092570683e-07,0.19289951937513963,1.7374208057012594e-05,0.0003829194465652108,0.002390506211668253
natural_full_finetune_fp32_test,fp32,2,3461,up_blocks.2.upsamplers.0.conv.weight,3.1727483355589565,-0.00030008708797620975,-0.031460308659898906,0.0030064134453597845,7.742953409056432e-05,0.00873918600432121,0.0027925440864777227,0.0003829194465652108,0.002390506211668253
natural_full_finetune_fp32_test,fp32,2,3461,up_blocks.2.upsamplers.0.conv.bias,0.0447081410803337,-1.782006743373075e-08,-0.08885011763548982,4.486056337282753e-06,1.1754379870141309e-08,0.0341995052394216,7.687644391793305e-06,0.0003829194465652108,0.002390506211668253
natural_full_finetune_fp32_test,fp32,2,3461,up_blocks.3.resnets.0.norm1.weight,0.10245989680670056,-1.4857518158665779e-06,-0.14970719770736235,9.686116193378862e-05,-1.400551617951272e-07,-0.015089416097633918,9.058843791589485e-05,0.0003829194465652108,0.002390506211668253
natural_full_finetune_fp32_test,fp32,2,3461,up_blocks.3.resnets.0.norm1.bias,0.06493255293430271,-3.8835590028790763e-07,-0.07431054865314503,8.048537311727248e-05,7.531696633009188e-07,0.12045269089314307,9.62972387256402e-05,0.0003829194465652108,0.002390506211668253
natural_full_finetune_fp32_test,fp32,2,3461,up_blocks.3.resnets.0.conv1.weight,2.3881473924240746,-9.633614974666953e-05,-0.04713208086001426,0.0008558773703311628,1.6517904098229358e-05,0.0146117494316476,0.0004733600443442991,0.0003829194465652108,0.002390506211668253
natural_full_finetune_fp32_test,fp32,2,3461,up_blocks.3.resnets.0.conv1.bias,0.03492113484819175,-7.532458014144212e-08,-0.06424392198812497,3.3575023460867536e-05,3.210030539286393e-07,0.2977922520095617,3.086792393597197e-05,0.0003829194465652108,0.002390506211668253
natural_full_finetune_fp32_test,fp32,2,3461,up_blocks.3.resnets.0.norm2.weight,0.10992886604588033,-3.9089208233407785e-07,-0.050738177139940124,7.008260966386732e-05,-5.673357997263291e-07,-0.09091740327430012,5.676510137355604e-05,0.0003829194465652108,0.002390506211668253
natural_full_finetune_fp32_test,fp32,2,3461,up_blocks.3.resnets.0.norm2.bias,0.053777159023397074,-7.548167125185356e-08,-0.028814378612382258,4.87118242037187e-05,4.096864393969783e-07,0.13785410844132673,5.5262944350345833e-05,0.0003829194465652108,0.002390506211668253
natural_full_finetune_fp32_test,fp32,2,3461,up_blocks.3.resnets.0.conv2.weight,1.7659323289523887,-5.5825986939657435e-05,-0.09450977132211304,0.00033449192665370496,-1.5950402156454135e-05,-0.03472494951041088,0.0002601093460121145,0.0003829194465652108,0.002390506211668253
natural_full_finetune_fp32_test,fp32,2,3461,up_blocks.3.resnets.0.conv2.bias,0.02780623252323675,-2.9680059387638693e-08,-0.14058713027124284,7.592364493130792e-06,7.062244406846682e-09,0.019439137383112162,1.306542689072496e-05,0.0003829194465652108,0.002390506211668253
natural_full_finetune_fp32_test,fp32,2,3461,up_blocks.3.resnets.0.conv_shortcut.weight,0.5466907730245707,-0.00020247564388547267,-0.06414604968121408,0.005773791920395308,9.049145160805412e-05,0.03259522153417258,0.005078224236623792,0.0003829194465652108,0.002390506211668253
natural_full_finetune_fp32_test,fp32,2,3461,up_blocks.3.resnets.0.conv_shortcut.bias,0.027806202912896677,-2.9679851399623677e-08,-0.1405862947909808,7.592364493130792e-06,7.062256517410481e-09,0.019439191418403574,1.306542689072496e-05,0.0003829194465652108,0.002390506211668253
natural_full_finetune_fp32_test,fp32,2,3461,up_blocks.3.resnets.1.norm1.weight,0.08451409374872287,-8.481034981656654e-07,-0.1461899114915708,6.86439573061991e-05,-3.1954655215842434e-09,-0.000719653398610502,5.253897749813822e-05,0.0003829194465652108,0.002390506211668253
natural_full_finetune_fp32_test,fp32,2,3461,up_blocks.3.resnets.1.norm1.bias,0.04131474478376032,-8.811030292564286e-07,-0.20495236138495887,0.0001040563752967378,1.2809084964551654e-08,0.003358277599385074,9.232013682969473e-05,0.0003829194465652108,0.002390506211668253
natural_full_finetune_fp32_test,fp32,2,3461,up_blocks.3.resnets.1.conv1.weight,1.664990337032608,-4.5743328226171596e-05,-0.03656079756693538,0.00075145050655226,2.186410181357323e-05,0.031182920753533173,0.0004211173480303511,0.0003829194465652108,0.002390506211668253
natural_full_finetune_fp32_test,fp32,2,3461,up_blocks.3.resnets.1.conv1.bias,0.03869437760056058,-1.0065514694034122e-06,-0.29988741195369495,8.674209070118059e-05,1.742896156460138e-07,0.08875287669693219,5.075060317631795e-05,0.0003829194465652108,0.002390506211668253
natural_full_finetune_fp32_test,fp32,2,3461,up_blocks.3.resnets.1.norm2.weight,0.10786050131792908,-7.533172629876412e-07,-0.1899178839865212,3.677474097976802e-05,-5.057257763748752e-07,-0.08761902954624831,5.3512373796310574e-05,0.0003829194465652108,0.002390506211668253
natural_full_finetune_fp32_test,fp32,2,3461,up_blocks.3.resnets.1.norm2.bias,0.06477052278536159,-2.5802935259018637e-07,-0.12568112874343815,3.1697253843564094e-05,2.5076647333304195e-07,0.08374064891180238,4.623339098614279e-05,0.0003829194465652108,0.002390506211668253
natural_full_finetune_fp32_test,fp32,2,3461,up_blocks.3.resnets.1.conv2.weight,1.624848718641176,-6.897215084259697e-05,-0.1029098494956567,0.0004124809482059505,-4.1488702992514725e-05,-0.07044705277515231,0.00036245500182529266,0.0003829194465652108,0.002390506211668253
natural_full_finetune_fp32_test,fp32,2,3461,up_blocks.3.resnets.1.conv2.bias,0.024273688098819836,-3.269683956938274e-08,-0.16652128748779726,8.089100833918384e-06,-1.966923609576822e-08,-0.05939372586094514,1.3643040111506244e-05,0.0003829194465652108,0.002390506211668253
natural_full_finetune_fp32_test,fp32,2,3461,up_blocks.3.resnets.2.norm1.weight,0.059601911203464926,-5.750985756110947e-07,-0.06631543147867061,0.00014550151192214137,-2.640370187669448e-06,-0.2244516866590061,0.00019737028175926332,0.0003829194465652108,0.002390506211668253
natural_full_finetune_fp32_test,fp32,2,3461,up_blocks.3.resnets.2.norm1.bias,0.03454226083126922,-2.6617210916920063e-06,-0.2646696127500386,0.0002911439063971374,-3.315226348998946e-06,-0.20184452242518156,0.00047549445638081267,0.0003829194465652108,0.002390506211668253
natural_full_finetune_fp32_test,fp32,2,3461,up_blocks.3.resnets.2.conv1.weight,1.6553094460687718,-4.959030134342929e-05,-0.03176861567664366,0.000943016438195703,-1.3556926025861708e-05,-0.009520342151208795,0.0008602594977471769,0.0003829194465652108,0.002390506211668253
natural_full_finetune_fp32_test,fp32,2,3461,up_blocks.3.resnets.2.conv1.bias,0.037092596499306345,-2.589459239148534e-07,-0.04854192116366096,0.00014381523105318268,-3.5720142554093406e-07,-0.05883158195740535,0.00016368746453335114,0.0003829194465652108,0.002390506211668253
natural_full_finetune_fp32_test,fp32,2,3461,up_blocks.3.resnets.2.norm2.weight,0.11090273281002422,-7.336136367671596e-07,-0.11413169255531717,5.795873390357602e-05,-1.0693100496185107e-06,-0.10873322345606473,8.86745794328073e-05,0.0003829194465652108,0.002390506211668253
natural_full_finetune_fp32_test,fp32,2,3461,up_blocks.3.resnets.2.norm2.bias,0.07265759843190528,-3.659566067030093e-07,-0.10058319289193898,5.007525106316761e-05,-3.706941613176994e-07,-0.0695245592779559,7.338316894668391e-05,0.0003829194465652108,0.002390506211668253
natural_full_finetune_fp32_test,fp32,2,3461,up_blocks.3.resnets.2.conv2.weight,1.7806654251627738,-2.3221317085197786e-05,-0.05775580018032276,0.0002257921907867669,-4.64924662089192e-07,-0.001164472036061717,0.0002242183716193012,0.0003829194465652108,0.002390506211668253
natural_full_finetune_fp32_test,fp32,2,3461,up_blocks.3.resnets.2.conv2.bias,0.03866062021653349,-1.8988349500927288e-08,-0.12553701933702338,3.912430059498465e-06,-3.870547370643234e-08,-0.09893803492158838,1.0119062767570297e-05,0.0003829194465652108,0.002390506211668253
natural_full_finetune_fp32_test,fp32,2,3461,mid_block.attentions.0.group_norm.weight,0.3596357421626234,2.3134056863669366e-06,0.06754184721611917,9.523926111309514e-05,2.16267335253505e-06,0.06933407624812997,8.673239681029942e-05,0.0003829194465652108,0.002390506211668253
natural_full_finetune_fp32_test,fp32,2,3461,mid_block.attentions.0.group_norm.bias,0.06769844553830587,-2.3628892900383302e-08,-0.003674122840892609,9.49972437089092e-05,5.890249851791961e-07,0.08732666503087583,9.96341328518595e-05,0.0003829194465652108,0.002390506211668253
natural_full_finetune_fp32_test,fp32,2,3461,mid_block.attentions.0.to_q.weight,2.522656628836125,-4.892210007026146e-06,-0.00977366885591201,0.00019842177510008484,8.938249497658805e-06,0.02524237144653568,0.00014036672894763517,0.0003829194465652108,0.002390506211668253
natural_full_finetune_fp32_test,fp32,2,3461,mid_block.attentions.0.to_q.bias,0.09956281420773305,1.7912143547824592e-07,0.20598257050398955,8.734135471333627e-06,1.2050344822586876e-07,0.1731245394486856,6.991070467484746e-06,0.0003829194465652108,0.002390506211668253
natural_full_finetune_fp32_test,fp32,2,3461,mid_block.attentions.0.to_k.weight,2.4954198571446087,-6.013716719081475e-06,-0.012921224382207106,0.0001865072298173416,5.051102078622498e-06,0.017326649604826612,0.00011682288466563021,0.0003829194465652108,0.002390506211668253
natural_full_finetune_fp32_test,fp32,2,3461,mid_block.attentions.0.to_k.bias,3.469475754221511e-05,-1.6169414684377591e-16,-0.1855554133868149,2.5116366597620553e-11,-2.2949968930967368e-17,-0.10105477629773467,6.545779928255429e-12,0.0003829194465652108,0.002390506211668253
natural_full_finetune_fp32_test,fp32,2,3461,mid_block.attentions.0.to_v.weight,1.9478668400094432,-4.291389844406161e-06,-0.002743283011958826,0.000803097161056805,-1.0450316008320787e-05,-0.008670199928470684,0.0006187868087733428,0.0003829194465652108,0.002390506211668253
natural_full_finetune_fp32_test,fp32,2,3461,mid_block.attentions.0.to_v.bias,0.03607908072423175,1.9036772994467456e-08,0.008662774499720272,6.090891430130244e-05,3.441755758184904e-08,0.013925186639054146,6.850520330477247e-05,0.0003829194465652108,0.002390506211668253
natural_full_finetune_fp32_test,fp32,2,3461,mid_block.attentions.0.to_out.0.weight,2.5354071315210933,-2.1701814272807775e-05,-0.00882979950498454,0.0009693876723401539,-3.907086390163762e-05,-0.013622506272841534,0.0011312231650065366,0.0003829194465652108,0.002390506211668253
natural_full_finetune_fp32_test,fp32,2,3461,mid_block.attentions.0.to_out.0.bias,0.04661746684673299,-2.5811428343643245e-07,-0.052371692007963905,0.00010572233883894207,-6.478679621122588e-07,-0.06679455318775893,0.00020806392377911012,0.0003829194465652108,0.002390506211668253
natural_full_finetune_fp32_test,fp32,2,3461,mid_block.resnets.0.norm1.weight,0.08989003386097506,-5.136587763984806e-07,-0.0856567404082927,6.671164122260665e-05,-1.4149918612814123e-06,-0.1475289600034472,0.00010670017138142463,0.0003829194465652108,0.002390506211668253
natural_full_finetune_fp32_test,fp32,2,3461,mid_block.resnets.0.norm1.bias,0.08093230848859313,-1.2470044611980703e-06,-0.2653620524863382,5.8064041503351644e-05,-4.256974815972431e-06,-0.3711707440668734,0.00014171160446451632,0.0003829194465652108,0.002390506211668253
natural_full_finetune_fp32_test,fp32,2,3461,mid_block.resnets.0.conv1.weight,7.126690612571936,-2.158540527108771e-05,-0.005160983099484215,0.0005868672368522235,1.9479627678302327e-05,0.0058069721719695095,0.0004706987029368793,0.0003829194465652108,0.002390506211668253
natural_full_finetune_fp32_test,fp32,2,3461,mid_block.resnets.0.conv1.bias,0.054001732025447814,2.2422146480971143e-08,0.03036468054962797,1.3674163850673267e-05,-3.530653897713169e-08,-0.030344000261555915,2.154639532615301e-05,0.0003829194465652108,0.002390506211668253
natural_full_finetune_fp32_test,fp32,2,3461,mid_block.resnets.0.norm2.weight,0.18716631207456177,1.100984600558213e-06,0.03604559798496277,0.00016319292504856002,-1.0340567963127988e-07,-0.0023027269826759425,0.00023992431322576724,0.0003829194465652108,0.002390506211668253
natural_full_finetune_fp32_test,fp32,2,3461,mid_block.resnets.0.norm2.bias,0.05855375082136904,-1.6754602383990667e-06,-0.13543486984612002,0.00021127538937986773,-5.117512345630561e-06,-0.2580701622327034,0.0003386619338487567,0.0003829194465652108,0.002390506211668253
natural_full_finetune_fp32_test,fp32,2,3461,mid_block.resnets.0.conv2.weight,7.92200752801097,-9.670128751398095e-05,-0.010597952538518723,0.001151794593021234,-6.320346419114571e-05,-0.007902086771159895,0.0010096336986792766,0.0003829194465652108,0.002390506211668253
natural_full_finetune_fp32_test,fp32,2,3461,mid_block.resnets.0.conv2.bias,0.03888606602877038,-5.284026999203151e-07,-0.118446516320526,0.00011472253282480539,-1.0918859532466325e-06,-0.13006342597614354,0.00021588778982137999,0.0003829194465652108,0.002390506211668253
natural_full_finetune_fp32_test,fp32,2,3461,mid_block.resnets.1.norm1.weight,0.134272795259863,-1.0974720688700011e-07,-0.016045789727157506,5.093828856437929e-05,4.1852713939586103e-07,0.05023554974133929,6.204752115547069e-05,0.0003829194465652108,0.002390506211668253
natural_full_finetune_fp32_test,fp32,2,3461,mid_block.resnets.1.norm1.bias,0.09185343818856902,4.952938707000115e-07,0.10371593971623334,5.199026485091141e-05,5.817523820769669e-07,0.08914496315129863,7.104703255576982e-05,0.0003829194465652108,0.002390506211668253
natural_full_finetune_fp32_test,fp32,2,3461,mid_block.resnets.1.conv1.weight,7.740766152332887,1.282198545857895e-05,0.003875003923054269,0.0004274636461216904,6.253834284486833e-06,0.002839115324040033,0.00028456362693524286,0.0003829194465652108,0.002390506211668253
natural_full_finetune_fp32_test,fp32,2,3461,mid_block.resnets.1.conv1.bias,0.052281188478095736,1.404799287927895e-08,0.02164953504436701,1.241138515899337e-05,-3.002640415639623e-08,-0.031290976514364584,1.8354339378786342e-05,0.0003829194465652108,0.002390506211668253
natural_full_finetune_fp32_test,fp32,2,3461,mid_block.resnets.1.norm2.weight,0.17716864159102413,-2.032318540974463e-06,-0.2020276538179445,5.677983205637902e-05,-5.489083448925271e-07,-0.0379025259664553,8.17419180389416e-05,0.0003829194465652108,0.002390506211668253
natural_full_finetune_fp32_test,fp32,2,3461,mid_block.resnets.1.norm2.bias,0.05242262545637909,-1.4523371308502896e-06,-0.15131269253608276,0.00018309366315151797,-1.8585049992686326e-06,-0.16274100854097348,0.00021784518381325787,0.0003829194465652108,0.002390506211668253
natural_full_finetune_fp32_test,fp32,2,3461,mid_block.resnets.1.conv2.weight,8.146982521691196,-6.33225894496741e-08,-1.1410044505173502e-05,0.00068119984922387,1.705562781894741e-05,0.003754124165278229,0.0005576507534574582,0.0003829194465652108,0.002390506211668253
natural_full_finetune_fp32_test,fp32,2,3461,mid_block.resnets.1.conv2.bias,0.03981342907173873,-4.507516666647658e-07,-0.10831075123445258,0.0001045288539414271,-5.28214222371054e-07,-0.067933553985596,0.00019529726919422926,0.0003829194465652108,0.002390506211668253
natural_full_finetune_fp32_test,fp32,2,3461,conv_norm_out.weight,0.12900715250914593,-4.439585387569456e-06,-0.12912480372222188,0.00026651333845992785,-5.830364148800611e-06,-0.06678869620352243,0.0006766731206519438,0.0003829194465652108,0.002390506211668253
natural_full_finetune_fp32_test,fp32,2,3461,conv_norm_out.bias,0.042918096621359696,-1.0202071467482546e-06,-0.08916114726437517,0.0002666074372779964,-4.6615858528363175e-06,-0.12390303904920029,0.000876619798902489,0.0003829194465652108,0.002390506211668253
natural_full_finetune_fp32_test,fp32,2,3461,conv_out.weight,0.10175039504632229,-8.658080375839171e-05,-0.06007118395079332,0.014165089325737415,0.00010518486362204524,0.09039222674903388,0.011436313685869432,0.0003829194465652108,0.002390506211668253
natural_full_finetune_fp32_test,fp32,2,3461,conv_out.bias,0.0020828498361349828,3.261961054282659e-07,0.3330829269233518,0.0004701846414073234,-4.302400825582442e-06,-0.8279398875410985,0.002494905507525665,0.0003829194465652108,0.002390506211668253
natural_full_finetune_fp32_test,fp32,3,3462,conv_in.weight,0.48198976153301,-6.842314608345103e-07,-0.06309814915532956,2.249824312918947e-05,0.0001497446914510098,0.22862567603263773,0.0013589035075257819,2.5227918740711175e-06,0.00030914449598640203
natural_full_finetune_fp32_test,fp32,3,3462,conv_in.bias,0.05993026829428392,-4.759065764329354e-08,-0.31694548131309147,2.5054798820165443e-06,9.849160457378887e-07,0.08459197022502314,0.0001942781014131616,2.5227918740711175e-06,0.00030914449598640203
natural_full_finetune_fp32_test,fp32,3,3462,up_blocks.0.resnets.0.norm1.weight,0.1231950067601581,-8.309639480096432e-09,-0.0778532772038295,8.663874995187621e-07,-1.533105801094302e-07,-0.08744954713680986,1.4230542492763254e-05,2.5227918740711175e-06,0.00030914449598640203
natural_full_finetune_fp32_test,fp32,3,3462,up_blocks.0.resnets.0.norm1.bias,0.08158493245719015,-5.654996014607583e-09,-0.08155574415426657,8.498999233544462e-07,-8.071975074457673e-10,-0.0006064659319747405,1.6314112180141803e-05,2.5227918740711175e-06,0.00030914449598640203
natural_full_finetune_fp32_test,fp32,3,3462,up_blocks.0.resnets.0.conv1.weight,7.717062840790411,-4.256475067001965e-08,-0.000900562969026397,6.1246880294024165e-06,3.6872137453700363e-06,0.004501988685649496,0.00010613090758339796,2.5227918740711175e-06,0.00030914449598640203
natural_full_finetune_fp32_test,fp32,3,3462,up_blocks.0.resnets.0.conv1.bias,0.042161752992925974,-1.2289693332035136e-09,-0.11124757347760879,2.620184296143519e-07,1.1299253871899752e-09,0.004285042644032963,6.2542603883638e-06,2.5227918740711175e-06,0.00030914449598640203
natural_full_finetune_fp32_test,fp32,3,3462,up_blocks.0.resnets.0.norm2.weight,0.20046835522155956,-1.8499783071373862e-08,-0.11774737026921173,7.837356322015012e-07,3.125978054097433e-07,0.056783099172666926,2.7461294481674848e-05,2.5227918740711175e-06,0.00030914449598640203
natural_full_finetune_fp32_test,fp32,3,3462,up_blocks.0.resnets.0.norm2.bias,0.055142997909171966,-9.826611124420171e-09,-0.09190613927671198,1.9389601054611374e-06,7.529098815733547e-07,0.23495119329419473,5.811322384162177e-05,2.5227918740711175e-06,0.00030914449598640203
natural_full_finetune_fp32_test,fp32,3,3462,up_blocks.0.resnets.0.conv2.weight,8.251081935219325,4.468572884631634e-08,0.0005917252130776108,9.152460671727078e-06,2.5143431370244343e-06,0.00048403263532880315,0.0006295627186841987,2.5227918740711175e-06,0.00030914449598640203
natural_full_finetune_fp32_test,fp32,3,3462,up_blocks.0.resnets.0.conv2.bias,0.03718127277935157,3.698942278405946e-09,0.05811714705035218,1.71178420652019e-06,-2.507105564032444e-07,-0.03698067481787078,0.00018233646742035254,2.5227918740711175e-06,0.00030914449598640203
natural_full_finetune_fp32_test,fp32,3,3462,up_blocks.0.resnets.1.norm1.weight,0.11832450922740292,2.031106341943484e-08,0.19397134810180072,8.849533267752576e-07,-2.1750773088806218e-07,-0.09635434351190322,1.9077817461573666e-05,2.5227918740711175e-06,0.00030914449598640203
natural_full_finetune_fp32_test,fp32,3,3462,up_blocks.0.resnets.1.norm1.bias,0.05993940584336388,7.753655772596758e-09,0.11591810798083585,1.1159450208676226e-06,-1.0664306714073251e-07,-0.0938983501581879,1.8947950087935226e-05,2.5227918740711175e-06,0.00030914449598640203
natural_full_finetune_fp32_test,fp32,3,3462,up_blocks.0.resnets.1.conv1.weight,7.864165002639292,1.9768904248488143e-07,0.003891469693718595,6.45975918642611e-06,-8.086655548459714e-09,-9.643037815281397e-06,0.00010663565913449519,2.5227918740711175e-06,0.00030914449598640203
natural_full_finetune_fp32_test,fp32,3,3462,up_blocks.0.resnets.1.conv1.bias,0.043027480688013764,2.850756146008384e-10,0.022500532056238566,2.9445664753459e-07,-1.0879511868617744e-08,-0.04050229749048476,6.242863406592764e-06,2.5227918740711175e-06,0.00030914449598640203
natural_full_finetune_fp32_test,fp32,3,3462,up_blocks.0.resnets.1.norm2.weight,0.19567949522537043,-6.852039388953424e-09,-0.036797760836612244,9.515971639307165e-07,6.681904664721959e-08,0.01660479172865905,2.0564659492592188e-05,2.5227918740711175e-06,0.00030914449598640203
natural_full_finetune_fp32_test,fp32,3,3462,up_blocks.0.resnets.1.norm2.bias,0.05693917839998559,3.856904011212647e-11,0.00033291687994772975,2.0346598649846172e-06,-5.3303080445792735e-08,-0.01613958815862865,5.800276052889759e-05,2.5227918740711175e-06,0.00030914449598640203
natural_full_finetune_fp32_test,fp32,3,3462,up_blocks.0.resnets.1.conv2.weight,8.11124769032121,-3.169805262375522e-08,-0.00037871605787834206,1.0318847605689463e-05,1.498892358810463e-06,0.00023418961769574876,0.0007890692958181254,2.5227918740711175e-06,0.00030914449598640203
natural_full_finetune_fp32_test,fp32,3,3462,up_blocks.0.resnets.1.conv2.bias,0.03902283960140366,1.2264632067247984e-09,0.01922730073209371,1.6346219868786407e-06,-2.3116308184167622e-07,-0.03252593410273269,0.00018212511088907258,2.5227918740711175e-06,0.00030914449598640203
natural_full_finetune_fp32_test,fp32,3,3462,up_blocks.0.resnets.2.norm1.weight,0.13845986476911515,2.9716575158899932e-09,0.02006179554393573,1.0698060565805808e-06,-3.0709066503447044e-07,-0.09344408537899403,2.3735090624345405e-05,2.5227918740711175e-06,0.00030914449598640203
natural_full_finetune_fp32_test,fp32,3,3462,up_blocks.0.resnets.2.norm1.bias,0.07190528289094782,-7.116889347792094e-09,-0.08551158180039045,1.1574559563698366e-06,-4.517386307103339e-07,-0.26539095125671536,2.3672292627548064e-05,2.5227918740711175e-06,0.00030914449598640203
natural_full_finetune_fp32_test,fp32,3,3462,up_blocks.0.resnets.2.conv1.weight,8.378988009351785,-4.967597964519943e-07,-0.007337693173923866,8.07970163901095e-06,-3.890869731345057e-06,-0.003313353768892732,0.0001401481319648891,2.5227918740711175e-06,0.00030914449598640203
natural_full_finetune_fp32_test,fp32,3,3462,up_blocks.0.resnets.2.conv1.bias,0.09178063325956466,-2.7125766169420775e-09,-0.09745223061318001,3.032767934037938e-07,-2.4528102242058262e-08,-0.034263437357754244,7.799773083444406e-06,2.5227918740711175e-06,0.00030914449598640203
natural_full_finetune_fp32_test,fp32,3,3462,up_blocks.0.resnets.2.norm2.weight,0.1625101556532037,1.2104320467561363e-08,0.0582883382429769,1.277845161760251e-06,2.7941551130712297e-08,0.0045483104011850165,3.780244669889814e-05,2.5227918740711175e-06,0.00030914449598640203
natural_full_finetune_fp32_test,fp32,3,3462,up_blocks.0.resnets.2.norm2.bias,0.069952625797527,-1.4499656534613509e-08,-0.09661045050940839,2.1455052738668074e-06,2.693088249990217e-08,0.006790513655376089,5.6694892611833083e-05,2.5227918740711175e-06,0.00030914449598640203
natural_full_finetune_fp32_test,fp32,3,3462,up_blocks.0.resnets.2.conv2.weight,7.561135440835963,-1.3372341228710452e-07,-0.0015642721709944402,1.1305977413632767e-05,-8.61195180515141e-06,-0.001492862166241508,0.0007629478638119294,2.5227918740711175e-06,0.00030914449598640203
natural_full_finetune_fp32_test,fp32,3,3462,up_blocks.0.resnets.2.conv2.bias,0.042278094939367517,-1.7131863943710258e-09,-0.024611338676344904,1.646470562310635e-06,-1.933105243301352e-07,-0.025125386827700456,0.0001819815384994179,2.5227918740711175e-06,0.00030914449598640203
natural_full_finetune_fp32_test,fp32,3,3462,up_blocks.0.upsamplers.0.conv.weight,8.371644070331701,-8.259580847566357e-07,-0.0026773356778863194,3.68505884763454e-05,9.995661953735054e-05,0.004974437818134299,0.0024002517675784773,2.5227918740711175e-06,0.00030914449598640203
natural_full_finetune_fp32_test,fp32,3,3462,up_blocks.0.upsamplers.0.conv.bias,0.045199826805294156,-4.157667987781952e-10,-0.020379405557348136,4.5135839335485745e-07,2.761742841079165e-09,0.0015408180161538484,3.965474106303195e-05,2.5227918740711175e-06,0.00030914449598640203
natural_full_finetune_fp32_test,fp32,3,3462,up_blocks.1.resnets.0.norm1.weight,0.13520485618415579,7.909826068333943e-09,0.04626572512505777,1.2644896238074588e-06,1.654445107969885e-07,0.06061983723279314,2.018576932578591e-05,2.5227918740711175e-06,0.00030914449598640203
natural_full_finetune_fp32_test,fp32,3,3462,up_blocks.1.resnets.0.norm1.bias,0.10092126084151706,1.0759441962182738e-09,0.010130819530418328,1.0523555617267891e-06,1.7723624466046743e-07,0.09436099291905174,1.8611328284664733e-05,2.5227918740711175e-06,0.00030914449598640203
natural_full_finetune_fp32_test,fp32,3,3462,up_blocks.1.resnets.0.conv1.weight,8.020612225580605,-4.4225349819499325e-07,-0.006504285961430848,8.47742839406075e-06,-2.0536127388187077e-07,-0.00023500008042332606,0.00010895395981717582,2.5227918740711175e-06,0.00030914449598640203
natural_full_finetune_fp32_test,fp32,3,3462,up_blocks.1.resnets.0.conv1.bias,0.04949735706569676,-7.140793968307473e-10,-0.04042485358685031,3.568749270637623e-07,-3.2756230756433006e-08,-0.11295141770417161,5.8589558498432e-06,2.5227918740711175e-06,0.00030914449598640203
natural_full_finetune_fp32_test,fp32,3,3462,up_blocks.1.resnets.0.norm2.weight,0.10149643863115111,-4.591594015378951e-09,-0.03737528860005045,1.2103977915108363e-06,1.5255006170870716e-07,0.06304923681489889,2.3838655082372216e-05,2.5227918740711175e-06,0.00030914449598640203
natural_full_finetune_fp32_test,fp32,3,3462,up_blocks.1.resnets.0.norm2.bias,0.09255201237281951,9.442188199609491e-09,0.09140102416841316,1.1161838236547227e-06,-9.750425085027643e-08,-0.04961741665631154,2.1232617438493626e-05,2.5227918740711175e-06,0.00030914449598640203
natural_full_finetune_fp32_test,fp32,3,3462,up_blocks.1.resnets.0.conv2.weight,8.258164937512348,-5.169169704561489e-07,-0.006423195069313595,9.745096099303793e-06,6.660695574183643e-06,0.0019857606018456246,0.0004061712151291297,2.5227918740711175e-06,0.00030914449598640203
natural_full_finetune_fp32_test,fp32,3,3462,up_blocks.1.resnets.0.conv2.bias,0.04466196595069504,-3.744946780199738e-10,-0.019206011116507025,4.3658683757010133e-07,3.394140118547964e-08,0.01918873464511657,3.9604596576591535e-05,2.5227918740711175e-06,0.00030914449598640203
natural_full_finetune_fp32_test,fp32,3,3462,up_blocks.1.resnets.1.norm1.weight,0.11514799169892696,6.912101294182276e-09,0.05639020252164266,1.064510799641722e-06,-1.2181388346261994e-07,-0.06774657552493774,1.5615398572684648e-05,2.5227918740711175e-06,0.00030914449598640203
natural_full_finetune_fp32_test,fp32,3,3462,up_blocks.1.resnets.1.norm1.bias,0.0782070066426261,-6.289733658276922e-09,-0.08224165416633539,9.779006951334154e-07,-1.2914349230394445e-07,-0.1052090865885381,1.5695444249469474e-05,2.5227918740711175e-06,0.00030914449598640203
natural_full_finetune_fp32_test,fp32,3,3462,up_blocks.1.resnets.1.conv1.weight,8.566649499449625,-4.545347602539399e-07,-0.006368658209944127,8.331211521079271e-06,7.636364958339922e-06,0.009831156345980434,9.067155732376041e-05,2.5227918740711175e-06,0.00030914449598640203
natural_full_finetune_fp32_test,fp32,3,3462,up_blocks.1.resnets.1.conv1.bias,0.06828835087642991,-3.519000944796992e-10,-0.014367806588318734,3.5865945599693464e-07,-2.474408309042488e-08,-0.05982786004898713,6.056493722222625e-06,2.5227918740711175e-06,0.00030914449598640203
natural_full_finetune_fp32_test,fp32,3,3462,up_blocks.1.resnets.1.norm2.weight,0.12052185331046246,-6.521122095119989e-09,-0.04648711705807042,1.163922105198795e-06,1.4193956165734427e-07,0.06818945170831509,1.727111833909221e-05,2.5227918740711175e-06,0.00030914449598640203
natural_full_finetune_fp32_test,fp32,3,3462,up_blocks.1.resnets.1.norm2.bias,0.1237713401424968,-8.721828576088563e-10,-0.007440982820012071,9.470156398830671e-07,-5.457838521307915e-08,-0.02645504873212288,1.6668327428857814e-05,2.5227918740711175e-06,0.00030914449598640203
natural_full_finetune_fp32_test,fp32,3,3462,up_blocks.1.resnets.1.conv2.weight,8.300920837877786,-5.70247575700468e-07,-0.007047965544646759,9.7470546962791e-06,9.22148447752595e-06,0.0025641534074658857,0.00043324201080901056,2.5227918740711175e-06,0.00030914449598640203
natural_full_finetune_fp32_test,fp32,3,3462,up_blocks.1.resnets.1.conv2.bias,0.04738114322703417,-1.0919274387849403e-09,-0.05720987547690686,4.028257660146409e-07,2.425867241387787e-08,0.012935312883094078,3.958079897068118e-05,2.5227918740711175e-06,0.00030914449598640203
natural_full_finetune_fp32_test,fp32,3,3462,up_blocks.1.resnets.2.norm1.weight,0.11630191505635318,-5.987891708548931e-09,-0.03391395412133751,1.518128883759618e-06,5.786044848809014e-08,0.016036220436445557,3.102365142618962e-05,2.5227918740711175e-06,0.00030914449598640203
natural_full_finetune_fp32_test,fp32,3,3462,up_blocks.1.resnets.2.norm1.bias,0.06920830902582786,7.901649479290752e-10,0.008602877164399364,1.3271371310529903e-06,2.6981241109470772e-09,0.0016612651620884842,2.346738654924346e-05,2.5227918740711175e-06,0.00030914449598640203
natural_full_finetune_fp32_test,fp32,3,3462,up_blocks.1.resnets.2.conv1.weight,8.491667395628745,-6.408670262251334e-07,-0.006986621422365854,1.080208873448087e-05,7.442374360231107e-06,0.006516434921550558,0.00013449572307650814,2.5227918740711175e-06,0.00030914449598640203
natural_full_finetune_fp32_test,fp32,3,3462,up_blocks.1.resnets.2.conv1.bias,0.061738176723107975,6.336564710090947e-10,0.022545383782154746,4.5524212531559746e-07,-2.950082103936211e-08,-0.05064338787837625,9.43533995888089e-06,2.5227918740711175e-06,0.00030914449598640203
natural_full_finetune_fp32_test,fp32,3,3462,up_blocks.1.resnets.2.norm2.weight,0.1179273031088141,-1.2191257647172184e-08,-0.06582420643641815,1.570538224298014e-06,-2.3114742499138274e-09,-0.0006614188220866653,2.9634536801578507e-05,2.5227918740711175e-06,0.00030914449598640203
natural_full_finetune_fp32_test,fp32,3,3462,up_blocks.1.resnets.2.norm2.bias,0.10364182781050948,4.158927937871461e-09,0.03484731305905078,1.1515347145300036e-06,3.459471628392337e-08,0.015403191967397263,2.1670252999581006e-05,2.5227918740711175e-06,0.00030914449598640203
natural_full_finetune_fp32_test,fp32,3,3462,up_blocks.1.resnets.2.conv2.weight,7.964809045986483,-5.421200043321765e-07,-0.007173947523083279,9.487720219511289e-06,2.318622386859433e-05,0.00561281344742865,0.000518649601729632,2.5227918740711175e-06,0.00030914449598640203
natural_full_finetune_fp32_test,fp32,3,3462,up_blocks.1.resnets.2.conv2.bias,0.05115036241123614,-1.4303397300270991e-09,-0.07742173352340279,3.611832451261994e-07,2.8232488018466583e-08,0.013930344906257818,3.962219837101777e-05,2.5227918740711175e-06,0.00030914449598640203
natural_full_finetune_fp32_test,fp32,3,3462,up_blocks.1.upsamplers.0.conv.weight,8.267905208125878,-2.6377045889875298e-06,-0.009165159600740788,3.48089268276138e-05,0.0001609934667882554,0.00848639832840463,0.002294506810897387,2.5227918740711175e-06,0.00030914449598640203
natural_full_finetune_fp32_test,fp32,3,3462,up_blocks.1.upsamplers.0.conv.bias,0.04985253026898898,2.0224980245395954e-10,0.03875587051926221,1.0467992527399036e-07,1.08668015284468e-08,0.022677229184147645,9.612238545609574e-06,2.5227918740711175e-06,0.00030914449598640203
natural_full_finetune_fp32_test,fp32,3,3462,up_blocks.2.resnets.0.norm1.weight,0.1365707682149231,-4.1170973394888995e-09,-0.02245869338674859,1.3422978564169553e-06,-3.055695233763097e-08,-0.004781295952565195,4.679577648747395e-05,2.5227918740711175e-06,0.00030914449598640203
natural_full_finetune_fp32_test,fp32,3,3462,up_blocks.2.resnets.0.norm1.bias,0.10526902862179811,1.8829486494841036e-09,0.019450886754201688,9.195989264253024e-07,-4.662304628704023e-07,-0.1468557882225561,3.0158446189356955e-05,2.5227918740711175e-06,0.00030914449598640203
natural_full_finetune_fp32_test,fp32,3,3462,up_blocks.2.resnets.0.conv1.weight,5.764780775253505,-4.5478890802650596e-07,-0.0077702410842264685,1.0152957631122965e-05,2.497498138741291e-06,0.002094341685379409,0.00020685919955633418,2.5227918740711175e-06,0.00030914449598640203
natural_full_finetune_fp32_test,fp32,3,3462,up_blocks.2.resnets.0.conv1.bias,0.044594227595209014,1.1650085111740574e-09,0.10176996589287007,2.5670292850399693e-07,-2.246301203515885e-08,-0.0659168974817834,7.641745776213515e-06,2.5227918740711175e-06,0.00030914449598640203
natural_full_finetune_fp32_test,fp32,3,3462,up_blocks.2.resnets.0.norm2.weight,0.09948839024909692,1.2614119039829067e-08,0.1299387659620414,9.757662291530993e-07,-3.9639198024356004e-07,-0.07689013504429879,5.1818141395448604e-05,2.5227918740711175e-06,0.00030914449598640203
natural_full_finetune_fp32_test,fp32,3,3462,up_blocks.2.resnets.0.norm2.bias,0.05815218775938698,1.8724878005026513e-09,0.04804509825033588,6.701991195758608e-07,-2.1880321479428934e-08,-0.015711668180168115,2.3947784534894832e-05,2.5227918740711175e-06,0.00030914449598640203
natural_full_finetune_fp32_test,fp32,3,3462,up_blocks.2.resnets.0.conv2.weight,3.6753482007726124,-3.6604814266263325e-07,-0.012225281764677106,8.14668341972329e-06,3.4306231457255576e-06,0.002383588723323739,0.00039160046699074797,2.5227918740711175e-06,0.00030914449598640203
natural_full_finetune_fp32_test,fp32,3,3462,up_blocks.2.resnets.0.conv2.bias,0.03928895771280883,3.6502629151697366e-11,0.005080173658198152,1.8288373401369528e-07,1.773877251395453e-08,0.024252977145628275,1.8616069818294063e-05,2.5227918740711175e-06,0.00030914449598640203
natural_full_finetune_fp32_test,fp32,3,3462,up_blocks.2.resnets.0.conv_shortcut.weight,1.4061649417967312,-1.7811672123474102e-06,-0.014803083070601445,8.556895924099793e-05,4.0782227814405975e-05,0.004803088766858047,0.006038291395350321,2.5227918740711175e-06,0.00030914449598640203
natural_full_finetune_fp32_test,fp32,3,3462,up_blocks.2.resnets.0.conv_shortcut.bias,0.03928889274874867,3.650628939506568e-11,0.005080691465465144,1.8288373401369528e-07,1.773826814634232e-08,0.024252327660315213,1.8616069818294063e-05,2.5227918740711175e-06,0.00030914449598640203
natural_full_finetune_fp32_test,fp32,3,3462,up_blocks.2.resnets.1.norm1.weight,0.10200962652026205,-1.6312709853015314e-09,-0.021181776387798106,7.549576238971658e-07,2.8515042134511937e-08,0.015356622626826409,1.820275601945852e-05,2.5227918740711175e-06,0.00030914449598640203
natural_full_finetune_fp32_test,fp32,3,3462,up_blocks.2.resnets.1.norm1.bias,0.0730374077531738,8.887635498669294e-11,0.0024060131419812846,5.057581488830502e-07,2.483423511480243e-08,0.029159453626888317,1.1660738482695553e-05,2.5227918740711175e-06,0.00030914449598640203
natural_full_finetune_fp32_test,fp32,3,3462,up_blocks.2.resnets.1.conv1.weight,3.951593592787576,-8.076358475932513e-07,-0.022472584089979982,9.094740261077595e-06,4.5362739090672385e-06,0.008447736199058914,0.00013588973575469598,2.5227918740711175e-06,0.00030914449598640203
natural_full_finetune_fp32_test,fp32,3,3462,up_blocks.2.resnets.1.conv1.bias,0.05109802455191541,-5.43448211152293e-10,-0.02800475090888841,3.797714727249164e-07,-9.627906555635887e-09,-0.025173638181235927,7.484827057085435e-06,2.5227918740711175e-06,0.00030914449598640203
natural_full_finetune_fp32_test,fp32,3,3462,up_blocks.2.resnets.1.norm2.weight,0.09092484716786138,8.578537340019796e-10,0.01498716059211762,6.295225700045338e-07,2.2916497712501074e-08,0.018130851611259973,1.3901045430299565e-05,2.5227918740711175e-06,0.00030914449598640203
natural_full_finetune_fp32_test,fp32,3,3462,up_blocks.2.resnets.1.norm2.bias,0.07640268816894114,-2.313417788278117e-09,-0.06949659583364452,4.356943212779611e-07,-1.2110828629214884e-08,-0.014029471052029329,1.1298581492539796e-05,2.5227918740711175e-06,0.00030914449598640203
natural_full_finetune_fp32_test,fp32,3,3462,up_blocks.2.resnets.1.conv2.weight,3.672018742128276,-7.983251226346609e-07,-0.026936635235355912,8.07107832503034e-06,5.922789896913797e-06,0.0038585381840326683,0.00041802151541225533,2.5227918740711175e-06,0.00030914449598640203
natural_full_finetune_fp32_test,fp32,3,3462,up_blocks.2.resnets.1.conv2.bias,0.03223160511780684,5.495502859045993e-10,0.09816240102540702,1.736922063440052e-07,2.266321544649954e-08,0.037707026857097176,1.8647357774229716e-05,2.5227918740711175e-06,0.00030914449598640203
natural_full_finetune_fp32_test,fp32,3,3462,up_blocks.2.resnets.2.norm1.weight,0.09992913762094888,-4.521491963120817e-09,-0.03993847129151831,1.132917241357237e-06,-3.0012507662869576e-07,-0.07326410554430149,4.0993867458123154e-05,2.5227918740711175e-06,0.00030914449598640203
natural_full_finetune_fp32_test,fp32,3,3462,up_blocks.2.resnets.2.norm1.bias,0.06632843635738632,-4.586877636727142e-09,-0.07520528166524738,9.195366704884222e-07,-4.693953151501775e-08,-0.031128876434511902,2.2733983788393862e-05,2.5227918740711175e-06,0.00030914449598640203
natural_full_finetune_fp32_test,fp32,3,3462,up_blocks.2.resnets.2.conv1.weight,3.8831271523485436,-1.0313184858551441e-06,-0.0246943780488333,1.07550664528127e-05,-2.5631150975115343e-05,-0.025817037956105415,0.00025567018389917594,2.5227918740711175e-06,0.00030914449598640203
natural_full_finetune_fp32_test,fp32,3,3462,up_blocks.2.resnets.2.conv1.bias,0.04786683860286782,1.6923820080171074e-09,0.0760404491563174,4.649636276210505e-07,1.3471781641225103e-08,0.028389401652484707,9.913660691446964e-06,2.5227918740711175e-06,0.00030914449598640203
natural_full_finetune_fp32_test,fp32,3,3462,up_blocks.2.resnets.2.norm2.weight,0.09246981135429803,-1.9084611490465617e-08,-0.1255167959866252,1.6443017047142956e-06,-2.9627021788913015e-06,-0.13016441383128796,0.000246147686513798,2.5227918740711175e-06,0.00030914449598640203
natural_full_finetune_fp32_test,fp32,3,3462,up_blocks.2.resnets.2.norm2.bias,0.0679727840556926,1.7610129353310605e-09,0.042531019802891507,6.09146413394602e-07,-1.993774609306473e-08,-0.010923732329925422,2.6851586633811804e-05,2.5227918740711175e-06,0.00030914449598640203
natural_full_finetune_fp32_test,fp32,3,3462,up_blocks.2.resnets.2.conv2.weight,3.5475524810659724,-2.848372704243658e-07,-0.011256419533708912,7.132925945934249e-06,-2.8964519255157212e-05,-0.018397065274427218,0.0004438016845597021,2.5227918740711175e-06,0.00030914449598640203
natural_full_finetune_fp32_test,fp32,3,3462,up_blocks.2.resnets.2.conv2.bias,0.040131337812490196,1.406667221186234e-09,0.23124700961705014,1.515764057101836e-07,3.49938914974147e-08,0.046569806330582275,1.8724238810301855e-05,2.5227918740711175e-06,0.00030914449598640203
natural_full_finetune_fp32_test,fp32,3,3462,up_blocks.2.upsamplers.0.conv.weight,3.1727483355589565,-1.8982092431405089e-06,-0.015098720180090387,3.9624913057485513e-05,1.3156512210742815e-05,0.001309524809172919,0.0031665869494757574,2.5227918740711175e-06,0.00030914449598640203
natural_full_finetune_fp32_test,fp32,3,3462,up_blocks.2.upsamplers.0.conv.bias,0.0447081410803337,-7.268316260559775e-12,-0.0024793468283577772,6.557071514090843e-08,2.6130790824051084e-08,0.08917094164386692,6.554545580703677e-06,2.5227918740711175e-06,0.00030914449598640203
natural_full_finetune_fp32_test,fp32,3,3462,up_blocks.3.resnets.0.norm1.weight,0.10245989680670056,2.406188746271605e-09,0.0191007474914325,1.2294911693023163e-06,-5.695723089013199e-07,-0.12040363375031587,4.6169519925230356e-05,2.5227918740711175e-06,0.00030914449598640203
natural_full_finetune_fp32_test,fp32,3,3462,up_blocks.3.resnets.0.norm1.bias,0.06493255293430271,3.485916727645361e-09,0.04917713226042375,1.0916698867896684e-06,-2.7395567683397687e-07,-0.07741006392889051,5.450299900874773e-05,2.5227918740711175e-06,0.00030914449598640203
natural_full_finetune_fp32_test,fp32,3,3462,up_blocks.3.resnets.0.conv1.weight,2.3881473924240746,-3.832832928766114e-07,-0.016913145110298587,9.489304586082584e-06,-1.5758187449884534e-06,-0.0030193427836740783,0.00021854089339026867,2.5227918740711175e-06,0.00030914449598640203
natural_full_finetune_fp32_test,fp32,3,3462,up_blocks.3.resnets.0.conv1.bias,0.03492113484819175,2.0101994662252765e-09,0.15473895910661753,3.720070183791977e-07,-4.922907324855e-09,-0.009202195806391499,1.5319403009483926e-05,2.5227918740711175e-06,0.00030914449598640203
natural_full_finetune_fp32_test,fp32,3,3462,up_blocks.3.resnets.0.norm2.weight,0.10992886604588033,-1.8004652416166322e-08,-0.22768071675910903,7.193607592620374e-07,-3.4704800300068405e-06,-0.6081273938968415,5.191384957762569e-05,2.5227918740711175e-06,0.00030914449598640203
natural_full_finetune_fp32_test,fp32,3,3462,up_blocks.3.resnets.0.norm2.bias,0.053777159023397074,1.9141090625168782e-09,0.0680275516253437,5.232195748799749e-07,-3.6931710849762955e-07,-0.18142028526226545,3.785434412684675e-05,2.5227918740711175e-06,0.00030914449598640203
natural_full_finetune_fp32_test,fp32,3,3462,up_blocks.3.resnets.0.conv2.weight,1.7659323289523887,-4.574416221529944e-07,-0.05325289483842616,4.864278137126926e-06,-1.7116016148429087e-05,-0.06290860001055605,0.00015407018708775498,2.5227918740711175e-06,0.00030914449598640203
natural_full_finetune_fp32_test,fp32,3,3462,up_blocks.3.resnets.0.conv2.bias,0.02780623252323675,-3.5764995943174566e-10,-0.11593776323825737,1.1094075385192956e-07,2.63714930307487e-08,0.11017136998973302,8.60842734011592e-06,2.5227918740711175e-06,0.00030914449598640203
natural_full_finetune_fp32_test,fp32,3,3462,up_blocks.3.resnets.0.conv_shortcut.weight,0.5466907730245707,-9.571074041102224e-07,-0.019118461234288536,9.157269529620364e-05,-6.217817895857173e-05,-0.027191381233424988,0.004182779642304435,2.5227918740711175e-06,0.00030914449598640203
natural_full_finetune_fp32_test,fp32,3,3462,up_blocks.3.resnets.0.conv_shortcut.bias,0.027806202912896677,-3.5765286872871146e-10,-0.11593882979294792,1.1094075385192956e-07,2.6371022521179097e-08,0.11016952167394628,8.60842734011592e-06,2.5227918740711175e-06,0.00030914449598640203
natural_full_finetune_fp32_test,fp32,3,3462,up_blocks.3.resnets.1.norm1.weight,0.08451409374872287,-7.256036408145526e-09,-0.047938664456504236,1.7909538035622983e-06,-2.933625729640351e-07,-0.05216234580044044,6.654546333336364e-05,2.5227918740711175e-06,0.00030914449598640203
natural_full_finetune_fp32_test,fp32,3,3462,up_blocks.3.resnets.1.norm1.bias,0.04131474478376032,-3.851441007300847e-09,-0.03802759040640934,2.4514292761056282e-06,4.651713057138508e-07,0.09953497841082579,0.00011311810377970428,2.5227918740711175e-06,0.00030914449598640203
natural_full_finetune_fp32_test,fp32,3,3462,up_blocks.3.resnets.1.conv1.weight,1.664990337032608,-4.2021816293583513e-07,-0.0158669644963029,1.59063030510611e-05,-2.0716194719180022e-05,-0.03844854729438173,0.0003236073161560198,2.5227918740711175e-06,0.00030914449598640203
natural_full_finetune_fp32_test,fp32,3,3462,up_blocks.3.resnets.1.conv1.bias,0.03869437760056058,-1.298807757642546e-08,-0.14577418851932247,2.3025887371108282e-06,2.2035553807744442e-07,0.10582597004831096,5.3812583954105854e-05,2.5227918740711175e-06,0.00030914449598640203
natural_full_finetune_fp32_test,fp32,3,3462,up_blocks.3.resnets.1.norm2.weight,0.10786050131792908,-5.563367773189225e-09,-0.06813551065837849,7.570103560491132e-07,-1.2713767895677014e-06,-0.3398916980536856,3.467937701796599e-05,2.5227918740711175e-06,0.00030914449598640203
natural_full_finetune_fp32_test,fp32,3,3462,up_blocks.3.resnets.1.norm2.bias,0.06477052278536159,6.2475204040570025e-09,0.14886742892771204,6.47933736032438e-07,-2.4718425030146006e-07,-0.13680395481239882,2.78961802644669e-05,2.5227918740711175e-06,0.00030914449598640203
natural_full_finetune_fp32_test,fp32,3,3462,up_blocks.3.resnets.1.conv2.weight,1.624848718641176,-6.304158889814281e-07,-0.06620123907562901,5.860681229962032e-06,-8.994999935518002e-06,-0.027336902710558334,0.00020250648018471879,2.5227918740711175e-06,0.00030914449598640203
natural_full_finetune_fp32_test,fp32,3,3462,up_blocks.3.resnets.1.conv2.bias,0.024273688098819836,-2.1867544746513728e-10,-0.0745481265947105,1.2084467626366212e-07,2.1127383709290363e-08,0.09780481034227653,8.899174800728555e-06,2.5227918740711175e-06,0.00030914449598640203
natural_full_finetune_fp32_test,fp32,3,3462,up_blocks.3.resnets.2.norm1.weight,0.059601911203464926,-8.903931280654655e-09,-0.07019338737262382,2.128263576116665e-06,-1.055564111534695e-06,-0.1400668019558743,0.00012644137708519765,2.5227918740711175e-06,0.00030914449598640203
natural_full_finetune_fp32_test,fp32,3,3462,up_blocks.3.resnets.2.norm1.bias,0.03454226083126922,-2.3922548086489406e-08,-0.10112462302742942,6.848567827486228e-06,-4.451646529439657e-06,-0.4295973184431117,0.0002999910872671768,2.5227918740711175e-06,0.00030914449598640203
natural_full_finetune_fp32_test,fp32,3,3462,up_blocks.3.resnets.2.conv1.weight,1.6553094460687718,3.945993296667998e-09,0.0001345368633268815,1.7718863059975384e-05,-1.4128707503239652e-05,-0.016837606785472234,0.0005069240289143948,2.5227918740711175e-06,0.00030914449598640203
natural_full_finetune_fp32_test,fp32,3,3462,up_blocks.3.resnets.2.conv1.bias,0.037092596499306345,-8.959932754829598e-09,-0.07265978091731329,3.3244777525262453e-06,-8.003127380497289e-07,-0.24953797461526556,8.646410458541855e-05,2.5227918740711175e-06,0.00030914449598640203
natural_full_finetune_fp32_test,fp32,3,3462,up_blocks.3.resnets.2.norm2.weight,0.11090273281002422,-1.821787705448781e-08,-0.1601314259013932,1.0258383909028953e-06,-2.160362731066307e-06,-0.4337909118494621,4.490595941657597e-05,2.5227918740711175e-06,0.00030914449598640203
natural_full_finetune_fp32_test,fp32,3,3462,up_blocks.3.resnets.2.norm2.bias,0.07265759843190528,-6.8205394798358595e-09,-0.10040193814169902,9.349655128187831e-07,-1.9356853416907156e-06,-0.5519503086714607,4.826738180985156e-05,2.5227918740711175e-06,0.00030914449598640203
natural_full_finetune_fp32_test,fp32,3,3462,up_blocks.3.resnets.2.conv2.weight,1.7806654251627738,-2.128160327753915e-07,-0.02555713631864099,4.676380354677879e-06,-2.2108251522964914e-05,-0.06590277734033925,0.00018839455787342786,2.5227918740711175e-06,0.00030914449598640203
natural_full_finetune_fp32_test,fp32,3,3462,up_blocks.3.resnets.2.conv2.bias,0.03866062021653349,-1.6012348964379622e-11,-0.006446019037357478,6.425318281687968e-08,-2.673343045245345e-08,-0.0688272114649684,1.0046752413436963e-05,2.5227918740711175e-06,0.00030914449598640203
natural_full_finetune_fp32_test,fp32,3,3462,mid_block.attentions.0.group_norm.weight,0.3596357421626234,-3.751427028850597e-09,-0.0113136863496992,9.219970283333596e-07,-3.372391949343813e-07,-0.033113845833260554,2.8318195395801277e-05,2.5227918740711175e-06,0.00030914449598640203
natural_full_finetune_fp32_test,fp32,3,3462,mid_block.attentions.0.group_norm.bias,0.06769844553830587,4.3069531479408154e-10,0.004900782124915634,1.2981535199891168e-06,1.7788123784714067e-07,0.06722096408102818,3.9088293394815925e-05,2.5227918740711175e-06,0.00030914449598640203
natural_full_finetune_fp32_test,fp32,3,3462,mid_block.attentions.0.to_q.weight,2.522656628836125,2.46953827604838e-08,0.004428214762757407,2.2106955944423182e-06,9.897637224228962e-07,0.010446546054170357,3.755784522288957e-05,2.5227918740711175e-06,0.00030914449598640203
natural_full_finetune_fp32_test,fp32,3,3462,mid_block.attentions.0.to_q.bias,0.09956281420773305,-2.9061180270987252e-09,-0.2772852866943398,1.0526627597028857e-07,7.693943095470421e-08,0.3804622252809898,2.0311418872122355e-06,2.5227918740711175e-06,0.00030914449598640203
natural_full_finetune_fp32_test,fp32,3,3462,mid_block.attentions.0.to_k.weight,2.4954198571446087,3.6558827866274185e-08,0.007902705571225615,1.8538425014249626e-06,-1.0636050007609201e-07,-0.001729085988656572,2.465018326123875e-05,2.5227918740711175e-06,0.00030914449598640203
natural_full_finetune_fp32_test,fp32,3,3462,mid_block.attentions.0.to_k.bias,3.469475754221511e-05,1.3751731634617181e-18,0.1606024844183983,2.4679779340170805e-13,1.5281103930461913e-18,0.01153985649604251,3.816721439384684e-12,2.5227918740711175e-06,0.00030914449598640203
natural_full_finetune_fp32_test,fp32,3,3462,mid_block.attentions.0.to_v.weight,1.9478668400094432,-3.569612987626326e-07,-0.0205974548627809,8.897096661108665e-06,6.078518513004414e-06,0.011103690240235853,0.0002810419445070012,2.5227918740711175e-06,0.00030914449598640203
natural_full_finetune_fp32_test,fp32,3,3462,mid_block.attentions.0.to_v.bias,0.03607908072423175,3.064466799818257e-09,0.0973810746082873,8.722176977191012e-07,3.642705534086725e-08,0.029575293840926914,3.413811475395081e-05,2.5227918740711175e-06,0.00030914449598640203
natural_full_finetune_fp32_test,fp32,3,3462,mid_block.attentions.0.to_out.0.weight,2.5354071315210933,-2.221801066614113e-07,-0.00884903213863807,9.902883979214407e-06,3.340306368614737e-05,0.014426358782984676,0.0009132335649016369,2.5227918740711175e-06,0.00030914449598640203
natural_full_finetune_fp32_test,fp32,3,3462,mid_block.attentions.0.to_out.0.bias,0.04661746684673299,-2.472217748869225e-09,-0.02904389679194566,1.8259259657709832e-06,-2.0256327817556596e-07,-0.023618656100161894,0.00018397417474912204,2.5227918740711175e-06,0.00030914449598640203
natural_full_finetune_fp32_test,fp32,3,3462,mid_block.resnets.0.norm1.weight,0.08989003386097506,-1.1093505936587947e-08,-0.11450717550105453,1.0777662356151336e-06,4.218063033261701e-08,0.011888203061156979,3.947165232081363e-05,2.5227918740711175e-06,0.00030914449598640203
natural_full_finetune_fp32_test,fp32,3,3462,mid_block.resnets.0.norm1.bias,0.08093230848859313,-3.084743525006192e-08,-0.33709985952859073,1.1306770092952214e-06,7.768636862499312e-08,0.025540296851606793,3.7583476681087434e-05,2.5227918740711175e-06,0.00030914449598640203
natural_full_finetune_fp32_test,fp32,3,3462,mid_block.resnets.0.conv1.weight,7.126690612571936,-7.385992962916046e-08,-0.0013883685946692005,7.464766078616384e-06,-1.0330934900855307e-05,-0.007945668529908956,0.00018244050928153808,2.5227918740711175e-06,0.00030914449598640203
natural_full_finetune_fp32_test,fp32,3,3462,mid_block.resnets.0.conv1.bias,0.054001732025447814,2.5603239064553443e-10,0.02527114753307804,1.8761271089247932e-07,2.021495844495987e-08,0.05044007653311949,7.421461292046789e-06,2.5227918740711175e-06,0.00030914449598640203
natural_full_finetune_fp32_test,fp32,3,3462,mid_block.resnets.0.norm2.weight,0.18716631207456177,-3.526039497766962e-08,-0.07029127282820781,2.6801437134449494e-06,-8.890338214037204e-08,-0.004984353116706059,9.529756363159362e-05,2.5227918740711175e-06,0.00030914449598640203
natural_full_finetune_fp32_test,fp32,3,3462,mid_block.resnets.0.norm2.bias,0.05855375082136904,-7.684761614357842e-08,-0.33796281002355777,3.883352081272973e-06,-3.2006161066801813e-07,-0.040580013351585696,0.0001346997161747057,2.5227918740711175e-06,0.00030914449598640203
natural_full_finetune_fp32_test,fp32,3,3462,mid_block.resnets.0.conv2.weight,7.92200752801097,-6.562569990131347e-07,-0.005503013533224228,1.5053521826532685e-05,-1.7616158338881766e-05,-0.002600546417924297,0.0008550890487733677,2.5227918740711175e-06,0.00030914449598640203
natural_full_finetune_fp32_test,fp32,3,3462,mid_block.resnets.0.conv2.bias,0.03888606602877038,-4.154985283238185e-09,-0.057480555499064195,1.8588935651539806e-06,-4.4676141472592995e-07,-0.06162176001770629,0.00018644363000279855,2.5227918740711175e-06,0.00030914449598640203
natural_full_finetune_fp32_test,fp32,3,3462,mid_block.resnets.1.norm1.weight,0.134272795259863,-1.4131833192077762e-08,-0.13053399730555496,8.062817596723487e-07,-9.344391055402616e-08,-0.039101150505796885,1.7798091649025457e-05,2.5227918740711175e-06,0.00030914449598640203
natural_full_finetune_fp32_test,fp32,3,3462,mid_block.resnets.1.norm1.bias,0.09185343818856902,8.280421710246519e-09,0.10801455743147682,8.345930189477217e-07,-1.300465002793272e-07,-0.08884369486329476,1.5935901631192476e-05,2.5227918740711175e-06,0.00030914449598640203
natural_full_finetune_fp32_test,fp32,3,3462,mid_block.resnets.1.conv1.weight,7.740766152332887,1.1035171509897411e-07,0.0023648203502826893,6.028329548604658e-06,4.2016557153818733e-07,0.0004760409968374181,0.00011402292029437779,2.5227918740711175e-06,0.00030914449598640203
natural_full_finetune_fp32_test,fp32,3,3462,mid_block.resnets.1.conv1.bias,0.052281188478095736,3.5371546819097816e-10,0.033551960642939964,2.0164650399493488e-07,5.339401142963998e-09,0.021427412039057875,4.7662561379460045e-06,2.5227918740711175e-06,0.00030914449598640203
natural_full_finetune_fp32_test,fp32,3,3462,mid_block.resnets.1.norm2.weight,0.17716864159102413,-1.899412443322015e-08,-0.12164005137071557,8.81365057673054e-07,1.55584592872401e-07,0.04495250134001953,1.953556021193702e-05,2.5227918740711175e-06,0.00030914449598640203
natural_full_finetune_fp32_test,fp32,3,3462,mid_block.resnets.1.norm2.bias,0.05242262545637909,-2.1404935552772194e-08,-0.14103391648773805,2.8951534712822836e-06,1.8385921822542742e-07,0.04569714482744348,7.67498570726337e-05,2.5227918740711175e-06,0.00030914449598640203
natural_full_finetune_fp32_test,fp32,3,3462,mid_block.resnets.1.conv2.weight,8.146982521691196,-4.4511784700742893e-07,-0.006163324965333024,8.864681905874484e-06,2.4065756673745875e-07,4.7405472208576275e-05,0.0006231236858314764,2.5227918740711175e-06,0.00030914449598640203
natural_full_finetune_fp32_test,fp32,3,3462,mid_block.resnets.1.conv2.bias,0.03981342907173873,-3.055570245964296e-09,-0.0441782962264544,1.7372156179689139e-06,-2.431415006218064e-07,-0.033387046245523785,0.00018291592168080329,2.5227918740711175e-06,0.00030914449598640203
natural_full_finetune_fp32_test,fp32,3,3462,conv_norm_out.weight,0.12900715250914593,-1.2771417936795997e-07,-0.16433322091309666,6.024208024393229e-06,-9.037448232504307e-06,-0.09966829857811962,0.000702869970124606,2.5227918740711175e-06,0.00030914449598640203
natural_full_finetune_fp32_test,fp32,3,3462,conv_norm_out.bias,0.042918096621359696,-3.178224240283385e-08,-0.10448640254991186,7.087356942276925e-06,2.490423740117503e-06,0.03511955339501042,0.0016522806240263155,2.5227918740711175e-06,0.00030914449598640203
natural_full_finetune_fp32_test,fp32,3,3462,conv_out.weight,0.10175039504632229,-1.0118402994183716e-06,-0.03172049329206712,0.0003134988383193049,-0.00010889867428027474,-0.09511823649909432,0.011251818002490865,2.5227918740711175e-06,0.00030914449598640203
natural_full_finetune_fp32_test,fp32,3,3462,conv_out.bias,0.0020828498361349828,-1.339686845657005e-09,-0.20886741245224322,3.0794605587972505e-06,7.3154383837040465e-06,0.9777849589917609,0.0035920224630770744,2.5227918740711175e-06,0.00030914449598640203
