step,applied,reason,block,discriminator_loss,discriminator_applied,reconstruction_mse,perceptual_loss,preservation_mse,loss,residual_loss,trust_loss,spectral_loss,adversarial_loss,grad_norm,learning_rate
1,True,,,,,0.004548890050500631,0.07251713424921036,1.8519383502280107e-06,0.043503422290086746,0.03169911354780197,0.0,0.0,0.0,0.00011051529145333916,5e-05
2,True,,,,,0.002740270923823118,0.05524713546037674,2.124568709405139e-06,0.02930295653641224,0.021033722907304764,2.847818925122425e-10,0.0,0.0,8.92371463123709e-05,0.0001
3,True,,,,,0.002930574119091034,0.055759333074092865,2.3913125914987177e-06,0.025750193744897842,0.017238903790712357,1.8025764214613105e-09,0.0,0.0,8.932236960390583e-05,0.00015000000000000001
4,True,,,,,0.0025704680010676384,0.05327528715133667,9.053404710357427e-07,0.024018356576561928,0.016118548810482025,5.8812945624708846e-09,0.0,0.0,7.360365270869806e-05,0.0002
5,True,,,,,0.00474849296733737,0.0752357468008995,2.419356860627886e-06,0.047148387879133224,0.034871481359004974,1.4233282996656271e-08,0.0,0.0,0.00013834465062245727,0.00025
6,True,,,,,0.006257695145905018,0.10244660079479218,1.6683748981449753e-05,0.059692323207855225,0.04315660148859024,3.025709460757753e-08,0.0,0.0,0.00013746875629294664,0.00030000000000000003
7,True,,,,,0.004663700237870216,0.09180480241775513,3.2476386877533514e-06,0.04521726816892624,0.03136659041047096,5.8381377954219715e-08,0.0,0.0,0.00012023677845718339,0.00035
8,True,,,,,0.0034278209786862135,0.061990220099687576,4.324762699070561e-07,0.03170471638441086,0.022077009081840515,1.0182997556285045e-07,0.0,0.0,8.057658124016598e-05,0.0004
9,True,,,,,0.009784670546650887,0.12946462631225586,1.8502649936635862e-06,0.09449505805969238,0.07176022231578827,1.640273552538929e-07,0.0,0.0,0.0001885433157440275,0.00045000000000000004
10,True,,,,,0.0024474887177348137,0.06151217967271805,2.1205464690865483e-06,0.025833038613200188,0.017230089753866196,2.5671448611319647e-07,0.0,0.0,8.898876694729552e-05,0.0005
11,True,,,,,0.00425320491194725,0.08638973534107208,2.3817055989638902e-06,0.04309352859854698,0.03019658289849758,3.799881937993632e-07,0.0,0.0,0.00011257491132710129,0.0005499999999999999
12,True,,,,,0.003899721195921302,0.08013727515935898,9.141392069977883e-07,0.037709519267082214,0.025794237852096558,5.435505272544106e-07,0.0,0.0,0.0001270879147341475,0.0006000000000000001
13,True,,,,,0.004003243520855904,0.08259307593107224,2.4346622922166716e-06,0.04305591434240341,0.03078848496079445,7.566603699160623e-07,0.0,0.0,0.00011650881060631946,0.0006500000000000001
14,True,,,,,0.005742236040532589,0.08409854769706726,1.6568881619605236e-05,0.05557122081518173,0.04138598218560219,1.028596784635738e-06,0.0,0.0,0.00012636314204428345,0.0007
15,True,,,,,0.0041242013685405254,0.07357572019100189,3.2326101973012555e-06,0.039253078401088715,0.02776482328772545,1.3718341733692796e-06,0.0,0.0,0.00010645746806403622,0.00075
16,True,,,,,0.0038032126612961292,0.07975149154663086,4.7014086135277466e-07,0.041354890912771225,0.029575567692518234,1.7926942064150353e-06,0.0,0.0,9.228494309354573e-05,0.0008
17,True,,,,,0.0031042094342410564,0.06976893544197083,1.8845983049686765e-06,0.031642038375139236,0.021557144820690155,2.2923920823814115e-06,0.0,0.0,8.77298807608895e-05,0.0008500000000000001
18,True,,,,,0.004484282340854406,0.09213811159133911,2.3756374503136612e-06,0.046331800520420074,0.03262892737984657,2.866440127036185e-06,0.0,0.0,0.00010519423085497692,0.0009000000000000001
19,True,,,,,0.006645056884735823,0.08991965651512146,2.449644853186328e-06,0.07004189491271973,0.05439993739128113,3.533416020218283e-06,0.0,0.0,0.00014758734323550016,0.00095
20,True,,,,,0.0016964677488431334,0.04078356921672821,1.2577553434311994e-06,0.015505729243159294,0.009728346019983292,4.327745045884512e-06,0.0,0.0,6.958934682188556e-05,0.001
21,True,,,,,0.006473978515714407,0.08129678666591644,2.5132378596026683e-06,0.058192815631628036,0.043584078550338745,5.207918547966983e-06,0.0,0.0,0.00012556416913866997,0.001
22,True,,,,,0.0019450194668024778,0.0539993941783905,1.6917945686145686e-05,0.02157037891447544,0.0141915213316679,6.1894083955849055e-06,0.0,0.0,6.659282371401787e-05,0.0009999976830508245
23,True,,,,,0.0024991389364004135,0.049857378005981445,3.261634446971584e-06,0.023207219317555428,0.015715746209025383,7.207402177300537e-06,0.0,0.0,8.411969611188397e-05,0.0009999907322271572
24,True,,,,,0.00295952707529068,0.06326736509799957,7.421698455800652e-07,0.0275963693857193,0.01830853894352913,8.276610060420353e-06,0.0,0.0,8.420035010203719e-05,0.0009999791476005744
25,True,,,,,0.0037150620482861996,0.06257575750350952,2.0761679024872137e-06,0.036000240594148636,0.02602335624396801,9.395102097187191e-06,0.0,0.0,7.535654003731906e-05,0.0009999629292903696
26,True,,,,,0.005859083961695433,0.09508927166461945,3.1016334105515853e-06,0.0590064711868763,0.043632153421640396,1.0544442375248764e-05,0.0,0.0,0.00010639269021339715,0.0009999420774635514
27,True,,,,,0.003753146855160594,0.060809195041656494,2.6752447865874274e-06,0.03426660597324371,0.02442706935107708,1.177792546513956e-05,0.0,0.0,0.00010642599954735488,0.0009999165923348426
28,True,,,,,0.0022591562010347843,0.046014852821826935,2.2370375063474057e-06,0.021784044802188873,0.014918799512088299,1.3081827091809828e-05,0.0,0.0,6.0960395785514265e-05,0.0009998864741666779
29,True,,,,,0.0032556287478655577,0.06732523441314697,3.001940740432474e-06,0.03315531089901924,0.023161007091403008,1.435057038179366e-05,0.0,0.0,7.851159170968458e-05,0.0009998517232692006
30,True,,,,,0.005156369414180517,0.07667204737663269,1.740377956593875e-05,0.05215347558259964,0.03929493576288223,1.5657817129977047e-05,0.0,0.0,9.603176295058802e-05,0.0009998123400002596
31,True,,,,,0.0029093786142766476,0.07470505684614182,3.4355707612121478e-06,0.028196772560477257,0.017809847369790077,1.6984999092528597e-05,0.0,0.0,6.847472832305357e-05,0.0009997683247654065
32,True,,,,,0.004803531337529421,0.08373494446277618,1.2112664080632385e-06,0.04534380882978439,0.03216417878866196,1.8313436157768592e-05,0.0,0.0,9.974581189453602e-05,0.0009997196780178901
33,True,,,,,0.003430857788771391,0.07009413838386536,2.420413693471346e-06,0.030955586582422256,0.020510276779532433,1.9696564777405e-05,0.0,0.0,7.200401887530461e-05,0.0009996664002586532
34,True,,,,,0.003929605707526207,0.08438676595687866,4.137733412790112e-06,0.03901732712984085,0.026640556752681732,2.1050700524938293e-05,0.0,0.0,6.986399239394814e-05,0.0009996084920363263
35,True,,,,,0.004534207284450531,0.07433639466762543,3.0985308967501624e-06,0.050263576209545135,0.03828930854797363,2.2418749722419307e-05,0.0,0.0,0.00010763021418824792,0.000999545953947222
36,True,,,,,0.004068705253303051,0.07580122351646423,3.331405196149717e-06,0.04007737711071968,0.02842164784669876,2.383009450568352e-05,0.0,0.0,7.880774501245469e-05,0.0009994787866353296
37,True,,,,,0.005193172488361597,0.09166570007801056,3.5216150990891038e-06,0.05345597118139267,0.03908893093466759,2.5260838810936548e-05,0.0,0.0,0.00011009129229933023,0.0009994069907923082
38,True,,,,,0.0022170767188072205,0.05773920193314552,1.7886610294226557e-05,0.023604780435562134,0.015577742829918861,2.6793537472258322e-05,0.0,0.0,5.9863392380066216e-05,0.0009993305671574788
39,True,,,,,0.0028904033824801445,0.06395860016345978,3.7417810290207854e-06,0.026459772139787674,0.017165742814540863,2.8301366910454817e-05,0.0,0.0,6.39829522697255e-05,0.0009992495165178183
40,True,,,,,0.002666730433702469,0.05127006024122238,1.6287058315356262e-06,0.025628255680203438,0.01783096417784691,2.9804556106682867e-05,0.0,0.0,6.436224794015288e-05,0.0009991638397079496
41,True,,,,,0.00680952426046133,0.09375450015068054,2.726154662013869e-06,0.05960402637720108,0.04341328889131546,3.1297469831770286e-05,0.0,0.0,0.000205942866159603,0.0009990735376101338
42,True,,,,,0.004976443015038967,0.08162225782871246,5.044018962507835e-06,0.04847189038991928,0.03532280772924423,3.280343662481755e-05,0.0,0.0,9.227561531588435e-05,0.000998978611154262
43,True,,,,,0.003827788634225726,0.08240015804767609,3.5061518701695604e-06,0.03585042431950569,0.023775264620780945,3.4383228921797127e-05,0.0,0.0,7.681917486479506e-05,0.0009988790613178436
44,True,,,,,0.002932139439508319,0.06214418262243271,4.307540621084627e-06,0.030941389501094818,0.021785857155919075,3.5956400097347796e-05,0.0,0.0,7.124333205865696e-05,0.000998774889125999
45,True,,,,,0.006409185938537121,0.08534589409828186,4.0293066376762e-06,0.05715366080403328,0.0422014519572258,3.7527359381783754e-05,0.0,0.0,9.674772445578128e-05,0.0009986660956514462
46,True,,,,,0.0035924313124269247,0.07965905964374542,1.8096689018420875e-05,0.036027077585458755,0.02443215437233448,3.9082853618310764e-05,0.0,0.0,7.845427899155766e-05,0.000998552682014492
47,True,,,,,0.002829765435308218,0.055097199976444244,3.972409103880636e-06,0.02793624997138977,0.019588414579629898,4.063413507537916e-05,0.0,0.0,5.980400601401925e-05,0.0009984346493830188
48,True,,,,,0.004489730577915907,0.08676627278327942,1.9895528566848952e-06,0.046735603362321854,0.033564843237400055,4.2178806324955076e-05,0.0,0.0,8.41357177705504e-05,0.0009983119989724742
49,True,,,,,0.0016866561491042376,0.0460239052772522,3.0024361876712646e-06,0.015308303758502007,0.009012814611196518,4.374697164166719e-05,0.0,0.0,4.923255983158015e-05,0.000998184732045857
50,True,,,,,0.002279082778841257,0.05484837293624878,5.916624559176853e-06,0.022128360345959663,0.014352153055369854,4.52294698334299e-05,0.0,0.0,6.156038580229506e-05,0.0009980528499137047
51,True,,,,,0.002245832234621048,0.05481838807463646,3.812481736531481e-06,0.021256133913993835,0.013520371168851852,4.668919063988142e-05,0.0,0.0,5.768126356997527e-05,0.0009979163539340808
52,True,,,,,0.0051741329953074455,0.07579787075519562,5.013061581848888e-06,0.04374323785305023,0.030978810042142868,4.813071063836105e-05,0.0,0.0,9.990833495976403e-05,0.0009977752455125595
53,True,,,,,0.002871123608201742,0.0613105483353138,4.3499499042809475e-06,0.026686862111091614,0.0176754891872406,4.957117198500782e-05,0.0,0.0,7.776383426971734e-05,0.000997629526102212
54,True,,,,,0.004329560324549675,0.07687650620937347,1.8358092347625643e-05,0.03844785317778587,0.02639341726899147,5.101787974126637e-05,0.0,0.0,7.878823817009106e-05,0.000997479197203592
55,True,,,,,0.005475345999002457,0.08491203188896179,4.231986167724244e-06,0.05456197261810303,0.0405864343047142,5.242635597824119e-05,0.0,0.0,9.126162331085652e-05,0.0009973242603647185
56,True,,,,,0.004524892196059227,0.07112688571214676,2.233215809610556e-06,0.03995998576283455,0.028317395597696304,5.395005427999422e-05,0.0,0.0,7.041406934149563e-05,0.000997164717181062
57,True,,,,,0.002943027298897505,0.059430934488773346,3.1469824079977116e-06,0.027771078050136566,0.018878107890486717,5.5483538744738325e-05,0.0,0.0,6.211006257217377e-05,0.0009970005692955266
58,True,,,,,0.006013534031808376,0.07428498566150665,6.702224254695466e-06,0.04814796894788742,0.03469196334481239,5.7010540331248194e-05,0.0,0.0,8.014320337679237e-05,0.0009968318183984338
59,True,,,,,0.0023559185210615396,0.04903459921479225,4.136479674343718e-06,0.024523133412003517,0.017254894599318504,5.859749944647774e-05,0.0,0.0,5.6876942835515365e-05,0.0009966584662275046
60,True,,,,,0.005779588129371405,0.07888206839561462,5.695303116226569e-06,0.05351852998137474,0.03983873873949051,6.020198998157866e-05,0.0,0.0,0.00013438430323731154,0.0009964805145678418
61,True,,,,,0.0026894675102084875,0.0648077130317688,4.914995770377573e-06,0.026563303545117378,0.01738261617720127,6.184918311191723e-05,0.0,0.0,5.5556592997163534e-05,0.0009962979652519122
62,True,,,,,0.0037705309223383665,0.0748196393251419,1.8554295820649713e-05,0.03695403411984444,0.025663798674941063,6.348067836370319e-05,0.0,0.0,8.268399687949568e-05,0.0009961108201595268
63,True,,,,,0.00509907491505146,0.08028964698314667,4.529833859123755e-06,0.044906388968229294,0.031768638640642166,6.508194928755984e-05,0.0,0.0,7.513762102462351e-05,0.0009959190812178216
64,True,,,,,0.0047193425707519054,0.0772254467010498,2.504409621906234e-06,0.04600643366575241,0.03355887159705162,6.668338755844161e-05,0.0,0.0,8.621953020337969e-05,0.0009957227504012386
65,True,,,,,0.0033245347440242767,0.06477130949497223,3.286664650659077e-06,0.032112590968608856,0.022303668782114983,6.841860158601776e-05,0.0,0.0,8.960173727246001e-05,0.0009955218297315045
66,True,,,,,0.006875001825392246,0.10112032294273376,7.495088993891841e-06,0.0655854195356369,0.04858269914984703,7.009723776718602e-05,0.0,0.0,0.0001315509871346876,0.0009953163212776102
67,True,,,,,0.006485877092927694,0.10724689066410065,4.4159819481137674e-06,0.0665629431605339,0.04934282600879669,7.196878868853673e-05,0.0,0.0,9.78796961135231e-05,0.00099510622715579
68,True,,,,,0.004143401049077511,0.08047017455101013,6.332815246423706e-06,0.03865380212664604,0.026449980214238167,7.389888196485117e-05,0.0,0.0,6.708520231768489e-05,0.0009948915495294984
69,True,,,,,0.00682242214679718,0.09804374724626541,5.306870207277825e-06,0.06889162957668304,0.05225345864892006,7.582480611745268e-05,0.0,0.0,0.00011066806473536417,0.0009946722906093901
70,True,,,,,0.004538387060165405,0.07710988819599152,1.931903352669906e-05,0.041151002049446106,0.028862208127975464,7.79208930907771e-05,0.0,0.0,7.853881106711924e-05,0.0009944484526532946
71,True,,,,,0.0034465016797184944,0.06353917717933655,4.859455202677054e-06,0.0316251702606678,0.02181423082947731,8.001301466720179e-05,0.0,0.0,6.229473365237936e-05,0.0009942200379661954
72,True,,,,,0.0046451520174741745,0.07336945831775665,2.7835185392177664e-06,0.04151647537946701,0.029527992010116577,8.204810001188889e-05,0.0,0.0,6.758666859241202e-05,0.0009939870489002044
73,True,,,,,0.003326292848214507,0.0620017945766449,3.512258217597264e-06,0.03227217495441437,0.022737834602594376,8.4077131759841e-05,0.0,0.0,6.622292858082801e-05,0.0009937494878545384
74,True,,,,,0.0042436011135578156,0.08526569604873657,8.221049938583747e-06,0.04114169627428055,0.02835422195494175,8.604008326074108e-05,0.0,0.0,6.517639121739194e-05,0.0009935073572754946
75,True,,,,,0.00573619594797492,0.09450385719537735,4.772837201016955e-06,0.05389633774757385,0.038699328899383545,8.803441596683115e-05,0.0,0.0,0.00010289370402460918,0.0009932606596564256
76,True,,,,,0.005885637830942869,0.07352396845817566,7.0995611167745665e-06,0.056704822927713394,0.043451689183712006,8.993444498628378e-05,0.0,0.0,9.896424307953566e-05,0.0009930093975377126
77,True,,,,,0.0042536454275250435,0.05944295600056648,5.8057753449247684e-06,0.0392521508038044,0.029041675850749016,9.184289956465364e-05,0.0,0.0,8.433703624177724e-05,0.0009927535735067402
78,True,,,,,0.005008850712329149,0.09099477529525757,1.9788694771705195e-05,0.04497744143009186,0.030828598886728287,9.375623631058261e-05,0.0,0.0,7.589034066768363e-05,0.0009924931901978701
79,True,,,,,0.001804149942472577,0.04267137125134468,5.20155572303338e-06,0.01666327565908432,0.010580627247691154,9.57087249844335e-05,0.0,0.0,4.8179517762036994e-05,0.0009922282502924124
80,True,,,,,0.0017289803363382816,0.06550822407007217,2.97623546430259e-06,0.018741458654403687,0.010454729199409485,9.755731298355386e-05,0.0,0.0,5.5155040172394365e-05,0.0009919587565186
81,True,,,,,0.004000372719019651,0.07206152379512787,3.6812507460126653e-06,0.03564463555812836,0.02442975342273712,9.928254439728335e-05,0.0,0.0,8.438851364189759e-05,0.0009916847116515587
82,True,,,,,0.00728796748444438,0.10459171235561371,8.82334825291764e-06,0.06419496238231659,0.046429168432950974,0.00010091134026879445,0.0,0.0,0.00010812039545271546,0.0009914061185132797
83,True,,,,,0.003089861012995243,0.05588764697313309,4.948863988829544e-06,0.030302733182907104,0.02161318250000477,0.00010260949784424156,0.0,0.0,6.326557195279747e-05,0.0009911229799725906
84,True,,,,,0.002192222513258457,0.07221442461013794,7.423265742545482e-06,0.022041290998458862,0.012611735612154007,0.00010433089482830837,0.0,0.0,5.4317137255566195e-05,0.000990835298945125
85,True,,,,,0.0031283912248909473,0.07792835682630539,6.120797024777858e-06,0.030805673450231552,0.019871145486831665,0.00010598592780297622,0.0,0.0,5.444678754429333e-05,0.0009905430783932934
86,True,,,,,0.004628603346645832,0.06303203105926514,1.9953829905716702e-05,0.038471829146146774,0.027499038726091385,0.00010764224134618416,0.0,0.0,9.827976464293897e-05,0.0009902463213262516
87,True,,,,,0.0023678061552345753,0.05848727375268936,5.357478585210629e-06,0.021224047988653183,0.012995707802474499,0.00010919961641775444,0.0,0.0,6.628619303228334e-05,0.0009899450307998714
88,True,,,,,0.0036488762125372887,0.07446189969778061,3.001231334565091e-06,0.03679417818784714,0.025692002847790718,0.00011072302731918171,0.0,0.0,5.949076876277104e-05,0.0009896392099167076
89,True,,,,,0.003888519015163183,0.08986225724220276,3.795202019318822e-06,0.039783280342817307,0.026899825781583786,0.00011226529750274494,0.0,0.0,7.181570981629193e-05,0.0009893288618259665
90,True,,,,,0.0037985220551490784,0.07005210220813751,9.149545803666115e-06,0.03319484367966652,0.022371675819158554,0.0001137976287282072,0.0,0.0,6.210773426573724e-05,0.0009890139897234735
91,True,,,,,0.003683844581246376,0.06554430723190308,5.101329406898003e-06,0.03569122776389122,0.025441594421863556,0.00011538240505615249,0.0,0.0,6.25573520665057e-05,0.0009886945968516406
92,True,,,,,0.00657044630497694,0.10321968793869019,7.602731329825474e-06,0.061463356018066406,0.04455456882715225,0.00011702798656187952,0.0,0.0,8.274417632492259e-05,0.0009883706864994325
93,True,,,,,0.006300633307546377,0.09892236441373825,6.404488431144273e-06,0.05961662903428078,0.04340976104140282,0.00011876283679157495,0.0,0.0,8.939080726122484e-05,0.0009880422620023328
94,True,,,,,0.0045297760516405106,0.07367859780788422,2.0206669432809576e-05,0.042472101747989655,0.030532844364643097,0.00012063115718774498,0.0,0.0,6.504140765173361e-05,0.0009877093267423099
95,True,,,,,0.003734694793820381,0.08103401958942413,5.534056526812492e-06,0.03873913362622261,0.026888741180300713,0.00012250113650225103,0.0,0.0,7.6013442594558e-05,0.0009873718841477816
96,True,,,,,0.004692886024713516,0.08381333947181702,3.1024599138618214e-06,0.044771771878004074,0.03169010207056999,0.00012441276339814067,0.0,0.0,6.881278386572376e-05,0.000987029937693581
97,True,,,,,0.0026316759176552296,0.061784520745277405,3.906800884578843e-06,0.02641616389155388,0.017596958205103874,0.00012633473670575768,0.0,0.0,4.9948208470596e-05,0.000986683490900919
98,True,,,,,0.003319426905363798,0.06845036149024963,9.711707207316067e-06,0.03071153536438942,0.02052636817097664,0.00012821212294511497,0.0,0.0,5.39470165676903e-05,0.0009863325473373496
99,True,,,,,0.005949697457253933,0.09521713852882385,5.334504294296494e-06,0.06291277706623077,0.047429393976926804,0.00013006704102735966,0.0,0.0,0.00010032409045379609,0.0009859771106167326
100,True,,,,,0.0022814245894551277,0.06999493390321732,7.977621862664819e-06,0.024009644985198975,0.014711453579366207,0.00013193019549362361,0.0,0.0,4.653910582419485e-05,0.0009856171843991956
101,True,,,,,0.004336758516728878,0.084662526845932,6.924399713170715e-06,0.04413950815796852,0.03132130950689316,0.00013369921362027526,0.0,0.0,6.964038038859144e-05,0.000985252772391098
102,True,,,,,0.0035756309516727924,0.07643729448318481,2.051474803010933e-05,0.03289569914340973,0.021633952856063843,0.00013550360745284706,0.0,0.0,6.181027129059657e-05,0.0009848838783449911
103,True,,,,,0.003760751336812973,0.07694865763187408,5.712303391192108e-06,0.03550925850868225,0.024040840566158295,0.00013731521903537214,0.0,0.0,6.716025382047519e-05,0.0009845105060595804
104,True,,,,,0.0033362596295773983,0.0632263720035553,3.179093255312182e-06,0.03204108774662018,0.022374439984560013,0.00013920255878474563,0.0,0.0,6.475894042523578e-05,0.0009841326593796867
105,True,,,,,0.003924260381609201,0.09422769397497177,4.0008703763305675e-06,0.04098721221089363,0.027630766853690147,0.0001411622215528041,0.0,0.0,7.775250560371205e-05,0.0009837503421962052
106,True,,,,,0.0037771675270050764,0.06850016117095947,1.0039484550361522e-05,0.036388106644153595,0.025739410892128944,0.00014311094128061086,0.0,0.0,6.122835475252941e-05,0.0009833635584460677
107,True,,,,,0.004305100068449974,0.07727205753326416,5.436951141746249e-06,0.04315176606178284,0.031107136979699135,0.0001450339041184634,0.0,0.0,6.881015724502504e-05,0.0009829723121121993
108,True,,,,,0.0029622928705066442,0.060581471771001816,8.263295967481099e-06,0.030565446242690086,0.021527010947465897,0.00014693240518681705,0.0,0.0,4.904594607069157e-05,0.0009825766072234798
109,True,,,,,0.0037674792110919952,0.07265641540288925,7.076137080730405e-06,0.032991841435432434,0.02194307930767536,0.00014883605763316154,0.0,0.0,5.850652087246999e-05,0.0009821764478547008
110,True,,,,,0.0033438261598348618,0.07916302978992462,2.0610719730029814e-05,0.032491084188222885,0.021188225597143173,0.00015074740804266185,0.0,0.0,5.433716796687804e-05,0.000981771838126524
111,True,,,,,0.003774366108700633,0.11863115429878235,5.753328423452331e-06,0.04343593493103981,0.027785418555140495,0.0001526343694422394,0.0,0.0,6.6331573179923e-05,0.000981362782205439
112,True,,,,,0.0038819527253508568,0.06744695454835892,3.2206896776187932e-06,0.035268429666757584,0.02463379316031933,0.00015452572552021593,0.0,0.0,7.936192560009658e-05,0.0009809492843037206
113,True,,,,,0.004079485312104225,0.09873170405626297,4.063967026013415e-06,0.04324742779135704,0.02928508073091507,0.0001563279511174187,0.0,0.0,6.344555004034191e-05,0.0009805313486793848
114,True,,,,,0.0017412786837667227,0.06095985695719719,1.0288460543961264e-05,0.019218703731894493,0.011359281837940216,0.00015812975470907986,0.0,0.0,4.577140498440713e-05,0.0009801089796361454
115,True,,,,,0.0018168804235756397,0.04927081987261772,5.5373143368342426e-06,0.019195467233657837,0.012438831850886345,0.00015984714264050126,0.0,0.0,4.0597868064651266e-05,0.0009796821815233694
116,True,,,,,0.0024654832668602467,0.0532204695045948,8.553612133255228e-06,0.024030102416872978,0.0162238497287035,0.00016152820899151266,0.0,0.0,5.1893039199057966e-05,0.000979250958736033
117,True,,,,,0.004838055465370417,0.09964387118816376,7.1954564191401005e-06,0.047713279724121094,0.032894812524318695,0.00016316105029545724,0.0,0.0,6.806431338191032e-05,0.0009788153157146747
118,True,,,,,0.0043091196566820145,0.07826370000839233,2.085490632453002e-05,0.04358318820595741,0.03140433877706528,0.0001648964680498466,0.0,0.0,7.298724085558206e-05,0.0009783752569453511
119,True,,,,,0.002420892473310232,0.07336658239364624,5.817704277433222e-06,0.028212232515215874,0.018441379070281982,0.00016666231385897845,0.0,0.0,5.5330543546006083e-05,0.0009779307869595907
120,True,,,,,0.0011590705253183842,0.04829091578722,3.2910809295572108e-06,0.012121979147195816,0.0061255511827766895,0.00016838868032209575,0.0,0.0,4.0333252400159836e-05,0.0009774819103343458
121,True,,,,,0.0015814295038580894,0.04607030004262924,4.137304131290875e-06,0.015244264155626297,0.009045829065144062,0.00017001746164169163,0.0,0.0,4.504420576267876e-05,0.000977028631691947
122,True,,,,,0.004437221214175224,0.08758339285850525,1.027434609568445e-05,0.0448237843811512,0.03160595893859863,0.00017157336696982384,0.0,0.0,6.482155731646344e-05,0.0009765709557000544
123,True,,,,,0.002819820074364543,0.07099570333957672,5.709820470656268e-06,0.02662045694887638,0.016687914729118347,0.00017313619900960475,0.0,0.0,4.654442091123201e-05,0.0009761088870716104
124,True,,,,,0.007427440024912357,0.11089377105236053,8.875383173290174e-06,0.06950443238019943,0.050968121737241745,0.0001746735506458208,0.0,0.0,9.051786037161946e-05,0.0009756424305647909
125,True,,,,,0.002469119615852833,0.05016779154539108,7.330769221880473e-06,0.021964265033602715,0.014461941085755825,0.00017639163706917316,0.0,0.0,6.211704021552578e-05,0.0009751715909829557
126,True,,,,,0.004162302240729332,0.08829791843891144,2.0946388758602552e-05,0.039722051471471786,0.026686284691095352,0.00017800353816710413,0.0,0.0,7.260658458108082e-05,0.0009746963731745997
127,True,,,,,0.00447551254183054,0.08186782151460648,5.882968252990395e-06,0.04514765739440918,0.032471802085638046,0.00017968815518543124,0.0,0.0,6.930380914127454e-05,0.0009742167820333033
128,True,,,,,0.003374020103365183,0.06841525435447693,3.4032013900286984e-06,0.031870607286691666,0.021646443754434586,0.00018142593035008758,0.0,0.0,9.657321061240509e-05,0.0009737328224976809
129,True,,,,,0.0031943945214152336,0.060336045920848846,4.181370968581177e-06,0.026364242658019066,0.0171260517090559,0.0001831667759688571,0.0,0.0,5.6987559219123796e-05,0.0009732444995513311
130,True,,,,,0.005209894850850105,0.09787129610776901,1.0423471394460648e-05,0.0476551316678524,0.032635413110256195,0.00018487649504095316,0.0,0.0,7.44599528843537e-05,0.0009727518182227847
131,True,,,,,0.003181087551638484,0.07216688990592957,5.813102688989602e-06,0.03084706887602806,0.020435798913240433,0.0001866289967438206,0.0,0.0,5.338599657989107e-05,0.0009722547835854532
132,True,,,,,0.0032695364207029343,0.06165284663438797,9.129698810284026e-06,0.02887953259050846,0.019424568861722946,0.00018833024660125375,0.0,0.0,5.5499062000308186e-05,0.0009717534007575768
133,True,,,,,0.0042737508192658424,0.08878563344478607,7.350805390160531e-06,0.0396449975669384,0.02647608146071434,0.00019005512876901776,0.0,0.0,6.355915684252977e-05,0.0009712476749021708
134,True,,,,,0.004149956628680229,0.07712908089160919,2.0979246983188204e-05,0.04224071651697159,0.030333973467350006,0.00019183715630788356,0.0,0.0,8.22693546069786e-05,0.0009707376112269738
135,True,,,,,0.0034798639826476574,0.060235753655433655,5.899829375266563e-06,0.03300607204437256,0.02348889783024788,0.0001935310720000416,0.0,0.0,5.371733277570456e-05,0.0009702232149843928
136,True,,,,,0.0033163269981741905,0.09108719229698181,3.4995041460206266e-06,0.029433749616146088,0.016999751329421997,0.00019522564252838492,0.0,0.0,8.31726283649914e-05,0.0009697044914714496
137,True,,,,,0.0013105858815833926,0.04733498394489288,4.225928933010437e-06,0.011697862297296524,0.005643356125801802,0.0001969366567209363,0.0,0.0,5.307210813043639e-05,0.0009691814460297271
138,True,,,,,0.0030944813042879105,0.07377973943948746,1.046668148774188e-05,0.03083524852991104,0.020339874550700188,0.0001986004353966564,0.0,0.0,5.3306383051676676e-05,0.0009686540840453122
139,True,,,,,0.005116654559969902,0.09257601201534271,5.938428330409806e-06,0.04605716094374657,0.031669024378061295,0.00020026194397360086,0.0,0.0,7.026187813607976e-05,0.0009681224109487427
140,True,,,,,0.003852938301861286,0.07790151238441467,9.316932846559212e-06,0.03681759536266327,0.025153854861855507,0.0002020347601501271,0.0,0.0,5.370531653170474e-05,0.0009675864322149497
141,True,,,,,0.005192528944462538,0.08232738077640533,7.50875460653333e-06,0.04433991760015488,0.0308975949883461,0.0002038472448475659,0.0,0.0,6.587320967810228e-05,0.0009670461533632021
142,True,,,,,0.002988845109939575,0.06748704612255096,2.1210127670201473e-05,0.030980927869677544,0.021198902279138565,0.00020566651073750108,0.0,0.0,5.784635141026229e-05,0.0009665015799570495
143,True,,,,,0.003738843835890293,0.07243961840867996,5.89377441428951e-06,0.03910834342241287,0.028111673891544342,0.00020744933863170445,0.0,0.0,6.200803181855008e-05,0.0009659527176042647
144,True,,,,,0.003683248069137335,0.05498849228024483,3.598578132368857e-06,0.03307211771607399,0.02388072945177555,0.00020922378462273628,0.0,0.0,6.163481157273054e-05,0.0009653995719567863
145,True,,,,,0.001825727871619165,0.06162777543067932,4.320216248743236e-06,0.019887665286660194,0.011888409033417702,0.00021102667960803956,0.0,0.0,4.7715395339764655e-05,0.0009648421487106604
146,True,,,,,0.005368714686483145,0.10107986629009247,1.0701711289584637e-05,0.05526294186711311,0.0397627092897892,0.00021273523452691734,0.0,0.0,6.747104634996504e-05,0.0009642804536059814
147,True,,,,,0.0035679987631738186,0.07297760248184204,6.071044026612071e-06,0.03372793272137642,0.022847885265946388,0.00021450547501444817,0.0,0.0,8.427487773587927e-05,0.0009637144924268342
148,True,,,,,0.0018698781495913863,0.054094091057777405,9.579482139088213e-06,0.02116716466844082,0.013866555877029896,0.00021622619533445686,0.0,0.0,5.33781640115194e-05,0.0009631442710012335
149,True,,,,,0.005474100820720196,0.08939135074615479,7.752652891213074e-06,0.05385885015130043,0.03942792862653732,0.0002178948634536937,0.0,0.0,7.369933882728219e-05,0.0009625697952010636
150,True,,,,,0.005714676808565855,0.10043630003929138,2.1706006009480916e-05,0.04774392396211624,0.03194000571966171,0.0002196495042880997,0.0,0.0,7.056506728986278e-05,0.0009619910709420191
151,True,,,,,0.0018205444794148207,0.07595119625329971,5.994896127958782e-06,0.021231817081570625,0.0118019487708807,0.00022142480884213,0.0,0.0,5.174484249437228e-05,0.0009614081041835432
152,True,,,,,0.001969034317880869,0.052366048097610474,3.7169281768001383e-06,0.019714154303073883,0.01249885093420744,0.00022312428336590528,0.0,0.0,4.358072692411952e-05,0.0009608209009287662
153,True,,,,,0.006154220551252365,0.11832942068576813,4.452544999367092e-06,0.05106009915471077,0.033061787486076355,0.00022476546291727573,0.0,0.0,7.76010419940576e-05,0.0009602294672244439
154,True,,,,,0.0024351130705326796,0.061156999319791794,1.1122800060547888e-05,0.026052387431263924,0.017477063462138176,0.00022644849377684295,0.0,0.0,5.874156704521738e-05,0.0009596338091608958
155,True,,,,,0.0036666947416961193,0.07416705787181854,6.364240107359365e-06,0.03436858952045441,0.02327018231153488,0.0002280707412865013,0.0,0.0,6.289548764470965e-05,0.0009590339328719418
156,True,,,,,0.003786238841712475,0.07862155884504318,9.935675734595861e-06,0.0356437973678112,0.023973233997821808,0.00022977596381679177,0.0,0.0,5.799413702334277e-05,0.000958429844534839
157,True,,,,,0.0044607436284422874,0.07512038946151733,8.113202056847513e-06,0.04275941476225853,0.03076809272170067,0.00023152329958975315,0.0,0.0,8.974724187282845e-05,0.0009578215503702182
158,True,,,,,0.00541559886187315,0.08485184609889984,2.192000647482928e-05,0.047196172177791595,0.03324921429157257,0.00023321493063122034,0.0,0.0,8.993045048555359e-05,0.0009572090566420204
159,True,,,,,0.004034790676087141,0.06679172813892365,6.220079740160145e-06,0.037752289324998856,0.02702353522181511,0.0002350773138459772,0.0,0.0,6.418405973818153e-05,0.0009565923696574314
160,True,,,,,0.003252878785133362,0.058326222002506256,3.86082001568866e-06,0.030281808227300644,0.021186217665672302,0.00023699543089605868,0.0,0.0,6.111739639891312e-05,0.0009559714957668177
161,True,,,,,0.0015154974535107613,0.07427748292684555,4.6518066483258735e-06,0.018187465146183968,0.009232524782419205,0.00023892766330391169,0.0,0.0,5.0937502237502486e-05,0.0009553464413636601
162,True,,,,,0.004376519937068224,0.08767477422952652,1.1227918548684102e-05,0.04475177824497223,0.031582918018102646,0.00024072076485026628,0.0,0.0,7.719591667409986e-05,0.0009547172128844888
163,True,,,,,0.004179432988166809,0.08751548826694489,6.515464519907255e-06,0.04245193675160408,0.029505498707294464,0.00024258490884676576,0.0,0.0,5.605032492894679e-05,0.0009540838168088168
164,True,,,,,0.003306361846625805,0.06365996599197388,1.0096418918692507e-05,0.03405163437128067,0.02435663715004921,0.0002444676938466728,0.0,0.0,6.31317452643998e-05,0.0009534462596590728
165,True,,,,,0.004533892963081598,0.07541602849960327,8.199796866392717e-06,0.04395877197384834,0.03186441585421562,0.00024642457719892263,0.0,0.0,6.22856750851497e-05,0.0009528045480005352
166,True,,,,,0.00409198272973299,0.0824805423617363,2.21054124267539e-05,0.0408473014831543,0.02846056967973709,0.0002484651922713965,0.0,0.0,6.127896631369367e-05,0.0009521586884412624
167,True,,,,,0.0049522509798407555,0.10523556172847748,6.241501068871003e-06,0.04914015904068947,0.03364935889840126,0.00025054282741621137,0.0,0.0,7.980914961080998e-05,0.0009515086876320273
168,True,,,,,0.003972240723669529,0.0687091052532196,3.933980224246625e-06,0.03757280483841896,0.026719260960817337,0.0002527254691813141,0.0,0.0,5.8938738220604137e-05,0.0009508545522662467
169,True,,,,,0.0035347426310181618,0.09622108936309814,4.777871708938619e-06,0.04069221764802933,0.027523260563611984,0.00025495048612356186,0.0,0.0,5.989897545077838e-05,0.0009501962890799135
170,True,,,,,0.007383430376648903,0.08011962473392487,1.1294561772956513e-05,0.06536813825368881,0.0499475821852684,0.00025714660296216607,0.0,0.0,9.984997450374067e-05,0.000949533904851527
171,True,,,,,0.006300690583884716,0.10026536881923676,6.94479376761592e-06,0.05526600778102875,0.038922298699617386,0.000259450520388782,0.0,0.0,6.852128717582673e-05,0.0009488674064020232
172,True,,,,,0.0023307139053940773,0.05221209675073624,1.062722640199354e-05,0.022188780829310417,0.014612982980906963,0.00026183269801549613,0.0,0.0,5.198834332986735e-05,0.0009481968005947044
173,True,,,,,0.002368718618527055,0.07852979004383087,8.69561336003244e-06,0.027516724541783333,0.017274994403123856,0.00026411234284751117,0.0,0.0,5.3686671890318394e-05,0.0009475220943351688
174,True,,,,,0.0035372786223888397,0.08887837827205658,2.266449882881716e-05,0.036824773997068405,0.024351665750145912,0.0002662772894836962,0.0,0.0,5.4666663345415145e-05,0.0009468432945712391
175,True,,,,,0.005981943570077419,0.09381996095180511,6.638350441789953e-06,0.05772707983851433,0.04234717786312103,0.0002684208448044956,0.0,0.0,7.251566421473399e-05,0.0009461604082928911
176,True,,,,,0.0021890453062951565,0.05698132887482643,4.17333876612247e-06,0.02409578301012516,0.016197551041841507,0.0002706656523514539,0.0,0.0,4.9535668949829414e-05,0.0009454734425321816
177,True,,,,,0.004496210254728794,0.073947474360466,5.018311640014872e-06,0.04201123118400574,0.030107509344816208,0.00027280679205432534,0.0,0.0,6.362946442095563e-05,0.0009447824043631763
178,True,,,,,0.006191448774188757,0.09289819747209549,1.1709344107657671e-05,0.058174677193164825,0.042667239904403687,0.0002749070408754051,0.0,0.0,8.729689579922706e-05,0.0009440873009018765
179,True,,,,,0.0041726697236299515,0.06811531633138657,7.1163553911901545e-06,0.0396854430437088,0.028684241697192192,0.0002769611310213804,0.0,0.0,7.00541349942796e-05,0.0009433881393061462
180,True,,,,,0.005074491258710623,0.06939858198165894,1.1028203516616486e-05,0.046231359243392944,0.03419216349720955,0.00027902223519049585,0.0,0.0,7.862869097152725e-05,0.0009426849267756381
181,True,,,,,0.0034213950857520103,0.06003005802631378,8.962701031123288e-06,0.035448119044303894,0.026002980768680573,0.00028119716444052756,0.0,0.0,7.138105866033584e-05,0.0009419776705517199
182,True,,,,,0.0017978847026824951,0.04957899823784828,2.3175787646323442e-05,0.018322555348277092,0.011517586186528206,0.00028326699975878,0.0,0.0,4.4576358050107956e-05,0.0009412663779173994
183,True,,,,,0.004768846090883017,0.07684996724128723,6.848648808954749e-06,0.04523929953575134,0.03276890516281128,0.00028524614754132926,0.0,0.0,0.00011108472244814038,0.0009405510561972489
184,True,,,,,0.004567295778542757,0.07109609246253967,4.237812390783802e-06,0.04292099177837372,0.031232738867402077,0.00028724566800519824,0.0,0.0,0.000188131642062217,0.0009398317127573313
185,True,,,,,0.0030644803773611784,0.06480513513088226,5.1135625653842e-06,0.031146708875894547,0.02158859744668007,0.0002890650648623705,0.0,0.0,5.265229265205562e-05,0.000939108355005123
186,True,,,,,0.004160914570093155,0.07960925251245499,1.169446659332607e-05,0.043592359870672226,0.03144422173500061,0.000290911179035902,0.0,0.0,6.859605491627008e-05,0.0009383809903894379
187,True,,,,,0.0017321936320513487,0.042078763246536255,7.115194421203341e-06,0.01827279105782509,0.01231556199491024,0.0002928512985818088,0.0,0.0,3.861445657094009e-05,0.0009376496264003508
188,True,,,,,0.0030395742505788803,0.05574692785739899,1.1057606570830103e-05,0.024604391306638718,0.015965061262249947,0.000294718483928591,0.0,0.0,4.87593024445232e-05,0.0009369142705691206
189,True,,,,,0.004907071590423584,0.08644363284111023,8.990830792754423e-06,0.05204206332564354,0.03846967965364456,0.00029650310170836747,0.0,0.0,7.488395931432024e-05,0.0009361749304681119
190,True,,,,,0.004094596020877361,0.07674482464790344,2.331548421352636e-05,0.03914492204785347,0.027326228097081184,0.00029835072928108275,0.0,0.0,7.162784459069371e-05,0.0009354316137107177
191,True,,,,,0.0029243759345263243,0.06545950472354889,6.879682587168645e-06,0.026993857696652412,0.01750676892697811,0.0003002629382535815,0.0,0.0,5.38150779902935e-05,0.0009346843279512811
192,True,,,,,0.00523480586707592,0.08112069964408875,4.244547653797781e-06,0.04567428305745125,0.03231589496135712,0.0003021538723260164,0.0,0.0,7.835619180696085e-05,0.000933933080885016
193,True,,,,,0.004193773493170738,0.08466848731040955,5.153910933586303e-06,0.0410877950489521,0.02841382473707199,0.0003041528398171067,0.0,0.0,6.143240170786157e-05,0.0009331778802479276
194,True,,,,,0.0017015108605846763,0.06696461886167526,1.1628944776020944e-05,0.01903499849140644,0.010610705241560936,0.0003061813476961106,0.0,0.0,7.211300544440746e-05,0.0009324187338167342
195,True,,,,,0.003716076724231243,0.08352070301771164,7.270762125699548e-06,0.036103636026382446,0.02401786670088768,0.00030810103635303676,0.0,0.0,5.9073776355944574e-05,0.0009316556494087853
196,True,,,,,0.0044673713855445385,0.09503382444381714,1.1131523024232592e-05,0.04598880931735039,0.03199269250035286,0.00030999715090729296,0.0,0.0,7.062435906846076e-05,0.0009308886348819823
197,True,,,,,0.0034304503351449966,0.053890496492385864,9.14017618924845e-06,0.03251427784562111,0.02367338165640831,0.00031189725268632174,0.0,0.0,8.098746184259653e-05,0.0009301176981346969
198,True,,,,,0.004756695590913296,0.0942370668053627,2.3626000256626867e-05,0.04446525499224663,0.03023446537554264,0.0003137851017527282,0.0,0.0,6.309986929409206e-05,0.0009293428471056904
199,True,,,,,0.002895990153774619,0.08049184828996658,7.123263458197471e-06,0.033557042479515076,0.022594459354877472,0.0003157335740979761,0.0,0.0,5.17331573064439e-05,0.0009285640897740315
200,True,,,,,0.0032826997339725494,0.08420111238956451,4.334423465479631e-06,0.030912507325410843,0.019197851419448853,0.0003176347818225622,0.0,0.0,5.608296487480402e-05,0.0009277814341590143
201,True,,,,,0.005483588203787804,0.08672046661376953,5.302309546095785e-06,0.05190267041325569,0.03773323446512222,0.0003195538301952183,0.0,0.0,7.504579843953252e-05,0.0009269948883200753
202,True,,,,,0.004765885416418314,0.08030881732702255,1.1737658496713266e-05,0.04829522594809532,0.03547176718711853,0.00032150751212611794,0.0,0.0,8.613706449978054e-05,0.0009262044603567113
203,True,,,,,0.0038787720259279013,0.07898449152708054,7.448969881806988e-06,0.035455670207738876,0.023660313338041306,0.0003235622716601938,0.0,0.0,5.7400884543312714e-05,0.0009254101584083953
204,True,,,,,0.005612943321466446,0.08581839501857758,1.1308567991363816e-05,0.0512884259223938,0.03706777095794678,0.000325616798363626,0.0,0.0,7.453858415829018e-05,0.0009246119906544929
205,True,,,,,0.003048339392989874,0.06273046135902405,9.355687325296458e-06,0.03024839051067829,0.020905015990138054,0.00032769300742074847,0.0,0.0,5.199303268454969e-05,0.0009238099653141777
206,True,,,,,0.0048808688297867775,0.08244889974594116,2.3992062779143453e-05,0.047462284564971924,0.03428524360060692,0.0003297204675618559,0.0,0.0,6.552858394570649e-05,0.0009230040906463475
207,True,,,,,0.001934658270329237,0.04727911204099655,7.363346867350629e-06,0.019823046401143074,0.01314243208616972,0.0003317865775898099,0.0,0.0,4.4887096009915695e-05,0.0009221943749495385
208,True,,,,,0.004334322642534971,0.08115854114294052,4.420721779752057e-06,0.039409786462783813,0.02694742940366268,0.0003338310052640736,0.0,0.0,7.993289909791201e-05,0.00092138082656184
209,True,,,,,0.003300595097243786,0.0795646607875824,5.428244094218826e-06,0.03612799569964409,0.02485671639442444,0.00033592991530895233,0.0,0.0,6.42307786620222e-05,0.0009205634538608085
210,True,,,,,0.004462079610675573,0.08293869346380234,1.1949631698371377e-05,0.03947410359978676,0.026690877974033356,0.0003380503330845386,0.0,0.0,6.0420868976507336e-05,0.0009197422652633822
211,True,,,,,0.0022818725556135178,0.06174488738179207,7.538106729043648e-06,0.02295435220003128,0.014479512348771095,0.0003400810237508267,0.0,0.0,5.7123656006297097e-05,0.0009189172692257932
212,True,,,,,0.006309729069471359,0.08284200727939606,1.1518370229168795e-05,0.057360872626304626,0.042740486562252045,0.00034206933923996985,0.0,0.0,7.638953684363514e-05,0.000918088474243481
213,True,,,,,0.0053034378215670586,0.07955153286457062,9.463268725085072e-06,0.046804845333099365,0.033523883670568466,0.00034415701520629227,0.0,0.0,6.11584764556028e-05,0.0009172558888510049
214,True,,,,,0.002372463932260871,0.06102830916643143,2.4099366783048026e-05,0.02460547536611557,0.016078518703579903,0.0003463278990238905,0.0,0.0,5.1914579671574757e-05,0.0009164195216219563
215,True,,,,,0.003952407743781805,0.08234626799821854,7.446187282766914e-06,0.032959211617708206,0.020753800868988037,0.000348423927789554,0.0,0.0,6.308202137006447e-05,0.0009155793811688697
216,True,,,,,0.00613196287304163,0.09344164282083511,4.496583642321639e-06,0.058676376938819885,0.04318775236606598,0.00035057353670708835,0.0,0.0,7.248404290294275e-05,0.0009147354761431357
217,True,,,,,0.003452504752203822,0.06189374625682831,5.520929335034452e-06,0.03632122278213501,0.026664773002266884,0.0003527965454850346,0.0,0.0,8.135232928907499e-05,0.0009138878152349095
218,True,,,,,0.0013784735929220915,0.0366457924246788,1.2330896424828097e-05,0.0139933992177248,0.008922133594751358,0.0003549992688931525,0.0,0.0,3.971215119236149e-05,0.0009130364071730235
219,True,,,,,0.0020000538788735867,0.06008589267730713,7.580462806799915e-06,0.021663794293999672,0.013636420480906963,0.00035710944212041795,0.0,0.0,4.2726940591819584e-05,0.0009121812607248966
220,True,,,,,0.005666044540703297,0.08439238369464874,1.175675424747169e-05,0.04957592859864235,0.035443540662527084,0.0003591609129216522,0.0,0.0,6.744027632521465e-05,0.0009113223846964434
221,True,,,,,0.0024185101501643658,0.06233438104391098,9.536082870909013e-06,0.02337629720568657,0.014701664447784424,0.00036125295446254313,0.0,0.0,5.1708557293750346e-05,0.0009104597879319846
222,True,,,,,0.0021964965853840113,0.060628339648246765,2.400314770056866e-05,0.023543305695056915,0.015232337638735771,0.0003633032611105591,0.0,0.0,4.798121517524123e-05,0.0009095934793141551
223,True,,,,,0.010482091456651688,0.14183315634727478,7.453713806171436e-06,0.10069988667964935,0.07601591944694519,0.0003652598534245044,0.0,0.0,0.00010597448272164911,0.0009087234677638127
224,True,,,,,0.002952782902866602,0.06650194525718689,4.585621354635805e-06,0.029061071574687958,0.019445247948169708,0.0003674841718748212,0.0,0.0,4.881140557699837e-05,0.0009078497622399466
225,True,,,,,0.0024737417697906494,0.055943429470062256,5.600722033705097e-06,0.0237913616001606,0.015708379447460175,0.00036962440935894847,0.0,0.0,4.6830733481328934e-05,0.0009069723717395846
226,True,,,,,0.008158493787050247,0.1392747461795807,1.2613275430339854e-05,0.07657305896282196,0.054458148777484894,0.0003716754144988954,0.0,0.0,7.978229405125603e-05,0.0009060913052977012
227,True,,,,,0.0034503075294196606,0.05907494202256203,7.579564226034563e-06,0.034451067447662354,0.025074366480112076,0.00037384923780336976,0.0,0.0,0.00010220255353488028,0.0009052065719871238
228,True,,,,,0.0025248562451452017,0.059399865567684174,1.2001964023511391e-05,0.024386901408433914,0.015894293785095215,0.0003760198596864939,0.0,0.0,4.931279181619175e-05,0.0009043181809184392
229,True,,,,,0.0024158000014722347,0.04430076479911804,9.601184501661919e-06,0.02384004183113575,0.016971182078123093,0.00037815861287526786,0.0,0.0,4.988577347830869e-05,0.000903426141239901
230,True,,,,,0.004050314426422119,0.07593758404254913,2.4138003936968744e-05,0.037698570638895035,0.026002418249845505,0.0003802638384513557,0.0,0.0,5.491153206094168e-05,0.0009025304621373337
231,True,,,,,0.003655844833701849,0.07718828320503235,7.465389899152797e-06,0.03392715007066727,0.02253372222185135,0.00038232264341786504,0.0,0.0,5.5435502872569486e-05,0.0009016311528340395
232,True,,,,,0.002453309018164873,0.060932476073503494,4.6538134483853355e-06,0.02482246607542038,0.016262758523225784,0.0003843546728603542,0.0,0.0,4.782685937243514e-05,0.0009007282225907027
233,True,,,,,0.005035603418946266,0.08454371988773346,5.669437086908147e-06,0.04712933674454689,0.033624157309532166,0.0003862946177832782,0.0,0.0,9.216619946528226e-05,0.000899821680705294
234,True,,,,,0.0036379683297127485,0.06392565369606018,1.2739947123918682e-05,0.035264480859041214,0.025204584002494812,0.0003882445744238794,0.0,0.0,7.007004751358181e-05,0.0008989115365129758
235,True,,,,,0.010374952107667923,0.1346459686756134,7.687764991715085e-06,0.10068610310554504,0.076827272772789,0.00039018780807964504,0.0,0.0,0.00011065619764849544,0.0008979977993860052
236,True,,,,,0.004667879082262516,0.07884594798088074,1.219073874381138e-05,0.04813184589147568,0.03555106744170189,0.00039233642746694386,0.0,0.0,6.710238812956959e-05,0.0008970804787336377
237,True,,,,,0.004449033178389072,0.0755515918135643,9.655359463067725e-06,0.038775309920310974,0.02674786001443863,0.00039451595512218773,0.0,0.0,6.158576434245333e-05,0.0008961595840020299
238,True,,,,,0.00264795683324337,0.06323960423469543,2.4304506951011717e-05,0.026206940412521362,0.017182445153594017,0.00039673165883868933,0.0,0.0,4.794064079760574e-05,0.0008952351246741436
239,True,,,,,0.0017093820497393608,0.07802953571081161,7.533138159487862e-06,0.023500138893723488,0.013968748971819878,0.00039884354919195175,0.0,0.0,5.089110345579684e-05,0.0008943071102696463
240,True,,,,,0.0033462762366980314,0.06257909536361694,4.682334747485584e-06,0.03177470341324806,0.02215714380145073,0.0004008426913060248,0.0,0.0,7.536405610153452e-05,0.0008933755503448148
241,True,,,,,0.0014359609922394156,0.04903165623545647,5.693208549928386e-06,0.014923456124961376,0.008568914607167244,0.0004027840041089803,0.0,0.0,4.449595508049242e-05,0.0008924404544924355
242,True,,,,,0.004404486157000065,0.07407128810882568,1.2688271453953348e-05,0.04248446598649025,0.03064342960715294,0.00040463131153956056,0.0,0.0,6.0582413425436243e-05,0.0008915018323417066
243,True,,,,,0.003407050622627139,0.06751222908496857,7.827678018657025e-06,0.031597431749105453,0.02141943946480751,0.0004065191315021366,0.0,0.0,5.279862307361327e-05,0.0008905596935581384
244,True,,,,,0.0032628297340124846,0.06331907957792282,1.2175320080132224e-05,0.030299881473183632,0.020676707848906517,0.0004083994426764548,0.0,0.0,5.5197157053044066e-05,0.000889614047843454
245,True,,,,,0.004577621817588806,0.08227237313985825,9.794711331778672e-06,0.043854232877492905,0.031025683507323265,0.00041027285624295473,0.0,0.0,6.626526737818494e-05,0.000888664904935489
246,True,,,,,0.002380631398409605,0.05921731889247894,2.4405642761848867e-05,0.02206427976489067,0.013708984479308128,0.0004121075617149472,0.0,0.0,5.424745904747397e-05,0.000887712274608092
247,True,,,,,0.0038970946334302425,0.063838429749012,7.6008145697414875e-06,0.037055496126413345,0.02675521746277809,0.0004138833610340953,0.0,0.0,8.249374513980001e-05,0.0008867561666710228
248,True,,,,,0.003090241691097617,0.06475269794464111,4.714406713901553e-06,0.03260175138711929,0.02302265539765358,0.0004157125949859619,0.0,0.0,5.474789213621989e-05,0.0008857965909698531
249,True,,,,,0.005188978277146816,0.08271734416484833,5.739187599829165e-06,0.04633650928735733,0.03286014124751091,0.00041761185275390744,0.0,0.0,6.921128078829497e-05,0.0008848335573858631
250,True,,,,,0.005527278408408165,0.08102819323539734,1.2735888958559372e-05,0.053216297179460526,0.039556533098220825,0.00041957461507990956,0.0,0.0,7.0570720708929e-05,0.0008838670758359411
251,True,,,,,0.0042945751920342445,0.06660420447587967,7.837435077817645e-06,0.040049415081739426,0.029074527323246002,0.00042165323975495994,0.0,0.0,7.808384543750435e-05,0.0008828971562724811
252,True,,,,,0.006175864487886429,0.11247365176677704,1.2467673514038324e-05,0.05721716210246086,0.03976476192474365,0.00042374228360131383,0.0,0.0,6.444338214350864e-05,0.00088192380868328
253,True,,,,,0.005333292298018932,0.09797458350658417,9.910867447615601e-06,0.048083484172821045,0.03292865306138992,0.00042586695053614676,0.0,0.0,7.465487578883767e-05,0.0008809470430914353
254,True,,,,,0.0033408296294510365,0.07507219165563583,2.4500133804394864e-05,0.032219793647527695,0.0213184654712677,0.0004280464490875602,0.0,0.0,5.31843543285504e-05,0.0008799668695552414
255,True,,,,,0.0030328750144690275,0.06053323298692703,7.459980224666651e-06,0.031185375526547432,0.0220799557864666,0.0004301608132664114,0.0,0.0,5.959850750514306e-05,0.0008789832981680859
256,True,,,,,0.004562932066619396,0.08941750228404999,4.75401793664787e-06,0.04438143968582153,0.030862927436828613,0.0004322389722801745,0.0,0.0,5.686965232598595e-05,0.0008779963390583464
257,True,,,,,0.0029491446912288666,0.062233876436948776,5.815357781102648e-06,0.027472564950585365,0.018284058198332787,0.0004343500186223537,0.0,0.0,4.9587393732508644e-05,0.0008770060023892855
258,True,,,,,0.00396205298602581,0.082864910364151,1.2943011824972928e-05,0.03362254425883293,0.021343747153878212,0.0004364720080047846,0.0,0.0,5.6514269090257585e-05,0.0008760122983589465
259,True,,,,,0.0037627429701387882,0.06462611258029938,7.788392395013943e-06,0.03270421177148819,0.022458897903561592,0.00043856556294485927,0.0,0.0,7.040752097964287e-05,0.0008750152372000478
260,True,,,,,0.0019986717961728573,0.055754635483026505,1.2818388313462492e-05,0.020579800009727478,0.012975620105862617,0.00044063126551918685,0.0,0.0,4.7567089495714754e-05,0.000874014829179879
261,True,,,,,0.0016914175357669592,0.05191759020090103,9.779842002899386e-06,0.01682806760072708,0.009920906275510788,0.0004425642255228013,0.0,0.0,4.6322966227307916e-05,0.0008730110846001934
262,True,,,,,0.004733155481517315,0.07409007847309113,2.436947397654876e-05,0.04929673299193382,0.0371013879776001,0.0004444057121872902,0.0,0.0,6.739710079273209e-05,0.0008720040137971029
263,True,,,,,0.0030155349522829056,0.07351234555244446,7.292543159564957e-06,0.02624647691845894,0.01586066000163555,0.00044635997619479895,0.0,0.0,6.320287502603605e-05,0.0008709936271409712
264,True,,,,,0.0022283722646534443,0.07180061936378479,4.816085947823012e-06,0.023796385154128075,0.014373837038874626,0.00044819555478170514,0.0,0.0,4.2942006984958425e-05,0.0008699799350363074
265,True,,,,,0.004107119049876928,0.08292317390441895,5.742700068367412e-06,0.036195263266563416,0.023779841139912605,0.0004499024071265012,0.0,0.0,5.979176421533339e-05,0.0008689629479216585
266,True,,,,,0.002113779541105032,0.03480798006057739,1.272967620025156e-05,0.017608126625418663,0.011983571574091911,0.0004516321059782058,0.0,0.0,5.384322503232397e-05,0.0008679426762695024
267,True,,,,,0.0029836054891347885,0.06555333733558655,7.509100214520004e-06,0.0287180095911026,0.01915951818227768,0.00045337461051531136,0.0,0.0,4.780554081662558e-05,0.000866919130586139
268,True,,,,,0.003058983013033867,0.06350693851709366,1.2845403034589253e-05,0.03157533332705498,0.0221354141831398,0.0004551000602077693,0.0,0.0,5.2684859838336706e-05,0.0008658923214115832
269,True,,,,,0.004507730714976788,0.07432436943054199,9.306886568083428e-06,0.039525844156742096,0.027562495321035385,0.0004567840078379959,0.0,0.0,5.663631236529909e-05,0.0008648622593194559
270,True,,,,,0.003762828651815653,0.08617110550403595,2.393193426541984e-05,0.034592125564813614,0.02215973660349846,0.0004585755814332515,0.0,0.0,5.249202877166681e-05,0.0008638289549168746
271,True,,,,,0.005521912127733231,0.09940070658922195,7.099027243384626e-06,0.05589119344949722,0.04041040688753128,0.00046035239938646555,0.0,0.0,7.045936945360154e-05,0.0008627924188443454
272,True,,,,,0.0019944491796195507,0.058532409369945526,4.853221071243752e-06,0.02249227836728096,0.014630259945988655,0.0004623168788384646,0.0,0.0,4.552870450424962e-05,0.000861752661775652
273,True,,,,,0.004084314685314894,0.0735381469130516,5.658923328155652e-06,0.03917925804853439,0.02772516757249832,0.0004642329004127532,0.0,0.0,6.119361205492169e-05,0.0008607096944177472
274,True,,,,,0.00465022400021553,0.07251176983118057,1.2787419109372422e-05,0.04643566906452179,0.034504033625125885,0.0004661949642468244,0.0,0.0,7.716036634519696e-05,0.000859663527510641
275,True,,,,,0.0026884085964411497,0.047693103551864624,7.548073881480377e-06,0.026085801422595978,0.018608303740620613,0.00046820176066830754,0.0,0.0,5.540860001929104e-05,0.0008586141718272916
276,True,,,,,0.0036778913345187902,0.07979241758584976,1.3091291293676477e-05,0.03514693304896355,0.02345891483128071,0.00047018605982884765,0.0,0.0,7.202967390185222e-05,0.0008575616381734935
277,True,,,,,0.004552222788333893,0.0802110880613327,9.411103746970184e-06,0.04295340180397034,0.030356524512171745,0.0004721889563370496,0.0,0.0,7.35155408619903e-05,0.0008565059373877669
278,True,,,,,0.005063304211944342,0.07688553631305695,2.3816513930796646e-05,0.04857143759727478,0.03576720505952835,0.00047407791134901345,0.0,0.0,6.184146332088858e-05,0.0008554470803412451
279,True,,,,,0.0032108593732118607,0.059554435312747955,7.106466910045128e-06,0.03145412355661392,0.02226884476840496,0.0004760307492688298,0.0,0.0,5.54858852410689e-05,0.0008543850779375637
280,True,,,,,0.006066907197237015,0.10236480832099915,4.9925952225748915e-06,0.05502479895949364,0.038706645369529724,0.00047796237049624324,0.0,0.0,9.092020627576858e-05,0.0008533199411127475
281,True,,,,,0.0040710484609007835,0.07251109182834625,5.789901479147375e-06,0.03657601401209831,0.02523747831583023,0.0004799326998181641,0.0,0.0,5.946854435023852e-05,0.0008522516808350982
282,True,,,,,0.004018471576273441,0.08505444973707199,1.3078766642138362e-05,0.04279064014554024,0.030235745012760162,0.0004819067835342139,0.0,0.0,5.78034705540631e-05,0.0008511803081050813
283,True,,,,,0.003978898748755455,0.0767173171043396,7.708633347647265e-06,0.03539575636386871,0.023724868893623352,0.00048392039025202394,0.0,0.0,5.535647869692184e-05,0.0008501058339552134
284,True,,,,,0.007674919441342354,0.10136225074529648,1.3377563846006524e-05,0.07245901226997375,0.054616257548332214,0.00048598815919831395,0.0,0.0,8.422334940405563e-05,0.0008490282694499475
285,True,,,,,0.0026123663410544395,0.06938031315803528,9.658897397457622e-06,0.026580901816487312,0.01700630411505699,0.0004882894572801888,0.0,0.0,4.343946784501895e-05,0.0008479476256855603
286,True,,,,,0.005138014443218708,0.08961787819862366,2.4212748030549847e-05,0.04995283484458923,0.035799700766801834,0.0004904872621409595,0.0,0.0,5.818032877868973e-05,0.0008468639137900366
287,True,,,,,0.0037837852723896503,0.06007593870162964,7.256082881212933e-06,0.033187054097652435,0.023376233875751495,0.0004926989786326885,0.0,0.0,5.988378688925877e-05,0.0008457771449229566
288,True,,,,,0.0038097607903182507,0.08418577909469604,5.095334017823916e-06,0.035888463258743286,0.023644983768463135,0.0004949356080032885,0.0,0.0,5.873600457562134e-05,0.0008446873302753783
289,True,,,,,0.004217872396111488,0.09001164138317108,5.892239187232917e-06,0.040693093091249466,0.027457300573587418,0.0004971865564584732,0.0,0.0,6.400448910426348e-05,0.000843594481069725
290,True,,,,,0.005150139331817627,0.0856955349445343,1.3178442713979166e-05,0.044189512729644775,0.030438467860221863,0.0004994272021576762,0.0,0.0,6.386498716892675e-05,0.0008424986085596682
291,True,,,,,0.0044528041034936905,0.08404898643493652,7.772424396534916e-06,0.04465008154511452,0.03177182003855705,0.0005015991046093404,0.0,0.0,0.00010964408284053206,0.0008413997240300118
292,True,,,,,0.00687220087274909,0.0934150367975235,1.3518545529223047e-05,0.0584777295589447,0.04223195090889931,0.0005036956863477826,0.0,0.0,7.838585588615388e-05,0.0008402978387965762
293,True,,,,,0.004473591223359108,0.08258691430091858,9.601432793715503e-06,0.04165981337428093,0.02890326827764511,0.000505813688505441,0.0,0.0,6.447621126426384e-05,0.0008391929642060818
294,True,,,,,0.0026628754567354918,0.052833192050457,2.3915832571219653e-05,0.02550857700407505,0.017509469762444496,0.0005079840193502605,0.0,0.0,6.055075937183574e-05,0.000838085111636032
295,True,,,,,0.002049812348559499,0.05214870348572731,7.110828846634831e-06,0.021126452833414078,0.01384244579821825,0.0005101376445963979,0.0,0.0,9.450031939195469e-05,0.0008369742924945963
296,True,,,,,0.0027718478813767433,0.07808062434196472,5.1329780035302974e-06,0.029854904860258102,0.019259605556726456,0.0005121732247062027,0.0,0.0,6.0846727137686685e-05,0.0008358605182204924
297,True,,,,,0.0028386961203068495,0.07762975990772247,5.843349754286464e-06,0.030060015618801117,0.01944151520729065,0.0005141132278367877,0.0,0.0,4.721031291410327e-05,0.0008347438002828685
298,True,,,,,0.0029741451144218445,0.06762992590665817,1.3021313861827366e-05,0.026331909000873566,0.016563568264245987,0.000515991123393178,0.0,0.0,5.0214493967359886e-05,0.0008336241501811857
299,True,,,,,0.004232083447277546,0.08386076986789703,7.537653345934814e-06,0.035841040313243866,0.023202627897262573,0.0005177874118089676,0.0,0.0,5.7352874136995524e-05,0.0008325015794450989
300,True,,,,,0.004186060279607773,0.07406977564096451,1.3342742022359744e-05,0.03960304707288742,0.02797812782227993,0.000519546854775399,0.0,0.0,6.038732681190595e-05,0.0008313760996343385
301,True,,,,,0.005028875079005957,0.09376706182956696,9.363832759845536e-06,0.047088347375392914,0.03265882283449173,0.0005213723634369671,0.0,0.0,6.332044722512364e-05,0.0008302477223385914
302,True,,,,,0.004068735986948013,0.07186178863048553,2.3738040908938274e-05,0.03829805925488472,0.026990436017513275,0.0005232340190559626,0.0,0.0,6.077298894524574e-05,0.0008291164591773812
303,True,,,,,0.0022234395146369934,0.05767374858260155,6.952559488127008e-06,0.024357018992304802,0.016347048804163933,0.0005251164548099041,0.0,0.0,4.667072789743543e-05,0.000827982321799949
304,True,,,,,0.0038657118566334248,0.08415678888559341,5.069732196716359e-06,0.03466855734586716,0.02237175591289997,0.0005269672255963087,0.0,0.0,6.370022310875356e-05,0.0008268453218851338
305,True,,,,,0.004702372010797262,0.11357724666595459,5.845196483278414e-06,0.04052085429430008,0.024443775415420532,0.0005288105458021164,0.0,0.0,6.909167132107541e-05,0.0008257054711412503
306,True,,,,,0.0039728665724396706,0.06367866694927216,1.2949452866450883e-05,0.036903444677591324,0.026531502604484558,0.000530709745362401,0.0,0.0,7.791697134962305e-05,0.0008245627813059712
307,True,,,,,0.004495362751185894,0.08368547260761261,7.478651241399348e-06,0.045563116669654846,0.03267892450094223,0.0005326265236362815,0.0,0.0,6.231399311218411e-05,0.0008234172641462046
308,True,,,,,0.004569293465465307,0.08734096586704254,1.3324532119440846e-05,0.04412451386451721,0.030789129436016083,0.0005346470861695707,0.0,0.0,6.548501551151276e-05,0.0008222689314579724
309,True,,,,,0.0030565846245735884,0.07815283536911011,9.409878657606896e-06,0.02976188436150551,0.018865829333662987,0.0005366331897675991,0.0,0.0,5.7986690080724657e-05,0.0008211177950662904
310,True,,,,,0.002345670945942402,0.06930835545063019,2.4055319954641163e-05,0.024169281125068665,0.014839276671409607,0.0005386737175285816,0.0,0.0,4.3717463995562866e-05,0.0008199638668250452
311,True,,,,,0.0038988857995718718,0.06050805747509003,7.064774308673805e-06,0.037496719509363174,0.027527492493391037,0.0005406283307820559,0.0,0.0,5.6348137150052935e-05,0.0008188071586168727
312,True,,,,,0.005589948035776615,0.08555176854133606,5.133017111802474e-06,0.05033859610557556,0.036177776753902435,0.0005426210700534284,0.0,0.0,8.659746526973322e-05,0.0008176476823530359
313,True,,,,,0.005768422037363052,0.09164347499608994,5.8889372667181306e-06,0.057222820818424225,0.04227282851934433,0.0005446651484817266,0.0,0.0,7.848387758713216e-05,0.0008164854499733014
314,True,,,,,0.0046436358243227005,0.07673238962888718,1.2988235539523885e-05,0.04178178310394287,0.029433462768793106,0.0005468340241350234,0.0,0.0,6.880763976369053e-05,0.0008153204734458179
315,True,,,,,0.004085239954292774,0.07704421877861023,7.481619377358584e-06,0.04119450971484184,0.029384393244981766,0.0005490065086632967,0.0,0.0,5.8069588703801855e-05,0.0008141527647669914
316,True,,,,,0.004153279587626457,0.08161903917789459,1.3248855793790426e-05,0.03517356514930725,0.022826367989182472,0.0005511586787179112,0.0,0.0,6.878202111693099e-05,0.0008129823359613626
317,True,,,,,0.002059055957943201,0.04551181569695473,9.428581506654155e-06,0.0211576409637928,0.014523014426231384,0.0005532854702323675,0.0,0.0,4.621496191248298e-05,0.0008118091990814829
318,True,,,,,0.0019837848376482725,0.052671417593955994,2.4007202227949165e-05,0.022541873157024384,0.01523737981915474,0.0005553251248784363,0.0,0.0,4.1985829739132896e-05,0.0008106333662077901
319,True,,,,,0.005036563612520695,0.08566497266292572,7.0320070335583296e-06,0.045624740421772,0.032002042979002,0.0005572523805312812,0.0,0.0,6.885992479510605e-05,0.0008094548494484844
320,True,,,,,0.0037295527290552855,0.08127938210964203,5.1427027756290045e-06,0.034693244844675064,0.022819876670837402,0.0005592404631897807,0.0,0.0,5.677996523445472e-05,0.0008082736609394031
321,True,,,,,0.002404754515737295,0.055846091359853745,5.935712579230312e-06,0.023258427157998085,0.015251578763127327,0.0005612621898762882,0.0,0.0,3.8249152567004785e-05,0.0008070898128438963
322,True,,,,,0.0018315648194402456,0.05205407738685608,1.314400287810713e-05,0.02061392180621624,0.013545028865337372,0.0005632408428937197,0.0,0.0,4.50266306870617e-05,0.0008059033173527014
323,True,,,,,0.0036448275204747915,0.06342799961566925,7.514010121667525e-06,0.03783087804913521,0.027822570875287056,0.0005650983657687902,0.0,0.0,6.06863759458065e-05,0.0008047141866838168
324,True,,,,,0.003186250803992152,0.07610286772251129,1.3362019672058523e-05,0.02951383963227272,0.018684908747673035,0.0005669616512022913,0.0,0.0,6.109258538344875e-05,0.0008035224330823776
325,True,,,,,0.0031443722546100616,0.07574257254600525,9.447484444535803e-06,0.028975864872336388,0.01823265478014946,0.0005687550292350352,0.0,0.0,4.619200626621023e-05,0.0008023280688205282
326,True,,,,,0.0030449393671005964,0.06256143748760223,2.388915527262725e-05,0.0298293624073267,0.020474795252084732,0.0005704975919798017,0.0,0.0,4.858735337620601e-05,0.0008011311061972968
327,True,,,,,0.004822509363293648,0.07305768877267838,6.940604180272203e-06,0.044760629534721375,0.03261274844408035,0.0005722317728213966,0.0,0.0,6.811829371144995e-05,0.0007999315575384679
328,True,,,,,0.0029101124964654446,0.06190446391701698,5.1775837164314e-06,0.02786647342145443,0.018749818205833435,0.0005740047199651599,0.0,0.0,5.172602323000319e-05,0.000798729435196456
329,True,,,,,0.004505717661231756,0.09482918679714203,5.965116542938631e-06,0.04282320290803909,0.02881687693297863,0.0005757537437602878,0.0,0.0,8.5150204540696e-05,0.0007975247515501785
330,True,,,,,0.003920610528439283,0.07288306951522827,1.310289189859759e-05,0.04103995859622955,0.02979906275868416,0.0005775525933131576,0.0,0.0,6.241300434339792e-05,0.0007963175190049277
331,True,,,,,0.005411784630268812,0.08290106058120728,7.46850037103286e-06,0.048841144889593124,0.035118523985147476,0.0005794023745693266,0.0,0.0,6.163547368487343e-05,0.0007951077499922434
332,True,,,,,0.005370445549488068,0.09319180995225906,1.3488186596077867e-05,0.053325992077589035,0.03860357403755188,0.000581363623496145,0.0,0.0,6.882018351461738e-05,0.0007938954569697847
333,True,,,,,0.004248955752700567,0.0847150906920433,9.343601050204597e-06,0.04509466141462326,0.03234967589378357,0.0005833315663039684,0.0,0.0,8.576176333008334e-05,0.000792680652421202
334,True,,,,,0.00542826484888792,0.09332473576068878,2.3744771169731393e-05,0.05325164273381233,0.03843756020069122,0.0005853390321135521,0.0,0.0,6.810717604821548e-05,0.000791463348856008
335,True,,,,,0.0031368001364171505,0.05519207566976547,6.93030187903787e-06,0.0280427485704422,0.019367005676031113,0.0005874318885616958,0.0,0.0,5.64927322557196e-05,0.0007902435588094494
336,True,,,,,0.005353688728064299,0.11231473088264465,5.246778073342284e-06,0.052445363253355026,0.03584381192922592,0.0005895298672839999,0.0,0.0,6.989762914599851e-05,0.0007890212948423778
337,True,,,,,0.003385322168469429,0.081092968583107,6.021734407113399e-06,0.030711865052580833,0.01919928565621376,0.000591687741689384,0.0,0.0,5.5919252190506086e-05,0.0007877965695411193
338,True,,,,,0.0038194763474166393,0.0630568116903305,1.317382248089416e-05,0.03544183820486069,0.02528439648449421,0.0005937238456681371,0.0,0.0,5.422845788416453e-05,0.0007865693955173467
339,True,,,,,0.0017505972646176815,0.0558624267578125,7.544047548435628e-06,0.01758817583322525,0.0102302897721529,0.0005957784014753997,0.0,0.0,3.949048186768778e-05,0.0007853397854079479
340,True,,,,,0.0027362480759620667,0.06877823173999786,1.358587178401649e-05,0.02808077447116375,0.018433555960655212,0.0005976864486001432,0.0,0.0,5.5059572332538664e-05,0.0007841077518748969
341,True,,,,,0.003430680837482214,0.061981700360774994,9.344990758108906e-06,0.0320025198161602,0.022348985075950623,0.0005995468236505985,0.0,0.0,5.506218803930096e-05,0.0007828733076051232
342,True,,,,,0.004403626546263695,0.1175505667924881,2.3731065084575675e-05,0.05034241825342178,0.03413026034832001,0.0006014075479470193,0.0,0.0,7.30494357412681e-05,0.0007816364653103801
343,True,,,,,0.005142154172062874,0.10223020613193512,6.961103281355463e-06,0.04943946748971939,0.034054338932037354,0.0006032433011569083,0.0,0.0,7.081753574311733e-05,0.000780397237727116
344,True,,,,,0.003220976796001196,0.06635244190692902,5.317519935488235e-06,0.029497522860765457,0.0196246150881052,0.0006050856318324804,0.0,0.0,5.590894215856679e-05,0.0007791556376163408
345,True,,,,,0.0017224852927029133,0.04411084204912186,6.082527306716656e-06,0.01677996851503849,0.010628165677189827,0.0006068733055144548,0.0,0.0,4.066802648594603e-05,0.0007779116777634962
346,True,,,,,0.003201683983206749,0.07521869242191315,1.3165396921976935e-05,0.03277985006570816,0.02202387899160385,0.0006085887434892356,0.0,0.0,5.8946381614077836e-05,0.0007766653709783232
347,True,,,,,0.001807291409932077,0.048824917525053024,7.579014891234692e-06,0.019177565351128578,0.012466520071029663,0.0006102959159761667,0.0,0.0,3.8537524233106524e-05,0.0007754167300947309
348,True,,,,,0.002785836113616824,0.07116048038005829,1.3794367077935021e-05,0.02996937185525894,0.020033780485391617,0.0006119575118646026,0.0,0.0,4.59414477518294e-05,0.0007741657679706634
349,True,,,,,0.00216302159242332,0.059742189943790436,9.376647540193517e-06,0.0227328110486269,0.014570681378245354,0.0006136141601018608,0.0,0.0,4.99376910738647e-05,0.000772912497487968
350,True,,,,,0.004077243618667126,0.07487240433692932,2.3923470507725142e-05,0.03805902972817421,0.02644054777920246,0.0006151923444122076,0.0,0.0,5.703512579202652e-05,0.0007716569315522626
351,True,,,,,0.0023950666654855013,0.05340122431516647,6.974459665798349e-06,0.024511201307177544,0.01675589382648468,0.0006168366526253521,0.0,0.0,5.168477218830958e-05,0.0007703990830928028
352,True,,,,,0.006176059599965811,0.09812279045581818,5.397835593612399e-06,0.06460995972156525,0.04860463738441467,0.0006184509256854653,0.0,0.0,7.689875201322138e-05,0.000769138965062348
353,True,,,,,0.003504458349198103,0.06667393445968628,6.1171122069936246e-06,0.036379411816596985,0.02618912234902382,0.0006202319636940956,0.0,0.0,5.324512312654406e-05,0.0007678765904370294
354,True,,,,,0.002216372173279524,0.08020306378602982,1.3172149010642897e-05,0.02271314524114132,0.012443901970982552,0.0006219812203198671,0.0,0.0,4.7282785089919344e-05,0.0007666119722162148
355,True,,,,,0.0026236819103360176,0.06137698143720627,7.688347977818921e-06,0.028092484921216965,0.01930949091911316,0.0006236270419321954,0.0,0.0,5.5950087698874995e-05,0.0007653451234223762
356,True,,,,,0.005098109599202871,0.10645532608032227,1.3933376976638101e-05,0.049410656094551086,0.03363289684057236,0.0006252596504054964,0.0,0.0,6.727925938321277e-05,0.0007640760571009548
357,True,,,,,0.0014754410367459059,0.04867188259959221,9.49930472415872e-06,0.016759153455495834,0.010391255840659142,0.0006269558216445148,0.0,0.0,4.967966378899291e-05,0.0007628047863202268
358,True,,,,,0.0008796345209702849,0.03656826168298721,2.4078293790807948e-05,0.009601150639355183,0.00501024816185236,0.000628566020168364,0.0,0.0,3.204846507287584e-05,0.0007615313241711692
359,True,,,,,0.0028047841042280197,0.06200235337018967,6.905466761963908e-06,0.027059609070420265,0.018034476786851883,0.0006300634704530239,0.0,0.0,4.47717284259852e-05,0.0007602556837673244
360,True,,,,,0.00321889016777277,0.0792064517736435,5.399565907282522e-06,0.030373552814126015,0.019216902554035187,0.0006315745995379984,0.0,0.0,6.650309660471976e-05,0.0007589778782446653
361,True,,,,,0.0029132720082998276,0.07271478325128555,6.1391324379656e-06,0.027838146314024925,0.017634786665439606,0.0006330716423690319,0.0,0.0,5.2184950618539006e-05,0.0007576979207614615
362,True,,,,,0.0019135241163894534,0.0681832954287529,1.3296455108502414e-05,0.020734502002596855,0.01196971070021391,0.0006345506990328431,0.0,0.0,4.2415729694766924e-05,0.0007564158244981407
363,True,,,,,0.0021740319207310677,0.06559808552265167,7.734161044936627e-06,0.024762235581874847,0.01600656658411026,0.0006359624676406384,0.0,0.0,4.608574090525508e-05,0.0007551316026571563
364,True,,,,,0.0042524198070168495,0.07316099107265472,1.4063143680687062e-05,0.04119082912802696,0.02958781272172928,0.0006373373325914145,0.0,0.0,6.311017932603136e-05,0.000753845268462849
365,True,,,,,0.005037497729063034,0.0804290622472763,9.604926162865013e-06,0.04860738664865494,0.0355013832449913,0.0006387843750417233,0.0,0.0,6.733595364494249e-05,0.000752556835161312
366,True,,,,,0.003926935605704784,0.08588583022356033,2.405012128292583e-05,0.038709502667188644,0.026139479130506516,0.0006402870640158653,0.0,0.0,5.48567550140433e-05,0.0007512663160202543
367,True,,,,,0.004586169496178627,0.09541460871696472,6.952187504793983e-06,0.04035324975848198,0.02620529569685459,0.0006417941185645759,0.0,0.0,6.371159543050453e-05,0.0007499737243288633
368,True,,,,,0.001821209560148418,0.05437527224421501,5.489936938829487e-06,0.018474185839295387,0.011198035441339016,0.0006433015805669129,0.0,0.0,5.084097574581392e-05,0.0007486790733976694
369,True,,,,,0.003181055886670947,0.08067621290683746,6.149461114546284e-06,0.03239559754729271,0.021128173917531967,0.0006447668420150876,0.0,0.0,4.720456854556687e-05,0.0007473823765584074
370,True,,,,,0.003370030550286174,0.07454665005207062,1.333977979811607e-05,0.033793315291404724,0.022935476154088974,0.0006462404271587729,0.0,0.0,4.952085146214813e-05,0.0007460836471638807
371,True,,,,,0.003271752502769232,0.05979933589696884,7.881435521994717e-06,0.029831867665052414,0.020557941868901253,0.0006477468414232135,0.0,0.0,5.6782711908454075e-05,0.0007447828985878222
372,True,,,,,0.0052023995667696,0.08485453575849533,1.4201184967532754e-05,0.04576057568192482,0.032037824392318726,0.0006492874817922711,0.0,0.0,7.072094012983143e-05,0.0007434801442247581
373,True,,,,,0.00245178141631186,0.07103753089904785,9.648430022934917e-06,0.025297950953245163,0.015716610476374626,0.0006508607184514403,0.0,0.0,5.50911390746478e-05,0.0007421753974898692
374,True,,,,,0.005192674696445465,0.09407006949186325,2.4175975340767764e-05,0.04998389258980751,0.03532933443784714,0.0006524086929857731,0.0,0.0,9.07860739971511e-05,0.0007408686718188524
375,True,,,,,0.0015716601628810167,0.051942743360996246,6.986030712141655e-06,0.01621411181986332,0.009427664801478386,0.000654041999951005,0.0,0.0,4.102581078768708e-05,0.0007395599806677833
376,True,,,,,0.002729755826294422,0.051662627607584,5.5921036619110964e-06,0.025123365223407745,0.017209604382514954,0.0006555887521244586,0.0,0.0,5.623897959594615e-05,0.0007382493375129768
377,True,,,,,0.003349235048517585,0.06924426555633545,6.189862688188441e-06,0.031178485602140427,0.020885873585939407,0.000657176598906517,0.0,0.0,5.0247781473444775e-05,0.0007369367558508489
378,True,,,,,0.003524371422827244,0.08103927969932556,1.3386945283855312e-05,0.03306551277637482,0.021403854712843895,0.0006587386596947908,0.0,0.0,5.960838097962551e-05,0.0007356222491977773
379,True,,,,,0.004715155344456434,0.0701928436756134,7.920441930764355e-06,0.05160776153206825,0.0398508757352829,0.0006603102083317935,0.0,0.0,7.53734857426025e-05,0.0007343058310899627
380,True,,,,,0.005572022404521704,0.08432210981845856,1.4239043593988754e-05,0.053233932703733444,0.03919459879398346,0.0006620605126954615,0.0,0.0,7.121963426470757e-05,0.0007329875150832885
381,True,,,,,0.006313343998044729,0.09802183508872986,9.647277693147771e-06,0.054453104734420776,0.03831164538860321,0.0006639202474616468,0.0,0.0,6.960629252716899e-05,0.0007316673147531824
382,True,,,,,0.002745646983385086,0.06080339103937149,2.4165812646970153e-05,0.027557427063584328,0.018676450476050377,0.0006658360362052917,0.0,0.0,5.3487929108086973e-05,0.0007303452436944757
383,True,,,,,0.004733947571367025,0.08499650657176971,6.985937488934724e-06,0.04679563641548157,0.03354138880968094,0.0006677204510197043,0.0,0.0,6.322750414256006e-05,0.000729021315521264
384,True,,,,,0.005257938057184219,0.08564843237400055,5.650371804222232e-06,0.04529384523630142,0.03145306929945946,0.0006696184864267707,0.0,0.0,6.976530858082697e-05,0.0007276955438667661
385,True,,,,,0.005769988521933556,0.09624922275543213,6.218920134415384e-06,0.05491560697555542,0.03950154408812523,0.0006714770570397377,0.0,0.0,6.41610604361631e-05,0.0007263679423831845
386,True,,,,,0.004290337674319744,0.0817875862121582,1.3411561667453498e-05,0.04418962448835373,0.031686969101428986,0.0006733909831382334,0.0,0.0,7.417149026878178e-05,0.0007250385247415643
387,True,,,,,0.0030180681496858597,0.08248578011989594,7.935313988127746e-06,0.03037034347653389,0.019081072881817818,0.0006753186462447047,0.0,0.0,5.918781607761048e-05,0.0007237073046316527
388,True,,,,,0.0025753211230039597,0.056488558650016785,1.4257700058806222e-05,0.025195935741066933,0.016936473548412323,0.0006771324551664293,0.0,0.0,4.689467459684238e-05,0.000722374295761758
389,True,,,,,0.004981653764843941,0.09065281599760056,9.600604244042188e-06,0.043661605566740036,0.02958868071436882,0.0006788874161429703,0.0,0.0,6.389778718585148e-05,0.0007210395118586078
390,True,,,,,0.004421367775648832,0.07170936465263367,2.3944803615449928e-05,0.035326194018125534,0.02367919310927391,0.0006806718301959336,0.0,0.0,6.529431993840262e-05,0.0007197029666672092
391,True,,,,,0.006684496067464352,0.08527783304452896,7.03515206623706e-06,0.06061951816082001,0.04538634419441223,0.0006824340089224279,0.0,0.0,9.930870874086395e-05,0.000718364673950705
392,True,,,,,0.005482306703925133,0.10833857953548431,5.636026799038518e-06,0.04820939525961876,0.031875114887952805,0.0006842645816504955,0.0,0.0,6.563680653925985e-05,0.0007170246474902345
393,True,,,,,0.007003924809396267,0.1039384976029396,6.279603894654429e-06,0.062221184372901917,0.04480398818850517,0.000686110754031688,0.0,0.0,9.891490481095389e-05,0.0007156829010847893
394,True,,,,,0.004047231748700142,0.06744463741779327,1.3502394722308964e-05,0.03520384803414345,0.02437826618552208,0.0006879565771669149,0.0,0.0,0.00011281754268566146,0.0007143394485510728
395,True,,,,,0.006894930265843868,0.11347775906324387,8.002101822057739e-06,0.05969858914613724,0.04143298417329788,0.000689653679728508,0.0,0.0,0.00010286458564223722,0.0007129943037233571
396,True,,,,,0.0035971994511783123,0.08371950685977936,1.4295656001195312e-05,0.03329464793205261,0.021289993077516556,0.0006913847173564136,0.0,0.0,5.106946991872974e-05,0.0007116474804533409
397,True,,,,,0.005577694159001112,0.06473763287067413,9.626317478250712e-06,0.04841942340135574,0.03634178265929222,0.0006930861272849143,0.0,0.0,7.54080610931851e-05,0.0007102989926100069
398,True,,,,,0.005636422894895077,0.11231793463230133,2.393167233094573e-05,0.05708030238747597,0.04015727341175079,0.0006949071539565921,0.0,0.0,7.699154230067506e-05,0.0007089488540794785
399,True,,,,,0.00581394974142313,0.09757894277572632,7.170612661866471e-06,0.052482329308986664,0.036889176815748215,0.000696713977959007,0.0,0.0,7.269731577252969e-05,0.0007075970787648771
400,True,,,,,0.005359821021556854,0.0774533599615097,5.719029104511719e-06,0.05137113109230995,0.03824755176901817,0.000698666088283062,0.0,0.0,8.037305815378204e-05,0.0007062436805861793
401,True,,,,,0.003889201208949089,0.080337293446064,6.389787358784815e-06,0.0340123325586319,0.022069614380598068,0.0007007495732977986,0.0,0.0,5.4477979574585333e-05,0.000704888673480073
402,True,,,,,0.004293228965252638,0.07471933960914612,1.3728261365031358e-05,0.038559164851903915,0.026759516447782516,0.0007028233958408237,0.0,0.0,5.624314508168027e-05,0.0007035320713998143
403,True,,,,,0.004947432316839695,0.08728881925344467,8.120819074974861e-06,0.04745401442050934,0.03375440835952759,0.0007048664847388864,0.0,0.0,6.173700239742175e-05,0.0007021738883150837
404,True,,,,,0.006018305197358131,0.11842513829469681,1.438807066733716e-05,0.0578913539648056,0.03999468684196472,0.0007068748818710446,0.0,0.0,7.146994903450832e-05,0.0007008141382118415
405,True,,,,,0.004280717112123966,0.08926285803318024,9.769471944309771e-06,0.0446055606007576,0.03137192875146866,0.0007089204154908657,0.0,0.0,6.114795542089269e-05,0.0006994528350921852
406,True,,,,,0.00322290463373065,0.06802623718976974,2.3993445211090147e-05,0.030088303610682487,0.020007679238915443,0.000710918684490025,0.0,0.0,5.839517689310014e-05,0.0006980899929742045
407,True,,,,,0.002700726268813014,0.07898573577404022,7.194730642368086e-06,0.028448933735489845,0.017828116193413734,0.0007128818542696536,0.0,0.0,5.3654846851713955e-05,0.0006967256258918365
408,True,,,,,0.006953706499189138,0.10419121384620667,5.750683158112224e-06,0.06135181710124016,0.043960340321063995,0.000714733439963311,0.0,0.0,7.791760435793549e-05,0.0006953597478947224
409,True,,,,,0.004405793268233538,0.06124245375394821,6.461924385803286e-06,0.03940797597169876,0.028857847675681114,0.0007166566210798919,0.0,0.0,6.006501644151285e-05,0.0006939923730480612
410,True,,,,,0.0035804035142064095,0.0761377364397049,1.3879808648198377e-05,0.03459404408931732,0.023364922031760216,0.0007186350994743407,0.0,0.0,5.488241004059091e-05,0.0006926235154324671
411,True,,,,,0.00599501421675086,0.10509304702281952,8.162346603057813e-06,0.056990861892700195,0.04046301543712616,0.0007205503643490374,0.0,0.0,6.941147148609161e-05,0.0006912531891438216
412,True,,,,,0.007401562295854092,0.11149594187736511,1.4625819858338218e-05,0.06589311361312866,0.047305479645729065,0.0007225919980555773,0.0,0.0,7.818709855200723e-05,0.0006898814082931313
413,True,,,,,0.0038219215348362923,0.06666488200426102,9.91962861007778e-06,0.03590282425284386,0.02538732811808586,0.00072470837039873,0.0,0.0,5.565605897572823e-05,0.0006885081870063805
414,True,,,,,0.003580327844247222,0.08555645495653152,2.4077306079561822e-05,0.03788859769701958,0.02569720149040222,0.0007267821929417551,0.0,0.0,6.308390584308654e-05,0.0006871335394243868
415,True,,,,,0.0035391030833125114,0.06421726197004318,7.247814210131764e-06,0.03442227840423584,0.02443966455757618,0.0007288219640031457,0.0,0.0,4.8794172471389174e-05,0.000685757479702655
416,True,,,,,0.003113336395472288,0.06685448437929153,5.786025212728418e-06,0.029034167528152466,0.01921650394797325,0.0007308045169338584,0.0,0.0,4.704240200226195e-05,0.0006843800220112312
417,True,,,,,0.003467912320047617,0.07051600515842438,6.504456450784346e-06,0.03263498842716217,0.02209514006972313,0.0007327011553570628,0.0,0.0,4.979192453902215e-05,0.0006830011805345579
418,True,,,,,0.003205438842996955,0.07954369485378265,1.4101393389864825e-05,0.035279128700494766,0.02408377081155777,0.0007345844642259181,0.0,0.0,5.533805597224273e-05,0.0006816209694713262
419,True,,,,,0.002331996103748679,0.06596605479717255,8.226265890698414e-06,0.022544290870428085,0.013591870665550232,0.0007364216726273298,0.0,0.0,4.261891808710061e-05,0.0006802394030343318
420,True,,,,,0.005761840846389532,0.08860862255096436,1.4804369129706174e-05,0.05187423899769783,0.03721454367041588,0.000738187343813479,0.0,0.0,6.700089579680935e-05,0.0006788564954503263
421,True,,,,,0.0025138729251921177,0.05766663700342178,9.951421816367656e-06,0.025358663871884346,0.01705082319676876,0.0007400070899166167,0.0,0.0,4.289939897716977e-05,0.0006774722609598725
422,True,,,,,0.0034517114982008934,0.06797109544277191,2.4146447685780004e-05,0.03084363043308258,0.020539099350571632,0.000741758500225842,0.0,0.0,6.574508734047413e-05,0.0006760867138171968
423,True,,,,,0.0044614216312766075,0.06861415505409241,7.371406354650389e-06,0.040531184524297714,0.029186168685555458,0.0007434718427248299,0.0,0.0,5.84551744395867e-05,0.0006746998682900427
424,True,,,,,0.005898050032556057,0.10300128161907196,5.880168373550987e-06,0.05409622564911842,0.03787882998585701,0.0007452460704371333,0.0,0.0,6.30910653853789e-05,0.0006733117386595242
425,True,,,,,0.0014569888589903712,0.04411685839295387,6.594587830477394e-06,0.013469791039824486,0.007580455392599106,0.0007471038261428475,0.0,0.0,3.898022623616271e-05,0.0006719223392199781
426,True,,,,,0.00281604565680027,0.08353310823440552,1.4308188838185742e-05,0.026533866301178932,0.015328405424952507,0.0007488538394682109,0.0,0.0,5.504872024175711e-05,0.0006705316842788173
427,True,,,,,0.006631121039390564,0.0943828672170639,8.266845725302119e-06,0.06479426473379135,0.04870082065463066,0.0007505438406951725,0.0,0.0,7.68781901570037e-05,0.0006691397881563833
428,True,,,,,0.0033515039831399918,0.06816805899143219,1.4947334420867264e-05,0.031671490520238876,0.021465759724378586,0.0007524419925175607,0.0,0.0,6.933116674190387e-05,0.0006677466651857982
429,True,,,,,0.002782819326967001,0.0486258864402771,9.973888154490851e-06,0.027518777176737785,0.019845876842737198,0.000754322565626353,0.0,0.0,5.358875569072552e-05,0.0006663523297128187
430,True,,,,,0.003088136203587055,0.06324798613786697,2.408694490441121e-05,0.02933979593217373,0.019871126860380173,0.0007561395177617669,0.0,0.0,5.05690295540262e-05,0.0006649567960956862
431,True,,,,,0.004002404864877462,0.08166420459747314,7.350166470132535e-06,0.039786212146282196,0.02759511023759842,0.0007578880176879466,0.0,0.0,6.105751526774839e-05,0.0006635600787049808
432,True,,,,,0.003388382028788328,0.08153757452964783,5.981144568067975e-06,0.03457897901535034,0.02301728166639805,0.000759593618568033,0.0,0.0,5.249476453172974e-05,0.0006621621919234721
433,True,,,,,0.00415943656116724,0.06786773353815079,6.611354365304578e-06,0.03511118143796921,0.024144133552908897,0.0007612694753333926,0.0,0.0,5.633224282064475e-05,0.000660763150145972
434,True,,,,,0.0015471079386770725,0.04817690700292587,1.439289735571947e-05,0.01738235540688038,0.010981141589581966,0.0007629372994415462,0.0,0.0,4.0381026337854564e-05,0.0006593629677791856
435,True,,,,,0.007587931118905544,0.10575298219919205,8.23021400719881e-06,0.07078897953033447,0.0526016429066658,0.0007645132136531174,0.0,0.0,8.685760258231312e-05,0.0006579616592415637
436,True,,,,,0.004556307103484869,0.08322536945343018,1.5068171705934219e-05,0.04347974807024002,0.030563104897737503,0.0007661908748559654,0.0,0.0,6.043293615221046e-05,0.0006565592389631534
437,True,,,,,0.0034274652134627104,0.06436450779438019,9.921335731633008e-06,0.0349145270884037,0.025023091584444046,0.0007679080008529127,0.0,0.0,4.982740938430652e-05,0.0006551557213854507
438,True,,,,,0.0026639308780431747,0.06124121695756912,2.4034996386035345e-05,0.02680644392967224,0.0179626252502203,0.0007696017855778337,0.0,0.0,4.892075594398193e-05,0.0006537511209612501
439,True,,,,,0.0047721946612000465,0.1112486943602562,7.38988956072717e-06,0.04566405713558197,0.029744502156972885,0.0007712619262747467,0.0,0.0,6.603864312637597e-05,0.0006523454521544979
440,True,,,,,0.0023294873535633087,0.06400060653686523,6.020913133397698e-06,0.024976221844553947,0.01622690260410309,0.000772899657022208,0.0,0.0,4.127825013711117e-05,0.0006509387294401413
441,True,,,,,0.0023607895709574223,0.05889315530657768,6.6991574385610875e-06,0.022616103291511536,0.014344855211675167,0.0007744892500340939,0.0,0.0,5.2514926210278645e-05,0.0006495309673039806
442,True,,,,,0.00485992431640625,0.09286503493785858,1.448808325221762e-05,0.0456286258995533,0.03144546225667,0.0007760590524412692,0.0,0.0,6.0093421780038625e-05,0.0006481221802425193
443,True,,,,,0.004839914385229349,0.07507410645484924,8.208654435293283e-06,0.0437556616961956,0.03138414025306702,0.0007776672136969864,0.0,0.0,6.806955934735015e-05,0.0006467123827628152
444,True,,,,,0.005162349436432123,0.0891444981098175,1.5069253095134627e-05,0.04863268882036209,0.034517958760261536,0.0007792218239046633,0.0,0.0,6.119539466453716e-05,0.0006453015893823312
445,True,,,,,0.0036055126693099737,0.07486926019191742,9.958802365872543e-06,0.03565923124551773,0.024539068341255188,0.0007807828951627016,0.0,0.0,5.3604835557052866e-05,0.0006438898146287851
446,True,,,,,0.002519326750189066,0.06382117420434952,2.3903900000732392e-05,0.02625657059252262,0.01729949563741684,0.0007823409978300333,0.0,0.0,4.731399894808419e-05,0.0006424770730400012
447,True,,,,,0.0029321610927581787,0.07510456442832947,7.417878805426881e-06,0.02859719656407833,0.018131904304027557,0.0007838417077437043,0.0,0.0,4.879822881775908e-05,0.0006410633791637588
448,True,,,,,0.002923792228102684,0.05541393533349037,6.065434718038887e-06,0.02606084942817688,0.01757568120956421,0.0007852960843592882,0.0,0.0,5.017604780732654e-05,0.000639648747557644
449,True,,,,,0.005757339298725128,0.09385454654693604,6.680181286355946e-06,0.05723760277032852,0.042073581367731094,0.0007867178646847606,0.0,0.0,8.03744769655168e-05,0.0006382331927888994
450,True,,,,,0.004637936130166054,0.0883898138999939,1.473567226639716e-05,0.04631511867046356,0.03280084580183029,0.0007882367935962975,0.0,0.0,5.681106631527655e-05,0.0006368167294342736
451,True,,,,,0.007987096905708313,0.10936577618122101,8.229635568568483e-06,0.0703829824924469,0.0514349490404129,0.0007897958857938647,0.0,0.0,9.333407069789246e-05,0.0006353993720798714
452,True,,,,,0.003759590443223715,0.0781666487455368,1.5087606698216405e-05,0.039036814123392105,0.0274224691092968,0.0007915332680568099,0.0,0.0,6.065464185667224e-05,0.0006339811353210039
453,True,,,,,0.005791507661342621,0.09297341108322144,9.924037840391975e-06,0.04757781699299812,0.03246118873357773,0.0007931883446872234,0.0,0.0,6.017103441990912e-05,0.0006325620337620375
454,True,,,,,0.004932901822030544,0.08738796412944794,2.3858228814788163e-05,0.040228862315416336,0.026501499116420746,0.0007948330021463335,0.0,0.0,6.12854419159703e-05,0.0006311420820162443
455,True,,,,,0.0035437308251857758,0.07017858326435089,7.390347946056863e-06,0.033523447811603546,0.022939112037420273,0.0007965139229781926,0.0,0.0,5.787104964838363e-05,0.0006297212947056509
456,True,,,,,0.0019090756541118026,0.05843116715550423,6.112391474744072e-06,0.02217610739171505,0.014403708279132843,0.0007981548551470041,0.0,0.0,4.1034458263311535e-05,0.0006282996864608885
457,True,,,,,0.004054476972669363,0.07246056944131851,6.685546395601705e-06,0.03565051779150963,0.02432861551642418,0.0007997344364412129,0.0,0.0,5.6420012697344646e-05,0.0006268772719210417
458,True,,,,,0.00309188524261117,0.06553985178470612,1.4736515367985703e-05,0.03284480422735214,0.023161448538303375,0.000801299000158906,0.0,0.0,5.4690768592990935e-05,0.0006254540657334982
459,True,,,,,0.0037399909924715757,0.06817150115966797,8.171780791599303e-06,0.032241497188806534,0.021659983322024345,0.0008028819574974477,0.0,0.0,4.8532583605265245e-05,0.0006240300825537974
460,True,,,,,0.0030928775668144226,0.05875895544886589,1.5128403902053833e-05,0.03041589818894863,0.021408822387456894,0.0008044615969993174,0.0,0.0,5.429498924058862e-05,0.00062260533704548
461,True,,,,,0.00390372471883893,0.07724011689424515,9.921859600581229e-06,0.03656837344169617,0.02491273172199726,0.0008060144609771669,0.0,0.0,5.4104122682474554e-05,0.0006211798438799369
462,True,,,,,0.0024772705510258675,0.07527920603752136,2.3844584575272165e-05,0.024977892637252808,0.014916935935616493,0.0008075765799731016,0.0,0.0,5.036888614995405e-05,0.0006197536177362578
463,True,,,,,0.004523547366261482,0.09640270471572876,7.378273949143477e-06,0.04952119290828705,0.03533452749252319,0.0008090980700217187,0.0,0.0,7.505053508793935e-05,0.0006183266733010805
464,True,,,,,0.00885117705911398,0.09268903732299805,6.157504685688764e-06,0.08518030494451523,0.06703980267047882,0.0008106599561870098,0.0,0.0,0.00020788238907698542,0.0006168990252684394
465,True,,,,,0.006786443293094635,0.0975528210401535,6.73203612677753e-06,0.06003671884536743,0.04347340762615204,0.000812250014860183,0.0,0.0,7.195521902758628e-05,0.0006154706883396141
466,True,,,,,0.0030020277481526136,0.071207195520401,1.4858167560305446e-05,0.02797563746571541,0.017815034836530685,0.0008139391429722309,0.0,0.0,5.6142365792766213e-05,0.0006140416772229784
467,True,,,,,0.0025171139277517796,0.05313684791326523,8.16608007880859e-06,0.024365106597542763,0.01650981977581978,0.0008155936375260353,0.0,0.0,4.194623761577532e-05,0.0006126120066338482
468,True,,,,,0.003952078055590391,0.09311690181493759,1.5144489225349389e-05,0.04201454669237137,0.02871231734752655,0.0008171937661245465,0.0,0.0,6.245345866773278e-05,0.0006111816912943307
469,True,,,,,0.002870808122679591,0.05918782949447632,9.832705472945236e-06,0.02837911620736122,0.01956167072057724,0.0008187794592231512,0.0,0.0,4.3547555833356455e-05,0.0006097507459331725
470,True,,,,,0.0034906368236988783,0.07483237236738205,2.3893750039860606e-05,0.03440209850668907,0.023372232913970947,0.0008203315665014088,0.0,0.0,5.0151149480370805e-05,0.0006083191852856075
471,True,,,,,0.004319741390645504,0.10544201731681824,7.458114851033315e-06,0.04509333521127701,0.030206259340047836,0.0008218963630497456,0.0,0.0,5.5036351113813e-05,0.0006068870240932058
472,True,,,,,0.0025559028144925833,0.07003679871559143,6.129962912382325e-06,0.025593020021915436,0.016012942418456078,0.000823431764729321,0.0,0.0,4.777696085511707e-05,0.0006054542771037213
473,True,,,,,0.0040095797739923,0.0663689598441124,6.708579803671455e-06,0.03429124876856804,0.023623108863830566,0.0008249252568930387,0.0,0.0,5.4700125474482775e-05,0.0006040209590709412
474,True,,,,,0.00536516634747386,0.08656483143568039,1.4618119166698307e-05,0.048184823244810104,0.0341256745159626,0.0008264330099336803,0.0,0.0,6.40115249552764e-05,0.0006025870847545316
475,True,,,,,0.003953851759433746,0.07379458099603653,8.08179538580589e-06,0.034453120082616806,0.02309536375105381,0.0008279691683128476,0.0,0.0,5.270630936138332e-05,0.0006011526689198882
476,True,,,,,0.0038840784691274166,0.07423511892557144,1.4930523320799693e-05,0.03877107799053192,0.027425330132246017,0.0008294945582747459,0.0,0.0,6.056923666619696e-05,0.0005997177263379821
477,True,,,,,0.0039853183552622795,0.0905565619468689,9.694052096165251e-06,0.03604908660054207,0.02298041433095932,0.0008310257107950747,0.0,0.0,7.089760765666142e-05,0.0005982822717852091
478,True,,,,,0.0018838781397789717,0.0430171974003315,2.3873621103120968e-05,0.01788555271923542,0.011643883772194386,0.0008324799127876759,0.0,0.0,6.299990491243079e-05,0.000596846320043237
479,True,,,,,0.0033858786337077618,0.06346886605024338,7.463767815352185e-06,0.02950264699757099,0.01974661462008953,0.0008339207852259278,0.0,0.0,6.113991548772901e-05,0.0005954098858988535
480,True,,,,,0.0034992319997400045,0.08734013885259628,6.167209903651383e-06,0.03428037837147713,0.02202644571661949,0.000835355487652123,0.0,0.0,6.354415381792933e-05,0.0005939729841438134
481,True,,,,,0.00404101237654686,0.07518400251865387,6.69576274958672e-06,0.03314961493015289,0.02156844362616539,0.0008367051486857235,0.0,0.0,6.721250974806026e-05,0.0005925356295746875
482,True,,,,,0.0037752315402030945,0.09781715273857117,1.452831202186644e-05,0.0373610258102417,0.023766642436385155,0.0008380900253541768,0.0,0.0,6.27601912128739e-05,0.0005910978369927086
483,True,,,,,0.0024998714216053486,0.05788477510213852,8.054559657466598e-06,0.022908903658390045,0.01459605060517788,0.0008394758915528655,0.0,0.0,4.575188722810708e-05,0.000589659621203621
484,True,,,,,0.0027477506082504988,0.0537673719227314,1.487064037064556e-05,0.024053694680333138,0.015891058370471,0.00084080541273579,0.0,0.0,4.8658537707524374e-05,0.0005882209970175257
485,True,,,,,0.008531554602086544,0.10919328778982162,9.696000233816449e-06,0.06713487952947617,0.04765618219971657,0.0008420964586548507,0.0,0.0,0.0001374462735839188,0.0005867819792487306
486,True,,,,,0.005342686548829079,0.0781354308128357,2.3998680262593552e-05,0.04545791819691658,0.03224525600671768,0.0008435379713773727,0.0,0.0,6.57730852253735e-05,0.0005853425827155954
487,True,,,,,0.0049446444027125835,0.07268568873405457,7.470096079487121e-06,0.04535200819373131,0.03311540558934212,0.0008450013701803982,0.0,0.0,6.392632349161431e-05,0.0005839028222403808
488,True,,,,,0.002895704936236143,0.07177591323852539,6.201691121532349e-06,0.03066404163837433,0.020569875836372375,0.000846525130327791,0.0,0.0,4.9192985898116603e-05,0.0005824627126490949
489,True,,,,,0.006930198520421982,0.08285010606050491,6.7368687268754e-06,0.062109701335430145,0.04687253758311272,0.0008480234537273645,0.0,0.0,7.507557893404737e-05,0.0005810222687713411
490,True,,,,,0.0026473128236830235,0.06734690070152283,1.4652228855993599e-05,0.028158919885754585,0.018739115446805954,0.0008496578084304929,0.0,0.0,5.2380768465809524e-05,0.0005795815054401647
491,True,,,,,0.0024999664165079594,0.05913563072681427,8.103075742837973e-06,0.02613852545619011,0.017700279131531715,0.000851262069772929,0.0,0.0,5.099030022392981e-05,0.000578140437491901
492,True,,,,,0.003908379934728146,0.057638660073280334,1.5071089364937507e-05,0.03577296808362007,0.026062052696943283,0.0008528185426257551,0.0,0.0,6.894698162795976e-05,0.0005766990797660221
493,True,,,,,0.0032806838862597942,0.09308236092329025,9.771716577233747e-06,0.034313615411520004,0.021696604788303375,0.000854400685057044,0.0,0.0,5.6190074246842414e-05,0.0005752574471049839
494,True,,,,,0.0016638643573969603,0.04213202744722366,2.4092809326248243e-05,0.017561478540301323,0.011627665720880032,0.0008559341076761484,0.0,0.0,5.260905891191214e-05,0.0005738155543540734
495,True,,,,,0.004195471294224262,0.06664104014635086,7.507613190682605e-06,0.04162822663784027,0.03074505925178528,0.0008574299863539636,0.0,0.0,5.371488441596739e-05,0.0005723734163612563
496,True,,,,,0.0027736020274460316,0.058766450732946396,6.2616522882308345e-06,0.028116006404161453,0.019444646313786507,0.0008589617209509015,0.0,0.0,5.0412225391482934e-05,0.000570931047977023
497,True,,,,,0.003781756153330207,0.07798577845096588,6.739091986673884e-06,0.0413033552467823,0.02970093861222267,0.0008604842587374151,0.0,0.0,5.334258094080724e-05,0.0005694884640542372
498,True,,,,,0.002786984434351325,0.05297975242137909,1.4741940503881779e-05,0.024615369737148285,0.01649230718612671,0.0008620100561529398,0.0,0.0,4.878969048149884e-05,0.0005680456794479816
499,True,,,,,0.002306276699528098,0.05736374855041504,8.146823347487953e-06,0.02115674316883087,0.013089163228869438,0.000863472989294678,0.0,0.0,3.965973519370891e-05,0.0005666027090154052
500,True,,,,,0.003003173042088747,0.06229405850172043,1.5115596397663467e-05,0.0283457450568676,0.01907428726553917,0.0008648768998682499,0.0,0.0,5.3016916353954e-05,0.0005651595676155715
501,True,,,,,0.0027392669580876827,0.08115819096565247,9.733696060720831e-06,0.029834086075425148,0.018950870260596275,0.0008662569453008473,0.0,0.0,5.127069016452879e-05,0.0005637162701093034
502,True,,,,,0.0021298211067914963,0.05210031569004059,2.395567571511492e-05,0.021123211830854416,0.013726770877838135,0.0008676323341205716,0.0,0.0,4.560403249342926e-05,0.0005622728313590325
503,True,,,,,0.003641645424067974,0.060329414904117584,7.496772013837472e-06,0.03630874678492546,0.026610475033521652,0.0008689529495313764,0.0,0.0,6.531879625981674e-05,0.0005608292662286435
504,True,,,,,0.008087772876024246,0.13446909189224243,6.346972440951504e-06,0.08006664365530014,0.058510564267635345,0.0008702337509021163,0.0,0.0,8.666134090162814e-05,0.0005593855895833236
505,True,,,,,0.0030512562952935696,0.055823229253292084,6.817692337790504e-06,0.026703760027885437,0.01804782822728157,0.0008716440061107278,0.0,0.0,4.407210144563578e-05,0.000557941816289408
506,True,,,,,0.0016521743964403868,0.055786848068237305,1.489532041887287e-05,0.01812783256173134,0.010858452878892422,0.0008730306290090084,0.0,0.0,4.1731396777322516e-05,0.0005564979612142269
507,True,,,,,0.002147094812244177,0.054640792310237885,8.222958058468066e-06,0.02275143936276436,0.015115076676011086,0.0008743464131839573,0.0,0.0,3.9391386962961406e-05,0.0005550540392259531
508,True,,,,,0.0021902236621826887,0.05722634121775627,1.533151043986436e-05,0.020947659388184547,0.012995382770895958,0.0008755970629863441,0.0,0.0,3.994063081336208e-05,0.0005536100651934482
509,True,,,,,0.0030591213144361973,0.055660977959632874,9.868856068351306e-06,0.026164988055825233,0.017511265352368355,0.0008768185507506132,0.0,0.0,5.8502675528870896e-05,0.0005521660539861096
510,True,,,,,0.002887710463255644,0.062166862189769745,2.4016815586946905e-05,0.027422305196523666,0.018261093646287918,0.0008780509233474731,0.0,0.0,4.886947135673836e-05,0.0005507220204737177
511,True,,,,,0.0042847637087106705,0.06640783697366714,7.522439318563556e-06,0.04060189425945282,0.029652509838342667,0.0008792683947831392,0.0,0.0,6.199174094945192e-05,0.0005492779795262826
512,True,,,,,0.0037970419507473707,0.0661449208855629,6.404226951417513e-06,0.03279481455683708,0.022361665964126587,0.0008805830730125308,0.0,0.0,5.4806012485641986e-05,0.0005478339460138904
513,True,,,,,0.0047968970611691475,0.06378770619630814,6.802752523071831e-06,0.04308484122157097,0.0318867489695549,0.0008819281938485801,0.0,0.0,6.580664921784773e-05,0.0005463899348065518
514,True,,,,,0.005028583109378815,0.09853668510913849,1.4928783457435202e-05,0.04929352551698685,0.03437258303165436,0.0008833602769300342,0.0,0.0,6.700917583657429e-05,0.000544945960774047
515,True,,,,,0.0029061546083539724,0.07403001189231873,8.27104759082431e-06,0.03176383301615715,0.021429289132356644,0.0008848376455716789,0.0,0.0,4.839144821744412e-05,0.0005435020387857732
516,True,,,,,0.004721870180219412,0.08831509947776794,1.5447290934389457e-05,0.042578209191560745,0.028985071927309036,0.0008862998220138252,0.0,0.0,5.988935663481243e-05,0.0005420581837105921
517,True,,,,,0.004566017538309097,0.08668780326843262,9.817069440032355e-06,0.04254041984677315,0.02927711233496666,0.0008878231164999306,0.0,0.0,6.0914688219781965e-05,0.0005406144104166766
518,True,,,,,0.00305718625895679,0.050361812114715576,2.4022843717830256e-05,0.028865152969956398,0.02071484550833702,0.0008893348276615143,0.0,0.0,5.129804412717931e-05,0.0005391707337713568
519,True,,,,,0.002066586632281542,0.05854829400777817,7.4950503403670155e-06,0.02014722116291523,0.012201905250549316,0.0008908191230148077,0.0,0.0,4.053825614391826e-05,0.0005377271686409677
520,True,,,,,0.0036394749768078327,0.06257501244544983,6.527067853312474e-06,0.03356874734163284,0.0236497949808836,0.0008922374690882862,0.0,0.0,6.907702481839806e-05,0.0005362837298906965
521,True,,,,,0.0018695301841944456,0.05736630782485008,6.77033631291124e-06,0.01929451711475849,0.01166587881743908,0.0008936555241234601,0.0,0.0,3.627983824117109e-05,0.0005348404323844286
522,True,,,,,0.004269614350050688,0.06051288917660713,1.499120298831258e-05,0.03580712154507637,0.025447286665439606,0.0008949958137236536,0.0,0.0,5.0541293603600934e-05,0.0005333972909845947
523,True,,,,,0.002644159598276019,0.062343157827854156,8.295031875604764e-06,0.025632701814174652,0.01672867313027382,0.0008963323198258877,0.0,0.0,4.403464117785916e-05,0.0005319543205520186
524,True,,,,,0.005722695495933294,0.10944774746894836,1.557108225824777e-05,0.052515819668769836,0.03580822795629501,0.0008976125973276794,0.0,0.0,7.109882426448166e-05,0.0005305115359457627
525,True,,,,,0.008096739649772644,0.11325858533382416,9.881330697680824e-06,0.07430709153413773,0.05485574156045914,0.0008989413036033511,0.0,0.0,8.647210779599845e-05,0.000529068952022977
526,True,,,,,0.002878202125430107,0.0644778460264206,2.4005026716622524e-05,0.030263084918260574,0.020880084484815598,0.0009004483581520617,0.0,0.0,4.4404034269973636e-05,0.0005276265836387438
527,True,,,,,0.005870615132153034,0.07268475741147995,7.470396667486057e-06,0.04990648478269577,0.03674343228340149,0.0009019150165840983,0.0,0.0,7.128812285372987e-05,0.0005261844456459266
528,True,,,,,0.003232887014746666,0.07071298360824585,6.559352186741307e-06,0.03439655900001526,0.024070221930742264,0.0009034001268446445,0.0,0.0,5.254087227513082e-05,0.0005247425528950163
529,True,,,,,0.004519863985478878,0.06668490916490555,6.7995306380908005e-06,0.03507465496659279,0.02386365458369255,0.0009048452484421432,0.0,0.0,6.149224645923823e-05,0.000523300920233978
530,True,,,,,0.002914722077548504,0.06624065339565277,1.5062549209687859e-05,0.030775796622037888,0.021197820082306862,0.0009062875178642571,0.0,0.0,5.60114422114566e-05,0.0005218595625080991
531,True,,,,,0.002138671465218067,0.0625234916806221,8.34995626064483e-06,0.022118227556347847,0.013701429590582848,0.0009076914866454899,0.0,0.0,4.892754077445716e-05,0.0005204184945598355
532,True,,,,,0.0052692703902721405,0.07340645790100098,1.5656154573662207e-05,0.04587894678115845,0.03322862833738327,0.0009090313105843961,0.0,0.0,6.801056588301435e-05,0.0005189777312286591
533,True,,,,,0.0044380072504282,0.06658147275447845,9.860072168521583e-06,0.03840552270412445,0.027280544862151146,0.0009104149066843092,0.0,0.0,8.430542220594361e-05,0.0005175372873509052
534,True,,,,,0.003916784189641476,0.07237613946199417,2.403164398856461e-05,0.03066299669444561,0.01945141702890396,0.0009118200978264213,0.0,0.0,6.585189839825034e-05,0.0005160971777596193
535,True,,,,,0.0021798897068947554,0.05291815102100372,7.512044248869643e-06,0.020762311294674873,0.013266448862850666,0.0009132403647527099,0.0,0.0,4.039539271616377e-05,0.0005146574172844047
536,True,,,,,0.005803679581731558,0.07511112838983536,6.601811037398875e-06,0.05913328379392624,0.045796141028404236,0.0009145783842541277,0.0,0.0,8.285249350592494e-05,0.0005132180207512696
537,True,,,,,0.0058066146448254585,0.11664798855781555,6.8468652898445725e-06,0.05479450523853302,0.0373002365231514,0.0009160441695712507,0.0,0.0,6.290942110354081e-05,0.0005117790029824743
538,True,,,,,0.0025888930540531874,0.05038159340620041,1.514732139185071e-05,0.021462880074977875,0.013796358369290829,0.0009174959268420935,0.0,0.0,4.9002745072357357e-05,0.0005103403787963794
539,True,,,,,0.00476721441373229,0.09914202988147736,8.420498488703743e-06,0.04348154366016388,0.028774095699191093,0.0009188971016556025,0.0,0.0,7.249464397318661e-05,0.0005089021630072916
540,True,,,,,0.0036939377896487713,0.07376829534769058,1.5792978956596926e-05,0.03476662188768387,0.02365506812930107,0.0009202167275361717,0.0,0.0,0.00010148763249162585,0.0005074643704253127
541,True,,,,,0.00288597634062171,0.08095759153366089,9.87502426141873e-06,0.032290972769260406,0.02128027006983757,0.0009215008467435837,0.0,0.0,5.514888107427396e-05,0.0005060270158561868
542,True,,,,,0.005698191933333874,0.09651334583759308,2.398559263383504e-05,0.05220448598265648,0.03679775819182396,0.000922719540540129,0.0,0.0,6.904399197082967e-05,0.0005045901141011468
543,True,,,,,0.004393944516777992,0.0878312811255455,7.578682470921194e-06,0.042836982756853104,0.029635515064001083,0.0009239259525202215,0.0,0.0,6.051124364603311e-05,0.0005031536799567631
544,True,,,,,0.0034189557190984488,0.06676620990037918,6.636950274696574e-06,0.034069642424583435,0.023951541632413864,0.0009251251467503607,0.0,0.0,7.125904085114598e-05,0.000501717728214791
545,True,,,,,0.0019185950513929129,0.04758233577013016,6.901359938638052e-06,0.019201254472136497,0.012501359917223454,0.0009263751562684774,0.0,0.0,3.548748281900771e-05,0.0005002822736620182
546,True,,,,,0.0021271249279379845,0.048514481633901596,1.513888764748117e-05,0.019267965108156204,0.012249838560819626,0.0009275769116356969,0.0,0.0,3.9498907426605e-05,0.000498847331080112
547,True,,,,,0.0033035213127732277,0.07255731523036957,8.483417332172394e-06,0.027180658653378487,0.016595151275396347,0.000928726454731077,0.0,0.0,6.207277328940108e-05,0.0004974129152454684
548,True,,,,,0.003861152334138751,0.07131687551736832,1.569229061715305e-05,0.03611033037304878,0.025076808407902718,0.0009298075456172228,0.0,0.0,5.981879439787008e-05,0.000495979040929059
549,True,,,,,0.0016638077795505524,0.04740341380238533,9.940862582880072e-06,0.017806056886911392,0.011372717097401619,0.0009309542365372181,0.0,0.0,3.403645314392634e-05,0.0004945457228962786
550,True,,,,,0.002056791912764311,0.0492120124399662,2.406325438641943e-05,0.019950296729803085,0.01291485596448183,0.0009320616954937577,0.0,0.0,4.0466136852046475e-05,0.0004931129759067943
551,True,,,,,0.004500417970120907,0.07091724872589111,7.596166597068077e-06,0.04372287541627884,0.03210620954632759,0.0009331406909041107,0.0,0.0,7.07640647306107e-05,0.0004916808147143926
552,True,,,,,0.0034584300592541695,0.07232650369405746,6.62114325677976e-06,0.03152398765087128,0.02081032283604145,0.0009342590346932411,0.0,0.0,4.402855483931489e-05,0.0004902492540668276
553,True,,,,,0.0039006248116493225,0.0791071355342865,6.862881036795443e-06,0.04105279967188835,0.029218383133411407,0.0009353493223898113,0.0,0.0,5.788298949482851e-05,0.0004888183087056692
554,True,,,,,0.0028026066720485687,0.06656757742166519,1.5127070582821034e-05,0.03016136959195137,0.02066238410770893,0.0009364796569570899,0.0,0.0,4.5699129259446636e-05,0.0004873879933661518
555,True,,,,,0.0040630074217915535,0.07720360159873962,8.551851351512596e-06,0.037260498851537704,0.025450650602579117,0.0009375983499921858,0.0,0.0,7.579546218039468e-05,0.0004859583227770218
556,True,,,,,0.0013506370596587658,0.04728299006819725,1.5691581211285666e-05,0.01395510882139206,0.007835401222109795,0.0009387280442751944,0.0,0.0,3.6200741305947304e-05,0.00048452931166038607
557,True,,,,,0.004820042755454779,0.08217762410640717,1.0040317647508346e-05,0.04247552156448364,0.02940823696553707,0.0009397700196132064,0.0,0.0,6.621678767260164e-05,0.0004831009747315607
558,True,,,,,0.0027862326242029667,0.059608303010463715,2.4115395717672072e-05,0.02880123443901539,0.019996531307697296,0.0009408479672856629,0.0,0.0,4.784700649906881e-05,0.0004816733266989196
559,True,,,,,0.005058515816926956,0.0866316705942154,7.6030737545806915e-06,0.04664534330368042,0.03289903700351715,0.0009419155539944768,0.0,0.0,6.899639265611768e-05,0.0004802463822637424
560,True,,,,,0.005687694065272808,0.08329306542873383,6.671501068922225e-06,0.053633082658052444,0.03959330916404724,0.0009430311038158834,0.0,0.0,7.522412488469854e-05,0.00047882015612006325
561,True,,,,,0.005310229957103729,0.08437763899564743,6.886973551445408e-06,0.04869538173079491,0.03492417186498642,0.0009442281443625689,0.0,0.0,6.0207803471712396e-05,0.0004773946629545201
562,True,,,,,0.006332326680421829,0.09690709412097931,1.517423788754968e-05,0.05654563754796982,0.04048279672861099,0.0009455301915295422,0.0,0.0,8.648094808449969e-05,0.00047596991744620274
563,True,,,,,0.003247610293328762,0.07531468570232391,8.616073500888888e-06,0.03482327237725258,0.024017490446567535,0.0009469423675909638,0.0,0.0,6.07489091635216e-05,0.00047454593426650193
564,True,,,,,0.005567563697695732,0.10546272993087769,1.566385071782861e-05,0.05408431589603424,0.03792966529726982,0.0009482996538281441,0.0,0.0,7.578250369988382e-05,0.00047312272807895837
565,True,,,,,0.005124160088598728,0.08155073970556259,1.0095787729369476e-05,0.04232403263449669,0.029015108942985535,0.000949675275478512,0.0,0.0,6.742971891071647e-05,0.0004717003135391117
566,True,,,,,0.005457334220409393,0.08665801584720612,2.4215405574068427e-05,0.04905857518315315,0.03487749770283699,0.0009510128293186426,0.0,0.0,6.246152042876929e-05,0.00047027870529434926
567,True,,,,,0.003594237146899104,0.07736094295978546,7.632498636667151e-06,0.032756511121988297,0.021401390433311462,0.0009523961925879121,0.0,0.0,5.23142225574702e-05,0.0004688579179837559
568,True,,,,,0.0034937774762511253,0.06771831214427948,6.691370344924508e-06,0.03308428078889847,0.022795751690864563,0.0009537599980831146,0.0,0.0,6.22122606728226e-05,0.00046743796623796254
569,True,,,,,0.002646959852427244,0.05908353626728058,6.9056272877787706e-06,0.021702779456973076,0.013124102726578712,0.0009550869581289589,0.0,0.0,4.687887485488318e-05,0.00046601886467899633
570,True,,,,,0.0035506319254636765,0.06635063886642456,1.5114614143385552e-05,0.03267509117722511,0.02244960144162178,0.0009563608327880502,0.0,0.0,5.514748772839084e-05,0.00046460062792012856
571,True,,,,,0.004048503469675779,0.08517264574766159,8.570853424316738e-06,0.03849335014820099,0.025900863111019135,0.0009575980366207659,0.0,0.0,4.77191133541055e-05,0.0004631832705657264
572,True,,,,,0.006059667095541954,0.08975547552108765,1.564751801197417e-05,0.054866522550582886,0.03979042172431946,0.0009588389657437801,0.0,0.0,7.372695108642802e-05,0.00046176680721110076
573,True,,,,,0.006786537356674671,0.1110210195183754,1.0063346962851938e-05,0.05973547324538231,0.04181710630655289,0.0009601563215255737,0.0,0.0,7.782278407830745e-05,0.000460351252442356
574,True,,,,,0.004144522361457348,0.07477889955043793,2.427837716822978e-05,0.03520278260111809,0.02352219820022583,0.0009614778682589531,0.0,0.0,5.400848385761492e-05,0.0004589366208362413
575,True,,,,,0.0028861667960882187,0.05284961685538292,7.636954251211137e-06,0.027888081967830658,0.01969205215573311,0.0009628054103814065,0.0,0.0,4.974158218828961e-05,0.00045752292695999897
576,True,,,,,0.004373674746602774,0.09803414344787598,6.733059763064375e-06,0.0384274497628212,0.02422725409269333,0.0009640721837058663,0.0,0.0,5.570326538872905e-05,0.000456110185371215
577,True,,,,,0.0044411467388272285,0.1136966198682785,6.9407660703291185e-06,0.04568375274538994,0.029849406331777573,0.0009653268498368561,0.0,0.0,6.227728590602055e-05,0.0004546984106176689
578,True,,,,,0.005711085628718138,0.08005940914154053,1.5296387573471293e-05,0.056673564016819,0.042916275560855865,0.0009665769175626338,0.0,0.0,0.0001244803861482069,0.00045328761723718495
579,True,,,,,0.0024550415109843016,0.055654507130384445,8.648376933706459e-06,0.02476358786225319,0.01671612076461315,0.000967844040133059,0.0,0.0,4.814891144633293e-05,0.00045187781975748097
580,True,,,,,0.003933149389922619,0.07819864153862,1.572481414768845e-05,0.03815387934446335,0.02635972760617733,0.0009690666920505464,0.0,0.0,8.576197433285415e-05,0.00045046903269601967
581,True,,,,,0.0038466909900307655,0.08405463397502899,1.003828856482869e-05,0.04028784856200218,0.028005914762616158,0.0009702604147605598,0.0,0.0,5.379433787311427e-05,0.0004490612705598588
582,True,,,,,0.0030302139930427074,0.08163166046142578,2.4280201614601538e-05,0.028923505917191505,0.017671851441264153,0.0009714454645290971,0.0,0.0,5.855681956745684e-05,0.00044765454784550217
583,True,,,,,0.001636018045246601,0.055388811975717545,7.66345237934729e-06,0.01652350462973118,0.009323552250862122,0.0009725893614813685,0.0,0.0,3.8065958506194875e-05,0.00044624887903875
584,True,,,,,0.0035627735778689384,0.09155663847923279,6.727721483912319e-06,0.03379170969128609,0.02105007879436016,0.000973674759734422,0.0,0.0,5.861962563358247e-05,0.00044484427861454947
585,True,,,,,0.006290254648774862,0.10639529675245285,6.974451935093384e-06,0.05360129475593567,0.03664781525731087,0.000974709284491837,0.0,0.0,7.15657151886262e-05,0.0004434407610368465
586,True,,,,,0.0038442122749984264,0.05555681884288788,1.5267814887920395e-05,0.032450463622808456,0.02301027812063694,0.0009758227970451117,0.0,0.0,7.716588879702613e-05,0.0004420383407584364
587,True,,,,,0.0038428939878940582,0.06795117259025574,8.620712833362631e-06,0.034327223896980286,0.023662202060222626,0.0009769381722435355,0.0,0.0,6.288230360951275e-05,0.0004406370322208144
588,True,,,,,0.0034289907198399305,0.07134556770324707,1.580810931045562e-05,0.032156843692064285,0.02155189961194992,0.0009780596010386944,0.0,0.0,5.021214747102931e-05,0.000439236849854028
589,True,,,,,0.002973907394334674,0.08540080487728119,1.0098665370605886e-05,0.03310040757060051,0.021556431427598,0.000979169737547636,0.0,0.0,5.126878386363387e-05,0.00043783780807652795
590,True,,,,,0.005113196559250355,0.10379360616207123,2.4334665795322508e-05,0.04493151977658272,0.029380491003394127,0.0009802207350730896,0.0,0.0,6.522938201669604e-05,0.0004364399212950193
591,True,,,,,0.0011965746525675058,0.03399086371064186,7.709943020017818e-06,0.012149614281952381,0.007528719957917929,0.0009813148062676191,0.0,0.0,4.107105633011088e-05,0.0004350432039043138
592,True,,,,,0.002194751054048538,0.04746086895465851,6.779029263270786e-06,0.024204418063163757,0.017240198329091072,0.0009823470609262586,0.0,0.0,4.8694924771552905e-05,0.00043364767028718156
593,True,,,,,0.004822997376322746,0.07860621809959412,7.009133696556091e-06,0.044617295265197754,0.031909823417663574,0.0009833556832745671,0.0,0.0,5.60124171897769e-05,0.0004322533348142018
594,True,,,,,0.004738050978630781,0.08041565120220184,1.5353105482063256e-05,0.04481036588549614,0.03199019655585289,0.00098443403840065,0.0,0.0,5.786167093901895e-05,0.0004308602118436168
595,True,,,,,0.0061736321076750755,0.08645599335432053,8.669667295180261e-06,0.05575289949774742,0.040906473994255066,0.0009855090174824,0.0,0.0,8.360874198842794e-05,0.0004294683157211826
596,True,,,,,0.004095102194696665,0.08450880646705627,1.5880172213655896e-05,0.042417094111442566,0.029829487204551697,0.0009866203181445599,0.0,0.0,6.974853022256866e-05,0.00042807766078002197
597,True,,,,,0.007592311128973961,0.09605084359645844,1.0169027518713847e-05,0.06373394280672073,0.046506330370903015,0.0009877374395728111,0.0,0.0,7.47045487514697e-05,0.0004266882613404758
598,True,,,,,0.003102692309767008,0.0632215365767479,2.436597969790455e-05,0.03127783164381981,0.021794360131025314,0.000988896586932242,0.0,0.0,5.129120108904317e-05,0.00042530013170995743
599,True,,,,,0.004937845282256603,0.10825406759977341,7.775681297061965e-06,0.047717899084091187,0.031929194927215576,0.0009900437435135245,0.0,0.0,7.945695688249543e-05,0.00042391328618280347
600,True,,,,,0.003949394449591637,0.06805554032325745,6.819121153966989e-06,0.0375698022544384,0.026791300624608994,0.0009912122040987015,0.0,0.0,6.491836393252015e-05,0.00042252773904012767
601,True,,,,,0.0021769232116639614,0.06026533618569374,7.042039214866236e-06,0.02322755940258503,0.01500009372830391,0.0009924087207764387,0.0,0.0,3.917048161383718e-05,0.00042114350454967376
602,True,,,,,0.0027494695968925953,0.050857942551374435,1.5342695405706763e-05,0.026369361206889153,0.018493477255105972,0.0009935376001521945,0.0,0.0,4.402087506605312e-05,0.0004197605969656684
603,True,,,,,0.004749698098748922,0.07390330731868744,8.69094037625473e-06,0.03923327848315239,0.02706592157483101,0.0009946536738425493,0.0,0.0,6.061605745344423e-05,0.00041837903052867385
604,True,,,,,0.006370842456817627,0.08685782551765442,1.590650572325103e-05,0.05550169572234154,0.040403299033641815,0.0009957863949239254,0.0,0.0,6.613644654862583e-05,0.00041699881946544214
605,True,,,,,0.0032137639354914427,0.06953815370798111,1.0133091564057395e-05,0.03190772607922554,0.02170991152524948,0.0009969741804525256,0.0,0.0,5.207069989410229e-05,0.00041561997798876885
606,True,,,,,0.0019932843279093504,0.0493990033864975,2.4363165721297264e-05,0.0203324593603611,0.01334056630730629,0.0009981218026950955,0.0,0.0,4.395943324198015e-05,0.0004142425202973451
607,True,,,,,0.0045603057369589806,0.08176658302545547,7.775720405334141e-06,0.04050302878022194,0.027740521356463432,0.000999219249933958,0.0,0.0,5.4050644394010305e-05,0.00041286646057561325
608,True,,,,,0.003081677248701453,0.0636262595653534,6.855062565591652e-06,0.029510479420423508,0.02004246413707733,0.0010003119241446257,0.0,0.0,4.791761239175685e-05,0.00041149181299361936
609,True,,,,,0.0035929372534155846,0.07104968279600143,7.094204192981124e-06,0.03236448019742966,0.021642372012138367,0.001001382595859468,0.0,0.0,4.997114956495352e-05,0.00041011859170686884
610,True,,,,,0.004989297594875097,0.07548387348651886,1.541320489195641e-05,0.04756982624530792,0.03499129042029381,0.0010024089133366942,0.0,0.0,6.821431452408433e-05,0.0004087468108561785
611,True,,,,,0.003991453442722559,0.0758299008011818,8.698436431586742e-06,0.03815223276615143,0.026550356298685074,0.001003449084237218,0.0,0.0,6.916290294611827e-05,0.00040737648456753306
612,True,,,,,0.0031626445706933737,0.061406757682561874,1.59518895088695e-05,0.029886974021792412,0.020541705191135406,0.0010044677183032036,0.0,0.0,5.200653322390281e-05,0.0004060076269519387
613,True,,,,,0.0033744429238140583,0.053907305002212524,1.0138261131942272e-05,0.030097154900431633,0.021301649510860443,0.0010054612066596746,0.0,0.0,6.205888348631561e-05,0.0004046402521052778
614,True,,,,,0.003848128719255328,0.0950026735663414,2.436731847410556e-05,0.040658582001924515,0.027251385152339935,0.0010064482921734452,0.0,0.0,5.730798875447363e-05,0.00040327437410816346
615,True,,,,,0.004198299255222082,0.08519066870212555,7.873119102441706e-06,0.04460406303405762,0.03186087682843208,0.0010074247838929296,0.0,0.0,6.992374255787581e-05,0.0004019100070257955
616,True,,,,,0.007404028438031673,0.08779345452785492,6.907242550369119e-06,0.06410648673772812,0.047899216413497925,0.0010084337554872036,0.0,0.0,0.00010371929238317534,0.00040054716490781485
617,True,,,,,0.0062910160049796104,0.10821156203746796,7.118555004126392e-06,0.055677928030490875,0.03854142129421234,0.0010095634497702122,0.0,0.0,6.715541530866176e-05,0.0003991858617881585
618,True,,,,,0.004432571120560169,0.08051209151744843,1.5401576092699543e-05,0.0366484560072422,0.024123765528202057,0.0010107125854119658,0.0,0.0,6.258750363485888e-05,0.00039782611168491646
619,True,,,,,0.0033783623948693275,0.060971543192863464,8.747216270421632e-06,0.03646206855773926,0.02695893868803978,0.0010118857026100159,0.0,0.0,9.437475091544911e-05,0.00039646792860018574
620,True,,,,,0.003944482188671827,0.07404850423336029,1.598628659849055e-05,0.03538145124912262,0.023990018293261528,0.0010130592854693532,0.0,0.0,5.176349441171624e-05,0.000395111326519927
621,True,,,,,0.002953209448605776,0.0761868953704834,1.0188108717557043e-05,0.03306260332465172,0.02246018871665001,0.00101420225109905,0.0,0.0,5.336888716556132e-05,0.00039375631941382085
622,True,,,,,0.004117543809115887,0.08713100850582123,2.44163820752874e-05,0.03838387504220009,0.025494243949651718,0.0010153085459023714,0.0,0.0,6.048106661182828e-05,0.0003924029212351229
623,True,,,,,0.003065144643187523,0.06281884014606476,7.886465027695522e-06,0.02588311769068241,0.01651015132665634,0.001016387715935707,0.0,0.0,4.069126589456573e-05,0.0003910511459205217
624,True,,,,,0.0038655903190374374,0.07289701700210571,6.955676781217335e-06,0.03965892642736435,0.028479550033807755,0.0010174369672313333,0.0,0.0,6.0131987993372604e-05,0.00038970100738999313
625,True,,,,,0.003961809910833836,0.0907452255487442,7.109824764484074e-06,0.03884558752179146,0.025784850120544434,0.0010185117134824395,0.0,0.0,7.512586307711899e-05,0.00038835251954665896
626,True,,,,,0.0048800278455019,0.06783243268728256,1.538200376671739e-05,0.04208919405937195,0.030384961515665054,0.0010195586364716291,0.0,0.0,6.035685146343894e-05,0.00038700569627664295
627,True,,,,,0.0036438729148358107,0.06042269617319107,8.730665285838768e-06,0.03313754126429558,0.023423729464411736,0.0010206711012870073,0.0,0.0,5.169790529180318e-05,0.0003856605514489273
628,True,,,,,0.0034728646278381348,0.06965801119804382,1.6005782526917756e-05,0.033043086528778076,0.022562190890312195,0.0010217747185379267,0.0,0.0,4.970952431904152e-05,0.0003843170989152107
629,True,,,,,0.004133266396820545,0.08463598787784576,1.018471084535122e-05,0.04136667028069496,0.02873920649290085,0.0010228673927485943,0.0,0.0,6.466087506851181e-05,0.00038297535250976554
630,True,,,,,0.0020506149157881737,0.05603682994842529,2.4365217541344464e-05,0.020310053601861,0.01259678602218628,0.0010239490075036883,0.0,0.0,4.602738408721052e-05,0.00038163532604929505
631,True,,,,,0.0031575593166053295,0.06957800686359406,7.862187885621097e-06,0.034381575882434845,0.024240244179964066,0.0010249973274767399,0.0,0.0,5.271738700685091e-05,0.000380297033332791
632,True,,,,,0.004237436689436436,0.08141826093196869,6.965692136873258e-06,0.03988148644566536,0.027478033676743507,0.0010260450653731823,0.0,0.0,5.3802377806277946e-05,0.0003789604881413922
633,True,,,,,0.0026720939204096794,0.05102470889687538,7.110484148142859e-06,0.024690702557563782,0.01689164713025093,0.001027107471600175,0.0,0.0,4.708877531811595e-05,0.0003776257042382422
634,True,,,,,0.003739718347787857,0.09897274523973465,1.5447008991031907e-05,0.042359523475170135,0.028681356459856033,0.0010281485738232732,0.0,0.0,6.256550113903359e-05,0.00037629269536834745
635,True,,,,,0.004447009414434433,0.08753838390111923,8.698529200046323e-06,0.043645139783620834,0.03041660226881504,0.0010291717480868101,0.0,0.0,6.168278923723847e-05,0.00037496147525843573
636,True,,,,,0.004504955839365721,0.0878034383058548,1.6008787497412413e-05,0.04420505091547966,0.030877433717250824,0.001030203653499484,0.0,0.0,6.182579090818763e-05,0.0003736320576168156
637,True,,,,,0.007578078657388687,0.08953146636486053,1.0183988706558011e-05,0.0631648600101471,0.04660295322537422,0.0010312587255612016,0.0,0.0,8.14371305750683e-05,0.00037230445613323405
638,True,,,,,0.0036282516084611416,0.0697789341211319,2.4262821170850657e-05,0.03500748798251152,0.02434249222278595,0.001032338012009859,0.0,0.0,5.633079490507953e-05,0.00037097868447873606
639,True,,,,,0.0037266621366143227,0.05598631128668785,7.834940333850682e-06,0.03615871071815491,0.02680741250514984,0.0010333629325032234,0.0,0.0,6.284929986577481e-05,0.00036965475630552425
640,True,,,,,0.0022170289885252714,0.07240608334541321,7.004862709436566e-06,0.02335113100707531,0.013869140297174454,0.0010343489702790976,0.0,0.0,5.243237683316693e-05,0.00036833268524681775
641,True,,,,,0.004777153022587299,0.08649807423353195,7.138642104109749e-06,0.039282817393541336,0.025831226259469986,0.0010352961253374815,0.0,0.0,0.0001034695960697718,0.0003670124849167117
642,True,,,,,0.004241482354700565,0.0782436728477478,1.5431978681590408e-05,0.04085122048854828,0.02874414063990116,0.0010362917091697454,0.0,0.0,9.331048931926489e-05,0.0003656941689100374
643,True,,,,,0.003718887222930789,0.0807146430015564,8.69705036166124e-06,0.035757508128881454,0.02393938973546028,0.0010372755350545049,0.0,0.0,5.433470505522564e-05,0.0003643777508022227
644,True,,,,,0.0038560819812119007,0.06972160190343857,1.597778100403957e-05,0.03778659924864769,0.02691601775586605,0.0010382666951045394,0.0,0.0,6.887452764203772e-05,0.00036306324414915115
645,True,,,,,0.0029344125650823116,0.06529776751995087,1.01908572105458e-05,0.029256537556648254,0.019761573523283005,0.001039263908751309,0.0,0.0,4.8840669478522614e-05,0.0003617506624870232
646,True,,,,,0.0019190271850675344,0.058358870446681976,2.4188222596421838e-05,0.020258719101548195,0.012445025146007538,0.00104025739710778,0.0,0.0,6.009299249853939e-05,0.0003604400193322167
647,True,,,,,0.0021127834916114807,0.05919530242681503,7.81922153691994e-06,0.02106018364429474,0.013001818209886551,0.0010411792900413275,0.0,0.0,6.024498725309968e-05,0.0003591313281811478
648,True,,,,,0.0033814895432442427,0.06758491694927216,7.026557796052657e-06,0.029904218390583992,0.01973976194858551,0.001042058109305799,0.0,0.0,5.537007382372394e-05,0.00035782460251013073
649,True,,,,,0.0027599534951150417,0.07878526300191879,7.112508228601655e-06,0.02855284884572029,0.01788971573114395,0.001042928546667099,0.0,0.0,4.989867375115864e-05,0.0003565198557752417
650,True,,,,,0.003682381473481655,0.07964029908180237,1.5420228010043502e-05,0.033622413873672485,0.021934721618890762,0.001043813768774271,0.0,0.0,5.354033783078194e-05,0.0003552171014121779
651,True,,,,,0.003740157000720501,0.074561208486557,8.696070835867431e-06,0.0380965955555439,0.026872480288147926,0.0010446785017848015,0.0,0.0,6.447841587942094e-05,0.00035391635283611955
652,True,,,,,0.0029516578651964664,0.07314492017030716,1.598071503394749e-05,0.023216674104332924,0.012908109463751316,0.0010455558076500893,0.0,0.0,7.650130282854661e-05,0.0003526176234415925
653,True,,,,,0.0028340935241431,0.06572523713111877,1.0185289283981547e-05,0.028725866228342056,0.01928841322660446,0.0010463723447173834,0.0,0.0,4.68273829028476e-05,0.00035132092660233085
654,True,,,,,0.0024239160120487213,0.05726049095392227,2.413594484096393e-05,0.02273285761475563,0.014524148777127266,0.0010471763089299202,0.0,0.0,4.223605355946347e-05,0.0003500262756711369
655,True,,,,,0.0038284300826489925,0.0853436142206192,7.747435120109003e-06,0.03968486562371254,0.027296099811792374,0.0010479551274329424,0.0,0.0,5.74824953218922e-05,0.000348733683979746
656,True,,,,,0.004245088901370764,0.07426688075065613,7.022887984931003e-06,0.034561898559331894,0.02286558970808983,0.0010487643303349614,0.0,0.0,6.23439482296817e-05,0.00034744316483868785
657,True,,,,,0.004401362035423517,0.089988574385643,7.064548299240414e-06,0.04252607002854347,0.02910122647881508,0.001049582613632083,0.0,0.0,7.101194933056831e-05,0.00034615473153715116
658,True,,,,,0.005749481730163097,0.08599409461021423,1.5417730537592433e-05,0.0513162687420845,0.0369260348379612,0.0010504102101549506,0.0,0.0,6.979771569604054e-05,0.00034486839734284387
659,True,,,,,0.0038948585279285908,0.07505299150943756,8.627273928141221e-06,0.0359468013048172,0.024518877267837524,0.0010512855369597673,0.0,0.0,6.681340892100707e-05,0.0003435841755018592
660,True,,,,,0.0034469799138605595,0.06437757611274719,1.5915731637505814e-05,0.034766193479299545,0.02483910322189331,0.0010521614458411932,0.0,0.0,5.4279407777357846e-05,0.0003423020792385387
661,True,,,,,0.003198412014171481,0.07484668493270874,1.0140080121345818e-05,0.03409074246883392,0.02337685041129589,0.0010530388681218028,0.0,0.0,4.347302456153557e-05,0.00034102212175533467
662,True,,,,,0.004900280386209488,0.08250544965267181,2.393944851064589e-05,0.038420822471380234,0.025211580097675323,0.0010539068607613444,0.0,0.0,6.832862709416077e-05,0.0003397443162326759
663,True,,,,,0.0054430365562438965,0.09379760175943375,7.648449354746845e-06,0.04920737072825432,0.03435872867703438,0.0010548107093200088,0.0,0.0,7.197773811640218e-05,0.000338468675828831
664,True,,,,,0.0034574861638247967,0.060669030994176865,7.0303808570315596e-06,0.03346491605043411,0.023915909230709076,0.0010557259665802121,0.0,0.0,5.0760689191520214e-05,0.00033719521367977324
665,True,,,,,0.002089741174131632,0.05660814046859741,7.069256298564142e-06,0.02416905201971531,0.016393791884183884,0.0010566320270299911,0.0,0.0,4.003660797025077e-05,0.00033592394289904526
666,True,,,,,0.003394702449440956,0.07154220342636108,1.537489333713893e-05,0.032673582434654236,0.022083332762122154,0.0010574928019195795,0.0,0.0,4.7538316721329466e-05,0.0003346548765776239
667,True,,,,,0.00521294679492712,0.10205728560686111,8.639803127152845e-06,0.048243697732686996,0.032797157764434814,0.0010583525290712714,0.0,0.0,7.062291115289554e-05,0.0003333880277837853
668,True,,,,,0.005489615723490715,0.08953473716974258,1.594961759110447e-05,0.048152580857276917,0.033667001873254776,0.0010592557955533266,0.0,0.0,6.662702071480453e-05,0.00033212340956297076
669,True,,,,,0.0031779545824974775,0.05220005288720131,1.0120827937498689e-05,0.029855545610189438,0.021426741033792496,0.0010601854883134365,0.0,0.0,4.7098161303438246e-05,0.000330861034937652
670,True,,,,,0.004544748924672604,0.07909372448921204,2.3940556275192648e-05,0.04398686811327934,0.03147425502538681,0.00106109119951725,0.0,0.0,6.359080725815147e-05,0.0003296009169071973
671,True,,,,,0.0015608196845278144,0.0703454315662384,7.693325642321724e-06,0.016694743186235428,0.008073373697698116,0.0010620180983096361,0.0,0.0,4.29197825724259e-05,0.0003283430684477374
672,True,,,,,0.00460257101804018,0.0687803328037262,7.0737505666329525e-06,0.03814850002527237,0.026643119752407074,0.0010629002936184406,0.0,0.0,7.974147592904046e-05,0.00032708750251203214
673,True,,,,,0.005555009003728628,0.08983444422483444,7.064095370878931e-06,0.05410073325037956,0.03953751176595688,0.001063802046701312,0.0,0.0,9.036194387590513e-05,0.0003258342320293367
674,True,,,,,0.003377969143912196,0.08082402497529984,1.5456596884177998e-05,0.030735155567526817,0.01923322305083275,0.0010647210292518139,0.0,0.0,5.49278047401458e-05,0.00032458326990526923
675,True,,,,,0.00479504931718111,0.07736049592494965,8.668474038131535e-06,0.0434422641992569,0.030883172526955605,0.0010656114900484681,0.0,0.0,5.918098031543195e-05,0.00032333462902167675
676,True,,,,,0.0029723085463047028,0.0590316578745842,1.6057398170232773e-05,0.028888702392578125,0.019970446825027466,0.001066506141796708,0.0,0.0,5.807188790640794e-05,0.0003220883222365039
677,True,,,,,0.0032161478884518147,0.056007020175457,1.0138613106391858e-05,0.02751360461115837,0.018665805459022522,0.0010673825163394213,0.0,0.0,5.2053826948395e-05,0.0003208443623836593
678,True,,,,,0.004847255535423756,0.09242628514766693,2.3923230401123874e-05,0.04663969576358795,0.032491281628608704,0.0010682458523660898,0.0,0.0,6.719901284668595e-05,0.0003196027622728841
679,True,,,,,0.0023090175818651915,0.05545341596007347,7.727791853540111e-06,0.022247064858675003,0.01436655968427658,0.0010691429488360882,0.0,0.0,4.59069233329501e-05,0.0003183635346896199
680,True,,,,,0.004545458592474461,0.06932513415813446,7.136477051972179e-06,0.0464395135641098,0.0349365696310997,0.0010699989506974816,0.0,0.0,6.344732537399977e-05,0.0003171266923948769
681,True,,,,,0.003485599299892783,0.06539393216371536,7.108891622920055e-06,0.03810742869973183,0.028057510033249855,0.0010709025664255023,0.0,0.0,6.037324055796489e-05,0.0003158922481251031
682,True,,,,,0.004531354643404484,0.07983924448490143,1.5594208889524452e-05,0.044503211975097656,0.03194602578878403,0.001071794657036662,0.0,0.0,6.342827691696584e-05,0.00031466021459205205
683,True,,,,,0.005497690290212631,0.08445757627487183,8.680016435391735e-06,0.046948280185461044,0.032976746559143066,0.0010726896580308676,0.0,0.0,6.6085034632124e-05,0.00031343060448265334
684,True,,,,,0.002240531612187624,0.05853493511676788,1.6156514902831987e-05,0.022888075560331345,0.014751000329852104,0.0010736456606537104,0.0,0.0,4.1746196075109765e-05,0.00031220343045888066
685,True,,,,,0.004080841317772865,0.0860813707113266,1.0146636668650899e-05,0.03886721655726433,0.026147201657295227,0.0010745485778898,0.0,0.0,6.314613710856065e-05,0.0003109787051576223
686,True,,,,,0.0030940526630729437,0.06922513991594315,2.391503039689269e-05,0.03076791577041149,0.020692763850092888,0.0010754474205896258,0.0,0.0,5.65786576771643e-05,0.0003097564411905505
687,True,,,,,0.005430623423308134,0.11314788460731506,7.77902823756449e-06,0.052503302693367004,0.035731568932533264,0.001076351385563612,0.0,0.0,7.840037869755179e-05,0.00030853665114399223
688,True,,,,,0.00576371606439352,0.09234707057476044,7.179521162470337e-06,0.05097711831331253,0.03595356270670891,0.0010772690875455737,0.0,0.0,6.66105406708084e-05,0.0003073193475787981
689,True,,,,,0.003251921385526657,0.05920248478651047,7.114504114724696e-06,0.03199706971645355,0.022799890488386154,0.0010782144963741302,0.0,0.0,6.463107274612412e-05,0.00030610454303021527
690,True,,,,,0.011840741150081158,0.12358635663986206,1.5731031453469768e-05,0.1294562965631485,0.1052146703004837,0.001079103210940957,0.0,0.0,0.00011227920913370326,0.00030489225000775654
691,True,,,,,0.0048529827035963535,0.10475669801235199,8.709625035407953e-06,0.04872222617268562,0.03336535394191742,0.0010800892487168312,0.0,0.0,5.982651055091992e-05,0.0003036824809950722
692,True,,,,,0.002402285113930702,0.05927048623561859,1.6280600902973674e-05,0.02557484805583954,0.017202142626047134,0.0010810616659000516,0.0,0.0,4.709198765340261e-05,0.00030247524844982145
693,True,,,,,0.00400947593152523,0.07684192061424255,1.0192153240495827e-05,0.039632249623537064,0.02790737897157669,0.0010819933377206326,0.0,0.0,6.229807331692427e-05,0.0003012705648035439
694,True,,,,,0.002845992334187031,0.05482163280248642,2.3931344912853092e-05,0.02695094421505928,0.018564097583293915,0.0010829088278114796,0.0,0.0,5.3063373343320563e-05,0.00030006844246153227
695,True,,,,,0.0030791182070970535,0.06843742728233337,7.817409823474009e-06,0.030730897560715675,0.020781561732292175,0.0010837916051968932,0.0,0.0,4.7032153815962374e-05,0.0002988688938027032
696,True,,,,,0.0034001506865024567,0.05795353651046753,7.209653176687425e-06,0.028006942942738533,0.018786171451210976,0.0010846435325220227,0.0,0.0,4.623865243047476e-05,0.0002976719311794717
697,True,,,,,0.0035496929194778204,0.06664600968360901,7.177790394052863e-06,0.03142775222659111,0.021188246086239815,0.0010854752035811543,0.0,0.0,5.650549064739607e-05,0.00029647756691762256
698,True,,,,,0.005277413409203291,0.08060938864946365,1.5797400919836946e-05,0.045725688338279724,0.03234487771987915,0.0010862821945920587,0.0,0.0,5.9531641454668716e-05,0.00029528581331618334
699,True,,,,,0.0046998667530715466,0.08685074001550674,8.715521289559547e-06,0.04230692982673645,0.028893688693642616,0.0010871007107198238,0.0,0.0,6.353796925395727e-05,0.0002940966826472987
700,True,,,,,0.0033832050394266844,0.0849604606628418,1.6354964827769436e-05,0.03709930554032326,0.02517646737396717,0.0010879499604925513,0.0,0.0,4.831871410715394e-05,0.0002929101871561036
701,True,,,,,0.005491083022207022,0.08835291862487793,1.0205674698227085e-05,0.05324403569102287,0.038886360824108124,0.0010887974640354514,0.0,0.0,6.349119212245569e-05,0.000291726339060597
702,True,,,,,0.0021253800950944424,0.061921991407871246,2.388107168371789e-05,0.01971651427447796,0.011340276338160038,0.0010896696476265788,0.0,0.0,4.012366844108328e-05,0.00029054515055151566
703,True,,,,,0.004649014212191105,0.08416859805583954,7.820630344212987e-06,0.04503115639090538,0.03193873539566994,0.0010905084200203419,0.0,0.0,5.853324546478689e-05,0.0002893666337922099
704,True,,,,,0.004563113674521446,0.08346806466579437,7.2331345108977985e-06,0.04088076576590538,0.027945466339588165,0.0010913154110312462,0.0,0.0,5.31123841938097e-05,0.00028819080091851734
705,True,,,,,0.004617302678525448,0.06854981184005737,7.173482117650565e-06,0.04246768355369568,0.030970130115747452,0.0010921392822638154,0.0,0.0,5.8477206039242446e-05,0.0002870176640386376
706,True,,,,,0.00207792641595006,0.050388142466545105,1.5815723600098863e-05,0.01963707245886326,0.012477770447731018,0.0010929472045972943,0.0,0.0,3.959114837925881e-05,0.00028584723523300857
707,True,,,,,0.005161682143807411,0.0715043842792511,8.68826737132622e-06,0.039151862263679504,0.026811428368091583,0.001093707513064146,0.0,0.0,8.181373414117843e-05,0.00028467952655418223
708,True,,,,,0.0032123178243637085,0.062371496111154556,1.634493310120888e-05,0.029449161142110825,0.019956059753894806,0.00109449855517596,0.0,0.0,5.391506419982761e-05,0.00028351455002669857
709,True,,,,,0.004962855949997902,0.11214400827884674,1.0187140105699655e-05,0.04955320805311203,0.03334462642669678,0.0010952737648040056,0.0,0.0,6.197294715093449e-05,0.0002823523176469642
710,True,,,,,0.0081312395632267,0.11003028601408005,2.3764587240293622e-05,0.07099660485982895,0.051803845912218094,0.0010960428044199944,0.0,0.0,7.981238013599068e-05,0.00028119284138312717
711,True,,,,,0.0037164143286645412,0.05872509628534317,7.810306669853162e-06,0.03163665533065796,0.02202114276587963,0.0010968708666041493,0.0,0.0,6.6825894464273e-05,0.0002800361331749549
712,True,,,,,0.004265205468982458,0.08081100136041641,7.22940603736788e-06,0.041447728872299194,0.029075987637043,0.0010976764606311917,0.0,0.0,5.637348658638075e-05,0.00027888220493370964
713,True,,,,,0.006900382228195667,0.09371019899845123,7.170682692958508e-06,0.06467664986848831,0.04837992787361145,0.0010984947439283133,0.0,0.0,9.910762310028076e-05,0.00027773106854202766
714,True,,,,,0.0031423780601471663,0.060916926711797714,1.5773837731103413e-05,0.02850739099085331,0.019230779260396957,0.0010993181494995952,0.0,0.0,4.439569966052659e-05,0.0002765827358537956
715,True,,,,,0.004495673812925816,0.07480858266353607,8.67442759044934e-06,0.03919173777103424,0.027186855673789978,0.001100124092772603,0.0,0.0,6.17528785369359e-05,0.00027543721869402883
716,True,,,,,0.0036464352160692215,0.059859417378902435,1.6271116692223586e-05,0.03271154686808586,0.023035617545247078,0.0011009376030415297,0.0,0.0,5.04569397890009e-05,0.00027429452885874983
717,True,,,,,0.0019566745031625032,0.06311649829149246,1.0209552783635445e-05,0.019994432106614113,0.011694669723510742,0.0011017454089596868,0.0,0.0,4.673880903283134e-05,0.0002731546781148663
718,True,,,,,0.0020415165927261114,0.057241085916757584,2.37924305110937e-05,0.021593434736132622,0.013769200071692467,0.0011024929117411375,0.0,0.0,4.0105904190568253e-05,0.00027201767820005096
719,True,,,,,0.002222210168838501,0.053738124668598175,7.828863999748137e-06,0.02169078215956688,0.01406806893646717,0.0011032003676518798,0.0,0.0,4.197262387606315e-05,0.00027088354082261887
720,True,,,,,0.003900018287822604,0.08623988926410675,7.235146767925471e-06,0.03681199997663498,0.024262484163045883,0.001103896414861083,0.0,0.0,5.182745371712372e-05,0.0002697522776614087
721,True,,,,,0.0034222430549561977,0.06246757507324219,7.167424882936757e-06,0.02802521549165249,0.018330834805965424,0.0011045855935662985,0.0,0.0,5.127742770127952e-05,0.00026862390036566154
722,True,,,,,0.004986071027815342,0.09103371202945709,1.5810583136044443e-05,0.04953117296099663,0.03539905697107315,0.0011052839690819383,0.0,0.0,5.941832569078542e-05,0.0002674984205549012
723,True,,,,,0.004209181759506464,0.08787320554256439,8.731545676710084e-06,0.04458533599972725,0.03156030923128128,0.0011060085380449891,0.0,0.0,5.9323516325093806e-05,0.0002663758498188144
724,True,,,,,0.0025790920481085777,0.05628030747175217,1.630620681680739e-05,0.023455779999494553,0.015204976312816143,0.001106755924411118,0.0,0.0,5.560195859288797e-05,0.00026525619971713157
725,True,,,,,0.004896941594779491,0.08191312104463577,1.027011876431061e-05,0.04693402722477913,0.03381415829062462,0.0011074627982452512,0.0,0.0,6.074702105252072e-05,0.00026413948177950766
726,True,,,,,0.002261511981487274,0.06622457504272461,2.3854834580561146e-05,0.023366225883364677,0.01442346628755331,0.0011081743286922574,0.0,0.0,4.695479219662957e-05,0.00026302570750540367
727,True,,,,,0.004642238840460777,0.0787351205945015,7.876937161199749e-06,0.03979375585913658,0.027251161634922028,0.001108856755308807,0.0,0.0,6.53948518447578e-05,0.00026191488836396797
728,True,,,,,0.003350532380864024,0.07386340200901031,7.249689133459469e-06,0.034714024513959885,0.02395155467092991,0.0011095813242718577,0.0,0.0,4.818985325982794e-05,0.0002608070357939183
729,True,,,,,0.0022991877049207687,0.062405358999967575,7.199403626145795e-06,0.023957692086696625,0.015392466448247433,0.0011103063588961959,0.0,0.0,4.1899031202774495e-05,0.00025970216120342393
730,True,,,,,0.007597537245601416,0.09024881571531296,1.586982216394972e-05,0.07322914153337479,0.05656387284398079,0.001110993092879653,0.0,0.0,0.00011727008677553385,0.00025860027596998823
731,True,,,,,0.002537949476391077,0.06883421540260315,8.777338734944351e-06,0.02343997173011303,0.013989930041134357,0.0011117125395685434,0.0,0.0,4.44130964751821e-05,0.0002575013914403318
732,True,,,,,0.003549742978066206,0.07402048259973526,1.6353849787265062e-05,0.03448079153895378,0.02348516881465912,0.0011123936856165528,0.0,0.0,4.9194833991350606e-05,0.00025640551893027497
733,True,,,,,0.0031534205190837383,0.06659568101167679,1.032438285619719e-05,0.029531635344028473,0.01968686655163765,0.0011130658676847816,0.0,0.0,5.2574105211533606e-05,0.00025531266972462173
734,True,,,,,0.0036074179224669933,0.07808634638786316,2.4030563508858904e-05,0.03773857280611992,0.026263320818543434,0.0011137168621644378,0.0,0.0,5.984513700241223e-05,0.0002542228550770436
735,True,,,,,0.002827575197443366,0.0528515987098217,7.960305993037764e-06,0.026769118383526802,0.018629318103194237,0.0011143941665068269,0.0,0.0,4.3729713070206344e-05,0.00025313608620996337
736,True,,,,,0.0048033809289336205,0.10737726092338562,7.266589818755165e-06,0.044776637107133865,0.02920984849333763,0.0011150483042001724,0.0,0.0,6.124213541625068e-05,0.00025205237431443985
737,True,,,,,0.001748767215758562,0.055237431079149246,7.223957254609559e-06,0.019987832754850388,0.012689716182649136,0.0011157229309901595,0.0,0.0,3.7065063224872574e-05,0.00025097173055005253
738,True,,,,,0.0024045545142143965,0.06653838604688644,1.594345121702645e-05,0.024047620594501495,0.01494617760181427,0.0011163525050505996,0.0,0.0,4.856225132243708e-05,0.0002498941660447867
739,True,,,,,0.0034160856157541275,0.05892070382833481,8.859051376930438e-06,0.03439085930585861,0.02505381777882576,0.0011169608915224671,0.0,0.0,5.6863944337237626e-05,0.00024881969189491875
740,True,,,,,0.0036412104964256287,0.06348968297243118,1.6468293324578553e-05,0.03673002868890762,0.02669573575258255,0.0011175741674378514,0.0,0.0,6.295174534898251e-05,0.0002477483191649019
741,True,,,,,0.004134123679250479,0.10090577602386475,1.049082766257925e-05,0.041161391884088516,0.026904527097940445,0.0011182011803612113,0.0,0.0,6.255905464058742e-05,0.0002466800588872527
742,True,,,,,0.004267619922757149,0.07636600732803345,2.407915235380642e-05,0.04012573882937431,0.028162173926830292,0.0011188125936314464,0.0,0.0,5.743317888118327e-05,0.00024561492206243634
743,True,,,,,0.003105906769633293,0.06460168957710266,8.067383532761596e-06,0.031094767153263092,0.021501362323760986,0.0011194102698937058,0.0,0.0,4.514869942795485e-05,0.00024455291965875495
744,True,,,,,0.004710880573838949,0.07738304138183594,7.357526101259282e-06,0.041708409786224365,0.029233308508992195,0.0011200166773051023,0.0,0.0,7.139769149944186e-05,0.0002434940626122331
745,True,,,,,0.004962733015418053,0.11438486725091934,7.3355504355276935e-06,0.048044800758361816,0.03161770477890968,0.0011206479975953698,0.0,0.0,6.209722778294235e-05,0.00024243836182650662
746,True,,,,,0.0029571475461125374,0.059399157762527466,1.6069519915618002e-05,0.029194196686148643,0.020253781229257584,0.001121317851357162,0.0,0.0,5.7850968005368486e-05,0.00024138582817270846
747,True,,,,,0.003698146902024746,0.06516078114509583,8.91438867256511e-06,0.032811447978019714,0.022568171843886375,0.0011219688458368182,0.0,0.0,4.53507891506888e-05,0.00024033647248935906
748,True,,,,,0.008160173892974854,0.1046501100063324,1.6574820620007813e-05,0.07387851923704147,0.0552089549601078,0.0011226036585867405,0.0,0.0,8.082581916823983e-05,0.00023929030558225296
749,True,,,,,0.0038476791232824326,0.0820491760969162,1.0552025742072146e-05,0.03640064597129822,0.024315712973475456,0.0011233079712837934,0.0,0.0,5.025192876928486e-05,0.00023824733822434786
750,True,,,,,0.005304168909788132,0.08691789209842682,2.4171324184862897e-05,0.05247799679636955,0.03842245787382126,0.0011239747982472181,0.0,0.0,6.454532558564097e-05,0.00023720758115565455
751,True,,,,,0.00546766584739089,0.08302494883537292,8.128505214699544e-06,0.04909282550215721,0.035295162349939346,0.0011246800422668457,0.0,0.0,6.875173130538315e-05,0.00023617104508312533
752,True,,,,,0.004873637109994888,0.08318527787923813,7.392825409624493e-06,0.04506628215312958,0.03184807673096657,0.0011253831908106804,0.0,0.0,6.530652171932161e-05,0.00023513774068054433
753,True,,,,,0.0032715382985770702,0.08012232184410095,7.370346338575473e-06,0.034196965396404266,0.02288719266653061,0.0011261111358180642,0.0,0.0,5.852720278198831e-05,0.00023410767858841682
754,True,,,,,0.0032889186404645443,0.07374699413776398,1.6225199942709878e-05,0.02971733547747135,0.019009999930858612,0.001126801478676498,0.0,0.0,5.14321873197332e-05,0.00023308086941386107
755,True,,,,,0.00366353802382946,0.07316745817661285,8.980796337709762e-06,0.03494098410010338,0.023931462317705154,0.0011274596909061074,0.0,0.0,6.11048744758591e-05,0.0002320573237304978
756,True,,,,,0.003696057479828596,0.06363660842180252,1.6647600205033086e-05,0.03204948455095291,0.02194518968462944,0.0011281105689704418,0.0,0.0,7.628142338944599e-05,0.00023103705207834158
757,True,,,,,0.0033016419038176537,0.0729149803519249,1.0603968803479802e-05,0.03146335482597351,0.02083772048354149,0.001128735370002687,0.0,0.0,5.40988112334162e-05,0.00023002006496369265
758,True,,,,,0.003978440538048744,0.06851683557033539,2.4178145395126194e-05,0.038314227014780045,0.02742445096373558,0.0011293571442365646,0.0,0.0,5.967880497337319e-05,0.00022900637285902902
759,True,,,,,0.00244782492518425,0.06734190881252289,8.141324542521033e-06,0.026565367355942726,0.017355768010020256,0.0011299909092485905,0.0,0.0,4.625293877325021e-05,0.0002279959862028973
760,True,,,,,0.0027826239820569754,0.08692335337400436,7.410402304230956e-06,0.02763000689446926,0.016128920018672943,0.0011305870721116662,0.0,0.0,5.9332887758500874e-05,0.00022698891539980656
761,True,,,,,0.0024143331684172153,0.05844852328300476,7.3442697612335905e-06,0.02645411528646946,0.01816892996430397,0.0011311635607853532,0.0,0.0,4.548535798676312e-05,0.00022598517082012093
762,True,,,,,0.008684392087161541,0.12219351530075073,1.625066033739131e-05,0.08300193399190903,0.06205437332391739,0.0011317229364067316,0.0,0.0,8.243654883699492e-05,0.00022498476279995223
763,True,,,,,0.003612777218222618,0.09022710472345352,8.988848094304558e-06,0.035829998552799225,0.023165209218859673,0.0011323689250275493,0.0,0.0,5.4137708502821624e-05,0.00022398770164105375
764,True,,,,,0.0013657696545124054,0.0404987595975399,1.6624780982965603e-05,0.014493579976260662,0.009033354930579662,0.0011329938424751163,0.0,0.0,3.494913471513428e-05,0.0002229939976107145
765,True,,,,,0.0020561337005347013,0.049739494919776917,1.0620005923556164e-05,0.0190793015062809,0.012016642838716507,0.001133579178713262,0.0,0.0,4.506764526013285e-05,0.00022200366094165372
766,True,,,,,0.0029203337617218494,0.06655487418174744,2.4138955268426798e-05,0.03125487267971039,0.021619433537125587,0.0011341454228386283,0.0,0.0,5.5489879741799086e-05,0.00022101670183191419
767,True,,,,,0.004238869529217482,0.0655013769865036,8.154317583830561e-06,0.039774928241968155,0.028958264738321304,0.0011346997926011682,0.0,0.0,6.261814996832982e-05,0.00022003313044475877
768,True,,,,,0.0029653687961399555,0.08284765481948853,7.4308932198619004e-06,0.029752764850854874,0.018476415425539017,0.0011352746514603496,0.0,0.0,6.058240251149982e-05,0.00021905295690856475
769,True,,,,,0.002311992458999157,0.05200827121734619,7.338388058997225e-06,0.021430451422929764,0.013891597278416157,0.0011358332121744752,0.0,0.0,5.066375160822645e-05,0.00021807619131672002
770,True,,,,,0.0032467725686728954,0.060983143746852875,1.6247386156464927e-05,0.03160502761602402,0.022216085344552994,0.0011363729136064649,0.0,0.0,4.949062713421881e-05,0.00021710284372751903
771,True,,,,,0.004068918526172638,0.05597316473722458,9.00807572179474e-06,0.037718214094638824,0.02802259474992752,0.0011369152925908566,0.0,0.0,7.122124952729791e-05,0.00021613292416405888
772,True,,,,,0.006690294947475195,0.11725852638483047,1.6613705156487413e-05,0.06146067753434181,0.04299992695450783,0.0011374566238373518,0.0,0.0,7.715739775449038e-05,0.00021516644261413703
773,True,,,,,0.0025618504732847214,0.06089652702212334,1.0626288712956011e-05,0.025557849556207657,0.016873713582754135,0.0011380446376278996,0.0,0.0,4.844722934649326e-05,0.000214203409030147
774,True,,,,,0.00537002831697464,0.08758485317230225,2.420265445834957e-05,0.05713243409991264,0.042944129556417465,0.0011386164696887136,0.0,0.0,7.477110193576664e-05,0.00021324383332897717
775,True,,,,,0.002999188145622611,0.05613823980093002,8.163111488102004e-06,0.02930978313088417,0.020669054239988327,0.001139252446591854,0.0,0.0,5.21471411047969e-05,0.00021228772539190816
776,True,,,,,0.0012037119595333934,0.042457275092601776,7.4527538345137145e-06,0.012349257245659828,0.006873513571918011,0.0011398715432733297,0.0,0.0,3.5570323234423995e-05,0.00021133509506451103
777,True,,,,,0.004335235804319382,0.09250035881996155,7.343225206568604e-06,0.04829157888889313,0.03468021750450134,0.001140436390414834,0.0,0.0,6.173366273287684e-05,0.0002103859521565461
778,True,,,,,0.0024696527980268,0.05217009037733078,1.630870974622667e-05,0.024505503475666046,0.016774814575910568,0.0011410040315240622,0.0,0.0,4.534045001491904e-05,0.00020944030644186158
779,True,,,,,0.005284241400659084,0.07853627949953079,9.003199011203833e-06,0.04885750263929367,0.03569021448493004,0.0011415485059842467,0.0,0.0,6.35948745184578e-05,0.00020849816765829344
780,True,,,,,0.002629779977723956,0.05314662680029869,1.6642356058582664e-05,0.024188905954360962,0.016199756413698196,0.0011421191738918424,0.0,0.0,4.5033677452011034e-05,0.00020755954550756453
781,True,,,,,0.003412209916859865,0.07563772052526474,1.057586632668972e-05,0.03492412343621254,0.023915566504001617,0.0011426564306020737,0.0,0.0,5.333678927854635e-05,0.00020662444965518535
782,True,,,,,0.003315723966807127,0.06679597496986389,2.419036718492862e-05,0.02951904572546482,0.01946391351521015,0.001143198343925178,0.0,0.0,8.21030989754945e-05,0.0002056928897303537
783,True,,,,,0.0038022827357053757,0.06995944678783417,8.113406693155412e-06,0.03263917937874794,0.0218132883310318,0.0011437298962846398,0.0,0.0,5.999067798256874e-05,0.00020476487532585647
784,True,,,,,0.004441734403371811,0.06497415900230408,7.448015367117478e-06,0.0430217906832695,0.0320563018321991,0.0011442516697570682,0.0,0.0,6.933324038982391e-05,0.0002038404159979701
785,True,,,,,0.004431366920471191,0.07943044602870941,7.339870990108466e-06,0.0416828952729702,0.029282357543706894,0.0011447803117334843,0.0,0.0,5.6550983572378755e-05,0.00020291952126636243
786,True,,,,,0.004560666158795357,0.10036329925060272,1.6265812519122846e-05,0.04328516125679016,0.028644181787967682,0.0011453249026089907,0.0,0.0,5.422831600299105e-05,0.00020200220061399477
787,True,,,,,0.0048977709375321865,0.07262717187404633,9.014767783810385e-06,0.04374624416232109,0.03155626729130745,0.0011458643712103367,0.0,0.0,6.930667586857453e-05,0.00020108846348702413
788,True,,,,,0.006780616939067841,0.08833771198987961,1.6768397472333163e-05,0.06231452152132988,0.04665513336658478,0.0011464317794889212,0.0,0.0,8.391252777073532e-05,0.00020017831929470604
789,True,,,,,0.0026704526972025633,0.06606677174568176,1.0690690032788552e-05,0.025597114115953445,0.01628713309764862,0.0011470082681626081,0.0,0.0,4.51871965196915e-05,0.00019927177740929747
790,True,,,,,0.005265347193926573,0.10377761721611023,2.4350880266865715e-05,0.04893147200345993,0.03322818875312805,0.0011475728824734688,0.0,0.0,6.519520684378222e-05,0.0001983688471659606
791,True,,,,,0.0017780347261577845,0.03685206174850464,8.23788832349237e-06,0.015504913404583931,0.010013716295361519,0.0011481206165626645,0.0,0.0,4.6565917728003114e-05,0.00019746953786266635
792,True,,,,,0.0026466723065823317,0.058768659830093384,7.4864947237074375e-06,0.026978814974427223,0.01842881739139557,0.0011486313305795193,0.0,0.0,4.879021435044706e-05,0.00019657385876009913
793,True,,,,,0.006240240763872862,0.09356412291526794,7.427568107232219e-06,0.05739946663379669,0.041776467114686966,0.0011491449549794197,0.0,0.0,6.873535312479362e-05,0.0001956818190815608
794,True,,,,,0.003561152145266533,0.0634988322854042,1.6393802070524544e-05,0.03404388949275017,0.02408856898546219,0.0011496852384880185,0.0,0.0,5.717424937756732e-05,0.0001947934280128763
795,True,,,,,0.007209529634565115,0.1069280207157135,9.073888577404432e-06,0.06494705379009247,0.04701507091522217,0.0011502240085974336,0.0,0.0,7.17271032044664e-05,0.0001939086947022988
796,True,,,,,0.003206135705113411,0.06821231544017792,1.6749221686040983e-05,0.031972263008356094,0.021899890154600143,0.001150796771980822,0.0,0.0,5.06106334796641e-05,0.00019302762826041536
797,True,,,,,0.003210669383406639,0.06777574121952057,1.0685044799174648e-05,0.03145841136574745,0.021437283605337143,0.0011513547506183386,0.0,0.0,4.935379183734767e-05,0.00019215023776005352
798,True,,,,,0.0034684757702052593,0.07690383493900299,2.4316183043993078e-05,0.03638870641589165,0.025169694796204567,0.0011518992250785232,0.0,0.0,5.59577856620308e-05,0.00019127653223618743
799,True,,,,,0.003651877399533987,0.08720976114273071,8.204569894587621e-06,0.034638822078704834,0.02223803475499153,0.0011524256551638246,0.0,0.0,6.743871927028522e-05,0.00019040652068584514
800,True,,,,,0.006638109218329191,0.07989291101694107,7.482979981432436e-06,0.05404135212302208,0.03938745707273483,0.001152967568486929,0.0,0.0,7.846623338991776e-05,0.00018954021206801542
801,True,,,,,0.0058615668676793575,0.09543958306312561,7.412523700622842e-06,0.057585012167692184,0.04215312749147415,0.0011535425437614322,0.0,0.0,6.665844557574019e-05,0.00018867761530355658
802,True,,,,,0.0031741387210786343,0.08165216445922852,1.6343514289474115e-05,0.02938394621014595,0.018000364303588867,0.0011541434796527028,0.0,0.0,6.680505612166598e-05,0.0001878187392751035
803,True,,,,,0.0034438911825418472,0.07921745628118515,9.046856575878337e-06,0.03350759297609329,0.02211231179535389,0.001154700992628932,0.0,0.0,5.4228061344474554e-05,0.00018696359282697645
804,True,,,,,0.003112825332209468,0.056350141763687134,1.673522092460189e-05,0.031351443380117416,0.022558582946658134,0.0011552412761375308,0.0,0.0,6.826379831181839e-05,0.0001861121847650905
805,True,,,,,0.00376793066971004,0.07309931516647339,1.0637242667144164e-05,0.03604830056428909,0.02493760734796524,0.0011557675898075104,0.0,0.0,5.7997272961074486e-05,0.0001852645238568644
806,True,,,,,0.0026714361738413572,0.0598549023270607,2.4355969799216837e-05,0.025470122694969177,0.016752921044826508,0.0011562671279534698,0.0,0.0,4.4976110075367615e-05,0.00018442061883113033
807,True,,,,,0.0032123341225087643,0.07168282568454742,8.15945713839028e-06,0.03032846935093403,0.019919967278838158,0.0011567533947527409,0.0,0.0,4.816872751689516e-05,0.00018358047837804375
808,True,,,,,0.002190067432820797,0.06538321077823639,7.486628419428598e-06,0.02255222015082836,0.013797285966575146,0.0011572372168302536,0.0,0.0,4.6205033868318424e-05,0.00018274411114899508
809,True,,,,,0.004066557623445988,0.08058758080005646,7.418305358442012e-06,0.03666165471076965,0.02450992539525032,0.0011577062541618943,0.0,0.0,5.471957047120668e-05,0.00018191152575651904
810,True,,,,,0.004000701010227203,0.07727065682411194,1.6308011254295707e-05,0.04076048359274864,0.028988517820835114,0.001158178667537868,0.0,0.0,7.114298205124214e-05,0.00018108273077420683
811,True,,,,,0.00493755005300045,0.08538718521595001,9.009530913317576e-06,0.043811555951833725,0.030305683612823486,0.0011586620239540935,0.0,0.0,5.8501602325122803e-05,0.00018025773473661773
812,True,,,,,0.006133606191724539,0.09244711697101593,1.6727466572774574e-05,0.05362863838672638,0.03820526972413063,0.001159152016043663,0.0,0.0,7.024429214652628e-05,0.0001794365461391916
813,True,,,,,0.0014571810606867075,0.04536667466163635,1.0596835636533797e-05,0.0154977235943079,0.009471084922552109,0.0011596616823226213,0.0,0.0,3.9320275391219184e-05,0.00017861917343816024
814,True,,,,,0.0034225210547447205,0.06941777467727661,2.4339153242181055e-05,0.03198211267590523,0.021557535976171494,0.0011601460864767432,0.0,0.0,4.568662552628666e-05,0.00017780562505046165
815,True,,,,,0.0028880531899631023,0.05962520092725754,8.144898856699001e-06,0.028130654245615005,0.01925218477845192,0.0011606293264776468,0.0,0.0,5.0998609367525205e-05,0.00017699590935365246
816,True,,,,,0.003267834661528468,0.07472629845142365,7.485222795367008e-06,0.03194704279303551,0.02117999643087387,0.0011611051158979535,0.0,0.0,5.221040191827342e-05,0.00017619003468582234
817,True,,,,,0.002836534520611167,0.07079534232616425,7.413857929350343e-06,0.02521912008523941,0.015276608988642693,0.0011615569237619638,0.0,0.0,5.7313871366204694e-05,0.0001753880093455072
818,True,,,,,0.005468857940286398,0.07579225301742554,1.6334932297468185e-05,0.05053350329399109,0.037441130727529526,0.001161993364803493,0.0,0.0,6.928290531504899e-05,0.00017458984159160462
819,True,,,,,0.0019523159135133028,0.052834637463092804,9.026671250467189e-06,0.01938345655798912,0.012117999605834484,0.001162446686066687,0.0,0.0,4.377816367195919e-05,0.00017379553964328877
820,True,,,,,0.0034798053093254566,0.07369311898946762,1.6759882782935165e-05,0.032193493098020554,0.021299224346876144,0.0011628641514107585,0.0,0.0,4.673430885304697e-05,0.00017300511167992478
821,True,,,,,0.005001513287425041,0.07406046986579895,1.0604495400912128e-05,0.047947220504283905,0.03550681844353676,0.0011632675305008888,0.0,0.0,6.893759564263746e-05,0.00017221856584098588
822,True,,,,,0.0032828678376972675,0.07767543196678162,2.4329463485628366e-05,0.032135918736457825,0.021025212481617928,0.0011637049028649926,0.0,0.0,5.499833423527889e-05,0.00017143591022596844
823,True,,,,,0.003522910177707672,0.07351721823215485,8.193938811018597e-06,0.035593800246715546,0.024691138416528702,0.001164132496342063,0.0,0.0,5.2903906180290505e-05,0.00017065715289430963
824,True,,,,,0.0034646946005523205,0.06900306791067123,7.517922313127201e-06,0.034721631556749344,0.02432994730770588,0.0011645682388916612,0.0,0.0,4.866970266448334e-05,0.00016988230186530312
825,True,,,,,0.004116132855415344,0.08687103539705276,7.453208581864601e-06,0.04032096639275551,0.027491174638271332,0.0011650149244815111,0.0,0.0,5.728308315156028e-05,0.0001691113651180178
826,True,,,,,0.005910733249038458,0.07754930853843689,1.6435064026154578e-05,0.05175372585654259,0.038043536245822906,0.0011654646368697286,0.0,0.0,6.826383469160646e-05,0.0001683443505912147
827,True,,,,,0.0042843930423259735,0.0959019809961319,9.100499482883606e-06,0.04262398183345795,0.028719527646899223,0.0011659092269837856,0.0,0.0,6.113815470598638e-05,0.00016758126618326584
828,True,,,,,0.0034740862902253866,0.08524817228317261,1.6871728803380392e-05,0.03472057729959488,0.022676266729831696,0.0011663716286420822,0.0,0.0,5.3444044169737026e-05,0.0001668221197520724
829,True,,,,,0.004735272377729416,0.08771895617246628,1.0740004654508084e-05,0.05071628466248512,0.037175968289375305,0.001166819129139185,0.0,0.0,5.8362085837870836e-05,0.00016606691911498413
830,True,,,,,0.0017658208962529898,0.05529056489467621,2.4345985366380773e-05,0.018022600561380386,0.010667357593774796,0.0011672918917611241,0.0,0.0,3.4633372706593946e-05,0.00016531567204871892
831,True,,,,,0.003419801127165556,0.06174374744296074,8.243790944106877e-06,0.032195474952459335,0.022573132067918777,0.0011677300790324807,0.0,0.0,4.623954009730369e-05,0.0001645683862892823
832,True,,,,,0.0022476129233837128,0.06450548022985458,7.549281690444332e-06,0.023518012836575508,0.014793070033192635,0.0011681705946102738,0.0,0.0,4.6194225433282554e-05,0.0001638250695318882
833,True,,,,,0.002408732660114765,0.0614924281835556,7.512383945140755e-06,0.025108277797698975,0.016523590311408043,0.001168584800325334,0.0,0.0,5.847842476214282e-05,0.00016308572943087946
834,True,,,,,0.001909575192257762,0.056153878569602966,1.652600803936366e-05,0.01953432895243168,0.01196462381631136,0.0011689873645082116,0.0,0.0,5.968000550637953e-05,0.00016235037359964917
835,True,,,,,0.0035993705969303846,0.06198054552078247,9.111934559768997e-06,0.0322980098426342,0.022470667958259583,0.0011693643173202872,0.0,0.0,5.942414281889796e-05,0.00016161900961056215
836,True,,,,,0.002736042020842433,0.07595314830541611,1.689715645625256e-05,0.029504835605621338,0.019127987325191498,0.0011697415029630065,0.0,0.0,5.2568826504284516e-05,0.0001608916449948771
837,True,,,,,0.006743345409631729,0.09013225138187408,1.0754652976174839e-05,0.05712441727519035,0.04133463650941849,0.0011701083276420832,0.0,0.0,9.63553466135636e-05,0.00016016828724266875
838,True,,,,,0.0076878806576132774,0.1024518609046936,2.436948852846399e-05,0.06681794673204422,0.04882443696260452,0.0011704653734341264,0.0,0.0,7.591478060930967e-05,0.00015944894380275117
839,True,,,,,0.004277821630239487,0.06919756531715393,8.25859206088353e-06,0.03984314575791359,0.028617341071367264,0.001170866540633142,0.0,0.0,5.9687656175810844e-05,0.00015873362208260078
840,True,,,,,0.0030629350803792477,0.050285596400499344,7.556750460935291e-06,0.029337475076317787,0.021219154819846153,0.001171272830106318,0.0,0.0,4.786642239196226e-05,0.0001580223294482801
841,True,,,,,0.0025558529887348413,0.0655440092086792,7.530572474934161e-06,0.025819499045610428,0.016682468354701996,0.001171676442027092,0.0,0.0,4.864625952905044e-05,0.00015731507322436187
842,True,,,,,0.00832732580602169,0.09827756881713867,1.6564006728003733e-05,0.07245528697967529,0.05425535887479782,0.0011720689944922924,0.0,0.0,0.00012192216672701761,0.00015661186069385386
843,True,,,,,0.0033513251692056656,0.06961515545845032,9.175684681395069e-06,0.03133561089634895,0.020992692559957504,0.00117254420183599,0.0,0.0,4.613169949152507e-05,0.00015591269909812351
844,True,,,,,0.005355358123779297,0.0868760198354721,1.6936741303652525e-05,0.05638675019145012,0.04229818657040596,0.0011730175465345383,0.0,0.0,7.895113958511502e-05,0.00015521759563682375
845,True,,,,,0.0019197880756109953,0.05227547511458397,1.0819698218256235e-05,0.02233889140188694,0.015158182010054588,0.0011735140578821301,0.0,0.0,4.146151331951842e-05,0.00015452655746781834
846,True,,,,,0.00487968185916543,0.10066676139831543,2.4428909455309622e-05,0.04498211666941643,0.02997516095638275,0.0011739837937057018,0.0,0.0,5.9565703850239515e-05,0.000153839591707109
847,True,,,,,0.0014514364302158356,0.030883386731147766,8.30362296255771e-06,0.012290715239942074,0.007722587324678898,0.0011744676157832146,0.0,0.0,3.50254777004011e-05,0.00015315670542876087
848,True,,,,,0.00437026284635067,0.07804304361343384,7.5832431321032345e-06,0.04031205549836159,0.028110571205615997,0.0011749229161068797,0.0,0.0,5.577515548793599e-05,0.00015247790566483123
849,True,,,,,0.004955475218594074,0.091562420129776,7.544738764408976e-06,0.04676387086510658,0.032625310122966766,0.0011753625003620982,0.0,0.0,5.970155689283274e-05,0.00015180319940529563
850,True,,,,,0.0029928861185908318,0.06810937821865082,1.6502781363669783e-05,0.028042541816830635,0.01819395273923874,0.0011758070904761553,0.0,0.0,5.914679422858171e-05,0.00015113259359797687
851,True,,,,,0.0021948637440800667,0.07312482595443726,9.171478268399369e-06,0.02364216186106205,0.014104709960520267,0.001176234451122582,0.0,0.0,6.120014586485922e-05,0.0001504660951484731
852,True,,,,,0.0029529412277042866,0.05821137875318527,1.691575198492501e-05,0.02581782639026642,0.01699814945459366,0.0011766365496441722,0.0,0.0,6.203881639521569e-05,0.0001498037109200866
853,True,,,,,0.006217519752681255,0.08672259747982025,1.080145921150688e-05,0.05544895678758621,0.04052580147981644,0.0011770379496738315,0.0,0.0,0.00010198270319961011,0.00014914544773375344
854,True,,,,,0.0052093807607889175,0.1111195981502533,2.4512086383765563e-05,0.05211002007126808,0.03572788089513779,0.0011774672893807292,0.0,0.0,6.453649257309735e-05,0.00014849131236797271
855,True,,,,,0.004445354454219341,0.08339127898216248,8.30280168884201e-06,0.04078733175992966,0.027974465861916542,0.0011779111810028553,0.0,0.0,6.698006473015994e-05,0.00014784131155873759
856,True,,,,,0.005737215280532837,0.09635311365127563,7.6159585660207085e-06,0.05004892125725746,0.034649379551410675,0.0011783507652580738,0.0,0.0,7.073193410178646e-05,0.00014719545199946493
857,True,,,,,0.002785606076940894,0.06945636123418808,7.54818302084459e-06,0.02747419849038124,0.017716070637106895,0.001178791164420545,0.0,0.0,4.4974658521823585e-05,0.00014655374034092724
858,True,,,,,0.0032204322051256895,0.06829830259084702,1.655771120567806e-05,0.03563881292939186,0.02554364688694477,0.0011792186414822936,0.0,0.0,5.444528869702481e-05,0.00014591618319118334
859,True,,,,,0.0055505624040961266,0.09538096189498901,9.197096005664207e-06,0.05234777182340622,0.03722891956567764,0.0011796383187174797,0.0,0.0,6.501641473732889e-05,0.00014528278711551127
860,True,,,,,0.0033320686779916286,0.06481993943452835,1.6932479411480017e-05,0.03130893409252167,0.021449202671647072,0.001180069288238883,0.0,0.0,5.713772043236531e-05,0.00014465355863634005
861,True,,,,,0.0019361355807632208,0.04751523584127426,1.0810351341206115e-05,0.018816683441400528,0.012095597572624683,0.0011804976966232061,0.0,0.0,3.969135650550015e-05,0.00014402850423318235
862,True,,,,,0.0023790306877344847,0.0633368045091629,2.4555705749662593e-05,0.023197900503873825,0.014424269087612629,0.0011808985145762563,0.0,0.0,5.7060962717514485e-05,0.0001434076303425685
863,True,,,,,0.002200457500293851,0.06756899505853653,8.352688382728957e-06,0.023506857454776764,0.014520982280373573,0.0011812759330496192,0.0,0.0,4.0581569919595495e-05,0.0001427909433579797
864,True,,,,,0.0026928959414362907,0.06427288055419922,7.609179647261044e-06,0.025726336985826492,0.016579117625951767,0.001181644736789167,0.0,0.0,4.802709736395627e-05,0.0001421784496297819
865,True,,,,,0.0028052013367414474,0.05739724636077881,7.540118531323969e-06,0.025976894423365593,0.0174050685018301,0.0011820013169199228,0.0,0.0,5.158122075954452e-05,0.0001415701554651611
866,True,,,,,0.00379139743745327,0.07203871756792068,1.658124710957054e-05,0.03700430318713188,0.025964047759771347,0.0011823500972241163,0.0,0.0,7.838656165404245e-05,0.00014096606712805826
867,True,,,,,0.001603502780199051,0.046396687626838684,9.218975719704758e-06,0.015158196911215782,0.008884760551154613,0.001182697364129126,0.0,0.0,3.93272603105288e-05,0.0001403661908391043
868,True,,,,,0.0016728192567825317,0.055379148572683334,1.6932146536419168e-05,0.01668642833828926,0.009429999627172947,0.0011830298462882638,0.0,0.0,4.6645123802591115e-05,0.00013977053277555623
869,True,,,,,0.002058515790849924,0.051756665110588074,1.0818380360433366e-05,0.019768668338656425,0.01250101625919342,0.00118334183935076,0.0,0.0,4.7159617679426447e-05,0.00013917909907123393
870,True,,,,,0.003080337308347225,0.07017260044813156,2.454738933010958e-05,0.031651441007852554,0.021492915228009224,0.001183639862574637,0.0,0.0,5.515216980711557e-05,0.00013859189581645696
871,True,,,,,0.006008941680192947,0.09320870786905289,8.355425052286591e-06,0.04555322974920273,0.03019486926496029,0.0011839269427582622,0.0,0.0,9.717737702885643e-05,0.00013800892905798095
872,True,,,,,0.003982095047831535,0.06969524919986725,7.6214141699892934e-06,0.035738926380872726,0.02476022019982338,0.0011842340463772416,0.0,0.0,6.452937668655068e-05,0.00013743020479893637
873,True,,,,,0.0018457002006471157,0.052480392158031464,7.523422027588822e-06,0.01821291074156761,0.011092279106378555,0.0011845380067825317,0.0,0.0,4.3699903471861035e-05,0.00013685572899876664
874,True,,,,,0.0029762424528598785,0.06191860884428024,1.6570411389693618e-05,0.026588188484311104,0.017375096678733826,0.0011848383583128452,0.0,0.0,5.7429329899605364e-05,0.00013628550757316583
875,True,,,,,0.0011654793052002788,0.03760931268334389,9.236109690391459e-06,0.01185210794210434,0.0068953740410506725,0.001185138477012515,0.0,0.0,3.961476613767445e-05,0.00013571954639401862
876,True,,,,,0.0037871047388762236,0.07303762435913086,1.692664773145225e-05,0.03717299550771713,0.026036422699689865,0.001185429748147726,0.0,0.0,6.074198608985171e-05,0.00013515785128933975
877,True,,,,,0.002197330817580223,0.05313436686992645,1.0823877346410882e-05,0.022453509271144867,0.014909236691892147,0.0011857162462547421,0.0,0.0,4.134698610869236e-05,0.0001346004280432138
878,True,,,,,0.0036399008240550756,0.07342640310525894,2.4516068151569925e-05,0.033659204840660095,0.022615769878029823,0.0011859984369948506,0.0,0.0,5.5487067584181204e-05,0.00013404728239573534
879,True,,,,,0.005744223948568106,0.12558655440807343,8.395013537665363e-06,0.056277092546224594,0.03794556111097336,0.00118629215285182,0.0,0.0,7.1426693466492e-05,0.00013349842004295058
880,True,,,,,0.00250265933573246,0.06754923611879349,7.629761057614814e-06,0.028417935594916344,0.019133226945996284,0.0011866040294989944,0.0,0.0,4.957774217473343e-05,0.00013295384663679794
881,True,,,,,0.002933611860498786,0.06937745213508606,7.531985374953365e-06,0.030880160629749298,0.020981870591640472,0.0011869093868881464,0.0,0.0,5.416927524493076e-05,0.00013241356778505035
882,True,,,,,0.005244521424174309,0.10075303912162781,1.6553451132494956e-05,0.048336438834667206,0.03297163546085358,0.0011872021714225411,0.0,0.0,6.968378875171766e-05,0.00013187758905125737
883,True,,,,,0.0025881873443722725,0.058733440935611725,9.25038693821989e-06,0.025790153071284294,0.017298247665166855,0.0011875152122229338,0.0,0.0,4.74129083158914e-05,0.00013134591595468774
884,True,,,,,0.004693388007581234,0.06933970004320145,1.6931986465351656e-05,0.04418002441525459,0.032506924122571945,0.0011878268560394645,0.0,0.0,6.199466588441283e-05,0.000130818553970273
885,True,,,,,0.002798359841108322,0.08154179155826569,1.0823745469679125e-05,0.030958788469433784,0.019972719252109528,0.0011881538666784763,0.0,0.0,6.11711511737667e-05,0.0001302955085285503
886,True,,,,,0.002352190902456641,0.05973260477185249,2.448689156153705e-05,0.02160690724849701,0.013220597058534622,0.0011884818086400628,0.0,0.0,4.4389460526872426e-05,0.00012977678501560725
887,True,,,,,0.0027859285473823547,0.05116436257958412,8.371400326723233e-06,0.024743620306253433,0.016812626272439957,0.0011887962464243174,0.0,0.0,4.525450640358031e-05,0.00012926238877302625
888,True,,,,,0.0031282762065529823,0.07283114641904831,7.65949152992107e-06,0.02948908507823944,0.019050484523177147,0.0011891064932569861,0.0,0.0,5.6571709137642756e-05,0.00012875232509782915
889,True,,,,,0.004075927659869194,0.07083117961883545,7.568643013655674e-06,0.0392022579908371,0.02801617980003357,0.0011894203489646316,0.0,0.0,5.718246029573493e-05,0.0001282465992424233
890,True,,,,,0.0023916224017739296,0.05876946821808815,1.6607420548098162e-05,0.02379734255373478,0.01548366155475378,0.0011897376971319318,0.0,0.0,4.2361814848845825e-05,0.00012774521641454676
891,True,,,,,0.003931861370801926,0.07644008100032806,9.207821676682215e-06,0.0381997711956501,0.026593584567308426,0.0011900519020855427,0.0,0.0,7.28434170014225e-05,0.0001272481817772153
892,True,,,,,0.004784947261214256,0.06443362683057785,1.695428363746032e-05,0.04181694984436035,0.030542828142642975,0.001190369832329452,0.0,0.0,7.671467028558254e-05,0.00012675550044866888
893,True,,,,,0.0049531664699316025,0.06510144472122192,1.0815383575391024e-05,0.042720332741737366,0.031223487108945847,0.0011906998697668314,0.0,0.0,5.8377048844704404e-05,0.00012626717750231905
894,True,,,,,0.003882046788930893,0.07471279799938202,2.4472099539707415e-05,0.036405935883522034,0.024991756305098534,0.0011910410830751061,0.0,0.0,7.130208541639149e-05,0.00012578321796669675
895,True,,,,,0.002755229128524661,0.053121231496334076,8.30816225061426e-06,0.02774408832192421,0.019648205488920212,0.0011913722846657038,0.0,0.0,4.459660340216942e-05,0.0001253036268254003
896,True,,,,,0.002028847113251686,0.06441068649291992,7.644011020602193e-06,0.018981439992785454,0.010484319180250168,0.001191700343042612,0.0,0.0,4.587728835758753e-05,0.00012482840901704441
897,True,,,,,0.006279914639890194,0.09215180575847626,7.5792140705743805e-06,0.04978038743138313,0.03425821289420128,0.0011920075630769134,0.0,0.0,5.620535011985339e-05,0.00012435756943520913
898,True,,,,,0.004241039510816336,0.0732196569442749,1.6685800801496953e-05,0.041306886821985245,0.029698586091399193,0.0011923370184376836,0.0,0.0,6.791501073166728e-05,0.00012389111292838948
899,True,,,,,0.003269251435995102,0.0628710463643074,9.204193702316843e-06,0.02997414395213127,0.020387452095746994,0.0011926612351089716,0.0,0.0,5.249863170320168e-05,0.00012342904429994553
900,True,,,,,0.0041880118660628796,0.07990925014019012,1.6968137060757726e-05,0.04027538374066353,0.028050582855939865,0.0011929940665140748,0.0,0.0,5.2459261496551335e-05,0.00012297136830805304
901,True,,,,,0.0046523381024599075,0.07408395409584045,1.0818463124451227e-05,0.04558194801211357,0.03348764404654503,0.001193320844322443,0.0,0.0,5.8830413763644174e-05,0.00012251808966565414
902,True,,,,,0.0038410229608416557,0.08128391951322556,2.4350865714950487e-05,0.03748267516493797,0.025452621281147003,0.0011936512310057878,0.0,0.0,5.522707215277478e-05,0.00012206921304040927
903,True,,,,,0.004204674623906612,0.07289105653762817,8.31234865472652e-06,0.03931467980146408,0.02779233455657959,0.0011939727701246738,0.0,0.0,5.78759063500911e-05,0.00012162474305464873
904,True,,,,,0.00542223546653986,0.08805685490369797,7.642769560334273e-06,0.050938960164785385,0.036683809012174606,0.0011942925630137324,0.0,0.0,6.827148172305897e-05,0.00012118468428532541
905,True,,,,,0.002106244908645749,0.06783771514892578,7.5966972872265615e-06,0.02343900501728058,0.014521846547722816,0.0011946450686082244,0.0,0.0,4.228873876854777e-05,0.00012074904126396705
906,True,,,,,0.004118182230740786,0.06769442558288574,1.6755102478782646e-05,0.03709346428513527,0.026160378009080887,0.0011949834879487753,0.0,0.0,5.305674494593404e-05,0.00012031781847663044
907,True,,,,,0.004635652061551809,0.10198648273944855,9.211431461153552e-06,0.04159422963857651,0.026729553937911987,0.0011953192297369242,0.0,0.0,5.9686142776627094e-05,0.00011989102036385467
908,True,,,,,0.004860268905758858,0.07015806436538696,1.699174208624754e-05,0.043962862342596054,0.03204084560275078,0.0011956434464082122,0.0,0.0,0.0001273659145226702,0.00011946865132061524
909,True,,,,,0.004743492230772972,0.08017095923423767,1.0840360118891113e-05,0.043878622353076935,0.031084397807717323,0.0011959669645875692,0.0,0.0,6.476465932792053e-05,0.00011905071569627946
910,True,,,,,0.007258634548634291,0.09589745104312897,2.4401144401053898e-05,0.061853762716054916,0.04494461789727211,0.0011962872231379151,0.0,0.0,8.519581751897931e-05,0.0001186372177945611
911,True,,,,,0.0019620151724666357,0.050199054181575775,8.31070155982161e-06,0.019072022289037704,0.01206151582300663,0.0011966287856921554,0.0,0.0,4.492050356930122e-05,0.00011822816187347623
912,True,,,,,0.004434932488948107,0.06947657465934753,7.647602615179494e-06,0.037156663835048676,0.02574680931866169,0.0011969528859481215,0.0,0.0,5.579180287895724e-05,0.00011782355214529934
913,True,,,,,0.004660949110984802,0.08863414824008942,7.624757472513011e-06,0.043916262686252594,0.03036467730998993,0.00119728350546211,0.0,0.0,5.170133590581827e-05,0.0001174233927765202
914,True,,,,,0.0015739582013338804,0.044817522168159485,1.676242391113192e-05,0.016082387417554855,0.009981174021959305,0.0011976154055446386,0.0,0.0,3.4538068575784564e-05,0.00011702768788780077
915,True,,,,,0.0028970628045499325,0.06294116377830505,9.204419257002883e-06,0.029387352988123894,0.020165786147117615,0.001197929959744215,0.0,0.0,4.5322009100345895e-05,0.00011663644155393246
916,True,,,,,0.005784289445728064,0.09160943329334259,1.697590596450027e-05,0.055812396109104156,0.04082123190164566,0.0011982275173068047,0.0,0.0,6.554544233949855e-05,0.00011624965780379473
917,True,,,,,0.004000556655228138,0.07941362261772156,1.0835129614861216e-05,0.03486208617687225,0.02288651280105114,0.0011985365999862552,0.0,0.0,5.866388892172836e-05,0.00011586734062031344
918,True,,,,,0.0051740603521466255,0.0945984423160553,2.4384336938965134e-05,0.050407614558935165,0.03571295365691185,0.0011988506885245442,0.0,0.0,6.18008998571895e-05,0.00011548949394041963
919,True,,,,,0.0028555418830364943,0.06705513596534729,8.343320587300695e-06,0.027087410911917686,0.017497677356004715,0.0011991693172603846,0.0,0.0,5.730532211600803e-05,0.00011511612165500893
920,True,,,,,0.004510457627475262,0.07764299213886261,7.6536080086953e-06,0.04282627999782562,0.030524222180247307,0.0011994825908914208,0.0,0.0,6.083130574552342e-05,0.00011474722760890197
921,True,,,,,0.0047892308793962,0.07498009502887726,7.626996648468776e-06,0.04854700341820717,0.03623250871896744,0.0011998021509498358,0.0,0.0,7.418148015858606e-05,0.00011438281560080435
922,True,,,,,0.0050091249868273735,0.08622647821903229,1.6743852029321715e-05,0.041296668350696564,0.027619406580924988,0.0012001321883872151,0.0,0.0,8.012641046661884e-05,0.00011402288938326747
923,True,,,,,0.0035403806250542402,0.05649562552571297,9.196479368256405e-06,0.032055582851171494,0.022835245355963707,0.0012004615273326635,0.0,0.0,6.071899406379089e-05,0.00011366745266265033
924,True,,,,,0.0056877173483371735,0.09646002948284149,1.6944246453931555e-05,0.05267638713121414,0.03729677200317383,0.0012007926125079393,0.0,0.0,7.248980546137318e-05,0.00011331650909908106
925,True,,,,,0.00686036329716444,0.08973952382802963,1.0825219760590699e-05,0.06671586632728577,0.05084788799285889,0.0012011458165943623,0.0,0.0,7.916662434581667e-05,0.00011297006230641912
926,True,,,,,0.005752746947109699,0.09955033659934998,2.436487193335779e-05,0.05129336193203926,0.03552483767271042,0.0012015155516564846,0.0,0.0,8.049782627495006e-05,0.00011262811585221842
927,True,,,,,0.0026654237881302834,0.06974286586046219,8.372622687602416e-06,0.025041356682777405,0.015372881665825844,0.001201888546347618,0.0,0.0,4.683987936004996e-05,0.00011229067325769018
928,True,,,,,0.0009897130075842142,0.027511827647686005,7.657017704332247e-06,0.009105156175792217,0.005336923990398645,0.0012022450100630522,0.0,0.0,2.95132467726944e-05,0.00011195773799766724
929,True,,,,,0.0038192016072571278,0.056944094598293304,7.630384061485529e-06,0.03304511308670044,0.023504218086600304,0.0012025749310851097,0.0,0.0,6.388214387698099e-05,0.00011162931350056752
930,True,,,,,0.0021675443276762962,0.05462457984685898,1.675963358138688e-05,0.021892553195357323,0.01421700231730938,0.001202899031341076,0.0,0.0,5.684163988917135e-05,0.00011130540314835937
931,True,,,,,0.0064445859752595425,0.09057517349720001,9.239593055099249e-06,0.06283500045537949,0.04730238392949104,0.001203214400447905,0.0,0.0,8.09862176538445e-05,0.00011098601027652656
932,True,,,,,0.006100110709667206,0.08276621252298355,1.6989830328384414e-05,0.05512874200940132,0.04070599377155304,0.0012035489780828357,0.0,0.0,8.35385435493663e-05,0.00011067113817403364
933,True,,,,,0.0033344316761940718,0.06627020984888077,1.0850510079762898e-05,0.03291524574160576,0.022920051589608192,0.0012039095163345337,0.0,0.0,5.169210271560587e-05,0.00011036079008329242
934,True,,,,,0.0038527045398950577,0.07779550552368164,2.4402052076766267e-05,0.03862633928656578,0.026933234184980392,0.0012042613234370947,0.0,0.0,5.734493970521726e-05,0.00011005496920012853
935,True,,,,,0.004799376707524061,0.09621758759021759,8.36088292999193e-06,0.04457719624042511,0.03012729063630104,0.0012046141782775521,0.0,0.0,6.904959445819259e-05,0.0001097536786737484
936,True,,,,,0.002040170831605792,0.05119401589035988,7.655180525034666e-06,0.020317690446972847,0.01313075888901949,0.0012049692450091243,0.0,0.0,5.092069841339253e-05,0.0001094569216067068
937,True,,,,,0.005990998353809118,0.08139275014400482,7.651238774997182e-06,0.0542699359357357,0.04011230915784836,0.001205303007736802,0.0,0.0,8.210134546970949e-05,0.00010916470105487504
938,True,,,,,0.004580344073474407,0.07993312180042267,1.6812489775475115e-05,0.04010280594229698,0.027483468875288963,0.0012056486448273063,0.0,0.0,6.086142821004614e-05,0.00010887702002740944
939,True,,,,,0.0037943690549582243,0.08913729339838028,9.246173249266576e-06,0.03570283576846123,0.02296418696641922,0.0012059889268130064,0.0,0.0,6.0418235079851e-05,0.00010859388148672027
940,True,,,,,0.005891613662242889,0.09263566881418228,1.7017071513691917e-05,0.05042393505573273,0.03522265702486038,0.0012063157046213746,0.0,0.0,6.801637937314808e-05,0.00010831528834844139
941,True,,,,,0.0031496647279709578,0.0624113455414772,1.0877719432755839e-05,0.026873765513300896,0.017449144273996353,0.0012066526105627418,0.0,0.0,5.023141420679167e-05,0.00010804124348140007
942,True,,,,,0.003224579617381096,0.05629870668053627,2.4404265786870383e-05,0.027240267023444176,0.01832493767142296,0.0012069781078025699,0.0,0.0,4.575690036290325e-05,0.00010777174970758758
943,True,,,,,0.005721838213503361,0.10418593138456345,8.370814612135291e-06,0.054806455969810486,0.03863720968365669,0.001207302208058536,0.0,0.0,6.22602310613729e-05,0.00010750680980213003
944,True,,,,,0.003344831522554159,0.06534548848867416,7.667359568586107e-06,0.03432571142911911,0.024418920278549194,0.0012076409766450524,0.0,0.0,5.1770301070064306e-05,0.00010724642649325977
945,True,,,,,0.006206566467881203,0.0994265079498291,7.671093044336885e-06,0.05889436975121498,0.04271772876381874,0.001207967521622777,0.0,0.0,9.264898835681379e-05,0.00010699060246228749
946,True,,,,,0.004844607785344124,0.07869862020015717,1.6845813661348075e-05,0.04809371381998062,0.03533346578478813,0.0012083071051165462,0.0,0.0,6.105620559537783e-05,0.00010673934034357453
947,True,,,,,0.005168059840798378,0.08271420747041702,9.263014362659305e-06,0.047935836017131805,0.03446574509143829,0.0012086484348401427,0.0,0.0,6.320796092040837e-05,0.00010649264272450538
948,True,,,,,0.003174667013809085,0.06327487528324127,1.6999438230413944e-05,0.02918495051562786,0.01963670551776886,0.0012090039672330022,0.0,0.0,5.233359115663916e-05,0.00010625051214546172
949,True,,,,,0.002422812394797802,0.08030746877193451,1.086991233023582e-05,0.026831937953829765,0.016344545409083366,0.0012093513505533338,0.0,0.0,4.974281546310522e-05,0.00010601295109979575
950,True,,,,,0.002872863784432411,0.06579513847827911,2.440053503960371e-05,0.031069422140717506,0.021556146442890167,0.0012096806894987822,0.0,0.0,5.088086982141249e-05,0.00010577996203380462
951,True,,,,,0.003972016274929047,0.0850488618016243,8.381478437513579e-06,0.041421420872211456,0.028915654867887497,0.0012099979212507606,0.0,0.0,5.6591925385873765e-05,0.00010555154734670536
952,True,,,,,0.0056782374158501625,0.08658953011035919,7.669299520784989e-06,0.04690367355942726,0.032539039850234985,0.0012103193439543247,0.0,0.0,6.11193390795961e-05,0.00010532770939060998
953,True,,,,,0.007700022310018539,0.12209053337574005,7.668749276490416e-06,0.06439688056707382,0.04446036368608475,0.0012106448411941528,0.0,0.0,8.682500629220158e-05,0.00010510845047050161
954,True,,,,,0.0015079493168741465,0.04431527853012085,1.6863265045685694e-05,0.014525447972118855,0.008540134876966476,0.0012109915260225534,0.0,0.0,3.856522380374372e-05,0.00010489377284421018
955,True,,,,,0.00568381417542696,0.08098292350769043,9.281899110646918e-06,0.052047859877347946,0.038235075771808624,0.0012113131815567613,0.0,0.0,7.368145452346653e-05,0.0001046836787223898
956,True,,,,,0.0036552983801811934,0.06583528220653534,1.7019881852320395e-05,0.03092885948717594,0.020643876865506172,0.0012116546276956797,0.0,0.0,7.141478272387758e-05,0.00010447817026849558
957,True,,,,,0.0014876483473926783,0.06411146372556686,1.0880001354962587e-05,0.016332125291228294,0.008399449288845062,0.0012119951425120234,0.0,0.0,8.328544936375692e-05,0.00010427724959876141
958,True,,,,,0.0029159612022340298,0.057706937193870544,2.4330356609425507e-05,0.027842920273542404,0.01909548044204712,0.0012123242486268282,0.0,0.0,6.295023194979876e-05,0.00010408091878217844
959,True,,,,,0.004214238375425339,0.07784461975097656,8.353555131179746e-06,0.03951080143451691,0.027483269572257996,0.0012126388028264046,0.0,0.0,6.32067458354868e-05,0.00010388917984047328
960,True,,,,,0.0025394121184945107,0.05453633517026901,7.671751518500969e-06,0.02337699383497238,0.015356473624706268,0.001212950563058257,0.0,0.0,4.8621172027196735e-05,0.0001037020347480878
961,True,,,,,0.004775627050548792,0.09488250315189362,7.660114533791784e-06,0.04385244846343994,0.0295611172914505,0.001213251263834536,0.0,0.0,5.45861512364354e-05,0.00010351948543215816
962,True,,,,,0.0029460499063134193,0.05847451835870743,1.684923336142674e-05,0.029838787391781807,0.020999452099204063,0.0012135586002841592,0.0,0.0,4.9825128371594474e-05,0.00010334153377249551
963,True,,,,,0.0031910580582916737,0.06005179136991501,9.275556294596754e-06,0.026467470452189445,0.01724054478108883,0.001213861396536231,0.0,0.0,4.3702293623937294e-05,0.00010316818160156626
964,True,,,,,0.006447598338127136,0.09259238094091415,1.7014659533742815e-05,0.054273571819067,0.03852056711912155,0.0012141610495746136,0.0,0.0,7.775272388244048e-05,0.0001029994307044734
965,True,,,,,0.003575645387172699,0.05968685820698738,1.08542044472415e-05,0.03436364233493805,0.02478545904159546,0.0012144646607339382,0.0,0.0,5.192132812226191e-05,0.00010283528281893806
966,True,,,,,0.002569932257756591,0.07386962324380875,2.4316668714163825e-05,0.02721503935754299,0.017197363078594208,0.0012147690868005157,0.0,0.0,5.286613304633647e-05,0.00010267573963528152
967,True,,,,,0.003481463994830847,0.07364366948604584,8.319524567923509e-06,0.0368889681994915,0.02601434662938118,0.001215070835314691,0.0,0.0,6.266641867114231e-05,0.00010252080279640813
968,True,,,,,0.005670006852596998,0.09363457560539246,7.663736141694244e-06,0.04988977685570717,0.034828830510377884,0.0012153800344094634,0.0,0.0,6.576249143108726e-05,0.00010237047389778791
969,True,,,,,0.0032635368406772614,0.05927170068025589,7.648208338650875e-06,0.030857643112540245,0.02163948304951191,0.0012156948214396834,0.0,0.0,5.833632167195901e-05,0.00010222475448744056
970,True,,,,,0.004402292892336845,0.08031632006168365,1.6824600606923923e-05,0.03926496207714081,0.02678523026406765,0.0012160076294094324,0.0,0.0,6.318093801382929e-05,0.00010208364606591927
971,True,,,,,0.0026148378383368254,0.057474177330732346,9.263723768526688e-06,0.023366227746009827,0.014973281882703304,0.001216314034536481,0.0,0.0,4.107138738618232e-05,0.00010194715008629533
972,True,,,,,0.0036461828276515007,0.06820850819349289,1.7020349332597107e-05,0.03611420840024948,0.025600966066122055,0.0012166100786998868,0.0,0.0,5.009342567063868e-05,0.00010181526795414313
973,True,,,,,0.003707543946802616,0.06546935439109802,1.0843999916687608e-05,0.03438200056552887,0.024093661457300186,0.0012169003020972013,0.0,0.0,6.390679482137784e-05,0.00010168800102752574
974,True,,,,,0.004914194345474243,0.09808094799518585,2.4280108846141957e-05,0.048192303627729416,0.03340928256511688,0.0012171774869784713,0.0,0.0,5.825014886795543e-05,0.00010156535061698107
975,True,,,,,0.0016604572301730514,0.06020710989832878,8.327309842570685e-06,0.018610019236803055,0.010900022462010384,0.0012174498988315463,0.0,0.0,4.012351200799458e-05,0.00010144731798550802
976,True,,,,,0.004361127968877554,0.07897782325744629,7.676611858187243e-06,0.03584890067577362,0.023562459275126457,0.0012177113676443696,0.0,0.0,5.369884456740692e-05,0.00010133390434855374
977,True,,,,,0.0023459361400455236,0.05928921326994896,7.652701242477633e-06,0.022330094128847122,0.014027751050889492,0.0012179776094853878,0.0,0.0,4.3977241148240864e-05,0.00010122511087400096
978,True,,,,,0.007058821618556976,0.0916387140750885,1.6808397049317136e-05,0.06500228494405746,0.048733796924352646,0.0012182346545159817,0.0,0.0,7.635595829924569e-05,0.0001011209386821563
979,True,,,,,0.0038796085864305496,0.07341039180755615,9.265724656870589e-06,0.03418019041419029,0.02292882464826107,0.001218533026985824,0.0,0.0,8.680114842718467e-05,0.00010102138884573817
980,True,,,,,0.004566601477563381,0.07426785677671432,1.7002854292513803e-05,0.043322090059518814,0.03128250688314438,0.0012188447872176766,0.0,0.0,6.290903547778726e-05,0.00010092646238986623
981,True,,,,,0.004115669056773186,0.0956745520234108,1.083369534171652e-05,0.043795377016067505,0.03007839247584343,0.0012191624846309423,0.0,0.0,5.232911280472763e-05,0.00010083616029205057
982,True,,,,,0.0036706167738884687,0.07277551293373108,2.4285367544507608e-05,0.0347442701458931,0.02373533323407173,0.0012194799492135644,0.0,0.0,5.717064414056949e-05,0.00010075048348218171
983,True,,,,,0.003187943249940872,0.06951572000980377,8.381892257602885e-06,0.032574571669101715,0.022406097501516342,0.001219787634909153,0.0,0.0,5.000650344300084e-05,0.00010066943284252111
984,True,,,,,0.0015490497462451458,0.042778145521879196,7.707940312684514e-06,0.015534761361777782,0.009680280461907387,0.0012200879864394665,0.0,0.0,4.972356327925809e-05,0.00010059300920769185
985,True,,,,,0.003424405585974455,0.06795495748519897,7.648804057680536e-06,0.032702285796403885,0.02245488204061985,0.0012203752994537354,0.0,0.0,4.8033951316028833e-05,0.00010052121336467041
986,True,,,,,0.003935397136956453,0.07484400272369385,1.6827541912789457e-05,0.0379091277718544,0.026443466544151306,0.0012206623796373606,0.0,0.0,5.841265738126822e-05,0.00010045404605277808
987,True,,,,,0.0022635587956756353,0.05588145554065704,9.274521289626136e-06,0.023694412782788277,0.015811949968338013,0.001220947364345193,0.0,0.0,4.2487718019401655e-05,0.00010039150796367375
988,True,,,,,0.0016883969074115157,0.06369693577289581,1.7017502614180557e-05,0.019776726141572,0.011672388762235641,0.0012212208239361644,0.0,0.0,4.3133957660757005e-05,0.00010033359974134668
989,True,,,,,0.0019214808708056808,0.04985614866018295,1.083017104974715e-05,0.020757999271154404,0.01381702721118927,0.0012214819435030222,0.0,0.0,4.310936128604226e-05,0.00010028032198210982
990,True,,,,,0.0030855624936521053,0.06760456413030624,2.4285827748826705e-05,0.029010364785790443,0.019103556871414185,0.0012217321200296283,0.0,0.0,4.791552055394277e-05,0.00010023167523459362
991,True,,,,,0.004852377809584141,0.10320161283016205,8.379999599128496e-06,0.04489090293645859,0.029689384624361992,0.0012219867203384638,0.0,0.0,6.492617103504017e-05,0.00010018765999974044
992,True,,,,,0.003709469921886921,0.06915353983640671,7.715354513493367e-06,0.03553192317485809,0.024879446253180504,0.0012222530785948038,0.0,0.0,6.035361366230063e-05,0.00010014827673079956
993,True,,,,,0.002336542122066021,0.0811770036816597,7.644894139957614e-06,0.027535175904631615,0.01705341972410679,0.0012225157115608454,0.0,0.0,5.3039955673739314e-05,0.00010011352583332212
994,True,,,,,0.0038734942208975554,0.06241786479949951,1.6819842130644247e-05,0.04082496091723442,0.030663814395666122,0.0012227670522406697,0.0,0.0,5.5678618082311004e-05,0.00010008340766515734
995,True,,,,,0.0059812841936945915,0.08183282613754272,9.26528900890844e-06,0.05541146174073219,0.041216135025024414,0.0012230329448357224,0.0,0.0,6.861449219286442e-05,0.00010005792253644866
996,True,,,,,0.00335414195433259,0.07987482845783234,1.701590917946305e-05,0.03587111085653305,0.024483220651745796,0.0012233133893460035,0.0,0.0,5.336913818609901e-05,0.00010003707070963044
997,True,,,,,0.0037541247438639402,0.07425908744335175,1.0814450433827005e-05,0.03619234263896942,0.02497844211757183,0.0012235877802595496,0.0,0.0,5.166246046428569e-05,0.00010002085239942553
998,True,,,,,0.0033602777402848005,0.06274159997701645,2.4261446014861576e-05,0.030124150216579437,0.02042894996702671,0.001223864033818245,0.0,0.0,4.530646401690319e-05,0.00010000926777284277
999,True,,,,,0.003210454247891903,0.07100178301334381,8.367478585569188e-06,0.033323246985673904,0.02298363856971264,0.001224137144163251,0.0,0.0,5.7056786317843944e-05,0.00010000231694917542
1000,True,,,,,0.007443162612617016,0.09385809302330017,7.709208148298785e-06,0.07006290555000305,0.053206272423267365,0.0012244172394275665,0.0,0.0,7.599612581543624e-05,0.0001
