step,applied,reason,block,discriminator_loss,discriminator_applied,reconstruction_mse,perceptual_loss,preservation_mse,loss,residual_loss,trust_loss,spectral_loss,adversarial_loss,grad_norm,learning_rate
1,True,,,,,5.4327269026543945e-05,0.0,3.5837991163134575e-05,0.0001260032586287707,0.0,0.0,0.0,0.0,2.4729456526983995e-06,0.0005
2,True,,,,,9.60013312578667e-06,0.0,2.6636348593456205e-06,1.492740284447791e-05,0.0,0.0,0.0,0.0,4.0481899077349226e-07,0.001
3,True,,,,,2.813382479871507e-06,0.0,9.304956165578915e-07,4.674373485613614e-06,0.0,0.0,0.0,0.0,2.851206204468326e-07,0.0015
4,True,,,,,3.972371814597864e-06,0.0,1.1679201179504162e-06,6.308212050498696e-06,0.0,0.0,0.0,0.0,2.679644808267767e-07,0.002
5,True,,,,,9.28687040868681e-06,0.0,3.70397356164176e-06,1.669481753197033e-05,0.0,0.0,0.0,0.0,3.7824182186341204e-07,0.0025
6,True,,,,,9.243105523637496e-06,0.0,7.236155852297088e-06,2.371541631873697e-05,0.0,0.0,0.0,0.0,9.060013326234184e-07,0.003
7,True,,,,,9.62120702752145e-06,0.0,3.7590186821034877e-06,1.7139243936981075e-05,0.0,0.0,0.0,0.0,4.0084128727357893e-07,0.0035000000000000005
8,True,,,,,9.94386755337473e-06,0.0,4.500697286857758e-06,1.8945262127090245e-05,0.0,0.0,0.0,0.0,5.625718699775462e-07,0.004
9,True,,,,,1.048522608471103e-05,0.0,4.754517249239143e-06,1.9994260583189316e-05,0.0,0.0,0.0,0.0,5.7588147228671e-07,0.0045
10,True,,,,,2.697996706046979e-06,0.0,6.260218015086139e-07,3.950040081690531e-06,0.0,0.0,0.0,0.0,1.9921584737403464e-07,0.005
11,True,,,,,3.2503648981219158e-06,0.0,1.6404808320658049e-06,6.5313265622535255e-06,0.0,0.0,0.0,0.0,2.744891105521674e-07,0.0055
12,True,,,,,5.59583986614598e-06,0.0,1.8881941059589735e-06,9.372228305437602e-06,0.0,0.0,0.0,0.0,2.8947542318746855e-07,0.006
13,True,,,,,6.313079211395234e-05,0.0,3.972160629928112e-05,0.00014257400471251458,0.0,0.0,0.0,0.0,2.5019269287440693e-06,0.006500000000000001
14,True,,,,,7.579223165521398e-06,0.0,3.895284862664994e-06,1.5369792890851386e-05,0.0,0.0,0.0,0.0,4.952763674737071e-07,0.007000000000000001
15,True,,,,,9.434136700292584e-06,0.0,3.876116352330428e-06,1.7186368495458737e-05,0.0,0.0,0.0,0.0,3.974309947807342e-07,0.0075
16,True,,,,,4.491765139391646e-06,0.0,1.4832133956588223e-06,7.458192158082966e-06,0.0,0.0,0.0,0.0,2.3172476915078732e-07,0.008
17,True,,,,,2.153919922420755e-06,0.0,5.16728277943912e-07,3.187376478308579e-06,0.0,0.0,0.0,0.0,2.2092584117672232e-07,0.0085
18,True,,,,,7.032601843093289e-06,0.0,3.7443260225700215e-06,1.4521254342980683e-05,0.0,0.0,0.0,0.0,4.807149025509716e-07,0.009
19,True,,,,,9.027079613588285e-06,0.0,3.754400950128911e-06,1.6535881513846107e-05,0.0,0.0,0.0,0.0,5.306921480041638e-07,0.0095
20,True,,,,,1.4891003047523554e-05,0.0,6.408258741430473e-06,2.7707519620889798e-05,0.0,0.0,0.0,0.0,4.987808779333136e-07,0.01
21,True,,,,,4.97929249831941e-05,0.0,3.27508823829703e-05,0.00011529469338711351,0.0,0.0,0.0,0.0,2.2875797185406554e-06,0.01
22,True,,,,,7.985285265021957e-06,0.0,4.237561370246112e-06,1.6460408005514182e-05,0.0,0.0,0.0,0.0,4.495853431762953e-07,0.009999976830508246
23,True,,,,,6.743611720594345e-06,0.0,1.8628370526130311e-06,1.0469286280567758e-05,0.0,0.0,0.0,0.0,3.1072215733729536e-07,0.009999907322271573
24,True,,,,,5.765339210483944e-06,0.0,1.773099370439013e-06,9.311537723988295e-06,0.0,0.0,0.0,0.0,2.573945039330283e-07,0.009999791476005744
25,True,,,,,1.3311335351318121e-05,0.0,4.156467639404582e-06,2.1624269720632583e-05,0.0,0.0,0.0,0.0,3.959216030580137e-07,0.009999629292903696
26,True,,,,,7.849622306821402e-06,0.0,4.429733053257223e-06,1.6709087503841147e-05,0.0,0.0,0.0,0.0,5.21563094935118e-07,0.009999420774635514
27,True,,,,,2.419052179902792e-06,0.0,7.593130249006208e-07,3.937678229704034e-06,0.0,0.0,0.0,0.0,2.2942238331324916e-07,0.009999165923348426
28,True,,,,,8.398484169447329e-06,0.0,3.4419445000821725e-06,1.5282374079106376e-05,0.0,0.0,0.0,0.0,4.314397585858387e-07,0.009998864741666778
29,True,,,,,4.792324034497142e-05,0.0,3.080169699387625e-05,0.00010952663433272392,0.0,0.0,0.0,0.0,2.1579328404186526e-06,0.009998517232692006
30,True,,,,,2.991356723214267e-06,0.0,7.766074077153462e-07,4.544571311271284e-06,0.0,0.0,0.0,0.0,2.3087935119292524e-07,0.009998123400002596
31,True,,,,,1.283831716136774e-05,0.0,6.55019675832591e-06,2.593871067801956e-05,0.0,0.0,0.0,0.0,5.783247729596042e-07,0.009997683247654064
32,True,,,,,4.970847840013448e-06,0.0,1.761927251209272e-06,8.494702342431992e-06,0.0,0.0,0.0,0.0,1.529675301981115e-07,0.009997196780178902
33,True,,,,,4.809517849935219e-05,0.0,2.988547748827841e-05,0.0001078661298379302,0.0,0.0,0.0,0.0,2.0533223050733795e-06,0.009996664002586532
34,True,,,,,5.310355390975019e-06,0.0,2.007711600526818e-06,9.325778592028655e-06,0.0,0.0,0.0,0.0,2.617044003727642e-07,0.009996084920363264
35,True,,,,,1.5695950423832983e-05,0.0,6.3671004681964405e-06,2.8430151360225864e-05,0.0,0.0,0.0,0.0,5.2417715323827e-07,0.009995459539472219
36,True,,,,,2.327798938495107e-06,0.0,5.629314046018408e-07,3.4536617476987885e-06,0.0,0.0,0.0,0.0,1.9691569264068676e-07,0.009994787866353296
37,True,,,,,7.435083716700319e-06,0.0,3.2037564778875094e-06,1.3842596672475338e-05,0.0,0.0,0.0,0.0,3.8444778738266905e-07,0.009994069907923082
38,True,,,,,6.040203516022302e-06,0.0,2.8501715405582217e-06,1.1740547051886097e-05,0.0,0.0,0.0,0.0,3.5161804134986596e-07,0.00999330567157479
39,True,,,,,7.058844857965596e-06,0.0,3.872217803291278e-06,1.4803280464548152e-05,0.0,0.0,0.0,0.0,4.782380642609496e-07,0.009992495165178182
40,True,,,,,6.339250830933452e-06,0.0,1.9419721866142936e-06,1.0223195204162039e-05,0.0,0.0,0.0,0.0,2.34307407254164e-07,0.009991638397079495
41,True,,,,,3.74101136912941e-06,0.0,1.2271365221749875e-06,6.1952841861057095e-06,0.0,0.0,0.0,0.0,2.175519426828032e-07,0.009990735376101338
42,True,,,,,3.521265853123623e-06,0.0,8.352062081939948e-07,5.191678155824775e-06,0.0,0.0,0.0,0.0,2.731270001277153e-07,0.00998978611154262
43,True,,,,,3.288854259153595e-06,0.0,9.511062444289564e-07,5.191066520637833e-06,0.0,0.0,0.0,0.0,2.9547985036515456e-07,0.009988790613178436
44,True,,,,,4.045148671139032e-06,0.0,1.3294013569975505e-06,6.703951385134133e-06,0.0,0.0,0.0,0.0,2.343182501363117e-07,0.00998774889125999
45,True,,,,,1.3634481547342148e-05,0.0,6.019491593178827e-06,2.56734638242051e-05,0.0,0.0,0.0,0.0,4.624233440608805e-07,0.009986660956514463
46,True,,,,,6.487287464551628e-06,0.0,2.659948677319335e-06,1.1807184819190297e-05,0.0,0.0,0.0,0.0,3.50637492374517e-07,0.00998552682014492
47,True,,,,,5.479946776176803e-05,0.0,3.277939322288148e-05,0.00012035825056955218,0.0,0.0,0.0,0.0,2.019707380895852e-06,0.009984346493830188
48,True,,,,,5.410523499449482e-06,0.0,1.9394610717426986e-06,9.28944609768223e-06,0.0,0.0,0.0,0.0,2.0239873776972672e-07,0.009983119989724744
49,True,,,,,2.7693504307535477e-06,0.0,7.341847663155932e-07,4.237720077071572e-06,0.0,0.0,0.0,0.0,2.4142758547895937e-07,0.00998184732045857
50,True,,,,,6.045865120540839e-06,0.0,2.410372871963773e-06,1.0866610864468385e-05,0.0,0.0,0.0,0.0,3.063950089199352e-07,0.009980528499137047
51,True,,,,,5.042905831942335e-05,0.0,2.9032371458015405e-05,0.00010849379759747535,0.0,0.0,0.0,0.0,1.9182848518539686e-06,0.009979163539340807
52,True,,,,,6.4850673879846e-06,0.0,3.2059424484032206e-06,1.2896952284791041e-05,0.0,0.0,0.0,0.0,3.0434250675170915e-07,0.009977752455125595
53,True,,,,,4.1793832679104526e-06,0.0,1.4726578001500457e-06,7.1246986408368684e-06,0.0,0.0,0.0,0.0,2.0920489873788028e-07,0.00997629526102212
54,True,,,,,1.3662716810358688e-05,0.0,6.81613073538756e-06,2.7294978281133808e-05,0.0,0.0,0.0,0.0,5.390776323110913e-07,0.009974791972035919
55,True,,,,,5.243427949608304e-06,0.0,1.9926428649341688e-06,9.228713679476641e-06,0.0,0.0,0.0,0.0,2.137120702627726e-07,0.009973242603647185
56,True,,,,,5.0997978178202175e-06,0.0,1.22478320463415e-06,7.549364454462193e-06,0.0,0.0,0.0,0.0,2.75563735385731e-07,0.00997164717181062
57,True,,,,,5.98774931859225e-06,0.0,1.7264350162804476e-06,9.440619578526821e-06,0.0,0.0,0.0,0.0,1.6191282270483498e-07,0.009970005692955267
58,True,,,,,4.098209501535166e-06,0.0,1.2641072544283816e-06,6.626423783018254e-06,0.0,0.0,0.0,0.0,2.855002492196945e-07,0.009968318183984337
59,True,,,,,5.276397132547572e-06,0.0,9.82848632702371e-07,7.2420943979523145e-06,0.0,0.0,0.0,0.0,2.6561198751551274e-07,0.009966584662275046
60,True,,,,,6.836025477241492e-06,0.0,2.622839474497596e-06,1.2081703971489333e-05,0.0,0.0,0.0,0.0,2.0546653445308038e-07,0.00996480514567842
61,True,,,,,8.877583240973763e-06,0.0,3.3457249628554564e-06,1.5569032257189974e-05,0.0,0.0,0.0,0.0,3.816279274815315e-07,0.009962979652519122
62,True,,,,,7.994912266440224e-06,0.0,4.378116500447504e-06,1.6751146176829934e-05,0.0,0.0,0.0,0.0,3.9023413478389557e-07,0.009961108201595268
63,True,,,,,1.1223271940252744e-05,0.0,5.6194594435510226e-06,2.246219082735479e-05,0.0,0.0,0.0,0.0,4.4443979163588665e-07,0.009959190812178217
64,True,,,,,4.16518741985783e-05,0.0,2.534977647883352e-05,9.235143079422414e-05,0.0,0.0,0.0,0.0,1.8615239696373465e-06,0.009957227504012386
65,True,,,,,1.0152982213185169e-05,0.0,3.97250823880313e-06,1.8097998690791428e-05,0.0,0.0,0.0,0.0,2.875210896036151e-07,0.009955218297315044
66,True,,,,,9.761968613020144e-06,0.0,3.984560407843674e-06,1.7731090338202193e-05,0.0,0.0,0.0,0.0,3.411608986425563e-07,0.009953163212776102
67,True,,,,,5.8377618188387714e-06,0.0,3.15929582939134e-06,1.2156353477621451e-05,0.0,0.0,0.0,0.0,3.610231829043187e-07,0.0099510622715579
68,True,,,,,6.85214763507247e-06,0.0,1.556252072987263e-06,9.964651326299645e-06,0.0,0.0,0.0,0.0,2.937416354598099e-07,0.009948915495294985
69,True,,,,,4.203134449198842e-05,0.0,2.5074366931221448e-05,9.218008199241012e-05,0.0,0.0,0.0,0.0,1.834928298194427e-06,0.0099467229060939
70,True,,,,,4.56170846518944e-06,0.0,1.411766788805835e-06,7.38524204280111e-06,0.0,0.0,0.0,0.0,2.1340763112220884e-07,0.009944484526532946
71,True,,,,,4.573621936287964e-06,0.0,2.6150526082346914e-06,9.803727152757347e-06,0.0,0.0,0.0,0.0,2.9021688874308893e-07,0.009942200379661955
72,True,,,,,7.120613645383855e-06,0.0,2.6249206257489277e-06,1.237045489688171e-05,0.0,0.0,0.0,0.0,3.028527828519145e-07,0.009939870489002044
73,True,,,,,2.1375653886934742e-06,0.0,5.855982294633577e-07,3.308761733933352e-06,0.0,0.0,0.0,0.0,1.9601036171934538e-07,0.009937494878545384
74,True,,,,,7.443828508257866e-06,0.0,2.8983995434828103e-06,1.3240627595223486e-05,0.0,0.0,0.0,0.0,2.959475580155413e-07,0.009935073572754947
75,True,,,,,4.2677602323237807e-05,0.0,2.531475547584705e-05,9.330711327493191e-05,0.0,0.0,0.0,0.0,1.7771187685866607e-06,0.009932606596564255
76,True,,,,,6.180711352499202e-06,0.0,2.0305510588514153e-06,1.0241813470202032e-05,0.0,0.0,0.0,0.0,1.7505159632946743e-07,0.009930093975377126
77,True,,,,,7.94327752373647e-06,0.0,3.3120963962574024e-06,1.4567470316251274e-05,0.0,0.0,0.0,0.0,3.113541140464804e-07,0.009927535735067402
78,True,,,,,3.4516287996666506e-06,0.0,8.278425411845092e-07,5.107313882035669e-06,0.0,0.0,0.0,0.0,1.914154523774414e-07,0.009924931901978701
79,True,,,,,5.591326953435782e-06,0.0,3.094573457929073e-06,1.1780473869293928e-05,0.0,0.0,0.0,0.0,3.5187630942346004e-07,0.009922282502924125
80,True,,,,,1.4339164408738725e-05,0.0,5.3747344281873666e-06,2.5088633265113458e-05,0.0,0.0,0.0,0.0,4.630775265468401e-07,0.009919587565186
81,True,,,,,8.778650226304308e-06,0.0,3.5983848647447303e-06,1.5975419955793768e-05,0.0,0.0,0.0,0.0,3.4131997495023825e-07,0.009916847116515587
82,True,,,,,3.943167939723935e-06,0.0,8.889601303962991e-07,5.721088200516533e-06,0.0,0.0,0.0,0.0,1.634701334296551e-07,0.009914061185132798
83,True,,,,,3.3615738175285514e-06,0.0,1.0037483662017621e-06,5.369070549932076e-06,0.0,0.0,0.0,0.0,1.9629739256288303e-07,0.009911229799725906
84,True,,,,,1.7770540580386296e-05,0.0,7.048111001495272e-06,3.186676258337684e-05,0.0,0.0,0.0,0.0,5.074093110124522e-07,0.00990835298945125
85,True,,,,,6.526574907184113e-06,0.0,2.6918467028735904e-06,1.1910267858183943e-05,0.0,0.0,0.0,0.0,2.8113149141972826e-07,0.009905430783932932
86,True,,,,,4.737497874884866e-06,0.0,2.8730137273669243e-06,1.0483525329618715e-05,0.0,0.0,0.0,0.0,2.5798925662456895e-07,0.009902463213262517
87,True,,,,,3.1268100428860635e-06,0.0,7.470050604752032e-07,4.62082016383647e-06,0.0,0.0,0.0,0.0,2.1781617931537767e-07,0.009899450307998716
88,True,,,,,4.0124814404407516e-05,0.0,2.339505954296328e-05,8.691493712831289e-05,0.0,0.0,0.0,0.0,1.7039991462297621e-06,0.009896392099167076
89,True,,,,,5.682799383066595e-06,0.0,1.7591464711586013e-06,9.201092325383797e-06,0.0,0.0,0.0,0.0,2.558456060341996e-07,0.009893288618259664
90,True,,,,,9.288680303143337e-06,0.0,3.325520538055571e-06,1.5939720469759777e-05,0.0,0.0,0.0,0.0,3.527677847614541e-07,0.009890139897234735
91,True,,,,,5.149498974788003e-06,0.0,2.9707107387366705e-06,1.1090920452261344e-05,0.0,0.0,0.0,0.0,3.8340053265528695e-07,0.009886945968516407
92,True,,,,,4.239592090016231e-05,0.0,2.3406562831951305e-05,8.920904656406492e-05,0.0,0.0,0.0,0.0,1.6746702158343396e-06,0.009883706864994325
93,True,,,,,1.1855836419272237e-05,0.0,4.705454557552002e-06,2.126674553437624e-05,0.0,0.0,0.0,0.0,4.4711762825500045e-07,0.009880422620023328
94,True,,,,,3.2328184715879615e-06,0.0,9.115573220697115e-07,5.055932888353709e-06,0.0,0.0,0.0,0.0,2.2773988916924282e-07,0.0098770932674231
95,True,,,,,2.2189801711647306e-06,0.0,8.073843673628289e-07,3.833748905890388e-06,0.0,0.0,0.0,0.0,2.1175081599267287e-07,0.009873718841477816
96,True,,,,,7.6774613262387e-06,0.0,3.6757664929609746e-06,1.5028994312160648e-05,0.0,0.0,0.0,0.0,3.6601602459995775e-07,0.00987029937693581
97,True,,,,,3.803455547313206e-05,0.0,2.2020656615495682e-05,8.207587234210223e-05,0.0,0.0,0.0,0.0,1.6027998981371638e-06,0.00986683490900919
98,True,,,,,4.886056103714509e-06,0.0,1.5142256870603887e-06,7.914507477835286e-06,0.0,0.0,0.0,0.0,2.4515927066204313e-07,0.009863325473373498
99,True,,,,,6.800596565881278e-06,0.0,1.3190888239478227e-06,9.438774213776924e-06,0.0,0.0,0.0,0.0,2.680743307337252e-07,0.009859771106167326
100,True,,,,,1.210588015965186e-05,0.0,5.884320671611931e-06,2.3874521502875723e-05,0.0,0.0,0.0,0.0,4.920799483443261e-07,0.009856171843991957
101,True,,,,,5.441993380372878e-06,0.0,1.7736181234795367e-06,8.9892291725846e-06,0.0,0.0,0.0,0.0,1.907072402218546e-07,0.00985252772391098
102,True,,,,,7.0387845880759414e-06,0.0,2.8005986223433865e-06,1.2639981832762714e-05,0.0,0.0,0.0,0.0,3.111672697286849e-07,0.009848838783449911
103,True,,,,,8.250242899521254e-06,0.0,4.513545718509704e-06,1.7277334336540662e-05,0.0,0.0,0.0,0.0,4.497375414302951e-07,0.009845105060595804
104,True,,,,,3.9385517993650865e-06,0.0,8.988318995761801e-07,5.736215825891122e-06,0.0,0.0,0.0,0.0,1.9692936348292278e-07,0.009841326593796867
105,True,,,,,3.4442878131812904e-06,0.0,9.048264359989844e-07,5.253940798866097e-06,0.0,0.0,0.0,0.0,1.2681715588769293e-07,0.009837503421962053
106,True,,,,,2.9945731512270868e-06,0.0,7.522018563577149e-07,4.498976977629354e-06,0.0,0.0,0.0,0.0,1.8881196695019753e-07,0.009833635584460676
107,True,,,,,8.575782885600347e-06,0.0,3.110486431978643e-06,1.4796755749557633e-05,0.0,0.0,0.0,0.0,2.568632453403552e-07,0.009829723121121993
108,True,,,,,1.4842305063211825e-05,0.0,4.67122163172462e-06,2.4184748326661065e-05,0.0,0.0,0.0,0.0,3.934672463401512e-07,0.009825766072234798
109,True,,,,,4.524877112999093e-06,0.0,1.8451491996529512e-06,8.215175512304995e-06,0.0,0.0,0.0,0.0,2.8967855314476765e-07,0.009821764478547008
110,True,,,,,7.133813596738037e-06,0.0,3.692552809297922e-06,1.451891876058653e-05,0.0,0.0,0.0,0.0,2.6412462261760083e-07,0.00981771838126524
111,True,,,,,3.9541344449389726e-05,0.0,2.3392618459183723e-05,8.632658136775717e-05,0.0,0.0,0.0,0.0,1.6430763025709894e-06,0.00981362782205439
112,True,,,,,4.0180811993195675e-06,0.0,1.2235990425324417e-06,6.465279511758126e-06,0.0,0.0,0.0,0.0,2.478090550539491e-07,0.009809492843037206
113,True,,,,,6.71145517117111e-06,0.0,3.370716058270773e-06,1.3452887287712656e-05,0.0,0.0,0.0,0.0,2.783515924420499e-07,0.009805313486793848
114,True,,,,,8.844934200169519e-06,0.0,3.4401080029056175e-06,1.5725150660728104e-05,0.0,0.0,0.0,0.0,2.7564774995880725e-07,0.009801089796361455
115,True,,,,,6.72245369059965e-06,0.0,2.5608173928048927e-06,1.1844088476209436e-05,0.0,0.0,0.0,0.0,2.8971584242754034e-07,0.009796821815233695
116,True,,,,,1.993311343539972e-06,0.0,5.883732114853046e-07,3.170057880197419e-06,0.0,0.0,0.0,0.0,1.8308068661099242e-07,0.00979250958736033
117,True,,,,,6.234968168428168e-06,0.0,1.838194521042169e-06,9.911356755765155e-06,0.0,0.0,0.0,0.0,2.1027166496878635e-07,0.009788153157146748
118,True,,,,,9.33071623876458e-06,0.0,3.5296757232572418e-06,1.6390067685279064e-05,0.0,0.0,0.0,0.0,3.7775592431898986e-07,0.009783752569453512
119,True,,,,,8.736808922549244e-06,0.0,3.191990799678024e-06,1.5120790521905292e-05,0.0,0.0,0.0,0.0,3.53029605548727e-07,0.009779307869595908
120,True,,,,,3.5669818316819146e-05,0.0,2.035299621638842e-05,7.637581438757479e-05,0.0,0.0,0.0,0.0,1.5537403896814794e-06,0.00977481910334346
121,True,,,,,9.387933459947817e-06,0.0,4.182899829174858e-06,1.7753733118297532e-05,0.0,0.0,0.0,0.0,3.36363967790021e-07,0.00977028631691947
122,True,,,,,5.411508027464151e-06,0.0,1.2650007192860357e-06,7.941509466036223e-06,0.0,0.0,0.0,0.0,1.9893114711067028e-07,0.009765709557000546
123,True,,,,,4.2193580156890675e-05,0.0,2.250101533718407e-05,8.719561446923763e-05,0.0,0.0,0.0,0.0,1.3834041965310462e-06,0.009761088870716104
124,True,,,,,7.585127605125308e-06,0.0,3.5102707443002146e-06,1.4605669093725737e-05,0.0,0.0,0.0,0.0,3.1821485890759504e-07,0.00975642430564791
125,True,,,,,1.4944110944270506e-06,0.0,4.445406034392363e-07,2.383492301305523e-06,0.0,0.0,0.0,0.0,1.5686222809563333e-07,0.009751715909829557
126,True,,,,,7.325670594582334e-06,0.0,3.143167987218476e-06,1.3612007023766637e-05,0.0,0.0,0.0,0.0,2.589428902410873e-07,0.009746963731745996
127,True,,,,,7.6203846219868865e-06,0.0,2.6714194518717704e-06,1.2963223525730427e-05,0.0,0.0,0.0,0.0,2.97046824471181e-07,0.009742167820333034
128,True,,,,,2.760401912382804e-06,0.0,7.328170568143832e-07,4.226036253385246e-06,0.0,0.0,0.0,0.0,2.278061543847798e-07,0.00973732822497681
129,True,,,,,6.857005246274639e-06,0.0,2.4752578156039817e-06,1.1807520422735251e-05,0.0,0.0,0.0,0.0,3.021852990059415e-07,0.00973244499551331
130,True,,,,,7.061880751280114e-06,0.0,2.348604311919189e-06,1.1759089829865843e-05,0.0,0.0,0.0,0.0,2.255989102195599e-07,0.009727518182227847
131,True,,,,,4.385227839520667e-06,0.0,2.800587026285939e-06,9.986401892092545e-06,0.0,0.0,0.0,0.0,3.8484816400341515e-07,0.009722547835854533
132,True,,,,,7.981381713761948e-06,0.0,2.9833563530701213e-06,1.394809441990219e-05,0.0,0.0,0.0,0.0,3.085999367158365e-07,0.009717534007575768
133,True,,,,,5.678873549186392e-06,0.0,1.0240447636533645e-06,7.726963303866796e-06,0.0,0.0,0.0,0.0,1.8683746816350322e-07,0.009712476749021709
134,True,,,,,3.433835809119046e-05,0.0,1.9076094758929685e-05,7.249054760904983e-05,0.0,0.0,0.0,0.0,1.4345841918839142e-06,0.009707376112269737
135,True,,,,,1.3521787877834868e-05,0.0,5.87416798225604e-06,2.527012475184165e-05,0.0,0.0,0.0,0.0,4.907081461169582e-07,0.009702232149843929
136,True,,,,,2.846304141712608e-06,0.0,9.325555083705694e-07,4.711415385827422e-06,0.0,0.0,0.0,0.0,1.6108101874579006e-07,0.009697044914714497
137,True,,,,,5.012665042158915e-06,0.0,8.784606393419381e-07,6.769586434529629e-06,0.0,0.0,0.0,0.0,2.0621232010853419e-07,0.00969181446029727
138,True,,,,,4.357591024017893e-06,0.0,1.019671572066727e-06,6.396934168151347e-06,0.0,0.0,0.0,0.0,2.0267468414658651e-07,0.009686540840453122
139,True,,,,,4.621851985575631e-06,0.0,1.5743371477583423e-06,7.770526281092316e-06,0.0,0.0,0.0,0.0,1.7434975063679303e-07,0.009681224109487426
140,True,,,,,4.047693437314592e-05,0.0,2.113245500368066e-05,8.274184074252844e-05,0.0,0.0,0.0,0.0,1.3992726053402293e-06,0.009675864322149497
141,True,,,,,8.04273622634355e-06,0.0,4.35012543675839e-06,1.6742986190365627e-05,0.0,0.0,0.0,0.0,4.918219360661169e-07,0.00967046153363202
142,True,,,,,3.983297119702911e-06,0.0,9.632060482545057e-07,5.9097092162119225e-06,0.0,0.0,0.0,0.0,1.3616462979371136e-07,0.009665015799570496
143,True,,,,,1.2200906894577201e-05,0.0,5.794783191959141e-06,2.3790473278495483e-05,0.0,0.0,0.0,0.0,4.5960584316162567e-07,0.009659527176042647
144,True,,,,,3.244200343033299e-06,0.0,1.2235152553330408e-06,5.6912308536993805e-06,0.0,0.0,0.0,0.0,1.2875980814897048e-07,0.009653995719567862
145,True,,,,,1.0863997886190191e-05,0.0,3.745135245480924e-06,1.835426883189939e-05,0.0,0.0,0.0,0.0,3.8938438251534535e-07,0.009648421487106604
146,True,,,,,7.975208063726313e-06,0.0,4.016842467535753e-06,1.600889299879782e-05,0.0,0.0,0.0,0.0,3.12471200913933e-07,0.009642804536059814
147,True,,,,,7.162211659306195e-06,0.0,2.705530960156466e-06,1.2573273124871776e-05,0.0,0.0,0.0,0.0,2.5856715524241736e-07,0.009637144924268341
148,True,,,,,3.682165333884768e-05,0.0,1.964529656106606e-05,7.611225009895861e-05,0.0,0.0,0.0,0.0,1.3910815823692246e-06,0.009631442710012334
149,True,,,,,4.7985458877519704e-06,0.0,2.7552221126825316e-06,1.0308989658369683e-05,0.0,0.0,0.0,0.0,3.196681745976093e-07,0.009625697952010636
150,True,,,,,4.31708394899033e-06,0.0,1.1020561032637488e-06,6.521196155517828e-06,0.0,0.0,0.0,0.0,2.229512716667159e-07,0.009619910709420192
151,True,,,,,5.861311365151778e-06,0.0,1.4405811725737294e-06,8.742474165046588e-06,0.0,0.0,0.0,0.0,2.0169915160295204e-07,0.009614081041835433
152,True,,,,,3.2466475659020944e-06,0.0,7.875631808929029e-07,4.8217739276879e-06,0.0,0.0,0.0,0.0,1.6838420435760781e-07,0.009608209009287662
153,True,,,,,9.197059625876136e-06,0.0,3.235679059798713e-06,1.5668418200220913e-05,0.0,0.0,0.0,0.0,3.431185859881225e-07,0.009602294672244438
154,True,,,,,5.290611625241581e-06,0.0,2.5853360057226382e-06,1.0461283636686858e-05,0.0,0.0,0.0,0.0,2.226599775667637e-07,0.009596338091608958
155,True,,,,,3.4017717553069815e-05,0.0,1.8062302842736244e-05,7.014232687652111e-05,0.0,0.0,0.0,0.0,1.2591044651344419e-06,0.009590339328719418
156,True,,,,,9.524967026663944e-06,0.0,3.6198596262693172e-06,1.676468673394993e-05,0.0,0.0,0.0,0.0,2.959660889700899e-07,0.00958429844534839
157,True,,,,,7.296211606444558e-06,0.0,2.728497520365636e-06,1.275320664717583e-05,0.0,0.0,0.0,0.0,3.0140228091113386e-07,0.009578215503702182
158,True,,,,,2.441845936118625e-06,0.0,7.048006409604568e-07,3.851447218039539e-06,0.0,0.0,0.0,0.0,2.1668128624696692e-07,0.009572090566420204
159,True,,,,,1.0224264769931324e-05,0.0,3.864558493660297e-06,1.795338175725192e-05,0.0,0.0,0.0,0.0,4.152714154770365e-07,0.009565923696574314
160,True,,,,,2.41361090047576e-06,0.0,8.813453291622864e-07,4.176301445113495e-06,0.0,0.0,0.0,0.0,2.3646889246720093e-07,0.009559714957668178
161,True,,,,,3.47853492712602e-05,0.0,1.9168295693816617e-05,7.312194065889344e-05,0.0,0.0,0.0,0.0,1.3504055687008076e-06,0.009553464413636602
162,True,,,,,5.51771154277958e-06,0.0,2.2798201371188043e-06,1.007735227176454e-05,0.0,0.0,0.0,0.0,2.60735191659478e-07,0.009547172128844887
163,True,,,,,3.7558420444838703e-06,0.0,9.447534239370725e-07,5.645349119731691e-06,0.0,0.0,0.0,0.0,2.3786570579886757e-07,0.009540838168088168
164,True,,,,,3.399031584194745e-06,0.0,1.0721287253545597e-06,5.54328926227754e-06,0.0,0.0,0.0,0.0,1.9698329367656697e-07,0.009534462596590729
165,True,,,,,3.5248376661911607e-06,0.0,1.0836027968252893e-06,5.692043487215415e-06,0.0,0.0,0.0,0.0,1.9677091245284828e-07,0.009528045480005352
166,True,,,,,7.892109351814725e-06,0.0,1.7245901062779012e-06,1.1341289791744202e-05,0.0,0.0,0.0,0.0,2.0675150835813838e-07,0.009521586884412623
167,True,,,,,9.888832209981047e-06,0.0,3.679961992020253e-06,1.7248756194021553e-05,0.0,0.0,0.0,0.0,3.8914404854040185e-07,0.009515086876320272
168,True,,,,,1.0757705240393989e-05,0.0,4.9575169214222115e-06,2.067273817374371e-05,0.0,0.0,0.0,0.0,3.050828070172429e-07,0.009508545522662467
169,True,,,,,5.337687525752699e-06,0.0,2.9104994609951973e-06,1.1158686902490444e-05,0.0,0.0,0.0,0.0,3.286807555014093e-07,0.009501962890799135
170,True,,,,,2.658216999407159e-06,0.0,7.264527539518895e-07,4.111122507310938e-06,0.0,0.0,0.0,0.0,2.739094497883343e-07,0.009495339048515268
171,True,,,,,4.912817985314177e-06,0.0,1.8206981167168124e-06,8.554214218747802e-06,0.0,0.0,0.0,0.0,2.9547487656600424e-07,0.009488674064020233
172,True,,,,,5.785317171103088e-06,0.0,1.2358223102637567e-06,8.256962246377952e-06,0.0,0.0,0.0,0.0,2.0664573696649313e-07,0.009481968005947044
173,True,,,,,4.4922995584784076e-05,0.0,2.2047925085644238e-05,8.901884575607255e-05,0.0,0.0,0.0,0.0,1.1682568583637476e-06,0.009475220943351688
174,True,,,,,4.342410647950601e-06,0.0,1.3808516996505205e-06,7.104114047251642e-06,0.0,0.0,0.0,0.0,2.0056447169736202e-07,0.009468432945712391
175,True,,,,,4.8989832066581585e-06,0.0,1.1276727036602097e-06,7.154328613978578e-06,0.0,0.0,0.0,0.0,1.8913485178018163e-07,0.00946160408292891
176,True,,,,,5.9606209106277674e-06,0.0,3.1475019568460993e-06,1.2255624824319966e-05,0.0,0.0,0.0,0.0,3.584017633784242e-07,0.009454734425321815
177,True,,,,,1.108188007492572e-05,0.0,5.339797553460812e-06,2.1761476091342047e-05,0.0,0.0,0.0,0.0,4.617225215497456e-07,0.009447824043631764
178,True,,,,,4.403788807394449e-06,0.0,7.127466119527526e-07,5.8292821449867915e-06,0.0,0.0,0.0,0.0,1.9353255709120276e-07,0.009440873009018764
179,True,,,,,4.697638360084966e-06,0.0,1.5296425317501416e-06,7.7569238783326e-06,0.0,0.0,0.0,0.0,1.686891124563772e-07,0.009433881393061462
180,True,,,,,3.3541760785738006e-05,0.0,1.692817750154063e-05,6.739811215084046e-05,0.0,0.0,0.0,0.0,1.1748524002541672e-06,0.00942684926775638
181,True,,,,,7.242956598929595e-06,0.0,3.7554054870270193e-06,1.4753767572983634e-05,0.0,0.0,0.0,0.0,3.645173194399831e-07,0.0094197767055172
182,True,,,,,4.3385425669839606e-06,0.0,1.3168631767257466e-06,6.972269147809129e-06,0.0,0.0,0.0,0.0,1.8591279626889445e-07,0.009412663779173993
183,True,,,,,5.290355147735681e-06,0.0,1.3492237940226914e-06,7.988803190528415e-06,0.0,0.0,0.0,0.0,1.5609386139203707e-07,0.009405510561972488
184,True,,,,,7.75209173298208e-06,0.0,3.1143376872933004e-06,1.3980767107568681e-05,0.0,0.0,0.0,0.0,2.7064953656008583e-07,0.009398317127573313
185,True,,,,,3.224248575861566e-05,0.0,1.648659053898882e-05,6.52156668365933e-05,0.0,0.0,0.0,0.0,1.2053120599375688e-06,0.00939108355005123
186,True,,,,,7.856459887989331e-06,0.0,2.60390197581728e-06,1.306426383962389e-05,0.0,0.0,0.0,0.0,3.12564708337959e-07,0.00938380990389438
187,True,,,,,3.3982782952080015e-06,0.0,1.201309828502417e-06,5.800898179586511e-06,0.0,0.0,0.0,0.0,1.8574844773411314e-07,0.009376496264003508
188,True,,,,,5.877855983271729e-06,0.0,1.60105116719933e-06,9.079958545044065e-06,0.0,0.0,0.0,0.0,1.856478206718748e-07,0.009369142705691206
189,True,,,,,1.3279737686389126e-05,0.0,7.2259408625541255e-06,2.7731619411497377e-05,0.0,0.0,0.0,0.0,7.228550202853512e-07,0.009361749304681118
190,True,,,,,3.147123152302811e-06,0.0,8.25850918317883e-07,4.798825102625415e-06,0.0,0.0,0.0,0.0,2.0956568391738983e-07,0.009354316137107178
191,True,,,,,5.119587058288744e-06,0.0,9.18236196412181e-07,6.95605922373943e-06,0.0,0.0,0.0,0.0,3.19645238278099e-07,0.009346843279512811
192,True,,,,,7.22627646609908e-06,0.0,3.048215603485005e-06,1.332270767306909e-05,0.0,0.0,0.0,0.0,2.3521967307260638e-07,0.009339330808850159
193,True,,,,,7.001693120400887e-06,0.0,2.250362513223081e-06,1.1502417692099698e-05,0.0,0.0,0.0,0.0,2.8670197593783087e-07,0.009331778802479276
194,True,,,,,3.3480355341453105e-05,0.0,1.6709287592675537e-05,6.689893052680418e-05,0.0,0.0,0.0,0.0,1.145328496932052e-06,0.009324187338167342
195,True,,,,,5.716965461033396e-06,0.0,3.012385377587634e-06,1.1741736670956016e-05,0.0,0.0,0.0,0.0,3.051106887141941e-07,0.009316556494087854
196,True,,,,,5.682468326995149e-06,0.0,1.7810847339205793e-06,9.244638022209983e-06,0.0,0.0,0.0,0.0,2.4208509330492234e-07,0.009308886348819823
197,True,,,,,2.4720172859815648e-06,0.0,6.484407890638977e-07,3.7688987504225224e-06,0.0,0.0,0.0,0.0,2.2893172513249738e-07,0.009301176981346969
198,True,,,,,7.317673407669645e-06,0.0,2.955252057290636e-06,1.3228177522250917e-05,0.0,0.0,0.0,0.0,3.058738400341099e-07,0.009293428471056905
199,True,,,,,8.327371688210405e-06,0.0,3.154993009957252e-06,1.463735770812491e-05,0.0,0.0,0.0,0.0,3.7407497188723937e-07,0.009285640897740316
200,True,,,,,7.49825358070666e-06,0.0,2.8573399504239205e-06,1.32129334815545e-05,0.0,0.0,0.0,0.0,2.905438520883763e-07,0.009277814341590142
201,True,,,,,8.670899660501163e-06,0.0,2.898335878853686e-06,1.4467571418208536e-05,0.0,0.0,0.0,0.0,2.2222928919291007e-07,0.009269948883200752
202,True,,,,,5.565321316680638e-06,0.0,3.084545596721e-06,1.1734412510122638e-05,0.0,0.0,0.0,0.0,3.926205067728006e-07,0.009262044603567113
203,True,,,,,1.826730454013159e-06,0.0,5.41269116638432e-07,2.909268687290023e-06,0.0,0.0,0.0,0.0,1.3660367415013752e-07,0.009254101584083954
204,True,,,,,3.22845735354349e-05,0.0,1.614470238564536e-05,6.457397830672562e-05,0.0,0.0,0.0,0.0,1.1141079312437796e-06,0.009246119906544928
205,True,,,,,7.149290468078107e-06,0.0,3.662230938061839e-06,1.4473752344201785e-05,0.0,0.0,0.0,0.0,3.183255046224076e-07,0.009238099653141776
206,True,,,,,1.1322153113724198e-05,0.0,4.01351189793786e-06,1.9349176000105217e-05,0.0,0.0,0.0,0.0,3.9766018744558096e-07,0.009230040906463476
207,True,,,,,4.125028226553695e-06,0.0,1.2387305332595133e-06,6.602489520446397e-06,0.0,0.0,0.0,0.0,2.0215928486777557e-07,0.009221943749495386
208,True,,,,,5.939349193795351e-06,0.0,1.3102105640427908e-06,8.559770321880933e-06,0.0,0.0,0.0,0.0,2.418393876268965e-07,0.0092138082656184
209,True,,,,,3.0125132980174385e-05,0.0,1.5067853382788599e-05,6.0260841564740986e-05,0.0,0.0,0.0,0.0,1.1229017218283843e-06,0.009205634538608086
210,True,,,,,6.3964316723286174e-06,0.0,3.2955699680314865e-06,1.298757160839159e-05,0.0,0.0,0.0,0.0,2.6934782226817333e-07,0.009197422652633822
211,True,,,,,7.21908963896567e-06,0.0,3.6190328955854056e-06,1.445715497538913e-05,0.0,0.0,0.0,0.0,3.4348047961429984e-07,0.009189172692257932
212,True,,,,,5.022437107982114e-06,0.0,8.420818176091416e-07,6.706600743200397e-06,0.0,0.0,0.0,0.0,1.727377423321741e-07,0.00918088474243481
213,True,,,,,8.284576324513182e-06,0.0,3.205308530596085e-06,1.4695193385705352e-05,0.0,0.0,0.0,0.0,3.4236694546052604e-07,0.00917255888851005
214,True,,,,,1.1671712854877114e-05,0.0,4.038470706291264e-06,1.9748655176954344e-05,0.0,0.0,0.0,0.0,4.7280352077905263e-07,0.009164195216219563
215,True,,,,,3.5362181733944453e-06,0.0,1.2714708645944484e-06,6.079159902583342e-06,0.0,0.0,0.0,0.0,1.2448970210243715e-07,0.009155793811688698
216,True,,,,,4.2805099838005845e-06,0.0,1.2539386489152093e-06,6.788387509004679e-06,0.0,0.0,0.0,0.0,2.1409267958460987e-07,0.009147354761431357
217,True,,,,,8.48370291350875e-06,0.0,3.7218283068796154e-06,1.592735861777328e-05,0.0,0.0,0.0,0.0,3.163478368151118e-07,0.009138878152349095
218,True,,,,,3.035810004803352e-05,0.0,1.5150918443396222e-05,6.065993511583656e-05,0.0,0.0,0.0,0.0,1.0283295068802545e-06,0.009130364071730235
219,True,,,,,4.846799583901884e-06,0.0,2.586961045381031e-06,1.0020721674663946e-05,0.0,0.0,0.0,0.0,2.2863686410801165e-07,0.009121812607248966
220,True,,,,,5.575185696216067e-06,0.0,1.9332806004968006e-06,9.441746442462318e-06,0.0,0.0,0.0,0.0,1.9136335538405547e-07,0.009113223846964435
221,True,,,,,8.906233233574312e-06,0.0,3.502716708680964e-06,1.591166619618889e-05,0.0,0.0,0.0,0.0,3.302403968064027e-07,0.009104597879319845
222,True,,,,,5.4940169320616405e-06,0.0,1.8516387854106142e-06,9.197294275509194e-06,0.0,0.0,0.0,0.0,2.6305681899430056e-07,0.00909593479314155
223,True,,,,,3.650290636869613e-06,0.0,4.891515459348739e-07,4.628593615052523e-06,0.0,0.0,0.0,0.0,1.4252015034799115e-07,0.009087234677638126
224,True,,,,,8.582075679441914e-06,0.0,2.8804915928049013e-06,1.4343058865051717e-05,0.0,0.0,0.0,0.0,2.1476522249486152e-07,0.009078497622399465
225,True,,,,,6.06888352194801e-06,0.0,1.2378549172353814e-06,8.544593583792448e-06,0.0,0.0,0.0,0.0,2.182013503215785e-07,0.009069723717395846
226,True,,,,,8.965182132669725e-06,0.0,3.4557767776277615e-06,1.58767361426726e-05,0.0,0.0,0.0,0.0,3.816049911620212e-07,0.009060913052977012
227,True,,,,,1.7638766394156846e-06,0.0,4.2493374508012494e-07,2.6137440727325156e-06,0.0,0.0,0.0,0.0,1.127651430010701e-07,0.009052065719871237
228,True,,,,,6.800764822401106e-06,0.0,3.2945379189186497e-06,1.3389841114985757e-05,0.0,0.0,0.0,0.0,3.172069966694835e-07,0.009043181809184392
229,True,,,,,2.747858843576978e-06,0.0,7.187121582319378e-07,4.1852831600408535e-06,0.0,0.0,0.0,0.0,1.696085973890149e-07,0.009034261412399009
230,True,,,,,3.400089917704463e-05,0.0,1.6319056157954037e-05,6.66390114929527e-05,0.0,0.0,0.0,0.0,1.1224614127058885e-06,0.009025304621373338
231,True,,,,,6.382703759300057e-06,0.0,2.1055052457086276e-06,1.0593714250717312e-05,0.0,0.0,0.0,0.0,1.9561744579732476e-07,0.009016311528340395
232,True,,,,,8.819764843792655e-06,0.0,4.254023224348202e-06,1.732781129248906e-05,0.0,0.0,0.0,0.0,3.146697906686313e-07,0.009007282225907026
233,True,,,,,4.777056801685831e-06,0.0,1.3308199413586408e-06,7.438696684403112e-06,0.0,0.0,0.0,0.0,2.1275690187394503e-07,0.00899821680705294
234,True,,,,,4.608304152498022e-06,0.0,7.3405169587204e-07,6.076407771615777e-06,0.0,0.0,0.0,0.0,2.0070538653271797e-07,0.008989115365129759
235,True,,,,,9.409215635969304e-06,0.0,3.4508011594880372e-06,1.6310817954945378e-05,0.0,0.0,0.0,0.0,2.8505559157565585e-07,0.008979977993860052
236,True,,,,,6.055164249119116e-06,0.0,4.305429229134461e-06,1.4666022252640687e-05,0.0,0.0,0.0,0.0,6.520407964671904e-07,0.008970804787336376
237,True,,,,,2.913703383455868e-06,0.0,5.71030739138223e-07,4.055764748045476e-06,0.0,0.0,0.0,0.0,1.3481728444730834e-07,0.008961595840020299
238,True,,,,,7.238684702315368e-06,0.0,2.3936693196446868e-06,1.202602288685739e-05,0.0,0.0,0.0,0.0,2.9910060561633145e-07,0.008952351246741435
239,True,,,,,8.632842764200177e-06,0.0,3.5316243156557903e-06,1.569609230500646e-05,0.0,0.0,0.0,0.0,2.7756738063544617e-07,0.008943071102696463
240,True,,,,,3.158844992867671e-05,0.0,1.5280038496712223e-05,6.214852328412235e-05,0.0,0.0,0.0,0.0,1.0487052577445866e-06,0.008933755503448148
241,True,,,,,1.0387220754637383e-05,0.0,3.8376097108994145e-06,1.8062441085930914e-05,0.0,0.0,0.0,0.0,3.71813712263247e-07,0.008924404544924354
242,True,,,,,4.302736670069862e-06,0.0,6.570755317625299e-07,5.61688784728176e-06,0.0,0.0,0.0,0.0,1.5784527818141214e-07,0.008915018323417066
243,True,,,,,5.979747584206052e-06,0.0,2.9785364858980756e-06,1.1936820556002203e-05,0.0,0.0,0.0,0.0,2.788215169857722e-07,0.008905596935581383
244,True,,,,,2.888525887101423e-05,0.0,1.4196952179190703e-05,5.727916141040623e-05,0.0,0.0,0.0,0.0,1.0406018873254652e-06,0.00889614047843454
245,True,,,,,4.6331979319802485e-06,0.0,1.8415250906400615e-06,8.316248568007722e-06,0.0,0.0,0.0,0.0,2.3995289666345343e-07,0.00888664904935489
246,True,,,,,8.208429790101945e-06,0.0,3.462861513980897e-06,1.513415281806374e-05,0.0,0.0,0.0,0.0,2.6570117483970535e-07,0.00887712274608092
247,True,,,,,3.081348040723242e-06,0.0,1.051157369147404e-06,5.18366277901805e-06,0.0,0.0,0.0,0.0,2.3661382897444128e-07,0.008867561666710228
248,True,,,,,9.472492820350453e-06,0.0,3.3385654205631e-06,1.6149624570971355e-05,0.0,0.0,0.0,0.0,2.345588825392042e-07,0.00885796590969853
249,True,,,,,1.8189807633461896e-06,0.0,4.1523685467836913e-07,2.649454472702928e-06,0.0,0.0,0.0,0.0,1.4278174376158859e-07,0.00884833557385863
250,True,,,,,6.2223239183367696e-06,0.0,1.768318043104955e-06,9.75896000454668e-06,0.0,0.0,0.0,0.0,2.2241864883199014e-07,0.008838670758359412
251,True,,,,,4.681006430473644e-06,0.0,2.6469401745998766e-06,9.974886779673398e-06,0.0,0.0,0.0,0.0,2.302763562056498e-07,0.008828971562724811
252,True,,,,,5.883789981453447e-06,0.0,2.12018312595319e-06,1.0124156688107178e-05,0.0,0.0,0.0,0.0,2.5050943008864124e-07,0.0088192380868328
253,True,,,,,2.8633556212298572e-05,0.0,1.4045856005395763e-05,5.67252682230901e-05,0.0,0.0,0.0,0.0,9.968733820642228e-07,0.008809470430914354
254,True,,,,,8.473780326312408e-06,0.0,3.0550754672731273e-06,1.4583931260858662e-05,0.0,0.0,0.0,0.0,2.661173823526042e-07,0.008799668695552414
255,True,,,,,7.975307198648807e-06,0.0,3.5037473935517482e-06,1.4982801985752303e-05,0.0,0.0,0.0,0.0,2.9044994676041824e-07,0.008789832981680859
256,True,,,,,1.091161357180681e-05,0.0,3.543445927789435e-06,1.799850542738568e-05,0.0,0.0,0.0,0.0,3.365723557635647e-07,0.008779963390583465
257,True,,,,,6.43179873804911e-06,0.0,2.9910113426012686e-06,1.2413821423251648e-05,0.0,0.0,0.0,0.0,2.529573350784631e-07,0.008770060023892854
258,True,,,,,8.545239325030707e-06,0.0,3.111583282588981e-06,1.4768405890208669e-05,0.0,0.0,0.0,0.0,2.453638501265232e-07,0.008760122983589465
259,True,,,,,3.0861108371027512e-06,0.0,7.012035894149449e-07,4.4885182433063164e-06,0.0,0.0,0.0,0.0,1.623758549840204e-07,0.008750152372000478
260,True,,,,,4.5610941015183926e-06,0.0,8.231252195400884e-07,6.2073445405985694e-06,0.0,0.0,0.0,0.0,1.7222531312199862e-07,0.008740148291798791
261,True,,,,,3.00610172416782e-05,0.0,1.4252366781875025e-05,5.856575080542825e-05,0.0,0.0,0.0,0.0,9.479807658863137e-07,0.008730110846001934
262,True,,,,,1.1600815923884511e-05,0.0,4.1135394894809e-06,1.982789399335161e-05,0.0,0.0,0.0,0.0,3.5493491168381297e-07,0.008720040137971029
263,True,,,,,5.415594387159217e-06,0.0,2.2186518435773905e-06,9.852898074313998e-06,0.0,0.0,0.0,0.0,2.4764372597019246e-07,0.008709936271409712
264,True,,,,,4.4832991079601925e-06,0.0,2.5397964691364905e-06,9.562892046233173e-06,0.0,0.0,0.0,0.0,2.9612047569571587e-07,0.008699799350363073
265,True,,,,,3.1167414817900863e-06,0.0,7.673952495679259e-07,4.651531980925938e-06,0.0,0.0,0.0,0.0,2.0193081695651927e-07,0.008689629479216586
266,True,,,,,3.4023446460196283e-06,0.0,9.952948403224582e-07,5.392934326664545e-06,0.0,0.0,0.0,0.0,1.313021158466654e-07,0.008679426762695024
267,True,,,,,1.121034256357234e-05,0.0,4.00202588934917e-06,1.921439434227068e-05,0.0,0.0,0.0,0.0,2.544748269883712e-07,0.00866919130586139
268,True,,,,,7.4509798650979064e-06,0.0,1.9854367110383464e-06,1.1421852832427248e-05,0.0,0.0,0.0,0.0,2.770646858607506e-07,0.008658923214115832
269,True,,,,,4.586052000377094e-06,0.0,2.6211432668787893e-06,9.828338079387322e-06,0.0,0.0,0.0,0.0,3.265688519604737e-07,0.008648622593194558
270,True,,,,,9.166948075289838e-06,0.0,3.303014182165498e-06,1.5772977349115536e-05,0.0,0.0,0.0,0.0,3.5494977623784507e-07,0.008638289549168746
271,True,,,,,3.134463622700423e-05,0.0,1.5788198652444407e-05,6.292103353189304e-05,0.0,0.0,0.0,0.0,1.0860479733310058e-06,0.008627924188443454
272,True,,,,,3.559360038707382e-06,0.0,1.0253922937408788e-06,5.610144398815464e-06,0.0,0.0,0.0,0.0,1.7710571853513102e-07,0.00861752661775652
273,True,,,,,7.861651283747051e-06,0.0,1.9874275949405273e-06,1.1836506018880755e-05,0.0,0.0,0.0,0.0,2.607385454211908e-07,0.008607096944177472
274,True,,,,,7.5226867011224385e-06,0.0,3.2772629765531747e-06,1.4077212654228788e-05,0.0,0.0,0.0,0.0,2.2742273131370894e-07,0.00859663527510641
275,True,,,,,2.6704365154728293e-06,0.0,6.773284439987037e-07,4.025093403470237e-06,0.0,0.0,0.0,0.0,8.778447124768718e-08,0.008586141718272917
276,True,,,,,4.760169304063311e-06,0.0,1.409920514561236e-06,7.580010333185783e-06,0.0,0.0,0.0,0.0,1.541704506280439e-07,0.008575616381734935
277,True,,,,,3.070552702411078e-05,0.0,1.5393698049592786e-05,6.149292312329635e-05,0.0,0.0,0.0,0.0,1.062188175637857e-06,0.00856505937387767
278,True,,,,,9.858364137471654e-06,0.0,3.6635833566833753e-06,1.7185531760333106e-05,0.0,0.0,0.0,0.0,3.6492295407697384e-07,0.008554470803412451
279,True,,,,,6.809957085351925e-06,0.0,2.5385309072589735e-06,1.1887019354617223e-05,0.0,0.0,0.0,0.0,2.30374894272245e-07,0.008543850779375637
280,True,,,,,3.4222036902065156e-06,0.0,1.3799951830151258e-06,6.182193828863092e-06,0.0,0.0,0.0,0.0,1.9181082677732775e-07,0.008533199411127474
281,True,,,,,7.031149834801909e-06,0.0,2.2535978132509626e-06,1.1538345461303834e-05,0.0,0.0,0.0,0.0,2.2701205182329431e-07,0.008522516808350982
282,True,,,,,3.5700631997315213e-06,0.0,1.0624773949530208e-06,5.695017989637563e-06,0.0,0.0,0.0,0.0,1.751027838281516e-07,0.008511803081050814
283,True,,,,,8.575167157687247e-06,0.0,3.057772119063884e-06,1.4690711395815015e-05,0.0,0.0,0.0,0.0,3.0582165777559567e-07,0.008501058339552134
284,True,,,,,1.1889054803759791e-05,0.0,3.4520489862188697e-06,1.879315277619753e-05,0.0,0.0,0.0,0.0,2.7377879519008275e-07,0.008490282694499475
285,True,,,,,2.8361984732327983e-05,0.0,1.351940409222152e-05,5.5400792916771024e-05,0.0,0.0,0.0,0.0,9.460666774430138e-07,0.008479476256855602
286,True,,,,,3.605281335694599e-06,0.0,2.198350557591766e-06,8.001982678251807e-06,0.0,0.0,0.0,0.0,2.353374810581954e-07,0.008468639137900367
287,True,,,,,5.682156825059792e-06,0.0,3.0491623874695506e-06,1.1780481145251542e-05,0.0,0.0,0.0,0.0,2.8646041982938186e-07,0.008457771449229566
288,True,,,,,4.666690983867738e-06,0.0,1.5674929727538256e-06,7.801676474628039e-06,0.0,0.0,0.0,0.0,2.047755458534084e-07,0.008446873302753784
289,True,,,,,6.540679805766558e-06,0.0,2.8620497687370516e-06,1.2264779797988012e-05,0.0,0.0,0.0,0.0,2.3402860449550644e-07,0.00843594481069725
290,True,,,,,9.179388143820688e-06,0.0,3.2862421903701033e-06,1.5751873434055597e-05,0.0,0.0,0.0,0.0,3.311990042220714e-07,0.008424986085596681
291,True,,,,,3.6683911730506225e-06,0.0,6.843114306320786e-07,5.0370140343147796e-06,0.0,0.0,0.0,0.0,1.4968624384437135e-07,0.008413997240300118
292,True,,,,,7.10399535819306e-06,0.0,2.505730662960559e-06,1.211545713886153e-05,0.0,0.0,0.0,0.0,2.2238575070332445e-07,0.008402978387965762
293,True,,,,,2.709381988097448e-06,0.0,8.930857120503788e-07,4.49555318482453e-06,0.0,0.0,0.0,0.0,1.5732879887764284e-07,0.008391929642060819
294,True,,,,,2.85634450847283e-05,0.0,1.3339436918613501e-05,5.52423189219553e-05,0.0,0.0,0.0,0.0,9.341489999314945e-07,0.00838085111636032
295,True,,,,,9.836287063080817e-06,0.0,4.7092953536775894e-06,1.9254877770435996e-05,0.0,0.0,0.0,0.0,3.500674381484714e-07,0.008369742924945963
296,True,,,,,5.437088475446217e-06,0.0,1.5919283669063589e-06,8.620945664006285e-06,0.0,0.0,0.0,0.0,1.5817946064089483e-07,0.008358605182204923
297,True,,,,,4.394007191876881e-06,0.0,1.1480983630463015e-06,6.690203917969484e-06,0.0,0.0,0.0,0.0,2.3115207170576468e-07,0.008347438002828684
298,True,,,,,6.0965894590481184e-06,0.0,4.244825504429173e-06,1.4586240467906464e-05,0.0,0.0,0.0,0.0,6.57739917642175e-07,0.008336241501811857
299,True,,,,,8.25184179120697e-06,0.0,3.01849809147825e-06,1.4288838428910822e-05,0.0,0.0,0.0,0.0,2.9928281719548977e-07,0.00832501579445099
300,True,,,,,9.135167601925787e-06,0.0,3.180683052050881e-06,1.549653461552225e-05,0.0,0.0,0.0,0.0,3.769577290313464e-07,0.008313760996343386
301,True,,,,,3.1355852115666494e-05,0.0,1.4700233805342577e-05,6.075631972635165e-05,0.0,0.0,0.0,0.0,9.681899655333837e-07,0.008302477223385913
302,True,,,,,1.7542209889143123e-06,0.0,4.352384053163405e-07,2.6246977995469933e-06,0.0,0.0,0.0,0.0,1.326564529335883e-07,0.008291164591773812
303,True,,,,,4.387426088214852e-06,0.0,1.2351919167485903e-06,6.857810149085708e-06,0.0,0.0,0.0,0.0,1.7047855749297014e-07,0.00827982321799949
304,True,,,,,7.622731118317461e-06,0.0,1.968217929970706e-06,1.1559166523511522e-05,0.0,0.0,0.0,0.0,2.2589752290969045e-07,0.008268453218851337
305,True,,,,,7.3161568252544384e-06,0.0,2.196376044594217e-06,1.1708909369190224e-05,0.0,0.0,0.0,0.0,2.1984243403494474e-07,0.008257054711412503
306,True,,,,,2.887295295295189e-06,0.0,9.51514380176377e-07,4.790324055647943e-06,0.0,0.0,0.0,0.0,1.7419984033040237e-07,0.008245627813059713
307,True,,,,,2.994769238284789e-05,0.0,1.3257569662528113e-05,5.6462831707904115e-05,0.0,0.0,0.0,0.0,8.608732855464041e-07,0.008234172641462045
308,True,,,,,1.1286397239018697e-06,0.0,3.2181225151362014e-07,1.77226422692911e-06,0.0,0.0,0.0,0.0,1.0445682363524611e-07,0.008222689314579725
309,True,,,,,6.515230779768899e-06,0.0,3.231937398595619e-06,1.2979106031707488e-05,0.0,0.0,0.0,0.0,2.634851909988356e-07,0.008211177950662904
310,True,,,,,1.5326562788686715e-05,0.0,6.898744231875753e-06,2.912405034294352e-05,0.0,0.0,0.0,0.0,4.5241898760650656e-07,0.008199638668250452
311,True,,,,,4.761332547786878e-06,0.0,1.2303949006309267e-06,7.222122349048732e-06,0.0,0.0,0.0,0.0,1.332942787257707e-07,0.008188071586168726
312,True,,,,,4.6032064346945845e-06,0.0,1.3704225239052903e-06,7.344051482505165e-06,0.0,0.0,0.0,0.0,1.769957691521995e-07,0.008176476823530359
313,True,,,,,6.991584086790681e-06,0.0,2.3727295683784178e-06,1.1737043678294867e-05,0.0,0.0,0.0,0.0,2.4905247641981987e-07,0.008164854499733015
314,True,,,,,4.835636900679674e-06,0.0,2.622417923703324e-06,1.0080472748086322e-05,0.0,0.0,0.0,0.0,2.8015750785925775e-07,0.008153204734458179
315,True,,,,,9.929176485456992e-06,0.0,3.4917527500510914e-06,1.6912681530811824e-05,0.0,0.0,0.0,0.0,3.6353151244838955e-07,0.008141527647669913
316,True,,,,,2.7070198484580033e-05,0.0,1.2423086445778608e-05,5.191637319512665e-05,0.0,0.0,0.0,0.0,8.665750215186563e-07,0.008129823359613627
317,True,,,,,6.465519618359394e-06,0.0,2.4261430553451646e-06,1.1317805729049724e-05,0.0,0.0,0.0,0.0,2.0877457984624925e-07,0.008118091990814829
318,True,,,,,9.003877494251356e-06,0.0,3.1660583772463724e-06,1.53359942487441e-05,0.0,0.0,0.0,0.0,2.772161167285958e-07,0.0081063336620779
319,True,,,,,3.494067186693428e-06,0.0,1.1963567203565617e-06,5.886780854780227e-06,0.0,0.0,0.0,0.0,3.3438908531024936e-07,0.008094548494484844
320,True,,,,,4.334599907451775e-06,0.0,1.4985051848270814e-06,7.331610504479613e-06,0.0,0.0,0.0,0.0,1.2916756020331377e-07,0.008082736609394032
321,True,,,,,6.13744987276732e-06,0.0,1.3364855249164975e-06,8.81042069522664e-06,0.0,0.0,0.0,0.0,1.2424096951235697e-07,0.008070898128438964
322,True,,,,,5.202078682486899e-06,0.0,2.7053772555518663e-06,1.0612833648337983e-05,0.0,0.0,0.0,0.0,2.765186479791737e-07,0.008059033173527014
323,True,,,,,5.646668341796612e-06,0.0,1.8628892348715453e-06,9.372446584166028e-06,0.0,0.0,0.0,0.0,2.0941240563843166e-07,0.008047141866838168
324,True,,,,,8.38945106806932e-06,0.0,3.2320083391823573e-06,1.4853467291686684e-05,0.0,0.0,0.0,0.0,2.9172267090871173e-07,0.008035224330823775
325,True,,,,,5.674323801940773e-06,0.0,1.7314839624305023e-06,9.137291272054426e-06,0.0,0.0,0.0,0.0,2.7105832600682334e-07,0.008023280688205282
326,True,,,,,8.814298780635e-06,0.0,3.026218109880574e-06,1.4866735000396147e-05,0.0,0.0,0.0,0.0,2.269459429271592e-07,0.008011311061972969
327,True,,,,,2.8026122436131118e-06,0.0,8.781797760093468e-07,4.5589717956318054e-06,0.0,0.0,0.0,0.0,1.949528325440042e-07,0.007999315575384679
328,True,,,,,2.9126042136340402e-05,0.0,1.4210034350981005e-05,5.754610901931301e-05,0.0,0.0,0.0,0.0,9.43748204917938e-07,0.00798729435196456
329,True,,,,,7.2234133767778985e-06,0.0,1.8245075352751883e-06,1.0872428902075626e-05,0.0,0.0,0.0,0.0,2.570647836819262e-07,0.007975247515501785
330,True,,,,,2.9930786695331335e-05,0.0,1.321341551374644e-05,5.6357617722824216e-05,0.0,0.0,0.0,0.0,8.808205507193634e-07,0.007963175190049278
331,True,,,,,5.195187895878917e-06,0.0,2.5413369257876184e-06,1.0277861292706802e-05,0.0,0.0,0.0,0.0,2.485244294803124e-07,0.007951077499922434
332,True,,,,,8.414863259531558e-06,0.0,3.0998769489087863e-06,1.4614617612096481e-05,0.0,0.0,0.0,0.0,2.357956105925041e-07,0.007938954569697848
333,True,,,,,3.369843398104422e-06,0.0,1.171176222669601e-06,5.712196070817299e-06,0.0,0.0,0.0,0.0,1.7986226907851233e-07,0.007926806524212019
334,True,,,,,6.672948074992746e-06,0.0,3.1360882530862e-06,1.2945124581165146e-05,0.0,0.0,0.0,0.0,2.519518034205248e-07,0.00791463348856008
335,True,,,,,1.939907633641269e-06,0.0,6.292284524533898e-07,3.1983645385480486e-06,0.0,0.0,0.0,0.0,1.2454960085506173e-07,0.007902435588094494
336,True,,,,,8.912257726478856e-06,0.0,3.288137577328598e-06,1.5488532881136052e-05,0.0,0.0,0.0,0.0,3.6810502024309244e-07,0.007890212948423778
337,True,,,,,1.0074363672174513e-05,0.0,3.107197244389681e-06,1.6288759070448577e-05,0.0,0.0,0.0,0.0,3.052190038488334e-07,0.007877965695411193
338,True,,,,,6.672411018371349e-06,0.0,2.9391956104518613e-06,1.2550802239275072e-05,0.0,0.0,0.0,0.0,2.235237417380631e-07,0.007865693955173468
339,True,,,,,4.634492597688222e-06,0.0,1.4408351489691995e-06,7.516162895626621e-06,0.0,0.0,0.0,0.0,2.2049344750030286e-07,0.007853397854079479
340,True,,,,,9.167484677163884e-06,0.0,3.52556071447907e-06,1.6218606106122024e-05,0.0,0.0,0.0,0.0,3.082159878431412e-07,0.00784107751874897
341,True,,,,,1.6870560557435965e-06,0.0,5.496510766533902e-07,2.786358209050377e-06,0.0,0.0,0.0,0.0,1.4492192690340744e-07,0.007828733076051232
342,True,,,,,7.0376545409089886e-06,0.0,3.1219303764373763e-06,1.328151483903639e-05,0.0,0.0,0.0,0.0,3.093519467256556e-07,0.007816364653103801
343,True,,,,,2.919557664426975e-05,0.0,1.3390903404797427e-05,5.5977383453864604e-05,0.0,0.0,0.0,0.0,9.139627650256443e-07,0.00780397237727116
344,True,,,,,2.77107278634503e-06,0.0,5.017673174734227e-07,3.7746074212918757e-06,0.0,0.0,0.0,0.0,1.0842337161420801e-07,0.0077915563761634075
345,True,,,,,4.079484824615065e-06,0.0,2.3031034288578667e-06,8.685691682330798e-06,0.0,0.0,0.0,0.0,3.076886798680789e-07,0.0077791167776349625
346,True,,,,,5.9583098845905624e-06,0.0,1.4661279692518292e-06,8.89056536834687e-06,0.0,0.0,0.0,0.0,2.0764963437613915e-07,0.007766653709783232
347,True,,,,,2.8898393793497235e-05,0.0,1.252550100616645e-05,5.3949395805830136e-05,0.0,0.0,0.0,0.0,8.496779742017679e-07,0.007754167300947309
348,True,,,,,1.4135594938124996e-05,0.0,5.3234266488288995e-06,2.4782448235782795e-05,0.0,0.0,0.0,0.0,4.245652291956503e-07,0.007741657679706634
349,True,,,,,3.432050789342611e-06,0.0,8.073724302448682e-07,5.046795649832347e-06,0.0,0.0,0.0,0.0,1.3363505502184125e-07,0.00772912497487968
350,True,,,,,6.960515293030767e-06,0.0,2.404525275778724e-06,1.1769565389840864e-05,0.0,0.0,0.0,0.0,2.0057909466686397e-07,0.007716569315522627
351,True,,,,,4.7617450036341324e-06,0.0,2.8282647690502927e-06,1.0418274541734718e-05,0.0,0.0,0.0,0.0,3.020223005023581e-07,0.007703990830928029
352,True,,,,,2.8962635951756965e-06,0.0,8.257919716925244e-07,4.54784731118707e-06,0.0,0.0,0.0,0.0,2.4113037966344564e-07,0.00769138965062348
353,True,,,,,2.299143261552672e-06,0.0,5.238852622824197e-07,3.3469136724306736e-06,0.0,0.0,0.0,0.0,1.2974690832834312e-07,0.007678765904370294
354,True,,,,,9.076864444068633e-06,0.0,4.026186161354417e-06,1.712923767627217e-05,0.0,0.0,0.0,0.0,3.1434888114745263e-07,0.0076661197221621485
355,True,,,,,3.6890212413709378e-06,0.0,1.2483444606914418e-06,6.185709935380146e-06,0.0,0.0,0.0,0.0,1.0191407540105502e-07,0.007653451234223763
356,True,,,,,8.79372328199679e-06,0.0,3.0363523819687543e-06,1.4866427591186948e-05,0.0,0.0,0.0,0.0,2.8739859203597007e-07,0.007640760571009548
357,True,,,,,3.7396773677755846e-06,0.0,1.2191317182441708e-06,6.1779410316376016e-06,0.0,0.0,0.0,0.0,1.671265010827483e-07,0.007628047863202267
358,True,,,,,9.987134944822174e-06,0.0,3.560291133908322e-06,1.7107717212638818e-05,0.0,0.0,0.0,0.0,3.372061314621533e-07,0.007615313241711691
359,True,,,,,2.950628913822584e-05,0.0,1.2374208381515928e-05,5.4254705901257694e-05,0.0,0.0,0.0,0.0,7.814331866029534e-07,0.007602556837673243
360,True,,,,,3.62210539606167e-06,0.0,2.2188735329109477e-06,8.059852916630916e-06,0.0,0.0,0.0,0.0,3.614320860378939e-07,0.007589778782446654
361,True,,,,,5.756951395596843e-06,0.0,1.711084223643411e-06,9.179119842883665e-06,0.0,0.0,0.0,0.0,1.9503904979956133e-07,0.007576979207614615
362,True,,,,,9.981744369724765e-06,0.0,3.7965269257256296e-06,1.7574799130670726e-05,0.0,0.0,0.0,0.0,2.366343210269406e-07,0.007564158244981407
363,True,,,,,4.72129431727808e-06,0.0,2.5286933578172466e-06,9.778681487659924e-06,0.0,0.0,0.0,0.0,2.535349779009266e-07,0.007551316026571563
364,True,,,,,3.072504568990553e-06,0.0,9.514662906440208e-07,4.975437150278594e-06,0.0,0.0,0.0,0.0,1.3991549963066063e-07,0.00753845268462849
365,True,,,,,3.177998587489128e-05,0.0,1.4075507351662964e-05,5.993100057821721e-05,0.0,0.0,0.0,0.0,7.587678396703268e-07,0.00752556835161312
366,True,,,,,4.020321284770034e-06,0.0,9.548468824505107e-07,5.930015049671056e-06,0.0,0.0,0.0,0.0,1.3497857764832588e-07,0.007512663160202543
367,True,,,,,4.6627292249468155e-06,0.0,7.476975270037656e-07,6.158124051580671e-06,0.0,0.0,0.0,0.0,1.826126236892378e-07,0.007499737243288633
368,True,,,,,6.562050657521468e-06,0.0,3.3309333957731724e-06,1.3223917449067812e-05,0.0,0.0,0.0,0.0,3.521775795434223e-07,0.007486790733976694
369,True,,,,,4.283368070900906e-06,0.0,1.6101685105240904e-06,7.503705091949087e-06,0.0,0.0,0.0,0.0,1.9741338519452256e-07,0.007473823765584074
370,True,,,,,5.261666956357658e-06,0.0,2.6444683953741333e-06,1.0550604201853275e-05,0.0,0.0,0.0,0.0,3.102160235357587e-07,0.007460836471638806
371,True,,,,,8.953925316745881e-06,0.0,2.6853938379645115e-06,1.4324712537927553e-05,0.0,0.0,0.0,0.0,2.4997333980536496e-07,0.007447828985878222
372,True,,,,,2.5796789486776106e-05,0.0,1.1588541383389384e-05,4.897387407254428e-05,0.0,0.0,0.0,0.0,7.860961090955243e-07,0.007434801442247582
373,True,,,,,9.852132279775105e-06,0.0,3.3709718536556466e-06,1.659407644183375e-05,0.0,0.0,0.0,0.0,3.49595921989021e-07,0.007421753974898692
374,True,,,,,5.871876055607572e-06,0.0,2.9170730613259366e-06,1.1706022633006796e-05,0.0,0.0,0.0,0.0,3.0941706086196064e-07,0.0074086867181885245
375,True,,,,,8.681874533067457e-06,0.0,2.816699634422548e-06,1.4315273801912554e-05,0.0,0.0,0.0,0.0,3.202105176569603e-07,0.007395599806677833
376,True,,,,,1.6940336990955984e-06,0.0,3.6574755313267815e-07,2.425528691674117e-06,0.0,0.0,0.0,0.0,1.1286314816061349e-07,0.007382493375129769
377,True,,,,,4.91286027681781e-06,0.0,1.0655870710252202e-06,7.044034646241926e-06,0.0,0.0,0.0,0.0,1.574027095330166e-07,0.007369367558508489
378,True,,,,,5.438840162241831e-06,0.0,2.8870861115137814e-06,1.1213012840016745e-05,0.0,0.0,0.0,0.0,2.904711493556533e-07,0.0073562224919777736
379,True,,,,,4.396249551064102e-06,0.0,1.0506882972549647e-06,6.497626145574031e-06,0.0,0.0,0.0,0.0,1.9863868772063142e-07,0.007343058310899626
380,True,,,,,9.748321645020042e-06,0.0,3.5832590583595447e-06,1.6914840671233833e-05,0.0,0.0,0.0,0.0,3.035452778021863e-07,0.007329875150832884
381,True,,,,,3.1869156373431906e-05,0.0,1.3938664778834209e-05,5.9746485931100324e-05,0.0,0.0,0.0,0.0,7.737576197541784e-07,0.007316673147531824
382,True,,,,,4.07232619181741e-06,0.0,2.2638869268121198e-06,8.60010004544165e-06,0.0,0.0,0.0,0.0,2.1176388997901086e-07,0.0073034524369447575
383,True,,,,,5.442290330393007e-06,0.0,1.8055715145237627e-06,9.053433132066857e-06,0.0,0.0,0.0,0.0,2.5016103677444335e-07,0.007290213155212641
384,True,,,,,4.368837835500017e-06,0.0,1.3086964827380143e-06,6.9862308009760454e-06,0.0,0.0,0.0,0.0,2.4958472977232304e-07,0.00727695543866766
385,True,,,,,1.2067792340531014e-05,0.0,4.586739123624284e-06,2.124127058777958e-05,0.0,0.0,0.0,0.0,3.6380129131430294e-07,0.007263679423831845
386,True,,,,,7.244395874295151e-06,0.0,2.818076382027357e-06,1.2880548638349865e-05,0.0,0.0,0.0,0.0,2.444379560984089e-07,0.0072503852474156425
387,True,,,,,3.0068165415286785e-06,0.0,7.535399504376983e-07,4.513896328717237e-06,0.0,0.0,0.0,0.0,1.4456550445629546e-07,0.007237073046316527
388,True,,,,,4.622376764018554e-06,0.0,1.4169444284561905e-06,7.456265848304611e-06,0.0,0.0,0.0,0.0,1.9665077388708596e-07,0.00722374295761758
389,True,,,,,4.282930603949353e-06,0.0,1.3750111520494102e-06,7.032952908048173e-06,0.0,0.0,0.0,0.0,1.4390739977443445e-07,0.007210395118586078
390,True,,,,,2.8509322874015197e-05,0.0,1.3308039342518896e-05,5.512540155905299e-05,0.0,0.0,0.0,0.0,8.327188538714836e-07,0.007197029666672091
391,True,,,,,3.4914598927571205e-06,0.0,7.136376325433957e-07,4.918735157843912e-06,0.0,0.0,0.0,0.0,1.6906946598282957e-07,0.00718364673950705
392,True,,,,,6.756843504263088e-06,0.0,2.689034317882033e-06,1.2134912140027154e-05,0.0,0.0,0.0,0.0,2.906786562562047e-07,0.007170246474902346
393,True,,,,,2.0171200958429836e-06,0.0,4.6141707343849703e-07,2.9399543564068154e-06,0.0,0.0,0.0,0.0,1.538612934837147e-07,0.007156829010847893
394,True,,,,,1.3091739674564451e-05,0.0,5.580950528383255e-06,2.425364073133096e-05,0.0,0.0,0.0,0.0,3.8206823660402733e-07,0.007143394485510728
395,True,,,,,2.6521003746893257e-05,0.0,1.1697741683747154e-05,4.991648893337697e-05,0.0,0.0,0.0,0.0,7.931981826914125e-07,0.007129943037233572
396,True,,,,,2.957195192720974e-06,0.0,7.704437621214311e-07,4.4980824895901605e-06,0.0,0.0,0.0,0.0,1.7354871317820653e-07,0.00711647480453341
397,True,,,,,4.208619429846294e-06,0.0,9.294371920987032e-07,6.067493814043701e-06,0.0,0.0,0.0,0.0,1.7363106508128112e-07,0.0071029899261000696
398,True,,,,,1.0597876098472625e-05,0.0,4.116723175684456e-06,1.8831322449841537e-05,0.0,0.0,0.0,0.0,3.561571872978675e-07,0.007089488540794785
399,True,,,,,4.361679202702362e-06,0.0,1.067140260602173e-06,6.4959594965330325e-06,0.0,0.0,0.0,0.0,1.286651212240031e-07,0.007075970787648771
400,True,,,,,6.09876542512211e-06,0.0,2.9367497518251184e-06,1.1972264474024996e-05,0.0,0.0,0.0,0.0,2.6750402071229473e-07,0.007062436805861792
401,True,,,,,2.3290601802727906e-06,0.0,5.073119382359437e-07,3.343684056744678e-06,0.0,0.0,0.0,0.0,1.235930824350362e-07,0.0070488867348007305
402,True,,,,,5.4041174735175446e-06,0.0,2.5444996936130337e-06,1.0493116860743612e-05,0.0,0.0,0.0,0.0,3.4019950589936343e-07,0.007035320713998143
403,True,,,,,5.574342139880173e-06,0.0,1.8401818806523806e-06,9.25470612855861e-06,0.0,0.0,0.0,0.0,2.0764785801929975e-07,0.007021738883150837
404,True,,,,,3.597165778046474e-05,0.0,1.5569818060612306e-05,6.711129390168935e-05,0.0,0.0,0.0,0.0,6.844085760349117e-07,0.007008141382118415
405,True,,,,,2.8314984774624463e-06,0.0,8.663357107252523e-07,4.564170012599789e-06,0.0,0.0,0.0,0.0,1.2215238598400902e-07,0.006994528350921853
406,True,,,,,7.5114076025784016e-06,0.0,3.6740775612997822e-06,1.4859562725177966e-05,0.0,0.0,0.0,0.0,3.397898353796336e-07,0.006980899929742045
407,True,,,,,3.873638888762798e-06,0.0,9.631221473682672e-07,5.7998831834993325e-06,0.0,0.0,0.0,0.0,1.9677359830438945e-07,0.006967256258918365
408,True,,,,,6.178873263706919e-06,0.0,1.4871351368128671e-06,9.153143764706329e-06,0.0,0.0,0.0,0.0,2.2537854249549127e-07,0.006953597478947224
409,True,,,,,8.421268830716144e-06,0.0,3.833265054709045e-06,1.6087798940134235e-05,0.0,0.0,0.0,0.0,3.4396506976008823e-07,0.006939923730480613
410,True,,,,,9.819355000217911e-06,0.0,2.945457481473568e-06,1.5710269508417696e-05,0.0,0.0,0.0,0.0,2.9429338610498235e-07,0.0069262351543246704
411,True,,,,,4.897042799711926e-06,0.0,1.7199230342157534e-06,8.336888640769757e-06,0.0,0.0,0.0,0.0,2.877045801596978e-07,0.006912531891438215
412,True,,,,,8.573922968935221e-06,0.0,3.0006794986547902e-06,1.4575281966244802e-05,0.0,0.0,0.0,0.0,3.1810532163945027e-07,0.0068988140829313125
413,True,,,,,1.4887964425724931e-06,0.0,5.39336269866908e-07,2.567468982306309e-06,0.0,0.0,0.0,0.0,1.1218759965458958e-07,0.006885081870063805
414,True,,,,,2.653779483807739e-05,0.0,1.1301903214189224e-05,4.914159944746643e-05,0.0,0.0,0.0,0.0,7.637064527443727e-07,0.006871335394243869
415,True,,,,,6.493686214525951e-06,0.0,3.262974814788322e-06,1.3019635844102595e-05,0.0,0.0,0.0,0.0,3.3990775705206033e-07,0.00685757479702655
416,True,,,,,3.244456365791848e-06,0.0,7.129301593522541e-07,4.670316684496356e-06,0.0,0.0,0.0,0.0,9.093778885471693e-08,0.006843800220112312
417,True,,,,,1.374529347231146e-05,0.0,5.734530986956088e-06,2.5214354536728933e-05,0.0,0.0,0.0,0.0,3.812467070929415e-07,0.00683001180534558
418,True,,,,,3.5863567973137833e-06,0.0,8.243046067946125e-07,5.234966010903008e-06,0.0,0.0,0.0,0.0,1.3769449935807643e-07,0.006816209694713263
419,True,,,,,6.387260327755939e-06,0.0,1.6081105513876537e-06,9.603481885278597e-06,0.0,0.0,0.0,0.0,1.928544861584669e-07,0.006802394030343319
420,True,,,,,2.1629318780469475e-06,0.0,7.690854886277521e-07,3.701102741615614e-06,0.0,0.0,0.0,0.0,1.1815986056262773e-07,0.006788564954503263
421,True,,,,,2.4687164113856852e-05,0.0,1.0956850019283593e-05,4.660086415242404e-05,0.0,0.0,0.0,0.0,7.263325869644177e-07,0.006774722609598724
422,True,,,,,8.44162696012063e-06,0.0,2.813862693074043e-06,1.4069351891521364e-05,0.0,0.0,0.0,0.0,1.9274095564014715e-07,0.006760867138171968
423,True,,,,,3.875388756569009e-06,0.0,2.1319713141565444e-06,8.139331839629449e-06,0.0,0.0,0.0,0.0,2.4843961909937207e-07,0.006746998682900427
424,True,,,,,6.414761628548149e-06,0.0,2.3588452222611522e-06,1.1132451618323103e-05,0.0,0.0,0.0,0.0,2.581372768872825e-07,0.006733117386595242
425,True,,,,,1.7692575511318864e-06,0.0,5.795861852675444e-07,2.928429921666975e-06,0.0,0.0,0.0,0.0,9.336021378203441e-08,0.006719223392199781
426,True,,,,,8.689095011504833e-06,0.0,4.27087888965616e-06,1.7230853700311854e-05,0.0,0.0,0.0,0.0,5.146474109096744e-07,0.006705316842788174
427,True,,,,,7.726199328317307e-06,0.0,2.6965026336256415e-06,1.311920459556859e-05,0.0,0.0,0.0,0.0,1.9549159446796693e-07,0.006691397881563833
428,True,,,,,7.980590453371406e-06,0.0,2.8423760340956505e-06,1.3665342521562707e-05,0.0,0.0,0.0,0.0,2.4640937112963e-07,0.006677466651857983
429,True,,,,,2.0699476408481132e-06,0.0,6.053496690583415e-07,3.2806469789647963e-06,0.0,0.0,0.0,0.0,1.4081408039601229e-07,0.006663523297128187
430,True,,,,,9.143085662799422e-06,0.0,3.222320401619072e-06,1.5587726011290215e-05,0.0,0.0,0.0,0.0,3.0676571327603597e-07,0.006649567960956861
431,True,,,,,2.707217208808288e-05,0.0,1.1818849998235237e-05,5.070987390354276e-05,0.0,0.0,0.0,0.0,7.434916255988355e-07,0.006635600787049808
432,True,,,,,4.75384376841248e-06,0.0,1.1150071941301576e-06,6.98385792929912e-06,0.0,0.0,0.0,0.0,2.0562278280067403e-07,0.006621621919234722
433,True,,,,,9.268605936085805e-06,0.0,4.397676548251184e-06,1.806395812309347e-05,0.0,0.0,0.0,0.0,3.665421672849334e-07,0.00660763150145972
434,True,,,,,3.941935119655682e-06,0.0,2.2582080418942496e-06,8.458351658191532e-06,0.0,0.0,0.0,0.0,3.1686266765973414e-07,0.006593629677791856
435,True,,,,,2.5717792595969513e-05,0.0,1.0983871106873266e-05,4.7685534809716046e-05,0.0,0.0,0.0,0.0,7.558565471299517e-07,0.006579616592415637
436,True,,,,,3.1988524824555498e-06,0.0,1.1210566981390002e-06,5.440965651359875e-06,0.0,0.0,0.0,0.0,1.6397402191614674e-07,0.006565592389631534
437,True,,,,,7.493915745726554e-06,0.0,2.543810978750116e-06,1.2581537703226786e-05,0.0,0.0,0.0,0.0,2.870936839372007e-07,0.0065515572138545065
438,True,,,,,4.034115590911824e-06,0.0,1.2867143368566758e-06,6.607544491998851e-06,0.0,0.0,0.0,0.0,1.6885491049833945e-07,0.006537511209612501
439,True,,,,,1.1223128240089864e-05,0.0,3.424459919187939e-06,1.8072048987960443e-05,0.0,0.0,0.0,0.0,2.5383695856362465e-07,0.006523454521544979
440,True,,,,,4.162736331636552e-06,0.0,9.990669695980614e-07,6.160870270832675e-06,0.0,0.0,0.0,0.0,1.5302853739740385e-07,0.006509387294401413
441,True,,,,,8.335660822922364e-06,0.0,3.0779790449741995e-06,1.4491619367618114e-05,0.0,0.0,0.0,0.0,3.1689762636233354e-07,0.006495309673039806
442,True,,,,,6.534832209581509e-06,0.0,2.913871639975696e-06,1.2362575944280252e-05,0.0,0.0,0.0,0.0,2.600788775453111e-07,0.006481221802425192
443,True,,,,,2.709191721805837e-05,0.0,1.1531374184414744e-05,5.015466740587726e-05,0.0,0.0,0.0,0.0,7.416481366817607e-07,0.006467123827628152
444,True,,,,,6.3008283177623525e-06,0.0,1.8754038819679408e-06,1.005163630907191e-05,0.0,0.0,0.0,0.0,1.9121526406706835e-07,0.006453015893823312
445,True,,,,,4.803304364031646e-06,0.0,9.225758503816905e-07,6.648456292168703e-06,0.0,0.0,0.0,0.0,1.4442088058785885e-07,0.006438898146287852
446,True,,,,,2.2895080746820895e-06,0.0,6.417624263121979e-07,3.5730329273064854e-06,0.0,0.0,0.0,0.0,1.4599183373320557e-07,0.006424770730400011
447,True,,,,,7.403019480989315e-06,0.0,3.4916015465569217e-06,1.4386222574103158e-05,0.0,0.0,0.0,0.0,2.754227637069562e-07,0.006410633791637588
448,True,,,,,6.067833055567462e-06,0.0,2.415239123365609e-06,1.089831130229868e-05,0.0,0.0,0.0,0.0,1.6235605926340213e-07,0.00639648747557644
449,True,,,,,7.5086404649482574e-06,0.0,3.4966719795193058e-06,1.4501983969239518e-05,0.0,0.0,0.0,0.0,2.789903703614982e-07,0.006382331927888995
450,True,,,,,4.545028332358925e-06,0.0,1.3062060588708846e-06,7.157440450100694e-06,0.0,0.0,0.0,0.0,1.886939742234972e-07,0.006368167294342736
451,True,,,,,8.531780622433871e-06,0.0,3.236308657506015e-06,1.5004397937445901e-05,0.0,0.0,0.0,0.0,3.27364659824525e-07,0.006353993720798715
452,True,,,,,5.464316473080544e-06,0.0,9.929583484336035e-07,7.450233169947751e-06,0.0,0.0,0.0,0.0,1.8190682737895258e-07,0.006339811353210038
453,True,,,,,2.77696435659891e-05,0.0,1.2940358828927856e-05,5.365036122384481e-05,0.0,0.0,0.0,0.0,8.458513889308961e-07,0.006325620337620375
454,True,,,,,3.5880862014892045e-06,0.0,9.207168432112667e-07,5.4295196605380625e-06,0.0,0.0,0.0,0.0,1.7325307055671146e-07,0.006311420820162442
455,True,,,,,6.817067514930386e-06,0.0,2.575503458501771e-06,1.1968074431933928e-05,0.0,0.0,0.0,0.0,2.1871758804081765e-07,0.006297212947056509
456,True,,,,,4.505164724832866e-06,0.0,1.3321828191692475e-06,7.169530363171361e-06,0.0,0.0,0.0,0.0,1.791851644838971e-07,0.006282996864608885
457,True,,,,,6.314446181931999e-06,0.0,2.034754288615659e-06,1.0383954759163316e-05,0.0,0.0,0.0,0.0,2.482466356923396e-07,0.0062687727192104175
458,True,,,,,2.833882717823144e-06,0.0,7.615507229274954e-07,4.35698439105181e-06,0.0,0.0,0.0,0.0,1.201417063612098e-07,0.006254540657334982
459,True,,,,,7.936740075820126e-06,0.0,3.6432043089007493e-06,1.5223148693621624e-05,0.0,0.0,0.0,0.0,2.75710334562973e-07,0.006240300825537974
460,True,,,,,2.590962321846746e-05,0.0,1.1089083272963762e-05,4.8087789764394984e-05,0.0,0.0,0.0,0.0,6.865281534373935e-07,0.006226053370454799
461,True,,,,,5.18140541316825e-06,0.0,2.331568339286605e-06,9.844541636994109e-06,0.0,0.0,0.0,0.0,2.699443939491175e-07,0.0062117984387993685
462,True,,,,,9.098344889935106e-06,0.0,3.424197984713828e-06,1.5946741768857464e-05,0.0,0.0,0.0,0.0,3.688123229039775e-07,0.006197536177362579
463,True,,,,,7.148671102186199e-06,0.0,2.7231242256675614e-06,1.2594919098773971e-05,0.0,0.0,0.0,0.0,2.2507299490825972e-07,0.006183266733010805
464,True,,,,,4.181847089057555e-06,0.0,7.246794666571077e-07,5.631206022371771e-06,0.0,0.0,0.0,0.0,1.9047651278469857e-07,0.006168990252684394
465,True,,,,,4.265576990292175e-06,0.0,2.421118097117869e-06,9.107812729780562e-06,0.0,0.0,0.0,0.0,2.8114652650401695e-07,0.00615470688339614
466,True,,,,,7.731173354841303e-06,0.0,2.098783625115175e-06,1.1928740605071653e-05,0.0,0.0,0.0,0.0,1.9686399355123285e-07,0.0061404167722297846
467,True,,,,,7.5542970989772584e-06,0.0,1.9876092665072065e-06,1.152951517724432e-05,0.0,0.0,0.0,0.0,2.7011529368792253e-07,0.006126120066338482
468,True,,,,,5.018580395699246e-06,0.0,2.4761143322393764e-06,9.970808605430648e-06,0.0,0.0,0.0,0.0,2.0600502637080353e-07,0.006111816912943308
469,True,,,,,7.71026225265814e-06,0.0,2.8040012693963945e-06,1.3318264791450929e-05,0.0,0.0,0.0,0.0,2.395264004917408e-07,0.006097507459331725
470,True,,,,,7.774307960062288e-06,0.0,2.8231515898369253e-06,1.3420611139736138e-05,0.0,0.0,0.0,0.0,2.748954557318939e-07,0.006083191852856075
471,True,,,,,2.6000678190030158e-05,0.0,1.1207877832930535e-05,4.841643385589123e-05,0.0,0.0,0.0,0.0,7.07759681972675e-07,0.006068870240932059
472,True,,,,,2.477846010151552e-06,0.0,8.512211024935823e-07,4.180288215138717e-06,0.0,0.0,0.0,0.0,1.6727628349144652e-07,0.006054542771037214
473,True,,,,,9.097231668420136e-06,0.0,3.205838538633543e-06,1.5508909200434573e-05,0.0,0.0,0.0,0.0,3.1497211239184253e-07,0.006040209590709412
474,True,,,,,3.505068661979749e-06,0.0,8.26652183150145e-07,5.158372914593201e-06,0.0,0.0,0.0,0.0,1.2521743997240264e-07,0.006025870847545316
475,True,,,,,6.788755854358897e-06,0.0,3.370335434738081e-06,1.3529426723835059e-05,0.0,0.0,0.0,0.0,4.12132806104637e-07,0.006011526689198882
476,True,,,,,2.60667220572941e-05,0.0,1.1076130249421112e-05,4.8218982556136325e-05,0.0,0.0,0.0,0.0,7.098529408722243e-07,0.005997177263379821
477,True,,,,,5.5565760703757405e-06,0.0,1.0340776270822971e-06,7.62473155191401e-06,0.0,0.0,0.0,0.0,2.1911674252805824e-07,0.005982822717852091
478,True,,,,,8.486927981721237e-06,0.0,3.079264843108831e-06,1.46454576679389e-05,0.0,0.0,0.0,0.0,2.1595779742256127e-07,0.005968463200432371
479,True,,,,,4.988322416465962e-06,0.0,1.6091662473627366e-06,8.206654456444085e-06,0.0,0.0,0.0,0.0,1.8136823598524643e-07,0.0059540988589885345
480,True,,,,,3.9127371564973146e-06,0.0,2.3429656721418723e-06,8.59866850078106e-06,0.0,0.0,0.0,0.0,2.516501353966305e-07,0.005939729841438134
481,True,,,,,6.74898547003977e-06,0.0,4.044633442390477e-06,1.4838252354820725e-05,0.0,0.0,0.0,0.0,5.541848508983094e-07,0.005925356295746875
482,True,,,,,6.606353053939529e-06,0.0,2.1292960354912793e-06,1.0864945579669438e-05,0.0,0.0,0.0,0.0,2.6656755380827235e-07,0.005910978369927086
483,True,,,,,3.2977131922962144e-06,0.0,1.007816308629117e-06,5.313345809554448e-06,0.0,0.0,0.0,0.0,2.4599501102784416e-07,0.005896596212036209
484,True,,,,,7.140108209569007e-06,0.0,1.2824621080653742e-06,9.705032425699756e-06,0.0,0.0,0.0,0.0,1.6514769640707527e-07,0.005882209970175257
485,True,,,,,5.836601303599309e-06,0.0,2.0515471987891942e-06,9.939695701177698e-06,0.0,0.0,0.0,0.0,1.9519463023698336e-07,0.005867819792487306
486,True,,,,,5.929710368945962e-06,0.0,2.368195964663755e-06,1.0666102753020823e-05,0.0,0.0,0.0,0.0,1.4467607911683444e-07,0.005853425827155954
487,True,,,,,2.5740005185070913e-06,0.0,8.093503538475488e-07,4.1927014535758644e-06,0.0,0.0,0.0,0.0,1.6161853011453786e-07,0.0058390282224038085
488,True,,,,,3.0123501346679404e-05,0.0,1.2789256288670003e-05,5.570201392401941e-05,0.0,0.0,0.0,0.0,6.488762664957903e-07,0.0058246271264909485
489,True,,,,,4.379223355499562e-06,0.0,1.1992118515991024e-06,6.777647286071442e-06,0.0,0.0,0.0,0.0,1.6246141854026064e-07,0.00581022268771341
490,True,,,,,2.9136575903976336e-05,0.0,1.2382601198623888e-05,5.390177830122411e-05,0.0,0.0,0.0,0.0,7.787001550241257e-07,0.0057958150544016466
491,True,,,,,4.954150426783599e-06,0.0,1.570170184095332e-06,8.094491022347938e-06,0.0,0.0,0.0,0.0,1.5161747057845787e-07,0.00578140437491901
492,True,,,,,8.558816261938773e-06,0.0,2.9925774924777215e-06,1.4543971701641567e-05,0.0,0.0,0.0,0.0,3.1082180385055835e-07,0.005766990797660221
493,True,,,,,6.272469818213722e-06,0.0,3.0469570901914267e-06,1.2366383998596575e-05,0.0,0.0,0.0,0.0,2.3130284887429298e-07,0.00575257447104984
494,True,,,,,3.5246171137259807e-06,0.0,1.0531136922509177e-06,5.630844498227816e-06,0.0,0.0,0.0,0.0,3.1304102776630316e-07,0.005738155543540734
495,True,,,,,9.879770004772581e-06,0.0,3.8120042518130504e-06,1.7503778508398682e-05,0.0,0.0,0.0,0.0,2.925818307630834e-07,0.005723734163612563
496,True,,,,,1.5898212950560264e-06,0.0,4.63906985714857e-07,2.5176352664857404e-06,0.0,0.0,0.0,0.0,1.1022414980743633e-07,0.00570931047977023
497,True,,,,,3.884185389324557e-06,0.0,1.0491834245840437e-06,5.98255246586632e-06,0.0,0.0,0.0,0.0,1.7602854995857342e-07,0.0056948846405423725
498,True,,,,,5.947389581706375e-06,0.0,3.0043993319850415e-06,1.1956188245676458e-05,0.0,0.0,0.0,0.0,1.9003536522177455e-07,0.005680456794479816
499,True,,,,,6.047648639651015e-06,0.0,1.9209589936508564e-06,9.889567081700079e-06,0.0,0.0,0.0,0.0,2.1227202751106233e-07,0.005666027090154052
500,True,,,,,2.5948291295208037e-05,0.0,1.054724634741433e-05,4.7042783990036696e-05,0.0,0.0,0.0,0.0,6.890135182402446e-07,0.005651595676155715
501,True,,,,,9.245049113815185e-06,0.0,3.1460199352295604e-06,1.5537088984274305e-05,0.0,0.0,0.0,0.0,1.951552235368581e-07,0.005637162701093035
502,True,,,,,4.51001415058272e-06,0.0,1.2575333130371291e-06,7.025080776656978e-06,0.0,0.0,0.0,0.0,1.5644161521777278e-07,0.005622728313590324
503,True,,,,,4.652378720493289e-06,0.0,2.4727423806325532e-06,9.597863027011044e-06,0.0,0.0,0.0,0.0,2.511404773031245e-07,0.005608292662286435
504,True,,,,,7.774774530844297e-06,0.0,2.8685585675702896e-06,1.3511891665984876e-05,0.0,0.0,0.0,0.0,3.0346819812621106e-07,0.005593855895833237
505,True,,,,,7.253840067278361e-06,0.0,3.3880569390021265e-06,1.4029954400029965e-05,0.0,0.0,0.0,0.0,3.147706593153998e-07,0.00557941816289408
506,True,,,,,4.122835434827721e-06,0.0,2.3926329504320165e-06,8.908101335691754e-06,0.0,0.0,0.0,0.0,2.265154677161263e-07,0.0055649796121422694
507,True,,,,,2.5072538846870884e-05,0.0,1.0798680705192965e-05,4.666989843826741e-05,0.0,0.0,0.0,0.0,6.646152428402274e-07,0.005550540392259531
508,True,,,,,1.4749706451766542e-06,0.0,2.960439360322198e-07,2.0670586309279315e-06,0.0,0.0,0.0,0.0,1.0940435402062576e-07,0.0055361006519344825
509,True,,,,,1.1618903954513371e-05,0.0,3.691506890390883e-06,1.9001918190042488e-05,0.0,0.0,0.0,0.0,3.3087607675952313e-07,0.005521660539861096
510,True,,,,,2.6156080821237992e-06,0.0,5.59924387744104e-07,3.7354568576120073e-06,0.0,0.0,0.0,0.0,1.1894148599367327e-07,0.005507220204737177
511,True,,,,,1.3067050531390123e-05,0.0,4.333533979661297e-06,2.1734118490712717e-05,0.0,0.0,0.0,0.0,3.713397518367856e-07,0.005492779795262826
512,True,,,,,2.713603862503078e-06,0.0,8.517405376551324e-07,4.417084710439667e-06,0.0,0.0,0.0,0.0,2.8825522235820245e-07,0.005478339460138905
513,True,,,,,2.8319340344751254e-05,0.0,1.2059486834914424e-05,5.24383140145801e-05,0.0,0.0,0.0,0.0,6.436804937948182e-07,0.005463899348065519
514,True,,,,,2.80295762422611e-06,0.0,8.428679620919866e-07,4.488693775783759e-06,0.0,0.0,0.0,0.0,1.5035666933727043e-07,0.00544945960774047
515,True,,,,,4.9372861212759744e-06,0.0,7.895445151007152e-07,6.5163749241037294e-06,0.0,0.0,0.0,0.0,1.6768315447279747e-07,0.005435020387857732
516,True,,,,,6.520457645819988e-06,0.0,2.248298869744758e-06,1.1017054930562153e-05,0.0,0.0,0.0,0.0,2.490814665634389e-07,0.005420581837105921
517,True,,,,,3.4061317819578107e-06,0.0,2.149578904209193e-06,7.705290045123547e-06,0.0,0.0,0.0,0.0,3.3138618960038e-07,0.005406144104166766
518,True,,,,,1.1772577636293136e-05,0.0,5.227239853411447e-06,2.222705734311603e-05,0.0,0.0,0.0,0.0,4.2472771610846394e-07,0.005391707337713567
519,True,,,,,7.558799552498385e-06,0.0,2.0841621335421223e-06,1.172712381958263e-05,0.0,0.0,0.0,0.0,2.02582498332049e-07,0.005377271686409677
520,True,,,,,2.442223376419861e-06,0.0,7.378568511740013e-07,3.917937192454701e-06,0.0,0.0,0.0,0.0,1.2786097158823395e-07,0.005362837298906965
521,True,,,,,1.566497189742222e-06,0.0,4.2391212673464906e-07,2.41432144321152e-06,0.0,0.0,0.0,0.0,9.504406506266605e-08,0.005348404323844286
522,True,,,,,4.627498128684238e-06,0.0,1.2821645896110567e-06,7.1918275352800265e-06,0.0,0.0,0.0,0.0,1.484491747305583e-07,0.005333972909845948
523,True,,,,,9.190260243485682e-06,0.0,4.3122799979755655e-06,1.7814820239436813e-05,0.0,0.0,0.0,0.0,3.6549732840285287e-07,0.005319543205520185
524,True,,,,,2.5609415388316847e-06,0.0,8.737994789953518e-07,4.308540610509226e-06,0.0,0.0,0.0,0.0,1.9264450656919507e-07,0.005305115359457628
525,True,,,,,8.999428246170282e-06,0.0,2.766353190963855e-06,1.4532134628097992e-05,0.0,0.0,0.0,0.0,1.7815943920140853e-07,0.00529068952022977
526,True,,,,,7.0421569944301154e-06,0.0,3.3557078040757915e-06,1.3753572602581698e-05,0.0,0.0,0.0,0.0,2.220651538209495e-07,0.005276265836387438
527,True,,,,,7.512880074500572e-06,0.0,2.0961774680472445e-06,1.1705235010595061e-05,0.0,0.0,0.0,0.0,2.375352892158844e-07,0.005261844456459266
528,True,,,,,2.6064968551509082e-05,0.0,1.088177214114694e-05,4.7828514652792364e-05,0.0,0.0,0.0,0.0,6.669830554528744e-07,0.005247425528950162
529,True,,,,,2.35037714446662e-05,0.0,1.0267442121403292e-05,4.4038657506462187e-05,0.0,0.0,0.0,0.0,6.91510592787381e-07,0.00523300920233978
530,True,,,,,3.865603503072634e-06,0.0,1.0120697879756335e-06,5.889743079023901e-06,0.0,0.0,0.0,0.0,2.401086192094226e-07,0.005218595625080991
531,True,,,,,5.005177627026569e-06,0.0,2.5747183372004656e-06,1.015461384668015e-05,0.0,0.0,0.0,0.0,2.5723358021423337e-07,0.0052041849455983545
532,True,,,,,1.1753536455216818e-05,0.0,3.890721927746199e-06,1.9534980310709216e-05,0.0,0.0,0.0,0.0,3.1837032565817935e-07,0.005189777312286591
533,True,,,,,1.158634950115811e-05,0.0,4.219530637783464e-06,2.002541077672504e-05,0.0,0.0,0.0,0.0,3.3348158012813656e-07,0.0051753728735090525
534,True,,,,,3.448394181759795e-06,0.0,1.091961621568771e-06,5.632317424897337e-06,0.0,0.0,0.0,0.0,1.5290963517600176e-07,0.005160971777596193
535,True,,,,,5.880040589545388e-06,0.0,2.198022684751777e-06,1.0276085959048942e-05,0.0,0.0,0.0,0.0,2.710747537548741e-07,0.005146574172844047
536,True,,,,,2.6364893983554794e-06,0.0,8.361502068510163e-07,4.308789812057512e-06,0.0,0.0,0.0,0.0,1.7375761274252e-07,0.0051321802075126955
537,True,,,,,6.048731847840827e-06,0.0,2.9103066481184214e-06,1.186934514407767e-05,0.0,0.0,0.0,0.0,2.630133906222909e-07,0.005117790029824743
538,True,,,,,9.233564924215898e-06,0.0,3.0988837806944503e-06,1.543133294035215e-05,0.0,0.0,0.0,0.0,2.8398270046636753e-07,0.005103403787963794
539,True,,,,,4.281372639525216e-06,0.0,6.480097454186762e-07,5.577392130362568e-06,0.0,0.0,0.0,0.0,1.2509025282270159e-07,0.005089021630072916
540,True,,,,,5.338849859981565e-06,0.0,1.4338831988425227e-06,8.20661625766661e-06,0.0,0.0,0.0,0.0,1.3477682614393416e-07,0.0050746437042531265
541,True,,,,,2.4978857254609466e-05,0.0,1.0677478712750599e-05,4.633381468011066e-05,0.0,0.0,0.0,0.0,6.688015332656505e-07,0.005060270158561868
542,True,,,,,9.73796340986155e-06,0.0,3.5651723919727374e-06,1.6868307284312323e-05,0.0,0.0,0.0,0.0,3.2475790590069664e-07,0.0050459011410114675
543,True,,,,,3.887726052198559e-06,0.0,1.4932373915144126e-06,6.87420106260106e-06,0.0,0.0,0.0,0.0,2.8754666914210247e-07,0.0050315367995676305
544,True,,,,,3.958038178097922e-06,0.0,2.142773610103177e-06,8.243585398304276e-06,0.0,0.0,0.0,0.0,2.0660047539422521e-07,0.00501717728214791
545,True,,,,,6.008863238093909e-06,0.0,2.0015640984638594e-06,1.0011991435021628e-05,0.0,0.0,0.0,0.0,2.7160521653968317e-07,0.005002822736620182
546,True,,,,,5.186179805605207e-06,0.0,1.4257793736760505e-06,8.037738552957308e-06,0.0,0.0,0.0,0.0,1.6060651830684947e-07,0.004988473310801119
547,True,,,,,6.557944288942963e-06,0.0,2.9669567993551027e-06,1.2491857887653168e-05,0.0,0.0,0.0,0.0,3.644037178673898e-07,0.004974129152454684
548,True,,,,,2.3353921278612688e-05,0.0,9.936074093275238e-06,4.322607128415257e-05,0.0,0.0,0.0,0.0,6.670542234132881e-07,0.00495979040929059
549,True,,,,,7.118216217349982e-06,0.0,2.6302304831915535e-06,1.237867763848044e-05,0.0,0.0,0.0,0.0,2.3212696476093697e-07,0.0049454572289627866
550,True,,,,,3.617747552198125e-06,0.0,2.1691753318009432e-06,7.95609776105266e-06,0.0,0.0,0.0,0.0,3.088649123128562e-07,0.004931129759067942
551,True,,,,,8.585615432821214e-06,0.0,2.9726215871050954e-06,1.4530858607031405e-05,0.0,0.0,0.0,0.0,2.933834934992774e-07,0.004916808147143926
552,True,,,,,6.919144652783871e-06,0.0,1.738813693918928e-06,1.0396772267995402e-05,0.0,0.0,0.0,0.0,2.767194473562995e-07,0.004902492540668276
553,True,,,,,8.387458365177736e-06,0.0,3.0076466828177217e-06,1.440275173081318e-05,0.0,0.0,0.0,0.0,3.0209665169422806e-07,0.0048881830870566925
554,True,,,,,5.096410859550815e-06,0.0,1.708333797978412e-06,8.513078682881314e-06,0.0,0.0,0.0,0.0,2.838534669535875e-07,0.004873879933661518
555,True,,,,,2.6709209123509936e-05,0.0,1.1030558198399376e-05,4.877032552030869e-05,0.0,0.0,0.0,0.0,7.053840818116441e-07,0.004859583227770218
556,True,,,,,3.598281182348728e-06,0.0,2.2898013867234113e-06,8.1778835010482e-06,0.0,0.0,0.0,0.0,3.867246505251387e-07,0.004845293116603861
557,True,,,,,7.152346370276064e-06,0.0,2.4776250029390212e-06,1.2107596376154106e-05,0.0,0.0,0.0,0.0,1.7551870712395612e-07,0.004831009747315607
558,True,,,,,3.1310808026319137e-06,0.0,7.66582559208473e-07,4.664245807362022e-06,0.0,0.0,0.0,0.0,1.1445838055124113e-07,0.0048167332669891965
559,True,,,,,7.5087282311869785e-06,0.0,1.6669698652549414e-06,1.0842668416444212e-05,0.0,0.0,0.0,0.0,2.0561726898904453e-07,0.004802463822637424
560,True,,,,,5.759214218414854e-06,0.0,2.8934744022990344e-06,1.1546162568265572e-05,0.0,0.0,0.0,0.0,2.3549949901280343e-07,0.004788201561200633
561,True,,,,,5.629548013530439e-06,0.0,2.9423363230307586e-06,1.1514221114339307e-05,0.0,0.0,0.0,0.0,2.2959996215377032e-07,0.004773946629545201
562,True,,,,,4.0058648664853536e-06,0.0,1.4166325854603201e-06,6.839130037405994e-06,0.0,0.0,0.0,0.0,2.3108567859253526e-07,0.004759699174462027
563,True,,,,,8.092942152870819e-06,0.0,2.789962081806152e-06,1.3672866771230474e-05,0.0,0.0,0.0,0.0,2.93559452302361e-07,0.004745459342665019
564,True,,,,,2.9678645660169423e-05,0.0,1.3316412150743417e-05,5.631146996165626e-05,0.0,0.0,0.0,0.0,7.111722197805648e-07,0.004731227280789584
565,True,,,,,6.139725428511156e-06,0.0,1.4866698165860726e-06,9.113065061683301e-06,0.0,0.0,0.0,0.0,1.4669060988126148e-07,0.004717003135391117
566,True,,,,,6.932371434231754e-06,0.0,1.528106054138334e-06,9.988583769882098e-06,0.0,0.0,0.0,0.0,2.0151445312421856e-07,0.004702787052943492
567,True,,,,,3.7480476748896763e-06,0.0,1.2113008551750681e-06,6.170649612613488e-06,0.0,0.0,0.0,0.0,1.5006453679689002e-07,0.004688579179837559
568,True,,,,,2.922350859080325e-06,0.0,1.027942971632001e-06,4.978236574970651e-06,0.0,0.0,0.0,0.0,1.3136087773091276e-07,0.004674379662379625
569,True,,,,,3.2013090276450384e-06,0.0,9.629279702494387e-07,5.127164968143916e-06,0.0,0.0,0.0,0.0,1.7336711266580096e-07,0.004660188646789964
570,True,,,,,1.1003717190760653e-05,0.0,4.649561560654547e-06,2.0302839402575046e-05,0.0,0.0,0.0,0.0,3.5389649610806373e-07,0.004646006279201286
571,True,,,,,7.4064446380361915e-06,0.0,3.3209214507223805e-06,1.4048287994228303e-05,0.0,0.0,0.0,0.0,3.1996341931517236e-07,0.004631832705657264
572,True,,,,,4.899004125036299e-06,0.0,1.1363487146809348e-06,7.171701327024493e-06,0.0,0.0,0.0,0.0,1.6313795470068726e-07,0.004617668072111007
573,True,,,,,2.3379827325697988e-05,0.0,9.79143806034699e-06,4.296270344639197e-05,0.0,0.0,0.0,0.0,6.731607413712482e-07,0.00460351252442356
574,True,,,,,7.243080744956387e-06,0.0,2.4849214241839945e-06,1.2212924048071727e-05,0.0,0.0,0.0,0.0,2.8914382710354403e-07,0.004589366208362413
575,True,,,,,2.133459702235996e-06,0.0,7.071412255754694e-07,3.5477421533869347e-06,0.0,0.0,0.0,0.0,1.9111240590063971e-07,0.00457522926959999
576,True,,,,,8.003582479432225e-06,0.0,2.8092326829209924e-06,1.362204784527421e-05,0.0,0.0,0.0,0.0,2.571506740878249e-07,0.004561101853712149
577,True,,,,,2.4692613806109875e-05,0.0,1.0231378837488592e-05,4.515537148108706e-05,0.0,0.0,0.0,0.0,6.301168014033465e-07,0.004546984106176689
578,True,,,,,8.34483125800034e-06,0.0,3.173990990035236e-06,1.4692813238070812e-05,0.0,0.0,0.0,0.0,2.2038761926523875e-07,0.004532876172371849
579,True,,,,,8.20751392893726e-06,0.0,3.4265729027538328e-06,1.5060659279697575e-05,0.0,0.0,0.0,0.0,2.7718485284822236e-07,0.00451877819757481
580,True,,,,,6.398905952664791e-06,0.0,1.6322082956321537e-06,9.663322998676449e-06,0.0,0.0,0.0,0.0,2.4797387254693604e-07,0.004504690326960197
581,True,,,,,4.944309239363065e-06,0.0,2.332155190742924e-06,9.608619620848913e-06,0.0,0.0,0.0,0.0,2.4034943635342643e-07,0.004490612705598588
582,True,,,,,3.4861920994444517e-06,0.0,1.1151173566759098e-06,5.716427040169947e-06,0.0,0.0,0.0,0.0,1.9108018989300035e-07,0.004476545478455022
583,True,,,,,2.5160479708574712e-06,0.0,6.815213282607147e-07,3.879090400005225e-06,0.0,0.0,0.0,0.0,1.1288632606465399e-07,0.0044624887903875
584,True,,,,,8.464720849588048e-06,0.0,3.0953051464166492e-06,1.4655331142421346e-05,0.0,0.0,0.0,0.0,3.0513473348037223e-07,0.0044484427861454946
585,True,,,,,8.828089448797982e-06,0.0,4.3794493649329524e-06,1.7586988178663887e-05,0.0,0.0,0.0,0.0,3.210602415038011e-07,0.0044344076103684646
586,True,,,,,4.078647179994732e-06,0.0,1.1266433830314782e-06,6.3319339460576884e-06,0.0,0.0,0.0,0.0,1.442299577547601e-07,0.004420383407584364
587,True,,,,,3.295170017736382e-06,0.0,1.0945889243885176e-06,5.484347639139742e-06,0.0,0.0,0.0,0.0,1.7767095528142818e-07,0.0044063703222081444
588,True,,,,,4.230165359331295e-06,0.0,1.2548123322631e-06,6.739790023857495e-06,0.0,0.0,0.0,0.0,1.5475858106128726e-07,0.00439236849854028
589,True,,,,,2.4083125026663765e-05,0.0,9.978235539165325e-06,4.4039596104994416e-05,0.0,0.0,0.0,0.0,6.213168717295048e-07,0.0043783780807652795
590,True,,,,,3.6155065572529566e-06,0.0,9.82870687948889e-07,5.581247933150735e-06,0.0,0.0,0.0,0.0,2.2720108461271593e-07,0.004364399212950193
591,True,,,,,1.2078597137588076e-05,0.0,4.711279871116858e-06,2.1501156879821792e-05,0.0,0.0,0.0,0.0,3.6695129779218405e-07,0.004350432039043138
592,True,,,,,6.6343795879220124e-06,0.0,1.950846581166843e-06,1.0536072295508347e-05,0.0,0.0,0.0,0.0,2.4033485601648863e-07,0.004336476702871815
593,True,,,,,2.4088874397421023e-06,0.0,7.141615014916169e-07,3.837210442725336e-06,0.0,0.0,0.0,0.0,2.0091511032660492e-07,0.004322533348142018
594,True,,,,,8.389692993659992e-06,0.0,3.662548579086433e-06,1.5714789697085507e-05,0.0,0.0,0.0,0.0,3.963048698096827e-07,0.004308602118436168
595,True,,,,,3.1447780202142894e-06,0.0,9.010965413835947e-07,4.9469708756078035e-06,0.0,0.0,0.0,0.0,1.1398792310046701e-07,0.0042946831572118266
596,True,,,,,6.6004904510919005e-06,0.0,2.8728964025503956e-06,1.2346283256192692e-05,0.0,0.0,0.0,0.0,2.4462215719722735e-07,0.00428077660780022
597,True,,,,,2.383968239882961e-05,0.0,1.0139210644410923e-05,4.4118103687651455e-05,0.0,0.0,0.0,0.0,6.287099267865415e-07,0.004266882613404758
598,True,,,,,2.3634197532373946e-06,0.0,8.074099469013163e-07,3.978239874413703e-06,0.0,0.0,0.0,0.0,1.2420358075360127e-07,0.004253001317099574
599,True,,,,,4.291633558750618e-06,0.0,7.148082090679964e-07,5.721250090573449e-06,0.0,0.0,0.0,0.0,1.768961226389365e-07,0.004239132861828035
600,True,,,,,1.5791150872246362e-05,0.0,5.676542059518397e-06,2.7144234991283156e-05,0.0,0.0,0.0,0.0,3.842801277187391e-07,0.004225277390401277
601,True,,,,,4.161835022387095e-06,0.0,2.208873411291279e-06,8.579581844969653e-06,0.0,0.0,0.0,0.0,1.9938580919642845e-07,0.004211435045496738
602,True,,,,,9.153833161690272e-06,0.0,3.10809446091298e-06,1.5370022083516233e-05,0.0,0.0,0.0,0.0,3.060033009205654e-07,0.004197605969656684
603,True,,,,,4.013950274384115e-06,0.0,1.2863872598245507e-06,6.586724794033216e-06,0.0,0.0,0.0,0.0,1.3493179551460344e-07,0.004183790305286739
604,True,,,,,1.1194120816071518e-05,0.0,3.85439761885209e-06,1.8902916053775698e-05,0.0,0.0,0.0,0.0,2.930866003225674e-07,0.004169988194654421
605,True,,,,,2.6361309210187756e-05,0.0,1.0106105037266389e-05,4.6573521103709936e-05,0.0,0.0,0.0,0.0,6.552662057401903e-07,0.0041561997798876885
606,True,,,,,5.136996605870081e-06,0.0,2.6299344426661264e-06,1.0396865036454983e-05,0.0,0.0,0.0,0.0,3.176849645569746e-07,0.004142425202973451
607,True,,,,,4.374396667117253e-06,0.0,1.5438527043443173e-06,7.462102075805888e-06,0.0,0.0,0.0,0.0,2.058552297512506e-07,0.0041286646057561325
608,True,,,,,2.42294481722638e-06,0.0,7.441143452524557e-07,3.911173735104967e-06,0.0,0.0,0.0,0.0,1.4592919228562096e-07,0.004114918129936194
609,True,,,,,1.4553195796906948e-05,0.0,6.437607225961983e-06,2.7428410248830914e-05,0.0,0.0,0.0,0.0,4.056573743582703e-07,0.004101185917068689
610,True,,,,,3.257686330471188e-06,0.0,7.852906946936855e-07,4.828267719858559e-06,0.0,0.0,0.0,0.0,1.3861536274362152e-07,0.004087468108561785
611,True,,,,,4.242961495037889e-06,0.0,1.3732309298575274e-06,6.989423127379268e-06,0.0,0.0,0.0,0.0,3.0196932243597985e-07,0.004073764845675331
612,True,,,,,7.5613743319991045e-06,0.0,2.376536031079013e-06,1.231444639415713e-05,0.0,0.0,0.0,0.0,2.4398005393777566e-07,0.004060076269519387
613,True,,,,,4.545885531115346e-06,0.0,1.0918079169641715e-06,6.7295013650436886e-06,0.0,0.0,0.0,0.0,2.1261374172354408e-07,0.0040464025210527775
614,True,,,,,2.53572052315576e-05,0.0,9.907102139550261e-06,4.517140769166872e-05,0.0,0.0,0.0,0.0,6.337210152196349e-07,0.0040327437410816345
615,True,,,,,3.3511728361190762e-06,0.0,1.1910260582226329e-06,5.733224952564342e-06,0.0,0.0,0.0,0.0,1.297204335060087e-07,0.004019100070257955
616,True,,,,,3.933258994948119e-06,0.0,2.3348457034444436e-06,8.602950401837006e-06,0.0,0.0,0.0,0.0,3.1648193044020445e-07,0.004005471649078148
617,True,,,,,6.535532520501874e-06,0.0,2.6019083634309936e-06,1.1739349247363862e-05,0.0,0.0,0.0,0.0,1.8083390784795483e-07,0.003991858617881585
618,True,,,,,4.820159574592253e-06,0.0,1.3134161918060272e-06,7.446991730830632e-06,0.0,0.0,0.0,0.0,1.535220661708081e-07,0.003978261116849164
619,True,,,,,1.958259417733643e-06,0.0,6.70869383156969e-07,3.299998297734419e-06,0.0,0.0,0.0,0.0,8.876499180132669e-08,0.003964679286001858
620,True,,,,,4.323777375248028e-06,0.0,1.2917182630189927e-06,6.9072139012860134e-06,0.0,0.0,0.0,0.0,3.237734063077369e-07,0.00395111326519927
621,True,,,,,1.294762478210032e-05,0.0,5.567243988480186e-06,2.4082113668555394e-05,0.0,0.0,0.0,0.0,4.1424681285207043e-07,0.003937563194138209
622,True,,,,,5.880001026525861e-06,0.0,1.5847051599848783e-06,9.049411346495617e-06,0.0,0.0,0.0,0.0,1.579003878759977e-07,0.0039240292123512285
623,True,,,,,6.487373866548296e-06,0.0,2.3713880636933027e-06,1.123014953918755e-05,0.0,0.0,0.0,0.0,3.0017579888408363e-07,0.0039105114592052174
624,True,,,,,2.3702523321844637e-05,0.0,9.973977284971625e-06,4.365047789178789e-05,0.0,0.0,0.0,0.0,6.09340986557072e-07,0.0038970100738999315
625,True,,,,,2.700799768717843e-06,0.0,6.086480652811588e-07,3.918095899280161e-06,0.0,0.0,0.0,0.0,1.4274422710514045e-07,0.0038835251954665896
626,True,,,,,5.525891083379975e-06,0.0,2.8262697924219538e-06,1.1178430213476531e-05,0.0,0.0,0.0,0.0,3.04437719478301e-07,0.0038700569627664297
627,True,,,,,2.2544314560946077e-05,0.0,9.540630344417877e-06,4.162557524978183e-05,0.0,0.0,0.0,0.0,6.25793063591118e-07,0.003856605514489273
628,True,,,,,9.38254379434511e-06,0.0,3.3481805985502433e-06,1.60789059009403e-05,0.0,0.0,0.0,0.0,2.2555499867848994e-07,0.0038431709891521074
629,True,,,,,6.382907940860605e-06,0.0,1.99404144041182e-06,1.0370990821684245e-05,0.0,0.0,0.0,0.0,2.398310812168347e-07,0.0038297535250976554
630,True,,,,,2.4757289338595e-06,0.0,9.329974091087934e-07,4.341723979450762e-06,0.0,0.0,0.0,0.0,1.7248333961106255e-07,0.0038163532604929508
631,True,,,,,1.1236477803322487e-05,0.0,3.849932454613736e-06,1.8936341803055257e-05,0.0,0.0,0.0,0.0,3.3044253200387175e-07,0.0038029703333279097
632,True,,,,,6.309969649009872e-06,0.0,2.2481394807982724e-06,1.0806248610606417e-05,0.0,0.0,0.0,0.0,2.1264503402562696e-07,0.0037896048814139217
633,True,,,,,1.199359667225508e-05,0.0,4.40416897617979e-06,2.0801933715119958e-05,0.0,0.0,0.0,0.0,2.2958954559726408e-07,0.0037762570423824217
634,True,,,,,2.429442247375846e-05,0.0,9.832313480728772e-06,4.3959051254205406e-05,0.0,0.0,0.0,0.0,6.040953053343401e-07,0.0037629269536834744
635,True,,,,,1.0206301340076607e-05,0.0,4.578981133818161e-06,1.9364262698218226e-05,0.0,0.0,0.0,0.0,3.870735838518158e-07,0.0037496147525843573
636,True,,,,,1.7439787143302965e-06,0.0,5.893815568924765e-07,2.922741714428412e-06,0.0,0.0,0.0,0.0,1.2237707380791107e-07,0.003736320576168156
637,True,,,,,3.0857663659844548e-06,0.0,1.0540989023866132e-06,5.193964170757681e-06,0.0,0.0,0.0,0.0,1.8598039730477467e-07,0.0037230445613323404
638,True,,,,,4.6815621317364275e-06,0.0,1.4374211332324194e-06,7.556404398201266e-06,0.0,0.0,0.0,0.0,2.5935594294423936e-07,0.003709786844787361
639,True,,,,,7.475571237591794e-06,0.0,2.522609520383412e-06,1.2520789823611267e-05,0.0,0.0,0.0,0.0,2.520429234209587e-07,0.0036965475630552427
640,True,,,,,3.0598253033531364e-06,0.0,8.604599202044483e-07,4.780745257448871e-06,0.0,0.0,0.0,0.0,1.8151995107018593e-07,0.0036833268524681774
641,True,,,,,3.559151764420676e-06,0.0,1.0429762369312812e-06,5.645104465656914e-06,0.0,0.0,0.0,0.0,1.7167442933896382e-07,0.0036701248491671167
642,True,,,,,2.4361452233279124e-05,0.0,9.461597073823214e-06,4.328464638092555e-05,0.0,0.0,0.0,0.0,6.315038945103879e-07,0.003656941689100374
643,True,,,,,7.425092007906642e-06,0.0,2.779240048766951e-06,1.2983571650693193e-05,0.0,0.0,0.0,0.0,1.6933631741267163e-07,0.0036437775080222267
644,True,,,,,8.564746167394333e-06,0.0,3.04672789752658e-06,1.4658202417194843e-05,0.0,0.0,0.0,0.0,3.647407424978155e-07,0.0036306324414915117
645,True,,,,,4.221890776534565e-06,0.0,1.1489728422020562e-06,6.519836460938677e-06,0.0,0.0,0.0,0.0,1.177612816150031e-07,0.0036175066248702314
646,True,,,,,5.980364221613854e-06,0.0,3.0581657028960763e-06,1.2096696082153358e-05,0.0,0.0,0.0,0.0,2.9434659154503606e-07,0.003604400193322167
647,True,,,,,6.5706826717359945e-06,0.0,3.1104734716791427e-06,1.279163006984163e-05,0.0,0.0,0.0,0.0,3.087983770910796e-07,0.003591313281811478
648,True,,,,,5.758074621553533e-06,0.0,1.5742900814075256e-06,8.906654329621233e-06,0.0,0.0,0.0,0.0,1.8397987844309682e-07,0.003578246025101307
649,True,,,,,7.344629921135493e-06,0.0,2.7269556994724553e-06,1.2798541320080403e-05,0.0,0.0,0.0,0.0,1.9719567490028567e-07,0.003565198557752417
650,True,,,,,3.3342166716465726e-06,0.0,1.1928207186429063e-06,5.719858108932385e-06,0.0,0.0,0.0,0.0,1.704408560954107e-07,0.003552171014121779
651,True,,,,,7.019658369245008e-06,0.0,2.1080531951156445e-06,1.1235764759476297e-05,0.0,0.0,0.0,0.0,2.514144625820336e-07,0.0035391635283611956
652,True,,,,,6.260379450395703e-06,0.0,2.2703495687892428e-06,1.080107904272154e-05,0.0,0.0,0.0,0.0,2.669297600732534e-07,0.0035261762344159253
653,True,,,,,1.3195540304877795e-06,0.0,3.77731765865974e-07,2.0750176190631464e-06,0.0,0.0,0.0,0.0,1.1393650822810741e-07,0.003513209266023308
654,True,,,,,1.048387184710009e-05,0.0,3.4345794119872153e-06,1.7353031580569223e-05,0.0,0.0,0.0,0.0,3.193061957063037e-07,0.0035002627567113686
655,True,,,,,2.488786049070768e-05,0.0,1.1151387298014015e-05,4.719063508673571e-05,0.0,0.0,0.0,0.0,7.189920552264084e-07,0.0034873368397974596
656,True,,,,,5.6051644605759066e-06,0.0,1.8191128674516222e-06,9.243390195479151e-06,0.0,0.0,0.0,0.0,1.9115854854589998e-07,0.003474431648386879
657,True,,,,,8.80126390256919e-06,0.0,3.2318991998181446e-06,1.526506275695283e-05,0.0,0.0,0.0,0.0,3.475672087915882e-07,0.0034615473153715116
658,True,,,,,7.90891772339819e-06,0.0,2.579246711320593e-06,1.3067410691292025e-05,0.0,0.0,0.0,0.0,2.177865781050059e-07,0.0034486839734284387
659,True,,,,,8.574346793466248e-06,0.0,3.194015107510495e-06,1.4962377463234589e-05,0.0,0.0,0.0,0.0,2.578620978965773e-07,0.003435841755018592
660,True,,,,,5.82008351557306e-06,0.0,1.1978480642937939e-06,8.215779416786972e-06,0.0,0.0,0.0,0.0,1.6538285763090244e-07,0.0034230207923853866
661,True,,,,,3.0959060950408457e-06,0.0,7.773030006319459e-07,4.6505119826179e-06,0.0,0.0,0.0,0.0,1.0901010227826191e-07,0.0034102212175533466
662,True,,,,,4.697382792073768e-06,0.0,2.5076401470869314e-06,9.71266308624763e-06,0.0,0.0,0.0,0.0,2.8814304187108064e-07,0.003397443162326759
663,True,,,,,3.935690074285958e-06,0.0,2.0134234546276275e-06,7.962536983541213e-06,0.0,0.0,0.0,0.0,2.638362275320105e-07,0.00338468675828831
664,True,,,,,2.3509084712713957e-05,0.0,9.649136700318195e-06,4.280735811335035e-05,0.0,0.0,0.0,0.0,6.346330110318377e-07,0.0033719521367977325
665,True,,,,,5.107829110784223e-06,0.0,2.6474726837477647e-06,1.0402774933027104e-05,0.0,0.0,0.0,0.0,3.076514758504345e-07,0.0033592394289904525
666,True,,,,,2.9576203814940527e-06,0.0,9.621891194910859e-07,4.881998393102549e-06,0.0,0.0,0.0,0.0,1.1921581233309553e-07,0.003346548765776239
667,True,,,,,6.069925348128891e-06,0.0,1.6101384971989319e-06,9.290202797274105e-06,0.0,0.0,0.0,0.0,1.9431911368883448e-07,0.003333880277837853
668,True,,,,,5.783545930171385e-06,0.0,2.023520437433035e-06,9.830586350290105e-06,0.0,0.0,0.0,0.0,2.5813497472881863e-07,0.003321234095629708
669,True,,,,,3.2467087294207886e-06,0.0,9.422326456842711e-07,5.131174020789331e-06,0.0,0.0,0.0,0.0,1.3305883328484924e-07,0.0033086103493765204
670,True,,,,,5.941594281466678e-06,0.0,1.082229118765099e-06,8.106052518996876e-06,0.0,0.0,0.0,0.0,1.8223153119834024e-07,0.003296009169071973
671,True,,,,,2.416913594061043e-05,0.0,1.0767609637696296e-05,4.570435703499243e-05,0.0,0.0,0.0,0.0,7.123950922505173e-07,0.0032834306844773745
672,True,,,,,1.283437723031966e-05,0.0,4.974122475687182e-06,2.2782622181694023e-05,0.0,0.0,0.0,0.0,3.591466111174668e-07,0.003270875025120321
673,True,,,,,1.9107781099592103e-06,0.0,3.818402944943955e-07,2.67445875579142e-06,0.0,0.0,0.0,0.0,9.353941976542046e-08,0.003258342320293367
674,True,,,,,9.711970960779581e-06,0.0,4.431063644005917e-06,1.8574097339296713e-05,0.0,0.0,0.0,0.0,3.337853513585287e-07,0.003245832699052692
675,True,,,,,5.1882793741242494e-06,0.0,1.7929381783687859e-06,8.774155503488146e-06,0.0,0.0,0.0,0.0,1.4466731101947516e-07,0.0032333462902167675
676,True,,,,,3.9942692637851e-06,0.0,6.431137080653571e-07,5.280496679915814e-06,0.0,0.0,0.0,0.0,1.8465084394847509e-07,0.003220883222365039
677,True,,,,,6.475228929048171e-06,0.0,2.092847353196703e-06,1.0660924090188928e-05,0.0,0.0,0.0,0.0,2.1680219219888386e-07,0.003208443623836593
678,True,,,,,4.672464910981944e-06,0.0,1.2931734545418294e-06,7.258811820065603e-06,0.0,0.0,0.0,0.0,1.7801345109091926e-07,0.003196027622728841
679,True,,,,,2.7230395062360913e-05,0.0,1.1198960237379652e-05,4.962831735610962e-05,0.0,0.0,0.0,0.0,6.012692779222562e-07,0.0031836353468961986
680,True,,,,,6.9056636675668415e-06,0.0,3.1432746254722588e-06,1.319221337325871e-05,0.0,0.0,0.0,0.0,3.185962214047322e-07,0.003171266923948769
681,True,,,,,8.053614692471456e-06,0.0,2.82592918665614e-06,1.3705473065783735e-05,0.0,0.0,0.0,0.0,2.1712652653604891e-07,0.003158922481251031
682,True,,,,,7.334208930842578e-06,0.0,3.4279487408639397e-06,1.4190106412570458e-05,0.0,0.0,0.0,0.0,3.501065179989382e-07,0.0031466021459205205
683,True,,,,,5.996112122375052e-06,0.0,1.336487002845388e-06,8.669086128065828e-06,0.0,0.0,0.0,0.0,1.6775211975073034e-07,0.003134306044826534
684,True,,,,,3.6647859360527946e-06,0.0,1.9400679320824565e-06,7.544921572844032e-06,0.0,0.0,0.0,0.0,2.5612973786337534e-07,0.0031220343045888065
685,True,,,,,4.031867320009042e-06,0.0,1.077478373190388e-06,6.186824066389818e-06,0.0,0.0,0.0,0.0,1.4075017418235802e-07,0.0031097870515762226
686,True,,,,,2.1522187125810888e-06,0.0,7.327495268327766e-07,3.617717766246642e-06,0.0,0.0,0.0,0.0,1.1021342061212636e-07,0.003097564411905505
687,True,,,,,8.874438208295032e-06,0.0,3.104289589828113e-06,1.5083017387951259e-05,0.0,0.0,0.0,0.0,2.939183048056293e-07,0.003085366511439922
688,True,,,,,2.594419856905006e-05,0.0,1.0509119420021307e-05,4.696243559010327e-05,0.0,0.0,0.0,0.0,6.057742325538129e-07,0.0030731934757879807
689,True,,,,,2.883896195271518e-05,0.0,1.1726299817382824e-05,5.229156158748083e-05,0.0,0.0,0.0,0.0,5.509776883627637e-07,0.003061045430302153
690,True,,,,,2.925142098320066e-06,0.0,8.508854989486281e-07,4.626913323590998e-06,0.0,0.0,0.0,0.0,1.0668409800018708e-07,0.0030489225000775656
691,True,,,,,6.041349024599185e-06,0.0,2.3065881578077096e-06,1.0654524885467254e-05,0.0,0.0,0.0,0.0,2.930929667854798e-07,0.0030368248099507224
692,True,,,,,8.394383257837035e-06,0.0,3.0849696486257017e-06,1.4564322555088438e-05,0.0,0.0,0.0,0.0,3.116091420451994e-07,0.0030247524844982145
693,True,,,,,7.038653166091535e-06,0.0,3.1553579447063385e-06,1.3349368600756861e-05,0.0,0.0,0.0,0.0,3.326070157072536e-07,0.003012705648035439
694,True,,,,,2.6294528652215376e-06,0.0,5.766172535004443e-07,3.7826873722224263e-06,0.0,0.0,0.0,0.0,1.1056476267867765e-07,0.0030006844246153225
695,True,,,,,4.396881195134483e-06,0.0,1.2204252470837673e-06,6.837731689302018e-06,0.0,0.0,0.0,0.0,2.945425592315587e-07,0.002988688938027032
696,True,,,,,5.8871910368907265e-06,0.0,2.0940997274010442e-06,1.0075390491692815e-05,0.0,0.0,0.0,0.0,2.278569013469678e-07,0.0029767193117947173
697,True,,,,,1.7534279095343663e-06,0.0,4.342431338955066e-07,2.621914063638542e-06,0.0,0.0,0.0,0.0,1.006373508971592e-07,0.0029647756691762255
698,True,,,,,7.846464541216847e-06,0.0,1.960652980415034e-06,1.1767770047299564e-05,0.0,0.0,0.0,0.0,2.628806612392509e-07,0.002952858133161833
699,True,,,,,1.071189581125509e-05,0.0,3.765796918742126e-06,1.824348873924464e-05,0.0,0.0,0.0,0.0,3.198522335878806e-07,0.002940966826472987
700,True,,,,,2.2646276192972437e-05,0.0,9.390258128405549e-06,4.1426792449783534e-05,0.0,0.0,0.0,0.0,5.851091486874793e-07,0.0029291018715610364
701,True,,,,,3.965642918046797e-06,0.0,1.183459517051233e-06,6.332561952149263e-06,0.0,0.0,0.0,0.0,1.778286673470575e-07,0.0029172633906059697
702,True,,,,,4.831336354982341e-06,0.0,1.5113073459360749e-06,7.85395059210714e-06,0.0,0.0,0.0,0.0,1.6685413584127673e-07,0.0029054515055151565
703,True,,,,,5.699809662473854e-06,0.0,2.530135589040583e-06,1.076008084055502e-05,0.0,0.0,0.0,0.0,2.8777836291737913e-07,0.002893666337922099
704,True,,,,,8.524887562089134e-06,0.0,4.168248324276647e-06,1.6861384210642427e-05,0.0,0.0,0.0,0.0,2.3672478732805757e-07,0.0028819080091851733
705,True,,,,,3.944363925256766e-06,0.0,1.3609651432489045e-06,6.666294211754575e-06,0.0,0.0,0.0,0.0,1.2252812098267896e-07,0.002870176640386376
706,True,,,,,4.0814256863086484e-06,0.0,1.1371001846782747e-06,6.355626283038873e-06,0.0,0.0,0.0,0.0,1.3538058851736423e-07,0.002858472352330086
707,True,,,,,8.107826943160035e-06,0.0,3.7133420391910477e-06,1.553451147628948e-05,0.0,0.0,0.0,0.0,3.016521930021554e-07,0.002846795265541822
708,True,,,,,9.704327567305882e-06,0.0,3.27063276017725e-06,1.624559263291303e-05,0.0,0.0,0.0,0.0,3.099596597166965e-07,0.0028351455002669857
709,True,,,,,2.4663633666932583e-05,0.0,1.1034589988412336e-05,4.6732813643757254e-05,0.0,0.0,0.0,0.0,7.104784458533686e-07,0.0028235231764696424
710,True,,,,,8.341537068190519e-06,0.0,2.430232370898011e-06,1.320200135523919e-05,0.0,0.0,0.0,0.0,1.8556427505700412e-07,0.0028119284138312718
711,True,,,,,3.65000937563309e-06,0.0,9.087254397854849e-07,5.467460141517222e-06,0.0,0.0,0.0,0.0,1.5169756295563275e-07,0.002800361331749549
712,True,,,,,3.379138433956541e-06,0.0,9.838535106609925e-07,5.3468456826522015e-06,0.0,0.0,0.0,0.0,2.0548323220737075e-07,0.0027888220493370963
713,True,,,,,4.574564627546351e-06,0.0,1.2914172202727059e-06,7.157399068091763e-06,0.0,0.0,0.0,0.0,1.979309161015408e-07,0.002777310685420277
714,True,,,,,4.791239462065278e-06,0.0,1.4654822280135704e-06,7.722203918092418e-06,0.0,0.0,0.0,0.0,2.4169190737666213e-07,0.0027658273585379556
715,True,,,,,2.4640765332151204e-05,0.0,9.784000212675892e-06,4.420876575750299e-05,0.0,0.0,0.0,0.0,5.91063894717081e-07,0.002754372186940288
716,True,,,,,4.794346750713885e-06,0.0,1.1279516911599785e-06,7.050250133033842e-06,0.0,0.0,0.0,0.0,1.9062670730818354e-07,0.002742945288587498
717,True,,,,,1.4837062735750806e-05,0.0,5.467531991598662e-06,2.5772125809453428e-05,0.0,0.0,0.0,0.0,3.6274064996177913e-07,0.0027315467811486627
718,True,,,,,6.807550562371034e-06,0.0,3.1576269066135865e-06,1.3122804375598207e-05,0.0,0.0,0.0,0.0,2.6631906280272233e-07,0.00272017678200051
719,True,,,,,3.909148290404119e-06,0.0,2.0522120394161902e-06,8.013572369236499e-06,0.0,0.0,0.0,0.0,3.3265391152781376e-07,0.0027088354082261882
720,True,,,,,1.5748055375297554e-06,0.0,5.200203645472357e-07,2.6148463803110644e-06,0.0,0.0,0.0,0.0,9.969075875915223e-08,0.0026975227766140868
721,True,,,,,8.689072274137288e-06,0.0,2.98202712656348e-06,1.4653126527264249e-05,0.0,0.0,0.0,0.0,1.980890118602474e-07,0.0026862390036566154
722,True,,,,,3.0019789392099483e-06,0.0,9.644793408369878e-07,4.9309373935102485e-06,0.0,0.0,0.0,0.0,1.313315607376353e-07,0.002674984205549012
723,True,,,,,1.1172305676154792e-05,0.0,3.864637164952001e-06,1.8901580915553495e-05,0.0,0.0,0.0,0.0,3.271684363426175e-07,0.002663758498188144
724,True,,,,,4.8894062274484895e-06,0.0,2.461908479745034e-06,9.813223186938558e-06,0.0,0.0,0.0,0.0,2.581822684533108e-07,0.0026525619971713155
725,True,,,,,7.410619218717329e-06,0.0,2.5980675673054066e-06,1.2606754353328142e-05,0.0,0.0,0.0,0.0,2.079655416764581e-07,0.0026413948177950765
726,True,,,,,4.460517629922833e-06,0.0,1.3981330084789079e-06,7.256783646880649e-06,0.0,0.0,0.0,0.0,2.2619300921178365e-07,0.0026302570750540368
727,True,,,,,2.8872498205601005e-06,0.0,1.050127480084484e-06,4.9875047807290684e-06,0.0,0.0,0.0,0.0,1.558163518211586e-07,0.00261914888363968
728,True,,,,,2.3341926862485707e-05,0.0,9.495368431089446e-06,4.23326637246646e-05,0.0,0.0,0.0,0.0,5.997822540848574e-07,0.0026080703579391827
729,True,,,,,2.3889977455837652e-05,0.0,9.81941593636293e-06,4.352880932856351e-05,0.0,0.0,0.0,0.0,5.809042704640888e-07,0.0025970216120342394
730,True,,,,,5.464655259856954e-06,0.0,1.1682381000355235e-06,7.801131687301677e-06,0.0,0.0,0.0,0.0,2.7243109457231185e-07,0.0025860027596998824
731,True,,,,,6.241650226002093e-06,0.0,2.3171019165602047e-06,1.0875854059122503e-05,0.0,0.0,0.0,0.0,1.9479085722196032e-07,0.002575013914403318
732,True,,,,,3.4378185773675796e-06,0.0,1.8734690456767567e-06,7.184756668721093e-06,0.0,0.0,0.0,0.0,2.6478929271434026e-07,0.0025640551893027497
733,True,,,,,1.9465335299173603e-06,0.0,6.225085371625028e-07,3.191550604242366e-06,0.0,0.0,0.0,0.0,1.3487583316873497e-07,0.0025531266972462175
734,True,,,,,1.1701158655341715e-05,0.0,4.39543782704277e-06,2.0492034309427254e-05,0.0,0.0,0.0,0.0,4.025977489163779e-07,0.002542228550770436
735,True,,,,,6.090506758482661e-06,0.0,2.85373585029447e-06,1.179797800432425e-05,0.0,0.0,0.0,0.0,3.105513997070375e-07,0.0025313608620996337
736,True,,,,,7.193402780103497e-06,0.0,1.878353941719979e-06,1.0950110663543455e-05,0.0,0.0,0.0,0.0,1.9662269323816872e-07,0.0025205237431443982
737,True,,,,,5.76386992179323e-06,0.0,2.559494078013813e-06,1.0882858077820856e-05,0.0,0.0,0.0,0.0,2.8711747290799394e-07,0.0025097173055005253
738,True,,,,,5.439838332677027e-06,0.0,1.061142711478169e-06,7.562123755633365e-06,0.0,0.0,0.0,0.0,2.2009008660006657e-07,0.002498941660447867
739,True,,,,,1.1697142326738685e-05,0.0,5.205529305385426e-06,2.2108200937509537e-05,0.0,0.0,0.0,0.0,3.073864718317054e-07,0.0024881969189491874
740,True,,,,,4.223300493322313e-06,0.0,1.357699943582702e-06,6.938700607861392e-06,0.0,0.0,0.0,0.0,1.8117944478035497e-07,0.002477483191649019
741,True,,,,,1.637920604480314e-06,0.0,3.732704385583929e-07,2.384461367910262e-06,0.0,0.0,0.0,0.0,7.920311873022001e-08,0.0024668005888725275
742,True,,,,,2.4612221750430763e-05,0.0,1.0042705980595201e-05,4.4697633711621165e-05,0.0,0.0,0.0,0.0,5.990306704006798e-07,0.0024561492206243633
743,True,,,,,7.557178378192475e-06,0.0,2.722362751228502e-06,1.3001903425902128e-05,0.0,0.0,0.0,0.0,2.668243155312666e-07,0.0024455291965875493
744,True,,,,,4.792624167748727e-06,0.0,1.4584629752789624e-06,7.709550118306652e-06,0.0,0.0,0.0,0.0,1.5780096873641014e-07,0.002434940626122331
745,True,,,,,1.79177584413992e-06,0.0,4.6617898874501407e-07,2.7241337647865294e-06,0.0,0.0,0.0,0.0,1.2862255971413106e-07,0.002424383618265066
746,True,,,,,1.1491755685710814e-05,0.0,3.903368451574352e-06,1.9298491679364815e-05,0.0,0.0,0.0,0.0,3.3949712019420986e-07,0.0024138582817270844
747,True,,,,,4.83360872749472e-06,0.0,2.4079881768557243e-06,9.649585081206169e-06,0.0,0.0,0.0,0.0,3.06467171640179e-07,0.0024033647248935907
748,True,,,,,8.407525456277654e-06,0.0,2.3079840048012557e-06,1.3023493011132814e-05,0.0,0.0,0.0,0.0,2.4770520212769043e-07,0.0023929030558225294
749,True,,,,,2.5140966499748174e-06,0.0,9.024665246215591e-07,4.319029812904773e-06,0.0,0.0,0.0,0.0,1.418079733639388e-07,0.0023824733822434786
750,True,,,,,2.2128549971967004e-05,0.0,9.244382454198785e-06,4.061731306137517e-05,0.0,0.0,0.0,0.0,5.985271513964108e-07,0.0023720758115565455
751,True,,,,,9.736458196130116e-06,0.0,2.9783254831272643e-06,1.5693109162384644e-05,0.0,0.0,0.0,0.0,1.751472069599913e-07,0.0023617104508312533
752,True,,,,,4.76913101010723e-06,0.0,2.505658358131768e-06,9.780447726370767e-06,0.0,0.0,0.0,0.0,2.590778933608817e-07,0.0023513774068054435
753,True,,,,,5.916539521422237e-06,0.0,1.3619878700410482e-06,8.640515261504333e-06,0.0,0.0,0.0,0.0,1.847092931939187e-07,0.002341076785884168
754,True,,,,,8.562624316255096e-06,0.0,4.783057647728128e-06,1.8128739611711353e-05,0.0,0.0,0.0,0.0,5.929265398663119e-07,0.0023308086941386105
755,True,,,,,1.6707954273442738e-06,0.0,3.128805587948591e-07,2.2965564312471543e-06,0.0,0.0,0.0,0.0,7.731575379921196e-08,0.002320573237304978
756,True,,,,,2.880432475649286e-06,0.0,7.646487460988283e-07,4.40973008153378e-06,0.0,0.0,0.0,0.0,1.1390282139700503e-07,0.002310370520783416
757,True,,,,,6.68850907459273e-06,0.0,2.1429584649013123e-06,1.0974426004395355e-05,0.0,0.0,0.0,0.0,2.6304090283701953e-07,0.0023002006496369264
758,True,,,,,9.389088518219069e-06,0.0,3.287574827481876e-06,1.5964238627930172e-05,0.0,0.0,0.0,0.0,3.446761525083275e-07,0.0022900637285902903
759,True,,,,,2.356301774852909e-05,0.0,9.348462299385574e-06,4.2259940528310835e-05,0.0,0.0,0.0,0.0,5.984883273413288e-07,0.002279959862028973
760,True,,,,,7.017538791842526e-06,0.0,2.7449555091152433e-06,1.2507449355325662e-05,0.0,0.0,0.0,0.0,2.561704377512797e-07,0.002269889153998066
761,True,,,,,6.522591320390347e-06,0.0,3.157676474074833e-06,1.2837944268540014e-05,0.0,0.0,0.0,0.0,2.397012224264472e-07,0.0022598517082012093
762,True,,,,,4.035411620861851e-06,0.0,1.073818111763103e-06,6.1830478443880565e-06,0.0,0.0,0.0,0.0,1.9843298559862887e-07,0.0022498476279995223
763,True,,,,,5.129479177412577e-06,0.0,1.728300730974297e-06,8.586081094108522e-06,0.0,0.0,0.0,0.0,2.405246846137743e-07,0.0022398770164105374
764,True,,,,,5.882798632228514e-06,0.0,2.4122634840750834e-06,1.0707325600378681e-05,0.0,0.0,0.0,0.0,2.818102018409263e-07,0.002229939976107145
765,True,,,,,9.523024345980957e-06,0.0,2.789652171486523e-06,1.5102328688954003e-05,0.0,0.0,0.0,0.0,2.0525843069663097e-07,0.002220036609416537
766,True,,,,,7.862223355914466e-06,0.0,3.0234984933485975e-06,1.3909220797359012e-05,0.0,0.0,0.0,0.0,2.97201808052705e-07,0.002210167018319142
767,True,,,,,4.193377662886633e-06,0.0,1.3428100373857887e-06,6.87899773765821e-06,0.0,0.0,0.0,0.0,1.3904848117363144e-07,0.0022003313044475876
768,True,,,,,2.245425093860831e-05,0.0,9.124855750997085e-06,4.070396244060248e-05,0.0,0.0,0.0,0.0,5.804367333439586e-07,0.0021905295690856476
769,True,,,,,9.77141007751925e-06,0.0,2.885859885282116e-06,1.554312984808348e-05,0.0,0.0,0.0,0.0,2.84501567193729e-07,0.0021807619131672
770,True,,,,,3.3843002711364534e-06,0.0,9.37256572797196e-07,5.258813416730845e-06,0.0,0.0,0.0,0.0,1.4803660519646655e-07,0.00217102843727519
771,True,,,,,4.7309035835496616e-06,0.0,1.4956933682697127e-06,7.722290320089087e-06,0.0,0.0,0.0,0.0,2.3414038707869622e-07,0.002161329241640589
772,True,,,,,2.5027777155628428e-05,0.0,1.1156635991937947e-05,4.734104732051492e-05,0.0,0.0,0.0,0.0,6.694194212286675e-07,0.00215166442614137
773,True,,,,,4.217026798869483e-06,0.0,1.3223628911873675e-06,6.861752808617894e-06,0.0,0.0,0.0,0.0,1.4062553077565099e-07,0.00214203409030147
774,True,,,,,4.067996997036971e-06,0.0,1.0310639027011348e-06,6.130124802439241e-06,0.0,0.0,0.0,0.0,1.9114882832127478e-07,0.0021324383332897716
775,True,,,,,9.397719622938894e-06,0.0,3.4475931443012087e-06,1.6292906366288662e-05,0.0,0.0,0.0,0.0,2.0731748406888073e-07,0.0021228772539190815
776,True,,,,,4.959114448865876e-06,0.0,2.359645350225037e-06,9.67840514931595e-06,0.0,0.0,0.0,0.0,2.3324523112933093e-07,0.0021133509506451103
777,True,,,,,5.282134225126356e-06,0.0,8.573379091103561e-07,6.996810043347068e-06,0.0,0.0,0.0,0.0,1.2785352510036319e-07,0.002103859521565461
778,True,,,,,7.010097760939971e-06,0.0,2.453273282299051e-06,1.1916644325538073e-05,0.0,0.0,0.0,0.0,1.8839602944353828e-07,0.0020944030644186157
779,True,,,,,7.658441973035224e-06,0.0,2.707014573388733e-06,1.307247111981269e-05,0.0,0.0,0.0,0.0,2.9190675832069246e-07,0.0020849816765829343
780,True,,,,,5.22290156368399e-06,0.0,1.5466915783690638e-06,8.316284947795793e-06,0.0,0.0,0.0,0.0,1.7240387251149514e-07,0.0020755954550756455
781,True,,,,,2.6603127480484545e-05,0.0,1.1748250472010113e-05,5.009962842450477e-05,0.0,0.0,0.0,0.0,6.69632811423071e-07,0.0020662444965518535
782,True,,,,,7.721953807049431e-06,0.0,3.549140728864586e-06,1.4820235264778603e-05,0.0,0.0,0.0,0.0,2.471861932917818e-07,0.002056928897303537
783,True,,,,,3.833510618278524e-06,0.0,1.100220742955571e-06,6.033952104189666e-06,0.0,0.0,0.0,0.0,9.992761818011786e-08,0.002047648753258565
784,True,,,,,2.2226422515814193e-06,0.0,6.727704544573498e-07,3.5681832741829567e-06,0.0,0.0,0.0,0.0,1.260924591406365e-07,0.002038404159979701
785,True,,,,,1.4597222616430372e-05,0.0,5.065899586043088e-06,2.472902269801125e-05,0.0,0.0,0.0,0.0,3.4075833355018403e-07,0.0020291952126636243
786,True,,,,,4.12909366787062e-06,0.0,1.3696276255359408e-06,6.868348918942502e-06,0.0,0.0,0.0,0.0,2.459931067733123e-07,0.0020200220061399477
787,True,,,,,6.7768087319564074e-06,0.0,2.289252279297216e-06,1.135531329055084e-05,0.0,0.0,0.0,0.0,2.740507625276223e-07,0.0020108846348702416
788,True,,,,,1.567519802847528e-06,0.0,3.5120419283884985e-07,2.2699282453686465e-06,0.0,0.0,0.0,0.0,1.4333059539239912e-07,0.0020017831929470603
789,True,,,,,5.085920747660566e-06,0.0,2.6312036425224505e-06,1.0348328032705467e-05,0.0,0.0,0.0,0.0,3.135911867957475e-07,0.001992717774092975
790,True,,,,,2.8846407076343894e-06,0.0,8.295673978864215e-07,4.5437755034072325e-06,0.0,0.0,0.0,0.0,1.2310883334976097e-07,0.001983688471659606
791,True,,,,,5.913837867410621e-06,0.0,1.270230768568581e-06,8.454298949800432e-06,0.0,0.0,0.0,0.0,1.5390389762615087e-07,0.0019746953786266637
792,True,,,,,2.4679466150701046e-05,0.0,1.0919490705418866e-05,4.651844938052818e-05,0.0,0.0,0.0,0.0,6.058944563847035e-07,0.001965738587600991
793,True,,,,,6.555941126862308e-06,0.0,2.3270040401257575e-06,1.1209949661861174e-05,0.0,0.0,0.0,0.0,1.653157113423731e-07,0.001956818190815608
794,True,,,,,5.406227046478307e-06,0.0,1.762299689289648e-06,8.930826879804954e-06,0.0,0.0,0.0,0.0,1.7700294563383068e-07,0.001947934280128763
795,True,,,,,5.944211352471029e-06,0.0,1.3566718735091854e-06,8.65755464474205e-06,0.0,0.0,0.0,0.0,2.0825203250751656e-07,0.001939086947022988
796,True,,,,,2.4036960894591175e-05,0.0,1.0766681953100488e-05,4.5570326619781554e-05,0.0,0.0,0.0,0.0,7.442682772307307e-07,0.0019302762826041537
797,True,,,,,2.7168098313268274e-06,0.0,7.998087312444113e-07,4.31642729381565e-06,0.0,0.0,0.0,0.0,2.3872991050666315e-07,0.0019215023776005353
798,True,,,,,6.213311280589551e-06,0.0,2.261806457681814e-06,1.0736924195953179e-05,0.0,0.0,0.0,0.0,3.1635926234230283e-07,0.0019127653223618743
799,True,,,,,9.615079761715606e-06,0.0,3.252862825320335e-06,1.6120804502861574e-05,0.0,0.0,0.0,0.0,2.7878309083462227e-07,0.0019040652068584513
800,True,,,,,5.22023401572369e-06,0.0,2.3104846604837803e-06,9.841203791438602e-06,0.0,0.0,0.0,0.0,2.8113439043409016e-07,0.0018954021206801543
801,True,,,,,2.948170276795281e-06,0.0,7.961298251757398e-07,4.540429927146761e-06,0.0,0.0,0.0,0.0,1.6670216496095236e-07,0.001886776153035566
802,True,,,,,1.305524983763462e-05,0.0,4.729452484752983e-06,2.2514155716635287e-05,0.0,0.0,0.0,0.0,3.01583554573881e-07,0.0018781873927510352
803,True,,,,,4.492651896725874e-06,0.0,8.370327009288303e-07,6.166717412270373e-06,0.0,0.0,0.0,0.0,9.499613895513903e-08,0.0018696359282697646
804,True,,,,,2.594957550172694e-05,0.0,1.1107629688922316e-05,4.816483487957157e-05,0.0,0.0,0.0,0.0,7.442898777298979e-07,0.001861121847650905
805,True,,,,,4.547505795926554e-06,0.0,2.1763848963018972e-06,8.900275133782998e-06,0.0,0.0,0.0,0.0,2.273739028169075e-07,0.0018526452385686438
806,True,,,,,9.096445864997804e-06,0.0,3.103612471022643e-06,1.530367080704309e-05,0.0,0.0,0.0,0.0,2.8840767640758713e-07,0.0018442061883113031
807,True,,,,,1.6736134966777172e-06,0.0,7.39490928935993e-07,3.152595354549703e-06,0.0,0.0,0.0,0.0,1.2249195435742877e-07,0.0018358047837804376
808,True,,,,,3.835547431663144e-06,0.0,1.1662516499200137e-06,6.168050731503172e-06,0.0,0.0,0.0,0.0,2.546510131651303e-07,0.001827441111489951
809,True,,,,,3.228380955988541e-05,0.0,1.3131515515851788e-05,5.854684059158899e-05,0.0,0.0,0.0,0.0,5.076702223050233e-07,0.0018191152575651904
810,True,,,,,3.510498117975658e-06,0.0,1.136551190938917e-06,5.783600499853492e-06,0.0,0.0,0.0,0.0,1.0224383828472128e-07,0.0018108273077420685
811,True,,,,,6.9088800955796614e-06,0.0,1.306908757214842e-06,9.52269783738302e-06,0.0,0.0,0.0,0.0,1.932692583750395e-07,0.0018025773473661771
812,True,,,,,2.771381105048931e-06,0.0,8.996545943773526e-07,4.570690180116799e-06,0.0,0.0,0.0,0.0,1.0483378787284892e-07,0.0017943654613919158
813,True,,,,,5.3380258577817585e-06,0.0,1.8790336753227166e-06,9.096092981053516e-06,0.0,0.0,0.0,0.0,2.2328944737637357e-07,0.0017861917343816025
814,True,,,,,6.229932296264451e-06,0.0,2.8744666451530065e-06,1.1978865586570464e-05,0.0,0.0,0.0,0.0,1.973876209149239e-07,0.0017780562505046167
815,True,,,,,4.7203616304614116e-06,0.0,2.4107937406370183e-06,9.541949111735448e-06,0.0,0.0,0.0,0.0,2.785064907584456e-07,0.0017699590935365244
816,True,,,,,3.601374828576809e-06,0.0,8.789362482275465e-07,5.359247552405577e-06,0.0,0.0,0.0,0.0,1.8049115624307888e-07,0.0017619003468582234
817,True,,,,,4.67956806460279e-06,0.0,2.3374977899948135e-06,9.354564099339768e-06,0.0,0.0,0.0,0.0,2.105731766732788e-07,0.001753880093455072
818,True,,,,,7.295862360479077e-06,0.0,2.660547352206777e-06,1.2616957064892631e-05,0.0,0.0,0.0,0.0,2.5095366140703845e-07,0.0017458984159160462
819,True,,,,,2.262819543830119e-05,0.0,9.325685823569074e-06,4.127956708543934e-05,0.0,0.0,0.0,0.0,5.891379259992391e-07,0.0017379553964328876
820,True,,,,,4.049673407280352e-06,0.0,1.198748464048549e-06,6.4471705627511255e-06,0.0,0.0,0.0,0.0,2.020758245180332e-07,0.0017300511167992478
821,True,,,,,4.553148755803704e-06,0.0,1.3156767408872838e-06,7.184502464951947e-06,0.0,0.0,0.0,0.0,1.1143252720557939e-07,0.001722185658409859
822,True,,,,,5.876227078260854e-06,0.0,1.8095892073688447e-06,9.495405720372219e-06,0.0,0.0,0.0,0.0,2.501385552022839e-07,0.0017143591022596844
823,True,,,,,9.828758265939541e-06,0.0,3.28548640027293e-06,1.6399731975980103e-05,0.0,0.0,0.0,0.0,1.7754391024027427e-07,0.0017065715289430964
824,True,,,,,6.415635198209202e-06,0.0,2.55681470662239e-06,1.1529264156706631e-05,0.0,0.0,0.0,0.0,3.047134953249042e-07,0.0016988230186530313
825,True,,,,,2.5981169528677128e-05,0.0,1.0223843673884403e-05,4.6428856876445934e-05,0.0,0.0,0.0,0.0,5.692298259418749e-07,0.001691113651180178
826,True,,,,,4.0580544009571895e-06,0.0,9.874961506284308e-07,6.033046702214051e-06,0.0,0.0,0.0,0.0,1.8213385999388265e-07,0.0016834435059121472
827,True,,,,,5.6129510994651355e-06,0.0,2.808997578540584e-06,1.1230946256546304e-05,0.0,0.0,0.0,0.0,2.1632347113609285e-07,0.0016758126618326584
828,True,,,,,7.881037163315341e-06,0.0,2.8253575692360755e-06,1.3531752301787492e-05,0.0,0.0,0.0,0.0,3.039294824702665e-07,0.001668221197520724
829,True,,,,,8.31266697787214e-06,0.0,2.0993779799027834e-06,1.2511422937677708e-05,0.0,0.0,0.0,0.0,2.3838961737965292e-07,0.0016606691911498414
830,True,,,,,8.531234016118106e-06,0.0,4.122527570871171e-06,1.6776288248365745e-05,0.0,0.0,0.0,0.0,3.1280274015443865e-07,0.0016531567204871893
831,True,,,,,1.3976585933050956e-06,0.0,4.31528263789005e-07,2.2607150640396867e-06,0.0,0.0,0.0,0.0,1.2414587047260284e-07,0.0016456838628928232
832,True,,,,,3.5859984564012848e-06,0.0,1.04241644294234e-06,5.670831342285965e-06,0.0,0.0,0.0,0.0,1.4722030527991592e-07,0.0016382506953188818
833,True,,,,,9.506226888333913e-06,0.0,3.3818473639257718e-06,1.6269921616185457e-05,0.0,0.0,0.0,0.0,3.0053899990889477e-07,0.0016308572943087947
834,True,,,,,9.318275260739028e-06,0.0,3.438917701714672e-06,1.6196110664168373e-05,0.0,0.0,0.0,0.0,2.183855087878328e-07,0.0016235037359964915
835,True,,,,,7.016796189418528e-06,0.0,3.154420028295135e-06,1.3325636246008798e-05,0.0,0.0,0.0,0.0,3.4791790426424996e-07,0.0016161900961056217
836,True,,,,,4.384802650747588e-06,0.0,7.395528882625513e-07,5.8639084272726905e-06,0.0,0.0,0.0,0.0,1.744483455468071e-07,0.0016089164499487711
837,True,,,,,2.3750682885292917e-05,0.0,1.0627655683492776e-05,4.500599607126787e-05,0.0,0.0,0.0,0.0,7.240351465043204e-07,0.0016016828724266874
838,True,,,,,5.800734470540192e-06,0.0,1.6450758266728371e-06,9.090886123885866e-06,0.0,0.0,0.0,0.0,1.7772534022242326e-07,0.0015944894380275118
839,True,,,,,3.198820195393637e-06,0.0,8.244451237260364e-07,4.84771044284571e-06,0.0,0.0,0.0,0.0,2.1851103326753218e-07,0.0015873362208260078
840,True,,,,,2.5503895813017152e-06,0.0,8.285182389045076e-07,4.207426172797568e-06,0.0,0.0,0.0,0.0,1.949447892002354e-07,0.001580223294482801
841,True,,,,,7.538574209320359e-06,0.0,3.359064066899009e-06,1.4256702343118377e-05,0.0,0.0,0.0,0.0,2.454993364153779e-07,0.0015731507322436188
842,True,,,,,2.1028627088526264e-06,0.0,6.86956752815604e-07,3.476776328170672e-06,0.0,0.0,0.0,0.0,2.0224797481205314e-07,0.0015661186069385385
843,True,,,,,5.003777005185839e-06,0.0,1.4484278381132754e-06,7.90063313615974e-06,0.0,0.0,0.0,0.0,1.3930826980868005e-07,0.0015591269909812353
844,True,,,,,4.229431851854315e-06,0.0,1.3829348972649314e-06,6.995301646384178e-06,0.0,0.0,0.0,0.0,1.05143001860597e-07,0.0015521759563682375
845,True,,,,,2.2334925233735703e-05,0.0,9.1417405201355e-06,4.06184044550173e-05,0.0,0.0,0.0,0.0,5.747693876401172e-07,0.0015452655746781836
846,True,,,,,1.0265846867696382e-05,0.0,2.9816142159688752e-06,1.622907439013943e-05,0.0,0.0,0.0,0.0,3.101067989064177e-07,0.0015383959170710902
847,True,,,,,1.0597769687592518e-05,0.0,4.4811440602643415e-06,1.9560058717615902e-05,0.0,0.0,0.0,0.0,2.4693963496247306e-07,0.0015315670542876087
848,True,,,,,3.1866863992036087e-06,0.0,9.510646918897692e-07,5.088815669296309e-06,0.0,0.0,0.0,0.0,1.6348691644907376e-07,0.001524779056648312
849,True,,,,,7.344996902247658e-06,0.0,4.035773599753156e-06,1.541654455650132e-05,0.0,0.0,0.0,0.0,5.254890993455774e-07,0.0015180319940529562
850,True,,,,,2.521411715861177e-06,0.0,7.919982181192609e-07,4.105408152099699e-06,0.0,0.0,0.0,0.0,1.0832275876282438e-07,0.0015113259359797687
851,True,,,,,2.784493062790716e-06,0.0,1.012591951621289e-06,4.809677193406969e-06,0.0,0.0,0.0,0.0,1.6964042970357696e-07,0.001504660951484731
852,True,,,,,3.4771787795762066e-06,0.0,1.053867435985012e-06,5.5849136515462305e-06,0.0,0.0,0.0,0.0,1.7980964628350193e-07,0.001498037109200866
853,True,,,,,7.137016837077681e-06,0.0,2.510328613425372e-06,1.2157674063928425e-05,0.0,0.0,0.0,0.0,2.1203366884492425e-07,0.0014914544773375344
854,True,,,,,7.939965144032612e-06,0.0,2.2670328689855523e-06,1.2474030882003717e-05,0.0,0.0,0.0,0.0,2.419261591057875e-07,0.0014849131236797273
855,True,,,,,9.923349352902733e-06,0.0,3.1652223242417676e-06,1.625379445613362e-05,0.0,0.0,0.0,0.0,3.005788471455162e-07,0.0014784131155873759
856,True,,,,,2.4338281946256757e-05,0.0,9.765600225364324e-06,4.386948421597481e-05,0.0,0.0,0.0,0.0,5.84678048198839e-07,0.0014719545199946493
857,True,,,,,9.198602128890343e-06,0.0,3.082745024585165e-06,1.5364092178060673e-05,0.0,0.0,0.0,0.0,2.630726498864533e-07,0.0014655374034092724
858,True,,,,,6.250587375689065e-06,0.0,2.6008397071564104e-06,1.1452266335254535e-05,0.0,0.0,0.0,0.0,2.41464277905834e-07,0.0014591618319118333
859,True,,,,,4.780774816026678e-06,0.0,1.573207327965065e-06,7.927189471956808e-06,0.0,0.0,0.0,0.0,2.3095266499240097e-07,0.0014528278711551127
860,True,,,,,5.8881805671262555e-06,0.0,2.216276470790035e-06,1.0320733053958975e-05,0.0,0.0,0.0,0.0,1.4661254965631088e-07,0.0014465355863634006
861,True,,,,,6.154848051664885e-06,0.0,1.787191422408796e-06,9.729230441735126e-06,0.0,0.0,0.0,0.0,2.1890808454827493e-07,0.0014402850423318233
862,True,,,,,4.64278627987369e-06,0.0,1.1076257351305685e-06,6.858037522761151e-06,0.0,0.0,0.0,0.0,1.9574260079480155e-07,0.0014340763034256848
863,True,,,,,3.7344248084991705e-06,0.0,1.0545153372731875e-06,5.84345525567187e-06,0.0,0.0,0.0,0.0,1.2814690819595853e-07,0.001427909433579797
864,True,,,,,2.4550638045184314e-05,0.0,1.1015472409781069e-05,4.658158286474645e-05,0.0,0.0,0.0,0.0,7.393840633085347e-07,0.0014217844962978192
865,True,,,,,1.0282019502483308e-05,0.0,4.4939974941371474e-06,1.92700135812629e-05,0.0,0.0,0.0,0.0,4.0153642544282775e-07,0.001415701554651611
866,True,,,,,5.597195922746323e-06,0.0,1.35299615067197e-06,8.303188224090263e-06,0.0,0.0,0.0,0.0,1.7407231212018814e-07,0.0014096606712805826
867,True,,,,,2.2618871298618615e-05,0.0,9.275070624426007e-06,4.116901254747063e-05,0.0,0.0,0.0,0.0,5.788783141724707e-07,0.001403661908391043
868,True,,,,,7.28994382370729e-06,0.0,2.6423140297993086e-06,1.2574571883305907e-05,0.0,0.0,0.0,0.0,2.2665787469122733e-07,0.0013977053277555624
869,True,,,,,5.062314357928699e-06,0.0,1.2160076039435808e-06,7.49432956581586e-06,0.0,0.0,0.0,0.0,1.3020121514273342e-07,0.0013917909907123394
870,True,,,,,6.045094778528437e-06,0.0,1.6755539036239497e-06,9.396202585776336e-06,0.0,0.0,0.0,0.0,2.067342279588047e-07,0.0013859189581645695
871,True,,,,,3.3572200663911644e-06,0.0,1.9411268112889957e-06,7.239473688969156e-06,0.0,0.0,0.0,0.0,2.3784436109508533e-07,0.0013800892905798095
872,True,,,,,4.840491783397738e-06,0.0,1.7850709355116123e-06,8.410634109168313e-06,0.0,0.0,0.0,0.0,2.271969492539938e-07,0.0013743020479893636
873,True,,,,,2.2376761990017258e-05,0.0,9.231756848748773e-06,4.084027750650421e-05,0.0,0.0,0.0,0.0,5.882671985091292e-07,0.0013685572899876663
874,True,,,,,6.6301217884756625e-06,0.0,2.0499196580203716e-06,1.0729961104516406e-05,0.0,0.0,0.0,0.0,2.027624361744529e-07,0.0013628550757316582
875,True,,,,,4.531407739705173e-06,0.0,2.0987820334994467e-06,8.728971806704067e-06,0.0,0.0,0.0,0.0,2.9024241143815743e-07,0.0013571954639401862
876,True,,,,,4.408540917211212e-06,0.0,1.4523391200782498e-06,7.313219157367712e-06,0.0,0.0,0.0,0.0,2.0618647056380723e-07,0.0013515785128933974
877,True,,,,,7.637388989678584e-06,0.0,2.7135088203067426e-06,1.306440663029207e-05,0.0,0.0,0.0,0.0,2.3769440815613052e-07,0.0013460042804321378
878,True,,,,,1.0815506357175764e-05,0.0,3.3838664421637077e-06,1.758323924150318e-05,0.0,0.0,0.0,0.0,3.691366430302878e-07,0.0013404728239573532
879,True,,,,,5.2385271374078e-06,0.0,1.5231611314447946e-06,8.284849172923714e-06,0.0,0.0,0.0,0.0,2.3125728887407604e-07,0.0013349842004295057
880,True,,,,,3.739484782272484e-06,0.0,2.0552558908093488e-06,7.84999610914383e-06,0.0,0.0,0.0,0.0,2.1098199454172573e-07,0.0013295384663679793
881,True,,,,,2.8030921384925023e-05,0.0,1.106750096369069e-05,5.0165923312306404e-05,0.0,0.0,0.0,0.0,5.057637508798507e-07,0.0013241356778505035
882,True,,,,,3.4048439374601003e-06,0.0,1.0606685236780322e-06,5.526180757442489e-06,0.0,0.0,0.0,0.0,1.3066332371636236e-07,0.0013187758905125737
883,True,,,,,8.028297997952905e-06,0.0,2.5186777747876476e-06,1.30656535475282e-05,0.0,0.0,0.0,0.0,2.7088717047263344e-07,0.0013134591595468776
884,True,,,,,5.704915565729607e-06,0.0,2.9054963306407444e-06,1.1515908227011096e-05,0.0,0.0,0.0,0.0,3.143082096812577e-07,0.0013081855397027301
885,True,,,,,3.70472253052867e-06,0.0,2.12917075259611e-06,7.963064490468241e-06,0.0,0.0,0.0,0.0,2.4218121552621596e-07,0.001302955085285503
886,True,,,,,2.5245053620892577e-06,0.0,8.17129546248907e-07,4.158764568273909e-06,0.0,0.0,0.0,0.0,1.7472211766289547e-07,0.0012977678501560725
887,True,,,,,2.0163474800938275e-06,0.0,5.148021955392323e-07,3.045951871172292e-06,0.0,0.0,0.0,0.0,1.3149502819942427e-07,0.0012926238877302623
888,True,,,,,1.175921170215588e-05,0.0,3.358640242367983e-06,1.8476492186891846e-05,0.0,0.0,0.0,0.0,3.3316680969619483e-07,0.0012875232509782916
889,True,,,,,7.422098860843107e-06,0.0,2.8532565465866355e-06,1.3128612408763729e-05,0.0,0.0,0.0,0.0,2.4671228970873926e-07,0.0012824659924242328
890,True,,,,,2.9794027796015143e-06,0.0,8.377464837394655e-07,4.654895747080445e-06,0.0,0.0,0.0,0.0,2.3805985449598666e-07,0.0012774521641454675
891,True,,,,,6.136146112112328e-06,0.0,2.2759240891900845e-06,1.0687994290492497e-05,0.0,0.0,0.0,0.0,2.19970260673108e-07,0.0012724818177721527
892,True,,,,,2.8223843401065096e-05,0.0,1.1127456673420966e-05,5.047875674790703e-05,0.0,0.0,0.0,0.0,5.679020205207053e-07,0.0012675550044866887
893,True,,,,,8.374634489882737e-06,0.0,3.043166316274437e-06,1.4460967577178963e-05,0.0,0.0,0.0,0.0,2.724387968555675e-07,0.0012626717750231905
894,True,,,,,5.463685283757513e-06,0.0,1.4023687526787398e-06,8.268422789114993e-06,0.0,0.0,0.0,0.0,1.849507498263847e-07,0.0012578321796669675
895,True,,,,,1.5720901274107746e-06,0.0,3.1844734849073575e-07,2.208984824392246e-06,0.0,0.0,0.0,0.0,1.0697035435214275e-07,0.001253036268254003
896,True,,,,,5.03150477015879e-06,0.0,2.534665327402763e-06,1.0100835424964316e-05,0.0,0.0,0.0,0.0,2.663923055479245e-07,0.0012482840901704444
897,True,,,,,2.3952127321535954e-06,0.0,8.033374570004526e-07,4.0018876461545005e-06,0.0,0.0,0.0,0.0,1.1584847925405484e-07,0.0012435756943520915
898,True,,,,,2.365174441365525e-05,0.0,9.698015674075577e-06,4.3047773942817e-05,0.0,0.0,0.0,0.0,5.575507771027333e-07,0.0012389111292838949
899,True,,,,,5.021583092457149e-06,0.0,1.5852690466999775e-06,8.192120731109753e-06,0.0,0.0,0.0,0.0,2.1900787317008508e-07,0.0012342904429994553
900,True,,,,,4.9647696869215e-06,0.0,9.219314733854844e-07,6.808632861066144e-06,0.0,0.0,0.0,0.0,2.3414938254973094e-07,0.0012297136830805302
901,True,,,,,9.369497092848178e-06,0.0,4.259864454070339e-06,1.7889226000988856e-05,0.0,0.0,0.0,0.0,3.416014919821464e-07,0.0012251808966565415
902,True,,,,,5.804075044579804e-06,0.0,1.3950157153885812e-06,8.594106475356966e-06,0.0,0.0,0.0,0.0,1.663783990579759e-07,0.0012206921304040927
903,True,,,,,5.134460479894187e-06,0.0,2.5143526727333665e-06,1.016316582536092e-05,0.0,0.0,0.0,0.0,2.4727745540076285e-07,0.0012162474305464873
904,True,,,,,8.708600944373757e-06,0.0,3.1797444535186514e-06,1.506808985141106e-05,0.0,0.0,0.0,0.0,1.7225505644091754e-07,0.0012118468428532541
905,True,,,,,7.275344614754431e-06,0.0,1.843481868490926e-06,1.0962308806483634e-05,0.0,0.0,0.0,0.0,2.0692574764780147e-07,0.0012074904126396706
906,True,,,,,2.287536881340202e-05,0.0,9.005134415929206e-06,4.088563582627103e-05,0.0,0.0,0.0,0.0,5.74730677271873e-07,0.0012031781847663043
907,True,,,,,9.945855708792806e-06,0.0,3.5251018744020257e-06,1.6996058548102155e-05,0.0,0.0,0.0,0.0,3.0670332762383623e-07,0.0011989102036385466
908,True,,,,,9.127465091296472e-06,0.0,3.279209522588644e-06,1.568588413647376e-05,0.0,0.0,0.0,0.0,2.89380892581903e-07,0.0011946865132061524
909,True,,,,,3.1545300771540496e-06,0.0,9.516634236206301e-07,5.05785692439531e-06,0.0,0.0,0.0,0.0,1.6508840872120345e-07,0.0011905071569627945
910,True,,,,,2.2700364752381574e-06,0.0,5.430443934528739e-07,3.3561252621439053e-06,0.0,0.0,0.0,0.0,1.3096207851504005e-07,0.001186372177945611
911,True,,,,,5.244657586445101e-06,0.0,2.661234930201317e-06,1.0567127901595086e-05,0.0,0.0,0.0,0.0,2.585909157915012e-07,0.0011822816187347623
912,True,,,,,5.2532495828927495e-06,0.0,2.575602366050589e-06,1.0404453860246576e-05,0.0,0.0,0.0,0.0,2.936237422090926e-07,0.0011782355214529933
913,True,,,,,6.852238584542647e-06,0.0,2.1730331809521886e-06,1.1198304491699673e-05,0.0,0.0,0.0,0.0,2.396149341166165e-07,0.001174233927765202
914,True,,,,,7.77370405558031e-06,0.0,3.7972072277625557e-06,1.536811760161072e-05,0.0,0.0,0.0,0.0,2.8650032390942215e-07,0.0011702768788780077
915,True,,,,,9.175653758575208e-06,0.0,3.107830707449466e-06,1.539131517347414e-05,0.0,0.0,0.0,0.0,2.8527051654236857e-07,0.0011663644155393246
916,True,,,,,2.088020664814394e-06,0.0,5.959586246717663e-07,3.2799380278447643e-06,0.0,0.0,0.0,0.0,9.120704902443322e-08,0.0011624965780379474
917,True,,,,,3.8719913391105365e-06,0.0,1.1288468613201985e-06,6.1296850617509335e-06,0.0,0.0,0.0,0.0,1.3993832226333325e-07,0.0011586734062031343
918,True,,,,,3.971775186073501e-06,0.0,9.481711344960786e-07,5.8681175687524956e-06,0.0,0.0,0.0,0.0,1.528096476022256e-07,0.0011548949394041964
919,True,,,,,8.029805940168444e-06,0.0,2.906543613789836e-06,1.3842893167748116e-05,0.0,0.0,0.0,0.0,2.5621304189371585e-07,0.0011511612165500892
920,True,,,,,2.3291519028134644e-05,0.0,9.644718375056982e-06,4.258095577824861e-05,0.0,0.0,0.0,0.0,5.468883728099172e-07,0.0011474722760890196
921,True,,,,,5.701971076632617e-06,0.0,1.8796381482388824e-06,9.461247827857733e-06,0.0,0.0,0.0,0.0,1.915558556220276e-07,0.0011438281560080435
922,True,,,,,9.585201041772962e-06,0.0,3.1738354664412327e-06,1.5932871974655427e-05,0.0,0.0,0.0,0.0,3.079556734064681e-07,0.0011402288938326748
923,True,,,,,4.0540171539760195e-06,0.0,2.0294937712606043e-06,8.113004696497228e-06,0.0,0.0,0.0,0.0,1.9828800645882438e-07,0.0011366745266265033
924,True,,,,,2.3326879272644874e-06,0.0,7.310319460884784e-07,3.7947518194414442e-06,0.0,0.0,0.0,0.0,1.9906357806576125e-07,0.0011331650909908106
925,True,,,,,1.0890782505157404e-05,0.0,3.7733971112174913e-06,1.8437576727592386e-05,0.0,0.0,0.0,0.0,3.314442267310369e-07,0.0011297006230641911
926,True,,,,,2.340608716622228e-06,0.0,8.558662329960498e-07,4.052340955240652e-06,0.0,0.0,0.0,0.0,1.0703916331067376e-07,0.0011262811585221843
927,True,,,,,2.3507251171395183e-05,0.0,9.227627742802724e-06,4.196250665700063e-05,0.0,0.0,0.0,0.0,5.507229730028484e-07,0.0011229067325769018
928,True,,,,,6.6964216784981545e-06,0.0,2.6721252197603462e-06,1.2040672118018847e-05,0.0,0.0,0.0,0.0,3.497145542041835e-07,0.0011195773799766724
929,True,,,,,2.7736066385841696e-06,0.0,8.447124173471821e-07,4.463031473278534e-06,0.0,0.0,0.0,0.0,1.633949722190664e-07,0.0011162931350056752
930,True,,,,,7.794347766321152e-06,0.0,2.9414547952910652e-06,1.3677257811650634e-05,0.0,0.0,0.0,0.0,2.3176863805929315e-07,0.0011130540314835938
931,True,,,,,4.555929535854375e-06,0.0,1.3645910712511977e-06,7.2851116783567704e-06,0.0,0.0,0.0,0.0,1.5156268773353077e-07,0.0011098601027652655
932,True,,,,,5.853296897839755e-06,0.0,1.5039211120893015e-06,8.861139576765709e-06,0.0,0.0,0.0,0.0,2.1558510354680038e-07,0.0011067113817403364
933,True,,,,,4.968284883943852e-06,0.0,2.4140831555996556e-06,9.796451195143163e-06,0.0,0.0,0.0,0.0,2.9836220960532955e-07,0.0011036079008329243
934,True,,,,,1.071751285053324e-05,0.0,3.889340860041557e-06,1.849619366112165e-05,0.0,0.0,0.0,0.0,3.476841641258943e-07,0.0011005496920012852
935,True,,,,,2.344225322303828e-05,0.0,9.004619641928002e-06,4.1451494325883687e-05,0.0,0.0,0.0,0.0,5.900295150240709e-07,0.001097536786737484
936,True,,,,,4.884008831140818e-06,0.0,2.29338911594823e-06,9.470786608289927e-06,0.0,0.0,0.0,0.0,2.0202968187277293e-07,0.0010945692160670682
937,True,,,,,4.546661330095958e-06,0.0,1.2655419823204284e-06,7.077745067363139e-06,0.0,0.0,0.0,0.0,1.5149493037824868e-07,0.0010916470105487503
938,True,,,,,1.7358897821395658e-06,0.0,6.517118436022429e-07,3.0393134693440516e-06,0.0,0.0,0.0,0.0,1.29044849472848e-07,0.0010887702002740944
939,True,,,,,2.3996419258764945e-05,0.0,1.0502509212528821e-05,4.500143768382259e-05,0.0,0.0,0.0,0.0,6.619166015298106e-07,0.0010859388148672026
940,True,,,,,1.0878803550440352e-05,0.0,3.42697421729099e-06,1.7732752894517034e-05,0.0,0.0,0.0,0.0,3.055643560401222e-07,0.001083152883484414
941,True,,,,,6.230553026398411e-06,0.0,2.396159516138141e-06,1.1022872058674693e-05,0.0,0.0,0.0,0.0,2.425480829515436e-07,0.0010804124348140008
942,True,,,,,4.503641321207397e-06,0.0,1.4043561122889514e-06,7.312353773158975e-06,0.0,0.0,0.0,0.0,1.4531958925090294e-07,0.0010777174970758756
943,True,,,,,9.221092113875784e-06,0.0,3.4312051866436377e-06,1.608350248716306e-05,0.0,0.0,0.0,0.0,2.574484199158178e-07,0.0010750680980213003
944,True,,,,,3.960478352382779e-06,0.0,1.2522004908532836e-06,6.464879334089346e-06,0.0,0.0,0.0,0.0,2.1398747662715323e-07,0.0010724642649325977
945,True,,,,,2.2670010366709903e-05,0.0,8.854924089973792e-06,4.037985854665749e-05,0.0,0.0,0.0,0.0,5.72765543438436e-07,0.001069906024622875
946,True,,,,,3.559571950972895e-06,0.0,1.101386260415893e-06,5.762344699178357e-06,0.0,0.0,0.0,0.0,1.821375406052539e-07,0.0010673934034357451
947,True,,,,,6.562911039509345e-06,0.0,2.4748551368247718e-06,1.1512621313158888e-05,0.0,0.0,0.0,0.0,1.837448593278168e-07,0.001064926427245054
948,True,,,,,7.299717253772542e-06,0.0,2.5463048132223776e-06,1.2392327334964648e-05,0.0,0.0,0.0,0.0,2.339938873774372e-07,0.0010625051214546172
949,True,,,,,6.500737072201446e-06,0.0,2.5275714961026097e-06,1.1555879609659314e-05,0.0,0.0,0.0,0.0,2.48356542442707e-07,0.0010601295109979574
950,True,,,,,1.1045030078093987e-05,0.0,3.440532054810319e-06,1.7926093278219923e-05,0.0,0.0,0.0,0.0,2.8769659365934785e-07,0.0010577996203380462
951,True,,,,,1.3685605608770857e-06,0.0,4.0163916992241866e-07,2.1718387870350853e-06,0.0,0.0,0.0,0.0,9.406323187022281e-08,0.0010555154734670535
952,True,,,,,6.040641437721206e-06,0.0,2.9174705105106113e-06,1.1875582458742429e-05,0.0,0.0,0.0,0.0,3.136605641884671e-07,0.0010532770939060997
953,True,,,,,4.732125034934143e-06,0.0,1.3692188076674938e-06,7.47056265026913e-06,0.0,0.0,0.0,0.0,1.8759591569050826e-07,0.0010510845047050162
954,True,,,,,9.873308954411186e-06,0.0,3.3820597309386358e-06,1.6637428416288458e-05,0.0,0.0,0.0,0.0,1.969510776689276e-07,0.0010489377284421018
955,True,,,,,2.514458174118772e-05,0.0,1.0030165867647156e-05,4.5204913476482034e-05,0.0,0.0,0.0,0.0,6.638369995926041e-07,0.001046836787223898
956,True,,,,,4.8206829887931235e-06,0.0,2.5881515739456518e-06,9.996985681937076e-06,0.0,0.0,0.0,0.0,3.104382244600856e-07,0.0010447817026849556
957,True,,,,,1.1060154065489769e-05,0.0,4.877543233305914e-06,2.08152414415963e-05,0.0,0.0,0.0,0.0,3.552310943177872e-07,0.001042772495987614
958,True,,,,,1.9769795471802354e-06,0.0,4.997900191483495e-07,2.976559699163772e-06,0.0,0.0,0.0,0.0,1.1900002760967254e-07,0.0010408091878217843
959,True,,,,,3.6956996609660564e-06,0.0,9.587697604729328e-07,5.6132394092855975e-06,0.0,0.0,0.0,0.0,1.8847617866413202e-07,0.0010388917984047326
960,True,,,,,3.704325308717671e-06,0.0,5.819626380798582e-07,4.8682504711905494e-06,0.0,0.0,0.0,0.0,1.3181968938624777e-07,0.0010370203474808779
961,True,,,,,7.804628694429994e-06,0.0,2.909940121753607e-06,1.3624508937937208e-05,0.0,0.0,0.0,0.0,2.4188608449549065e-07,0.0010351948543215815
962,True,,,,,7.887697393016424e-06,0.0,2.637655143189477e-06,1.3163007679395378e-05,0.0,0.0,0.0,0.0,1.469431225586959e-07,0.0010334153377249552
963,True,,,,,4.8556858018855564e-06,0.0,1.1588621191549464e-06,7.173410267569125e-06,0.0,0.0,0.0,0.0,1.2863847587141208e-07,0.0010316818160156626
964,True,,,,,7.36906213205657e-06,0.0,2.3296165636566e-06,1.202829480462242e-05,0.0,0.0,0.0,0.0,2.376874732590295e-07,0.001029994307044734
965,True,,,,,1.7669884755378007e-06,0.0,4.5996236508472066e-07,2.686913148863823e-06,0.0,0.0,0.0,0.0,1.760638639325407e-07,0.0010283528281893805
966,True,,,,,2.2491178242489696e-05,0.0,9.215216778102331e-06,4.092161179869436e-05,0.0,0.0,0.0,0.0,5.847216471011052e-07,0.001026757396352815
967,True,,,,,3.4246731956955045e-06,0.0,1.9915357825084357e-06,7.407744760712376e-06,0.0,0.0,0.0,0.0,2.3302158069782308e-07,0.0010252080279640812
968,True,,,,,9.44284056458855e-06,0.0,3.638465159383486e-06,1.671977042860817e-05,0.0,0.0,0.0,0.0,3.3366572438353614e-07,0.001023704738977879
969,True,,,,,1.2053305908921175e-05,0.0,3.75891977455467e-06,1.9571145458030514e-05,0.0,0.0,0.0,0.0,2.9339111051740474e-07,0.0010222475448744056
970,True,,,,,2.7062391382060014e-05,0.0,1.0085400390380528e-05,4.723319216282107e-05,0.0,0.0,0.0,0.0,6.45060879378434e-07,0.0010208364606591927
971,True,,,,,5.980743935651844e-06,0.0,2.0395136743900366e-06,1.0059771739179268e-05,0.0,0.0,0.0,0.0,1.4347016019655712e-07,0.0010194715008629532
972,True,,,,,6.4718237808847334e-06,0.0,2.39892142417375e-06,1.1269667083979584e-05,0.0,0.0,0.0,0.0,1.9154794017595123e-07,0.0010181526795414312
973,True,,,,,3.0239843908930197e-06,0.0,7.779512998240534e-07,4.579886990541127e-06,0.0,0.0,0.0,0.0,1.5043103473999508e-07,0.0010168800102752574
974,True,,,,,2.999951902893372e-06,0.0,8.952089842750866e-07,4.790369985130383e-06,0.0,0.0,0.0,0.0,2.200562789766991e-07,0.0010156535061698105
975,True,,,,,2.0952325030521024e-06,0.0,7.375576274171181e-07,3.5703478715731762e-06,0.0,0.0,0.0,0.0,1.045170563429565e-07,0.0010144731798550802
976,True,,,,,5.35881827090634e-06,0.0,3.6416204238776118e-06,1.2642059118661564e-05,0.0,0.0,0.0,0.0,5.94850405377656e-07,0.0010133390434855375
977,True,,,,,2.471022708050441e-05,0.0,9.963076990970876e-06,4.463638106244616e-05,0.0,0.0,0.0,0.0,6.303984037003829e-07,0.0010122511087400097
978,True,,,,,4.8823890210769605e-06,0.0,2.7085675355920102e-06,1.029952363751363e-05,0.0,0.0,0.0,0.0,3.455745059000037e-07,0.001011209386821563
979,True,,,,,3.826143711194163e-06,0.0,6.422423552976397e-07,5.11062853547628e-06,0.0,0.0,0.0,0.0,1.5620112492342741e-07,0.0010102138884573817
980,True,,,,,8.371928743144963e-06,0.0,2.7539472284843214e-06,1.3879823200113606e-05,0.0,0.0,0.0,0.0,1.70680053201977e-07,0.0010092646238986623
981,True,,,,,2.5699371235532453e-06,0.0,8.18968089788541e-07,4.2078731894434895e-06,0.0,0.0,0.0,0.0,1.8737419793524168e-07,0.0010083616029205058
982,True,,,,,6.510151251859497e-06,0.0,2.912174295488512e-06,1.2334499842836522e-05,0.0,0.0,0.0,0.0,1.9470948586786108e-07,0.0010075048348218171
983,True,,,,,2.465733814460691e-06,0.0,8.13562735402229e-07,4.092859398951987e-06,0.0,0.0,0.0,0.0,2.0586890059348661e-07,0.001006694328425211
984,True,,,,,1.1677575457724743e-05,0.0,3.7390052511909744e-06,1.9155586414854042e-05,0.0,0.0,0.0,0.0,3.086073263602884e-07,0.0010059300920769185
985,True,,,,,3.886096692440333e-06,0.0,1.1658299854389043e-06,6.217756890691817e-06,0.0,0.0,0.0,0.0,2.2897999940596492e-07,0.001005212133646704
986,True,,,,,2.8013225801259978e-06,0.0,7.932599146442953e-07,4.387842636788264e-06,0.0,0.0,0.0,0.0,2.0542380241295177e-07,0.0010045404605277808
987,True,,,,,8.047680239542387e-06,0.0,2.3620357296749717e-06,1.2771752153639682e-05,0.0,0.0,0.0,0.0,1.5702821087870689e-07,0.0010039150796367375
988,True,,,,,6.510741059173597e-06,0.0,2.8197264327900484e-06,1.2150194379501045e-05,0.0,0.0,0.0,0.0,3.6773801070921763e-07,0.0010033359974134667
989,True,,,,,6.824506272096187e-06,0.0,2.060499355138745e-06,1.0945504982373677e-05,0.0,0.0,0.0,0.0,1.7230043170002318e-07,0.0010028032198210982
990,True,,,,,9.292640243074857e-06,0.0,4.204548531561159e-06,1.7701737306197174e-05,0.0,0.0,0.0,0.0,3.42034127243096e-07,0.0010023167523459363
991,True,,,,,2.2606323909712955e-05,0.0,9.392204447067343e-06,4.139073280384764e-05,0.0,0.0,0.0,0.0,5.824855975333776e-07,0.0010018765999974045
992,True,,,,,5.07376989844488e-06,0.0,1.559504880788154e-06,8.192779205273837e-06,0.0,0.0,0.0,0.0,2.1767797875327233e-07,0.0010014827673079955
993,True,,,,,5.270734163786983e-06,0.0,1.6406961549364496e-06,8.552126018912531e-06,0.0,0.0,0.0,0.0,1.3110370389313175e-07,0.0010011352583332214
994,True,,,,,5.658626378135523e-06,0.0,2.5108940917561995e-06,1.0680414561647922e-05,0.0,0.0,0.0,0.0,2.713562139433634e-07,0.0010008340766515733
995,True,,,,,8.808332495391369e-06,0.0,3.3046708267647773e-06,1.5417674148920923e-05,0.0,0.0,0.0,0.0,3.008877058618964e-07,0.0010005792253644865
996,True,,,,,1.8858136172639206e-06,0.0,6.395927698576997e-07,3.164999270666158e-06,0.0,0.0,0.0,0.0,1.4866284914205607e-07,0.0010003707070963045
997,True,,,,,1.1796075341408141e-05,0.0,5.193863671593135e-06,2.218380177509971e-05,0.0,0.0,0.0,0.0,3.187109882674122e-07,0.0010002085239942554
998,True,,,,,4.646270099328831e-06,0.0,8.389130812247458e-07,6.32409637546516e-06,0.0,0.0,0.0,0.0,1.1993461157544516e-07,0.0010000926777284276
999,True,,,,,2.2865926439408213e-05,0.0,9.216973921866156e-06,4.1299874283140525e-05,0.0,0.0,0.0,0.0,5.499115331986104e-07,0.0010000231694917542
1000,True,,,,,4.008806172350887e-06,0.0,9.312176985076803e-07,5.871241683053086e-06,0.0,0.0,0.0,0.0,1.3094397388613288e-07,0.001
