Log (environment setup, fixture, attack, evaluation): /home/jovyan/thinhnd39/quantization/output_attack/blind_run_20260922_071329_frewFQ.log
Preparing dedicated Conda environment wmq...
Environment Python: /opt/conda/envs/wmq/bin/python
Environment prefix: /opt/conda/envs/wmq
Pinned dependencies already installed; skipping downloads.
No broken requirements found.
Dependency imports and TorchVision binary check passed.
Using Python: /opt/conda/envs/wmq/bin/python
GPU: NVIDIA H200; torch=2.7.1+cu128; diffusers=0.35.1
Experiment profile: research; explicit CLI flags override its defaults.
[1/4] Preparing or reusing the pinned public Stable Signature fixture...
Reusing marked fixture: /home/jovyan/thinhnd39/quantization/output_artifacts/models/marked_sd21
Preparing public COCO natural images for the additional branches...
Natural image 1/5256: 000000053285.jpg
Natural image 2/5256: 000000393470.jpg
Natural image 3/5256: 000000124951.jpg
Natural image 4/5256: 000000310167.jpg
Natural image 5/5256: 000000201147.jpg
Natural image 6/5256: 000000378483.jpg
Natural image 7/5256: 000000285335.jpg
Natural image 8/5256: 000000550531.jpg
Natural image 9/5256: 000000334627.jpg
Natural image 10/5256: 000000228941.jpg
Natural image 11/5256: 000000446664.jpg
Natural image 12/5256: 000000483084.jpg
Natural image 13/5256: 000000382436.jpg
Natural image 14/5256: 000000245380.jpg
Natural image 15/5256: 000000256437.jpg
Natural image 16/5256: 000000208918.jpg
Natural image 17/5256: 000000101737.jpg
Natural image 18/5256: 000000283821.jpg
Natural image 19/5256: 000000180204.jpg
Natural image 20/5256: 000000298056.jpg
Natural image 21/5256: 000000537244.jpg
Natural image 22/5256: 000000105029.jpg
Natural image 23/5256: 000000111623.jpg
Natural image 24/5256: 000000554557.jpg
Natural image 25/5256: 000000208278.jpg
Natural image 26/5256: 000000312600.jpg
Natural image 27/5256: 000000026628.jpg
Natural image 28/5256: 000000104230.jpg
Natural image 29/5256: 000000260571.jpg
Natural image 30/5256: 000000525679.jpg
Natural image 31/5256: 000000037935.jpg
Natural image 32/5256: 000000023391.jpg
Natural image 33/5256: 000000152241.jpg
Natural image 34/5256: 000000530113.jpg
Natural image 35/5256: 000000222072.jpg
Natural image 36/5256: 000000458916.jpg
Natural image 37/5256: 000000519615.jpg
Natural image 38/5256: 000000275467.jpg
Natural image 39/5256: 000000501813.jpg
Natural image 40/5256: 000000128757.jpg
Natural image 41/5256: 000000199878.jpg
Natural image 42/5256: 000000466655.jpg
Natural image 43/5256: 000000555151.jpg
Natural image 44/5256: 000000545014.jpg
Natural image 45/5256: 000000532271.jpg
Natural image 46/5256: 000000437946.jpg
Natural image 47/5256: 000000012879.jpg
Natural image 48/5256: 000000359509.jpg
Natural image 49/5256: 000000444946.jpg
Natural image 50/5256: 000000234823.jpg
Natural image 51/5256: 000000315125.jpg
Natural image 52/5256: 000000077599.jpg
Natural image 53/5256: 000000227857.jpg
Natural image 54/5256: 000000389780.jpg
Natural image 55/5256: 000000112870.jpg
Natural image 56/5256: 000000005118.jpg
Natural image 57/5256: 000000077764.jpg
Natural image 58/5256: 000000030884.jpg
Natural image 59/5256: 000000280757.jpg
Natural image 60/5256: 000000149671.jpg
Natural image 61/5256: 000000162590.jpg
Natural image 62/5256: 000000575541.jpg
Natural image 63/5256: 000000219805.jpg
Natural image 64/5256: 000000250220.jpg
Natural image 65/5256: 000000476899.jpg
Natural image 66/5256: 000000025843.jpg
Natural image 67/5256: 000000092162.jpg
Natural image 68/5256: 000000531977.jpg
Natural image 69/5256: 000000003083.jpg
Natural image 70/5256: 000000006923.jpg
Natural image 71/5256: 000000073388.jpg
Natural image 72/5256: 000000442233.jpg
Natural image 73/5256: 000000155249.jpg
Natural image 74/5256: 000000188272.jpg
Natural image 75/5256: 000000320120.jpg
Natural image 76/5256: 000000383166.jpg
Natural image 77/5256: 000000136845.jpg
Natural image 78/5256: 000000560162.jpg
Natural image 79/5256: 000000551984.jpg
Natural image 80/5256: 000000167458.jpg
Natural image 81/5256: 000000335067.jpg
Natural image 82/5256: 000000073268.jpg
Natural image 83/5256: 000000103472.jpg
Natural image 84/5256: 000000114050.jpg
Natural image 85/5256: 000000368999.jpg
Natural image 86/5256: 000000460971.jpg
Natural image 87/5256: 000000066044.jpg
Natural image 88/5256: 000000002418.jpg
Natural image 89/5256: 000000101833.jpg
Natural image 90/5256: 000000371040.jpg
Natural image 91/5256: 000000461038.jpg
Natural image 92/5256: 000000207032.jpg
Natural image 93/5256: 000000101779.jpg
Natural image 94/5256: 000000273026.jpg
Natural image 95/5256: 000000223350.jpg
Natural image 96/5256: 000000434826.jpg
Natural image 97/5256: 000000359368.jpg
Natural image 98/5256: 000000219256.jpg
Natural image 99/5256: 000000294433.jpg
Natural image 100/5256: 000000061625.jpg
Natural image 101/5256: 000000454713.jpg
Natural image 102/5256: 000000170155.jpg
Natural image 103/5256: 000000051323.jpg
Natural image 104/5256: 000000511864.jpg
Natural image 105/5256: 000000371152.jpg
Natural image 106/5256: 000000352420.jpg
Natural image 107/5256: 000000222422.jpg
Natural image 108/5256: 000000310828.jpg
Natural image 109/5256: 000000176019.jpg
Natural image 110/5256: 000000441594.jpg
Natural image 111/5256: 000000112317.jpg
Natural image 112/5256: 000000465629.jpg
Natural image 113/5256: 000000364328.jpg
Natural image 114/5256: 000000373551.jpg
Natural image 115/5256: 000000510165.jpg
Natural image 116/5256: 000000054208.jpg
Natural image 117/5256: 000000291670.jpg
Natural image 118/5256: 000000000660.jpg
Natural image 119/5256: 000000228866.jpg
Natural image 120/5256: 000000242101.jpg
Natural image 121/5256: 000000429489.jpg
Natural image 122/5256: 000000441170.jpg
Natural image 123/5256: 000000565990.jpg
Natural image 124/5256: 000000486958.jpg
Natural image 125/5256: 000000481881.jpg
Natural image 126/5256: 000000425424.jpg
Natural image 127/5256: 000000243326.jpg
Natural image 128/5256: 000000256724.jpg
Natural image 129/5256: 000000367340.jpg
Natural image 130/5256: 000000281041.jpg
Natural image 131/5256: 000000103475.jpg
Natural image 132/5256: 000000062751.jpg
Natural image 133/5256: 000000266971.jpg
Natural image 134/5256: 000000502070.jpg
Natural image 135/5256: 000000106977.jpg
Natural image 136/5256: 000000404251.jpg
Natural image 137/5256: 000000426977.jpg
Natural image 138/5256: 000000439804.jpg
Natural image 139/5256: 000000268524.jpg
Natural image 140/5256: 000000028726.jpg
Natural image 141/5256: 000000536792.jpg
Natural image 142/5256: 000000480597.jpg
Natural image 143/5256: 000000497120.jpg
Natural image 144/5256: 000000274119.jpg
Natural image 145/5256: 000000082915.jpg
Natural image 146/5256: 000000571320.jpg
Natural image 147/5256: 000000266733.jpg
Natural image 148/5256: 000000283156.jpg
Natural image 149/5256: 000000534660.jpg
Natural image 150/5256: 000000555601.jpg
Natural image 151/5256: 000000232970.jpg
Natural image 152/5256: 000000319138.jpg
Natural image 153/5256: 000000232397.jpg
Natural image 154/5256: 000000484374.jpg
Natural image 155/5256: 000000540305.jpg
Natural image 156/5256: 000000339752.jpg
Natural image 157/5256: 000000214602.jpg
Natural image 158/5256: 000000490163.jpg
Natural image 159/5256: 000000258312.jpg
Natural image 160/5256: 000000462600.jpg
Natural image 161/5256: 000000576164.jpg
Natural image 162/5256: 000000424892.jpg
Natural image 163/5256: 000000366530.jpg
Natural image 164/5256: 000000515994.jpg
Natural image 165/5256: 000000426067.jpg
Natural image 166/5256: 000000071974.jpg
Natural image 167/5256: 000000113538.jpg
Natural image 168/5256: 000000123735.jpg
Natural image 169/5256: 000000337057.jpg
Natural image 170/5256: 000000542367.jpg
Natural image 171/5256: 000000223589.jpg
Natural image 172/5256: 000000058903.jpg
Natural image 173/5256: 000000287665.jpg
Natural image 174/5256: 000000129469.jpg
Natural image 175/5256: 000000253359.jpg
Natural image 176/5256: 000000500958.jpg
Natural image 177/5256: 000000239024.jpg
Natural image 178/5256: 000000459553.jpg
Natural image 179/5256: 000000468710.jpg
Natural image 180/5256: 000000368911.jpg
Natural image 181/5256: 000000072665.jpg
Natural image 182/5256: 000000423059.jpg
Natural image 183/5256: 000000306977.jpg
Natural image 184/5256: 000000410513.jpg
Natural image 185/5256: 000000519654.jpg
Natural image 186/5256: 000000018954.jpg
Natural image 187/5256: 000000349764.jpg
Natural image 188/5256: 000000269875.jpg
Natural image 189/5256: 000000096871.jpg
Natural image 190/5256: 000000274579.jpg
Natural image 191/5256: 000000257070.jpg
Natural image 192/5256: 000000139918.jpg
Natural image 193/5256: 000000382526.jpg
Natural image 194/5256: 000000468459.jpg
Natural image 195/5256: 000000385395.jpg
Natural image 196/5256: 000000127197.jpg
Natural image 197/5256: 000000103385.jpg
Natural image 198/5256: 000000136923.jpg
Natural image 199/5256: 000000030798.jpg
Natural image 200/5256: 000000347103.jpg
Natural image 201/5256: 000000135711.jpg
Natural image 202/5256: 000000418245.jpg
Natural image 203/5256: 000000551534.jpg
Natural image 204/5256: 000000513590.jpg
Natural image 205/5256: 000000294684.jpg
Natural image 206/5256: 000000011731.jpg
Natural image 207/5256: 000000090183.jpg
Natural image 208/5256: 000000179449.jpg
Natural image 209/5256: 000000128200.jpg
Natural image 210/5256: 000000315674.jpg
Natural image 211/5256: 000000543682.jpg
Natural image 212/5256: 000000386735.jpg
Natural image 213/5256: 000000038182.jpg
Natural image 214/5256: 000000393334.jpg
Natural image 215/5256: 000000533352.jpg
Natural image 216/5256: 000000213087.jpg
Natural image 217/5256: 000000557099.jpg
Natural image 218/5256: 000000205051.jpg
Natural image 219/5256: 000000249639.jpg
Natural image 220/5256: 000000431963.jpg
Natural image 221/5256: 000000076279.jpg
Natural image 222/5256: 000000105503.jpg
Natural image 223/5256: 000000382809.jpg
Natural image 224/5256: 000000269906.jpg
Natural image 225/5256: 000000436380.jpg
Natural image 226/5256: 000000376626.jpg
Natural image 227/5256: 000000438033.jpg
Natural image 228/5256: 000000411942.jpg
Natural image 229/5256: 000000005148.jpg
Natural image 230/5256: 000000243433.jpg
Natural image 231/5256: 000000460754.jpg
Natural image 232/5256: 000000556446.jpg
Natural image 233/5256: 000000276126.jpg
Natural image 234/5256: 000000373233.jpg
Natural image 235/5256: 000000036283.jpg
Natural image 236/5256: 000000220500.jpg
Natural image 237/5256: 000000512278.jpg
Natural image 238/5256: 000000462586.jpg
Natural image 239/5256: 000000444707.jpg
Natural image 240/5256: 000000575767.jpg
Natural image 241/5256: 000000261456.jpg
Natural image 242/5256: 000000475178.jpg
Natural image 243/5256: 000000066419.jpg
Natural image 244/5256: 000000096584.jpg
Natural image 245/5256: 000000079105.jpg
Natural image 246/5256: 000000564327.jpg
Natural image 247/5256: 000000490528.jpg
Natural image 248/5256: 000000186704.jpg
Natural image 249/5256: 000000345201.jpg
Natural image 250/5256: 000000555610.jpg
Natural image 251/5256: 000000193199.jpg
Natural image 252/5256: 000000253979.jpg
Natural image 253/5256: 000000073041.jpg
Natural image 254/5256: 000000136357.jpg
Natural image 255/5256: 000000524481.jpg
Natural image 256/5256: 000000314314.jpg
Natural image 257/5256: 000000396985.jpg
Natural image 258/5256: 000000495511.jpg
Natural image 259/5256: 000000484943.jpg
Natural image 260/5256: 000000579810.jpg
Natural image 261/5256: 000000302557.jpg
Natural image 262/5256: 000000049831.jpg
Natural image 263/5256: 000000231250.jpg
Natural image 264/5256: 000000021230.jpg
Natural image 265/5256: 000000458947.jpg
Natural image 266/5256: 000000275689.jpg
Natural image 267/5256: 000000282536.jpg
Natural image 268/5256: 000000148618.jpg
Natural image 269/5256: 000000093238.jpg
Natural image 270/5256: 000000373759.jpg
Natural image 271/5256: 000000059018.jpg
Natural image 272/5256: 000000224748.jpg
Natural image 273/5256: 000000051072.jpg
Natural image 274/5256: 000000228269.jpg
Natural image 275/5256: 000000147641.jpg
Natural image 276/5256: 000000291398.jpg
Natural image 277/5256: 000000252040.jpg
Natural image 278/5256: 000000030582.jpg
Natural image 279/5256: 000000457747.jpg
Natural image 280/5256: 000000205849.jpg
Natural image 281/5256: 000000215352.jpg
Natural image 282/5256: 000000159556.jpg
Natural image 283/5256: 000000326323.jpg
Natural image 284/5256: 000000406702.jpg
Natural image 285/5256: 000000507500.jpg
Natural image 286/5256: 000000353854.jpg
Natural image 287/5256: 000000158177.jpg
Natural image 288/5256: 000000524251.jpg
Natural image 289/5256: 000000500047.jpg
Natural image 290/5256: 000000575342.jpg
Natural image 291/5256: 000000075381.jpg
Natural image 292/5256: 000000004366.jpg
Natural image 293/5256: 000000132809.jpg
Natural image 294/5256: 000000262625.jpg
Natural image 295/5256: 000000579182.jpg
Natural image 296/5256: 000000255127.jpg
Natural image 297/5256: 000000272565.jpg
Natural image 298/5256: 000000572281.jpg
Natural image 299/5256: 000000520999.jpg
Natural image 300/5256: 000000023627.jpg
Natural image 301/5256: 000000523595.jpg
Natural image 302/5256: 000000155339.jpg
Natural image 303/5256: 000000050886.jpg
Natural image 304/5256: 000000170800.jpg
Natural image 305/5256: 000000267368.jpg
Natural image 306/5256: 000000324363.jpg
Natural image 307/5256: 000000251673.jpg
Natural image 308/5256: 000000403503.jpg
Natural image 309/5256: 000000089302.jpg
Natural image 310/5256: 000000395615.jpg
Natural image 311/5256: 000000401186.jpg
Natural image 312/5256: 000000305951.jpg
Natural image 313/5256: 000000001848.jpg
Natural image 314/5256: 000000410897.jpg
Natural image 315/5256: 000000102425.jpg
Natural image 316/5256: 000000494082.jpg
Natural image 317/5256: 000000506891.jpg
Natural image 318/5256: 000000028136.jpg
Natural image 319/5256: 000000506089.jpg
Natural image 320/5256: 000000270712.jpg
Natural image 321/5256: 000000257593.jpg
Natural image 322/5256: 000000371386.jpg
Natural image 323/5256: 000000252796.jpg
Natural image 324/5256: 000000478421.jpg
Natural image 325/5256: 000000498154.jpg
Natural image 326/5256: 000000313621.jpg
Natural image 327/5256: 000000429785.jpg
Natural image 328/5256: 000000014550.jpg
Natural image 329/5256: 000000365395.jpg
Natural image 330/5256: 000000092019.jpg
Natural image 331/5256: 000000170197.jpg
Natural image 332/5256: 000000498634.jpg
Natural image 333/5256: 000000164336.jpg
Natural image 334/5256: 000000265204.jpg
Natural image 335/5256: 000000476640.jpg
Natural image 336/5256: 000000047321.jpg
Natural image 337/5256: 000000362678.jpg
Natural image 338/5256: 000000199148.jpg
Natural image 339/5256: 000000122545.jpg
Natural image 340/5256: 000000045321.jpg
Natural image 341/5256: 000000171531.jpg
Natural image 342/5256: 000000455919.jpg
Natural image 343/5256: 000000569894.jpg
Natural image 344/5256: 000000142193.jpg
Natural image 345/5256: 000000459133.jpg
Natural image 346/5256: 000000115255.jpg
Natural image 347/5256: 000000193035.jpg
Natural image 348/5256: 000000321523.jpg
Natural image 349/5256: 000000123303.jpg
Natural image 350/5256: 000000096666.jpg
Natural image 351/5256: 000000191865.jpg
Natural image 352/5256: 000000297784.jpg
Natural image 353/5256: 000000394707.jpg
Natural image 354/5256: 000000337346.jpg
Natural image 355/5256: 000000532528.jpg
Natural image 356/5256: 000000082717.jpg
Natural image 357/5256: 000000188665.jpg
Natural image 358/5256: 000000391171.jpg
Natural image 359/5256: 000000062026.jpg
Natural image 360/5256: 000000100004.jpg
Natural image 361/5256: 000000221980.jpg
Natural image 362/5256: 000000026927.jpg
Natural image 363/5256: 000000430571.jpg
Natural image 364/5256: 000000349015.jpg
Natural image 365/5256: 000000165434.jpg
Natural image 366/5256: 000000262829.jpg
Natural image 367/5256: 000000241829.jpg
Natural image 368/5256: 000000538271.jpg
Natural image 369/5256: 000000085638.jpg
Natural image 370/5256: 000000440148.jpg
Natural image 371/5256: 000000459287.jpg
Natural image 372/5256: 000000511788.jpg
Natural image 373/5256: 000000433319.jpg
Natural image 374/5256: 000000355201.jpg
Natural image 375/5256: 000000408793.jpg
Natural image 376/5256: 000000051974.jpg
Natural image 377/5256: 000000214317.jpg
Natural image 378/5256: 000000374952.jpg
Natural image 379/5256: 000000268069.jpg
Natural image 380/5256: 000000209095.jpg
Natural image 381/5256: 000000050237.jpg
Natural image 382/5256: 000000211324.jpg
Natural image 383/5256: 000000229699.jpg
Natural image 384/5256: 000000474309.jpg
Natural image 385/5256: 000000466200.jpg
Natural image 386/5256: 000000567860.jpg
Natural image 387/5256: 000000532894.jpg
Natural image 388/5256: 000000518532.jpg
Natural image 389/5256: 000000011379.jpg
Natural image 390/5256: 000000431815.jpg
Natural image 391/5256: 000000009004.jpg
Natural image 392/5256: 000000250964.jpg
Natural image 393/5256: 000000182633.jpg
Natural image 394/5256: 000000255198.jpg
Natural image 395/5256: 000000510817.jpg
Natural image 396/5256: 000000078022.jpg
Natural image 397/5256: 000000521791.jpg
Natural image 398/5256: 000000429961.jpg
Natural image 399/5256: 000000089960.jpg
Natural image 400/5256: 000000050630.jpg
Natural image 401/5256: 000000280645.jpg
Natural image 402/5256: 000000284869.jpg
Natural image 403/5256: 000000378713.jpg
Natural image 404/5256: 000000379325.jpg
Natural image 405/5256: 000000581264.jpg
Natural image 406/5256: 000000498452.jpg
Natural image 407/5256: 000000056447.jpg
Natural image 408/5256: 000000165285.jpg
Natural image 409/5256: 000000180453.jpg
Natural image 410/5256: 000000516746.jpg
Natural image 411/5256: 000000260776.jpg
Natural image 412/5256: 000000262881.jpg
Natural image 413/5256: 000000513183.jpg
Natural image 414/5256: 000000450437.jpg
Natural image 415/5256: 000000473173.jpg
Natural image 416/5256: 000000260988.jpg
Natural image 417/5256: 000000495844.jpg
Natural image 418/5256: 000000081370.jpg
Natural image 419/5256: 000000002487.jpg
Natural image 420/5256: 000000163893.jpg
Natural image 421/5256: 000000506423.jpg
Natural image 422/5256: 000000434732.jpg
Natural image 423/5256: 000000540443.jpg
Natural image 424/5256: 000000217300.jpg
Natural image 425/5256: 000000052451.jpg
Natural image 426/5256: 000000067701.jpg
Natural image 427/5256: 000000056194.jpg
Natural image 428/5256: 000000506259.jpg
Natural image 429/5256: 000000155875.jpg
Natural image 430/5256: 000000147248.jpg
Natural image 431/5256: 000000351015.jpg
Natural image 432/5256: 000000258097.jpg
Natural image 433/5256: 000000411318.jpg
Natural image 434/5256: 000000376586.jpg
Natural image 435/5256: 000000348169.jpg
Natural image 436/5256: 000000139619.jpg
Natural image 437/5256: 000000360941.jpg
Natural image 438/5256: 000000282513.jpg
Natural image 439/5256: 000000562716.jpg
Natural image 440/5256: 000000386839.jpg
Natural image 441/5256: 000000043208.jpg
Natural image 442/5256: 000000119004.jpg
Natural image 443/5256: 000000205341.jpg
Natural image 444/5256: 000000190965.jpg
Natural image 445/5256: 000000483340.jpg
Natural image 446/5256: 000000093846.jpg
Natural image 447/5256: 000000023198.jpg
Natural image 448/5256: 000000436373.jpg
Natural image 449/5256: 000000498025.jpg
Natural image 450/5256: 000000315747.jpg
Natural image 451/5256: 000000572612.jpg
Natural image 452/5256: 000000280735.jpg
Natural image 453/5256: 000000404317.jpg
Natural image 454/5256: 000000147456.jpg
Natural image 455/5256: 000000194861.jpg
Natural image 456/5256: 000000192604.jpg
Natural image 457/5256: 000000417670.jpg
Natural image 458/5256: 000000405424.jpg
Natural image 459/5256: 000000148418.jpg
Natural image 460/5256: 000000064959.jpg
Natural image 461/5256: 000000324481.jpg
Natural image 462/5256: 000000203939.jpg
Natural image 463/5256: 000000183998.jpg
Natural image 464/5256: 000000279351.jpg
Natural image 465/5256: 000000343856.jpg
Natural image 466/5256: 000000276011.jpg
Natural image 467/5256: 000000050853.jpg
Natural image 468/5256: 000000256790.jpg
Natural image 469/5256: 000000552046.jpg
Natural image 470/5256: 000000286290.jpg
Natural image 471/5256: 000000060398.jpg
Natural image 472/5256: 000000220246.jpg
Natural image 473/5256: 000000092454.jpg
Natural image 474/5256: 000000271631.jpg
Natural image 475/5256: 000000359819.jpg
Natural image 476/5256: 000000028501.jpg
Natural image 477/5256: 000000416280.jpg
Natural image 478/5256: 000000062180.jpg
Natural image 479/5256: 000000457220.jpg
Natural image 480/5256: 000000047549.jpg
Natural image 481/5256: 000000096362.jpg
Natural image 482/5256: 000000011033.jpg
Natural image 483/5256: 000000354550.jpg
Natural image 484/5256: 000000123016.jpg
Natural image 485/5256: 000000355271.jpg
Natural image 486/5256: 000000016484.jpg
Natural image 487/5256: 000000025338.jpg
Natural image 488/5256: 000000249793.jpg
Natural image 489/5256: 000000516887.jpg
Natural image 490/5256: 000000299990.jpg
Natural image 491/5256: 000000256187.jpg
Natural image 492/5256: 000000165210.jpg
Natural image 493/5256: 000000207069.jpg
Natural image 494/5256: 000000430424.jpg
Natural image 495/5256: 000000581498.jpg
Natural image 496/5256: 000000257876.jpg
Natural image 497/5256: 000000411983.jpg
Natural image 498/5256: 000000094694.jpg
Natural image 499/5256: 000000389501.jpg
Natural image 500/5256: 000000093265.jpg
Natural image 501/5256: 000000396803.jpg
Natural image 502/5256: 000000522565.jpg
Natural image 503/5256: 000000548414.jpg
Natural image 504/5256: 000000554880.jpg
Natural image 505/5256: 000000555262.jpg
Natural image 506/5256: 000000051061.jpg
Natural image 507/5256: 000000551239.jpg
Natural image 508/5256: 000000404836.jpg
Natural image 509/5256: 000000094007.jpg
Natural image 510/5256: 000000186292.jpg
Natural image 511/5256: 000000536128.jpg
Natural image 512/5256: 000000074708.jpg
Natural image 513/5256: 000000026933.jpg
Natural image 514/5256: 000000351927.jpg
Natural image 515/5256: 000000473761.jpg
Natural image 516/5256: 000000239534.jpg
Natural image 517/5256: 000000364605.jpg
Natural image 518/5256: 000000411376.jpg
Natural image 519/5256: 000000005138.jpg
Natural image 520/5256: 000000379431.jpg
Natural image 521/5256: 000000358371.jpg
Natural image 522/5256: 000000460217.jpg
Natural image 523/5256: 000000469162.jpg
Natural image 524/5256: 000000290823.jpg
Natural image 525/5256: 000000453234.jpg
Natural image 526/5256: 000000024533.jpg
Natural image 527/5256: 000000312604.jpg
Natural image 528/5256: 000000401102.jpg
Natural image 529/5256: 000000360276.jpg
Natural image 530/5256: 000000522281.jpg
Natural image 531/5256: 000000281925.jpg
Natural image 532/5256: 000000030144.jpg
Natural image 533/5256: 000000042910.jpg
Natural image 534/5256: 000000379851.jpg
Natural image 535/5256: 000000163735.jpg
Natural image 536/5256: 000000238953.jpg
Natural image 537/5256: 000000058352.jpg
Natural image 538/5256: 000000029636.jpg
Natural image 539/5256: 000000142417.jpg
Natural image 540/5256: 000000421501.jpg
Natural image 541/5256: 000000468126.jpg
Natural image 542/5256: 000000534160.jpg
Natural image 543/5256: 000000391841.jpg
Natural image 544/5256: 000000097241.jpg
Natural image 545/5256: 000000577495.jpg
Natural image 546/5256: 000000124941.jpg
Natural image 547/5256: 000000067842.jpg
Natural image 548/5256: 000000285495.jpg
Natural image 549/5256: 000000481601.jpg
Natural image 550/5256: 000000140669.jpg
Natural image 551/5256: 000000363526.jpg
Natural image 552/5256: 000000156536.jpg
Natural image 553/5256: 000000394093.jpg
Natural image 554/5256: 000000497373.jpg
Natural image 555/5256: 000000009549.jpg
Natural image 556/5256: 000000194854.jpg
Natural image 557/5256: 000000227136.jpg
Natural image 558/5256: 000000419140.jpg
Natural image 559/5256: 000000546563.jpg
Natural image 560/5256: 000000337399.jpg
Natural image 561/5256: 000000032596.jpg
Natural image 562/5256: 000000523227.jpg
Natural image 563/5256: 000000544357.jpg
Natural image 564/5256: 000000242632.jpg
Natural image 565/5256: 000000318650.jpg
Natural image 566/5256: 000000186610.jpg
Natural image 567/5256: 000000378315.jpg
Natural image 568/5256: 000000536082.jpg
Natural image 569/5256: 000000016618.jpg
Natural image 570/5256: 000000453073.jpg
Natural image 571/5256: 000000007843.jpg
Natural image 572/5256: 000000129588.jpg
Natural image 573/5256: 000000082049.jpg
Natural image 574/5256: 000000059940.jpg
Natural image 575/5256: 000000341515.jpg
Natural image 576/5256: 000000510653.jpg
Natural image 577/5256: 000000433131.jpg
Natural image 578/5256: 000000409151.jpg
Natural image 579/5256: 000000254424.jpg
Natural image 580/5256: 000000149466.jpg
Natural image 581/5256: 000000551008.jpg
Natural image 582/5256: 000000541070.jpg
Natural image 583/5256: 000000398614.jpg
Natural image 584/5256: 000000175246.jpg
Natural image 585/5256: 000000114747.jpg
Natural image 586/5256: 000000386150.jpg
Natural image 587/5256: 000000153402.jpg
Natural image 588/5256: 000000261675.jpg
Natural image 589/5256: 000000496973.jpg
Natural image 590/5256: 000000144342.jpg
Natural image 591/5256: 000000204642.jpg
Natural image 592/5256: 000000120263.jpg
Natural image 593/5256: 000000525919.jpg
Natural image 594/5256: 000000451203.jpg
Natural image 595/5256: 000000247010.jpg
Natural image 596/5256: 000000355524.jpg
Natural image 597/5256: 000000422012.jpg
Natural image 598/5256: 000000275176.jpg
Natural image 599/5256: 000000500397.jpg
Natural image 600/5256: 000000146461.jpg
Natural image 601/5256: 000000407858.jpg
Natural image 602/5256: 000000187512.jpg
Natural image 603/5256: 000000342119.jpg
Natural image 604/5256: 000000484558.jpg
Natural image 605/5256: 000000032532.jpg
Natural image 606/5256: 000000035923.jpg
Natural image 607/5256: 000000477546.jpg
Natural image 608/5256: 000000416365.jpg
Natural image 609/5256: 000000067649.jpg
Natural image 610/5256: 000000046721.jpg
Natural image 611/5256: 000000163899.jpg
Natural image 612/5256: 000000249342.jpg
Natural image 613/5256: 000000090630.jpg
Natural image 614/5256: 000000466204.jpg
Natural image 615/5256: 000000237400.jpg
Natural image 616/5256: 000000295209.jpg
Natural image 617/5256: 000000503039.jpg
Natural image 618/5256: 000000361081.jpg
Natural image 619/5256: 000000558980.jpg
Natural image 620/5256: 000000349831.jpg
Natural image 621/5256: 000000141733.jpg
Natural image 622/5256: 000000201771.jpg
Natural image 623/5256: 000000446245.jpg
Natural image 624/5256: 000000241938.jpg
Natural image 625/5256: 000000351436.jpg
Natural image 626/5256: 000000258087.jpg
Natural image 627/5256: 000000169551.jpg
Natural image 628/5256: 000000341181.jpg
Natural image 629/5256: 000000136024.jpg
Natural image 630/5256: 000000143004.jpg
Natural image 631/5256: 000000037738.jpg
Natural image 632/5256: 000000109925.jpg
Natural image 633/5256: 000000364735.jpg
Natural image 634/5256: 000000306615.jpg
Natural image 635/5256: 000000568376.jpg
Natural image 636/5256: 000000133993.jpg
Natural image 637/5256: 000000581342.jpg
Natural image 638/5256: 000000238328.jpg
Natural image 639/5256: 000000186664.jpg
Natural image 640/5256: 000000131346.jpg
Natural image 641/5256: 000000367015.jpg
Natural image 642/5256: 000000046873.jpg
Natural image 643/5256: 000000205692.jpg
Natural image 644/5256: 000000565095.jpg
Natural image 645/5256: 000000172641.jpg
Natural image 646/5256: 000000118701.jpg
Natural image 647/5256: 000000004790.jpg
Natural image 648/5256: 000000006502.jpg
Natural image 649/5256: 000000285107.jpg
Natural image 650/5256: 000000396096.jpg
Natural image 651/5256: 000000518193.jpg
Natural image 652/5256: 000000469269.jpg
Natural image 653/5256: 000000366483.jpg
Natural image 654/5256: 000000146549.jpg
Natural image 655/5256: 000000175614.jpg
Natural image 656/5256: 000000226706.jpg
Natural image 657/5256: 000000464773.jpg
Natural image 658/5256: 000000210358.jpg
Natural image 659/5256: 000000137760.jpg
Natural image 660/5256: 000000076692.jpg
Natural image 661/5256: 000000523828.jpg
Natural image 662/5256: 000000327208.jpg
Natural image 663/5256: 000000551844.jpg
Natural image 664/5256: 000000124853.jpg
Natural image 665/5256: 000000022814.jpg
Natural image 666/5256: 000000513182.jpg
Natural image 667/5256: 000000408637.jpg
Natural image 668/5256: 000000471892.jpg
Natural image 669/5256: 000000216354.jpg
Natural image 670/5256: 000000265732.jpg
Natural image 671/5256: 000000019006.jpg
Natural image 672/5256: 000000394250.jpg
Natural image 673/5256: 000000502721.jpg
Natural image 674/5256: 000000457295.jpg
Natural image 675/5256: 000000309486.jpg
Natural image 676/5256: 000000154120.jpg
Natural image 677/5256: 000000100361.jpg
Natural image 678/5256: 000000332422.jpg
Natural image 679/5256: 000000013695.jpg
Natural image 680/5256: 000000548774.jpg
Natural image 681/5256: 000000045530.jpg
Natural image 682/5256: 000000456795.jpg
Natural image 683/5256: 000000184704.jpg
Natural image 684/5256: 000000196337.jpg
Natural image 685/5256: 000000160951.jpg
Natural image 686/5256: 000000295710.jpg
Natural image 687/5256: 000000260897.jpg
Natural image 688/5256: 000000353689.jpg
Natural image 689/5256: 000000442676.jpg
Natural image 690/5256: 000000575423.jpg
Natural image 691/5256: 000000510231.jpg
Natural image 692/5256: 000000466127.jpg
Natural image 693/5256: 000000330541.jpg
Natural image 694/5256: 000000307035.jpg
Natural image 695/5256: 000000117894.jpg
Natural image 696/5256: 000000287283.jpg
Natural image 697/5256: 000000131848.jpg
Natural image 698/5256: 000000461807.jpg
Natural image 699/5256: 000000134828.jpg
Natural image 700/5256: 000000572044.jpg
Natural image 701/5256: 000000330953.jpg
Natural image 702/5256: 000000496988.jpg
Natural image 703/5256: 000000092497.jpg
Natural image 704/5256: 000000424934.jpg
Natural image 705/5256: 000000336803.jpg
Natural image 706/5256: 000000103072.jpg
Natural image 707/5256: 000000304090.jpg
Natural image 708/5256: 000000100214.jpg
Natural image 709/5256: 000000037443.jpg
Natural image 710/5256: 000000415156.jpg
Natural image 711/5256: 000000430018.jpg
Natural image 712/5256: 000000394661.jpg
Natural image 713/5256: 000000079040.jpg
Natural image 714/5256: 000000472315.jpg
Natural image 715/5256: 000000528300.jpg
Natural image 716/5256: 000000515137.jpg
Natural image 717/5256: 000000354060.jpg
Natural image 718/5256: 000000550938.jpg
Natural image 719/5256: 000000146932.jpg
Natural image 720/5256: 000000200102.jpg
Natural image 721/5256: 000000471374.jpg
Natural image 722/5256: 000000263387.jpg
Natural image 723/5256: 000000160359.jpg
Natural image 724/5256: 000000116319.jpg
Natural image 725/5256: 000000439212.jpg
Natural image 726/5256: 000000258606.jpg
Natural image 727/5256: 000000094269.jpg
Natural image 728/5256: 000000369583.jpg
Natural image 729/5256: 000000439966.jpg
Natural image 730/5256: 000000202380.jpg
Natural image 731/5256: 000000302747.jpg
Natural image 732/5256: 000000064711.jpg
Natural image 733/5256: 000000412591.jpg
Natural image 734/5256: 000000137720.jpg
Natural image 735/5256: 000000469453.jpg
Natural image 736/5256: 000000435780.jpg
Natural image 737/5256: 000000453364.jpg
Natural image 738/5256: 000000011394.jpg
Natural image 739/5256: 000000038535.jpg
Natural image 740/5256: 000000375793.jpg
Natural image 741/5256: 000000085667.jpg
Natural image 742/5256: 000000208694.jpg
Natural image 743/5256: 000000138259.jpg
Natural image 744/5256: 000000549514.jpg
Natural image 745/5256: 000000197438.jpg
Natural image 746/5256: 000000038150.jpg
Natural image 747/5256: 000000087187.jpg
Natural image 748/5256: 000000116506.jpg
Natural image 749/5256: 000000142180.jpg
Natural image 750/5256: 000000567623.jpg
Natural image 751/5256: 000000250661.jpg
Natural image 752/5256: 000000452629.jpg
Natural image 753/5256: 000000380796.jpg
Natural image 754/5256: 000000207285.jpg
Natural image 755/5256: 000000132346.jpg
Natural image 756/5256: 000000456209.jpg
Natural image 757/5256: 000000553281.jpg
Natural image 758/5256: 000000576852.jpg
Natural image 759/5256: 000000128702.jpg
Natural image 760/5256: 000000411169.jpg
Natural image 761/5256: 000000385282.jpg
Natural image 762/5256: 000000074161.jpg
Natural image 763/5256: 000000090688.jpg
Natural image 764/5256: 000000218896.jpg
Natural image 765/5256: 000000420592.jpg
Natural image 766/5256: 000000081909.jpg
Natural image 767/5256: 000000230860.jpg
Natural image 768/5256: 000000283230.jpg
Natural image 769/5256: 000000503297.jpg
Natural image 770/5256: 000000446665.jpg
Natural image 771/5256: 000000321840.jpg
Natural image 772/5256: 000000200127.jpg
Natural image 773/5256: 000000039059.jpg
Natural image 774/5256: 000000482154.jpg
Natural image 775/5256: 000000226279.jpg
Natural image 776/5256: 000000158188.jpg
Natural image 777/5256: 000000228258.jpg
Natural image 778/5256: 000000245321.jpg
Natural image 779/5256: 000000033043.jpg
Natural image 780/5256: 000000156734.jpg
Natural image 781/5256: 000000295354.jpg
Natural image 782/5256: 000000493160.jpg
Natural image 783/5256: 000000054438.jpg
Natural image 784/5256: 000000529736.jpg
Natural image 785/5256: 000000538139.jpg
Natural image 786/5256: 000000436650.jpg
Natural image 787/5256: 000000504912.jpg
Natural image 788/5256: 000000500556.jpg
Natural image 789/5256: 000000415584.jpg
Natural image 790/5256: 000000493258.jpg
Natural image 791/5256: 000000196166.jpg
Natural image 792/5256: 000000410057.jpg
Natural image 793/5256: 000000319589.jpg
Natural image 794/5256: 000000409901.jpg
Natural image 795/5256: 000000541689.jpg
Natural image 796/5256: 000000523285.jpg
Natural image 797/5256: 000000091088.jpg
Natural image 798/5256: 000000099763.jpg
Natural image 799/5256: 000000279381.jpg
Natural image 800/5256: 000000533658.jpg
Natural image 801/5256: 000000491404.jpg
Natural image 802/5256: 000000391407.jpg
Natural image 803/5256: 000000118861.jpg
Natural image 804/5256: 000000114031.jpg
Natural image 805/5256: 000000046565.jpg
Natural image 806/5256: 000000041409.jpg
Natural image 807/5256: 000000570161.jpg
Natural image 808/5256: 000000485920.jpg
Natural image 809/5256: 000000109741.jpg
Natural image 810/5256: 000000186698.jpg
Natural image 811/5256: 000000506676.jpg
Natural image 812/5256: 000000274173.jpg
Natural image 813/5256: 000000370937.jpg
Natural image 814/5256: 000000566235.jpg
Natural image 815/5256: 000000084027.jpg
Natural image 816/5256: 000000382851.jpg
Natural image 817/5256: 000000259206.jpg
Natural image 818/5256: 000000283219.jpg
Natural image 819/5256: 000000361188.jpg
Natural image 820/5256: 000000121362.jpg
Natural image 821/5256: 000000203374.jpg
Natural image 822/5256: 000000403690.jpg
Natural image 823/5256: 000000236160.jpg
Natural image 824/5256: 000000133177.jpg
Natural image 825/5256: 000000134264.jpg
Natural image 826/5256: 000000019105.jpg
Natural image 827/5256: 000000155503.jpg
Natural image 828/5256: 000000351064.jpg
Natural image 829/5256: 000000445391.jpg
Natural image 830/5256: 000000509003.jpg
Natural image 831/5256: 000000081306.jpg
Natural image 832/5256: 000000292423.jpg
Natural image 833/5256: 000000473123.jpg
Natural image 834/5256: 000000329436.jpg
Natural image 835/5256: 000000332565.jpg
Natural image 836/5256: 000000007292.jpg
Natural image 837/5256: 000000197664.jpg
Natural image 838/5256: 000000304955.jpg
Natural image 839/5256: 000000042284.jpg
Natural image 840/5256: 000000479770.jpg
Natural image 841/5256: 000000310003.jpg
Natural image 842/5256: 000000109288.jpg
Natural image 843/5256: 000000436257.jpg
Natural image 844/5256: 000000444458.jpg
Natural image 845/5256: 000000325698.jpg
Natural image 846/5256: 000000571907.jpg
Natural image 847/5256: 000000169316.jpg
Natural image 848/5256: 000000122297.jpg
Natural image 849/5256: 000000236081.jpg
Natural image 850/5256: 000000095718.jpg
Natural image 851/5256: 000000305098.jpg
Natural image 852/5256: 000000230194.jpg
Natural image 853/5256: 000000469581.jpg
Natural image 854/5256: 000000083841.jpg
Natural image 855/5256: 000000388143.jpg
Natural image 856/5256: 000000581849.jpg
Natural image 857/5256: 000000513154.jpg
Natural image 858/5256: 000000209547.jpg
Natural image 859/5256: 000000338455.jpg
Natural image 860/5256: 000000350529.jpg
Natural image 861/5256: 000000248460.jpg
Natural image 862/5256: 000000403391.jpg
Natural image 863/5256: 000000345176.jpg
Natural image 864/5256: 000000081007.jpg
Natural image 865/5256: 000000324089.jpg
Natural image 866/5256: 000000181634.jpg
Natural image 867/5256: 000000128847.jpg
Natural image 868/5256: 000000023841.jpg
Natural image 869/5256: 000000501749.jpg
Natural image 870/5256: 000000473823.jpg
Natural image 871/5256: 000000092864.jpg
Natural image 872/5256: 000000503067.jpg
Natural image 873/5256: 000000123574.jpg
Natural image 874/5256: 000000341315.jpg
Natural image 875/5256: 000000098542.jpg
Natural image 876/5256: 000000128628.jpg
Natural image 877/5256: 000000092588.jpg
Natural image 878/5256: 000000268760.jpg
Natural image 879/5256: 000000336188.jpg
Natural image 880/5256: 000000484844.jpg
Natural image 881/5256: 000000456398.jpg
Natural image 882/5256: 000000446736.jpg
Natural image 883/5256: 000000276718.jpg
Natural image 884/5256: 000000210154.jpg
Natural image 885/5256: 000000467307.jpg
Natural image 886/5256: 000000228141.jpg
Natural image 887/5256: 000000038607.jpg
Natural image 888/5256: 000000059166.jpg
Natural image 889/5256: 000000520288.jpg
Natural image 890/5256: 000000065911.jpg
Natural image 891/5256: 000000283789.jpg
Natural image 892/5256: 000000260498.jpg
Natural image 893/5256: 000000166501.jpg
Natural image 894/5256: 000000292563.jpg
Natural image 895/5256: 000000565467.jpg
Natural image 896/5256: 000000491438.jpg
Natural image 897/5256: 000000245123.jpg
Natural image 898/5256: 000000532114.jpg
Natural image 899/5256: 000000287837.jpg
Natural image 900/5256: 000000013600.jpg
Natural image 901/5256: 000000516752.jpg
Natural image 902/5256: 000000571052.jpg
Natural image 903/5256: 000000192398.jpg
Natural image 904/5256: 000000031862.jpg
Natural image 905/5256: 000000328506.jpg
Natural image 906/5256: 000000348114.jpg
Natural image 907/5256: 000000469486.jpg
Natural image 908/5256: 000000250508.jpg
Natural image 909/5256: 000000339027.jpg
Natural image 910/5256: 000000101119.jpg
Natural image 911/5256: 000000562562.jpg
Natural image 912/5256: 000000113655.jpg
Natural image 913/5256: 000000248542.jpg
Natural image 914/5256: 000000298446.jpg
Natural image 915/5256: 000000477429.jpg
Natural image 916/5256: 000000080571.jpg
Natural image 917/5256: 000000101757.jpg
Natural image 918/5256: 000000123292.jpg
Natural image 919/5256: 000000227162.jpg
Natural image 920/5256: 000000015291.jpg
Natural image 921/5256: 000000446282.jpg
Natural image 922/5256: 000000294357.jpg
Natural image 923/5256: 000000141858.jpg
Natural image 924/5256: 000000411809.jpg
Natural image 925/5256: 000000003079.jpg
Natural image 926/5256: 000000557592.jpg
Natural image 927/5256: 000000209517.jpg
Natural image 928/5256: 000000057367.jpg
Natural image 929/5256: 000000285582.jpg
Natural image 930/5256: 000000176326.jpg
Natural image 931/5256: 000000075404.jpg
Natural image 932/5256: 000000436846.jpg
Natural image 933/5256: 000000045048.jpg
Natural image 934/5256: 000000374932.jpg
Natural image 935/5256: 000000366877.jpg
Natural image 936/5256: 000000496021.jpg
Natural image 937/5256: 000000576524.jpg
Natural image 938/5256: 000000276320.jpg
Natural image 939/5256: 000000548581.jpg
Natural image 940/5256: 000000146197.jpg
Natural image 941/5256: 000000239756.jpg
Natural image 942/5256: 000000029177.jpg
Natural image 943/5256: 000000285199.jpg
Natural image 944/5256: 000000544790.jpg
Natural image 945/5256: 000000281192.jpg
Natural image 946/5256: 000000406905.jpg
Natural image 947/5256: 000000195490.jpg
Natural image 948/5256: 000000074455.jpg
Natural image 949/5256: 000000278391.jpg
Natural image 950/5256: 000000529989.jpg
Natural image 951/5256: 000000300797.jpg
Natural image 952/5256: 000000096518.jpg
Natural image 953/5256: 000000119426.jpg
Natural image 954/5256: 000000231625.jpg
Natural image 955/5256: 000000409039.jpg
Natural image 956/5256: 000000451728.jpg
Natural image 957/5256: 000000263034.jpg
Natural image 958/5256: 000000260284.jpg
Natural image 959/5256: 000000042911.jpg
Natural image 960/5256: 000000196950.jpg
Natural image 961/5256: 000000535368.jpg
Natural image 962/5256: 000000475831.jpg
Natural image 963/5256: 000000540364.jpg
Natural image 964/5256: 000000263672.jpg
Natural image 965/5256: 000000004163.jpg
Natural image 966/5256: 000000214502.jpg
Natural image 967/5256: 000000247079.jpg
Natural image 968/5256: 000000231757.jpg
Natural image 969/5256: 000000153273.jpg
Natural image 970/5256: 000000050498.jpg
Natural image 971/5256: 000000563113.jpg
Natural image 972/5256: 000000019286.jpg
Natural image 973/5256: 000000568028.jpg
Natural image 974/5256: 000000429955.jpg
Natural image 975/5256: 000000215499.jpg
Natural image 976/5256: 000000195585.jpg
Natural image 977/5256: 000000391355.jpg
Natural image 978/5256: 000000537821.jpg
Natural image 979/5256: 000000484998.jpg
Natural image 980/5256: 000000377435.jpg
Natural image 981/5256: 000000427445.jpg
Natural image 982/5256: 000000114292.jpg
Natural image 983/5256: 000000401730.jpg
Natural image 984/5256: 000000516509.jpg
Natural image 985/5256: 000000404774.jpg
Natural image 986/5256: 000000259185.jpg
Natural image 987/5256: 000000383690.jpg
Natural image 988/5256: 000000081388.jpg
Natural image 989/5256: 000000171615.jpg
Natural image 990/5256: 000000189002.jpg
Natural image 991/5256: 000000441336.jpg
Natural image 992/5256: 000000081028.jpg
Natural image 993/5256: 000000136146.jpg
Natural image 994/5256: 000000032490.jpg
Natural image 995/5256: 000000293102.jpg
Natural image 996/5256: 000000567465.jpg
Natural image 997/5256: 000000138718.jpg
Natural image 998/5256: 000000432227.jpg
Natural image 999/5256: 000000025775.jpg
Natural image 1000/5256: 000000396131.jpg
Natural image 1001/5256: 000000520463.jpg
Natural image 1002/5256: 000000050233.jpg
Natural image 1003/5256: 000000528304.jpg
Natural image 1004/5256: 000000012164.jpg
Natural image 1005/5256: 000000502334.jpg
Natural image 1006/5256: 000000047809.jpg
Natural image 1007/5256: 000000216423.jpg
Natural image 1008/5256: 000000003903.jpg
Natural image 1009/5256: 000000239298.jpg
Natural image 1010/5256: 000000144952.jpg
Natural image 1011/5256: 000000247904.jpg
Natural image 1012/5256: 000000084965.jpg
Natural image 1013/5256: 000000414245.jpg
Natural image 1014/5256: 000000401933.jpg
Natural image 1015/5256: 000000345267.jpg
Natural image 1016/5256: 000000385976.jpg
Natural image 1017/5256: 000000479741.jpg
Natural image 1018/5256: 000000563372.jpg
Natural image 1019/5256: 000000124261.jpg
Natural image 1020/5256: 000000115696.jpg
Natural image 1021/5256: 000000116273.jpg
Natural image 1022/5256: 000000155307.jpg
Natural image 1023/5256: 000000291937.jpg
Natural image 1024/5256: 000000262647.jpg
Natural image 1025/5256: 000000469157.jpg
Natural image 1026/5256: 000000221569.jpg
Natural image 1027/5256: 000000251176.jpg
Natural image 1028/5256: 000000090504.jpg
Natural image 1029/5256: 000000535680.jpg
Natural image 1030/5256: 000000466748.jpg
Natural image 1031/5256: 000000409506.jpg
Natural image 1032/5256: 000000172839.jpg
Natural image 1033/5256: 000000457634.jpg
Natural image 1034/5256: 000000475122.jpg
Natural image 1035/5256: 000000161587.jpg
Natural image 1036/5256: 000000355633.jpg
Natural image 1037/5256: 000000555353.jpg
Natural image 1038/5256: 000000517111.jpg
Natural image 1039/5256: 000000396953.jpg
Natural image 1040/5256: 000000409306.jpg
Natural image 1041/5256: 000000211053.jpg
Natural image 1042/5256: 000000106377.jpg
Natural image 1043/5256: 000000458718.jpg
Natural image 1044/5256: 000000015841.jpg
Natural image 1045/5256: 000000144131.jpg
Natural image 1046/5256: 000000140066.jpg
Natural image 1047/5256: 000000497487.jpg
Natural image 1048/5256: 000000456234.jpg
Natural image 1049/5256: 000000581069.jpg
Natural image 1050/5256: 000000043738.jpg
Natural image 1051/5256: 000000441375.jpg
Natural image 1052/5256: 000000224405.jpg
Natural image 1053/5256: 000000531740.jpg
Natural image 1054/5256: 000000573302.jpg
Natural image 1055/5256: 000000351691.jpg
Natural image 1056/5256: 000000350705.jpg
Natural image 1057/5256: 000000143648.jpg
Natural image 1058/5256: 000000034939.jpg
Natural image 1059/5256: 000000046661.jpg
Natural image 1060/5256: 000000331089.jpg
Natural image 1061/5256: 000000544712.jpg
Natural image 1062/5256: 000000508779.jpg
Natural image 1063/5256: 000000441016.jpg
Natural image 1064/5256: 000000099302.jpg
Natural image 1065/5256: 000000235285.jpg
Natural image 1066/5256: 000000187794.jpg
Natural image 1067/5256: 000000475030.jpg
Natural image 1068/5256: 000000419362.jpg
Natural image 1069/5256: 000000004819.jpg
Natural image 1070/5256: 000000567428.jpg
Natural image 1071/5256: 000000019997.jpg
Natural image 1072/5256: 000000197923.jpg
Natural image 1073/5256: 000000504777.jpg
Natural image 1074/5256: 000000403073.jpg
Natural image 1075/5256: 000000575456.jpg
Natural image 1076/5256: 000000396767.jpg
Natural image 1077/5256: 000000375924.jpg
Natural image 1078/5256: 000000191932.jpg
Natural image 1079/5256: 000000524566.jpg
Natural image 1080/5256: 000000474752.jpg
Natural image 1081/5256: 000000192215.jpg
Natural image 1082/5256: 000000508106.jpg
Natural image 1083/5256: 000000050441.jpg
Natural image 1084/5256: 000000011321.jpg
Natural image 1085/5256: 000000002954.jpg
Natural image 1086/5256: 000000426540.jpg
Natural image 1087/5256: 000000534721.jpg
Natural image 1088/5256: 000000534100.jpg
Natural image 1089/5256: 000000333714.jpg
Natural image 1090/5256: 000000440606.jpg
Natural image 1091/5256: 000000546288.jpg
Natural image 1092/5256: 000000259818.jpg
Natural image 1093/5256: 000000248158.jpg
Natural image 1094/5256: 000000416295.jpg
Natural image 1095/5256: 000000473796.jpg
Natural image 1096/5256: 000000543923.jpg
Natural image 1097/5256: 000000441329.jpg
Natural image 1098/5256: 000000276163.jpg
Natural image 1099/5256: 000000275891.jpg
Natural image 1100/5256: 000000520762.jpg
Natural image 1101/5256: 000000207351.jpg
Natural image 1102/5256: 000000391302.jpg
Natural image 1103/5256: 000000374179.jpg
Natural image 1104/5256: 000000361345.jpg
Natural image 1105/5256: 000000498060.jpg
Natural image 1106/5256: 000000179447.jpg
Natural image 1107/5256: 000000135600.jpg
Natural image 1108/5256: 000000241437.jpg
Natural image 1109/5256: 000000440590.jpg
Natural image 1110/5256: 000000358835.jpg
Natural image 1111/5256: 000000297853.jpg
Natural image 1112/5256: 000000325591.jpg
Natural image 1113/5256: 000000085966.jpg
Natural image 1114/5256: 000000151365.jpg
Natural image 1115/5256: 000000527343.jpg
Natural image 1116/5256: 000000251351.jpg
Natural image 1117/5256: 000000251051.jpg
Natural image 1118/5256: 000000003376.jpg
Natural image 1119/5256: 000000273257.jpg
Natural image 1120/5256: 000000430321.jpg
Natural image 1121/5256: 000000491548.jpg
Natural image 1122/5256: 000000468766.jpg
Natural image 1123/5256: 000000319580.jpg
Natural image 1124/5256: 000000393525.jpg
Natural image 1125/5256: 000000272887.jpg
Natural image 1126/5256: 000000173837.jpg
Natural image 1127/5256: 000000381325.jpg
Natural image 1128/5256: 000000430699.jpg
Natural image 1129/5256: 000000350255.jpg
Natural image 1130/5256: 000000024503.jpg
Natural image 1131/5256: 000000239944.jpg
Natural image 1132/5256: 000000427151.jpg
Natural image 1133/5256: 000000093514.jpg
Natural image 1134/5256: 000000486461.jpg
Natural image 1135/5256: 000000119268.jpg
Natural image 1136/5256: 000000251880.jpg
Natural image 1137/5256: 000000474438.jpg
Natural image 1138/5256: 000000367931.jpg
Natural image 1139/5256: 000000378899.jpg
Natural image 1140/5256: 000000466709.jpg
Natural image 1141/5256: 000000041975.jpg
Natural image 1142/5256: 000000055446.jpg
Natural image 1143/5256: 000000140941.jpg
Natural image 1144/5256: 000000093529.jpg
Natural image 1145/5256: 000000428887.jpg
Natural image 1146/5256: 000000529663.jpg
Natural image 1147/5256: 000000290191.jpg
Natural image 1148/5256: 000000473367.jpg
Natural image 1149/5256: 000000490879.jpg
Natural image 1150/5256: 000000003581.jpg
Natural image 1151/5256: 000000418375.jpg
Natural image 1152/5256: 000000269777.jpg
Natural image 1153/5256: 000000091645.jpg
Natural image 1154/5256: 000000454836.jpg
Natural image 1155/5256: 000000092039.jpg
Natural image 1156/5256: 000000037176.jpg
Natural image 1157/5256: 000000545504.jpg
Natural image 1158/5256: 000000153651.jpg
Natural image 1159/5256: 000000433369.jpg
Natural image 1160/5256: 000000174034.jpg
Natural image 1161/5256: 000000317101.jpg
Natural image 1162/5256: 000000166281.jpg
Natural image 1163/5256: 000000443622.jpg
Natural image 1164/5256: 000000464760.jpg
Natural image 1165/5256: 000000179139.jpg
Natural image 1166/5256: 000000246098.jpg
Natural image 1167/5256: 000000217502.jpg
Natural image 1168/5256: 000000389260.jpg
Natural image 1169/5256: 000000171457.jpg
Natural image 1170/5256: 000000479432.jpg
Natural image 1171/5256: 000000002680.jpg
Natural image 1172/5256: 000000218659.jpg
Natural image 1173/5256: 000000178700.jpg
Natural image 1174/5256: 000000330089.jpg
Natural image 1175/5256: 000000157979.jpg
Natural image 1176/5256: 000000134473.jpg
Natural image 1177/5256: 000000450316.jpg
Natural image 1178/5256: 000000211871.jpg
Natural image 1179/5256: 000000486813.jpg
Natural image 1180/5256: 000000344634.jpg
Natural image 1181/5256: 000000531127.jpg
Natural image 1182/5256: 000000297720.jpg
Natural image 1183/5256: 000000360019.jpg
Natural image 1184/5256: 000000014000.jpg
Natural image 1185/5256: 000000141908.jpg
Natural image 1186/5256: 000000012414.jpg
Natural image 1187/5256: 000000297583.jpg
Natural image 1188/5256: 000000540817.jpg
Natural image 1189/5256: 000000444597.jpg
Natural image 1190/5256: 000000095492.jpg
Natural image 1191/5256: 000000226740.jpg
Natural image 1192/5256: 000000514446.jpg
Natural image 1193/5256: 000000414841.jpg
Natural image 1194/5256: 000000503783.jpg
Natural image 1195/5256: 000000352408.jpg
Natural image 1196/5256: 000000442401.jpg
Natural image 1197/5256: 000000456630.jpg
Natural image 1198/5256: 000000295942.jpg
Natural image 1199/5256: 000000491219.jpg
Natural image 1200/5256: 000000501853.jpg
Natural image 1201/5256: 000000046304.jpg
Natural image 1202/5256: 000000033232.jpg
Natural image 1203/5256: 000000347136.jpg
Natural image 1204/5256: 000000088707.jpg
Natural image 1205/5256: 000000265727.jpg
Natural image 1206/5256: 000000450293.jpg
Natural image 1207/5256: 000000145461.jpg
Natural image 1208/5256: 000000097061.jpg
Natural image 1209/5256: 000000299139.jpg
Natural image 1210/5256: 000000259962.jpg
Natural image 1211/5256: 000000442216.jpg
Natural image 1212/5256: 000000314066.jpg
Natural image 1213/5256: 000000372041.jpg
Natural image 1214/5256: 000000337345.jpg
Natural image 1215/5256: 000000118063.jpg
Natural image 1216/5256: 000000223610.jpg
Natural image 1217/5256: 000000396423.jpg
Natural image 1218/5256: 000000118958.jpg
Natural image 1219/5256: 000000018568.jpg
Natural image 1220/5256: 000000513846.jpg
Natural image 1221/5256: 000000487405.jpg
Natural image 1222/5256: 000000515085.jpg
Natural image 1223/5256: 000000034090.jpg
Natural image 1224/5256: 000000241788.jpg
Natural image 1225/5256: 000000536691.jpg
Natural image 1226/5256: 000000218969.jpg
Natural image 1227/5256: 000000376593.jpg
Natural image 1228/5256: 000000413481.jpg
Natural image 1229/5256: 000000247689.jpg
Natural image 1230/5256: 000000417821.jpg
Natural image 1231/5256: 000000280748.jpg
Natural image 1232/5256: 000000480794.jpg
Natural image 1233/5256: 000000249568.jpg
Natural image 1234/5256: 000000231661.jpg
Natural image 1235/5256: 000000181762.jpg
Natural image 1236/5256: 000000411306.jpg
Natural image 1237/5256: 000000462267.jpg
Natural image 1238/5256: 000000051069.jpg
Natural image 1239/5256: 000000496094.jpg
Natural image 1240/5256: 000000291392.jpg
Natural image 1241/5256: 000000393792.jpg
Natural image 1242/5256: 000000381627.jpg
Natural image 1243/5256: 000000468322.jpg
Natural image 1244/5256: 000000131924.jpg
Natural image 1245/5256: 000000462637.jpg
Natural image 1246/5256: 000000138266.jpg
Natural image 1247/5256: 000000330849.jpg
Natural image 1248/5256: 000000112987.jpg
Natural image 1249/5256: 000000148254.jpg
Natural image 1250/5256: 000000177848.jpg
Natural image 1251/5256: 000000341758.jpg
Natural image 1252/5256: 000000055366.jpg
Natural image 1253/5256: 000000178155.jpg
Natural image 1254/5256: 000000043688.jpg
Natural image 1255/5256: 000000100288.jpg
Natural image 1256/5256: 000000101231.jpg
Natural image 1257/5256: 000000510372.jpg
Natural image 1258/5256: 000000166635.jpg
Natural image 1259/5256: 000000025928.jpg
Natural image 1260/5256: 000000147825.jpg
Natural image 1261/5256: 000000198541.jpg
Natural image 1262/5256: 000000087846.jpg
Natural image 1263/5256: 000000562429.jpg
Natural image 1264/5256: 000000267809.jpg
Natural image 1265/5256: 000000341138.jpg
Natural image 1266/5256: 000000223047.jpg
Natural image 1267/5256: 000000213461.jpg
Natural image 1268/5256: 000000405067.jpg
Natural image 1269/5256: 000000330013.jpg
Natural image 1270/5256: 000000495504.jpg
Natural image 1271/5256: 000000067383.jpg
Natural image 1272/5256: 000000384556.jpg
Natural image 1273/5256: 000000166680.jpg
Natural image 1274/5256: 000000550596.jpg
Natural image 1275/5256: 000000519169.jpg
Natural image 1276/5256: 000000454964.jpg
Natural image 1277/5256: 000000557665.jpg
Natural image 1278/5256: 000000410449.jpg
Natural image 1279/5256: 000000422324.jpg
Natural image 1280/5256: 000000171178.jpg
Natural image 1281/5256: 000000569805.jpg
Natural image 1282/5256: 000000209473.jpg
Natural image 1283/5256: 000000252688.jpg
Natural image 1284/5256: 000000121149.jpg
Natural image 1285/5256: 000000378669.jpg
Natural image 1286/5256: 000000464193.jpg
Natural image 1287/5256: 000000532453.jpg
Natural image 1288/5256: 000000400040.jpg
Natural image 1289/5256: 000000046751.jpg
Natural image 1290/5256: 000000393213.jpg
Natural image 1291/5256: 000000574987.jpg
Natural image 1292/5256: 000000185343.jpg
Natural image 1293/5256: 000000100257.jpg
Natural image 1294/5256: 000000157381.jpg
Natural image 1295/5256: 000000528698.jpg
Natural image 1296/5256: 000000015845.jpg
Natural image 1297/5256: 000000173426.jpg
Natural image 1298/5256: 000000276920.jpg
Natural image 1299/5256: 000000552442.jpg
Natural image 1300/5256: 000000304019.jpg
Natural image 1301/5256: 000000403923.jpg
Natural image 1302/5256: 000000404211.jpg
Natural image 1303/5256: 000000368719.jpg
Natural image 1304/5256: 000000339756.jpg
Natural image 1305/5256: 000000020872.jpg
Natural image 1306/5256: 000000514415.jpg
Natural image 1307/5256: 000000444509.jpg
Natural image 1308/5256: 000000506930.jpg
Natural image 1309/5256: 000000324998.jpg
Natural image 1310/5256: 000000065180.jpg
Natural image 1311/5256: 000000137930.jpg
Natural image 1312/5256: 000000162026.jpg
Natural image 1313/5256: 000000397370.jpg
Natural image 1314/5256: 000000434749.jpg
Natural image 1315/5256: 000000313103.jpg
Natural image 1316/5256: 000000383650.jpg
Natural image 1317/5256: 000000107093.jpg
Natural image 1318/5256: 000000513672.jpg
Natural image 1319/5256: 000000155738.jpg
Natural image 1320/5256: 000000341967.jpg
Natural image 1321/5256: 000000538183.jpg
Natural image 1322/5256: 000000010485.jpg
Natural image 1323/5256: 000000435511.jpg
Natural image 1324/5256: 000000508019.jpg
Natural image 1325/5256: 000000435808.jpg
Natural image 1326/5256: 000000398467.jpg
Natural image 1327/5256: 000000060888.jpg
Natural image 1328/5256: 000000072221.jpg
Natural image 1329/5256: 000000063066.jpg
Natural image 1330/5256: 000000367217.jpg
Natural image 1331/5256: 000000109719.jpg
Natural image 1332/5256: 000000128491.jpg
Natural image 1333/5256: 000000003434.jpg
Natural image 1334/5256: 000000438975.jpg
Natural image 1335/5256: 000000388175.jpg
Natural image 1336/5256: 000000158385.jpg
Natural image 1337/5256: 000000201964.jpg
Natural image 1338/5256: 000000315254.jpg
Natural image 1339/5256: 000000003406.jpg
Natural image 1340/5256: 000000187332.jpg
Natural image 1341/5256: 000000497138.jpg
Natural image 1342/5256: 000000238613.jpg
Natural image 1343/5256: 000000521267.jpg
Natural image 1344/5256: 000000079542.jpg
Natural image 1345/5256: 000000393397.jpg
Natural image 1346/5256: 000000366965.jpg
Natural image 1347/5256: 000000155796.jpg
Natural image 1348/5256: 000000085761.jpg
Natural image 1349/5256: 000000461127.jpg
Natural image 1350/5256: 000000411240.jpg
Natural image 1351/5256: 000000132998.jpg
Natural image 1352/5256: 000000164321.jpg
Natural image 1353/5256: 000000503773.jpg
Natural image 1354/5256: 000000362991.jpg
Natural image 1355/5256: 000000356585.jpg
Natural image 1356/5256: 000000011259.jpg
Natural image 1357/5256: 000000470856.jpg
Natural image 1358/5256: 000000574767.jpg
Natural image 1359/5256: 000000310624.jpg
Natural image 1360/5256: 000000061871.jpg
Natural image 1361/5256: 000000399163.jpg
Natural image 1362/5256: 000000251685.jpg
Natural image 1363/5256: 000000174577.jpg
Natural image 1364/5256: 000000581322.jpg
Natural image 1365/5256: 000000533174.jpg
Natural image 1366/5256: 000000035231.jpg
Natural image 1367/5256: 000000496071.jpg
Natural image 1368/5256: 000000514148.jpg
Natural image 1369/5256: 000000282602.jpg
Natural image 1370/5256: 000000404356.jpg
Natural image 1371/5256: 000000575471.jpg
Natural image 1372/5256: 000000310570.jpg
Natural image 1373/5256: 000000253352.jpg
Natural image 1374/5256: 000000539325.jpg
Natural image 1375/5256: 000000103874.jpg
Natural image 1376/5256: 000000304880.jpg
Natural image 1377/5256: 000000525586.jpg
Natural image 1378/5256: 000000577105.jpg
Natural image 1379/5256: 000000367475.jpg
Natural image 1380/5256: 000000117843.jpg
Natural image 1381/5256: 000000579135.jpg
Natural image 1382/5256: 000000078270.jpg
Natural image 1383/5256: 000000322956.jpg
Natural image 1384/5256: 000000058195.jpg
Natural image 1385/5256: 000000014994.jpg
Natural image 1386/5256: 000000098311.jpg
Natural image 1387/5256: 000000120900.jpg
Natural image 1388/5256: 000000303279.jpg
Natural image 1389/5256: 000000214203.jpg
Natural image 1390/5256: 000000375911.jpg
Natural image 1391/5256: 000000208390.jpg
Natural image 1392/5256: 000000287359.jpg
Natural image 1393/5256: 000000511731.jpg
Natural image 1394/5256: 000000434889.jpg
Natural image 1395/5256: 000000515756.jpg
Natural image 1396/5256: 000000255694.jpg
Natural image 1397/5256: 000000344748.jpg
Natural image 1398/5256: 000000494787.jpg
Natural image 1399/5256: 000000031013.jpg
Natural image 1400/5256: 000000300288.jpg
Natural image 1401/5256: 000000253090.jpg
Natural image 1402/5256: 000000417924.jpg
Natural image 1403/5256: 000000394094.jpg
Natural image 1404/5256: 000000493554.jpg
Natural image 1405/5256: 000000136802.jpg
Natural image 1406/5256: 000000293635.jpg
Natural image 1407/5256: 000000036647.jpg
Natural image 1408/5256: 000000510064.jpg
Natural image 1409/5256: 000000415085.jpg
Natural image 1410/5256: 000000302047.jpg
Natural image 1411/5256: 000000423249.jpg
Natural image 1412/5256: 000000504019.jpg
Natural image 1413/5256: 000000089744.jpg
Natural image 1414/5256: 000000535039.jpg
Natural image 1415/5256: 000000260734.jpg
Natural image 1416/5256: 000000030700.jpg
Natural image 1417/5256: 000000045142.jpg
Natural image 1418/5256: 000000463634.jpg
Natural image 1419/5256: 000000160400.jpg
Natural image 1420/5256: 000000053628.jpg
Natural image 1421/5256: 000000489926.jpg
Natural image 1422/5256: 000000566936.jpg
Natural image 1423/5256: 000000561272.jpg
Natural image 1424/5256: 000000223064.jpg
Natural image 1425/5256: 000000433231.jpg
Natural image 1426/5256: 000000377654.jpg
Natural image 1427/5256: 000000094295.jpg
Natural image 1428/5256: 000000481569.jpg
Natural image 1429/5256: 000000551644.jpg
Natural image 1430/5256: 000000154406.jpg
Natural image 1431/5256: 000000563249.jpg
Natural image 1432/5256: 000000541057.jpg
Natural image 1433/5256: 000000224710.jpg
Natural image 1434/5256: 000000543283.jpg
Natural image 1435/5256: 000000328227.jpg
Natural image 1436/5256: 000000466815.jpg
Natural image 1437/5256: 000000558785.jpg
Natural image 1438/5256: 000000376081.jpg
Natural image 1439/5256: 000000069265.jpg
Natural image 1440/5256: 000000444303.jpg
Natural image 1441/5256: 000000386473.jpg
Natural image 1442/5256: 000000081608.jpg
Natural image 1443/5256: 000000499434.jpg
Natural image 1444/5256: 000000028834.jpg
Natural image 1445/5256: 000000457325.jpg
Natural image 1446/5256: 000000130308.jpg
Natural image 1447/5256: 000000144117.jpg
Natural image 1448/5256: 000000137714.jpg
Natural image 1449/5256: 000000040990.jpg
Natural image 1450/5256: 000000227669.jpg
Natural image 1451/5256: 000000031534.jpg
Natural image 1452/5256: 000000104834.jpg
Natural image 1453/5256: 000000368801.jpg
Natural image 1454/5256: 000000504579.jpg
Natural image 1455/5256: 000000152008.jpg
Natural image 1456/5256: 000000164451.jpg
Natural image 1457/5256: 000000334300.jpg
Natural image 1458/5256: 000000510575.jpg
Natural image 1459/5256: 000000457974.jpg
Natural image 1460/5256: 000000116775.jpg
Natural image 1461/5256: 000000514856.jpg
Natural image 1462/5256: 000000553312.jpg
Natural image 1463/5256: 000000192645.jpg
Natural image 1464/5256: 000000362664.jpg
Natural image 1465/5256: 000000126818.jpg
Natural image 1466/5256: 000000539931.jpg
Natural image 1467/5256: 000000340256.jpg
Natural image 1468/5256: 000000214281.jpg
Natural image 1469/5256: 000000380402.jpg
Natural image 1470/5256: 000000166515.jpg
Natural image 1471/5256: 000000092528.jpg
Natural image 1472/5256: 000000569297.jpg
Natural image 1473/5256: 000000345253.jpg
Natural image 1474/5256: 000000548262.jpg
Natural image 1475/5256: 000000377863.jpg
Natural image 1476/5256: 000000135957.jpg
Natural image 1477/5256: 000000530349.jpg
Natural image 1478/5256: 000000521650.jpg
Natural image 1479/5256: 000000071859.jpg
Natural image 1480/5256: 000000253880.jpg
Natural image 1481/5256: 000000417920.jpg
Natural image 1482/5256: 000000113027.jpg
Natural image 1483/5256: 000000274771.jpg
Natural image 1484/5256: 000000426287.jpg
Natural image 1485/5256: 000000352304.jpg
Natural image 1486/5256: 000000532099.jpg
Natural image 1487/5256: 000000170614.jpg
Natural image 1488/5256: 000000283503.jpg
Natural image 1489/5256: 000000436726.jpg
Natural image 1490/5256: 000000331062.jpg
Natural image 1491/5256: 000000574269.jpg
Natural image 1492/5256: 000000288289.jpg
Natural image 1493/5256: 000000477323.jpg
Natural image 1494/5256: 000000199544.jpg
Natural image 1495/5256: 000000164841.jpg
Natural image 1496/5256: 000000324742.jpg
Natural image 1497/5256: 000000478041.jpg
Natural image 1498/5256: 000000487984.jpg
Natural image 1499/5256: 000000437682.jpg
Natural image 1500/5256: 000000462628.jpg
Natural image 1501/5256: 000000515852.jpg
Natural image 1502/5256: 000000513495.jpg
Natural image 1503/5256: 000000289762.jpg
Natural image 1504/5256: 000000297217.jpg
Natural image 1505/5256: 000000290084.jpg
Natural image 1506/5256: 000000547278.jpg
Natural image 1507/5256: 000000405567.jpg
Natural image 1508/5256: 000000145887.jpg
Natural image 1509/5256: 000000464656.jpg
Natural image 1510/5256: 000000211512.jpg
Natural image 1511/5256: 000000201802.jpg
Natural image 1512/5256: 000000228513.jpg
Natural image 1513/5256: 000000249383.jpg
Natural image 1514/5256: 000000397591.jpg
Natural image 1515/5256: 000000389912.jpg
Natural image 1516/5256: 000000308682.jpg
Natural image 1517/5256: 000000359505.jpg
Natural image 1518/5256: 000000188943.jpg
Natural image 1519/5256: 000000565678.jpg
Natural image 1520/5256: 000000527126.jpg
Natural image 1521/5256: 000000177587.jpg
Natural image 1522/5256: 000000330302.jpg
Natural image 1523/5256: 000000080696.jpg
Natural image 1524/5256: 000000395525.jpg
Natural image 1525/5256: 000000518742.jpg
Natural image 1526/5256: 000000142195.jpg
Natural image 1527/5256: 000000337679.jpg
Natural image 1528/5256: 000000009455.jpg
Natural image 1529/5256: 000000437681.jpg
Natural image 1530/5256: 000000077678.jpg
Natural image 1531/5256: 000000476014.jpg
Natural image 1532/5256: 000000115843.jpg
Natural image 1533/5256: 000000398086.jpg
Natural image 1534/5256: 000000089842.jpg
Natural image 1535/5256: 000000297883.jpg
Natural image 1536/5256: 000000508393.jpg
Natural image 1537/5256: 000000525279.jpg
Natural image 1538/5256: 000000150708.jpg
Natural image 1539/5256: 000000388949.jpg
Natural image 1540/5256: 000000506963.jpg
Natural image 1541/5256: 000000478760.jpg
Natural image 1542/5256: 000000014350.jpg
Natural image 1543/5256: 000000277791.jpg
Natural image 1544/5256: 000000370612.jpg
Natural image 1545/5256: 000000507497.jpg
Natural image 1546/5256: 000000119823.jpg
Natural image 1547/5256: 000000538647.jpg
Natural image 1548/5256: 000000329681.jpg
Natural image 1549/5256: 000000352451.jpg
Natural image 1550/5256: 000000506497.jpg
Natural image 1551/5256: 000000173719.jpg
Natural image 1552/5256: 000000427460.jpg
Natural image 1553/5256: 000000104916.jpg
Natural image 1554/5256: 000000451451.jpg
Natural image 1555/5256: 000000125474.jpg
Natural image 1556/5256: 000000211817.jpg
Natural image 1557/5256: 000000515193.jpg
Natural image 1558/5256: 000000068916.jpg
Natural image 1559/5256: 000000336983.jpg
Natural image 1560/5256: 000000568942.jpg
Natural image 1561/5256: 000000294642.jpg
Natural image 1562/5256: 000000058991.jpg
Natural image 1563/5256: 000000457819.jpg
Natural image 1564/5256: 000000004914.jpg
Natural image 1565/5256: 000000139406.jpg
Natural image 1566/5256: 000000140857.jpg
Natural image 1567/5256: 000000345138.jpg
Natural image 1568/5256: 000000309816.jpg
Natural image 1569/5256: 000000423404.jpg
Natural image 1570/5256: 000000472674.jpg
Natural image 1571/5256: 000000398928.jpg
Natural image 1572/5256: 000000068216.jpg
Natural image 1573/5256: 000000399046.jpg
Natural image 1574/5256: 000000246556.jpg
Natural image 1575/5256: 000000379019.jpg
Natural image 1576/5256: 000000166040.jpg
Natural image 1577/5256: 000000207921.jpg
Natural image 1578/5256: 000000572373.jpg
Natural image 1579/5256: 000000062112.jpg
Natural image 1580/5256: 000000108419.jpg
Natural image 1581/5256: 000000458207.jpg
Natural image 1582/5256: 000000158862.jpg
Natural image 1583/5256: 000000067938.jpg
Natural image 1584/5256: 000000313777.jpg
Natural image 1585/5256: 000000316565.jpg
Natural image 1586/5256: 000000507357.jpg
Natural image 1587/5256: 000000038717.jpg
Natural image 1588/5256: 000000570018.jpg
Natural image 1589/5256: 000000459798.jpg
Natural image 1590/5256: 000000187871.jpg
Natural image 1591/5256: 000000170922.jpg
Natural image 1592/5256: 000000153873.jpg
Natural image 1593/5256: 000000259699.jpg
Natural image 1594/5256: 000000125088.jpg
Natural image 1595/5256: 000000215042.jpg
Natural image 1596/5256: 000000146906.jpg
Natural image 1597/5256: 000000570653.jpg
Natural image 1598/5256: 000000469674.jpg
Natural image 1599/5256: 000000407045.jpg
Natural image 1600/5256: 000000318011.jpg
Natural image 1601/5256: 000000260151.jpg
Natural image 1602/5256: 000000223099.jpg
Natural image 1603/5256: 000000229842.jpg
Natural image 1604/5256: 000000447900.jpg
Natural image 1605/5256: 000000349927.jpg
Natural image 1606/5256: 000000367658.jpg
Natural image 1607/5256: 000000150045.jpg
Natural image 1608/5256: 000000475187.jpg
Natural image 1609/5256: 000000004677.jpg
Natural image 1610/5256: 000000416491.jpg
Natural image 1611/5256: 000000558059.jpg
Natural image 1612/5256: 000000298438.jpg
Natural image 1613/5256: 000000042198.jpg
Natural image 1614/5256: 000000128016.jpg
Natural image 1615/5256: 000000475623.jpg
Natural image 1616/5256: 000000126530.jpg
Natural image 1617/5256: 000000549806.jpg
Natural image 1618/5256: 000000536384.jpg
Natural image 1619/5256: 000000410087.jpg
Natural image 1620/5256: 000000252030.jpg
Natural image 1621/5256: 000000139103.jpg
Natural image 1622/5256: 000000174101.jpg
Natural image 1623/5256: 000000526134.jpg
Natural image 1624/5256: 000000015455.jpg
Natural image 1625/5256: 000000150514.jpg
Natural image 1626/5256: 000000231303.jpg
Natural image 1627/5256: 000000238413.jpg
Natural image 1628/5256: 000000295938.jpg
Natural image 1629/5256: 000000120275.jpg
Natural image 1630/5256: 000000009480.jpg
Natural image 1631/5256: 000000025787.jpg
Natural image 1632/5256: 000000382680.jpg
Natural image 1633/5256: 000000201806.jpg
Natural image 1634/5256: 000000232667.jpg
Natural image 1635/5256: 000000103105.jpg
Natural image 1636/5256: 000000365978.jpg
Natural image 1637/5256: 000000494805.jpg
Natural image 1638/5256: 000000539106.jpg
Natural image 1639/5256: 000000349826.jpg
Natural image 1640/5256: 000000111963.jpg
Natural image 1641/5256: 000000242171.jpg
Natural image 1642/5256: 000000573036.jpg
Natural image 1643/5256: 000000138307.jpg
Natural image 1644/5256: 000000441607.jpg
Natural image 1645/5256: 000000140646.jpg
Natural image 1646/5256: 000000132707.jpg
Natural image 1647/5256: 000000061768.jpg
Natural image 1648/5256: 000000558446.jpg
Natural image 1649/5256: 000000191670.jpg
Natural image 1650/5256: 000000204646.jpg
Natural image 1651/5256: 000000211596.jpg
Natural image 1652/5256: 000000411483.jpg
Natural image 1653/5256: 000000189878.jpg
Natural image 1654/5256: 000000134773.jpg
Natural image 1655/5256: 000000000725.jpg
Natural image 1656/5256: 000000060238.jpg
Natural image 1657/5256: 000000331306.jpg
Natural image 1658/5256: 000000095642.jpg
Natural image 1659/5256: 000000210049.jpg
Natural image 1660/5256: 000000380507.jpg
Natural image 1661/5256: 000000386173.jpg
Natural image 1662/5256: 000000294940.jpg
Natural image 1663/5256: 000000059645.jpg
Natural image 1664/5256: 000000486682.jpg
Natural image 1665/5256: 000000549074.jpg
Natural image 1666/5256: 000000214756.jpg
Natural image 1667/5256: 000000497004.jpg
Natural image 1668/5256: 000000575892.jpg
Natural image 1669/5256: 000000118290.jpg
Natural image 1670/5256: 000000445085.jpg
Natural image 1671/5256: 000000541064.jpg
Natural image 1672/5256: 000000345369.jpg
Natural image 1673/5256: 000000010257.jpg
Natural image 1674/5256: 000000248164.jpg
Natural image 1675/5256: 000000442821.jpg
Natural image 1676/5256: 000000042623.jpg
Natural image 1677/5256: 000000087071.jpg
Natural image 1678/5256: 000000049868.jpg
Natural image 1679/5256: 000000004547.jpg
Natural image 1680/5256: 000000381343.jpg
Natural image 1681/5256: 000000108847.jpg
Natural image 1682/5256: 000000149576.jpg
Natural image 1683/5256: 000000216913.jpg
Natural image 1684/5256: 000000222630.jpg
Natural image 1685/5256: 000000477690.jpg
Natural image 1686/5256: 000000255360.jpg
Natural image 1687/5256: 000000079296.jpg
Natural image 1688/5256: 000000524883.jpg
Natural image 1689/5256: 000000219648.jpg
Natural image 1690/5256: 000000072959.jpg
Natural image 1691/5256: 000000294637.jpg
Natural image 1692/5256: 000000258796.jpg
Natural image 1693/5256: 000000511441.jpg
Natural image 1694/5256: 000000352329.jpg
Natural image 1695/5256: 000000531417.jpg
Natural image 1696/5256: 000000523084.jpg
Natural image 1697/5256: 000000513763.jpg
Natural image 1698/5256: 000000234540.jpg
Natural image 1699/5256: 000000167887.jpg
Natural image 1700/5256: 000000215632.jpg
Natural image 1701/5256: 000000095616.jpg
Natural image 1702/5256: 000000105944.jpg
Natural image 1703/5256: 000000466634.jpg
Natural image 1704/5256: 000000051103.jpg
Natural image 1705/5256: 000000020840.jpg
Natural image 1706/5256: 000000023077.jpg
Natural image 1707/5256: 000000291295.jpg
Natural image 1708/5256: 000000141687.jpg
Natural image 1709/5256: 000000536283.jpg
Natural image 1710/5256: 000000021146.jpg
Natural image 1711/5256: 000000401219.jpg
Natural image 1712/5256: 000000035681.jpg
Natural image 1713/5256: 000000099780.jpg
Natural image 1714/5256: 000000442274.jpg
Natural image 1715/5256: 000000567745.jpg
Natural image 1716/5256: 000000460573.jpg
Natural image 1717/5256: 000000493924.jpg
Natural image 1718/5256: 000000474175.jpg
Natural image 1719/5256: 000000287132.jpg
Natural image 1720/5256: 000000496563.jpg
Natural image 1721/5256: 000000535824.jpg
Natural image 1722/5256: 000000468859.jpg
Natural image 1723/5256: 000000086749.jpg
Natural image 1724/5256: 000000346818.jpg
Natural image 1725/5256: 000000160047.jpg
Natural image 1726/5256: 000000000276.jpg
Natural image 1727/5256: 000000262593.jpg
Natural image 1728/5256: 000000001127.jpg
Natural image 1729/5256: 000000251594.jpg
Natural image 1730/5256: 000000168372.jpg
Natural image 1731/5256: 000000063232.jpg
Natural image 1732/5256: 000000157612.jpg
Natural image 1733/5256: 000000386837.jpg
Natural image 1734/5256: 000000095199.jpg
Natural image 1735/5256: 000000225756.jpg
Natural image 1736/5256: 000000142128.jpg
Natural image 1737/5256: 000000468427.jpg
Natural image 1738/5256: 000000174414.jpg
Natural image 1739/5256: 000000332807.jpg
Natural image 1740/5256: 000000408128.jpg
Natural image 1741/5256: 000000544756.jpg
Natural image 1742/5256: 000000527677.jpg
Natural image 1743/5256: 000000167831.jpg
Natural image 1744/5256: 000000006309.jpg
Natural image 1745/5256: 000000344316.jpg
Natural image 1746/5256: 000000559549.jpg
Natural image 1747/5256: 000000528296.jpg
Natural image 1748/5256: 000000378883.jpg
Natural image 1749/5256: 000000518864.jpg
Natural image 1750/5256: 000000154788.jpg
Natural image 1751/5256: 000000329574.jpg
Natural image 1752/5256: 000000211058.jpg
Natural image 1753/5256: 000000417709.jpg
Natural image 1754/5256: 000000123489.jpg
Natural image 1755/5256: 000000267921.jpg
Natural image 1756/5256: 000000294175.jpg
Natural image 1757/5256: 000000232893.jpg
Natural image 1758/5256: 000000367617.jpg
Natural image 1759/5256: 000000315829.jpg
Natural image 1760/5256: 000000475399.jpg
Natural image 1761/5256: 000000520380.jpg
Natural image 1762/5256: 000000357901.jpg
Natural image 1763/5256: 000000418153.jpg
Natural image 1764/5256: 000000534052.jpg
Natural image 1765/5256: 000000523874.jpg
Natural image 1766/5256: 000000326150.jpg
Natural image 1767/5256: 000000074783.jpg
Natural image 1768/5256: 000000426114.jpg
Natural image 1769/5256: 000000078329.jpg
Natural image 1770/5256: 000000363913.jpg
Natural image 1771/5256: 000000439691.jpg
Natural image 1772/5256: 000000381756.jpg
Natural image 1773/5256: 000000157458.jpg
Natural image 1774/5256: 000000537948.jpg
Natural image 1775/5256: 000000047052.jpg
Natural image 1776/5256: 000000144928.jpg
Natural image 1777/5256: 000000505306.jpg
Natural image 1778/5256: 000000435057.jpg
Natural image 1779/5256: 000000284808.jpg
Natural image 1780/5256: 000000442939.jpg
Natural image 1781/5256: 000000136113.jpg
Natural image 1782/5256: 000000026810.jpg
Natural image 1783/5256: 000000338271.jpg
Natural image 1784/5256: 000000396719.jpg
Natural image 1785/5256: 000000092294.jpg
Natural image 1786/5256: 000000161106.jpg
Natural image 1787/5256: 000000126178.jpg
Natural image 1788/5256: 000000270949.jpg
Natural image 1789/5256: 000000148402.jpg
Natural image 1790/5256: 000000510927.jpg
Natural image 1791/5256: 000000328182.jpg
Natural image 1792/5256: 000000271146.jpg
Natural image 1793/5256: 000000344848.jpg
Natural image 1794/5256: 000000001751.jpg
Natural image 1795/5256: 000000092044.jpg
Natural image 1796/5256: 000000419347.jpg
Natural image 1797/5256: 000000356346.jpg
Natural image 1798/5256: 000000449060.jpg
Natural image 1799/5256: 000000212719.jpg
Natural image 1800/5256: 000000402415.jpg
Natural image 1801/5256: 000000165178.jpg
Natural image 1802/5256: 000000182794.jpg
Natural image 1803/5256: 000000048028.jpg
Natural image 1804/5256: 000000373708.jpg
Natural image 1805/5256: 000000029503.jpg
Natural image 1806/5256: 000000310723.jpg
Natural image 1807/5256: 000000099071.jpg
Natural image 1808/5256: 000000371967.jpg
Natural image 1809/5256: 000000265878.jpg
Natural image 1810/5256: 000000242177.jpg
Natural image 1811/5256: 000000003057.jpg
Natural image 1812/5256: 000000203407.jpg
Natural image 1813/5256: 000000082050.jpg
Natural image 1814/5256: 000000316222.jpg
Natural image 1815/5256: 000000466209.jpg
Natural image 1816/5256: 000000076667.jpg
Natural image 1817/5256: 000000543435.jpg
Natural image 1818/5256: 000000536116.jpg
Natural image 1819/5256: 000000171147.jpg
Natural image 1820/5256: 000000162820.jpg
Natural image 1821/5256: 000000495550.jpg
Natural image 1822/5256: 000000376525.jpg
Natural image 1823/5256: 000000179382.jpg
Natural image 1824/5256: 000000059197.jpg
Natural image 1825/5256: 000000574777.jpg
Natural image 1826/5256: 000000151810.jpg
Natural image 1827/5256: 000000141004.jpg
Natural image 1828/5256: 000000347979.jpg
Natural image 1829/5256: 000000384620.jpg
Natural image 1830/5256: 000000294155.jpg
Natural image 1831/5256: 000000092427.jpg
Natural image 1832/5256: 000000538355.jpg
Natural image 1833/5256: 000000476883.jpg
Natural image 1834/5256: 000000078912.jpg
Natural image 1835/5256: 000000466140.jpg
Natural image 1836/5256: 000000461994.jpg
Natural image 1837/5256: 000000328672.jpg
Natural image 1838/5256: 000000176420.jpg
Natural image 1839/5256: 000000093638.jpg
Natural image 1840/5256: 000000310080.jpg
Natural image 1841/5256: 000000074685.jpg
Natural image 1842/5256: 000000539232.jpg
Natural image 1843/5256: 000000136112.jpg
Natural image 1844/5256: 000000081362.jpg
Natural image 1845/5256: 000000037002.jpg
Natural image 1846/5256: 000000175218.jpg
Natural image 1847/5256: 000000387312.jpg
Natural image 1848/5256: 000000054084.jpg
Natural image 1849/5256: 000000484093.jpg
Natural image 1850/5256: 000000298771.jpg
Natural image 1851/5256: 000000257222.jpg
Natural image 1852/5256: 000000281710.jpg
Natural image 1853/5256: 000000349533.jpg
Natural image 1854/5256: 000000323431.jpg
Natural image 1855/5256: 000000024619.jpg
Natural image 1856/5256: 000000503708.jpg
Natural image 1857/5256: 000000030687.jpg
Natural image 1858/5256: 000000553579.jpg
Natural image 1859/5256: 000000195789.jpg
Natural image 1860/5256: 000000578259.jpg
Natural image 1861/5256: 000000571587.jpg
Natural image 1862/5256: 000000130789.jpg
Natural image 1863/5256: 000000231117.jpg
Natural image 1864/5256: 000000410159.jpg
Natural image 1865/5256: 000000097554.jpg
Natural image 1866/5256: 000000558803.jpg
Natural image 1867/5256: 000000325714.jpg
Natural image 1868/5256: 000000180948.jpg
Natural image 1869/5256: 000000367774.jpg
Natural image 1870/5256: 000000350455.jpg
Natural image 1871/5256: 000000166055.jpg
Natural image 1872/5256: 000000183501.jpg
Natural image 1873/5256: 000000153066.jpg
Natural image 1874/5256: 000000319490.jpg
Natural image 1875/5256: 000000029645.jpg
Natural image 1876/5256: 000000277989.jpg
Natural image 1877/5256: 000000317421.jpg
Natural image 1878/5256: 000000259905.jpg
Natural image 1879/5256: 000000102406.jpg
Natural image 1880/5256: 000000301920.jpg
Natural image 1881/5256: 000000531629.jpg
Natural image 1882/5256: 000000227026.jpg
Natural image 1883/5256: 000000058373.jpg
Natural image 1884/5256: 000000510148.jpg
Natural image 1885/5256: 000000109854.jpg
Natural image 1886/5256: 000000286038.jpg
Natural image 1887/5256: 000000524462.jpg
Natural image 1888/5256: 000000551409.jpg
Natural image 1889/5256: 000000121529.jpg
Natural image 1890/5256: 000000113534.jpg
Natural image 1891/5256: 000000412814.jpg
Natural image 1892/5256: 000000339363.jpg
Natural image 1893/5256: 000000441946.jpg
Natural image 1894/5256: 000000219733.jpg
Natural image 1895/5256: 000000552524.jpg
Natural image 1896/5256: 000000568114.jpg
Natural image 1897/5256: 000000187544.jpg
Natural image 1898/5256: 000000354472.jpg
Natural image 1899/5256: 000000494994.jpg
Natural image 1900/5256: 000000117606.jpg
Natural image 1901/5256: 000000200358.jpg
Natural image 1902/5256: 000000506345.jpg
Natural image 1903/5256: 000000315170.jpg
Natural image 1904/5256: 000000496205.jpg
Natural image 1905/5256: 000000243893.jpg
Natural image 1906/5256: 000000314630.jpg
Natural image 1907/5256: 000000462336.jpg
Natural image 1908/5256: 000000210387.jpg
Natural image 1909/5256: 000000089688.jpg
Natural image 1910/5256: 000000059305.jpg
Natural image 1911/5256: 000000159211.jpg
Natural image 1912/5256: 000000483356.jpg
Natural image 1913/5256: 000000309640.jpg
Natural image 1914/5256: 000000500176.jpg
Natural image 1915/5256: 000000381686.jpg
Natural image 1916/5256: 000000087340.jpg
Natural image 1917/5256: 000000221141.jpg
Natural image 1918/5256: 000000545218.jpg
Natural image 1919/5256: 000000511035.jpg
Natural image 1920/5256: 000000443531.jpg
Natural image 1921/5256: 000000068829.jpg
Natural image 1922/5256: 000000273927.jpg
Natural image 1923/5256: 000000215822.jpg
Natural image 1924/5256: 000000099866.jpg
Natural image 1925/5256: 000000036008.jpg
Natural image 1926/5256: 000000090383.jpg
Natural image 1927/5256: 000000036946.jpg
Natural image 1928/5256: 000000458695.jpg
Natural image 1929/5256: 000000029048.jpg
Natural image 1930/5256: 000000160711.jpg
Natural image 1931/5256: 000000353020.jpg
Natural image 1932/5256: 000000346794.jpg
Natural image 1933/5256: 000000154997.jpg
Natural image 1934/5256: 000000098500.jpg
Natural image 1935/5256: 000000521272.jpg
Natural image 1936/5256: 000000288621.jpg
Natural image 1937/5256: 000000243087.jpg
Natural image 1938/5256: 000000338782.jpg
Natural image 1939/5256: 000000361530.jpg
Natural image 1940/5256: 000000511540.jpg
Natural image 1941/5256: 000000078888.jpg
Natural image 1942/5256: 000000459656.jpg
Natural image 1943/5256: 000000241185.jpg
Natural image 1944/5256: 000000428422.jpg
Natural image 1945/5256: 000000283132.jpg
Natural image 1946/5256: 000000186932.jpg
Natural image 1947/5256: 000000308802.jpg
Natural image 1948/5256: 000000063226.jpg
Natural image 1949/5256: 000000000212.jpg
Natural image 1950/5256: 000000461990.jpg
Natural image 1951/5256: 000000396616.jpg
Natural image 1952/5256: 000000226142.jpg
Natural image 1953/5256: 000000010622.jpg
Natural image 1954/5256: 000000039678.jpg
Natural image 1955/5256: 000000177206.jpg
Natural image 1956/5256: 000000313891.jpg
Natural image 1957/5256: 000000521522.jpg
Natural image 1958/5256: 000000454370.jpg
Natural image 1959/5256: 000000203971.jpg
Natural image 1960/5256: 000000259427.jpg
Natural image 1961/5256: 000000384721.jpg
Natural image 1962/5256: 000000383044.jpg
Natural image 1963/5256: 000000162826.jpg
Natural image 1964/5256: 000000271851.jpg
Natural image 1965/5256: 000000554969.jpg
Natural image 1966/5256: 000000043941.jpg
Natural image 1967/5256: 000000156293.jpg
Natural image 1968/5256: 000000246020.jpg
Natural image 1969/5256: 000000421388.jpg
Natural image 1970/5256: 000000379866.jpg
Natural image 1971/5256: 000000546733.jpg
Natural image 1972/5256: 000000556394.jpg
Natural image 1973/5256: 000000006769.jpg
Natural image 1974/5256: 000000131229.jpg
Natural image 1975/5256: 000000136390.jpg
Natural image 1976/5256: 000000431042.jpg
Natural image 1977/5256: 000000452929.jpg
Natural image 1978/5256: 000000113232.jpg
Natural image 1979/5256: 000000358177.jpg
Natural image 1980/5256: 000000371378.jpg
Natural image 1981/5256: 000000423159.jpg
Natural image 1982/5256: 000000211432.jpg
Natural image 1983/5256: 000000003907.jpg
Natural image 1984/5256: 000000337908.jpg
Natural image 1985/5256: 000000343195.jpg
Natural image 1986/5256: 000000519735.jpg
Natural image 1987/5256: 000000500668.jpg
Natural image 1988/5256: 000000521508.jpg
Natural image 1989/5256: 000000532176.jpg
Natural image 1990/5256: 000000167978.jpg
Natural image 1991/5256: 000000139677.jpg
Natural image 1992/5256: 000000151960.jpg
Natural image 1993/5256: 000000029649.jpg
Natural image 1994/5256: 000000216452.jpg
Natural image 1995/5256: 000000204615.jpg
Natural image 1996/5256: 000000337313.jpg
Natural image 1997/5256: 000000401931.jpg
Natural image 1998/5256: 000000080410.jpg
Natural image 1999/5256: 000000228978.jpg
Natural image 2000/5256: 000000423522.jpg
Natural image 2001/5256: 000000083127.jpg
Natural image 2002/5256: 000000190959.jpg
Natural image 2003/5256: 000000433038.jpg
Natural image 2004/5256: 000000333979.jpg
Natural image 2005/5256: 000000229797.jpg
Natural image 2006/5256: 000000125604.jpg
Natural image 2007/5256: 000000270002.jpg
Natural image 2008/5256: 000000015929.jpg
Natural image 2009/5256: 000000404694.jpg
Natural image 2010/5256: 000000358476.jpg
Natural image 2011/5256: 000000094829.jpg
Natural image 2012/5256: 000000373665.jpg
Natural image 2013/5256: 000000305221.jpg
Natural image 2014/5256: 000000386980.jpg
Natural image 2015/5256: 000000393802.jpg
Natural image 2016/5256: 000000399367.jpg
Natural image 2017/5256: 000000506219.jpg
Natural image 2018/5256: 000000388450.jpg
Natural image 2019/5256: 000000362510.jpg
Natural image 2020/5256: 000000083031.jpg
Natural image 2021/5256: 000000471189.jpg
Natural image 2022/5256: 000000475697.jpg
Natural image 2023/5256: 000000008147.jpg
Natural image 2024/5256: 000000319069.jpg
Natural image 2025/5256: 000000487062.jpg
Natural image 2026/5256: 000000510110.jpg
Natural image 2027/5256: 000000368739.jpg
Natural image 2028/5256: 000000158943.jpg
Natural image 2029/5256: 000000040490.jpg
Natural image 2030/5256: 000000463770.jpg
Natural image 2031/5256: 000000489473.jpg
Natural image 2032/5256: 000000234851.jpg
Natural image 2033/5256: 000000477992.jpg
Natural image 2034/5256: 000000359748.jpg
Natural image 2035/5256: 000000153680.jpg
Natural image 2036/5256: 000000548356.jpg
Natural image 2037/5256: 000000450613.jpg
Natural image 2038/5256: 000000095296.jpg
Natural image 2039/5256: 000000153387.jpg
Natural image 2040/5256: 000000339165.jpg
Natural image 2041/5256: 000000213845.jpg
Natural image 2042/5256: 000000456267.jpg
Natural image 2043/5256: 000000151080.jpg
Natural image 2044/5256: 000000004638.jpg
Natural image 2045/5256: 000000299222.jpg
Natural image 2046/5256: 000000072395.jpg
Natural image 2047/5256: 000000570312.jpg
Natural image 2048/5256: 000000331969.jpg
Natural image 2049/5256: 000000152814.jpg
Natural image 2050/5256: 000000412052.jpg
Natural image 2051/5256: 000000462903.jpg
Natural image 2052/5256: 000000464349.jpg
Natural image 2053/5256: 000000011457.jpg
Natural image 2054/5256: 000000151682.jpg
Natural image 2055/5256: 000000259695.jpg
Natural image 2056/5256: 000000512221.jpg
Natural image 2057/5256: 000000200054.jpg
Natural image 2058/5256: 000000145051.jpg
Natural image 2059/5256: 000000000771.jpg
Natural image 2060/5256: 000000242533.jpg
Natural image 2061/5256: 000000143748.jpg
Natural image 2062/5256: 000000581721.jpg
Natural image 2063/5256: 000000540908.jpg
Natural image 2064/5256: 000000384490.jpg
Natural image 2065/5256: 000000161769.jpg
Natural image 2066/5256: 000000559353.jpg
Natural image 2067/5256: 000000407989.jpg
Natural image 2068/5256: 000000240924.jpg
Natural image 2069/5256: 000000203367.jpg
Natural image 2070/5256: 000000325076.jpg
Natural image 2071/5256: 000000256063.jpg
Natural image 2072/5256: 000000051449.jpg
Natural image 2073/5256: 000000047310.jpg
Natural image 2074/5256: 000000518810.jpg
Natural image 2075/5256: 000000076391.jpg
Natural image 2076/5256: 000000242097.jpg
Natural image 2077/5256: 000000385685.jpg
Natural image 2078/5256: 000000002087.jpg
Natural image 2079/5256: 000000546250.jpg
Natural image 2080/5256: 000000243291.jpg
Natural image 2081/5256: 000000108843.jpg
Natural image 2082/5256: 000000255801.jpg
Natural image 2083/5256: 000000479549.jpg
Natural image 2084/5256: 000000447462.jpg
Natural image 2085/5256: 000000451209.jpg
Natural image 2086/5256: 000000114063.jpg
Natural image 2087/5256: 000000229793.jpg
Natural image 2088/5256: 000000116407.jpg
Natural image 2089/5256: 000000352849.jpg
Natural image 2090/5256: 000000574230.jpg
Natural image 2091/5256: 000000214533.jpg
Natural image 2092/5256: 000000169452.jpg
Natural image 2093/5256: 000000381443.jpg
Natural image 2094/5256: 000000228051.jpg
Natural image 2095/5256: 000000206959.jpg
Natural image 2096/5256: 000000271550.jpg
Natural image 2097/5256: 000000351639.jpg
Natural image 2098/5256: 000000406941.jpg
Natural image 2099/5256: 000000571509.jpg
Natural image 2100/5256: 000000521065.jpg
Natural image 2101/5256: 000000027741.jpg
Natural image 2102/5256: 000000022373.jpg
Natural image 2103/5256: 000000082563.jpg
Natural image 2104/5256: 000000391296.jpg
Natural image 2105/5256: 000000215465.jpg
Natural image 2106/5256: 000000148367.jpg
Natural image 2107/5256: 000000326945.jpg
Natural image 2108/5256: 000000091081.jpg
Natural image 2109/5256: 000000294706.jpg
Natural image 2110/5256: 000000240066.jpg
Natural image 2111/5256: 000000135857.jpg
Natural image 2112/5256: 000000400791.jpg
Natural image 2113/5256: 000000470630.jpg
Natural image 2114/5256: 000000036246.jpg
Natural image 2115/5256: 000000545967.jpg
Natural image 2116/5256: 000000467158.jpg
Natural image 2117/5256: 000000377024.jpg
Natural image 2118/5256: 000000168105.jpg
Natural image 2119/5256: 000000488590.jpg
Natural image 2120/5256: 000000175058.jpg
Natural image 2121/5256: 000000129796.jpg
Natural image 2122/5256: 000000186249.jpg
Natural image 2123/5256: 000000153209.jpg
Natural image 2124/5256: 000000023700.jpg
Natural image 2125/5256: 000000155115.jpg
Natural image 2126/5256: 000000213322.jpg
Natural image 2127/5256: 000000271598.jpg
Natural image 2128/5256: 000000568214.jpg
Natural image 2129/5256: 000000203125.jpg
Natural image 2130/5256: 000000009526.jpg
Natural image 2131/5256: 000000024941.jpg
Natural image 2132/5256: 000000359355.jpg
Natural image 2133/5256: 000000085533.jpg
Natural image 2134/5256: 000000545240.jpg
Natural image 2135/5256: 000000560478.jpg
Natural image 2136/5256: 000000516032.jpg
Natural image 2137/5256: 000000252434.jpg
Natural image 2138/5256: 000000375553.jpg
Natural image 2139/5256: 000000197467.jpg
Natural image 2140/5256: 000000506841.jpg
Natural image 2141/5256: 000000470087.jpg
Natural image 2142/5256: 000000570229.jpg
Natural image 2143/5256: 000000544335.jpg
Natural image 2144/5256: 000000268286.jpg
Natural image 2145/5256: 000000121015.jpg
Natural image 2146/5256: 000000477704.jpg
Natural image 2147/5256: 000000053859.jpg
Natural image 2148/5256: 000000409164.jpg
Natural image 2149/5256: 000000143001.jpg
Natural image 2150/5256: 000000264920.jpg
Natural image 2151/5256: 000000418669.jpg
Natural image 2152/5256: 000000428879.jpg
Natural image 2153/5256: 000000563375.jpg
Natural image 2154/5256: 000000282112.jpg
Natural image 2155/5256: 000000163265.jpg
Natural image 2156/5256: 000000253466.jpg
Natural image 2157/5256: 000000076437.jpg
Natural image 2158/5256: 000000419877.jpg
Natural image 2159/5256: 000000118891.jpg
Natural image 2160/5256: 000000218887.jpg
Natural image 2161/5256: 000000530196.jpg
Natural image 2162/5256: 000000133976.jpg
Natural image 2163/5256: 000000177993.jpg
Natural image 2164/5256: 000000239824.jpg
Natural image 2165/5256: 000000072163.jpg
Natural image 2166/5256: 000000307987.jpg
Natural image 2167/5256: 000000359522.jpg
Natural image 2168/5256: 000000386444.jpg
Natural image 2169/5256: 000000073205.jpg
Natural image 2170/5256: 000000490101.jpg
Natural image 2171/5256: 000000466380.jpg
Natural image 2172/5256: 000000094221.jpg
Natural image 2173/5256: 000000475264.jpg
Natural image 2174/5256: 000000360174.jpg
Natural image 2175/5256: 000000474640.jpg
Natural image 2176/5256: 000000387019.jpg
Natural image 2177/5256: 000000134367.jpg
Natural image 2178/5256: 000000581020.jpg
Natural image 2179/5256: 000000046489.jpg
Natural image 2180/5256: 000000580548.jpg
Natural image 2181/5256: 000000282801.jpg
Natural image 2182/5256: 000000225081.jpg
Natural image 2183/5256: 000000075348.jpg
Natural image 2184/5256: 000000321100.jpg
Natural image 2185/5256: 000000029440.jpg
Natural image 2186/5256: 000000055529.jpg
Natural image 2187/5256: 000000547340.jpg
Natural image 2188/5256: 000000523213.jpg
Natural image 2189/5256: 000000417939.jpg
Natural image 2190/5256: 000000220009.jpg
Natural image 2191/5256: 000000245302.jpg
Natural image 2192/5256: 000000465998.jpg
Natural image 2193/5256: 000000435555.jpg
Natural image 2194/5256: 000000056779.jpg
Natural image 2195/5256: 000000388048.jpg
Natural image 2196/5256: 000000566458.jpg
Natural image 2197/5256: 000000156742.jpg
Natural image 2198/5256: 000000472243.jpg
Natural image 2199/5256: 000000309253.jpg
Natural image 2200/5256: 000000446617.jpg
Natural image 2201/5256: 000000287485.jpg
Natural image 2202/5256: 000000063839.jpg
Natural image 2203/5256: 000000267826.jpg
Natural image 2204/5256: 000000139290.jpg
Natural image 2205/5256: 000000035877.jpg
Natural image 2206/5256: 000000358403.jpg
Natural image 2207/5256: 000000137947.jpg
Natural image 2208/5256: 000000240600.jpg
Natural image 2209/5256: 000000390728.jpg
Natural image 2210/5256: 000000326205.jpg
Natural image 2211/5256: 000000445463.jpg
Natural image 2212/5256: 000000033101.jpg
Natural image 2213/5256: 000000542686.jpg
Natural image 2214/5256: 000000278768.jpg
Natural image 2215/5256: 000000189994.jpg
Natural image 2216/5256: 000000084342.jpg
Natural image 2217/5256: 000000033769.jpg
Natural image 2218/5256: 000000477872.jpg
Natural image 2219/5256: 000000385791.jpg
Natural image 2220/5256: 000000517096.jpg
Natural image 2221/5256: 000000578028.jpg
Natural image 2222/5256: 000000495209.jpg
Natural image 2223/5256: 000000503168.jpg
Natural image 2224/5256: 000000563509.jpg
Natural image 2225/5256: 000000035162.jpg
Natural image 2226/5256: 000000139404.jpg
Natural image 2227/5256: 000000060317.jpg
Natural image 2228/5256: 000000063030.jpg
Natural image 2229/5256: 000000475288.jpg
Natural image 2230/5256: 000000581706.jpg
Natural image 2231/5256: 000000178934.jpg
Natural image 2232/5256: 000000330120.jpg
Natural image 2233/5256: 000000298666.jpg
Natural image 2234/5256: 000000405532.jpg
Natural image 2235/5256: 000000157587.jpg
Natural image 2236/5256: 000000007388.jpg
Natural image 2237/5256: 000000130464.jpg
Natural image 2238/5256: 000000550081.jpg
Natural image 2239/5256: 000000479742.jpg
Natural image 2240/5256: 000000177614.jpg
Natural image 2241/5256: 000000549408.jpg
Natural image 2242/5256: 000000192418.jpg
Natural image 2243/5256: 000000486692.jpg
Natural image 2244/5256: 000000340143.jpg
Natural image 2245/5256: 000000324038.jpg
Natural image 2246/5256: 000000192721.jpg
Natural image 2247/5256: 000000549456.jpg
Natural image 2248/5256: 000000246400.jpg
Natural image 2249/5256: 000000306488.jpg
Natural image 2250/5256: 000000079203.jpg
Natural image 2251/5256: 000000060869.jpg
Natural image 2252/5256: 000000051939.jpg
Natural image 2253/5256: 000000383493.jpg
Natural image 2254/5256: 000000268829.jpg
Natural image 2255/5256: 000000072652.jpg
Natural image 2256/5256: 000000113024.jpg
Natural image 2257/5256: 000000410150.jpg
Natural image 2258/5256: 000000190116.jpg
Natural image 2259/5256: 000000010713.jpg
Natural image 2260/5256: 000000253799.jpg
Natural image 2261/5256: 000000216247.jpg
Natural image 2262/5256: 000000520917.jpg
Natural image 2263/5256: 000000267968.jpg
Natural image 2264/5256: 000000055754.jpg
Natural image 2265/5256: 000000557674.jpg
Natural image 2266/5256: 000000531805.jpg
Natural image 2267/5256: 000000476030.jpg
Natural image 2268/5256: 000000077877.jpg
Natural image 2269/5256: 000000405354.jpg
Natural image 2270/5256: 000000531387.jpg
Natural image 2271/5256: 000000562563.jpg
Natural image 2272/5256: 000000514637.jpg
Natural image 2273/5256: 000000529219.jpg
Natural image 2274/5256: 000000102914.jpg
Natural image 2275/5256: 000000167766.jpg
Natural image 2276/5256: 000000571419.jpg
Natural image 2277/5256: 000000274355.jpg
Natural image 2278/5256: 000000249495.jpg
Natural image 2279/5256: 000000079343.jpg
Natural image 2280/5256: 000000459570.jpg
Natural image 2281/5256: 000000246850.jpg
Natural image 2282/5256: 000000053446.jpg
Natural image 2283/5256: 000000543343.jpg
Natural image 2284/5256: 000000077358.jpg
Natural image 2285/5256: 000000391510.jpg
Natural image 2286/5256: 000000193024.jpg
Natural image 2287/5256: 000000301533.jpg
Natural image 2288/5256: 000000250256.jpg
Natural image 2289/5256: 000000184008.jpg
Natural image 2290/5256: 000000299080.jpg
Natural image 2291/5256: 000000285245.jpg
Natural image 2292/5256: 000000256362.jpg
Natural image 2293/5256: 000000423898.jpg
Natural image 2294/5256: 000000462363.jpg
Natural image 2295/5256: 000000475648.jpg
Natural image 2296/5256: 000000182810.jpg
Natural image 2297/5256: 000000337644.jpg
Natural image 2298/5256: 000000309691.jpg
Natural image 2299/5256: 000000272984.jpg
Natural image 2300/5256: 000000023533.jpg
Natural image 2301/5256: 000000038617.jpg
Natural image 2302/5256: 000000383698.jpg
Natural image 2303/5256: 000000021159.jpg
Natural image 2304/5256: 000000231598.jpg
Natural image 2305/5256: 000000294345.jpg
Natural image 2306/5256: 000000184680.jpg
Natural image 2307/5256: 000000269773.jpg
Natural image 2308/5256: 000000463408.jpg
Natural image 2309/5256: 000000272990.jpg
Natural image 2310/5256: 000000270151.jpg
Natural image 2311/5256: 000000116016.jpg
Natural image 2312/5256: 000000269706.jpg
Natural image 2313/5256: 000000373718.jpg
Natural image 2314/5256: 000000097198.jpg
Natural image 2315/5256: 000000348778.jpg
Natural image 2316/5256: 000000009352.jpg
Natural image 2317/5256: 000000549812.jpg
Natural image 2318/5256: 000000091308.jpg
Natural image 2319/5256: 000000523429.jpg
Natural image 2320/5256: 000000291313.jpg
Natural image 2321/5256: 000000142296.jpg
Natural image 2322/5256: 000000016576.jpg
Natural image 2323/5256: 000000388445.jpg
Natural image 2324/5256: 000000252663.jpg
Natural image 2325/5256: 000000316635.jpg
Natural image 2326/5256: 000000036937.jpg
Natural image 2327/5256: 000000538388.jpg
Natural image 2328/5256: 000000354513.jpg
Natural image 2329/5256: 000000327937.jpg
Natural image 2330/5256: 000000146890.jpg
Natural image 2331/5256: 000000497282.jpg
Natural image 2332/5256: 000000142224.jpg
Natural image 2333/5256: 000000503364.jpg
Natural image 2334/5256: 000000545617.jpg
Natural image 2335/5256: 000000150784.jpg
Natural image 2336/5256: 000000565783.jpg
Natural image 2337/5256: 000000404760.jpg
Natural image 2338/5256: 000000302564.jpg
Natural image 2339/5256: 000000172388.jpg
Natural image 2340/5256: 000000236466.jpg
Natural image 2341/5256: 000000216823.jpg
Natural image 2342/5256: 000000085237.jpg
Natural image 2343/5256: 000000223912.jpg
Natural image 2344/5256: 000000296027.jpg
Natural image 2345/5256: 000000539203.jpg
Natural image 2346/5256: 000000305910.jpg
Natural image 2347/5256: 000000265545.jpg
Natural image 2348/5256: 000000133861.jpg
Natural image 2349/5256: 000000419072.jpg
Natural image 2350/5256: 000000272570.jpg
Natural image 2351/5256: 000000082419.jpg
Natural image 2352/5256: 000000525789.jpg
Natural image 2353/5256: 000000509042.jpg
Natural image 2354/5256: 000000408415.jpg
Natural image 2355/5256: 000000151769.jpg
Natural image 2356/5256: 000000002343.jpg
Natural image 2357/5256: 000000077775.jpg
Natural image 2358/5256: 000000516129.jpg
Natural image 2359/5256: 000000319371.jpg
Natural image 2360/5256: 000000248955.jpg
Natural image 2361/5256: 000000146036.jpg
Natural image 2362/5256: 000000200223.jpg
Natural image 2363/5256: 000000422988.jpg
Natural image 2364/5256: 000000144465.jpg
Natural image 2365/5256: 000000115964.jpg
Natural image 2366/5256: 000000563017.jpg
Natural image 2367/5256: 000000065808.jpg
Natural image 2368/5256: 000000272379.jpg
Natural image 2369/5256: 000000290321.jpg
Natural image 2370/5256: 000000105289.jpg
Natural image 2371/5256: 000000414621.jpg
Natural image 2372/5256: 000000518963.jpg
Natural image 2373/5256: 000000567202.jpg
Natural image 2374/5256: 000000268683.jpg
Natural image 2375/5256: 000000024226.jpg
Natural image 2376/5256: 000000213769.jpg
Natural image 2377/5256: 000000137224.jpg
Natural image 2378/5256: 000000346159.jpg
Natural image 2379/5256: 000000061670.jpg
Natural image 2380/5256: 000000004053.jpg
Natural image 2381/5256: 000000534106.jpg
Natural image 2382/5256: 000000562717.jpg
Natural image 2383/5256: 000000575169.jpg
Natural image 2384/5256: 000000095610.jpg
Natural image 2385/5256: 000000468425.jpg
Natural image 2386/5256: 000000174953.jpg
Natural image 2387/5256: 000000054544.jpg
Natural image 2388/5256: 000000130673.jpg
Natural image 2389/5256: 000000214548.jpg
Natural image 2390/5256: 000000238146.jpg
Natural image 2391/5256: 000000320408.jpg
Natural image 2392/5256: 000000312239.jpg
Natural image 2393/5256: 000000467952.jpg
Natural image 2394/5256: 000000240865.jpg
Natural image 2395/5256: 000000299352.jpg
Natural image 2396/5256: 000000111105.jpg
Natural image 2397/5256: 000000563409.jpg
Natural image 2398/5256: 000000203924.jpg
Natural image 2399/5256: 000000100400.jpg
Natural image 2400/5256: 000000401377.jpg
Natural image 2401/5256: 000000316184.jpg
Natural image 2402/5256: 000000186097.jpg
Natural image 2403/5256: 000000449720.jpg
Natural image 2404/5256: 000000064695.jpg
Natural image 2405/5256: 000000342084.jpg
Natural image 2406/5256: 000000206040.jpg
Natural image 2407/5256: 000000358339.jpg
Natural image 2408/5256: 000000400323.jpg
Natural image 2409/5256: 000000429375.jpg
Natural image 2410/5256: 000000064660.jpg
Natural image 2411/5256: 000000199574.jpg
Natural image 2412/5256: 000000039011.jpg
Natural image 2413/5256: 000000203263.jpg
Natural image 2414/5256: 000000557918.jpg
Natural image 2415/5256: 000000156161.jpg
Natural image 2416/5256: 000000277985.jpg
Natural image 2417/5256: 000000508381.jpg
Natural image 2418/5256: 000000035073.jpg
Natural image 2419/5256: 000000536490.jpg
Natural image 2420/5256: 000000229116.jpg
Natural image 2421/5256: 000000305671.jpg
Natural image 2422/5256: 000000435424.jpg
Natural image 2423/5256: 000000053637.jpg
Natural image 2424/5256: 000000300312.jpg
Natural image 2425/5256: 000000449680.jpg
Natural image 2426/5256: 000000095177.jpg
Natural image 2427/5256: 000000404815.jpg
Natural image 2428/5256: 000000431253.jpg
Natural image 2429/5256: 000000008839.jpg
Natural image 2430/5256: 000000346834.jpg
Natural image 2431/5256: 000000216383.jpg
Natural image 2432/5256: 000000281866.jpg
Natural image 2433/5256: 000000218008.jpg
Natural image 2434/5256: 000000062980.jpg
Natural image 2435/5256: 000000145564.jpg
Natural image 2436/5256: 000000034740.jpg
Natural image 2437/5256: 000000324881.jpg
Natural image 2438/5256: 000000540322.jpg
Natural image 2439/5256: 000000104122.jpg
Natural image 2440/5256: 000000323521.jpg
Natural image 2441/5256: 000000480596.jpg
Natural image 2442/5256: 000000432714.jpg
Natural image 2443/5256: 000000040469.jpg
Natural image 2444/5256: 000000467666.jpg
Natural image 2445/5256: 000000411490.jpg
Natural image 2446/5256: 000000553309.jpg
Natural image 2447/5256: 000000266337.jpg
Natural image 2448/5256: 000000135137.jpg
Natural image 2449/5256: 000000092035.jpg
Natural image 2450/5256: 000000239471.jpg
Natural image 2451/5256: 000000429883.jpg
Natural image 2452/5256: 000000000229.jpg
Natural image 2453/5256: 000000429875.jpg
Natural image 2454/5256: 000000542648.jpg
Natural image 2455/5256: 000000262547.jpg
Natural image 2456/5256: 000000040453.jpg
Natural image 2457/5256: 000000430909.jpg
Natural image 2458/5256: 000000360411.jpg
Natural image 2459/5256: 000000270145.jpg
Natural image 2460/5256: 000000232172.jpg
Natural image 2461/5256: 000000183056.jpg
Natural image 2462/5256: 000000191550.jpg
Natural image 2463/5256: 000000044973.jpg
Natural image 2464/5256: 000000004348.jpg
Natural image 2465/5256: 000000130801.jpg
Natural image 2466/5256: 000000438218.jpg
Natural image 2467/5256: 000000469434.jpg
Natural image 2468/5256: 000000173396.jpg
Natural image 2469/5256: 000000133520.jpg
Natural image 2470/5256: 000000279039.jpg
Natural image 2471/5256: 000000235121.jpg
Natural image 2472/5256: 000000148060.jpg
Natural image 2473/5256: 000000099834.jpg
Natural image 2474/5256: 000000335806.jpg
Natural image 2475/5256: 000000357766.jpg
Natural image 2476/5256: 000000367812.jpg
Natural image 2477/5256: 000000513628.jpg
Natural image 2478/5256: 000000081510.jpg
Natural image 2479/5256: 000000293775.jpg
Natural image 2480/5256: 000000143815.jpg
Natural image 2481/5256: 000000146323.jpg
Natural image 2482/5256: 000000576448.jpg
Natural image 2483/5256: 000000278596.jpg
Natural image 2484/5256: 000000396604.jpg
Natural image 2485/5256: 000000450887.jpg
Natural image 2486/5256: 000000331217.jpg
Natural image 2487/5256: 000000293711.jpg
Natural image 2488/5256: 000000441037.jpg
Natural image 2489/5256: 000000091087.jpg
Natural image 2490/5256: 000000047196.jpg
Natural image 2491/5256: 000000438295.jpg
Natural image 2492/5256: 000000179243.jpg
Natural image 2493/5256: 000000083786.jpg
Natural image 2494/5256: 000000316324.jpg
Natural image 2495/5256: 000000392311.jpg
Natural image 2496/5256: 000000114734.jpg
Natural image 2497/5256: 000000171877.jpg
Natural image 2498/5256: 000000307867.jpg
Natural image 2499/5256: 000000001959.jpg
Natural image 2500/5256: 000000154986.jpg
Natural image 2501/5256: 000000550731.jpg
Natural image 2502/5256: 000000181911.jpg
Natural image 2503/5256: 000000179843.jpg
Natural image 2504/5256: 000000005255.jpg
Natural image 2505/5256: 000000307537.jpg
Natural image 2506/5256: 000000003367.jpg
Natural image 2507/5256: 000000302123.jpg
Natural image 2508/5256: 000000462851.jpg
Natural image 2509/5256: 000000103721.jpg
Natural image 2510/5256: 000000460278.jpg
Natural image 2511/5256: 000000476256.jpg
Natural image 2512/5256: 000000394815.jpg
Natural image 2513/5256: 000000041206.jpg
Natural image 2514/5256: 000000299701.jpg
Natural image 2515/5256: 000000342764.jpg
Natural image 2516/5256: 000000095917.jpg
Natural image 2517/5256: 000000481277.jpg
Natural image 2518/5256: 000000201383.jpg
Natural image 2519/5256: 000000449149.jpg
Natural image 2520/5256: 000000409502.jpg
Natural image 2521/5256: 000000468590.jpg
Natural image 2522/5256: 000000218001.jpg
Natural image 2523/5256: 000000037000.jpg
Natural image 2524/5256: 000000119340.jpg
Natural image 2525/5256: 000000475541.jpg
Natural image 2526/5256: 000000358478.jpg
Natural image 2527/5256: 000000463586.jpg
Natural image 2528/5256: 000000339229.jpg
Natural image 2529/5256: 000000347749.jpg
Natural image 2530/5256: 000000236891.jpg
Natural image 2531/5256: 000000538262.jpg
Natural image 2532/5256: 000000256414.jpg
Natural image 2533/5256: 000000513872.jpg
Natural image 2534/5256: 000000222999.jpg
Natural image 2535/5256: 000000328237.jpg
Natural image 2536/5256: 000000555558.jpg
Natural image 2537/5256: 000000555716.jpg
Natural image 2538/5256: 000000236794.jpg
Natural image 2539/5256: 000000522945.jpg
Natural image 2540/5256: 000000181951.jpg
Natural image 2541/5256: 000000443532.jpg
Natural image 2542/5256: 000000381942.jpg
Natural image 2543/5256: 000000438739.jpg
Natural image 2544/5256: 000000453669.jpg
Natural image 2545/5256: 000000141909.jpg
Natural image 2546/5256: 000000154031.jpg
Natural image 2547/5256: 000000153451.jpg
Natural image 2548/5256: 000000330290.jpg
Natural image 2549/5256: 000000459316.jpg
Natural image 2550/5256: 000000527884.jpg
Natural image 2551/5256: 000000347260.jpg
Natural image 2552/5256: 000000048986.jpg
Natural image 2553/5256: 000000302445.jpg
Natural image 2554/5256: 000000558778.jpg
Natural image 2555/5256: 000000495251.jpg
Natural image 2556/5256: 000000493747.jpg
Natural image 2557/5256: 000000578218.jpg
Natural image 2558/5256: 000000363282.jpg
Natural image 2559/5256: 000000275536.jpg
Natural image 2560/5256: 000000019676.jpg
Natural image 2561/5256: 000000223615.jpg
Natural image 2562/5256: 000000467569.jpg
Natural image 2563/5256: 000000394509.jpg
Natural image 2564/5256: 000000243603.jpg
Natural image 2565/5256: 000000005780.jpg
Natural image 2566/5256: 000000175848.jpg
Natural image 2567/5256: 000000510338.jpg
Natural image 2568/5256: 000000294748.jpg
Natural image 2569/5256: 000000100360.jpg
Natural image 2570/5256: 000000011986.jpg
Natural image 2571/5256: 000000091964.jpg
Natural image 2572/5256: 000000251241.jpg
Natural image 2573/5256: 000000466310.jpg
Natural image 2574/5256: 000000556768.jpg
Natural image 2575/5256: 000000182842.jpg
Natural image 2576/5256: 000000275169.jpg
Natural image 2577/5256: 000000283513.jpg
Natural image 2578/5256: 000000404287.jpg
Natural image 2579/5256: 000000146108.jpg
Natural image 2580/5256: 000000348335.jpg
Natural image 2581/5256: 000000264881.jpg
Natural image 2582/5256: 000000000527.jpg
Natural image 2583/5256: 000000254391.jpg
Natural image 2584/5256: 000000209406.jpg
Natural image 2585/5256: 000000520952.jpg
Natural image 2586/5256: 000000273807.jpg
