method,parameter_space,test_index,seed,layer,error_l2,owner_error_dot,owner_error_cosine,owner_gradient_l2,quality_error_dot,quality_error_cosine,quality_gradient_l2,ownership_score,image_mse
fixed_ptq_w4_c1.0_test,quantized,0,3459,conv_in.weight,1.457656835549773,0.0007991375964277475,0.00624550445668418,0.08778064080963788,0.00018067891665598,0.05762554285907549,0.002150983874909051,0.05383322015404701,0.0009632468572817743
fixed_ptq_w4_c1.0_test,quantized,0,3459,up_blocks.0.resnets.0.conv1.weight,19.24490800210639,-0.0004964340916348012,-0.0009878560573967092,0.02611271877692296,6.025293803648192e-05,0.004257981450460467,0.0007352899401478714,0.05383322015404701,0.0009632468572817743
fixed_ptq_w4_c1.0_test,quantized,0,3459,up_blocks.0.resnets.0.conv2.weight,14.133578408244707,0.0005571960854133818,0.0010072675559377599,0.03913912195546721,1.476130891960907e-05,0.0008634239608283174,0.0012096191117049728,0.05383322015404701,0.0009632468572817743
fixed_ptq_w4_c1.0_test,quantized,0,3459,up_blocks.0.resnets.1.conv1.weight,19.48690461146917,0.00017802992023280907,0.0003219286393725185,0.02837857107166393,6.811045555877698e-05,0.004442145292807443,0.0007868250291954035,0.05383322015404701,0.0009632468572817743
fixed_ptq_w4_c1.0_test,quantized,0,3459,up_blocks.0.resnets.1.conv2.weight,13.235037692510488,-0.00018823123731608044,-0.00032191424033755863,0.04418006248817559,4.6713266717064875e-05,0.002545520391816583,0.0013865593895888227,0.05383322015404701,0.0009632468572817743
fixed_ptq_w4_c1.0_test,quantized,0,3459,up_blocks.0.resnets.2.conv1.weight,20.2987072950008,-0.00011930986085442963,-0.00020768389783668953,0.02830121834640655,9.912149658760117e-05,0.0061945705286279565,0.0007882940843849385,0.05383322015404701,0.0009632468572817743
fixed_ptq_w4_c1.0_test,quantized,0,3459,up_blocks.0.resnets.2.conv2.weight,13.157236177137607,0.0002825189504876878,0.00048173297876504385,0.04457347928104504,2.8932751095657678e-05,0.0016643652351857148,0.0013212239103959906,0.05383322015404701,0.0009632468572817743
fixed_ptq_w4_c1.0_test,quantized,0,3459,up_blocks.0.upsamplers.0.conv.weight,8.104407376688961,-0.00028621639226776016,-0.0002651189468879438,0.13320866443403506,0.00016335472888420489,0.005122226982976575,0.003935062444153423,0.05383322015404701,0.0009632468572817743
fixed_ptq_w4_c1.0_test,quantized,0,3459,up_blocks.1.resnets.0.conv1.weight,18.928224419895813,-0.00022268154086681484,-0.00036175037275462766,0.0325211095245597,7.708893392664371e-05,0.004205995982227548,0.0009683075315577713,0.05383322015404701,0.0009632468572817743
fixed_ptq_w4_c1.0_test,quantized,0,3459,up_blocks.1.resnets.0.conv2.weight,18.786867189203733,-0.0007081210355983137,-0.0010970780176711623,0.0343570302682232,3.587170846311569e-05,0.0018829632038238192,0.0010140418124867314,0.05383322015404701,0.0009632468572817743
fixed_ptq_w4_c1.0_test,quantized,0,3459,up_blocks.1.resnets.1.conv1.weight,19.533111242488815,3.040842750295507e-05,4.569748893613428e-05,0.03406671070320576,6.16414401521768e-05,0.0036395487984591424,0.0008670692940965768,0.05383322015404701,0.0009632468572817743
fixed_ptq_w4_c1.0_test,quantized,0,3459,up_blocks.1.resnets.1.conv2.weight,18.33769410989956,-0.000784335999760525,-0.001240024959667864,0.034492684658311824,4.00102684341248e-05,0.0022541350014020404,0.000967936391847274,0.05383322015404701,0.0009632468572817743
fixed_ptq_w4_c1.0_test,quantized,0,3459,up_blocks.1.resnets.2.conv1.weight,19.031312519046566,-0.000998436610669726,-0.0013453930639492902,0.03899442959736082,5.56031378700537e-05,0.002979618950879861,0.0009805501989968949,0.05383322015404701,0.0009632468572817743
fixed_ptq_w4_c1.0_test,quantized,0,3459,up_blocks.1.resnets.2.conv2.weight,16.891185619394598,-0.0004961002806404603,-0.0009020518157253868,0.03255950946050558,3.386167745505415e-05,0.0021514394403536388,0.0009317924951597837,0.05383322015404701,0.0009632468572817743
fixed_ptq_w4_c1.0_test,quantized,0,3459,up_blocks.1.upsamplers.0.conv.weight,8.90401560238726,-0.001097264015690458,-0.0010556807396677338,0.11673272571446432,6.236606467862281e-05,0.0024280413414223276,0.0028847378402666515,0.05383322015404701,0.0009632468572817743
fixed_ptq_w4_c1.0_test,quantized,0,3459,up_blocks.2.resnets.0.conv1.weight,12.421798064474537,-9.124270050378888e-05,-0.00021424540359562557,0.03428484199865498,3.4755995224476454e-05,0.0028278796836502165,0.0009894283186056003,0.05383322015404701,0.0009632468572817743
fixed_ptq_w4_c1.0_test,quantized,0,3459,up_blocks.2.resnets.0.conv2.weight,10.300981527080555,-0.0003389262288173129,-0.0011887216228931338,0.027678745876547808,3.631233138553936e-05,0.004789246383994143,0.0007360517418113554,0.05383322015404701,0.0009632468572817743
fixed_ptq_w4_c1.0_test,quantized,0,3459,up_blocks.2.resnets.0.conv_shortcut.weight,0.9130284836715805,-0.0002254858525625094,-0.0008099116300666408,0.30492802215708753,0.00010211315135456476,0.015657266891487567,0.007143012306868373,0.05383322015404701,0.0009632468572817743
fixed_ptq_w4_c1.0_test,quantized,0,3459,up_blocks.2.resnets.1.conv1.weight,8.201854963429565,-0.0020832545544558134,-0.006783196013519108,0.03744517699307321,2.2968502137574608e-05,0.002858499175817761,0.0009796761098779818,0.05383322015404701,0.0009632468572817743
fixed_ptq_w4_c1.0_test,quantized,0,3459,up_blocks.2.resnets.1.conv2.weight,11.064136867556703,-0.000721530783900978,-0.0020549637237836805,0.03173461001495596,2.847403733112143e-05,0.004041054046853951,0.0006368495578666822,0.05383322015404701,0.0009632468572817743
fixed_ptq_w4_c1.0_test,quantized,0,3459,up_blocks.2.resnets.2.conv1.weight,8.679135251641918,-0.001826306010272972,-0.005290602167169406,0.039773333024407415,1.1813866912292962e-05,0.0016753627698956667,0.0008124689217822898,0.05383322015404701,0.0009632468572817743
fixed_ptq_w4_c1.0_test,quantized,0,3459,up_blocks.2.resnets.2.conv2.weight,10.423019492231429,-7.888955021363063e-05,-0.0002781699278568804,0.02720919869720695,8.327605115130978e-06,0.0014150391902139647,0.0005646224020626866,0.05383322015404701,0.0009632468572817743
fixed_ptq_w4_c1.0_test,quantized,0,3459,up_blocks.2.upsamplers.0.conv.weight,4.87776649732819,5.3883309396017906e-05,7.3535778164716e-05,0.15022235371502304,2.4956450901146522e-05,0.002018847255426206,0.0025343019365335487,0.05383322015404701,0.0009632468572817743
fixed_ptq_w4_c1.0_test,quantized,0,3459,up_blocks.3.resnets.0.conv1.weight,5.838596256887053,-0.0012452116732921804,-0.005512192502263701,0.03869103637012547,1.099401958415748e-05,0.0031165148733717216,0.0006041974080628748,0.05383322015404701,0.0009632468572817743
fixed_ptq_w4_c1.0_test,quantized,0,3459,up_blocks.3.resnets.0.conv2.weight,6.244990595139215,-0.00017082271722305043,-0.0011998374563122036,0.022797720324383226,1.172748972045335e-06,0.0005768571364706136,0.0003255404822401268,0.05383322015404701,0.0009632468572817743
fixed_ptq_w4_c1.0_test,quantized,0,3459,up_blocks.3.resnets.0.conv_shortcut.weight,0.7271489925353076,-0.0016057660305822897,-0.00724776030562455,0.30468778068188285,2.2099488735517646e-05,0.007387480493035796,0.0041139828098962425,0.05383322015404701,0.0009632468572817743
fixed_ptq_w4_c1.0_test,quantized,0,3459,up_blocks.3.resnets.1.conv1.weight,4.149669579885494,-0.0009974854864786852,-0.004850579617523257,0.04955636360183453,-4.8428015044334284e-06,-0.002057518255312415,0.0005672042213458858,0.05383322015404701,0.0009632468572817743
fixed_ptq_w4_c1.0_test,quantized,0,3459,up_blocks.3.resnets.1.conv2.weight,6.452668239311267,-0.000533911753917484,-0.0033532312816591074,0.02467553833378315,-7.841908717186747e-06,-0.0035626740460173024,0.00034111935043920275,0.05383322015404701,0.0009632468572817743
fixed_ptq_w4_c1.0_test,quantized,0,3459,up_blocks.3.resnets.2.conv1.weight,4.3687420716896215,0.0006817612729753738,0.0031033707826740413,0.05028544013737672,-3.0880047027219027e-06,-0.0009950816957116574,0.0007103343401220194,0.05383322015404701,0.0009632468572817743
fixed_ptq_w4_c1.0_test,quantized,0,3459,up_blocks.3.resnets.2.conv2.weight,6.275428632043213,-9.06531862474229e-05,-0.0012426927196972897,0.011624543960989617,-2.0636153363541184e-06,-0.0012406388087822316,0.0002650574341834857,0.05383322015404701,0.0009632468572817743
fixed_ptq_w4_c1.0_test,quantized,0,3459,mid_block.attentions.0.to_q.weight,4.017655159011547,-2.706598188521996e-05,-0.0010185160129517299,0.006614290536171901,-4.025551465370152e-07,-0.0004450673478354621,0.0002251266929808788,0.05383322015404701,0.0009632468572817743
fixed_ptq_w4_c1.0_test,quantized,0,3459,mid_block.attentions.0.to_k.weight,4.105941188134321,-6.351714671088599e-05,-0.0020133071908000136,0.007683661280568129,2.0193648475442845e-06,0.001949027980857373,0.00025233877678550783,0.05383322015404701,0.0009632468572817743
fixed_ptq_w4_c1.0_test,quantized,0,3459,mid_block.attentions.0.to_v.weight,2.7407196252929307,-0.00019964455619541174,-0.001976743095396166,0.036850436152600245,3.049064673027079e-06,0.0009175614465407983,0.0012124584627428276,0.05383322015404701,0.0009632468572817743
fixed_ptq_w4_c1.0_test,quantized,0,3459,mid_block.attentions.0.to_out.0.weight,2.5762803762428064,-3.174071142064233e-05,-0.00027309709405426907,0.04511349275704543,1.0378756409415785e-06,0.0002743408682731526,0.0014684585249336607,0.05383322015404701,0.0009632468572817743
fixed_ptq_w4_c1.0_test,quantized,0,3459,mid_block.resnets.0.conv1.weight,19.017884482571446,0.0001478605918714641,0.000256459608036037,0.030315955508754343,0.0001520092031262998,0.007373562721391256,0.0010840025364466713,0.05383322015404701,0.0009632468572817743
fixed_ptq_w4_c1.0_test,quantized,0,3459,mid_block.resnets.0.conv2.weight,12.631884571292352,-0.00015340429289197998,-0.00021652759444026933,0.05608621256806431,5.094717911188296e-05,0.0021629955218515585,0.0018646459139276329,0.05383322015404701,0.0009632468572817743
fixed_ptq_w4_c1.0_test,quantized,0,3459,mid_block.resnets.1.conv1.weight,18.230832590427827,0.0002924120323616685,0.000720142680081217,0.02227256246325052,2.8722865524845832e-05,0.002119223990274087,0.0007434373913000197,0.05383322015404701,0.0009632468572817743
fixed_ptq_w4_c1.0_test,quantized,0,3459,mid_block.resnets.1.conv2.weight,12.92560176135841,-1.8937210705804975e-05,-3.772496425430639e-05,0.038836170878635806,2.469588911957991e-05,0.0016220176359718955,0.0011779268558745424,0.05383322015404701,0.0009632468572817743
fixed_ptq_w4_c1.0_test,quantized,0,3459,conv_out.weight,0.1406896022280004,-0.00047203216817537477,-0.007289351947200768,0.46027848484150985,9.345486333212425e-05,0.056954768611228515,0.011662987580343297,0.05383322015404701,0.0009632468572817743
fixed_ptq_w4_c1.0_test,quantized,1,3460,conv_in.weight,1.457656835549773,0.00013734663713380307,0.0005582172198939536,0.16879497257440684,0.00010641880902803986,0.03896897429958522,0.0018734587095368327,0.06944771111011505,0.0006311877514235675
fixed_ptq_w4_c1.0_test,quantized,1,3460,up_blocks.0.resnets.0.conv1.weight,19.24490800210639,0.0007221833279687778,0.0009701668566085307,0.038679885960506276,2.9327260737407833e-05,0.004914808350806715,0.00031006237798680196,0.06944771111011505,0.0006311877514235675
fixed_ptq_w4_c1.0_test,quantized,1,3460,up_blocks.0.resnets.0.conv2.weight,14.133578408244707,0.00048634291395325744,0.0005692322702954253,0.06045064614879195,1.8020075043374425e-05,0.001891993429715057,0.0006738835247400357,0.06944771111011505,0.0006311877514235675
fixed_ptq_w4_c1.0_test,quantized,1,3460,up_blocks.0.resnets.1.conv1.weight,19.48690461146917,-0.0013902284412825442,-0.0014956379489731125,0.04769983027618311,4.331431355176585e-05,0.006719300364230682,0.00033079925404509193,0.06944771111011505,0.0006311877514235675
fixed_ptq_w4_c1.0_test,quantized,1,3460,up_blocks.0.resnets.1.conv2.weight,13.235037692510488,-0.00021813878547653325,-0.00024661515136505243,0.0668325379036003,2.182702552621928e-05,0.002048243852589819,0.0008051702386658301,0.06944771111011505,0.0006311877514235675
fixed_ptq_w4_c1.0_test,quantized,1,3460,up_blocks.0.resnets.2.conv1.weight,20.2987072950008,-0.0006088904892997327,-0.0006511607213859692,0.046066223865537374,5.492141027210748e-05,0.007234427073559543,0.0003739978936584898,0.06944771111011505,0.0006311877514235675
fixed_ptq_w4_c1.0_test,quantized,1,3460,up_blocks.0.resnets.2.conv2.weight,13.157236177137607,8.47765066908341e-05,9.199034029717162e-05,0.07004362610431569,2.9091463139308412e-05,0.0025958678461220686,0.0008517621059659555,0.06944771111011505,0.0006311877514235675
fixed_ptq_w4_c1.0_test,quantized,1,3460,up_blocks.0.upsamplers.0.conv.weight,8.104407376688961,0.00019061443040398267,9.540115245457052e-05,0.24653630999610576,0.00011124642656928151,0.005360617696796249,0.002560648521563967,0.06944771111011505,0.0006311877514235675
fixed_ptq_w4_c1.0_test,quantized,1,3460,up_blocks.1.resnets.0.conv1.weight,18.928224419895813,0.0007457893527449657,0.0007834057310773985,0.050294391496089046,4.0651542400533214e-05,0.005939579646109106,0.000361585862179004,0.06944771111011505,0.0006311877514235675
fixed_ptq_w4_c1.0_test,quantized,1,3460,up_blocks.1.resnets.0.conv2.weight,18.786867189203733,-0.001091021185785479,-0.001022774137841933,0.05678048279371692,2.5915490951043317e-05,0.0023701591730600716,0.0005820061348312134,0.06944771111011505,0.0006311877514235675
fixed_ptq_w4_c1.0_test,quantized,1,3460,up_blocks.1.resnets.1.conv1.weight,19.533111242488815,0.0004454790669821734,0.00041460674806867946,0.05500719655456525,3.3804603739996395e-05,0.00521053446262645,0.00033214074340643697,0.06944771111011505,0.0006311877514235675
fixed_ptq_w4_c1.0_test,quantized,1,3460,up_blocks.1.resnets.1.conv2.weight,18.33769410989956,-0.0014117568234964747,-0.0013539178201017973,0.05686209637443293,2.5284895136761427e-05,0.002321116086251417,0.0005940453099164555,0.06944771111011505,0.0006311877514235675
fixed_ptq_w4_c1.0_test,quantized,1,3460,up_blocks.1.resnets.2.conv1.weight,19.031312519046566,-0.001032168355509064,-0.0009219185493808268,0.05882869926124372,4.1528919489040774e-05,0.005523960280146595,0.00039503115041496516,0.06944771111011505,0.0006311877514235675
fixed_ptq_w4_c1.0_test,quantized,1,3460,up_blocks.1.resnets.2.conv2.weight,16.891185619394598,-0.0005190329270413389,-0.000556143653159266,0.05525197291440887,1.678394816618797e-05,0.0016328816898931197,0.0006085261923579144,0.06944771111011505,0.0006311877514235675
fixed_ptq_w4_c1.0_test,quantized,1,3460,up_blocks.1.upsamplers.0.conv.weight,8.90401560238726,-0.001489485926841249,-0.0007504862166110398,0.22289882106215617,4.9371999046351125e-05,0.002199276310862657,0.0025212447290243814,0.06944771111011505,0.0006311877514235675
fixed_ptq_w4_c1.0_test,quantized,1,3460,up_blocks.2.resnets.0.conv1.weight,12.421798064474537,-0.0009593069344855114,-0.0011466412892627825,0.06735123176838045,1.4514036262162857e-05,0.003137711512034047,0.00037238375580268384,0.06944771111011505,0.0006311877514235675
fixed_ptq_w4_c1.0_test,quantized,1,3460,up_blocks.2.resnets.0.conv2.weight,10.300981527080555,-2.1474601371452044e-05,-4.226172916275194e-05,0.049328651129329694,2.3091338798713903e-05,0.005496940343803031,0.000407802121942402,0.06944771111011505,0.0006311877514235675
fixed_ptq_w4_c1.0_test,quantized,1,3460,up_blocks.2.resnets.0.conv_shortcut.weight,0.9130284836715805,-0.0011837997477216055,-0.00222011549694577,0.5840073976468323,9.230948821699091e-05,0.015127298592156129,0.006683448984776375,0.06944771111011505,0.0006311877514235675
fixed_ptq_w4_c1.0_test,quantized,1,3460,up_blocks.2.resnets.1.conv1.weight,8.201854963429565,-0.002228519600183888,-0.004302927783045894,0.06314519599998594,8.234605808168493e-06,0.0033225042840815447,0.0003021796260629027,0.06944771111011505,0.0006311877514235675
fixed_ptq_w4_c1.0_test,quantized,1,3460,up_blocks.2.resnets.1.conv2.weight,11.064136867556703,-0.0009623072873828186,-0.0016126458497312383,0.05393332952550509,1.2277395728252289e-05,0.002924251538342633,0.00037946697723236536,0.06944771111011505,0.0006311877514235675
fixed_ptq_w4_c1.0_test,quantized,1,3460,up_blocks.2.resnets.2.conv1.weight,8.679135251641918,-0.0018177737163610145,-0.0033627460839979347,0.06228296622861901,1.2616206798047866e-05,0.004783728396720961,0.0003038686027396276,0.06944771111011505,0.0006311877514235675
fixed_ptq_w4_c1.0_test,quantized,1,3460,up_blocks.2.resnets.2.conv2.weight,10.423019492231429,9.907679293968231e-05,0.0001971671547805817,0.048210742584756966,1.0284933077983295e-05,0.0028292916050207326,0.0003487628430336696,0.06944771111011505,0.0006311877514235675
fixed_ptq_w4_c1.0_test,quantized,1,3460,up_blocks.2.upsamplers.0.conv.weight,4.87776649732819,-0.001591701806966464,-0.001079201712362643,0.30236956637613455,6.445197214927955e-06,0.0003994399794024265,0.0033079860821961012,0.06944771111011505,0.0006311877514235675
fixed_ptq_w4_c1.0_test,quantized,1,3460,up_blocks.3.resnets.0.conv1.weight,5.838596256887053,-0.0012948449461022027,-0.0032879822734738556,0.06744967385950638,7.3732721110418345e-06,0.0035131359657124155,0.0003594652054875152,0.06944771111011505,0.0006311877514235675
fixed_ptq_w4_c1.0_test,quantized,1,3460,up_blocks.3.resnets.0.conv2.weight,6.244990595139215,0.00016647434886542402,0.000723429130769427,0.03684847707578794,5.575944426456978e-06,0.004806092906292479,0.00018577808681689403,0.06944771111011505,0.0006311877514235675
fixed_ptq_w4_c1.0_test,quantized,1,3460,up_blocks.3.resnets.0.conv_shortcut.weight,0.7271489925353076,-0.0030013049301872378,-0.007944545942743304,0.5195383778334198,2.6179674455663954e-05,0.008454767426370207,0.004258328582096863,0.06944771111011505,0.0006311877514235675
fixed_ptq_w4_c1.0_test,quantized,1,3460,up_blocks.3.resnets.1.conv1.weight,4.149669579885494,-0.00010022895731940454,-0.00028211939034100084,0.08561438841404691,3.90766571234243e-06,0.002003235847978191,0.00047008003211190515,0.06944771111011505,0.0006311877514235675
fixed_ptq_w4_c1.0_test,quantized,1,3460,up_blocks.3.resnets.1.conv2.weight,6.452668239311267,-0.0008965365033123461,-0.003181245617717884,0.04367485168948455,1.6742717491792677e-06,0.001071181650358151,0.0002422275229792705,0.06944771111011505,0.0006311877514235675
fixed_ptq_w4_c1.0_test,quantized,1,3460,up_blocks.3.resnets.2.conv1.weight,4.3687420716896215,0.0003687715225777704,0.0009186121823033146,0.09189010989070469,6.603652750688822e-06,0.001833628309731844,0.0008243592541392608,0.06944771111011505,0.0006311877514235675
fixed_ptq_w4_c1.0_test,quantized,1,3460,up_blocks.3.resnets.2.conv2.weight,6.275428632043213,0.00032203426027715976,0.0025361623265066787,0.020233994870588613,-9.901679931403975e-07,-0.0006202263354100576,0.0002543989333474505,0.06944771111011505,0.0006311877514235675
fixed_ptq_w4_c1.0_test,quantized,1,3460,mid_block.attentions.0.to_q.weight,4.017655159011547,-3.388819403026214e-06,-8.428870089181142e-05,0.0100070577677627,2.318010836060143e-08,5.62229925582993e-05,0.00010261925230895108,0.06944771111011505,0.0006311877514235675
fixed_ptq_w4_c1.0_test,quantized,1,3460,mid_block.attentions.0.to_k.weight,4.105941188134321,4.541323695295127e-05,0.0009055012058957511,0.01221464082928673,6.679770757239319e-07,0.0015426808966631886,0.00010545634915017146,0.06944771111011505,0.0006311877514235675
fixed_ptq_w4_c1.0_test,quantized,1,3460,mid_block.attentions.0.to_v.weight,2.7407196252929307,9.582214365341432e-05,0.00046388673302833155,0.07536840432413418,2.9363362233625114e-07,0.00018215407397939817,0.0005881692075841965,0.06944771111011505,0.0006311877514235675
fixed_ptq_w4_c1.0_test,quantized,1,3460,mid_block.attentions.0.to_out.0.weight,2.5762803762428064,0.0006169150335715255,0.0026392707446348464,0.09072945129805106,-1.092646832202937e-05,-0.0030868284240154927,0.0013739603338829176,0.06944771111011505,0.0006311877514235675
fixed_ptq_w4_c1.0_test,quantized,1,3460,mid_block.resnets.0.conv1.weight,19.017884482571446,-0.0009986632811346818,-0.0009019522265464301,0.0582201529351047,5.5097583269858835e-05,0.006644444147945951,0.00043602530008900723,0.06944771111011505,0.0006311877514235675
fixed_ptq_w4_c1.0_test,quantized,1,3460,mid_block.resnets.0.conv2.weight,12.631884571292352,0.0008457276840171583,0.0007712246934590959,0.08681234185658701,4.3772908306503484e-05,0.003281101530254319,0.0010561304994526532,0.06944771111011505,0.0006311877514235675
fixed_ptq_w4_c1.0_test,quantized,1,3460,mid_block.resnets.1.conv1.weight,18.230832590427827,0.0010527727800514902,0.0016838108059792276,0.0342953194204552,1.837234226482196e-05,0.0035126420837637714,0.0002868957562513944,0.06944771111011505,0.0006311877514235675
fixed_ptq_w4_c1.0_test,quantized,1,3460,mid_block.resnets.1.conv2.weight,12.92560176135841,8.049475565013351e-05,0.00010270183744099577,0.06063712496684702,1.0838493773308972e-05,0.001180054888005558,0.0007105848651246215,0.06944771111011505,0.0006311877514235675
fixed_ptq_w4_c1.0_test,quantized,1,3460,conv_out.weight,0.1406896022280004,-0.0007852066028116839,-0.007803745778641356,0.7151857097511831,9.190289732094976e-05,0.05799884108588789,0.011262839250076054,0.06944771111011505,0.0006311877514235675
fixed_ptq_w4_c1.0_test,quantized,2,3461,conv_in.weight,1.457656835549773,0.0014982352887791014,0.010426443227129347,0.09857993913683778,0.0001602829754579129,0.047761090498230116,0.002302278555168861,0.05858965590596199,0.0008439850062131882
fixed_ptq_w4_c1.0_test,quantized,2,3461,up_blocks.0.resnets.0.conv1.weight,19.24490800210639,0.0004586848598941475,0.0007632924742664186,0.031225369450733485,3.508038654187893e-05,0.005157159366780134,0.0003534581325227333,0.05858965590596199,0.0008439850062131882
fixed_ptq_w4_c1.0_test,quantized,2,3461,up_blocks.0.resnets.0.conv2.weight,14.133578408244707,0.00033042142757162027,0.0005173088143964684,0.04519248184884476,3.0643493448421126e-05,0.003036682935655045,0.0007139810629905051,0.05858965590596199,0.0008439850062131882
fixed_ptq_w4_c1.0_test,quantized,2,3461,up_blocks.0.resnets.1.conv1.weight,19.48690461146917,-0.00030705496321314907,-0.0004274463167184326,0.0368630854740369,4.807076399451539e-05,0.007198712705272711,0.0003426757118494559,0.05858965590596199,0.0008439850062131882
fixed_ptq_w4_c1.0_test,quantized,2,3461,up_blocks.0.resnets.1.conv2.weight,13.235037692510488,-0.0008625555332766883,-0.0013408119344887404,0.048606462625378544,2.128285837209836e-05,0.0020939370595947308,0.0007679645078316756,0.05858965590596199,0.0008439850062131882
fixed_ptq_w4_c1.0_test,quantized,2,3461,up_blocks.0.resnets.2.conv1.weight,20.2987072950008,-0.0003961041226922107,-0.0005118533104608171,0.038123737011517785,7.182072471339844e-05,0.00904458851189367,0.0003911943635955505,0.05858965590596199,0.0008439850062131882
fixed_ptq_w4_c1.0_test,quantized,2,3461,up_blocks.0.resnets.2.conv2.weight,13.157236177137607,-0.0005038935833999456,-0.0007873328363193585,0.04864248942590512,1.920836893542702e-05,0.00174797901386024,0.0008351983043000165,0.05858965590596199,0.0008439850062131882
fixed_ptq_w4_c1.0_test,quantized,2,3461,up_blocks.0.upsamplers.0.conv.weight,8.104407376688961,-0.0004896870795281671,-0.0003234427766242618,0.18680991613868672,0.00015278482356156242,0.006271250987626712,0.003006109329153863,0.05858965590596199,0.0008439850062131882
fixed_ptq_w4_c1.0_test,quantized,2,3461,up_blocks.1.resnets.0.conv1.weight,18.928224419895813,0.000314370396699182,0.00039209241381419886,0.0423587686587977,4.7638470773909785e-05,0.007387097342016573,0.00034070155327459265,0.05858965590596199,0.0008439850062131882
fixed_ptq_w4_c1.0_test,quantized,2,3461,up_blocks.1.resnets.0.conv2.weight,18.786867189203733,-0.0009756354479834156,-0.0012189825851597975,0.042602560795212976,4.5943427200489234e-05,0.005018596404419923,0.00048728916228264887,0.05858965590596199,0.0008439850062131882
fixed_ptq_w4_c1.0_test,quantized,2,3461,up_blocks.1.resnets.1.conv1.weight,19.533111242488815,0.0005687009668208496,0.0006766954962623797,0.04302483932190244,4.1962459580462664e-05,0.007002343289671515,0.00030679347193257356,0.05858965590596199,0.0008439850062131882
fixed_ptq_w4_c1.0_test,quantized,2,3461,up_blocks.1.resnets.1.conv2.weight,18.33769410989956,-0.0013425410684953973,-0.0017332414014396293,0.04223998947689343,2.8932251037846588e-05,0.003183825621122306,0.0004955508522649816,0.05858965590596199,0.0008439850062131882
fixed_ptq_w4_c1.0_test,quantized,2,3461,up_blocks.1.resnets.2.conv1.weight,19.031312519046566,0.0003347094886716208,0.0003456220178948906,0.05088594941454379,5.867315775310474e-05,0.008344051043891328,0.00036948241120915974,0.05858965590596199,0.0008439850062131882
fixed_ptq_w4_c1.0_test,quantized,2,3461,up_blocks.1.resnets.2.conv2.weight,16.891185619394598,-0.00042969505045590834,-0.000642756054944199,0.039578017865756585,2.2402642103707078e-05,0.0025884558150092297,0.0005123872924074152,0.05858965590596199,0.0008439850062131882
fixed_ptq_w4_c1.0_test,quantized,2,3461,up_blocks.1.upsamplers.0.conv.weight,8.90401560238726,-0.001850350214355847,-0.001265297131760126,0.16423870002530694,9.349903716751225e-05,0.0034220866054137616,0.0030685289848493007,0.05858965590596199,0.0008439850062131882
fixed_ptq_w4_c1.0_test,quantized,2,3461,up_blocks.2.resnets.0.conv1.weight,12.421798064474537,0.00042879972325204804,0.0006863364624745867,0.050295943516048755,2.808425420475603e-05,0.0058902873970893,0.0003838326772937667,0.05858965590596199,0.0008439850062131882
fixed_ptq_w4_c1.0_test,quantized,2,3461,up_blocks.2.resnets.0.conv2.weight,10.300981527080555,-0.0009830113606738248,-0.002574567142736031,0.0370659987096154,1.860441532450963e-05,0.004442648874144043,0.0004065326469865433,0.05858965590596199,0.0008439850062131882
fixed_ptq_w4_c1.0_test,quantized,2,3461,up_blocks.2.resnets.0.conv_shortcut.weight,0.9130284836715805,-0.0005104752895945141,-0.0013552239922477389,0.41255258832489733,8.166862888934016e-05,0.01200483302393396,0.007451004303096035,0.05858965590596199,0.0008439850062131882
fixed_ptq_w4_c1.0_test,quantized,2,3461,up_blocks.2.resnets.1.conv1.weight,8.201854963429565,-0.0021724127708126362,-0.00487012988908769,0.0543863255153125,1.787406442135676e-05,0.0067595422542260555,0.0003223991933129633,0.05858965590596199,0.0008439850062131882
fixed_ptq_w4_c1.0_test,quantized,2,3461,up_blocks.2.resnets.1.conv2.weight,11.064136867556703,-0.0012174595838179325,-0.0025688825308188903,0.04283440788270406,1.5304831401654297e-05,0.003568048152586928,0.00038768616541202234,0.05858965590596199,0.0008439850062131882
fixed_ptq_w4_c1.0_test,quantized,2,3461,up_blocks.2.resnets.2.conv1.weight,8.679135251641918,-0.0006740048989420392,-0.0015136147252315902,0.05130636574835947,1.8680590281686974e-05,0.007134946982486744,0.00030166393276929375,0.05858965590596199,0.0008439850062131882
fixed_ptq_w4_c1.0_test,quantized,2,3461,up_blocks.2.resnets.2.conv2.weight,10.423019492231429,-0.00030874413897123926,-0.0008731010482185362,0.03392662530678764,5.7600392757504265e-06,0.001534173558941989,0.0003602113568496982,0.05858965590596199,0.0008439850062131882
fixed_ptq_w4_c1.0_test,quantized,2,3461,up_blocks.2.upsamplers.0.conv.weight,4.87776649732819,-0.001239660092845607,-0.0014380904028931671,0.17672395657362355,2.5395307356386134e-05,0.001300143290615499,0.004004434992919008,0.05858965590596199,0.0008439850062131882
fixed_ptq_w4_c1.0_test,quantized,2,3461,up_blocks.3.resnets.0.conv1.weight,5.838596256887053,-0.0006119501833832192,-0.002232886098965272,0.0469397805381342,3.801419167067775e-06,0.0014125882751447522,0.00046091593015264734,0.05858965590596199,0.0008439850062131882
fixed_ptq_w4_c1.0_test,quantized,2,3461,up_blocks.3.resnets.0.conv2.weight,6.244990595139215,-0.0005702048459130914,-0.003651124173166826,0.025007628658128243,1.2424303172444987e-05,0.0074244312746668826,0.00026796437520805667,0.05858965590596199,0.0008439850062131882
fixed_ptq_w4_c1.0_test,quantized,2,3461,up_blocks.3.resnets.0.conv_shortcut.weight,0.7271489925353076,-0.0002603262649271132,-0.0010560901068946127,0.3389952448019891,1.2542010616817802e-05,0.003031595314569985,0.0056894794111007115,0.05858965590596199,0.0008439850062131882
fixed_ptq_w4_c1.0_test,quantized,2,3461,up_blocks.3.resnets.1.conv1.weight,4.149669579885494,-0.0018692265284838989,-0.007955057735384253,0.05662459162591461,1.6828197877238543e-05,0.007309581306559748,0.0005547937906713291,0.05858965590596199,0.0008439850062131882
fixed_ptq_w4_c1.0_test,quantized,2,3461,up_blocks.3.resnets.1.conv2.weight,6.452668239311267,-0.0005822203595401841,-0.003187435595074513,0.028307833546752065,-5.624030362868192e-06,-0.0027155409909213214,0.0003209607729311543,0.05858965590596199,0.0008439850062131882
fixed_ptq_w4_c1.0_test,quantized,2,3461,up_blocks.3.resnets.2.conv1.weight,4.3687420716896215,-0.0006604335718206646,-0.002605297680873334,0.05802503135634731,-1.9176641212239446e-06,-0.0004769165750486818,0.0009203938783606672,0.05858965590596199,0.0008439850062131882
fixed_ptq_w4_c1.0_test,quantized,2,3461,up_blocks.3.resnets.2.conv2.weight,6.275428632043213,0.00013417203438931955,0.0015237206495631113,0.014031795827460457,1.8997307405812655e-06,0.0010432238110137115,0.00029018246423527104,0.05858965590596199,0.0008439850062131882
fixed_ptq_w4_c1.0_test,quantized,2,3461,mid_block.attentions.0.to_q.weight,4.017655159011547,5.4881705729856036e-05,0.001813885418398393,0.007530869004597393,7.868424599746015e-07,0.0016866035204129745,0.00011611868984736576,0.05858965590596199,0.0008439850062131882
fixed_ptq_w4_c1.0_test,quantized,2,3461,mid_block.attentions.0.to_k.weight,4.105941188134321,2.0520935386052123e-05,0.0005828093743766112,0.008575469365073153,8.340223527969608e-08,0.00018445432280819624,0.00011012251677249762,0.05858965590596199,0.0008439850062131882
fixed_ptq_w4_c1.0_test,quantized,2,3461,mid_block.attentions.0.to_v.weight,2.7407196252929307,-0.00015421143484299794,-0.0010161067299504002,0.05537485991512919,8.082956354435816e-06,0.0032872059338933425,0.0008971781990023809,0.05858965590596199,0.0008439850062131882
fixed_ptq_w4_c1.0_test,quantized,2,3461,mid_block.attentions.0.to_out.0.weight,2.5762803762428064,-0.00021784720290128135,-0.0011585753624698278,0.07298516157202366,1.1768239139358946e-05,0.0026368632735288174,0.0017323304855256729,0.05858965590596199,0.0008439850062131882
fixed_ptq_w4_c1.0_test,quantized,2,3461,mid_block.resnets.0.conv1.weight,19.017884482571446,0.0005367895752160476,0.0007717983492953772,0.03657109992270686,7.186006050537985e-05,0.007456396474095066,0.0005067530613837727,0.05858965590596199,0.0008439850062131882
fixed_ptq_w4_c1.0_test,quantized,2,3461,mid_block.resnets.0.conv2.weight,12.631884571292352,2.8380986762663383e-06,3.4395655077329893e-06,0.06532144110812169,3.6933880682949276e-05,0.002311878017212415,0.0012647126948185227,0.05858965590596199,0.0008439850062131882
fixed_ptq_w4_c1.0_test,quantized,2,3461,mid_block.resnets.1.conv1.weight,18.230832590427827,0.00018968731192816918,0.0003817011082669791,0.02725890199321418,2.578339301210388e-05,0.003968157282411697,0.00035640573841627546,0.05858965590596199,0.0008439850062131882
fixed_ptq_w4_c1.0_test,quantized,2,3461,mid_block.resnets.1.conv2.weight,12.92560176135841,9.316110532137139e-05,0.00016540905132372813,0.04357371521442392,2.5852646343906743e-05,0.002475184603694686,0.0008080656376431735,0.05858965590596199,0.0008439850062131882
fixed_ptq_w4_c1.0_test,quantized,2,3461,conv_out.weight,0.1406896022280004,-0.0002695796164917596,-0.002989287933928537,0.6409989236419484,4.386274509265363e-05,0.02410146088179433,0.012935714998455215,0.05858965590596199,0.0008439850062131882
fixed_ptq_w4_c1.0_test,quantized,3,3462,conv_in.weight,1.457656835549773,7.645956748697491e-05,0.004517888167463873,0.011610236514650775,4.230790378324847e-05,0.018191836677869354,0.00159547376051396,0.0018730799201875925,0.00020114207291044295
fixed_ptq_w4_c1.0_test,quantized,3,3462,up_blocks.0.resnets.0.conv1.weight,19.24490800210639,-4.4176409814139416e-05,-0.0008491134019599953,0.002703391121869629,1.101643431020703e-06,0.000295523501395295,0.0001937015902066232,0.0018730799201875925,0.00020114207291044295
fixed_ptq_w4_c1.0_test,quantized,3,3462,up_blocks.0.resnets.0.conv2.weight,14.133578408244707,0.00011014301072855553,0.0015295139769164962,0.005095084148882506,-1.443969564374612e-06,-0.00015373136471974347,0.0006645741190513198,0.0018730799201875925,0.00020114207291044295
fixed_ptq_w4_c1.0_test,quantized,3,3462,up_blocks.0.resnets.1.conv1.weight,19.48690461146917,-8.479600058439264e-06,-0.0001737980863212359,0.0025037301533732815,8.078294744992554e-06,0.002431500624996287,0.0001704913893904696,0.0018730799201875925,0.00020114207291044295
fixed_ptq_w4_c1.0_test,quantized,3,3462,up_blocks.0.resnets.1.conv2.weight,13.235037692510488,-3.74392426284497e-05,-0.0005193479915519733,0.0054468249198671445,5.472948058452063e-07,5.760118017857697e-05,0.0007179013372168831,0.0018730799201875925,0.00020114207291044295
fixed_ptq_w4_c1.0_test,quantized,3,3462,up_blocks.0.resnets.2.conv1.weight,20.2987072950008,-0.00014884912334364693,-0.002431379789596894,0.0030159566692688263,7.718763508819214e-06,0.0019864708299584467,0.00019142434148826802,0.0018730799201875925,0.00020114207291044295
fixed_ptq_w4_c1.0_test,quantized,3,3462,up_blocks.0.resnets.2.conv2.weight,13.157236177137607,-1.7200930528726502e-06,-2.21456179869266e-05,0.005903362705128359,9.586561412277531e-06,0.0008914439516986296,0.0008173426198292035,0.0018730799201875925,0.00020114207291044295
fixed_ptq_w4_c1.0_test,quantized,3,3462,up_blocks.0.upsamplers.0.conv.weight,8.104407376688961,-2.7052201023111986e-05,-0.0001877580382676216,0.01777799598494197,2.875538475093442e-05,0.0014541162685441447,0.0024400503408492516,0.0018730799201875925,0.00020114207291044295
fixed_ptq_w4_c1.0_test,quantized,3,3462,up_blocks.1.resnets.0.conv1.weight,18.928224419895813,-7.370170943737987e-05,-0.0012161678717629951,0.00320165224571862,6.80644534559163e-06,0.0021421519124978257,0.00016786502487716509,0.0018730799201875925,0.00020114207291044295
fixed_ptq_w4_c1.0_test,quantized,3,3462,up_blocks.1.resnets.0.conv2.weight,18.786867189203733,3.883066431946644e-06,5.3051851008801654e-05,0.0038960086647757746,8.124522358158536e-06,0.0010369126633875511,0.0004170626463493814,0.0018730799201875925,0.00020114207291044295
fixed_ptq_w4_c1.0_test,quantized,3,3462,up_blocks.1.resnets.1.conv1.weight,19.533111242488815,1.5078209142971323e-05,0.0002390481266055808,0.0032291855094862517,6.2360697168114365e-06,0.0019423442498179618,0.00016436651010793643,0.0018730799201875925,0.00020114207291044295
fixed_ptq_w4_c1.0_test,quantized,3,3462,up_blocks.1.resnets.1.conv2.weight,18.33769410989956,7.090108948417943e-06,9.047298524411399e-05,0.0042735546708095335,2.949973548609608e-06,0.000332487699874797,0.0004838355935816604,0.0018730799201875925,0.00020114207291044295
fixed_ptq_w4_c1.0_test,quantized,3,3462,up_blocks.1.resnets.2.conv1.weight,19.031312519046566,-3.1121209520056404e-05,-0.000438869718381822,0.0037260794456387795,6.8038423331937005e-06,0.0015784752365141214,0.0002264893195934516,0.0018730799201875925,0.00020114207291044295
fixed_ptq_w4_c1.0_test,quantized,3,3462,up_blocks.1.resnets.2.conv2.weight,16.891185619394598,1.3097634022080963e-05,0.0001924238604682292,0.004029710001886763,3.990082815459225e-06,0.0004135038372372356,0.0005712710697982727,0.0018730799201875925,0.00020114207291044295
fixed_ptq_w4_c1.0_test,quantized,3,3462,up_blocks.1.upsamplers.0.conv.weight,8.90401560238726,-6.758499306340593e-05,-0.0004792397233121899,0.015838408955248674,1.8553767893676153e-05,0.0008366453799784235,0.002490604622355444,0.0018730799201875925,0.00020114207291044295
fixed_ptq_w4_c1.0_test,quantized,3,3462,up_blocks.2.resnets.0.conv1.weight,12.421798064474537,-0.00010829608117038519,-0.002209700192388361,0.003945435274325669,6.570282041843471e-06,0.0019175514794601588,0.0002758369969535717,0.0018730799201875925,0.00020114207291044295
fixed_ptq_w4_c1.0_test,quantized,3,3462,up_blocks.2.resnets.0.conv2.weight,10.300981527080555,-7.38437642607795e-05,-0.0020480457105711107,0.0035002218646225025,6.767880993339478e-06,0.0015389859497880456,0.00042691306918079706,0.0018730799201875925,0.00020114207291044295
fixed_ptq_w4_c1.0_test,quantized,3,3462,up_blocks.2.resnets.0.conv_shortcut.weight,0.9130284836715805,-5.732429777366838e-05,-0.0017324889819519144,0.03623964507181549,6.92417241238608e-05,0.012125190004778788,0.00625453452371296,0.0018730799201875925,0.00020114207291044295
fixed_ptq_w4_c1.0_test,quantized,3,3462,up_blocks.2.resnets.1.conv1.weight,8.201854963429565,-0.00015704009475778896,-0.004405689417630147,0.004345948598753492,3.8516290688969855e-06,0.0020415595469713663,0.00023002249977042782,0.0018730799201875925,0.00020114207291044295
fixed_ptq_w4_c1.0_test,quantized,3,3462,up_blocks.2.resnets.1.conv2.weight,11.064136867556703,-8.367794128515323e-05,-0.0017644370483647126,0.00428634653355724,8.899012515824197e-06,0.0018319742435138383,0.00043904083392915026,0.0018730799201875925,0.00020114207291044295
fixed_ptq_w4_c1.0_test,quantized,3,3462,up_blocks.2.resnets.2.conv1.weight,8.679135251641918,-3.6472707411820825e-05,-0.000968054087519849,0.00434102136574944,6.44383236121131e-06,0.002679714507235492,0.0002770634577301781,0.0018730799201875925,0.00020114207291044295
fixed_ptq_w4_c1.0_test,quantized,3,3462,up_blocks.2.resnets.2.conv2.weight,10.423019492231429,7.82532065601183e-06,0.00021528732791448172,0.00348730654718438,3.769469027130265e-06,0.000861535456083668,0.0004197720071138465,0.0018730799201875925,0.00020114207291044295
fixed_ptq_w4_c1.0_test,quantized,3,3462,up_blocks.2.upsamplers.0.conv.weight,4.87776649732819,-2.275505319144699e-05,-0.0002495271033433498,0.018695587771492488,-1.3132907718388736e-05,-0.0008270213022019642,0.0032555411561249357,0.0018730799201875925,0.00020114207291044295
fixed_ptq_w4_c1.0_test,quantized,3,3462,up_blocks.3.resnets.0.conv1.weight,5.838596256887053,-7.751852298587056e-05,-0.0029210367876282128,0.004545273471558446,2.714972415337915e-06,0.0010624272431169585,0.0004376810850463781,0.0018730799201875925,0.00020114207291044295
fixed_ptq_w4_c1.0_test,quantized,3,3462,up_blocks.3.resnets.0.conv2.weight,6.244990595139215,5.658775893438395e-05,0.0035886926591392728,0.0025249596353591757,5.941060132821351e-06,0.0031630915576912203,0.0003007602218077995,0.0018730799201875925,0.00020114207291044295
fixed_ptq_w4_c1.0_test,quantized,3,3462,up_blocks.3.resnets.0.conv_shortcut.weight,0.7271489925353076,-0.000232548280865828,-0.00900309708338339,0.03552203135182997,1.734640513704904e-05,0.004164030992621177,0.005728911659076386,0.0018730799201875925,0.00020114207291044295
fixed_ptq_w4_c1.0_test,quantized,3,3462,up_blocks.3.resnets.1.conv1.weight,4.149669579885494,3.5892766845892743e-06,0.0001614208036534732,0.005358385013691346,7.1998292970644515e-06,0.003189781031933576,0.0005439360102934829,0.0018730799201875925,0.00020114207291044295
fixed_ptq_w4_c1.0_test,quantized,3,3462,up_blocks.3.resnets.1.conv2.weight,6.452668239311267,-2.536241354394089e-05,-0.001104250768852191,0.003559455211912828,-2.1065880967078285e-06,-0.0010355467788607008,0.000315261231079221,0.0018730799201875925,0.00020114207291044295
fixed_ptq_w4_c1.0_test,quantized,3,3462,up_blocks.3.resnets.2.conv1.weight,4.3687420716896215,1.3231282187963381e-05,0.00037809532548758654,0.008010215845542472,-9.475924953153775e-09,-2.935727180957618e-06,0.0007388384929322643,0.0018730799201875925,0.00020114207291044295
fixed_ptq_w4_c1.0_test,quantized,3,3462,up_blocks.3.resnets.2.conv2.weight,6.275428632043213,2.6865545036537625e-05,0.002814239546373732,0.0015212171023222065,-4.912594583177139e-06,-0.002708686048229495,0.0002890073310438132,0.0018730799201875925,0.00020114207291044295
fixed_ptq_w4_c1.0_test,quantized,3,3462,mid_block.attentions.0.to_q.weight,4.017655159011547,-3.3569691329649925e-06,-0.001516091688429972,0.0005511238723309031,-3.0517097734037206e-07,-0.001696989765634842,4.476013085575241e-05,0.0018730799201875925,0.00020114207291044295
fixed_ptq_w4_c1.0_test,quantized,3,3462,mid_block.attentions.0.to_k.weight,4.105941188134321,4.672722644297326e-06,0.002083813948787921,0.0005461328980418855,-5.3140982467849794e-08,-0.0003317410498908654,3.901374492306586e-05,0.0018730799201875925,0.00020114207291044295
fixed_ptq_w4_c1.0_test,quantized,3,3462,mid_block.attentions.0.to_v.weight,2.7407196252929307,-6.368756623801577e-06,-0.0004646463432290815,0.005001122814418912,2.9918373316290116e-08,2.1303329466566346e-05,0.0005124197772013805,0.0018730799201875925,0.00020114207291044295
fixed_ptq_w4_c1.0_test,quantized,3,3462,mid_block.attentions.0.to_out.0.weight,2.5762803762428064,-6.035094924022764e-05,-0.0034048709186621524,0.006880029933789339,-2.1951612158269004e-06,-0.0007476892038883586,0.0011395993312622707,0.0018730799201875925,0.00020114207291044295
fixed_ptq_w4_c1.0_test,quantized,3,3462,mid_block.resnets.0.conv1.weight,19.017884482571446,-0.00010085669876106577,-0.001569873234429526,0.0033781424469679962,-3.1305465267962384e-06,-0.0006371223834834563,0.0002583658411786624,0.0018730799201875925,0.00020114207291044295
fixed_ptq_w4_c1.0_test,quantized,3,3462,mid_block.resnets.0.conv2.weight,12.631884571292352,3.6403661013555697e-06,4.127026618325141e-05,0.006982961428464398,1.4245003773411857e-05,0.0011530477147048141,0.0009780186595948538,0.0018730799201875925,0.00020114207291044295
fixed_ptq_w4_c1.0_test,quantized,3,3462,mid_block.resnets.1.conv1.weight,18.230832590427827,3.3252448423806015e-05,0.000702956507453296,0.0025947090691592605,2.250556435442841e-06,0.00057063252875264,0.00021633504583176477,0.0018730799201875925,0.00020114207291044295
fixed_ptq_w4_c1.0_test,quantized,3,3462,mid_block.resnets.1.conv2.weight,12.92560176135841,-2.0532670465762417e-05,-0.00030993681156991264,0.005125326126887575,5.197767015846875e-06,0.0005939409939302872,0.0006770531083477558,0.0018730799201875925,0.00020114207291044295
fixed_ptq_w4_c1.0_test,quantized,3,3462,conv_out.weight,0.1406896022280004,8.927418755139068e-05,0.012062418621513225,0.052605300812774675,5.977391240236519e-05,0.03307450089575312,0.012845658783487713,0.0018730799201875925,0.00020114207291044295
reconstruction_w4_c1.0_test,quantized,0,3459,conv_in.weight,1.4659267762998458,-4.146266106005719e-05,-0.00041433764584114535,0.0682638062077755,8.531508045640129e-05,0.035342001953171186,0.0016467299354239,0.047221116721630096,0.0007589293527416885
reconstruction_w4_c1.0_test,quantized,0,3459,up_blocks.0.resnets.0.conv1.weight,19.26045921288763,-0.00024749835149029197,-0.0006567242670457443,0.019566926273292543,4.123397698996871e-05,0.004041487618703675,0.0005297211754892839,0.047221116721630096,0.0007589293527416885
reconstruction_w4_c1.0_test,quantized,0,3459,up_blocks.0.resnets.0.conv2.weight,14.143978922075249,0.000238517231959713,0.0005585631735097543,0.03019088620413224,3.014156557771628e-05,0.002495692785696671,0.0008538922701087298,0.047221116721630096,0.0007589293527416885
reconstruction_w4_c1.0_test,quantized,0,3459,up_blocks.0.resnets.1.conv1.weight,19.504779165387678,0.00031106394550500755,0.0007308332983424075,0.021821786990029818,4.679500396256729e-05,0.0046659386938979405,0.0005141850230525569,0.047221116721630096,0.0007589293527416885
reconstruction_w4_c1.0_test,quantized,0,3459,up_blocks.0.resnets.1.conv2.weight,13.243188951588143,2.6813108512280395e-05,5.7682238138170974e-05,0.03510043405851103,3.213462295385327e-05,0.0022055582384494644,0.0011001758387761153,0.047221116721630096,0.0007589293527416885
reconstruction_w4_c1.0_test,quantized,0,3459,up_blocks.0.resnets.2.conv1.weight,20.324335760762754,-0.00057678183859023,-0.0012642736238164336,0.022446784581063733,4.469154063694008e-05,0.0037281098326794387,0.000589821048490088,0.047221116721630096,0.0007589293527416885
reconstruction_w4_c1.0_test,quantized,0,3459,up_blocks.0.resnets.2.conv2.weight,13.16460028766933,0.0005782336181428804,0.0011936698659392585,0.03679691673737053,4.0985735502386624e-05,0.0027409844861357455,0.0011358434508706174,0.047221116721630096,0.0007589293527416885
reconstruction_w4_c1.0_test,quantized,0,3459,up_blocks.0.upsamplers.0.conv.weight,8.113951450214966,-0.0008861840215182658,-0.0009864015600819917,0.11072297847824364,8.1866733581934e-05,0.003591480436487433,0.002809322211330078,0.047221116721630096,0.0007589293527416885
reconstruction_w4_c1.0_test,quantized,0,3459,up_blocks.1.resnets.0.conv1.weight,18.943713380515252,-0.0003851961194818311,-0.0007423989439537568,0.027389206079292752,6.340419937240078e-05,0.004993963654536241,0.0006702047961851432,0.047221116721630096,0.0007589293527416885
reconstruction_w4_c1.0_test,quantized,0,3459,up_blocks.1.resnets.0.conv2.weight,18.80238182547837,-0.0007260337871245607,-0.0013851404829878758,0.02787726359178211,4.7440719827665214e-05,0.0034082702622144,0.0007402942514218942,0.047221116721630096,0.0007589293527416885
reconstruction_w4_c1.0_test,quantized,0,3459,up_blocks.1.resnets.1.conv1.weight,19.54723237682394,-0.00043522994477763214,-0.0008105488772456645,0.027469723229215377,5.0793531694915065e-05,0.00422228734956033,0.0006154253036495353,0.047221116721630096,0.0007589293527416885
reconstruction_w4_c1.0_test,quantized,0,3459,up_blocks.1.resnets.1.conv2.weight,18.349742405120956,-0.0006301762627638715,-0.001213583144760455,0.02829844243656904,5.2443852443647726e-05,0.0039153545603773775,0.0007299506817028451,0.047221116721630096,0.0007589293527416885
reconstruction_w4_c1.0_test,quantized,0,3459,up_blocks.1.resnets.2.conv1.weight,19.04818316480143,-0.0018779713029510412,-0.0030458936233097988,0.03236835744262731,5.846216725170126e-05,0.004688913464313643,0.0006545595065855436,0.047221116721630096,0.0007589293527416885
reconstruction_w4_c1.0_test,quantized,0,3459,up_blocks.1.resnets.2.conv2.weight,16.898798796614873,-0.0008387847910478572,-0.0018140396100821056,0.027362006787581713,2.7536433535046816e-05,0.0023186869974785294,0.000702764360460353,0.047221116721630096,0.0007589293527416885
reconstruction_w4_c1.0_test,quantized,0,3459,up_blocks.1.upsamplers.0.conv.weight,8.912348801127948,-0.0013832749700744794,-0.0015922917924823152,0.09747509945786746,5.6012378011750027e-05,0.003057128014571511,0.0020557874533624915,0.047221116721630096,0.0007589293527416885
reconstruction_w4_c1.0_test,quantized,0,3459,up_blocks.2.resnets.0.conv1.weight,12.432526083330089,-0.0009006538859746705,-0.0024783540227674094,0.02923043001847459,3.4210597854976794e-05,0.004364093489855083,0.0006305321551402476,0.047221116721630096,0.0007589293527416885
reconstruction_w4_c1.0_test,quantized,0,3459,up_blocks.2.resnets.0.conv2.weight,10.311881822427951,-0.0007359232989483432,-0.0029631485246229493,0.02408469799260418,2.720528081626858e-05,0.00590314196966828,0.0004469223336656829,0.047221116721630096,0.0007589293527416885
reconstruction_w4_c1.0_test,quantized,0,3459,up_blocks.2.resnets.0.conv_shortcut.weight,0.915042214030682,-0.000876759960938662,-0.0036481275455312106,0.2626452584857805,4.21663250855348e-05,0.009848693750704816,0.004678923984713737,0.047221116721630096,0.0007589293527416885
reconstruction_w4_c1.0_test,quantized,0,3459,up_blocks.2.resnets.1.conv1.weight,8.210293328158757,-0.0020049628462366033,-0.008044490406426338,0.030356319679048973,1.8344867566826484e-05,0.00425794410101334,0.0005247542345675631,0.047221116721630096,0.0007589293527416885
reconstruction_w4_c1.0_test,quantized,0,3459,up_blocks.2.resnets.1.conv2.weight,11.074202412029077,-0.0005432603302562,-0.001802740269326629,0.027212119913986747,1.8842739395402076e-05,0.004547428462375386,0.00037416719548116073,0.047221116721630096,0.0007589293527416885
reconstruction_w4_c1.0_test,quantized,0,3459,up_blocks.2.resnets.2.conv1.weight,8.688041270379726,-0.0015463511353378178,-0.005436839848325344,0.03273706208279779,1.560205712807195e-05,0.004483270150981259,0.00040055769506006534,0.047221116721630096,0.0007589293527416885
reconstruction_w4_c1.0_test,quantized,0,3459,up_blocks.2.resnets.2.conv2.weight,10.429024938744606,-0.00028448590722397895,-0.001134627427016351,0.024041622516700237,1.3913183851193056e-05,0.0043840013371150635,0.00030430713839222365,0.047221116721630096,0.0007589293527416885
reconstruction_w4_c1.0_test,quantized,0,3459,up_blocks.2.upsamplers.0.conv.weight,4.884158554642742,5.0923751443579155e-05,7.83255489904308e-05,0.13311505873095358,2.5716877105690896e-05,0.0035231960409013293,0.0014944853639961425,0.047221116721630096,0.0007589293527416885
reconstruction_w4_c1.0_test,quantized,0,3459,up_blocks.3.resnets.0.conv1.weight,5.846331298989877,-0.001869220070382025,-0.009300106888965768,0.034378670157917235,9.517666716015537e-06,0.005292899948117369,0.0003075766666879603,0.047221116721630096,0.0007589293527416885
reconstruction_w4_c1.0_test,quantized,0,3459,up_blocks.3.resnets.0.conv2.weight,6.252218610493537,-0.0006413080580040133,-0.005086837522077321,0.02016437084008269,9.586759993439433e-07,0.001235914074997983,0.00012406504056016528,0.047221116721630096,0.0007589293527416885
reconstruction_w4_c1.0_test,quantized,0,3459,up_blocks.3.resnets.0.conv_shortcut.weight,0.7286763640248125,-0.0025936106478824635,-0.013426912594712485,0.26509036070513886,-2.232783887164619e-06,-0.0016303660763312587,0.0018794331231283873,0.047221116721630096,0.0007589293527416885
reconstruction_w4_c1.0_test,quantized,0,3459,up_blocks.3.resnets.1.conv1.weight,4.15502912738992,-0.00041447005284795193,-0.0022635684400139633,0.044068214406365776,7.05316933106374e-06,0.007854827902450075,0.00021610935325431057,0.047221116721630096,0.0007589293527416885
reconstruction_w4_c1.0_test,quantized,0,3459,up_blocks.3.resnets.1.conv2.weight,6.459779843490084,-0.0002716439831500251,-0.0018995156225651846,0.022138057095712167,1.8711272082390388e-06,0.0021361984272973344,0.00013559510318977304,0.047221116721630096,0.0007589293527416885
reconstruction_w4_c1.0_test,quantized,0,3459,up_blocks.3.resnets.2.conv1.weight,4.37574339806976,-0.00048790248849517966,-0.0024139368481547433,0.04619077859374507,2.074567602960894e-06,0.0013663712313701434,0.00034698207182283475,0.047221116721630096,0.0007589293527416885
reconstruction_w4_c1.0_test,quantized,0,3459,up_blocks.3.resnets.2.conv2.weight,6.281112492464129,-0.00022038722602196043,-0.003284743814230074,0.010681895956662687,1.8649269989460517e-07,0.00027653629803781575,0.00010736756903855582,0.047221116721630096,0.0007589293527416885
reconstruction_w4_c1.0_test,quantized,0,3459,mid_block.attentions.0.to_q.weight,4.019891861808727,-8.304787553745221e-05,-0.003908115840623956,0.005286238198567289,-1.7256963013152698e-06,-0.0029475280270935683,0.00014564381775140957,0.047221116721630096,0.0007589293527416885
reconstruction_w4_c1.0_test,quantized,0,3459,mid_block.attentions.0.to_k.weight,4.108342298386184,-2.482085680322274e-05,-0.0009308704054217772,0.006490242512775395,1.56684560418229e-06,0.002739744192210087,0.00013920331175878368,0.047221116721630096,0.0007589293527416885
reconstruction_w4_c1.0_test,quantized,0,3459,mid_block.attentions.0.to_v.weight,2.7435479100321642,-6.24231765840635e-05,-0.0007622960533733136,0.029847615766367703,4.470814618353566e-06,0.0019040936089117692,0.0008558266742362204,0.047221116721630096,0.0007589293527416885
reconstruction_w4_c1.0_test,quantized,0,3459,mid_block.attentions.0.to_out.0.weight,2.5791092153783794,0.0001351546005385505,0.0015436636024733382,0.033947549937346,6.228110396954382e-06,0.00236747250416897,0.0010200034132567962,0.047221116721630096,0.0007589293527416885
reconstruction_w4_c1.0_test,quantized,0,3459,mid_block.resnets.0.conv1.weight,19.03290985822055,0.0005945735258666486,0.0013284385630238814,0.02351575370330823,6.907322847496007e-05,0.005171283562871801,0.0007017884430236615,0.047221116721630096,0.0007589293527416885
reconstruction_w4_c1.0_test,quantized,0,3459,mid_block.resnets.0.conv2.weight,12.640658425184434,0.00023928729102219487,0.0004242012545871328,0.04462497526819931,6.938690065263952e-05,0.004268824121406501,0.0012858773042263695,0.047221116721630096,0.0007589293527416885
reconstruction_w4_c1.0_test,quantized,0,3459,mid_block.resnets.1.conv1.weight,18.242329176958663,-5.237466196123254e-05,-0.0001625481209631712,0.017662777223182165,2.437468612402143e-05,0.0028363098545282936,0.00047109128483530094,0.047221116721630096,0.0007589293527416885
reconstruction_w4_c1.0_test,quantized,0,3459,mid_block.resnets.1.conv2.weight,12.933125476034467,5.202456288252732e-05,0.00013423076581550484,0.029967663321478048,3.2622809662210047e-05,0.0029737745228940594,0.0008482225904906224,0.047221116721630096,0.0007589293527416885
reconstruction_w4_c1.0_test,quantized,0,3459,conv_out.weight,0.14100484911602942,0.001296671832303501,0.021543244266408988,0.426859472026118,3.3171128708284995e-05,0.046925507544635314,0.0050132252987573084,0.047221116721630096,0.0007589293527416885
reconstruction_w4_c1.0_test,quantized,1,3460,conv_in.weight,1.4659267762998458,-0.001906687552444923,-0.009694350898588512,0.13416786786633667,7.167344310299215e-05,0.02903255503027675,0.0016840722994172965,0.05671365559101105,0.000644058221951127
reconstruction_w4_c1.0_test,quantized,1,3460,up_blocks.0.resnets.0.conv1.weight,19.26045921288763,0.000480328015791801,0.0010357030513470826,0.024078865729016623,3.349251358325284e-05,0.0037465560343683322,0.00046413986575899474,0.05671365559101105,0.000644058221951127
reconstruction_w4_c1.0_test,quantized,1,3460,up_blocks.0.resnets.0.conv2.weight,14.143978922075249,-5.453644943341669e-06,-9.092933915906903e-06,0.042404429505926336,1.365222421632968e-05,0.0010830438746664457,0.0008912217182784731,0.05671365559101105,0.000644058221951127
reconstruction_w4_c1.0_test,quantized,1,3460,up_blocks.0.resnets.1.conv1.weight,19.504779165387678,-0.0006217163819808095,-0.001105367693311725,0.02883663007323543,2.3326899589559996e-05,0.0025747469255378644,0.00046449541788131445,0.05671365559101105,0.000644058221951127
reconstruction_w4_c1.0_test,quantized,1,3460,up_blocks.0.resnets.1.conv2.weight,13.243188951588143,-0.0003329496132607403,-0.0004892890515628286,0.05138311645051081,1.697039330425204e-05,0.0012175039124540322,0.0010525166301417097,0.05671365559101105,0.000644058221951127
reconstruction_w4_c1.0_test,quantized,1,3460,up_blocks.0.resnets.2.conv1.weight,20.324335760762754,-0.0007815099914313599,-0.001204949590028148,0.031911652609425176,4.0208589206373726e-05,0.003509403077928384,0.0005637275006611875,0.05671365559101105,0.000644058221951127
reconstruction_w4_c1.0_test,quantized,1,3460,up_blocks.0.resnets.2.conv2.weight,13.16460028766933,0.0007303943358239274,0.0009955026457476321,0.055732342927398995,3.832213397810227e-05,0.002738826865286487,0.0010628633414782648,0.05671365559101105,0.000644058221951127
reconstruction_w4_c1.0_test,quantized,1,3460,up_blocks.0.upsamplers.0.conv.weight,8.113951450214966,-0.0017887193271243014,-0.001128712882694272,0.19531082425845217,6.58654088255193e-05,0.00312477979085681,0.0025977991468996747,0.05671365559101105,0.000644058221951127
reconstruction_w4_c1.0_test,quantized,1,3460,up_blocks.1.resnets.0.conv1.weight,18.943713380515252,-0.0002159202738533573,-0.0003299621556132634,0.03454332797186437,5.169274142476245e-05,0.004712902409513867,0.0005789965869599507,0.05671365559101105,0.000644058221951127
reconstruction_w4_c1.0_test,quantized,1,3460,up_blocks.1.resnets.0.conv2.weight,18.80238182547837,-0.0010042195229026333,-0.0012987988350587009,0.0411219690597961,4.208925007635134e-05,0.003104278995534773,0.000721103450484961,0.05671365559101105,0.000644058221951127
reconstruction_w4_c1.0_test,quantized,1,3460,up_blocks.1.resnets.1.conv1.weight,19.54723237682394,-0.0005396847264171457,-0.0007147420348650191,0.03862829391247943,3.384892440554135e-05,0.003710597810649614,0.0004666762646951777,0.05671365559101105,0.000644058221951127
reconstruction_w4_c1.0_test,quantized,1,3460,up_blocks.1.resnets.1.conv2.weight,18.349742405120956,-0.0007694556225384565,-0.0009770015498292142,0.04291986555031856,3.128163352814261e-05,0.002482814107751912,0.0006866180995427895,0.05671365559101105,0.000644058221951127
reconstruction_w4_c1.0_test,quantized,1,3460,up_blocks.1.resnets.2.conv1.weight,19.04818316480143,-0.0017407499303753438,-0.002090532842047433,0.04371453200124804,5.767661350824307e-05,0.00546647944163996,0.0005539090681303264,0.05671365559101105,0.000644058221951127
reconstruction_w4_c1.0_test,quantized,1,3460,up_blocks.1.resnets.2.conv2.weight,16.898798796614873,-0.0007023156925928406,-0.0009587476168758555,0.04334831692307727,2.921541495711859e-05,0.0022934375025226604,0.0007538228785403406,0.05671365559101105,0.000644058221951127
reconstruction_w4_c1.0_test,quantized,1,3460,up_blocks.1.upsamplers.0.conv.weight,8.912348801127948,-0.0029414853563158754,-0.0018046362241966526,0.1828878459986947,7.38617512913464e-05,0.003824500327350824,0.0021669691234774973,0.05671365559101105,0.000644058221951127
reconstruction_w4_c1.0_test,quantized,1,3460,up_blocks.2.resnets.0.conv1.weight,12.432526083330089,-0.0015106246537406427,-0.002457581012565733,0.04944123905893404,4.056253071220249e-05,0.004980494329996687,0.0006550783008950264,0.05671365559101105,0.000644058221951127
reconstruction_w4_c1.0_test,quantized,1,3460,up_blocks.2.resnets.0.conv2.weight,10.311881822427951,-0.0009570321251911504,-0.0024273193753861235,0.03823505035235028,3.1964565685864654e-05,0.006832383246897862,0.00045368943032789583,0.05671365559101105,0.000644058221951127
reconstruction_w4_c1.0_test,quantized,1,3460,up_blocks.2.resnets.0.conv_shortcut.weight,0.915042214030682,-0.0016158266871768288,-0.003685024108575922,0.47919614233000657,4.90566216224136e-05,0.009990552084621272,0.005366202015749552,0.05671365559101105,0.000644058221951127
reconstruction_w4_c1.0_test,quantized,1,3460,up_blocks.2.resnets.1.conv1.weight,8.210293328158757,-0.002179818056951907,-0.005945359402186538,0.044656374288695774,1.4826471586061993e-05,0.004227765649646732,0.0004271380202702184,0.05671365559101105,0.000644058221951127
reconstruction_w4_c1.0_test,quantized,1,3460,up_blocks.2.resnets.1.conv2.weight,11.074202412029077,-0.00028076896399070836,-0.0005754827156196192,0.04405592843399059,2.386660234769645e-05,0.005471674094722721,0.0003938745482538839,0.05671365559101105,0.000644058221951127
reconstruction_w4_c1.0_test,quantized,1,3460,up_blocks.2.resnets.2.conv1.weight,8.688041270379726,-0.0014976412603549824,-0.0037462343290343533,0.0460141052953837,1.2982849281755321e-05,0.004183478565312855,0.00035719929411256226,0.05671365559101105,0.000644058221951127
reconstruction_w4_c1.0_test,quantized,1,3460,up_blocks.2.resnets.2.conv2.weight,10.429024938744606,-0.0002389667251577202,-0.0005733846066544792,0.03996204426133635,1.2209032309937608e-05,0.003522021168188581,0.00033238818283560546,0.05671365559101105,0.000644058221951127
reconstruction_w4_c1.0_test,quantized,1,3460,up_blocks.2.upsamplers.0.conv.weight,4.884158554642742,-0.0011109525006483259,-0.000852366590357716,0.2668574416847143,1.0772580831710554e-05,0.001230163736236884,0.0017929454938918903,0.05671365559101105,0.000644058221951127
reconstruction_w4_c1.0_test,quantized,1,3460,up_blocks.3.resnets.0.conv1.weight,5.846331298989877,-0.0016663704375148444,-0.0053902694648557325,0.05287832059100908,1.2999456894207027e-05,0.006458518391043995,0.0003442776940286777,0.05671365559101105,0.000644058221951127
reconstruction_w4_c1.0_test,quantized,1,3460,up_blocks.3.resnets.0.conv2.weight,6.252218610493537,-0.0004889755586895135,-0.002561215155778903,0.0305356334486002,6.476521448302012e-06,0.0068197422089563585,0.00015189367680342678,0.05671365559101105,0.000644058221951127
reconstruction_w4_c1.0_test,quantized,1,3460,up_blocks.3.resnets.0.conv_shortcut.weight,0.7286763640248125,-0.0027472101124663487,-0.008334406299484252,0.45235826064948115,-5.417371837641688e-06,-0.00273642680179142,0.0027168779410879995,0.05671365559101105,0.000644058221951127
reconstruction_w4_c1.0_test,quantized,1,3460,up_blocks.3.resnets.1.conv1.weight,4.15502912738992,0.000602617022007456,0.0021388199357931744,0.06780989921106789,1.5192167793965897e-05,0.011877471594244933,0.00030783760773620786,0.05671365559101105,0.000644058221951127
reconstruction_w4_c1.0_test,quantized,1,3460,up_blocks.3.resnets.1.conv2.weight,6.459779843490084,-8.429741619505975e-05,-0.00035240067669268225,0.03703052016101291,9.03632913177257e-06,0.008505811808679637,0.00016445934422912713,0.05671365559101105,0.000644058221951127
reconstruction_w4_c1.0_test,quantized,1,3460,up_blocks.3.resnets.2.conv1.weight,4.37574339806976,-0.0016299482374225716,-0.004690488873478358,0.07941524066371174,8.652811921695427e-06,0.004365541899008001,0.00045296772324917125,0.05671365559101105,0.000644058221951127
reconstruction_w4_c1.0_test,quantized,1,3460,up_blocks.3.resnets.2.conv2.weight,6.281112492464129,-7.141836126920529e-05,-0.0006446882761708458,0.0176369521566322,9.944035989040617e-07,0.001062498644371334,0.00014900393278969483,0.05671365559101105,0.000644058221951127
reconstruction_w4_c1.0_test,quantized,1,3460,mid_block.attentions.0.to_q.weight,4.019891861808727,9.157923699204595e-06,0.0003335903423324677,0.006829189774801902,9.73395415328177e-07,0.0015405939751204837,0.00015717618050618913,0.05671365559101105,0.000644058221951127
reconstruction_w4_c1.0_test,quantized,1,3460,mid_block.attentions.0.to_k.weight,4.108342298386184,0.00010517316980145079,0.0031806569197783863,0.008048621708530521,2.7651743100823337e-06,0.004056011115374747,0.0001659421665551574,0.05671365559101105,0.000644058221951127
reconstruction_w4_c1.0_test,quantized,1,3460,mid_block.attentions.0.to_v.weight,2.7435479100321642,-4.143225003256295e-05,-0.00028609045543931643,0.052786467673970404,1.9351126838699798e-06,0.0010456834611965063,0.0006745178884644205,0.05671365559101105,0.000644058221951127
reconstruction_w4_c1.0_test,quantized,1,3460,mid_block.attentions.0.to_out.0.weight,2.5791092153783794,0.00037749382599024876,0.0019482114130259034,0.07512838214125972,4.217333466021775e-06,0.0016219086794620925,0.001008188666584589,0.05671365559101105,0.000644058221951127
reconstruction_w4_c1.0_test,quantized,1,3460,mid_block.resnets.0.conv1.weight,19.03290985822055,-0.0008818834886513881,-0.0012091645395618396,0.038319569230837736,3.3739514088728195e-05,0.0025687560039713065,0.0006900980156502207,0.05671365559101105,0.000644058221951127
reconstruction_w4_c1.0_test,quantized,1,3460,mid_block.resnets.0.conv2.weight,12.640658425184434,0.0006019723186792975,0.00070404893739582,0.06764005897483741,5.918561264995984e-05,0.003609285086036471,0.001297254734893787,0.05671365559101105,0.000644058221951127
reconstruction_w4_c1.0_test,quantized,1,3460,mid_block.resnets.1.conv1.weight,18.242329176958663,0.000877388096275135,0.0020074575254167715,0.023958801241315452,1.83230735227512e-05,0.0024208136257985505,0.0004149126547497108,0.05671365559101105,0.000644058221951127
reconstruction_w4_c1.0_test,quantized,1,3460,mid_block.resnets.1.conv2.weight,12.933125476034467,-2.2402205789879962e-05,-3.6547579341002235e-05,0.04739457942616912,3.0098445375727518e-05,0.0026879366882240677,0.0008658078878735332,0.05671365559101105,0.000644058221951127
reconstruction_w4_c1.0_test,quantized,1,3460,conv_out.weight,0.14100484911602942,0.0011111569843120282,0.012545808814539332,0.6281201232076823,4.631667310863957e-05,0.0412540453758376,0.007962267548712728,0.05671365559101105,0.000644058221951127
reconstruction_w4_c1.0_test,quantized,2,3461,conv_in.weight,1.4659267762998458,0.0005520497382321857,0.004650302303280107,0.08098130005521018,7.773173339843217e-05,0.02385762541384036,0.002222587458184631,0.05120113119482994,0.000673149130307138
reconstruction_w4_c1.0_test,quantized,2,3461,up_blocks.0.resnets.0.conv1.weight,19.26045921288763,-0.00013054956228281204,-0.0002834442065279965,0.023913392817141447,2.9127644934940218e-05,0.004535793114063541,0.0003334152784447824,0.05120113119482994,0.000673149130307138
reconstruction_w4_c1.0_test,quantized,2,3461,up_blocks.0.resnets.0.conv2.weight,14.143978922075249,-0.00013490675532433155,-0.0002644632199410329,0.03606590341350464,3.0513697804775e-05,0.0032748102451365304,0.0006587749852972269,0.05120113119482994,0.000673149130307138
reconstruction_w4_c1.0_test,quantized,2,3461,up_blocks.0.resnets.1.conv1.weight,19.504779165387678,-0.00038337103182787803,-0.0006606248703860454,0.029752491291119027,3.3217859374096926e-05,0.004914181148710818,0.00034656080445260245,0.05120113119482994,0.000673149130307138
reconstruction_w4_c1.0_test,quantized,2,3461,up_blocks.0.resnets.1.conv2.weight,13.243188951588143,-0.0007966670835945265,-0.001472006543671397,0.04086716933629222,2.5897302670952117e-05,0.0027654690233641773,0.0007071200617759083,0.05120113119482994,0.000673149130307138
reconstruction_w4_c1.0_test,quantized,2,3461,up_blocks.0.resnets.2.conv1.weight,20.324335760762754,-0.0009332648038131894,-0.0014738022052833799,0.031156547340298327,5.1128164176936385e-05,0.00671542425794857,0.00037460225127661586,0.05120113119482994,0.000673149130307138
reconstruction_w4_c1.0_test,quantized,2,3461,up_blocks.0.resnets.2.conv2.weight,13.16460028766933,0.00019767235213959903,0.00035609335599214953,0.04216716293659642,2.6282258337724615e-05,0.002613674534783038,0.0007638419323364809,0.05120113119482994,0.000673149130307138
reconstruction_w4_c1.0_test,quantized,2,3461,up_blocks.0.upsamplers.0.conv.weight,8.113951450214966,-0.0021459510949528395,-0.0016641622169386585,0.15892483091673715,7.722477096658936e-05,0.003729359547470959,0.0025520546399115055,0.05120113119482994,0.000673149130307138
reconstruction_w4_c1.0_test,quantized,2,3461,up_blocks.1.resnets.0.conv1.weight,18.943713380515252,-0.00016078643573953137,-0.00024025335638596819,0.035327656605060646,4.555060514404804e-05,0.006758348204139157,0.00035578568723074275,0.05120113119482994,0.000673149130307138
reconstruction_w4_c1.0_test,quantized,2,3461,up_blocks.1.resnets.0.conv2.weight,18.80238182547837,-0.0013023715152523075,-0.0019351638910464508,0.03579350843294679,4.141408997346306e-05,0.004926245100923218,0.0004471149988903122,0.05120113119482994,0.000673149130307138
reconstruction_w4_c1.0_test,quantized,2,3461,up_blocks.1.resnets.1.conv1.weight,19.54723237682394,0.0003199149186338386,0.00044249704896587435,0.03698612545904381,3.488022048007234e-05,0.005956757499629242,0.0002995601403056389,0.05120113119482994,0.000673149130307138
reconstruction_w4_c1.0_test,quantized,2,3461,up_blocks.1.resnets.1.conv2.weight,18.349742405120956,-0.0008467267155536761,-0.0012592573995554056,0.03664365445742139,2.7238495468265305e-05,0.0034393386739795953,0.00043159678433736173,0.05120113119482994,0.000673149130307138
reconstruction_w4_c1.0_test,quantized,2,3461,up_blocks.1.resnets.2.conv1.weight,19.04818316480143,-0.0002871503987686393,-0.00034964028219692763,0.043115596917596546,4.954076978506726e-05,0.007973448933666027,0.00032618424088099406,0.05120113119482994,0.000673149130307138
reconstruction_w4_c1.0_test,quantized,2,3461,up_blocks.1.resnets.2.conv2.weight,16.898798796614873,-0.0006973029929120638,-0.0011622000960521282,0.035504613322211644,1.832146909510456e-05,0.0024576088986914724,0.0004411554901435637,0.05120113119482994,0.000673149130307138
reconstruction_w4_c1.0_test,quantized,2,3461,up_blocks.1.upsamplers.0.conv.weight,8.912348801127948,-0.0021439542421761056,-0.0016665262682903838,0.1443481337985765,7.62042918002336e-05,0.0037318383484302112,0.0022912075571327717,0.05120113119482994,0.000673149130307138
reconstruction_w4_c1.0_test,quantized,2,3461,up_blocks.2.resnets.0.conv1.weight,12.432526083330089,-0.0005573777623451545,-0.001031433615408495,0.04346593010322533,3.0498464063938385e-05,0.005640037343594444,0.00043494727048925446,0.05120113119482994,0.000673149130307138
reconstruction_w4_c1.0_test,quantized,2,3461,up_blocks.2.resnets.0.conv2.weight,10.311881822427951,-0.001089814007901973,-0.0032635769333217526,0.03238326275390777,1.9352617520198432e-05,0.00458018689040331,0.0004097496458190085,0.05120113119482994,0.000673149130307138
reconstruction_w4_c1.0_test,quantized,2,3461,up_blocks.2.resnets.0.conv_shortcut.weight,0.915042214030682,-0.0007899661284327931,-0.0023755529008459785,0.3634148203528819,2.5194080752610575e-05,0.0052042801766054555,0.005290499990000074,0.05120113119482994,0.000673149130307138
reconstruction_w4_c1.0_test,quantized,2,3461,up_blocks.2.resnets.1.conv1.weight,8.210293328158757,-0.0018813963282094791,-0.005088613119521503,0.04503209848225994,1.925443351071316e-05,0.007589418037758617,0.0003090036412659022,0.05120113119482994,0.000673149130307138
reconstruction_w4_c1.0_test,quantized,2,3461,up_blocks.2.resnets.1.conv2.weight,11.074202412029077,-0.00034416029594327714,-0.000812786838984546,0.03823592900865051,1.0632377436289392e-05,0.002420343010665213,0.00039668064382732154,0.05120113119482994,0.000673149130307138
reconstruction_w4_c1.0_test,quantized,2,3461,up_blocks.2.resnets.2.conv1.weight,8.688041270379726,-0.00091118990930745,-0.002365447616272978,0.04433775420932114,1.4527343604750164e-05,0.0048999199391099296,0.00034125211318008884,0.05120113119482994,0.000673149130307138
reconstruction_w4_c1.0_test,quantized,2,3461,up_blocks.2.resnets.2.conv2.weight,10.429024938744606,-0.0003778858760816287,-0.0011730430417870713,0.03088894008304783,4.436865582264534e-06,0.00124629442484489,0.00034135943689531524,0.05120113119482994,0.000673149130307138
reconstruction_w4_c1.0_test,quantized,2,3461,up_blocks.2.upsamplers.0.conv.weight,4.884158554642742,-0.0009206865407707574,-0.0011969358701981424,0.1574893382297743,2.0392258877903012e-05,0.0014225051004814312,0.0029350922085243716,0.05120113119482994,0.000673149130307138
reconstruction_w4_c1.0_test,quantized,2,3461,up_blocks.3.resnets.0.conv1.weight,5.846331298989877,-0.001012015134805741,-0.0041928805759139706,0.04128488626253845,1.4834517838973378e-05,0.0054059502824740195,0.00046937285067692123,0.05120113119482994,0.000673149130307138
reconstruction_w4_c1.0_test,quantized,2,3461,up_blocks.3.resnets.0.conv2.weight,6.252218610493537,-0.0006295755253994432,-0.004414110088194794,0.02281237601673725,1.0023214083371875e-05,0.005386559505206635,0.0002976195048133217,0.05120113119482994,0.000673149130307138
reconstruction_w4_c1.0_test,quantized,2,3461,up_blocks.3.resnets.0.conv_shortcut.weight,0.7286763640248125,-0.0008613518136766166,-0.003987450600864402,0.29644939893757283,2.868504724316014e-05,0.0071268434929207675,0.005523618368723699,0.05120113119482994,0.000673149130307138
reconstruction_w4_c1.0_test,quantized,2,3461,up_blocks.3.resnets.1.conv1.weight,4.15502912738992,-0.0013964909422313316,-0.006746353984945094,0.049818990777742204,1.2303612375429837e-05,0.00527447716013029,0.0005614087169266557,0.05120113119482994,0.000673149130307138
reconstruction_w4_c1.0_test,quantized,2,3461,up_blocks.3.resnets.1.conv2.weight,6.459779843490084,-0.0001302963099217009,-0.0007343319317684039,0.027467680420482147,3.8444019087567085e-06,0.0025201273462107706,0.00023615034274699007,0.05120113119482994,0.000673149130307138
reconstruction_w4_c1.0_test,quantized,2,3461,up_blocks.3.resnets.2.conv1.weight,4.37574339806976,-0.0010263224094443507,-0.0043502670360874955,0.05391579943069331,1.630436746104715e-05,0.004767581845874005,0.0007815449318352273,0.05120113119482994,0.000673149130307138
reconstruction_w4_c1.0_test,quantized,2,3461,up_blocks.3.resnets.2.conv2.weight,6.281112492464129,-8.340147941023925e-05,-0.0010114782880769428,0.013127457412044614,6.061467646152817e-06,0.0037520065680136535,0.00025720394760266036,0.05120113119482994,0.000673149130307138
reconstruction_w4_c1.0_test,quantized,2,3461,mid_block.attentions.0.to_q.weight,4.019891861808727,9.65562259808692e-05,0.003660230765156819,0.006562320617603842,3.7283912299158235e-06,0.005723862641444373,0.00016203838429690084,0.05120113119482994,0.000673149130307138
reconstruction_w4_c1.0_test,quantized,2,3461,mid_block.attentions.0.to_k.weight,4.108342298386184,-7.660326244050074e-05,-0.002732438149819392,0.006823863091730531,-2.020218346344245e-06,-0.0044526733321387105,0.00011043604761353495,0.05120113119482994,0.000673149130307138
reconstruction_w4_c1.0_test,quantized,2,3461,mid_block.attentions.0.to_v.weight,2.7435479100321642,9.169489500649838e-05,0.0007395448326807786,0.04519268057977088,1.6840781113413822e-06,0.0007134749737151255,0.0008603416310082754,0.05120113119482994,0.000673149130307138
reconstruction_w4_c1.0_test,quantized,2,3461,mid_block.attentions.0.to_out.0.weight,2.5791092153783794,-0.00034490294055855765,-0.0022083177386543174,0.06055717440961845,6.1679328442120276e-06,0.001576309247839499,0.0015171498546409944,0.05120113119482994,0.000673149130307138
reconstruction_w4_c1.0_test,quantized,2,3461,mid_block.resnets.0.conv1.weight,19.03290985822055,-0.00020161502707857553,-0.000374543198776426,0.028282369538908385,3.806248425653948e-05,0.003756888653218426,0.0005323087633461184,0.05120113119482994,0.000673149130307138
reconstruction_w4_c1.0_test,quantized,2,3461,mid_block.resnets.0.conv2.weight,12.640658425184434,0.0006558931989234264,0.000950949676967505,0.0545639618230332,3.0279962919478382e-05,0.0020278523362506247,0.0011812703833703959,0.05120113119482994,0.000673149130307138
reconstruction_w4_c1.0_test,quantized,2,3461,mid_block.resnets.1.conv1.weight,18.242329176958663,0.0004115117335587443,0.0010706379223911612,0.02106974660184818,2.2182078566657956e-05,0.0033583918719578736,0.00036206836500541587,0.05120113119482994,0.000673149130307138
reconstruction_w4_c1.0_test,quantized,2,3461,mid_block.resnets.1.conv2.weight,12.933125476034467,9.77725995780577e-05,0.00021349291859680628,0.03541034816650399,3.017205150727653e-05,0.003278774790130523,0.0007115243416525414,0.05120113119482994,0.000673149130307138
reconstruction_w4_c1.0_test,quantized,2,3461,conv_out.weight,0.14100484911602942,0.0011632286453858382,0.014041658534769741,0.5875064415289548,2.2330343624762018e-05,0.01344560267626156,0.01177825857668615,0.05120113119482994,0.000673149130307138
reconstruction_w4_c1.0_test,quantized,3,3462,conv_in.weight,1.4659267762998458,0.00012307772172300685,0.0075111063749976345,0.011177978196986417,-4.419629089255566e-06,-0.004406537935968939,0.0006841889130886632,0.0019225380383431911,8.933751087170094e-05
reconstruction_w4_c1.0_test,quantized,3,3462,up_blocks.0.resnets.0.conv1.weight,19.26045921288763,-5.9863306312854204e-05,-0.0013560269297588233,0.0022920587635089583,5.011492096386043e-06,0.0029942440369682497,8.689868789228e-05,0.0019225380383431911,8.933751087170094e-05
reconstruction_w4_c1.0_test,quantized,3,3462,up_blocks.0.resnets.0.conv2.weight,14.143978922075249,0.0001171439529129996,0.0016979102699996313,0.004877907259735535,-1.2262195029714943e-07,-2.1849243553740713e-05,0.00039678953825173223,0.0019225380383431911,8.933751087170094e-05
reconstruction_w4_c1.0_test,quantized,3,3462,up_blocks.0.resnets.1.conv1.weight,19.504779165387678,5.058879294387265e-06,0.00011642413554584794,0.0022277695198936426,4.2679217065290475e-06,0.0027910691213054836,7.839796943645177e-05,0.0019225380383431911,8.933751087170094e-05
reconstruction_w4_c1.0_test,quantized,3,3462,up_blocks.0.resnets.1.conv2.weight,13.243188951588143,-2.699208297122508e-05,-0.00037252089563489886,0.005471333483095681,2.441984952458704e-06,0.0003824852197782452,0.00048209846690150794,0.0019225380383431911,8.933751087170094e-05
reconstruction_w4_c1.0_test,quantized,3,3462,up_blocks.0.resnets.2.conv1.weight,20.324335760762754,-4.019293972301922e-05,-0.0007018220156029233,0.0028177757245044515,7.725366491221815e-06,0.00419260271201179,9.066068992073455e-05,0.0019225380383431911,8.933751087170094e-05
reconstruction_w4_c1.0_test,quantized,3,3462,up_blocks.0.resnets.2.conv2.weight,13.16460028766933,3.267574379553903e-05,0.00042978223670102643,0.005775230775864854,5.96414186154175e-06,0.0008606834785987895,0.0005263768989016196,0.0019225380383431911,8.933751087170094e-05
reconstruction_w4_c1.0_test,quantized,3,3462,up_blocks.0.upsamplers.0.conv.weight,8.113951450214966,-4.988922065881764e-05,-0.0003456860768088428,0.017786579059317933,1.2881099223000697e-06,0.00011470986154344744,0.0013839479773059935,0.0019225380383431911,8.933751087170094e-05
reconstruction_w4_c1.0_test,quantized,3,3462,up_blocks.1.resnets.0.conv1.weight,18.943713380515252,-5.14166003046097e-05,-0.0008886548651990683,0.0030542537822490817,5.338892171964677e-06,0.0036980147633872804,7.621095341917514e-05,0.0019225380383431911,8.933751087170094e-05
reconstruction_w4_c1.0_test,quantized,3,3462,up_blocks.1.resnets.0.conv2.weight,18.80238182547837,-2.12269482477517e-05,-0.0003067364846111894,0.003680520637936562,4.854177771112095e-06,0.0010310870578655882,0.0002503845191675555,0.0019225380383431911,8.933751087170094e-05
reconstruction_w4_c1.0_test,quantized,3,3462,up_blocks.1.resnets.1.conv1.weight,19.54723237682394,-1.3250912005147018e-06,-2.293267049367479e-05,0.0029560097565138593,5.501366721091329e-06,0.004211492159311679,6.682659352956119e-05,0.0019225380383431911,8.933751087170094e-05
reconstruction_w4_c1.0_test,quantized,3,3462,up_blocks.1.resnets.1.conv2.weight,18.349742405120956,5.5373543005244285e-05,0.0007419332591103833,0.004067312114748245,3.7161319324201615e-06,0.0006820059746518043,0.00029694291868177184,0.0019225380383431911,8.933751087170094e-05
reconstruction_w4_c1.0_test,quantized,3,3462,up_blocks.1.resnets.2.conv1.weight,19.04818316480143,-4.170800553214478e-05,-0.0006211519802420459,0.0035250719830219246,7.650103170303514e-06,0.005170429126391734,7.767605206997303e-05,0.0019225380383431911,8.933751087170094e-05
reconstruction_w4_c1.0_test,quantized,3,3462,up_blocks.1.resnets.2.conv2.weight,16.898798796614873,1.6316469791243733e-05,0.00024370281249374448,0.00396195761231247,2.8184893098791603e-06,0.0004742939745887893,0.0003516518847144789,0.0019225380383431911,8.933751087170094e-05
reconstruction_w4_c1.0_test,quantized,3,3462,up_blocks.1.upsamplers.0.conv.weight,8.912348801127948,-8.615211505335261e-05,-0.0006219486219430396,0.015542442128850167,1.1902362655405818e-05,0.0010702893760694725,0.001247785082098584,0.0019225380383431911,8.933751087170094e-05
reconstruction_w4_c1.0_test,quantized,3,3462,up_blocks.2.resnets.0.conv1.weight,12.432526083330089,-0.00010251488898576678,-0.0022059572684374426,0.003737924036233502,7.351275680933613e-06,0.004917203334231139,0.00012025002160971323,0.0019225380383431911,8.933751087170094e-05
reconstruction_w4_c1.0_test,quantized,3,3462,up_blocks.2.resnets.0.conv2.weight,10.311881822427951,-6.935704393904273e-05,-0.0020150278417115797,0.0033378867413110043,1.2209520733546287e-05,0.004603536116541368,0.0002571989165393646,0.0019225380383431911,8.933751087170094e-05
reconstruction_w4_c1.0_test,quantized,3,3462,up_blocks.2.resnets.0.conv_shortcut.weight,0.915042214030682,-0.00010886821413479974,-0.0033807407279988224,0.035192336630734906,-8.081350360241862e-06,-0.0029054177406335137,0.0030397244840127072,0.0019225380383431911,8.933751087170094e-05
reconstruction_w4_c1.0_test,quantized,3,3462,up_blocks.2.resnets.1.conv1.weight,8.210293328158757,-0.00015974887974135765,-0.005035453471166735,0.003864030631693163,2.145480237185841e-06,0.0025420669826038034,0.00010279662475357652,0.0019225380383431911,8.933751087170094e-05
reconstruction_w4_c1.0_test,quantized,3,3462,up_blocks.2.resnets.1.conv2.weight,11.074202412029077,-1.2590111400361483e-06,-2.7701945151697417e-05,0.004103995261038645,3.7679207934441687e-06,0.0012641985343064654,0.0002691373829699939,0.0019225380383431911,8.933751087170094e-05
reconstruction_w4_c1.0_test,quantized,3,3462,up_blocks.2.resnets.2.conv1.weight,8.688041270379726,-7.418093681186316e-05,-0.002129926439192757,0.0040087210243320865,2.3294908209355365e-06,0.0017693193630179053,0.00015154195926882084,0.0019225380383431911,8.933751087170094e-05
reconstruction_w4_c1.0_test,quantized,3,3462,up_blocks.2.resnets.2.conv2.weight,10.429024938744606,4.973451665120919e-06,0.00014040249368266956,0.0033965606527973924,8.725917916676293e-06,0.0032766098609982746,0.00025535401067287817,0.0019225380383431911,8.933751087170094e-05
reconstruction_w4_c1.0_test,quantized,3,3462,up_blocks.2.upsamplers.0.conv.weight,4.884158554642742,1.4738227466718076e-06,1.6949178641701817e-05,0.017803559647298735,9.427819905096837e-06,0.0013264299008537938,0.0014552487015746184,0.0019225380383431911,8.933751087170094e-05
reconstruction_w4_c1.0_test,quantized,3,3462,up_blocks.3.resnets.0.conv1.weight,5.846331298989877,-6.645184927276618e-05,-0.002465863723328052,0.004609508047891293,3.4435987677117736e-07,0.0004655525384629082,0.00012652036101476705,0.0019225380383431911,8.933751087170094e-05
reconstruction_w4_c1.0_test,quantized,3,3462,up_blocks.3.resnets.0.conv2.weight,6.252218610493537,4.5153581958330504e-05,0.0031461260803016546,0.002295524488479631,1.4785831261523868e-06,0.0023544596460380518,0.00010044315354529458,0.0019225380383431911,8.933751087170094e-05
reconstruction_w4_c1.0_test,quantized,3,3462,up_blocks.3.resnets.0.conv_shortcut.weight,0.7286763640248125,-0.00023564787575547293,-0.009919622507058553,0.0326012086460605,-2.7102105295071553e-06,-0.0019029509879648354,0.001954522808347728,0.0019225380383431911,8.933751087170094e-05
reconstruction_w4_c1.0_test,quantized,3,3462,up_blocks.3.resnets.1.conv1.weight,4.15502912738992,4.135224839088218e-05,0.001794643124041848,0.005545579759217263,9.63792418520939e-07,0.0012202949616426796,0.0001900835853071607,0.0019225380383431911,8.933751087170094e-05
reconstruction_w4_c1.0_test,quantized,3,3462,up_blocks.3.resnets.1.conv2.weight,6.459779843490084,1.2666915317517307e-05,0.0005626707494594492,0.0034849681336441194,2.783564475420131e-06,0.00366892204642677,0.00011744785348271198,0.0019225380383431911,8.933751087170094e-05
reconstruction_w4_c1.0_test,quantized,3,3462,up_blocks.3.resnets.2.conv1.weight,4.37574339806976,-2.4848721797509488e-05,-0.0007388689464190972,0.007685724156445825,7.682682583552691e-06,0.007531920341379092,0.0002331070057385123,0.0019225380383431911,8.933751087170094e-05
reconstruction_w4_c1.0_test,quantized,3,3462,up_blocks.3.resnets.2.conv2.weight,6.281112492464129,1.4365511636917616e-05,0.0016180333877510642,0.0014135040195209785,1.0483905263685967e-06,0.001600802205713516,0.00010426747157596684,0.0019225380383431911,8.933751087170094e-05
reconstruction_w4_c1.0_test,quantized,3,3462,mid_block.attentions.0.to_q.weight,4.019891861808727,9.860265689239744e-07,0.00037994860674218044,0.0006455789938452226,-6.845275964264835e-08,-0.0009206351933986078,1.849647705423494e-05,0.0019225380383431911,8.933751087170094e-05
reconstruction_w4_c1.0_test,quantized,3,3462,mid_block.attentions.0.to_k.weight,4.108342298386184,1.6840414221321763e-06,0.0008061006495946563,0.0005085069318682758,1.1662499542185299e-07,0.002311808042435581,1.2279289782632737e-05,0.0019225380383431911,8.933751087170094e-05
reconstruction_w4_c1.0_test,quantized,3,3462,mid_block.attentions.0.to_v.weight,2.7435479100321642,1.5527085140239242e-05,0.0011635384359241722,0.004864034555234766,1.2960935656094898e-06,0.0023095922196312386,0.00020454482586965944,0.0019225380383431911,8.933751087170094e-05
reconstruction_w4_c1.0_test,quantized,3,3462,mid_block.attentions.0.to_out.0.weight,2.5791092153783794,-3.49422272535966e-05,-0.002124156792692406,0.006378143411146806,-3.6433561714105053e-06,-0.0026610323110006127,0.0005308621338682701,0.0019225380383431911,8.933751087170094e-05
reconstruction_w4_c1.0_test,quantized,3,3462,mid_block.resnets.0.conv1.weight,19.03290985822055,-0.00014923737025881578,-0.0022609387464809986,0.0034680360264199984,2.7441714189359157e-06,0.0013224322874463735,0.00010902663342331004,0.0019225380383431911,8.933751087170094e-05
reconstruction_w4_c1.0_test,quantized,3,3462,mid_block.resnets.0.conv2.weight,12.640658425184434,-4.934422942946091e-06,-5.6484110568256506e-05,0.006910991849993489,9.165667941687626e-06,0.0012402710373890862,0.0005846255898606887,0.0019225380383431911,8.933751087170094e-05
reconstruction_w4_c1.0_test,quantized,3,3462,mid_block.resnets.1.conv1.weight,18.242329176958663,4.00289266979986e-06,9.41262854023773e-05,0.0023312171921377454,4.3202980552234475e-06,0.0025940734379179733,9.129587486192824e-05,0.0019225380383431911,8.933751087170094e-05
reconstruction_w4_c1.0_test,quantized,3,3462,mid_block.resnets.1.conv2.weight,12.933125476034467,-2.8394910452349826e-05,-0.0004615897740183482,0.004756426974019202,-3.99222424986794e-06,-0.0007745636862429578,0.00039852383886593274,0.0019225380383431911,8.933751087170094e-05
reconstruction_w4_c1.0_test,quantized,3,3462,conv_out.weight,0.14100484911602942,0.00013719772240190588,0.018515506135459995,0.052550549941917955,1.0197318806315495e-05,0.015308028561349619,0.004724247970379741,0.0019225380383431911,8.933751087170094e-05
natural_residual_w4_c1.0_test,quantized,0,3459,conv_in.weight,1.4675951424532026,0.00016221417256171214,0.0033769945343283263,0.03273046476563269,8.013183681447413e-05,0.03360968131545212,0.0016245550695997279,0.020136723294854164,0.0012567456578835845
natural_residual_w4_c1.0_test,quantized,0,3459,up_blocks.0.resnets.0.conv1.weight,19.293752349792296,-0.00021320776383174883,-0.0012113916205809855,0.009122245381426237,4.814859779246256e-05,0.004045038856090987,0.0006169418713221509,0.020136723294854164,0.0012567456578835845
natural_residual_w4_c1.0_test,quantized,0,3459,up_blocks.0.resnets.0.conv2.weight,14.167704344094165,-0.00017366087469631344,-0.0008681548942094206,0.014119043652042777,3.130109915403877e-05,0.002181332871363991,0.0010128337369468222,0.020136723294854164,0.0012567456578835845
natural_residual_w4_c1.0_test,quantized,0,3459,up_blocks.0.resnets.1.conv1.weight,19.541713715166285,7.307740665380647e-05,0.00038292491110757354,0.009765778282256209,4.5833450798866464e-05,0.0036754496021693837,0.0006381304048013078,0.020136723294854164,0.0012567456578835845
natural_residual_w4_c1.0_test,quantized,0,3459,up_blocks.0.resnets.1.conv2.weight,13.265443272257873,0.00011070471135893307,0.0005025463525155651,0.016606121530629372,3.2671663880639474e-05,0.002172735171474762,0.0011335552458974442,0.020136723294854164,0.0012567456578835845
natural_residual_w4_c1.0_test,quantized,0,3459,up_blocks.0.resnets.2.conv1.weight,20.357053198374373,-0.00016952242558345,-0.0008224972163966533,0.01012459848811413,7.535924578920875e-05,0.006047289749129786,0.0006121542286859462,0.020136723294854164,0.0012567456578835845
natural_residual_w4_c1.0_test,quantized,0,3459,up_blocks.0.resnets.2.conv2.weight,13.186024472562353,-0.0002419056863388534,-0.0010703330875853172,0.01714009594436906,3.577696817253366e-05,0.002339050603763144,0.0011599787667685635,0.020136723294854164,0.0012567456578835845
natural_residual_w4_c1.0_test,quantized,0,3459,up_blocks.0.upsamplers.0.conv.weight,8.1344516275309,-0.0012796622601917683,-0.003109451859218019,0.050592162546031834,0.0001579761866571181,0.006008705016928033,0.0032320826767312377,0.020136723294854164,0.0012567456578835845
natural_residual_w4_c1.0_test,quantized,0,3459,up_blocks.1.resnets.0.conv1.weight,18.98491494798683,-0.00022010956293775112,-0.0009337422595941158,0.012416615733932575,9.532589470114297e-05,0.0057936249029307335,0.0008666662013108029,0.020136723294854164,0.0012567456578835845
natural_residual_w4_c1.0_test,quantized,0,3459,up_blocks.1.resnets.0.conv2.weight,18.845720024573723,-0.000687473618865989,-0.002782591590686304,0.013109732616958676,6.683969945170615e-05,0.003914872228980388,0.0009059498577072094,0.020136723294854164,0.0012567456578835845
natural_residual_w4_c1.0_test,quantized,0,3459,up_blocks.1.resnets.1.conv1.weight,19.593511525010342,-0.00044309537220393793,-0.0018004884364416311,0.012560143492770218,9.951677428345125e-05,0.006099777443460054,0.0008326644518277753,0.020136723294854164,0.0012567456578835845
natural_residual_w4_c1.0_test,quantized,0,3459,up_blocks.1.resnets.1.conv2.weight,18.395888321338973,-0.0009476659623785897,-0.003868943212066171,0.013315030408234724,6.996194392179544e-05,0.004334918333439869,0.000877324350486166,0.020136723294854164,0.0012567456578835845
natural_residual_w4_c1.0_test,quantized,0,3459,up_blocks.1.resnets.2.conv1.weight,19.094465470525225,-0.0013646566491564381,-0.004760692666674555,0.0150122484902693,9.614526984106041e-05,0.00538572221708026,0.0009349243425910049,0.020136723294854164,0.0012567456578835845
natural_residual_w4_c1.0_test,quantized,0,3459,up_blocks.1.resnets.2.conv2.weight,16.933601032316133,-0.0011595135522026766,-0.005133392052095992,0.013338963121013016,5.696729854916702e-05,0.003975805789413148,0.0008461573674582503,0.020136723294854164,0.0012567456578835845
natural_residual_w4_c1.0_test,quantized,0,3459,up_blocks.1.upsamplers.0.conv.weight,8.934318741103949,-0.0018642929603718567,-0.0046063509947107065,0.045299737989466876,8.92079593338468e-05,0.0042218946143921885,0.0023650197625059402,0.020136723294854164,0.0012567456578835845
natural_residual_w4_c1.0_test,quantized,0,3459,up_blocks.2.resnets.0.conv1.weight,12.466313892604479,-0.0014460324413497596,-0.008102997282376729,0.014315096670822609,5.988552751076348e-05,0.005704759848574873,0.0008420666253285732,0.020136723294854164,0.0012567456578835845
natural_residual_w4_c1.0_test,quantized,0,3459,up_blocks.2.resnets.0.conv2.weight,10.342551794723212,-0.0012977071912761461,-0.010311181126301819,0.012168599317181584,4.5800401642314095e-05,0.007767088286713442,0.0005701424010226348,0.020136723294854164,0.0012567456578835845
natural_residual_w4_c1.0_test,quantized,0,3459,up_blocks.2.resnets.0.conv_shortcut.weight,0.9175930026676011,-0.0011302345917462754,-0.009872554010720075,0.12476391198997899,6.749279101725847e-05,0.013039234855654657,0.005640988145421092,0.020136723294854164,0.0012567456578835845
natural_residual_w4_c1.0_test,quantized,0,3459,up_blocks.2.resnets.1.conv1.weight,8.23733250533494,-0.0017500230393383686,-0.014123077524124231,0.015042770381464617,4.0838060398718624e-05,0.005612580347841088,0.0008833156782230952,0.020136723294854164,0.0012567456578835845
natural_residual_w4_c1.0_test,quantized,0,3459,up_blocks.2.resnets.1.conv2.weight,11.113399066865664,-0.0016285942666366781,-0.011043603179611082,0.013269519558013337,4.9790773283165334e-05,0.009296276425458473,0.00048193995486036967,0.020136723294854164,0.0012567456578835845
natural_residual_w4_c1.0_test,quantized,0,3459,up_blocks.2.resnets.2.conv1.weight,8.720978028117928,-0.001985253450542176,-0.014357452028430046,0.015855260920321884,5.110535445373116e-05,0.008532802678604724,0.0006867671442102339,0.020136723294854164,0.0012567456578835845
natural_residual_w4_c1.0_test,quantized,0,3459,up_blocks.2.resnets.2.conv2.weight,10.459127618547324,-0.001373756864986263,-0.011159607678353705,0.011769702530396308,3.771765321632351e-05,0.007840061932995104,0.0004599702122811372,0.020136723294854164,0.0012567456578835845
natural_residual_w4_c1.0_test,quantized,0,3459,up_blocks.2.upsamplers.0.conv.weight,4.899019868497338,-0.0017823981690128848,-0.006275802815881388,0.05797306166378437,4.1230441931381785e-05,0.00492716108912667,0.0017080950246722913,0.020136723294854164,0.0012567456578835845
natural_residual_w4_c1.0_test,quantized,0,3459,up_blocks.3.resnets.0.conv1.weight,5.862350675607346,-0.0016909138608181464,-0.0181953492674483,0.01585219091432911,1.3730404779727073e-05,0.005981588860291178,0.0003915569962110854,0.020136723294854164,0.0012567456578835845
natural_residual_w4_c1.0_test,quantized,0,3459,up_blocks.3.resnets.0.conv2.weight,6.2662097449931045,-0.0008697030891114255,-0.015378880460882418,0.009024878499713274,6.246158729976041e-06,0.005705510027051854,0.00017470833140353063,0.020136723294854164,0.0012567456578835845
natural_residual_w4_c1.0_test,quantized,0,3459,up_blocks.3.resnets.0.conv_shortcut.weight,0.7303349773917085,-0.001796521332861583,-0.021505542233706994,0.11438257808554937,4.899554100247758e-06,0.0028438125295612124,0.002359030161561936,0.020136723294854164,0.0012567456578835845
natural_residual_w4_c1.0_test,quantized,0,3459,up_blocks.3.resnets.1.conv1.weight,4.166678713569348,-0.0012667868722866847,-0.015702017016070983,0.01936235134726598,1.353486909205407e-05,0.008965108479866044,0.00036233350634273917,0.020136723294854164,0.0012567456578835845
natural_residual_w4_c1.0_test,quantized,0,3459,up_blocks.3.resnets.1.conv2.weight,6.473165613928498,-0.0006674807036412626,-0.01018054970730907,0.010128631430140488,4.662106878954052e-06,0.003950577036472529,0.00018230768323199996,0.020136723294854164,0.0012567456578835845
natural_residual_w4_c1.0_test,quantized,0,3459,up_blocks.3.resnets.2.conv1.weight,4.388402605029925,-0.0009134920926125286,-0.01054903009606329,0.019732667446453876,1.3776027807662634e-05,0.006449255825887021,0.00048675222108111394,0.020136723294854164,0.0012567456578835845
natural_residual_w4_c1.0_test,quantized,0,3459,up_blocks.3.resnets.2.conv2.weight,6.294992338505215,-0.00045917918760307846,-0.014144158024393966,0.005157151499176993,2.678621320779921e-06,0.0028468230758629588,0.0001494705518549755,0.020136723294854164,0.0012567456578835845
natural_residual_w4_c1.0_test,quantized,0,3459,mid_block.attentions.0.to_q.weight,4.027511034612023,2.587680787761716e-05,0.002514235253662458,0.0025554539004265246,2.2441629882283364e-06,0.003597745605743879,0.00015487709894165114,0.020136723294854164,0.0012567456578835845
natural_residual_w4_c1.0_test,quantized,0,3459,mid_block.attentions.0.to_k.weight,4.115552152755527,-3.982522399595474e-05,-0.0034318718646743464,0.0028196749975098177,1.5441673720819909e-06,0.0022428988687564566,0.00016728483421755717,0.020136723294854164,0.0012567456578835845
natural_residual_w4_c1.0_test,quantized,0,3459,mid_block.attentions.0.to_v.weight,2.748564346800746,-6.968451542456108e-05,-0.0018868208650160137,0.013436919195814825,1.6416530252932152e-05,0.005925382462653989,0.0010079966177143941,0.020136723294854164,0.0012567456578835845
natural_residual_w4_c1.0_test,quantized,0,3459,mid_block.attentions.0.to_out.0.weight,2.5832519517526955,2.5260346196250106e-05,0.0006437804895122018,0.01518919373101271,-1.2013300649990521e-06,-0.0003902558456604874,0.001191642990608328,0.020136723294854164,0.0012567456578835845
natural_residual_w4_c1.0_test,quantized,0,3459,mid_block.resnets.0.conv1.weight,19.062078106871937,-0.0003432585074821511,-0.0015388114000315922,0.011702150252087425,8.391733452158307e-05,0.005355770627178461,0.000821976624159953,0.020136723294854164,0.0012567456578835845
natural_residual_w4_c1.0_test,quantized,0,3459,mid_block.resnets.0.conv2.weight,12.660895497381004,-0.0001932534092418902,-0.0007244980037895868,0.021068108526161707,7.387236875757e-05,0.003959131431823124,0.001473729176519809,0.020136723294854164,0.0012567456578835845
natural_residual_w4_c1.0_test,quantized,0,3459,mid_block.resnets.1.conv1.weight,18.26880200693113,-8.512713150548828e-05,-0.000578238374849777,0.008058440805199846,2.917221138355245e-05,0.0027043939486822302,0.0005904584298254858,0.020136723294854164,0.0012567456578835845
natural_residual_w4_c1.0_test,quantized,0,3459,mid_block.resnets.1.conv2.weight,12.952424828558925,0.00020051175933904195,0.0010965327323340783,0.014117804607915004,2.668088040533797e-05,0.0022680281826865847,0.0009082400083983455,0.020136723294854164,0.0012567456578835845
natural_residual_w4_c1.0_test,quantized,0,3459,conv_out.weight,0.14184949666495017,-0.00022029516648710358,-0.007227345538566946,0.2148811652895568,1.5320281170536048e-05,0.02119691878488906,0.0050952582514740274,0.020136723294854164,0.0012567456578835845
natural_residual_w4_c1.0_test,quantized,1,3460,conv_in.weight,1.4675951424532026,0.0002829136727151449,0.0027391841228366276,0.07037630243737503,7.636110055901708e-05,0.03392112515756798,0.0015338951142631852,0.022088633850216866,0.0007745625916868448
natural_residual_w4_c1.0_test,quantized,1,3460,up_blocks.0.resnets.0.conv1.weight,19.293752349792296,0.0002899637615154057,0.0010293786410013439,0.014599966946587944,3.716791636865929e-05,0.0058929645091605025,0.0003269020845934277,0.022088633850216866,0.0007745625916868448
natural_residual_w4_c1.0_test,quantized,1,3460,up_blocks.0.resnets.0.conv2.weight,14.167704344094165,-0.00030579581044455346,-0.0009268309125090058,0.023287964770035897,2.210763158246994e-05,0.0026602175487779323,0.0005865777417236537,0.022088633850216866,0.0007745625916868448
natural_residual_w4_c1.0_test,quantized,1,3460,up_blocks.0.resnets.1.conv1.weight,19.541713715166285,0.00017309892275182775,0.0005210434761222958,0.017000345824316247,3.322744961202326e-05,0.005563354218744402,0.00030563117362616065,0.022088633850216866,0.0007745625916868448
natural_residual_w4_c1.0_test,quantized,1,3460,up_blocks.0.resnets.1.conv2.weight,13.265443272257873,-0.0001718584462694007,-0.0004882201236744617,0.026535876542624626,3.22260514426255e-05,0.0035536168570946903,0.0006836199495670695,0.022088633850216866,0.0007745625916868448
natural_residual_w4_c1.0_test,quantized,1,3460,up_blocks.0.resnets.2.conv1.weight,20.357053198374373,-0.0006128944248936184,-0.0017158575221163637,0.017546461037169357,5.2592649973617904e-05,0.008029389016829216,0.0003217567324622683,0.022088633850216866,0.0007745625916868448
natural_residual_w4_c1.0_test,quantized,1,3460,up_blocks.0.resnets.2.conv2.weight,13.186024472562353,-0.0002991268837901439,-0.0008156283630683062,0.027813090534857192,3.682763707008486e-05,0.00405063671287129,0.0006895038294535088,0.022088633850216866,0.0007745625916868448
natural_residual_w4_c1.0_test,quantized,1,3460,up_blocks.0.upsamplers.0.conv.weight,8.1344516275309,-0.001690875904706901,-0.0021508336509384936,0.096644386134821,0.00011012991772539648,0.006783688621315815,0.0019957729347747652,0.022088633850216866,0.0007745625916868448
natural_residual_w4_c1.0_test,quantized,1,3460,up_blocks.1.resnets.0.conv1.weight,18.98491494798683,-0.000315186222356137,-0.0009382222517603787,0.01769509262620192,4.100377587201918e-05,0.0066163374920349335,0.00032643562235677346,0.022088633850216866,0.0007745625916868448
natural_residual_w4_c1.0_test,quantized,1,3460,up_blocks.1.resnets.0.conv2.weight,18.845720024573723,-0.0009490904797351054,-0.002495028656384983,0.02018456266785438,4.521283692387947e-05,0.005407595020767865,0.00044365447224566063,0.022088633850216866,0.0007745625916868448
natural_residual_w4_c1.0_test,quantized,1,3460,up_blocks.1.resnets.1.conv1.weight,19.593511525010342,-0.0007628331253836812,-0.00214397861569914,0.018159204422852567,4.5872831117902836e-05,0.007904506419628326,0.00029618871731489636,0.022088633850216866,0.0007745625916868448
natural_residual_w4_c1.0_test,quantized,1,3460,up_blocks.1.resnets.1.conv2.weight,18.395888321338973,-0.001023750796090196,-0.0027189366917617455,0.020467952130873938,4.328261776603676e-05,0.005369558044597357,0.0004381816773991659,0.022088633850216866,0.0007745625916868448
natural_residual_w4_c1.0_test,quantized,1,3460,up_blocks.1.resnets.2.conv1.weight,19.094465470525225,-0.0019258269798828284,-0.004805472036254324,0.02098812813868,5.846483957073222e-05,0.009072666303937726,0.00033748332508533454,0.022088633850216866,0.0007745625916868448
natural_residual_w4_c1.0_test,quantized,1,3460,up_blocks.1.resnets.2.conv2.weight,16.933601032316133,-0.0012127999539177227,-0.0033767481855072395,0.02121002465491642,3.1449091351292385e-05,0.003998856465628572,0.00046443288467610297,0.022088633850216866,0.0007745625916868448
natural_residual_w4_c1.0_test,quantized,1,3460,up_blocks.1.upsamplers.0.conv.weight,8.934318741103949,-0.0022471226209275913,-0.002974507031981241,0.08455714857907927,7.986909387843883e-05,0.005277595971888456,0.0016938742868184786,0.022088633850216866,0.0007745625916868448
natural_residual_w4_c1.0_test,quantized,1,3460,up_blocks.2.resnets.0.conv1.weight,12.466313892604479,-0.0018047876240362105,-0.005919465470492933,0.02445713353257181,3.280193828519009e-05,0.007476441230342877,0.00035193829477361176,0.022088633850216866,0.0007745625916868448
natural_residual_w4_c1.0_test,quantized,1,3460,up_blocks.2.resnets.0.conv2.weight,10.342551794723212,-0.0019367024505865292,-0.009587434956960126,0.019531372682542063,2.3072305011275384e-05,0.006747203829408704,0.00033062786273031113,0.022088633850216866,0.0007745625916868448
natural_residual_w4_c1.0_test,quantized,1,3460,up_blocks.2.resnets.0.conv_shortcut.weight,0.9175930026676011,-0.0015011596578746163,-0.007336648153674218,0.2229867714878463,9.293818746775209e-06,0.002574734007920276,0.00393379510817728,0.022088633850216866,0.0007745625916868448
natural_residual_w4_c1.0_test,quantized,1,3460,up_blocks.2.resnets.1.conv1.weight,8.23733250533494,-0.0022718518736675256,-0.012298434507186632,0.022425574725392323,2.1865195650484022e-05,0.010229988982794948,0.0002594726604868042,0.022088633850216866,0.0007745625916868448
natural_residual_w4_c1.0_test,quantized,1,3460,up_blocks.2.resnets.1.conv2.weight,11.113399066865664,-0.0023809911018020874,-0.009843887740677822,0.021764275285524114,2.5393422881191347e-05,0.006933060834597442,0.00032957125410793935,0.022088633850216866,0.0007745625916868448
natural_residual_w4_c1.0_test,quantized,1,3460,up_blocks.2.resnets.2.conv1.weight,8.720978028117928,-0.002521674032378284,-0.012722941334056125,0.022726692155176875,2.8492540703439627e-05,0.013166865446178592,0.0002481324636456894,0.022088633850216866,0.0007745625916868448
natural_residual_w4_c1.0_test,quantized,1,3460,up_blocks.2.resnets.2.conv2.weight,10.459127618547324,-0.0016771352161349096,-0.00821735627339305,0.019513739335252345,2.413213272615504e-05,0.006897328220725377,0.000334517890965008,0.022088633850216866,0.0007745625916868448
natural_residual_w4_c1.0_test,quantized,1,3460,up_blocks.2.upsamplers.0.conv.weight,4.899019868497338,-0.0030560001166275294,-0.005531109106876309,0.11277996104049841,4.037821290937227e-05,0.004480755761628832,0.0018394442129575203,0.022088633850216866,0.0007745625916868448
natural_residual_w4_c1.0_test,quantized,1,3460,up_blocks.3.resnets.0.conv1.weight,5.862350675607346,-0.0019302251186705656,-0.014308140896707462,0.02301192559776506,1.7418533053842645e-05,0.011077024049255639,0.00026823576567158204,0.022088633850216866,0.0007745625916868448
natural_residual_w4_c1.0_test,quantized,1,3460,up_blocks.3.resnets.0.conv2.weight,6.2662097449931045,-0.0009855500085887386,-0.011921555772173286,0.013192916190271938,1.1026012914232647e-05,0.01190100622367971,0.00014785291348276772,0.022088633850216866,0.0007745625916868448
natural_residual_w4_c1.0_test,quantized,1,3460,up_blocks.3.resnets.0.conv_shortcut.weight,0.7303349773917085,-0.002264506489962251,-0.016579548126191352,0.1870160067369507,1.0503780676853032e-05,0.005923423712196374,0.002428011530795116,0.022088633850216866,0.0007745625916868448
natural_residual_w4_c1.0_test,quantized,1,3460,up_blocks.3.resnets.1.conv1.weight,4.166678713569348,-0.0007820664288826512,-0.007097736323830428,0.02644440307342524,1.544779857148318e-05,0.012685332566137214,0.0002922635980259403,0.022088633850216866,0.0007745625916868448
natural_residual_w4_c1.0_test,quantized,1,3460,up_blocks.3.resnets.1.conv2.weight,6.473165613928498,-0.0011418498167002243,-0.01095929595288768,0.01609569051666201,9.213340486960205e-06,0.007627446543725938,0.00018660412081543724,0.022088633850216866,0.0007745625916868448
natural_residual_w4_c1.0_test,quantized,1,3460,up_blocks.3.resnets.2.conv1.weight,4.388402605029925,-0.0012594669880051374,-0.008104084243827612,0.035414113716611954,3.541764497067477e-06,0.0021004385794734064,0.0003842405802864046,0.022088633850216866,0.0007745625916868448
natural_residual_w4_c1.0_test,quantized,1,3460,up_blocks.3.resnets.2.conv2.weight,6.294992338505215,-0.0005428498825508629,-0.010467054195186582,0.008238726189541513,-5.351934952243027e-07,-0.0005453957237132374,0.00015588484376241116,0.022088633850216866,0.0007745625916868448
natural_residual_w4_c1.0_test,quantized,1,3460,mid_block.attentions.0.to_q.weight,4.027511034612023,3.74087463468221e-05,0.002414579647862797,0.0038467581231305366,1.4488252103815134e-06,0.0038859262030308175,9.257307856125763e-05,0.022088633850216866,0.0007745625916868448
natural_residual_w4_c1.0_test,quantized,1,3460,mid_block.attentions.0.to_k.weight,4.115552152755527,-2.3281778770647697e-05,-0.0010109369493581748,0.00559582312288909,1.5329415526339348e-06,0.003950780628344686,9.427891404187135e-05,0.022088633850216866,0.0007745625916868448
natural_residual_w4_c1.0_test,quantized,1,3460,mid_block.attentions.0.to_v.weight,2.748564346800746,-0.00027097247409402545,-0.003185186314151032,0.03095169426913613,3.7298672229833845e-06,0.002609516962014617,0.0005200287315948693,0.022088633850216866,0.0007745625916868448
natural_residual_w4_c1.0_test,quantized,1,3460,mid_block.attentions.0.to_out.0.weight,2.5832519517526955,-0.0001655387068579262,-0.0017264519230885658,0.0371174646122173,6.117166319591964e-06,0.0025935969712761247,0.0009130215581258307,0.022088633850216866,0.0007745625916868448
natural_residual_w4_c1.0_test,quantized,1,3460,mid_block.resnets.0.conv1.weight,19.062078106871937,-0.0007351002429776074,-0.0017037513340536024,0.02263445868968267,4.764705162026586e-05,0.006052663154790225,0.00041297074013768673,0.022088633850216866,0.0007745625916868448
natural_residual_w4_c1.0_test,quantized,1,3460,mid_block.resnets.0.conv2.weight,12.660895497381004,6.893249834516251e-06,1.5394692664554886e-05,0.03536621409982132,3.1856906316059265e-05,0.0028925423280606777,0.0008698802112851207,0.022088633850216866,0.0007745625916868448
natural_residual_w4_c1.0_test,quantized,1,3460,mid_block.resnets.1.conv1.weight,18.26880200693113,0.00046376940651008297,0.002004145945219556,0.01266667660670591,2.0599663041945902e-05,0.004045537338348918,0.00027872365831473555,0.022088633850216866,0.0007745625916868448
natural_residual_w4_c1.0_test,quantized,1,3460,mid_block.resnets.1.conv2.weight,12.952424828558925,4.342600603720944e-05,0.00013326750687930804,0.025157908587782593,1.7145870900717197e-05,0.0020500272694722117,0.0006457268286546643,0.022088633850216866,0.0007745625916868448
natural_residual_w4_c1.0_test,quantized,1,3460,conv_out.weight,0.14184949666495017,-0.0003044463194520434,-0.0068098010870189804,0.3151726349383047,1.674047129391678e-05,0.019785801565993712,0.00596466740760388,0.022088633850216866,0.0007745625916868448
natural_residual_w4_c1.0_test,quantized,2,3461,conv_in.weight,1.4675951424532026,6.904478692219333e-05,0.0010153178759499427,0.046336432674719,5.419103911929371e-05,0.01651877699407167,0.0022353386273830395,0.02394857443869114,0.001201357925310731
natural_residual_w4_c1.0_test,quantized,2,3461,up_blocks.0.resnets.0.conv1.weight,19.293752349792296,-0.00012148960270195543,-0.0004971656906236178,0.012665468576248255,4.108817738671667e-05,0.005200042379737028,0.00040953714105082295,0.02394857443869114,0.001201357925310731
natural_residual_w4_c1.0_test,quantized,2,3461,up_blocks.0.resnets.0.conv2.weight,14.167704344094165,1.7368551187585835e-06,6.493646941509952e-06,0.01887884562581083,2.621168380900787e-05,0.0020472231341240976,0.0009037124275637844,0.02394857443869114,0.001201357925310731
natural_residual_w4_c1.0_test,quantized,2,3461,up_blocks.0.resnets.1.conv1.weight,19.541713715166285,0.0001114071217741975,0.0004019206350451108,0.014184368446223113,4.955239186286117e-05,0.006057102701251856,0.00041863644948182915,0.02394857443869114,0.001201357925310731
natural_residual_w4_c1.0_test,quantized,2,3461,up_blocks.0.resnets.1.conv2.weight,13.265443272257873,-0.00022545782283886723,-0.0007954832802123938,0.02136547173626391,2.889417911082741e-05,0.001993424685133706,0.0010926693521277316,0.02394857443869114,0.001201357925310731
natural_residual_w4_c1.0_test,quantized,2,3461,up_blocks.0.resnets.2.conv1.weight,20.357053198374373,-0.0002569235087253403,-0.0008365043141441029,0.015087620362399199,4.827598742664374e-05,0.0055622118910607,0.00042635241249276804,0.02394857443869114,0.001201357925310731
natural_residual_w4_c1.0_test,quantized,2,3461,up_blocks.0.resnets.2.conv2.weight,13.186024472562353,-0.00023013767644270648,-0.0007773501881047964,0.022452108824017124,3.765174017600599e-05,0.002413168041598659,0.0011832693370831756,0.02394857443869114,0.001201357925310731
natural_residual_w4_c1.0_test,quantized,2,3461,up_blocks.0.upsamplers.0.conv.weight,8.1344516275309,-0.001248631794365935,-0.0018750507971021055,0.08186402065597344,9.558937116324776e-05,0.0034378668208488155,0.003418159113980494,0.02394857443869114,0.001201357925310731
natural_residual_w4_c1.0_test,quantized,2,3461,up_blocks.1.resnets.0.conv1.weight,18.98491494798683,-3.895632421136152e-05,-0.00011842313346037662,0.017327374717460382,6.04829947923713e-05,0.008933818096281947,0.00035660508004114035,0.02394857443869114,0.001201357925310731
natural_residual_w4_c1.0_test,quantized,2,3461,up_blocks.1.resnets.0.conv2.weight,18.845720024573723,-0.0003858829774703483,-0.001098036449332733,0.018647736733640476,6.131902378282779e-05,0.005384641876757162,0.0006042625413215683,0.02394857443869114,0.001201357925310731
natural_residual_w4_c1.0_test,quantized,2,3461,up_blocks.1.resnets.1.conv1.weight,19.593511525010342,-0.00022927807065036213,-0.0006246078635155961,0.018734529658546353,6.130754990978547e-05,0.009417948196012492,0.0003322350032297619,0.02394857443869114,0.001201357925310731
natural_residual_w4_c1.0_test,quantized,2,3461,up_blocks.1.resnets.1.conv2.weight,18.395888321338973,-0.001037899716163112,-0.0028922733208459096,0.019507216197775432,5.39501852269619e-05,0.004399318113917117,0.0006666330004917703,0.02394857443869114,0.001201357925310731
natural_residual_w4_c1.0_test,quantized,2,3461,up_blocks.1.resnets.2.conv1.weight,19.094465470525225,-0.001539245734639193,-0.003597464323810409,0.02240804447663687,7.998891496361271e-05,0.011306944774317389,0.0003704904599348642,0.02394857443869114,0.001201357925310731
natural_residual_w4_c1.0_test,quantized,2,3461,up_blocks.1.resnets.2.conv2.weight,16.933601032316133,-0.0011422510035524417,-0.0035762505902819978,0.01886184981516181,5.3887645960062046e-05,0.004302809610220746,0.0007395844288514381,0.02394857443869114,0.001201357925310731
natural_residual_w4_c1.0_test,quantized,2,3461,up_blocks.1.upsamplers.0.conv.weight,8.934318741103949,-0.001596750710864503,-0.0023391037104483012,0.07640577724921993,8.403366064355625e-05,0.002907110917869753,0.0032354168134896555,0.02394857443869114,0.001201357925310731
natural_residual_w4_c1.0_test,quantized,2,3461,up_blocks.2.resnets.0.conv1.weight,12.466313892604479,-0.0015444153208989384,-0.0051027504227742345,0.024278492441632542,4.962833324674508e-05,0.008396906155501278,0.0004741025949342348,0.02394857443869114,0.001201357925310731
natural_residual_w4_c1.0_test,quantized,2,3461,up_blocks.2.resnets.0.conv2.weight,10.342551794723212,-0.0020130822815599115,-0.010519878182167451,0.018502188918514312,4.963084423683946e-05,0.0076832573287756905,0.0006245663464093019,0.02394857443869114,0.001201357925310731
natural_residual_w4_c1.0_test,quantized,2,3461,up_blocks.2.resnets.0.conv_shortcut.weight,0.9175930026676011,-0.0015536822001072275,-0.00860282896250375,0.19682071656322958,4.9104470178192634e-05,0.006870700716241908,0.007788788394085897,0.02394857443869114,0.001201357925310731
natural_residual_w4_c1.0_test,quantized,2,3461,up_blocks.2.resnets.1.conv1.weight,8.23733250533494,-0.0023161141217565304,-0.010591193683211233,0.026547794516942468,3.9997030062331805e-05,0.012774209155341247,0.0003801081003773133,0.02394857443869114,0.001201357925310731
natural_residual_w4_c1.0_test,quantized,2,3461,up_blocks.2.resnets.1.conv2.weight,11.113399066865664,-0.002593746274701632,-0.010825373873754028,0.021559449945061947,5.291051787682267e-05,0.007156185658647356,0.0006652938418317118,0.02394857443869114,0.001201357925310731
natural_residual_w4_c1.0_test,quantized,2,3461,up_blocks.2.resnets.2.conv1.weight,8.720978028117928,-0.0028734886932861763,-0.01331524268682,0.02474544190562556,4.530805862976807e-05,0.01154012030716557,0.00045019423063303915,0.02394857443869114,0.001201357925310731
natural_residual_w4_c1.0_test,quantized,2,3461,up_blocks.2.resnets.2.conv2.weight,10.459127618547324,-0.002055691318887781,-0.011409779350253025,0.01722602978910448,3.187966143415717e-05,0.0042030286661076865,0.0007251968120840463,0.02394857443869114,0.001201357925310731
natural_residual_w4_c1.0_test,quantized,2,3461,up_blocks.2.upsamplers.0.conv.weight,4.899019868497338,-0.002338363820922008,-0.0058384509573701044,0.08175329126198813,4.412776519068699e-05,0.0021400711460633328,0.004208957313111611,0.02394857443869114,0.001201357925310731
natural_residual_w4_c1.0_test,quantized,2,3461,up_blocks.3.resnets.0.conv1.weight,5.862350675607346,-0.0017264926128517978,-0.014106325821335017,0.020877525369703474,2.2528664648458787e-05,0.006928970551535861,0.0005546192525054327,0.02394857443869114,0.001201357925310731
natural_residual_w4_c1.0_test,quantized,2,3461,up_blocks.3.resnets.0.conv2.weight,6.2662097449931045,-0.0009909564549533568,-0.013897276172925254,0.011379415498686036,1.8236301277435948e-05,0.007782316535430693,0.00037395809574697906,0.02394857443869114,0.001201357925310731
natural_residual_w4_c1.0_test,quantized,2,3461,up_blocks.3.resnets.0.conv_shortcut.weight,0.7303349773917085,-0.001621812035235591,-0.014718898034117257,0.15087008038475694,5.395739949595971e-05,0.01106095360946656,0.0066793828803492486,0.02394857443869114,0.001201357925310731
natural_residual_w4_c1.0_test,quantized,2,3461,up_blocks.3.resnets.1.conv1.weight,4.166678713569348,-0.0010273922295218531,-0.01099056600930329,0.02243500671116305,1.8770384067865542e-05,0.007428559342197024,0.0006064270262925059,0.02394857443869114,0.001201357925310731
natural_residual_w4_c1.0_test,quantized,2,3461,up_blocks.3.resnets.1.conv2.weight,6.473165613928498,-0.0008978371118022623,-0.010358745790556208,0.013389786709391392,2.622702268265027e-06,0.0009996673708046286,0.0004053001425211572,0.02394857443869114,0.001201357925310731
natural_residual_w4_c1.0_test,quantized,2,3461,up_blocks.3.resnets.2.conv1.weight,4.388402605029925,-0.0008108672204907083,-0.006901665514511732,0.026772527448698447,2.512207603204141e-05,0.0053470512990569435,0.0010706184190907928,0.02394857443869114,0.001201357925310731
natural_residual_w4_c1.0_test,quantized,2,3461,up_blocks.3.resnets.2.conv2.weight,6.294992338505215,-0.0003936297971699543,-0.009286690678434045,0.006733359156043279,9.391795999105892e-06,0.004213591873024215,0.00035407965794648547,0.02394857443869114,0.001201357925310731
natural_residual_w4_c1.0_test,quantized,2,3461,mid_block.attentions.0.to_q.weight,4.027511034612023,-2.7156350257783588e-05,-0.0018469964189060217,0.0036506366466291895,2.7951774811640304e-06,0.003413863151347504,0.00020329492723217716,0.02394857443869114,0.001201357925310731
natural_residual_w4_c1.0_test,quantized,2,3461,mid_block.attentions.0.to_k.weight,4.115552152755527,1.4965626355410948e-05,0.0009826047399071325,0.003700734542353827,9.985391101144234e-07,0.0017150969202747376,0.0001414647717272499,0.02394857443869114,0.001201357925310731
natural_residual_w4_c1.0_test,quantized,2,3461,mid_block.attentions.0.to_v.weight,2.748564346800746,0.00018432363983766177,0.0029738307564585675,0.022550640437916263,1.3190330289261504e-05,0.004775722006762151,0.0010048719490793106,0.02394857443869114,0.001201357925310731
natural_residual_w4_c1.0_test,quantized,2,3461,mid_block.attentions.0.to_out.0.weight,2.5832519517526955,-0.00030563629039356496,-0.003694085670775393,0.0320281010896772,2.4623186846083583e-06,0.0005320550037068866,0.0017915171194396022,0.02394857443869114,0.001201357925310731
natural_residual_w4_c1.0_test,quantized,2,3461,mid_block.resnets.0.conv1.weight,19.062078106871937,-0.00047978408366460446,-0.0016814663336982242,0.014968814814185041,6.57283143039988e-05,0.005904638449843726,0.0005839678518823119,0.02394857443869114,0.001201357925310731
natural_residual_w4_c1.0_test,quantized,2,3461,mid_block.resnets.0.conv2.weight,12.660895497381004,0.00016076009164913958,0.0004423561597601435,0.02870395508591815,5.689501481029047e-05,0.0029870098409742456,0.0015044339909020188,0.02394857443869114,0.001201357925310731
natural_residual_w4_c1.0_test,quantized,2,3461,mid_block.resnets.1.conv1.weight,18.26880200693113,8.143636264901223e-05,0.00041595188764973254,0.010716801807784448,3.0033770266777704e-05,0.004259409694411683,0.0003859671742979169,0.02394857443869114,0.001201357925310731
natural_residual_w4_c1.0_test,quantized,2,3461,mid_block.resnets.1.conv2.weight,12.952424828558925,0.0001815970745519416,0.0007644457974156294,0.018340495725257446,2.4447120021930564e-05,0.0019389094594672595,0.0009734622054233259,0.02394857443869114,0.001201357925310731
natural_residual_w4_c1.0_test,quantized,2,3461,conv_out.weight,0.14184949666495017,-0.0007540092009809868,-0.017393276154317405,0.3056099248277899,9.70518623172646e-06,0.005015958616526786,0.013640243699453172,0.02394857443869114,0.001201357925310731
natural_residual_w4_c1.0_test,quantized,3,3462,conv_in.weight,1.4675951424532026,1.6064416856047484e-05,0.005584741988689035,0.0019599978082020563,-1.706497589623184e-05,-0.009220982223982549,0.0012610207379347182,0.0003275091585237533,0.00018051473307423294
natural_residual_w4_c1.0_test,quantized,3,3462,up_blocks.0.resnets.0.conv1.weight,19.293752349792296,-2.4069897180699297e-05,-0.0027969185245919417,0.0004460440187084522,7.76171739815643e-06,0.0021712671025134753,0.00018527971505728714,0.0003275091585237533,0.00018051473307423294
natural_residual_w4_c1.0_test,quantized,3,3462,up_blocks.0.resnets.0.conv2.weight,14.167704344094165,7.250362876285296e-06,0.0005736602707746052,0.0008920834542178662,-3.318513539310278e-06,-0.0002840082058181596,0.0008247327113857828,0.0003275091585237533,0.00018051473307423294
natural_residual_w4_c1.0_test,quantized,3,3462,up_blocks.0.resnets.1.conv1.weight,19.541713715166285,-3.4589018953238544e-06,-0.0004350076892035833,0.0004068915436489713,1.2426971063230678e-05,0.004188073571191739,0.00015184074928831278,0.0003275091585237533,0.00018051473307423294
natural_residual_w4_c1.0_test,quantized,3,3462,up_blocks.0.resnets.1.conv2.weight,13.265443272257873,-9.428947974326538e-06,-0.0007150255592782246,0.0009940767269820635,3.8198507817428264e-06,0.0002896891569700269,0.0009940137485900185,0.0003275091585237533,0.00018051473307423294
natural_residual_w4_c1.0_test,quantized,3,3462,up_blocks.0.resnets.2.conv1.weight,20.357053198374373,-2.53195434107119e-05,-0.0024793156303910286,0.0005016596142202033,1.141471256162912e-05,0.0031398556746095956,0.00017858311019086255,0.0003275091585237533,0.00018051473307423294
natural_residual_w4_c1.0_test,quantized,3,3462,up_blocks.0.resnets.2.conv2.weight,13.186024472562353,-1.4350134132810415e-05,-0.0010010739557629465,0.0010871160816365052,1.1440173082945053e-05,0.0007525378091614726,0.0011528966917088014,0.0003275091585237533,0.00018051473307423294
natural_residual_w4_c1.0_test,quantized,3,3462,up_blocks.0.upsamplers.0.conv.weight,8.1344516275309,-6.451259836990072e-05,-0.0025613054419134484,0.003096384474107917,-1.858317672615783e-05,-0.0007796314544721966,0.0029302341373728773,0.0003275091585237533,0.00018051473307423294
natural_residual_w4_c1.0_test,quantized,3,3462,up_blocks.1.resnets.0.conv1.weight,18.98491494798683,-1.3330586276356143e-05,-0.0012495533860329261,0.0005619346061252544,1.0470752157103336e-05,0.0035279168153504624,0.00015633308126239485,0.0003275091585237533,0.00018051473307423294
natural_residual_w4_c1.0_test,quantized,3,3462,up_blocks.1.resnets.0.conv2.weight,18.845720024573723,-6.426898743717362e-06,-0.000501413264236965,0.0006801315231814775,1.2362896307114293e-05,0.0011667707728654883,0.000562240272220868,0.0003275091585237533,0.00018051473307423294
natural_residual_w4_c1.0_test,quantized,3,3462,up_blocks.1.resnets.1.conv1.weight,19.593511525010342,-1.0467294185297169e-06,-9.8916258596843e-05,0.0005400754949332927,6.249827136906488e-06,0.0024156374290324363,0.0001320456134612544,0.0003275091585237533,0.00018051473307423294
natural_residual_w4_c1.0_test,quantized,3,3462,up_blocks.1.resnets.1.conv2.weight,18.395888321338973,-1.956727293208632e-06,-0.00014494735297789125,0.0007338363995203605,6.864262760959368e-06,0.0005443578954952742,0.0006854702471524136,0.0003275091585237533,0.00018051473307423294
natural_residual_w4_c1.0_test,quantized,3,3462,up_blocks.1.resnets.2.conv1.weight,19.094465470525225,-2.5202785725768933e-05,-0.001980305924005671,0.0006665132004819732,1.2250086560053423e-05,0.003938642719145604,0.00016288649010854237,0.0003275091585237533,0.00018051473307423294
natural_residual_w4_c1.0_test,quantized,3,3462,up_blocks.1.resnets.2.conv2.weight,16.933601032316133,1.8044549067858513e-06,0.00014371532528739973,0.0007414700750635455,3.985501739137092e-06,0.0002890645318342634,0.0008142145756380371,0.0003275091585237533,0.00018051473307423294
natural_residual_w4_c1.0_test,quantized,3,3462,up_blocks.1.upsamplers.0.conv.weight,8.934318741103949,-4.2100376428929037e-05,-0.0016889879221261713,0.0027899601022155496,1.503618909980943e-05,0.0005928119481808842,0.002838960750243673,0.0003275091585237533,0.00018051473307423294
natural_residual_w4_c1.0_test,quantized,3,3462,up_blocks.2.resnets.0.conv1.weight,12.466313892604479,-4.075892398540049e-05,-0.004600301206830227,0.0007107197501320376,1.1765577511964076e-05,0.0036459674186148233,0.0002588584867731413,0.0003275091585237533,0.00018051473307423294
natural_residual_w4_c1.0_test,quantized,3,3462,up_blocks.2.resnets.0.conv2.weight,10.342551794723212,-3.699486715210135e-05,-0.005765560019529766,0.0006204006870927602,2.7772250460909327e-05,0.004346060053922731,0.0006178565365881119,0.0003275091585237533,0.00018051473307423294
natural_residual_w4_c1.0_test,quantized,3,3462,up_blocks.2.resnets.0.conv_shortcut.weight,0.9175930026676011,-3.4935458880136e-05,-0.005943283523631336,0.0064060438970628296,1.3004164701727045e-05,0.001989924744460912,0.007121897448853554,0.0003275091585237533,0.00018051473307423294
natural_residual_w4_c1.0_test,quantized,3,3462,up_blocks.2.resnets.1.conv1.weight,8.23733250533494,-4.3967774501309814e-05,-0.007757126853563268,0.000688092767710632,7.493994111173879e-06,0.004505330821775087,0.0002019296368708831,0.0003275091585237533,0.00018051473307423294
natural_residual_w4_c1.0_test,quantized,3,3462,up_blocks.2.resnets.1.conv2.weight,11.113399066865664,-3.908053116676131e-05,-0.004842564179383277,0.000726169765890414,1.0883243168490888e-05,0.0016202097312829715,0.0006044218934813082,0.0003275091585237533,0.00018051473307423294
natural_residual_w4_c1.0_test,quantized,3,3462,up_blocks.2.resnets.2.conv1.weight,8.720978028117928,-4.952522091893867e-05,-0.008166825498680452,0.0006953571955588908,7.581172482169749e-06,0.002885089569882184,0.0003013088476576457,0.0003275091585237533,0.00018051473307423294
natural_residual_w4_c1.0_test,quantized,3,3462,up_blocks.2.resnets.2.conv2.weight,10.459127618547324,-2.859544594493351e-05,-0.004562281222935644,0.000599265615464911,1.625274569316675e-05,0.002398493087961939,0.0006478773641515432,0.0003275091585237533,0.00018051473307423294
natural_residual_w4_c1.0_test,quantized,3,3462,up_blocks.2.upsamplers.0.conv.weight,4.899019868497338,-2.5194476018137732e-05,-0.0016556844601002818,0.0031061223398955885,1.68565803144035e-05,0.0010330338560953474,0.003330778236248107,0.0003275091585237533,0.00018051473307423294
natural_residual_w4_c1.0_test,quantized,3,3462,up_blocks.3.resnets.0.conv1.weight,5.862350675607346,-2.9157688639545634e-05,-0.0066440378277988,0.0007485989333580005,4.211101295220005e-06,0.0031860358164853726,0.0002254619406708991,0.0003275091585237533,0.00018051473307423294
natural_residual_w4_c1.0_test,quantized,3,3462,up_blocks.3.resnets.0.conv2.weight,6.2662097449931045,-1.7992323879803611e-06,-0.0006908891985626648,0.0004155984600299421,3.06810489364527e-06,0.0024875481591991526,0.00019683112658739227,0.0003275091585237533,0.00018051473307423294
natural_residual_w4_c1.0_test,quantized,3,3462,up_blocks.3.resnets.0.conv_shortcut.weight,0.7303349773917085,-4.1390677173337704e-05,-0.00978923151606012,0.005789377001461825,-5.680597754160905e-07,-0.00021333293509331536,0.003645977873779419,0.0003275091585237533,0.00018051473307423294
natural_residual_w4_c1.0_test,quantized,3,3462,up_blocks.3.resnets.1.conv1.weight,4.166678713569348,-2.0552891162738963e-05,-0.005763793455183168,0.0008558043683850016,6.910371740830141e-06,0.005316257323872552,0.0003119646626674251,0.0003275091585237533,0.00018051473307423294
natural_residual_w4_c1.0_test,quantized,3,3462,up_blocks.3.resnets.1.conv2.weight,6.473165613928498,-2.330292495439458e-05,-0.006291531286589883,0.000572186171312177,6.090828224207557e-06,0.0039019370646555525,0.00024114561706504935,0.0003275091585237533,0.00018051473307423294
natural_residual_w4_c1.0_test,quantized,3,3462,up_blocks.3.resnets.2.conv1.weight,4.388402605029925,-7.11759044575864e-07,-0.00012238169082914957,0.0013252874374777507,1.0347670446388029e-05,0.005895846381383638,0.00039993550887946035,0.0003275091585237533,0.00018051473307423294
natural_residual_w4_c1.0_test,quantized,3,3462,up_blocks.3.resnets.2.conv2.weight,6.294992338505215,-1.6776340336361645e-06,-0.0010317674630576721,0.00025829749470467685,4.669641330194514e-07,0.0003537331687081176,0.00020970680995373084,0.0003275091585237533,0.00018051473307423294
natural_residual_w4_c1.0_test,quantized,3,3462,mid_block.attentions.0.to_q.weight,4.027511034612023,2.8873741489172756e-06,0.005988918772310958,0.00011970654660394015,7.705640879404739e-07,0.00439227586890281,4.355945291245156e-05,0.0003275091585237533,0.00018051473307423294
natural_residual_w4_c1.0_test,quantized,3,3462,mid_block.attentions.0.to_k.weight,4.115552152755527,7.014912484682905e-07,0.0018268946766799555,9.329978382668413e-05,1.3870898972537197e-08,0.00011819622536175376,2.8514968206205038e-05,0.0003275091585237533,0.00018051473307423294
natural_residual_w4_c1.0_test,quantized,3,3462,mid_block.attentions.0.to_v.weight,2.748564346800746,-7.642139789300857e-07,-0.0003263521892554,0.0008519665393996,3.2346418841456315e-06,0.0026283973262292053,0.0004477434902178361,0.0003275091585237533,0.00018051473307423294
natural_residual_w4_c1.0_test,quantized,3,3462,mid_block.attentions.0.to_out.0.weight,2.5832519517526955,-9.676064383211993e-06,-0.0033887993210500638,0.0011053151731887083,-6.991344795989131e-06,-0.00249589820383399,0.0010843440139208232,0.0003275091585237533,0.00018051473307423294
natural_residual_w4_c1.0_test,quantized,3,3462,mid_block.resnets.0.conv1.weight,19.062078106871937,-4.1265651842471146e-05,-0.003389696835383583,0.0006386421922855667,3.824882270207939e-06,0.0010275633789633791,0.00019527165595605736,0.0003275091585237533,0.00018051473307423294
natural_residual_w4_c1.0_test,quantized,3,3462,mid_block.resnets.0.conv2.weight,12.660895497381004,-1.1970099874400493e-05,-0.00074435774349071,0.0012701401342924046,2.0265344622394634e-05,0.0013369443869878004,0.0011972262408100937,0.0003275091585237533,0.00018051473307423294
natural_residual_w4_c1.0_test,quantized,3,3462,mid_block.resnets.1.conv1.weight,18.26880200693113,-6.4185956216657365e-06,-0.0007873058952557369,0.00044625844017429225,7.053494260519794e-06,0.00210599552572542,0.0001833313785397995,0.0003275091585237533,0.00018051473307423294
natural_residual_w4_c1.0_test,quantized,3,3462,mid_block.resnets.1.conv2.weight,12.952424828558925,-1.2476662895705967e-05,-0.0011101421039631733,0.0008676983794896282,-3.3089366817496006e-06,-0.0003092608856466764,0.0008260614989540729,0.0003275091585237533,0.00018051473307423294
natural_residual_w4_c1.0_test,quantized,3,3462,conv_out.weight,0.14184949666495017,2.3066738496574405e-05,0.01676227629105181,0.009701198662600006,1.860002073908828e-05,0.014318954541525139,0.00915744500165499,0.0003275091585237533,0.00018051473307423294
natural_residual_qat_w4_c1.0_test,quantized,0,3459,conv_in.weight,1.464411825643801,0.00019757264963755935,0.003658952363273505,0.03687286145073157,7.748141559972384e-05,0.03447341571440781,0.001534793682541606,0.02139231748878956,0.0009504336630925536
natural_residual_qat_w4_c1.0_test,quantized,0,3459,up_blocks.0.resnets.0.conv1.weight,19.296752656610682,-0.0002142000806053752,-0.0010307139590676432,0.010769542190779639,3.3774377903969625e-05,0.002648350803329771,0.000660887620026014,0.02139231748878956,0.0009504336630925536
natural_residual_qat_w4_c1.0_test,quantized,0,3459,up_blocks.0.resnets.0.conv2.weight,14.174164030516774,2.1029770901970438e-05,9.09420835639763e-05,0.01631444060448038,1.9045548368267412e-05,0.001483408372004058,0.0009058062261423118,0.02139231748878956,0.0009504336630925536
natural_residual_qat_w4_c1.0_test,quantized,0,3459,up_blocks.0.resnets.1.conv1.weight,19.541758733390967,2.857300721386848e-05,0.0001277488881165313,0.011445510677924042,5.174786857013482e-05,0.0035878802418216793,0.0007380586607976136,0.02139231748878956,0.0009504336630925536
natural_residual_qat_w4_c1.0_test,quantized,0,3459,up_blocks.0.resnets.1.conv2.weight,13.274008891749046,3.229097347786857e-05,0.00012843995792845305,0.018939952219336878,3.801651563082688e-05,0.002846806415899653,0.0010060330986915468,0.02139231748878956,0.0009504336630925536
natural_residual_qat_w4_c1.0_test,quantized,0,3459,up_blocks.0.resnets.2.conv1.weight,20.359485393890033,-0.00015905190057081877,-0.0006670872661943473,0.011710876898337812,9.200938844395987e-05,0.006377436062024843,0.000708629510441888,0.02139231748878956,0.0009504336630925536
natural_residual_qat_w4_c1.0_test,quantized,0,3459,up_blocks.0.resnets.2.conv2.weight,13.19327521688386,-0.00023670479436341388,-0.0009438436352653527,0.019008785974431508,3.329010421559488e-05,0.002667711090417444,0.0009458532019342582,0.02139231748878956,0.0009504336630925536
natural_residual_qat_w4_c1.0_test,quantized,0,3459,up_blocks.0.upsamplers.0.conv.weight,8.13411095346617,-0.0009484854343250648,-0.0020559238407388135,0.05671703917635727,0.0001430260926924667,0.006206596575310396,0.0028330332053666894,0.02139231748878956,0.0009504336630925536
natural_residual_qat_w4_c1.0_test,quantized,0,3459,up_blocks.1.resnets.0.conv1.weight,18.983958057815734,-0.00022686774858416987,-0.0008403046201676151,0.014221625695021197,6.943546839265308e-05,0.004245822352917286,0.000861455374088314,0.02139231748878956,0.0009504336630925536
natural_residual_qat_w4_c1.0_test,quantized,0,3459,up_blocks.1.resnets.0.conv2.weight,18.847475595354886,-0.0009250921332171314,-0.003232673055973418,0.015183434306518617,4.954053836097707e-05,0.0032096828497794453,0.0008189274156601366,0.02139231748878956,0.0009504336630925536
natural_residual_qat_w4_c1.0_test,quantized,0,3459,up_blocks.1.resnets.1.conv1.weight,19.595186996982502,-0.00038243206947455023,-0.001344010408270533,0.014521191718807634,8.953229755277454e-05,0.005467301568887801,0.000835713249208421,0.02139231748878956,0.0009504336630925536
natural_residual_qat_w4_c1.0_test,quantized,0,3459,up_blocks.1.resnets.1.conv2.weight,18.40002962752307,-0.0010746987022673873,-0.003792438790932543,0.015401024865367789,7.643009204694503e-05,0.0052326283235153166,0.0007938271945081078,0.02139231748878956,0.0009504336630925536
natural_residual_qat_w4_c1.0_test,quantized,0,3459,up_blocks.1.resnets.2.conv1.weight,19.093140995772607,-0.0010465885397298517,-0.003221465021575111,0.017015518009249348,6.84541339935355e-05,0.004135628468314444,0.0008669235180651439,0.02139231748878956,0.0009504336630925536
natural_residual_qat_w4_c1.0_test,quantized,0,3459,up_blocks.1.resnets.2.conv2.weight,16.944090009521464,-0.001138500595207794,-0.004408935702189469,0.015239869455684433,5.065894646286358e-05,0.004422067519568601,0.0006761024884978543,0.02139231748878956,0.0009504336630925536
natural_residual_qat_w4_c1.0_test,quantized,0,3459,up_blocks.1.upsamplers.0.conv.weight,8.937850426829069,-0.001775183646693756,-0.0038959772894539366,0.05097929077730321,7.254558057072338e-05,0.0043162049054184,0.0018805107659432255,0.02139231748878956,0.0009504336630925536
natural_residual_qat_w4_c1.0_test,quantized,0,3459,up_blocks.2.resnets.0.conv1.weight,12.468032382096055,-0.0014301611195246223,-0.007236001850311847,0.01585215741454343,4.948704125935442e-05,0.005079842384147076,0.0007813458863584337,0.02139231748878956,0.0009504336630925536
natural_residual_qat_w4_c1.0_test,quantized,0,3459,up_blocks.2.resnets.0.conv2.weight,10.343436343776363,-0.0013202910566674556,-0.009269861064649883,0.013769926128535658,3.794508352276854e-05,0.007556128125723094,0.0004855023692875675,0.02139231748878956,0.0009504336630925536
natural_residual_qat_w4_c1.0_test,quantized,0,3459,up_blocks.2.resnets.0.conv_shortcut.weight,0.9170267829018047,-0.0008021372375607472,-0.006236179287487476,0.14026459613635103,6.319263249568354e-05,0.015657033778399707,0.00440123886384184,0.02139231748878956,0.0009504336630925536
natural_residual_qat_w4_c1.0_test,quantized,0,3459,up_blocks.2.resnets.1.conv1.weight,8.236172159220013,-0.0015980487975144082,-0.01134675326790463,0.017099877897042627,3.323648578507088e-05,0.005083652532213385,0.0007938049872395166,0.02139231748878956,0.0009504336630925536
natural_residual_qat_w4_c1.0_test,quantized,0,3459,up_blocks.2.resnets.1.conv2.weight,11.118878833140805,-0.0018526245390654966,-0.011063647572152167,0.015060107836512574,4.216875156433805e-05,0.010347965501859352,0.00036650067078515585,0.02139231748878956,0.0009504336630925536
natural_residual_qat_w4_c1.0_test,quantized,0,3459,up_blocks.2.resnets.2.conv1.weight,8.721613569280718,-0.001954650811913855,-0.012255938596691062,0.018286296927120024,3.441084268640933e-05,0.0066805935174364525,0.0005905863703448545,0.02139231748878956,0.0009504336630925536
natural_residual_qat_w4_c1.0_test,quantized,0,3459,up_blocks.2.resnets.2.conv2.weight,10.470055397955463,-0.0015993481844760742,-0.011529700319464303,0.013248784097172289,2.6399552020657866e-05,0.008762792641233,0.0002877431826176697,0.02139231748878956,0.0009504336630925536
natural_residual_qat_w4_c1.0_test,quantized,0,3459,up_blocks.2.upsamplers.0.conv.weight,4.901389929073161,-0.0020579914734740034,-0.0062757282298060236,0.06690524860507299,3.637683919718359e-05,0.006319726176465762,0.0011743767504667447,0.02139231748878956,0.0009504336630925536
natural_residual_qat_w4_c1.0_test,quantized,0,3459,up_blocks.3.resnets.0.conv1.weight,5.863503272135061,-0.0017259706627061582,-0.0161083982396653,0.018273590135168404,9.498979499696432e-06,0.004711653566445445,0.00034383210647847553,0.02139231748878956,0.0009504336630925536
natural_residual_qat_w4_c1.0_test,quantized,0,3459,up_blocks.3.resnets.0.conv2.weight,6.270067614511709,-0.0007689353855012473,-0.011872301827740576,0.010329580721974046,5.03105710863855e-06,0.005910347779716746,0.0001357606742927456,0.02139231748878956,0.0009504336630925536
natural_residual_qat_w4_c1.0_test,quantized,0,3459,up_blocks.3.resnets.0.conv_shortcut.weight,0.7298673894018379,-0.0019511049846670445,-0.020515909481345403,0.1303004466715896,1.9384419676207343e-05,0.01559388529989556,0.0017031563127441502,0.02139231748878956,0.0009504336630925536
natural_residual_qat_w4_c1.0_test,quantized,0,3459,up_blocks.3.resnets.1.conv1.weight,4.167048508054248,-0.0015228747690137867,-0.016547884253288757,0.022084784243934435,5.033159469512481e-06,0.004390934194720172,0.0002750775870538075,0.02139231748878956,0.0009504336630925536
natural_residual_qat_w4_c1.0_test,quantized,0,3459,up_blocks.3.resnets.1.conv2.weight,6.476896898916609,-0.0007227212823709577,-0.009684830432697935,0.011521574666913564,4.734633747382074e-06,0.005678036718609031,0.00012874228374323016,0.02139231748878956,0.0009504336630925536
natural_residual_qat_w4_c1.0_test,quantized,0,3459,up_blocks.3.resnets.2.conv1.weight,4.38965075849175,-0.0009115900266119152,-0.00899781443598531,0.023079827770595706,8.597382751025245e-06,0.00520367881677579,0.00037637936882846363,0.02139231748878956,0.0009504336630925536
natural_residual_qat_w4_c1.0_test,quantized,0,3459,up_blocks.3.resnets.2.conv2.weight,6.3021452287328765,-0.0005489705817290761,-0.014732770530832018,0.005912569251792315,5.021896606425304e-06,0.0075713498102323315,0.00010524610885963667,0.02139231748878956,0.0009504336630925536
natural_residual_qat_w4_c1.0_test,quantized,0,3459,mid_block.attentions.0.to_q.weight,4.029906952675472,2.7602874291386937e-06,0.00024412617485847405,0.002805723970132764,1.3199054854143399e-06,0.0022075579380585572,0.0001483664496836516,0.02139231748878956,0.0009504336630925536
natural_residual_qat_w4_c1.0_test,quantized,0,3459,mid_block.attentions.0.to_k.weight,4.117565209027142,2.00679451513391e-05,0.0016774739298310427,0.002905404736894705,4.269792300904489e-06,0.006389721753783222,0.0001622872186681329,0.02139231748878956,0.0009504336630925536
natural_residual_qat_w4_c1.0_test,quantized,0,3459,mid_block.attentions.0.to_v.weight,2.747041922058508,-0.0001638997524811807,-0.00391574884404381,0.015236954902809144,5.608502420749456e-06,0.002139250543280039,0.0009543770198696944,0.02139231748878956,0.0009504336630925536
natural_residual_qat_w4_c1.0_test,quantized,0,3459,mid_block.attentions.0.to_out.0.weight,2.582167358889657,-3.164166197724241e-05,-0.0007107558883193038,0.017240681682645212,-5.222084136797878e-07,-0.00020352066357729403,0.0009936901110994573,0.02139231748878956,0.0009504336630925536
natural_residual_qat_w4_c1.0_test,quantized,0,3459,mid_block.resnets.0.conv1.weight,19.063989025047913,-0.0002903331165021586,-0.0011786066648286208,0.012921528921981163,5.868136608258756e-05,0.00423324212682633,0.00072713211577907,0.02139231748878956,0.0009504336630925536
natural_residual_qat_w4_c1.0_test,quantized,0,3459,mid_block.resnets.0.conv2.weight,12.667676142763325,-5.7159657161943447e-05,-0.00019016545030643426,0.023727995279816828,5.562767396200564e-05,0.00338348214594503,0.0012978666101438417,0.02139231748878956,0.0009504336630925536
natural_residual_qat_w4_c1.0_test,quantized,0,3459,mid_block.resnets.1.conv1.weight,18.275041016201666,-0.00012147548861506568,-0.0007284826942614343,0.00912454159046484,1.5754049055612083e-05,0.0014676847665986517,0.0005873555089777377,0.02139231748878956,0.0009504336630925536
natural_residual_qat_w4_c1.0_test,quantized,0,3459,mid_block.resnets.1.conv2.weight,12.960528049670726,0.00026500046504036265,0.00126071415477595,0.01621837398750869,2.29193411095385e-05,0.00204218651370309,0.0008659324766929382,0.02139231748878956,0.0009504336630925536
natural_residual_qat_w4_c1.0_test,quantized,0,3459,conv_out.weight,0.14162249196741286,-0.00040636734069515496,-0.01213240556794563,0.23650462894824875,1.5424684559244435e-05,0.025945722071459818,0.00419776669713407,0.02139231748878956,0.0009504336630925536
natural_residual_qat_w4_c1.0_test,quantized,1,3460,conv_in.weight,1.464411825643801,7.677367668407824e-05,0.0007449992503249828,0.07037092770373558,7.332793726958279e-05,0.03642343860492036,0.0013747549671166938,0.019862445071339607,0.0006353829521685839
natural_residual_qat_w4_c1.0_test,quantized,1,3460,up_blocks.0.resnets.0.conv1.weight,19.296752656610682,-2.954641429530491e-05,-0.00010182841592424395,0.01503666641816288,3.34161366491084e-05,0.005550367107580521,0.00031199691464414204,0.019862445071339607,0.0006353829521685839
natural_residual_qat_w4_c1.0_test,quantized,1,3460,up_blocks.0.resnets.0.conv2.weight,14.174164030516774,9.54067119677876e-06,2.8693843410729966e-05,0.023458095533393227,1.4171478325556054e-05,0.0021218479350673504,0.0004711980083868099,0.019862445071339607,0.0006353829521685839
natural_residual_qat_w4_c1.0_test,quantized,1,3460,up_blocks.0.resnets.1.conv1.weight,19.541758733390967,-0.0004771538539811447,-0.0014159172547113042,0.017244750475456313,2.854789693579193e-05,0.004572238965816786,0.0003195078645454175,0.019862445071339607,0.0006353829521685839
natural_residual_qat_w4_c1.0_test,quantized,1,3460,up_blocks.0.resnets.1.conv2.weight,13.274008891749046,-0.000248837274139853,-0.0006965884397435044,0.026911448131714442,2.8033808205942703e-05,0.0040874282191466415,0.0005166897600563914,0.019862445071339607,0.0006353829521685839
natural_residual_qat_w4_c1.0_test,quantized,1,3460,up_blocks.0.resnets.2.conv1.weight,20.359485393890033,-0.0005308586866429963,-0.0014846199841124059,0.017562924303105715,6.055073439455762e-05,0.008541171799414386,0.0003482051265359817,0.019862445071339607,0.0006353829521685839
natural_residual_qat_w4_c1.0_test,quantized,1,3460,up_blocks.0.resnets.2.conv2.weight,13.19327521688386,-8.917607321933132e-05,-0.0002469611240096603,0.02736951675966693,3.0036673414683203e-05,0.004384955398628102,0.0005191992185515762,0.019862445071339607,0.0006353829521685839
natural_residual_qat_w4_c1.0_test,quantized,1,3460,up_blocks.0.upsamplers.0.conv.weight,8.13411095346617,-0.0007174253856591243,-0.0009283907975780834,0.095002672119763,7.819080437428336e-05,0.006425955465021412,0.0014959183081168766,0.019862445071339607,0.0006353829521685839
natural_residual_qat_w4_c1.0_test,quantized,1,3460,up_blocks.1.resnets.0.conv1.weight,18.983958057815734,-0.0001629898158301652,-0.00047846164202598306,0.017944302296818815,3.4642746995399766e-05,0.0059974820348269765,0.0003042682247699173,0.019862445071339607,0.0006353829521685839
natural_residual_qat_w4_c1.0_test,quantized,1,3460,up_blocks.1.resnets.0.conv2.weight,18.847475595354886,-0.0010721260657532172,-0.0026629129037993578,0.02136169465788885,4.385479787374878e-05,0.006475087375359345,0.00035935053093274637,0.019862445071339607,0.0006353829521685839
natural_residual_qat_w4_c1.0_test,quantized,1,3460,up_blocks.1.resnets.1.conv1.weight,19.595186996982502,-0.0008899899125619112,-0.0023914381768224123,0.018992254177358947,4.5684527764293515e-05,0.008204920371585767,0.00028414849302153323,0.019862445071339607,0.0006353829521685839
natural_residual_qat_w4_c1.0_test,quantized,1,3460,up_blocks.1.resnets.1.conv2.weight,18.40002962752307,-0.001393357173667682,-0.0034948266335604584,0.021667973653188295,3.978414798970416e-05,0.006270044879190262,0.00034484258344257267,0.019862445071339607,0.0006353829521685839
natural_residual_qat_w4_c1.0_test,quantized,1,3460,up_blocks.1.resnets.2.conv1.weight,19.093140995772607,-0.0017368815124856117,-0.004256196511176522,0.02137327833678321,4.7764435509723444e-05,0.007773523015627077,0.00032181729574438163,0.019862445071339607,0.0006353829521685839
natural_residual_qat_w4_c1.0_test,quantized,1,3460,up_blocks.1.resnets.2.conv2.weight,16.944090009521464,-0.0014363928393984742,-0.003899731512001674,0.021738034506599887,2.3673921811895664e-05,0.004229606086151862,0.00033033305725565615,0.019862445071339607,0.0006353829521685839
natural_residual_qat_w4_c1.0_test,quantized,1,3460,up_blocks.1.upsamplers.0.conv.weight,8.937850426829069,-0.002091283600940607,-0.0027060536589764163,0.08646561708220647,6.487369202170878e-05,0.0061832319895987,0.0011738699656701612,0.019862445071339607,0.0006353829521685839
natural_residual_qat_w4_c1.0_test,quantized,1,3460,up_blocks.2.resnets.0.conv1.weight,12.468032382096055,-0.0019318866131974425,-0.0060711103142367245,0.02552205188958134,2.700196754068431e-05,0.0075658829225048185,0.0002862449758673559,0.019862445071339607,0.0006353829521685839
natural_residual_qat_w4_c1.0_test,quantized,1,3460,up_blocks.2.resnets.0.conv2.weight,10.343436343776363,-0.0017263711365288563,-0.008457922298145416,0.019733568579491892,2.4684332170517295e-05,0.010621379795184729,0.0002246857851696331,0.019862445071339607,0.0006353829521685839
natural_residual_qat_w4_c1.0_test,quantized,1,3460,up_blocks.2.resnets.0.conv_shortcut.weight,0.9170267829018047,-0.0016221941269055906,-0.007652844849768094,0.23115212804849744,1.3096163291390227e-05,0.005353614927712712,0.0026675645129371184,0.019862445071339607,0.0006353829521685839
natural_residual_qat_w4_c1.0_test,quantized,1,3460,up_blocks.2.resnets.1.conv1.weight,8.236172159220013,-0.0016608679119072582,-0.008624190278486444,0.023382521837658318,1.735095318635911e-05,0.009472248118973445,0.00022240515866997327,0.019862445071339607,0.0006353829521685839
natural_residual_qat_w4_c1.0_test,quantized,1,3460,up_blocks.2.resnets.1.conv2.weight,11.118878833140805,-0.002272373603688583,-0.009445047750927622,0.02163787364083301,3.1144552604775956e-05,0.0134279341000295,0.0002085988442072043,0.019862445071339607,0.0006353829521685839
natural_residual_qat_w4_c1.0_test,quantized,1,3460,up_blocks.2.resnets.2.conv1.weight,8.721613569280718,-0.0024037504856817948,-0.011389747758346815,0.024197942393273525,2.4430816256412384e-05,0.014350371515783939,0.00019519918155590232,0.019862445071339607,0.0006353829521685839
natural_residual_qat_w4_c1.0_test,quantized,1,3460,up_blocks.2.resnets.2.conv2.weight,10.470055397955463,-0.0019457919800414077,-0.009496706319090616,0.01956926082040232,2.5608528085722235e-05,0.012347119563808984,0.00019809338980726182,0.019862445071339607,0.0006353829521685839
natural_residual_qat_w4_c1.0_test,quantized,1,3460,up_blocks.2.upsamplers.0.conv.weight,4.901389929073161,-0.0032396593522631524,-0.005682763369321176,0.11631092789240192,3.589883858825561e-05,0.00613769654666779,0.0011933167360102428,0.019862445071339607,0.0006353829521685839
natural_residual_qat_w4_c1.0_test,quantized,1,3460,up_blocks.3.resnets.0.conv1.weight,5.863503272135061,-0.0018814582976359293,-0.013489870509254192,0.023786450723571217,1.540564728536499e-05,0.0132307041604025,0.00019858197234936395,0.019862445071339607,0.0006353829521685839
natural_residual_qat_w4_c1.0_test,quantized,1,3460,up_blocks.3.resnets.0.conv2.weight,6.270067614511709,-0.0007939616346479085,-0.009371302469520134,0.013512239600729106,8.773175618139547e-06,0.013670497630415475,0.00010235292891714026,0.019862445071339607,0.0006353829521685839
natural_residual_qat_w4_c1.0_test,quantized,1,3460,up_blocks.3.resnets.0.conv_shortcut.weight,0.7298673894018379,-0.00212955751535933,-0.015336810580008969,0.1902437335992576,1.4378004252479498e-05,0.011871833477647824,0.0016593456139293932,0.019862445071339607,0.0006353829521685839
natural_residual_qat_w4_c1.0_test,quantized,1,3460,up_blocks.3.resnets.1.conv1.weight,4.167048508054248,-0.0008621940893599854,-0.007347631401275921,0.02815977132388686,1.1207097735233158e-05,0.012563111960388873,0.00021407570018467197,0.019862445071339607,0.0006353829521685839
natural_residual_qat_w4_c1.0_test,quantized,1,3460,up_blocks.3.resnets.1.conv2.weight,6.476896898916609,-0.001143142807977924,-0.01078241125223973,0.01636882901626936,9.017139152211786e-06,0.011159997984323157,0.0001247491719840776,0.019862445071339607,0.0006353829521685839
natural_residual_qat_w4_c1.0_test,quantized,1,3460,up_blocks.3.resnets.2.conv1.weight,4.38965075849175,-0.0014479417969186568,-0.008929629829631146,0.03693921651977599,7.987389748900542e-06,0.007017924633028265,0.00025927832213884066,0.019862445071339607,0.0006353829521685839
natural_residual_qat_w4_c1.0_test,quantized,1,3460,up_blocks.3.resnets.2.conv2.weight,6.3021452287328765,-0.0006034741853023282,-0.011383592583830095,0.008411838888324972,9.87345998418087e-07,0.0015572946909499597,0.00010060282133333741,0.019862445071339607,0.0006353829521685839
natural_residual_qat_w4_c1.0_test,quantized,1,3460,mid_block.attentions.0.to_q.weight,4.029906952675472,-1.600688505853652e-05,-0.0009518022146464514,0.004173160583064346,5.536108819161507e-07,0.0017180843538063728,7.995858805737307e-05,0.019862445071339607,0.0006353829521685839
natural_residual_qat_w4_c1.0_test,quantized,1,3460,mid_block.attentions.0.to_k.weight,4.117565209027142,-1.7990030273527434e-05,-0.0007898703274003243,0.005531406926674343,9.775403627680222e-07,0.0026662913941423653,8.90402973917857e-05,0.019862445071339607,0.0006353829521685839
natural_residual_qat_w4_c1.0_test,quantized,1,3460,mid_block.attentions.0.to_v.weight,2.747041922058508,-0.0002697468225803637,-0.0032115979522984828,0.030575240247229307,-2.7855535929561302e-06,-0.0020546518938344984,0.0004935236606734602,0.019862445071339607,0.0006353829521685839
natural_residual_qat_w4_c1.0_test,quantized,1,3460,mid_block.attentions.0.to_out.0.weight,2.582167358889657,-0.00017346364025175288,-0.0018510533133901121,0.036291518637875185,1.4947375935005359e-06,0.0007929419215997229,0.0007300274518299725,0.019862445071339607,0.0006353829521685839
natural_residual_qat_w4_c1.0_test,quantized,1,3460,mid_block.resnets.0.conv1.weight,19.063989025047913,-0.0009139716118302882,-0.00206397690101681,0.023228121805630948,3.140924271649039e-05,0.0041891000629335,0.0003932990994690812,0.019862445071339607,0.0006353829521685839
natural_residual_qat_w4_c1.0_test,quantized,1,3460,mid_block.resnets.0.conv2.weight,12.667676142763325,-2.6453931394202865e-05,-5.925548383624557e-05,0.035242338844354446,2.1066236318953668e-05,0.002343953507835786,0.0007094813875185831,0.019862445071339607,0.0006353829521685839
natural_residual_qat_w4_c1.0_test,quantized,1,3460,mid_block.resnets.1.conv1.weight,18.275041016201666,0.0006075133834725441,0.0026005268385999453,0.012783098908081457,1.2208457486614308e-05,0.0024581417361294457,0.00027176624528029786,0.019862445071339607,0.0006353829521685839
natural_residual_qat_w4_c1.0_test,quantized,1,3460,mid_block.resnets.1.conv2.weight,12.960528049670726,-6.253220610367405e-05,-0.0001968727061087011,0.024507304304501508,1.4546926022336729e-05,0.002271015578457581,0.0004942292225540827,0.019862445071339607,0.0006353829521685839
natural_residual_qat_w4_c1.0_test,quantized,1,3460,conv_out.weight,0.14162249196741286,-0.0005322752941980511,-0.012494576558570399,0.3008032569709736,2.3392994630089606e-05,0.036514489320507895,0.004523643358916116,0.019862445071339607,0.0006353829521685839
natural_residual_qat_w4_c1.0_test,quantized,2,3461,conv_in.weight,1.464411825643801,0.0002977578799499113,0.003988455560639764,0.05097946562227563,5.734263793081399e-05,0.02396324461776295,0.0016340630870130331,0.022404545918107033,0.001015495858155191
natural_residual_qat_w4_c1.0_test,quantized,2,3461,up_blocks.0.resnets.0.conv1.weight,19.296752656610682,-0.00024153084416580166,-0.0008489044586196624,0.014744483184762623,4.1209498437053904e-05,0.004945814480525235,0.0004317926811602241,0.022404545918107033,0.001015495858155191
natural_residual_qat_w4_c1.0_test,quantized,2,3461,up_blocks.0.resnets.0.conv2.weight,14.174164030516774,0.00011138794664661647,0.00038665278410024976,0.02032448744593993,2.6384243652767182e-05,0.002838639321228029,0.0006557480083619679,0.022404545918107033,0.001015495858155191
natural_residual_qat_w4_c1.0_test,quantized,2,3461,up_blocks.0.resnets.1.conv1.weight,19.541758733390967,-8.74545559120127e-05,-0.0002916629921339478,0.015343960254201908,3.7946851193080734e-05,0.0044053263060022715,0.0004407923154751278,0.022404545918107033,0.001015495858155191
natural_residual_qat_w4_c1.0_test,quantized,2,3461,up_blocks.0.resnets.1.conv2.weight,13.274008891749046,-0.0003778267003870269,-0.0012593077404887336,0.02260261400780414,2.8337470344784096e-05,0.002844539180712856,0.0007504937058390597,0.022404545918107033,0.001015495858155191
natural_residual_qat_w4_c1.0_test,quantized,2,3461,up_blocks.0.resnets.2.conv1.weight,20.359485393890033,-0.0003063313679317919,-0.0008898875368231673,0.016907895279229427,5.8581871497676596e-05,0.006367746916241756,0.00045186702627007515,0.022404545918107033,0.001015495858155191
natural_residual_qat_w4_c1.0_test,quantized,2,3461,up_blocks.0.resnets.2.conv2.weight,13.19327521688386,-0.00029213654987699867,-0.0009450222982110177,0.023431021248596723,3.5257431058327804e-05,0.0034277370906866454,0.0007796335850460091,0.022404545918107033,0.001015495858155191
natural_residual_qat_w4_c1.0_test,quantized,2,3461,up_blocks.0.upsamplers.0.conv.weight,8.13411095346617,-0.0011885563699147329,-0.001754595330223097,0.08327846711879619,9.917726667808066e-05,0.005285080814616963,0.0023070149578702796,0.022404545918107033,0.001015495858155191
natural_residual_qat_w4_c1.0_test,quantized,2,3461,up_blocks.1.resnets.0.conv1.weight,18.983958057815734,-0.0005155468997566136,-0.0014552555508451257,0.018661310943716255,5.931729109269162e-05,0.008895894248169969,0.0003512407794236003,0.022404545918107033,0.001015495858155191
natural_residual_qat_w4_c1.0_test,quantized,2,3461,up_blocks.1.resnets.0.conv2.weight,18.847475595354886,-0.0011066223907209877,-0.0029562586369508035,0.019861124630982007,6.53092166517905e-05,0.0075241279669521184,0.00046053761952261394,0.022404545918107033,0.001015495858155191
natural_residual_qat_w4_c1.0_test,quantized,2,3461,up_blocks.1.resnets.1.conv1.weight,19.595186996982502,-0.0005831416624595596,-0.001500085078595045,0.01983849704781558,6.384134334936104e-05,0.009706535912010018,0.0003356513040995272,0.022404545918107033,0.001015495858155191
natural_residual_qat_w4_c1.0_test,quantized,2,3461,up_blocks.1.resnets.1.conv2.weight,18.40002962752307,-0.0012825107813113274,-0.003385645487464167,0.020587377184816354,6.35041218797422e-05,0.007042445034419908,0.0004900720413995908,0.022404545918107033,0.001015495858155191
natural_residual_qat_w4_c1.0_test,quantized,2,3461,up_blocks.1.resnets.2.conv1.weight,19.093140995772607,-0.0017103116742842837,-0.003707977272170622,0.024157991102597233,7.86103117878115e-05,0.01094934006533934,0.00037602281367336973,0.022404545918107033,0.001015495858155191
natural_residual_qat_w4_c1.0_test,quantized,2,3461,up_blocks.1.resnets.2.conv2.weight,16.944090009521464,-0.0016035270241418656,-0.0050072396920776314,0.018899906360723466,5.45898441894844e-05,0.006331441235947099,0.0005088514595227429,0.022404545918107033,0.001015495858155191
natural_residual_qat_w4_c1.0_test,quantized,2,3461,up_blocks.1.upsamplers.0.conv.weight,8.937850426829069,-0.002216097486560948,-0.0032999204964138497,0.075136731995774,7.786042489509658e-05,0.004292235352338402,0.0020295518905235274,0.022404545918107033,0.001015495858155191
natural_residual_qat_w4_c1.0_test,quantized,2,3461,up_blocks.2.resnets.0.conv1.weight,12.468032382096055,-0.001581173703879565,-0.00530774405133006,0.02389305535499859,5.268854871505204e-05,0.011208652165103325,0.0003770204632146395,0.022404545918107033,0.001015495858155191
natural_residual_qat_w4_c1.0_test,quantized,2,3461,up_blocks.2.resnets.0.conv2.weight,10.343436343776363,-0.001975032388041302,-0.010528264176702183,0.018136463328241693,4.7319823342403884e-05,0.012063797552564209,0.00037922261448942546,0.022404545918107033,0.001015495858155191
natural_residual_qat_w4_c1.0_test,quantized,2,3461,up_blocks.2.resnets.0.conv_shortcut.weight,0.9170267829018047,-0.001730315704845038,-0.009799500947405339,0.1925481589126781,3.615929705216058e-05,0.008313094428621378,0.004743241590558589,0.022404545918107033,0.001015495858155191
natural_residual_qat_w4_c1.0_test,quantized,2,3461,up_blocks.2.resnets.1.conv1.weight,8.236172159220013,-0.002268200180412892,-0.010689799577906726,0.025762404915910347,3.9693347901696574e-05,0.015005030926599338,0.0003211851221138588,0.022404545918107033,0.001015495858155191
natural_residual_qat_w4_c1.0_test,quantized,2,3461,up_blocks.2.resnets.1.conv2.weight,11.118878833140805,-0.0026048425173233014,-0.011369073358061008,0.02060608114376818,5.5220282264787454e-05,0.012778138652489992,0.0003886601629638212,0.022404545918107033,0.001015495858155191
natural_residual_qat_w4_c1.0_test,quantized,2,3461,up_blocks.2.resnets.2.conv1.weight,8.721613569280718,-0.0025262622584114706,-0.011600490169051115,0.02496923594229981,4.757455636970295e-05,0.018137119262038186,0.00030075274376027125,0.022404545918107033,0.001015495858155191
natural_residual_qat_w4_c1.0_test,quantized,2,3461,up_blocks.2.resnets.2.conv2.weight,10.470055397955463,-0.0021409620422157627,-0.01249095215871546,0.016370594195194713,2.898115320949541e-05,0.00691858136415692,0.00040008256926016896,0.022404545918107033,0.001015495858155191
natural_residual_qat_w4_c1.0_test,quantized,2,3461,up_blocks.2.upsamplers.0.conv.weight,4.901389929073161,-0.002509152680697511,-0.006403715909794157,0.07994214144302053,4.467462868852665e-05,0.0035610237378495054,0.0025595689243699243,0.022404545918107033,0.001015495858155191
natural_residual_qat_w4_c1.0_test,quantized,2,3461,up_blocks.3.resnets.0.conv1.weight,5.863503272135061,-0.0014291492741989684,-0.011365670215772963,0.02144496643128912,1.982714351520248e-05,0.008497221452111457,0.00039794773893106846,0.022404545918107033,0.001015495858155191
natural_residual_qat_w4_c1.0_test,quantized,2,3461,up_blocks.3.resnets.0.conv2.weight,6.270067614511709,-0.0009226336531607429,-0.013179372372824287,0.011165092836543338,1.1693240054043786e-05,0.007306010911897011,0.00025525974136361744,0.022404545918107033,0.001015495858155191
natural_residual_qat_w4_c1.0_test,quantized,2,3461,up_blocks.3.resnets.0.conv_shortcut.weight,0.7298673894018379,-0.0012657834105322967,-0.011750792524043544,0.14758705998794125,4.1570853940305644e-05,0.013050799327800277,0.004364232450015518,0.022404545918107033,0.001015495858155191
natural_residual_qat_w4_c1.0_test,quantized,2,3461,up_blocks.3.resnets.1.conv1.weight,4.167048508054248,-0.0011089628495555414,-0.011611074632658298,0.02292007449336283,6.8690828720023706e-06,0.003978225865146156,0.00041436280391186984,0.022404545918107033,0.001015495858155191
natural_residual_qat_w4_c1.0_test,quantized,2,3461,up_blocks.3.resnets.1.conv2.weight,6.476896898916609,-0.0009859479758828737,-0.011825898551395113,0.012872202603741088,6.564864110801709e-06,0.0032743341632689247,0.0003095535276463522,0.022404545918107033,0.001015495858155191
natural_residual_qat_w4_c1.0_test,quantized,2,3461,up_blocks.3.resnets.2.conv1.weight,4.38965075849175,-0.000833145401660668,-0.0073067209749028165,0.025975762783539302,1.1007972942029297e-05,0.0031090824978105345,0.0008065757086153403,0.022404545918107033,0.001015495858155191
natural_residual_qat_w4_c1.0_test,quantized,2,3461,up_blocks.3.resnets.2.conv2.weight,6.3021452287328765,-0.0004595256796189646,-0.011131788350633599,0.006550228323053761,9.438029789119237e-06,0.0062195718299866715,0.00024078667460505866,0.022404545918107033,0.001015495858155191
natural_residual_qat_w4_c1.0_test,quantized,2,3461,mid_block.attentions.0.to_q.weight,4.029906952675472,-2.2140841682957338e-05,-0.001448476745093859,0.0037930413803193294,3.2901472578137283e-06,0.004805530214055013,0.0001698943770173971,0.022404545918107033,0.001015495858155191
natural_residual_qat_w4_c1.0_test,quantized,2,3461,mid_block.attentions.0.to_k.weight,4.117565209027142,-1.0199991557177977e-05,-0.0006303038576961266,0.003930152128380094,3.4798702636759536e-06,0.005852208021465679,0.0001444118435203943,0.022404545918107033,0.001015495858155191
natural_residual_qat_w4_c1.0_test,quantized,2,3461,mid_block.attentions.0.to_v.weight,2.747041922058508,0.00023255953800369565,0.003298060467782296,0.025669077131720345,2.291333542181931e-06,0.0009343058157875998,0.0008927584578044443,0.022404545918107033,0.001015495858155191
natural_residual_qat_w4_c1.0_test,quantized,2,3461,mid_block.attentions.0.to_out.0.weight,2.582167358889657,-2.1915239015509542e-05,-0.0002403596184879089,0.03531021148130161,1.1568865670589345e-05,0.0036931737759672008,0.0012131280604240312,0.022404545918107033,0.001015495858155191
natural_residual_qat_w4_c1.0_test,quantized,2,3461,mid_block.resnets.0.conv1.weight,19.063989025047913,-0.0003105793950070521,-0.0009740872001735182,0.0167248034911174,5.19310115177872e-05,0.005109869298343937,0.0005330932834806183,0.022404545918107033,0.001015495858155191
natural_residual_qat_w4_c1.0_test,quantized,2,3461,mid_block.resnets.0.conv2.weight,12.667676142763325,0.0002960878991924893,0.0007259762857901037,0.03219595206884416,4.879608962766148e-05,0.0035304057326264043,0.001091097219077048,0.022404545918107033,0.001015495858155191
natural_residual_qat_w4_c1.0_test,quantized,2,3461,mid_block.resnets.1.conv1.weight,18.275041016201666,5.004830184478534e-05,0.0002156652321090208,0.012698453963486244,3.338873606352663e-05,0.004657189216383455,0.00039229948276651815,0.022404545918107033,0.001015495858155191
natural_residual_qat_w4_c1.0_test,quantized,2,3461,mid_block.resnets.1.conv2.weight,12.960528049670726,0.00017444993085715752,0.0006511462946588114,0.020671382909891154,1.9735041515545467e-05,0.0021490760952416975,0.0007085386648270361,0.022404545918107033,0.001015495858155191
natural_residual_qat_w4_c1.0_test,quantized,2,3461,conv_out.weight,0.14162249196741286,-0.0013123454486849838,-0.030633178874104834,0.30249894940452293,4.335526718062647e-06,0.004071638339637671,0.007518659892464568,0.022404545918107033,0.001015495858155191
natural_residual_qat_w4_c1.0_test,quantized,3,3462,conv_in.weight,1.464411825643801,3.676007853664335e-06,0.0013488912863359463,0.0018609566392193428,8.366766835210984e-06,0.013288236509581096,0.0004299590450916511,0.0002957709657493979,0.00011871918104588985
natural_residual_qat_w4_c1.0_test,quantized,3,3462,up_blocks.0.resnets.0.conv1.weight,19.296752656610682,-2.6185487432859118e-05,-0.0029993133308478513,0.0004524333335586633,3.562526986445242e-06,0.0032293743728849605,5.716833425776854e-05,0.0002957709657493979,0.00011871918104588985
natural_residual_qat_w4_c1.0_test,quantized,3,3462,up_blocks.0.resnets.0.conv2.weight,14.174164030516774,7.881589099880811e-06,0.0006228099882889254,0.0008928135365538663,3.4880904217668193e-06,0.0010756936824497874,0.0002287713643676749,0.0002957709657493979,0.00011871918104588985
natural_residual_qat_w4_c1.0_test,quantized,3,3462,up_blocks.0.resnets.1.conv1.weight,19.541758733390967,-5.951071247541134e-06,-0.000738251575217802,0.0004125030085441813,2.7623096834943427e-06,0.0029224313009158093,4.836869921490048e-05,0.0002957709657493979,0.00011871918104588985
natural_residual_qat_w4_c1.0_test,quantized,3,3462,up_blocks.0.resnets.1.conv2.weight,13.274008891749046,-1.506822231143252e-05,-0.0011285080128166686,0.0010059010644352664,2.64088665678191e-06,0.0007751941970583721,0.0002566475631639392,0.0002957709657493979,0.00011871918104588985
natural_residual_qat_w4_c1.0_test,quantized,3,3462,up_blocks.0.resnets.2.conv1.weight,20.359485393890033,-2.2675518828579825e-05,-0.0021713356097093984,0.0005129363550424594,4.624889560879764e-06,0.004225613854842455,5.375820537932334e-05,0.0002957709657493979,0.00011871918104588985
natural_residual_qat_w4_c1.0_test,quantized,3,3462,up_blocks.0.resnets.2.conv2.weight,13.19327521688386,-7.339393452425743e-06,-0.0005217269665356855,0.0010662628137589301,1.8941153774486653e-06,0.0005058566804451204,0.0002838091010555321,0.0002957709657493979,0.00011871918104588985
natural_residual_qat_w4_c1.0_test,quantized,3,3462,up_blocks.0.upsamplers.0.conv.weight,8.13411095346617,-3.1167289706784734e-05,-0.0012560501808559397,0.003050576745922601,1.8032122894741095e-05,0.002835805316253351,0.0007817364353340244,0.0002957709657493979,0.00011871918104588985
natural_residual_qat_w4_c1.0_test,quantized,3,3462,up_blocks.1.resnets.0.conv1.weight,18.983958057815734,-1.417315607405893e-05,-0.0013271404166804665,0.0005625523309235157,4.995545058660531e-06,0.005104659529079098,5.15500788693924e-05,0.0002957709657493979,0.00011871918104588985
natural_residual_qat_w4_c1.0_test,quantized,3,3462,up_blocks.1.resnets.0.conv2.weight,18.847475595354886,-5.874133901070201e-06,-0.00045869111263539895,0.0006794700631699666,5.258027936763223e-06,0.002011396224204792,0.000138698597342723,0.0002957709657493979,0.00011871918104588985
natural_residual_qat_w4_c1.0_test,quantized,3,3462,up_blocks.1.resnets.1.conv1.weight,19.595186996982502,-7.822872612175203e-06,-0.0007556430045000128,0.0005283238054832641,4.635509650840087e-06,0.005126752796206153,4.61429865528794e-05,0.0002957709657493979,0.00011871918104588985
natural_residual_qat_w4_c1.0_test,quantized,3,3462,up_blocks.1.resnets.1.conv2.weight,18.40002962752307,-2.847953833345113e-06,-0.00020575688839246387,0.0007522462631622656,6.1523345103973935e-06,0.001971918283458229,0.0001695635515996355,0.0002957709657493979,0.00011871918104588985
natural_residual_qat_w4_c1.0_test,quantized,3,3462,up_blocks.1.resnets.2.conv1.weight,19.093140995772607,-1.4001847759531903e-05,-0.0011208029790350893,0.0006543026737742672,6.862435085522925e-06,0.0062526338264358725,5.748279461107386e-05,0.0002957709657493979,0.00011871918104588985
natural_residual_qat_w4_c1.0_test,quantized,3,3462,up_blocks.1.resnets.2.conv2.weight,16.944090009521464,-7.11960799188169e-06,-0.0005568924012442202,0.0007545126753749038,4.993416295137618e-06,0.0015133446975909726,0.00019473394629508406,0.0002957709657493979,0.00011871918104588985
natural_residual_qat_w4_c1.0_test,quantized,3,3462,up_blocks.1.upsamplers.0.conv.weight,8.937850426829069,-4.5776092931853636e-05,-0.0018507996230332315,0.0027672362438822713,7.826798422758791e-06,0.0010793358098185974,0.0008113242931960248,0.0002957709657493979,0.00011871918104588985
natural_residual_qat_w4_c1.0_test,quantized,3,3462,up_blocks.2.resnets.0.conv1.weight,12.468032382096055,-3.7295001883217196e-05,-0.00423652186190637,0.0007060626851763562,3.7976423991275323e-06,0.004212720122565681,7.230253738989353e-05,0.0002957709657493979,0.00011871918104588985
natural_residual_qat_w4_c1.0_test,quantized,3,3462,up_blocks.2.resnets.0.conv2.weight,10.343436343776363,-3.655031627925138e-05,-0.005841776823696657,0.0006048968625752025,3.405706945580598e-07,0.00023345979128479763,0.00014103611492427933,0.0002957709657493979,0.00011871918104588985
natural_residual_qat_w4_c1.0_test,quantized,3,3462,up_blocks.2.resnets.0.conv_shortcut.weight,0.9170267829018047,-3.7666667661729704e-05,-0.006668657278196311,0.00615937692861818,1.574950069412533e-05,0.008600872733757143,0.001996835313515915,0.0002957709657493979,0.00011871918104588985
natural_residual_qat_w4_c1.0_test,quantized,3,3462,up_blocks.2.resnets.1.conv1.weight,8.236172159220013,-4.344795866494457e-05,-0.007748025193701175,0.0006808523430764285,4.409281289725222e-06,0.008862341636520964,6.040792272882566e-05,0.0002957709657493979,0.00011871918104588985
natural_residual_qat_w4_c1.0_test,quantized,3,3462,up_blocks.2.resnets.1.conv2.weight,11.118878833140805,-4.813572465764053e-05,-0.006086409528523314,0.0007112877772677958,4.396278194813454e-06,0.0026377131577716892,0.00014989826401914556,0.0002957709657493979,0.00011871918104588985
natural_residual_qat_w4_c1.0_test,quantized,3,3462,up_blocks.2.resnets.2.conv1.weight,8.721613569280718,-5.153185112405459e-05,-0.008472965551392205,0.0006973382096092869,4.854025684302429e-06,0.008789820880660786,6.331771074566899e-05,0.0002957709657493979,0.00011871918104588985
natural_residual_qat_w4_c1.0_test,quantized,3,3462,up_blocks.2.resnets.2.conv2.weight,10.470055397955463,-3.668407157694321e-05,-0.0060297006658261544,0.0005810758146030749,3.4046742160359276e-06,0.0021407602964191095,0.0001519002682062945,0.0002957709657493979,0.00011871918104588985
natural_residual_qat_w4_c1.0_test,quantized,3,3462,up_blocks.2.upsamplers.0.conv.weight,4.901389929073161,-4.618395745409008e-05,-0.0031226082839442655,0.0030175493595631653,-6.564374602317919e-06,-0.0014107327409088686,0.00094935656212801,0.0002957709657493979,0.00011871918104588985
natural_residual_qat_w4_c1.0_test,quantized,3,3462,up_blocks.3.resnets.0.conv1.weight,5.863503272135061,-2.7969006277903472e-05,-0.006535837612322321,0.0007298247904997409,7.823873579596031e-07,0.0016645306169654356,8.01627974965996e-05,0.0002957709657493979,0.00011871918104588985
natural_residual_qat_w4_c1.0_test,quantized,3,3462,up_blocks.3.resnets.0.conv2.weight,6.270067614511709,-2.6819679159997272e-06,-0.0010825177917410931,0.0003951357378935765,1.3633404550321545e-06,0.0034772899530493085,6.253039786936923e-05,0.0002957709657493979,0.00011871918104588985
natural_residual_qat_w4_c1.0_test,quantized,3,3462,up_blocks.3.resnets.0.conv_shortcut.weight,0.7298673894018379,-4.801360579302139e-05,-0.011802312648637065,0.005573823953329267,6.5217678776282945e-06,0.007040304684698772,0.0012691995896915015,0.0002957709657493979,0.00011871918104588985
natural_residual_qat_w4_c1.0_test,quantized,3,3462,up_blocks.3.resnets.1.conv1.weight,4.167048508054248,-2.4777899025678382e-05,-0.007072306813111138,0.0008407653975618755,1.8797315244984107e-06,0.004048543447694772,0.00011142136241357581,0.0002957709657493979,0.00011871918104588985
natural_residual_qat_w4_c1.0_test,quantized,3,3462,up_blocks.3.resnets.1.conv2.weight,6.476896898916609,-2.5144345167198895e-05,-0.00708457039836656,0.0005479738396959553,1.8596204366505136e-07,0.00034540491648648604,8.312445509588798e-05,0.0002957709657493979,0.00011871918104588985
natural_residual_qat_w4_c1.0_test,quantized,3,3462,up_blocks.3.resnets.2.conv1.weight,4.38965075849175,-1.4965846026032532e-05,-0.002662195107848592,0.001280652856842868,7.469043981306075e-07,0.0010908957923613355,0.0001559738459817571,0.0002957709657493979,0.00011871918104588985
natural_residual_qat_w4_c1.0_test,quantized,3,3462,up_blocks.3.resnets.2.conv2.weight,6.3021452287328765,-1.43071068025812e-06,-0.0008776460335062525,0.0002586687818163812,-1.7252829862409598e-06,-0.0039055881935936934,7.009474874790101e-05,0.0002957709657493979,0.00011871918104588985
natural_residual_qat_w4_c1.0_test,quantized,3,3462,mid_block.attentions.0.to_q.weight,4.029906952675472,2.3210508845424363e-06,0.0048937312841066385,0.00011769269952883485,-1.753929004723684e-07,-0.0030252964203677495,1.4386298189614101e-05,0.0002957709657493979,0.00011871918104588985
natural_residual_qat_w4_c1.0_test,quantized,3,3462,mid_block.attentions.0.to_k.weight,4.117565209027142,3.068183121236023e-07,0.0008157574575916644,9.13439394884287e-05,-7.782775043762743e-09,-0.0001755545017242663,1.0766685353577016e-05,0.0002957709657493979,0.00011871918104588985
natural_residual_qat_w4_c1.0_test,quantized,3,3462,mid_block.attentions.0.to_v.weight,2.747041922058508,-2.122506238518129e-06,-0.0009236544131345586,0.0008365158585297791,1.4029065240178933e-06,0.003577604147166042,0.0001427483714867893,0.0002957709657493979,0.00011871918104588985
natural_residual_qat_w4_c1.0_test,quantized,3,3462,mid_block.attentions.0.to_out.0.weight,2.582167358889657,-9.040962281723663e-06,-0.0031808409798635335,0.0011007490328909916,1.6564376880766148e-06,0.0017578919401920806,0.00036492073537624863,0.0002957709657493979,0.00011871918104588985
natural_residual_qat_w4_c1.0_test,quantized,3,3462,mid_block.resnets.0.conv1.weight,19.063989025047913,-2.9816886571954418e-05,-0.0025741310034972727,0.0006076001445312583,2.7167448924411415e-06,0.0017763907547340098,8.022257089492571e-05,0.0002957709657493979,0.00011871918104588985
natural_residual_qat_w4_c1.0_test,quantized,3,3462,mid_block.resnets.0.conv2.weight,12.667676142763325,-1.7765607621882182e-06,-0.00011284265395701559,0.0012428245465182486,4.519202296282455e-06,0.0011419784711859237,0.00031239704270858386,0.0002957709657493979,0.00011871918104588985
natural_residual_qat_w4_c1.0_test,quantized,3,3462,mid_block.resnets.1.conv1.weight,18.275041016201666,3.4292254865951872e-06,0.0004026524421654072,0.00046602299318651964,1.5740504981382941e-06,0.0014642874740177928,5.882120992209729e-05,0.0002957709657493979,0.00011871918104588985
natural_residual_qat_w4_c1.0_test,quantized,3,3462,mid_block.resnets.1.conv2.weight,12.960528049670726,-1.1335824036164697e-05,-0.0010207001596287263,0.0008569040921531993,4.098802632799528e-06,0.0014175750671745915,0.000223094181738009,0.0002957709657493979,0.00011871918104588985
natural_residual_qat_w4_c1.0_test,quantized,3,3462,conv_out.weight,0.14162249196741286,2.0100575700091142e-05,0.015458471280011887,0.009181417176247705,8.841282169397498e-06,0.021757330117454246,0.0028693096450035063,0.0002957709657493979,0.00011871918104588985
natural_full_finetune_fp32_test,fp32,0,3459,conv_in.weight,0.0347982085342563,-6.138477109950103e-05,-0.049319717607423604,0.03576705422185349,1.176499705927555e-05,0.14244937904246724,0.002373418789319427,0.021406324580311775,0.0007356117712333798
natural_full_finetune_fp32_test,fp32,0,3459,conv_in.bias,0.003989775913025095,-2.870640560929455e-06,-0.15489767446429104,0.004644996758730196,2.63414204509443e-07,0.248582491556367,0.00026559515580771746,0.021406324580311775,0.0007356117712333798
natural_full_finetune_fp32_test,fp32,0,3459,up_blocks.0.resnets.0.norm1.weight,0.005658096318554126,-1.6145255555161582e-06,-0.14301320020782984,0.0019952552509882875,1.1304539938934064e-07,0.1878913954146774,0.00010633486021604235,0.021406324580311775,0.0007356117712333798
natural_full_finetune_fp32_test,fp32,0,3459,up_blocks.0.resnets.0.norm1.bias,0.004859976627998715,-3.310493443204466e-06,-0.2838300115731426,0.002399939183322845,1.7909613794896846e-07,0.32664658736289526,0.00011281683579866265,0.021406324580311775,0.0007356117712333798
natural_full_finetune_fp32_test,fp32,0,3459,up_blocks.0.resnets.0.conv1.weight,0.42367580787056386,-0.00016111455494635787,-0.033335824153257164,0.01140748517849031,1.8337617097914127e-05,0.06641187934262334,0.0006517236238004073,0.021406324580311775,0.0007356117712333798
natural_full_finetune_fp32_test,fp32,0,3459,up_blocks.0.resnets.0.conv1.bias,0.004935796925704768,-7.684431255734963e-07,-0.18331782108297623,0.0008492777769839525,5.792128338433624e-08,0.2778576149884626,4.223364736315013e-05,0.021406324580311775,0.0007356117712333798
natural_full_finetune_fp32_test,fp32,0,3459,up_blocks.0.resnets.0.norm2.weight,0.005724468929285903,-1.3689993770455832e-06,-0.1328851808373592,0.0017996642777828955,1.7292603424875093e-07,0.2622649371819186,0.00011518208790264123,0.021406324580311775,0.0007356117712333798
natural_full_finetune_fp32_test,fp32,0,3459,up_blocks.0.resnets.0.norm2.bias,0.005016798049271812,-5.502843673146475e-06,-0.2194383988412632,0.004998594773553478,5.274738638878634e-07,0.402626009053032,0.00026113945911473605,0.021406324580311775,0.0007356117712333798
natural_full_finetune_fp32_test,fp32,0,3459,up_blocks.0.resnets.0.conv2.weight,0.4353317408227901,-0.0001992410043365866,-0.02733500728418002,0.016743228136518525,2.558857211227872e-05,0.0548876908935715,0.001070904536023958,0.021406324580311775,0.0007356117712333798
natural_full_finetune_fp32_test,fp32,0,3459,up_blocks.0.resnets.0.conv2.bias,0.004603175530251528,-3.23204212555267e-06,-0.1682924009815413,0.0041721025063512435,2.56244833852309e-07,0.23891119131080799,0.00023300277241306954,0.021406324580311775,0.0007356117712333798
natural_full_finetune_fp32_test,fp32,0,3459,up_blocks.0.resnets.1.norm1.weight,0.004930625446843017,-2.1191602894899885e-06,-0.14216847755238943,0.003023141546520619,1.7490132170886052e-07,0.22636678473293148,0.00015670338444954659,0.021406324580311775,0.0007356117712333798
natural_full_finetune_fp32_test,fp32,0,3459,up_blocks.0.resnets.1.norm1.bias,0.004358154391706332,-4.119176126023168e-06,-0.23647329482844073,0.003996921766825125,3.175104378449018e-07,0.3954374432704175,0.0001842373192961106,0.021406324580311775,0.0007356117712333798
natural_full_finetune_fp32_test,fp32,0,3459,up_blocks.0.resnets.1.conv1.weight,0.41881731783078974,-0.00023071882509766704,-0.04342525949645692,0.012685745019776578,2.2401823467720632e-05,0.07640302048605398,0.0007000808711288959,0.021406324580311775,0.0007356117712333798
natural_full_finetune_fp32_test,fp32,0,3459,up_blocks.0.resnets.1.conv1.bias,0.00445257567436745,-9.528793588491908e-07,-0.17496166299684388,0.0012231612444810838,6.970066051312702e-08,0.273560711628201,5.7223162982729774e-05,0.021406324580311775,0.0007356117712333798
natural_full_finetune_fp32_test,fp32,0,3459,up_blocks.0.resnets.1.norm2.weight,0.005507177679112575,-1.553700163796492e-06,-0.08438402046615477,0.0033433197177009494,1.4995978929498958e-07,0.21549578890380824,0.00012635922257848918,0.021406324580311775,0.0007356117712333798
natural_full_finetune_fp32_test,fp32,0,3459,up_blocks.0.resnets.1.norm2.bias,0.0045494870600307465,-8.079808579925917e-06,-0.27237200794386346,0.00652042892579521,6.49258122298829e-07,0.4691158710986001,0.0003042109421212413,0.021406324580311775,0.0007356117712333798
natural_full_finetune_fp32_test,fp32,0,3459,up_blocks.0.resnets.1.conv2.weight,0.4386909176824125,-0.00024693489455783024,-0.029028905537665222,0.019390685359782642,3.218331773209012e-05,0.05875827385325883,0.0012485419551444598,0.021406324580311775,0.0007356117712333798
natural_full_finetune_fp32_test,fp32,0,3459,up_blocks.0.resnets.1.conv2.bias,0.004816236892925682,-3.973245890340428e-06,-0.21659176354414122,0.003808865748404986,2.6786029935622626e-07,0.25921058174824935,0.00021455951706325846,0.021406324580311775,0.0007356117712333798
natural_full_finetune_fp32_test,fp32,0,3459,up_blocks.0.resnets.2.norm1.weight,0.005556045852844002,-4.346581455406351e-06,-0.29050037271705315,0.0026929935151382175,2.644447406988988e-07,0.30842632533222786,0.0001543183863224655,0.021406324580311775,0.0007356117712333798
natural_full_finetune_fp32_test,fp32,0,3459,up_blocks.0.resnets.2.norm1.bias,0.004836428614101407,-5.496953422906672e-06,-0.34596877562485645,0.0032851890797652816,3.8609349307583984e-07,0.44467414008537226,0.00017952536838623063,0.021406324580311775,0.0007356117712333798
natural_full_finetune_fp32_test,fp32,0,3459,up_blocks.0.resnets.2.conv1.weight,0.4214821905551272,-0.0002906519653662811,-0.05485888646656815,0.012570340662782573,2.916698961113979e-05,0.09423958705065753,0.0007343092584861156,0.021406324580311775,0.0007356117712333798
natural_full_finetune_fp32_test,fp32,0,3459,up_blocks.0.resnets.2.conv1.bias,0.004407709812971976,-1.2211956620603642e-06,-0.29087089032393154,0.0009525153830042506,8.081730383629372e-08,0.34569690933394265,5.3039065853818965e-05,0.021406324580311775,0.0007356117712333798
natural_full_finetune_fp32_test,fp32,0,3459,up_blocks.0.resnets.2.norm2.weight,0.004785999128750324,-3.627262081363323e-06,-0.19684567535438655,0.0038501747611006435,2.2344799737265553e-07,0.2490922196179563,0.0001874319782196628,0.021406324580311775,0.0007356117712333798
natural_full_finetune_fp32_test,fp32,0,3459,up_blocks.0.resnets.2.norm2.bias,0.0041552896514013,-1.1256379640901065e-05,-0.3546912681711151,0.007637424543546854,7.796432039524363e-07,0.5194684762417391,0.00036118973357556145,0.021406324580311775,0.0007356117712333798
natural_full_finetune_fp32_test,fp32,0,3459,up_blocks.0.resnets.2.conv2.weight,0.4385080157610023,-0.0002904585981374425,-0.03463667794562356,0.01912363600869393,3.489768144077134e-05,0.06628027478554656,0.0012007006262692644,0.021406324580311775,0.0007356117712333798
natural_full_finetune_fp32_test,fp32,0,3459,up_blocks.0.resnets.2.conv2.bias,0.004459616048559098,-4.203387905590672e-06,-0.24423961459729585,0.0038590987751640706,2.562282795434676e-07,0.26704516729729005,0.00021515174255863455,0.021406324580311775,0.0007356117712333798
natural_full_finetune_fp32_test,fp32,0,3459,up_blocks.0.upsamplers.0.conv.weight,0.444385865989061,-0.001028705109782345,-0.03891569401583503,0.05948478272829865,0.00010763047847717086,0.0667808399999554,0.0036267962333031787,0.021406324580311775,0.0007356117712333798
natural_full_finetune_fp32_test,fp32,0,3459,up_blocks.0.upsamplers.0.conv.bias,0.00551269041887293,-1.5370809619376281e-06,-0.2238255242141509,0.001245728869021997,1.0746746752235401e-07,0.2956606938920557,6.593557819391444e-05,0.021406324580311775,0.0007356117712333798
natural_full_finetune_fp32_test,fp32,0,3459,up_blocks.1.resnets.0.norm1.weight,0.006058654816390247,-2.876793942651506e-06,-0.21304960806680515,0.0022287009908456357,1.856308379772053e-07,0.22038444979996114,0.00013902502044542354,0.021406324580311775,0.0007356117712333798
natural_full_finetune_fp32_test,fp32,0,3459,up_blocks.1.resnets.0.norm1.bias,0.005577758722238405,-3.4539792848881226e-06,-0.2503039140885092,0.0024739582351834973,2.276274353403004e-07,0.3304122137443228,0.0001235118960055462,0.021406324580311775,0.0007356117712333798
natural_full_finetune_fp32_test,fp32,0,3459,up_blocks.1.resnets.0.conv1.weight,0.43391040001434433,-0.00043788667918433384,-0.06898329942111238,0.014629103477598993,4.064445419059828e-05,0.09942031611993488,0.0009421631122731902,0.021406324580311775,0.0007356117712333798
natural_full_finetune_fp32_test,fp32,0,3459,up_blocks.1.resnets.0.conv1.bias,0.005797595384306528,-1.4463602362039765e-06,-0.2563397172472675,0.0009732236858674258,7.20946328565651e-08,0.2745714605799668,4.528972024178528e-05,0.021406324580311775,0.0007356117712333798
natural_full_finetune_fp32_test,fp32,0,3459,up_blocks.1.resnets.0.norm2.weight,0.006212601181144174,-4.122212662883455e-06,-0.22478539685003718,0.002951812885351281,2.9574154531416486e-07,0.3134377908377456,0.00015187542464588705,0.021406324580311775,0.0007356117712333798
natural_full_finetune_fp32_test,fp32,0,3459,up_blocks.1.resnets.0.norm2.bias,0.0057232281947315975,-4.790755301011845e-06,-0.26035491995795046,0.003215119633527528,3.554662073515612e-07,0.40669110222827215,0.00015271882971257557,0.021406324580311775,0.0007356117712333798
natural_full_finetune_fp32_test,fp32,0,3459,up_blocks.1.resnets.0.conv2.weight,0.445626379392865,-0.000602656610086152,-0.08786889717876399,0.015390894355319505,4.546674467032238e-05,0.10431691219129505,0.0009780661887511407,0.021406324580311775,0.0007356117712333798
natural_full_finetune_fp32_test,fp32,0,3459,up_blocks.1.resnets.0.conv2.bias,0.005737029428346053,-1.7858298080565132e-06,-0.24107754657618544,0.0012912080560597272,1.1363950013517523e-07,0.30245305903882524,6.549139719055563e-05,0.021406324580311775,0.0007356117712333798
natural_full_finetune_fp32_test,fp32,0,3459,up_blocks.1.resnets.1.norm1.weight,0.006283536497814621,-4.333083185512983e-06,-0.25085060920656993,0.002749018892393682,2.4037400929149925e-07,0.2620861025846088,0.00014596185452669553,0.021406324580311775,0.0007356117712333798
natural_full_finetune_fp32_test,fp32,0,3459,up_blocks.1.resnets.1.norm1.bias,0.0057796662937578515,-5.777337265384832e-06,-0.31379970502429944,0.0031854619830570126,3.6249374336561186e-07,0.4395635248905567,0.000142684272031843,0.021406324580311775,0.0007356117712333798
natural_full_finetune_fp32_test,fp32,0,3459,up_blocks.1.resnets.1.conv1.weight,0.4421144037087455,-0.0006349840481143381,-0.09485580373999787,0.015141337599974103,4.0921271496301444e-05,0.09739728306205084,0.0009503150632831518,0.021406324580311775,0.0007356117712333798
natural_full_finetune_fp32_test,fp32,0,3459,up_blocks.1.resnets.1.conv1.bias,0.005959761994702572,-2.6435720058257122e-06,-0.375337789566715,0.001181788979760871,8.858351174800546e-08,0.2731202743708504,5.442144095928243e-05,0.021406324580311775,0.0007356117712333798
natural_full_finetune_fp32_test,fp32,0,3459,up_blocks.1.resnets.1.norm2.weight,0.006711438464293067,-6.280787815686982e-06,-0.34718709425305716,0.0026954726911391346,2.6459122643154186e-07,0.2704551390190714,0.00014576880339267807,0.021406324580311775,0.0007356117712333798
natural_full_finetune_fp32_test,fp32,0,3459,up_blocks.1.resnets.1.norm2.bias,0.006079854666225685,-6.062276510200276e-06,-0.3720940366678656,0.0026797225661978345,2.8723866992375207e-07,0.36583497009420174,0.00012914110312266458,0.021406324580311775,0.0007356117712333798
natural_full_finetune_fp32_test,fp32,0,3459,up_blocks.1.resnets.1.conv2.weight,0.4511435986467115,-0.0006904460318368044,-0.09666538869738987,0.015832297314445517,4.659333673659765e-05,0.10159128961542527,0.001016605699752299,0.021406324580311775,0.0007356117712333798
natural_full_finetune_fp32_test,fp32,0,3459,up_blocks.1.resnets.1.conv2.bias,0.006043726654325994,-1.938440769638401e-06,-0.2768643385284033,0.0011584590894164093,8.552381911108155e-08,0.247557274922061,5.71618898931257e-05,0.021406324580311775,0.0007356117712333798
natural_full_finetune_fp32_test,fp32,0,3459,up_blocks.1.resnets.2.norm1.weight,0.006602786709481247,-3.0186854977062813e-06,-0.12993536673183517,0.003518545920472683,1.758921907019079e-07,0.14662700164908957,0.00018167925306262816,0.021406324580311775,0.0007356117712333798
natural_full_finetune_fp32_test,fp32,0,3459,up_blocks.1.resnets.2.norm1.bias,0.00587356726434017,-5.217204136059003e-06,-0.23908687102457843,0.003715182521431353,3.195876248694301e-07,0.2876914318402911,0.00018913028619433565,0.021406324580311775,0.0007356117712333798
natural_full_finetune_fp32_test,fp32,0,3459,up_blocks.1.resnets.2.conv1.weight,0.4455448339307501,-0.0007889103026411964,-0.10126056740503131,0.017486216803098423,4.815209905964762e-05,0.10645485209237876,0.0010152157586705876,0.021406324580311775,0.0007356117712333798
natural_full_finetune_fp32_test,fp32,0,3459,up_blocks.1.resnets.2.conv1.bias,0.005811084538026654,-2.4034412205581792e-06,-0.31361923971135847,0.0013187838321613965,1.1768479899507795e-07,0.3380182915909378,5.991326316597571e-05,0.021406324580311775,0.0007356117712333798
natural_full_finetune_fp32_test,fp32,0,3459,up_blocks.1.resnets.2.norm2.weight,0.0063226523616775505,-7.0095921837894295e-06,-0.3210948808929738,0.0034527097095790006,2.416407167579085e-07,0.21045317816828307,0.0001815997820487996,0.021406324580311775,0.0007356117712333798
natural_full_finetune_fp32_test,fp32,0,3459,up_blocks.1.resnets.2.norm2.bias,0.005816604175156406,-6.23318946424961e-06,-0.3434764562115363,0.003119922770485668,2.70090235096818e-07,0.3343281598692227,0.00013888854050720886,0.021406324580311775,0.0007356117712333798
natural_full_finetune_fp32_test,fp32,0,3459,up_blocks.1.resnets.2.conv2.weight,0.4511781712181611,-0.0007439377622571125,-0.10630860039202643,0.01551029735682992,4.1023037027213506e-05,0.09734948976473644,0.0009339982227655148,0.021406324580311775,0.0007356117712333798
natural_full_finetune_fp32_test,fp32,0,3459,up_blocks.1.resnets.2.conv2.bias,0.006108233695155662,-1.733210973534424e-06,-0.263674016079356,0.0010761392001056346,7.916268898448519e-08,0.251818200535479,5.146568733519482e-05,0.021406324580311775,0.0007356117712333798
natural_full_finetune_fp32_test,fp32,0,3459,up_blocks.1.upsamplers.0.conv.weight,0.46815915590951684,-0.0017704379099561995,-0.07382960259382472,0.05122201374169343,9.863228540050896e-05,0.07917034796566363,0.0026611111894385637,0.021406324580311775,0.0007356117712333798
natural_full_finetune_fp32_test,fp32,0,3459,up_blocks.1.upsamplers.0.conv.bias,0.006631931384145934,-5.569043100949182e-07,-0.26203277908801553,0.00032046819325746306,2.194553727461534e-08,0.24312148886588725,1.3610774754324987e-05,0.021406324580311775,0.0007356117712333798
natural_full_finetune_fp32_test,fp32,0,3459,up_blocks.2.resnets.0.norm1.weight,0.007287385802547254,-6.3659460663488754e-06,-0.31523823465770306,0.002771100686320608,3.6849992609102734e-07,0.3045122697355492,0.0001660583990132859,0.021406324580311775,0.0007356117712333798
natural_full_finetune_fp32_test,fp32,0,3459,up_blocks.2.resnets.0.norm1.bias,0.006780328136875469,-4.432657675702407e-06,-0.2701924188748529,0.002419581868733963,2.082124699101297e-07,0.2667460797709448,0.0001151219078227988,0.021406324580311775,0.0007356117712333798
natural_full_finetune_fp32_test,fp32,0,3459,up_blocks.2.resnets.0.conv1.weight,0.34002230324195976,-0.0008644953762220512,-0.15896115507978278,0.01599426399521881,4.2728615841375286e-05,0.13011415586383077,0.0009657992661189858,0.021406324580311775,0.0007356117712333798
natural_full_finetune_fp32_test,fp32,0,3459,up_blocks.2.resnets.0.conv1.bias,0.005069500202484579,-7.451218675309774e-07,-0.2193339954650354,0.0006701256081871121,5.175447823479252e-08,0.30679011422183855,3.327679020780843e-05,0.021406324580311775,0.0007356117712333798
natural_full_finetune_fp32_test,fp32,0,3459,up_blocks.2.resnets.0.norm2.weight,0.005267444290635934,-3.542649618775535e-06,-0.3237234301122395,0.0020775625902179017,1.6583442084053434e-07,0.29429318533046417,0.00010697801164356081,0.021406324580311775,0.0007356117712333798
natural_full_finetune_fp32_test,fp32,0,3459,up_blocks.2.resnets.0.norm2.bias,0.004983025829207006,-2.222142798234731e-06,-0.22925364019570277,0.0019451924949301232,1.5118277597595508e-07,0.3491466972558135,8.689629082660087e-05,0.021406324580311775,0.0007356117712333798
natural_full_finetune_fp32_test,fp32,0,3459,up_blocks.2.resnets.0.conv2.weight,0.26039552114616676,-0.0008799454026436599,-0.24324699620404885,0.013892318471033678,2.942329244265502e-05,0.16407636172663498,0.0006886709140668158,0.021406324580311775,0.0007356117712333798
natural_full_finetune_fp32_test,fp32,0,3459,up_blocks.2.resnets.0.conv2.bias,0.005307521312255409,-1.1812150282334873e-06,-0.34637461035948386,0.0006425266813276532,4.268136309210804e-08,0.3038407290151748,2.646674570488544e-05,0.021406324580311775,0.0007356117712333798
natural_full_finetune_fp32_test,fp32,0,3459,up_blocks.2.resnets.0.conv_shortcut.weight,0.11419741821414013,-0.002608713361562833,-0.16125362558290943,0.14166435518622458,9.502082842308586e-05,0.12575140864293255,0.006616825299260964,0.021406324580311775,0.0007356117712333798
natural_full_finetune_fp32_test,fp32,0,3459,up_blocks.2.resnets.0.conv_shortcut.bias,0.005307502142459022,-1.181226056449471e-06,-0.3463790952858848,0.0006425266813276532,4.2682546720840616e-08,0.30385025250073094,2.646674570488544e-05,0.021406324580311775,0.0007356117712333798
natural_full_finetune_fp32_test,fp32,0,3459,up_blocks.2.resnets.1.norm1.weight,0.006056443438164904,-3.554166797339129e-06,-0.30716308242726253,0.001910517951009164,2.1063195464427155e-07,0.34680132302509104,0.00010028266037189891,0.021406324580311775,0.0007356117712333798
natural_full_finetune_fp32_test,fp32,0,3459,up_blocks.2.resnets.1.norm1.bias,0.006220045495660572,-2.7112991874914226e-06,-0.2506615605404021,0.0017389862316493393,1.8195324793346804e-07,0.3590309895292485,8.1476865891682e-05,0.021406324580311775,0.0007356117712333798
natural_full_finetune_fp32_test,fp32,0,3459,up_blocks.2.resnets.1.conv1.weight,0.25289873310325683,-0.0008566720150470118,-0.20155102432313363,0.01680671813502244,2.9023752258109923e-05,0.11587977584765476,0.000990374063183624,0.021406324580311775,0.0007356117712333798
natural_full_finetune_fp32_test,fp32,0,3459,up_blocks.2.resnets.1.conv1.bias,0.00609763944751564,-3.386655996391759e-06,-0.41421515584893537,0.0013408597629708404,1.0475371843662062e-07,0.3461648027589267,4.9627774396439875e-05,0.021406324580311775,0.0007356117712333798
natural_full_finetune_fp32_test,fp32,0,3459,up_blocks.2.resnets.1.norm2.weight,0.006192525359570869,-3.9230274805587335e-06,-0.411938694448485,0.0015378747567033246,9.230862254768069e-08,0.2410537992856283,6.183872059671248e-05,0.021406324580311775,0.0007356117712333798
natural_full_finetune_fp32_test,fp32,0,3459,up_blocks.2.resnets.1.norm2.bias,0.006060552142475533,-3.3461728455799083e-06,-0.3898683856930134,0.0014161790279575745,1.0298197762401707e-07,0.32995139490949654,5.1499032102551936e-05,0.021406324580311775,0.0007356117712333798
natural_full_finetune_fp32_test,fp32,0,3459,up_blocks.2.resnets.1.conv2.weight,0.27110507307123255,-0.001009956469312637,-0.24673796379047958,0.015098334214190358,2.485640062560029e-05,0.16294690537019174,0.0005626709307042043,0.021406324580311775,0.0007356117712333798
natural_full_finetune_fp32_test,fp32,0,3459,up_blocks.2.resnets.1.conv2.bias,0.005401900783096942,-9.187740827589258e-07,-0.28221198004330905,0.0006026798712813735,3.4526574632288964e-08,0.2727862428842031,2.3430654861074544e-05,0.021406324580311775,0.0007356117712333798
natural_full_finetune_fp32_test,fp32,0,3459,up_blocks.2.resnets.2.norm1.weight,0.005561308031179485,-4.230926846418309e-06,-0.2945780413223784,0.0025826062376291055,1.4526462463403202e-07,0.23900380585315442,0.0001092894144289162,0.021406324580311775,0.0007356117712333798
natural_full_finetune_fp32_test,fp32,0,3459,up_blocks.2.resnets.2.norm1.bias,0.005226138271031933,-2.537737778357802e-06,-0.18746879021756033,0.002590221310923423,1.572753895698184e-07,0.3397334975165268,8.858118861670075e-05,0.021406324580311775,0.0007356117712333798
natural_full_finetune_fp32_test,fp32,0,3459,up_blocks.2.resnets.2.conv1.weight,0.25985779674631543,-0.0009651266631415871,-0.20272454905748485,0.018320706568017972,2.943737715112469e-05,0.1472977633608044,0.000769072367925078,0.021406324580311775,0.0007356117712333798
natural_full_finetune_fp32_test,fp32,0,3459,up_blocks.2.resnets.2.conv1.bias,0.0054945540121808505,-2.442275741290364e-06,-0.3056788500758159,0.001454108649843421,8.444599227273477e-08,0.3630538021591393,4.2332664718903456e-05,0.021406324580311775,0.0007356117712333798
natural_full_finetune_fp32_test,fp32,0,3459,up_blocks.2.resnets.2.norm2.weight,0.006214950177693926,-3.666151763579109e-06,-0.31223585707767804,0.0018892525265995776,1.2758709640008362e-07,0.15514383546568197,0.000132322768464579,0.021406324580311775,0.0007356117712333798
natural_full_finetune_fp32_test,fp32,0,3459,up_blocks.2.resnets.2.norm2.bias,0.005474360064292507,-3.2634974603720786e-06,-0.3454184364218536,0.0017258554022600275,1.1143305579892736e-07,0.3369481191957194,6.0411225358933624e-05,0.021406324580311775,0.0007356117712333798
natural_full_finetune_fp32_test,fp32,0,3459,up_blocks.2.resnets.2.conv2.weight,0.2750828024151093,-0.0008070005562584974,-0.22154993023958108,0.013241548524798261,2.3983412960853248e-05,0.17271177692127537,0.0005048072609484317,0.021406324580311775,0.0007356117712333798
natural_full_finetune_fp32_test,fp32,0,3459,up_blocks.2.resnets.2.conv2.bias,0.005240685455324985,-7.748488048898538e-07,-0.27839741449165417,0.0005310845601686441,2.310395284526204e-08,0.21095199607253054,2.0898473081977756e-05,0.021406324580311775,0.0007356117712333798
natural_full_finetune_fp32_test,fp32,0,3459,up_blocks.2.upsamplers.0.conv.weight,0.2768864943981565,-0.0025575128598622236,-0.14075627266875426,0.06562182365799388,5.801751209846263e-05,0.10522370370616944,0.0019913323287949515,0.021406324580311775,0.0007356117712333798
natural_full_finetune_fp32_test,fp32,0,3459,up_blocks.2.upsamplers.0.conv.bias,0.005956601008453138,-3.869531365155091e-07,-0.2668281962261164,0.00024346029292151964,1.2644044966310201e-08,0.2869800894015464,7.396661674984537e-06,0.021406324580311775,0.0007356117712333798
natural_full_finetune_fp32_test,fp32,0,3459,up_blocks.3.resnets.0.norm1.weight,0.0061180281416952755,-2.918892645917803e-06,-0.15050966932555704,0.0031698758301205313,1.7807636375670742e-07,0.3197853950947973,9.101986424683748e-05,0.021406324580311775,0.0007356117712333798
natural_full_finetune_fp32_test,fp32,0,3459,up_blocks.3.resnets.0.norm1.bias,0.005309555300527585,-1.9537395904497502e-06,-0.13342184612348978,0.002757919484254492,1.8453570559379465e-07,0.4563761882190703,7.61551511792478e-05,0.021406324580311775,0.0007356117712333798
natural_full_finetune_fp32_test,fp32,0,3459,up_blocks.3.resnets.0.conv1.weight,0.18838975337644334,-0.0006850161053198523,-0.20463592682971016,0.017768944130808567,1.895141232492551e-05,0.1950451052944022,0.0005157618880204767,0.021406324580311775,0.0007356117712333798
natural_full_finetune_fp32_test,fp32,0,3459,up_blocks.3.resnets.0.conv1.bias,0.004052819622752175,-9.824409165204004e-07,-0.2412304216222171,0.00100488668209506,5.33544937050994e-08,0.5028951159691678,2.6177990760068425e-05,0.021406324580311775,0.0007356117712333798
natural_full_finetune_fp32_test,fp32,0,3459,up_blocks.3.resnets.0.norm2.weight,0.0044132563805695905,-2.3299337011781934e-06,-0.3283630451573716,0.0016077929904518104,7.971685155566101e-08,0.32947465909117457,5.482377831372016e-05,0.021406324580311775,0.0007356117712333798
natural_full_finetune_fp32_test,fp32,0,3459,up_blocks.3.resnets.0.norm2.bias,0.004035514675152629,-1.94939444562086e-06,-0.27739794969015974,0.0017413960160899532,6.451783822800477e-08,0.39027495085039743,4.096473960401025e-05,0.021406324580311775,0.0007356117712333798
natural_full_finetune_fp32_test,fp32,0,3459,up_blocks.3.resnets.0.conv2.weight,0.14495629795368975,-0.0004032742922993593,-0.27530562427372957,0.01010528031131561,6.602269638892604e-06,0.20135471839735766,0.0002262009148631019,0.021406324580311775,0.0007356117712333798
natural_full_finetune_fp32_test,fp32,0,3459,up_blocks.3.resnets.0.conv2.bias,0.003808880142488006,-7.160982431492219e-07,-0.4092805890449827,0.0004593610352010826,9.421514923496948e-09,0.26500033491899505,9.334198042590039e-06,0.021406324580311775,0.0007356117712333798
natural_full_finetune_fp32_test,fp32,0,3459,up_blocks.3.resnets.0.conv_shortcut.weight,0.06082055004714385,-0.0018305476981985863,-0.2328030073084045,0.12928320800320395,3.0192130129166813e-05,0.17660138179405954,0.0028109253607894007,0.021406324580311775,0.0007356117712333798
natural_full_finetune_fp32_test,fp32,0,3459,up_blocks.3.resnets.0.conv_shortcut.bias,0.0038089197964928136,-7.161191159412999e-07,-0.4092882576594307,0.0004593610352010826,9.421962640815596e-09,0.265010168926089,9.334198042590039e-06,0.021406324580311775,0.0007356117712333798
natural_full_finetune_fp32_test,fp32,0,3459,up_blocks.3.resnets.1.norm1.weight,0.00441025672943498,-2.115606068420008e-06,-0.1881250947692953,0.002549906177324936,6.377217920929836e-08,0.24682373662303,5.8584194610155505e-05,0.021406324580311775,0.0007356117712333798
natural_full_finetune_fp32_test,fp32,0,3459,up_blocks.3.resnets.1.norm1.bias,0.0042165168265807604,-7.3666729406331925e-06,-0.26500497484517715,0.006592703195684814,2.0207068573299818e-07,0.3887878288523387,0.0001232641589401631,0.021406324580311775,0.0007356117712333798
natural_full_finetune_fp32_test,fp32,0,3459,up_blocks.3.resnets.1.conv1.weight,0.13151933485554865,-0.0006524742348871784,-0.23458911374362995,0.0211478347643173,1.1381032308456944e-05,0.1922805109295712,0.00045004587449752056,0.021406324580311775,0.0007356117712333798
natural_full_finetune_fp32_test,fp32,0,3459,up_blocks.3.resnets.1.conv1.bias,0.004400935047978456,-8.013463729668524e-06,-0.43177148604379295,0.004217172425918591,1.8681689826765794e-07,0.4962426128251733,8.554155552122035e-05,0.021406324580311775,0.0007356117712333798
natural_full_finetune_fp32_test,fp32,0,3459,up_blocks.3.resnets.1.norm2.weight,0.005288260304390694,-3.1587876174171845e-06,-0.3993088824337346,0.0014958864614592164,2.7351330235778024e-08,0.13955044632222005,3.7062473400769627e-05,0.021406324580311775,0.0007356117712333798
natural_full_finetune_fp32_test,fp32,0,3459,up_blocks.3.resnets.1.norm2.bias,0.004643204841518457,-2.3809117682681662e-06,-0.43519708924967326,0.0011782555009783016,3.8375608999190776e-08,0.2524479647439702,3.273901155606434e-05,0.021406324580311775,0.0007356117712333798
natural_full_finetune_fp32_test,fp32,0,3459,up_blocks.3.resnets.1.conv2.weight,0.1321435685848616,-0.000368514932125272,-0.24293397472114922,0.01147944266512836,4.827982018042677e-06,0.1561357897860612,0.00023400069568668523,0.021406324580311775,0.0007356117712333798
natural_full_finetune_fp32_test,fp32,0,3459,up_blocks.3.resnets.1.conv2.bias,0.0032616493679668785,-2.64007385757994e-07,-0.23382644824728616,0.00034616660743510977,3.5020357398859257e-09,0.12072365130681817,8.89387332952305e-06,0.021406324580311775,0.0007356117712333798
natural_full_finetune_fp32_test,fp32,0,3459,up_blocks.3.resnets.2.norm1.weight,0.003089198145560334,-1.974865841471713e-06,-0.1316107519289907,0.004857361902425846,2.019895657139398e-08,0.046344080499157905,0.00014108761762356758,0.021406324580311775,0.0007356117712333798
natural_full_finetune_fp32_test,fp32,0,3459,up_blocks.3.resnets.2.norm1.bias,0.0038479532350796718,-1.3798731742309418e-05,-0.2718932473714156,0.013188972557730322,-1.1616842724013826e-08,-0.011797797082929119,0.00025589240857873434,0.021406324580311775,0.0007356117712333798
natural_full_finetune_fp32_test,fp32,0,3459,up_blocks.3.resnets.2.conv1.weight,0.1364719143901808,-0.0005421620446692179,-0.17658550414926602,0.022497319555114855,5.626344696522735e-06,0.07717910087226733,0.0005341747273855985,0.021406324580311775,0.0007356117712333798
natural_full_finetune_fp32_test,fp32,0,3459,up_blocks.3.resnets.2.conv1.bias,0.004605400004263201,-6.7022596013625806e-06,-0.3455239161532089,0.004211877923452274,4.2405239601659475e-08,0.10066639382090287,9.146767780247305e-05,0.021406324580311775,0.0007356117712333798
natural_full_finetune_fp32_test,fp32,0,3459,up_blocks.3.resnets.2.norm2.weight,0.005623613066867321,-3.3906453298742513e-06,-0.3190840799231105,0.0018895648260121554,1.8493992045462512e-08,0.07593798651347099,4.330680629640978e-05,0.021406324580311775,0.0007356117712333798
natural_full_finetune_fp32_test,fp32,0,3459,up_blocks.3.resnets.2.norm2.bias,0.004146246917498919,-2.7161028386764037e-06,-0.3841832458870467,0.0017051108828522808,-9.457267928172926e-10,-0.0051386017482483014,4.438799934763405e-05,0.021406324580311775,0.0007356117712333798
natural_full_finetune_fp32_test,fp32,0,3459,up_blocks.3.resnets.2.conv2.weight,0.1326079054970963,-0.00017815841902624213,-0.2455925238145334,0.005470434122641654,3.162741549188063e-06,0.14957628210804336,0.00015945258132732078,0.021406324580311775,0.0007356117712333798
natural_full_finetune_fp32_test,fp32,0,3459,up_blocks.3.resnets.2.conv2.bias,0.0016795797807513811,-1.101867720165244e-07,-0.4411088318708988,0.00014872468892173526,2.2545110013334737e-09,0.143384134770197,9.361611646245087e-06,0.021406324580311775,0.0007356117712333798
natural_full_finetune_fp32_test,fp32,0,3459,mid_block.attentions.0.group_norm.weight,0.00577949908909458,-1.3595410855703396e-06,-0.12664820265407917,0.0018573900133366822,7.174257797254656e-08,0.11487689484998446,0.00010805729479457093,0.021406324580311775,0.0007356117712333798
natural_full_finetune_fp32_test,fp32,0,3459,mid_block.attentions.0.group_norm.bias,0.0041550942733552445,-2.6537925308446707e-06,-0.1740805061720469,0.003668900592234784,1.8824987233777328e-07,0.27392068747294945,0.0001653975132340774,0.021406324580311775,0.0007356117712333798
natural_full_finetune_fp32_test,fp32,0,3459,mid_block.attentions.0.to_q.weight,0.15896608613165936,-2.7559589605620302e-06,-0.005798995706790741,0.002989616468653859,1.6480113893641825e-06,0.06349048520628763,0.00016328529719074388,0.021406324580311775,0.0007356117712333798
natural_full_finetune_fp32_test,fp32,0,3459,mid_block.attentions.0.to_q.bias,0.008729050144650438,4.7658103686725797e-07,0.20972036153090035,0.00026033296923264797,-4.698727684466854e-08,-0.36672949272583666,1.4678019153482044e-05,0.021406324580311775,0.0007356117712333798
natural_full_finetune_fp32_test,fp32,0,3459,mid_block.attentions.0.to_k.weight,0.1493495111410334,-2.5623794457934635e-05,-0.05349014951548208,0.0032074937938970337,1.0711346807716623e-06,0.041676015529573326,0.00017208938572795936,0.021406324580311775,0.0007356117712333798
natural_full_finetune_fp32_test,fp32,0,3459,mid_block.attentions.0.to_k.bias,1.9738083925666852e-07,-7.128708693430997e-19,-0.022537617194534027,1.602499411984119e-10,7.677890445717203e-21,0.006527543778795031,5.959188545657715e-12,0.021406324580311775,0.0007356117712333798
natural_full_finetune_fp32_test,fp32,0,3459,mid_block.attentions.0.to_v.weight,0.1328529186362116,-0.00011587125329731267,-0.05747142659439027,0.015175836082384785,1.301938462940195e-05,0.10281417777676075,0.0009531611902162567,0.021406324580311775,0.0007356117712333798
natural_full_finetune_fp32_test,fp32,0,3459,mid_block.attentions.0.to_v.bias,0.004439381078682893,-1.7151356237346667e-06,-0.17434860113440465,0.002215937839141781,1.5062148329731583e-07,0.32585936913005115,0.00010412002916738234,0.021406324580311775,0.0007356117712333798
natural_full_finetune_fp32_test,fp32,0,3459,mid_block.attentions.0.to_out.0.weight,0.13353484577560687,-6.818216969160901e-05,-0.031028086546639657,0.016455883871530793,1.0797154679542797e-05,0.06954859622533281,0.0011625893636561249,0.021406324580311775,0.0007356117712333798
natural_full_finetune_fp32_test,fp32,0,3459,mid_block.attentions.0.to_out.0.bias,0.004341702267176012,-1.3530758759738194e-06,-0.07843611553106146,0.003973251309445907,2.1235046687768536e-07,0.21369605938667482,0.0002288741097862069,0.021406324580311775,0.0007356117712333798
natural_full_finetune_fp32_test,fp32,0,3459,mid_block.resnets.0.norm1.weight,0.004767805022708884,-9.635597094849762e-07,-0.1150862974508965,0.0017560485831590276,1.2696358372265542e-07,0.28975132295916367,9.190417865079046e-05,0.021406324580311775,0.0007356117712333798
natural_full_finetune_fp32_test,fp32,0,3459,mid_block.resnets.0.norm1.bias,0.004081093946270732,-2.0876883869960463e-06,-0.2606869520552047,0.0019623198127983956,1.9546416709782442e-07,0.4405734762852569,0.00010871068018438887,0.021406324580311775,0.0007356117712333798
natural_full_finetune_fp32_test,fp32,0,3459,mid_block.resnets.0.conv1.weight,0.4146981457243251,-0.0001706705982700191,-0.02992945404795312,0.013750795475685354,3.44104182027372e-05,0.10225289852489768,0.0008114882385610613,0.021406324580311775,0.0007356117712333798
natural_full_finetune_fp32_test,fp32,0,3459,mid_block.resnets.0.conv1.bias,0.0046516124147486,-2.1931078605069634e-07,-0.08663108105272428,0.0005442303240512697,2.9065115443000564e-08,0.20902885514851588,2.9892503542463258e-05,0.021406324580311775,0.0007356117712333798
natural_full_finetune_fp32_test,fp32,0,3459,mid_block.resnets.0.norm2.weight,0.0052341762484056885,-2.9649268419715362e-06,-0.16625562550302703,0.0034071345952087074,2.9658208510494904e-07,0.20055802926627017,0.00028252476234533235,0.021406324580311775,0.0007356117712333798
natural_full_finetune_fp32_test,fp32,0,3459,mid_block.resnets.0.norm2.bias,0.004688774309148013,-9.45881186180742e-06,-0.2909401413765499,0.006933836759244505,7.36365203507183e-07,0.41370270710220836,0.0003796169245678447,0.021406324580311775,0.0007356117712333798
natural_full_finetune_fp32_test,fp32,0,3459,mid_block.resnets.0.conv2.weight,0.4362671928247381,-0.0002349243947074999,-0.02227620825270923,0.024173208160175482,4.920950441274506e-05,0.07359435648804585,0.001532681529623134,0.021406324580311775,0.0007356117712333798
natural_full_finetune_fp32_test,fp32,0,3459,mid_block.resnets.0.conv2.bias,0.004280662352586072,-1.7674792288573725e-06,-0.10016488102441677,0.00412218867729232,1.7611516687847977e-07,0.17572733241777655,0.00023412428768453832,0.021406324580311775,0.0007356117712333798
natural_full_finetune_fp32_test,fp32,0,3459,mid_block.resnets.1.norm1.weight,0.005544040895857817,-2.6751814882708506e-08,-0.0037262669697735464,0.001294949578082118,4.607394243660047e-08,0.1168689196889329,7.110987588700595e-05,0.021406324580311775,0.0007356117712333798
natural_full_finetune_fp32_test,fp32,0,3459,mid_block.resnets.1.norm1.bias,0.004848188454316508,-1.9737369210861067e-07,-0.02514820653928002,0.0016188356270497634,1.244032971768479e-07,0.3010425527364947,8.523628444948382e-05,0.021406324580311775,0.0007356117712333798
natural_full_finetune_fp32_test,fp32,0,3459,mid_block.resnets.1.conv1.weight,0.42436056801701955,-0.00013429483330945055,-0.034169044136039474,0.009261715849670936,1.7713946748620037e-05,0.07209058821082792,0.0005790309041994122,0.021406324580311775,0.0007356117712333798
natural_full_finetune_fp32_test,fp32,0,3459,mid_block.resnets.1.conv1.bias,0.004820775759797964,-3.0301337682038823e-07,-0.11426482433556687,0.0005500881815520144,3.061252807666325e-08,0.23603552543029518,2.6903259011517874e-05,0.021406324580311775,0.0007356117712333798
natural_full_finetune_fp32_test,fp32,0,3459,mid_block.resnets.1.norm2.weight,0.0057639159864679166,-1.0405310244976195e-06,-0.09496114536447901,0.0019010408425679192,1.4772882498630706e-07,0.2439642633043358,0.00010505612732830435,0.021406324580311775,0.0007356117712333798
natural_full_finetune_fp32_test,fp32,0,3459,mid_block.resnets.1.norm2.bias,0.004752055663455602,-3.832916434384766e-06,-0.14065667870948897,0.005734393262479769,6.074164858109598e-07,0.44818808530897153,0.00028519686596011144,0.021406324580311775,0.0007356117712333798
natural_full_finetune_fp32_test,fp32,0,3459,mid_block.resnets.1.conv2.weight,0.4373444990341489,-7.9809362666388e-05,-0.010998681480992438,0.016591648910809966,2.6931159029617014e-05,0.0585380785698506,0.0010519447074098115,0.021406324580311775,0.0007356117712333798
natural_full_finetune_fp32_test,fp32,0,3459,mid_block.resnets.1.conv2.bias,0.004577286778390907,-2.3789467945857384e-06,-0.13213656045062397,0.003933268629900272,2.141425222212725e-07,0.21229535521504161,0.00022037092687164902,0.021406324580311775,0.0007356117712333798
natural_full_finetune_fp32_test,fp32,0,3459,conv_norm_out.weight,0.004418241761214347,-6.815021378719075e-06,-0.2530678091771931,0.006095100077997945,1.3825628552443615e-07,0.05816478777316196,0.0005379913098509659,0.021406324580311775,0.0007356117712333798
natural_full_finetune_fp32_test,fp32,0,3459,conv_norm_out.bias,0.0021650999338537823,-3.724712860857347e-06,-0.2759481184479153,0.006234295944613143,1.6409499952390037e-07,0.09343671130857419,0.0008111475411747532,0.021406324580311775,0.0007356117712333798
natural_full_finetune_fp32_test,fp32,0,3459,conv_out.weight,0.018763584251489863,-0.0012886341037245922,-0.29689098702216704,0.23132192919213146,1.568399717465938e-05,0.11412525418599993,0.007324183151914286,0.021406324580311775,0.0007356117712333798
natural_full_finetune_fp32_test,fp32,0,3459,conv_out.bias,8.94874898782942e-05,3.8661991824022815e-07,0.9577784654115891,0.00451083384350119,1.5575136452794253e-07,0.8474893321928315,0.0020536919163536495,0.021406324580311775,0.0007356117712333798
natural_full_finetune_fp32_test,fp32,1,3460,conv_in.weight,0.0347982085342563,-0.0001314474954711007,-0.044251157786170725,0.08536322048576801,1.069589946976346e-05,0.1590800880700346,0.0019321667456914345,0.028844919055700302,0.00044707616325467825
natural_full_finetune_fp32_test,fp32,1,3460,conv_in.bias,0.003989775913025095,-5.315161529572723e-06,-0.13513007437964641,0.009858615923818138,2.067404042288547e-07,0.2252676822434122,0.00023002655028073792,0.028844919055700302,0.00044707616325467825
natural_full_finetune_fp32_test,fp32,1,3460,up_blocks.0.resnets.0.norm1.weight,0.005658096318554126,-3.1239218115051276e-06,-0.13707922217052235,0.004027709948460323,1.1261908646585404e-07,0.3303672566985144,6.024828192693016e-05,0.028844919055700302,0.00044707616325467825
natural_full_finetune_fp32_test,fp32,1,3460,up_blocks.0.resnets.0.norm1.bias,0.004859976627998715,-5.0694323025343615e-06,-0.20642692866534298,0.005053110509486448,1.4705757721262024e-07,0.43284517928370253,6.990699609989581e-05,0.028844919055700302,0.00044707616325467825
natural_full_finetune_fp32_test,fp32,1,3460,up_blocks.0.resnets.0.conv1.weight,0.42367580787056386,-0.0001662195044285292,-0.022680453605086484,0.017298027403878116,1.6328614147164917e-05,0.11894397668428221,0.00032402103583668824,0.028844919055700302,0.00044707616325467825
natural_full_finetune_fp32_test,fp32,1,3460,up_blocks.0.resnets.0.conv1.bias,0.004935796925704768,-1.018934298658663e-06,-0.1333163820417497,0.0015484792106963423,4.709136794995165e-08,0.33611786735236177,2.838523041494652e-05,0.028844919055700302,0.00044707616325467825
natural_full_finetune_fp32_test,fp32,1,3460,up_blocks.0.resnets.0.norm2.weight,0.005724468929285903,-2.1280179015369717e-06,-0.11048524287402081,0.0033646182779620013,1.4526723991817953e-07,0.3447328126576798,7.361221056599181e-05,0.028844919055700302,0.00044707616325467825
natural_full_finetune_fp32_test,fp32,1,3460,up_blocks.0.resnets.0.norm2.bias,0.005016798049271812,-3.741064026226883e-06,-0.08198388505136868,0.009095781670374793,4.496710084891701e-07,0.5078712225655195,0.00017648778976154725,0.028844919055700302,0.00044707616325467825
natural_full_finetune_fp32_test,fp32,1,3460,up_blocks.0.resnets.0.conv2.weight,0.4353317408227901,-6.110447688572597e-05,-0.004906747255945797,0.028606123461780417,1.7921472298018952e-05,0.06276741354389472,0.000655872042276914,0.028844919055700302,0.00044707616325467825
natural_full_finetune_fp32_test,fp32,1,3460,up_blocks.0.resnets.0.conv2.bias,0.004603175530251528,-2.847560379681356e-06,-0.07304023232365889,0.00846941199780115,1.865799316294425e-07,0.18848087453652984,0.0002150503261149445,0.028844919055700302,0.00044707616325467825
natural_full_finetune_fp32_test,fp32,1,3460,up_blocks.0.resnets.1.norm1.weight,0.004930625446843017,-3.154955820962181e-06,-0.12121139738835593,0.005278953194515075,1.29849439272767e-07,0.3040802430976394,8.660637517390718e-05,0.028844919055700302,0.00044707616325467825
natural_full_finetune_fp32_test,fp32,1,3460,up_blocks.0.resnets.1.norm1.bias,0.004358154391706332,-4.35598596783275e-06,-0.14839529887657435,0.006735405043313476,2.2029956862582622e-07,0.451094020646791,0.00011205828327254757,0.028844919055700302,0.00044707616325467825
natural_full_finetune_fp32_test,fp32,1,3460,up_blocks.0.resnets.1.conv1.weight,0.41881731783078974,-0.00015526131556212484,-0.01834162534553003,0.02021160547925113,1.560026554698798e-05,0.11822546775310253,0.0003150622127480957,0.028844919055700302,0.00044707616325467825
natural_full_finetune_fp32_test,fp32,1,3460,up_blocks.0.resnets.1.conv1.bias,0.00445257567436745,-1.1423660719833355e-06,-0.12308265175734143,0.002084477168044383,5.0757995545522675e-08,0.35694197567177904,3.1937103876009346e-05,0.028844919055700302,0.00044707616325467825
natural_full_finetune_fp32_test,fp32,1,3460,up_blocks.0.resnets.1.norm2.weight,0.005507177679112575,-1.8788830237299805e-06,-0.06809243867065135,0.005010392697187959,1.1413341735616879e-07,0.28975012774748066,7.152536726241065e-05,0.028844919055700302,0.00044707616325467825
natural_full_finetune_fp32_test,fp32,1,3460,up_blocks.0.resnets.1.norm2.bias,0.0045494870600307465,-1.0993351388571155e-05,-0.20902389776060196,0.011560369986628613,4.4761196540055707e-07,0.5194835975045639,0.00018939452219414533,0.028844919055700302,0.00044707616325467825
natural_full_finetune_fp32_test,fp32,1,3460,up_blocks.0.resnets.1.conv2.weight,0.4386909176824125,-0.00020158566819190475,-0.01384029536641703,0.03320134296006945,2.1735505113577898e-05,0.06384203431631628,0.0007760762208655421,0.028844919055700302,0.00044707616325467825
natural_full_finetune_fp32_test,fp32,1,3460,up_blocks.0.resnets.1.conv2.bias,0.004816236892925682,-4.357695759565454e-06,-0.11467762533492297,0.00788987957444862,1.6816289093776356e-07,0.16842324406767792,0.0002073100214134957,0.028844919055700302,0.00044707616325467825
natural_full_finetune_fp32_test,fp32,1,3460,up_blocks.0.resnets.2.norm1.weight,0.005556045852844002,-4.045250316845501e-06,-0.1284515468341706,0.0056681357234604065,2.0758033237727848e-07,0.4296628328746453,8.69546065321496e-05,0.028844919055700302,0.00044707616325467825
natural_full_finetune_fp32_test,fp32,1,3460,up_blocks.0.resnets.2.norm1.bias,0.004836428614101407,-2.854905958265706e-06,-0.07930343497207931,0.007443462866893904,3.192842677033111e-07,0.562872173656751,0.00011728513135746451,0.028844919055700302,0.00044707616325467825
natural_full_finetune_fp32_test,fp32,1,3460,up_blocks.0.resnets.2.conv1.weight,0.4214821905551272,-0.00030836693996484047,-0.034285895988596465,0.021338951645817502,2.1552021657796392e-05,0.1457593064799842,0.000350810426804345,0.028844919055700302,0.00044707616325467825
natural_full_finetune_fp32_test,fp32,1,3460,up_blocks.0.resnets.2.conv1.bias,0.004407709812971976,-1.30592825414437e-06,-0.16490297155531825,0.0017967094080283796,5.773127066422263e-08,0.43500336826022334,3.010963578619646e-05,0.028844919055700302,0.00044707616325467825
natural_full_finetune_fp32_test,fp32,1,3460,up_blocks.0.resnets.2.norm2.weight,0.004785999128750324,-4.166670280713407e-06,-0.11797643479178598,0.007379403399590007,2.0707456400459425e-07,0.3809073147626475,0.00011358862114938515,0.028844919055700302,0.00044707616325467825
natural_full_finetune_fp32_test,fp32,1,3460,up_blocks.0.resnets.2.norm2.bias,0.0041552896514013,-1.4459820490291758e-05,-0.2387010884151404,0.014578310630563815,5.57479702457974e-07,0.5980618426853592,0.00022432705896540506,0.028844919055700302,0.00044707616325467825
natural_full_finetune_fp32_test,fp32,1,3460,up_blocks.0.resnets.2.conv2.weight,0.4385080157610023,-0.0003518674741623173,-0.022619691177337465,0.03547438831788209,2.6038533841000956e-05,0.06882260757893627,0.0008627954910189534,0.028844919055700302,0.00044707616325467825
natural_full_finetune_fp32_test,fp32,1,3460,up_blocks.0.resnets.2.conv2.bias,0.004459616048559098,-5.311887489219579e-06,-0.14893145671007194,0.007997697260891334,1.6710922841305908e-07,0.18064359783499856,0.00020743421391502176,0.028844919055700302,0.00044707616325467825
natural_full_finetune_fp32_test,fp32,1,3460,up_blocks.0.upsamplers.0.conv.weight,0.444385865989061,-0.0010191603132202825,-0.018610619693112253,0.1232314139932569,6.23581134981027e-05,0.06156802530266233,0.002279174127009001,0.028844919055700302,0.00044707616325467825
natural_full_finetune_fp32_test,fp32,1,3460,up_blocks.0.upsamplers.0.conv.bias,0.00551269041887293,-1.7510143063588807e-06,-0.131839725348325,0.0024092385336228097,7.372996581124827e-08,0.24668534417035318,5.42171993737686e-05,0.028844919055700302,0.00044707616325467825
natural_full_finetune_fp32_test,fp32,1,3460,up_blocks.1.resnets.0.norm1.weight,0.006058654816390247,-3.934707569976783e-06,-0.16897514092544264,0.0038433809541253043,1.1777689377366655e-07,0.28456839013581187,6.831203597839766e-05,0.028844919055700302,0.00044707616325467825
natural_full_finetune_fp32_test,fp32,1,3460,up_blocks.1.resnets.0.norm1.bias,0.005577758722238405,-5.564961279178351e-06,-0.2360693317460625,0.004226324624552627,1.3955385132836868e-07,0.35371430815980637,7.073420463466027e-05,0.028844919055700302,0.00044707616325467825
natural_full_finetune_fp32_test,fp32,1,3460,up_blocks.1.resnets.0.conv1.weight,0.43391040001434433,-0.000569028548257159,-0.05691733351745102,0.02304037006038915,2.193288685855693e-05,0.14021360488059417,0.0003605002611867249,0.028844919055700302,0.00044707616325467825
natural_full_finetune_fp32_test,fp32,1,3460,up_blocks.1.resnets.0.conv1.bias,0.005797595384306528,-1.589073543471774e-06,-0.18132081524097368,0.0015116401954231396,4.7995004852311936e-08,0.34140696969116,2.4247990574484536e-05,0.028844919055700302,0.00044707616325467825
natural_full_finetune_fp32_test,fp32,1,3460,up_blocks.1.resnets.0.norm2.weight,0.006212601181144174,-4.0006777908124916e-06,-0.14564452235880976,0.004421462488030716,1.9472419014822742e-07,0.39482588582379824,7.938543209102611e-05,0.028844919055700302,0.00044707616325467825
natural_full_finetune_fp32_test,fp32,1,3460,up_blocks.1.resnets.0.norm2.bias,0.0057232281947315975,-5.118657114806173e-06,-0.17435549355098012,0.005129550862017113,2.2734859609519075e-07,0.46484925616238115,8.54553139549865e-05,0.028844919055700302,0.00044707616325467825
natural_full_finetune_fp32_test,fp32,1,3460,up_blocks.1.resnets.0.conv2.weight,0.445626379392865,-0.0008405449926267038,-0.06700632132021522,0.0281497341813892,2.6984573993164574e-05,0.11875420688333561,0.0005099125150366963,0.028844919055700302,0.00044707616325467825
natural_full_finetune_fp32_test,fp32,1,3460,up_blocks.1.resnets.0.conv2.bias,0.005737029428346053,-2.339657758136751e-06,-0.16891663754994027,0.0024143088628267536,7.153624531188955e-08,0.23289283974772593,5.3540562273665e-05,0.028844919055700302,0.00044707616325467825
natural_full_finetune_fp32_test,fp32,1,3460,up_blocks.1.resnets.1.norm1.weight,0.006283536497814621,-4.014835230643578e-06,-0.13946151450331973,0.00458151599677216,1.416131428686854e-07,0.32294481062242947,6.978645039809255e-05,0.028844919055700302,0.00044707616325467825
natural_full_finetune_fp32_test,fp32,1,3460,up_blocks.1.resnets.1.norm1.bias,0.0057796662937578515,-7.95948675396821e-06,-0.24903465501051414,0.005529966671772011,1.981076566228429e-07,0.44881595231658267,7.637130509835747e-05,0.028844919055700302,0.00044707616325467825
natural_full_finetune_fp32_test,fp32,1,3460,up_blocks.1.resnets.1.conv1.weight,0.4421144037087455,-0.0006854859438890397,-0.06057255676273077,0.025596936095712775,2.2172846904853135e-05,0.15007141886630046,0.0003341864259433822,0.028844919055700302,0.00044707616325467825
natural_full_finetune_fp32_test,fp32,1,3460,up_blocks.1.resnets.1.conv1.bias,0.005959761994702572,-3.194778953074536e-06,-0.2733498228428114,0.001961070025007719,6.506232134665673e-08,0.40178595391482386,2.7171016602772947e-05,0.028844919055700302,0.00044707616325467825
natural_full_finetune_fp32_test,fp32,1,3460,up_blocks.1.resnets.1.norm2.weight,0.006711438464293067,-7.324517241229692e-06,-0.2511170179801389,0.004345975238539154,1.772430178086656e-07,0.3780596703999155,6.985430432984003e-05,0.028844919055700302,0.00044707616325467825
natural_full_finetune_fp32_test,fp32,1,3460,up_blocks.1.resnets.1.norm2.bias,0.006079854666225685,-6.637258716734421e-06,-0.24624884543565564,0.004433241046640056,1.7219169755654202e-07,0.419023800974147,6.75896686806917e-05,0.028844919055700302,0.00044707616325467825
natural_full_finetune_fp32_test,fp32,1,3460,up_blocks.1.resnets.1.conv2.weight,0.4511435986467115,-0.0007810620145121891,-0.05882753290785498,0.029429987815819434,2.5559022147326084e-05,0.1006440920004081,0.000562912831928477,0.028844919055700302,0.00044707616325467825
natural_full_finetune_fp32_test,fp32,1,3460,up_blocks.1.resnets.1.conv2.bias,0.006043726654325994,-1.999272452266111e-06,-0.14955879918017775,0.0022118475925699444,5.475323224480002e-08,0.18009327402089342,5.030457157993574e-05,0.028844919055700302,0.00044707616325467825
natural_full_finetune_fp32_test,fp32,1,3460,up_blocks.1.resnets.2.norm1.weight,0.006602786709481247,-4.3172750193985166e-06,-0.13861793317266688,0.004716969058364977,1.6457399822639922e-07,0.29210897630042265,8.532750541004303e-05,0.028844919055700302,0.00044707616325467825
natural_full_finetune_fp32_test,fp32,1,3460,up_blocks.1.resnets.2.norm1.bias,0.00587356726434017,-6.494345817115242e-06,-0.20166999363566304,0.005482670918179033,2.2976542932828981e-07,0.4045264933115201,9.670206953263583e-05,0.028844919055700302,0.00044707616325467825
natural_full_finetune_fp32_test,fp32,1,3460,up_blocks.1.resnets.2.conv1.weight,0.4455448339307501,-0.0010469337250676222,-0.08179593668057625,0.028727381876740905,2.590642169628645e-05,0.15123557324817619,0.0003844696491050765,0.028844919055700302,0.00044707616325467825
natural_full_finetune_fp32_test,fp32,1,3460,up_blocks.1.resnets.2.conv1.bias,0.005811084538026654,-3.0756693198372186e-06,-0.25150723256359486,0.002104417809435198,6.051691431717763e-08,0.34492822251198013,3.0191928330175108e-05,0.028844919055700302,0.00044707616325467825
natural_full_finetune_fp32_test,fp32,1,3460,up_blocks.1.resnets.2.norm2.weight,0.0063226523616775505,-9.443163875646943e-06,-0.27959685634969145,0.005341779273689728,1.4559133766849908e-07,0.2837577270197463,8.115000220462913e-05,0.028844919055700302,0.00044707616325467825
natural_full_finetune_fp32_test,fp32,1,3460,up_blocks.1.resnets.2.norm2.bias,0.005816604175156406,-7.937914460750628e-06,-0.2788224717214482,0.004894508996236003,1.473906091175997e-07,0.36662671756997006,6.911561748318757e-05,0.028844919055700302,0.00044707616325467825
natural_full_finetune_fp32_test,fp32,1,3460,up_blocks.1.resnets.2.conv2.weight,0.4511781712181611,-0.000868207064359416,-0.06770471976096706,0.02842210835920338,2.4635852664903328e-05,0.09518905827927479,0.0005736308348311572,0.028844919055700302,0.00044707616325467825
natural_full_finetune_fp32_test,fp32,1,3460,up_blocks.1.resnets.2.conv2.bias,0.006108233695155662,-1.8591942532329702e-06,-0.14446538988765179,0.002106906727699063,4.222624037174702e-08,0.14176174609745582,4.8764942600008215e-05,0.028844919055700302,0.00044707616325467825
natural_full_finetune_fp32_test,fp32,1,3460,up_blocks.1.upsamplers.0.conv.weight,0.46815915590951684,-0.0023616890476308395,-0.042929283060449984,0.11751019813172875,5.740050996730152e-05,0.06421732770453219,0.0019092816573009176,0.028844919055700302,0.00044707616325467825
natural_full_finetune_fp32_test,fp32,1,3460,up_blocks.1.upsamplers.0.conv.bias,0.006631931384145934,-7.119588082483782e-07,-0.1710225960950377,0.0006277133259190626,1.4691473613581996e-08,0.16766457062113932,1.32124706063697e-05,0.028844919055700302,0.00044707616325467825
natural_full_finetune_fp32_test,fp32,1,3460,up_blocks.2.resnets.0.norm1.weight,0.007287385802547254,-1.277866323141475e-05,-0.3095055596024447,0.005665590851379772,2.3537611675767097e-07,0.37929043851000344,8.515668301043296e-05,0.028844919055700302,0.00044707616325467825
natural_full_finetune_fp32_test,fp32,1,3460,up_blocks.2.resnets.0.norm1.bias,0.006780328136875469,-1.035247019277017e-05,-0.27931960900554853,0.005466279713093321,1.5337382910651582e-07,0.35324710791117864,6.403566634688165e-05,0.028844919055700302,0.00044707616325467825
natural_full_finetune_fp32_test,fp32,1,3460,up_blocks.2.resnets.0.conv1.weight,0.34002230324195976,-0.0011883002688224586,-0.10059423660588065,0.034741270070223575,2.0701880017754113e-05,0.15177707263254045,0.000401140221653998,0.028844919055700302,0.00044707616325467825
natural_full_finetune_fp32_test,fp32,1,3460,up_blocks.2.resnets.0.conv1.bias,0.005069500202484579,-1.5130425863074269e-06,-0.2148042368922345,0.0013894507702017919,2.7771016789440454e-08,0.3162780868030603,1.7320384676142994e-05,0.028844919055700302,0.00044707616325467825
natural_full_finetune_fp32_test,fp32,1,3460,up_blocks.2.resnets.0.norm2.weight,0.005267444290635934,-6.0479728359837925e-06,-0.2664375937382936,0.004309375894248368,8.564064546056562e-08,0.2733672746103238,5.9474864011781724e-05,0.028844919055700302,0.00044707616325467825
natural_full_finetune_fp32_test,fp32,1,3460,up_blocks.2.resnets.0.norm2.bias,0.004983025829207006,-4.435948562447933e-06,-0.22615156245672968,0.003936350579945584,7.217393494771104e-08,0.3087568388660652,4.691056456215882e-05,0.028844919055700302,0.00044707616325467825
natural_full_finetune_fp32_test,fp32,1,3460,up_blocks.2.resnets.0.conv2.weight,0.26039552114616676,-0.0010059083819613183,-0.1427306630748991,0.02706497521008943,1.6032098307088593e-05,0.13559797542138968,0.00045404997070477653,0.028844919055700302,0.00044707616325467825
natural_full_finetune_fp32_test,fp32,1,3460,up_blocks.2.resnets.0.conv2.bias,0.005307521312255409,-1.3895885167080891e-06,-0.21138916062994798,0.0012385449004260253,2.2223697711502485e-08,0.15758206102441222,2.6571605625589765e-05,0.028844919055700302,0.00044707616325467825
natural_full_finetune_fp32_test,fp32,1,3460,up_blocks.2.resnets.0.conv_shortcut.weight,0.11419741821414013,-0.0032161058224777525,-0.08850303648849882,0.3182115019990587,5.047982611545872e-05,0.09589569360060068,0.004609591712298307,0.028844919055700302,0.00044707616325467825
natural_full_finetune_fp32_test,fp32,1,3460,up_blocks.2.resnets.0.conv_shortcut.bias,0.005307502142459022,-1.3896682823870355e-06,-0.21140205841506057,0.0012385449004260253,2.222404589231487e-08,0.15758509904629878,2.6571605625589765e-05,0.028844919055700302,0.00044707616325467825
natural_full_finetune_fp32_test,fp32,1,3460,up_blocks.2.resnets.1.norm1.weight,0.006056443438164904,-3.5597422365054774e-06,-0.17631820097340356,0.0033335251798535274,9.623515980689087e-08,0.342571408379946,4.6383657699697085e-05,0.028844919055700302,0.00044707616325467825
natural_full_finetune_fp32_test,fp32,1,3460,up_blocks.2.resnets.1.norm1.bias,0.006220045495660572,-4.1036602244005576e-06,-0.20484755792910225,0.003220676041514423,7.763482975698758e-08,0.3041479623861825,4.103723888779001e-05,0.028844919055700302,0.00044707616325467825
natural_full_finetune_fp32_test,fp32,1,3460,up_blocks.2.resnets.1.conv1.weight,0.25289873310325683,-0.0011579385646064031,-0.13533076490162624,0.03383314171867799,1.4813565937305073e-05,0.1755694623046683,0.0003336291447040738,0.028844919055700302,0.00044707616325467825
natural_full_finetune_fp32_test,fp32,1,3460,up_blocks.2.resnets.1.conv1.bias,0.00609763944751564,-5.2646667547869945e-06,-0.3342436482141367,0.0025831283288068876,5.162344427260865e-08,0.32475797153121594,2.606906265230061e-05,0.028844919055700302,0.00044707616325467825
natural_full_finetune_fp32_test,fp32,1,3460,up_blocks.2.resnets.1.norm2.weight,0.006192525359570869,-7.4407176358923715e-06,-0.40400408091573486,0.0029741391115316986,6.271721159090555e-08,0.26768828150435797,3.78346384285053e-05,0.028844919055700302,0.00044707616325467825
natural_full_finetune_fp32_test,fp32,1,3460,up_blocks.2.resnets.1.norm2.bias,0.006060552142475533,-5.799686019494202e-06,-0.35516974208085333,0.0026943643936761315,6.183077556838036e-08,0.31100644922207366,3.280372081610984e-05,0.028844919055700302,0.00044707616325467825
natural_full_finetune_fp32_test,fp32,1,3460,up_blocks.2.resnets.1.conv2.weight,0.27110507307123255,-0.0011928816827736256,-0.14414287753293153,0.030525763682424285,1.457410871972947e-05,0.11542466146047302,0.00046574237242524445,0.028844919055700302,0.00044707616325467825
natural_full_finetune_fp32_test,fp32,1,3460,up_blocks.2.resnets.1.conv2.bias,0.005401900783096942,-1.0474222312762248e-06,-0.1637931808106522,0.001183802812337916,1.9016972175108096e-08,0.13499749873842135,2.607768565466179e-05,0.028844919055700302,0.00044707616325467825
natural_full_finetune_fp32_test,fp32,1,3460,up_blocks.2.resnets.2.norm1.weight,0.005561308031179485,-6.115519995017697e-06,-0.2625190223996632,0.0041888582249832405,3.3273382600299415e-08,0.09581942515846467,6.244051008226803e-05,0.028844919055700302,0.00044707616325467825
natural_full_finetune_fp32_test,fp32,1,3460,up_blocks.2.resnets.2.norm1.bias,0.005226138271031933,-4.337806113364985e-06,-0.16776055230919557,0.0049476548248890495,3.5345028449339556e-08,0.12347891802714642,5.4771498659728196e-05,0.028844919055700302,0.00044707616325467825
natural_full_finetune_fp32_test,fp32,1,3460,up_blocks.2.resnets.2.conv1.weight,0.25985779674631543,-0.0012081182634281359,-0.14071229562933094,0.03304012255019347,1.4798483840067356e-05,0.1727698528166997,0.0003296199638598483,0.028844919055700302,0.00044707616325467825
natural_full_finetune_fp32_test,fp32,1,3460,up_blocks.2.resnets.2.conv1.bias,0.0054945540121808505,-3.2336792408685397e-06,-0.2244468541871597,0.0026221103751758895,3.366671501801366e-08,0.2558824437417263,2.3945714830598724e-05,0.028844919055700302,0.00044707616325467825
natural_full_finetune_fp32_test,fp32,1,3460,up_blocks.2.resnets.2.norm2.weight,0.006214950177693926,-5.740671029643024e-06,-0.20416638902786613,0.004524189224737141,8.589051754120504e-08,0.08641777018299593,0.00015992063738359298,0.028844919055700302,0.00044707616325467825
natural_full_finetune_fp32_test,fp32,1,3460,up_blocks.2.resnets.2.norm2.bias,0.005474360064292507,-5.287700057344212e-06,-0.3113096593731436,0.0031027076532325884,6.921469648437511e-08,0.2835303894484833,4.459286189933916e-05,0.028844919055700302,0.00044707616325467825
natural_full_finetune_fp32_test,fp32,1,3460,up_blocks.2.resnets.2.conv2.weight,0.2750828024151093,-0.0009953327266352748,-0.13601346039605247,0.026602530756798495,1.3641316416395879e-05,0.10318752897660098,0.0004805799302528202,0.028844919055700302,0.00044707616325467825
natural_full_finetune_fp32_test,fp32,1,3460,up_blocks.2.resnets.2.conv2.bias,0.005240685455324985,-7.023662159977936e-07,-0.12904879546648865,0.001038536020731985,1.3772428036878445e-08,0.10172564675873293,2.5834017999805995e-05,0.028844919055700302,0.00044707616325467825
natural_full_finetune_fp32_test,fp32,1,3460,up_blocks.2.upsamplers.0.conv.weight,0.2768864943981565,-0.003492047407310416,-0.07697770843131257,0.1638375254174692,3.9590066270838486e-05,0.07060971637588685,0.00202497650613605,0.028844919055700302,0.00044707616325467825
natural_full_finetune_fp32_test,fp32,1,3460,up_blocks.2.upsamplers.0.conv.bias,0.005956601008453138,-5.071291281255686e-07,-0.1713088456547072,0.000496981539006768,7.90615289949333e-09,0.15059243819382953,8.813806942197277e-06,0.028844919055700302,0.00044707616325467825
natural_full_finetune_fp32_test,fp32,1,3460,up_blocks.3.resnets.0.norm1.weight,0.0061180281416952755,-4.736046174031392e-06,-0.12877321879995837,0.006011445389689429,9.51036440146175e-08,0.26460283435894605,5.8747744246889986e-05,0.028844919055700302,0.00044707616325467825
natural_full_finetune_fp32_test,fp32,1,3460,up_blocks.3.resnets.0.norm1.bias,0.005309555300527585,-2.0557296895957014e-06,-0.06568300088311663,0.005894607242550766,9.237567651311352e-08,0.283328326605133,6.140581317082152e-05,0.028844919055700302,0.00044707616325467825
natural_full_finetune_fp32_test,fp32,1,3460,up_blocks.3.resnets.0.conv1.weight,0.18838975337644334,-0.0007833199271343415,-0.12675456031753535,0.03280335803559964,1.213534220742856e-05,0.2154255073186137,0.0002990182019505125,0.028844919055700302,0.00044707616325467825
natural_full_finetune_fp32_test,fp32,1,3460,up_blocks.3.resnets.0.conv1.bias,0.004052819622752175,-9.429507702873653e-07,-0.13833815034496552,0.0016818597599146438,2.8090707391376985e-08,0.34683281806521377,1.9984128614874817e-05,0.028844919055700302,0.00044707616325467825
natural_full_finetune_fp32_test,fp32,1,3460,up_blocks.3.resnets.0.norm2.weight,0.0044132563805695905,-3.0629063918139994e-06,-0.2052507168488516,0.0033813481105953226,6.48186057560733e-08,0.24484213333381966,5.998661731601978e-05,0.028844919055700302,0.00044707616325467825
natural_full_finetune_fp32_test,fp32,1,3460,up_blocks.3.resnets.0.norm2.bias,0.004035514675152629,-2.3351126055346923e-06,-0.1890569244563436,0.003060668604829673,3.464735258519357e-08,0.20485933220294708,4.190977912542374e-05,0.028844919055700302,0.00044707616325467825
natural_full_finetune_fp32_test,fp32,1,3460,up_blocks.3.resnets.0.conv2.weight,0.14495629795368975,-0.00047895137650169986,-0.18627542916289808,0.017737759579421513,5.252168425126278e-06,0.17418944400883468,0.00020800784877043871,0.028844919055700302,0.00044707616325467825
natural_full_finetune_fp32_test,fp32,1,3460,up_blocks.3.resnets.0.conv2.bias,0.003808880142488006,-6.746105210060208e-07,-0.22101872093614544,0.0008013583051061948,6.658829607500797e-09,0.16102064795204216,1.0857229684909485e-05,0.028844919055700302,0.00044707616325467825
natural_full_finetune_fp32_test,fp32,1,3460,up_blocks.3.resnets.0.conv_shortcut.weight,0.06082055004714385,-0.0021097689117918414,-0.13305909225494794,0.2606993742577819,2.5796298317880417e-05,0.15086130084532684,0.002811442456214449,0.028844919055700302,0.00044707616325467825
natural_full_finetune_fp32_test,fp32,1,3460,up_blocks.3.resnets.0.conv_shortcut.bias,0.0038089197964928136,-6.74661664981237e-07,-0.2210331757771555,0.0008013583051061948,6.658885095182153e-09,0.1610203133566728,1.0857229684909485e-05,0.028844919055700302,0.00044707616325467825
natural_full_finetune_fp32_test,fp32,1,3460,up_blocks.3.resnets.1.norm1.weight,0.00441025672943498,-2.29145759691162e-06,-0.12539661099558772,0.004143450496341613,3.960382187568646e-08,0.23649944346014753,3.7970219186379994e-05,0.028844919055700302,0.00044707616325467825
natural_full_finetune_fp32_test,fp32,1,3460,up_blocks.3.resnets.1.norm1.bias,0.0042165168265807604,-6.97718652078558e-06,-0.21417968101666576,0.007725884795998464,1.6334340935874602e-07,0.35970757718383073,0.00010769565750102271,0.028844919055700302,0.00044707616325467825
natural_full_finetune_fp32_test,fp32,1,3460,up_blocks.3.resnets.1.conv1.weight,0.13151933485554865,-0.00045741898824446913,-0.10212240329608627,0.03405677800286882,7.683526072909267e-06,0.17807772191010532,0.00032806611394140824,0.028844919055700302,0.00044707616325467825
natural_full_finetune_fp32_test,fp32,1,3460,up_blocks.3.resnets.1.conv1.bias,0.004400935047978456,-5.6076541015309905e-06,-0.2469578631636571,0.005159568698793214,1.161038121812293e-07,0.42705864704194846,6.177517734677626e-05,0.028844919055700302,0.00044707616325467825
natural_full_finetune_fp32_test,fp32,1,3460,up_blocks.3.resnets.1.norm2.weight,0.005288260304390694,-2.637048908539201e-06,-0.21647276789724376,0.002303573586139829,9.575912119655849e-09,0.05585187959560067,3.2421233527091436e-05,0.028844919055700302,0.00044707616325467825
natural_full_finetune_fp32_test,fp32,1,3460,up_blocks.3.resnets.1.norm2.bias,0.004643204841518457,-2.2318030014857867e-06,-0.26551286503102683,0.0018103078919034217,2.6646707558828977e-08,0.19492641234032668,2.9441167118840188e-05,0.028844919055700302,0.00044707616325467825
natural_full_finetune_fp32_test,fp32,1,3460,up_blocks.3.resnets.1.conv2.weight,0.1321435685848616,-0.0005197048358117429,-0.16690673225018543,0.02356334123254455,4.6612671332364245e-06,0.1555491325958241,0.00022677248969499498,0.028844919055700302,0.00044707616325467825
natural_full_finetune_fp32_test,fp32,1,3460,up_blocks.3.resnets.1.conv2.bias,0.0032616493679668785,-2.7561917903078723e-07,-0.11348534064458371,0.0007446160571502736,4.641394390282647e-09,0.12853791082585295,1.1070824449772965e-05,0.028844919055700302,0.00044707616325467825
natural_full_finetune_fp32_test,fp32,1,3460,up_blocks.3.resnets.2.norm1.weight,0.003089198145560334,-3.0928820477177463e-06,-0.09847372925192692,0.010167102621252526,-4.055970855019876e-09,-0.00744251895795849,0.00017641240090607188,0.028844919055700302,0.00044707616325467825
natural_full_finetune_fp32_test,fp32,1,3460,up_blocks.3.resnets.2.norm1.bias,0.0038479532350796718,-1.8562806650437136e-05,-0.17696896282464974,0.027259428729627878,-1.4586019420802544e-07,-0.1185949772824364,0.0003196249741448455,0.028844919055700302,0.00044707616325467825
natural_full_finetune_fp32_test,fp32,1,3460,up_blocks.3.resnets.2.conv1.weight,0.1364719143901808,-0.000845695478758932,-0.12369183414419238,0.050099073639917786,3.996959030819818e-06,0.052807304832856096,0.0005546160204932547,0.028844919055700302,0.00044707616325467825
natural_full_finetune_fp32_test,fp32,1,3460,up_blocks.3.resnets.2.conv1.bias,0.004605400004263201,-9.75990756029341e-06,-0.24211428515446695,0.008753020245525198,5.059920375703139e-08,0.10351087494649634,0.00010614275263068118,0.028844919055700302,0.00044707616325467825
natural_full_finetune_fp32_test,fp32,1,3460,up_blocks.3.resnets.2.norm2.weight,0.005623613066867321,-4.680929240581579e-06,-0.2272627870299444,0.003662590093875097,2.01366636499344e-08,0.08219865563091737,4.356195578840422e-05,0.028844919055700302,0.00044707616325467825
natural_full_finetune_fp32_test,fp32,1,3460,up_blocks.3.resnets.2.norm2.bias,0.004146246917498919,-4.280001451064075e-06,-0.28127832838681316,0.0036698852266101325,-1.519908778857009e-08,-0.06469490338659349,5.666205132665754e-05,0.028844919055700302,0.00044707616325467825
natural_full_finetune_fp32_test,fp32,1,3460,up_blocks.3.resnets.2.conv2.weight,0.1326079054970963,-0.00025224504208217694,-0.1845126009233875,0.010309252874479407,3.25193275824483e-06,0.13442248750867797,0.00018243166150986,0.028844919055700302,0.00044707616325467825
natural_full_finetune_fp32_test,fp32,1,3460,up_blocks.3.resnets.2.conv2.bias,0.0016795797807513811,-2.2159583844492223e-07,-0.36626787774797465,0.00036021527915455455,2.5626186383181017e-09,0.1155996816155639,1.3198564670400383e-05,0.028844919055700302,0.00044707616325467825
natural_full_finetune_fp32_test,fp32,1,3460,mid_block.attentions.0.group_norm.weight,0.00577949908909458,-4.128255189261102e-06,-0.1751024182851011,0.004079286346877553,2.1814579485892412e-08,0.06562959224501869,5.751179730753981e-05,0.028844919055700302,0.00044707616325467825
natural_full_finetune_fp32_test,fp32,1,3460,mid_block.attentions.0.group_norm.bias,0.0041550942733552445,-8.328834767291772e-06,-0.2872762851072973,0.006977560141504652,1.4022293179655202e-07,0.34891232205486855,9.672123968391304e-05,0.028844919055700302,0.00044707616325467825
natural_full_finetune_fp32_test,fp32,1,3460,mid_block.attentions.0.to_q.weight,0.15896608613165936,-3.206048162956689e-05,-0.04363626093281854,0.0046218732423560695,1.9099366305051906e-06,0.13794569189284148,8.709762938583029e-05,0.028844919055700302,0.00044707616325467825
natural_full_finetune_fp32_test,fp32,1,3460,mid_block.attentions.0.to_q.bias,0.008729050144650438,-2.1673328147836776e-06,-0.44965359570367497,0.0005521798412484297,7.499698216737117e-09,0.16604766567178625,5.17420969147246e-06,0.028844919055700302,0.00044707616325467825
natural_full_finetune_fp32_test,fp32,1,3460,mid_block.attentions.0.to_k.weight,0.1493495111410334,-7.80092561091985e-05,-0.0844090895204108,0.006188040042872633,8.741972351232057e-07,0.06956099785679368,8.414722915065481e-05,0.028844919055700302,0.00044707616325467825
natural_full_finetune_fp32_test,fp32,1,3460,mid_block.attentions.0.to_k.bias,1.9738083925666852e-07,-4.052754867591308e-18,-0.029379938597757713,6.988668827438746e-10,-3.676114719277538e-20,-0.045965170555512844,4.051867066816749e-12,0.028844919055700302,0.00044707616325467825
natural_full_finetune_fp32_test,fp32,1,3460,mid_block.attentions.0.to_v.weight,0.1328529186362116,-0.00024008119220799996,-0.05273383519722872,0.03426870410731833,7.763433191377565e-06,0.11825741026105863,0.0004941449439955573,0.028844919055700302,0.00044707616325467825
natural_full_finetune_fp32_test,fp32,1,3460,mid_block.attentions.0.to_v.bias,0.004439381078682893,-3.4424274523871147e-06,-0.18272818005147645,0.004243623454179629,9.2801522916854e-08,0.31370931607839314,6.663543860280702e-05,0.028844919055700302,0.00044707616325467825
natural_full_finetune_fp32_test,fp32,1,3460,mid_block.attentions.0.to_out.0.weight,0.13353484577560687,-6.610713184920287e-05,-0.011169911449660631,0.04432043106119694,6.727207642344001e-06,0.056207904433216424,0.0008962781924426595,0.028844919055700302,0.00044707616325467825
natural_full_finetune_fp32_test,fp32,1,3460,mid_block.attentions.0.to_out.0.bias,0.004341702267176012,-9.422275208548245e-07,-0.025647381204658575,0.008461604452153175,1.4523143530798767e-07,0.15557730004355175,0.00021500787199528059,0.028844919055700302,0.00044707616325467825
natural_full_finetune_fp32_test,fp32,1,3460,mid_block.resnets.0.norm1.weight,0.004767805022708884,-8.381419735591488e-07,-0.05457585558597149,0.003221058041983253,1.2045973468549582e-07,0.4594902714870757,5.4985362773806386e-05,0.028844919055700302,0.00044707616325467825
natural_full_finetune_fp32_test,fp32,1,3460,mid_block.resnets.0.norm1.bias,0.004081093946270732,-3.852284273769486e-06,-0.2323552357751924,0.0040624616327253095,1.46891750739336e-07,0.5495341133607033,6.549771625879603e-05,0.028844919055700302,0.00044707616325467825
natural_full_finetune_fp32_test,fp32,1,3460,mid_block.resnets.0.conv1.weight,0.4146981457243251,-0.0003850201374769228,-0.037963827806978455,0.02445577084852068,2.2733889225545185e-05,0.12897769436073556,0.00042503729296552176,0.028844919055700302,0.00044707616325467825
natural_full_finetune_fp32_test,fp32,1,3460,mid_block.resnets.0.conv1.bias,0.0046516124147486,-4.0110710775393694e-07,-0.08781761633421961,0.0009819179341653199,2.2605996377032658e-08,0.2807824126001969,1.7308133302732748e-05,0.028844919055700302,0.00044707616325467825
natural_full_finetune_fp32_test,fp32,1,3460,mid_block.resnets.0.norm2.weight,0.0052341762484056885,-6.271684403439678e-06,-0.1515470472126785,0.007906574635848158,1.94853047409106e-07,0.2831187842247703,0.0001314892279194635,0.028844919055700302,0.00044707616325467825
natural_full_finetune_fp32_test,fp32,1,3460,mid_block.resnets.0.norm2.bias,0.004688774309148013,-2.008401573857377e-05,-0.3116422741787758,0.013744687157934461,5.390249135876593e-07,0.4679673190662884,0.0002456597384183092,0.028844919055700302,0.00044707616325467825
natural_full_finetune_fp32_test,fp32,1,3460,mid_block.resnets.0.conv2.weight,0.4362671928247381,-0.00022474891325644926,-0.011900619810304583,0.04328879173396315,2.4656846664265643e-05,0.059036546259559085,0.0009573352193151534,0.028844919055700302,0.00044707616325467825
natural_full_finetune_fp32_test,fp32,1,3460,mid_block.resnets.0.conv2.bias,0.004280662352586072,-2.8819246811137277e-06,-0.07763873211566988,0.008671479838787284,1.2624401885315407e-07,0.13461444721721405,0.00021908274111966537,0.028844919055700302,0.00044707616325467825
natural_full_finetune_fp32_test,fp32,1,3460,mid_block.resnets.1.norm1.weight,0.005544040895857817,1.0625488632711423e-06,0.07436008801988425,0.002577404548651101,6.417994772736959e-08,0.25806938619153763,4.4857642451523486e-05,0.028844919055700302,0.00044707616325467825
natural_full_finetune_fp32_test,fp32,1,3460,mid_block.resnets.1.norm1.bias,0.004848188454316508,3.2002141770594646e-07,0.020891963103712573,0.0031595141278253315,9.964464513937612e-08,0.37333308544055355,5.505262000854721e-05,0.028844919055700302,0.00044707616325467825
natural_full_finetune_fp32_test,fp32,1,3460,mid_block.resnets.1.conv1.weight,0.42436056801701955,-8.683164665982292e-05,-0.013756137340370223,0.014874641649999574,1.3790421599804813e-05,0.11133305915466858,0.00029188943707954924,0.028844919055700302,0.00044707616325467825
natural_full_finetune_fp32_test,fp32,1,3460,mid_block.resnets.1.conv1.bias,0.004820775759797964,-2.1432676731919752e-07,-0.04545771253775877,0.00097802938865738,3.090413741607824e-08,0.32663265089543786,1.9626375337250902e-05,0.028844919055700302,0.00044707616325467825
natural_full_finetune_fp32_test,fp32,1,3460,mid_block.resnets.1.norm2.weight,0.0057639159864679166,8.033801727242888e-07,0.04491510299971179,0.0031032092938063824,1.2763675761018892e-07,0.2687091636702347,8.240918970322858e-05,0.028844919055700302,0.00044707616325467825
natural_full_finetune_fp32_test,fp32,1,3460,mid_block.resnets.1.norm2.bias,0.004752055663455602,-1.25538905557488e-06,-0.02563328541800578,0.010306057134514364,5.029329586040421e-07,0.4671920981222367,0.00022653384126439553,0.028844919055700302,0.00044707616325467825
natural_full_finetune_fp32_test,fp32,1,3460,mid_block.resnets.1.conv2.weight,0.4373444990341489,8.087571243329668e-05,0.005928499650831065,0.03119246184133346,1.914904035311312e-05,0.05930858432942268,0.0007382539653002082,0.028844919055700302,0.00044707616325467825
natural_full_finetune_fp32_test,fp32,1,3460,mid_block.resnets.1.conv2.bias,0.004577286778390907,-2.603137341025474e-06,-0.06958029118119516,0.008173399317896925,1.5498114361970645e-07,0.15875803424286117,0.0002132725813951369,0.028844919055700302,0.00044707616325467825
natural_full_finetune_fp32_test,fp32,1,3460,conv_norm_out.weight,0.004418241761214347,-1.1047217744422574e-05,-0.20858816717512968,0.01198709010429938,1.841449521842724e-07,0.05054816074113036,0.0008245271947938017,0.028844919055700302,0.00044707616325467825
natural_full_finetune_fp32_test,fp32,1,3460,conv_norm_out.bias,0.0021650999338537823,-6.875488835896095e-06,-0.22529663651843923,0.014095189736974552,2.20366489283638e-07,0.07992981813722545,0.0012733822190701147,0.028844919055700302,0.00044707616325467825
natural_full_finetune_fp32_test,fp32,1,3460,conv_out.weight,0.018763584251489863,-0.0017405601391451628,-0.24031325383203575,0.386007291177343,1.1902714713703783e-05,0.07244566316242156,0.008756243506610308,0.028844919055700302,0.00044707616325467825
natural_full_finetune_fp32_test,fp32,1,3460,conv_out.bias,8.94874898782942e-05,8.720537031641634e-09,0.02790044563495313,0.0034927681999367753,1.3460339420563565e-07,0.6031234074664883,0.002493948615059723,0.028844919055700302,0.00044707616325467825
natural_full_finetune_fp32_test,fp32,2,3461,conv_in.weight,0.0347982085342563,-1.2972039129099485e-05,-0.007346201761790673,0.0507444455552208,9.918186627923843e-06,0.1801792718688032,0.0015818691708167456,0.026153717190027237,0.0005757337785325944
natural_full_finetune_fp32_test,fp32,2,3461,conv_in.bias,0.003989775913025095,-3.992422597018041e-06,-0.16760061178599656,0.005970523352595786,2.5356854194539556e-07,0.3330367953228161,0.0001908335153153981,0.026153717190027237,0.0005757337785325944
natural_full_finetune_fp32_test,fp32,2,3461,up_blocks.0.resnets.0.norm1.weight,0.005658096318554126,-2.147577706853428e-06,-0.12224752998835516,0.0031048345169061567,1.1607690281996149e-07,0.2950314358072407,6.95355961929661e-05,0.026153717190027237,0.0005757337785325944
natural_full_finetune_fp32_test,fp32,2,3461,up_blocks.0.resnets.0.norm1.bias,0.004859976627998715,-4.1754870086368175e-06,-0.23586755595489084,0.0036425435187083053,1.7023323100952772e-07,0.426152438692941,8.219495902670058e-05,0.026153717190027237,0.0005757337785325944
natural_full_finetune_fp32_test,fp32,2,3461,up_blocks.0.resnets.0.conv1.weight,0.42367580787056386,-0.00020716501793310158,-0.029649618572960466,0.016491632367119917,1.9851890625385538e-05,0.12907432816756556,0.00036301814589393994,0.026153717190027237,0.0005757337785325944
natural_full_finetune_fp32_test,fp32,2,3461,up_blocks.0.resnets.0.conv1.bias,0.004935796925704768,-9.053354898837484e-07,-0.14727895128296073,0.0012454077937162468,6.063666441644967e-08,0.3823439774088475,3.21309647887706e-05,0.026153717190027237,0.0005757337785325944
natural_full_finetune_fp32_test,fp32,2,3461,up_blocks.0.resnets.0.norm2.weight,0.005724468929285903,-2.224050421720581e-06,-0.14678082474169973,0.002646915656841699,1.1863424848502083e-07,0.3285437885714009,6.307853817241898e-05,0.026153717190027237,0.0005757337785325944
natural_full_finetune_fp32_test,fp32,2,3461,up_blocks.0.resnets.0.norm2.bias,0.005016798049271812,-5.993438802957313e-06,-0.15750944493797406,0.007584777675460055,4.7067252700781766e-07,0.5333422803062222,0.00017590825364947071,0.026153717190027237,0.0005757337785325944
natural_full_finetune_fp32_test,fp32,2,3461,up_blocks.0.resnets.0.conv2.weight,0.4353317408227901,-0.0001497081297729453,-0.01476813311921883,0.02328624449604891,2.1551589243324995e-05,0.0902555534329181,0.0005485106117379976,0.026153717190027237,0.0005757337785325944
natural_full_finetune_fp32_test,fp32,2,3461,up_blocks.0.resnets.0.conv2.bias,0.004603175530251528,-4.197251009341854e-06,-0.16244271697051443,0.005613156637286029,2.6628810221341396e-07,0.35107054740222454,0.00016477822875236547,0.026153717190027237,0.0005757337785325944
natural_full_finetune_fp32_test,fp32,2,3461,up_blocks.0.resnets.1.norm1.weight,0.004930625446843017,-5.411060553902244e-06,-0.2239160765525057,0.004901117398212544,2.0387231522754631e-07,0.3674187157429101,0.00011253690508937925,0.026153717190027237,0.0005757337785325944
natural_full_finetune_fp32_test,fp32,2,3461,up_blocks.0.resnets.1.norm1.bias,0.004358154391706332,-8.709133073835589e-06,-0.3129483094406905,0.006385570516903296,3.222400701683587e-07,0.5387318621725842,0.0001372474455866914,0.026153717190027237,0.0005757337785325944
natural_full_finetune_fp32_test,fp32,2,3461,up_blocks.0.resnets.1.conv1.weight,0.41881731783078974,-0.0002773745381200088,-0.033404754588653336,0.019825934879971502,2.1938797407695354e-05,0.1404614178650575,0.00037293327796599786,0.026153717190027237,0.0005757337785325944
natural_full_finetune_fp32_test,fp32,2,3461,up_blocks.0.resnets.1.conv1.bias,0.00445257567436745,-1.6573492230412994e-06,-0.19377559110926723,0.0019208951028637953,8.655311580749788e-08,0.5166239170640528,3.7626765720733424e-05,0.026153717190027237,0.0005757337785325944
natural_full_finetune_fp32_test,fp32,2,3461,up_blocks.0.resnets.1.norm2.weight,0.005507177679112575,-3.5818567015643085e-06,-0.13779945034886962,0.0047198873504028845,1.809217899267581e-07,0.3720020679612413,8.831133157031919e-05,0.026153717190027237,0.0005757337785325944
natural_full_finetune_fp32_test,fp32,2,3461,up_blocks.0.resnets.1.norm2.bias,0.0045494870600307465,-1.3733546477048406e-05,-0.30351584327958264,0.009945781218598113,6.498155937222967e-07,0.6512837273963936,0.00021930951152083453,0.026153717190027237,0.0005757337785325944
natural_full_finetune_fp32_test,fp32,2,3461,up_blocks.0.resnets.1.conv2.weight,0.4386909176824125,-0.00032133415191169925,-0.0277406229679885,0.02640474833571724,2.898112468714576e-05,0.10387597285420971,0.0006359771145421891,0.026153717190027237,0.0005757337785325944
natural_full_finetune_fp32_test,fp32,2,3461,up_blocks.0.resnets.1.conv2.bias,0.004816236892925682,-5.913282475381599e-06,-0.23130045009585048,0.005308163698221677,2.517451782292155e-07,0.3481756036158642,0.0001501256786962104,0.026153717190027237,0.0005757337785325944
natural_full_finetune_fp32_test,fp32,2,3461,up_blocks.0.resnets.2.norm1.weight,0.005556045852844002,-3.1555566986424247e-06,-0.12186291057714767,0.004660565544319066,2.0682292219908986e-07,0.35250791688789285,0.00010560001347358621,0.026153717190027237,0.0005757337785325944
natural_full_finetune_fp32_test,fp32,2,3461,up_blocks.0.resnets.2.norm1.bias,0.004836428614101407,-3.3419603093046856e-06,-0.11274390782034527,0.006128912510731481,3.6307165486014867e-07,0.5581579867345241,0.0001344963254661275,0.026153717190027237,0.0005757337785325944
natural_full_finetune_fp32_test,fp32,2,3461,up_blocks.0.resnets.2.conv1.weight,0.4214821905551272,-0.00037127863739736845,-0.04097561920349035,0.021497858889280047,2.5231613094411037e-05,0.13953821246169085,0.000429015153832969,0.026153717190027237,0.0005757337785325944
natural_full_finetune_fp32_test,fp32,2,3461,up_blocks.0.resnets.2.conv1.bias,0.004407709812971976,-1.6129057975739487e-06,-0.21178037156550497,0.0017278669694564426,6.836148017796375e-08,0.40494727860476704,3.830010622024044e-05,0.026153717190027237,0.0005757337785325944
natural_full_finetune_fp32_test,fp32,2,3461,up_blocks.0.resnets.2.norm2.weight,0.004785999128750324,-1.3193912651201173e-06,-0.04280276083583389,0.006440642697994381,1.8111796148855154e-07,0.32765889216224464,0.00011549600113202684,0.026153717190027237,0.0005757337785325944
natural_full_finetune_fp32_test,fp32,2,3461,up_blocks.0.resnets.2.norm2.bias,0.0041552896514013,-8.423371258410886e-06,-0.18760111270711188,0.010805608542778424,6.020171956405435e-07,0.5592691551575767,0.00025905186674903837,0.026153717190027237,0.0005757337785325944
natural_full_finetune_fp32_test,fp32,2,3461,up_blocks.0.resnets.2.conv2.weight,0.4385080157610023,-0.0002484870411619232,-0.02124253530776233,0.026675947835742033,2.9822711982481944e-05,0.1023015870196153,0.0006647942075454847,0.026153717190027237,0.0005757337785325944
natural_full_finetune_fp32_test,fp32,2,3461,up_blocks.0.resnets.2.conv2.bias,0.004459616048559098,-5.326474358456371e-06,-0.2306442511885191,0.005178449396862742,2.137361350422543e-07,0.317855456111682,0.00015078245549295192,0.026153717190027237,0.0005757337785325944
natural_full_finetune_fp32_test,fp32,2,3461,up_blocks.0.upsamplers.0.conv.weight,0.444385865989061,-0.0008997843760027982,-0.02048444543310151,0.09884483921890655,7.667250434976875e-05,0.07860677390051685,0.0021949237542396756,0.026153717190027237,0.0005757337785325944
natural_full_finetune_fp32_test,fp32,2,3461,up_blocks.0.upsamplers.0.conv.bias,0.00551269041887293,-1.9695155547793904e-06,-0.20509333066654323,0.0017419844464842034,9.25612900519993e-08,0.38551783440413834,4.355332550383478e-05,0.026153717190027237,0.0005757337785325944
natural_full_finetune_fp32_test,fp32,2,3461,up_blocks.1.resnets.0.norm1.weight,0.006058654816390247,-2.3059410678827026e-06,-0.10565970171078126,0.003602156802729959,1.2390362208274392e-07,0.2652174201700359,7.710911989062227e-05,0.026153717190027237,0.0005757337785325944
natural_full_finetune_fp32_test,fp32,2,3461,up_blocks.1.resnets.0.norm1.bias,0.005577758722238405,-4.423657923182306e-06,-0.2049157112820761,0.0038703171481474915,1.5907867820236564e-07,0.366075966139202,7.790781646937491e-05,0.026153717190027237,0.0005757337785325944
natural_full_finetune_fp32_test,fp32,2,3461,up_blocks.1.resnets.0.conv1.weight,0.43391040001434433,-0.0004109718052458495,-0.042807596435336465,0.022125399691822666,2.457970093610484e-05,0.14560743932481882,0.0003890388480714578,0.026153717190027237,0.0005757337785325944
natural_full_finetune_fp32_test,fp32,2,3461,up_blocks.1.resnets.0.conv1.bias,0.005797595384306528,-1.4432751559400389e-06,-0.18177868490128155,0.001369488142038457,5.303368517585379e-08,0.3393408934886346,2.695676077949598e-05,0.026153717190027237,0.0005757337785325944
natural_full_finetune_fp32_test,fp32,2,3461,up_blocks.1.resnets.0.norm2.weight,0.006212601181144174,-3.223594555254451e-06,-0.1334243864575822,0.003888944311679619,1.94005652789758e-07,0.36854333449693777,8.473295422960706e-05,0.026153717190027237,0.0005757337785325944
natural_full_finetune_fp32_test,fp32,2,3461,up_blocks.1.resnets.0.norm2.bias,0.0057232281947315975,-4.682744278078588e-06,-0.18764820704409216,0.004360285838972743,2.3355298127354737e-07,0.44243936785074284,9.223390366919675e-05,0.026153717190027237,0.0005757337785325944
natural_full_finetune_fp32_test,fp32,2,3461,up_blocks.1.resnets.0.conv2.weight,0.445626379392865,-0.0006402412859944078,-0.06250775373960024,0.02298470278143973,2.9807061971897904e-05,0.14743479088686032,0.0004536786070673216,0.026153717190027237,0.0005757337785325944
natural_full_finetune_fp32_test,fp32,2,3461,up_blocks.1.resnets.0.conv2.bias,0.005737029428346053,-2.503679252827182e-06,-0.24943067516417233,0.0017496120075628028,8.513579000172308e-08,0.3635538600611529,4.081843339615478e-05,0.026153717190027237,0.0005757337785325944
natural_full_finetune_fp32_test,fp32,2,3461,up_blocks.1.resnets.1.norm1.weight,0.006283536497814621,-4.611351890587541e-06,-0.1603354750947379,0.0045771431936075056,1.4260956255453837e-07,0.2890946704677557,7.85062838622438e-05,0.026153717190027237,0.0005757337785325944
natural_full_finetune_fp32_test,fp32,2,3461,up_blocks.1.resnets.1.norm1.bias,0.0057796662937578515,-6.642303755589971e-06,-0.21289379962875452,0.005398249525036509,2.0941622438376299e-07,0.41402496649761433,8.751470451368257e-05,0.026153717190027237,0.0005757337785325944
natural_full_finetune_fp32_test,fp32,2,3461,up_blocks.1.resnets.1.conv1.weight,0.4421144037087455,-0.00046115096952146893,-0.04293419465980001,0.024294342001761754,2.367178530063722e-05,0.14393909470924807,0.0003719782802173793,0.026153717190027237,0.0005757337785325944
natural_full_finetune_fp32_test,fp32,2,3461,up_blocks.1.resnets.1.conv1.bias,0.005959761994702572,-2.198900358841656e-06,-0.20262403348215072,0.0018208982456986158,6.776856810623824e-08,0.3750993982579418,3.0314682612197708e-05,0.026153717190027237,0.0005757337785325944
natural_full_finetune_fp32_test,fp32,2,3461,up_blocks.1.resnets.1.norm2.weight,0.006711438464293067,-6.338565195691961e-06,-0.23856473653052288,0.003958850487899935,1.6832209379450138e-07,0.3543144292575375,7.078425623944965e-05,0.026153717190027237,0.0005757337785325944
natural_full_finetune_fp32_test,fp32,2,3461,up_blocks.1.resnets.1.norm2.bias,0.006079854666225685,-6.142236281706016e-06,-0.24966351796951328,0.004046487799263613,1.8828973178128475e-07,0.4296002094520584,7.208899224061036e-05,0.026153717190027237,0.0005757337785325944
natural_full_finetune_fp32_test,fp32,2,3461,up_blocks.1.resnets.1.conv2.weight,0.4511435986467115,-0.0006586042552894784,-0.06186666683113125,0.023596794730509803,2.99737715429144e-05,0.14250848100591315,0.00046621461353605253,0.026153717190027237,0.0005757337785325944
natural_full_finetune_fp32_test,fp32,2,3461,up_blocks.1.resnets.1.conv2.bias,0.006043726654325994,-2.804157142665934e-06,-0.297919904559622,0.0015573922653140334,7.3730087388151e-08,0.34666957604756016,3.519040016837206e-05,0.026153717190027237,0.0005757337785325944
natural_full_finetune_fp32_test,fp32,2,3461,up_blocks.1.resnets.2.norm1.weight,0.006602786709481247,-7.095481844120355e-06,-0.21876376910036072,0.004912236043455174,2.2390738301833427e-07,0.36051095041473585,9.40638358100371e-05,0.026153717190027237,0.0005757337785325944
natural_full_finetune_fp32_test,fp32,2,3461,up_blocks.1.resnets.2.norm1.bias,0.00587356726434017,-9.646480914402507e-06,-0.28031300853251073,0.005859002861388969,3.1366815958781754e-07,0.4947954678025969,0.00010793014888076022,0.026153717190027237,0.0005757337785325944
natural_full_finetune_fp32_test,fp32,2,3461,up_blocks.1.resnets.2.conv1.weight,0.4455448339307501,-0.0008544682123935322,-0.06640417361774055,0.028880793552607947,3.62853042622957e-05,0.17827161759675927,0.000456832666801198,0.026153717190027237,0.0005757337785325944
natural_full_finetune_fp32_test,fp32,2,3461,up_blocks.1.resnets.2.conv1.bias,0.005811084538026654,-3.712228296825762e-06,-0.3043145125549252,0.002099204841469601,9.622084564197418e-08,0.43334088616549443,3.8210463766204e-05,0.026153717190027237,0.0005757337785325944
natural_full_finetune_fp32_test,fp32,2,3461,up_blocks.1.resnets.2.norm2.weight,0.0063226523616775505,-9.205794143734853e-06,-0.28672645830444565,0.00507801740658288,2.0776300194009093e-07,0.35833866736681286,9.17012453851481e-05,0.026153717190027237,0.0005757337785325944
natural_full_finetune_fp32_test,fp32,2,3461,up_blocks.1.resnets.2.norm2.bias,0.005816604175156406,-8.950988948413396e-06,-0.31986224586434203,0.004811035128338333,2.0711016024347264e-07,0.40662871682491436,8.756566455423471e-05,0.026153717190027237,0.0005757337785325944
natural_full_finetune_fp32_test,fp32,2,3461,up_blocks.1.resnets.2.conv2.weight,0.4511781712181611,-0.0006378882423619977,-0.06291251683748832,0.02247291753054743,3.158494280497426e-05,0.14924312136000292,0.00046907003642449117,0.026153717190027237,0.0005757337785325944
natural_full_finetune_fp32_test,fp32,2,3461,up_blocks.1.resnets.2.conv2.bias,0.006108233695155662,-2.5663367637242656e-06,-0.2960294440547189,0.0014192636881178724,6.649844723602345e-08,0.3314739667345935,3.284327332603508e-05,0.026153717190027237,0.0005757337785325944
natural_full_finetune_fp32_test,fp32,2,3461,up_blocks.1.upsamplers.0.conv.weight,0.46815915590951684,-0.0018515017346809903,-0.04489861666675994,0.08808412434763079,7.507234686198013e-05,0.09236243952049773,0.0017361653167557822,0.026153717190027237,0.0005757337785325944
natural_full_finetune_fp32_test,fp32,2,3461,up_blocks.1.upsamplers.0.conv.bias,0.006631931384145934,-7.512763000759504e-07,-0.26073318123207523,0.00043447356844791753,1.8589266481774193e-08,0.3154543333412168,8.885578977144037e-06,0.026153717190027237,0.0005757337785325944
natural_full_finetune_fp32_test,fp32,2,3461,up_blocks.2.resnets.0.norm1.weight,0.007287385802547254,-6.809050875577711e-06,-0.21673726365128107,0.0043110318449685985,1.515693194767978e-07,0.22431421678540156,9.272198894879809e-05,0.026153717190027237,0.0005757337785325944
natural_full_finetune_fp32_test,fp32,2,3461,up_blocks.2.resnets.0.norm1.bias,0.006780328136875469,-4.497032725507763e-06,-0.17630085810562215,0.0037620183503506567,1.4035702210620098e-07,0.2791022950255226,7.416859045703331e-05,0.026153717190027237,0.0005757337785325944
natural_full_finetune_fp32_test,fp32,2,3461,up_blocks.2.resnets.0.conv1.weight,0.34002230324195976,-0.0007084099626652071,-0.07470124575370224,0.027890057586848,2.3617812013874775e-05,0.16160555197270068,0.00042980946965884113,0.026153717190027237,0.0005757337785325944
natural_full_finetune_fp32_test,fp32,2,3461,up_blocks.2.resnets.0.conv1.bias,0.005069500202484579,-7.837370939728071e-07,-0.14211096258882017,0.0010878716930643455,4.0042907542155287e-08,0.37568836825806556,2.102484053869889e-05,0.026153717190027237,0.0005757337785325944
natural_full_finetune_fp32_test,fp32,2,3461,up_blocks.2.resnets.0.norm2.weight,0.005267444290635934,-3.6467182743804493e-06,-0.22187950230489914,0.003120219015218321,9.192470669427052e-08,0.30042027095987217,5.809022628192347e-05,0.026153717190027237,0.0005757337785325944
natural_full_finetune_fp32_test,fp32,2,3461,up_blocks.2.resnets.0.norm2.bias,0.004983025829207006,-2.321017835405394e-06,-0.1648817785835088,0.002824962426605175,9.339046040670782e-08,0.36496361433659824,5.135228928730329e-05,0.026153717190027237,0.0005757337785325944
natural_full_finetune_fp32_test,fp32,2,3461,up_blocks.2.resnets.0.conv2.weight,0.26039552114616676,-0.0008130575963533142,-0.1503975213653693,0.020760945235995375,1.9374357673007736e-05,0.22093834355126687,0.0003367617125634464,0.026153717190027237,0.0005757337785325944
natural_full_finetune_fp32_test,fp32,2,3461,up_blocks.2.resnets.0.conv2.bias,0.005307521312255409,-1.546750000654475e-06,-0.33642357596065847,0.0008662474224481134,3.504485585167852e-08,0.3954028737293452,1.669908632739204e-05,0.026153717190027237,0.0005757337785325944
natural_full_finetune_fp32_test,fp32,2,3461,up_blocks.2.resnets.0.conv_shortcut.weight,0.11419741821414013,-0.002295894811325541,-0.09011702600613561,0.22309449307266938,7.030247107900743e-05,0.14877661522775054,0.0041378965704753305,0.026153717190027237,0.0005757337785325944
natural_full_finetune_fp32_test,fp32,2,3461,up_blocks.2.resnets.0.conv_shortcut.bias,0.005307502142459022,-1.546782382100913e-06,-0.33643183416963374,0.0008662474224481134,3.5044576660123935e-08,0.39540115179329194,1.669908632739204e-05,0.026153717190027237,0.0005757337785325944
natural_full_finetune_fp32_test,fp32,2,3461,up_blocks.2.resnets.1.norm1.weight,0.006056443438164904,-4.691291157715784e-06,-0.2595724674560211,0.002984118715794703,9.163121786296357e-08,0.3163564507141687,4.7824352491441493e-05,0.026153717190027237,0.0005757337785325944
natural_full_finetune_fp32_test,fp32,2,3461,up_blocks.2.resnets.1.norm1.bias,0.006220045495660572,-5.16834288961734e-06,-0.28596257507391226,0.002905685180176732,1.1299083279455908e-07,0.40204585187618147,4.5182895905105916e-05,0.026153717190027237,0.0005757337785325944
natural_full_finetune_fp32_test,fp32,2,3461,up_blocks.2.resnets.1.conv1.weight,0.25289873310325683,-0.0008015017485789114,-0.10567316567144334,0.029991148867537707,1.7819086388299624e-05,0.19812182740218784,0.0003556366039982966,0.026153717190027237,0.0005757337785325944
natural_full_finetune_fp32_test,fp32,2,3461,up_blocks.2.resnets.1.conv1.bias,0.00609763944751564,-4.699968906663178e-06,-0.341061716417343,0.0022599574917258614,6.737893763461472e-08,0.3918711801749446,2.819805110523819e-05,0.026153717190027237,0.0005757337785325944
natural_full_finetune_fp32_test,fp32,2,3461,up_blocks.2.resnets.1.norm2.weight,0.006192525359570869,-6.373395111331485e-06,-0.3871847022660329,0.002658182895851268,7.204764504094644e-08,0.34368367425299884,3.385268292706151e-05,0.026153717190027237,0.0005757337785325944
natural_full_finetune_fp32_test,fp32,2,3461,up_blocks.2.resnets.1.norm2.bias,0.006060552142475533,-5.4742231636551515e-06,-0.36513271937448094,0.002473771343608125,8.049407215712938e-08,0.4409012868858591,3.012384055336893e-05,0.026153717190027237,0.0005757337785325944
natural_full_finetune_fp32_test,fp32,2,3461,up_blocks.2.resnets.1.conv2.weight,0.27110507307123255,-0.0010051199712544068,-0.1603370405743789,0.02312311795213693,1.891983177334009e-05,0.22370490529275883,0.00031196374045942116,0.026153717190027237,0.0005757337785325944
natural_full_finetune_fp32_test,fp32,2,3461,up_blocks.2.resnets.1.conv2.bias,0.005401900783096942,-1.1763564883492808e-06,-0.30017916519252646,0.0007254572136849766,2.8375411430675275e-08,0.3547549512165043,1.480700075734104e-05,0.026153717190027237,0.0005757337785325944
natural_full_finetune_fp32_test,fp32,2,3461,up_blocks.2.resnets.2.norm1.weight,0.005561308031179485,-6.781540773460904e-06,-0.27448110703286827,0.004442617981260785,7.38397681432935e-08,0.26995358596945473,4.9184048368707716e-05,0.026153717190027237,0.0005757337785325944
natural_full_finetune_fp32_test,fp32,2,3461,up_blocks.2.resnets.2.norm1.bias,0.005226138271031933,-5.886484929705042e-06,-0.23852098367117114,0.004722245363186918,1.0465030002621983e-07,0.43178266535812915,4.637611656799778e-05,0.026153717190027237,0.0005757337785325944
natural_full_finetune_fp32_test,fp32,2,3461,up_blocks.2.resnets.2.conv1.weight,0.25985779674631543,-0.0009784269483041784,-0.13361165996733437,0.028180474032275773,1.6628477770625777e-05,0.21637158517058103,0.0002957443902095256,0.026153717190027237,0.0005757337785325944
natural_full_finetune_fp32_test,fp32,2,3461,up_blocks.2.resnets.2.conv1.bias,0.0054945540121808505,-3.562493059613391e-06,-0.2896977486084517,0.00223808439911548,4.761161208115727e-08,0.36663736130473007,2.3634353171244956e-05,0.026153717190027237,0.0005757337785325944
natural_full_finetune_fp32_test,fp32,2,3461,up_blocks.2.resnets.2.norm2.weight,0.006214950177693926,-4.999783820012582e-06,-0.30749581160959844,0.00261622065856648,5.376331768104227e-08,0.26772909138233103,3.2311181973139115e-05,0.026153717190027237,0.0005757337785325944
natural_full_finetune_fp32_test,fp32,2,3461,up_blocks.2.resnets.2.norm2.bias,0.005474360064292507,-4.664691741736149e-06,-0.32744141090807033,0.0026022917665136404,5.54808634833688e-08,0.3622281290295799,2.7978709571800357e-05,0.026153717190027237,0.0005757337785325944
natural_full_finetune_fp32_test,fp32,2,3461,up_blocks.2.resnets.2.conv2.weight,0.2750828024151093,-0.0008068204979125766,-0.16572293653466794,0.017698271903273718,1.4538318319458478e-05,0.1915273376277538,0.0002759433686923614,0.026153717190027237,0.0005757337785325944
natural_full_finetune_fp32_test,fp32,2,3461,up_blocks.2.resnets.2.conv2.bias,0.005240685455324985,-8.6864831471737e-07,-0.33497847015398724,0.00049481059737343,2.027839572666978e-08,0.2809999250513142,1.3770169801400763e-05,0.026153717190027237,0.0005757337785325944
natural_full_finetune_fp32_test,fp32,2,3461,up_blocks.2.upsamplers.0.conv.weight,0.2768864943981565,-0.0024907744791118082,-0.10337924418253834,0.08701603330113407,5.285886352677934e-05,0.09479963889205029,0.002013767676661104,0.026153717190027237,0.0005757337785325944
natural_full_finetune_fp32_test,fp32,2,3461,up_blocks.2.upsamplers.0.conv.bias,0.005956601008453138,-4.563503290259059e-07,-0.3327431359161735,0.000230245288510085,8.525700327682724e-09,0.23487071804678658,6.09400319019314e-06,0.026153717190027237,0.0005757337785325944
natural_full_finetune_fp32_test,fp32,2,3461,up_blocks.3.resnets.0.norm1.weight,0.0061180281416952755,-3.6052102201375726e-06,-0.1736660966353939,0.0033931579797926103,8.16754447559602e-08,0.21207242671370202,6.295001410661278e-05,0.026153717190027237,0.0005757337785325944
natural_full_finetune_fp32_test,fp32,2,3461,up_blocks.3.resnets.0.norm1.bias,0.005309555300527585,-4.842233363395745e-06,-0.28304304112358697,0.0032220708467233616,1.2181092552400642e-07,0.32642557467295935,7.02819685312616e-05,0.026153717190027237,0.0005757337785325944
natural_full_finetune_fp32_test,fp32,2,3461,up_blocks.3.resnets.0.conv1.weight,0.18838975337644334,-0.0007626758393858947,-0.1690779536528621,0.02394394620990152,1.665417165364967e-05,0.22510587251109623,0.0003927163060678334,0.026153717190027237,0.0005757337785325944
natural_full_finetune_fp32_test,fp32,2,3461,up_blocks.3.resnets.0.conv1.bias,0.004052819622752175,-1.7951046864920207e-06,-0.36572110359050936,0.0012111069153249309,4.7078660441513705e-08,0.4762402388244933,2.4391625003078857e-05,0.026153717190027237,0.0005757337785325944
natural_full_finetune_fp32_test,fp32,2,3461,up_blocks.3.resnets.0.norm2.weight,0.0044132563805695905,-3.090173394469599e-06,-0.32083342545940585,0.002182448896049102,4.5864281925315924e-08,0.2726908557826457,3.811051922436818e-05,0.026153717190027237,0.0005757337785325944
natural_full_finetune_fp32_test,fp32,2,3461,up_blocks.3.resnets.0.norm2.bias,0.004035514675152629,-3.127565707766988e-06,-0.40052833892329476,0.0019349701164037576,6.289497816877396e-08,0.37512962882296674,4.1546617571985574e-05,0.026153717190027237,0.0005757337785325944
natural_full_finetune_fp32_test,fp32,2,3461,up_blocks.3.resnets.0.conv2.weight,0.14495629795368975,-0.00047450257807222867,-0.2718578873568044,0.012040916640094199,7.612780798029297e-06,0.24527446659713273,0.00021411835392291876,0.026153717190027237,0.0005757337785325944
natural_full_finetune_fp32_test,fp32,2,3461,up_blocks.3.resnets.0.conv2.bias,0.003808880142488006,-8.013143884986863e-07,-0.4791086332329811,0.00043910829159829554,1.4001423241677083e-08,0.3501100968888684,1.0499539256986549e-05,0.026153717190027237,0.0005757337785325944
natural_full_finetune_fp32_test,fp32,2,3461,up_blocks.3.resnets.0.conv_shortcut.weight,0.06082055004714385,-0.0020925161952703992,-0.20690274788768695,0.1662846749690712,3.9238410992141286e-05,0.1861487321247205,0.0034657799563857995,0.026153717190027237,0.0005757337785325944
natural_full_finetune_fp32_test,fp32,2,3461,up_blocks.3.resnets.0.conv_shortcut.bias,0.0038089197964928136,-8.013269257956367e-07,-0.4791111413309121,0.00043910829159829554,1.4001759181995452e-08,0.3501148521616279,1.0499539256986549e-05,0.026153717190027237,0.0005757337785325944
natural_full_finetune_fp32_test,fp32,2,3461,up_blocks.3.resnets.1.norm1.weight,0.00441025672943498,-1.2037264152324858e-06,-0.11283679672145197,0.0024188735804448087,3.3930579537044375e-08,0.16436293283183573,4.6808370657923994e-05,0.026153717190027237,0.0005757337785325944
natural_full_finetune_fp32_test,fp32,2,3461,up_blocks.3.resnets.1.norm1.bias,0.0042165168265807604,-7.326878364542073e-06,-0.31288679257806756,0.0055536424083855035,1.5963307836081627e-07,0.3869315487492149,9.784416001039918e-05,0.026153717190027237,0.0005757337785325944
natural_full_finetune_fp32_test,fp32,2,3461,up_blocks.3.resnets.1.conv1.weight,0.13151933485554865,-0.00045942330639228853,-0.13739860020112585,0.025423837909688957,1.0567072067107692e-05,0.2012203930704131,0.00039929426494198476,0.026153717190027237,0.0005757337785325944
natural_full_finetune_fp32_test,fp32,2,3461,up_blocks.3.resnets.1.conv1.bias,0.004400935047978456,-6.368910186020278e-06,-0.38399470029005506,0.0037687292215187345,1.5065639721472559e-07,0.5350720064184823,6.397796001075096e-05,0.026153717190027237,0.0005757337785325944
natural_full_finetune_fp32_test,fp32,2,3461,up_blocks.3.resnets.1.norm2.weight,0.005288260304390694,-2.3229950217128334e-06,-0.3185238340372544,0.0013790928921995418,3.772716528759902e-08,0.1909460219088284,3.736205329197504e-05,0.026153717190027237,0.0005757337785325944
natural_full_finetune_fp32_test,fp32,2,3461,up_blocks.3.resnets.1.norm2.bias,0.004643204841518457,-2.2870666400179857e-06,-0.4056215112573711,0.00121433914991106,5.153125810805533e-08,0.2992891604292915,3.708189450907392e-05,0.026153717190027237,0.0005757337785325944
natural_full_finetune_fp32_test,fp32,2,3461,up_blocks.3.resnets.1.conv2.weight,0.1321435685848616,-0.000515451934767451,-0.27442541862777603,0.014214048985654206,5.224159340459182e-06,0.14953642373863266,0.00026437683179731476,0.026153717190027237,0.0005757337785325944
natural_full_finetune_fp32_test,fp32,2,3461,up_blocks.3.resnets.1.conv2.bias,0.0032616493679668785,-4.459611365266043e-07,-0.4109009540301995,0.0003327534692286159,9.025843075577725e-09,0.2555339520357406,1.0829337650725455e-05,0.026153717190027237,0.0005757337785325944
natural_full_finetune_fp32_test,fp32,2,3461,up_blocks.3.resnets.2.norm1.weight,0.003089198145560334,-2.514348156185803e-06,-0.1989909696591694,0.004090216341942944,7.956179752629573e-09,0.020707077705582642,0.00012437698008965978,0.026153717190027237,0.0005757337785325944
natural_full_finetune_fp32_test,fp32,2,3461,up_blocks.3.resnets.2.norm1.bias,0.0038479532350796718,-1.7818247764597136e-05,-0.3841141499218919,0.012055213391423398,2.851164971180327e-07,0.2551810885203753,0.00029036487264953937,0.026153717190027237,0.0005757337785325944
natural_full_finetune_fp32_test,fp32,2,3461,up_blocks.3.resnets.2.conv1.weight,0.1364719143901808,-0.00048745551821984326,-0.12318415172559323,0.028995918487607037,1.0879596057831865e-05,0.12292517531818815,0.0006485278798217304,0.026153717190027237,0.0005757337785325944
natural_full_finetune_fp32_test,fp32,2,3461,up_blocks.3.resnets.2.conv1.bias,0.004605400004263201,-9.245109851965027e-06,-0.4275464538453337,0.004695279069681532,9.769335143595799e-08,0.19982977703781132,0.00010615426502885985,0.026153717190027237,0.0005757337785325944
natural_full_finetune_fp32_test,fp32,2,3461,up_blocks.3.resnets.2.norm2.weight,0.005623613066867321,-3.3911565654597467e-06,-0.30657587087292715,0.0019669550672316697,4.6152239389880526e-08,0.14722373918921938,5.574417642590327e-05,0.026153717190027237,0.0005757337785325944
natural_full_finetune_fp32_test,fp32,2,3461,up_blocks.3.resnets.2.norm2.bias,0.004146246917498919,-3.264881694318884e-06,-0.4514245063218615,0.0017443239967839038,3.765936019513962e-08,0.19390343285101083,4.684166004833094e-05,0.026153717190027237,0.0005757337785325944
natural_full_finetune_fp32_test,fp32,2,3461,up_blocks.3.resnets.2.conv2.weight,0.1326079054970963,-0.0002017532251541209,-0.2309625967212175,0.006587329942372548,3.90216932929713e-06,0.1684792008471614,0.00017465877172180151,0.026153717190027237,0.0005757337785325944
natural_full_finetune_fp32_test,fp32,2,3461,up_blocks.3.resnets.2.conv2.bias,0.0016795797807513811,-1.2630259528680051e-07,-0.5514492458102679,0.00013636599625218933,9.108881753868659e-10,0.06968986005430827,7.782064644634578e-06,0.026153717190027237,0.0005757337785325944
natural_full_finetune_fp32_test,fp32,2,3461,mid_block.attentions.0.group_norm.weight,0.00577949908909458,-2.204373170417657e-06,-0.11225622187125388,0.0033976958173044603,7.037440517553366e-08,0.12263579496236356,9.929040606534568e-05,0.026153717190027237,0.0005757337785325944
natural_full_finetune_fp32_test,fp32,2,3461,mid_block.attentions.0.group_norm.bias,0.0041550942733552445,-5.3175912979589775e-06,-0.2677379407023542,0.004779958814060988,1.325753899890261e-07,0.2612563083016051,0.00012212800022127715,0.026153717190027237,0.0005757337785325944
natural_full_finetune_fp32_test,fp32,2,3461,mid_block.attentions.0.to_q.weight,0.15896608613165936,-9.036314798840373e-06,-0.011719423930569173,0.004850434071958992,5.870105191690488e-06,0.17498663941318074,0.00021102626457003538,0.026153717190027237,0.0005757337785325944
natural_full_finetune_fp32_test,fp32,2,3461,mid_block.attentions.0.to_q.bias,0.008729050144650438,8.310150992240967e-07,0.26955639979522705,0.0003531768910264292,8.329878763309714e-08,0.6470883814429715,1.474714974359589e-05,0.026153717190027237,0.0005757337785325944
natural_full_finetune_fp32_test,fp32,2,3461,mid_block.attentions.0.to_k.weight,0.1493495111410334,-2.1642076325135333e-05,-0.03107338534584615,0.004663441660459535,2.4771494206901303e-06,0.11334545745224636,0.0001463336747794229,0.026153717190027237,0.0005757337785325944
natural_full_finetune_fp32_test,fp32,2,3461,mid_block.attentions.0.to_k.bias,1.9738083925666852e-07,-1.2192873839603143e-17,-0.08883193197681823,6.953956687493055e-10,1.130296812120022e-19,0.03786145223691177,1.512482099721639e-11,0.026153717190027237,0.0005757337785325944
natural_full_finetune_fp32_test,fp32,2,3461,mid_block.attentions.0.to_v.weight,0.1328529186362116,-4.0046325292308005e-05,-0.010484080069481302,0.028751548629771174,1.4113592582549425e-05,0.1386236088539347,0.0007663537304564812,0.026153717190027237,0.0005757337785325944
natural_full_finetune_fp32_test,fp32,2,3461,mid_block.attentions.0.to_v.bias,0.004439381078682893,-3.5207037612748575e-06,-0.2517197170704822,0.0031505750006914513,1.1863476925698892e-07,0.33870795311394125,7.889766837453435e-05,0.026153717190027237,0.0005757337785325944
natural_full_finetune_fp32_test,fp32,2,3461,mid_block.attentions.0.to_out.0.weight,0.13353484577560687,5.190113409220298e-07,0.00011175599030516273,0.03477854647213543,1.0099629588750362e-05,0.07550693933923631,0.0010016683933614637,0.026153717190027237,0.0005757337785325944
natural_full_finetune_fp32_test,fp32,2,3461,mid_block.attentions.0.to_out.0.bias,0.004341702267176012,-3.2797648751696968e-06,-0.14914604806066695,0.0050649005438072455,2.12037318863576e-07,0.2929214282094631,0.00016672515228682435,0.026153717190027237,0.0005757337785325944
natural_full_finetune_fp32_test,fp32,2,3461,mid_block.resnets.0.norm1.weight,0.004767805022708884,-5.64945496947365e-07,-0.049593937332220596,0.0023892383420553525,9.924943657417188e-08,0.29097861204278447,7.153992742225085e-05,0.026153717190027237,0.0005757337785325944
natural_full_finetune_fp32_test,fp32,2,3461,mid_block.resnets.0.norm1.bias,0.004081093946270732,-3.220987257648564e-06,-0.2936266953582178,0.0026879233318721626,1.3049099611167093e-07,0.45911764075148553,6.964340140047122e-05,0.026153717190027237,0.0005757337785325944
natural_full_finetune_fp32_test,fp32,2,3461,mid_block.resnets.0.conv1.weight,0.4146981457243251,-0.00011728962407963668,-0.015184995627790113,0.018625709695871465,3.055396522431751e-05,0.1387750520809943,0.000530913889801671,0.026153717190027237,0.0005757337785325944
natural_full_finetune_fp32_test,fp32,2,3461,mid_block.resnets.0.conv1.bias,0.0046516124147486,-3.512462988870188e-07,-0.11467620408192347,0.0006584683833306564,2.4446255605584357e-08,0.25062557013653824,2.0969276652848466e-05,0.026153717190027237,0.0005757337785325944
natural_full_finetune_fp32_test,fp32,2,3461,mid_block.resnets.0.norm2.weight,0.0052341762484056885,-4.575648440731662e-06,-0.16890883153901823,0.005175495663961348,1.6660335597783772e-07,0.18194663431458807,0.00017494090813793207,0.026153717190027237,0.0005757337785325944
natural_full_finetune_fp32_test,fp32,2,3461,mid_block.resnets.0.norm2.bias,0.004688774309148013,-1.4253724935002151e-05,-0.31110076154524047,0.009771651520164557,4.6768427687466106e-07,0.3900937958557451,0.00025569627281832785,0.026153717190027237,0.0005757337785325944
natural_full_finetune_fp32_test,fp32,2,3461,mid_block.resnets.0.conv2.weight,0.4362671928247381,-0.00020330479487749758,-0.013595771151958671,0.034276085719457276,4.324413446632803e-05,0.10332025574986065,0.0009593767319848797,0.026153717190027237,0.0005757337785325944
natural_full_finetune_fp32_test,fp32,2,3461,mid_block.resnets.0.conv2.bias,0.004280662352586072,-2.9362167584362956e-06,-0.13051331618127351,0.0052556001359689766,1.9299882994371343e-07,0.26177052085469477,0.0001722356172520265,0.026153717190027237,0.0005757337785325944
natural_full_finetune_fp32_test,fp32,2,3461,mid_block.resnets.1.norm1.weight,0.005544040895857817,-2.0681629996094132e-07,-0.017394336026850008,0.0021446206497297035,1.0180985939492636e-07,0.3508774324888061,5.233689770083562e-05,0.026153717190027237,0.0005757337785325944
natural_full_finetune_fp32_test,fp32,2,3461,mid_block.resnets.1.norm1.bias,0.004848188454316508,-1.991269309485184e-06,-0.16820961885016616,0.0024417414771193443,1.5004146280699023e-07,0.49656586674757147,6.232394464521691e-05,0.026153717190027237,0.0005757337785325944
natural_full_finetune_fp32_test,fp32,2,3461,mid_block.resnets.1.conv1.weight,0.42436056801701955,-0.00015079815379940708,-0.02571586009213858,0.013818469624074287,1.955108962740906e-05,0.13773295364870083,0.0003345015108282917,0.026153717190027237,0.0005757337785325944
natural_full_finetune_fp32_test,fp32,2,3461,mid_block.resnets.1.conv1.bias,0.004820775759797964,-6.583860377998329e-07,-0.1786538740664969,0.0007644537995264027,4.7984575682609846e-08,0.45014561404220804,2.211218734268396e-05,0.026153717190027237,0.0005757337785325944
natural_full_finetune_fp32_test,fp32,2,3461,mid_block.resnets.1.norm2.weight,0.0057639159864679166,-2.9374390132436134e-06,-0.19543187017652647,0.002607689201540822,1.7992221263629635e-07,0.3545593735186126,8.803962214436412e-05,0.026153717190027237,0.0005757337785325944
natural_full_finetune_fp32_test,fp32,2,3461,mid_block.resnets.1.norm2.bias,0.004752055663455602,-1.1053964749827298e-05,-0.2790665160945841,0.00833544567810802,6.742046009164183e-07,0.608467751103653,0.0002331699756145958,0.026153717190027237,0.0005757337785325944
natural_full_finetune_fp32_test,fp32,2,3461,mid_block.resnets.1.conv2.weight,0.4373444990341489,-0.00012639288182028782,-0.012845826777066019,0.02249763603084783,2.2712142195062523e-05,0.08814254763203422,0.000589181133000297,0.026153717190027237,0.0005757337785325944
natural_full_finetune_fp32_test,fp32,2,3461,mid_block.resnets.1.conv2.bias,0.004577286778390907,-4.709656194494331e-06,-0.20110717852168528,0.005116270629696054,2.3104453039109973e-07,0.3094815625131461,0.0001630995594565557,0.026153717190027237,0.0005757337785325944
natural_full_finetune_fp32_test,fp32,2,3461,conv_norm_out.weight,0.004418241761214347,-9.673414646519664e-06,-0.3180071517698406,0.0068848334795257975,-4.369113381735908e-08,-0.027104121405799604,0.000364845089052312,0.026153717190027237,0.0005757337785325944
natural_full_finetune_fp32_test,fp32,2,3461,conv_norm_out.bias,0.0021650999338537823,-4.913709867972183e-06,-0.3328382374503412,0.006818649226896206,-5.9547113544590586e-08,-0.05101514178899251,0.000539117798320244,0.026153717190027237,0.0005757337785325944
natural_full_finetune_fp32_test,fp32,2,3461,conv_out.weight,0.018763584251489863,-0.001977792662484507,-0.2896882826115615,0.3638597615864965,-1.4419410410602141e-06,-0.011570866695162193,0.0066414944062471604,0.026153717190027237,0.0005757337785325944
natural_full_finetune_fp32_test,fp32,2,3461,conv_out.bias,8.94874898782942e-05,-8.836003384578989e-07,-0.8065439081380068,0.012242370872364502,1.0054127750421145e-07,0.7732449689004199,0.0014529978441558782,0.026153717190027237,0.0005757337785325944
natural_full_finetune_fp32_test,fp32,3,3462,conv_in.weight,0.0347982085342563,-5.681298883086316e-06,-0.06766062632250279,0.0024129856396898188,6.899482263415571e-06,0.12850511530618808,0.0015429050500554487,0.00036337084020487964,0.00011940166587010026
natural_full_finetune_fp32_test,fp32,3,3462,conv_in.bias,0.003989775913025095,-1.9790489991866158e-07,-0.12935743200847738,0.00038345698878741643,2.3306040728717807e-08,0.02901007661150994,0.00020135903502424804,0.00036337084020487964,0.00011940166587010026
natural_full_finetune_fp32_test,fp32,3,3462,up_blocks.0.resnets.0.norm1.weight,0.005658096318554126,-1.0889857098912011e-07,-0.1363491771162303,0.00014115599357560017,1.7366933998796682e-08,0.1667590941202822,1.8406164127387245e-05,0.00036337084020487964,0.00011940166587010026
natural_full_finetune_fp32_test,fp32,3,3462,up_blocks.0.resnets.0.norm1.bias,0.004859976627998715,-1.4696071332635622e-07,-0.2087714789532757,0.00014484246351566127,2.5562993771137237e-08,0.2272594702972657,2.3144912508223508e-05,0.00036337084020487964,0.00011940166587010026
natural_full_finetune_fp32_test,fp32,3,3462,up_blocks.0.resnets.0.conv1.weight,0.42367580787056386,-6.238256710172186e-06,-0.025055834337321864,0.0005876526612266332,2.910261042487736e-06,0.0506219155176051,0.00013569370629694556,0.00036337084020487964,0.00011940166587010026
natural_full_finetune_fp32_test,fp32,3,3462,up_blocks.0.resnets.0.conv1.bias,0.004935796925704768,-2.9423978117734177e-08,-0.14856663134272519,4.012571920291834e-05,8.325691283025483e-09,0.18869618257056042,8.93922576614159e-06,0.00036337084020487964,0.00011940166587010026
natural_full_finetune_fp32_test,fp32,3,3462,up_blocks.0.resnets.0.norm2.weight,0.005724468929285903,-7.691647265286836e-08,-0.13055669721093147,0.00010291649855633772,3.142493704710732e-08,0.2107590256212042,2.604671942076786e-05,0.00036337084020487964,0.00011940166587010026
natural_full_finetune_fp32_test,fp32,3,3462,up_blocks.0.resnets.0.norm2.bias,0.005016798049271812,-2.7742590993340516e-07,-0.22585540949995905,0.000244844246626832,1.2935875436553664e-07,0.3549757881861337,7.2639103223932e-05,0.00036337084020487964,0.00011940166587010026
natural_full_finetune_fp32_test,fp32,3,3462,up_blocks.0.resnets.0.conv2.weight,0.4353317408227901,-9.276889820703727e-06,-0.019052696975643744,0.0011184732580233057,9.785012954232409e-06,0.03137487343776187,0.0007164057927644009,0.00036337084020487964,0.00011940166587010026
natural_full_finetune_fp32_test,fp32,3,3462,up_blocks.0.resnets.0.conv2.bias,0.004603175530251528,-1.1384693575430632e-07,-0.08903155820053313,0.00027779206466038795,3.380119499472727e-08,0.038307887466843,0.00019168419951291936,0.00036337084020487964,0.00011940166587010026
natural_full_finetune_fp32_test,fp32,3,3462,up_blocks.0.resnets.1.norm1.weight,0.004930625446843017,-3.805405956241464e-08,-0.06745779965422735,0.00011441074395835766,1.2087123520779448e-08,0.08970027960923789,2.732921458705813e-05,0.00036337084020487964,0.00011940166587010026
natural_full_finetune_fp32_test,fp32,3,3462,up_blocks.0.resnets.1.norm1.bias,0.004358154391706332,-1.3468266193682368e-07,-0.1992194486798795,0.00015512341107022708,2.9368503858561516e-08,0.20635500519242853,3.265609146471519e-05,0.00036337084020487964,0.00011940166587010026
natural_full_finetune_fp32_test,fp32,3,3462,up_blocks.0.resnets.1.conv1.weight,0.41881731783078974,-8.976986168625295e-06,-0.038457908153567234,0.0005573400689077629,2.5817698431961283e-06,0.04810205791897768,0.00012815313523442256,0.00036337084020487964,0.00011940166587010026
natural_full_finetune_fp32_test,fp32,3,3462,up_blocks.0.resnets.1.conv1.bias,0.00445257567436745,-2.2465371004307797e-08,-0.11306329427794817,4.462524882164417e-05,5.983666921397277e-09,0.1316536056750513,1.0207592954915804e-05,0.00036337084020487964,0.00011940166587010026
natural_full_finetune_fp32_test,fp32,3,3462,up_blocks.0.resnets.1.norm2.weight,0.005507177679112575,-5.0861483252926844e-08,-0.0768015347620646,0.00012025137027913332,1.1243751943414508e-08,0.08512859546200711,2.3983176263908648e-05,0.00036337084020487964,0.00011940166587010026
natural_full_finetune_fp32_test,fp32,3,3462,up_blocks.0.resnets.1.norm2.bias,0.0045494870600307465,-2.711754810005676e-07,-0.21072274008870992,0.0002828632846350945,8.677209053523606e-08,0.24875671531226787,7.667306297459477e-05,0.00036337084020487964,0.00011940166587010026
natural_full_finetune_fp32_test,fp32,3,3462,up_blocks.0.resnets.1.conv2.weight,0.4386909176824125,-1.157164290720993e-05,-0.020735820634434812,0.0012720821319044202,1.0202615508433558e-05,0.0291747835050059,0.0007971595165822603,0.00036337084020487964,0.00011940166587010026
natural_full_finetune_fp32_test,fp32,3,3462,up_blocks.0.resnets.1.conv2.bias,0.004816236892925682,-1.1390906779456347e-07,-0.0864657688631359,0.0002735308090054921,2.8354599622611127e-08,0.0306799516160091,0.00019189382901625766,0.00036337084020487964,0.00011940166587010026
natural_full_finetune_fp32_test,fp32,3,3462,up_blocks.0.resnets.2.norm1.weight,0.005556045852844002,-1.0909957753721873e-07,-0.14093508389953238,0.0001393279121888583,3.655532665224146e-08,0.22539175801869715,2.919085507833965e-05,0.00036337084020487964,0.00011940166587010026
natural_full_finetune_fp32_test,fp32,3,3462,up_blocks.0.resnets.2.norm1.bias,0.004836428614101407,-1.362114565333151e-07,-0.18309636683377495,0.00015381869705516937,6.320468201128997e-08,0.3572764698143106,3.6578008304776356e-05,0.00036337084020487964,0.00011940166587010026
natural_full_finetune_fp32_test,fp32,3,3462,up_blocks.0.resnets.2.conv1.weight,0.4214821905551272,-1.0494951336317847e-05,-0.039142898020071884,0.00063613343750415,2.776339662915778e-06,0.045010816897594445,0.0001463445231800202,0.00036337084020487964,0.00011940166587010026
natural_full_finetune_fp32_test,fp32,3,3462,up_blocks.0.resnets.2.conv1.bias,0.004407709812971976,-3.9107094529131024e-08,-0.22117771702314798,4.0114481737478626e-05,6.330678224952001e-09,0.14664657062155953,9.794118043024472e-06,0.00036337084020487964,0.00011940166587010026
natural_full_finetune_fp32_test,fp32,3,3462,up_blocks.0.resnets.2.norm2.weight,0.004785999128750324,-1.506619646117718e-08,-0.017744157263894642,0.00017740899396688777,1.8119023735562626e-08,0.0993677721362718,3.809926748616482e-05,0.00036337084020487964,0.00011940166587010026
natural_full_finetune_fp32_test,fp32,3,3462,up_blocks.0.resnets.2.norm2.bias,0.0041552896514013,-1.4705437945240404e-07,-0.11738106914819066,0.0003014939485046727,4.405821501279275e-08,0.16299750212949898,6.504960242822785e-05,0.00036337084020487964,0.00011940166587010026
natural_full_finetune_fp32_test,fp32,3,3462,up_blocks.0.resnets.2.conv2.weight,0.4385080157610023,-1.0008809392756394e-05,-0.01690612993280787,0.001350083655773806,4.54305839131819e-06,0.01182782718164038,0.000875922761423368,0.00036337084020487964,0.00011940166587010026
natural_full_finetune_fp32_test,fp32,3,3462,up_blocks.0.resnets.2.conv2.bias,0.004459616048559098,-1.0479859544368133e-07,-0.0836266218400659,0.0002810046062375142,1.4381376770114609e-08,0.016814486854862656,0.00019178709307563388,0.00036337084020487964,0.00011940166587010026
natural_full_finetune_fp32_test,fp32,3,3462,up_blocks.0.upsamplers.0.conv.weight,0.444385865989061,-3.387649816048328e-05,-0.019088570566338385,0.0039936027746118995,2.0033755003465952e-05,0.017854976606532073,0.00252489216945945,0.00036337084020487964,0.00011940166587010026
natural_full_finetune_fp32_test,fp32,3,3462,up_blocks.0.upsamplers.0.conv.bias,0.00551269041887293,-3.3205987648852654e-08,-0.08207654178246035,7.338946949627946e-05,1.1718832672141527e-08,0.04686615238099746,4.535878876108259e-05,0.00036337084020487964,0.00011940166587010026
natural_full_finetune_fp32_test,fp32,3,3462,up_blocks.1.resnets.0.norm1.weight,0.006058654816390247,-7.616613977920597e-08,-0.10382780170431999,0.00012107990639785697,1.999308302032279e-08,0.1462649992589285,2.256124939086033e-05,0.00036337084020487964,0.00011940166587010026
natural_full_finetune_fp32_test,fp32,3,3462,up_blocks.1.resnets.0.norm1.bias,0.005577758722238405,-1.005762558330193e-07,-0.15593258077050107,0.0001156375477425968,1.6690142784819553e-08,0.13265373413814302,2.255697449141981e-05,0.00036337084020487964,0.00011940166587010026
natural_full_finetune_fp32_test,fp32,3,3462,up_blocks.1.resnets.0.conv1.weight,0.43391040001434433,-1.5361807002579353e-05,-0.050747846758778796,0.0006976291601058649,3.4567982567296097e-06,0.06169586656799054,0.00012912725123645646,0.00036337084020487964,0.00011940166587010026
natural_full_finetune_fp32_test,fp32,3,3462,up_blocks.1.resnets.0.conv1.bias,0.005797595384306528,-4.1941194242808275e-08,-0.19247270408947662,3.758579512067846e-05,7.956770728075765e-09,0.1666457108248461,8.235591590675093e-06,0.00036337084020487964,0.00011940166587010026
natural_full_finetune_fp32_test,fp32,3,3462,up_blocks.1.resnets.0.norm2.weight,0.006212601181144174,-1.0893426800463947e-07,-0.13965115951464396,0.0001255586098259799,3.448904204869397e-08,0.22269310978301438,2.49287715031302e-05,0.00036337084020487964,0.00011940166587010026
natural_full_finetune_fp32_test,fp32,3,3462,up_blocks.1.resnets.0.norm2.bias,0.0057232281947315975,-9.88887589520681e-08,-0.1377431050944436,0.0001254399855591606,3.4930288448172645e-08,0.22552146396383452,2.7062831130785522e-05,0.00036337084020487964,0.00011940166587010026
natural_full_finetune_fp32_test,fp32,3,3462,up_blocks.1.resnets.0.conv2.weight,0.445626379392865,-1.8546418050465523e-05,-0.04670706627912739,0.0008910592106107491,5.662237011383584e-06,0.029536498058346385,0.000430187859689052,0.00036337084020487964,0.00011940166587010026
natural_full_finetune_fp32_test,fp32,3,3462,up_blocks.1.resnets.0.conv2.bias,0.005737029428346053,-4.4742112316083785e-08,-0.1102180138704093,7.075820795471068e-05,1.2284272537580318e-08,0.04735954792595196,4.521211434800465e-05,0.00036337084020487964,0.00011940166587010026
natural_full_finetune_fp32_test,fp32,3,3462,up_blocks.1.resnets.1.norm1.weight,0.006283536497814621,-8.353881865549468e-08,-0.12106065075201942,0.00010981993526814686,1.765673891993522e-08,0.14354354437736006,1.957594281789997e-05,0.00036337084020487964,0.00011940166587010026
natural_full_finetune_fp32_test,fp32,3,3462,up_blocks.1.resnets.1.norm1.bias,0.0057796662937578515,-9.31634976519251e-08,-0.14596567527026566,0.00011043132431203453,1.985032243858888e-08,0.15609205069850118,2.2003107239841684e-05,0.00036337084020487964,0.00011940166587010026
natural_full_finetune_fp32_test,fp32,3,3462,up_blocks.1.resnets.1.conv1.weight,0.4421144037087455,-1.4638533550701453e-05,-0.04882895917021744,0.0006780870358765772,3.1043902589897676e-06,0.058205039280303225,0.00012063714796197686,0.00036337084020487964,0.00011940166587010026
natural_full_finetune_fp32_test,fp32,3,3462,up_blocks.1.resnets.1.conv1.bias,0.005959761994702572,-6.112367168412322e-08,-0.24571713598862047,4.1739291536678995e-05,7.622836115599618e-09,0.13270371776379472,9.638391803334246e-06,0.00036337084020487964,0.00011940166587010026
natural_full_finetune_fp32_test,fp32,3,3462,up_blocks.1.resnets.1.norm2.weight,0.006711438464293067,-1.3722620175600258e-07,-0.17216970468238363,0.00011875849785186483,2.074789413741381e-08,0.12085284435687887,2.5580058569725854e-05,0.00036337084020487964,0.00011940166587010026
natural_full_finetune_fp32_test,fp32,3,3462,up_blocks.1.resnets.1.norm2.bias,0.006079854666225685,-1.2430126653827912e-07,-0.181422009914312,0.00011269181712079005,1.8743000085440608e-08,0.1263440552310157,2.440007138942229e-05,0.00036337084020487964,0.00011940166587010026
natural_full_finetune_fp32_test,fp32,3,3462,up_blocks.1.resnets.1.conv2.weight,0.4511435986467115,-1.7963597717255435e-05,-0.0392844876034702,0.0010135785902039163,4.91964112958494e-06,0.018651192075275175,0.00058467164146413,0.00036337084020487964,0.00011940166587010026
natural_full_finetune_fp32_test,fp32,3,3462,up_blocks.1.resnets.1.conv2.bias,0.006043726654325994,-4.1649219270574377e-08,-0.10273655849454667,6.707752618753726e-05,1.1897465035575996e-08,0.043680445701005495,4.506740606581637e-05,0.00036337084020487964,0.00011940166587010026
natural_full_finetune_fp32_test,fp32,3,3462,up_blocks.1.resnets.2.norm1.weight,0.006602786709481247,-1.6101695786372296e-07,-0.1586586546335837,0.0001537023761145893,6.487157719182414e-09,0.03971650020730253,2.4737523322035074e-05,0.00036337084020487964,0.00011940166587010026
natural_full_finetune_fp32_test,fp32,3,3462,up_blocks.1.resnets.2.norm1.bias,0.00587356726434017,-1.487398943265179e-07,-0.16835032747960244,0.00015042206846604107,9.213552895019768e-09,0.0667729181319035,2.3492261716225157e-05,0.00036337084020487964,0.00011940166587010026
natural_full_finetune_fp32_test,fp32,3,3462,up_blocks.1.resnets.2.conv1.weight,0.4455448339307501,-1.719116428158129e-05,-0.046897467335681224,0.0008227435542801468,4.764825885384244e-06,0.07885351553659979,0.00013562337970844586,0.00036337084020487964,0.00011940166587010026
natural_full_finetune_fp32_test,fp32,3,3462,up_blocks.1.resnets.2.conv1.bias,0.005811084538026654,-4.673730850179751e-08,-0.15922982766223637,5.051054798682606e-05,9.338080746024687e-09,0.16012730601326916,1.0035408010504429e-05,0.00036337084020487964,0.00011940166587010026
natural_full_finetune_fp32_test,fp32,3,3462,up_blocks.1.resnets.2.norm2.weight,0.0063226523616775505,-1.6906947369181343e-07,-0.15001866319276166,0.0001782463337614822,1.9471228872928435e-08,0.10748464701357932,2.86515171422112e-05,0.00036337084020487964,0.00011940166587010026
natural_full_finetune_fp32_test,fp32,3,3462,up_blocks.1.resnets.2.norm2.bias,0.005816604175156406,-1.3337488159716385e-07,-0.16693322951201528,0.00013736046135034034,2.0478428120018584e-08,0.14966362732204622,2.3523982117498955e-05,0.00036337084020487964,0.00011940166587010026
natural_full_finetune_fp32_test,fp32,3,3462,up_blocks.1.resnets.2.conv2.weight,0.4511781712181611,-1.1960074575469309e-05,-0.026430197458647546,0.0010029641280442096,5.749915189591097e-06,0.019338634294088507,0.0006590032534803177,0.00036337084020487964,0.00011940166587010026
natural_full_finetune_fp32_test,fp32,3,3462,up_blocks.1.resnets.2.conv2.bias,0.006108233695155662,-2.6299246442895286e-08,-0.0664940214254717,6.475078849419733e-05,5.776779526834108e-09,0.020984127687022274,4.5069135554475764e-05,0.00036337084020487964,0.00011940166587010026
natural_full_finetune_fp32_test,fp32,3,3462,up_blocks.1.upsamplers.0.conv.weight,0.46815915590951684,-6.13847818662356e-05,-0.03785475238841547,0.0034637519693627703,1.6021374909606345e-05,0.0137622401995937,0.002486664121988509,0.00036337084020487964,0.00011940166587010026
natural_full_finetune_fp32_test,fp32,3,3462,up_blocks.1.upsamplers.0.conv.bias,0.006631931384145934,-1.0784522454333627e-08,-0.08805281063965235,1.8467906691120602e-05,3.2645995617302834e-09,0.04121258600522773,1.1944281420254367e-05,0.00036337084020487964,0.00011940166587010026
natural_full_finetune_fp32_test,fp32,3,3462,up_blocks.2.resnets.0.norm1.weight,0.007287385802547254,-2.2563452961474857e-07,-0.21662136075730476,0.0001429330036172333,3.019354716835485e-08,0.07956954760153057,5.207094822251698e-05,0.00036337084020487964,0.00011940166587010026
natural_full_finetune_fp32_test,fp32,3,3462,up_blocks.2.resnets.0.norm1.bias,0.006780328136875469,-1.9190015752261086e-07,-0.21815753965045348,0.00012973417425652637,5.226756282074991e-09,0.02108588013397528,3.655862088210934e-05,0.00036337084020487964,0.00011940166587010026
natural_full_finetune_fp32_test,fp32,3,3462,up_blocks.2.resnets.0.conv1.weight,0.34002230324195976,-1.8338594690395946e-05,-0.06430183041576154,0.000838755365759016,1.4191605951040495e-06,0.017339497519084823,0.0002407063963914332,0.00036337084020487964,0.00011940166587010026
natural_full_finetune_fp32_test,fp32,3,3462,up_blocks.2.resnets.0.conv1.bias,0.005069500202484579,-2.26506251491489e-08,-0.14000884006265332,3.191240908441295e-05,2.009118929103351e-09,0.04028504128622958,9.83777051573417e-06,0.00036337084020487964,0.00011940166587010026
natural_full_finetune_fp32_test,fp32,3,3462,up_blocks.2.resnets.0.norm2.weight,0.005267444290635934,-6.886122145145155e-08,-0.1142065458027389,0.00011446791552733495,-1.480654398990593e-08,-0.05185737073305482,5.420548775542178e-05,0.00036337084020487964,0.00011940166587010026
natural_full_finetune_fp32_test,fp32,3,3462,up_blocks.2.resnets.0.norm2.bias,0.004983025829207006,-3.6240038248611824e-08,-0.07249935810045535,0.00010031395368628461,4.240853606107056e-09,0.028434433768846495,2.9930609325875495e-05,0.00036337084020487964,0.00011940166587010026
natural_full_finetune_fp32_test,fp32,3,3462,up_blocks.2.resnets.0.conv2.weight,0.26039552114616676,-2.093824218998052e-05,-0.10505587760578754,0.0007653962918309729,2.7180149093447283e-06,0.022542623178417556,0.0004630350569383831,0.00036337084020487964,0.00011940166587010026
natural_full_finetune_fp32_test,fp32,3,3462,up_blocks.2.resnets.0.conv2.bias,0.005307521312255409,-2.789944256689333e-08,-0.158499422328036,3.316470172107899e-05,4.0786598560055e-09,0.03265551332224457,2.3532562819151996e-05,0.00036337084020487964,0.00011940166587010026
natural_full_finetune_fp32_test,fp32,3,3462,up_blocks.2.resnets.0.conv_shortcut.weight,0.11419741821414013,-4.762321876908005e-05,-0.05336573204751045,0.007814478282386985,1.0459897352796508e-05,0.01479606400659663,0.006190488709154377,0.00036337084020487964,0.00011940166587010026
natural_full_finetune_fp32_test,fp32,3,3462,up_blocks.2.resnets.0.conv_shortcut.bias,0.005307502142459022,-2.7900035694772184e-08,-0.15850336442985136,3.316470172107899e-05,4.07881799801972e-09,0.032656897426289966,2.3532562819151996e-05,0.00036337084020487964,0.00011940166587010026
natural_full_finetune_fp32_test,fp32,3,3462,up_blocks.2.resnets.1.norm1.weight,0.006056443438164904,2.0422554289308782e-08,0.04235118022961507,7.962086215950542e-05,1.1201866290271005e-09,0.010958849786910389,1.6877485545599852e-05,0.00036337084020487964,0.00011940166587010026
natural_full_finetune_fp32_test,fp32,3,3462,up_blocks.2.resnets.1.norm1.bias,0.006220045495660572,7.897358021784532e-09,0.016731415741369028,7.588493648540495e-05,-2.907116480858211e-09,-0.03200928652288101,1.4601345517091176e-05,0.00036337084020487964,0.00011940166587010026
natural_full_finetune_fp32_test,fp32,3,3462,up_blocks.2.resnets.1.conv1.weight,0.25289873310325683,-2.562556656642653e-05,-0.11574261619422355,0.0008754543957121186,1.74408366132831e-06,0.037736490126332005,0.00018275074493363734,0.00036337084020487964,0.00011940166587010026
natural_full_finetune_fp32_test,fp32,3,3462,up_blocks.2.resnets.1.conv1.bias,0.00609763944751564,-9.486247524028961e-08,-0.27899069437969565,5.576259724968529e-05,4.193054293724853e-09,0.06418819405208073,1.0713061251554988e-05,0.00036337084020487964,0.00011940166587010026
natural_full_finetune_fp32_test,fp32,3,3462,up_blocks.2.resnets.1.norm2.weight,0.006192525359570869,-1.4219149087907084e-07,-0.3287405952496825,6.984775901702544e-05,-3.882254903987637e-09,-0.03886910549664993,1.6129158407041954e-05,0.00036337084020487964,0.00011940166587010026
natural_full_finetune_fp32_test,fp32,3,3462,up_blocks.2.resnets.1.norm2.bias,0.006060552142475533,-9.964507268689701e-08,-0.2734619864639718,6.012383468117072e-05,8.465343851955258e-09,0.09366501794963943,1.4912655682093285e-05,0.00036337084020487964,0.00011940166587010026
natural_full_finetune_fp32_test,fp32,3,3462,up_blocks.2.resnets.1.conv2.weight,0.27110507307123255,-2.7376696599112564e-05,-0.11183892228706846,0.0009029223954569618,1.8651581029786202e-06,0.01372121940680133,0.0005014011180321615,0.00036337084020487964,0.00011940166587010026
natural_full_finetune_fp32_test,fp32,3,3462,up_blocks.2.resnets.1.conv2.bias,0.005401900783096942,-2.2914815945139805e-08,-0.13813638896879044,3.070871693045315e-05,2.5607486387044553e-09,0.0201220331623568,2.355854621606025e-05,0.00036337084020487964,0.00011940166587010026
natural_full_finetune_fp32_test,fp32,3,3462,up_blocks.2.resnets.2.norm1.weight,0.005561308031179485,-1.2483705939241398e-07,-0.2177947047025004,0.00010306691170880691,5.0791488803920656e-09,0.024593704251893795,3.713556589417903e-05,0.00036337084020487964,0.00011940166587010026
natural_full_finetune_fp32_test,fp32,3,3462,up_blocks.2.resnets.2.norm1.bias,0.005226138271031933,-1.535475372113181e-07,-0.28515557682687026,0.00010303388830300429,-1.0054893679849745e-08,-0.06747112840876675,2.8515343879970175e-05,0.00036337084020487964,0.00011940166587010026
natural_full_finetune_fp32_test,fp32,3,3462,up_blocks.2.resnets.2.conv1.weight,0.25985779674631543,-3.1959888078201035e-05,-0.14038065712848452,0.0008761172410196999,3.932936947930519e-06,0.054073031686429386,0.00027989846221604744,0.00036337084020487964,0.00011940166587010026
natural_full_finetune_fp32_test,fp32,3,3462,up_blocks.2.resnets.2.conv1.bias,0.0054945540121808505,-9.518088065556133e-08,-0.27620567873272084,6.271691224814435e-05,3.206062287475252e-09,0.04253431557583511,1.3718292536402386e-05,0.00036337084020487964,0.00011940166587010026
natural_full_finetune_fp32_test,fp32,3,3462,up_blocks.2.resnets.2.norm2.weight,0.006214950177693926,-1.1510203330742471e-07,-0.14708839353172654,0.00012591194696654008,4.625099386475551e-08,0.037084818687522496,0.00020067222129644899,0.00036337084020487964,0.00011940166587010026
natural_full_finetune_fp32_test,fp32,3,3462,up_blocks.2.resnets.2.norm2.bias,0.005474360064292507,-1.221947106967151e-07,-0.30236698188684275,7.3821809062065e-05,1.7593605761771565e-08,0.11552330442885461,2.7819664891624372e-05,0.00036337084020487964,0.00011940166587010026
natural_full_finetune_fp32_test,fp32,3,3462,up_blocks.2.resnets.2.conv2.weight,0.2750828024151093,-1.315166221794388e-05,-0.06260157593676328,0.0007637160887146324,4.337098959771204e-06,0.03172185774350941,0.0004970239062700165,0.00036337084020487964,0.00011940166587010026
natural_full_finetune_fp32_test,fp32,3,3462,up_blocks.2.resnets.2.conv2.bias,0.005240685455324985,6.107895468594223e-10,0.004216646304697557,2.763989112669485e-05,4.2482721768203744e-09,0.03420216011391764,2.3701220091336776e-05,0.00036337084020487964,0.00011940166587010026
natural_full_finetune_fp32_test,fp32,3,3462,up_blocks.2.upsamplers.0.conv.weight,0.2768864943981565,-6.822543665772416e-05,-0.0636742520980244,0.0038697303048317844,1.0638088252439187e-05,0.013147619655611169,0.0029222319451488532,0.00036337084020487964,0.00011940166587010026
natural_full_finetune_fp32_test,fp32,3,3462,up_blocks.2.upsamplers.0.conv.bias,0.005956601008453138,-2.3217567894479244e-09,-0.02818337214278971,1.3830098023866086e-05,3.4585273353441707e-09,0.06926024487732163,8.383177836984748e-06,0.00036337084020487964,0.00011940166587010026
natural_full_finetune_fp32_test,fp32,3,3462,up_blocks.3.resnets.0.norm1.weight,0.0061180281416952755,3.35020204386962e-08,0.04282837348488188,0.00012785801203359575,2.3937031626357642e-08,0.08332937394053787,4.695271438308363e-05,0.00036337084020487964,0.00011940166587010026
natural_full_finetune_fp32_test,fp32,3,3462,up_blocks.3.resnets.0.norm1.bias,0.005309555300527585,1.1338811556440572e-07,0.1349242568812343,0.0001582775628550878,3.4187296165446236e-08,0.11447947312426386,5.6244360585096537e-05,0.00036337084020487964,0.00011940166587010026
natural_full_finetune_fp32_test,fp32,3,3462,up_blocks.3.resnets.0.conv1.weight,0.18838975337644334,-9.597876851487605e-06,-0.05520257041951063,0.0009229083924929265,2.246309284173922e-06,0.049036232635007705,0.0002431617038053433,0.00036337084020487964,0.00011940166587010026
natural_full_finetune_fp32_test,fp32,3,3462,up_blocks.3.resnets.0.conv1.bias,0.004052819622752175,3.223572437019341e-08,0.15177677992249408,5.240525322468249e-05,1.1390308675306424e-09,0.01607820698927883,1.7479966779018437e-05,0.00036337084020487964,0.00011940166587010026
natural_full_finetune_fp32_test,fp32,3,3462,up_blocks.3.resnets.0.norm2.weight,0.0044132563805695905,-2.7386485338867326e-08,-0.0664409972727956,9.33987362721871e-05,1.18965979178037e-08,0.04890810682190171,5.511664497961304e-05,0.00036337084020487964,0.00011940166587010026
natural_full_finetune_fp32_test,fp32,3,3462,up_blocks.3.resnets.0.norm2.bias,0.004035514675152629,2.4134726956424903e-09,0.006880226890505748,8.692419925069195e-05,-9.730961809741518e-10,-0.005871479465968961,4.106854254952422e-05,0.00036337084020487964,0.00011940166587010026
natural_full_finetune_fp32_test,fp32,3,3462,up_blocks.3.resnets.0.conv2.weight,0.14495629795368975,-4.955878453883285e-06,-0.06660609705517852,0.000513297999427225,2.1321283882127962e-06,0.07663514837482706,0.0001919323854565226,0.00036337084020487964,0.00011940166587010026
natural_full_finetune_fp32_test,fp32,3,3462,up_blocks.3.resnets.0.conv2.bias,0.003808880142488006,-2.509404693878697e-09,-0.02834465636455128,2.3243536323242816e-05,3.1438346770504423e-09,0.07986579701084,1.0334787790023799e-05,0.00036337084020487964,0.00011940166587010026
natural_full_finetune_fp32_test,fp32,3,3462,up_blocks.3.resnets.0.conv_shortcut.weight,0.06082055004714385,-2.5900544508930803e-05,-0.059686838440184485,0.007134769967971997,9.290648642285772e-06,0.0409852595694473,0.0037270738885339574,0.00036337084020487964,0.00011940166587010026
natural_full_finetune_fp32_test,fp32,3,3462,up_blocks.3.resnets.0.conv_shortcut.bias,0.0038089197964928136,-2.510421197694425e-09,-0.028355842941165985,2.3243536323242816e-05,3.143495442736299e-09,0.07985634774238062,1.0334787790023799e-05,0.00036337084020487964,0.00011940166587010026
natural_full_finetune_fp32_test,fp32,3,3462,up_blocks.3.resnets.1.norm1.weight,0.00441025672943498,-3.74742115151898e-08,-0.08495387833431112,0.0001000196711368569,1.1486498393675908e-08,0.04626256472246726,5.6298144210786e-05,0.00036337084020487964,0.00011940166587010026
natural_full_finetune_fp32_test,fp32,3,3462,up_blocks.3.resnets.1.norm1.bias,0.0042165168265807604,-8.089202821243589e-08,-0.06666351101567561,0.0002877820511311378,9.896767761308823e-08,0.23520318171021137,9.979214299994118e-05,0.00036337084020487964,0.00011940166587010026
natural_full_finetune_fp32_test,fp32,3,3462,up_blocks.3.resnets.1.conv1.weight,0.13151933485554865,-1.3569581663287533e-05,-0.10410803784609454,0.0009910432180956288,2.2341250459068344e-06,0.05057348047047565,0.00033588841936210164,0.00036337084020487964,0.00011940166587010026
natural_full_finetune_fp32_test,fp32,3,3462,up_blocks.3.resnets.1.conv1.bias,0.004400935047978456,-1.2725195423867596e-07,-0.15129962063629904,0.00019110922994050188,4.167241842976241e-08,0.1910748197339857,4.955646137847674e-05,0.00036337084020487964,0.00011940166587010026
natural_full_finetune_fp32_test,fp32,3,3462,up_blocks.3.resnets.1.norm2.weight,0.005288260304390694,-5.7073101254932135e-08,-0.16536416076266425,6.526453627622649e-05,-7.178261037464711e-09,-0.045118701316340305,3.0084987303408857e-05,0.00036337084020487964,0.00011940166587010026
natural_full_finetune_fp32_test,fp32,3,3462,up_blocks.3.resnets.1.norm2.bias,0.004643204841518457,-2.3296630359580066e-08,-0.10019351838335067,5.007669264365662e-05,3.6356656613864492e-09,0.03101085801514645,2.5249472656816184e-05,0.00036337084020487964,0.00011940166587010026
natural_full_finetune_fp32_test,fp32,3,3462,up_blocks.3.resnets.1.conv2.weight,0.1321435685848616,-6.365059115473907e-06,-0.06727222662651317,0.0007160125064040751,1.9237600222222595e-06,0.06192557145636279,0.00023509037107616052,0.00036337084020487964,0.00011940166587010026
natural_full_finetune_fp32_test,fp32,3,3462,up_blocks.3.resnets.1.conv2.bias,0.0032616493679668785,2.6882915542932495e-09,0.03893869065048659,2.1166924066707437e-05,3.060963920894314e-09,0.08698612331252527,1.0788745849709794e-05,0.00036337084020487964,0.00011940166587010026
natural_full_finetune_fp32_test,fp32,3,3462,up_blocks.3.resnets.2.norm1.weight,0.003089198145560334,-1.7598705251114937e-07,-0.153909486982653,0.0003701430179173824,-1.193222884567797e-08,-0.034752499865262854,0.0001111449559927841,0.00036337084020487964,0.00011940166587010026
natural_full_finetune_fp32_test,fp32,3,3462,up_blocks.3.resnets.2.norm1.bias,0.0038479532350796718,-2.2634678778618142e-07,-0.058314937283082756,0.0010087063094421085,-1.652784201538862e-07,-0.15038827998121782,0.0002856093200602459,0.00036337084020487964,0.00011940166587010026
natural_full_finetune_fp32_test,fp32,3,3462,up_blocks.3.resnets.2.conv1.weight,0.1364719143901808,-1.408858675991295e-05,-0.05867697940648912,0.0017593668228958832,1.455899365580838e-06,0.020257797743260694,0.0005266181732788441,0.00036337084020487964,0.00011940166587010026
natural_full_finetune_fp32_test,fp32,3,3462,up_blocks.3.resnets.2.conv1.bias,0.004605400004263201,-7.40469069848979e-08,-0.04662531014356123,0.0003448401549785122,-1.4998260903015886e-08,-0.034940203427414225,9.320691159765964e-05,0.00036337084020487964,0.00011940166587010026
natural_full_finetune_fp32_test,fp32,3,3462,up_blocks.3.resnets.2.norm2.weight,0.005623613066867321,-7.740772577860344e-08,-0.08415592326511175,0.00016356266867295781,-3.098817245439081e-08,-0.1425736021238903,3.864928025118368e-05,0.00036337084020487964,0.00011940166587010026
natural_full_finetune_fp32_test,fp32,3,3462,up_blocks.3.resnets.2.norm2.bias,0.004146246917498919,-3.245442466773186e-08,-0.06041144664284301,0.0001295685257373289,-3.8635510355974065e-08,-0.18765682444319245,4.9655473657000196e-05,0.00036337084020487964,0.00011940166587010026
natural_full_finetune_fp32_test,fp32,3,3462,up_blocks.3.resnets.2.conv2.weight,0.1326079054970963,-1.8884264454977192e-06,-0.04715113250728375,0.0003020219656278261,1.0588663371604993e-06,0.04166102487924916,0.00019166454238344306,0.00036337084020487964,0.00011940166587010026
natural_full_finetune_fp32_test,fp32,3,3462,up_blocks.3.resnets.2.conv2.bias,0.0016795797807513811,-5.223337414499635e-09,-0.3008197839399154,1.0338107604972806e-05,1.0687289524704683e-10,0.005384989616181148,1.181631518768675e-05,0.00036337084020487964,0.00011940166587010026
natural_full_finetune_fp32_test,fp32,3,3462,mid_block.attentions.0.group_norm.weight,0.00577949908909458,-9.208099238416778e-08,-0.13252721307532697,0.00012021944710445091,1.299325962438318e-08,0.07032414940891718,3.196858609973986e-05,0.00036337084020487964,0.00011940166587010026
natural_full_finetune_fp32_test,fp32,3,3462,mid_block.attentions.0.group_norm.bias,0.0041550942733552445,-2.9047796019974223e-07,-0.34829057623341036,0.0002007199687093688,5.399102057266986e-08,0.27731059374758815,4.6856969224648056e-05,0.00036337084020487964,0.00011940166587010026
natural_full_finetune_fp32_test,fp32,3,3462,mid_block.attentions.0.to_q.weight,0.15896608613165936,-1.2244466963302256e-07,-0.006093052356598347,0.00012641554814521992,-4.6394439798038793e-07,-0.1015089904954992,2.8751264144477565e-05,0.00036337084020487964,0.00011940166587010026
natural_full_finetune_fp32_test,fp32,3,3462,mid_block.attentions.0.to_q.bias,0.008729050144650438,1.8595240769710995e-08,0.2583132809845516,8.246849745108972e-06,-1.315116360230105e-08,-0.6567197995560138,2.2941250234014966e-06,0.00036337084020487964,0.00011940166587010026
natural_full_finetune_fp32_test,fp32,3,3462,mid_block.attentions.0.to_k.weight,0.1493495111410334,-1.048063732417653e-06,-0.06306904757960577,0.0001112673166729368,-2.819180675352243e-09,-0.0009716215383420865,1.9427726054589842e-05,0.00036337084020487964,0.00011940166587010026
natural_full_finetune_fp32_test,fp32,3,3462,mid_block.attentions.0.to_k.bias,1.9738083925666852e-07,-1.0832343711688174e-20,-0.004642849525355654,1.1820417933076841e-11,3.828589955565203e-20,0.03493012135851405,5.5530779504515276e-12,0.00036337084020487964,0.00011940166587010026
natural_full_finetune_fp32_test,fp32,3,3462,mid_block.attentions.0.to_v.weight,0.1328529186362116,-7.689291379959405e-06,-0.054163273783780455,0.0010685880475464614,2.5833702917842056e-06,0.05621034106117103,0.0003459388526729282,0.00036337084020487964,0.00011940166587010026
natural_full_finetune_fp32_test,fp32,3,3462,mid_block.attentions.0.to_v.bias,0.004439381078682893,-9.678895275878387e-08,-0.17918852597875706,0.00012167270611336316,2.0650946487509796e-08,0.1247158610721829,3.7298884633305826e-05,0.00036337084020487964,0.00011940166587010026
natural_full_finetune_fp32_test,fp32,3,3462,mid_block.attentions.0.to_out.0.weight,0.13353484577560687,-4.56966941887808e-06,-0.024455696177776737,0.0013992977755992344,5.069719210637287e-06,0.03637807410108576,0.0010436373032469812,0.00036337084020487964,0.00011940166587010026
natural_full_finetune_fp32_test,fp32,3,3462,mid_block.attentions.0.to_out.0.bias,0.004341702267176012,-7.012147427079677e-08,-0.054300536590264493,0.0002974314434555334,2.6109014180780773e-08,0.03112148526250232,0.00019322802743738324,0.00036337084020487964,0.00011940166587010026
natural_full_finetune_fp32_test,fp32,3,3462,mid_block.resnets.0.norm1.weight,0.004767805022708884,-9.942263117151487e-08,-0.17447044744299367,0.00011952118509639758,2.1371090313372725e-08,0.15494331724576615,2.892912800174199e-05,0.00036337084020487964,0.00011940166587010026
natural_full_finetune_fp32_test,fp32,3,3462,mid_block.resnets.0.norm1.bias,0.004081093946270732,-1.382166021591426e-07,-0.24520398752451014,0.00013811984795045846,1.7169673531642263e-08,0.1296203926406445,3.245727928491255e-05,0.00036337084020487964,0.00011940166587010026
natural_full_finetune_fp32_test,fp32,3,3462,mid_block.resnets.0.conv1.weight,0.4146981457243251,-1.545237701537835e-05,-0.048221504291471866,0.0007727205248058341,5.035626565813058e-06,0.06687421654210142,0.00018157778560035838,0.00036337084020487964,0.00011940166587010026
natural_full_finetune_fp32_test,fp32,3,3462,mid_block.resnets.0.conv1.bias,0.0046516124147486,-2.2311040211131293e-08,-0.1514567967508686,3.166850272362823e-05,5.1794755812422575e-09,0.14642636536108267,7.604365566750459e-06,0.00036337084020487964,0.00011940166587010026
natural_full_finetune_fp32_test,fp32,3,3462,mid_block.resnets.0.norm2.weight,0.0052341762484056885,-7.788876617134845e-08,-0.047715242965271666,0.0003118669423363283,7.008982088656551e-08,0.16889132530707401,7.928650314057226e-05,0.00036337084020487964,0.00011940166587010026
natural_full_finetune_fp32_test,fp32,3,3462,mid_block.resnets.0.norm2.bias,0.004688774309148013,-6.149555874818423e-07,-0.26775874465495864,0.0004898247887422665,1.4269328376127019e-07,0.23694262761173746,0.00012844020890543376,0.00036337084020487964,0.00011940166587010026
natural_full_finetune_fp32_test,fp32,3,3462,mid_block.resnets.0.conv2.weight,0.4362671928247381,-1.5004272192088646e-05,-0.021547272929940967,0.001596136635764661,1.0209098971788332e-05,0.024529362831579058,0.0009540004761671432,0.00036337084020487964,0.00011940166587010026
natural_full_finetune_fp32_test,fp32,3,3462,mid_block.resnets.0.conv2.bias,0.004280662352586072,-1.0906048705807775e-07,-0.08203350060585378,0.0003105740855538094,2.423861831469412e-08,0.028820520308747516,0.00019646946823446884,0.00036337084020487964,0.00011940166587010026
natural_full_finetune_fp32_test,fp32,3,3462,mid_block.resnets.1.norm1.weight,0.005544040895857817,-9.69663462892504e-09,-0.017134217456698138,0.00010207757213498596,1.807488143180829e-08,0.1343072373262142,2.4274462150946064e-05,0.00036337084020487964,0.00011940166587010026
natural_full_finetune_fp32_test,fp32,3,3462,mid_block.resnets.1.norm1.bias,0.004848188454316508,-5.145022555271836e-08,-0.10031667846737283,0.00010578757115431308,3.1249334029475295e-08,0.26319586583205135,2.4489629231854804e-05,0.00036337084020487964,0.00011940166587010026
natural_full_finetune_fp32_test,fp32,3,3462,mid_block.resnets.1.conv1.weight,0.42436056801701955,-4.637201479991235e-06,-0.018962478662145024,0.0005762697709575308,3.5399338657096257e-06,0.05830416073813102,0.00014307395355185208,0.00036337084020487964,0.00011940166587010026
natural_full_finetune_fp32_test,fp32,3,3462,mid_block.resnets.1.conv1.bias,0.004820775759797964,-1.4306045482728722e-08,-0.10133710296118643,2.9284255436836213e-05,7.035968629616449e-09,0.20198820442001733,7.2257171199519855e-06,0.00036337084020487964,0.00011940166587010026
natural_full_finetune_fp32_test,fp32,3,3462,mid_block.resnets.1.norm2.weight,0.0057639159864679166,-9.902122073281238e-09,-0.015135727679641008,0.00011350299689548589,1.873444448505137e-08,0.11944472201644186,2.721173380178291e-05,0.00036337084020487964,0.00011940166587010026
natural_full_finetune_fp32_test,fp32,3,3462,mid_block.resnets.1.norm2.bias,0.004752055663455602,-3.376439854615673e-07,-0.2027708647028602,0.00035040633211442433,1.261486545823607e-07,0.2555294712079185,0.00010388673747322462,0.00036337084020487964,0.00011940166587010026
natural_full_finetune_fp32_test,fp32,3,3462,mid_block.resnets.1.conv2.weight,0.4373444990341489,-1.444839725179761e-05,-0.028563075628555264,0.0011566209002162487,1.5988496703863353e-05,0.05145744195460693,0.0007104536840310121,0.00036337084020487964,0.00011940166587010026
natural_full_finetune_fp32_test,fp32,3,3462,mid_block.resnets.1.conv2.bias,0.004577286778390907,-1.0610626534348517e-07,-0.08256700204626767,0.0002807542827847034,3.9811382497114155e-08,0.04524338094100664,0.00019224014481971182,0.00036337084020487964,0.00011940166587010026
natural_full_finetune_fp32_test,fp32,3,3462,conv_norm_out.weight,0.004418241761214347,-1.6133089632521396e-07,-0.0641861816502534,0.0005688876811344488,4.070666184900423e-08,0.015468805085633518,0.0005956062495426681,0.00036337084020487964,0.00011940166587010026
natural_full_finetune_fp32_test,fp32,3,3462,conv_norm_out.bias,0.0021650999338537823,-2.2182189871284568e-07,-0.14954853655332687,0.0006850847561746754,1.1057721920958335e-07,0.03487317346057466,0.00146452317135188,0.00036337084020487964,0.00011940166587010026
natural_full_finetune_fp32_test,fp32,3,3462,conv_out.weight,0.018763584251489863,-7.5152268694395555e-06,-0.03651091766780913,0.010969922143611492,-5.824163082641108e-07,-0.0035193681328505996,0.008819684064479387,0.00036337084020487964,0.00011940166587010026
natural_full_finetune_fp32_test,fp32,3,3462,conv_out.bias,8.94874898782942e-05,8.054230145280723e-09,0.6690604359195645,0.00013452294293025705,1.74999678556869e-08,0.06982744110719678,0.002800585251957896,0.00036337084020487964,0.00011940166587010026
